date,symbol,open,high,low,close,volume,turnover
2011-01-02,ALICL,253,255,244,252,1600,0
2011-01-04,ALICL,260,260,249,260,1060,0
2011-01-05,ALICL,260,256,250,251,570,0
2011-01-06,ALICL,251,260,245,260,1030,0
2011-01-09,ALICL,260,257,257,257,230,0
2011-01-10,ALICL,257,257,251,255,700,0
2011-01-11,ALICL,255,254,250,253,1210,0
2011-01-12,ALICL,253,259,250,259,360,0
2011-01-13,ALICL,259,257,255,256,830,0
2011-01-16,ALICL,256,256,249,250,1430,0
2011-01-17,ALICL,250,255,250,253,1850,0
2011-01-18,ALICL,253,255,249,255,560,0
2011-01-19,ALICL,255,255,252,252,360,0
2011-01-20,ALICL,252,260,250,260,580,0
2011-01-23,ALICL,260,255,250,250,130,0
2011-01-24,ALICL,250,255,255,255,70,0
2011-01-31,ALICL,255,260,260,260,20,0
2011-02-01,ALICL,260,263,260,260,1240,0
2011-02-02,ALICL,260,265,256,265,270,0
2011-02-03,ALICL,265,267,267,267,300,0
2011-02-06,ALICL,267,279,271,279,330,0
2011-02-08,ALICL,279,280,280,280,80,0
2011-02-09,ALICL,280,275,254,259,740,0
2011-02-10,ALICL,259,256,254,256,390,0
2011-02-13,ALICL,256,251,250,250,330,0
2011-02-14,ALICL,250,255,245,250,1830,0
2011-02-15,ALICL,250,264,248,264,410,0
2011-02-16,ALICL,264,266,264,266,80,0
2011-02-20,ALICL,266,265,245,245,680,0
2011-02-21,ALICL,245,249,241,243,810,0
2011-02-22,ALICL,243,256,235,256,1920,0
2011-02-23,ALICL,256,258,244,244,1220,0
2011-02-24,ALICL,244,247,244,244,630,0
2011-02-27,ALICL,244,247,239,242,650,0
2011-02-28,ALICL,242,245,239,241,1260,0
2011-03-03,ALICL,241,245,244,245,270,0
2011-03-07,ALICL,245,244,241,241,50,0
2011-03-09,ALICL,241,245,240,240,500,0
2011-03-10,ALICL,240,237,232,236,440,0
2011-03-13,ALICL,236,236,226,236,2350,0
2011-03-14,ALICL,236,232,228,229,620,0
2011-03-15,ALICL,229,225,213,215,1060,0
2011-03-16,ALICL,215,219,207,219,90,0
2011-03-17,ALICL,219,227,219,224,560,0
2011-03-20,ALICL,224,229,224,229,610,137590
2011-03-24,ALICL,229,230,227,229,180,41280
2011-03-25,ALICL,229,227,226,226,550,124600
2011-03-27,ALICL,226,226,224,224,730,163800
2011-03-28,ALICL,224,223,219,221,460,102070
2011-03-29,ALICL,221,218,217,218,550,119450
2011-03-30,ALICL,218,214,208,208,1750,365880
2011-03-31,ALICL,208,216,212,216,60,12880
2011-04-04,ALICL,216,218,215,218,2710,588490
2011-04-05,ALICL,218,220,216,216,780,170750
2011-04-06,ALICL,216,215,212,214,300,64080
2011-04-07,ALICL,214,214,210,214,420,89480
2011-04-10,ALICL,214,214,210,212,1890,400250
2011-04-11,ALICL,212,210,204,204,1860,384170
2011-04-13,ALICL,204,201,196,196,1400,277800
2011-04-17,ALICL,196,214,199,214,560,115700
2011-04-18,ALICL,214,214,202,206,400,82390
2011-04-19,ALICL,206,208,200,205,420,85530
2011-04-20,ALICL,205,204,201,204,760,154720
2011-04-21,ALICL,204,205,198,201,430,86700
2011-04-27,ALICL,201,197,197,197,20,3940
2011-04-28,ALICL,197,198,194,198,530,103500
2011-05-02,ALICL,198,195,183,183,450,84830
2011-05-03,ALICL,183,183,174,179,1310,232860
2011-05-04,ALICL,179,185,182,185,30,5490
2011-05-05,ALICL,185,185,179,179,560,102490
2011-05-08,ALICL,179,183,180,183,40,7260
2011-05-10,ALICL,183,183,180,180,600,108690
2011-05-11,ALICL,180,198,183,198,860,157830
2011-05-12,ALICL,198,205,201,205,20,4060
2011-05-15,ALICL,205,213,198,198,1240,254900
2011-05-16,ALICL,198,201,201,201,30,6030
2011-05-18,ALICL,201,208,192,192,1940,393510
2011-05-19,ALICL,192,194,188,188,590,112570
2011-05-22,ALICL,188,190,185,190,1590,295180
2011-05-23,ALICL,190,197,193,197,430,83610
2011-05-24,ALICL,197,194,194,194,80,15520
2011-05-25,ALICL,194,194,191,194,330,63830
2011-05-26,ALICL,194,194,191,194,1330,257660
2011-05-30,ALICL,194,191,191,191,30,5730
2011-05-31,ALICL,191,191,179,184,920,171840
2011-06-01,ALICL,184,186,180,186,720,131930
2011-06-05,ALICL,186,204,189,204,470,93920
2011-06-06,ALICL,204,203,196,196,2700,544200
2011-06-07,ALICL,196,196,188,188,1110,214050
2011-06-08,ALICL,188,190,170,170,7610,1345430
2011-06-09,ALICL,170,170,161,170,1490,245180
2011-06-12,ALICL,170,167,162,167,1940,319640
2011-06-13,ALICL,167,170,164,164,5110,852670
2011-06-14,ALICL,164,170,167,170,6490,1091320
2011-06-15,ALICL,170,170,153,155,3250,523650
2011-06-16,ALICL,155,165,156,165,230,37290
2011-06-19,ALICL,165,168,165,168,130,21540
2011-06-21,ALICL,168,173,168,170,400,68260
2011-06-23,ALICL,170,173,173,173,50,8650
2011-06-26,ALICL,173,179,176,179,680,121180
2011-07-07,ALICL,179,176,173,173,150,26250
2011-07-19,ALICL,173,170,170,170,100,17000
2011-07-20,ALICL,170,168,168,168,60,10080
2011-07-26,ALICL,168,165,156,156,190,30450
2011-07-27,ALICL,156,156,146,146,790,118580
2011-07-28,ALICL,146,160,143,160,450,67970
2011-07-31,ALICL,160,159,153,153,250,39000
2011-08-01,ALICL,153,150,150,150,40,6000
2011-08-02,ALICL,150,150,150,150,30,4500
2011-08-03,ALICL,150,153,150,150,1000,150780
2011-08-04,ALICL,150,156,150,156,600,90450
2011-08-07,ALICL,156,162,153,153,360,56310
2011-08-08,ALICL,153,150,150,150,80,12000
2011-08-09,ALICL,150,149,147,149,850,125050
2011-08-11,ALICL,149,152,147,152,100,14910
2011-08-15,ALICL,152,151,151,151,30,4530
2011-08-16,ALICL,151,154,154,154,100,15400
2011-08-17,ALICL,154,155,154,155,260,40290
2011-08-18,ALICL,155,156,153,156,550,84600
2011-08-22,ALICL,156,153,153,153,30,4590
2011-08-23,ALICL,153,155,151,155,1770,273770
2011-08-24,ALICL,155,158,152,158,220,34070
2011-08-25,ALICL,158,158,148,150,1500,233570
2011-08-28,ALICL,150,148,146,148,90,13210
2011-08-29,ALICL,148,146,144,145,660,96160
2011-08-30,ALICL,145,149,147,149,240,35640
2011-09-01,ALICL,149,149,145,147,210,30750
2011-09-04,ALICL,147,147,143,143,430,61870
2011-09-05,ALICL,143,143,141,141,310,44110
2011-09-06,ALICL,141,141,139,141,510,71240
2011-09-07,ALICL,141,141,140,141,370,52150
2011-09-08,ALICL,141,147,143,145,670,97590
2011-09-12,ALICL,145,145,141,142,840,120630
2011-09-13,ALICL,142,146,140,144,410,58910
2011-09-14,ALICL,144,142,142,142,70,9940
2011-09-15,ALICL,142,142,141,142,520,73360
2011-09-18,ALICL,142,142,142,142,70,9940
2011-09-19,ALICL,142,144,142,144,260,37220
2011-09-20,ALICL,144,146,143,144,90,13020
2011-09-21,ALICL,144,153,144,152,550,80980
2011-09-22,ALICL,152,155,152,155,220,33500
2011-09-25,ALICL,155,152,152,152,70,10640
2011-09-26,ALICL,152,158,151,157,700,108810
2011-09-27,ALICL,157,157,152,157,400,61650
2011-09-29,ALICL,157,160,160,160,50,8000
2011-10-02,ALICL,160,170,163,167,1180,196060
2011-10-09,ALICL,167,165,160,165,300,48790
2011-10-10,ALICL,165,168,165,167,1120,187030
2011-10-12,ALICL,167,173,170,171,290,49840
2011-10-13,ALICL,171,176,174,175,5520,960760
2011-10-16,ALICL,175,175,169,169,810,138770
2011-10-17,ALICL,169,169,169,169,80,13520
2011-10-18,ALICL,169,171,167,169,1210,205030
2011-10-19,ALICL,169,171,168,169,1410,239420
2011-10-20,ALICL,169,169,166,166,600,100600
2011-10-23,ALICL,166,166,162,165,3220,527000
2011-10-24,ALICL,165,170,168,170,380,64220
2011-10-25,ALICL,170,170,168,168,220,37240
2011-10-30,ALICL,168,170,168,170,660,111000
2011-10-31,ALICL,170,168,164,167,960,159770
2011-11-02,ALICL,167,176,170,176,220,38630
2011-11-03,ALICL,176,175,167,167,490,84480
2011-11-06,ALICL,167,169,162,169,1510,246830
2011-11-08,ALICL,169,168,167,168,200,33480
2011-11-09,ALICL,168,167,167,167,330,55110
2011-11-10,ALICL,167,167,165,167,570,94670
2011-11-13,ALICL,167,167,165,165,320,52960
2011-11-14,ALICL,165,169,160,168,1020,167550
2011-11-15,ALICL,168,167,166,166,320,53140
2011-11-16,ALICL,166,168,160,165,1340,217230
2011-11-17,ALICL,165,166,162,166,270,44480
2011-11-20,ALICL,166,166,163,166,270,44400
2011-11-21,ALICL,166,166,165,166,120,19830
2011-11-22,ALICL,166,170,163,170,290,48510
2011-11-23,ALICL,170,169,167,167,330,55280
2011-11-24,ALICL,167,168,165,168,430,71340
2011-11-27,ALICL,168,176,170,174,1910,329020
2011-11-28,ALICL,174,171,165,165,140,23280
2011-12-01,ALICL,169,169,167,167,370,62050
2011-12-04,ALICL,167,167,164,165,460,75660
2011-12-05,ALICL,165,164,163,164,250,40800
2011-12-06,ALICL,164,167,164,167,60,9930
2011-12-07,ALICL,167,168,158,165,2940,469480
2011-12-08,ALICL,165,167,163,167,300,49370
2011-12-11,ALICL,167,172,169,170,550,93080
2011-12-12,ALICL,170,168,167,168,500,83700
2011-12-13,ALICL,168,167,165,165,80,13300
2011-12-14,ALICL,165,167,166,167,640,106450
2011-12-15,ALICL,167,171,168,170,490,83160
2011-12-18,ALICL,170,170,162,165,1230,203520
2011-12-19,ALICL,165,160,157,160,1150,183760
2011-12-20,ALICL,160,168,163,168,490,80040
2011-12-21,ALICL,168,175,166,175,1640,274820
2011-12-27,ALICL,175,177,169,175,1250,216540
2011-12-28,ALICL,175,174,168,168,930,158810
2012-01-01,ALICL,168,165,165,165,50,8250
2012-01-02,ALICL,165,175,168,173,1320,229140
2012-01-03,ALICL,173,179,175,176,2370,422000
2012-01-04,ALICL,176,179,170,170,390,67830
2012-01-08,ALICL,170,168,167,168,160,26800
2012-01-09,ALICL,168,171,168,171,200,33900
2012-01-10,ALICL,170,169,169,169,80,13520
2012-01-11,ALICL,169,171,170,171,630,107450
2012-01-12,ALICL,171,172,172,172,70,12040
2012-01-16,ALICL,172,177,173,175,880,153980
2012-01-17,ALICL,175,177,174,174,410,71530
2012-01-18,ALICL,174,173,173,173,180,31140
2012-01-19,ALICL,173,173,173,173,600,103800
2012-01-22,ALICL,173,176,162,162,4030,667040
2012-01-23,ALICL,162,162,157,162,560,89730
2012-01-25,ALICL,162,160,150,152,2630,412900
2012-01-26,ALICL,152,154,148,149,1470,219750
2012-01-29,ALICL,149,156,148,155,3020,458590
2012-01-31,ALICL,155,152,145,148,1180,173810
2012-02-01,ALICL,148,148,146,148,50,7380
2012-02-02,ALICL,148,150,148,150,250,37300
2012-03-13,ALICL,150,164,150,160,890,138380
2012-03-14,ALICL,160,164,162,164,140,22830
2012-03-15,ALICL,164,163,158,158,470,75050
2012-03-18,ALICL,158,156,156,156,110,17160
2012-03-19,ALICL,156,157,155,155,350,54800
2012-03-20,ALICL,155,157,156,156,870,136270
2012-03-21,ALICL,156,154,153,153,400,61410
2012-03-25,ALICL,153,153,148,153,1390,209090
2012-03-26,ALICL,153,151,151,151,30,4530
2012-03-27,ALICL,151,153,150,150,1200,181070
2012-03-28,ALICL,150,150,149,149,260,38790
2012-03-29,ALICL,149,156,151,156,950,147020
2012-04-01,ALICL,156,156,148,150,1100,164540
2012-04-02,ALICL,150,156,148,154,770,117420
2012-04-03,ALICL,154,155,149,155,110,16560
2012-04-04,ALICL,155,155,153,155,220,33980
2012-04-05,ALICL,155,158,150,156,1090,168960
2012-04-08,ALICL,156,156,150,156,690,105750
2012-04-09,ALICL,156,160,151,160,560,87740
2012-04-10,ALICL,160,161,155,160,2830,451820
2012-04-11,ALICL,160,172,160,172,110,18140
2012-04-12,ALICL,172,175,164,175,2240,372010
2012-04-15,ALICL,175,177,177,177,160,28320
2012-04-17,ALICL,177,180,180,180,200,36000
2012-04-18,ALICL,180,189,174,186,2070,366870
2012-04-19,ALICL,186,196,189,191,880,168350
2012-04-22,ALICL,191,197,191,191,1120,215220
2012-04-25,ALICL,191,208,194,208,50,10030
2012-04-26,ALICL,208,228,208,228,3400,731130
2012-04-29,ALICL,228,242,230,234,1150,270130
2012-04-30,ALICL,234,230,226,226,350,80100
2012-05-03,ALICL,226,234,230,234,4190,975700
2012-05-07,ALICL,234,242,234,242,6780,1617000
2012-05-08,ALICL,242,246,242,242,6490,1586810
2012-05-09,ALICL,242,240,220,220,4210,971330
2012-05-10,ALICL,220,221,212,213,2670,576360
2012-05-13,ALICL,213,209,193,201,2810,553420
2012-05-14,ALICL,201,197,185,185,770,144850
2012-05-15,ALICL,185,194,188,194,170,32620
2012-05-17,ALICL,194,208,197,206,1620,325560
2012-05-20,ALICL,206,210,205,205,830,172000
2012-05-21,ALICL,205,224,208,224,410,86740
2012-05-22,ALICL,224,219,207,211,310,65590
2012-05-23,ALICL,211,207,203,203,70,14290
2012-05-24,ALICL,203,213,198,213,590,119620
2012-05-27,ALICL,213,226,209,226,440,95190
2012-06-05,ALICL,226,222,199,199,800,161050
2012-06-06,ALICL,199,196,184,184,4500,836420
2012-06-07,ALICL,184,202,184,202,3670,723910
2012-06-10,ALICL,202,222,206,211,11940,2589280
2012-06-11,ALICL,211,223,210,213,6260,1340590
2012-06-12,ALICL,213,217,206,212,2350,501730
2012-06-13,ALICL,212,213,206,209,4500,942690
2012-06-14,ALICL,209,213,208,211,5000,1056890
2012-06-17,ALICL,211,213,202,203,13050,2693960
2012-06-18,ALICL,203,208,198,202,6270,1266390
2012-06-19,ALICL,202,209,200,206,5010,1022260
2012-06-21,ALICL,206,202,202,202,90,18180
2012-07-02,ALICL,202,156,156,156,100,15600
2012-07-04,ALICL,156,171,159,171,990,165800
2012-07-05,ALICL,171,173,168,170,380,64430
2012-07-09,ALICL,170,172,161,161,300,49250
2012-07-10,ALICL,161,159,156,156,370,57780
2012-07-11,ALICL,156,171,159,171,1560,261150
2012-07-12,ALICL,171,180,174,177,140,24810
2012-07-15,ALICL,177,192,180,189,730,136980
2012-07-16,ALICL,189,186,183,183,50,9210
2012-07-19,ALICL,183,186,173,186,1470,267580
2012-07-22,ALICL,186,199,189,194,820,160480
2012-07-23,ALICL,194,198,195,195,320,62930
2012-07-24,ALICL,195,192,187,189,1290,245390
2012-07-25,ALICL,189,186,183,186,380,69930
2012-07-26,ALICL,186,186,183,185,610,112610
2012-07-29,ALICL,185,191,184,185,2110,390560
2012-07-30,ALICL,185,185,185,185,50,9250
2012-07-31,ALICL,185,191,188,191,20,3790
2012-08-01,ALICL,191,192,190,192,380,72690
2012-08-05,ALICL,192,195,186,195,750,143730
2012-08-06,ALICL,195,195,187,190,1900,362330
2012-08-07,ALICL,190,190,187,187,840,158520
2012-08-08,ALICL,187,188,187,187,340,63680
2012-08-12,ALICL,187,187,184,185,2400,443900
2012-08-13,ALICL,185,182,176,176,640,114740
2012-08-14,ALICL,176,173,170,170,1400,240300
2012-08-15,ALICL,170,170,167,170,160,27020
2012-08-16,ALICL,170,170,167,167,370,62030
2012-08-21,ALICL,167,167,161,161,580,94160
2012-08-22,ALICL,161,163,163,163,90,14670
2012-08-23,ALICL,163,172,166,172,320,54560
2012-08-28,ALICL,172,189,175,189,150,27650
2012-08-29,ALICL,189,207,192,199,10460,2086420
2012-08-30,ALICL,199,208,196,204,1670,334410
2012-09-02,ALICL,204,212,203,212,1980,412100
2012-09-03,ALICL,212,212,203,203,1860,380180
2012-09-04,ALICL,203,218,203,213,3240,680790
2012-09-05,ALICL,213,220,210,218,10960,2355130
2012-09-06,ALICL,218,234,222,234,4420,1014540
2012-09-09,ALICL,234,248,236,242,12610,3028780
2012-09-10,ALICL,242,246,236,240,1560,374720
2012-09-11,ALICL,240,236,232,233,1000,233660
2012-09-12,ALICL,233,236,229,229,540,124310
2012-09-13,ALICL,229,240,233,240,3953,936939
2012-09-16,ALICL,240,242,239,239,2613,626367
2012-09-17,ALICL,239,245,240,245,4830,1170950
2012-09-18,ALICL,245,252,240,247,15380,3730160
2012-09-19,ALICL,247,243,239,240,7700,1848020
2012-09-20,ALICL,240,244,236,244,1110,262960
2012-09-23,ALICL,244,240,225,235,3060,705550
2012-09-24,ALICL,235,237,229,232,3700,862490
2012-09-25,ALICL,232,236,228,235,664,154316
2012-09-26,ALICL,235,242,231,242,6280,1502920
2012-09-30,ALICL,240,244,240,240,3410,823470
2012-10-01,ALICL,240,243,239,243,850,206180
2012-10-02,ALICL,243,247,241,246,5940,1453800
2012-10-03,ALICL,246,248,245,247,4924,1213268
2012-10-04,ALICL,247,256,246,256,8500,2134620
2012-10-07,ALICL,256,269,251,262,13404,3465376
2012-10-08,ALICL,262,257,252,257,3177,809734
2012-10-09,ALICL,257,255,248,250,2501,632780
2012-10-10,ALICL,250,252,250,251,565,141779
2012-10-11,ALICL,251,255,249,250,1966,495787
2012-10-14,ALICL,250,255,247,250,3475,868524
2012-10-15,ALICL,250,255,247,247,304,76640
2012-10-17,ALICL,247,250,246,250,1797,444698
2012-10-18,ALICL,250,254,248,252,10701,2674850
2012-10-30,ALICL,252,258,252,258,1245,314950
2012-10-31,ALICL,258,253,250,251,1187,298389
2012-11-01,ALICL,251,250,247,248,1013,251797
2012-11-04,ALICL,248,248,245,245,7258,1780259
2012-11-05,ALICL,245,255,246,247,985,244914
2012-11-06,ALICL,247,251,247,247,1723,427448
2012-11-07,ALICL,247,251,245,251,1615,400652
2012-11-08,ALICL,251,255,248,251,2029,511316
2012-11-11,ALICL,251,252,243,243,356,87933
2012-11-12,ALICL,243,244,237,240,368,88508
2012-11-18,ALICL,240,246,240,240,412,100046
2012-11-20,ALICL,240,242,241,242,1835,442765
2012-11-21,ALICL,242,257,240,252,2366,575274
2012-11-22,ALICL,252,250,244,250,1833,453068
2012-11-25,ALICL,250,255,250,250,993,250455
2012-11-26,ALICL,250,251,245,249,596,146988
2012-11-27,ALICL,249,245,245,245,544,133280
2012-11-28,ALICL,245,245,237,237,179,43291
2012-11-29,ALICL,237,252,240,242,1641,403990
2012-12-02,ALICL,242,238,238,238,486,115668
2012-12-03,ALICL,238,234,226,226,195,44922
2012-12-04,ALICL,226,238,230,238,3111,719142
2012-12-05,ALICL,238,246,237,237,496,121143
2012-12-06,ALICL,237,234,230,233,1521,351470
2012-12-09,ALICL,233,229,225,228,714,161664
2012-12-10,ALICL,228,248,227,248,650,152485
2012-12-11,ALICL,248,248,240,240,288,70650
2012-12-12,ALICL,240,242,236,236,1718,411220
2012-12-13,ALICL,236,239,239,239,13,3107
2012-12-16,ALICL,239,243,243,243,70,17010
2012-12-17,ALICL,243,239,225,237,11624,2637494
2012-12-18,ALICL,237,235,233,233,102,23792
2012-12-19,ALICL,233,235,229,229,1090,251193
2012-12-20,ALICL,229,232,228,229,3903,894375
2012-12-23,ALICL,229,228,223,227,1490,338358
2012-12-24,ALICL,227,234,227,228,921,210366
2012-12-26,ALICL,228,232,231,232,3061,709651
2012-12-27,ALICL,232,232,225,230,218,49846
2012-12-31,ALICL,230,231,227,231,194,44360
2013-01-01,ALICL,231,239,234,239,51,11999
2013-01-02,ALICL,239,235,235,235,377,88595
2013-01-03,ALICL,235,231,231,231,64,14784
2013-01-06,ALICL,231,234,230,233,141,32573
2013-01-07,ALICL,233,239,228,232,5191,1206402
2013-01-08,ALICL,232,228,228,228,20,4560
2013-01-09,ALICL,228,239,231,239,865,201183
2013-01-10,ALICL,239,251,239,250,2336,568058
2013-01-13,ALICL,250,255,237,255,2337,566257
2013-01-15,ALICL,255,250,236,240,2154,514422
2013-01-16,ALICL,240,239,232,232,1601,375996
2013-01-17,ALICL,232,234,224,224,6612,1510680
2013-01-30,ALICL,224,204,200,204,757,152477
2013-01-31,ALICL,204,208,204,204,91,18724
2013-02-03,ALICL,204,205,205,205,50,10250
2013-02-04,ALICL,205,212,205,212,319,66466
2013-02-05,ALICL,212,210,206,207,329,68056
2013-02-06,ALICL,207,211,211,211,90,18990
2013-02-12,ALICL,211,207,207,207,260,53820
2013-02-13,ALICL,207,211,211,211,162,34182
2013-02-14,ALICL,211,227,214,227,891,197170
2013-02-19,ALICL,227,231,226,231,552,125917
2013-02-20,ALICL,231,230,229,229,1320,302330
2013-02-21,ALICL,229,231,229,230,418,95851
2013-02-24,ALICL,230,228,223,223,167,37410
2013-02-25,ALICL,223,227,226,226,229,51805
2013-02-26,ALICL,226,234,230,234,204,47328
2013-02-27,ALICL,234,240,228,228,1672,387262
2013-03-04,ALICL,230,226,223,224,272,60938
2013-03-06,ALICL,224,225,222,222,2780,617700
2013-03-07,ALICL,222,226,223,226,296,66748
2013-03-13,ALICL,226,228,228,228,106,24168
2013-03-17,ALICL,228,224,220,221,522,115104
2013-03-18,ALICL,221,220,220,220,144,31680
2013-03-19,ALICL,220,224,221,221,3352,750656
2013-03-21,ALICL,221,217,213,213,2152,459534
2013-03-24,ALICL,213,213,203,203,500,104400
2013-03-25,ALICL,203,207,201,207,708,145556
2013-03-27,ALICL,207,209,200,208,238,48560
2013-03-28,ALICL,208,210,208,210,244,51094
2013-03-31,ALICL,210,210,208,208,111,23208
2013-04-02,ALICL,208,215,211,215,70,14970
2013-04-03,ALICL,215,227,219,223,3549,797987
2013-04-04,ALICL,223,220,220,220,235,51700
2013-04-07,ALICL,220,220,220,220,122,26840
2013-04-08,ALICL,220,222,219,219,218,47982
2013-04-09,ALICL,219,223,216,223,103,22470
2013-04-11,ALICL,223,235,226,230,464,107092
2013-04-15,ALICL,230,232,232,232,512,118784
2013-04-16,ALICL,232,230,220,222,740,163544
2013-04-17,ALICL,222,226,222,224,229,51324
2013-04-21,ALICL,224,221,220,221,173,38156
2013-04-23,ALICL,221,221,213,221,258,55850
2013-04-25,ALICL,221,221,217,221,158,34378
2013-04-28,ALICL,221,225,225,225,13,2925
2013-04-29,ALICL,225,223,219,219,62,13670
2013-04-30,ALICL,219,237,229,237,30,6990
2013-05-02,ALICL,237,233,229,229,36,8348
2013-05-05,ALICL,229,225,211,215,2012,438326
2013-05-06,ALICL,215,213,210,210,345,72911
2013-05-07,ALICL,210,218,214,215,431,92898
2013-05-08,ALICL,215,224,216,216,3382,743698
2013-05-09,ALICL,216,220,216,220,2539,558424
2013-05-12,ALICL,220,218,212,212,1017,218400
2013-05-14,ALICL,212,223,213,215,758,166944
2013-05-15,ALICL,215,226,217,226,1107,243862
2013-05-16,ALICL,226,222,218,220,13223,2884280
2013-05-19,ALICL,220,222,218,222,1113,245714
2013-05-20,ALICL,222,218,210,211,384,81600
2013-05-21,ALICL,211,221,211,221,1894,416200
2013-05-22,ALICL,221,224,219,219,426,93720
2013-05-23,ALICL,219,222,217,222,1173,258441
2013-05-26,ALICL,222,230,219,228,1669,374085
2013-05-27,ALICL,228,231,224,227,4271,968559
2013-05-28,ALICL,227,238,230,238,5636,1330817
2013-05-30,ALICL,238,252,242,251,6002,1484555
2013-06-02,ALICL,251,262,246,254,22960,5774532
2013-06-03,ALICL,254,259,250,251,6971,1755320
2013-06-04,ALICL,251,252,249,252,1862,467046
2013-06-05,ALICL,252,250,249,250,2360,589960
2013-06-06,ALICL,250,250,248,248,600,149000
2013-06-09,ALICL,248,252,248,248,236,58608
2013-06-10,ALICL,248,246,243,243,1966,481828
2013-06-11,ALICL,243,240,236,236,168,40073
2013-06-12,ALICL,236,237,236,236,205,48432
2013-06-13,ALICL,236,236,233,236,1448,337735
2013-06-16,ALICL,236,246,238,243,1018,245932
2013-06-17,ALICL,243,239,239,239,141,33699
2013-06-18,ALICL,239,238,235,238,2483,584429
2013-06-19,ALICL,238,235,222,235,688,156611
2013-06-20,ALICL,235,235,223,232,3094,717338
2013-06-23,ALICL,232,239,231,232,4127,962667
2013-06-24,ALICL,232,233,228,232,2258,521255
2013-06-25,ALICL,232,240,234,240,2572,603553
2013-06-26,ALICL,240,242,234,235,1255,295346
2013-06-27,ALICL,235,233,228,231,2432,560287
2013-06-30,ALICL,231,232,225,231,1734,393680
2013-07-01,ALICL,231,235,228,230,1701,389792
2013-07-02,ALICL,230,232,229,230,3478,799015
2013-07-03,ALICL,230,234,228,230,1982,457762
2013-07-04,ALICL,230,232,228,229,982,226104
2013-07-07,ALICL,229,235,231,235,2488,578258
2013-07-08,ALICL,235,242,237,237,2315,555400
2013-07-09,ALICL,237,249,237,241,1043,251661
2013-07-10,ALICL,241,244,240,244,16029,3864735
2013-07-11,ALICL,244,244,240,244,5139,1240362
2013-07-14,ALICL,244,247,241,241,31227,7708895
2013-07-15,ALICL,241,250,243,248,1315,324106
2013-07-16,ALICL,248,251,245,247,39704,9928736
2013-07-17,ALICL,247,250,245,245,956,237052
2013-07-18,ALICL,245,249,242,248,1657,409618
2013-07-21,ALICL,248,254,249,249,958,241866
2013-07-22,ALICL,249,253,247,248,989,246364
2013-07-23,ALICL,248,253,248,252,1667,419684
2013-07-24,ALICL,252,255,251,251,4927,1244340
2013-07-25,ALICL,251,252,248,252,1035,260373
2013-07-28,ALICL,252,277,252,277,5143,1403461
2013-07-29,ALICL,277,289,280,289,13127,3740715
2013-07-30,ALICL,289,293,285,293,7956,2304738
2013-07-31,ALICL,293,298,285,285,7452,2188422
2013-08-01,ALICL,285,291,280,285,5074,1448512
2013-08-04,ALICL,285,287,280,285,2467,703964
2013-08-05,ALICL,285,285,270,274,3904,1078211
2013-08-06,ALICL,274,272,260,272,2062,548742
2013-08-07,ALICL,272,295,277,295,3675,1053174
2013-08-08,ALICL,295,303,291,301,8664,2592979
2013-08-11,ALICL,301,313,305,313,5320,1648524
2013-08-12,ALICL,313,336,315,336,10195,3307396
2013-08-13,ALICL,336,355,340,350,16660,5784186
2013-08-14,ALICL,350,357,344,345,13839,4797041
2013-08-15,ALICL,345,348,330,340,15582,5292218
2013-08-18,ALICL,340,367,346,360,7153,2557146
2013-08-19,ALICL,360,365,341,354,18526,6543949
2013-08-20,ALICL,354,370,350,368,40242,14345763
2013-08-25,ALICL,368,383,370,378,17837,6743992
2013-08-26,ALICL,378,390,378,390,9876,3817132
2013-08-27,ALICL,390,398,383,398,7307,2867001
2013-08-29,ALICL,398,405,377,385,7451,2895787
2013-09-01,ALICL,385,388,375,381,7411,2800337
2013-09-02,ALICL,381,385,379,385,5419,2071577
2013-09-03,ALICL,385,383,378,383,8567,3255730
2013-09-04,ALICL,383,383,380,380,2424,922530
2013-09-05,ALICL,380,382,375,380,2607,988645
2013-09-08,ALICL,380,385,381,381,1415,539497
2013-09-09,ALICL,381,397,383,394,5863,2284977
2013-09-10,ALICL,394,400,392,399,4282,1694845
2013-09-11,ALICL,399,405,395,402,11218,4499472
2013-09-12,ALICL,402,406,400,405,3047,1226863
2013-09-15,ALICL,405,423,400,416,5344,2212840
2013-09-16,ALICL,416,423,408,421,3510,1471581
2013-09-17,ALICL,421,455,421,455,5040,2214427
2013-09-19,ALICL,455,456,440,450,4262,1903725
2013-09-22,ALICL,450,444,425,425,8390,3625466
2013-09-23,ALICL,425,425,400,425,6755,2805929
2013-09-24,ALICL,425,432,417,425,2102,890755
2013-09-25,ALICL,425,424,415,415,3097,1296331
2013-09-26,ALICL,415,416,410,412,5292,2177828
2013-09-29,ALICL,412,425,415,422,943,395569
2013-09-30,ALICL,422,422,410,412,5687,2343347
2013-10-01,ALICL,412,415,405,412,3785,1553043
2013-10-02,ALICL,412,421,408,421,3136,1288779
2013-10-03,ALICL,421,445,418,445,3717,1606083
2013-10-06,ALICL,445,445,430,430,3630,1569490
2013-10-07,ALICL,430,435,425,428,1706,732609
2013-10-08,ALICL,428,438,430,438,1171,509810
2013-10-09,ALICL,438,440,425,425,2383,1028424
2013-10-10,ALICL,425,441,425,435,5223,2291549
2013-10-20,ALICL,435,450,441,441,1596,710221
2013-10-21,ALICL,441,450,436,436,1338,597371
2013-10-22,ALICL,436,440,435,440,3058,1340200
2013-10-23,ALICL,440,447,435,443,3092,1354189
2013-10-24,ALICL,443,436,429,429,6331,2736959
2013-10-27,ALICL,429,430,422,423,2426,1031158
2013-10-28,ALICL,423,425,425,425,570,242250
2013-10-29,ALICL,425,428,423,423,330,139840
2013-10-30,ALICL,424,425,417,420,1874,789148
2013-10-31,ALICL,420,425,422,424,599,253635
2013-11-06,ALICL,424,424,416,424,740,309361
2013-11-07,ALICL,424,421,418,419,5143,2157575
2013-11-11,ALICL,422,440,425,440,3187,1375698
2013-11-12,ALICL,440,459,440,455,4989,2247771
2013-11-13,ALICL,455,465,456,463,9940,4583585
2013-11-14,ALICL,462,479,460,475,18280,8525337
2013-11-21,ALICL,475,484,484,484,20,9680
2013-11-24,ALICL,484,532,493,532,2550,1339689
2013-11-25,ALICL,532,585,542,581,10146,5746373
2013-11-26,ALICL,581,639,592,639,25071,15514378
2013-11-27,ALICL,639,668,615,655,19591,12560424
2013-11-28,ALICL,655,659,635,659,12311,7901035
2013-12-01,ALICL,659,673,639,663,15192,9994479
2013-12-02,ALICL,663,717,655,706,5666,3895233
2013-12-03,ALICL,706,748,705,737,25658,18475556
2013-12-04,ALICL,737,810,737,797,15386,11877342
2013-12-05,ALICL,797,820,737,751,4251,3397532
2013-12-08,ALICL,751,751,676,676,2012,1381055
2013-12-09,ALICL,676,681,609,681,16733,10510921
2013-12-10,ALICL,681,668,633,647,1501,967834
2013-12-11,ALICL,647,645,608,627,3000,1879696
2013-12-12,ALICL,627,652,609,640,4236,2671980
2013-12-15,ALICL,640,672,628,672,8482,5442467
2013-12-16,ALICL,672,698,681,690,3546,2449808
2013-12-18,ALICL,690,717,700,705,750,534768
2013-12-19,ALICL,705,719,664,691,8866,5971888
2013-12-22,ALICL,691,692,646,678,4216,2840107
2013-12-23,ALICL,678,673,639,650,3611,2384120
2013-12-24,ALICL,650,646,626,640,11929,7558017
2013-12-26,ALICL,640,681,628,660,7201,4784892
2013-12-29,ALICL,660,650,630,650,2750,1762169
2013-12-31,ALICL,650,641,627,639,6458,4086766
2014-01-01,ALICL,638,639,620,632,7485,4678513
2014-01-02,ALICL,632,630,615,630,1116,693542
2014-01-05,ALICL,630,654,621,634,3485,2215101
2014-01-06,ALICL,634,646,626,630,1001,639130
2014-01-07,ALICL,630,635,620,625,5197,3268681
2014-01-08,ALICL,625,654,615,647,2427,1557715
2014-01-09,ALICL,647,676,635,676,5838,3762596
2014-01-12,ALICL,676,702,662,675,4786,3268073
2014-01-13,ALICL,675,709,675,695,8761,6044675
2014-01-14,ALICL,695,712,695,710,5951,4199140
2014-01-16,ALICL,710,764,710,735,14241,10351566
2014-01-19,ALICL,735,749,721,749,8743,6491739
2014-01-20,ALICL,749,765,735,742,14384,10819033
2014-01-21,ALICL,742,745,728,745,10057,7429956
2014-01-22,ALICL,745,745,721,740,5348,3925777
2014-01-23,ALICL,740,748,726,736,1506,1114676
2014-01-26,ALICL,736,740,720,720,1245,911782
2014-01-27,ALICL,720,734,700,734,4889,3489869
2014-01-28,ALICL,734,735,712,735,5257,3794481
2014-01-29,ALICL,735,744,725,744,7254,5335653
2014-02-02,ALICL,744,730,710,725,3700,2653214
2014-02-03,ALICL,725,720,700,700,1564,1105409
2014-02-04,ALICL,700,710,688,705,4137,2903392
2014-02-06,ALICL,714,727,711,727,2207,1583754
2014-02-09,ALICL,727,725,705,713,5200,3720891
2014-02-10,ALICL,713,741,718,720,6210,4482166
2014-02-11,ALICL,720,733,705,708,1843,1314985
2014-02-12,ALICL,708,755,707,737,7809,5730418
2014-02-13,ALICL,737,763,737,752,11450,8583182
2014-02-16,ALICL,752,760,750,758,2967,2246522
2014-02-17,ALICL,758,785,746,785,10226,7775579
2014-02-18,ALICL,785,863,775,860,24028,20007072
2014-02-20,ALICL,860,894,843,860,26462,22856980
2014-02-23,ALICL,860,875,843,850,17581,15090916
2014-02-24,ALICL,850,884,848,860,32071,27542752
2014-02-25,ALICL,860,854,815,850,1684,1403372
2014-02-26,ALICL,850,840,825,832,3238,2690026
2014-03-03,ALICL,832,816,790,810,2941,2345033
2014-03-04,ALICL,810,794,750,780,7844,5993250
2014-03-05,ALICL,780,800,760,770,5317,4116540
2014-03-06,ALICL,770,770,745,759,4720,3585415
2014-03-09,ALICL,750,751,731,751,14544,10746075
2014-03-10,ALICL,751,750,733,741,12142,8972958
2014-03-11,ALICL,710,711,686,695,422,295556
2014-03-12,ALICL,695,700,691,700,328,227663
2014-03-17,ALICL,720,720,696,712,439,310697
2014-03-18,ALICL,712,708,700,702,3140,2208226
2014-03-19,ALICL,702,705,677,705,1120,781899
2014-03-20,ALICL,705,750,705,750,702,506784
2014-03-23,ALICL,750,745,735,735,100,74000
2014-03-24,ALICL,735,758,712,758,971,703402
2014-03-25,ALICL,758,757,735,735,348,258919
2014-03-26,ALICL,735,735,730,735,1702,1249654
2014-03-27,ALICL,735,770,740,755,3050,2311519
2014-03-31,ALICL,755,800,755,790,1194,945329
2014-04-01,ALICL,790,810,776,810,3996,3185958
2014-04-02,ALICL,810,815,800,815,1717,1385760
2014-04-03,ALICL,815,815,802,809,332,268314
2014-04-06,ALICL,809,800,772,774,364,285742
2014-04-07,ALICL,774,785,752,772,259,198167
2014-04-09,ALICL,772,826,762,826,3788,3044256
2014-04-10,ALICL,826,900,826,900,7430,6601905
2014-04-13,ALICL,900,920,870,910,4068,3646219
2014-04-15,ALICL,910,915,892,905,2047,1849100
2014-04-16,ALICL,905,908,890,905,2448,2207971
2014-04-17,ALICL,905,901,890,901,1882,1685678
2014-04-20,ALICL,901,904,890,890,1627,1453103
2014-04-21,ALICL,890,875,865,870,2723,2359387
2014-04-22,ALICL,870,881,860,881,1460,1260479
2014-04-23,ALICL,881,904,865,901,4110,3686816
2014-04-27,ALICL,901,919,868,906,3860,3482433
2014-04-28,ALICL,906,948,900,948,1265,1155186
2014-04-29,ALICL,948,999,961,981,7515,7311833
2014-04-30,ALICL,981,1050,966,1035,10401,10470901
2014-05-04,ALICL,1035,1138,1035,1138,10575,11702356
2014-05-05,ALICL,1138,1200,1057,1057,10197,11843634
2014-05-06,ALICL,1057,1054,990,1033,3600,3645124
2014-05-07,ALICL,1033,1050,990,1050,9838,10003791
2014-05-08,ALICL,1050,1029,951,980,14368,14064165
2014-05-11,ALICL,980,996,956,996,12660,12343818
2014-05-12,ALICL,996,1001,977,1000,5268,5211054
2014-05-13,ALICL,1000,1020,970,999,2353,2358025
2014-05-15,ALICL,999,995,970,995,5217,5136082
2014-05-18,ALICL,995,976,945,945,5071,4853591
2014-05-19,ALICL,945,945,904,930,8977,8236934
2014-05-20,ALICL,930,930,882,883,5547,4991795
2014-05-21,ALICL,883,902,882,882,5466,4898495
2014-05-22,ALICL,882,912,865,882,4411,3949153
2014-05-25,ALICL,882,919,880,900,1530,1377182
2014-05-26,ALICL,900,918,894,895,1826,1649954
2014-05-27,ALICL,895,900,885,893,4331,3860148
2014-05-28,ALICL,893,899,881,890,2409,2135920
2014-06-01,ALICL,890,900,875,875,3455,3059519
2014-06-02,ALICL,875,862,851,862,5001,4283318
2014-06-03,ALICL,862,862,836,855,7390,6281839
2014-06-04,ALICL,855,889,846,889,2121,1829210
2014-06-05,ALICL,889,875,857,870,4635,4032050
2014-06-08,ALICL,870,870,861,861,2058,1782120
2014-06-09,ALICL,861,870,855,870,9672,8364642
2014-06-10,ALICL,870,887,853,872,4653,4032350
2014-06-11,ALICL,872,878,860,875,9989,8709294
2014-06-12,ALICL,875,895,870,890,6783,5991589
2014-06-15,ALICL,890,930,899,929,6162,5609175
2014-06-16,ALICL,929,999,926,981,5565,5445837
2014-06-17,ALICL,981,1020,970,1016,17133,17092952
2014-06-18,ALICL,1016,1064,1014,1020,16119,16816834
2014-06-19,ALICL,1020,1040,1010,1035,15380,15759097
2014-06-23,ALICL,1035,1092,1028,1075,6338,6635366
2014-06-24,ALICL,1075,1122,1059,1100,19138,20863326
2014-06-25,ALICL,1100,1130,1080,1130,8879,9859257
2014-06-26,ALICL,1130,1131,1114,1120,11584,12978328
2014-06-29,ALICL,1120,1136,1100,1103,10067,11299008
2014-06-30,ALICL,1103,1160,1103,1160,18288,20510652
2014-07-01,ALICL,1160,1224,1150,1199,16519,19661316
2014-07-02,ALICL,1199,1250,1185,1200,24720,30274578
2014-07-03,ALICL,1200,1210,1125,1125,15281,17895724
2014-07-06,ALICL,1125,1221,1103,1221,8934,10302779
2014-07-07,ALICL,1221,1274,1230,1250,18368,23064544
2014-07-08,ALICL,1250,1305,1250,1270,18680,23801692
2014-07-09,ALICL,1270,1260,1200,1259,5758,7097320
2014-07-10,ALICL,1259,1250,1200,1240,10738,13220198
2014-07-13,ALICL,1240,1300,1236,1240,5044,6412693
2014-07-14,ALICL,1240,1240,1180,1218,9893,11858237
2014-07-15,ALICL,1218,1250,1210,1226,9381,11454479
2014-07-16,ALICL,1226,1260,1240,1250,2973,3714097
2014-07-17,ALICL,1250,1249,1225,1245,3737,4624020
2014-07-20,ALICL,1245,1269,1230,1255,4073,5108986
2014-07-21,ALICL,1255,1275,1250,1270,3349,4233537
2014-07-22,ALICL,1270,1264,1212,1264,7938,9887364
2014-07-23,ALICL,1264,1280,1242,1265,3492,4419974
2014-07-24,ALICL,1265,1270,1230,1270,2539,3190318
2014-07-27,ALICL,1270,1280,1245,1265,6166,7775123
2014-07-28,ALICL,1265,1265,1226,1265,4437,5538901
2014-07-30,ALICL,1265,1255,1220,1235,3459,4268871
2014-07-31,ALICL,1235,1238,1206,1224,4865,5947531
2014-08-03,ALICL,1224,1229,1200,1212,7040,8517933
2014-08-04,ALICL,1212,1229,1180,1189,1381,1650257
2014-08-05,ALICL,1189,1215,1185,1185,7907,9435892
2014-08-06,ALICL,1185,1208,1165,1188,3756,4479497
2014-08-07,ALICL,1188,1211,1145,1211,4331,5038029
2014-08-12,ALICL,1211,1191,1168,1168,1833,2158316
2014-08-13,ALICL,1168,1220,1145,1220,8978,10594857
2014-08-14,ALICL,1220,1220,1200,1210,3672,4428541
2014-08-18,ALICL,1210,1210,1186,1190,3179,3798146
2014-08-19,ALICL,1190,1225,1180,1187,10259,12277452
2014-08-20,ALICL,1187,1179,1150,1165,4675,5429271
2014-08-21,ALICL,1165,1142,1049,1060,18074,19198464
2014-08-24,ALICL,1060,1070,1025,1025,4102,4313949
2014-08-25,ALICL,1025,1005,923,927,11963,11287072
2014-08-26,ALICL,927,990,931,956,11092,10683147
2014-08-27,ALICL,956,1051,975,1051,10700,11130995
2014-08-28,ALICL,1051,1156,1072,1125,13058,14616553
2014-08-31,ALICL,1125,1115,1050,1050,3979,4318996
2014-09-01,ALICL,1050,1090,1010,1075,2353,2482479
2014-09-03,ALICL,1075,1110,1050,1064,1315,1398437
2014-09-04,ALICL,1064,1060,1020,1060,3622,3727116
2014-09-07,ALICL,1060,1039,970,986,5155,5145524
2014-09-09,ALICL,986,1060,1000,1060,6231,6295345
2014-09-10,ALICL,1060,1091,1020,1030,8297,8735911
2014-09-11,ALICL,1030,1050,973,1015,2023,2024461
2014-09-14,ALICL,1015,1015,980,1015,1492,1482321
2014-09-15,ALICL,1015,1045,1000,1045,2460,2473033
2014-09-16,ALICL,1045,1050,1020,1050,5069,5222249
2014-09-17,ALICL,1050,1060,1030,1050,2409,2524326
2014-09-18,ALICL,1050,1050,1000,1050,2063,2098767
2014-09-21,ALICL,1050,1050,995,1025,2049,2058555
2014-09-22,ALICL,1025,1025,1000,1025,1061,1076490
2014-09-23,ALICL,1025,1040,1006,1040,826,850223
2014-09-24,ALICL,1040,1100,1040,1089,1523,1635682
2014-09-28,ALICL,1089,1140,1090,1125,8269,9225082
2014-09-29,ALICL,1125,1194,1125,1170,6182,7181845
2014-09-30,ALICL,1170,1193,1140,1173,11782,13790885
2014-10-08,ALICL,1173,1160,1125,1145,1326,1513873
2014-10-09,ALICL,1145,1150,1126,1150,2655,3029984
2014-10-12,ALICL,1150,1139,1110,1127,2578,2901064
2014-10-13,ALICL,1127,1140,1100,1140,3686,4137201
2014-10-14,ALICL,1140,1150,1125,1136,1216,1381224
2014-10-15,ALICL,1136,1170,1120,1170,2899,3316474
2014-10-16,ALICL,1170,1194,1141,1182,8592,10145007
2014-10-19,ALICL,1182,1190,1166,1175,2114,2485348
2014-10-20,ALICL,1175,1185,1161,1175,3470,4078405
2014-10-21,ALICL,1175,1195,1152,1195,3035,3589205
2014-10-22,ALICL,1195,1235,1172,1221,6421,7722692
2014-10-26,ALICL,1221,1250,1220,1245,3402,4211045
2014-10-27,ALICL,1245,1270,1235,1251,15505,19389134
2014-10-28,ALICL,1251,1249,1210,1244,3044,3745661
2014-10-30,ALICL,1244,1240,1177,1225,3590,4359504
2014-11-02,ALICL,1225,1225,1203,1203,6007,7253775
2014-11-03,ALICL,1203,1251,1180,1201,3289,3937399
2014-11-04,ALICL,1201,1220,1170,1191,4339,5142481
2014-11-05,ALICL,1191,1225,1200,1219,1896,2298845
2014-11-06,ALICL,1219,1230,1200,1217,3268,3963763
2014-11-09,ALICL,1217,1200,1174,1197,1892,2255517
2014-11-10,ALICL,1197,1186,1179,1179,788,931697
2014-11-11,ALICL,1179,1202,1151,1202,1966,2302957
2014-11-12,ALICL,1202,1249,1172,1172,733,867221
2014-11-13,ALICL,1172,1188,1160,1160,460,537612
2014-11-16,ALICL,1160,1160,1124,1126,1615,1832969
2014-11-17,ALICL,1126,1110,1060,1091,3225,3460808
2014-11-18,ALICL,1091,1100,1021,1044,5601,5913456
2014-11-19,ALICL,1044,1102,1040,1061,4462,4753001
2014-11-20,ALICL,1061,1125,1082,1096,2459,2708597
2014-11-23,ALICL,1096,1155,1096,1115,4089,4621726
2014-11-24,ALICL,1115,1125,1110,1114,1817,2029429
2014-11-25,ALICL,1114,1130,1100,1130,1920,2125109
2014-11-30,ALICL,1130,1120,1085,1085,1983,2162858
2014-12-01,ALICL,1085,1085,1078,1085,440,475480
2014-12-02,ALICL,1085,1085,1070,1085,137,147213
2014-12-03,ALICL,1085,1124,1081,1090,468,515348
2014-12-04,ALICL,1090,1111,1091,1091,1788,1961216
2014-12-07,ALICL,1091,1095,1075,1080,1623,1753730
2014-12-08,ALICL,1080,1084,1043,1075,2164,2320451
2014-12-09,ALICL,1075,1076,1045,1064,3141,3315413
2014-12-10,ALICL,1064,1085,1066,1066,562,601433
2014-12-11,ALICL,1066,1097,1079,1090,1176,1278506
2014-12-14,ALICL,1090,1160,1110,1140,3255,3677968
2014-12-15,ALICL,1140,1150,1127,1127,1073,1211881
2014-12-16,ALICL,1127,1125,1106,1120,1743,1952395
2014-12-17,ALICL,1120,1110,1098,1110,2555,2819398
2014-12-18,ALICL,1110,1115,1088,1107,1531,1693260
2014-12-21,ALICL,1107,1100,1086,1100,2208,2415730
2014-12-22,ALICL,1100,1115,1092,1100,2893,3193592
2014-12-23,ALICL,1100,1078,1078,1078,177,190806
2014-12-24,ALICL,1078,1115,1099,1100,673,746448
2014-12-28,ALICL,1100,1130,1100,1121,2834,3141846
2014-12-29,ALICL,1121,1122,1100,1119,488,540693
2014-12-31,ALICL,1119,1120,1075,1120,980,1061661
2015-01-01,ALICL,1120,1142,1111,1112,1619,1819799
2015-01-04,ALICL,1112,1135,1120,1135,1261,1421596
2015-01-05,ALICL,1135,1173,1130,1153,6556,7518108
2015-01-06,ALICL,1153,1176,1134,1160,5313,6145570
2015-01-07,ALICL,1160,1180,1138,1180,2091,2417165
2015-01-08,ALICL,1180,1185,1161,1172,4705,5516375
2015-01-11,ALICL,1172,1186,1172,1186,3829,4511822
2015-01-12,ALICL,1186,1179,1163,1164,2677,3126373
2015-01-13,ALICL,1164,1249,1170,1230,4108,4995874
2015-01-14,ALICL,1230,1275,1230,1235,6631,8220252
2015-01-18,ALICL,1235,1245,1234,1237,6915,8569011
2015-01-19,ALICL,1237,1299,1245,1251,13560,17059072
2015-01-20,ALICL,1251,1285,1200,1242,14496,18190632
2015-01-22,ALICL,1242,1270,1180,1258,8147,10098439
2015-01-25,ALICL,1258,1278,1235,1270,5958,7520581
2015-01-26,ALICL,1270,1300,1255,1260,4558,5780514
2015-01-27,ALICL,1260,1262,1240,1255,3140,3944342
2015-01-28,ALICL,1255,1295,1270,1295,1294,1649112
2015-01-29,ALICL,1295,1285,1250,1250,1166,1473894
2015-02-01,ALICL,1250,1250,1235,1240,182,225670
2015-02-02,ALICL,1240,1250,1232,1234,1512,1876812
2015-02-03,ALICL,1234,1240,1216,1230,2336,2864576
2015-02-04,ALICL,1230,1242,1225,1242,2043,2526533
2015-02-05,ALICL,1242,1230,1215,1225,898,1098452
2015-02-08,ALICL,1225,1245,1230,1235,2456,3041943
2015-02-09,ALICL,1235,1275,1230,1265,6657,8366104
2015-02-10,ALICL,1265,1265,1250,1260,800,1010280
2015-02-11,ALICL,1260,1261,1245,1261,892,1118978
2015-02-12,ALICL,1261,1270,1256,1256,1475,1862672
2015-02-15,ALICL,1256,1275,1260,1270,3245,4119087
2015-02-16,ALICL,1270,1283,1274,1283,3387,4334348
2015-02-18,ALICL,1283,1285,1275,1278,2460,3150009
2015-02-22,ALICL,1278,1260,1240,1250,2432,3036374
2015-02-23,ALICL,1250,1275,1230,1275,3296,4090213
2015-02-24,ALICL,1275,1270,1242,1250,6523,8159309
2015-02-25,ALICL,1250,1251,1238,1245,3263,4061438
2015-02-26,ALICL,1245,1256,1221,1256,1795,2216894
2015-03-01,ALICL,1256,1260,1240,1240,1933,2400522
2015-03-02,ALICL,1240,1245,1239,1245,295,366234
2015-03-03,ALICL,1245,1250,1244,1245,2842,3546889
2015-03-04,ALICL,1245,1270,1250,1255,7595,9557000
2015-03-09,ALICL,1255,1331,1275,1288,17353,22536764
2015-03-10,ALICL,1288,1290,1268,1279,8062,10281673
2015-03-11,ALICL,1279,1285,1260,1270,6554,8299092
2015-03-12,ALICL,1270,1270,1257,1260,3005,3792256
2015-03-15,ALICL,1260,1285,1250,1255,1392,1749580
2015-03-16,ALICL,1255,1252,1220,1231,2145,2644734
2015-03-17,ALICL,1231,1260,1221,1250,618,772289
2015-03-18,ALICL,1250,1250,1230,1240,1876,2319745
2015-03-19,ALICL,1240,1250,1238,1250,1050,1305500
2015-03-22,ALICL,1250,1263,1245,1250,2301,2882468
2015-03-23,ALICL,1250,1233,1225,1231,1903,2338121
2015-03-24,ALICL,1231,1229,1216,1225,1199,1469154
2015-03-25,ALICL,1225,1230,1225,1230,241,296285
2015-03-26,ALICL,1230,1235,1231,1231,556,685752
2015-03-29,ALICL,1231,1245,1225,1245,3102,3832195
2015-03-30,ALICL,1245,1230,1222,1230,1227,1503026
2015-03-31,ALICL,1230,1250,1220,1220,3905,4800298
2015-04-01,ALICL,1220,1225,1215,1216,1358,1652826
2015-04-02,ALICL,1216,1240,1205,1216,1296,1575599
2015-04-05,ALICL,1216,1200,1198,1200,960,1151000
2015-04-06,ALICL,1200,1202,1190,1202,2073,2469668
2015-04-07,ALICL,1202,1209,1190,1209,1725,2074448
2015-04-08,ALICL,1209,1220,1210,1220,1040,1264762
2015-04-09,ALICL,1220,1234,1220,1223,2240,2743353
2015-04-12,ALICL,1223,1245,1225,1230,1093,1346540
2015-04-13,ALICL,1230,1211,1200,1201,1159,1392840
2015-04-15,ALICL,1201,1220,1200,1205,1028,1236881
2015-04-16,ALICL,1205,1205,1181,1205,314,377086
2015-04-19,ALICL,1205,1205,1191,1191,763,917150
2015-04-20,ALICL,1191,1195,1170,1170,2300,2713447
2015-04-21,ALICL,1170,1190,1166,1167,1162,1359633
2015-04-22,ALICL,1167,1175,1160,1169,851,996254
2015-04-23,ALICL,1169,1155,1143,1143,571,656021
2015-05-26,ALICL,889,872,822,822,85,72708
2015-05-28,ALICL,822,806,790,790,142,113204
2015-05-31,ALICL,790,790,775,785,384,301855
2015-06-02,ALICL,785,862,800,860,1180,995661
2015-06-03,ALICL,860,946,877,946,1022,942567
2015-06-04,ALICL,946,985,941,960,4018,3869975
2015-06-07,ALICL,960,960,947,960,1750,1663500
2015-06-08,ALICL,960,979,945,950,3447,3288506
2015-06-09,ALICL,950,1007,932,932,1392,1355543
2015-06-10,ALICL,932,971,916,960,3074,2907767
2015-06-11,ALICL,960,962,940,940,1282,1210040
2015-06-14,ALICL,940,958,930,944,2006,1905965
2015-06-15,ALICL,944,944,944,944,60,56640
2015-06-16,ALICL,944,950,950,950,74,70300
2015-06-17,ALICL,950,950,913,940,2123,1985780
2015-06-18,ALICL,940,950,940,940,214,201310
2015-06-21,ALICL,940,930,925,930,598,555854
2015-06-22,ALICL,930,930,910,930,1809,1676162
2015-06-23,ALICL,930,995,930,964,4053,3900631
2015-06-24,ALICL,964,969,953,960,3852,3704592
2015-06-25,ALICL,960,964,950,960,1927,1847702
2015-06-28,ALICL,960,985,975,980,2682,2629173
2015-06-29,ALICL,980,1058,999,1020,4565,4638817
2015-06-30,ALICL,1020,1020,998,1010,4548,4587174
2015-07-01,ALICL,1010,1030,1004,1004,3563,3627116
2015-07-02,ALICL,1004,1009,1000,1009,770,772430
2015-07-05,ALICL,1009,1009,995,1000,1154,1157514
2015-07-06,ALICL,1000,985,980,985,270,265165
2015-07-07,ALICL,985,1020,980,987,2119,2109459
2015-07-08,ALICL,987,1006,995,995,1445,1441704
2015-07-09,ALICL,995,1009,976,1009,1758,1736287
2015-07-12,ALICL,1009,1029,1024,1024,150,153815
2015-07-14,ALICL,1024,1004,1004,1004,43,43172
2015-07-15,ALICL,1004,992,965,992,462,453676
2015-07-16,ALICL,992,1013,975,1013,1503,1474259
2015-07-22,ALICL,1013,1013,974,974,139,137467
2015-07-23,ALICL,974,985,985,985,15,14775
2015-07-26,ALICL,985,1015,996,1015,220,219500
2015-07-27,ALICL,1015,1025,1000,1000,4401,4487505
2015-07-28,ALICL,1000,1016,980,1015,5281,5324002
2015-07-29,ALICL,1015,1010,995,1005,6343,6361809
2015-07-30,ALICL,1005,1015,995,1015,4237,4269167
2015-08-02,ALICL,1015,1010,1005,1008,2997,3024539
2015-08-03,ALICL,1008,1010,1001,1001,4648,4675698
2015-08-04,ALICL,1001,1019,1008,1019,4310,4379189
2015-08-05,ALICL,1019,1040,1000,1030,3131,3173061
2015-08-06,ALICL,1030,1065,1025,1065,3102,3216215
2015-08-09,ALICL,1065,1065,1059,1060,2133,2268077
2015-08-10,ALICL,1060,1105,1060,1064,2748,2960347
2015-08-11,ALICL,1064,1064,1034,1055,1889,1981146
2015-08-12,ALICL,1055,1069,1030,1069,1214,1269702
2015-08-13,ALICL,1069,1071,1045,1051,1393,1462684
2015-08-16,ALICL,1051,1049,1030,1030,11021,11511204
2015-08-17,ALICL,1030,1060,1020,1040,325,338045
2015-08-18,ALICL,1040,1060,1020,1050,3922,4098495
2015-08-19,ALICL,1050,1061,1030,1056,6594,6929826
2015-08-20,ALICL,1056,1071,1040,1040,4010,4228737
2015-08-23,ALICL,1040,1065,1030,1055,10314,10826262
2015-08-24,ALICL,1055,1160,1076,1149,3807,4390507
2015-08-25,ALICL,1149,1160,1120,1149,3010,3417916
2015-08-26,ALICL,1149,1194,1160,1179,1586,1860180
2015-08-27,ALICL,1179,1278,1200,1278,9080,11326117
2015-08-31,ALICL,1278,1377,1280,1370,9693,12956697
2015-09-01,ALICL,1370,1397,1300,1300,7048,9397837
2015-09-02,ALICL,1300,1310,1270,1270,1428,1848695
2015-09-03,ALICL,1270,1260,1240,1240,986,1235400
2015-09-06,ALICL,1240,1264,1240,1260,2652,3301036
2015-09-07,ALICL,1260,1262,1211,1235,2246,2784786
2015-09-08,ALICL,1235,1255,1240,1255,229,285460
2015-09-09,ALICL,1255,1241,1220,1230,911,1125020
2015-09-10,ALICL,1230,1206,1182,1200,598,714960
2015-09-13,ALICL,1200,1224,1205,1220,1815,2211898
2015-09-14,ALICL,1220,1225,1220,1220,350,427500
2015-09-15,ALICL,1220,1263,1211,1263,11217,13720270
2015-09-16,ALICL,1263,1238,1215,1215,1195,1467475
2015-09-17,ALICL,1215,1240,1200,1200,2921,3531638
2015-09-22,ALICL,1200,1210,1186,1186,400,481600
2015-09-23,ALICL,1186,1208,1200,1200,626,752208
2015-09-24,ALICL,1200,1199,1176,1180,2082,2477266
2015-09-28,ALICL,1180,1165,1150,1161,1107,1282686
2015-09-29,ALICL,1161,1153,1145,1150,1163,1335250
2015-09-30,ALICL,1150,1170,1158,1165,666,775154
2015-10-01,ALICL,1165,1160,1160,1160,200,232000
2015-10-04,ALICL,1160,1150,1134,1134,615,699955
2015-10-05,ALICL,1134,1150,1148,1150,353,405344
2015-10-06,ALICL,1150,1145,1130,1130,152,172240
2015-10-07,ALICL,1130,1130,1110,1120,473,532462
2015-10-08,ALICL,1120,1147,1125,1147,2364,2692260
2015-10-11,ALICL,1147,1125,1115,1115,2000,2239000
2015-10-14,ALICL,1115,1093,1062,1080,1092,1183646
2015-10-15,ALICL,1080,1090,1080,1090,234,253030
2015-10-18,ALICL,1090,1070,1060,1060,305,325100
2015-10-19,ALICL,1060,1081,1081,1081,50,54050
2015-10-25,ALICL,1081,1060,1060,1060,34,36040
2015-10-27,ALICL,1060,1060,1039,1039,501,521778
2015-10-28,ALICL,1039,1039,995,1000,2324,2349707
2015-10-29,ALICL,1000,1025,1000,1025,3072,3096579
2015-11-01,ALICL,1025,1005,986,986,506,502200
2015-11-02,ALICL,986,1019,996,1002,2662,2677347
2015-11-03,ALICL,1002,1010,1000,1000,1829,1830552
2015-11-04,ALICL,1000,1009,990,1009,982,982300
2015-11-05,ALICL,1009,1005,996,996,2084,2082200
2015-11-08,ALICL,996,998,996,998,520,517960
2015-11-09,ALICL,998,1025,1001,1025,1299,1316685
2015-11-10,ALICL,1025,1033,1020,1030,2316,2383100
2015-11-15,ALICL,1030,1030,1024,1024,138,141540
2015-11-16,ALICL,1024,1005,1000,1005,409,410480
2015-11-18,ALICL,1005,1019,1019,1019,500,509500
2015-11-19,ALICL,1019,1010,999,1006,1309,1313824
2015-11-22,ALICL,1006,991,985,987,1869,1845429
2015-11-23,ALICL,987,990,960,990,922,904282
2015-11-24,ALICL,990,995,976,995,2732,2687850
2015-11-25,ALICL,995,993,981,981,2100,2069400
2015-11-26,ALICL,981,990,990,990,100,99000
2015-11-29,ALICL,990,975,940,975,1241,1175722
2015-12-01,ALICL,975,1025,990,1025,1943,1952686
2015-12-02,ALICL,1025,1005,990,997,1489,1482245
2015-12-03,ALICL,997,1036,1010,1015,1739,1768290
2015-12-06,ALICL,1015,1050,1016,1035,2096,2162777
2015-12-07,ALICL,1035,1075,1020,1035,1157,1208650
2015-12-08,ALICL,1035,1055,1021,1040,2500,2601768
2015-12-09,ALICL,1040,1060,1050,1060,3062,3230686
2015-12-10,ALICL,1060,1104,1062,1075,4169,4515735
2015-12-13,ALICL,1075,1142,1085,1115,7133,7889665
2015-12-14,ALICL,1115,1142,1125,1140,4788,5428284
2015-12-15,ALICL,1140,1232,1162,1199,9928,11833084
2015-12-16,ALICL,1199,1225,1140,1195,5052,5911755
2015-12-17,ALICL,1195,1176,1150,1160,6333,7311064
2015-12-20,ALICL,1160,1183,1142,1183,5053,5879215
2015-12-21,ALICL,1183,1205,1176,1191,4952,5911720
2015-12-22,ALICL,1191,1205,1186,1194,9841,11800651
2015-12-23,ALICL,1194,1200,1186,1186,5599,6698322
2015-12-24,ALICL,1186,1201,1188,1200,3362,4030583
2015-12-27,ALICL,1200,1200,1187,1190,1208,1441150
2015-12-28,ALICL,1190,1190,1180,1180,1899,2248924
2015-12-29,ALICL,1180,1199,1182,1194,2772,3298057
2015-12-31,ALICL,1194,1220,1198,1200,6711,8085637
2016-01-03,ALICL,1200,1304,1224,1304,14289,18130924
2016-01-04,ALICL,1304,1300,1240,1275,9473,12147812
2016-01-05,ALICL,1275,1285,1245,1263,6802,8640645
2016-01-06,ALICL,1263,1248,1225,1235,2907,3584205
2016-01-07,ALICL,1235,1282,1240,1270,4752,6022738
2016-01-10,ALICL,1270,1270,1230,1230,3548,4420463
2016-01-11,ALICL,1230,1264,1240,1248,6249,7826174
2016-01-12,ALICL,1248,1265,1250,1252,4898,6134644
2016-01-13,ALICL,1252,1261,1245,1250,5242,6549223
2016-01-14,ALICL,1250,1280,1250,1274,4423,5599090
2016-01-17,ALICL,1274,1300,1280,1300,20710,26643588
2016-01-18,ALICL,1300,1317,1270,1289,8538,11063466
2016-01-19,ALICL,1289,1290,1270,1280,2998,3833896
2016-01-20,ALICL,1280,1280,1265,1275,6079,7744824
2016-01-21,ALICL,1275,1300,1255,1295,4981,6401185
2016-01-24,ALICL,1295,1300,1285,1299,4757,6156778
2016-01-25,ALICL,1299,1326,1289,1300,7571,9840605
2016-01-26,ALICL,1300,1299,1280,1280,3006,3851522
2016-01-27,ALICL,1280,1285,1266,1266,3483,4436588
2016-01-28,ALICL,1266,1275,1270,1272,1101,1400507
2016-01-31,ALICL,1272,1270,1260,1265,1702,2148486
2016-02-01,ALICL,1265,1283,1270,1280,823,1052797
2016-02-02,ALICL,1280,1290,1261,1265,2797,3550717
2016-02-03,ALICL,1265,1280,1266,1275,1537,1956746
2016-02-04,ALICL,1275,1305,1275,1300,12298,15771547
2016-02-07,ALICL,1300,1385,1310,1371,36030,48292016
2016-02-08,ALICL,1371,1405,1350,1360,9586,13175832
2016-02-11,ALICL,1360,1355,1320,1330,3769,5029752
2016-02-14,ALICL,1330,1330,1300,1302,2907,3820337
2016-02-15,ALICL,1302,1328,1289,1328,5240,6862593
2016-02-16,ALICL,1328,1338,1302,1338,4317,5722381
2016-02-17,ALICL,1338,1361,1320,1340,4385,5847036
2016-02-18,ALICL,1340,1399,1320,1345,5800,7872738
2016-02-21,ALICL,1345,1371,1330,1331,2151,2885679
2016-02-22,ALICL,1331,1345,1325,1332,985,1316759
2016-02-23,ALICL,1332,1335,1325,1335,2649,3525063
2016-02-25,ALICL,1335,1310,1309,1310,300,392950
2016-02-28,ALICL,1310,1345,1310,1345,783,1032015
2016-02-29,ALICL,1345,1339,1310,1339,3455,4577174
2016-03-01,ALICL,1339,1360,1315,1327,12995,17135970
2016-03-02,ALICL,1327,1345,1321,1334,1145,1527798
2016-03-03,ALICL,1334,1347,1331,1340,5744,7711358
2016-03-06,ALICL,1340,1375,1325,1360,10512,14338563
2016-03-10,ALICL,1360,1389,1363,1380,11297,15577079
2016-03-13,ALICL,1380,1400,1363,1390,9607,13317625
2016-03-14,ALICL,1390,1392,1377,1377,11542,15981066
2016-03-15,ALICL,1377,1395,1378,1380,950,1309570
2016-03-16,ALICL,1380,1387,1366,1380,3459,4770206
2016-03-17,ALICL,1380,1404,1370,1395,6614,9168093
2016-03-20,ALICL,1395,1465,1417,1450,9397,13590356
2016-03-21,ALICL,1450,1480,1446,1446,12290,17924900
2016-03-23,ALICL,1446,1465,1449,1465,6499,9445947
2016-03-24,ALICL,1465,1455,1445,1445,5119,7426099
2016-03-27,ALICL,1445,1450,1422,1445,6303,9085634
2016-03-28,ALICL,1445,1430,1412,1425,6429,9134003
2016-03-29,ALICL,1425,1439,1410,1415,3507,4989803
2016-03-30,ALICL,1415,1440,1361,1380,1389,1925028
2016-03-31,ALICL,1380,1390,1345,1370,3005,4100853
2016-04-03,ALICL,1370,1380,1340,1380,3267,4467516
2016-04-04,ALICL,1380,1375,1360,1365,1303,1778124
2016-04-05,ALICL,1365,1365,1350,1355,4150,5612658
2016-04-06,ALICL,1355,1381,1370,1375,823,1133510
2016-04-10,ALICL,1375,1364,1355,1360,897,1219888
2016-04-11,ALICL,1360,1362,1352,1352,285,385995
2016-04-12,ALICL,1352,1355,1330,1340,3720,4983077
2016-04-14,ALICL,1340,1398,1273,1398,12262,16362749
2016-04-17,ALICL,1398,1400,1371,1390,1515,2102720
2016-04-18,ALICL,1390,1399,1380,1399,5575,7748490
2016-04-19,ALICL,1399,1410,1375,1399,5416,7560478
2016-04-20,ALICL,1399,1410,1399,1402,16903,23685216
2016-04-21,ALICL,1402,1404,1375,1404,3631,5080511
2016-04-24,ALICL,1404,1406,1381,1404,3409,4771798
2016-04-25,ALICL,1404,1410,1391,1410,2991,4190033
2016-04-26,ALICL,1410,1400,1387,1395,4279,5965610
2016-04-27,ALICL,1395,1419,1390,1419,6012,8407757
2016-04-28,ALICL,1419,1430,1393,1393,2387,3335526
2016-05-02,ALICL,1393,1420,1400,1400,669,942640
2016-05-03,ALICL,1400,1405,1395,1405,3633,5091292
2016-05-04,ALICL,1405,1430,1381,1410,2995,4201061
2016-05-05,ALICL,1410,1410,1382,1400,2388,3335514
2016-05-08,ALICL,1400,1400,1375,1395,4152,5791181
2016-05-09,ALICL,1395,1402,1385,1395,8253,11530770
2016-05-10,ALICL,1395,1422,1390,1400,6252,8756438
2016-05-11,ALICL,1400,1419,1395,1419,6077,8550431
2016-05-12,ALICL,1419,1440,1404,1440,7405,10486264
2016-05-15,ALICL,1440,1445,1415,1415,3914,5574824
2016-05-16,ALICL,1415,1430,1400,1430,4608,6532464
2016-05-17,ALICL,1430,1425,1415,1420,4551,6461500
2016-05-18,ALICL,1420,1476,1440,1476,4331,6280778
2016-05-19,ALICL,1476,1489,1470,1480,3920,5787305
2016-05-22,ALICL,1480,1500,1451,1490,2813,4153293
2016-05-23,ALICL,1490,1500,1477,1491,4264,6329896
2016-05-24,ALICL,1491,1500,1470,1480,6737,10017480
2016-05-25,ALICL,1480,1500,1460,1460,5313,7852884
2016-05-26,ALICL,1460,1475,1412,1470,2250,3266243
2016-05-29,ALICL,1470,1477,1460,1460,4736,6955158
2016-05-30,ALICL,1460,1484,1453,1478,8201,11994288
2016-05-31,ALICL,1478,1490,1470,1470,7004,10339705
2016-06-01,ALICL,1470,1475,1460,1465,3566,5237994
2016-06-02,ALICL,1465,1465,1440,1444,2162,3121255
2016-06-05,ALICL,1444,1435,1400,1400,4786,6716692
2016-06-06,ALICL,1400,1428,1407,1410,575,814345
2016-06-07,ALICL,1410,1448,1412,1434,4480,6418070
2016-06-08,ALICL,1434,1485,1440,1485,8101,11922413
2016-06-09,ALICL,1485,1610,1470,1575,21723,33148696
2016-06-12,ALICL,1575,1600,1515,1551,17744,27980744
2016-06-13,ALICL,1551,1585,1525,1585,24210,37665888
2016-06-14,ALICL,1585,1645,1590,1635,26431,42638068
2016-06-15,ALICL,1635,1755,1667,1745,32064,54845456
2016-06-16,ALICL,1745,1919,1779,1870,39483,73846352
2016-06-19,ALICL,1870,1900,1740,1790,28046,51136408
2016-06-20,ALICL,1790,1805,1700,1733,9451,16513139
2016-06-21,ALICL,1733,1775,1745,1770,6139,10820643
2016-06-22,ALICL,1770,1892,1770,1880,28042,51172388
2016-06-23,ALICL,1880,1989,1880,1880,31702,61252328
2016-06-26,ALICL,1880,1885,1845,1850,8974,16735577
2016-06-27,ALICL,1850,1860,1790,1790,10132,18522116
2016-06-28,ALICL,1790,1850,1760,1816,12863,23127474
2016-06-29,ALICL,1816,1880,1820,1820,7227,13265806
2016-06-30,ALICL,1820,1837,1821,1822,2998,5483396
2016-07-03,ALICL,1822,1820,1770,1770,8371,14969000
2016-07-04,ALICL,1770,1790,1751,1790,8086,14280610
2016-07-05,ALICL,1790,1790,1745,1790,4305,7570011
2016-07-06,ALICL,1790,1790,1750,1750,7831,13857758
2016-07-10,ALICL,1750,1780,1735,1758,8742,15289979
2016-07-11,ALICL,1758,1740,1715,1720,4437,7656355
2016-07-12,ALICL,1720,1730,1641,1695,4506,7635940
2016-07-13,ALICL,1695,1700,1653,1700,3960,6630186
2016-07-14,ALICL,1700,1750,1700,1710,4467,7687821
2016-07-17,ALICL,1710,1754,1657,1715,7656,13092066
2016-07-18,ALICL,1715,1886,1715,1886,7605,14059544
2016-07-19,ALICL,1886,1930,1785,1800,7339,13333816
2016-07-20,ALICL,1800,1830,1800,1815,12992,23455300
2016-07-21,ALICL,1815,1830,1790,1812,4188,7604710
2016-07-25,ALICL,1812,1855,1810,1836,19383,35367252
2016-07-26,ALICL,1836,1870,1840,1860,5801,10776609
2016-07-27,ALICL,1860,1890,1821,1840,9745,18164696
2016-07-28,ALICL,1840,1880,1815,1871,5123,9529242
2016-07-31,ALICL,1871,1881,1844,1850,12028,22411140
2016-08-01,ALICL,1850,1880,1830,1870,9300,17237394
2016-08-02,ALICL,1870,1880,1841,1860,9599,17896460
2016-08-03,ALICL,1860,1874,1803,1837,14180,26188066
2016-08-04,ALICL,1837,1835,1750,1770,6954,12520560
2016-08-07,ALICL,1770,1815,1753,1756,5026,8942760
2016-08-08,ALICL,1756,1726,1665,1665,3979,6753044
2016-08-09,ALICL,1665,1731,1698,1731,630,1090200
2016-08-10,ALICL,1731,1836,1696,1760,8352,14790668
2016-08-11,ALICL,1760,1770,1750,1764,3643,6394106
2016-08-14,ALICL,1764,1735,1699,1700,3154,5385522
2016-08-15,ALICL,1700,1666,1601,1630,3971,6495437
2016-08-16,ALICL,1630,1695,1595,1695,4907,7883961
2016-08-17,ALICL,1695,1728,1690,1707,3077,5255802
2016-08-21,ALICL,1707,1725,1650,1650,1173,1963103
2016-08-22,ALICL,1650,1650,1595,1595,3424,5538892
2016-08-23,ALICL,1595,1639,1588,1605,3078,4930431
2016-08-24,ALICL,1605,1765,1637,1764,5654,9830135
2016-08-28,ALICL,1764,1799,1730,1746,3103,5450410
2016-08-29,ALICL,1746,1780,1730,1745,1984,3459985
2016-08-30,ALICL,1745,1750,1711,1740,2183,3797686
2016-08-31,ALICL,1740,1749,1721,1721,1326,2294830
2016-09-01,ALICL,1721,1730,1711,1711,1850,3186888
2016-09-03,ALICL,1711,1730,1710,1730,1593,2733154
2016-09-05,ALICL,1730,1725,1700,1725,3044,5209082
2016-09-06,ALICL,1725,1730,1705,1725,4382,7547359
2016-09-07,ALICL,1725,1735,1720,1720,3006,5178635
2016-09-08,ALICL,1720,1775,1720,1775,2847,4949135
2016-09-11,ALICL,1775,1810,1775,1775,5224,9337882
2016-09-12,ALICL,1775,1805,1772,1799,5974,10716436
2016-09-14,ALICL,1799,1820,1785,1805,5648,10151057
2016-09-18,ALICL,1805,1805,1735,1795,3226,5701959
2016-09-20,ALICL,1795,1790,1790,1790,100,179000
2016-09-21,ALICL,1790,1790,1736,1745,3269,5724365
2016-09-22,ALICL,1745,1750,1725,1745,2752,4791677
2016-09-25,ALICL,1745,1745,1685,1700,1508,2567592
2016-09-26,ALICL,1700,1730,1690,1730,6243,10677910
2016-09-27,ALICL,1730,1745,1705,1730,934,1624967
2016-09-28,ALICL,1730,1720,1707,1720,348,597003
2016-09-29,ALICL,1720,1720,1712,1715,995,1708095
2016-10-02,ALICL,1715,1720,1700,1720,655,1122817
2016-10-03,ALICL,1720,1740,1706,1726,1473,2544258
2016-10-04,ALICL,1726,1765,1750,1765,3684,6468510
2016-10-05,ALICL,1765,1755,1750,1755,155,271525
2016-10-06,ALICL,1755,1775,1755,1763,549,971380
2016-10-16,ALICL,1763,1779,1755,1779,157,277935
2016-10-17,ALICL,1779,1750,1725,1736,4174,7234877
2016-10-18,ALICL,1736,1759,1715,1759,1943,3372562
2016-10-19,ALICL,1759,1742,1730,1731,1469,2550583
2016-10-20,ALICL,1731,1750,1730,1740,2392,4158497
2016-10-23,ALICL,1740,1760,1739,1740,169,296021
2016-10-24,ALICL,1740,1740,1720,1740,1323,2287270
2016-10-25,ALICL,1740,1744,1712,1740,945,1643207
2016-10-26,ALICL,1740,1740,1715,1740,3416,5884210
2016-10-27,ALICL,1740,1720,1712,1712,272,466536
2016-11-03,ALICL,1712,1712,1700,1700,101,172684
2016-11-07,ALICL,1700,1760,1670,1735,4396,7613365
2016-11-08,ALICL,1735,1800,1760,1787,9803,17336672
2016-11-09,ALICL,1787,1783,1730,1760,5794,10117510
2016-11-10,ALICL,1760,1774,1730,1730,3797,6616480
2016-11-13,ALICL,1730,1740,1710,1740,2870,4971054
2016-11-14,ALICL,1740,1738,1716,1738,5512,9538696
2016-11-15,ALICL,1738,1743,1716,1716,1746,3023149
2016-11-16,ALICL,1716,1795,1725,1780,6002,10589064
2016-11-17,ALICL,1780,1760,1710,1735,6330,10937605
2016-11-20,ALICL,1735,1705,1642,1662,2327,3911327
2016-11-21,ALICL,1662,1700,1630,1680,2469,4088992
2016-11-22,ALICL,1680,1700,1653,1666,3577,5944364
2016-11-23,ALICL,1666,1650,1570,1580,1026,1628235
2016-11-24,ALICL,1580,1611,1450,1480,3482,5194388
2016-11-27,ALICL,1480,1470,1338,1338,1862,2639744
2016-11-28,ALICL,1338,1410,1205,1410,17926,22908380
2016-11-29,ALICL,1410,1479,1324,1479,16225,22286852
2016-11-30,ALICL,1479,1601,1448,1601,7540,11526923
2016-12-01,ALICL,1601,1600,1520,1580,7854,12328908
2016-12-04,ALICL,1580,1570,1489,1510,11384,17569500
2016-12-05,ALICL,1510,1521,1471,1475,10764,16031725
2016-12-06,ALICL,1475,1519,1472,1500,9130,13657173
2016-12-07,ALICL,1500,1539,1507,1507,2520,3841241
2016-12-08,ALICL,1507,1525,1464,1470,7060,10436411
2016-12-11,ALICL,1470,1499,1422,1450,6106,8781236
2016-12-12,ALICL,1450,1455,1420,1440,12735,18246036
2016-12-14,ALICL,1440,1468,1422,1450,3169,4583382
2016-12-15,ALICL,1450,1520,1455,1500,8580,12690006
2016-12-18,ALICL,1500,1525,1472,1525,5577,8409793
2016-12-19,ALICL,1525,1530,1488,1490,808,1206900
2016-12-20,ALICL,1490,1480,1451,1451,3083,4496788
2016-12-21,ALICL,1451,1451,1420,1420,6970,9960065
2016-12-22,ALICL,1420,1450,1420,1420,2723,3912966
2016-12-26,ALICL,1420,1410,1382,1384,3588,4992584
2016-12-27,ALICL,1384,1370,1304,1330,6532,8756015
2016-12-28,ALICL,1330,1383,1330,1377,3101,4207156
2016-12-29,ALICL,1377,1465,1369,1400,7869,11132887
2017-01-01,ALICL,1400,1428,1400,1410,7194,10130400
2017-01-02,ALICL,1410,1438,1405,1411,2672,3789812
2017-01-03,ALICL,1411,1411,1360,1375,2163,2973015
2017-01-04,ALICL,1375,1425,1374,1390,480,669308
2017-01-05,ALICL,1390,1390,1375,1375,1940,2676800
2017-01-08,ALICL,1375,1390,1375,1390,1596,2201090
2017-01-09,ALICL,1390,1422,1366,1422,395,548650
2017-01-10,ALICL,1422,1458,1408,1430,1429,2058370
2017-01-11,ALICL,1430,1458,1420,1420,1404,2003445
2017-01-12,ALICL,1420,1420,1400,1420,417,589446
2017-01-15,ALICL,1420,1400,1392,1400,1429,1990220
2017-01-16,ALICL,1400,1400,1372,1385,2140,2945000
2017-01-17,ALICL,1385,1400,1360,1400,2447,3398550
2017-01-18,ALICL,1400,1393,1390,1390,783,1089620
2017-01-19,ALICL,1390,1400,1380,1380,3482,4833920
2017-01-22,ALICL,1380,1407,1380,1380,2230,3089090
2017-01-23,ALICL,1380,1377,1350,1360,3307,4496740
2017-01-24,ALICL,1360,1350,1320,1320,5175,6902860
2017-01-25,ALICL,1320,1320,1269,1269,1991,2565795
2017-01-26,ALICL,1269,1300,1245,1245,2837,3618235
2017-01-30,ALICL,1245,1244,1121,1121,12860,14623335
2017-01-31,ALICL,1121,1163,1056,1100,18638,20427972
2017-02-01,ALICL,1100,1173,1100,1173,6271,7065811
2017-02-02,ALICL,1173,1195,1128,1135,5617,6527240
2017-02-05,ALICL,1135,1160,1110,1130,2510,2862800
2017-02-06,ALICL,1130,1150,1110,1110,1826,2054795
2017-02-07,ALICL,1110,1110,1090,1090,889,973190
2017-02-08,ALICL,1090,1095,1048,1075,6116,6480364
2017-02-09,ALICL,1075,1055,1014,1015,9101,9360448
2017-02-12,ALICL,1015,1035,956,956,6921,6834687
2017-02-13,ALICL,956,998,902,998,4789,4428254
2017-02-14,ALICL,998,1000,960,1000,4561,4474822
2017-02-15,ALICL,1000,1100,1015,1100,16582,17538032
2017-02-16,ALICL,1100,1185,1106,1178,17461,20027130
2017-02-19,ALICL,1178,1243,1125,1230,14697,17535936
2017-02-20,ALICL,1230,1290,1200,1230,17330,21932852
2017-02-21,ALICL,1230,1285,1201,1220,10922,13471815
2017-02-22,ALICL,1220,1219,1186,1188,4475,5369113
2017-02-23,ALICL,1188,1200,1176,1176,2277,2703174
2017-02-26,ALICL,1176,1156,1118,1118,3660,4154645
2017-02-28,ALICL,1118,1160,1096,1099,5208,5797108
2017-03-01,ALICL,1099,1160,1110,1160,2941,3347737
2017-03-02,ALICL,1160,1183,1140,1176,5593,6500391
2017-03-05,ALICL,1176,1263,1186,1250,8591,10531118
2017-03-06,ALICL,1250,1300,1250,1265,8299,10569287
2017-03-07,ALICL,1265,1255,1222,1228,8238,10215444
2017-03-09,ALICL,1228,1280,1235,1255,5881,7406194
2017-03-13,ALICL,1255,1305,1272,1296,11920,15327820
2017-03-14,ALICL,1296,1313,1274,1300,17526,22660544
2017-03-15,ALICL,1300,1304,1265,1299,29126,37608456
2017-03-16,ALICL,1083,1110,1085,1100,2331,2555250
2017-03-19,ALICL,1100,1150,1100,1149,3400,3867590
2017-03-20,ALICL,1149,1263,1162,1260,13133,15979765
2017-03-21,ALICL,1260,1280,1240,1258,11818,14921371
2017-03-22,ALICL,1258,1283,1220,1220,9258,11648201
2017-03-23,ALICL,1220,1244,1205,1220,3691,4504470
2017-03-26,ALICL,1220,1319,1197,1280,7798,10057903
2017-03-28,ALICL,1280,1350,1305,1348,7093,9468732
2017-03-29,ALICL,1348,1374,1300,1300,9747,13057319
2017-03-30,ALICL,1300,1345,1315,1325,1891,2516865
2017-04-02,ALICL,1325,1457,1351,1457,1010,1460270
2017-04-03,ALICL,1457,1602,1486,1580,52051,83086112
2017-04-04,ALICL,1580,1639,1520,1590,18912,30041886
2017-04-06,ALICL,1590,1610,1561,1595,20908,33275456
2017-04-09,ALICL,1595,1610,1580,1590,5539,8821420
2017-04-10,ALICL,1590,1630,1560,1611,28644,45800812
2017-04-11,ALICL,1611,1690,1615,1680,22809,37551556
2017-04-12,ALICL,1680,1709,1620,1620,23367,39366080
2017-04-13,ALICL,1620,1660,1590,1620,13242,21490254
2017-04-16,ALICL,1620,1620,1566,1566,7330,11619850
2017-04-18,ALICL,1566,1560,1447,1510,9177,13885769
2017-04-19,ALICL,1510,1618,1511,1610,6385,10017535
2017-04-20,ALICL,1610,1674,1600,1630,14439,23557140
2017-04-23,ALICL,1630,1695,1617,1660,10945,18195324
2017-04-24,ALICL,1660,1670,1615,1632,6965,11393154
2017-04-25,ALICL,1632,1640,1601,1625,8483,13791833
2017-04-26,ALICL,1625,1621,1600,1621,2485,3994367
2017-04-27,ALICL,1621,1629,1582,1601,3731,5988223
2017-04-30,ALICL,1601,1600,1560,1585,3298,5195280
2017-05-02,ALICL,1585,1620,1571,1594,3109,4949843
2017-05-03,ALICL,1594,1600,1575,1575,5939,9404474
2017-05-04,ALICL,1575,1575,1561,1567,2301,3609653
2017-05-07,ALICL,1567,1580,1550,1564,5864,9116906
2017-05-08,ALICL,1564,1565,1550,1563,2275,3542357
2017-05-09,ALICL,1563,1585,1551,1584,2027,3185021
2017-05-11,ALICL,1584,1608,1570,1570,4330,6809910
2017-05-15,ALICL,1570,1600,1560,1565,3390,5315440
2017-05-16,ALICL,1565,1585,1550,1561,2327,3644339
2017-05-17,ALICL,1561,1560,1552,1553,2757,4293527
2017-05-18,ALICL,1553,1555,1550,1555,1693,2627913
2017-05-21,ALICL,1555,1559,1510,1526,3530,5423310
2017-05-22,ALICL,1526,1522,1498,1510,6480,9754783
2017-05-23,ALICL,1510,1540,1510,1515,5255,7998675
2017-05-24,ALICL,1515,1535,1500,1534,2959,4478948
2017-05-28,ALICL,1534,1530,1505,1505,2562,3885037
2017-05-30,ALICL,1505,1505,1475,1475,6092,9109239
2017-05-31,ALICL,1475,1503,1452,1501,4552,6683635
2017-06-01,ALICL,1501,1500,1485,1489,3170,4728564
2017-06-04,ALICL,1489,1480,1455,1475,2727,4003075
2017-06-05,ALICL,1475,1498,1450,1491,2684,3977727
2017-06-06,ALICL,1491,1530,1500,1518,2531,3827485
2017-06-07,ALICL,1518,1530,1500,1506,4286,6487680
2017-06-08,ALICL,1506,1545,1510,1514,6924,10524740
2017-06-11,ALICL,1514,1503,1490,1490,8528,12750018
2017-06-12,ALICL,1490,1499,1446,1474,1370,2017765
2017-06-13,ALICL,1474,1490,1470,1476,580,860896
2017-06-14,ALICL,1476,1504,1480,1490,2391,3555673
2017-06-15,ALICL,1490,1516,1480,1488,2169,3233762
2017-06-18,ALICL,1488,1519,1487,1500,5563,8376235
2017-06-19,ALICL,1500,1501,1470,1487,1339,1979059
2017-06-20,ALICL,1487,1500,1465,1480,864,1278040
2017-06-21,ALICL,1480,1500,1461,1465,1831,2704734
2017-06-22,ALICL,1465,1494,1466,1466,496,733936
2017-06-25,ALICL,1466,1490,1466,1466,4317,6347898
2017-06-27,ALICL,1466,1489,1460,1487,2186,3233030
2017-06-28,ALICL,1487,1486,1475,1486,2202,3257664
2017-07-02,ALICL,1486,1485,1450,1450,1760,2563088
2017-07-03,ALICL,1450,1460,1450,1452,1298,1884910
2017-07-04,ALICL,1452,1469,1446,1446,988,1440256
2017-07-05,ALICL,1446,1455,1441,1455,3800,5499608
2017-07-06,ALICL,1455,1484,1445,1484,8837,12872794
2017-07-09,ALICL,1484,1512,1445,1473,5260,7803560
2017-07-10,ALICL,1473,1475,1445,1452,1904,2782613
2017-07-11,ALICL,1452,1480,1455,1470,5674,8312935
2017-07-12,ALICL,1470,1470,1460,1460,1930,2821000
2017-07-13,ALICL,1460,1465,1450,1458,6010,8733359
2017-07-16,ALICL,1458,1469,1445,1460,2404,3494676
2017-07-17,ALICL,1460,1490,1468,1480,1914,2844325
2017-07-18,ALICL,1480,1554,1481,1554,15229,23082332
2017-07-19,ALICL,1554,1565,1525,1530,10115,15566547
2017-07-20,ALICL,1530,1555,1530,1542,1731,2673740
2017-07-23,ALICL,1542,1600,1552,1574,8665,13665731
2017-07-24,ALICL,1574,1594,1570,1585,8700,13766792
2017-07-25,ALICL,1585,1634,1580,1634,19548,31320674
2017-07-26,ALICL,1634,1695,1635,1695,13266,22126520
2017-07-27,ALICL,1695,1723,1660,1667,8895,14858435
2017-07-30,ALICL,1667,1680,1639,1680,7398,12244953
2017-07-31,ALICL,1680,1670,1627,1631,4293,7053875
2017-08-01,ALICL,1631,1647,1625,1635,4029,6579839
2017-08-02,ALICL,1635,1645,1630,1631,1632,2666433
2017-08-03,ALICL,1631,1640,1599,1611,4116,6660030
2017-08-06,ALICL,1611,1600,1575,1587,5172,8212227
2017-08-07,ALICL,1587,1600,1587,1600,7566,12061386
2017-08-09,ALICL,1600,1630,1605,1628,11446,18542836
2017-08-10,ALICL,1628,1628,1597,1624,7625,12250034
2017-08-13,ALICL,1624,1615,1599,1601,5097,8160110
2017-08-15,ALICL,1601,1603,1580,1580,2096,3326125
2017-08-16,ALICL,1580,1600,1580,1593,8272,13159389
2017-08-17,ALICL,1593,1595,1579,1590,4066,6432103
2017-08-20,ALICL,1590,1590,1575,1585,2594,4103439
2017-08-21,ALICL,1585,1590,1575,1581,1180,1867472
2017-08-22,ALICL,1581,1612,1570,1600,3339,5295519
2017-08-23,ALICL,1600,1601,1588,1601,3050,4856479
2017-08-24,ALICL,1601,1620,1594,1613,1587,2547483
2017-08-27,ALICL,1613,1615,1590,1600,4425,7094349
2017-08-28,ALICL,1600,1600,1572,1600,1592,2529540
2017-08-30,ALICL,1600,1600,1580,1596,3018,4789125
2017-08-31,ALICL,1596,1596,1541,1555,3384,5272960
2017-09-04,ALICL,1555,1555,1500,1508,8672,13172345
2017-09-06,ALICL,1508,1549,1490,1535,708,1082024
2017-09-07,ALICL,1535,1565,1525,1550,2487,3820310
2017-09-10,ALICL,1550,1550,1505,1520,3205,4893327
2017-09-11,ALICL,1520,1525,1492,1514,5964,8982065
2017-09-12,ALICL,1514,1505,1460,1470,4496,6642025
2017-09-13,ALICL,1470,1495,1453,1461,5097,7476900
2017-09-14,ALICL,1461,1503,1450,1503,2164,3201171
2017-09-17,ALICL,1503,1533,1490,1508,11371,17028440
2017-09-18,ALICL,1508,1508,1490,1498,1626,2431787
2017-09-20,ALICL,1498,1500,1479,1489,1304,1942630
2017-09-24,ALICL,1489,1495,1490,1491,1710,2552045
2017-09-25,ALICL,1491,1499,1490,1492,1561,2329274
2017-09-26,ALICL,1492,1505,1498,1505,2383,3574850
2017-10-03,ALICL,1505,1505,1486,1495,870,1296300
2017-10-04,ALICL,1495,1500,1500,1500,345,517500
2017-10-08,ALICL,1500,1471,1441,1441,2315,3352605
2017-10-09,ALICL,1441,1468,1440,1468,2804,4058340
2017-10-10,ALICL,1468,1485,1461,1465,514,754382
2017-10-11,ALICL,1465,1470,1460,1460,1980,2893477
2017-10-12,ALICL,1460,1470,1463,1470,574,841724
2017-10-15,ALICL,1470,1475,1450,1475,452,660140
2017-10-16,ALICL,1475,1514,1473,1514,1914,2863324
2017-10-17,ALICL,1514,1538,1504,1519,1934,2929718
2017-10-18,ALICL,1519,1549,1501,1549,2688,4090264
2017-10-22,ALICL,1549,1577,1535,1535,119,183925
2017-10-23,ALICL,1535,1549,1522,1530,872,1330653
2017-10-24,ALICL,1530,1510,1495,1510,713,1070505
2017-10-25,ALICL,1510,1520,1480,1520,3823,5700665
2017-10-29,ALICL,1520,1520,1490,1492,1720,2578828
2017-10-30,ALICL,1492,1490,1489,1490,186,277024
2017-10-31,ALICL,1490,1515,1480,1480,478,710345
2017-11-01,ALICL,1480,1461,1440,1456,2454,3562969
2017-11-02,ALICL,1456,1456,1435,1450,3583,5180878
2017-11-05,ALICL,1450,1445,1425,1426,5768,8245346
2017-11-06,ALICL,1426,1450,1421,1424,4142,5918782
2017-11-07,ALICL,1424,1430,1405,1425,2412,3426248
2017-11-08,ALICL,1425,1410,1390,1397,949,1325952
2017-11-09,ALICL,1397,1420,1366,1399,3336,4650658
2017-11-12,ALICL,1399,1407,1405,1407,250,351556
2017-11-13,ALICL,1407,1437,1395,1437,5009,7070634
2017-11-14,ALICL,1437,1467,1432,1440,2327,3350347
2017-11-15,ALICL,1440,1435,1415,1435,1847,2638120
2017-11-16,ALICL,1435,1430,1420,1420,809,1151300
2017-11-19,ALICL,1420,1420,1380,1393,3164,4424950
2017-11-20,ALICL,1393,1410,1392,1410,1381,1923906
2017-11-21,ALICL,1410,1420,1390,1400,2527,3546905
2017-11-22,ALICL,1400,1405,1400,1405,1195,1675400
2017-11-23,ALICL,1405,1410,1400,1402,594,833769
2017-11-26,ALICL,1402,1449,1400,1437,976,1393445
2017-11-27,ALICL,1437,1440,1410,1421,2335,3324480
2017-11-28,ALICL,1421,1435,1425,1425,613,878545
2017-11-29,ALICL,1425,1468,1425,1440,636,924121
2017-11-30,ALICL,1440,1468,1447,1460,991,1447390
2017-12-04,ALICL,1460,1449,1430,1440,626,900973
2017-12-05,ALICL,1440,1485,1455,1485,4497,6622093
2017-12-06,ALICL,1485,1512,1482,1512,7248,10877681
2017-12-10,ALICL,1512,1500,1479,1499,1121,1663843
2017-12-11,ALICL,1499,1498,1453,1482,2054,3054349
2017-12-12,ALICL,1482,1455,1435,1437,1681,2426623
2017-12-13,ALICL,1437,1462,1435,1462,1248,1817430
2017-12-14,ALICL,1462,1460,1449,1449,2111,3064869
2017-12-17,ALICL,1449,1452,1440,1440,497,716544
2017-12-18,ALICL,1440,1455,1438,1441,6659,9619438
2017-12-19,ALICL,1441,1449,1440,1449,846,1219417
2017-12-20,ALICL,1449,1440,1432,1433,1686,2416992
2017-12-21,ALICL,1433,1430,1410,1425,3110,4420200
2017-12-24,ALICL,1425,1450,1425,1425,1913,2735065
2017-12-26,ALICL,1425,1405,1393,1394,3234,4514240
2017-12-27,ALICL,1394,1399,1371,1380,4427,6133885
2017-12-28,ALICL,1380,1395,1360,1384,4164,5704809
2017-12-31,ALICL,1384,1380,1363,1372,760,1042110
2018-01-01,ALICL,1372,1404,1365,1403,4831,6694213
2018-01-02,ALICL,1403,1419,1380,1381,2506,3487987
2018-01-03,ALICL,1381,1381,1365,1366,870,1194555
2018-01-04,ALICL,1366,1380,1361,1361,3546,4847995
2018-01-07,ALICL,1361,1388,1344,1375,386,527582
2018-01-08,ALICL,1375,1450,1399,1450,8299,11743359
2018-01-09,ALICL,1450,1452,1420,1420,6091,8717803
2018-01-10,ALICL,1420,1448,1391,1400,3810,5368806
2018-01-14,ALICL,1400,1401,1375,1383,2268,3141006
2018-01-16,ALICL,1383,1390,1359,1365,4454,6092179
2018-01-17,ALICL,1365,1353,1338,1339,8799,11847723
2018-01-21,ALICL,1339,1350,1316,1316,18945,25263216
2018-01-22,ALICL,911,911,885,891,2651,2362711
2018-01-23,ALICL,891,890,878,878,1075,947476
2018-01-24,ALICL,878,880,878,879,1094,961598
2018-01-25,ALICL,879,905,880,905,2893,2578212
2018-01-28,ALICL,905,905,880,887,2316,2055396
2018-01-29,ALICL,887,885,875,883,836,735647
2018-01-31,ALICL,883,884,870,880,810,708718
2018-02-01,ALICL,880,885,876,877,1447,1269856
2018-02-04,ALICL,877,880,872,872,1401,1226052
2018-02-05,ALICL,872,870,865,865,665,576850
2018-02-06,ALICL,865,865,860,865,113,97430
2018-02-07,ALICL,865,860,840,840,995,843338
2018-02-08,ALICL,840,855,841,855,2709,2291961
2018-02-11,ALICL,855,867,846,867,1642,1394472
2018-02-12,ALICL,867,861,845,855,871,739981
2018-02-14,ALICL,855,860,842,860,1626,1378330
2018-02-15,ALICL,860,902,860,902,2508,2178427
2018-02-18,ALICL,920,920,875,890,2937,2629463
2018-02-20,ALICL,890,890,856,872,1154,1002944
2018-02-21,ALICL,856,860,854,854,251,214632
2018-02-22,ALICL,844,855,843,845,738,626365
2018-02-25,ALICL,846,846,840,840,291,245514
2018-02-26,ALICL,835,835,811,820,1275,1051105
2018-02-27,ALICL,813,835,812,820,1458,1200240
2018-02-28,ALICL,820,820,800,805,1490,1198460
2018-03-04,ALICL,805,805,745,759,2044,1596315
2018-03-05,ALICL,752,752,731,731,1463,1083675
2018-03-06,ALICL,720,758,710,758,2165,1553630
2018-03-07,ALICL,765,765,743,761,2514,1890416
2018-03-11,ALICL,746,746,704,707,4184,3013592
2018-03-12,ALICL,700,719,700,700,1481,1042100
2018-03-13,ALICL,702,705,702,705,370,260150
2018-03-14,ALICL,710,710,710,710,38,26980
2018-03-15,ALICL,710,724,702,702,1055,745188
2018-03-18,ALICL,700,702,697,702,1349,944278
2018-03-19,ALICL,700,700,689,689,1099,761310
2018-03-20,ALICL,690,690,663,663,2337,1565425
2018-03-21,ALICL,660,660,635,640,1600,1034368
2018-03-22,ALICL,630,646,600,633,3874,2380056
2018-03-26,ALICL,621,621,570,570,2440,1448740
2018-03-27,ALICL,562,608,529,581,7171,4108749
2018-03-28,ALICL,580,591,560,560,8019,4606467
2018-03-29,ALICL,571,591,571,584,2040,1184795
2018-04-01,ALICL,580,586,560,580,3028,1750108
2018-04-02,ALICL,591,591,580,589,383,223885
2018-04-03,ALICL,591,600,579,600,1864,1090342
2018-04-04,ALICL,609,624,605,620,2317,1418245
2018-04-05,ALICL,632,650,600,650,8414,5338842
2018-04-08,ALICL,640,715,640,680,9002,6204792
2018-04-09,ALICL,682,730,680,700,8861,6263742
2018-04-10,ALICL,687,725,675,680,4394,3058645
2018-04-11,ALICL,670,693,653,693,5321,3579513
2018-04-12,ALICL,703,717,696,700,8218,5793229
2018-04-15,ALICL,710,718,672,718,4093,2840028
2018-04-16,ALICL,715,789,715,789,17368,12994977
2018-04-17,ALICL,800,867,785,867,18025,14720153
2018-04-18,ALICL,884,890,827,830,19435,16699971
2018-04-19,ALICL,844,872,838,860,15448,13238797
2018-04-22,ALICL,877,914,865,914,10547,9371044
2018-04-23,ALICL,930,940,865,870,13566,12251528
2018-04-24,ALICL,861,900,845,882,9228,8096065
2018-04-25,ALICL,870,886,860,874,11250,9775575
2018-04-26,ALICL,857,857,830,831,17824,15025909
2018-04-29,ALICL,820,847,816,831,6798,5627804
2018-05-02,ALICL,825,858,825,858,3182,2676058
2018-05-03,ALICL,861,869,852,852,6112,5232273
2018-05-06,ALICL,852,859,851,853,3883,3311650
2018-05-07,ALICL,850,855,850,854,2565,2188182
2018-05-08,ALICL,870,885,856,878,14113,12202385
2018-05-09,ALICL,878,885,875,875,4386,3862284
2018-05-10,ALICL,890,890,865,870,2628,2292373
2018-05-14,ALICL,855,863,853,858,2369,2033050
2018-05-15,ALICL,846,848,840,840,2613,2206090
2018-05-16,ALICL,850,856,850,850,2375,2024825
2018-05-17,ALICL,867,867,851,853,2531,2164830
2018-05-20,ALICL,810,817,804,804,4220,3417750
2018-05-21,ALICL,802,802,790,790,2160,1708340
2018-05-22,ALICL,785,785,766,777,2485,1930031
2018-05-23,ALICL,770,780,768,769,2525,1940349
2018-05-24,ALICL,757,760,757,760,414,314090
2018-05-27,ALICL,760,760,753,755,1232,930313
2018-05-28,ALICL,761,790,760,790,326,248220
2018-05-29,ALICL,800,800,775,775,4181,3282980
2018-05-30,ALICL,775,800,775,780,1778,1396614
2018-05-31,ALICL,795,795,765,771,1907,1474102
2018-06-03,ALICL,756,770,746,760,1373,1038638
2018-06-04,ALICL,750,750,727,727,1699,1249732
2018-06-06,ALICL,741,741,731,731,950,703000
2018-06-07,ALICL,731,732,717,717,1999,1448350
2018-06-10,ALICL,703,710,679,679,2104,1450874
2018-06-11,ALICL,692,710,680,695,1009,704195
2018-06-12,ALICL,690,703,685,703,1134,786045
2018-06-13,ALICL,700,705,696,697,1193,835136
2018-06-14,ALICL,700,708,700,700,1745,1227077
2018-06-17,ALICL,713,713,700,700,170,119130
2018-06-18,ALICL,686,694,674,690,1863,1285632
2018-06-19,ALICL,680,680,680,680,355,241400
2018-06-20,ALICL,680,680,670,670,110,73900
2018-06-21,ALICL,670,683,670,670,519,349717
2018-06-24,ALICL,666,690,661,690,835,560045
2018-06-25,ALICL,692,692,666,666,758,511100
2018-06-26,ALICL,655,670,650,652,2289,1502989
2018-06-27,ALICL,650,660,639,642,2611,1688045
2018-06-28,ALICL,650,655,643,643,1642,1068428
2018-07-01,ALICL,631,646,624,646,1368,863237
2018-07-02,ALICL,634,638,625,631,782,495188
2018-07-03,ALICL,620,620,600,618,8829,5350425
2018-07-04,ALICL,616,632,605,620,3095,1909114
2018-07-05,ALICL,620,670,620,667,5293,3420379
2018-07-08,ALICL,665,684,656,658,5163,3433187
2018-07-09,ALICL,671,671,633,633,2295,1490120
2018-07-10,ALICL,645,655,644,653,4360,2829363
2018-07-11,ALICL,653,669,645,650,1869,1222860
2018-07-12,ALICL,648,648,635,640,2016,1294584
2018-07-15,ALICL,640,640,635,636,808,516418
2018-07-16,ALICL,645,683,642,683,2322,1505856
2018-07-17,ALICL,670,670,651,661,721,474769
2018-07-18,ALICL,651,652,641,641,838,541858
2018-07-19,ALICL,629,640,626,632,615,390452
2018-07-22,ALICL,630,630,627,630,978,615780
2018-07-23,ALICL,635,638,630,633,1402,890396
2018-07-24,ALICL,645,657,637,637,2756,1790872
2018-07-25,ALICL,630,646,630,646,372,235390
2018-07-26,ALICL,640,640,636,640,1362,870218
2018-07-30,ALICL,645,645,619,622,1509,941670
2018-07-31,ALICL,620,632,620,632,1112,693604
2018-08-01,ALICL,627,632,625,632,1072,673775
2018-08-02,ALICL,635,635,626,632,1536,965699
2018-08-05,ALICL,632,635,630,630,2427,1529527
2018-08-06,ALICL,631,631,630,630,534,336502
2018-08-07,ALICL,623,630,622,625,1334,834950
2018-08-08,ALICL,615,615,610,610,278,170642
2018-08-09,ALICL,601,615,601,607,3389,2066214
2018-08-12,ALICL,602,602,597,600,1096,657410
2018-08-13,ALICL,595,614,595,607,1983,1205443
2018-08-14,ALICL,610,618,610,618,455,279495
2018-08-15,ALICL,610,638,608,636,1816,1132314
2018-08-16,ALICL,636,636,620,620,3342,2095701
2018-08-19,ALICL,625,625,615,615,7240,4506370
2018-08-20,ALICL,616,616,605,616,989,606168
2018-08-21,ALICL,608,610,607,610,765,465845
2018-08-22,ALICL,603,608,602,602,2273,1372863
2018-08-23,ALICL,600,602,594,594,10350,6181855
2018-08-26,ALICL,598,600,598,599,270,161775
2018-08-28,ALICL,601,601,595,595,634,378928
2018-08-29,ALICL,591,594,590,591,1536,908227
2018-08-30,ALICL,595,595,595,595,20,11900
2018-09-02,ALICL,595,602,595,595,729,436030
2018-09-03,ALICL,606,610,595,600,3234,1949748
2018-09-04,ALICL,609,619,600,605,2990,1821726
2018-09-05,ALICL,615,625,610,613,4196,2592069
2018-09-06,ALICL,614,624,602,612,4336,2640525
2018-09-09,ALICL,608,608,591,591,1540,920540
2018-09-10,ALICL,591,601,591,599,2062,1223776
2018-09-11,ALICL,600,603,593,593,1355,810485
2018-09-12,ALICL,600,614,590,590,1074,636818
2018-09-13,ALICL,601,605,593,599,709,423423
2018-09-16,ALICL,610,610,598,598,3852,2314449
2018-09-17,ALICL,590,625,590,610,6413,3932124
2018-09-18,ALICL,605,630,605,612,6633,4120982
2018-09-20,ALICL,610,615,609,615,2169,1328747
2018-09-23,ALICL,610,620,607,607,1264,769711
2018-09-25,ALICL,601,626,600,610,5435,3309174
2018-09-26,ALICL,615,620,610,613,6536,4000004
2018-09-27,ALICL,613,613,602,602,2480,1500890
2018-09-30,ALICL,601,605,594,596,1476,886058
2018-10-01,ALICL,590,601,590,599,1090,650409
2018-10-02,ALICL,597,597,591,592,1246,738812
2018-10-03,ALICL,595,595,586,590,2479,1460055
2018-10-04,ALICL,586,592,582,590,3340,1955070
2018-10-07,ALICL,590,590,571,582,2927,1680504
2018-10-08,ALICL,585,585,581,583,1108,646807
2018-10-09,ALICL,584,585,580,581,953,555098
2018-10-10,ALICL,582,582,578,578,1304,756500
2018-10-11,ALICL,580,582,580,582,2397,1392068
2018-10-14,ALICL,593,593,587,593,688,407349
2018-10-15,ALICL,585,590,580,588,1320,769196
2018-10-21,ALICL,592,592,592,592,312,184722
2018-10-22,ALICL,585,590,583,583,339,198307
2018-10-23,ALICL,576,580,575,576,2259,1302568
2018-10-24,ALICL,579,580,570,580,742,427595
2018-10-25,ALICL,575,579,574,575,1742,1002528
2018-10-28,ALICL,570,575,568,568,1384,788705
2018-10-29,ALICL,561,570,561,566,1576,893338
2018-10-30,ALICL,577,577,563,570,2493,1416956
2018-10-31,ALICL,567,567,566,566,806,456468
2018-11-01,ALICL,568,568,565,566,635,359840
2018-11-04,ALICL,568,568,557,557,1051,592327
2018-11-05,ALICL,550,570,550,570,2554,1446771
2018-11-11,ALICL,570,570,569,569,49,27881
2018-11-12,ALICL,560,570,559,560,1096,617705
2018-11-13,ALICL,560,561,560,561,39,21864
2018-11-14,ALICL,561,568,561,565,383,216062
2018-11-15,ALICL,576,576,555,560,1590,898190
2018-11-18,ALICL,549,551,547,549,3790,2078790
2018-11-19,ALICL,540,550,540,543,856,466885
2018-11-20,ALICL,545,555,543,550,859,471292
2018-11-21,ALICL,550,550,540,550,580,316650
2018-11-22,ALICL,548,548,548,548,72,39456
2018-11-25,ALICL,545,545,529,530,639,341832
2018-11-26,ALICL,532,532,515,516,4981,2599012
2018-11-27,ALICL,515,527,515,517,1000,517231
2018-11-28,ALICL,520,520,511,515,865,446563
2018-11-29,ALICL,512,512,496,496,2427,1212434
2018-12-02,ALICL,488,495,470,474,1321,637656
2018-12-03,ALICL,475,490,470,470,4569,2175294
2018-12-04,ALICL,468,477,468,477,2696,1267607
2018-12-05,ALICL,470,470,454,454,7487,3448686
2018-12-06,ALICL,446,460,445,458,3987,1802406
2018-12-09,ALICL,452,459,452,455,450,204350
2018-12-10,ALICL,460,473,460,464,1433,672714
2018-12-11,ALICL,465,475,465,471,3401,1601409
2018-12-12,ALICL,466,478,466,477,1887,890059
2018-12-13,ALICL,477,490,474,490,3395,1637659
2018-12-16,ALICL,484,516,484,516,8923,4530535
2018-12-17,ALICL,526,566,525,550,9045,4962036
2018-12-18,ALICL,558,560,538,550,14327,7826555
2018-12-19,ALICL,550,569,540,552,7227,3992762
2018-12-20,ALICL,563,564,554,557,4944,2766876
2018-12-23,ALICL,568,608,568,600,14570,8577582
2018-12-24,ALICL,610,620,577,605,21076,12677451
2018-12-25,ALICL,601,602,595,600,10700,6420142
2018-12-26,ALICL,611,634,611,634,27484,17135060
2018-12-27,ALICL,646,658,626,648,26769,17310886
2018-12-30,ALICL,636,650,630,632,4972,3191333
2018-12-31,ALICL,640,640,607,607,6151,3824791
2019-01-01,ALICL,620,631,604,616,4796,2960487
2019-01-02,ALICL,628,628,603,604,7396,4496076
2019-01-03,ALICL,610,615,604,611,7387,4525955
2019-01-06,ALICL,615,615,599,600,3297,1982086
2019-01-07,ALICL,611,613,605,613,1769,1080161
2019-01-08,ALICL,611,615,610,615,2086,1277952
2019-01-09,ALICL,620,620,615,618,1349,830692
2019-01-10,ALICL,616,620,615,620,1686,1040834
2019-01-13,ALICL,630,630,608,615,666,406550
2019-01-14,ALICL,604,612,603,612,1144,696576
2019-01-15,ALICL,615,640,615,635,9296,5853435
2019-01-16,ALICL,640,641,627,636,9547,6050683
2019-01-17,ALICL,645,645,630,630,3329,2104006
2019-01-20,ALICL,640,640,620,620,568,356360
2019-01-21,ALICL,610,622,610,618,750,462490
2019-01-22,ALICL,614,624,610,621,1439,882178
2019-01-23,ALICL,611,623,611,617,3051,1891632
2019-01-24,ALICL,621,629,618,618,806,503279
2019-01-27,ALICL,609,619,607,619,3127,1911808
2019-01-28,ALICL,624,624,613,613,351,215861
2019-01-29,ALICL,614,614,610,610,1470,897879
2019-01-30,ALICL,602,614,602,613,2241,1369005
2019-01-31,ALICL,615,615,610,615,828,507479
2019-02-03,ALICL,608,615,606,615,2920,1777404
2019-02-04,ALICL,611,611,599,603,3738,2246677
2019-02-05,ALICL,591,605,591,602,1306,786148
2019-02-06,ALICL,600,605,594,604,1966,1177269
2019-02-07,ALICL,605,605,590,600,1608,954550
2019-02-10,ALICL,592,592,588,588,531,313288
2019-02-11,ALICL,598,598,583,583,2547,1493461
2019-02-12,ALICL,578,586,577,581,1287,748011
2019-02-13,ALICL,583,591,581,581,3628,2130336
2019-02-14,ALICL,580,580,560,580,3116,1757609
2019-02-17,ALICL,585,591,566,570,2467,1422452
2019-02-18,ALICL,564,565,559,565,2320,1301660
2019-02-19,ALICL,570,596,565,592,4044,2350775
2019-02-20,ALICL,585,585,571,572,1472,847813
2019-02-21,ALICL,572,580,568,570,1046,597744
2019-02-24,ALICL,575,578,559,559,7762,4429905
2019-02-25,ALICL,559,570,548,570,12451,6868883
2019-02-26,ALICL,559,560,545,549,7304,4021950
2019-02-27,ALICL,559,559,550,552,3000,1662090
2019-03-03,ALICL,548,560,545,545,10304,5674839
2019-03-05,ALICL,549,550,538,540,41695,22616114
2019-03-06,ALICL,382,389,370,388,7818,2983332
2019-03-07,ALICL,395,399,385,398,10635,4172050
2019-03-10,ALICL,393,398,386,398,1258,494466
2019-03-11,ALICL,401,401,393,398,4776,1892327
2019-03-12,ALICL,405,405,396,400,6087,2431183
2019-03-13,ALICL,400,401,395,396,9841,3922959
2019-03-14,ALICL,390,400,390,397,1482,589054
2019-03-17,ALICL,400,408,398,401,5898,2368813
2019-03-18,ALICL,403,404,393,396,2680,1065132
2019-03-19,ALICL,403,403,395,398,407,161519
2019-03-21,ALICL,404,404,389,389,2300,903160
2019-03-24,ALICL,387,387,381,381,4681,1796712
2019-03-25,ALICL,380,386,379,385,2089,801583
2019-03-26,ALICL,383,387,379,383,2134,813722
2019-03-27,ALICL,382,387,382,387,3322,1279254
2019-03-28,ALICL,385,390,385,390,968,376211
2019-03-31,ALICL,394,394,383,390,4698,1810849
2019-04-01,ALICL,390,394,386,387,2092,816220
2019-04-02,ALICL,394,394,386,390,1508,586421
2019-04-03,ALICL,392,395,390,395,3887,1519839
2019-04-04,ALICL,390,393,388,393,3429,1337963
2019-04-07,ALICL,390,393,390,393,954,372315
2019-04-08,ALICL,396,431,395,412,14613,6017083
2019-04-09,ALICL,431,431,404,404,13117,5442801
2019-04-10,ALICL,401,410,400,403,2347,949800
2019-04-11,ALICL,410,418,403,409,5452,2216012
2019-04-15,ALICL,409,409,401,404,1857,750823
2019-04-16,ALICL,403,413,403,412,3660,1503625
2019-04-17,ALICL,420,420,409,414,6987,2900654
2019-04-18,ALICL,415,416,408,412,964,396234
2019-04-21,ALICL,414,414,405,410,2800,1142840
2019-04-22,ALICL,412,432,410,423,13064,5499490
2019-04-23,ALICL,423,423,412,416,3992,1661468
2019-04-24,ALICL,436,436,415,415,2385,995480
2019-04-25,ALICL,423,430,417,420,7399,3105281
2019-04-28,ALICL,428,462,428,462,32497,14669063
2019-04-29,ALICL,471,483,451,464,36945,17295556
2019-04-30,ALICL,465,466,441,441,13750,6226231
2019-05-02,ALICL,441,455,435,445,7985,3562770
2019-05-05,ALICL,440,450,435,435,3743,1638261
2019-05-06,ALICL,435,455,420,455,7198,3099668
2019-05-07,ALICL,462,462,441,442,4888,2191762
2019-05-08,ALICL,450,450,434,440,3076,1363210
2019-05-09,ALICL,448,455,437,439,4461,1976965
2019-05-12,ALICL,441,450,440,441,4128,1831094
2019-05-13,ALICL,441,448,436,443,5925,2616464
2019-05-14,ALICL,440,452,440,451,11199,5019915
2019-05-15,ALICL,450,454,443,443,3997,1794141
2019-05-16,ALICL,443,443,433,438,3428,1497958
2019-05-19,ALICL,432,434,424,430,5712,2447724
2019-05-20,ALICL,435,435,431,431,1436,619948
2019-05-21,ALICL,430,432,428,432,2174,934455
2019-05-22,ALICL,435,437,424,430,3230,1384373
2019-05-23,ALICL,425,430,424,424,3080,1312932
2019-05-26,ALICL,432,432,420,420,3769,1597201
2019-05-27,ALICL,413,426,413,418,439,184586
2019-05-28,ALICL,426,430,420,423,2795,1180710
2019-05-29,ALICL,430,430,418,420,5708,2403268
2019-05-30,ALICL,428,430,416,416,11877,4997797
2019-06-02,ALICL,413,414,410,410,4552,1875007
2019-06-03,ALICL,418,418,404,410,3583,1455778
2019-06-04,ALICL,407,408,403,406,2621,1063393
2019-06-06,ALICL,400,406,400,401,2712,1094776
2019-06-10,ALICL,405,408,396,396,3541,1413638
2019-06-11,ALICL,400,400,394,399,2822,1115188
2019-06-12,ALICL,406,406,391,393,3480,1370348
2019-06-13,ALICL,393,399,393,395,2725,1079359
2019-06-16,ALICL,401,402,390,393,2357,928965
2019-06-17,ALICL,390,395,388,393,2524,991408
2019-06-18,ALICL,390,394,390,394,520,202880
2019-06-19,ALICL,395,395,391,395,339,133809
2019-06-20,ALICL,391,394,387,388,4172,1623474
2019-06-23,ALICL,384,384,380,381,4099,1562859
2019-06-24,ALICL,382,383,380,381,1921,733121
2019-06-25,ALICL,381,390,380,384,3923,1503829
2019-06-26,ALICL,378,382,378,382,1025,390724
2019-06-27,ALICL,388,405,381,395,2451,960238
2019-06-30,ALICL,388,388,375,380,2778,1050228
2019-07-01,ALICL,380,391,373,391,2598,986527
2019-07-02,ALICL,384,387,382,387,1731,666476
2019-07-03,ALICL,383,392,380,392,2877,1112467
2019-07-04,ALICL,392,399,390,390,3351,1308381
2019-07-07,ALICL,387,390,386,388,1276,495794
2019-07-08,ALICL,390,390,382,382,930,357718
2019-07-09,ALICL,383,385,381,382,1492,570975
2019-07-10,ALICL,382,393,382,382,1015,394578
2019-07-11,ALICL,382,390,382,386,2648,1025705
2019-07-14,ALICL,382,387,382,387,1384,533206
2019-07-15,ALICL,388,388,384,387,2624,1013459
2019-07-16,ALICL,406,406,382,383,2489,960432
2019-07-17,ALICL,388,395,385,395,2255,880676
2019-07-18,ALICL,390,393,380,382,7613,2922804
2019-07-21,ALICL,386,386,377,381,7635,2890694
2019-07-22,ALICL,382,382,378,379,5707,2162575
2019-07-23,ALICL,381,382,377,378,6201,2346466
2019-07-24,ALICL,384,385,377,383,13058,4968936
2019-07-25,ALICL,380,381,377,378,3692,1395546
2019-07-28,ALICL,375,375,369,372,4700,1745059
2019-07-29,ALICL,372,372,368,368,2396,884724
2019-07-30,ALICL,369,375,368,368,4170,1542271
2019-07-31,ALICL,371,373,368,370,7012,2597390
2019-08-01,ALICL,375,375,368,372,3560,1317615
2019-08-04,ALICL,372,374,364,364,5081,1875995
2019-08-05,ALICL,369,369,362,362,4508,1637915
2019-08-06,ALICL,362,365,358,358,2934,1055860
2019-08-07,ALICL,357,363,357,360,1757,634307
2019-08-08,ALICL,367,367,356,356,2239,806984
2019-08-11,ALICL,350,355,350,352,3155,1111898
2019-08-12,ALICL,354,354,346,354,5121,1799086
2019-08-13,ALICL,358,358,351,351,169,59669
2019-08-14,ALICL,354,354,349,349,2573,902370
2019-08-15,ALICL,350,350,345,348,2504,865594
2019-08-18,ALICL,342,349,342,343,4727,1623542
2019-08-19,ALICL,337,350,337,349,3072,1055111
2019-08-20,ALICL,345,345,340,340,5976,2046918
2019-08-21,ALICL,340,340,334,338,5744,1935197
2019-08-22,ALICL,340,351,337,339,3725,1267317
2019-08-25,ALICL,334,345,334,345,4882,1645262
2019-08-26,ALICL,339,339,332,337,2472,828005
2019-08-27,ALICL,343,344,338,342,595,203390
2019-08-28,ALICL,342,342,330,336,2347,783277
2019-08-29,ALICL,332,336,326,326,1492,492995
2019-09-01,ALICL,328,328,313,313,10968,3503360
2019-09-02,ALICL,308,318,307,309,13514,4189283
2019-09-03,ALICL,304,333,304,333,4658,1473321
2019-09-04,ALICL,330,344,325,333,8783,2935986
2019-09-05,ALICL,333,334,325,329,5397,1775347
2019-09-08,ALICL,325,328,323,325,4802,1556817
2019-09-09,ALICL,323,324,313,321,3360,1071517
2019-09-10,ALICL,316,323,312,320,5008,1595616
2019-09-11,ALICL,315,320,310,320,3945,1243831
2019-09-12,ALICL,314,321,314,318,4075,1292865
2019-09-15,ALICL,318,318,310,310,3767,1178517
2019-09-16,ALICL,305,317,305,315,7432,2291998
2019-09-17,ALICL,315,318,308,317,3873,1215395
2019-09-18,ALICL,323,335,316,334,15415,4945467
2019-09-19,ALICL,328,332,317,324,1181,386521
2019-09-22,ALICL,320,320,313,318,855,269097
2019-09-23,ALICL,318,324,316,317,2220,709945
2019-09-24,ALICL,320,320,310,312,4601,1443732
2019-09-25,ALICL,314,314,312,313,1719,537616
2019-09-26,ALICL,318,318,310,310,4553,1421600
2019-09-29,ALICL,308,310,304,309,4228,1300311
2019-09-30,ALICL,310,316,310,311,1346,421186
2019-10-01,ALICL,310,326,310,317,3699,1172687
2019-10-02,ALICL,313,313,312,312,2800,874900
2019-10-03,ALICL,318,324,316,316,1560,495340
2019-10-10,ALICL,320,321,314,314,2983,942051
2019-10-14,ALICL,315,317,310,310,3576,1118066
2019-10-15,ALICL,315,315,310,310,384,119260
2019-10-16,ALICL,315,320,315,317,1525,483736
2019-10-17,ALICL,316,318,315,318,788,249462
2019-10-20,ALICL,316,316,314,314,4959,1564312
2019-10-21,ALICL,312,319,312,314,1622,510298
2019-10-22,ALICL,314,315,310,310,4672,1457498
2019-10-23,ALICL,309,322,309,321,511,163183
2019-10-24,ALICL,321,321,315,315,2339,742528
2019-10-31,ALICL,312,315,312,315,1211,380723
2019-11-03,ALICL,315,315,310,310,1100,341553
2019-11-04,ALICL,309,314,308,311,2084,647501
2019-11-05,ALICL,311,313,311,313,890,277750
2019-11-06,ALICL,315,315,311,311,790,246190
2019-11-07,ALICL,311,315,311,312,3224,1008598
2019-11-10,ALICL,310,314,310,314,2259,703787
2019-11-11,ALICL,311,318,310,312,1837,577476
2019-11-12,ALICL,310,314,310,312,2521,785854
2019-11-13,ALICL,315,315,312,315,2686,840430
2019-11-14,ALICL,316,318,316,318,2663,844547
2019-11-17,ALICL,315,318,315,315,4752,1500105
2019-11-18,ALICL,316,317,315,316,1571,497446
2019-11-19,ALICL,316,317,314,315,2050,647348
2019-11-20,ALICL,311,325,305,314,18760,5840289
2019-11-21,ALICL,315,315,312,315,12836,4040938
2019-11-24,ALICL,315,315,310,314,10694,3352963
2019-11-25,ALICL,312,313,310,313,2450,761645
2019-11-26,ALICL,312,312,310,311,1318,410108
2019-11-27,ALICL,311,318,311,316,1770,560686
2019-11-28,ALICL,315,315,313,313,1218,381271
2019-12-01,ALICL,318,318,309,315,1537,482705
2019-12-02,ALICL,310,313,310,312,2107,656841
2019-12-03,ALICL,316,320,314,319,8000,2538673
2019-12-04,ALICL,325,335,321,335,7263,2374905
2019-12-05,ALICL,335,346,330,342,13031,4390796
2019-12-08,ALICL,336,341,330,341,6679,2252150
2019-12-09,ALICL,338,358,335,344,9420,3287960
2019-12-10,ALICL,341,354,341,352,10792,3755389
2019-12-11,ALICL,351,365,344,360,8638,3079556
2019-12-12,ALICL,360,395,355,385,38340,14578835
2019-12-15,ALICL,385,385,355,363,20768,7691761
2019-12-16,ALICL,356,374,346,347,15226,5423711
2019-12-17,ALICL,350,363,350,358,6903,2448730
2019-12-18,ALICL,365,365,350,350,1903,670609
2019-12-19,ALICL,353,360,344,352,7073,2470001
2019-12-22,ALICL,352,352,342,345,6564,2285824
2019-12-23,ALICL,351,366,350,365,15245,5473082
2019-12-24,ALICL,363,368,354,359,16445,5929673
2019-12-25,ALICL,355,365,355,362,8824,3180796
2019-12-26,ALICL,358,367,358,360,11943,4331099
2019-12-29,ALICL,365,367,358,359,8949,3242932
2019-12-30,ALICL,365,384,365,378,25591,9595957
2019-12-31,ALICL,379,388,373,378,43647,16623612
2020-01-01,ALICL,378,382,378,378,10604,4030629
2020-01-02,ALICL,377,384,375,379,9598,3639640
2020-01-05,ALICL,381,385,379,379,13982,5339081
2020-01-06,ALICL,382,386,380,380,18250,6982240
2020-01-07,ALICL,380,388,376,381,14127,5408738
2020-01-08,ALICL,380,388,375,382,12248,4666012
2020-01-09,ALICL,382,386,380,381,11573,4429543
2020-01-12,ALICL,388,419,387,419,33054,13388169
2020-01-13,ALICL,419,438,413,424,35486,15123807
2020-01-14,ALICL,419,439,418,424,25932,11116410
2020-01-15,ALICL,432,440,424,424,11864,5112229
2020-01-16,ALICL,432,440,429,439,18121,7867891
2020-01-19,ALICL,445,482,445,482,41384,19594360
2020-01-20,ALICL,491,500,459,468,57921,27475368
2020-01-21,ALICL,460,504,460,484,50808,24493172
2020-01-22,ALICL,489,532,473,525,116232,58367352
2020-01-23,ALICL,534,535,506,508,70144,36518264
2020-01-26,ALICL,500,512,482,497,46322,22978304
2020-01-27,ALICL,489,522,489,520,40206,20643608
2020-01-28,ALICL,530,541,520,533,76662,40737560
2020-01-29,ALICL,538,540,524,534,32519,17316088
2020-01-30,ALICL,560,587,538,572,121015,68103320
2020-02-02,ALICL,575,580,562,569,72209,41140948
2020-02-03,ALICL,578,578,557,566,33947,19196604
2020-02-04,ALICL,566,580,556,562,51998,29482612
2020-02-05,ALICL,568,568,555,562,26677,14929903
2020-02-06,ALICL,572,577,562,567,41646,23738708
2020-02-09,ALICL,575,575,555,560,29224,16359793
2020-02-10,ALICL,558,569,550,561,21390,11957482
2020-02-11,ALICL,572,583,564,567,35369,20155968
2020-02-12,ALICL,572,588,566,588,45147,26192618
2020-02-13,ALICL,599,617,589,606,108043,65182776
2020-02-16,ALICL,615,645,611,645,76169,47977024
2020-02-17,ALICL,657,669,637,640,98153,63893328
2020-02-18,ALICL,640,640,617,632,46441,29203296
2020-02-19,ALICL,639,639,619,633,37104,23341112
2020-02-20,ALICL,645,663,633,647,57712,37363448
2020-02-23,ALICL,659,665,642,651,62230,40533732
2020-02-24,ALICL,660,662,639,647,48672,31424552
2020-02-25,ALICL,646,699,638,690,77035,51381360
2020-02-26,ALICL,695,720,686,701,92597,64890352
2020-02-27,ALICL,687,707,654,678,114693,79179320
2020-03-01,ALICL,675,683,647,648,140078,92391256
2020-03-02,ALICL,638,670,615,615,49228,31358878
2020-03-03,ALICL,645,654,576,617,81900,50869016
2020-03-04,ALICL,613,628,575,584,67886,40353408
2020-03-05,ALICL,573,607,562,580,47843,27807668
2020-03-10,ALICL,584,584,541,541,24860,13924969
2020-03-11,ALICL,551,592,533,592,48569,27382472
2020-03-12,ALICL,621,621,555,557,52397,29875208
2020-03-15,ALICL,558,560,507,507,46843,24757038
2020-03-16,ALICL,502,535,492,520,32503,16619490
2020-03-17,ALICL,510,511,480,481,36459,18019776
2020-03-18,ALICL,490,495,463,470,32243,15272558
2020-03-19,ALICL,461,499,445,485,29249,14039339
2020-03-22,ALICL,494,494,455,492,3443,1619660
2020-05-13,ALICL,483,483,478,478,20,9610
2020-06-29,ALICL,469,478,431,490,12570,5742283
2020-06-30,ALICL,495,539,495,539,4272,2244629
2020-07-01,ALICL,549,592,549,591,7482,4355840
2020-07-02,ALICL,600,602,535,540,9133,5148435
2020-07-05,ALICL,539,571,511,563,18576,10241779
2020-07-06,ALICL,564,589,564,581,33459,19145972
2020-07-07,ALICL,592,602,574,593,25112,14888779
2020-07-08,ALICL,582,604,562,585,11911,6954690
2020-07-09,ALICL,590,590,574,580,16089,9351434
2020-07-12,ALICL,591,602,582,596,18478,11017955
2020-07-13,ALICL,596,608,595,606,27401,16516960
2020-07-14,ALICL,606,615,601,607,21586,13098000
2020-07-15,ALICL,619,620,602,607,18664,11348893
2020-07-16,ALICL,607,615,607,615,12792,7800509
2020-07-19,ALICL,627,650,627,650,70,45160
2020-07-20,ALICL,682,694,625,640,28257,18284520
2020-07-21,ALICL,630,640,617,628,19309,12150284
2020-07-22,ALICL,627,637,624,631,24168,15208503
2020-07-23,ALICL,625,637,619,635,24371,15347121
2020-07-26,ALICL,640,665,636,662,37869,24674320
2020-07-27,ALICL,672,680,650,659,41206,27313068
2020-07-28,ALICL,659,665,646,659,30059,19774928
2020-07-29,ALICL,660,660,645,645,37109,24117790
2020-07-30,ALICL,644,668,638,646,21897,14145287
2020-08-02,ALICL,635,647,614,614,30879,19282804
2020-08-03,ALICL,610,637,610,624,27440,17042844
2020-08-05,ALICL,618,619,608,608,19970,12202109
2020-08-06,ALICL,620,620,600,613,14155,8605350
2020-08-09,ALICL,605,622,604,618,23086,14118820
2020-08-10,ALICL,628,642,625,641,24021,15282950
2020-08-11,ALICL,653,653,626,635,15512,9839764
2020-08-12,ALICL,645,657,632,640,40427,26011392
2020-08-13,ALICL,639,640,629,630,20102,12738860
2020-08-16,ALICL,629,629,618,622,13528,8424554
2020-08-17,ALICL,622,644,620,639,11172,7071311
2020-08-18,ALICL,640,646,631,642,24505,15670792
2020-08-19,ALICL,631,638,625,628,13751,8640194
2020-08-20,ALICL,636,636,627,634,3186,2013768
2020-08-23,ALICL,634,658,627,658,32352,20893861
2020-08-24,ALICL,658,675,658,670,55625,37218447
2020-08-25,ALICL,703,703,660,695,86183,59122751
2020-08-26,ALICL,701,734,700,710,106528,76124883
2020-08-27,ALICL,708,718,698,699,71564,50376919
2020-08-30,ALICL,699,728,688,728,47421,33420962
2020-08-31,ALICL,734,765,720,742,121765,90433323
2020-09-02,ALICL,750,765,712,720,89405,65653702
2020-09-03,ALICL,720,736,711,723,55564,40159732
2020-09-06,ALICL,737,745,711,715,42813,31052094
2020-09-07,ALICL,704,722,700,710,38052,27094193
2020-09-08,ALICL,701,727,701,727,40442,29014582
2020-09-09,ALICL,740,745,712,733,57800,42247164
2020-09-10,ALICL,733,760,733,754,86310,64732320
2020-09-13,ALICL,769,780,736,774,108627,83554961
2020-09-14,ALICL,774,788,754,757,88425,67742540
2020-09-15,ALICL,751,760,748,757,42580,32139716
2020-09-16,ALICL,768,768,745,760,37326,28323634
2020-09-17,ALICL,760,770,748,749,53177,40191703
2020-09-20,ALICL,751,754,740,748,15346,11449518
2020-09-21,ALICL,748,748,737,738,29362,21792585
2020-09-22,ALICL,752,754,731,737,28351,20892370
2020-09-23,ALICL,730,744,723,737,16664,12266442
2020-09-24,ALICL,731,742,730,742,14715,10850625
2020-09-27,ALICL,742,742,733,735,21406,15772583
2020-09-28,ALICL,739,739,726,726,13647,9933251
2020-09-29,ALICL,724,728,718,721,17157,12390111
2020-09-30,ALICL,725,735,717,720,17534,12644955
2020-10-01,ALICL,733,742,725,741,29936,22030380
2020-10-04,ALICL,750,750,738,748,41636,30966720
2020-10-05,ALICL,742,750,738,738,18336,13608655
2020-10-06,ALICL,739,740,732,732,9745,7157591
2020-10-07,ALICL,732,739,724,735,11711,8619194
2020-10-08,ALICL,730,744,730,732,16566,12223517
2020-10-11,ALICL,725,735,723,724,6653,4837362
2020-10-12,ALICL,725,725,720,722,13383,9654841
2020-10-13,ALICL,729,729,715,715,14303,10271611
2020-10-14,ALICL,713,718,710,712,16249,11579390
2020-10-15,ALICL,724,724,709,711,7321,5209952
2020-10-18,ALICL,720,720,705,706,8799,6228885
2020-10-19,ALICL,710,733,708,718,6386,4576814
2020-10-20,ALICL,728,730,720,728,7140,5161804
2020-10-21,ALICL,727,731,724,728,5184,3767478
2020-10-22,ALICL,727,733,724,724,6925,5032201
2020-10-28,ALICL,724,737,722,736,9812,7144186
2020-10-29,ALICL,739,745,737,737,8616,6380225
2020-11-01,ALICL,738,739,732,735,3608,2653287
2020-11-02,ALICL,730,744,730,740,15351,11339883
2020-11-03,ALICL,736,742,736,738,14135,10440861
2020-11-04,ALICL,748,750,734,738,7746,5727316
2020-11-05,ALICL,736,739,735,738,10864,8008830
2020-11-08,ALICL,738,761,736,757,37558,28216550
2020-11-09,ALICL,760,772,757,761,52071,39959356
2020-11-10,ALICL,763,800,762,800,114912,89812539
2020-11-11,ALICL,800,812,786,789,78810,62419275
2020-11-12,ALICL,828,828,775,782,63330,49754340
2020-11-18,ALICL,782,810,770,806,81984,65265735
2020-11-19,ALICL,800,835,800,824,101289,83391720
2020-11-22,ALICL,800,826,797,808,162319,131560319
2020-11-23,ALICL,807,807,785,797,41599,33162151
2020-11-24,ALICL,795,813,793,812,73741,59344585
2020-11-25,ALICL,827,829,812,822,66156,54273111
2020-11-26,ALICL,826,827,800,805,57321,46622397
2020-11-29,ALICL,805,825,792,822,68211,55374447
2020-11-30,ALICL,840,890,818,886,105145,90373631
2020-12-01,ALICL,886,896,868,878,67359,59227107
2020-12-02,ALICL,890,959,882,927,94844,87145005
2020-12-03,ALICL,927,940,887,889,86615,77965520
2020-12-06,ALICL,880,880,829,829,115945,99172111
2020-12-07,ALICL,844,880,814,875,53337,45802758
2020-12-08,ALICL,859,892,859,863,47662,41684216
2020-12-09,ALICL,851,860,847,853,36019,30760358
2020-12-10,ALICL,855,873,846,862,31241,26844208
2020-12-13,ALICL,875,895,874,893,72325,63967792
2020-12-14,ALICL,910,953,900,950,101318,94388818
2020-12-15,ALICL,969,973,928,947,87588,83484108
2020-12-16,ALICL,935,950,929,942,32494,30467501
2020-12-17,ALICL,989,989,916,927,59705,55515773
2020-12-20,ALICL,924,924,842,846,142310,124850911
2020-12-21,ALICL,840,899,825,875,67508,57677659
2020-12-22,ALICL,890,910,885,906,63773,57423644
2020-12-23,ALICL,921,958,920,929,109147,102596549
2020-12-24,ALICL,916,936,916,925,64252,59254714
2020-12-27,ALICL,912,930,899,905,48608,44199634
2020-12-28,ALICL,889,920,889,920,69439,63360305
2020-12-29,ALICL,921,930,911,918,46330,42582181
2020-12-30,ALICL,907,940,907,934,54677,50797976
2020-12-31,ALICL,935,946,927,938,60251,56661208
2021-01-03,ALICL,941,963,941,960,76740,73344040
2021-01-04,ALICL,974,974,934,948,53923,51429335
2021-01-05,ALICL,960,960,942,950,49432,47022726
2021-01-06,ALICL,903,973,903,970,72580,70355495
2021-01-07,ALICL,950,988,950,964,40983,39750053
2021-01-10,ALICL,953,978,953,956,46272,44717879
2021-01-11,ALICL,909,981,909,972,69503,67399803
2021-01-12,ALICL,990,1023,971,1021,90997,91106899
2021-01-13,ALICL,1041,1060,1025,1037,49156,51246149
2021-01-17,ALICL,1050,1085,1040,1083,60549,64188279
2021-01-18,ALICL,1086,1129,1077,1115,84070,93202916
2021-01-19,ALICL,1170,1170,1086,1097,53305,58750949
2021-01-20,ALICL,1114,1115,1090,1103,45665,50190609
2021-01-21,ALICL,1106,1141,1105,1141,94308,106117320
2021-01-24,ALICL,1198,1198,1150,1175,90564,105463243
2021-01-25,ALICL,1190,1190,1141,1163,66226,76546033
2021-01-26,ALICL,1163,1164,1130,1130,44945,51245049
2021-01-27,ALICL,1121,1167,1113,1163,90537,103444443
2021-01-28,ALICL,1151,1191,1145,1166,87605,103102986
2021-01-31,ALICL,1166,1175,1137,1153,68629,79022871
2021-02-01,ALICL,1176,1180,1153,1178,67886,79242407
2021-02-02,ALICL,1210,1260,1177,1260,104751,128922320
2021-02-03,ALICL,1280,1307,1222,1256,99188,125382776
2021-02-04,ALICL,1260,1285,1235,1270,82653,104104710
2021-02-07,ALICL,1333,1354,1280,1350,111500,146508331
2021-02-08,ALICL,1400,1400,1340,1347,101803,138056853
2021-02-09,ALICL,1350,1350,1285,1315,86689,114030985
2021-02-10,ALICL,1301,1318,1270,1304,74649,97078256
2021-02-11,ALICL,1330,1356,1305,1311,64109,84650128
2021-02-14,ALICL,1311,1338,1290,1297,65399,85360687
2021-02-15,ALICL,1322,1422,1322,1419,153986,212338658
2021-02-16,ALICL,1426,1460,1421,1451,117767,169985028
2021-02-17,ALICL,1460,1460,1412,1434,61601,88096810
2021-02-18,ALICL,1425,1433,1390,1420,82042,115410024
2021-02-21,ALICL,1420,1420,1381,1385,41326,57582161
2021-02-22,ALICL,1400,1400,1334,1346,100988,137270726
2021-02-23,ALICL,1321,1387,1297,1380,87482,116002582
2021-02-24,ALICL,1380,1435,1380,1397,93156,130854928
2021-02-25,ALICL,1400,1401,1345,1360,72704,99160224
2021-02-28,ALICL,1333,1344,1300,1300,108193,141822349
2021-03-01,ALICL,1300,1349,1281,1340,80413,106488896
2021-03-02,ALICL,1350,1350,1223,1274,221358,282694176
2021-03-03,ALICL,1250,1256,1171,1193,233517,280974861
2021-03-04,ALICL,1193,1256,1181,1237,86384,106053248
2021-03-07,ALICL,1235,1245,1200,1208,62251,75870440
2021-03-09,ALICL,1205,1205,1190,1190,40716,48615201
2021-03-10,ALICL,1176,1203,1176,1180,35199,41709279
2021-03-14,ALICL,1167,1176,1143,1147,51651,59616476
2021-03-15,ALICL,1130,1165,1126,1145,37523,43025471
2021-03-16,ALICL,1145,1185,1142,1170,29826,34591574
2021-03-17,ALICL,1170,1200,1160,1194,33768,39968375
2021-03-18,ALICL,1194,1231,1191,1225,50222,61158223
2021-03-21,ALICL,1240,1264,1226,1255,61083,76232934
2021-03-22,ALICL,1266,1268,1235,1243,48214,60055482
2021-03-23,ALICL,1235,1250,1228,1238,38362,47634901
2021-03-24,ALICL,1299,1299,1236,1255,35851,44841577
2021-03-25,ALICL,1260,1269,1245,1245,48674,61111310
2021-03-29,ALICL,1253,1256,1235,1251,15475,19312223
2021-03-30,ALICL,1260,1264,1247,1257,22000,27675842
2021-03-31,ALICL,1319,1319,1260,1268,24399,31104547
2021-04-01,ALICL,1272,1274,1253,1264,20178,25524890
2021-04-04,ALICL,1265,1308,1255,1299,43121,55519699
2021-04-05,ALICL,1310,1315,1283,1295,32342,41777550
2021-04-06,ALICL,1359,1359,1281,1299,49004,63599246
2021-04-07,ALICL,1310,1310,1280,1281,28224,36455969
2021-04-08,ALICL,1275,1288,1271,1279,23472,29944542
2021-04-12,ALICL,1300,1315,1278,1315,58573,76090985
2021-04-13,ALICL,1330,1334,1310,1320,39230,51731267
2021-04-15,ALICL,1305,1325,1300,1310,22182,29152783
2021-04-18,ALICL,1310,1310,1281,1281,28305,36607319
2021-04-19,ALICL,1260,1283,1260,1273,22088,28072631
2021-04-20,ALICL,1336,1336,1255,1265,19304,24487645
2021-04-21,ALICL,1265,1275,1249,1258,30925,38803815
2021-04-22,ALICL,1240,1256,1232,1256,22449,27986976
2021-04-25,ALICL,1250,1250,1220,1226,34038,41886167
2021-04-26,ALICL,1203,1225,1203,1204,31454,38043587
2021-04-27,ALICL,1204,1270,1204,1270,20130,24884115
2021-04-28,ALICL,1270,1270,1211,1249,12569,15712045
2021-04-29,ALICL,1250,1260,1245,1257,17376,21794761
2021-05-02,ALICL,1256,1300,1256,1295,31822,40928471
2021-05-03,ALICL,1315,1317,1280,1288,38776,50111146
2021-05-04,ALICL,1285,1285,1271,1280,16086,20545606
2021-05-05,ALICL,1280,1291,1280,1283,21910,28153983
2021-05-06,ALICL,1281,1285,1260,1263,14268,18045065
2021-05-09,ALICL,1258,1271,1241,1255,10027,12631869
2021-05-10,ALICL,1250,1267,1250,1264,7855,9904230
2021-05-11,ALICL,1280,1294,1260,1291,20426,26216952
2021-05-12,ALICL,1284,1288,1281,1281,15120,19408890
2021-05-13,ALICL,1281,1290,1280,1290,12414,15950239
2021-05-16,ALICL,1314,1323,1295,1322,64582,84891021
2021-05-17,ALICL,1330,1345,1312,1316,47463,63191546
2021-05-18,ALICL,1316,1335,1311,1331,48942,65007050
2021-05-19,ALICL,1335,1364,1320,1350,76446,102655701
2021-05-20,ALICL,1417,1417,1340,1362,63222,86062033
2021-05-23,ALICL,1336,1382,1315,1370,57379,78014358
2021-05-24,ALICL,1438,1438,1350,1355,46966,63965523
2021-05-25,ALICL,1422,1435,1351,1432,234596,330725058
2021-05-27,ALICL,1432,1500,1376,1490,134842,197670214
2021-05-30,ALICL,1520,1550,1490,1535,195104,296778153
2021-05-31,ALICL,1550,1565,1476,1500,108894,163924682
2021-06-01,ALICL,1500,1510,1460,1476,110641,163740717
2021-06-02,ALICL,1492,1520,1475,1520,145440,217811127
2021-06-03,ALICL,1550,1559,1495,1502,93472,142546886
2021-06-06,ALICL,1520,1520,1463,1475,69837,103342431
2021-06-07,ALICL,1475,1499,1471,1475,56656,83942273
2021-06-08,ALICL,1415,1515,1415,1504,85115,127472593
2021-06-09,ALICL,1549,1555,1481,1487,55394,83445952
2021-06-10,ALICL,1509,1509,1469,1470,39018,57658569
2021-06-13,ALICL,1499,1499,1455,1457,53230,78282451
2021-06-14,ALICL,1482,1483,1449,1451,49289,71841392
2021-06-15,ALICL,1457,1474,1440,1444,42860,62356796
2021-06-16,ALICL,1400,1445,1397,1406,94403,134240260
2021-06-17,ALICL,1406,1429,1394,1404,40414,56716765
2021-06-20,ALICL,1410,1415,1365,1394,46714,64755387
2021-06-21,ALICL,1394,1399,1351,1351,46591,63803059
2021-06-22,ALICL,1360,1417,1324,1408,56261,76963336
2021-06-23,ALICL,1410,1410,1357,1370,37352,51227127
2021-06-24,ALICL,1348,1368,1347,1353,29149,39501532
2021-06-27,ALICL,1350,1369,1337,1355,18189,24545287
2021-06-28,ALICL,1371,1390,1364,1382,29011,39977162
2021-06-29,ALICL,1385,1390,1371,1373,47774,65780925
2021-06-30,ALICL,1355,1367,1351,1363,22339,30372054
2021-07-01,ALICL,1365,1383,1363,1365,8450,11581115
2021-07-04,ALICL,1352,1365,1350,1351,12788,17351251
2021-07-05,ALICL,1370,1370,1343,1350,19469,26344681
2021-07-06,ALICL,1350,1350,1340,1349,11014,14810048
2021-07-07,ALICL,1335,1348,1332,1337,10966,14680069
2021-07-08,ALICL,1322,1344,1322,1337,21007,28063528
2021-07-11,ALICL,1360,1375,1353,1370,12968,17694870
2021-07-12,ALICL,1370,1371,1330,1344,17917,24232973
2021-07-13,ALICL,1370,1370,1343,1358,4484,6083093
2021-07-14,ALICL,1358,1364,1350,1350,5427,7350027
2021-07-15,ALICL,1360,1360,1344,1348,15633,21070555
2021-07-18,ALICL,1370,1418,1355,1408,34968,48342470.5
2021-07-19,ALICL,1420,1436,1380,1395,22930,32298500.5
2021-07-20,ALICL,1372.1,1400.1,1372.1,1386,7542,10490618.2
2021-07-22,ALICL,1400,1400,1378,1382,18693,25876009.1
2021-07-25,ALICL,1355,1375,1305,1367,72632,98279357.9
2021-07-26,ALICL,1390,1400,1359,1385,33789,46710454.6
2021-07-27,ALICL,1396,1401,1369,1395,23596,32769577.9
2021-07-28,ALICL,1402,1440,1402,1429,63058,89724236
2021-07-29,ALICL,1430,1451,1411,1438,46598,66779215.3
2021-08-01,ALICL,1465,1490,1448,1459.8,56088,81930143.9
2021-08-02,ALICL,1460,1460,1437,1448,26624,38509646.9
2021-08-03,ALICL,1423,1451,1423,1432,27301,39350157.5
2021-08-04,ALICL,1434,1445,1415,1415,26588,37894043.3
2021-08-05,ALICL,1417.5,1440,1400.1,1405,23521,33211524.2
2021-08-08,ALICL,1405,1420,1392,1400,50570,71097506.4
2021-08-09,ALICL,1375,1410,1375,1400,17179,24059790.5
2021-08-10,ALICL,1375,1415,1375,1415,35384,49631752.9
2021-08-11,ALICL,1420,1420,1410,1417,21830,30901742.1
2021-08-12,ALICL,1415,1429,1402,1403.1,55349,77990436.7
2021-08-15,ALICL,1375.1,1399,1349,1388,56824,77930370.5
2021-08-16,ALICL,1391,1413,1368.2,1399,45868,63842323
2021-08-17,ALICL,1390,1408,1376,1394,50835,70651961.8
2021-08-18,ALICL,1421,1475,1410,1455,125953,182919169.4
2021-08-19,ALICL,1484,1513,1465,1489,183837,275225856.9
2021-08-24,ALICL,1505,1505,1460,1460,54411,80797007.4
2021-08-25,ALICL,1463,1463,1403,1419,38226,54715735.8
2021-08-26,ALICL,1445,1445,1392,1400,29313,41340119.1
2021-08-29,ALICL,1400,1415,1380,1385,23373,32477386.4
2021-08-31,ALICL,1360,1403,1340,1355,55253,75147986
2021-09-01,ALICL,1330,1383,1320,1342,27338,36995086.4
2021-09-02,ALICL,1344,1365,1320,1338,29438,39290880.5
2021-09-05,ALICL,1320,1325,1271,1294,53212,69145690.3
2021-09-06,ALICL,1268.2,1423,1268.2,1370,40344,54218099
2021-09-07,ALICL,1342.6,1369,1321,1345,22477,30227448
2021-09-08,ALICL,1320,1335,1299.5,1315,54158,71266198.5
2021-09-09,ALICL,1334,1339.9,1315,1323,20871,27539716
2021-09-12,ALICL,1340,1355,1309,1355,27012,35789795.8
2021-09-13,ALICL,1360,1370,1329,1343,18869,25419843.4
2021-09-14,ALICL,1345,1345,1310,1325,15987,21137672.3
2021-09-15,ALICL,1300,1335,1300,1308,14592,19075917.9
2021-09-16,ALICL,1281.9,1306.9,1248,1265,44808,56669271.3
2021-09-20,ALICL,1280,1280,1190,1190,49255,60167803.4
2021-09-21,ALICL,1170,1258,1155,1200,32667,39175769
2021-09-22,ALICL,1176,1250,1176,1250,29215,36069232.5
2021-09-23,ALICL,1252,1275,1221,1230,22143,27561209.8
2021-09-26,ALICL,1228,1230,1193.8,1210,24075,29149398.7
2021-09-27,ALICL,1200,1200,1168,1190,22397,26423631.9
2021-09-28,ALICL,1166.2,1195,1150,1175,24685,28771152.4
2021-09-29,ALICL,1175,1195,1152.9,1195,14619,17110174.3
2021-09-30,ALICL,1218.9,1218.9,1170,1171,15629,18506956
2021-10-03,ALICL,1151,1175,1143,1152,13351,15426471
2021-10-04,ALICL,1129,1173,1129,1149,23972,27412565.5
2021-10-05,ALICL,1170,1177,1142,1177,13403,15500763
2021-10-06,ALICL,1177,1199,1166,1195,18797,22224163.5
2021-10-10,ALICL,1203.6,1204,1172.1,1190,15236,18015049.1
2021-10-11,ALICL,1180,1192,1165,1192,10288,12072244.5
2021-10-17,ALICL,1181,1195,1169,1175,4319,5092365.5
2021-10-18,ALICL,1152,1156,1130,1141,8095,9217303.9
2021-10-19,ALICL,1119,1128,1096.7,1115,16552,18304338.7
2021-10-20,ALICL,1127,1134.9,1112.5,1129,13282,14901441.9
2021-10-21,ALICL,1111,1130,1110,1129,16526,18556995.8
2021-10-24,ALICL,1130,1173,1118.1,1148,11914,13551414.9
2021-10-25,ALICL,1170,1189,1141.7,1189,12225,14344031.6
2021-10-26,ALICL,1209,1264,1187.1,1250,37224,45606240.3
2021-10-27,ALICL,1272,1336,1227,1304,59898,77616697.8
2021-10-28,ALICL,1305,1305,1278,1293,43205,56077320.3
2021-10-31,ALICL,1295,1300,1270,1283,48878,63181106.5
2021-11-01,ALICL,1280,1289,1253,1270,13880,17603980
2021-11-02,ALICL,1275.1,1314,1251,1300,45358,58091572.6
2021-11-03,ALICL,1300,1314,1285,1285,21008,27316436
2021-11-08,ALICL,1310.7,1350,1310.7,1313,53732,71603328.1
2021-11-09,ALICL,1330,1335,1277,1290,42218,54862854.5
2021-11-11,ALICL,1266,1319.8,1265.1,1285,28791,37214493.5
2021-11-14,ALICL,1285,1304,1255,1274,42091,53273387
2021-11-15,ALICL,1299,1299,1275,1285,25920,33288119
2021-11-16,ALICL,1290,1300,1272,1293.5,14346,18531293
2021-11-17,ALICL,1319.3,1398,1309,1309,251115,336640745.9
2021-11-18,ALICL,1335,1335,1285,1285,35208,45646576.2
2021-11-21,ALICL,1310,1310,1252,1270,27083,34421508.9
2021-11-22,ALICL,1275.1,1300,1266,1267,16073,20539407
2021-11-23,ALICL,1251,1275,1235,1240,22056,27588119.6
2021-11-24,ALICL,1249,1265,1230,1245,11868,14768455
2021-11-25,ALICL,1265,1265,1220.1,1235,16407,20422373
2021-11-28,ALICL,1250,1250,1188,1195,29885,35968855.2
2021-11-29,ALICL,1195,1220,1167,1175,12743,15138304.1
2021-11-30,ALICL,1190,1199,1166,1175,11409,13417376.5
2021-12-01,ALICL,1180,1190,1160,1169,12658,14828868.5
2021-12-02,ALICL,1179,1179,1145,1150,17572,20246153.7
2021-12-05,ALICL,1151,1154,1123.1,1130,12702,14395475.5
2021-12-06,ALICL,1125,1147,1098,1132,17404,19468127.4
2021-12-07,ALICL,1154.1,1165,1120,1120,16116,18441304.5
2021-12-08,ALICL,1120,1130,1092,1098.9,7944,8790808.5
2021-12-09,ALICL,1090,1104,1070,1088.9,15303,16543302.7
2021-12-12,ALICL,1089.9,1090,1022,1033,26833,28335383
2021-12-13,ALICL,1013,1013,978,978,24595,24372221.9
2021-12-14,ALICL,997,1029.9,997,1029.9,9119,9260769.5
2021-12-15,ALICL,1050,1053,1000,1006,25258,26034725.3
2021-12-16,ALICL,1000,1009.9,990.1,1007,6036,6023780.9
2021-12-20,ALICL,987.1,1012,986.9,993,6000,5989436
2021-12-21,ALICL,987,1017,987,1015,7571,7617671.8
2021-12-22,ALICL,1035,1072,1015,1060,14303,15003322.6
2021-12-23,ALICL,1061,1095,1040,1080,11832,12704046.9
2021-12-26,ALICL,1100,1188,1079,1188,43361,50376673.9
2021-12-27,ALICL,1211,1212,1124,1130,33991,39652953.1
2021-12-28,ALICL,1115,1150,1088,1125,18239,20247233
2021-12-29,ALICL,1140,1145,1117.2,1123,7301,8256887.7
2022-01-02,ALICL,1145.4,1165,1114,1165,12173,13916787.1
2022-01-03,ALICL,1165,1200,1163,1171,23341,27559474.4
2022-01-04,ALICL,1153,1190,1152,1180,11524,13614019.3
2022-01-05,ALICL,1197.9,1200,1160,1169.9,15307,18043368.2
2022-01-06,ALICL,1170,1189,1168,1180,8947,10560936.6
2022-01-09,ALICL,1203,1257,1192,1235,37401,45751192.4
2022-01-10,ALICL,1259,1275,1236,1254,43309,54451021.1
2022-01-11,ALICL,1277,1305,1255,1290,43715,56583695.6
2022-01-12,ALICL,1315.8,1315.8,1245,1250,39672,50871411.8
2022-01-13,ALICL,1275,1302,1275,1299,58273,75417088.6
2022-01-16,ALICL,1323.9,1351.3,1323,1334,59288,79094459.5
2022-01-17,ALICL,1345,1355,1318,1337,48327,64369371.1
2022-01-18,ALICL,1345,1355,1326,1339,60928,81964666.2
2022-01-19,ALICL,1365.7,1365.7,1313,1327,29278,38952117.3
2022-01-20,ALICL,1330,1350,1307.1,1341,37239,49762629.9
2022-01-23,ALICL,1360,1374,1339.3,1340,72785,98692610.2
2022-01-24,ALICL,1345,1345,1295,1305,66929,87844820.5
2022-01-25,ALICL,1330,1350,1309.9,1322,202758,269451417.7
2022-01-26,ALICL,1078.7,1099,1020,1021,44829,46765195.1
2022-01-27,ALICL,1024,1027,1002.2,1009,16217,16428309.2
2022-01-30,ALICL,1029.1,1070,1027,1044,22771,23727556.1
2022-01-31,ALICL,1051,1051,1017,1019,14706,15086112.9
2022-02-01,ALICL,1015,1027,1010,1025,14836,15138209.6
2022-02-03,ALICL,1026,1031,1000,1002,21071,21462245.8
2022-02-06,ALICL,1022,1042,993,995,19045,19086096.5
2022-02-07,ALICL,988,1020,987,1003,17585,17641427.5
2022-02-08,ALICL,1023,1039.9,988,988,20070,20118288
2022-02-09,ALICL,1005,1005,965,973,25153,24450465.3
2022-02-10,ALICL,975.1,979,960,966,7512,7257103
2022-02-13,ALICL,966,966,890.1,902,39421,35986134.2
2022-02-14,ALICL,884,920,884,902,14284,12924727.5
2022-02-15,ALICL,919.8,923.1,902,922,14062,12795733.4
2022-02-16,ALICL,939,939,909,913,7003,6402275.5
2022-02-17,ALICL,913,913,901,913,9175,8313602.8
2022-02-20,ALICL,895,900,880,890,11723,10446025.3
2022-02-21,ALICL,900,900,883,894,6564,5852543.5
2022-02-22,ALICL,900,903.1,894.2,899,9270,8315250.8
2022-02-23,ALICL,899,909,882,885,10971,9772670.2
2022-02-24,ALICL,870.3,883,860,866,16555,14346703.3
2022-02-27,ALICL,860,867.5,850,854.1,14291,12267158.5
2022-02-28,ALICL,865,871.1,835,837,14011,11845465.4
2022-03-02,ALICL,835,835,796,810,16431,13288273.7
2022-03-06,ALICL,815,830,797.5,800.5,9120,7350455
2022-03-07,ALICL,803,816,784,795,12399,9826936.5
2022-03-09,ALICL,810,810,780,782,8131,6381013
2022-03-10,ALICL,780.1,805,775,805,13819,10919154.5
2022-03-13,ALICL,821.1,885.5,821.1,885.5,58683,50963423.2
2022-03-14,ALICL,903,920,887.5,910,21698,19627292.1
2022-03-15,ALICL,915,926,880,910,23608,21346660.8
2022-03-16,ALICL,920,926,902,910,23367,21346957.3
2022-03-20,ALICL,915,917,890.2,892,8305,7458004.5
2022-03-21,ALICL,900,904,885,904,10195,9148878.7
2022-03-22,ALICL,906,918,904,907,9576,8742809.5
2022-03-23,ALICL,907,915,900,905,8411,7605634.4
2022-03-24,ALICL,902,939,900,932,29122,27007999.2
2022-03-27,ALICL,950,1007.7,925.1,929,60312,58587048.5
2022-03-28,ALICL,918.1,930,900,906,11152,10215848.5
2022-03-29,ALICL,891,910,875,876,16993,15109681.8
2022-03-30,ALICL,862.1,889.9,862.1,887,19017,16674534.8
2022-03-31,ALICL,887,893,870,871,12414,10882244.1
2022-04-03,ALICL,871,871.1,842,848,15432,13135033.6
2022-04-04,ALICL,855,855,836,838.3,12514,10530848.4
2022-04-05,ALICL,826,826,807,815,18979,15467790.5
2022-04-06,ALICL,805,824.9,790,808,37433,30224810.3
2022-04-07,ALICL,819,847,805.2,819,15375,12675746.6
2022-04-11,ALICL,830,830,792.1,793.1,20464,16566759.6
2022-04-12,ALICL,808,808,780,786,18499,14658626.3
2022-04-13,ALICL,787,799.9,782,795,9986,7903552.3
2022-04-17,ALICL,797,806,785,786.2,7721,6140767
2022-04-18,ALICL,783,800,780,782,18278,14368940.3
2022-04-19,ALICL,782,802,782,798,5787,4609999.5
2022-04-20,ALICL,795,805,785,785.9,9152,7236130.5
2022-04-21,ALICL,785,798,777,794.5,8302,6528628.7
2022-04-24,ALICL,800,840,796,838,12357,10120183.3
2022-04-25,ALICL,849,851,820,821,14058,11751244.2
2022-04-26,ALICL,820,837,805,820,5718,4706087.2
2022-04-27,ALICL,811.6,826,804.5,824.7,4909,4007306.1
2022-04-28,ALICL,829,829,795,795,13692,11034770.5
2022-05-02,ALICL,800,800,765,770,12901,9980885.1
2022-05-04,ALICL,761,777,749,750,15440,11701204
2022-05-05,ALICL,735.1,760,732,735,8422,6243169.8
2022-05-08,ALICL,735,735,700,709,32871,23315644
2022-05-09,ALICL,710,715,697.1,699.1,38567,27125281.2
2022-05-10,ALICL,710,710.5,700,702.5,16822,11858080.1
2022-05-11,ALICL,715,719.5,710,719.5,13292,9491181.9
2022-05-12,ALICL,730,740,711,711,18441,13313641.2
2022-05-17,ALICL,698,714,678,678,16165,11093554.3
2022-05-18,ALICL,690,690,644,651,33536,21931119
2022-05-19,ALICL,664,664,625,630,23469,14997197.7
2022-05-20,ALICL,642,642,608,609,22892,14159150.4
2022-05-23,ALICL,609,609,586,594,30460,18085167.8
2022-05-24,ALICL,587,624.9,587,595,22247,13321141.6
2022-05-25,ALICL,606,628.9,605,615,23108,14253127.2
2022-05-26,ALICL,615,645,615,627,32224,20131435.8
2022-05-27,ALICL,639,651.7,615,620,23016,14319515.6
2022-05-30,ALICL,632,632,594,608,20546,12375302
2022-05-31,ALICL,596,605,584.1,590,38192,22536627.6
2022-06-01,ALICL,600,600,570.1,590,35918,20689306.5
2022-06-02,ALICL,590,592,567,580,44145,25264663.6
2022-06-03,ALICL,576,580,544,555,40964,22743956.2
2022-06-06,ALICL,556,567,528.3,539,152888,82477387.7
2022-06-07,ALICL,535,583.6,535,537,33267,18266391.8
2022-06-08,ALICL,543,575,543,568.9,54953,31024742.7
2022-06-09,ALICL,568,578,550,560,70328,39880893.5
2022-06-10,ALICL,560,567,548.8,553,37069,20548102.8
2022-06-13,ALICL,557,575,545.2,559,48744,27328852.6
2022-06-14,ALICL,553,555,541,548,32368,17758157.7
2022-06-15,ALICL,555,555,525.2,546.9,36755,19746694.4
2022-06-16,ALICL,542,555,536.1,540,16838,9172823.8
2022-06-17,ALICL,550,550,539.9,542.8,5126,2778698.5
2022-06-19,ALICL,534,545.8,524,526,13745,7269604.9
2022-06-20,ALICL,516.1,525,500,506,59640,30087015.2
2022-06-21,ALICL,496.1,535,496,527,51355,26662128.3
2022-06-22,ALICL,520,520,505.7,509,19377,9888489
2022-06-23,ALICL,515,515,491,498,23380,11589830.3
2022-06-24,ALICL,500,509,484,507.9,41001,20324358.1
2022-06-26,ALICL,510,538,502,537,93671,49059365.5
2022-06-27,ALICL,545,564,527,550,107213,58715651.1
2022-06-28,ALICL,553,589,532,577,129466,73133256.5
2022-06-29,ALICL,579,605,555,597.5,89418,52558113.1
2022-06-30,ALICL,609,621,593,607,99299,59930999.5
2022-07-01,ALICL,607,619.1,597,601,86208,52256326.9
2022-07-03,ALICL,604,610,592,600,53120,31869720.7
2022-07-04,ALICL,611,642,606,610,207844,129667218.2
2022-07-05,ALICL,609,622,600,604,99967,61031772.9
2022-07-06,ALICL,609.2,625,593.1,617,83175,50928367
2022-07-07,ALICL,629.3,638.9,605,605,57122,35046998.9
2022-07-08,ALICL,614,614,588,590,25204,14972252.9
2022-07-11,ALICL,595,595,548,560,145918,81736771.8
2022-07-12,ALICL,560,581,555,568.9,59571,33544840.6
2022-07-13,ALICL,571,584.9,567,584,57293,33024393
2022-07-14,ALICL,595,595,570,574.1,145719,84658844.6
2022-07-15,ALICL,580,580,562,574,20777,11852053.6
2022-07-17,ALICL,563,580,561,568.9,19483,11030768.8
2022-07-18,ALICL,580.2,591,562,586,126595,73900054.3
2022-07-19,ALICL,574.3,600,574.3,595.9,53421,31622939.8
2022-07-20,ALICL,605,607,585,589,29381,17346723.8
2022-07-21,ALICL,594.9,594.9,572,575,53812,31030619.3
2022-07-22,ALICL,564.1,582.9,564.1,571,34897,19891044.8
2022-07-24,ALICL,580,597,570,593,33750,19729670.6
2022-07-25,ALICL,600,610,593,604,66817,40369224.9
2022-07-26,ALICL,612,616,588.2,588.2,70326,42278240.9
2022-07-27,ALICL,589,614.9,588,612.9,69448,41999278.7
2022-07-28,ALICL,623.8,629.8,610.9,625,76738,47682649.4
2022-07-29,ALICL,633,633,615.5,624,29378,18256889.1
2022-07-31,ALICL,630,676.2,626,675,175264,115474500.4
2022-08-01,ALICL,688,688,658,666,88486,59135399
2022-08-02,ALICL,660,668,650,655,51419,33801860.5
2022-08-03,ALICL,655,669,650,650.1,67484,44453210.7
2022-08-04,ALICL,650,659.7,633,633,62331,40138614.9
2022-08-05,ALICL,632,644,622,640,42575,27092875.8
2022-08-07,ALICL,650,662,631,644,125934,81029155.6
2022-08-08,ALICL,645,649,622,622,38243,24192740.1
2022-08-09,ALICL,629.9,629.9,603,604,39044,23894409.1
2022-08-10,ALICL,602.7,615,593,600,25465,15282059.6
2022-08-11,ALICL,608,608,592,598,18602,11155224.2
2022-08-14,ALICL,600,605,585,585,21817,12942114.3
2022-08-15,ALICL,575,615,574,614,23725,14198340.8
2022-08-16,ALICL,613,621,585,587,28781,17326716.5
2022-08-17,ALICL,596,597,585,588.1,12513,7401787.1
2022-08-18,ALICL,588,608,588,602,22276,13380591.5
2022-08-21,ALICL,613,614,593,600,27608,16610941.3
2022-08-22,ALICL,600,601,586.1,591.2,20824,12336559.1
2022-08-23,ALICL,588.5,595,585.4,593,23968,14142071.9
2022-08-24,ALICL,594,595,585,590,24609,14503063.8
2022-08-25,ALICL,587.1,598.8,583,583,8545,5023775.1
2022-08-26,ALICL,583,586.5,568.4,576,33420,19174353.9
2022-08-28,ALICL,587.5,587.5,553.9,556,32799,18504158.6
2022-08-29,ALICL,564,564,555,560,14571,8133904.5
2022-08-30,ALICL,570,575,559,564.8,21422,12097261.8
2022-08-31,ALICL,573.4,573.4,554,555,9315,5189271.5
2022-09-01,ALICL,564,568,547.8,556,26747,14896474
2022-09-02,ALICL,567,567,558,563,8219,4600604.8
2022-09-04,ALICL,563,568,553,563.9,13601,7604444.5
2022-09-05,ALICL,569,569,558.2,560,7788,4365178.8
2022-09-06,ALICL,550,561,540.2,555,39082,21389580.4
2022-09-07,ALICL,560,565,545,548,23533,12961641.2
2022-09-08,ALICL,558,565,545,556,50691,27884994.1
2022-09-11,ALICL,551,554,545,549.9,27973,15370297.9
2022-09-12,ALICL,550,555,539,547.9,17324,9425659.7
2022-09-13,ALICL,551.9,555,544.2,552,15023,8281206
2022-09-14,ALICL,555,569,554,564.8,27946,15692963.5
2022-09-15,ALICL,576,576,546,553,28094,15586899.5
2022-09-16,ALICL,544,549,531,547,7070,3850782.2
2022-09-18,ALICL,541,549.9,537.1,540,38383,20808712.8
2022-09-20,ALICL,481,481,441,444,25629,11509633.9
2022-09-21,ALICL,450,461,445.9,449,5504,2470413.3
2022-09-22,ALICL,445,448.9,440,442,13890,6152340
2022-09-25,ALICL,443,443,430,432.5,20682,9068396.1
2022-09-27,ALICL,441.1,441.8,432.2,433,6322,2765118.8
2022-09-28,ALICL,441.6,445,433,438,3725,1631415.7
2022-09-29,ALICL,440,445,440,444,3718,1643084.1
2022-10-09,ALICL,444,449.9,436,446.8,7184,3192402.3
2022-10-10,ALICL,448,450,439,441,11601,5135608.3
2022-10-11,ALICL,440,445,432.2,439.1,3288,1433277.5
2022-10-12,ALICL,446,446.5,430.5,444.5,6105,2683401.3
2022-10-13,ALICL,446,447,435.2,440.5,4662,2056271.3
2022-10-16,ALICL,445,446,437.1,441.5,3015,1324579.4
2022-10-17,ALICL,441,441,437,438.9,2466,1083124.7
2022-10-19,ALICL,434,438,434,434,4687,2039244
2022-10-20,ALICL,428,438,428,430,4696,2023514
2022-10-23,ALICL,430.1,438,429,437,3413,1475232.5
2022-10-31,ALICL,437,444,435,435.1,6160,2692901
2022-11-01,ALICL,436.1,453.9,435,451.6,12923,5761171.8
2022-11-02,ALICL,460,460,445,451.8,6735,3058316.5
2022-11-03,ALICL,450,460,450,452,6941,3151670.9
2022-11-06,ALICL,459.9,485,454,472,17987,8310412.4
2022-11-07,ALICL,479.9,486,470,476,19072,9081192.3
2022-11-08,ALICL,479,504,469,476.4,12229,5950329.2
2022-11-09,ALICL,485.9,489.9,470,470,25499,12134634.5
2022-11-10,ALICL,478.9,478.9,455,455.1,14015,6457288.2
2022-11-13,ALICL,456,462.5,450,450,8001,3630515
2022-11-14,ALICL,442.1,494.9,442.1,475.9,9345,4284819.3
2022-11-15,ALICL,466.5,484,466,471.9,8259,3903861.7
2022-11-16,ALICL,481.3,500.7,462.6,479,4565,2180039.1
2022-11-17,ALICL,488,492,483,489.9,16287,7950192.9
2022-11-22,ALICL,495,495,483,487.9,7536,3678918.3
2022-11-23,ALICL,485,488.9,479,484,3831,1848608.2
2022-11-24,ALICL,480,486.8,480,482,5907,2860826.5
2022-11-27,ALICL,484,499.9,477.2,498,9509,4699699.3
2022-11-28,ALICL,490.1,512.6,490.1,499.9,24815,12504726.9
2022-11-29,ALICL,490,499,482,498.9,12830,6305676.7
2022-11-30,ALICL,489,502.9,484.2,495,6803,3355901.4
2022-12-01,ALICL,485.3,524,485.3,508,17489,8792137.3
2022-12-04,ALICL,501.1,535,501.1,533,55819,29272256
2022-12-05,ALICL,540,542.9,516,521,32190,16931997.9
2022-12-06,ALICL,511.1,530,511.1,520,9158,4745026.6
2022-12-07,ALICL,513,518,511.1,512.1,7300,3752772
2022-12-11,ALICL,513,518,498,501.1,31888,16019854.7
2022-12-12,ALICL,510,510,500.1,510,10221,5161476.1
2022-12-13,ALICL,500.2,511.5,500.1,510.2,4694,2386505.2
2022-12-14,ALICL,503,515,503,510,5296,2696674.5
2022-12-15,ALICL,501.2,511.1,501.2,504.4,13876,7034613.6
2022-12-18,ALICL,504.4,504.9,495,501,11874,5939697.5
2022-12-19,ALICL,493,507.9,493,504.4,24110,11967443.9
2022-12-20,ALICL,509,516,500,514,19902,10168019
2022-12-21,ALICL,504.1,514,504,504,13024,6590612.5
2022-12-22,ALICL,504,507,501,505,13523,6801434.3
2022-12-26,ALICL,515,540,512,539,58129,30774440.9
2022-12-27,ALICL,549.1,579,540,570,96538,54124471.2
2022-12-28,ALICL,572,580.9,547.9,564,38669,21888272.9
2022-12-29,ALICL,553.1,595,553.1,592,53491,31137675.1
2023-01-01,ALICL,600,643,598,632,121336,76319742.7
2023-01-02,ALICL,621,655.8,620,651.5,63026,40643876.3
2023-01-03,ALICL,651.5,657,639.1,649,60567,39145792.9
2023-01-04,ALICL,650,668.9,643.1,666,61690,40809309.3
2023-01-05,ALICL,669,695,655,690,106400,72350556.6
2023-01-08,ALICL,703.8,737,690,725,102016,73260530.3
2023-01-09,ALICL,725,758,715,743,69715,51420863
2023-01-10,ALICL,757.8,757.8,700.1,702,105899,76749082.9
2023-01-12,ALICL,715,729,681,684,125119,87396176.3
2023-01-17,ALICL,697,730,680,722.5,84128,60319901.2
2023-01-18,ALICL,726,740,708.2,716,69893,50504032.3
2023-01-19,ALICL,705.1,723,705,715,47206,33687831.2
2023-01-23,ALICL,729.3,729.3,700,704,36068,25555682.4
2023-01-24,ALICL,695,713.5,688,712,56623,39528470.2
2023-01-25,ALICL,721,724,707,720,32273,23226137.7
2023-01-26,ALICL,719,730,708,710,29019,20830381.1
2023-01-29,ALICL,696,722,696,705,42877,30375025.2
2023-01-30,ALICL,700,710,688,695,42302,29465439.9
2023-01-31,ALICL,686.1,702,681.3,684.1,48117,33092506.3
2023-02-01,ALICL,680,692,680,689,22311,15313123.8
2023-02-02,ALICL,688,690,668.1,670,37627,25474687.1
2023-02-05,ALICL,680,698,675.5,685,36432,24929748.8
2023-02-06,ALICL,676.7,684.5,676,683,13703,9295814.3
2023-02-07,ALICL,685,708,681.1,708,46561,32460247.9
2023-02-08,ALICL,715,722,700,707,41404,29465505
2023-02-09,ALICL,709.9,719,698,707.6,17733,12465720.3
2023-02-12,ALICL,695,700,682,686,38847,26748365.4
2023-02-14,ALICL,678,688,678,678.1,13554,9232839.2
2023-02-15,ALICL,677,690,665,666,32733,21987469.5
2023-02-16,ALICL,665,670,655,656,20959,13843803.3
2023-02-20,ALICL,655,668.1,648,649.1,27297,17827846.8
2023-02-22,ALICL,660.9,673,658.4,672,21011,13986920.7
2023-02-23,ALICL,667,668,650,656.8,41675,27340599.6
2023-02-26,ALICL,643.7,660.8,619.1,650,49771,31922055.3
2023-02-27,ALICL,653,658,630.2,650,38234,24556488.9
2023-02-28,ALICL,655,660,640.2,649.9,13257,8618652.2
2023-03-01,ALICL,645,649,640,642.2,13527,8704196.9
2023-03-02,ALICL,636.3,644,630,631.5,18874,12000377.1
2023-03-05,ALICL,635,635.2,603,615,43926,27019747.6
2023-03-07,ALICL,605.1,626,605,620,12923,8010069
2023-03-09,ALICL,632,646,627,646,25263,16103690.2
2023-03-12,ALICL,646,657,631,645,22982,14811060.3
2023-03-13,ALICL,633,640,630,632,9915,6270565.7
2023-03-14,ALICL,630,635,621.1,629.9,10227,6414425.1
2023-03-15,ALICL,623.4,628,619.2,620,9257,5763346.8
2023-03-16,ALICL,611.3,623,611.3,614.1,5052,3127863.4
2023-03-19,ALICL,617.1,625,615.1,617.1,8877,5498583
2023-03-20,ALICL,625,632.4,620,631,6455,4055907.1
2023-03-22,ALICL,631,635,626,629,7972,5029712.5
2023-03-23,ALICL,617.4,621,617.3,617.3,5673,3511469.5
2023-03-26,ALICL,607.1,618,606.7,617.9,4497,2756871
2023-03-27,ALICL,624,625,609,624,16069,9897575.5
2023-03-28,ALICL,612,628,611.1,622,17559,10929964.3
2023-03-29,ALICL,620,620,608,618,7176,4398670.6
2023-03-30,ALICL,610,623,600,604,29769,18081399.3
2023-04-02,ALICL,616,628,596,600,11768,7100869.9
2023-04-03,ALICL,600,603,591,593.4,7921,4705370.5
2023-04-04,ALICL,584.1,597,584,597,6890,4061232
2023-04-05,ALICL,585.1,596.9,585,595,5962,3533639.7
2023-04-06,ALICL,604.5,604.5,587.1,588,7273,4295401.4
2023-04-09,ALICL,588,590.5,580,581.1,7510,4386734
2023-04-10,ALICL,589.9,591,570.1,590.7,4969,2893069.5
2023-04-11,ALICL,585.1,601,584,595,9831,5846267.4
2023-04-12,ALICL,606,632,602,632,21774,13450593.9
2023-04-13,ALICL,640,640,607.6,608,28731,17862002.1
2023-04-16,ALICL,610,615.1,600,613,35109,21383026.4
2023-04-17,ALICL,615,617,607.5,614,12353,7565999.1
2023-04-18,ALICL,613,614.9,605.1,610,4933,3009130
2023-04-19,ALICL,610.1,618,609.1,618,8125,4994731.9
2023-04-20,ALICL,628.9,628.9,601,618,54497,33377515.7
2023-04-23,ALICL,566,566,555,560,10535,5894279.7
2023-04-24,ALICL,560.2,570,560.2,567,4929,2792072.4
2023-04-25,ALICL,560.1,572,560.1,570,6433,3653754.5
2023-04-26,ALICL,570,571,565,568,3570,2023175.6
2023-04-27,ALICL,560,571.2,560,566,4262,2396193.3
2023-04-30,ALICL,556.1,570,556,558.7,3266,1837005.6
2023-05-02,ALICL,558,563,547.8,552.1,5466,3029626.6
2023-05-03,ALICL,549,550,542.2,550,4862,2650757.4
2023-05-04,ALICL,561,580,555,555.1,2760,1551188
2023-05-07,ALICL,566.2,566.2,550,562,10226,5720216.8
2023-05-08,ALICL,558,560,540,548,6383,3488903
2023-05-09,ALICL,546,560,546,553,3026,1678091.4
2023-05-10,ALICL,554,555,540,540,14921,8106413.9
2023-05-11,ALICL,540,545,531,537.9,12187,6502861.5
2023-05-14,ALICL,538,539.1,527.1,528,9634,5112866.8
2023-05-15,ALICL,521,528,517.5,528,5378,2805677
2023-05-16,ALICL,535,535,520,528,13759,7275665.5
2023-05-17,ALICL,525.1,545.6,525,543,10514,5652924.5
2023-05-18,ALICL,552.9,570,549,564.5,10210,5722475.6
2023-05-21,ALICL,574.8,580,560.2,579.9,34832,19950029.8
2023-05-22,ALICL,588,615,567,587,31592,18472378.2
2023-05-23,ALICL,594.9,611,592,608,37003,22371039.1
2023-05-24,ALICL,615,615,602.7,608,12313,7511008.4
2023-05-28,ALICL,610,610,588,590,25346,15177934.6
2023-05-30,ALICL,581,591,569,569,20301,11662694.2
2023-05-31,ALICL,557.7,577.9,550,551.1,18438,10365889.5
2023-06-01,ALICL,551,574.9,544,560.5,23622,13122367.7
2023-06-04,ALICL,571.7,599,571.7,594,23101,13594036.2
2023-06-05,ALICL,588,598,576.5,580,24886,14638357.1
2023-06-06,ALICL,591,602,570.1,599.1,18915,11233956.3
2023-06-07,ALICL,610,614,600,602,29040,17639653.9
2023-06-08,ALICL,602,624,593.4,614.2,45940,28216877.7
2023-06-11,ALICL,624,629.8,617,624,55800,34797230.5
2023-06-12,ALICL,629.9,630,612,616.3,29503,18377985.6
2023-06-13,ALICL,620,662,617,650,75801,48578034.8
2023-06-14,ALICL,650,668,640,650,51689,33840478
2023-06-15,ALICL,649,668,643.2,664.9,58912,38583167.1
2023-06-18,ALICL,670,699,668.2,698.7,83541,57982740.2
2023-06-19,ALICL,712,712,685,695,70967,49407930
2023-06-20,ALICL,699,705,672,672,59324,40841018.4
2023-06-21,ALICL,662.1,688,662.1,667,41219,27699949.5
2023-06-22,ALICL,666,685,666,682,94313,64151550.5
2023-06-25,ALICL,695.5,744.5,690,739,210045,153270309.9
2023-06-26,ALICL,753.7,760,730,732,110152,81664309.1
2023-06-27,ALICL,725.1,744.8,725.1,739,82510,60921932.5
2023-06-28,ALICL,739,785,733.4,772,255984,195072084.7
2023-07-02,ALICL,774,812,765,775,173776,136819881
2023-07-03,ALICL,780,784,758,759,101177,77881322
2023-07-04,ALICL,774.1,782.5,755,768,72295,55409236.1
2023-07-05,ALICL,766,768,742,745,93246,70465487.3
2023-07-06,ALICL,743.1,759,731,749,49122,36608787.1
2023-07-09,ALICL,759,770.9,755,769,49920,38205848.6
2023-07-10,ALICL,770,782,763,764.5,74215,57349013.6
2023-07-11,ALICL,766,770,753.2,755,61702,47004228.9
2023-07-12,ALICL,755,765,754.1,757,51526,39155703.2
2023-07-13,ALICL,770,783.9,745,750,76660,57922470.4
2023-07-16,ALICL,764,769,745,745.1,100722,75998881.5
2023-07-17,ALICL,760,765.9,746,765.9,39816,30293096.4
2023-07-18,ALICL,777,785,762.1,774,132080,102371973.2
2023-07-19,ALICL,784,784,759,762,99237,75657111.8
2023-07-20,ALICL,770,770,747,755,50722,38209274.2
2023-07-23,ALICL,760,774.8,750,763.2,51677,39549673.1
2023-07-24,ALICL,760,768,743,745,75703,56888439.1
2023-07-25,ALICL,742,750.9,731,735,50664,37447960.5
2023-07-26,ALICL,738,744,731,734.9,30987,22833739.5
2023-07-27,ALICL,731.2,736.7,714,718,67505,48865224.8
2023-07-30,ALICL,729,729,699,702,57446,40434009.7
2023-07-31,ALICL,707,714,698,705.5,69888,49190241.5
2023-08-01,ALICL,713,713,686,689,35161,24508142.6
2023-08-02,ALICL,682.5,698,677,698,20113,13810528.4
2023-08-03,ALICL,704.9,712,701,703,30034,21249208.1
2023-08-06,ALICL,708,708,677.5,684.9,35262,24153512.9
2023-08-07,ALICL,673,705,672.2,695,19309,13354660
2023-08-08,ALICL,700,704,678.5,687,28817,19748081.5
2023-08-09,ALICL,687,712.4,678.5,705,22811,15814714.7
2023-08-10,ALICL,695,709,690.9,702,37290,26175584.1
2023-08-13,ALICL,700,707,695,704.8,30045,21086233.5
2023-08-14,ALICL,705,723.9,704,708.1,52349,37410313.1
2023-08-15,ALICL,718,720,693,695,24299,17005650
2023-08-16,ALICL,690,697.6,685.2,691,22360,15434006.4
2023-08-17,ALICL,687,703,687,693.9,29994,20824186.6
2023-08-20,ALICL,690,693.9,680,689,14725,10125930.1
2023-08-21,ALICL,685,693,680,683,16036,10953812.8
2023-08-22,ALICL,680,690,677.2,689,14122,9644839.8
2023-08-23,ALICL,695,712,695,708,61748,43604576.5
2023-08-24,ALICL,709.9,716,694,698,40379,28446755.7
2023-08-27,ALICL,703,705,693.4,694,107447,74689041.6
2023-08-28,ALICL,698,707,692.9,693.3,31379,21862967
2023-08-29,ALICL,703,703,689,689,22612,15663270.7
2023-08-30,ALICL,682,695,680,689.5,27451,18903957.4
2023-09-03,ALICL,683,685,675.2,676,21604,14641433
2023-09-04,ALICL,681,683,670,679.8,26008,17573347.1
2023-09-05,ALICL,677,677,670,672,12293,8284407.7
2023-09-07,ALICL,670,670,657,657,22361,14783638.4
2023-09-10,ALICL,670,680,656.6,663,9857,6581115.7
2023-09-11,ALICL,665,688,665,688,22575,15367458
2023-09-12,ALICL,689,691,676,680,12971,8844587
2023-09-13,ALICL,690,693,675,691.8,26267,18094392.2
2023-09-17,ALICL,690,690,670,674,24705,16639618.9
2023-09-18,ALICL,667,676,667,674.9,4726,3181446.6
2023-09-19,ALICL,675,685,673,681.1,10936,7444475
2023-09-21,ALICL,694.6,700,685,690.4,26084,18141668.6
2023-09-24,ALICL,686.1,702,680,680,32453,22409409.3
2023-09-25,ALICL,687,691,676,676,13563,9260189.4
2023-09-26,ALICL,689.5,694.9,682,684,18071,12427166
2023-09-27,ALICL,681,685.8,678,685.8,15333,10451917.6
2023-10-01,ALICL,687,687,673,673,17430,11822511.8
2023-10-02,ALICL,673,676,669,674.5,6158,4134166.2
2023-10-03,ALICL,672,683.4,668.6,670,7251,4881317.1
2023-10-04,ALICL,667.1,679,667.1,674,6234,4205657.1
2023-10-05,ALICL,661.8,674.9,661.7,670,7716,5159488.3
2023-10-08,ALICL,660,660,651,654,20450,13368579.7
2023-10-09,ALICL,641,652,641,647,8740,5653401.8
2023-10-10,ALICL,647,647,638,640,10796,6931566.6
2023-10-11,ALICL,652.8,652.8,633,635.2,8170,5195914.4
2023-10-12,ALICL,635.2,639.8,630,631,8387,5321447.3
2023-10-16,ALICL,630.1,641,620.2,625,9685,6083078.1
2023-10-17,ALICL,627,638,620,627,8581,5376038.3
2023-10-18,ALICL,620.3,656,619,645,19251,12274629.5
2023-10-19,ALICL,640,654.8,634,646.9,15182,9784026.5
2023-10-29,ALICL,645,645,620,628,10248,6386186.1
2023-10-30,ALICL,620.1,640,617.1,639,7776,4879527.1
2023-10-31,ALICL,628,628,615,616,10401,6430401.1
2023-11-01,ALICL,619.9,624.5,612.2,618,12582,7737010.9
2023-11-02,ALICL,625,630,606,606,10886,6619453.8
2023-11-05,ALICL,600,600,585,600,13045,7718569.9
2023-11-06,ALICL,610,611,597.5,605.9,5706,3447095.6
2023-11-07,ALICL,606,614.5,606,608,6649,4055071.6
2023-11-08,ALICL,602,605,597,597,9283,5562606
2023-11-09,ALICL,590,596,585,592,8932,5263558.2
2023-11-20,ALICL,603.8,607,596,603,3828,2296725.5
2023-11-21,ALICL,596,597,588,590,10611,6271898.7
2023-11-22,ALICL,587,602.9,587,602.9,9022,5407823
2023-11-23,ALICL,610,620,591,618,9492,5787102.8
2023-11-26,ALICL,620,643.4,618,642,19373,12320873.5
2023-11-27,ALICL,649,650.5,629,643,19582,12481907.7
2023-11-28,ALICL,650,655,630,640,14086,9043946.4
2023-11-29,ALICL,628.1,650.1,621.1,625,7990,5042256.4
2023-11-30,ALICL,621.1,630,616.1,622,5837,3626935.7
2023-12-03,ALICL,615,617,610.5,616,5164,3166936.5
2023-12-04,ALICL,616.1,625,616,618,8067,5006114.7
2023-12-05,ALICL,618,627,615,618,7427,4607829.2
2023-12-06,ALICL,620,626,613.1,625,4168,2591448.4
2023-12-07,ALICL,620.1,633,614.2,624,19547,12175301.1
2023-12-10,ALICL,636.4,671,636.4,671,3824,2536996
2023-12-11,ALICL,684,684.4,651.7,665.2,52571,34965862.6
2023-12-12,ALICL,669,700,666,692,66698,45421034.4
2023-12-13,ALICL,690,704,677,680,24609,16912974
2023-12-14,ALICL,671,684,666.5,676,29789,20163218.3
2023-12-17,ALICL,667.4,685.1,663,680.9,27447,18592565.3
2023-12-18,ALICL,684,698,675,680,62094,42654663.5
2023-12-19,ALICL,672.8,691,671,685,46727,31936251.7
2023-12-20,ALICL,686.4,708.7,686.4,692,82178,57470811.8
2023-12-21,ALICL,682,690,668.4,671,46502,31522855.5
2023-12-24,ALICL,663.1,690,657,663,53130,35803599.4
2023-12-27,ALICL,661,677,660,660.1,41030,27342400.4
2023-12-28,ALICL,661,672,656.5,662,46038,30510164.8
2024-01-01,ALICL,675.2,702,651,653,66316,44162343.9
2024-01-02,ALICL,640.2,650,630,637,34604,22136011
2024-01-03,ALICL,631,640,600,640,120830,74447573.7
2024-01-04,ALICL,628,661,628,643.1,55714,36186914.4
2024-01-07,ALICL,633.1,648,631.2,633.3,44373,28273150.1
2024-01-08,ALICL,645.9,657,638,657,30060,19501603.7
2024-01-09,ALICL,670,683,664.1,674,74425,50257316.4
2024-01-10,ALICL,687,694,662,678,40292,27112480.7
2024-01-11,ALICL,678,679,667.1,671,16203,10867808.1
2024-01-14,ALICL,657.6,685.5,657.6,680,41572,28155798.4
2024-01-16,ALICL,681,692.8,673.2,687.8,52435,35915850.5
2024-01-17,ALICL,695,700.1,678,685,108459,74862446
2024-01-18,ALICL,673,696,673,688.6,77288,53009610.8
2024-01-21,ALICL,690,692,680,682,60159,41220399.8
2024-01-22,ALICL,694.7,694.7,675,679.3,66514,45653040.6
2024-01-23,ALICL,670,688.5,670,682,37945,25955090.2
2024-01-24,ALICL,675.1,689.9,675.1,684,33850,23169751.9
2024-01-25,ALICL,675.1,688,675.1,681.5,54007,36805429.3
2024-01-28,ALICL,681,681,675.1,680,62955,42679120.4
2024-01-29,ALICL,675,709.8,675,708,101202,70738988.7
2024-01-30,ALICL,693.9,722,693.9,701,79097,56133830.3
2024-01-31,ALICL,700,708,686,694,61473,42799178.4
2024-02-01,ALICL,702,702,686,690,53585,37024113.7
2024-02-04,ALICL,700,729,695,696,184826,129868926.6
2024-02-05,ALICL,705,705,685,689,44198,30575361.2
2024-02-06,ALICL,696,697,683.2,690,31998,21997820.9
2024-02-07,ALICL,676.2,699.7,676.2,684,35683,24485605.3
2024-02-08,ALICL,690,696,681.4,688,56024,38550893.2
2024-02-11,ALICL,700,700,685,687,59703,41133775.3
2024-02-12,ALICL,682,698,682,692,27236,18766032.9
2024-02-13,ALICL,679,690,677,682.4,50186,34266868
2024-02-14,ALICL,682,684,672.1,675,15064,10219050.5
2024-02-15,ALICL,675,679,667,667,30710,20585146.3
2024-02-18,ALICL,680,680,664,664.6,68527,45827517.2
2024-02-20,ALICL,617,617,599,606,24886,15043329.5
2024-02-21,ALICL,607,609,600,604.7,8888,5370728.1
2024-02-22,ALICL,597,604,590,594.9,12293,7329936.8
2024-02-25,ALICL,605,606.7,575,578,27298,15867086.1
2024-02-26,ALICL,588,589,568,575,8793,5057991.6
2024-02-27,ALICL,578,578,558.6,575,16749,9518914.6
2024-02-28,ALICL,583.5,583.5,547,569,80339,44573192.2
2024-02-29,ALICL,570,570,537.1,559.6,91374,49674588.3
2024-03-03,ALICL,549,553.9,538,545.9,57831,31278022.3
2024-03-04,ALICL,556.8,577,556.8,575,13653,7846690
2024-03-05,ALICL,586.5,586.5,549,549,53344,29912207.7
2024-03-06,ALICL,550,559,545.5,556,19592,10817440.9
2024-03-07,ALICL,564.5,564.5,550,556.9,20900,11664065.7
2024-03-10,ALICL,558.6,570,558.6,565,31158,17643048.1
2024-03-12,ALICL,566,605.9,559.4,600,95380,55732925.7
2024-03-13,ALICL,601,609,590,600,37531,22440403.4
2024-03-14,ALICL,599,599,584.2,591.9,33996,20105301.2
2024-03-17,ALICL,585,591,580,580,20418,11930083
2024-03-18,ALICL,570.2,587,570.2,580,13175,7644976
2024-03-19,ALICL,581,590.9,575.2,578,13801,8035195.3
2024-03-20,ALICL,580,587.9,570,578,13364,7734384.7
2024-03-21,ALICL,579,579.9,570,572.6,7192,4135417.8
2024-03-25,ALICL,573,573,561.2,567,9028,5113938.6
2024-03-26,ALICL,568,573,562.7,567,11174,6311089.8
2024-03-27,ALICL,568,569.8,559,559.9,12872,7232994.9
2024-03-28,ALICL,550.7,562,550.7,562,10859,6063934.3
2024-03-31,ALICL,565,565,555.1,555.1,14712,8203963.8
2024-04-01,ALICL,556,557.9,550,554.8,16445,9101812.7
2024-04-02,ALICL,555,561,554,555,16672,9272847.9
2024-04-03,ALICL,565,565,552.1,552.6,24780,13834102.9
2024-04-04,ALICL,552,558.4,551,552,26976,14957619.4
2024-04-07,ALICL,548.9,569,548.9,569,22022,12381420.8
2024-04-09,ALICL,579,579.8,570.1,575,26293,15122439.2
2024-04-10,ALICL,575,579.9,560,560.3,22655,12838850.2
2024-04-14,ALICL,561,568,551,554.9,13450,7466953.4
2024-04-15,ALICL,556,565,546,555,14101,7831570.4
2024-04-16,ALICL,557,557,548,551,17433,9595548.9
2024-04-18,ALICL,552,552,540,550,10521,5751537.7
2024-04-21,ALICL,545,559.8,540,553,13173,7233089.7
2024-04-22,ALICL,550,555.6,545.8,553,8398,4621030.5
2024-04-24,ALICL,560,560,545.1,547,10352,5660843.1
2024-04-25,ALICL,550,551,544,550,7474,4083801.9
2024-04-28,ALICL,547,555.8,544,551.3,13542,7413893.2
2024-04-29,ALICL,546.1,554.4,546.1,548.3,8827,4854625.3
2024-04-30,ALICL,540,560.9,540,557.8,16626,9240309.2
2024-05-02,ALICL,558.8,565,555.1,555.7,20138,11258825.7
2024-05-05,ALICL,563,563,545,548,15358,8405362.5
2024-05-06,ALICL,548,552,540,545,13815,7538336
2024-05-07,ALICL,545,545,535,542.5,13594,7336618.4
2024-05-08,ALICL,538,550.9,523,542.8,29183,15571984.9
2024-05-09,ALICL,544,544,525,536.2,16810,8969671.4
2024-05-12,ALICL,546.9,568.8,546.9,563,77502,43290493.3
2024-05-13,ALICL,555,574.9,555,568,38966,22167224.6
2024-05-14,ALICL,577,577.3,569.9,577.3,41545,23897278.6
2024-05-15,ALICL,577.3,585,567,575.5,45743,26333786.1
2024-05-16,ALICL,564,575,564,571.8,14300,8149301.1
2024-05-19,ALICL,582,608,577,602,120983,72299589.3
2024-05-20,ALICL,610.1,620,595,602.5,51728,31468437.8
2024-05-21,ALICL,591.1,610,591.1,602,42174,25266244.3
2024-05-22,ALICL,590,598,586.4,590,53143,31470669
2024-05-26,ALICL,585,589.9,578.3,584.4,30988,18040811.3
2024-05-27,ALICL,575,588,574.2,583.8,17897,10427703.6
2024-05-29,ALICL,588.7,591,571,576.5,25448,14673342.7
2024-05-30,ALICL,570,575,566,568.8,18115,10329090.3
2024-06-02,ALICL,564,572,564,569.5,14335,8164536.5
2024-06-03,ALICL,570.3,573,563.1,569.7,13331,7545305.7
2024-06-04,ALICL,568,573,567,572.9,10628,6053927.6
2024-06-05,ALICL,572.9,572.9,560,569,21539,12165302.9
2024-06-06,ALICL,574.9,574.9,561.5,568,14047,7935698.6
2024-06-09,ALICL,568,568,560,562,10716,6035641.3
2024-06-10,ALICL,562,565,560.2,563,21320,12003864.3
2024-06-11,ALICL,563,575,563,572.9,26283,14962000.5
2024-06-12,ALICL,568,590.5,568,578.8,19062,10969596.3
2024-06-13,ALICL,568,588,567.1,574.9,15495,8872878.9
2024-06-16,ALICL,585.9,585.9,566,569,13221,7532364
2024-06-18,ALICL,562,571,560,565.9,14023,7918664.1
2024-06-19,ALICL,561.3,579,560,563,18969,10717073.5
2024-06-20,ALICL,574,574,560.2,562,18554,10448478.9
2024-06-23,ALICL,551,566,551,560,16936,9502117.8
2024-06-24,ALICL,552,564.2,552,560,16157,8995232.1
2024-06-25,ALICL,548.8,563.5,548.8,558.8,26982,15047793.9
2024-06-26,ALICL,551.09,560,551.09,554,13908,7734903.3
2024-06-27,ALICL,560,560,546.2,549,20360,11174778.3
2024-06-30,ALICL,549,554,544,548,35203,19255781.6
2024-07-01,ALICL,557.5,557.5,542.1,551,16622,9082913.5
2024-07-02,ALICL,562,595.6,560,565,56616,32270145.5
2024-07-03,ALICL,576,576,556.4,575,26446,15023207.4
2024-07-04,ALICL,563.5,588,563.5,588,81981,47719761.9
2024-07-07,ALICL,588,599,581,591.9,69974,41278079.7
2024-07-08,ALICL,580.1,603.5,580.1,595,48770,28904075.7
2024-07-09,ALICL,583.1,593,582,590,60948,35772144.5
2024-07-10,ALICL,578.2,600,578.2,599,86856,51693839.5
2024-07-11,ALICL,605,616,599,614.9,98544,60000170.9
2024-07-14,ALICL,627.1,640.9,615,629.9,94978,59495577.5
2024-07-15,ALICL,642,642.4,617.2,623,131278,82061060.5
2024-07-16,ALICL,632,653,618.7,653,86989,55533589
2024-07-17,ALICL,640,675.2,640,670,104585,69491188.6
2024-07-18,ALICL,680,690,662.2,670,132415,90043290.9
2024-07-21,ALICL,670,685,663.3,679.9,112216,76083332.5
2024-07-22,ALICL,680,680,660.1,670,82158,54947497.9
2024-07-23,ALICL,671,706,660,705,167532,115661917.9
2024-07-24,ALICL,690.9,719.9,690,700,170795,120405448.6
2024-07-25,ALICL,690,720,690,715,120192,84791755.9
2024-07-28,ALICL,729.3,743.5,702,740,126819,92277041.5
2024-07-29,ALICL,741,754,714,725,115406,83941710.8
2024-07-30,ALICL,710.5,727,701.7,727,115476,82318778.1
2024-07-31,ALICL,728,748,723,730,126807,93232987
2024-08-01,ALICL,715.4,772.9,715.4,753.9,202318,152499651.9
2024-08-05,ALICL,753.9,782,724.2,774,173024,132912087.3
2024-08-06,ALICL,758.6,787,731,735,199875,152525022.7
2024-08-07,ALICL,720.3,761.9,720.3,761,129416,96819919.1
2024-08-08,ALICL,761,776,750,753,137517,104389362.6
2024-08-11,ALICL,738,783,738,771.9,122582,93885622.7
2024-08-12,ALICL,778,813,778,808,211990,168260344.7
2024-08-13,ALICL,824.1,824.1,790,800,145911,117146078.3
2024-08-14,ALICL,800.1,809.9,781.4,799,139385,110577554.5
2024-08-15,ALICL,808,808,789,792,122925,97702029.9
2024-08-18,ALICL,802,825,777,796,228667,184343646
2024-08-21,ALICL,800,811,795,797,98241,78600161.9
2024-08-22,ALICL,790,806,786,792.9,96215,76740259.4
2024-08-25,ALICL,793,797.4,770,771.5,87771,68723179.8
2024-08-27,ALICL,756.1,782,748,749.9,126016,96071216
2024-08-28,ALICL,749,778,741,746.9,59612,45096239.7
2024-08-29,ALICL,732,750,730,737.8,88216,65042709.4
2024-09-01,ALICL,750,751,730,730,57272,42312121.5
2024-09-02,ALICL,735,758,727,752,69199,51626765.3
2024-09-03,ALICL,763,787,752,775,113182,87122681.3
2024-09-04,ALICL,785,785,745.1,747,53645,40796246.3
2024-09-05,ALICL,734,748.9,730,738,53027,39080620.2
2024-09-08,ALICL,745.3,749,732.4,737,53509,39530895.7
2024-09-09,ALICL,725,742,712.1,724,68060,49119455.8
2024-09-10,ALICL,725,742.8,708,713,61277,43951276.1
2024-09-11,ALICL,726,726,702,704,27077,19186942.4
2024-09-12,ALICL,705,725,705,725,32686,23402617.5
2024-09-15,ALICL,738,738,706,707,27583,19936694.3
2024-09-16,ALICL,693,711,687.5,698.9,44455,30864513.3
2024-09-18,ALICL,690,700,676.2,684,30128,20706190.3
2024-09-22,ALICL,697,708,681.1,685,30134,20752951.6
2024-09-23,ALICL,679,691,666,674,34075,22972542.6
2024-09-24,ALICL,674,678.9,660.2,665,26326,17546010.6
2024-09-25,ALICL,665,681,654.1,677,24579,16448180.2
2024-09-26,ALICL,677.2,690,666,674,16318,11084416.2
2024-09-29,ALICL,661,678,660.2,672,19019,12724214.2
2024-09-30,ALICL,672,699,671.1,695.5,51486,35190904.7
2024-10-01,ALICL,709,732,694,724,32506,23233759.6
2024-10-02,ALICL,730,730,707,717.8,38512,27459163.8
2024-10-06,ALICL,707.3,730,707,728,22645,16299211.9
2024-10-07,ALICL,726,740,722.2,727.8,59646,43439856
2024-10-08,ALICL,715,731.7,713,714,21205,15305630.9
2024-10-09,ALICL,703.4,717,703.4,716,15078,10716244.3
2024-10-15,ALICL,702.3,727,702.3,720,12125,8709529.2
2024-10-16,ALICL,720,740,719,734.9,24999,18275460.1
2024-10-17,ALICL,721.5,748,721.5,730.2,38290,28299614.8
2024-10-20,ALICL,723,739,718,720,59294,43000770.6
2024-10-21,ALICL,707,725,707,710,25432,18151240.7
2024-10-22,ALICL,709,719,709,715.7,19193,13696362.9
2024-10-23,ALICL,707,721,707,714.5,12842,9189321.4
2024-10-24,ALICL,706.1,715.5,706.1,710,15699,11146907.2
2024-10-27,ALICL,715,715,704.1,709,19250,13622558.2
2024-10-28,ALICL,694.9,727.9,694.9,723,19857,14334508
2024-10-29,ALICL,709.2,741.6,709.2,736,25723,18862681.6
2024-10-30,ALICL,724.2,745.9,724.2,744.9,20536,15143936
2024-11-05,ALICL,744.9,759,732,754.8,20574,15478789
2024-11-06,ALICL,765,765,750,763,43749,33218391.9
2024-11-10,ALICL,763,778,752,769,43584,33541089.8
2024-11-11,ALICL,755.1,780,755.1,768.5,47625,36745234.1
2024-11-12,ALICL,755,777,755,764,29181,22450214.4
2024-11-13,ALICL,767,767,749.2,754.9,24321,18362949.2
2024-11-14,ALICL,747.3,761,747.3,750,23415,17611550.4
2024-11-17,ALICL,765,770,755.1,759,45391,34685698.2
2024-11-19,ALICL,751,765,746.2,750,49662,37321318.1
2024-11-20,ALICL,740.5,750,736,749.8,20980,15583247.7
2024-11-21,ALICL,734.9,754.9,733,733,23020,17012488.5
2024-11-24,ALICL,720.2,742,720.2,725.4,19554,14293497.6
2024-11-25,ALICL,725.1,736,725.1,735,32858,24091452.8
2024-11-26,ALICL,725.1,749.8,725.1,749.8,14697,10928842.5
2024-11-27,ALICL,760.8,760.8,751,755.3,41991,31738415.6
2024-11-28,ALICL,746.1,763,745,752.9,17497,13212358.9
2024-12-01,ALICL,738,749,737,741,33673,24939071.6
2024-12-02,ALICL,749,755.5,741,749,30117,22560486.9
2024-12-03,ALICL,748,759,748,753,23384,17582922.4
2024-12-04,ALICL,753,768,744.2,760.9,34208,25897045
2024-12-05,ALICL,747,761.9,745.4,748,30084,22550774.3
2024-12-08,ALICL,736.2,748.9,730.1,733,23799,17525066.4
2024-12-09,ALICL,735.3,744.9,726.1,728,22166,16208507.8
2024-12-10,ALICL,723,737,723,730,8441,6163025.3
2024-12-11,ALICL,730,737,720.3,737,21271,15462530.7
2024-12-12,ALICL,728,740,727.2,728.5,8903,6534415.5
2024-12-16,ALICL,725,725,712,720,30320,21724208.5
2024-12-17,ALICL,709.1,725.9,709.1,720.5,16736,12063691.2
2024-12-18,ALICL,715,729.3,710.1,720,22697,16309784.6
2024-12-19,ALICL,715,722.9,710,713.9,19264,13787853.5
2024-12-22,ALICL,715,718.8,707.2,712,16746,11928839.2
2024-12-23,ALICL,712,717.5,700,706,30004,21124578.5
2024-12-24,ALICL,704.1,715,704.1,707.2,9915,7038648.31
2024-12-26,ALICL,715,715,704,708,11149,7878677.9
2024-12-29,ALICL,720,720,705.7,709,16351,11609497.3
2024-12-31,ALICL,709,710,702.1,704,13367,9416495.8
2025-01-01,ALICL,701.3,710,701.3,705,12493,8823696
2025-01-02,ALICL,719.1,719.1,701,705,13102,9215346.5
2025-01-05,ALICL,718.9,718.9,706,706.1,20200,14341972.4
2025-01-06,ALICL,707.3,722,707.3,722,15351,10995132.7
2025-01-07,ALICL,715.2,728,715.2,722,7691,5533749.2
2025-01-08,ALICL,716,738,716,736,25675,18653571.2
2025-01-09,ALICL,730,736,723.1,730,10808,7876616.6
2025-01-12,ALICL,731,744,717,726,6027,4366924.3
2025-01-13,ALICL,717,719.1,707.5,707.5,22283,15925963.8
2025-01-15,ALICL,693.4,716,693.4,711,7518,5350551.5
2025-01-16,ALICL,720,720,707.6,707.6,7585,5393638.5
2025-01-19,ALICL,715,717,706,717,13335,9472240.5
2025-01-20,ALICL,725,725,710,724,40116,28772486.6
2025-01-21,ALICL,709.6,738.9,709.6,733.5,27618,20167737.5
2025-01-22,ALICL,742,745,734.1,742.6,25554,18913978.2
2025-01-23,ALICL,728,761,728,748.9,56950,42643387.6
2025-01-26,ALICL,734,760,734,751.9,49932,37547574.5
2025-01-27,ALICL,736.9,766,735,737,44820,33256301.5
2025-01-28,ALICL,740,744.9,735.1,744.6,25101,18537673.6
2025-02-02,ALICL,732,762.9,732,760,47665,36192043.9
2025-02-03,ALICL,749,775,749,765,54478,41664607.3
2025-02-04,ALICL,750,777,750,773.9,75146,57889900.9
2025-02-05,ALICL,774,793,760.1,780,71561,55984724.6
2025-02-06,ALICL,765,795,765,769,37350,29042007
2025-02-09,ALICL,763,780,763,766,18773,14439758.1
2025-02-10,ALICL,751,773,751,762,25234,19218049.4
2025-02-11,ALICL,760.1,771,760,760,29372,22516156.7
2025-02-12,ALICL,744.8,770.1,744.8,761,18145,13804536.6
2025-02-13,ALICL,762,776,746,767,30798,23433169.3
2025-02-16,ALICL,752,772,752,770,37128,28487059.2
2025-02-17,ALICL,755,775,755,773,31171,24019572.6
2025-02-18,ALICL,774,786.1,758,774.9,65988,50981026.5
2025-02-20,ALICL,761,785,761,776.2,89362,69423254.7
2025-02-23,ALICL,776,788,762.1,785,107370,83776475
2025-02-24,ALICL,777,795,772.1,779.4,63910,50121063.7
2025-02-25,ALICL,769.1,782.9,769.1,777.4,47099,36608330.7
2025-02-27,ALICL,762,790,762,779.4,57034,44327214.2
2025-03-02,ALICL,765,818,765,818,146981,118199876.8
2025-03-03,ALICL,821,831,805.2,808,99727,81494995.6
2025-03-04,ALICL,805,815,795,799,76494,61503750.4
2025-03-05,ALICL,783.1,814,777.3,783.9,52091,40982817.3
2025-03-06,ALICL,775.1,789,775.1,781,63554,49635954.2
2025-03-09,ALICL,781,781,758.6,774,49876,38437075.1
2025-03-10,ALICL,775,783,765,769,23849,18438285.3
2025-03-11,ALICL,755.2,770,755,764.8,20276,15486398.1
2025-03-12,ALICL,780,780,758.5,770,19460,14908297.5
2025-03-16,ALICL,770,770,752,753,22785,17253625.8
2025-03-17,ALICL,752,762.9,745.4,745.4,29347,22056300.9
2025-03-18,ALICL,760,760,745.5,746,24107,18099663.3
2025-03-19,ALICL,746.4,751.9,735,738.9,24607,18305079.8
2025-03-20,ALICL,743,743,736,737.41,20307,14998323.8
2025-03-23,ALICL,726.2,732,716,719.43,26189,18989003.6
2025-03-24,ALICL,720.5,737.5,720.5,726.21,21162,15454860.5
2025-03-25,ALICL,726.2,726.2,717,717.57,17781,12786329.9
2025-03-26,ALICL,718,730.9,715,728.13,17234,12420630.4
2025-03-27,ALICL,726,761,726,757.9,37119,27662728.5
2025-03-30,ALICL,758,775.3,758,769.6,87771,67434722.5
2025-04-01,ALICL,770,774,752.3,758.99,39595,30147793.3
2025-04-02,ALICL,770,771,758,762.47,48396,36943373.1
2025-04-03,ALICL,768,777.8,763,768.37,75188,57993639.2
2025-04-07,ALICL,778,779,751,755.28,25274,19124785.2
2025-04-08,ALICL,749,750,737.1,745.59,23763,17632262.1
2025-04-09,ALICL,752,755,746,748.48,20061,15036410.3
2025-04-10,ALICL,750,752,741.2,746.91,15135,11316413.7
2025-04-13,ALICL,746,746,737.5,741,14833,10993486.1
2025-04-15,ALICL,741,750.5,730,747.9,19580,14638887.9
2025-04-16,ALICL,749,762,735,746.53,20485,15290150.1
2025-04-17,ALICL,760,760,746.5,747.21,31350,23518934
2025-04-20,ALICL,732.3,750,717.7,739.51,19702,14624461.3
2025-04-21,ALICL,724.8,746.5,724.8,741.82,25505,18881951.6
2025-04-22,ALICL,731.1,745.7,731,733.58,24125,17727922.9
2025-04-23,ALICL,747.9,747.9,719,723.18,73779,53240283
2025-04-24,ALICL,720,730,720,723.32,17388,12580921.5
2025-04-27,ALICL,722,729.5,720,721.45,21791,15743739.9
2025-04-28,ALICL,730,732,721,721.6,27064,19607136.4
2025-04-29,ALICL,717,730,717,722.25,48728,35239525.1
2025-04-30,ALICL,717,732,717,723.77,30398,22114403.8
2025-05-04,ALICL,737,739,725,725.64,42961,31503009.3
2025-05-05,ALICL,738.9,738.9,723,723.86,10134,7340903.7
2025-05-06,ALICL,724,729.8,717,722.59,23629,17076184.4
2025-05-07,ALICL,732,738,719.5,736.57,32559,23811187.9
2025-05-08,ALICL,736,748,725,725.41,20019,14608517.2
2025-05-11,ALICL,739.9,753,720,723.65,103761,76045120.1
2025-05-13,ALICL,735,738,728,728.48,22102,16178014.8
2025-05-14,ALICL,725.2,732,720,721.27,13265,9585733.5
2025-05-15,ALICL,722,727.9,713.2,718.74,13151,9463091.3
2025-05-18,ALICL,722.2,724.5,710,711.84,31631,22634926.4
2025-05-19,ALICL,724,724,713,718.63,21407,15359716.4
2025-05-20,ALICL,718,732,714,730.34,27001,19487808.2
2025-05-21,ALICL,744.9,759,728.5,734.34,76381,56337151.2
2025-05-22,ALICL,749,749,725,726.15,52166,38115614
2025-05-25,ALICL,730,738,714,716.37,88174,63412246.4
2025-05-26,ALICL,725,730,715,715.95,51291,36774664.1
2025-05-27,ALICL,717,718,709.3,710.33,48574,34647045.4
2025-05-28,ALICL,715,715,694,696.44,238361,166744826.3
2025-06-02,ALICL,530.4,539,518,521.09,43941,22978953.6
2025-06-03,ALICL,521,521,515,516,18996,9831095.8
2025-06-04,ALICL,516,516,507.3,508.75,14392,7347049.9
2025-06-05,ALICL,508,510,500,501.64,24031,12068122.9
2025-06-08,ALICL,510,510,493,494.91,27045,13470673.3
2025-06-09,ALICL,500,504.8,497.8,498.9,23371,11684708.7
2025-06-10,ALICL,502,509.9,499.9,501.75,79090,39656738.2
2025-06-11,ALICL,500.2,507.8,499,499.21,56632,28393774.3
2025-06-12,ALICL,505,505,498,500.56,17583,8790885.2
2025-06-15,ALICL,501,502,498,499.96,12992,6484958.4
2025-06-16,ALICL,500,504.9,496,499.94,38337,19173713
2025-06-17,ALICL,506,506.9,497,498.13,11470,5728671.7
2025-06-18,ALICL,495.2,504,495.2,500.28,14101,7051236.9
2025-06-19,ALICL,500,502,497,499.84,26755,13331890.1
2025-06-22,ALICL,500,501,495.5,498.12,96008,47824429
2025-06-23,ALICL,500,500,495.1,497.99,9486,4720502.7
2025-06-24,ALICL,501,502,492,493.61,18574,9218897.3
2025-06-25,ALICL,500,500,493,494.65,18654,9253520
2025-06-26,ALICL,484.8,501,484.8,493.75,94745,47298608.6
2025-06-29,ALICL,493,497.8,490,496.38,14183,7002684.6
2025-06-30,ALICL,499,499,495.4,496.82,16406,8153374.7
2025-07-01,ALICL,500,503,496,501.56,14458,7247611.9
2025-07-02,ALICL,503,520,502.1,517.63,42747,21889588
2025-07-03,ALICL,527.9,545,525,538.44,153206,82176191.2
2025-07-06,ALICL,519,519.9,499.9,500.12,122839,62075885.1
2025-07-07,ALICL,510.1,510.1,495,499.75,39615,19749083.7
2025-07-08,ALICL,500,503,496.7,499.41,14604,7295201
2025-07-09,ALICL,503,505.7,497.1,499.64,25793,12882837.8
2025-07-10,ALICL,500,505.9,498,499.71,15764,7882619.4
2025-07-13,ALICL,509.7,509.7,498.6,499.79,55831,27979398.2
2025-07-14,ALICL,503,503,489.9,490.38,90841,44679808.1
2025-07-15,ALICL,500,500,488.3,491.92,86690,42578121.3
2025-07-16,ALICL,493.5,510.8,493.5,498.36,165956,82702317.6
2025-07-17,ALICL,505,516,500,513.4,107474,55075084.1
2025-07-20,ALICL,519.8,530,513.7,518.3,193517,101360310.9
2025-07-21,ALICL,518.5,523,515,519.91,67185,34881992.2
2025-07-22,ALICL,519.9,545,519.9,541.77,110093,58797010
2025-07-23,ALICL,549.8,550,533,538.26,85321,46097199.7
2025-07-24,ALICL,548,548,533.1,538.53,104627,56278095.6
2025-07-27,ALICL,545,549,532,533.48,84624,45634109
2025-07-28,ALICL,530,538.9,520.1,527.14,63316,33290289.4
2025-07-29,ALICL,531.5,537,525,526.63,80840,42888025.2
2025-07-30,ALICL,516.1,540,516.1,522.87,42257,22141109.9
2025-07-31,ALICL,531,531,516,516.58,30999,16117144
2025-08-03,ALICL,517,520,500.3,505.3,34694,17622751.6
2025-08-04,ALICL,514.5,514.5,500,505.23,26482,13344752.6
2025-08-05,ALICL,511.9,511.9,498,499.67,27694,13877757.7
2025-08-06,ALICL,501.1,504.8,498,498.2,16310,8152117.1
2025-08-07,ALICL,497.2,502,496.3,499.91,13889,6948940.6
2025-08-11,ALICL,500,509,490,491.68,31558,15653428.9
2025-08-12,ALICL,496,496,486.5,487.88,20920,10220166.5
2025-08-13,ALICL,494.9,496,486,490.98,44103,21695819.6
2025-08-14,ALICL,491.9,493,487.2,491.78,22428,11000652.7
2025-08-17,ALICL,501,501,483.7,485.11,31293,15234974.1
2025-08-18,ALICL,481.1,488.8,481.1,483.55,20034,9705369.1
2025-08-19,ALICL,484,493,484,484.93,31799,15509162.3
2025-08-20,ALICL,485,490,481,486,14053,6818271.1
2025-08-21,ALICL,478,490,478,488.57,18981,9257709.6
2025-08-24,ALICL,478.8,489.9,478.8,486.1,27800,13499573.5
2025-08-25,ALICL,487,493,484.2,491.27,12385,6056378.8
2025-08-26,ALICL,495,495,484.4,491.03,9539,4664755.3
2025-08-27,ALICL,487,503.9,487,502.28,31312,15558084.7
2025-08-28,ALICL,493,507,490,490.37,19572,9664370.7
2025-08-31,ALICL,490,494,480.1,485.65,18169,8808812.9
2025-09-01,ALICL,495.3,495.3,483,485.24,9597,4652627.1
2025-09-02,ALICL,486,489,480.6,480.95,25419,12252981.5
2025-09-03,ALICL,481.2,484.4,480.5,481.05,17001,8189053.1
2025-09-04,ALICL,480.2,484,478.5,480.24,14943,7177802.8
2025-09-07,ALICL,479.1,485,476,479.37,7494,3590364.5
2025-09-08,ALICL,477,479,471,472.22,11695,5551320.6
2025-09-18,ALICL,462.8,462.8,462.8,462.8,220,101816
2025-09-21,ALICL,453.6,484,444.6,480.46,42312,19630716.3
2025-09-23,ALICL,481,485,475,478,13364,6444562.2
2025-09-24,ALICL,475,483,470.4,475,7234,3427653
2025-09-25,ALICL,470,478,469,478,10683,5037789.5
2025-09-28,ALICL,469.7,479.4,469.7,473,7357,3479855.1
2025-10-07,ALICL,473,473,458,466.4,20718,9561571.4
2025-10-08,ALICL,460,460,451.2,454,4899,2228905.5
2025-10-09,ALICL,463,481,456.6,461.8,16419,7567569
2025-10-12,ALICL,459,459,442.5,449.4,33450,14923667.8
2025-10-13,ALICL,442,461,442,460,30752,13936614.8
2025-10-14,ALICL,450.8,466,430,452,9541,4332866
2025-10-15,ALICL,450,453.8,444,448,5789,2596558.7
2025-10-16,ALICL,444.2,452,444.2,448,7845,3501760.5
2025-10-19,ALICL,445,451.8,442,447,10243,4561433
2025-10-26,ALICL,440.1,447,440.1,445.6,3656,1620438.4
2025-10-28,ALICL,446,468,446,463.1,15787,7249924
2025-10-29,ALICL,465,469.6,457.2,459,17034,7871780.2
2025-10-30,ALICL,458,484,458,477,39214,18578039.9
2025-11-02,ALICL,485,500,476,499,82692,40482109.5
2025-11-03,ALICL,494,502,490,501,28449,14086983.4
2025-11-04,ALICL,500,500,485.3,487,18311,8994514.4
2025-11-05,ALICL,478,482,469,474.9,47131,22260280.5
2025-11-06,ALICL,465.5,479.8,465,473.2,59211,27912114.4
2025-11-09,ALICL,472,473.8,465.7,468.2,17031,7954239.3
2025-11-10,ALICL,462.3,471.2,460,464,44226,20599227.5
2025-11-11,ALICL,471,473,460,467.8,31018,14383219.2
2025-11-12,ALICL,460.1,473.9,459.6,465,28335,13082631.7
2025-11-13,ALICL,472,472,457.2,457.2,37148,17078531.4
2025-11-16,ALICL,463,463,452.2,452.5,31321,14256670.7
2025-11-17,ALICL,457.9,457.9,446.1,450,80971,36518172.5
2025-11-18,ALICL,450.1,458.8,445.1,451,60161,27212531.3
2025-11-19,ALICL,442,459.1,442,451,55285,24891218.9
2025-11-20,ALICL,445.1,452.9,445.1,448,28268,12685339.4
2025-11-23,ALICL,450,470,450,465.7,88621,40951576.7
2025-11-24,ALICL,465.7,493.9,465.7,493.8,168986,81634387
2025-11-25,ALICL,495,495.7,480,493.8,119828,58843583.6
2025-11-26,ALICL,486,498,486,491,77847,38227579
2025-11-27,ALICL,493,493,481.4,486,58238,28387254.3
2025-11-30,ALICL,476.3,495,476.3,482.9,74236,36156951.1
2025-12-01,ALICL,480.1,483.9,476,479.5,42091,20133180.1
2025-12-02,ALICL,470,480,468.5,473.4,53560,25264704
2025-12-03,ALICL,473.4,476,463.6,465,48017,22455151.6
2025-12-07,ALICL,463,472.2,456.5,460,47246,21735293.6
2025-12-08,ALICL,451,469,451,460,55454,25549290.1
2025-12-09,ALICL,459,469,459,465,37516,17459842.5
2025-12-10,ALICL,473.9,473.9,462,464.4,31400,14578311.8
2025-12-11,ALICL,460.8,467.1,460.7,464.5,30006,13932752.7
2025-12-14,ALICL,464,468,460.1,461.9,28675,13288449.2
2025-12-15,ALICL,462.2,466,462,465,28647,13273811.6
2025-12-16,ALICL,474,488.8,462.1,468.2,30196,14225201.7
2025-12-17,ALICL,474,474,466,469.5,30376,14208749.4
2025-12-18,ALICL,470,474,464.1,464.8,33687,15686472.3
2025-12-21,ALICL,464,467,459.1,461.6,48010,22149661.7
2025-12-22,ALICL,461.6,462.8,454.1,456.9,38895,17795637.2
2025-12-23,ALICL,456,462,454.1,456,23604,10796296.8
2025-12-24,ALICL,447,460,447,457,19920,9096430.1
2025-12-28,ALICL,456,468.5,456,468.5,34976,16215289.8
2025-12-29,ALICL,463,470,458.3,464.5,35423,16394197.9
2025-12-31,ALICL,463.2,471,463.2,467.8,56285,26310500.1
2026-01-01,ALICL,470,470,465,465.5,41624,19460423.3
2026-01-04,ALICL,463,464.7,460.2,461.9,30951,14310052.4
2026-01-05,ALICL,461.9,467,460.4,466,26018,12064440.6
2026-01-06,ALICL,468,469,465,465,47973,22390768.4
2026-01-07,ALICL,463.1,468.8,461.3,465,26585,12338934.9
2026-01-08,ALICL,465,471.9,462.5,471.9,50286,23458012.8
2026-01-12,ALICL,472.9,476.7,469.5,472,40918,19378830.1
2026-01-13,ALICL,472,481,472,476,70183,33544935.6
2026-01-14,ALICL,482,485,473.6,473.7,87084,41680207.9
2026-01-18,ALICL,474.9,481.9,474.9,480.7,54787,26214122.8
2026-01-20,ALICL,486.8,495,485.8,490,75878,37183421.6
2026-01-21,ALICL,494.4,494.4,486.2,487.7,42229,20625729.8
2026-01-22,ALICL,488,490,483.5,488,34582,16779321
2026-01-25,ALICL,490,495,488,491.5,82218,40368928.7
2026-01-26,ALICL,491.1,492,483,488.4,65001,31732330
2026-01-27,ALICL,484.4,489.9,479.5,480.2,58492,28278113.1
2026-01-28,ALICL,476,484.8,476,477,48862,23361623.1
2026-01-29,ALICL,476.2,485,473,477,48689,23275359.2
2026-02-01,ALICL,473.5,482.9,473,473,21608,10252875.3
2026-02-02,ALICL,481.9,482,475,479,34706,16568406.3
2026-02-03,ALICL,475,482.7,474.3,477,26671,12694393.1
2026-02-04,ALICL,467.5,480.5,467.5,474.1,25539,12152404.2
2026-02-05,ALICL,483,483,475,480,35987,17167008.6
2026-02-08,ALICL,486,489,477.3,479.9,49511,23889231.3
2026-02-09,ALICL,480,483,471.3,471.3,69500,32966039.8
2026-02-10,ALICL,466,479.9,456.7,468,99632,46499916.4
2026-02-11,ALICL,477.3,485,448,461,112035,51940202
2026-02-12,ALICL,440,448,440,445.9,66042,29305340.4
2026-02-16,ALICL,451,451,439,447,35171,15564745.5
2026-02-17,ALICL,446,447.9,440,442.8,68435,30260090.9
2026-02-22,ALICL,440.1,444,437,437,37050,16290039.4
2026-02-23,ALICL,437,440,435.2,436.2,25577,11172608.3
2026-02-24,ALICL,438,441,435,439,29169,12751844.6
2026-02-25,ALICL,443,450,440,444.3,59466,26550124.6
2026-02-26,ALICL,442.1,447,440,443,21947,9703721
2026-03-01,ALICL,440,451,438,448,32164,14391311.2
2026-03-03,ALICL,446,454.5,445.3,452,33671,15191675.1
2026-03-09,ALICL,461,488.9,461,480,3038,1470063.8
2026-03-10,ALICL,489,489.6,462,480,122617,58592295.7
2026-03-11,ALICL,480,490,472,476,44239,21281003.2
2026-03-12,ALICL,477,485,471.1,481.2,40262,19250449.7
2026-03-15,ALICL,482,485,475.2,476.4,30850,14755147.2
2026-03-16,ALICL,471.5,476,465.3,469.5,32109,15091374.2
2026-03-17,ALICL,470,472,464.2,470,25076,11749095.4
2026-03-19,ALICL,475,485.5,470.9,483.7,87150,41745789.1
2026-03-22,ALICL,486,505,484,499,172859,85788710
2026-03-23,ALICL,505,505,492,496,103823,51547739.3
2026-03-24,ALICL,491.2,496,486.3,495,128237,62946333.5
2026-03-25,ALICL,495,496,484,489,95142,46413155.8
2026-03-26,ALICL,484,490,479,488,48491,23554296.6
2026-03-29,ALICL,490,495,470,470,120921,57631824.9
2026-03-30,ALICL,465,477,465,466,50846,23847165.9
2026-03-31,ALICL,466,474,461.2,470,44825,20961757.3
2026-04-01,ALICL,467,472,458,467.9,53051,24639161.2
2026-04-02,ALICL,460.1,468,450,463.8,61841,28459100.9
2026-04-05,ALICL,463.8,472.5,437.2,449.9,83282,37227250.7
2026-04-06,ALICL,446,463.5,446,457.1,24314,11108475
2026-04-07,ALICL,459,466,455,459,26387,12087286.8
2026-04-08,ALICL,468.1,468.1,455,461,30112,13837626.7
2026-04-09,ALICL,460,467,452,466,28934,13396334.7
2026-04-10,ALICL,470,470,462,469.8,31943,14883998.5
2026-04-13,ALICL,461,469.6,460.3,463.8,14887,6875027.6
2026-04-15,ALICL,463.8,469,460.5,466,19077,8894241.4
2026-04-16,ALICL,465,468,458.1,462,32772,15151963.2
2026-04-17,ALICL,462,465,458,465,20180,9298356.6
2026-04-20,ALICL,488.2,488.2,453,458.5,7837,3609109.7
2026-04-21,ALICL,481.4,481.4,455,459,12738,5824204.4
2026-04-22,ALICL,454,460,450.4,457,13616,6178622.7
2026-04-23,ALICL,457,458.9,452.2,458,7715,3515553.2
2026-04-24,ALICL,451,460,451,458,5596,2537252.5
2026-04-27,ALICL,458,459,451.3,458,16224,7400413.7
2026-04-28,ALICL,458,458,452.2,454.5,22641,10323768.1
2026-04-29,ALICL,454.5,455.1,452.2,453.9,12054,5466611.8
2026-04-30,ALICL,452.1,453.1,445.1,450.5,12837,5779453.2
2026-05-04,ALICL,450,454.7,445,447.2,18756,8381519.1
2026-05-05,ALICL,445.1,451,445.1,450,10836,4865614.6
2026-05-06,ALICL,445.1,450.9,445.1,449.5,4865,2177092.9
2026-05-07,ALICL,446.2,454,445.6,450.8,4054,1817409.6
2026-05-08,ALICL,453,455,451.7,453,32229,14602437.3
2026-05-11,ALICL,459.9,460,455,458.5,7397,3388043.9
2026-05-12,ALICL,455,460,453,454,25062,11423150.5
2026-05-13,ALICL,449,455.9,449,455.9,9412,4264440
2026-05-14,ALICL,448.3,458,448,454.2,14590,6597232.2
2026-05-15,ALICL,454,455,451.1,451.5,6594,2985456.2
2026-05-18,ALICL,450.1,455.6,450.1,455.5,17737,8038402.6
2026-05-19,ALICL,449.2,454,449,451.7,19445,8768009.5
2026-05-20,ALICL,454.8,454.8,450,454.5,14518,6578063.9
2026-05-21,ALICL,455,455,451.2,454.7,6484,2938233.8
2026-05-22,ALICL,459.9,459.9,449,452.3,33390,15057992.2
2026-05-25,ALICL,459.9,459.9,452,455.2,8712,3954919.2
2026-05-26,ALICL,458.5,458.5,449.3,449.3,37205,16896067.5
2026-05-27,ALICL,455,455,451.5,454,14187,6432703.5
2026-06-01,ALICL,462.4,462.5,452,455.8,23886,10857610.1
2026-06-02,ALICL,478.5,478.5,452.1,456,20378,9293001.2
2026-06-03,ALICL,451.2,472.4,451.2,464,42645,19807037.7
2026-06-04,ALICL,462.9,465,455.1,460,15715,7206157.1
2026-06-05,ALICL,460,462,456.1,459,7346,3372840.1
2026-06-08,ALICL,459.8,459.8,453,457.6,17392,7920846.7
2026-06-09,ALICL,451.1,458.7,451,457.9,15983,7251179.6
2026-06-10,ALICL,450,459.9,450,453,6454,2930055.6
2026-06-11,ALICL,450,455,444.1,450,31401,14080512.7
2026-06-12,ALICL,449,458,449,452,8160,3673902.6
2026-06-15,ALICL,452,452,448,449,14690,6606951
2026-06-16,ALICL,442,452.8,442,450.2,9889,4442016
2026-06-17,ALICL,450,450,442,448.2,26729,11871325.4
2026-06-18,ALICL,442,448,442,444.1,4851,2155337.3
2026-06-19,ALICL,442,447.5,442,444,6231,2766515
2026-06-22,ALICL,444,449.8,442,445,5297,2351447.9
2026-06-23,ALICL,442.1,445,441,443,13512,5977258.2
2026-06-24,ALICL,441.1,441.4,438.1,440.1,29108,12793599.4
2026-06-25,ALICL,438,444.7,436,443,13869,6093971.6
2026-06-26,ALICL,435.1,443,435,440.1,13287,5856041.8
2026-06-29,ALICL,440,440,433,436.9,17209,7503999.2
2026-06-30,ALICL,430,436.9,430,434.8,18840,8198638.5
2026-07-01,ALICL,435,443,435,438.9,6732,2944672.6
2026-07-02,ALICL,438.9,440,435,436.5,12803,5589263.2
2026-07-03,ALICL,436.5,439,435,437.1,24533,10720052.6
2026-07-06,ALICL,437,437,431.1,432,14023,6089400.8
2026-07-07,ALICL,442.8,442.8,432,435,16956,7347775.1
2026-07-08,ALICL,435,435,432,432,7935,3433112
2026-07-09,ALICL,430,430.5,420,420,20644,8805446
2026-07-10,ALICL,430,430,419,422.4,52075,22169840.2
2026-07-13,ALICL,420.2,425,416.5,418,15570,6532631
2026-07-14,ALICL,418,422,413.4,419,13641,5719632.1
2026-07-15,ALICL,420,429.8,419,422,7934,3341622
2026-07-16,ALICL,428,428,419,419,13271,5595878.2
2026-07-17,ALICL,426.9,434.9,423,433.7,12498,5374291.7
2026-07-20,ALICL,440,442.6,432,442.5,18488,8133168.3
2026-07-21,ALICL,451.9,451.9,438,442,17026,7554131
2026-07-22,ALICL,440,444.9,432,438,13723,5990316.3
2026-07-23,ALICL,435.1,441,435,441,7997,3500748.6
2026-07-24,ALICL,441,446.9,439.5,441.9,9351,4134537.7
2026-07-27,ALICL,442,442.2,432.1,436,17605,7665676.1
2026-07-28,ALICL,428,436,428,434,16079,6918616.3
2026-07-29,ALICL,455.7,455.7,429.2,436,7937,3445162.6
2026-07-30,ALICL,436,436,426,428.7,14001,5995951.3
2026-07-31,ALICL,428.7,433.8,423.5,431.7,48252,20633493.8
2026-08-03,ALICL,431.7,433.6,430,432,6775,2922479
2026-08-04,ALICL,430,431,424,425.9,12253,5225548.9
2026-08-05,ALICL,423.3,430,423,425.1,15400,6558146
2026-08-06,ALICL,423,429.8,422,424.8,6022,2547833.3
2026-08-07,ALICL,424.8,424.8,420.8,422,5448,2299798.9
2026-08-10,ALICL,424.5,424.5,418,418,11884,4992932.1
2026-08-11,ALICL,418,423,418,420,11144,4684490.7
2026-08-12,ALICL,428.7,428.7,416.1,418,9785,4092606.9
2026-08-13,ALICL,422,422,418,419,5207,2183439.2
2026-08-14,ALICL,419,423.9,419,420,7425,3124696.4
2026-08-17,ALICL,416.3,421.6,416.3,421.6,14256,5969332.3
2026-08-18,ALICL,420,421,414,415,27054,11300647
2026-08-19,ALICL,419.9,419.9,415,415,12451,5185384.5
2026-08-20,ALICL,415,419.9,413.1,419.9,12470,5184038.9
2026-08-21,ALICL,418.1,420,415.1,415.2,8641,3599463.2
2026-08-24,ALICL,415.2,415.2,411.1,413,6826,2815583.5
2026-08-25,ALICL,418.5,418.5,409.1,410.6,19149,7876293
2026-08-26,ALICL,410,410,399,404.8,34634,13897796.4
2026-08-27,ALICL,393.1,403.8,381.4,402.3,9411,3738556.2
2026-08-31,ALICL,391.2,398,390,393.9,9322,3656029.1
2026-09-01,ALICL,390.2,397,388,395,13800,5429187.9
2026-09-02,ALICL,385.1,398,385.1,398,11261,4455922.5
2026-09-03,ALICL,398,400,397,399.5,15632,6233750
2026-09-07,ALICL,397,405,397,402,10546,4236929.4
2026-09-09,ALICL,407.9,407.9,397,398,6052,2411735
2026-09-10,ALICL,395,400,394.3,398,3280,1307798.5
2026-09-11,ALICL,398,400,390,399.2,16496,6537910.4
2026-09-14,ALICL,399,406.9,396.3,404,12122,4899900.5
2026-09-15,ALICL,424,424,414,418,38690,16201288
2026-09-16,ALICL,422.9,422.9,412,416,21569,8991229
2026-09-17,ALICL,421,422.9,417,417,17510,7344785.2
2026-09-18,ALICL,415,434.8,415,432.9,72556,30929875.1
2026-09-22,ALICL,425.5,439.6,425.5,439.6,32797,14289723
2026-09-23,ALICL,435,436,424,427,42464,18185348.9
2026-09-24,ALICL,425,432.9,421.2,432.8,24236,10309906.2
2026-09-28,ALICL,436,440,425.5,430,31898,13834520.6
2026-09-29,ALICL,451.5,451.5,423,426,11430,4864952.4
2026-09-30,ALICL,426,426,420,424.6,8222,3472991.6
2026-10-01,ALICL,421.4,425,418,423,11046,4647621
2026-10-02,ALICL,426.5,426.5,421,422.9,11333,4790611
2026-10-05,ALICL,418.5,424.9,418.5,422,27252,11509565
2026-10-06,ALICL,422,425,417,420.9,9919,4174717.1
2026-10-07,ALICL,418.2,422,408.5,417,38616,15960117.6
