date,symbol,open,high,low,close,volume,turnover
2011-04-06,CIT,576,587,587,587,56,32872
2011-04-17,CIT,587,598,598,598,25,14950
2011-04-20,CIT,598,587,587,587,10,5870
2011-04-27,CIT,587,587,587,587,75,44025
2011-04-28,CIT,587,598,588,588,238,140254
2011-05-02,CIT,588,620,599,620,117,70788
2011-05-04,CIT,620,632,632,632,181,114392
2011-05-10,CIT,632,632,632,632,31,19592
2011-05-11,CIT,632,634,634,634,31,19654
2011-05-12,CIT,634,646,646,646,25,16150
2011-05-16,CIT,646,671,658,671,50,33225
2011-05-18,CIT,671,704,687,702,381,263525
2011-05-19,CIT,702,700,690,700,243,169290
2011-05-22,CIT,700,697,685,697,511,351006
2011-05-23,CIT,697,685,684,685,145,99230
2011-05-25,CIT,685,719,719,719,10,7190
2011-05-26,CIT,719,705,675,675,291,197177
2011-06-01,CIT,675,686,685,686,50,34265
2011-06-02,CIT,686,688,688,688,25,17200
2011-06-05,CIT,688,689,660,660,96,65363
2011-06-14,CIT,660,647,594,594,1065,638018
2011-06-15,CIT,594,583,564,564,113,65137
2011-06-16,CIT,564,553,508,528,728,380169
2011-07-07,CIT,528,405,405,405,31,12555
2011-07-20,CIT,405,413,413,413,31,12803
2011-07-27,CIT,413,421,421,421,10,4210
2011-08-03,CIT,421,429,429,429,10,4290
2011-08-07,CIT,429,437,437,437,10,4370
2011-08-10,CIT,437,440,432,432,72,31184
2011-08-11,CIT,432,440,440,440,11,4840
2011-09-13,CIT,440,448,448,448,31,13888
2011-09-15,CIT,448,446,446,446,45,20070
2011-10-16,CIT,446,450,450,450,20,9000
2011-10-17,CIT,450,451,451,451,112,50512
2011-10-23,CIT,451,445,445,445,124,55180
2011-10-31,CIT,445,453,453,453,10,4530
2011-11-15,CIT,453,455,451,455,124,56172
2011-11-16,CIT,455,450,450,450,248,111600
2011-12-13,CIT,450,480,459,480,215,101748
2011-12-14,CIT,480,489,489,489,31,15159
2011-12-27,CIT,489,498,498,498,62,30876
2012-01-01,CIT,498,489,489,489,50,24450
2012-01-08,CIT,489,517,498,507,107,54174
2012-01-09,CIT,507,517,517,517,12,6204
2012-01-10,CIT,489,532,522,532,40,21080
2012-01-23,CIT,532,562,541,552,127,69653
2012-01-26,CIT,552,563,563,563,15,8445
2012-01-29,CIT,563,563,563,563,62,34906
2012-01-31,CIT,563,574,563,574,25,14240
2012-02-01,CIT,574,574,574,574,50,28700
2012-02-12,CIT,574,563,563,563,52,29276
2012-02-15,CIT,563,596,574,596,104,61489
2012-02-21,CIT,596,610,607,610,43,26131
2012-02-23,CIT,610,620,620,620,20,12400
2012-02-26,CIT,620,644,632,644,46,29444
2012-02-28,CIT,644,669,656,669,70,46275
2012-03-04,CIT,669,670,670,670,10,6700
2012-03-06,CIT,670,675,675,675,62,41850
2012-03-11,CIT,675,675,675,675,126,85050
2012-03-15,CIT,675,682,682,682,15,10230
2012-03-20,CIT,682,682,670,677,2063,1382400
2012-03-21,CIT,677,675,670,675,110,73750
2012-03-25,CIT,675,680,670,670,71,47970
2012-03-29,CIT,670,657,632,640,449,287675
2012-04-01,CIT,640,628,628,628,40,25120
2012-04-02,CIT,628,616,616,616,52,32032
2012-04-05,CIT,616,604,604,604,156,94224
2012-04-09,CIT,604,593,593,593,40,23720
2012-04-12,CIT,593,600,600,600,45,27000
2012-05-02,CIT,600,591,590,590,198,116966
2012-05-08,CIT,590,592,591,592,144,85144
2012-05-09,CIT,592,603,603,603,40,24120
2012-05-10,CIT,603,615,615,615,38,23370
2012-05-21,CIT,615,627,615,627,360,221880
2012-05-22,CIT,627,627,627,627,160,100320
2012-05-24,CIT,627,639,639,639,40,25560
2012-05-30,CIT,639,630,630,630,40,25200
2012-06-04,CIT,630,625,620,623,220,136849
2012-06-05,CIT,623,635,620,630,412,257621
2012-06-06,CIT,630,618,618,618,72,44496
2012-06-11,CIT,618,620,620,620,48,29760
2012-06-12,CIT,620,630,620,630,29,18120
2012-06-13,CIT,630,640,630,640,133,84190
2012-06-17,CIT,640,678,652,678,71,47189
2012-06-18,CIT,678,691,691,691,16,11056
2012-06-19,CIT,691,691,691,691,30,20730
2012-06-20,CIT,691,756,704,756,538,394546
2012-07-04,CIT,756,560,560,560,100,56000
2012-07-05,CIT,560,576,555,576,251,141345
2012-07-08,CIT,576,587,587,587,10,5870
2012-07-09,CIT,587,576,555,555,122,68030
2012-07-11,CIT,555,566,566,566,25,14150
2012-07-12,CIT,566,577,566,566,28,15958
2012-07-18,CIT,566,570,570,570,34,19380
2012-07-25,CIT,570,581,581,581,10,5810
2012-07-30,CIT,581,592,592,592,31,18352
2012-08-23,CIT,592,603,603,603,34,20502
2012-08-27,CIT,603,615,615,615,10,6150
2012-09-09,CIT,615,627,627,627,40,25080
2012-09-10,CIT,627,677,639,677,160,105990
2012-09-11,CIT,677,703,690,703,160,110920
2012-09-12,CIT,703,745,717,745,35,25515
2012-09-13,CIT,745,759,759,759,40,30360
2012-09-19,CIT,759,774,759,774,186,143034
2012-09-20,CIT,774,789,789,789,40,31560
2012-09-23,CIT,789,851,804,851,225,187845
2012-09-24,CIT,851,897,855,880,184,162376
2012-09-25,CIT,880,913,897,900,340,306534
2012-09-26,CIT,900,885,882,885,255,225030
2012-09-30,CIT,885,885,870,870,80,70200
2012-10-02,CIT,870,853,853,853,40,34120
2012-10-03,CIT,853,836,820,820,184,151520
2012-10-04,CIT,820,804,804,804,225,180900
2012-10-07,CIT,804,837,820,837,121,100308
2012-10-08,CIT,837,870,840,870,180,154695
2012-10-09,CIT,870,880,863,863,49,42627
2012-10-10,CIT,863,880,865,880,115,100250
2012-10-18,CIT,880,880,880,880,40,35200
2012-10-30,CIT,880,887,870,887,88,77716
2012-10-31,CIT,887,915,899,915,50,45110
2012-11-01,CIT,915,918,900,918,45,40680
2012-11-04,CIT,918,918,910,910,137,124950
2012-11-05,CIT,910,940,928,940,61,56728
2012-11-07,CIT,940,980,958,980,197,191604
2012-11-12,CIT,980,1004,985,985,250,246640
2012-11-20,CIT,985,1003,1003,1003,10,10030
2012-11-21,CIT,1003,1023,1003,1003,303,305009
2012-11-22,CIT,1003,1003,1003,1003,40,40120
2012-11-28,CIT,1003,1020,1020,1020,31,31620
2012-11-29,CIT,1020,1003,980,980,190,189560
2012-12-12,CIT,980,1010,990,990,97,96596
2012-12-13,CIT,990,1000,1000,1000,54,54000
2012-12-16,CIT,1000,1000,1000,1000,60,60000
2012-12-17,CIT,1000,1080,1020,1040,189,200720
2012-12-19,CIT,1040,1144,1060,1144,138,153934
2012-12-20,CIT,1144,1258,1166,1258,354,437764
2012-12-23,CIT,1258,1305,1280,1305,593,773365
2012-12-26,CIT,1305,1428,1331,1428,100,138410
2012-12-27,CIT,1428,1440,1400,1440,189,267020
2012-12-31,CIT,1440,1480,1451,1451,31,45441
2013-01-01,CIT,1451,1426,1400,1400,153,217220
2013-01-02,CIT,1400,1420,1392,1414,1053,1471256
2013-01-03,CIT,1414,1455,1430,1446,433,625659
2013-01-06,CIT,1446,1535,1446,1535,660,979745
2013-01-07,CIT,1535,1688,1560,1661,604,991624
2013-01-08,CIT,1661,1636,1635,1635,213,348340
2013-01-09,CIT,1635,1667,1667,1667,10,16670
2013-01-13,CIT,1667,1634,1602,1602,21,33994
2013-01-15,CIT,1602,1570,1442,1442,98,144846
2013-01-16,CIT,1442,1442,1315,1440,900,1255435
2013-01-17,CIT,1440,1417,1380,1410,748,1048120
2013-01-21,CIT,1410,1382,1382,1382,109,150638
2013-01-22,CIT,1382,1433,1405,1433,509,717448
2013-01-23,CIT,1433,1461,1449,1449,170,246450
2013-01-24,CIT,1449,1449,1449,1449,40,57960
2013-01-27,CIT,1449,1477,1448,1448,39,56994
2013-01-28,CIT,1448,1420,1322,1340,1083,1449458
2013-01-30,CIT,1340,1328,1303,1306,324,426780
2013-01-31,CIT,1306,1315,1300,1315,211,275434
2013-02-03,CIT,1315,1332,1306,1332,133,175419
2013-02-04,CIT,1332,1340,1332,1332,50,66680
2013-02-05,CIT,1332,1340,1315,1315,81,107395
2013-02-06,CIT,1315,1300,1300,1300,67,87100
2013-02-10,CIT,1300,1320,1300,1320,211,276110
2013-02-12,CIT,1320,1350,1320,1350,322,430428
2013-02-13,CIT,1350,1409,1350,1407,236,324425
2013-02-14,CIT,1407,1390,1390,1390,84,116760
2013-02-17,CIT,1390,1417,1417,1417,10,14170
2013-02-19,CIT,1417,1502,1445,1472,394,581308
2013-02-20,CIT,1472,1459,1426,1426,301,434695
2013-02-24,CIT,1426,1401,1390,1401,220,307820
2013-02-25,CIT,1401,1400,1400,1400,85,119000
2013-02-27,CIT,1400,1399,1394,1394,90,125610
2013-02-28,CIT,1394,1400,1394,1400,312,435900
2013-03-04,CIT,1400,1400,1395,1395,159,222029
2013-03-06,CIT,1395,1405,1405,1405,100,140500
2013-03-07,CIT,1405,1377,1377,1377,88,121176
2013-03-11,CIT,1377,1404,1404,1404,10,14040
2013-03-13,CIT,1404,1432,1404,1415,574,815146
2013-03-14,CIT,1415,1446,1440,1440,301,434891
2013-03-17,CIT,1440,1445,1420,1440,357,511083
2013-03-18,CIT,1440,1440,1412,1412,95,135569
2013-03-20,CIT,1412,1384,1384,1384,40,55360
2013-03-21,CIT,1384,1375,1375,1375,477,655875
2013-03-24,CIT,1375,1399,1399,1399,54,75546
2013-03-25,CIT,1399,1410,1377,1410,747,1044108
2013-03-27,CIT,1410,1430,1386,1415,287,406317
2013-03-28,CIT,1415,1425,1415,1415,239,338705
2013-03-31,CIT,1415,1430,1419,1421,474,676472
2013-04-01,CIT,1421,1420,1420,1420,10,14200
2013-04-02,CIT,1420,1410,1410,1410,52,73320
2013-04-03,CIT,1410,1414,1376,1400,269,375978
2013-04-04,CIT,1400,1414,1400,1414,74,103796
2013-04-07,CIT,1414,1442,1414,1433,423,604142
2013-04-08,CIT,1433,1440,1430,1430,556,795620
2013-04-09,CIT,1430,1440,1438,1438,103,148177
2013-04-11,CIT,1438,1445,1430,1430,458,658828
2013-04-15,CIT,1430,1450,1430,1450,553,793827
2013-04-18,CIT,1450,1421,1421,1421,54,76734
2013-04-22,CIT,1421,1400,1400,1400,40,56000
2013-04-28,CIT,1400,1390,1370,1370,270,370900
2013-04-29,CIT,1370,1350,1343,1350,280,376110
2013-04-30,CIT,1350,1325,1323,1323,20,26480
2013-05-02,CIT,1323,1315,1300,1300,170,221810
2013-05-05,CIT,1300,1326,1300,1300,95,124176
2013-05-06,CIT,1300,1302,1300,1300,198,257428
2013-05-08,CIT,1300,1300,1300,1300,55,71500
2013-05-09,CIT,1300,1295,1295,1295,54,69930
2013-05-12,CIT,1295,1295,1295,1295,54,69930
2013-05-13,CIT,1295,1302,1300,1302,104,135224
2013-05-14,CIT,1302,1328,1302,1328,245,324606
2013-05-15,CIT,1328,1345,1321,1326,87,116513
2013-05-16,CIT,1326,1325,1300,1304,127,165795
2013-05-19,CIT,1304,1330,1330,1330,36,47880
2013-05-20,CIT,1330,1366,1356,1366,522,711292
2013-05-21,CIT,1366,1400,1375,1380,318,438700
2013-05-22,CIT,1380,1415,1407,1415,128,180608
2013-05-23,CIT,1415,1428,1400,1428,400,560868
2013-05-26,CIT,1428,1460,1428,1460,266,382743
2013-05-27,CIT,1460,1500,1460,1500,272,404260
2013-05-28,CIT,1500,1590,1528,1590,859,1314585
2013-05-30,CIT,1590,1610,1575,1575,116,184910
2013-06-02,CIT,1575,1560,1544,1560,20,31040
2013-06-03,CIT,1560,1540,1540,1540,14,21560
2013-06-04,CIT,1540,1569,1540,1540,25,38790
2013-06-05,CIT,1540,1510,1471,1471,331,487921
2013-06-06,CIT,1471,1500,1450,1490,377,550472
2013-06-09,CIT,1490,1505,1481,1505,374,557574
2013-06-10,CIT,1505,1510,1510,1510,30,45300
2013-06-11,CIT,1510,1515,1500,1515,143,215845
2013-06-12,CIT,1515,1550,1525,1550,620,951376
2013-06-13,CIT,1550,1599,1545,1599,438,684174
2013-06-17,CIT,1599,1568,1568,1568,200,313600
2013-06-18,CIT,1568,1555,1515,1515,134,205170
2013-06-19,CIT,1515,1535,1500,1535,141,213640
2013-06-20,CIT,1535,1540,1535,1535,57,87695
2013-06-23,CIT,1535,1550,1480,1550,467,715009
2013-06-24,CIT,1550,1642,1556,1556,925,1462784
2013-06-26,CIT,1556,1594,1550,1555,464,730283
2013-06-27,CIT,1555,1585,1550,1581,2643,4166098
2013-07-01,CIT,1581,1160,1160,1160,10,11600
2013-07-02,CIT,1160,1161,1150,1161,109,125976
2013-07-03,CIT,1161,1170,1170,1170,15,17550
2013-07-04,CIT,1170,1175,1150,1150,504,584340
2013-07-07,CIT,1150,1180,1165,1165,304,354380
2013-07-09,CIT,1165,1185,1180,1185,114,134770
2013-07-10,CIT,1185,1185,1185,1185,93,110205
2013-07-11,CIT,1185,1180,1147,1147,634,735067
2013-07-15,CIT,1147,1131,1130,1130,70,79120
2013-07-16,CIT,1130,1111,1108,1108,160,177380
2013-07-17,CIT,1108,1115,1115,1115,149,166135
2013-07-18,CIT,1115,1130,1130,1130,44,49720
2013-07-21,CIT,1130,1175,1152,1175,173,201573
2013-07-22,CIT,1175,1180,1180,1180,45,53100
2013-07-23,CIT,1180,1298,1200,1298,805,990653
2013-07-24,CIT,1298,1350,1275,1350,309,399071
2013-07-25,CIT,1350,1350,1297,1305,267,350370
2013-07-28,CIT,1305,1404,1320,1404,518,697711
2013-07-29,CIT,1404,1445,1410,1430,512,727889
2013-07-30,CIT,1430,1460,1435,1460,483,699085
2013-07-31,CIT,1460,1517,1488,1517,20,30050
2013-08-01,CIT,1517,1550,1519,1519,358,550666
2013-08-04,CIT,1519,1490,1425,1450,779,1133067
2013-08-05,CIT,1450,1450,1421,1421,127,181917
2013-08-06,CIT,1421,1449,1400,1449,475,668119
2013-08-07,CIT,1449,1477,1434,1435,639,924226
2013-08-08,CIT,1435,1463,1434,1434,60,86330
2013-08-11,CIT,1434,1412,1385,1412,258,361728
2013-08-12,CIT,1412,1395,1390,1390,304,423535
2013-08-13,CIT,1390,1363,1363,1363,15,20445
2013-08-19,CIT,1363,1363,1330,1363,648,876354
2013-08-20,CIT,1363,1370,1370,1370,23,31510
2013-08-27,CIT,1370,1397,1370,1385,418,576005
2013-09-01,CIT,1385,1428,1400,1420,1779,2513771
2013-09-02,CIT,1420,1500,1422,1470,2089,3059542
2013-09-03,CIT,1470,1480,1474,1480,416,613805
2013-09-04,CIT,1480,1480,1475,1480,147,217045
2013-09-05,CIT,1480,1490,1480,1490,248,367540
2013-09-08,CIT,1490,1470,1470,1470,135,198450
2013-09-09,CIT,1470,1475,1470,1475,346,509760
2013-09-10,CIT,1475,1470,1469,1469,169,248290
2013-09-12,CIT,1469,1475,1475,1475,50,73750
2013-09-15,CIT,1475,1475,1460,1460,202,297140
2013-09-16,CIT,1460,1468,1460,1468,152,222780
2013-09-17,CIT,1468,1480,1466,1466,618,909088
2013-09-19,CIT,1466,1466,1466,1466,40,58640
2013-09-22,CIT,1466,1465,1437,1465,175,252475
2013-09-23,CIT,1465,1450,1450,1450,40,58000
2013-09-24,CIT,1450,1479,1445,1479,1047,1526885
2013-09-25,CIT,1479,1500,1480,1482,726,1086000
2013-09-26,CIT,1482,1500,1490,1500,307,460205
2013-09-29,CIT,1500,1500,1500,1500,65,97500
2013-09-30,CIT,1500,1500,1500,1500,68,102000
2013-10-02,CIT,1500,1500,1500,1500,260,390000
2013-10-03,CIT,1500,1530,1530,1530,50,76500
2013-10-06,CIT,1530,1653,1550,1600,884,1418484
2013-10-07,CIT,1600,1632,1620,1632,53,86160
2013-10-08,CIT,1632,1630,1620,1620,180,291700
2013-10-09,CIT,1620,1650,1570,1650,282,451554
2013-10-10,CIT,1650,1683,1683,1683,50,84150
2013-10-17,CIT,1683,1700,1700,1700,100,170000
2013-10-20,CIT,1700,1768,1734,1768,268,465500
2013-10-21,CIT,1768,1875,1800,1875,582,1078075
2013-10-22,CIT,1875,1930,1874,1930,981,1868356
2013-10-23,CIT,1930,1900,1895,1900,194,368475
2013-10-24,CIT,1900,1870,1870,1870,178,332860
2013-10-27,CIT,1870,1889,1852,1875,190,354278
2013-10-28,CIT,1875,1850,1811,1820,902,1650810
2013-10-29,CIT,1820,1825,1800,1800,639,1156874
2013-10-30,CIT,1800,1820,1800,1800,475,856570
2013-11-06,CIT,1800,1836,1836,1836,18,33048
2013-11-07,CIT,1836,1840,1836,1840,600,1101900
2013-11-11,CIT,1850,1902,1850,1902,1376,2595719
2013-11-12,CIT,1902,2000,1925,1940,546,1068191
2013-11-13,CIT,1940,1950,1915,1940,991,1921435
2013-11-14,CIT,1940,1950,1925,1929,725,1404106
2013-11-21,CIT,1929,2006,1967,2006,178,350516
2013-11-24,CIT,2006,2070,2010,2070,1573,3211630
2013-11-25,CIT,2070,2100,2095,2100,232,486700
2013-11-26,CIT,2100,2060,2060,2060,108,222480
2013-11-27,CIT,2060,2060,2040,2040,216,442900
2013-11-28,CIT,2040,2000,1955,1994,267,527420
2013-12-01,CIT,1994,2005,1975,2005,838,1663975
2013-12-02,CIT,2005,2015,2000,2015,290,581200
2013-12-03,CIT,2015,2040,2034,2035,425,865300
2013-12-04,CIT,2035,2050,2050,2050,31,63550
2013-12-05,CIT,2050,2091,2050,2091,76,156333
2013-12-08,CIT,2091,2159,2130,2135,265,565866
2013-12-09,CIT,2135,2120,2100,2120,154,325520
2013-12-10,CIT,2120,2125,2078,2125,305,637547
2013-12-11,CIT,2125,2120,2078,2119,959,2008790
2013-12-12,CIT,2119,2100,2100,2100,248,520800
2013-12-15,CIT,2100,2058,2058,2058,54,111132
2013-12-16,CIT,2058,2050,2050,2050,168,344400
2013-12-18,CIT,2050,2182,2050,2182,531,1131921
2013-12-19,CIT,2182,2270,2181,2270,484,1076378
2013-12-23,CIT,2270,2320,2300,2300,95,218780
2013-12-26,CIT,2300,2276,2230,2230,678,1526762
2013-12-29,CIT,2230,2200,2143,2185,424,923144
2013-12-31,CIT,2185,2150,2058,2075,550,1151592
2014-01-01,CIT,2075,2045,2000,2045,455,913811
2014-01-05,CIT,2045,2060,2045,2060,620,1271130
2014-01-06,CIT,2060,2101,2066,2101,114,237574
2014-01-07,CIT,2101,2095,2059,2070,379,785342
2014-01-08,CIT,2070,2130,2100,2100,138,291240
2014-01-09,CIT,2100,2140,2085,2101,576,1212606
2014-01-12,CIT,2101,2150,2120,2140,619,1326328
2014-01-13,CIT,2140,2101,2101,2101,112,235312
2014-01-14,CIT,2101,2130,2100,2130,784,1662320
2014-01-20,CIT,2130,2172,2172,2172,14,30408
2014-01-21,CIT,2172,2215,2200,2200,90,198600
2014-01-22,CIT,2200,2200,2130,2200,483,1052676
2014-01-23,CIT,2200,2200,2160,2200,1858,4050346
2014-01-26,CIT,2200,2210,2160,2210,218,476740
2014-01-27,CIT,2210,2220,2204,2204,179,395166
2014-01-28,CIT,2204,2200,2200,2200,63,138600
2014-01-29,CIT,2200,2223,2180,2210,953,2094706
2014-02-02,CIT,2210,2200,2200,2200,49,107800
2014-02-03,CIT,2200,2200,2200,2200,25,55000
2014-02-06,CIT,2150,2223,2150,2223,434,951384
2014-02-09,CIT,2223,2230,2200,2200,92,203690
2014-02-10,CIT,2200,2244,2240,2240,154,345360
2014-02-11,CIT,2240,2284,2240,2240,98,221456
2014-02-12,CIT,2240,2386,2250,2345,1284,2997580
2014-02-13,CIT,2345,2486,2370,2486,590,1419304
2014-02-16,CIT,2486,2611,2510,2611,280,712870
2014-02-17,CIT,2611,2872,2663,2872,1485,4249732
2014-02-18,CIT,2872,3159,2900,3159,2034,6264012
2014-02-20,CIT,3159,3474,3222,3474,845,2852228
2014-02-23,CIT,3474,3821,3543,3821,2036,7722062
2014-02-24,CIT,3821,4140,3680,3680,1755,6906744
2014-02-25,CIT,3680,3607,3312,3312,1224,4118738
2014-02-26,CIT,3312,3280,3150,3175,2248,7192764
2014-03-03,CIT,3175,3140,3058,3110,1201,3729410
2014-03-04,CIT,3110,3050,3001,3020,495,1505394
2014-03-05,CIT,3020,3100,2980,3100,751,2286824
2014-03-06,CIT,3100,3280,3162,3280,271,875440
2014-03-09,CIT,3280,3532,3300,3462,597,2040314
2014-03-10,CIT,3462,3402,3331,3331,360,1216508
2014-03-11,CIT,3331,3366,3300,3300,342,1134904
2014-03-12,CIT,3300,3290,3225,3225,158,517350
2014-03-17,CIT,3098,3060,2980,2980,542,1637440
2014-03-18,CIT,2980,2999,2921,2949,398,1183298
2014-03-19,CIT,2949,3050,2850,3045,1828,5462667
2014-03-20,CIT,3045,3105,3045,3105,844,2585785
2014-03-24,CIT,3105,3350,3167,3333,230,760600
2014-03-25,CIT,3333,3300,3205,3282,360,1176387
2014-03-26,CIT,3282,3250,3198,3198,488,1567195
2014-03-27,CIT,3198,3190,3140,3140,115,363100
2014-03-31,CIT,3140,3329,3060,3329,699,2158412
2014-04-01,CIT,3329,3531,3300,3425,662,2243397
2014-04-02,CIT,3425,3490,3400,3480,390,1343097
2014-04-03,CIT,3480,3560,3484,3484,152,531864
2014-04-06,CIT,3484,3490,3490,3490,21,73290
2014-04-07,CIT,3490,3450,3323,3323,393,1320275
2014-04-09,CIT,3323,3348,3200,3348,782,2562806
2014-04-10,CIT,3348,3410,3360,3405,399,1349040
2014-04-13,CIT,3405,3390,3350,3350,176,593440
2014-04-15,CIT,3350,3366,3280,3366,1276,4208937
2014-04-16,CIT,3366,3366,3365,3366,96,323115
2014-04-17,CIT,3366,3468,3400,3400,193,656880
2014-04-20,CIT,3400,3380,3360,3380,160,539145
2014-04-21,CIT,3380,3450,3379,3430,1107,3782582
2014-04-22,CIT,3430,3477,3440,3477,709,2455920
2014-04-23,CIT,3477,3610,3500,3550,1728,6130524
2014-04-27,CIT,3550,3725,3600,3725,460,1691668
2014-04-28,CIT,3725,3775,3725,3740,422,1580460
2014-04-29,CIT,3740,3820,3770,3820,622,2362785
2014-04-30,CIT,3820,3850,3785,3850,359,1369440
2014-05-04,CIT,3850,3960,3900,3960,469,1845645
2014-05-06,CIT,3960,3900,3900,3900,105,409500
2014-05-07,CIT,3900,3900,3900,3900,30,117000
2014-05-08,CIT,3900,3900,3840,3895,150,579660
2014-05-12,CIT,3895,3849,3849,3849,54,207846
2014-05-13,CIT,3849,3773,3698,3700,371,1373734
2014-05-15,CIT,3700,3650,3605,3650,663,2410220
2014-05-18,CIT,3650,3650,3610,3650,401,1458850
2014-05-19,CIT,3650,3610,3610,3610,25,90250
2014-05-20,CIT,3610,3630,3601,3630,434,1570614
2014-05-21,CIT,3630,3723,3605,3651,722,2629088
2014-05-22,CIT,3651,3873,3710,3849,377,1429938
2014-05-25,CIT,3849,3993,3895,3895,534,2093460
2014-05-26,CIT,3895,3896,3840,3855,263,1016900
2014-05-27,CIT,3855,3890,3826,3890,548,2119758
2014-05-28,CIT,3890,3940,3890,3900,649,2533130
2014-06-01,CIT,3900,3930,3900,3900,451,1759530
2014-06-02,CIT,3900,3950,3890,3950,3525,13798053
2014-06-03,CIT,3950,3970,3920,3970,1832,7246901
2014-06-04,CIT,3970,3998,3920,3960,598,2367204
2014-06-05,CIT,3960,4089,3950,4089,714,2854143
2014-06-08,CIT,4089,4200,4100,4200,430,1790690
2014-06-09,CIT,4200,4620,4226,4500,927,4181154
2014-06-10,CIT,4500,4580,4400,4430,2259,10011902
2014-06-11,CIT,4430,4535,4445,4475,862,3866501
2014-06-12,CIT,4475,4559,4475,4559,1393,6295634
2014-06-15,CIT,4559,4550,4500,4550,202,910850
2014-06-16,CIT,4550,4500,4400,4400,176,780440
2014-06-17,CIT,4400,4508,4399,4508,1049,4655659
2014-06-18,CIT,4508,4500,4360,4390,1568,6945954
2014-06-19,CIT,4390,4550,4401,4550,1096,4889896
2014-06-23,CIT,4550,5005,4640,4851,2810,13530182
2014-06-24,CIT,4851,5000,4810,5000,4817,23842684
2014-06-25,CIT,5000,4950,4850,4890,1864,9112185
2014-06-26,CIT,4890,4800,4575,4600,4776,22167400
2014-06-29,CIT,4600,4625,4410,4480,8215,36807460
2014-06-30,CIT,4480,4655,4490,4655,4700,21368074
2014-07-01,CIT,4655,4777,4630,4680,7084,33327684
2014-07-02,CIT,3120,3432,3182,3432,279,936288
2014-07-03,CIT,3432,3770,3500,3770,661,2425680
2014-07-06,CIT,3770,3845,3800,3800,378,1444126
2014-07-07,CIT,3800,3724,3578,3578,233,848376
2014-07-08,CIT,3578,3712,3600,3700,662,2432287
2014-07-09,CIT,3700,3700,3700,3700,100,370000
2014-07-10,CIT,3700,3710,3695,3710,371,1374235
2014-07-13,CIT,3710,3784,3709,3709,165,622035
2014-07-14,CIT,3709,3690,3651,3651,89,327591
2014-07-15,CIT,3651,3601,3600,3600,100,360050
2014-07-16,CIT,3600,3600,3390,3390,573,2001390
2014-07-17,CIT,3390,3519,3450,3519,117,406548
2014-07-20,CIT,3519,3650,3500,3577,414,1489295
2014-07-21,CIT,3577,3850,3648,3724,1227,4594978
2014-07-22,CIT,3724,3724,3600,3600,208,758318
2014-07-23,CIT,3600,3672,3600,3672,171,622512
2014-07-24,CIT,3672,3650,3600,3600,236,852760
2014-07-27,CIT,3600,3600,3550,3550,170,609500
2014-07-30,CIT,3550,3590,3550,3590,198,707300
2014-07-31,CIT,3590,3522,3500,3502,795,2785094
2014-08-03,CIT,3502,3530,3475,3529,155,543094
2014-08-04,CIT,3529,3529,3380,3380,1355,4639750
2014-08-05,CIT,3380,3390,3380,3390,375,1267920
2014-08-06,CIT,3390,3405,3360,3360,721,2440016
2014-08-07,CIT,3360,3350,3309,3350,1548,5135891
2014-08-12,CIT,3350,3350,3350,3350,75,251250
2014-08-13,CIT,3350,3300,3235,3235,438,1432400
2014-08-14,CIT,3235,3275,3251,3275,211,689465
2014-08-18,CIT,3275,3270,3100,3140,1513,4786613
2014-08-19,CIT,3140,3185,3080,3185,542,1703318
2014-08-20,CIT,3185,3185,3070,3100,818,2542940
2014-08-21,CIT,3100,3160,2940,3160,1998,6021013
2014-08-24,CIT,3160,3200,3140,3140,530,1684700
2014-08-25,CIT,3140,3078,3017,3017,119,361707
2014-08-26,CIT,3017,3017,2950,2950,502,1497348
2014-08-27,CIT,2950,3140,3009,3140,1006,3090717
2014-08-28,CIT,3140,3320,3200,3200,1610,5264526
2014-08-31,CIT,3200,3264,3019,3025,2101,6444843
2014-09-01,CIT,3025,3069,2907,3069,1008,2973687
2014-09-03,CIT,3069,3089,3075,3075,151,464807
2014-09-04,CIT,3075,3075,2995,2995,381,1150030
2014-09-07,CIT,2995,2936,2800,2800,859,2466160
2014-09-09,CIT,2800,2910,2820,2876,780,2238996
2014-09-10,CIT,2876,2944,2890,2944,615,1799295
2014-09-11,CIT,2944,2950,2895,2950,810,2368250
2014-09-14,CIT,2950,2892,2890,2890,148,427887
2014-09-15,CIT,2890,2947,2890,2947,325,944950
2014-09-16,CIT,2947,3000,2905,2998,257,762604
2014-09-17,CIT,2998,2999,2910,2910,664,1951776
2014-09-18,CIT,2910,2970,2871,2871,796,2299130
2014-09-21,CIT,2871,2814,2814,2814,13,36582
2014-09-22,CIT,2814,2760,2760,2760,59,162840
2014-09-23,CIT,2760,2927,2815,2927,235,679650
2014-09-24,CIT,2927,2880,2880,2880,48,138240
2014-09-28,CIT,2880,2935,2900,2930,169,494570
2014-09-29,CIT,2930,3005,2950,3005,70,208040
2014-09-30,CIT,3005,3126,2960,2970,1306,3980378
2014-10-08,CIT,2970,2980,2970,2980,163,484740
2014-10-09,CIT,2980,3030,2985,3015,134,401160
2014-10-12,CIT,3015,3000,3000,3000,58,174000
2014-10-13,CIT,3000,3000,2950,2950,281,833796
2014-10-14,CIT,2950,3000,2950,3000,132,391601
2014-10-15,CIT,3000,3150,2995,3150,929,2844840
2014-10-16,CIT,3150,3150,3100,3100,833,2594725
2014-10-19,CIT,3100,3130,3075,3130,532,1642780
2014-10-20,CIT,3130,3070,3031,3032,384,1169196
2014-10-21,CIT,3032,3050,3020,3050,403,1225400
2014-10-22,CIT,3050,3070,3040,3060,378,1154358
2014-10-26,CIT,3060,3110,3092,3110,555,1721910
2014-10-27,CIT,3110,3150,3090,3150,457,1425230
2014-10-28,CIT,3150,3120,3100,3101,180,559247
2014-10-30,CIT,3101,3160,3076,3160,280,870364
2014-11-02,CIT,3160,3162,3100,3100,808,2509996
2014-11-03,CIT,3100,3060,3030,3030,219,667370
2014-11-04,CIT,3030,3001,2930,2950,1043,3099979
2014-11-05,CIT,2950,3010,2999,2999,622,1866898
2014-11-06,CIT,2999,3000,2950,2950,465,1377325
2014-11-09,CIT,2950,3005,2970,3000,1025,3071101
2014-11-10,CIT,3000,2970,2940,2947,1167,3444968
2014-11-11,CIT,2947,3000,2990,3000,194,581800
2014-11-12,CIT,3000,3025,2961,2961,555,1655725
2014-11-13,CIT,2961,2980,2980,2980,178,530440
2014-11-16,CIT,2980,2980,2925,2950,5113,15131131
2014-11-17,CIT,2950,3000,2895,2900,557,1628000
2014-11-18,CIT,2900,2850,2696,2749,376,1041270
2014-11-19,CIT,2749,2907,2750,2907,239,679363
2014-11-20,CIT,2907,3020,2965,2990,543,1632794
2014-11-23,CIT,2990,3050,3000,3020,473,1424536
2014-11-24,CIT,3020,2961,2902,2960,151,445852
2014-11-25,CIT,2960,3009,2950,2950,146,431290
2014-11-30,CIT,2950,2915,2905,2910,710,2064650
2014-12-01,CIT,2910,2852,2795,2800,1153,3240203
2014-12-02,CIT,2800,2820,2745,2790,967,2691826
2014-12-03,CIT,2790,2855,2795,2800,975,2737116
2014-12-04,CIT,2800,2855,2800,2800,561,1579655
2014-12-07,CIT,2800,2830,2770,2805,628,1754455
2014-12-08,CIT,2805,2805,2763,2805,667,1849346
2014-12-09,CIT,2805,2810,2763,2763,2011,5599599
2014-12-10,CIT,2763,2811,2800,2805,436,1223910
2014-12-11,CIT,2805,2814,2800,2809,634,1778816
2014-12-14,CIT,2809,3017,2822,2900,1435,4161196
2014-12-15,CIT,2900,3034,2900,2960,1860,5465088
2014-12-16,CIT,2960,2955,2950,2955,447,1319150
2014-12-17,CIT,2955,2905,2905,2905,67,194635
2014-12-18,CIT,2905,2958,2900,2958,115,334620
2014-12-21,CIT,2958,2990,2940,2990,125,369000
2014-12-22,CIT,2990,2950,2925,2935,243,713655
2014-12-23,CIT,2935,2935,2877,2877,385,1116645
2014-12-24,CIT,2877,2830,2830,2830,110,311300
2014-12-28,CIT,2830,3059,2886,3044,6467,19435148
2014-12-29,CIT,3044,3020,2980,3000,788,2362762
2014-12-31,CIT,3000,2960,2940,2960,253,747575
2015-01-01,CIT,2960,3019,2980,2980,585,1752795
2015-01-04,CIT,2980,3035,2990,3035,647,1947064
2015-01-05,CIT,3035,3056,2997,3020,998,3006666
2015-01-06,CIT,3020,3045,3000,3000,180,542250
2015-01-07,CIT,3000,3015,3000,3000,786,2364750
2015-01-08,CIT,3000,3060,3005,3056,741,2248426
2015-01-11,CIT,3056,3045,3015,3020,800,2422000
2015-01-12,CIT,3020,3173,3001,3101,3900,11876081
2015-01-13,CIT,3101,3350,3090,3350,3008,9517767
2015-01-14,CIT,3350,3625,3343,3500,2981,10372760
2015-01-18,CIT,3500,3640,3492,3495,3391,11919203
2015-01-19,CIT,3495,3707,3500,3590,1653,5909940
2015-01-20,CIT,3590,3588,3449,3517,780,2743517
2015-01-22,CIT,3517,3520,3462,3490,787,2746286
2015-01-25,CIT,3490,3551,3495,3495,331,1168310
2015-01-26,CIT,3495,3501,3466,3490,196,682349
2015-01-27,CIT,3490,3537,3500,3510,1195,4198092
2015-01-28,CIT,3510,3622,3501,3622,752,2668935
2015-01-29,CIT,3622,3694,3599,3610,650,2352315
2015-02-01,CIT,3610,3650,3610,3610,310,1121500
2015-02-02,CIT,3610,3620,3600,3610,275,991750
2015-02-03,CIT,3610,3620,3592,3618,1036,3734628
2015-02-04,CIT,3618,3603,3571,3603,347,1242871
2015-02-05,CIT,3603,3580,3550,3560,435,1551420
2015-02-08,CIT,3560,3599,3530,3580,674,2400170
2015-02-09,CIT,3580,3610,3505,3576,1818,6515925
2015-02-10,CIT,3576,3576,3540,3550,557,1980438
2015-02-11,CIT,3550,3560,3540,3545,213,755470
2015-02-12,CIT,3545,3580,3535,3580,975,3460618
2015-02-15,CIT,3580,3645,3585,3645,1616,5832269
2015-02-16,CIT,3645,3785,3690,3785,1030,3824590
2015-02-18,CIT,3785,3790,3740,3750,453,1702210
2015-02-22,CIT,3750,3700,3680,3680,235,865125
2015-02-23,CIT,3680,3712,3638,3638,747,2727201
2015-02-24,CIT,3638,3610,3610,3610,164,592040
2015-02-25,CIT,3610,3640,3610,3640,363,1312858
2015-02-26,CIT,3640,3665,3658,3658,257,940642
2015-03-01,CIT,3658,3650,3649,3650,109,397796
2015-03-02,CIT,3650,3660,3650,3650,147,536670
2015-03-03,CIT,3650,3650,3600,3640,1601,5797847
2015-03-04,CIT,3640,3699,3650,3699,1851,6797984
2015-03-09,CIT,3699,3750,3665,3750,981,3631079
2015-03-10,CIT,3750,3750,3700,3722,1515,5642408
2015-12-02,CIT,3722,4094,3540,3851,1943,7372438
2015-12-03,CIT,3851,3860,3774,3860,1162,4448982
2015-12-06,CIT,3860,4000,3885,3950,1233,4837265
2015-12-07,CIT,3950,4010,3950,4000,1708,6825825
2015-12-08,CIT,4000,4050,4000,4050,364,1468594
2015-12-09,CIT,4050,4300,4050,4280,1207,5104295
2015-12-10,CIT,4280,4510,4280,4500,1265,5586028
2015-12-13,CIT,4500,4555,4450,4450,1424,6432638
2015-12-14,CIT,4450,4490,4390,4400,468,2059729
2015-12-15,CIT,4400,4400,4371,4400,572,2513416
2015-12-16,CIT,4400,4400,4365,4365,1199,5260242
2015-12-17,CIT,4365,4300,4240,4249,1055,4499240
2015-12-20,CIT,4249,4250,4150,4200,1167,4900670
2015-12-21,CIT,4200,4200,4151,4199,402,1680870
2015-12-22,CIT,4199,4315,4120,4165,1923,8125064
2015-12-23,CIT,4165,4200,4150,4200,1007,4208493
2015-12-24,CIT,4200,4200,4150,4152,1092,4553790
2015-12-27,CIT,4152,4165,4140,4140,709,2943260
2015-12-28,CIT,4140,4175,4130,4132,1805,7471750
2015-12-29,CIT,4132,4150,4125,4125,924,3825830
2015-12-31,CIT,4125,4130,4091,4115,1772,7287535
2016-01-03,CIT,4115,4125,4100,4105,2017,8285840
2016-01-04,CIT,4105,4150,4100,4135,1517,6252870
2016-01-05,CIT,4135,4140,4110,4140,1301,5369760
2016-01-06,CIT,4140,4200,4145,4150,1550,6451343
2016-01-07,CIT,4150,4174,4150,4174,830,3460012
2016-01-10,CIT,4174,4230,4200,4225,3121,13140765
2016-01-11,CIT,4225,4325,4255,4295,1453,6219620
2016-01-12,CIT,4295,4400,4300,4400,3096,13412255
2016-01-13,CIT,4400,4486,4450,4451,1692,7556328
2016-01-14,CIT,4451,4495,4455,4480,939,4199910
2016-01-17,CIT,4480,4465,4400,4465,2276,10026740
2016-01-18,CIT,4465,4465,4401,4410,1626,7167376
2016-01-19,CIT,4410,4440,4400,4416,970,4282952
2016-01-20,CIT,4416,4435,4405,4405,1687,7441636
2016-01-21,CIT,4405,4400,4382,4385,1054,4630341
2016-01-24,CIT,4385,4405,4350,4390,6038,26312776
2016-01-25,CIT,4390,4500,4400,4400,726,3217783
2016-01-26,CIT,4400,4405,4372,4372,982,4316950
2016-01-27,CIT,4372,4350,4350,4350,60,261000
2016-01-28,CIT,4350,4325,4300,4310,516,2226330
2016-01-31,CIT,4310,4370,4300,4370,1800,7752500
2016-02-01,CIT,4370,4380,4355,4355,213,929120
2016-02-02,CIT,4355,4360,4350,4350,224,976060
2016-02-03,CIT,4350,4426,4295,4426,7399,31834924
2016-02-04,CIT,4426,4355,4300,4355,5056,21796330
2016-02-07,CIT,4355,4400,4353,4353,254,1107626
2016-02-08,CIT,4353,4360,4300,4360,305,1317600
2016-02-11,CIT,4360,4300,4300,4300,50,215000
2016-02-14,CIT,4300,4325,4300,4320,602,2593022
2016-02-15,CIT,4320,4360,4300,4343,363,1565590
2016-02-16,CIT,4343,4349,4300,4340,914,3938640
2016-02-17,CIT,4340,4400,4345,4400,127,554430
2016-02-21,CIT,4400,4400,4370,4400,830,3637960
2016-02-22,CIT,4400,4700,4300,4300,24099,105348160
2016-02-23,CIT,4300,4305,4301,4305,4000,17212000
2016-02-24,CIT,4305,4640,4280,4594,13591,61505280
2016-02-25,CIT,4594,4785,4581,4785,9373,43457268
2016-02-28,CIT,3544,3835,3544,3754,8448,31407136
2016-02-29,CIT,3754,3754,3720,3730,1674,6236585
2016-03-01,CIT,3730,3750,3700,3700,3688,13706060
2016-03-02,CIT,3700,3725,3700,3725,5361,19923610
2016-03-03,CIT,3725,3721,3700,3721,140,519820
2016-03-06,CIT,3721,3725,3720,3720,290,1079400
2016-03-10,CIT,3720,3710,3700,3700,2306,8539135
2016-03-14,CIT,3700,3670,3640,3670,212,776590
2016-03-15,CIT,3670,3670,3610,3610,751,2734836
2016-03-16,CIT,3610,3650,3601,3635,4159,15151936
2016-03-17,CIT,3635,3750,3680,3700,321,1187200
2016-03-20,CIT,3700,3900,3755,3755,1898,7304587
2016-03-21,CIT,3755,3820,3750,3752,2072,7787525
2016-03-23,CIT,3752,3750,3725,3749,609,2275638
2016-03-24,CIT,3749,3760,3720,3750,305,1143050
2016-03-27,CIT,3750,3750,3700,3732,1861,6901200
2016-03-28,CIT,3732,3800,3725,3735,694,2607700
2016-03-29,CIT,3735,3825,3750,3825,1393,5289799
2016-03-30,CIT,3825,3910,3800,3910,10459,40298492
2016-03-31,CIT,3910,3900,3880,3880,1128,4396200
2016-04-03,CIT,3880,3910,3880,3900,9832,38329308
2016-04-04,CIT,3900,3999,3850,3985,1118,4403291
2016-04-05,CIT,3985,4150,3999,4115,3950,16085100
2016-04-06,CIT,4115,4365,4197,4300,1860,7951788
2016-04-10,CIT,4300,4320,4295,4320,2586,11134646
2016-04-11,CIT,4320,4340,4300,4300,916,3953571
2016-04-12,CIT,4300,4300,4299,4300,1319,5671600
2016-04-14,CIT,4300,4462,4300,4462,330,1441790
2016-04-17,CIT,4462,4462,4350,4350,401,1767006
2016-04-18,CIT,4350,4500,4400,4500,1064,4700970
2016-04-19,CIT,4500,4510,4400,4420,5320,23495450
2016-04-20,CIT,4420,4450,4350,4400,8083,35318400
2016-04-21,CIT,4400,4420,4330,4420,1855,8128385
2016-04-24,CIT,4420,4360,4300,4301,1203,5188130
2016-04-25,CIT,4301,4350,4300,4325,1307,5636719
2016-04-26,CIT,4325,4315,4300,4305,527,2271035
2016-04-27,CIT,4305,4305,4250,4256,1610,6843650
2016-04-28,CIT,4256,4301,4245,4301,1157,4928870
2016-05-02,CIT,4301,4310,4240,4240,585,2498010
2016-05-03,CIT,4240,4310,4226,4300,655,2801578
2016-05-04,CIT,4300,4265,4260,4265,330,1406200
2016-05-05,CIT,4265,4240,4220,4220,1377,5832890
2016-05-08,CIT,4220,4270,4230,4270,1208,5131655
2016-05-09,CIT,4270,4270,4270,4270,200,854000
2016-05-10,CIT,4270,4265,4200,4200,592,2498030
2016-05-11,CIT,4200,4245,4205,4245,670,2824300
2016-05-12,CIT,4245,4250,4220,4250,1862,7873740
2016-05-15,CIT,4250,4240,4200,4210,1765,7428990
2016-05-16,CIT,4210,4200,4160,4160,967,4037490
2016-05-17,CIT,4160,4200,4160,4170,1125,4709480
2016-05-18,CIT,4170,4245,4200,4245,430,1813850
2016-05-19,CIT,4245,4324,4250,4324,629,2700660
2016-05-22,CIT,4324,4390,4340,4340,192,835290
2016-05-23,CIT,4340,4350,4300,4300,250,1080500
2016-05-24,CIT,4300,4400,4300,4400,1012,4384425
2016-05-25,CIT,4400,4400,4290,4300,675,2911268
2016-05-26,CIT,4300,4386,4230,4386,1051,4496000
2016-05-29,CIT,4386,4415,4330,4351,1417,6206110
2016-05-30,CIT,4351,4488,4350,4488,3428,15097766
2016-05-31,CIT,4488,4420,4350,4400,1167,5091803
2016-06-01,CIT,4400,4410,4350,4410,383,1669480
2016-06-02,CIT,4410,4400,4350,4350,260,1135000
2016-06-05,CIT,4350,4300,4264,4275,399,1711175
2016-06-06,CIT,4275,4300,4300,4300,100,430000
2016-06-07,CIT,4300,4386,4360,4360,59,258254
2016-06-08,CIT,4360,4400,4400,4400,20,88000
2016-06-09,CIT,4400,4400,4350,4400,1760,7737050
2016-06-12,CIT,4400,4450,4350,4400,598,2619000
2016-06-13,CIT,4400,4400,4350,4400,1093,4796700
2016-06-14,CIT,4400,4473,4400,4400,812,3594106
2016-06-15,CIT,4400,4450,4405,4410,1188,5260570
2016-06-16,CIT,4410,4450,4390,4430,1150,5072380
2016-06-19,CIT,4430,4420,4400,4400,50,220800
2016-06-20,CIT,4400,4399,4350,4399,567,2472690
2016-06-21,CIT,4399,4410,4350,4350,1750,7617330
2016-06-22,CIT,4350,4450,4390,4435,4023,17745600
2016-06-23,CIT,4435,4400,4350,4350,1169,5099960
2016-06-26,CIT,4350,4437,4400,4400,2516,11074986
2016-06-27,CIT,4400,4520,4450,4500,2507,11256747
2016-06-28,CIT,4500,4520,4425,4501,2628,11828907
2016-06-29,CIT,4501,4510,4425,4510,698,3141230
2016-06-30,CIT,4510,4600,4500,4600,2971,13469890
2016-07-03,CIT,4600,5060,4600,4960,2029,9614149
2016-07-04,CIT,4960,5456,5000,5440,11207,60176152
2016-07-05,CIT,5440,5610,5250,5300,1559,8545660
2016-07-06,CIT,5300,5400,5146,5320,1036,5450102
2016-07-10,CIT,5320,5390,5300,5390,170,910000
2016-07-11,CIT,5390,5385,5350,5350,2696,14509210
2016-07-12,CIT,5350,5315,5050,5200,2480,12909560
2016-07-13,CIT,5200,5290,5050,5115,722,3717605
2016-07-14,CIT,5115,5250,5145,5145,850,4436450
2016-07-17,CIT,5145,5230,5140,5210,1035,5365255
2016-07-18,CIT,5210,5222,5120,5222,350,1815400
2016-07-19,CIT,5222,5300,5201,5270,1253,6582843
2016-07-20,CIT,5270,5250,5200,5250,1195,6257300
2016-07-21,CIT,5250,5250,5250,5250,130,682500
2016-07-25,CIT,5250,5280,5200,5280,1049,5472430
2016-07-26,CIT,5280,5375,5210,5280,1041,5482030
2016-07-27,CIT,5280,5289,5201,5220,682,3562920
2016-07-28,CIT,5220,5360,5200,5301,2923,15297350
2016-07-31,CIT,5301,5301,5200,5200,730,3826160
2016-08-01,CIT,5200,5220,5175,5220,867,4511015
2016-08-02,CIT,5220,5250,5150,5250,1129,5857793
2016-08-03,CIT,5250,5215,5125,5125,636,3287950
2016-08-04,CIT,5125,5095,4950,5000,938,4688610
2016-08-07,CIT,5000,5100,4991,5030,1855,9288710
2016-08-08,CIT,5030,4930,4832,4832,712,3465830
2016-08-09,CIT,4832,4928,4928,4928,50,246400
2016-08-10,CIT,4928,5026,4900,4950,1049,5176417
2016-08-11,CIT,4950,5020,4925,4925,300,1489500
2016-08-14,CIT,4925,4876,4850,4860,577,2809820
2016-08-15,CIT,4860,4901,4706,4901,521,2479571
2016-08-16,CIT,4901,4900,4803,4900,652,3175988
2016-08-17,CIT,4900,4905,4850,4850,1771,8648051
2016-08-21,CIT,4850,4877,4710,4730,869,4159074
2016-08-22,CIT,4730,4750,4500,4580,1899,8675662
2016-08-23,CIT,4580,4600,4430,4500,2240,10063440
2016-08-24,CIT,4500,4620,4482,4620,2759,12540402
2016-08-28,CIT,4620,4800,4675,4800,657,3085420
2016-08-29,CIT,4800,4870,4800,4870,638,3085935
2016-08-30,CIT,4870,4869,4840,4860,1154,5597014
2016-08-31,CIT,4860,4895,4770,4895,270,1297750
2016-09-01,CIT,4895,4990,4860,4899,208,1018910
2016-09-03,CIT,4899,4899,4850,4851,548,2665665
2016-09-05,CIT,4851,4885,4850,4885,388,1886050
2016-09-06,CIT,4885,4970,4850,4925,486,2379165
2016-09-07,CIT,4925,4915,4900,4915,555,2726325
2016-09-08,CIT,4915,4855,4800,4805,1579,7614372
2016-09-11,CIT,4805,4800,4770,4800,542,2597240
2016-09-12,CIT,4800,4800,4765,4765,623,2983865
2016-09-14,CIT,4765,4798,4755,4765,747,3562107
2016-09-18,CIT,4765,4765,4745,4755,341113,1200790400
2016-09-20,CIT,4755,4725,4675,4675,320,1502750
2016-09-21,CIT,4675,4715,4631,4660,1427,6683740
2016-09-22,CIT,4660,4615,4585,4590,643,2954840
2016-09-25,CIT,4590,4560,4430,4500,564,2531130
2016-09-26,CIT,4500,4599,4580,4599,159,730461
2016-09-27,CIT,4599,4770,4580,4580,593,2747170
2016-09-28,CIT,4580,4589,4500,4589,465,2122375
2016-09-29,CIT,4589,4599,4550,4561,192,877170
2016-10-02,CIT,4561,4600,4550,4600,142,646600
2016-10-03,CIT,4600,4710,4670,4710,282,1321960
2016-10-04,CIT,4710,4765,4700,4700,950,4499950
2016-10-05,CIT,4700,4743,4650,4743,206,967781
2016-10-06,CIT,4743,4800,4710,4750,460,2186020
2016-10-16,CIT,4750,4680,4655,4680,383,1788665
2016-10-17,CIT,4680,4660,4601,4660,362,1676720
2016-10-18,CIT,4660,4660,4655,4660,48,223615
2016-10-19,CIT,4660,4641,4550,4641,239,1104985
2016-10-20,CIT,4641,4601,4600,4601,247,1136347
2016-10-23,CIT,4601,4610,4550,4570,542,2480075
2016-10-24,CIT,4570,4620,4500,4605,726,3333845
2016-10-25,CIT,4605,4600,4550,4600,463,2117920
2016-10-26,CIT,4600,4600,4550,4600,528,2407740
2016-10-27,CIT,4600,4600,4565,4565,217,995890
2016-11-03,CIT,4565,4645,4553,4553,301,1384345
2016-11-07,CIT,4553,4570,4550,4570,303,1381300
2016-11-08,CIT,4570,4570,4550,4550,62,282500
2016-11-09,CIT,4550,4480,4465,4465,100,447250
2016-11-10,CIT,4465,4465,4360,4400,601,2640020
2016-11-13,CIT,4400,4450,4400,4450,291,1283320
2016-11-14,CIT,4450,4620,4450,4518,284,1290064
2016-11-15,CIT,4518,4595,4500,4511,438,1988775
2016-11-16,CIT,4511,4601,4500,4525,236,1071300
2016-11-17,CIT,4525,4490,4435,4435,110,488400
2016-11-20,CIT,4435,4430,4100,4100,1459,6177458
2016-11-21,CIT,4100,4250,4030,4250,1166,4790430
2016-11-22,CIT,4250,4200,4090,4090,843,3479740
2016-11-23,CIT,4090,4015,3929,4000,1090,4341330
2016-11-24,CIT,4000,4131,3900,4080,1732,6915067
2016-11-27,CIT,4080,4000,3769,3850,1277,4904677
2016-11-28,CIT,3850,3990,3560,3990,989,3701020
2016-11-29,CIT,3990,4140,3865,4058,2706,10657968
2016-11-30,CIT,4058,4233,4000,4233,3320,13528641
2016-12-01,CIT,4233,4260,4150,4155,1834,7646210
2016-12-04,CIT,4155,4160,4010,4010,1120,4566634
2016-12-05,CIT,4010,4010,3950,3950,902,3578095
2016-12-06,CIT,3950,4109,4027,4049,499,2022768
2016-12-07,CIT,4049,4129,3980,3980,477,1922974
2016-12-08,CIT,3980,3987,3910,3987,86,337160
2016-12-11,CIT,3987,3921,3908,3920,244,955962
2016-12-12,CIT,3920,3920,3845,3920,234,902634
2016-12-14,CIT,3920,3940,3900,3920,357,1395100
2016-12-15,CIT,3920,3945,3900,3945,719,2811475
2016-12-18,CIT,3945,3930,3900,3912,1010,3953670
2016-12-19,CIT,3912,3950,3900,3915,1119,4402630
2016-12-20,CIT,3915,3910,3830,3841,1181,4564580
2016-12-21,CIT,3841,3869,3715,3798,2535,9593843
2016-12-22,CIT,3798,3798,3725,3753,403,1517585
2016-12-26,CIT,3753,3700,3605,3605,591,2165230
2016-12-27,CIT,3605,3605,3470,3470,1595,5597990
2016-12-28,CIT,3470,3595,3405,3500,1601,5587430
2016-12-29,CIT,3500,3750,3569,3740,115,420215
2017-01-01,CIT,3740,3740,3690,3700,750,2778400
2017-01-02,CIT,3700,3730,3690,3705,1138,4211120
2017-01-03,CIT,3705,3715,3715,3715,76,282340
2017-01-04,CIT,3715,3720,3675,3680,930,3446750
2017-01-05,CIT,3680,3700,3681,3681,520,1918593
2017-01-08,CIT,3681,3680,3625,3635,744,2707243
2017-01-09,CIT,3635,3699,3698,3699,300,1109500
2017-01-10,CIT,3699,3774,3700,3745,209,778800
2017-01-11,CIT,3745,3875,3760,3875,623,2369805
2017-01-12,CIT,3875,3899,3800,3899,340,1298950
2017-01-15,CIT,3899,3899,3835,3860,240,926950
2017-01-16,CIT,3860,3890,3860,3875,164,633490
2017-01-17,CIT,3875,3875,3820,3820,420,1610300
2017-01-18,CIT,3820,3820,3745,3790,42,159150
2017-01-19,CIT,3790,3865,3785,3850,480,1829805
2017-01-22,CIT,3850,3800,3724,3800,552,2084920
2017-01-23,CIT,3800,3876,3876,3876,10,38760
2017-01-24,CIT,3876,3800,3724,3724,501,1878450
2017-01-25,CIT,3724,3650,3504,3504,830,2970990
2017-01-26,CIT,3504,3504,3401,3445,3494,12064180
2017-01-30,CIT,3445,3380,3101,3101,2627,8474580
2017-01-31,CIT,3101,3290,3039,3210,1795,5623658
2017-02-01,CIT,3210,3380,3175,3380,1256,4106178
2017-02-02,CIT,3380,3447,3265,3280,1925,6373275
2017-02-05,CIT,3280,3350,3251,3255,578,1896650
2017-02-06,CIT,3255,3230,3160,3160,1985,6314932
2017-02-07,CIT,3160,3160,3105,3160,361,1130705
2017-02-08,CIT,3160,3159,3050,3080,1564,4819470
2017-02-09,CIT,3080,3098,2930,3020,1965,5947730
2017-02-12,CIT,3020,3000,2922,2943,1952,5780331
2017-02-13,CIT,2943,3009,2860,2920,3873,11240094
2017-02-14,CIT,2920,2965,2850,2900,4526,13103947
2017-02-15,CIT,2900,3005,2911,3005,2951,8789690
2017-02-16,CIT,3005,3120,3000,3120,3068,9412769
2017-02-19,CIT,3120,3432,3100,3365,3013,9530991
2017-02-20,CIT,3365,3498,3211,3300,3444,11426059
2017-02-21,CIT,3300,3366,3133,3233,3123,10201880
2017-02-22,CIT,3233,3260,3166,3200,870,2794830
2017-02-23,CIT,3200,3230,3180,3180,310,986700
2017-02-26,CIT,3180,3151,3000,3090,2529,7808466
2017-02-28,CIT,3090,3105,3046,3094,3969,12141585
2017-03-01,CIT,3094,3130,3050,3068,768,2372886
2017-03-02,CIT,3068,3130,3080,3120,729,2268150
2017-03-05,CIT,3120,3220,3140,3180,1567,4981781
2017-03-06,CIT,3180,3209,3145,3150,1195,3788315
2017-03-07,CIT,3150,3150,3112,3150,903,2839384
2017-03-09,CIT,3150,3200,3150,3150,231,732250
2017-03-13,CIT,3150,3190,3150,3150,250,788700
2017-03-14,CIT,3150,3160,3140,3140,1121,3530680
2017-03-15,CIT,3140,3200,3199,3200,270,863980
2017-03-16,CIT,3200,3200,3190,3199,404,1291700
2017-03-19,CIT,3199,3272,3190,3251,1436,4624803
2017-03-20,CIT,3251,3390,3299,3371,4032,13516996
2017-03-21,CIT,3371,3450,3270,3447,2341,7906003
2017-03-22,CIT,3447,3656,3450,3502,1443,5101511
2017-03-23,CIT,3502,3560,3450,3515,2136,7496238
2017-03-26,CIT,3515,3794,3580,3700,2917,10748939
2017-03-28,CIT,3700,4003,3774,4003,2105,8226275
2017-03-29,CIT,4003,4083,3870,3870,3276,12923178
2017-03-30,CIT,3870,3960,3800,3960,2321,9046360
2017-04-02,CIT,3960,4080,4039,4060,1180,4783670
2017-04-03,CIT,4060,4223,3920,3925,1470,5987220
2017-04-04,CIT,3925,4045,3881,3935,2122,8354030
2017-04-06,CIT,3935,4000,3900,3935,1082,4261985
2017-04-09,CIT,3935,4013,3960,3970,877,3490507
2017-04-10,CIT,3970,4020,3971,4000,1420,5666276
2017-04-11,CIT,4000,4079,4000,4039,3153,12740990
2017-04-12,CIT,4039,4130,4020,4022,4451,18046238
2017-04-13,CIT,4022,4005,3940,3969,2513,9988996
2017-04-16,CIT,3969,3975,3900,3900,920,3608535
2017-04-18,CIT,3900,3874,3734,3855,1911,7275429
2017-04-19,CIT,3855,3990,3920,3950,887,3500465
2017-04-20,CIT,3950,4029,3900,3900,792,3147358
2017-04-23,CIT,3900,4051,3978,3995,1294,5202382
2017-04-24,CIT,3995,4040,4000,4001,2000,8043645
2017-04-25,CIT,4001,4010,3980,3980,1630,6512754
2017-04-26,CIT,3980,4000,3960,4000,761,3022340
2017-04-27,CIT,4000,4048,4000,4044,3515,14155515
2017-04-30,CIT,4044,4044,3965,3975,780,3126195
2017-05-02,CIT,3975,4050,3896,3950,247,982300
2017-05-03,CIT,3950,4030,3952,4000,1427,5709365
2017-05-04,CIT,4000,4000,3989,3989,400,1597366
2017-05-07,CIT,3989,3989,3905,3905,1335,5237430
2017-05-08,CIT,3905,3980,3950,3980,67,266060
2017-05-09,CIT,3980,3985,3975,3980,2359,9393455
2017-05-11,CIT,3980,4030,3980,4030,2829,11321600
2017-05-15,CIT,4030,4100,4025,4090,1509,6107568
2017-05-16,CIT,4090,4090,4022,4030,1387,5591217
2017-05-17,CIT,4030,4020,4001,4020,382,1532582
2017-05-18,CIT,4020,4100,4020,4100,823,3358913
2017-05-21,CIT,4100,4090,4000,4050,1705,6876959
2017-05-22,CIT,4050,4065,4050,4065,474,1922028
2017-05-23,CIT,4065,4170,4065,4170,2329,9621852
2017-05-24,CIT,4170,4200,4100,4200,1481,6132757
2017-05-28,CIT,4200,4260,4131,4131,336,1405570
2017-05-30,CIT,4131,4190,4110,4190,1542,6385653
2017-05-31,CIT,4190,4150,4111,4150,2444,10119025
2017-06-01,CIT,4150,4170,4130,4130,876,3628880
2017-06-04,CIT,4130,4150,4100,4150,203,837530
2017-06-05,CIT,4150,4170,4130,4145,522,2162174
2017-06-06,CIT,4145,4190,4135,4190,682,2850016
2017-06-07,CIT,4190,4210,4121,4190,917,3840881
2017-06-08,CIT,4190,4150,4100,4150,607,2501256
2017-06-11,CIT,4150,4131,4050,4099,1930,7905887
2017-06-12,CIT,4099,4080,4025,4080,434,1749984
2017-06-13,CIT,4080,4138,4080,4106,811,3333587
2017-06-14,CIT,4106,4131,4050,4081,403,1648815
2017-06-15,CIT,4081,4150,4100,4101,811,3344001
2017-06-18,CIT,4101,4120,4062,4120,740,3030788
2017-06-19,CIT,4120,4100,4038,4038,325,1320160
2017-06-20,CIT,4038,4110,4060,4060,1054,4321450
2017-06-21,CIT,4060,4109,4040,4075,980,4000406
2017-06-22,CIT,4075,4125,4090,4095,807,3311628
2017-06-25,CIT,4095,4175,4085,4100,928,3804355
2017-06-27,CIT,4100,4110,4035,4070,1981,8085965
2017-06-28,CIT,4070,4104,4070,4100,1513,6191190
2017-07-02,CIT,4100,4070,4030,4030,777,3139210
2017-07-03,CIT,4030,4030,4000,4008,2818,11280632
2017-07-04,CIT,4008,4016,4000,4015,2511,10060605
2017-07-05,CIT,4015,4090,4000,4040,410,1649286
2017-07-06,CIT,4040,4075,4065,4065,20,81400
2017-07-09,CIT,4065,4110,4010,4080,2489,10146965
2017-07-10,CIT,4080,4081,4040,4041,971,3929667
2017-07-11,CIT,4041,4099,4040,4099,690,2809506
2017-07-12,CIT,4099,4098,3900,3927,4740,18825952
2017-07-13,CIT,3927,3880,3852,3880,2418,9347039
2017-07-16,CIT,3880,3980,3900,3980,540,2138899
2017-07-17,CIT,3980,4045,4000,4000,380,1524800
2017-07-18,CIT,4000,4050,3980,3980,635,2541344
2017-07-19,CIT,3980,4035,3920,3920,479,1891340
2017-07-20,CIT,3920,3975,3942,3950,3545,13988828
2017-07-23,CIT,3950,3921,3901,3906,375,1466610
2017-07-24,CIT,3906,3960,3910,3960,458,1808444
2017-07-25,CIT,3960,4000,3970,3995,698,2787314
2017-07-26,CIT,3995,4020,3970,4000,1726,6903678
2017-07-27,CIT,4000,4001,4000,4000,313,1252050
2017-07-30,CIT,4000,4025,4000,4001,341,1369375
2017-07-31,CIT,4001,4171,4040,4070,3095,12587585
2017-08-01,CIT,4070,4145,4100,4125,2561,10549758
2017-08-02,CIT,4125,4500,4167,4490,4610,19750966
2017-08-03,CIT,4490,4857,4570,4650,7583,35284768
2017-08-06,CIT,4650,4651,4510,4581,4801,21993892
2017-08-07,CIT,4581,4750,4630,4740,14399,67295240
2017-08-09,CIT,4740,4770,4695,4700,8353,39587760
2017-08-10,CIT,4700,4750,4600,4730,14132,66432212
2017-08-13,CIT,3882,4100,3920,3978,4331,17221348
2017-08-15,CIT,3978,3980,3922,3950,1902,7505808
2017-08-16,CIT,3950,3965,3921,3921,1313,5171977
2017-08-17,CIT,3921,3950,3900,3905,3093,12157575
2017-08-20,CIT,3905,3900,3865,3867,1560,6040980
2017-08-21,CIT,3867,3875,3850,3875,265,1022175
2017-08-22,CIT,3875,3885,3820,3851,2999,11527259
2017-08-23,CIT,3851,3860,3830,3835,1258,4830025
2017-08-24,CIT,3835,3885,3800,3850,770,2950320
2017-08-27,CIT,3850,3850,3825,3825,915,3504985
2017-08-28,CIT,3825,3801,3770,3778,1074,4065067
2017-08-30,CIT,3778,3800,3731,3741,917,3440410
2017-08-31,CIT,3741,3750,3667,3680,1200,4426545
2017-09-04,CIT,3680,3745,3600,3683,2069,7556024
2017-09-06,CIT,3683,3756,3681,3682,261,963655
2017-09-07,CIT,3682,3652,3640,3640,860,3138235
2017-09-10,CIT,3640,3640,3540,3579,2445,8704590
2017-09-11,CIT,3579,3590,3525,3570,1584,5620430
2017-09-12,CIT,3570,3515,3440,3440,3626,12643224
2017-09-13,CIT,3440,3549,3450,3549,2048,7181629
2017-09-14,CIT,3549,3729,3550,3729,1211,4352420
2017-09-17,CIT,3729,3800,3700,3700,1978,7376060
2017-09-18,CIT,3700,3700,3640,3659,1598,5869396
2017-09-20,CIT,3659,3670,3651,3670,837,3064520
2017-09-24,CIT,3670,3710,3670,3710,885,3273930
2017-09-25,CIT,3710,3745,3700,3745,1280,4743650
2017-09-26,CIT,3745,3755,3735,3750,1204,4512326
2017-10-03,CIT,3750,3800,3770,3770,2169,8177630
2017-10-04,CIT,3770,3750,3750,3750,50,187500
2017-10-08,CIT,3750,3700,3600,3650,448,1631000
2017-10-09,CIT,3650,3625,3580,3611,610,2197120
2017-10-10,CIT,3611,3736,3625,3665,1101,4033175
2017-10-11,CIT,3665,3679,3640,3679,1470,5381496
2017-10-12,CIT,3679,3698,3656,3679,1634,5999956
2017-10-15,CIT,3679,3700,3679,3700,34555,106637448
2017-10-16,CIT,3700,3750,3699,3720,1142,4235928
2017-10-17,CIT,3720,3750,3701,3701,544,2022299
2017-10-18,CIT,3701,3770,3730,3769,771,2902285
2017-10-22,CIT,3769,3820,3700,3800,1226,4636510
2017-10-23,CIT,3800,3760,3740,3740,191,716740
2017-10-24,CIT,3740,3740,3710,3716,720,2677080
2017-10-25,CIT,3716,3725,3700,3707,1463,5424760
2017-10-29,CIT,3707,3734,3685,3690,1077,3980606
2017-10-30,CIT,3690,3675,3661,3661,300,1100180
2017-10-31,CIT,3661,3685,3661,3661,1480,5432850
2017-11-01,CIT,3661,3665,3650,3660,943,3450066
2017-11-02,CIT,3660,3680,3650,3675,941,3446025
2017-11-05,CIT,3675,3675,3650,3660,1887,6913850
2017-11-06,CIT,3660,3750,3645,3750,8729,32500998
2017-11-07,CIT,3750,3750,3670,3670,205,763250
2017-11-08,CIT,3670,3630,3561,3630,1587,5681530
2017-11-09,CIT,3630,3630,3560,3575,1250,4471160
2017-11-12,CIT,3575,3590,3550,3590,1195,4273950
2017-11-13,CIT,3590,3661,3590,3661,6630,23819270
2017-11-14,CIT,3661,3690,3640,3642,1175,4296960
2017-11-15,CIT,3642,3590,3570,3570,2170,7763555
2017-11-16,CIT,3570,3600,3550,3552,3317,11786925
2017-11-19,CIT,3552,3537,3535,3535,290,1025210
2017-11-20,CIT,3535,3560,3519,3520,1167,4112555
2017-11-21,CIT,3520,3555,3515,3515,953,3360815
2017-11-22,CIT,3515,3530,3512,3521,628,2212444
2017-11-23,CIT,3521,3590,3521,3590,1792,6349900
2017-11-26,CIT,3590,3800,3590,3610,4502,16521275
2017-11-27,CIT,3610,3690,3640,3640,1599,5871220
2017-11-28,CIT,3640,3650,3635,3635,923,3360679
2017-11-29,CIT,3635,3700,3635,3650,1250,4556685
2017-11-30,CIT,3650,3650,3610,3625,1161,4218131
2017-12-04,CIT,3625,3630,3600,3615,1124,4060928
2017-12-05,CIT,3615,3630,3600,3601,752,2710899
2017-12-06,CIT,3601,3650,3601,3650,540,1958780
2017-12-10,CIT,3650,3650,3610,3610,900,3274990
2017-12-11,CIT,3610,3611,3610,3610,235,848410
2017-12-12,CIT,3610,3610,3590,3590,1054,3800868
2017-12-13,CIT,3590,3599,3585,3599,755,2711860
2017-12-14,CIT,3599,3623,3552,3623,161,572582
2017-12-17,CIT,3623,3601,3595,3600,874,3145439
2017-12-18,CIT,3600,3655,3600,3650,3575,13040755
2017-12-19,CIT,3650,3650,3621,3621,2237,8118136
2017-12-20,CIT,3621,3640,3615,3625,578,2094710
2017-12-21,CIT,3625,3615,3590,3610,1775,6394149
2017-12-24,CIT,3610,3640,3600,3610,1112,4015245
2017-12-26,CIT,3610,3552,3511,3511,1603,5679913
2017-12-27,CIT,3511,3599,3485,3495,3094,10865247
2017-12-28,CIT,3495,3515,3460,3485,2320,8091819
2017-12-31,CIT,3485,3503,3455,3489,5474,19086312
2018-01-01,CIT,3489,3554,3490,3554,2672,9465168
2018-01-02,CIT,3554,3565,3530,3530,1415,5015356
2018-01-03,CIT,3530,3505,3497,3505,633,2216239
2018-01-04,CIT,3505,3530,3510,3520,1299,4571463
2018-01-07,CIT,3520,3600,3535,3565,651,2314758
2018-01-08,CIT,3565,3600,3580,3590,1762,6333771
2018-01-09,CIT,3590,3610,3580,3580,600,2154980
2018-01-10,CIT,3580,3575,3499,3575,2201,7750519
2018-01-14,CIT,3575,3610,3515,3515,267,953340
2018-01-16,CIT,3515,3535,3500,3516,740,2602204
2018-01-17,CIT,3516,3535,3500,3500,1425,4990290
2018-01-21,CIT,3500,3600,3491,3522,1490,5275789
2018-01-22,CIT,3522,3530,3510,3510,744,2615935
2018-01-23,CIT,3510,3501,3480,3500,1227,4293380
2018-01-24,CIT,3500,3510,3480,3500,985,3439800
2018-01-25,CIT,3500,3525,3480,3500,1133,3960381
2018-01-28,CIT,3500,3501,3480,3483,460,1608140
2018-01-29,CIT,3483,3511,3443,3480,631,2204230
2018-01-31,CIT,3480,3489,3465,3480,1469,5105180
2018-02-01,CIT,3480,3499,3480,3499,407,1417210
2018-02-04,CIT,3499,3510,3500,3510,3556,12454755
2018-02-05,CIT,3510,3500,3490,3500,404,1412670
2018-02-06,CIT,3500,3480,3471,3472,346,1202026
2018-02-07,CIT,3472,3456,3430,3430,1685,5809558
2018-02-08,CIT,3430,3450,3430,3450,890,3067980
2018-02-11,CIT,3450,3550,3450,3450,367,1270866
2018-02-12,CIT,3450,3465,3460,3460,284,982976
2018-02-14,CIT,3460,3460,3431,3451,135,464462
2018-02-15,CIT,3451,3520,3491,3501,757,2652731
2018-02-18,CIT,3505,3550,3500,3500,398,1400695
2018-02-20,CIT,3480,3480,3470,3470,470,1631775
2018-02-21,CIT,3470,3470,3426,3430,1386,4756271
2018-02-22,CIT,3400,3455,3400,3455,366,1258668
2018-02-25,CIT,3410,3410,3400,3405,501,1706180
2018-02-26,CIT,3382,3382,3337,3337,671,2256210
2018-02-27,CIT,3350,3400,3350,3365,840,2831415
2018-02-28,CIT,3400,3400,3287,3325,7256,23983066
2018-03-04,CIT,3259,3275,3155,3200,1781,5704737
2018-03-05,CIT,3190,3190,3152,3152,2075,6566112
2018-03-06,CIT,3118,3150,3000,3065,2726,8344207
2018-03-07,CIT,3004,3115,3004,3050,5683,17304192
2018-03-11,CIT,3010,3014,2990,3000,1242,3727680
2018-03-12,CIT,3000,3010,2950,2950,2472,7353002
2018-03-13,CIT,3000,3000,2947,3000,2683,7960044
2018-03-14,CIT,2960,2970,2950,2960,1297,3836260
2018-03-15,CIT,2955,2956,2930,2930,2314,6814250
2018-03-18,CIT,2940,2950,2900,2900,2667,7772288
2018-03-19,CIT,2842,2998,2842,2998,10499,29878360
2018-03-20,CIT,3040,3040,2860,2861,2585,7431430
2018-03-21,CIT,2840,2840,2731,2755,4006,11085915
2018-03-22,CIT,2755,2834,2734,2770,3227,8934244
2018-03-26,CIT,2720,2720,2617,2617,4456,11793899
2018-03-27,CIT,2650,2697,2530,2651,2735,7139875
2018-03-28,CIT,2700,2727,2627,2650,3068,8204647
2018-03-29,CIT,2680,2740,2680,2710,2527,6811466
2018-04-01,CIT,2700,2700,2620,2680,1791,4765073
2018-04-02,CIT,2680,2680,2630,2650,974,2585580
2018-04-03,CIT,2650,2660,2642,2650,4810,12740389
2018-04-04,CIT,2700,2754,2680,2749,3813,10338320
2018-04-05,CIT,2253,2389,2298,2340,2606,6075676
2018-04-08,CIT,2386,2470,2340,2450,2048,4926150
2018-04-09,CIT,2480,2555,2475,2500,3837,9679019
2018-04-10,CIT,2550,2550,2430,2450,1541,3812710
2018-04-11,CIT,2402,2480,2402,2480,225,551334
2018-04-12,CIT,2529,2529,2500,2500,1360,3411750
2018-04-15,CIT,2530,2550,2480,2549,1036,2606585
2018-04-16,CIT,2599,2599,2550,2571,666,1717506
2018-04-17,CIT,2622,2670,2600,2670,10393,27267240
2018-04-18,CIT,2723,2765,2690,2760,4476,12194984
2018-04-19,CIT,2727,2780,2725,2741,3594,9906573
2018-04-22,CIT,2790,2845,2785,2807,3332,9335666
2018-04-23,CIT,2850,2863,2750,2750,6750,18903038
2018-04-24,CIT,2744,2774,2710,2710,1071,2934749
2018-04-25,CIT,2725,2763,2710,2710,1392,3831705
2018-04-26,CIT,2741,2741,2610,2650,1256,3329812
2018-04-29,CIT,2600,2649,2597,2606,3000,7836035
2018-05-02,CIT,2630,2675,2586,2675,909,2379234
2018-05-03,CIT,2700,2700,2646,2646,4298,11464914
2018-05-06,CIT,2646,2646,2594,2600,1794,4669434
2018-05-07,CIT,2625,2639,2600,2630,3113,8095318
2018-05-08,CIT,2610,2670,2610,2670,2710,7103500
2018-05-09,CIT,2650,2675,2640,2650,610,1616595
2018-05-10,CIT,2635,2635,2635,2635,19,50065
2018-05-14,CIT,2610,2650,2610,2635,1106,2904982
2018-05-15,CIT,2615,2645,2615,2645,220,575850
2018-05-16,CIT,2650,2650,2600,2640,2379,6209255
2018-05-17,CIT,2650,2665,2638,2639,304,803475
2018-05-20,CIT,2650,2650,2625,2626,806,2133594
2018-05-21,CIT,2678,2745,2650,2725,8925,24193096
2018-05-22,CIT,2735,2770,2730,2730,3605,9911731
2018-05-23,CIT,2715,2730,2700,2700,1311,3559415
2018-05-24,CIT,2700,2725,2696,2696,2059,5569303
2018-05-27,CIT,2700,2709,2683,2683,1274,3429546
2018-05-28,CIT,2704,2735,2685,2735,2740,7389882
2018-05-29,CIT,2740,2750,2702,2735,1054,2874229
2018-05-30,CIT,2720,2745,2720,2728,614,1680730
2018-05-31,CIT,2740,2744,2700,2700,636,1732348
2018-06-03,CIT,2647,2657,2605,2620,1876,4927119
2018-06-04,CIT,2580,2650,2580,2630,421,1101105
2018-06-06,CIT,2682,2689,2600,2601,449,1177704
2018-06-07,CIT,2650,2650,2586,2595,556,1445598
2018-06-10,CIT,2550,2550,2502,2508,2889,7277895
2018-06-11,CIT,2550,2580,2520,2560,783,1993417
2018-06-12,CIT,2560,2560,2510,2560,126,318310
2018-06-13,CIT,2565,2570,2550,2565,468,1198260
2018-06-14,CIT,2535,2605,2535,2585,677,1750475
2018-06-17,CIT,2585,2585,2550,2570,133,341905
2018-06-18,CIT,2531,2585,2521,2585,568,1448682
2018-06-19,CIT,2550,2550,2517,2517,355,897610
2018-06-20,CIT,2500,2530,2480,2480,2403,5988322
2018-06-21,CIT,2452,2528,2431,2491,881,2190547
2018-06-24,CIT,2491,2510,2487,2487,781,1953758
2018-06-25,CIT,2488,2488,2488,2488,100,248800
2018-06-26,CIT,2480,2480,2455,2455,244,600730
2018-06-27,CIT,2425,2450,2425,2440,304,741905
2018-06-28,CIT,2450,2490,2411,2441,728,1791102
2018-07-01,CIT,2462,2465,2430,2445,188,461560
2018-07-03,CIT,2450,2450,2450,2450,10,24500
2018-07-04,CIT,2449,2475,2449,2461,601,1478418
2018-07-05,CIT,2490,2550,2490,2500,1663,4180391
2018-07-08,CIT,2550,2568,2530,2531,1382,3517826
2018-07-09,CIT,2485,2500,2477,2477,487,1210095
2018-07-10,CIT,2500,2526,2500,2520,592,1484715
2018-07-11,CIT,2515,2540,2485,2485,1092,2751280
2018-07-12,CIT,2505,2505,2460,2490,1061,2624660
2018-07-15,CIT,2461,2465,2450,2456,1513,3720341
2018-07-16,CIT,2500,2530,2490,2500,165,413000
2018-07-17,CIT,2500,2500,2470,2475,686,1706781
2018-07-18,CIT,2500,2500,2460,2460,326,806135
2018-07-19,CIT,2460,2460,2460,2460,157,386220
2018-07-22,CIT,2422,2455,2406,2406,2070,4999080
2018-07-23,CIT,2384,2430,2384,2427,1147,2774792
2018-07-24,CIT,2460,2470,2440,2440,719,1762400
2018-07-25,CIT,2460,2460,2435,2455,282,690835
2018-07-26,CIT,2435,2435,2410,2420,1192,2879681
2018-07-29,CIT,2430,2435,2416,2416,535,1296085
2018-07-30,CIT,2420,2435,2410,2420,250,606165
2018-07-31,CIT,2420,2440,2419,2419,538,1303156
2018-08-01,CIT,2425,2444,2425,2444,580,1409624
2018-08-02,CIT,2490,2490,2420,2421,725,1762055
2018-08-05,CIT,2469,2469,2431,2431,1084,2636537
2018-08-06,CIT,2430,2431,2417,2417,763,1853346
2018-08-07,CIT,2460,2460,2421,2450,337,822861
2018-08-08,CIT,2410,2440,2410,2440,271,656306
2018-08-09,CIT,2440,2440,2425,2425,220,535900
2018-08-12,CIT,2386,2425,2386,2400,428,1027454
2018-08-13,CIT,2372,2410,2370,2410,1552,3720150
2018-08-14,CIT,2400,2410,2386,2410,1048,2515045
2018-08-15,CIT,2400,2468,2400,2450,505,1226330
2018-08-16,CIT,2440,2460,2440,2445,371,910006
2018-08-19,CIT,2445,2445,2415,2425,190,460250
2018-08-20,CIT,2424,2424,2390,2390,80,191790
2018-08-21,CIT,2437,2437,2400,2400,282,681257
2018-08-22,CIT,2400,2401,2390,2390,288,690300
2018-08-23,CIT,2437,2484,2437,2484,20,49210
2018-08-26,CIT,2450,2450,2400,2400,2415,5802067
2018-08-28,CIT,2400,2415,2390,2415,276,664306
2018-08-29,CIT,2400,2410,2395,2395,235,564685
2018-08-30,CIT,2392,2400,2386,2400,572,1367549
2018-09-02,CIT,2410,2410,2400,2401,310,745060
2018-09-03,CIT,2400,2420,2400,2405,345,832295
2018-09-04,CIT,2402,2402,2388,2388,80,191730
2018-09-05,CIT,2400,2435,2400,2435,304,736663
2018-09-06,CIT,2480,2480,2402,2402,838,2031827
2018-09-09,CIT,2400,2400,2400,2400,209,501600
2018-09-10,CIT,2400,2400,2367,2399,579,1378542
2018-09-11,CIT,2415,2415,2390,2390,255,609675
2018-09-12,CIT,2390,2405,2390,2405,671,1606040
2018-09-13,CIT,2410,2420,2391,2400,330,793118
2018-09-16,CIT,2440,2440,2440,2440,100,244000
2018-09-17,CIT,2410,2430,2393,2400,547,1313342
2018-09-18,CIT,2400,2400,2400,2400,280,672000
2018-09-20,CIT,2390,2390,2381,2381,826,1969318
2018-09-23,CIT,2370,2380,2370,2380,717,1702397
2018-09-25,CIT,2390,2390,2380,2380,104,247752
2018-09-26,CIT,2400,2405,2390,2390,1706,4083334
2018-09-27,CIT,2376,2400,2370,2370,600,1426260
2018-09-30,CIT,2350,2365,2349,2365,269,633435
2018-10-01,CIT,2400,2400,2346,2346,322,762380
2018-10-02,CIT,2345,2364,2341,2341,1249,2929770
2018-10-03,CIT,2387,2388,2340,2340,320,750000
2018-10-04,CIT,2345,2355,2330,2350,277,649280
2018-10-07,CIT,2303,2330,2303,2310,407,941313
2018-10-08,CIT,2312,2325,2312,2325,552,1279222
2018-10-09,CIT,2325,2325,2310,2310,622,1444150
2018-10-10,CIT,2300,2310,2299,2310,588,1352967
2018-10-11,CIT,2320,2320,2300,2310,702,1620114
2018-10-14,CIT,2335,2335,2330,2330,60,140050
2018-10-21,CIT,2350,2350,2350,2350,50,117500
2018-10-22,CIT,2333,2349,2333,2334,785,1833125
2018-10-23,CIT,2300,2301,2299,2300,108,248438
2018-10-24,CIT,2300,2345,2300,2345,96,222564
2018-10-25,CIT,2355,2355,2310,2310,76,176820
2018-10-28,CIT,2340,2340,2300,2300,295,680500
2018-10-30,CIT,2295,2325,2295,2301,516,1186380
2018-10-31,CIT,2310,2320,2305,2320,250,578610
2018-11-01,CIT,2320,2339,2315,2315,283,656077
2018-11-04,CIT,2295,2300,2286,2290,765,1753140
2018-11-05,CIT,2300,2301,2300,2301,164,377312
2018-11-06,CIT,2301,2290,2290,2325,10,23250
2018-11-13,CIT,2290,2325,2290,2309,395,909333
2018-11-14,CIT,2295,2315,2295,2298,328,755875
2018-11-15,CIT,2300,2300,2290,2300,1388,3191103
2018-11-18,CIT,2265,2270,2261,2265,310,702160
2018-11-19,CIT,2250,2265,2230,2234,1040,2326060
2018-11-21,CIT,2235,2235,2200,2225,954,2108761
2018-11-22,CIT,2219,2219,2207,2207,295,652640
2018-11-25,CIT,2190,2190,2150,2150,720,1562078
2018-11-26,CIT,2180,2230,2170,2224,1808,3947603
2018-11-27,CIT,2265,2265,2200,2215,525,1160595
2018-11-28,CIT,2200,2230,2185,2200,2615,5749101
2018-11-29,CIT,2176,2200,2170,2189,3507,7671739
2018-12-02,CIT,1790,1800,1760,1760,3055,5378400
2018-12-03,CIT,1755,1760,1700,1700,1070,1846877
2018-12-04,CIT,1705,1710,1691,1710,1084,1842494
2018-12-05,CIT,1676,1680,1651,1651,1145,1903605
2018-12-06,CIT,1618,1655,1601,1631,1171,1920189
2018-12-09,CIT,1630,1630,1622,1622,77,125110
2018-12-10,CIT,1630,1665,1604,1606,5155,8316741
2018-12-11,CIT,1631,1632,1613,1613,1670,2708335
2018-12-12,CIT,1630,1630,1607,1607,1450,2340480
2018-12-13,CIT,1615,1615,1577,1577,1690,2712310
2018-12-16,CIT,1606,1607,1595,1600,1810,2901470
2018-12-17,CIT,1600,1619,1590,1618,518,832017
2018-12-18,CIT,1586,1639,1586,1610,1334,2149170
2018-12-19,CIT,1610,1612,1600,1610,371,596440
2018-12-20,CIT,1620,1640,1590,1605,1470,2381910
2018-12-23,CIT,1625,1730,1611,1725,7084,11768658
2018-12-24,CIT,1740,1749,1690,1714,2995,5138752
2018-12-25,CIT,1714,1751,1713,1751,3253,5647459
2018-12-26,CIT,1750,1926,1750,1926,3560,6639206
2018-12-27,CIT,1964,2118,1964,2100,6919,14574567
2018-12-30,CIT,2142,2295,2140,2199,12449,27381290
2018-12-31,CIT,2240,2240,2125,2126,4529,9765117
2019-01-01,CIT,2140,2200,2126,2150,1960,4238340
2019-01-02,CIT,2135,2135,2108,2108,904,1909877
2019-01-03,CIT,2100,2120,2090,2100,1170,2458005
2019-01-06,CIT,2142,2310,2142,2248,8083,18070896
2019-01-07,CIT,2248,2288,2241,2288,6667,15091887
2019-01-08,CIT,2280,2280,2250,2260,2748,6212639
2019-01-09,CIT,2295,2300,2256,2270,1235,2815160
2019-01-10,CIT,2265,2289,2260,2275,1721,3902045
2019-01-13,CIT,2300,2376,2270,2376,6862,15809352
2019-01-14,CIT,2494,2613,2456,2613,18399,47086060
2019-01-15,CIT,2665,2874,2665,2874,28510,80031488
2019-01-16,CIT,2930,2948,2771,2811,22984,65887320
2019-01-17,CIT,2777,2792,2733,2745,8051,22178844
2019-01-20,CIT,2799,2799,2561,2571,10790,28123538
2019-01-21,CIT,2548,2575,2500,2535,6748,17013624
2019-01-22,CIT,2535,2600,2497,2559,6334,16098001
2019-01-23,CIT,2540,2614,2540,2609,3613,9349353
2019-01-24,CIT,2660,2760,2607,2739,12502,33838248
2019-01-27,CIT,2685,2749,2652,2689,4279,11525114
2019-01-28,CIT,2715,2715,2657,2705,1998,5371194
2019-01-29,CIT,2682,2700,2663,2692,5388,14471580
2019-01-30,CIT,2642,2730,2642,2717,8521,23034660
2019-01-31,CIT,2721,2800,2710,2764,14421,39638072
2019-02-03,CIT,2761,2765,2715,2746,4658,12755490
2019-02-04,CIT,2717,2718,2701,2707,7259,19663416
2019-02-05,CIT,2700,2715,2671,2698,5320,14357105
2019-02-06,CIT,2701,2701,2672,2680,2173,5822984
2019-02-07,CIT,2725,2725,2661,2663,2009,5355979
2019-02-10,CIT,2646,2650,2615,2640,3720,9823982
2019-02-11,CIT,2615,2670,2615,2627,1330,3507462
2019-02-12,CIT,2610,2637,2607,2637,633,1663724
2019-02-13,CIT,2622,2640,2585,2610,5066,13231259
2019-02-14,CIT,2560,2598,2540,2550,4478,11440475
2019-02-17,CIT,2575,2575,2500,2503,4753,11930243
2019-02-18,CIT,2550,2550,2480,2492,1184,2955351
2019-02-19,CIT,2500,2600,2500,2590,3818,9719690
2019-02-20,CIT,2619,2620,2524,2530,2412,6183652
2019-02-21,CIT,2539,2544,2531,2531,1448,3676752
2019-02-24,CIT,2501,2510,2500,2505,2034,5092078
2019-02-25,CIT,2505,2539,2500,2530,1376,3460958
2019-02-26,CIT,2530,2540,2507,2507,672,1696580
2019-02-27,CIT,2505,2598,2505,2540,2003,5097450
2019-03-03,CIT,2530,2535,2521,2521,707,1785947
2019-03-05,CIT,2525,2549,2525,2530,1314,3327269
2019-03-06,CIT,2540,2550,2531,2540,977,2482530
2019-03-07,CIT,2550,2580,2550,2563,2945,7540655
2019-03-10,CIT,2589,2594,2589,2589,151,391259
2019-03-11,CIT,2600,2618,2566,2618,5161,13463618
2019-03-12,CIT,2622,2652,2609,2644,2289,6015250
2019-03-13,CIT,2688,2689,2592,2616,7562,20011148
2019-03-14,CIT,2660,2665,2620,2625,2881,7599114
2019-03-17,CIT,2660,2675,2637,2637,2077,5518373
2019-03-18,CIT,2675,2680,2620,2635,2036,5379945
2019-03-19,CIT,2687,2774,2670,2690,8672,23546408
2019-03-21,CIT,2710,2710,2658,2660,3116,8330783
2019-03-24,CIT,2611,2640,2610,2620,3931,10342811
2019-03-25,CIT,2610,2630,2610,2610,4287,11229082
2019-03-26,CIT,2618,2640,2615,2630,1710,4487348
2019-03-27,CIT,2645,2645,2618,2618,991,2598729
2019-03-28,CIT,2570,2630,2570,2615,1446,3788576
2019-03-31,CIT,2630,2630,2611,2612,3750,9801287
2019-04-01,CIT,2620,2620,2600,2610,1675,4371503
2019-04-02,CIT,2605,2619,2600,2600,1999,5203974
2019-04-03,CIT,2648,2651,2580,2580,1491,3884093
2019-04-04,CIT,2533,2610,2533,2570,1685,4362524
2019-04-07,CIT,2571,2585,2570,2570,1444,3718250
2019-04-08,CIT,2575,2626,2570,2590,2065,5350791
2019-04-09,CIT,2595,2610,2570,2572,1610,4154320
2019-04-10,CIT,2590,2590,2573,2573,140,360590
2019-04-11,CIT,2575,2580,2557,2557,1791,4593146
2019-04-15,CIT,2550,2550,2527,2536,1531,3880004
2019-04-16,CIT,2550,2559,2525,2550,3292,8379463
2019-04-17,CIT,2580,2601,2523,2525,2311,5878374
2019-04-18,CIT,2570,2595,2532,2550,1733,4442710
2019-04-21,CIT,2550,2550,2518,2545,1355,3429349
2019-04-22,CIT,2550,2550,2500,2510,6765,17000808
2019-04-23,CIT,2525,2525,2490,2500,1962,4903337
2019-04-24,CIT,2510,2510,2476,2490,2035,5067320
2019-04-25,CIT,2451,2510,2451,2470,5031,12519262
2019-04-28,CIT,2450,2593,2450,2560,2997,7573765
2019-04-29,CIT,2560,2560,2500,2547,5319,13384988
2019-04-30,CIT,2507,2510,2501,2503,1456,3648544
2019-05-02,CIT,2501,2550,2493,2535,3915,9813027
2019-05-05,CIT,2530,2530,2508,2508,833,2094778
2019-05-06,CIT,2520,2530,2507,2523,708,1784648
2019-05-07,CIT,2520,2650,2520,2636,11049,28805324
2019-05-08,CIT,2640,2750,2610,2713,11182,30175708
2019-05-09,CIT,2685,2714,2666,2675,6135,16489715
2019-05-12,CIT,2679,2700,2652,2680,1876,5021561
2019-05-13,CIT,2629,2690,2629,2653,1436,3825822
2019-05-14,CIT,2652,2705,2627,2650,3894,10439523
2019-05-15,CIT,2679,2679,2631,2668,971,2576732
2019-05-16,CIT,2660,2660,2630,2655,6269,16544618
2019-05-19,CIT,2618,2650,2610,2630,2246,5921441
2019-05-20,CIT,2650,2650,2610,2610,1264,3314302
2019-05-21,CIT,2601,2620,2590,2590,1537,3996591
2019-05-22,CIT,2620,2620,2571,2599,1456,3770498
2019-05-23,CIT,2550,2620,2550,2600,2150,5508545
2019-05-26,CIT,2602,2615,2580,2581,998,2584451
2019-05-27,CIT,2582,2606,2580,2600,1550,4027541
2019-05-28,CIT,2600,2609,2586,2591,2314,6000872
2019-05-29,CIT,2592,2630,2591,2600,2825,7346355
2019-05-30,CIT,2652,2655,2588,2608,8004,20967064
2019-06-02,CIT,2600,2600,2575,2576,1789,4613642
2019-06-03,CIT,2573,2580,2568,2568,698,1794369
2019-06-04,CIT,2565,2565,2551,2552,294,751335
2019-06-06,CIT,2603,2603,2550,2550,1927,4932695
2019-06-10,CIT,2521,2560,2518,2535,1550,3925389
2019-06-11,CIT,2517,2530,2506,2506,1113,2800177
2019-06-12,CIT,2500,2500,2492,2492,632,1577565
2019-06-13,CIT,2477,2550,2477,2517,669,1679433
2019-06-16,CIT,2515,2515,2485,2495,2182,5433407
2019-06-17,CIT,2500,2538,2499,2514,240,601655
2019-06-18,CIT,2500,2505,2499,2500,1116,2790587
2019-06-19,CIT,2500,2501,2491,2491,435,1086566
2019-06-20,CIT,2500,2510,2500,2510,489,1224580
2019-06-23,CIT,2500,2500,2485,2486,361,897596
2019-06-24,CIT,2485,2500,2480,2500,781,1943600
2019-06-25,CIT,2486,2500,2482,2490,160,397830
2019-06-26,CIT,2490,2500,2475,2475,890,2212270
2019-06-27,CIT,2475,2480,2475,2475,607,1502930
2019-06-30,CIT,2460,2465,2450,2455,1040,2557065
2019-07-01,CIT,2455,2480,2430,2431,1138,2775148
2019-07-02,CIT,2449,2450,2430,2450,640,1561458
2019-07-03,CIT,2455,2490,2425,2489,661,1628297
2019-07-04,CIT,2476,2480,2430,2430,1070,2614390
2019-07-07,CIT,2430,2431,2422,2425,1805,4379665
2019-07-08,CIT,2430,2430,2405,2430,2222,5374406
2019-07-09,CIT,2430,2430,2415,2430,1605,3883602
2019-07-10,CIT,2475,2475,2430,2439,16655,41165808
2019-07-11,CIT,2468,2468,2440,2440,734,1797370
2019-07-14,CIT,2470,2470,2435,2435,10249,25307330
2019-07-15,CIT,2440,2440,2420,2428,1165,2825638
2019-07-16,CIT,2420,2429,2411,2429,1678,4057723
2019-07-17,CIT,2425,2440,2425,2433,358,871821
2019-07-18,CIT,2451,2460,2450,2460,320,785200
2019-07-21,CIT,2530,2530,2450,2455,409,1008695
2019-07-22,CIT,2430,2470,2430,2470,1338,3275970
2019-07-23,CIT,2469,2497,2469,2495,378,936929
2019-07-24,CIT,2500,2500,2480,2497,1067,2657775
2019-07-25,CIT,2499,2499,2480,2495,374,931995
2019-07-28,CIT,2452,2452,2440,2440,437,1069536
2019-07-29,CIT,2440,2470,2431,2464,149,363649
2019-07-30,CIT,2450,2450,2436,2440,1147,2797055
2019-07-31,CIT,2440,2450,2434,2442,744,1816720
2019-08-01,CIT,2430,2479,2430,2442,598,1460653
2019-08-04,CIT,2427,2442,2427,2430,169,410980
2019-08-05,CIT,2430,2440,2420,2420,755,1832240
2019-08-06,CIT,2416,2420,2401,2420,799,1925742
2019-08-07,CIT,2420,2428,2415,2420,719,1740000
2019-08-08,CIT,2419,2419,2400,2408,1220,2936293
2019-08-11,CIT,2401,2406,2400,2406,200,480610
2019-08-12,CIT,2409,2410,2380,2380,1438,3434102
2019-08-13,CIT,2385,2385,2385,2385,50,119250
2019-08-14,CIT,2370,2380,2370,2370,970,2299781
2019-08-15,CIT,2370,2371,2370,2370,220,521410
2019-08-18,CIT,2370,2370,2355,2358,207,488726
2019-08-19,CIT,2358,2370,2320,2362,1485,3507394
2019-08-20,CIT,2350,2355,2340,2340,225,528355
2019-08-21,CIT,2349,2480,2349,2425,2595,6238468
2019-08-22,CIT,2445,2445,2400,2410,454,1093190
2019-08-25,CIT,2457,2472,2360,2395,3856,9245409
2019-08-26,CIT,2390,2390,2365,2379,1092,2599071
2019-08-27,CIT,2422,2422,2390,2395,1620,3891200
2019-08-28,CIT,2390,2390,2360,2360,2082,4928567
2019-08-29,CIT,2380,2380,2345,2350,2915,6879480
2019-09-01,CIT,2397,2397,2330,2330,1650,3866675
2019-09-02,CIT,2323,2323,2280,2280,3142,7225216
2019-09-03,CIT,2250,2300,2245,2260,3954,8972346
2019-09-04,CIT,2270,2320,2260,2297,8581,19709634
2019-09-05,CIT,1920,1923,1880,1916,5418,10273039
2019-09-08,CIT,1950,1970,1931,1940,3351,6539594
2019-09-09,CIT,1940,1940,1864,1868,1451,2739522
2019-09-10,CIT,1869,1886,1850,1863,1099,2046165
2019-09-11,CIT,1860,1869,1858,1861,1415,2632050
2019-09-12,CIT,1860,1860,1840,1840,1295,2395288
2019-09-15,CIT,1811,1820,1810,1811,1669,3027685
2019-09-16,CIT,1810,1810,1750,1764,2846,5062320
2019-09-17,CIT,1746,1814,1735,1792,4992,8908314
2019-09-18,CIT,1827,1897,1800,1894,4720,8606655
2019-09-19,CIT,1900,1940,1835,1876,2527,4762037
2019-09-22,CIT,1800,1800,1779,1779,1577,2818123
2019-09-23,CIT,1771,1820,1771,1798,864,1558812
2019-09-24,CIT,1805,1805,1789,1790,443,793925
2019-09-25,CIT,1780,1780,1775,1775,1214,2156475
2019-09-26,CIT,1771,1785,1770,1780,1691,3003572
2019-09-29,CIT,1799,1799,1767,1785,552,977959
2019-09-30,CIT,1764,1820,1764,1817,339,612112
2019-10-01,CIT,1815,1820,1815,1818,800,1452870
2019-10-02,CIT,1814,1814,1791,1791,670,1210140
2019-10-03,CIT,1810,1819,1800,1819,448,810460
2019-10-10,CIT,1800,1800,1776,1776,129,231384
2019-10-14,CIT,1765,1775,1764,1771,290,512156
2019-10-15,CIT,1770,1820,1770,1810,144,257040
2019-10-16,CIT,1810,1810,1810,1810,10,18100
2019-10-17,CIT,1800,1810,1779,1779,632,1133735
2019-10-20,CIT,1770,1770,1770,1770,32,56640
2019-10-21,CIT,1770,1788,1770,1788,840,1488770
2019-10-22,CIT,1785,1785,1777,1780,413,735030
2019-10-23,CIT,1781,1805,1781,1800,468,841500
2019-10-24,CIT,1828,1828,1800,1805,369,667035
2019-10-31,CIT,1800,1800,1786,1793,775,1392525
2019-11-03,CIT,1800,1800,1791,1792,1264,2267269
2019-11-04,CIT,1793,1793,1771,1772,617,1101119
2019-11-05,CIT,1779,1784,1775,1775,581,1033685
2019-11-06,CIT,1775,1775,1765,1765,770,1362874
2019-11-07,CIT,1770,1770,1755,1755,1258,2214599
2019-11-10,CIT,1760,1794,1752,1753,372,658299
2019-11-11,CIT,1750,1775,1750,1775,610,1079445
2019-11-12,CIT,1760,1764,1750,1760,1310,2299347
2019-11-13,CIT,1751,1760,1751,1755,402,705520
2019-11-14,CIT,1760,1760,1754,1758,329,578015
2019-11-17,CIT,1752,1752,1752,1752,330,578160
2019-11-18,CIT,1774,1774,1746,1755,1370,2399332
2019-11-19,CIT,1760,1770,1750,1750,1070,1877311
2019-11-20,CIT,1755,1760,1750,1750,260,457100
2019-11-21,CIT,1750,1750,1730,1740,640,1113301
2019-11-24,CIT,1741,1741,1710,1710,1607,2772696
2019-11-25,CIT,1701,1705,1700,1703,1649,2805240
2019-11-26,CIT,1705,1705,1691,1691,811,1377131
2019-11-27,CIT,1686,1714,1684,1714,426,718406
2019-11-28,CIT,1701,1701,1685,1685,1438,2430805
2019-12-01,CIT,1718,1718,1690,1690,394,670030
2019-12-02,CIT,1698,1705,1697,1705,461,783706
2019-12-03,CIT,1710,1738,1700,1700,766,1311466
2019-12-04,CIT,1702,1714,1700,1700,1907,3245096
2019-12-05,CIT,1700,1739,1700,1717,818,1404748
2019-12-08,CIT,1715,1720,1704,1712,1070,1832752
2019-12-09,CIT,1678,1760,1678,1740,2320,4029934
2019-12-10,CIT,1735,1743,1730,1740,1520,2640575
2019-12-11,CIT,1743,1760,1741,1755,1898,3319344
2019-12-12,CIT,1759,1759,1740,1740,1430,2497481
2019-12-15,CIT,1769,1769,1728,1735,2137,3719186
2019-12-16,CIT,1725,1740,1707,1727,772,1333897
2019-12-17,CIT,1745,1759,1730,1748,490,852831
2019-12-18,CIT,1770,1770,1731,1731,1141,1991111
2019-12-19,CIT,1744,1745,1730,1732,498,865473
2019-12-22,CIT,1735,1790,1735,1790,1453,2547814
2019-12-23,CIT,1790,1969,1780,1969,18242,34878392
2019-12-24,CIT,2008,2165,1995,2050,41875,88274448
2019-12-25,CIT,2050,2132,2009,2013,7746,15807728
2019-12-26,CIT,2048,2049,1986,2001,3183,6400971
2019-12-29,CIT,2001,2030,2000,2018,2637,5296097
2019-12-30,CIT,2030,2116,2022,2093,9565,19929968
2019-12-31,CIT,2124,2129,2085,2095,7714,16211463
2020-01-01,CIT,2090,2105,2076,2104,2833,5933910
2020-01-02,CIT,2062,2101,2062,2077,6801,14132581
2020-01-05,CIT,2051,2110,2051,2089,11148,23237380
2020-01-06,CIT,2120,2120,2076,2102,6913,14438021
2020-01-07,CIT,2096,2105,2067,2100,3142,6577334
2020-01-08,CIT,2077,2125,2076,2091,5712,12023689
2020-01-09,CIT,2099,2099,2073,2077,2557,5321693
2020-01-12,CIT,2092,2147,2080,2133,9789,20754334
2020-01-13,CIT,2159,2165,2120,2140,11777,25289100
2020-01-14,CIT,2140,2250,2103,2220,33116,72702104
2020-01-15,CIT,2230,2274,2210,2210,12820,28631696
2020-01-16,CIT,2244,2244,2204,2207,10085,22378368
2020-01-19,CIT,2230,2298,2218,2266,17632,39905016
2020-01-20,CIT,2280,2308,2222,2244,13393,30151928
2020-01-21,CIT,2245,2280,2210,2233,5663,12634348
2020-01-22,CIT,2265,2277,2212,2225,6506,14514744
2020-01-23,CIT,2239,2240,2205,2209,8294,18430380
2020-01-26,CIT,2177,2200,2150,2189,4481,9719823
2020-01-27,CIT,2170,2210,2168,2193,3178,6960571
2020-01-28,CIT,2236,2369,2236,2325,19357,44793744
2020-01-29,CIT,2330,2337,2300,2319,6466,14951786
2020-01-30,CIT,2350,2350,2323,2324,9624,22465188
2020-02-02,CIT,2326,2345,2308,2342,8485,19735628
2020-02-03,CIT,2369,2369,2311,2316,7599,17658162
2020-02-04,CIT,2320,2350,2318,2332,9978,23229496
2020-02-05,CIT,2378,2515,2340,2497,25657,62338136
2020-02-06,CIT,2448,2540,2448,2470,11579,28992968
2020-02-09,CIT,2461,2464,2415,2436,12977,31630252
2020-02-10,CIT,2450,2517,2436,2510,17150,42706116
2020-02-11,CIT,2550,2600,2550,2600,20669,53190212
2020-02-12,CIT,2641,2790,2600,2784,36509,99746672
2020-02-13,CIT,2839,2888,2794,2810,20496,58248276
2020-02-16,CIT,2765,2810,2762,2771,15754,43807344
2020-02-17,CIT,2798,2873,2770,2789,13700,38225776
2020-02-18,CIT,2772,2797,2713,2750,9249,25454040
2020-02-19,CIT,2725,2840,2700,2820,12040,33202012
2020-02-20,CIT,2855,2911,2812,2903,27886,80072472
2020-02-23,CIT,2932,3020,2900,3001,32348,97028200
2020-02-24,CIT,3060,3070,2980,2983,18927,57101672
2020-02-25,CIT,2985,3077,2950,3036,26617,80607360
2020-02-26,CIT,3096,3164,3085,3110,21275,66161664
2020-02-27,CIT,3080,3140,2971,3033,13917,42745124
2020-03-01,CIT,3090,3090,2936,2945,14949,44583536
2020-03-02,CIT,2900,2920,2800,2800,19485,55354188
2020-03-03,CIT,2744,2910,2675,2823,19012,53430520
2020-03-04,CIT,2879,2879,2705,2705,16978,46692148
2020-03-05,CIT,2662,2780,2608,2680,12252,32898300
2020-03-10,CIT,2627,2640,2526,2526,10338,26407336
2020-03-11,CIT,2575,2728,2500,2728,11263,29564352
2020-03-12,CIT,2774,2775,2600,2602,15205,40278480
2020-03-15,CIT,2654,2654,2502,2525,10493,26669358
2020-03-16,CIT,2500,2590,2496,2531,14751,37591296
2020-03-17,CIT,2514,2515,2440,2451,11024,27324530
2020-03-18,CIT,2451,2524,2370,2434,10045,24327576
2020-03-19,CIT,2386,2482,2385,2465,14033,34153372
2020-03-22,CIT,2513,2513,2421,2440,1394,3423793
2020-05-12,CIT,1776.2,2392,1776.2,2367,50020,88857592
2020-05-13,CIT,2320,2320,2296,2296,100,229840
2020-06-29,CIT,1845,2070,1750,2070,2364,4462394
2020-06-30,CIT,2111,2277,2111,2277,1157,2612479
2020-07-01,CIT,2322,2504,2322,2504,7014,17529528
2020-07-02,CIT,2628,2680,2292,2350,8167,20200656
2020-07-05,CIT,2397,2520,2397,2450,9547,23547356
2020-07-06,CIT,2499,2499,2450,2467,6505,16000908
2020-07-07,CIT,2500,2510,2450,2478,6620,16388501
2020-07-08,CIT,2517,2517,2425,2425,6432,15753298
2020-07-09,CIT,2450,2458,2400,2457,4475,10935087
2020-07-12,CIT,2506,2525,2440,2450,8808,21612788
2020-07-13,CIT,2475,2500,2450,2450,3922,9651438
2020-07-14,CIT,2451,2465,2430,2430,3123,7639026
2020-07-15,CIT,2437,2449,2425,2428,4464,10866673
2020-07-16,CIT,2450,2460,2435,2452,6975,17081340
2020-07-19,CIT,2501,2697,2501,2697,310,826430
2020-07-20,CIT,2831,2831,2550,2580,12128,32214294
2020-07-21,CIT,2590,2595,2535,2562,6693,17180236
2020-07-22,CIT,2600,2613,2520,2520,3635,9276583
2020-07-23,CIT,2502,2555,2500,2531,4035,10212745
2020-07-26,CIT,2531,2585,2525,2585,9481,24170734
2020-07-27,CIT,2584,2596,2581,2591,9992,25872110
2020-07-28,CIT,2590,2590,2550,2576,2148,5526529
2020-07-29,CIT,2600,2600,2548,2550,4313,11086751
2020-07-30,CIT,2552,2557,2533,2555,5107,13009209
2020-08-02,CIT,2522,2550,2480,2480,9373,23568364
2020-08-03,CIT,2500,2529,2465,2505,2619,6553141
2020-08-05,CIT,2500,2502,2462,2485,3993,9888136
2020-08-06,CIT,2445,2499,2445,2490,1066,2637668
2020-08-09,CIT,2490,2580,2461,2580,5510,13998544
2020-08-10,CIT,2624,2630,2579,2622,10811,28148394
2020-08-11,CIT,2666,2666,2606,2628,8970,23582532
2020-08-12,CIT,2600,2619,2585,2600,3458,8984820
2020-08-13,CIT,2581,2600,2578,2584,5117,13244458
2020-08-16,CIT,2579,2595,2571,2585,2084,5385056
2020-08-17,CIT,2600,2650,2580,2646,5617,14677242
2020-08-18,CIT,2778,2910,2778,2910,57471,166085963
2020-08-19,CIT,3055,3055,2850,2878,27830,80992188
2020-08-20,CIT,2878,2904,2850,2880,8307,23924151
2020-08-23,CIT,2880,2880,2845,2865,8560,24525872
2020-08-24,CIT,2880,2900,2870,2880,11608,33440847
2020-08-25,CIT,2890,2899,2865,2875,11462,32971677
2020-08-26,CIT,2850,2895,2850,2878,11027,31677557
2020-08-27,CIT,2904,2904,2867,2880,5640,16243988
2020-08-30,CIT,2880,2890,2870,2880,3711,10701932
2020-08-31,CIT,2880,2938,2880,2921,12297,35834173
2020-09-02,CIT,2979,2979,2884,2915,9789,28660224
2020-09-03,CIT,2915,2925,2890,2903,9182,26645304
2020-09-06,CIT,2961,3020,2930,3011,26361,78382090
2020-09-07,CIT,3161,3290,3050,3250,49494,156303569
2020-09-08,CIT,3300,3460,3283,3456,36187,122296281
2020-09-09,CIT,3628,3640,3495,3632,51854,186407785
2020-09-10,CIT,3700,3704,3520,3546,26573,95911671
2020-09-13,CIT,3546,3546,3380,3400,48324,164985093
2020-09-14,CIT,3400,3584,3400,3413,14789,50935108
2020-09-15,CIT,3478,3478,3405,3417,11940,40840133
2020-09-16,CIT,3407,3417,3380,3400,16565,56287950
2020-09-17,CIT,3400,3456,3400,3439,9607,32977358
2020-09-20,CIT,3507,3569,3425,3440,14505,50006301
2020-09-21,CIT,3474,3475,3410,3435,9284,31946773
2020-09-22,CIT,3475,3475,3399,3420,12402,42384239
2020-09-23,CIT,3430,3443,3405,3440,3850,13189816
2020-09-24,CIT,3440,3516,3438,3498,14520,50562676
2020-09-27,CIT,3519,3549,3490,3505,24283,85612358
2020-09-28,CIT,3505,3538,3477,3495,5332,18625689
2020-09-29,CIT,3496,3510,3478,3478,4868,16968651
2020-09-30,CIT,3450,3500,3446,3469,5141,17861285
2020-10-01,CIT,3497,3500,3465,3479,4919,17134216
2020-10-04,CIT,3500,3535,3475,3509,18772,65757716
2020-10-05,CIT,3520,3545,3503,3505,3794,13313250
2020-10-06,CIT,3519,3530,3495,3497,5623,19724179
2020-10-07,CIT,3515,3515,3487,3492,7388,25821584
2020-10-08,CIT,3500,3500,3478,3480,5000,17429207
2020-10-11,CIT,3654,3654,3450,3472,6487,22571159
2020-10-12,CIT,3480,3485,3465,3466,6273,21774594
2020-10-13,CIT,3498,3498,3462,3470,7449,25822353
2020-10-14,CIT,3495,3495,3457,3459,4169,14431754
2020-10-15,CIT,3495,3496,3459,3465,4601,15947420
2020-10-18,CIT,3431,3610,3430,3531,11175,39526945
2020-10-19,CIT,3530,3573,3530,3570,8690,30981456
2020-10-20,CIT,3589,3620,3589,3616,11143,40177202
2020-10-21,CIT,3640,3675,3635,3675,8005,29234770
2020-10-22,CIT,3675,3720,3669,3695,12157,44963492
2020-10-28,CIT,3748,3765,3701,3749,7945,29729462
2020-10-29,CIT,3750,3794,3700,3719,7569,28267320
2020-11-01,CIT,3745,3748,3700,3735,5900,21951416
2020-11-02,CIT,3717,3735,3707,3730,4308,16042618
2020-11-03,CIT,3755,3755,3720,3722,4417,16469511
2020-11-04,CIT,3743,3767,3720,3751,5049,18873281
2020-11-05,CIT,3850,3850,3731,3752,8408,31525350
2020-11-08,CIT,3760,3850,3740,3840,12518,47522169
2020-11-09,CIT,3887,4034,3862,3964,8586,34045361
2020-11-10,CIT,4020,4109,3985,4109,19886,80043688
2020-11-11,CIT,4189,4519,4156,4519,34911,154514008
2020-11-12,CIT,4519,4675,4434,4460,34205,154127684
2020-11-18,CIT,4506,4794,4466,4775,21891,102864584
2020-11-19,CIT,4800,5000,4750,4955,28368,137703939
2020-11-22,CIT,5050,5100,4600,4760,32226,154839478
2020-11-23,CIT,4760,4760,4521,4650,23224,108075472
2020-11-24,CIT,4695,4840,4655,4799,19204,91591367
2020-11-25,CIT,4890,4987,4780,4816,12909,62216096
2020-11-26,CIT,4895,4895,4730,4740,20540,98343507
2020-11-29,CIT,4750,4750,4632,4650,23337,109022681
2020-11-30,CIT,4699,4820,4620,4817,20749,98435175
2020-12-01,CIT,4870,4870,4750,4770,13570,65003101
2020-12-02,CIT,4770,5100,4753,4980,33118,163780392
2020-12-03,CIT,5079,5100,4875,4950,12253,60653051
2020-12-06,CIT,4945,4945,4601,4601,20937,99013487
2020-12-07,CIT,4601,4837,4550,4784,17525,82421980
2020-12-08,CIT,4879,4910,4720,4724,10239,49079236
2020-12-09,CIT,4960,4960,4670,4748,21305,101999823
2020-12-10,CIT,4750,4850,4750,4820,11664,55874246
2020-12-13,CIT,4916,5000,4825,4995,20432,100757759
2020-12-14,CIT,5015,5250,4952,5179,28668,145818243
2020-12-15,CIT,5210,5493,5210,5298,14515,77167281
2020-12-16,CIT,5500,5500,5220,5235,15996,84728020
2020-12-17,CIT,5235,5520,5200,5480,48027,261735715
2020-12-20,CIT,5700,5749,5096,5180,57438,310434720
2020-12-21,CIT,5100,5300,4901,5160,43444,219321273
2020-12-22,CIT,5259,5358,5124,5271,65554,189161048
2020-12-23,CIT,5349,5349,5090,5120,15392,79686421
2020-12-24,CIT,5120,5165,5062,5100,16620,84781354
2020-12-27,CIT,5300,5300,5018,5029,38918,197593302
2020-12-28,CIT,5079,5100,4997,5008,64182,323518410
2020-12-29,CIT,2923,3062,2923,3062,6612,20160738
2020-12-30,CIT,3215,3368,3215,3368,10855,36531160
2020-12-31,CIT,3536,3704,3296,3430,82538,287878262
2021-01-03,CIT,3500,3500,3400,3421,25448,87176448
2021-01-04,CIT,3570,3570,3395,3415,13228,45277747
2021-01-05,CIT,3430,3434,3380,3383,11779,39975098
2021-01-06,CIT,3400,3410,3337,3359,11674,39222967
2021-01-07,CIT,3340,3460,3340,3400,25196,85863383
2021-01-10,CIT,3445,3498,3445,3459,13962,48346644
2021-01-11,CIT,3500,3570,3430,3462,9394,32628386
2021-01-12,CIT,3494,3554,3436,3441,10936,37782483
2021-01-13,CIT,3608,3608,3440,3440,9750,33637939
2021-01-17,CIT,3498,3498,3430,3455,14916,51382926
2021-01-18,CIT,3460,3490,3456,3483,12601,43783624
2021-01-19,CIT,3495,3495,3450,3460,12369,42859074
2021-01-20,CIT,3460,3460,3430,3459,13751,47427667
2021-01-21,CIT,3460,3495,3439,3446,13740,47415243
2021-01-24,CIT,3618,3790,3510,3790,28393,105214138
2021-01-25,CIT,3979,4169,3979,4169,14260,59420789
2021-01-26,CIT,4377,4377,4054,4162,38847,164305363
2021-01-27,CIT,4150,4190,4085,4148,23822,98702151
2021-01-28,CIT,4190,4225,4120,4162,26528,110480325
2021-01-31,CIT,4170,4180,4054,4058,16260,66489483
2021-02-01,CIT,4090,4150,4060,4098,11257,46098502
2021-02-02,CIT,4150,4229,4090,4200,15455,64562277
2021-02-03,CIT,4250,4350,4165,4195,16269,69205853
2021-02-04,CIT,4194,4309,4150,4252,17981,76418894
2021-02-07,CIT,4330,4677,4300,4677,47912,216666094
2021-02-08,CIT,4910,5000,4783,4910,28716,141247074
2021-02-09,CIT,5000,5000,4778,4793,17306,83446520
2021-02-10,CIT,4793,4795,4700,4747,15920,75329774
2021-02-11,CIT,4750,4785,4671,4678,12747,59936336
2021-02-14,CIT,4700,4700,4460,4500,21550,97478342
2021-02-15,CIT,4590,4750,4525,4689,12419,58193996
2021-02-16,CIT,4850,4850,4576,4619,19764,91887951
2021-02-17,CIT,4600,4620,4570,4600,11673,53666704
2021-02-18,CIT,4680,4719,4600,4705,18853,87961484
2021-02-21,CIT,4800,4850,4681,4799,38775,184573062
2021-02-22,CIT,4900,4950,4781,4800,26537,128601351
2021-02-23,CIT,4800,4800,4587,4734,17837,83147762
2021-02-24,CIT,4750,4896,4705,4790,22292,106597682
2021-02-25,CIT,5029,5029,4635,4710,11723,55477935
2021-02-28,CIT,4650,4691,4570,4578,22971,105690088
2021-03-01,CIT,4580,4638,4425,4600,14014,63854495
2021-03-02,CIT,4601,4650,4420,4485,14125,63632626
2021-03-03,CIT,4401,4520,4300,4329,31138,136023324
2021-03-04,CIT,4370,4521,4350,4495,21455,95283890
2021-03-07,CIT,4550,4551,4370,4376,12537,55531389
2021-03-09,CIT,4312,4375,4290,4300,13048,56214723
2021-03-10,CIT,4385,4385,4290,4295,10619,45724763
2021-03-14,CIT,4300,4310,4099,4120,23378,97201474
2021-03-15,CIT,4120,4202,3990,4092,14171,58006227
2021-03-16,CIT,4051,4125,3984,4060,14221,57512541
2021-03-17,CIT,4020,4155,4020,4125,8453,34798710
2021-03-18,CIT,4150,4386,4100,4377,15233,65339992
2021-03-21,CIT,4464,4525,4448,4499,16396,73728231
2021-03-22,CIT,4500,4545,4400,4400,13357,59336595
2021-03-23,CIT,4400,4400,4310,4362,9848,42884003
2021-03-24,CIT,4390,4480,4380,4420,27423,60682064
2021-03-25,CIT,4500,4505,4360,4367,6135,27010482
2021-03-29,CIT,4350,4400,4291,4349,4192,18307661
2021-03-30,CIT,4362,4390,4329,4360,4276,18688935
2021-03-31,CIT,4400,4400,4350,4390,6063,26483741
2021-04-01,CIT,4400,4410,4350,4370,12138,53003405
2021-04-04,CIT,4363,4364,4250,4288,31284,134434851
2021-04-05,CIT,4288,4300,4175,4195,20511,86274767
2021-04-06,CIT,4140,4300,4070,4275,18207,76447469
2021-04-07,CIT,4300,4300,4222,4231,3828,16285400
2021-04-08,CIT,4201,4250,4180,4205,9031,37939606
2021-04-12,CIT,4205,4205,4181,4184,7890,33046374
2021-04-13,CIT,4184,4189,4149,4151,10556,43928697
2021-04-15,CIT,4358,4358,4150,4159,7320,30499506
2021-04-18,CIT,4150,4150,4100,4115,9856,40659552
2021-04-19,CIT,4090,4090,3890,3994,71044,283856197
2021-04-20,CIT,4000,4000,3845,3950,54464,214289368
2021-04-21,CIT,4000,4000,3881,3892,47054,183761528
2021-04-22,CIT,4086,4086,3829,3886,32235,124934762
2021-04-25,CIT,3940,3940,3797,3797,40762,155771327
2021-04-26,CIT,3750,3825,3700,3701,45474,169589940
2021-04-27,CIT,3701,3876,3701,3875,27633,104812289
2021-04-28,CIT,3890,3980,3775,3850,20193,78420886
2021-04-29,CIT,4042,4042,3830,3850,23904,92582873
2021-05-02,CIT,3900,3945,3830,3910,27735,108170645
2021-05-03,CIT,3980,4050,3901,3909,23929,94250216
2021-05-04,CIT,3714,4000,3714,3915,14761,57990301
2021-05-05,CIT,3900,3950,3884,3886,10411,40622401
2021-05-06,CIT,3889,3889,3822,3826,18094,69606866
2021-05-09,CIT,3810,3878,3788,3826,19222,73756961
2021-05-10,CIT,3829,3900,3802,3855,20461,78930126
2021-05-11,CIT,3900,3950,3900,3929,23969,94263061
2021-05-12,CIT,3994,3997,3905,3920,11408,44856377
2021-05-13,CIT,3925,3949,3900,3903,13968,54708620
2021-05-16,CIT,3945,4000,3923,3960,19047,75290211
2021-05-17,CIT,3990,4009,3960,3966,19046,75826909
2021-05-18,CIT,4100,4300,4000,4239,66525,276667783
2021-05-19,CIT,4300,4337,4125,4145,28209,118560179
2021-05-20,CIT,4145,4186,4105,4121,13863,57291666
2021-05-23,CIT,4095,4161,3960,4090,21711,88705014
2021-05-24,CIT,4244,4244,4081,4097,22102,90506737
2021-05-25,CIT,4200,4200,4050,4054,16258,66132589
2021-05-27,CIT,4000,4060,3973,4003,25365,101890285
2021-05-30,CIT,4003,4080,4000,4011,19971,80288820
2021-05-31,CIT,4000,4050,3960,3961,20186,80462881
2021-06-01,CIT,3950,3990,3911,3921,16428,64802940
2021-06-02,CIT,3930,4050,3904,4000,21213,83841244
2021-06-03,CIT,4005,4050,3971,3976,19905,79810552
2021-06-06,CIT,4024,4151,3981,4112,39054,158857150
2021-06-07,CIT,4200,4225,4101,4113,22169,91830294
2021-06-08,CIT,4318,4318,4090,4098,17724,72741771
2021-06-09,CIT,4101,4200,4077,4105,30176,124224537
2021-06-10,CIT,4305,4305,4080,4095,15741,64556827
2021-06-13,CIT,4120,4170,4094,4094,21051,86379796
2021-06-14,CIT,4092,4120,4092,4107,18807,77218284
2021-06-15,CIT,4310,4310,4060,4228,44322,186354484
2021-06-16,CIT,4017,4215,4017,4150,34008,141155330
2021-06-17,CIT,4200,4200,4139,4183,23461,97792915
2021-06-20,CIT,4220,4250,4100,4150,25526,105761055
2021-06-21,CIT,4150,4220,4075,4080,72086,296179913
2021-06-22,CIT,3900,3900,3743,3785,29732,112549371
2021-06-23,CIT,3800,3800,3676,3678,20310,75324493
2021-06-24,CIT,3680,3695,3570,3585,26583,95725767
2021-06-27,CIT,3600,3650,3530,3550,17784,63278925
2021-06-28,CIT,3609,3609,3535,3540,10556,37573911
2021-06-29,CIT,3570,3570,3500,3504,11788,41441656
2021-06-30,CIT,3500,3500,3420,3432,17217,59219615
2021-07-01,CIT,3480,3535,3448,3460,17344,60571260
2021-07-04,CIT,3525,3528,3460,3470,9022,31367923
2021-07-05,CIT,3460,3475,3450,3453,7905,27314315
2021-07-06,CIT,3453,3490,3450,3452,14110,48825562
2021-07-07,CIT,3485,3485,3401,3434,8591,29504869
2021-07-08,CIT,3459,3459,3400,3435,9794,33597579
2021-07-11,CIT,3457,3503,3450,3492,13874,48322706
2021-07-12,CIT,3525,3590,3450,3460,13026,45523298
2021-07-13,CIT,3500,3528,3455,3455,9706,33860037
2021-07-14,CIT,3626,3626,3450,3494,4551,15907296
2021-07-15,CIT,3494,3510,3486,3491,17478,38148987
2021-07-18,CIT,3510,3550,3490,3500,21511,75305198.6
2021-07-19,CIT,3540,3800,3512,3724,32557,119913193.6
2021-07-20,CIT,3798,3798,3700,3728.4,12785,47709350.1
2021-07-22,CIT,3770,3770,3702,3702,14269,53362140.6
2021-07-25,CIT,3740,3740,3685,3703,14063,52119625.5
2021-07-26,CIT,3735,3745,3700,3703,11984,44554093.7
2021-07-27,CIT,3700,3910,3700,3855,35144,134223733
2021-07-28,CIT,3900,4080,3900,4049,37753,151561518.3
2021-07-29,CIT,4100,4125,4026,4050,24813,100955657.1
2021-08-01,CIT,4050,4335,3991,4180,40106,164713661.8
2021-08-02,CIT,4239,4435,4200,4399,73963,321979837.7
2021-08-03,CIT,4400,4560,4345,4346,33050,145214989.3
2021-08-04,CIT,4399,4400,4250,4254,32879,140648318.8
2021-08-05,CIT,4289,4290,4172,4185,24857,104553951.9
2021-08-08,CIT,4200,4300,4155,4248,26601,112547334.9
2021-08-09,CIT,4300,4324,4195,4200,13697,57796883.6
2021-08-10,CIT,4284,4284,4150,4190,16899,70712749.4
2021-08-11,CIT,4270,4270,4166,4172,10080,42151966.2
2021-08-12,CIT,4172,4220,4115,4147,18923,78504240.3
2021-08-15,CIT,4147,4147,4018,4081,34700,141425418.1
2021-08-16,CIT,4155,4155,4040,4082,18436,75476893.2
2021-08-17,CIT,4082,4150,4050,4060,16315,66513162.4
2021-08-18,CIT,4030,4050,3980,4030,22695,91168304.7
2021-08-19,CIT,4030,4090,3990,4000,17174,68928902.6
2021-08-24,CIT,4000,4050,3920,3926,18118,71877521.4
2021-08-25,CIT,3926,3975,3870,3880,19996,77919173.2
2021-08-26,CIT,3870,3910,3870,3883,15239,59276848
2021-08-29,CIT,3960.4,3960.4,3820,3830,16580,64117979.4
2021-08-31,CIT,3850,3850,3722.1,3752,22574,84756387.6
2021-09-01,CIT,3752,3860,3720,3785,19807,75086915.6
2021-09-02,CIT,3800,3800,3680,3698,25277,93987902.5
2021-09-05,CIT,3664,3700,3560,3610,30767,110981024.5
2021-09-06,CIT,3610,3799,3581,3799,27150,100617323.2
2021-09-07,CIT,3840,3840,3670,3710,15303,56984604.9
2021-09-08,CIT,3650,3700,3617,3625,18332,66647274.2
2021-09-09,CIT,3697,3697,3600,3624,11047,40115163.1
2021-09-12,CIT,3629,3720,3629,3690,19521,71651960.2
2021-09-13,CIT,3723,3775,3661.1,3670,11319,41855382.7
2021-09-14,CIT,3682,3720,3645,3649,9599,35120120.5
2021-09-15,CIT,3721.9,3721.9,3610,3615,10774,39073237.4
2021-09-16,CIT,3615,3615,3525,3545,21365,75862223.5
2021-09-20,CIT,3600.9,3600.9,3417,3421,24089,83256583.3
2021-09-21,CIT,3360,3488,3312.4,3427,29251,99619255.9
2021-09-22,CIT,3495.5,3565,3450,3546,18396,64756365.3
2021-09-23,CIT,3600,3600,3485,3508,13869,49102925.9
2021-09-26,CIT,3510,3510,3435,3438,11387,39473091.9
2021-09-27,CIT,3438,3480,3370,3373,12059,40751499.6
2021-09-28,CIT,3311,3399,3290,3298,15903,52735442.7
2021-09-29,CIT,3295,3359,3240,3335,15683,51940638.8
2021-09-30,CIT,3268.7,3400,3268.7,3320,8558,28654062
2021-10-03,CIT,3320,3345,3255,3257,6628,21835510.5
2021-10-04,CIT,3257,3258,3200,3239,10518,34007988.3
2021-10-05,CIT,3300,3300,3245,3260,10679,34958047.5
2021-10-06,CIT,3323,3365,3292,3349,10096,33686535.5
2021-10-10,CIT,3355,3440,3349,3352,9768,32973771.7
2021-10-11,CIT,3370,3370,3300,3362,5059,16849272.8
2021-10-17,CIT,3404,3404,3301,3372,3139,10527162.1
2021-10-18,CIT,3307.5,3350,3290,3300,9327,30807587.3
2021-10-19,CIT,3251,3265,3200,3230,8873,28526205
2021-10-20,CIT,3294.6,3320,3225,3270,5822,19038892
2021-10-21,CIT,3270,3270,3220,3238.1,3484,11308502.8
2021-10-24,CIT,3264,3264,3232,3239,5140,16675014
2021-10-25,CIT,3211,3366,3211,3365,8577,28554504.8
2021-10-26,CIT,3380,3515,3380,3456,15358,53122698.3
2021-10-27,CIT,3500,3500,3400,3468,13210,45825136.7
2021-10-28,CIT,3449,3481,3402,3445,6924,23928082
2021-10-31,CIT,3490,3525,3420,3496,13859,48294121
2021-11-01,CIT,3550,3560,3479,3490,14723,51576782
2021-11-02,CIT,3490,3490,3401.1,3475,7091,24494102.9
2021-11-03,CIT,3534,3534,3470,3485,16105,56143687.1
2021-11-08,CIT,3456,3505,3456,3465,6439,22435118.5
2021-11-09,CIT,3465,3465,3371.2,3400,13670,46500987.2
2021-11-11,CIT,3349,3389,3310,3310,10674,35636628.6
2021-11-14,CIT,3251,3315,3250,3285,8705,28546430.3
2021-11-15,CIT,3340,3350,3290,3330,6741,22364755.5
2021-11-16,CIT,3345,3417,3290,3415,7681,25905159.2
2021-11-17,CIT,3450,3464,3381,3385,8332,28569317.4
2021-11-18,CIT,3318,3390,3318,3351.1,3924,13200952.9
2021-11-21,CIT,3355,3380,3310.1,3328,4257,14200813.2
2021-11-22,CIT,3325,3369,3325,3367,5816,19441357
2021-11-23,CIT,3300,3350,3300,3318,4740,15734464.5
2021-11-24,CIT,3310,3330,3270,3315,5558,18377727.5
2021-11-25,CIT,3340,3344.9,3214.4,3278.1,12646,41415128.8
2021-11-28,CIT,3221,3277,3160,3180,16660,53384150.4
2021-11-29,CIT,3149,3240,3120,3162,7586,24227158.4
2021-11-30,CIT,3200,3200,3150,3155,6007,18976102.3
2021-12-01,CIT,3190,3200,3138,3168,6075,19217908.6
2021-12-02,CIT,3168,3183,3110,3125,6829,21368253.4
2021-12-05,CIT,3092,3100.2,3028,3032,11514,35201510
2021-12-06,CIT,2986,3044,2886,3036,12745,37983385
2021-12-07,CIT,3095.7,3096,2970,2975,7761,23403765.2
2021-12-08,CIT,2970,2990,2870,2885,11551,33613575.1
2021-12-09,CIT,2900,2909,2856,2888,9109,26248783.6
2021-12-12,CIT,2888,2900,2775.1,2778,11028,31279406.1
2021-12-13,CIT,2750.1,2750.1,2625,2666,18636,49674414.5
2021-12-14,CIT,2719,2850,2686,2850,7128,19793723.2
2021-12-15,CIT,2907,3000,2792,2865,17842,51878182.5
2021-12-16,CIT,2870,2870,2755,2813,8549,23952915.3
2021-12-20,CIT,2760,2825,2711,2780,6734,18691909
2021-12-21,CIT,2800,2852,2796,2840,5760,16247385.5
2021-12-22,CIT,2896.8,3010,2875,3009,16034,47232500.4
2021-12-23,CIT,3069,3075,2971,3021,11539,34936121.2
2021-12-26,CIT,3081,3276,3020,3240,24797,79365559
2021-12-27,CIT,3250,3255,3113,3118,18121,57828938.6
2021-12-28,CIT,3091,3200,3061,3091.1,8435,26281720.4
2021-12-29,CIT,3140,3140,3054,3071,8119,25028634.6
2022-01-02,CIT,3132.4,3250,3071,3200,20266,63813715
2022-01-03,CIT,3264,3339,3201,3309.9,27395,89981897.5
2022-01-04,CIT,3350,3365,3261,3330,8107,26956757.7
2022-01-05,CIT,3350,3350,3241,3241.9,17466,57260992.4
2022-01-06,CIT,3231,3375,3190,3345,25808,85522003.8
2022-01-09,CIT,3355,3419.9,3345,3409,25708,87206675
2022-01-10,CIT,3440,3449.9,3360,3376,17311,58679808.1
2022-01-11,CIT,3380,3419,3350,3400,18773,63775819
2022-01-12,CIT,3400,3468,3364,3380,17349,59393422.2
2022-01-13,CIT,3410,3438,3371,3424,13180,44981748.8
2022-01-16,CIT,3492.4,3599,3450.1,3569,31213,110278116.5
2022-01-17,CIT,3608.7,3646,3523,3575,18245,65455811.5
2022-01-18,CIT,3512,3639.9,3485.1,3510,16017,56800679.1
2022-01-19,CIT,3511,3524,3453.6,3470.2,13923,48507785.5
2022-01-20,CIT,3451,3520,3431,3495,12201,42477280.1
2022-01-23,CIT,3555,3555,3458,3470,12375,43325484.1
2022-01-24,CIT,3451,3455.1,3364,3380,20821,70877640.6
2022-01-25,CIT,3380,3415,3260,3380,18889,63574937.9
2022-01-26,CIT,3320,3390,3300,3306,10639,35438955.9
2022-01-27,CIT,3355,3359,3309,3310.8,11365,37837543
2022-01-30,CIT,3377,3451,3377,3439,12223,41763602.9
2022-01-31,CIT,3400.1,3465,3395,3398,9698,33129210.8
2022-02-01,CIT,3360,3435,3353,3416,5619,19172253.5
2022-02-03,CIT,3484,3484,3400,3410,13731,47160274.5
2022-02-06,CIT,3390,3415,3355,3365,6812,22967867.8
2022-02-07,CIT,3298,3400,3298,3350.2,5449,18322884.3
2022-02-08,CIT,3417.2,3430,3323,3335,7109,23937712
2022-02-09,CIT,3306.1,3375,3278,3333,10655,35150651.9
2022-02-10,CIT,3280,3370,3280,3319.9,5783,19162691.6
2022-02-13,CIT,3255,3255,3189,3200,15370,49459192.1
2022-02-14,CIT,3200,3245,3182,3210,14012,44848416.8
2022-02-15,CIT,3205,3249.9,3195.1,3235,5393,17378254.6
2022-02-16,CIT,3235,3269,3205,3207,5191,16752337.6
2022-02-17,CIT,3220,3245,3207,3220,3007,9678176
2022-02-20,CIT,3157,3213,3092.9,3150,6688,21164028
2022-02-21,CIT,3150,3190,3150,3190,4273,13548470.2
2022-02-22,CIT,3199,3225,3180,3190,4644,14903863.4
2022-02-23,CIT,3222,3222,3171,3188.1,3207,10232862.9
2022-02-24,CIT,3160,3190,3100,3103,11164,34879752.4
2022-02-27,CIT,3150,3150,3075,3090,6883,21320391.3
2022-02-28,CIT,3125,3130,3029,3038,5943,18223082.3
2022-03-02,CIT,3050,3050,2980,2990,8359,25039130.9
2022-03-06,CIT,2990,3040,2950,2983,6277,18749454.6
2022-03-07,CIT,3000,3014,2950,2969,5408,16104560.4
2022-03-09,CIT,2969,3000,2930,2948.9,5443,16060226.8
2022-03-10,CIT,2948,3030,2915,3028,8022,23986649.2
2022-03-13,CIT,3087,3180,3055,3160,15683,49092119.6
2022-03-14,CIT,3182,3190,3105,3160,4306,13620360
2022-03-15,CIT,3196,3196,3125,3157,10816,34058972
2022-03-16,CIT,3157,3190,3111,3168,20903,65719703.7
2022-03-20,CIT,3220,3225,3172,3190,6053,19325801.8
2022-03-21,CIT,3195,3240,3180,3220,8568,27586099.2
2022-03-22,CIT,3250,3290,3226.1,3269,8342,27152851.1
2022-03-23,CIT,3269,3297,3230,3235,8526,27780430.6
2022-03-24,CIT,3200,3248.9,3170,3170,7828,25100963
2022-03-27,CIT,3165,3190,3141,3146,12486,39373915.8
2022-03-28,CIT,3150,3170,3100,3120,9477,29568178.1
2022-03-29,CIT,3140,3147,3100,3104,5041,15667492.4
2022-03-30,CIT,3105,3140,3086.1,3140,5905,18385506
2022-03-31,CIT,3179.9,3201,3126,3165,22710,71560633.6
2022-04-03,CIT,3122,3164,3088,3102,5966,18583848.6
2022-04-04,CIT,3090,3096,3052,3074.1,5137,15804943
2022-04-05,CIT,3135,3135,2975,3047,14527,43763847.1
2022-04-06,CIT,2996,3040,2985,2985,13651,40927560.2
2022-04-07,CIT,3030,3050,2970,3009,5530,16565574.2
2022-04-11,CIT,3068.9,3080,2926,2932,15031,44641537.5
2022-04-12,CIT,2932,2932,2879,2885,7062,20426164
2022-04-13,CIT,2939,2940,2847.5,2892,6290,18191663.7
2022-04-17,CIT,2949.7,2949.8,2850,2868,6860,19757795
2022-04-18,CIT,2860,2888,2831.1,2874,7009,20082173.8
2022-04-19,CIT,2856,2924,2850,2874,5607,16190591.9
2022-04-20,CIT,2920,2920,2840,2859,3223,9225268.3
2022-04-21,CIT,2860,2875,2830,2866,4786,13619776.2
2022-04-24,CIT,2920,2950,2880,2948.9,7404,21582658.3
2022-04-25,CIT,2995,2995,2895,2908,5216,15293785.4
2022-04-26,CIT,2900,2913,2875,2875,2934,8490786.1
2022-04-27,CIT,2855,2866.9,2819,2865,4726,13453528.5
2022-04-28,CIT,2865,2900,2840,2854,5611,16024635.5
2022-05-02,CIT,2830,2830,2791,2791,5926,16633290
2022-05-04,CIT,2800,2814,2760,2766.1,5376,14952234.2
2022-05-05,CIT,2735,2779,2690,2700,8298,22580958.7
2022-05-08,CIT,2700,2738,2670,2738,55983,75359455
2022-05-09,CIT,2780,2795,2740,2760,3867,10724244.7
2022-05-10,CIT,2768,2800,2765,2788.1,4126,11486680.8
2022-05-11,CIT,2800,2843,2787,2829,3673,10356827.3
2022-05-12,CIT,2880,2880,2803,2810,6149,17389316
2022-05-17,CIT,2765,2835,2753.8,2760,4557,12660857.8
2022-05-18,CIT,2753,2780,2721,2770,4580,12558625.5
2022-05-19,CIT,2760,2773,2706,2720,5984,16345874.5
2022-05-20,CIT,2720,2730,2680,2685,9699,26137246.3
2022-05-23,CIT,2700,2700,2609,2630,13852,36426946.9
2022-05-24,CIT,2680,2680,2608,2630,8420,22157939.8
2022-05-25,CIT,2630,2670,2630,2636,7126,18851746
2022-05-26,CIT,2637.1,2674,2637,2649,2969,7860047.6
2022-05-27,CIT,2650,2689,2625,2635,5683,14997096.7
2022-05-30,CIT,2635,2636,2575,2583,10399,26979017.9
2022-05-31,CIT,2585,2630,2525,2564,11840,30226448.7
2022-06-01,CIT,2595,2615,2525,2545,7788,19933597.8
2022-06-02,CIT,2540,2575,2519.2,2526,8285,20984948.5
2022-06-03,CIT,2501,2530,2443,2460,16273,40200232.2
2022-06-06,CIT,2461,2500,2437,2439.9,6698,16483020.5
2022-06-07,CIT,2440,2450,2380,2388,8949,21485311.7
2022-06-08,CIT,2428.9,2450,2387,2430,12869,31075906.1
2022-06-09,CIT,2470,2490,2417,2439,8501,20855399.6
2022-06-10,CIT,2440,2440,2390,2405,9364,22460917.8
2022-06-13,CIT,2425,2425,2350,2365,8670,20632578
2022-06-14,CIT,2400,2400,2335,2359.9,9738,23012343.3
2022-06-15,CIT,2340,2340,2286,2304,15922,36775919.9
2022-06-16,CIT,2290,2339,2285,2318.9,5927,13728089
2022-06-17,CIT,2349,2358,2295,2296,4699,10846375.8
2022-06-19,CIT,2337.9,2338,2275,2285,6921,15840310.2
2022-06-20,CIT,2280,2282,2239,2263,9277,20967087.5
2022-06-21,CIT,2270,2325,2270,2321,8150,18732262.6
2022-06-22,CIT,2301,2310,2270,2288,3754,8567048.4
2022-06-23,CIT,2250,2250,2199,2225,12989,28818789.6
2022-06-24,CIT,2250,2295,2137,2207,13929,30778989.1
2022-06-26,CIT,2251.1,2427.7,2251.1,2427.7,4762,11556007.8
2022-06-27,CIT,2476,2670,2476,2542,60340,156588274.8
2022-06-28,CIT,2542,2542,2480,2497.9,21342,53454837.1
2022-06-29,CIT,2547.8,2547.8,2463,2535,13475,33838699.2
2022-06-30,CIT,2575,2590,2525,2589,18470,47350323.1
2022-07-01,CIT,2581,2590,2550,2575,8267,21271310.2
2022-07-03,CIT,2550,2674.8,2540,2664,17994,47008073.2
2022-07-04,CIT,2700,2728,2630,2670,28202,76010376.1
2022-07-05,CIT,2650,2692,2595,2611,17802,46725916.2
2022-07-06,CIT,2610,2616,2552,2595,11493,29706850.5
2022-07-07,CIT,2645,2690,2586,2586.1,7744,20195171.3
2022-07-08,CIT,2586,2586,2499,2525,12646,31973843
2022-07-11,CIT,2500,2500,2413,2429,15550,37861284.4
2022-07-12,CIT,2445,2460,2410,2447,11427,27789891.6
2022-07-13,CIT,2450,2525,2450,2509,13618,34021440.3
2022-07-14,CIT,2549,2558.9,2490,2532,13548,34071521.4
2022-07-15,CIT,2559.9,2570,2510,2515,7428,18799762.4
2022-07-17,CIT,2511,2565,2511,2547,6711,17084046.5
2022-07-18,CIT,2560,2613.9,2531.2,2610,12577,32614040.6
2022-07-19,CIT,2624,2649,2606,2612,10336,27146871.2
2022-07-20,CIT,2600,2650,2587.1,2638,10546,27739925.5
2022-07-21,CIT,2621,2644,2607,2624,6291,16510323.2
2022-07-22,CIT,2590,2623.5,2560,2575,6267,16212561.8
2022-07-24,CIT,2626.5,2650,2580,2645,14360,37656986.6
2022-07-25,CIT,2650,2700,2650,2684.5,11463,30729610.1
2022-07-26,CIT,2635,2710,2635,2648,14469,38654021.5
2022-07-27,CIT,2664,2675,2607,2660,6568,17339617.5
2022-07-28,CIT,2700,2900,2673,2827,47460,131745661.7
2022-07-29,CIT,2883.5,2941,2850,2888.5,26951,77964420.3
2022-07-31,CIT,2940,3033,2930,3012,28482,85517858.2
2022-08-01,CIT,3072,3072,2975,2994.5,28623,86215618.1
2022-08-02,CIT,2994,3009,2960,2985,16535,49388930.6
2022-08-03,CIT,3030,3035,2980,2992,10676,31995513
2022-08-04,CIT,2990,2990,2950.1,2952,11112,32995450.1
2022-08-05,CIT,2960,2960,2902,2914,11404,33292466.7
2022-08-07,CIT,2855.8,2971,2855.8,2925,14008,41233818
2022-08-08,CIT,2936,2960,2866.5,2905,28136,82128969.3
2022-08-09,CIT,2963,2963,2875,2879,52222,151097766.9
2022-08-10,CIT,2258.9,2346,2230,2254,47199,106879467.8
2022-08-11,CIT,2299,2299,2190,2192,17167,38119010.3
2022-08-14,CIT,2195,2200,2097,2107,14781,31504309
2022-08-15,CIT,2108,2129.3,2105,2120.1,10091,21399189.4
2022-08-16,CIT,2131.1,2150,2112,2115,9113,19463045.2
2022-08-17,CIT,2120,2128,2100,2110,4083,8635032.1
2022-08-18,CIT,2105,2126.9,2105,2114,8167,17292029.1
2022-08-21,CIT,2145,2156.2,2107,2110,6690,14194192.1
2022-08-22,CIT,2113,2118,2099,2108,6279,13240709.6
2022-08-23,CIT,2140,2140,2105,2110,4532,9567270
2022-08-24,CIT,2120,2125,2102.5,2117,6866,14510759.8
2022-08-25,CIT,2107,2116,2101,2104,6123,12905028.2
2022-08-26,CIT,2100,2100,2088,2088,5064,10602866.8
2022-08-28,CIT,2068,2100,2029.7,2037,8560,17576851
2022-08-29,CIT,2011,2033,2007,2008,5359,10791577.3
2022-08-30,CIT,2029,2049,2010,2012,3974,8019290.6
2022-08-31,CIT,2021,2021,1996.1,1999.5,5342,10699200.8
2022-09-01,CIT,1999,2029,1990,1996,7628,15238883.3
2022-09-02,CIT,2001.1,2001.1,1985,1987,5096,10139232.8
2022-09-04,CIT,2015,2015,1976,1983,4604,9152942.4
2022-09-05,CIT,1990,1995,1975,1977,4156,8232959
2022-09-06,CIT,1977,1980,1945,1947,6999,13716673.7
2022-09-07,CIT,1950,1950,1912,1916,4671,8982197.4
2022-09-08,CIT,1917,1929.9,1886,1914.9,7933,15082767.7
2022-09-11,CIT,1900,1935,1897.1,1898,4040,7729336.6
2022-09-12,CIT,1902,1907,1886,1890,6254,11842071.5
2022-09-13,CIT,1905,1930,1891,1922,6995,13432285.1
2022-09-14,CIT,1940,1950,1929,1941,5642,10944066.3
2022-09-15,CIT,1965,1965,1900,1902.5,7463,14358814.7
2022-09-16,CIT,1870,1900,1865,1886,5821,10943431
2022-09-18,CIT,1870,1890,1870,1873,4471,8395119.8
2022-09-20,CIT,1865,1865,1800,1804,8530,15510656.9
2022-09-21,CIT,1839,1840,1806,1808,3618,6569286.3
2022-09-22,CIT,1825,1832,1805,1808,3937,7151669.9
2022-09-25,CIT,1801,1812,1780,1792.1,4773,8572743.4
2022-09-27,CIT,1810,1810,1790,1806,4740,8544965
2022-09-28,CIT,1806,1832,1806,1830,3237,5918484.5
2022-09-29,CIT,1831,1848,1830,1848,5428,9983750.5
2022-10-09,CIT,1848,1915,1848,1897,6301,11890914.7
2022-10-10,CIT,1931,1931,1895.3,1895.3,4125,7854480
2022-10-11,CIT,1905,1908,1858,1874,4932,9227025.5
2022-10-12,CIT,1900,1900,1857,1875,4101,7658191
2022-10-13,CIT,1875,1890,1850,1872,4398,8192375
2022-10-16,CIT,1855,1855,1830,1831,9282,17082806.2
2022-10-17,CIT,1832,1834,1812,1812,5287,9647677.8
2022-10-19,CIT,1810,1825,1801.1,1808,4253,7688520
2022-10-20,CIT,1800.1,1821,1790,1812.9,5737,10358888.6
2022-10-23,CIT,1839,1839,1810,1830,4308,7855970.1
2022-10-31,CIT,1816.5,1835,1816.5,1835,2076,3799735
2022-11-01,CIT,1862,1889.8,1826,1877.9,6135,11439658
2022-11-02,CIT,1880,1896,1845,1875,10963,20591266.4
2022-11-03,CIT,1880,1887,1850,1876.9,5554,10386434.2
2022-11-06,CIT,1888.9,1920,1866.1,1914,7797,14794790.3
2022-11-07,CIT,1904,1940,1900,1923,12128,23343191.7
2022-11-08,CIT,1923,1940,1919,1925,8578,16540593.9
2022-11-09,CIT,1945,1948,1879,1880,8018,15245851.5
2022-11-10,CIT,1905,1905,1848.1,1849.1,5495,10217251.4
2022-11-13,CIT,1837.5,1860,1830,1833,5363,9867006.6
2022-11-14,CIT,1833,1869,1830,1856.5,4750,8823040.3
2022-11-15,CIT,1875,1879,1855,1860,4338,8089911.8
2022-11-16,CIT,1897.2,1897.2,1857,1867,8150,15258125.1
2022-11-17,CIT,1904,1904,1878.3,1885,9007,16993840.4
2022-11-22,CIT,1900,1919,1884,1886.1,7100,13483448.5
2022-11-23,CIT,1889,1889,1868.1,1877,3087,5783416.5
2022-11-24,CIT,1870,1875,1866,1870,3562,6660757.2
2022-11-27,CIT,1880,1897,1870,1890.1,10139,19122585
2022-11-28,CIT,1900,1920,1887,1892,12017,22805489.1
2022-11-29,CIT,1895,1897.9,1880,1888,4598,8676292.6
2022-11-30,CIT,1885,1890,1865.1,1880,2492,4679961
2022-12-01,CIT,1880,1900,1868.3,1889,6607,12479873.3
2022-12-04,CIT,1910,1935,1891,1923,14162,27134441
2022-12-05,CIT,1934,1934,1899,1900,11069,21144107.2
2022-12-06,CIT,1928,1928,1871,1882,4654,8763157.2
2022-12-07,CIT,1883,1890,1867,1878.1,6946,13041306.5
2022-12-11,CIT,1883,1883,1850,1855,6558,12197199.1
2022-12-12,CIT,1850,1884.9,1840,1855,6698,12392532.4
2022-12-13,CIT,1872,1877,1850,1859,4376,8121517.1
2022-12-14,CIT,1870,1870,1845,1855,4660,8641584.2
2022-12-15,CIT,1845.1,1860,1830,1844.9,4154,7649625.2
2022-12-18,CIT,1845,1850,1832,1838,5270,9698148
2022-12-19,CIT,1837,1845,1836,1845,5370,9883092.2
2022-12-20,CIT,1840,1854.9,1840,1847,3384,6255313
2022-12-21,CIT,1845,1850,1835,1836,5046,9289647.4
2022-12-22,CIT,1830,1840,1829.6,1835,3481,6377510.4
2022-12-26,CIT,1865,1889,1850,1889,11367,21280969.8
2022-12-27,CIT,1890,2000,1890,1965,28623,55602520.6
2022-12-28,CIT,1965,1985,1926,1959,12340,24229538.5
2022-12-29,CIT,1942.1,1990,1930,1972,11115,21835331.9
2023-01-01,CIT,2000,2011,1961.2,1980,17645,35103597.3
2023-01-02,CIT,1975,2008,1960,1990,11812,23554816.6
2023-01-03,CIT,1999,2010,1975,2000,12073,24108765.6
2023-01-04,CIT,2040,2177,2000,2150,30447,63044376.4
2023-01-05,CIT,2193,2258.9,2181,2250.1,33164,73825393.6
2023-01-08,CIT,2253,2269,2200,2229,23611,52939472.39
2023-01-09,CIT,2235,2264,2222,2225.1,15194,34069323.1
2023-01-10,CIT,2260,2265,2145,2179.9,26441,59020215.4
2023-01-12,CIT,2223.4,2250,2125,2125,19249,41523617.6
2023-01-17,CIT,2160,2167.5,2099,2142,15158,32386609.2
2023-01-18,CIT,2143,2190,2142,2150,8059,17482503.3
2023-01-19,CIT,2136,2155,2125.2,2130,6322,13511900.8
2023-01-23,CIT,2130,2155,2121,2132,12123,25874018.5
2023-01-24,CIT,2130,2140,2070,2110,17988,37863840.4
2023-01-25,CIT,2150,2150,2110,2123.1,4322,9204142.5
2023-01-26,CIT,2159,2159,2130,2137,6909,14787598.9
2023-01-29,CIT,2102,2150,2095,2102,7485,15918707
2023-01-30,CIT,2144,2144,2060.1,2061,9307,19396723.9
2023-01-31,CIT,2070,2079,2000.1,2018,14801,29988838.9
2023-02-01,CIT,2030,2030,2000,2008,5703,11461662.7
2023-02-02,CIT,2018,2045,1995,2000,8537,17121051.9
2023-02-05,CIT,2005,2010,1988,1992,8946,17855247.1
2023-02-06,CIT,1982,2008,1982,2004.5,6113,12233769
2023-02-07,CIT,2007,2100,2007,2100,11711,24239100.6
2023-02-08,CIT,2115,2157.9,2100,2107.9,13280,28169618.7
2023-02-09,CIT,2099,2140,2095.1,2125,7851,16565604.3
2023-02-12,CIT,2167,2167,2075,2077.1,13250,27699196.7
2023-02-14,CIT,2050,2085,2050,2062,6212,12818300
2023-02-15,CIT,2060,2080,2030,2040,6520,13356971.3
2023-02-16,CIT,2035,2056.9,2014,2015,5616,11399924.1
2023-02-20,CIT,2055,2055,1985,2000,9208,18430822.1
2023-02-22,CIT,2009,2035,2003,2028,8095,16337787
2023-02-23,CIT,1992,2030,1992,2010,10830,21779272.9
2023-02-26,CIT,1991,2035,1956,2035,10228,20410218.1
2023-02-27,CIT,2010,2050.2,1999,2025,8216,16586699.6
2023-02-28,CIT,2058,2058,2005,2033.2,4971,10128295.7
2023-03-01,CIT,2048.9,2050,2028.3,2041,7680,15656785.9
2023-03-02,CIT,2040,2040,2010,2017,7833,15800821.9
2023-03-05,CIT,2020,2036.9,1980.1,1982,9039,18021062
2023-03-07,CIT,2001,2010,1981.1,1998.9,7968,15948428.9
2023-03-09,CIT,2002,2039,2002,2035,10513,21280542.3
2023-03-12,CIT,2041.1,2055,2006.2,2019,9107,18466051.7
2023-03-13,CIT,2008,2039,1978.8,2015,6074,12162703.9
2023-03-14,CIT,2011,2034,2000,2034,4046,8170954.5
2023-03-15,CIT,2006,2034,1999,2011,6643,13312075
2023-03-16,CIT,1998,2024,1996,2015,7686,15442938.7
2023-03-19,CIT,2015,2035,2005,2026,4737,9581095.1
2023-03-20,CIT,2026.1,2070,2026.1,2065,10203,20960758.7
2023-03-22,CIT,2090,2099,2065,2078,9805,20420200.5
2023-03-23,CIT,2074,2074,2036.7,2048,7904,16227689.8
2023-03-26,CIT,2048,2049,2011,2029,8183,16547518.3
2023-03-27,CIT,2000,2035.5,2000,2028,10015,20184136.9
2023-03-28,CIT,2040,2075,2022,2057,8734,17963625.5
2023-03-29,CIT,2074,2077.9,2035,2070,5995,12399938.4
2023-03-30,CIT,2076.2,2085,2055.2,2058.3,4532,9383592.7
2023-04-02,CIT,2095,2095,2029,2029,5387,11033602.2
2023-04-03,CIT,2030,2030,2010,2015,5572,11244134.2
2023-04-04,CIT,2015,2045,2010,2012,5439,10970715.4
2023-04-05,CIT,2012,2035,2004.3,2028,2729,5512499.1
2023-04-06,CIT,2035,2042.7,2015,2020,5181,10503817.5
2023-04-09,CIT,2011,2011,1997,2007,8766,17548575.2
2023-04-10,CIT,2015,2025,1998,2006,5364,10755287.1
2023-04-11,CIT,2010,2029,2010,2021,4842,9775168.6
2023-04-12,CIT,2035,2091,2035,2086.1,9820,20364296.4
2023-04-13,CIT,2127.8,2127.8,2065,2089.9,9352,19440925.3
2023-04-16,CIT,2089.9,2089.9,2059,2065,3655,7576775.5
2023-04-17,CIT,2060,2065,2040,2042,2262,4641646.1
2023-04-18,CIT,2071,2071,1988,2015,8984,18034022.6
2023-04-19,CIT,2022.1,2040,2022.1,2035,2318,4703960.7
2023-04-20,CIT,2050,2050,2010,2020,2882,5825634
2023-04-23,CIT,2045,2045,2007,2011,2819,5669708.7
2023-04-24,CIT,2007.7,2025,2004.1,2006.6,2722,5470844.3
2023-04-25,CIT,2009,2045,2008,2037,6261,12683084.4
2023-04-26,CIT,2022,2054,2000.1,2005,5374,10865141.1
2023-04-27,CIT,2001,2025.1,2001,2015,2510,5057587.6
2023-04-30,CIT,2005,2020,2000,2005,5892,11826741.2
2023-05-02,CIT,2033,2033,2002,2005.1,5278,10607461
2023-05-03,CIT,2000.2,2023,2000.2,2023,3509,7053074.4
2023-05-04,CIT,2005,2035,2005,2028,4392,8867494.8
2023-05-07,CIT,2024.2,2028,2010,2010,4557,9193631
2023-05-08,CIT,2000.1,2014,2000.1,2005,3797,7616066.7
2023-05-09,CIT,2005,2018,2002,2016,6229,12523719.1
2023-05-10,CIT,2038,2038,2007,2012,3689,7423109.5
2023-05-11,CIT,2012,2023,2010.5,2011,2734,5509475
2023-05-14,CIT,2051.2,2125,2039,2090,25738,53575781.6
2023-05-15,CIT,2090,2100,2050.2,2080,11714,24358898.9
2023-05-16,CIT,2097,2097,2050,2082,6077,12621736.9
2023-05-17,CIT,2095,2096,2086,2095,10089,21111473.6
2023-05-18,CIT,2093,2134.7,2086,2132,16322,34521063.2
2023-05-21,CIT,2140,2170,2135,2147,17220,37092007.6
2023-05-22,CIT,2165,2170,2125,2146,13610,29148224.8
2023-05-23,CIT,2163,2213,2120,2212,20358,44422177.7
2023-05-24,CIT,2212,2239,2181,2224,13979,31057491.9
2023-05-28,CIT,2230,2245,2200,2200,34097,76091544.8
2023-05-30,CIT,2200,2200,2156.3,2162,25188,54672811.3
2023-05-31,CIT,2150,2159,2100,2111,18547,39410543.4
2023-06-01,CIT,2120,2160,2095,2138,13628,29011917
2023-06-04,CIT,2180.7,2199,2151.1,2161,13068,28436751.8
2023-06-05,CIT,2166,2189.9,2162,2162.1,10734,23339475.4
2023-06-06,CIT,2146.1,2184,2146.1,2184,5439,11848795.7
2023-06-07,CIT,2199,2250,2195,2230,30904,69038096.1
2023-06-08,CIT,2274.6,2289,2209.2,2269.5,28649,64792168
2023-06-11,CIT,2314,2460,2294,2458,48068,114724518.6
2023-06-12,CIT,2470,2497,2416.1,2441.1,29174,71531374.6
2023-06-13,CIT,2393,2477.5,2393,2450,22312,54666614.6
2023-06-14,CIT,2421,2490,2421,2455,34944,85973922.9
2023-06-15,CIT,2438,2470,2432,2445,21269,52042500.2
2023-06-18,CIT,2455,2510,2451,2505,46589,116247790.2
2023-06-19,CIT,2530,2682,2496,2598,47259,120533053
2023-06-20,CIT,2620,2680,2595,2610,43178,114001717.3
2023-06-21,CIT,2602.1,2634,2571,2574.1,39299,102115214.1
2023-06-22,CIT,2625.5,2668,2552.3,2565,48319,125461082.5
2023-06-25,CIT,2615,2670,2570,2651,56663,148620668.8
2023-06-26,CIT,2700,2704,2635,2669,47009,125340154.5
2023-06-27,CIT,2670,2675,2646,2648.9,34747,92333202.7
2023-06-28,CIT,2648.9,2674,2596,2605,49309,129533482.2
2023-07-02,CIT,2657,2700,2609,2613,48859,128360770.5
2023-07-03,CIT,2635,2635,2600,2613,77711,203325554.9
2023-07-04,CIT,2132,2220,2109,2139,56836,121700830.2
2023-07-05,CIT,2181.7,2181.7,2090,2095,25120,53006854.6
2023-07-06,CIT,2090,2090,2030,2066,23386,48286437.2
2023-07-09,CIT,2085,2108,2080,2103,17981,37682711.5
2023-07-10,CIT,2110,2148,2110,2132,21480,45864245.7
2023-07-11,CIT,2132,2150,2110,2120.5,11099,23649271.1
2023-07-12,CIT,2125,2130,2100,2113,16470,34878121.1
2023-07-13,CIT,2147,2147,2085,2093,15377,32417506.5
2023-07-16,CIT,2096.2,2115,2088,2089,10436,21906582.5
2023-07-17,CIT,2085,2121.9,2080,2118,11591,24465746.4
2023-07-18,CIT,2150,2150,2125,2132,13395,28620787.7
2023-07-19,CIT,2149,2149,2120,2130,7121,15162495
2023-07-20,CIT,2130,2130,2115,2118.1,13474,28566137
2023-07-23,CIT,2123,2174.9,2120,2174.9,27993,60085380.4
2023-07-24,CIT,2185.1,2185.1,2150,2165,15250,33057217.2
2023-07-25,CIT,2150,2159,2135.4,2136,7232,15489371.6
2023-07-26,CIT,2149.9,2149.9,2120,2122,8851,18851815.7
2023-07-27,CIT,2135,2135,2088,2091,15248,32092464.5
2023-07-30,CIT,2094,2101,2068.5,2071,13633,28369400.2
2023-07-31,CIT,2072,2100,2070,2075,12620,26231914.6
2023-08-01,CIT,2079.1,2087,2045,2051,12516,25854866.5
2023-08-02,CIT,2042,2060,2035.1,2051,6790,13890487.3
2023-08-03,CIT,2068,2072,2051,2053,8602,17728467.4
2023-08-06,CIT,2056,2078.9,2009,2032,13266,26978396.7
2023-08-07,CIT,2035,2060,2030,2035,6356,13012968.4
2023-08-08,CIT,2055.1,2059.2,2011,2020,8018,16307894.5
2023-08-09,CIT,2025,2035,2000,2034,12111,24477007.4
2023-08-10,CIT,2035,2063.9,2035,2055,8448,17341269.8
2023-08-13,CIT,2060,2085,2060,2074,9423,19561598
2023-08-14,CIT,2084,2099,2077,2077,5485,11441486.3
2023-08-15,CIT,2080,2080,2044,2044,6862,14092317.9
2023-08-16,CIT,2040,2050,2010,2050,5894,12033728.4
2023-08-17,CIT,2055,2080,2050,2054,3126,6443634.2
2023-08-20,CIT,2055,2064.9,2010,2042,8870,18027327.9
2023-08-21,CIT,2031,2055,2013,2024,10429,21182193.4
2023-08-22,CIT,2035,2040,2019,2030,4310,8732698.5
2023-08-23,CIT,2060,2060,2035,2055,3891,7978103.3
2023-08-24,CIT,2060,2069,2045,2050,4226,8693572.9
2023-08-27,CIT,2034,2045,2030,2044,4031,8207953.5
2023-08-28,CIT,2050,2050,2037,2050,4503,9205471.2
2023-08-29,CIT,2050,2050,2035.1,2045,4186,8536494.9
2023-08-30,CIT,2046,2050,2031.2,2050,3919,8010027.8
2023-09-03,CIT,2049,2049,2026,2029.9,6779,13775545.7
2023-09-04,CIT,2039,2040,2026,2027,4172,8466435.1
2023-09-05,CIT,2027,2039,2020,2025,2831,5727362.6
2023-09-07,CIT,2019,2020,2002,2003,5592,11234403.8
2023-09-10,CIT,2020,2020,2002,2009.9,4606,9249475.5
2023-09-11,CIT,2012,2036,2001,2035,4165,8423277.5
2023-09-12,CIT,2035,2043,2011.1,2011.1,4471,9060910.7
2023-09-13,CIT,2012,2035,2010,2029,4625,9373168.1
2023-09-17,CIT,2025,2063.4,2010.1,2010.1,6971,14097925.8
2023-09-18,CIT,2010,2010,1995.3,2000,8321,16651124.7
2023-09-19,CIT,2036,2036,1998,2020,5300,10623546
2023-09-21,CIT,2060,2099,2030,2047,6543,13431254.8
2023-09-24,CIT,2010,2050,2010,2010,8093,16400372.3
2023-09-25,CIT,2000,2017,1996,2003,6986,14003155.5
2023-09-26,CIT,2003,2010,1975,2010,25992,52034567
2023-09-27,CIT,2010,2016.8,1996,1998,28136,56299238.9
2023-10-01,CIT,1997.1,2000,1980,1984,9053,17987544.6
2023-10-02,CIT,1980,1987,1975.1,1978,7732,15303895
2023-10-03,CIT,1975,1983,1958,1960,11014,21677517.3
2023-10-04,CIT,1988,1988,1960,1964.4,4550,8959453.5
2023-10-05,CIT,1965,1975,1950,1954.1,11514,22526152.6
2023-10-08,CIT,1954,1955,1900,1900.8,21299,40800226.4
2023-10-09,CIT,1900,1925,1880,1895,11720,22249167.3
2023-10-10,CIT,1916,1916,1879.3,1885,12176,22976812.2
2023-10-11,CIT,1890,1900,1885.4,1890.1,4674,8844636
2023-10-12,CIT,1895,1895,1872,1872,10882,20425449.5
2023-10-16,CIT,1890,1890,1850,1852.3,11380,21162956.7
2023-10-17,CIT,1869,1925,1864,1865,5290,9899679.6
2023-10-18,CIT,1865,1915,1865,1905,6103,11533086.8
2023-10-19,CIT,1915,1924,1900,1920,4030,7715989.9
2023-10-29,CIT,1925,1925,1888,1894,5759,10900418.7
2023-10-30,CIT,1893,1894,1870,1891.1,5420,10220408.2
2023-10-31,CIT,1873,1890,1870,1879,3714,6991767.2
2023-11-01,CIT,1885,1889,1881,1885.1,3255,6137972.6
2023-11-02,CIT,1885,1892,1880,1883.9,5431,10230356.9
2023-11-05,CIT,1870,1883,1860,1864.1,6336,11835859.3
2023-11-06,CIT,1893,1893,1875,1887.9,3835,7213841.8
2023-11-07,CIT,1910,1919.7,1887,1908,4576,8728676.4
2023-11-08,CIT,1903,1912,1902,1907,2862,5459388.9
2023-11-09,CIT,1907,1918,1902,1910.9,4367,8330996.4
2023-11-20,CIT,1915,1949.1,1903.1,1905,4563,8761314.6
2023-11-21,CIT,1929.9,1929.9,1893.4,1902,4444,8455040.7
2023-11-22,CIT,1894,1930,1893.5,1920,11890,22716725.5
2023-11-23,CIT,1920,1945.8,1910,1933,3599,6937096.4
2023-11-26,CIT,1940,1977,1935,1974,11361,22295041.4
2023-11-27,CIT,1990,2004,1980,1989,7889,15723615.4
2023-11-28,CIT,2000,2000,1975.5,1980,4574,9074596.6
2023-11-29,CIT,1999,1999,1966,1979.8,4308,8533614.2
2023-11-30,CIT,1979,1979,1952,1965,5563,10944094.9
2023-12-03,CIT,1953,1962.8,1949.2,1959,6024,11767211.9
2023-12-04,CIT,1965,1965,1956,1957,7945,15570653.8
2023-12-05,CIT,1950,1957,1880,1954,9819,19141311.8
2023-12-06,CIT,1960,1960,1947,1950,3147,6136933.8
2023-12-07,CIT,1950.1,1959,1945,1959,6891,13452304.8
2023-12-10,CIT,1998.1,2055,1998.1,2055,2140,4355617
2023-12-11,CIT,2089,2100,2010.1,2010.1,20640,42326019.6
2023-12-12,CIT,2050.3,2050.3,2009.3,2025,12468,25369513.3
2023-12-13,CIT,2065,2100,2025,2026,12897,26521008.4
2023-12-14,CIT,2026,2048,2010,2030,8554,17374045.7
2023-12-17,CIT,2025,2055,2000.1,2042,8576,17459221
2023-12-18,CIT,2061,2112,2055,2100,25938,54105596.5
2023-12-19,CIT,2100,2170,2100,2150,39707,84749058.4
2023-12-20,CIT,2165,2330,2165,2300,55864,126055504.6
2023-12-21,CIT,2335.8,2346,2240,2268,45507,103080062.1
2023-12-24,CIT,2260,2300,2210,2211,45177,101872153.3
2023-12-27,CIT,2250,2255,2160,2178,39610,86753712
2023-12-28,CIT,2200,2210,2160,2190,17084,37390815.9
2024-01-01,CIT,2190,2230,2190,2193,21329,47019343.7
2024-01-02,CIT,2190,2200,2140,2165,27285,59286719
2024-01-03,CIT,2170,2195,2155,2169,11188,24300967.6
2024-01-04,CIT,2198,2217,2166,2185,25233,55361465.4
2024-01-07,CIT,2185,2188.9,2151,2156,16892,36634246.9
2024-01-08,CIT,2179,2181,2156.2,2175,15484,33615746.4
2024-01-09,CIT,2185,2238.9,2185,2198,27426,60730638.3
2024-01-10,CIT,2231,2235,2192,2200,15701,34692768.7
2024-01-11,CIT,2193,2229,2187.5,2200,13442,29611159.3
2024-01-14,CIT,2207,2220,2190,2215,10370,22848221.8
2024-01-16,CIT,2220,2240,2200,2232,22170,49431690.2
2024-01-17,CIT,2265,2275,2200,2215,23675,52746064.5
2024-01-18,CIT,2259.3,2259.3,2186.1,2195,18421,40567993.6
2024-01-21,CIT,2200,2200,2169,2170.1,17545,38249798.3
2024-01-22,CIT,2196.8,2196.8,2118.1,2125,19617,42019858.8
2024-01-23,CIT,2140,2145,2090,2093,18687,39465443.3
2024-01-24,CIT,2090,2131,2078,2078.1,12926,27073574.7
2024-01-25,CIT,2097,2112,2075,2080,12259,25558238.4
2024-01-28,CIT,2121.6,2121.6,2080,2090,10785,22616838.5
2024-01-29,CIT,2090,2110,2080,2100,8121,17061390
2024-01-30,CIT,2120,2131,2101,2120,12952,27504281.4
2024-01-31,CIT,2129,2129.5,2098,2101,9852,20754734.4
2024-02-01,CIT,2090,2114,2085,2087,8512,17814045
2024-02-04,CIT,2082.6,2098.6,2080,2090,8353,17447675.8
2024-02-05,CIT,2100,2104,2085,2097,8812,18430823.3
2024-02-06,CIT,2115,2120,2095.2,2100.1,7557,15884336.3
2024-02-07,CIT,2130,2130,2100,2110,7280,15331493.8
2024-02-08,CIT,2110,2115,2100,2110,5445,11474625.7
2024-02-11,CIT,2130,2144,2120,2120.1,8490,18063586.2
2024-02-12,CIT,2123,2160,2120,2150,10645,22813235.4
2024-02-13,CIT,2150,2150.1,2110,2125,12735,27126147.1
2024-02-14,CIT,2116,2138,2110,2113,7505,15903853.1
2024-02-15,CIT,2113,2125,2104,2109.9,9515,20114907.6
2024-02-18,CIT,2110,2110.1,2090,2091,14851,31092300.1
2024-02-20,CIT,2100,2100,2092,2094,14491,30361153.2
2024-02-21,CIT,2090,2100,2090,2094,6356,13300011.2
2024-02-22,CIT,2094,2100,2070,2070,27687,57769326.2
2024-02-25,CIT,2085,2089.9,2051,2051,14129,29169547.2
2024-02-26,CIT,2051,2067,2040,2060,6817,14000842.2
2024-02-27,CIT,2060,2069,2040,2055,6481,13284507.7
2024-02-28,CIT,2090,2184,2047,2100,10216,21428078.1
2024-02-29,CIT,2115,2125,2075,2076,7778,16254923.2
2024-03-03,CIT,2070,2075,2046.5,2052,11783,24234084.5
2024-03-04,CIT,2093,2181,2093,2181,245,527805
2024-03-05,CIT,2181,2181,2090,2099.9,13291,28182259.8
2024-03-06,CIT,2100,2119.5,2080,2109,8136,17102220.3
2024-03-07,CIT,2115,2125,2101,2101,5202,11009559.9
2024-03-10,CIT,2120,2140,2108.4,2127,10075,21377591.6
2024-03-12,CIT,2169.5,2169.5,2134,2163,14215,30545207
2024-03-13,CIT,2163,2180,2131,2172.5,10458,22665969.3
2024-03-14,CIT,2177,2177,2140,2152,8838,19038467.2
2024-03-17,CIT,2155,2160,2132,2134.5,8001,17189656.5
2024-03-18,CIT,2121.2,2150,2121,2125,5653,12040554.9
2024-03-19,CIT,2120,2150,2120,2122,4123,8772838.8
2024-03-20,CIT,2130,2137,2110,2118,6091,12922087.4
2024-03-21,CIT,2120,2129,2112,2114,7987,16908068.4
2024-03-25,CIT,2139.9,2139.9,2103,2104,6007,12678126.1
2024-03-26,CIT,2105,2115,2100.1,2115,9551,20140901.9
2024-03-27,CIT,2145,2145,2105,2105,5766,12170101.8
2024-03-28,CIT,2110,2145,2108,2129,11608,24692871.7
2024-03-31,CIT,2130,2135,2103,2105.5,9277,19566486.5
2024-04-01,CIT,2130,2130,2090.2,2099,11466,24065056
2024-04-02,CIT,2100,2110,2095.1,2098.4,4524,9499587.4
2024-04-03,CIT,2100,2118,2096,2099,8576,18042369.7
2024-04-04,CIT,2099,2115,2091.1,2101.1,6720,14111564.3
2024-04-07,CIT,2101.3,2111,2101.2,2108,5940,12516123.4
2024-04-09,CIT,2113,2127,2113,2115,7558,16001764.7
2024-04-10,CIT,2116,2121,2105,2105,7471,15751083
2024-04-14,CIT,2115,2125,2107,2108,5692,12025428.9
2024-04-15,CIT,2110,2115,2100.2,2110.9,5976,12613638.2
2024-04-16,CIT,2110,2110,2100,2101,7554,15874558.9
2024-04-18,CIT,2100,2100,2090,2090,6590,13780797.1
2024-04-21,CIT,2090,2099,2080,2098,4622,9659176.1
2024-04-22,CIT,2080,2113,2080,2101,4081,8590141.7
2024-04-24,CIT,2110,2110,2092.2,2092.2,4853,10199206.5
2024-04-25,CIT,2093,2100,2080,2095,7362,15379358.8
2024-04-28,CIT,2100,2110,2081,2103,7701,16199191.2
2024-04-29,CIT,2132,2134.9,2100,2105,6127,12888431.6
2024-04-30,CIT,2120,2120,2093,2108,5771,12149314.4
2024-05-02,CIT,2120,2129,2100.4,2105,9146,19320673.2
2024-05-05,CIT,2063,2100,2063,2086,9790,20473522.3
2024-05-06,CIT,2082,2096,2077.1,2082,8920,18569541.1
2024-05-07,CIT,2082,2087,2070,2074,9477,19670281.8
2024-05-08,CIT,2080,2095.5,2066,2070,5210,10808488.5
2024-05-09,CIT,2061,2085,2060,2072.9,5240,10869161.1
2024-05-12,CIT,2081,2099.9,2071,2074,6528,13542753.9
2024-05-13,CIT,2080,2110,2079.5,2098,7108,14872959.2
2024-05-14,CIT,2099,2124,2099,2112,12370,26075622
2024-05-15,CIT,2112,2135,2110.1,2110.1,10386,22012793.8
2024-05-16,CIT,2123,2123,2089,2110,9057,19127022.9
2024-05-19,CIT,2149,2149,2105,2123,11507,24424826.1
2024-05-20,CIT,2102.5,2170,2102.5,2166,23237,50094878.8
2024-05-21,CIT,2170,2189,2150,2160,10292,22276829.9
2024-05-22,CIT,2160.2,2183,2160,2168.2,12175,26404020.9
2024-05-26,CIT,2172,2173,2130,2145,10659,22897143.8
2024-05-27,CIT,2140,2160,2125,2160,7897,16985536.3
2024-05-29,CIT,2175,2175,2136,2136.1,11791,25402766.1
2024-05-30,CIT,2131.4,2148,2110,2120,11644,24729165.2
2024-06-02,CIT,2140,2140,2104,2109,10022,21166842.6
2024-06-03,CIT,2120,2135,2110,2110.2,7449,15779008.5
2024-06-04,CIT,2152.4,2152.4,2110,2118,8194,17350728.3
2024-06-05,CIT,2113.1,2126,2100,2110,9509,20062231.8
2024-06-06,CIT,2130,2138,2108,2115,9243,19550736.9
2024-06-09,CIT,2115,2135,2115,2128.2,10430,22189164.2
2024-06-10,CIT,2130,2141,2123,2137.8,13845,29544597.6
2024-06-11,CIT,2145,2160,2140,2155,22461,48244564.4
2024-06-12,CIT,2155,2169.5,2150.2,2159,7709,16626890.2
2024-06-13,CIT,2159,2159,2146.5,2151,9493,20431083.5
2024-06-16,CIT,2190,2190,2107,2125,33666,71715817.9
2024-06-18,CIT,2125,2129,2103,2116,11455,24237944.1
2024-06-19,CIT,2120,2120,2111,2119,7697,16292695.2
2024-06-20,CIT,2120,2125,2111.2,2112.2,10292,21756425.6
2024-06-23,CIT,2110,2112,2094,2097,13796,28988025.4
2024-06-24,CIT,2130,2130,2085,2095,24903,52300558.7
2024-06-25,CIT,2120,2120,2093,2099.9,8887,18640461
2024-06-26,CIT,2092.2,2100,2091,2096,9229,19340737.1
2024-06-27,CIT,2099.8,2100,2085,2085,10472,21913915.8
2024-06-30,CIT,2081.1,2100,2070,2079,10939,22784499.5
2024-07-01,CIT,2077,2078.9,2058,2058.1,15859,32780592.8
2024-07-02,CIT,2099.2,2200,2080,2115.1,15959,33847079.8
2024-07-03,CIT,2120,2139,2112,2136,36308,77276596.7
2024-07-04,CIT,1910,1930,1887,1920,36049,69014773.4
2024-07-07,CIT,1950,1950,1915.6,1917,15773,30289895.3
2024-07-08,CIT,1905,1915,1895,1898,12384,23536791.2
2024-07-09,CIT,1899,1909,1895,1902,9065,17220863.4
2024-07-10,CIT,1915,1915,1899,1905,15474,29454665.7
2024-07-11,CIT,1918,1918,1900,1910,19387,36961207.3
2024-07-14,CIT,1948.2,2026,1921,1921,31449,61610537.7
2024-07-15,CIT,1958,1997,1941,1945,17992,35270824.4
2024-07-16,CIT,1950,1982,1942,1974,14444,28422791.4
2024-07-17,CIT,2000,2000,1977,1998,21307,42482960.6
2024-07-18,CIT,2009,2040,2005,2022,30764,62389678
2024-07-21,CIT,2040,2108,1985,2105,33828,70227397.9
2024-07-22,CIT,2122,2147.1,2080,2100,34192,72350346.8
2024-07-23,CIT,2100,2181,2100,2164,26453,57111007.1
2024-07-24,CIT,2207.2,2207.2,2115,2129,27621,59661107
2024-07-25,CIT,2130,2147,2107.1,2118,27729,58959747.5
2024-07-28,CIT,2160.3,2285,2136,2190,28659,62496287.8
2024-07-29,CIT,2200,2218.9,2162,2164,33440,73212745.8
2024-07-30,CIT,2170,2200,2140,2190,39924,86643087.1
2024-07-31,CIT,2210,2400,2210,2374,128312,298062840.5
2024-08-01,CIT,2400,2498,2357,2379,91189,219475641.6
2024-08-05,CIT,2379,2473,2379,2420.1,73318,176898447.2
2024-08-06,CIT,2425.1,2487,2323,2340,89285,215527364.5
2024-08-07,CIT,2303,2386,2301,2381,47187,111675096.2
2024-08-08,CIT,2425,2428,2355,2371,37314,88859389.5
2024-08-11,CIT,2323.6,2400,2323.6,2390,63183,150084914.4
2024-08-12,CIT,2410,2430,2390,2402,49859,120188246
2024-08-13,CIT,2449,2449,2360,2384.9,37176,88832583.8
2024-08-14,CIT,2432.5,2432.5,2365.1,2393,46614,111288944.2
2024-08-15,CIT,2440.8,2573.4,2370,2507,114052,279414563.6
2024-08-18,CIT,2550,2690,2525,2627,148346,388704056.8
2024-08-21,CIT,2605,2700,2597,2629,96714,256237154.7
2024-08-22,CIT,2635,2645,2586.2,2597,39219,102105326.3
2024-08-25,CIT,2600,2604,2500,2500,91250,231266206.7
2024-08-27,CIT,2500,2530,2411,2414.9,70906,173931976.1
2024-08-28,CIT,2450,2463,2379.5,2391.1,44974,108848430.5
2024-08-29,CIT,2400,2430,2370,2385.1,40796,97286207.3
2024-09-01,CIT,2385.1,2432,2370,2379,35276,84225334.2
2024-09-02,CIT,2420,2473,2355,2465,42141,102003989.8
2024-09-03,CIT,2470,2500,2439,2465,26946,66714947.4
2024-09-04,CIT,2490.1,2490.1,2390,2390,28562,68797344
2024-09-05,CIT,2392.7,2392.7,2336.5,2369.9,46281,109212445.5
2024-09-08,CIT,2390,2414,2335.5,2339,18187,43001183.6
2024-09-09,CIT,2335,2343,2300,2300.1,31535,72955622.5
2024-09-10,CIT,2300,2337,2285,2298.5,23518,54165557.5
2024-09-11,CIT,2300,2301,2248,2249,19339,43878014.3
2024-09-12,CIT,2250,2280,2225.1,2280,18595,42029716.3
2024-09-15,CIT,2310,2344,2248,2248,24102,55307384.6
2024-09-16,CIT,2250,2258,2208.2,2219.9,18153,40366126.1
2024-09-18,CIT,2219,2229.9,2180,2205,14696,32364432.7
2024-09-22,CIT,2249.1,2293,2198,2208,13223,29361013
2024-09-23,CIT,2252.1,2252.1,2157,2165,13502,29476051.3
2024-09-24,CIT,2165,2191.9,2105,2112,20482,43698265.7
2024-09-25,CIT,2110,2150,2099.5,2135,17074,36379562.5
2024-09-26,CIT,2160,2165,2116,2116,15623,33475161.2
2024-09-29,CIT,2073.7,2130,2068,2094,15184,31738272.7
2024-09-30,CIT,2100,2126,2052.9,2102,16233,33973146.4
2024-10-01,CIT,2139,2199.9,2096.3,2191,30640,66433628.5
2024-10-02,CIT,2220,2220,2156.1,2170,25659,56034653.4
2024-10-06,CIT,2170,2200,2155,2199,15162,33113697
2024-10-07,CIT,2200,2254,2200,2245,14749,33043040.2
2024-10-08,CIT,2250,2286,2230,2236.9,10338,23143401.6
2024-10-09,CIT,2230,2236,2200,2226,12136,27006132.6
2024-10-15,CIT,2228,2248,2228,2247,5516,12355621.9
2024-10-16,CIT,2250,2285.9,2249,2265.1,12536,28397296.4
2024-10-17,CIT,2295,2299,2260,2268,13307,30287987.3
2024-10-20,CIT,2235,2250,2200,2234,14899,33333566.9
2024-10-21,CIT,2250,2250,2180,2190,16965,37350144.4
2024-10-22,CIT,2175,2200,2175,2195,9291,20376239.6
2024-10-23,CIT,2190,2210,2190,2195,9446,20765944.5
2024-10-24,CIT,2195,2218,2179.2,2180,9355,20442339.6
2024-10-27,CIT,2199,2199,2165.2,2170,9518,20669086.8
2024-10-28,CIT,2165,2200,2160,2179,9507,20654389.2
2024-10-29,CIT,2200,2214,2180,2197,10505,23052358.9
2024-10-30,CIT,2200,2200.1,2180,2184,8102,17722380.8
2024-11-05,CIT,2227,2227,2186.1,2190,7454,16340843.4
2024-11-06,CIT,2195,2195,2175,2178,7309,15941943
2024-11-10,CIT,2190,2225,2175,2225,14728,32555246.3
2024-11-11,CIT,2225,2269,2219,2236,13979,31362968.3
2024-11-12,CIT,2250,2250,2201,2207.5,8453,18805892.8
2024-11-13,CIT,2220,2250,2200,2209.3,17562,39043893.9
2024-11-14,CIT,2249,2249,2205,2207,10926,24160303.2
2024-11-17,CIT,2231,2235,2208.2,2210.1,17829,39490301.3
2024-11-19,CIT,2243,2244,2180.2,2182.6,21714,47640546.6
2024-11-20,CIT,2180,2197.9,2172,2185,6295,13750148.9
2024-11-21,CIT,2185,2195,2165,2170,14115,30704974.6
2024-11-24,CIT,2172,2188,2152,2160,6989,15131502
2024-11-25,CIT,2165,2189,2160,2170,7527,16327614.4
2024-11-26,CIT,2213.4,2213.4,2165,2188,11148,24374385.4
2024-11-27,CIT,2220,2220,2180,2186,12502,27397674.1
2024-11-28,CIT,2210,2219,2185,2189.9,14133,30979148.1
2024-12-01,CIT,2233.6,2233.6,2161,2182,10979,23916678.9
2024-12-02,CIT,2182.1,2259,2176,2220,28645,63416127
2024-12-03,CIT,2220,2230,2200,2200,10752,23802892.6
2024-12-04,CIT,2235,2235,2195,2202.1,8380,18496507.73
2024-12-05,CIT,2200,2206,2125,2199,13699,29882189.1
2024-12-08,CIT,2199,2200,2150,2180,18206,39544061.1
2024-12-09,CIT,2160,2205,2160,2189.9,11337,24649491.9
2024-12-10,CIT,2184.8,2184.8,2172.5,2172.5,4904,10670720.2
2024-12-11,CIT,2179,2193,2170,2174,6891,15000539.4
2024-12-12,CIT,2174,2195,2160,2180,8849,19250786.6
2024-12-16,CIT,2160,2165,2150,2157,14017,30265595.7
2024-12-17,CIT,2150,2160,2135,2154,5285,11373409.3
2024-12-18,CIT,2154,2180,2145,2148,6988,15063270
2024-12-19,CIT,2148,2154,2115,2120,11882,25337937.6
2024-12-22,CIT,2077.6,2120,2069,2070,26994,56255602.1
2024-12-23,CIT,2080,2080,2050,2065.1,17121,35347376.3
2024-12-24,CIT,2095,2100,2060,2079.8,22686,47192312.8
2024-12-26,CIT,2080,2097,2058,2089.6,6579,13731248.4
2024-12-29,CIT,2088,2093.9,2078.1,2085,10841,22625231.3
2024-12-31,CIT,2054.1,2092,2052,2090,9149,18995194.6
2025-01-01,CIT,2090,2099.9,2069,2099.9,13628,28356309.4
2025-01-02,CIT,2141.8,2141.8,2090,2099.1,11088,23268915.6
2025-01-05,CIT,2105,2115,2099,2110,34369,72377514.7
2025-01-06,CIT,2010,2010,1980,2009.9,19294,38537723.2
2025-01-07,CIT,2019.9,2040,2010,2016.2,8319,16790422.2
2025-01-08,CIT,2056.5,2056.5,1998,2000,15477,31204606.9
2025-01-09,CIT,2019.9,2019.9,1990,1999,10462,20881097.2
2025-01-12,CIT,2038.9,2038.9,1995,2000,4382,8773761.3
2025-01-13,CIT,1995,2003,1993.1,2000,8760,17485870.1
2025-01-15,CIT,2000,2005,1986.1,1986.1,7163,14276735.5
2025-01-16,CIT,1990,1998.9,1979,1982,9266,18375305.1
2025-01-19,CIT,1983,1990,1955,1985,7838,15442053.5
2025-01-20,CIT,1999,1999,1981,1984.1,4906,9748408.1
2025-01-21,CIT,1998,2005,1975,1985,5735,11394742.1
2025-01-22,CIT,1985,2014,1980,2009,16198,32458369.6
2025-01-23,CIT,2010,2012,1993,2000,5197,10395682.7
2025-01-26,CIT,2001,2015,1980,1993,5980,11937042
2025-01-27,CIT,1994,1994,1975,1984,11073,21951331.8
2025-01-28,CIT,1999,1999.9,1975,1980,7834,15514084.8
2025-02-02,CIT,1999,1999,1980,1985,17584,34958059.2
2025-02-03,CIT,2000,2014,1985,1985,19981,39885268.3
2025-02-04,CIT,1995,2000,1980,1984,12018,23851927.3
2025-02-05,CIT,1996,1996,1975,1987,18474,36627160.6
2025-02-06,CIT,1990,1990,1970,1970,14068,27859337.8
2025-02-09,CIT,1970.1,1981,1965,1965,9917,19534023.8
2025-02-10,CIT,1965,1978,1965,1966.1,10850,21346438.8
2025-02-11,CIT,1967.2,1985.1,1962,1967,5457,10730008
2025-02-12,CIT,1969,1977,1960,1963,7516,14758637.4
2025-02-13,CIT,1968,1973.9,1957,1957,10871,21330417.9
2025-02-16,CIT,1961.5,1969,1945.1,1949,14678,28670405.8
2025-02-17,CIT,1975,1975,1952,1967,13186,25890742
2025-02-18,CIT,1980,2007,1979,1997,18275,36483252.4
2025-02-20,CIT,2036.9,2036.9,1982,1990,10769,21432764.5
2025-02-23,CIT,1980,1989.9,1945,1975,10431,20592118.4
2025-02-24,CIT,1985,1990,1965,1970,14211,28068210.4
2025-02-25,CIT,1970.1,1990,1970,1973.3,9271,18351154.7
2025-02-27,CIT,1990,1999.9,1986,1995.9,12619,25127831.9
2025-03-02,CIT,1996,2120,1995,2114.9,44547,92081051
2025-03-03,CIT,2157,2200,2123,2125,27517,59360169.8
2025-03-04,CIT,2129.9,2129.9,2080.3,2088,28037,59023283.4
2025-03-05,CIT,2090,2090.1,2053.1,2059,12646,26222393.9
2025-03-06,CIT,2095.8,2095.8,2055,2060,7878,16274139.2
2025-03-09,CIT,2065,2072,2020,2025,12862,26251125
2025-03-10,CIT,2011.2,2039,2000,2002,12210,24633692.7
2025-03-11,CIT,2009.3,2014,1985,1990,10924,21801819.8
2025-03-12,CIT,1995,2002,1990,1998,11015,21973390.4
2025-03-16,CIT,1998,1998,1970,1976,13309,26397470.3
2025-03-17,CIT,1970,1990,1970,1981,7342,14543983.9
2025-03-18,CIT,2020.6,2020.6,1975,1977,6778,13431757.8
2025-03-19,CIT,1975,1991,1972,1974.5,7147,14122931.6
2025-03-20,CIT,1980,1980,1970,1970.5,8395,16578725.4
2025-03-23,CIT,1970,1970,1950,1952.7,12075,23612179.8
2025-03-24,CIT,1952.7,1961,1935,1960.54,9593,18739557.5
2025-03-25,CIT,1969,1969,1940,1946.43,18731,36459288.9
2025-03-26,CIT,1980,1980,1940,1952.13,9527,18567583.7
2025-03-27,CIT,1974,1975,1950,1960.67,5958,11674737.6
2025-03-30,CIT,1960.67,2000,1960,1987.22,10007,19886419
2025-04-01,CIT,1988,1999,1970,1980.33,5040,9969456.3
2025-04-02,CIT,1994,1994.9,1965,1979.76,3501,6939106.4
2025-04-03,CIT,1985,1989.9,1968,1970.54,7029,13886068.2
2025-04-07,CIT,1970,1990,1940,1954.41,22248,43346361.9
2025-04-08,CIT,1940.5,1954,1939.1,1941.22,14116,27492158.7
2025-04-09,CIT,1980,1980,1940,1950.96,5325,10400084.5
2025-04-10,CIT,1958,1958,1936,1942.1,18055,35103742.7
2025-04-13,CIT,1936,1955,1936,1944.14,6837,13305814
2025-04-15,CIT,1955,1973.9,1946,1961.06,9506,18648539.4
2025-04-16,CIT,1972,1972,1950,1961.51,8319,16333457.7
2025-04-17,CIT,1965,2015,1950,1990.47,28841,57226620
2025-04-20,CIT,2003.7,2013,1970,1980.48,9867,19603272.3
2025-04-21,CIT,1961,1990,1961,1971.85,8776,17364063.8
2025-04-22,CIT,1971.85,1980,1960,1968.65,11234,22088824.7
2025-04-23,CIT,1970,1970.9,1945,1951.1,15043,29323118.6
2025-04-24,CIT,1947,1960,1940,1949.07,13123,25541427.1
2025-04-27,CIT,1955,1978,1940,1950.38,20566,40050113.4
2025-04-28,CIT,1950,1954,1935,1936.92,12800,24837393.7
2025-04-29,CIT,1953.8,1953.8,1920,1923.74,15913,30733394.5
2025-04-30,CIT,1925,1935,1920,1924.72,11714,22522722.8
2025-05-04,CIT,1950,1950,1919,1923.42,17588,33855694.9
2025-05-05,CIT,1935,1935,1920,1928.32,6644,12799006.6
2025-05-06,CIT,1928,1928,1919.1,1921.66,11078,21282293.4
2025-05-07,CIT,1911.1,1930,1911.1,1927.23,16423,31546942
2025-05-08,CIT,1930,1930,1919,1921.63,10400,19986578.4
2025-05-11,CIT,1953,1954,1919,1923.77,8354,16082797.6
2025-05-13,CIT,1930.2,1934,1920,1920.47,9092,17482336.4
2025-05-14,CIT,1920,1929,1915.1,1916.85,8004,15357561.7
2025-05-15,CIT,1929,1929,1913.1,1914.83,10536,20186994.1
2025-05-18,CIT,1912,1925,1900.1,1909.27,16787,32038687.5
2025-05-19,CIT,1909,1927,1905,1906.95,9619,18395302.3
2025-05-20,CIT,1906,1930,1905.1,1923.76,10236,19632598
2025-05-21,CIT,1960,2001,1925,1931.59,9571,18608753.6
2025-05-22,CIT,1930,1940,1930,1930.8,7971,15413373.2
2025-05-25,CIT,1930.8,1949.9,1918,1922.2,6850,13201471.4
2025-05-26,CIT,1960,1960.6,1920,1920.58,7458,14374257.9
2025-05-27,CIT,1910.1,1926,1910.1,1919.32,5571,10690299.1
2025-05-28,CIT,1919,1919,1907,1910.46,13345,25493849
2025-06-02,CIT,1948.6,1987.1,1910,1913.24,15194,29219695.3
2025-06-03,CIT,1916,1920,1905,1908.69,9717,18547269.7
2025-06-04,CIT,1910,1910,1900.1,1905.28,8135,15490298.5
2025-06-05,CIT,1902,1910,1900,1907.26,6870,13087804.6
2025-06-08,CIT,1929.9,1929.9,1905.1,1908.92,6983,13328415.9
2025-06-09,CIT,1910,1910.9,1903,1907.69,7087,13517261.3
2025-06-10,CIT,1910,1921,1905,1907.22,9130,17434987.3
2025-06-11,CIT,1928,1945,1902.2,1903.92,10807,20634212.8
2025-06-12,CIT,1906,1915,1902,1904.52,11190,21342410.4
2025-06-15,CIT,1907,1914,1890,1891.95,19938,37784061.2
2025-06-16,CIT,1895,1903,1885,1891.33,12562,23770722.4
2025-06-17,CIT,1900,1910,1886,1893.47,6814,12896240.1
2025-06-18,CIT,1886,1898,1886,1890.21,10782,20392986.2
2025-06-19,CIT,1891.1,1893,1885,1885.88,15611,29468489.4
2025-06-22,CIT,1877.1,1895,1877.1,1885.41,11025,20783117.5
2025-06-23,CIT,1900,1900,1880,1885.11,6234,11758414.8
2025-06-24,CIT,1896,1896,1877,1878.48,10739,20202354.3
2025-06-25,CIT,1882,1884,1871,1879.07,5216,9798282.7
2025-06-26,CIT,1880,1890,1876,1877.39,6523,12269552.9
2025-06-29,CIT,1877.39,1898,1869,1892.92,9924,18627549
2025-06-30,CIT,1892,1900,1882,1889.82,3586,6774243
2025-07-01,CIT,1900,1900,1889.2,1894.29,10157,19245400.5
2025-07-02,CIT,1932.1,1940,1894,1923.8,15936,30530570
2025-07-03,CIT,1910,1948,1900,1923.18,10966,21048813.1
2025-07-06,CIT,1923,1957,1921,1936.32,21047,40838602.1
2025-07-07,CIT,1925,1933.9,1912,1916.74,9171,17634853.7
2025-07-08,CIT,1915,1927.9,1901,1912.54,7698,14745754.9
2025-07-09,CIT,1912,1949,1912,1925.95,9904,19052638.8
2025-07-10,CIT,1926,1937,1921.9,1925.78,9634,18582503.5
2025-07-13,CIT,1960,1964,1927,1933.22,20869,40438533.7
2025-07-14,CIT,1934,1945.3,1915,1921.51,10793,20789623.2
2025-07-15,CIT,1930,1961,1920,1944.13,9678,18727964.4
2025-07-16,CIT,1944,1990,1935,1975.72,16029,31459321.5
2025-07-17,CIT,1975.72,2015,1975.72,2000.87,29942,59803357.6
2025-07-20,CIT,2019.9,2025,1995,2000.59,29646,59533778.3
2025-07-21,CIT,2019,2019,1980,1992.7,24967,49749296.9
2025-07-22,CIT,1992.7,2032,1992.7,2026.13,45820,92314222.8
2025-07-23,CIT,2040,2081,2030,2050.55,36364,74632826.2
2025-07-24,CIT,2079,2079,2039,2048.82,28057,57514038.5
2025-07-27,CIT,2089.7,2130,2056,2068.45,54435,113373804
2025-07-28,CIT,2068,2070,2020,2041.54,36874,75160880.6
2025-07-29,CIT,2045.1,2111,2045.1,2100.17,95384,199797741.4
2025-07-30,CIT,2142.1,2168,2060,2078.89,52945,111366982
2025-07-31,CIT,2079,2090,2040.1,2046.32,30253,62193161.9
2025-08-03,CIT,2046,2046,2000,2002.26,39035,78754807.1
2025-08-04,CIT,2019.9,2025,1980,1998.64,26213,52252857.7
2025-08-05,CIT,2020,2020,1970,1972.54,19431,38488068.1
2025-08-06,CIT,2010,2010,1960,1960.78,17572,34639337.1
2025-08-07,CIT,1970,1975,1960,1970.79,13914,27391199.6
2025-08-11,CIT,1973,1989,1951.8,1957.72,18858,37069087.2
2025-08-12,CIT,1970,1975,1940,1940.53,11721,22796323.6
2025-08-13,CIT,1943,1955,1935.1,1944.19,11203,21763257.8
2025-08-14,CIT,1945,1949,1936.1,1945.54,9738,18919579.6
2025-08-17,CIT,1955,1956,1931.1,1933.97,11591,22487840
2025-08-18,CIT,1931.1,1939,1925,1934.89,5321,10279708.9
2025-08-19,CIT,1935,1949,1930,1943.8,6602,12827595.1
2025-08-20,CIT,1938.2,1950,1930,1934.97,5132,9945412.4
2025-08-21,CIT,1935,1949.8,1932,1932.99,5105,9882424.9
2025-08-24,CIT,1960,1960,1925.2,1926.18,6312,12197820.7
2025-08-25,CIT,1929,1932.3,1910,1925.5,8901,17127825.7
2025-08-26,CIT,1928,1934.9,1924,1925.71,7557,14564252.9
2025-08-27,CIT,1925,1945,1925,1940.81,9539,18451104.7
2025-08-28,CIT,1932,1940,1925,1925.61,10344,19955098.9
2025-08-31,CIT,1920.2,1943,1915,1919.26,14660,28192676.8
2025-09-01,CIT,1957.6,1957.6,1910.1,1921.31,6352,12166122.6
2025-09-02,CIT,1914,1924.9,1912.2,1914.96,10861,20803166
2025-09-03,CIT,1914.96,1920,1912,1912.51,4190,8017308.5
2025-09-04,CIT,1912.1,1915,1902.5,1905.94,9056,17271909.8
2025-09-07,CIT,1905.94,1909,1900.5,1902.08,8887,16924728.2
2025-09-08,CIT,1906,1906,1890,1895.86,12339,23435209.7
2025-09-18,CIT,1858,1858,1765,1766,4074,7331353
2025-09-21,CIT,1730.8,1897,1730.8,1893.62,19685,36183698.7
2025-09-23,CIT,1901,1924,1901,1917,8577,16445177
2025-09-24,CIT,1910.5,1919,1893,1897,7714,14673538.5
2025-09-25,CIT,1896,1909.9,1889,1905,8381,15895617.3
2025-09-28,CIT,1905,1924,1890,1896.3,5826,11057833.8
2025-10-07,CIT,1896.3,1928,1887,1887.1,6238,11806420.1
2025-10-08,CIT,1887.1,1887.1,1859,1865,11832,22062460.9
2025-10-09,CIT,1902.3,1973,1871,1900,10982,20824356.8
2025-10-12,CIT,1875,1880,1850,1860,12373,23060974.3
2025-10-13,CIT,1897,1897,1847.9,1850,11530,21428417.7
2025-10-14,CIT,1850,1865,1848,1850,8918,16515287.7
2025-10-15,CIT,1850,1857.5,1825,1828,6889,12688618.5
2025-10-16,CIT,1853,1858,1820,1828,11281,20626126.4
2025-10-19,CIT,1828,1875.7,1828,1864,6185,11432147.5
2025-10-26,CIT,1831,1848,1804,1845,4432,8140466.1
2025-10-28,CIT,1818,1877,1818,1860.2,7217,13440279
2025-10-29,CIT,1894,1894,1845,1850,8659,16129311.3
2025-10-30,CIT,1850,1857,1840,1849.5,7668,14174037.8
2025-11-02,CIT,1850.1,1870,1850.1,1865,8229,15340081.8
2025-11-03,CIT,1860,1899,1840,1850,10615,19672841.3
2025-11-04,CIT,1850,1852,1826.1,1838,11038,20308058.5
2025-11-05,CIT,1838,1846,1835,1845,4239,7798248
2025-11-06,CIT,1818.9,1854,1818.9,1849.9,4372,8061161.7
2025-11-09,CIT,1840,1850,1835,1840,3729,6861581.6
2025-11-10,CIT,1840,1840,1830,1833,3111,5708002.7
2025-11-11,CIT,1837.2,1838,1828.1,1829,6868,12585900
2025-11-12,CIT,1829,1840,1820,1822,5935,10834585.3
2025-11-13,CIT,1822,1830,1819,1820,8188,14916793.9
2025-11-16,CIT,1835,1835,1815,1819.9,7238,13155162.1
2025-11-17,CIT,1811,1820,1810,1817,6438,11679426.5
2025-11-18,CIT,1817,1830,1817,1822.3,4820,8796012
2025-11-19,CIT,1820,1835,1820,1823,6308,11490702.7
2025-11-20,CIT,1822,1825,1810,1825,9631,17508107.3
2025-11-23,CIT,1840,1854,1836,1854,10354,19117240.9
2025-11-24,CIT,1862,1875,1855,1869.7,7902,14761294.5
2025-11-25,CIT,1860,1875,1850.3,1865,5883,10961921.4
2025-11-26,CIT,1874,1880,1860,1880,12319,23087386
2025-11-27,CIT,1860,1884,1860,1883.9,22421,42012627.5
2025-11-30,CIT,1884,1899.9,1845,1874,14339,26899824.1
2025-12-01,CIT,1850,1872,1850,1865,5627,10447691.3
2025-12-02,CIT,1865,1867,1857,1862,3556,6615269
2025-12-03,CIT,1855,1880,1840,1860,6938,12826828.4
2025-12-07,CIT,1875,1880,1844,1860.1,12297,23042445.6
2025-12-08,CIT,1866,1875,1858,1860,4047,7545159.2
2025-12-09,CIT,1855,1864,1845,1859.9,2661,4936002.8
2025-12-10,CIT,1857,1870,1840.2,1850,2963,5482993
2025-12-11,CIT,1849.9,1863,1840,1845,4795,8860561.7
2025-12-14,CIT,1878,1878,1835,1838,4239,7802750.5
2025-12-15,CIT,1857,1857,1835,1842,2582,4753342.2
2025-12-16,CIT,1847,1855,1842,1850,4072,7525223
2025-12-17,CIT,1850,1855,1837,1850,6389,11803538.4
2025-12-18,CIT,1835.1,1850,1835,1847.9,5035,9268914.9
2025-12-21,CIT,1855,1855,1836.1,1837,8279,15221138
2025-12-22,CIT,1840,1840,1801.1,1825,11585,21056627.4
2025-12-23,CIT,1830,1830,1780,1807,12749,23016717.4
2025-12-24,CIT,1814,1815,1807,1809.5,8411,15237836.2
2025-12-28,CIT,1831,1831,1797,1826.1,11465,20720854.1
2025-12-29,CIT,1837,1841,1827,1837,5627,10336820.4
2025-12-31,CIT,1838,1858,1838,1844,3462,6389999
2026-01-01,CIT,1845,1848.9,1835,1835,5246,9647448.4
2026-01-04,CIT,1849,1849.5,1832,1840.8,14110,25938771.7
2026-01-05,CIT,1781,1809,1770.5,1770.5,14342,25538864.4
2026-01-06,CIT,1770.5,1780,1769,1770,6494,11509091.5
2026-01-07,CIT,1770,1785,1770,1780,12273,21817646.5
2026-01-08,CIT,1780,1785,1770,1779,3923,6966326.3
2026-01-12,CIT,1775,1780,1770,1774,5719,10154150.4
2026-01-13,CIT,1766,1790,1752,1775,8562,15188486.7
2026-01-14,CIT,1790,1790,1770,1774,3522,6251939.5
2026-01-18,CIT,1780,1785,1765.2,1766.1,11569,20508592.1
2026-01-20,CIT,1800,1800,1769.3,1775,10948,19500579.6
2026-01-21,CIT,1770,1800,1770,1776.9,5599,9951255
2026-01-22,CIT,1777,1785,1770,1775,6255,11096949.8
2026-01-25,CIT,1799.9,1800,1775,1796.9,14842,26540156.5
2026-01-26,CIT,1800,1818.1,1780,1789,16632,29851106
2026-01-27,CIT,1790,1798,1775,1782,13637,24356939.3
2026-01-28,CIT,1797.9,1797.9,1770,1783,10328,18378911.8
2026-01-29,CIT,1783,1783,1771,1773,8369,14855948.1
2026-02-01,CIT,1773,1780,1752,1764.1,5944,10525524.3
2026-02-02,CIT,1759,1780,1759,1765,5866,10352083.5
2026-02-03,CIT,1775,1785,1756,1758,5468,9624877.7
2026-02-04,CIT,1740,1768,1740,1759,8537,15013288.1
2026-02-05,CIT,1760,1762,1750,1758,6960,12223235.9
2026-02-08,CIT,1783,1783,1755,1760,10344,18203345
2026-02-09,CIT,1757,1760,1745.1,1745.1,7907,13844653.9
2026-02-10,CIT,1746,1750,1739,1739.7,9987,17391523.4
2026-02-11,CIT,1750,1755,1745,1752,13510,23608906
2026-02-12,CIT,1755,1760,1755,1756,11388,20008916.6
2026-02-16,CIT,1760,1760,1740,1741,6167,10766153.1
2026-02-17,CIT,1750,1750,1735.1,1735.5,14124,24570854.2
2026-02-22,CIT,1740,1755,1735.1,1741,13081,22816582.7
2026-02-23,CIT,1747.9,1750,1740,1741.5,4859,8474064.4
2026-02-24,CIT,1742,1755,1737,1750.1,8589,15020595.4
2026-02-25,CIT,1750,1755,1748,1755,5638,9882009.9
2026-02-26,CIT,1765,1771.5,1758,1769,6296,11113527.7
2026-03-01,CIT,1760,1798,1745,1789.5,10523,18718353.3
2026-03-03,CIT,1789.6,1805,1778,1803,8293,14896261.5
2026-03-09,CIT,1839,1875.7,1839,1875.7,50,92317
2026-03-10,CIT,1913,1913,1800,1868,31528,59307411.8
2026-03-11,CIT,1869,1888,1817,1833,12067,22276296.4
2026-03-12,CIT,1816,1860,1801,1844,6032,11082881.9
2026-03-15,CIT,1850,1855,1840,1843.9,5249,9685925.1
2026-03-16,CIT,1858,1858,1820,1821,8471,15467970.7
2026-03-17,CIT,1830,1830,1815,1825,5260,9572296.3
2026-03-19,CIT,1850,1850,1822,1840,15716,28870771.7
2026-03-22,CIT,1826,1864,1826,1856.1,22089,40986994.9
2026-03-23,CIT,1860,1873,1846,1873,16261,30298246.2
2026-03-24,CIT,1875.1,1900,1860,1888,21020,39509712.9
2026-03-25,CIT,1895,1900,1862,1870,11117,20791947.5
2026-03-26,CIT,1850,1880,1850,1880,10619,19812258
2026-03-29,CIT,1880,1880,1847.5,1847.5,13265,24590265.8
2026-03-30,CIT,1847,1848,1827,1829,12689,23312607.7
2026-03-31,CIT,1820,1826,1800,1824,11446,20738168
2026-04-01,CIT,1824,1824,1780,1800,17849,32118484.3
2026-04-02,CIT,1780,1807,1750,1796,12383,22116614.9
2026-04-05,CIT,1790,1790,1746,1758,19941,34999593.1
2026-04-06,CIT,1758,1794,1758,1789.8,9604,17059886.6
2026-04-07,CIT,1795,1812,1773,1779.9,5407,9668153.5
2026-04-08,CIT,1815.4,1815.4,1780.2,1795,6869,12299913.9
2026-04-09,CIT,1791,1800,1775,1800,12048,21638866.6
2026-04-10,CIT,1790,1803.9,1783,1793,5200,9341453
2026-04-13,CIT,1785,1802,1785,1796,7086,12727827.6
2026-04-15,CIT,1796,1809,1791,1799,7193,12944858.3
2026-04-16,CIT,1805,1819.9,1786.5,1788.1,4564,8189410.1
2026-04-17,CIT,1790,1791,1781.1,1787,3036,5424469.6
2026-04-20,CIT,1800,1800,1775,1785,4814,8576889.5
2026-04-21,CIT,1799,1799,1782,1785.1,4642,8297713
2026-04-22,CIT,1785,1793,1767.1,1790,4962,8820562.2
2026-04-23,CIT,1770,1788,1770,1780,2402,4272065.4
2026-04-24,CIT,1780,1785,1765.1,1772.4,7476,13231115.7
2026-04-27,CIT,1772.4,1780,1765,1770,6121,10825694.1
2026-04-28,CIT,1770,1774,1760,1767.1,4559,8060280.8
2026-04-29,CIT,1767.1,1769.9,1763,1768,6037,10662095.1
2026-04-30,CIT,1780,1780,1746,1766,5856,10318144.1
2026-05-04,CIT,1774,1774,1746,1751,4117,7214715.3
2026-05-05,CIT,1750,1770,1745,1752.4,3122,5472091.2
2026-05-06,CIT,1699.9,1770,1699.9,1765,2299,4040972.6
2026-05-07,CIT,1770,1770,1750,1760,3489,6124566.6
2026-05-08,CIT,1761,1775,1750,1770,3920,6930351.3
2026-05-11,CIT,1780,1780,1770,1774.2,5895,10453221
2026-05-12,CIT,1785,1785,1770,1770.2,5185,9198027.5
2026-05-13,CIT,1765,1775,1760,1766,4188,7387779.3
2026-05-14,CIT,1800,1800,1760,1767,2555,4506870.4
2026-05-15,CIT,1790,1790,1760,1763,2746,4858980.8
2026-05-18,CIT,1763,1768.5,1755,1768.5,6027,10616926
2026-05-19,CIT,1769,1778,1756,1762,4632,8156714.1
2026-05-20,CIT,1769,1774,1760.5,1770,6522,11518249.6
2026-05-21,CIT,1770,1774,1755,1766.5,2105,3714556.2
2026-05-22,CIT,1760,1774.9,1760,1767,3571,6308482.1
2026-05-25,CIT,1767,1789.9,1765,1772,4996,8857074.6
2026-05-26,CIT,1772,1776,1760.2,1765.1,10803,19101937.6
2026-05-27,CIT,1777,1779.5,1765,1779,6163,10951025.7
2026-06-01,CIT,1860,1860,1772,1778.7,4718,8389830.6
2026-06-02,CIT,1760,1784,1760,1770,5463,9682249.6
2026-06-03,CIT,1785,1785,1765,1769,4610,8160093.2
2026-06-04,CIT,1761,1770,1761,1763.9,2708,4782183.9
2026-06-05,CIT,1770,1770,1746,1755,11075,19441432
2026-06-08,CIT,1750,1764,1742.2,1750,7762,13580607.9
2026-06-09,CIT,1748,1750,1738,1747,10830,18879676.2
2026-06-10,CIT,1747,1758.9,1743,1744.9,3565,6234528.4
2026-06-11,CIT,1744.9,1749,1730.2,1741,6155,10715775.9
2026-06-12,CIT,1741,1750,1738,1741,5783,10088858.3
2026-06-15,CIT,1745,1745,1730,1736.9,10630,18447730.8
2026-06-16,CIT,1749,1749,1734.7,1734.7,4992,8669806.4
2026-06-17,CIT,1700,1739.5,1700,1732,4128,7165724.2
2026-06-18,CIT,1733,1737.9,1730.1,1730.1,4742,8216679.6
2026-06-19,CIT,1730.1,1735,1728.1,1729,4848,8387920.8
2026-06-22,CIT,1730,1730,1721.1,1722,5813,10030680.2
2026-06-23,CIT,1723,1723,1714,1716,5038,8648551.2
2026-06-24,CIT,1630.3,1717,1630.3,1712.1,7008,11951324
2026-06-25,CIT,1712,1712,1698,1704,6506,11078555.9
2026-06-26,CIT,1729,1729,1699,1702,8228,13997201.3
2026-06-29,CIT,1690,1719.9,1687,1690.5,9804,16611669.3
2026-06-30,CIT,1700,1791,1680,1685.9,9520,16178543
2026-07-01,CIT,1685,1720,1683,1705,3895,6637666.4
2026-07-02,CIT,1700.1,1704,1685.1,1704,4129,6992633.6
2026-07-03,CIT,1700,1709,1700,1700,3365,5724759.9
2026-07-06,CIT,1692,1699.9,1690,1693,3211,5442400.9
2026-07-07,CIT,1695,1699,1690,1695,4851,8214501
2026-07-08,CIT,1700,1700,1688.2,1688.2,3454,5837656.2
2026-07-09,CIT,1685.1,1690,1683,1683,3820,6436136.4
2026-07-10,CIT,1700,1700,1680,1684,5398,9095589.8
2026-07-13,CIT,1680.1,1686,1650.1,1675,4296,7174310
2026-07-14,CIT,1680,1682.9,1665,1681.9,4503,7537315.2
2026-07-15,CIT,1680,1695,1670.1,1670.1,5708,9585256.6
2026-07-16,CIT,1689,1689,1666,1670,3427,5729925
2026-07-17,CIT,1679,1698,1675,1697,4443,7525453
2026-07-20,CIT,1698,1712.7,1672,1710,4561,7774887.1
2026-07-21,CIT,1715,1751,1713,1730.1,5887,10206022.5
2026-07-22,CIT,1730.5,1732,1710,1724,4080,7019182.5
2026-07-23,CIT,1739.9,1739.9,1706,1724.8,2666,4595693.4
2026-07-24,CIT,1724,1745,1724,1734,4293,7442512.1
2026-07-27,CIT,1734,1747,1720,1721,4295,7440563.9
2026-07-28,CIT,1720,1721,1717,1717,2704,4647275.4
2026-07-29,CIT,1717,1724,1710,1720,2184,3755256.5
2026-07-30,CIT,1710,1724.9,1710,1716,1962,3366832.5
2026-07-31,CIT,1726,1726,1701,1715,4400,7530482.8
2026-08-03,CIT,1700,1739.9,1700,1720,1698,2917632.7
2026-08-04,CIT,1710,1720,1710,1714.9,2138,3665224.4
2026-08-05,CIT,1720,1720,1698,1710.1,2849,4864105.4
2026-08-06,CIT,1711,1722,1700,1710,1738,2971462.2
2026-08-07,CIT,1719,1719,1706,1709.9,5291,9036158.7
2026-08-10,CIT,1710.1,1718,1695,1700,3577,6076283
2026-08-11,CIT,1700,1710,1700,1703,4433,7557490.9
2026-08-12,CIT,1709.9,1709.9,1700,1704.7,3114,5301832.6
2026-08-13,CIT,1707,1714.9,1704,1713.6,4278,7312098.7
2026-08-14,CIT,1710,1719.5,1700,1700,3997,6811260.6
2026-08-17,CIT,1734,1734,1700,1701,3222,5481929
2026-08-18,CIT,1700,1713,1699,1703,4049,6885791.5
2026-08-19,CIT,1705,1705,1695,1700,4292,7285206.7
2026-08-20,CIT,1692.1,1696,1690,1695,2720,4603025.3
2026-08-21,CIT,1691,1700,1690,1695,4864,8231632.3
2026-08-24,CIT,1694,1694,1680,1681,8070,13590614.5
2026-08-25,CIT,1681,1689,1673,1680,4874,8192170.1
2026-08-26,CIT,1682,1682,1658,1660,7117,11847267
2026-08-27,CIT,1660,1674,1650,1670,5804,9678428.2
2026-08-31,CIT,1670.1,1670.1,1652.2,1652.2,5288,8764838.4
2026-09-01,CIT,1652.2,1670,1621.1,1663,7064,11593994.6
2026-09-02,CIT,1666,1667,1652,1656.7,3766,6231435.5
2026-09-03,CIT,1658,1722,1653,1719.9,11654,19561162.3
2026-09-07,CIT,1720,1720,1700,1713.9,4898,8374360
2026-09-09,CIT,1714,1714,1700,1700,5936,10119955.9
2026-09-10,CIT,1700,1706,1677,1685,3832,6467341.3
2026-09-11,CIT,1685,1705,1670,1700.4,3127,5304731.4
2026-09-14,CIT,1700,1730,1700,1717.1,4847,8334214.4
2026-09-15,CIT,1750,1800,1726,1740,7997,13982164.6
2026-09-16,CIT,1740,1750,1711.7,1730,3013,5223022.6
2026-09-17,CIT,1744.9,1745,1732,1735,4589,7970707
2026-09-18,CIT,1735,1744,1700.1,1739,4402,7638213.8
2026-09-22,CIT,1740,1749,1701.1,1749,9623,16720075.2
2026-09-23,CIT,1836,1836,1730.1,1736,5207,9078142.7
2026-09-24,CIT,1740,1747.9,1730.5,1747,3269,5683117.2
2026-09-28,CIT,1750,1760,1735,1740,8365,14633718.3
2026-09-29,CIT,1735,1750,1735,1737.6,3296,5732205
2026-09-30,CIT,1791,1791,1738.1,1739.9,3538,6157953
2026-10-01,CIT,1740,1752,1720,1738,10379,18033069.4
2026-10-02,CIT,1752,1752,1731,1735,2742,4766437.9
2026-10-05,CIT,1749,1749,1721.1,1725,1710,2952662.1
2026-10-06,CIT,1725,1725,1715.4,1720,3251,5594443.7
2026-10-07,CIT,1710,1720,1705,1712,5298,9063850.4
2026-10-08,CIT,1710,1714.9,1700,1708,3503,5964491.3
2026-10-09,CIT,1696,1715,1695.1,1704.8,3423,5837961.9
