date,symbol,open,high,low,close,volume,turnover
2011-03-20,EBL,1001,984,965,984,417,404471
2011-03-24,EBL,1020,1039,1030,1039,27,27909
2011-03-25,EBL,1039,1059,1000,1059,333,342170
2011-03-28,EBL,1059,1038,960,998,324,319586
2011-03-29,EBL,998,979,899,959,1637,1479917
2011-03-30,EBL,959,989,951,989,97,94013
2011-03-31,EBL,989,1012,955,1012,1474,1423568
2011-04-04,EBL,1012,1000,1000,1000,79,79000
2011-04-05,EBL,1000,998,960,998,647,622620
2011-04-06,EBL,998,1025,960,1019,1165,1145241
2011-04-07,EBL,1019,1039,980,1039,1478,1488074
2011-04-10,EBL,1039,1097,1019,1097,1209,1269337
2011-04-11,EBL,1097,1076,988,1068,4953,5076010
2011-04-13,EBL,1068,1121,1121,1121,40,44840
2011-04-17,EBL,1121,1099,1009,1010,234,238763
2011-04-18,EBL,1010,1020,941,1020,452,443934
2011-04-19,EBL,1020,1000,1000,1000,157,157000
2011-04-20,EBL,1000,1020,930,932,772,727822
2011-04-21,EBL,932,975,922,975,721,674764
2011-04-25,EBL,975,975,956,956,120,116620
2011-04-26,EBL,956,994,975,994,20,19690
2011-04-28,EBL,994,1050,998,1050,483,485921
2011-05-03,EBL,1050,1029,1029,1029,10,10290
2011-05-04,EBL,1029,1009,927,950,428,404272
2011-05-05,EBL,950,955,940,940,471,444405
2011-05-08,EBL,940,977,958,958,101,96948
2011-05-09,EBL,958,976,926,976,194,184002
2011-05-10,EBL,976,1000,955,1000,576,556258
2011-05-11,EBL,1000,990,951,990,285,273930
2011-05-12,EBL,990,990,971,971,336,326560
2011-05-15,EBL,971,1005,972,991,365,357827
2011-05-16,EBL,991,1009,972,999,370,363843
2011-05-18,EBL,999,984,950,984,423,406163
2011-05-19,EBL,984,984,956,956,615,595250
2011-05-22,EBL,956,998,936,998,475,451550
2011-05-23,EBL,998,980,942,960,690,657638
2011-05-24,EBL,960,959,930,944,792,744118
2011-05-25,EBL,944,992,904,992,2304,2112409
2011-05-26,EBL,992,973,973,973,91,88543
2011-05-30,EBL,973,990,950,990,138,132510
2011-05-31,EBL,990,1000,971,1000,32,31578
2011-06-01,EBL,1000,999,980,980,166,164140
2011-06-02,EBL,980,1075,1009,1075,103,106627
2011-06-05,EBL,1075,1054,973,973,592,589422
2011-06-06,EBL,973,954,876,895,2984,2669167
2011-06-07,EBL,895,899,856,899,1046,906909
2011-06-08,EBL,899,901,855,901,1194,1048085
2011-06-09,EBL,901,905,851,905,940,820491
2011-06-12,EBL,905,920,910,920,20,18300
2011-06-14,EBL,920,938,902,920,220,199160
2011-06-15,EBL,920,902,828,828,402,337115
2011-06-16,EBL,828,876,781,876,887,717943
2011-06-19,EBL,876,946,893,925,941,853153
2011-06-21,EBL,1017,1072,975,1072,2336,2324288
2011-06-23,EBL,1072,1166,1070,1166,2004,2182494
2011-06-26,EBL,1166,1188,1078,1078,570,649640
2011-06-27,EBL,1078,1057,977,977,222,227561
2011-06-29,EBL,977,1074,927,1053,1286,1265510
2011-06-30,EBL,1053,1058,948,1057,1395,1384664
2011-07-03,EBL,1057,1074,1074,1074,12,12888
2011-07-04,EBL,1074,1053,967,967,1136,1103985
2011-07-05,EBL,967,986,930,980,5548,5286319
2011-07-06,EBL,980,1009,950,988,2431,2353060
2011-07-07,EBL,988,1005,970,970,119,116095
2011-07-10,EBL,970,1007,969,1006,534,523505
2011-07-11,EBL,1006,1026,980,980,342,341324
2011-07-12,EBL,980,1004,977,1004,1061,1048257
2011-07-13,EBL,1004,1080,1000,1080,447,460568
2011-07-14,EBL,1080,1095,995,1094,688,717656
2011-07-17,EBL,1094,1195,1110,1195,505,575040
2011-07-18,EBL,1195,1218,1076,1076,290,322126
2011-07-19,EBL,1076,1060,1042,1055,1097,1154529
2011-07-20,EBL,1055,1076,1047,1055,2734,2887031
2011-07-21,EBL,1055,1081,1051,1055,1522,1611744
2011-07-24,EBL,1055,1076,1005,1022,903,923684
2011-07-25,EBL,1022,1002,1000,1000,40,40040
2011-07-26,EBL,1000,1000,1000,1000,252,252000
2011-07-27,EBL,1000,1054,980,1054,2318,2333240
2011-07-28,EBL,1054,1040,1006,1040,490,502039
2011-07-31,EBL,1040,1032,1012,1012,347,354362
2011-08-01,EBL,1012,1012,1010,1012,116,117192
2011-08-02,EBL,1012,1011,981,1011,1032,1024413
2011-08-03,EBL,1011,1020,980,1010,453,447970
2011-08-04,EBL,1010,1025,990,1025,297,295917
2011-08-07,EBL,1025,1005,985,1004,218,215320
2011-08-08,EBL,1004,1024,962,970,1463,1426511
2011-08-09,EBL,970,972,951,972,1025,978923
2011-08-10,EBL,972,1013,950,998,559,542208
2011-08-11,EBL,998,1020,983,995,221,219738
2011-08-15,EBL,995,1018,965,991,1352,1321394
2011-08-16,EBL,991,995,975,994,1000,979110
2011-08-17,EBL,994,1000,960,975,5607,5427320
2011-08-18,EBL,975,1011,980,1011,638,628376
2011-08-22,EBL,1011,991,965,972,730,708749
2011-08-23,EBL,972,975,970,970,310,300850
2011-08-24,EBL,970,971,943,963,1217,1158701
2011-08-25,EBL,963,982,944,950,740,707080
2011-08-28,EBL,950,950,931,931,485,453369
2011-08-29,EBL,931,949,933,946,497,468053
2011-08-30,EBL,946,983,931,983,534,504258
2011-09-01,EBL,983,983,948,948,1177,1127483
2011-09-04,EBL,948,965,940,964,1168,1102425
2011-09-05,EBL,964,975,940,940,803,762545
2011-09-06,EBL,940,960,921,922,995,933515
2011-09-07,EBL,922,940,922,939,806,753955
2011-09-08,EBL,939,935,920,920,518,480085
2011-09-12,EBL,920,960,910,960,874,806468
2011-09-13,EBL,960,941,892,940,1650,1499749
2011-09-14,EBL,940,938,908,915,1689,1545942
2011-09-15,EBL,915,980,900,980,3778,3500543
2011-09-20,EBL,980,888,874,888,59,51706
2011-09-21,EBL,888,900,849,865,68,59312
2011-09-22,EBL,865,865,840,865,799,679050
2011-09-25,EBL,865,879,879,879,10,8790
2011-09-26,EBL,879,894,860,894,192,167424
2011-09-27,EBL,894,900,855,897,1161,1002066
2011-09-29,EBL,897,895,865,878,146,128351
2011-10-02,EBL,878,870,861,870,100,86190
2011-10-09,EBL,870,884,867,867,92,79934
2011-10-10,EBL,867,900,870,882,75,65813
2011-10-12,EBL,882,915,898,915,20,18130
2011-10-13,EBL,915,930,930,930,10,9300
2011-10-16,EBL,930,945,945,945,33,31185
2011-10-18,EBL,945,927,909,909,30,27630
2011-10-19,EBL,909,891,840,867,611,518834
2011-10-20,EBL,867,859,803,811,404,329162
2011-10-23,EBL,811,810,797,800,442,353263
2011-10-24,EBL,800,854,816,836,115,96280
2011-10-25,EBL,836,820,820,820,18,14760
2011-10-30,EBL,820,810,800,800,61,49040
2011-10-31,EBL,800,848,816,848,30,24960
2011-11-02,EBL,848,932,864,932,253,230746
2011-11-03,EBL,932,925,839,900,271,241704
2011-11-06,EBL,900,882,810,847,2635,2158530
2011-11-08,EBL,847,831,794,831,883,718502
2011-11-09,EBL,831,840,815,840,183,150415
2011-11-10,EBL,840,840,815,840,115,94315
2011-11-13,EBL,840,824,794,824,310,247860
2011-11-14,EBL,824,824,808,824,88,71264
2011-11-15,EBL,824,840,796,800,556,446695
2011-11-16,EBL,800,816,780,780,2053,1611219
2011-11-17,EBL,780,799,793,799,220,174735
2011-11-20,EBL,799,810,779,790,1442,1129088
2011-11-21,EBL,790,795,778,795,262,204220
2011-11-22,EBL,795,780,772,780,246,191672
2011-11-23,EBL,780,809,765,809,397,305081
2011-11-24,EBL,809,824,824,824,10,8240
2011-11-27,EBL,824,808,808,808,10,8080
2011-11-28,EBL,808,792,750,770,2606,1967500
2011-12-01,EBL,775,789,740,750,6000,4494378
2011-12-04,EBL,750,765,745,757,865,646513
2011-12-05,EBL,757,760,750,755,709,533650
2011-12-06,EBL,755,750,740,740,448,332516
2011-12-07,EBL,740,754,738,740,1336,987191
2011-12-08,EBL,740,750,731,750,1593,1166531
2011-12-11,EBL,750,750,718,750,234,171480
2011-12-12,EBL,750,735,701,706,1687,1191092
2011-12-13,EBL,706,765,700,765,1505,1060013
2011-12-18,EBL,765,750,721,721,97,71465
2011-12-19,EBL,721,714,696,714,1627,1138919
2011-12-20,EBL,714,710,700,700,929,651380
2011-12-21,EBL,700,713,700,701,1564,1096130
2011-12-22,EBL,701,709,697,709,467,327390
2011-12-26,EBL,709,712,697,699,407,284370
2011-12-27,EBL,699,712,700,709,344,241857
2011-12-28,EBL,709,703,690,703,4771,3303306
2011-12-29,EBL,703,700,680,696,6854,4687182
2012-01-01,EBL,696,695,681,685,6914,4728636
2012-01-02,EBL,685,714,680,714,9126,6273938
2012-01-03,EBL,714,714,700,700,4018,2815380
2012-01-04,EBL,700,700,680,681,18324,12476795
2012-01-05,EBL,681,702,680,702,5733,3905412
2012-01-08,EBL,702,700,675,700,9151,6211575
2012-01-09,EBL,700,686,670,670,12252,8214210
2012-01-10,EBL,702,709,661,690,389,264680
2012-01-11,EBL,690,740,670,714,1369,932991
2012-01-12,EBL,714,728,711,728,110,79460
2012-01-16,EBL,728,714,686,693,429,297894
2012-01-17,EBL,693,711,685,697,283,195968
2012-01-18,EBL,697,703,690,693,821,568894
2012-01-19,EBL,693,700,687,687,780,543810
2012-01-22,EBL,687,692,685,685,183,125902
2012-01-23,EBL,685,685,670,670,3838,2586940
2012-01-25,EBL,670,683,670,682,1151,772856
2012-01-26,EBL,682,691,670,690,330,223640
2012-01-29,EBL,690,680,670,680,3345,2242510
2012-01-31,EBL,680,680,670,675,453,304104
2012-02-01,EBL,675,687,670,687,1427,957004
2012-02-02,EBL,687,682,670,680,2007,1345346
2012-02-05,EBL,680,684,671,672,67,45237
2012-02-06,EBL,672,673,670,672,1677,1124248
2012-02-07,EBL,672,683,665,683,1337,895294
2012-02-08,EBL,683,696,696,696,210,146160
2012-02-09,EBL,696,709,665,696,1552,1040115
2012-02-12,EBL,696,683,670,683,968,648880
2012-02-13,EBL,683,684,670,671,800,536620
2012-02-14,EBL,671,672,667,667,6670,4461830
2012-02-15,EBL,667,679,668,679,1229,823300
2012-02-16,EBL,679,688,665,670,2457,1638263
2012-02-21,EBL,670,680,665,680,1290,861000
2012-02-23,EBL,680,694,665,694,3286,2192424
2012-02-26,EBL,694,681,665,680,4064,2713062
2012-02-27,EBL,680,688,671,688,573,386213
2012-02-28,EBL,688,698,670,698,3642,2444010
2012-02-29,EBL,698,685,670,676,2794,1872430
2012-03-01,EBL,676,690,655,690,33581,22136320
2012-03-04,EBL,690,683,668,683,1949,1304850
2012-03-05,EBL,683,686,665,686,6761,4502103
2012-03-06,EBL,686,690,665,690,3519,2344540
2012-03-11,EBL,690,683,670,683,770,516710
2012-03-12,EBL,683,683,665,683,1930,1283730
2012-03-13,EBL,683,670,650,670,152797,99488432
2012-03-14,EBL,670,692,669,692,828,560016
2012-03-15,EBL,692,683,670,683,564,378640
2012-03-18,EBL,683,684,665,678,4530,3021533
2012-03-19,EBL,678,678,665,665,4922,3273504
2012-03-20,EBL,665,695,667,695,416,279766
2012-03-21,EBL,695,700,671,700,582,393604
2012-03-25,EBL,700,686,670,683,880,591451
2012-03-26,EBL,683,678,665,678,8350,5553540
2012-03-27,EBL,678,678,662,678,5611,3731028
2012-03-28,EBL,678,678,665,678,4252,2828210
2012-03-29,EBL,678,670,665,670,4310,2866400
2012-04-01,EBL,670,705,666,705,328,220188
2012-04-02,EBL,705,691,673,680,289,195683
2012-04-03,EBL,680,688,666,688,3949,2662063
2012-04-04,EBL,688,689,675,689,2384,1611164
2012-04-05,EBL,689,680,675,678,10316,6972120
2012-04-08,EBL,678,690,680,685,529,360480
2012-04-09,EBL,685,694,690,694,3029,2092487
2012-04-10,EBL,694,702,691,700,3405,2369588
2012-04-11,EBL,700,725,705,715,3502,2504224
2012-04-12,EBL,715,751,718,751,4129,3024556
2012-04-15,EBL,751,804,751,804,6854,5326496
2012-04-16,EBL,804,883,820,883,415,349512
2012-04-17,EBL,883,971,795,796,15765,13533516
2012-04-18,EBL,796,873,760,830,11617,9272836
2012-04-19,EBL,830,881,830,881,3226,2726636
2012-04-22,EBL,881,915,875,899,10422,9285939
2012-04-24,EBL,899,988,911,988,1848,1798659
2012-04-25,EBL,988,1086,1007,1086,1310,1390440
2012-04-26,EBL,1086,1151,978,1110,15702,16824976
2012-04-29,EBL,1110,1125,1051,1078,9521,10390189
2012-04-30,EBL,1078,1099,1000,1003,14923,15263585
2012-05-02,EBL,1003,983,904,909,2436,2226446
2012-05-03,EBL,909,999,927,999,11750,11659460
2012-05-07,EBL,999,1058,1018,1058,3386,3515188
2012-05-08,EBL,1058,1122,1066,1118,13100,14304349
2012-05-09,EBL,1118,1110,1016,1060,8023,8542874
2012-05-10,EBL,1060,1069,1010,1033,7737,8023134
2012-05-13,EBL,1033,1020,965,980,3325,3241815
2012-05-14,EBL,980,961,890,905,9168,8268046
2012-05-15,EBL,905,995,923,995,860,853910
2012-05-17,EBL,995,1094,1014,1070,15047,16109153
2012-05-20,EBL,1070,1074,1010,1060,4824,4954248
2012-05-21,EBL,1060,1085,1035,1084,7022,7456335
2012-05-22,EBL,1084,1063,1002,1035,6705,6949219
2012-05-23,EBL,1035,1015,935,960,6502,6233966
2012-05-24,EBL,960,1015,941,1015,6091,6057463
2012-05-27,EBL,1015,1080,1025,1069,8697,9179979
2012-05-29,EBL,1069,1048,1048,1048,20,20960
2012-05-30,EBL,1048,1028,944,944,91,88134
2012-05-31,EBL,944,934,850,917,6011,5401038
2012-06-03,EBL,917,1008,917,1000,3440,3434903
2012-06-04,EBL,1000,1020,971,991,5836,5779285
2012-06-05,EBL,991,972,938,958,5137,4848064
2012-06-06,EBL,958,953,911,953,1197,1104405
2012-06-07,EBL,953,974,935,957,4577,4343439
2012-06-10,EBL,957,938,900,908,5342,4854043
2012-06-11,EBL,908,955,922,929,1468,1386671
2012-06-12,EBL,929,955,912,955,267,248521
2012-06-13,EBL,955,952,930,948,410,382843
2012-06-14,EBL,948,948,930,947,257,239360
2012-06-17,EBL,947,929,910,927,3064,2794011
2012-06-18,EBL,927,927,910,922,1954,1781012
2012-06-19,EBL,922,915,900,905,9924,8952929
2012-06-20,EBL,905,923,900,916,18507,16662641
2012-06-21,EBL,916,918,900,918,96949,87255200
2012-06-25,EBL,918,941,911,939,1492,1390656
2012-06-26,EBL,939,935,900,926,4204,3840141
2012-06-27,EBL,926,949,915,940,3790,3514970
2012-06-28,EBL,940,955,936,946,3200,3025865
2012-07-01,EBL,946,950,930,938,16001,14920586
2012-07-02,EBL,938,949,930,944,15297,14287788
2012-07-03,EBL,944,944,939,940,4512,4241595
2012-07-04,EBL,940,963,933,954,10200,9645212
2012-07-05,EBL,954,953,940,952,6107,5756233
2012-07-08,EBL,952,952,941,950,2373,2244246
2012-07-09,EBL,950,965,950,965,2901,2774547
2012-07-10,EBL,965,985,965,985,7467,7308787
2012-07-11,EBL,985,990,974,980,5222,5114972
2012-07-12,EBL,980,994,975,981,59280,57939512
2012-07-15,EBL,981,1039,980,1033,18211,18253866
2012-07-16,EBL,1033,1013,970,995,24941,24827828
2012-07-17,EBL,995,997,978,990,2281,2255257
2012-07-18,EBL,990,1038,995,1038,4388,4386174
2012-07-19,EBL,1038,1060,1030,1055,7695,8008283
2012-07-22,EBL,1055,1080,1050,1064,9924,10532564
2012-07-23,EBL,1064,1091,1051,1080,5864,6343933
2012-07-24,EBL,1080,1082,1041,1069,5993,6376007
2012-07-25,EBL,1069,1081,1061,1072,59028,63408272
2012-07-26,EBL,1072,1072,1042,1065,5046,5347843
2012-07-29,EBL,1065,1058,1032,1051,7154,7505909
2012-07-30,EBL,1051,1076,1042,1059,3066,3232277
2012-07-31,EBL,1059,1084,1040,1060,7345,7738816
2012-08-01,EBL,1060,1065,1050,1062,14489,15238955
2012-08-05,EBL,1062,1084,1065,1084,6095,6564606
2012-08-06,EBL,1084,1095,1045,1077,6039,6494016
2012-08-07,EBL,1077,1098,1077,1081,7376,7995959
2012-08-08,EBL,1081,1081,1075,1080,1472,1587476
2012-08-12,EBL,1080,1090,1071,1079,9649,10421832
2012-08-13,EBL,1079,1085,1045,1070,6998,7379319
2012-08-14,EBL,1070,1070,1052,1057,14932,15867030
2012-08-15,EBL,1057,1080,1050,1053,11458,12081492
2012-08-16,EBL,1053,1065,1035,1062,6326,6651395
2012-08-19,EBL,1062,1073,1050,1065,3473,3695364
2012-08-21,EBL,1065,1074,1060,1064,7444,7931835
2012-08-22,EBL,1064,1064,1055,1060,4555,4828483
2012-08-23,EBL,1060,1063,1050,1050,3679,3880158
2012-08-26,EBL,1050,1065,1050,1055,2846,2998706
2012-08-27,EBL,1055,1065,1050,1061,3887,4116283
2012-08-28,EBL,1061,1069,1057,1063,3340,3545186
2012-08-29,EBL,1063,1098,1065,1097,8128,8805664
2012-08-30,EBL,1097,1110,1080,1087,9198,10034738
2012-09-02,EBL,1087,1108,1090,1105,10791,11859579
2012-09-03,EBL,1105,1119,1108,1110,8841,9836122
2012-09-04,EBL,1110,1120,1090,1096,8673,9524076
2012-09-05,EBL,1096,1098,1080,1095,3536,3848461
2012-09-06,EBL,1095,1096,1090,1091,3448,3762307
2012-09-09,EBL,1091,1094,1080,1094,3063,3317548
2012-09-10,EBL,1094,1090,1082,1085,2158,2342427
2012-09-11,EBL,1085,1098,1082,1091,4400,4784936
2012-09-12,EBL,1091,1101,1095,1097,9867,10815373
2012-09-13,EBL,1097,1119,1100,1110,7798,8607759
2012-09-16,EBL,1110,1162,1115,1153,8048,9215077
2012-09-17,EBL,1153,1165,1150,1155,5436,6280456
2012-09-18,EBL,1155,1166,1150,1155,3503,4050973
2012-09-19,EBL,1155,1150,1111,1133,7809,8777751
2012-09-20,EBL,1133,1139,1120,1135,4356,4934384
2012-09-23,EBL,1135,1140,1100,1108,14010,15632247
2012-09-24,EBL,1108,1111,1101,1111,4269,4721368
2012-09-25,EBL,1111,1112,1104,1110,5222,5781495
2012-09-26,EBL,1110,1119,1090,1100,6526,7178718
2012-09-30,EBL,1100,1105,1100,1104,2475,2728234
2012-10-01,EBL,1104,1110,1100,1105,1968,2170426
2012-10-02,EBL,1105,1112,1105,1111,1556,1722907
2012-10-03,EBL,1111,1115,1102,1112,3537,3926297
2012-10-04,EBL,1112,1116,1108,1116,3288,3658783
2012-10-07,EBL,1116,1130,1101,1130,5722,6432717
2012-10-08,EBL,1130,1141,1126,1132,4169,4727156
2012-10-09,EBL,1132,1131,1122,1130,6909,7794664
2012-10-10,EBL,1130,1140,1124,1125,9516,10715545
2012-10-11,EBL,1125,1134,1106,1129,3706,4137443
2012-10-14,EBL,1129,1142,1111,1134,7164,8086290
2012-10-15,EBL,1134,1147,1126,1144,7876,8990971
2012-10-17,EBL,1144,1166,1126,1160,6699,7744042
2012-10-18,EBL,1160,1179,1160,1171,11153,13038352
2012-10-30,EBL,1171,985,910,983,2400,2297448
2012-10-31,EBL,983,1020,995,1020,4204,4211725
2012-11-01,EBL,1020,1040,1010,1014,1546,1567941
2012-11-04,EBL,1014,1035,1012,1012,1752,1778319
2012-11-05,EBL,1012,1039,1015,1015,3601,3688661
2012-11-06,EBL,1015,1071,1030,1050,1901,1989465
2012-11-07,EBL,1050,1122,1071,1122,2338,2552398
2012-11-08,EBL,1122,1213,1144,1205,6088,7292316
2012-11-11,EBL,1205,1228,1116,1121,4239,4821145
2012-11-12,EBL,1121,1160,1111,1159,2862,3216885
2012-11-18,EBL,1159,1205,1150,1200,3635,4306854
2012-11-20,EBL,1200,1260,1180,1252,3478,4310589
2012-11-21,EBL,1252,1256,1203,1245,4575,5581637
2012-11-22,EBL,1245,1235,1200,1235,3674,4495767
2012-11-25,EBL,1235,1244,1211,1223,4981,6112757
2012-11-26,EBL,1223,1225,1190,1225,3653,4401964
2012-11-27,EBL,1225,1230,1210,1211,2035,2485389
2012-11-28,EBL,1211,1220,1200,1219,2723,3300920
2012-11-29,EBL,1219,1215,1190,1206,5155,6197567
2012-12-02,EBL,1206,1195,1160,1183,3634,4289209
2012-12-03,EBL,1183,1185,1165,1169,2400,2812542
2012-12-04,EBL,1169,1213,1181,1199,4003,4788241
2012-12-05,EBL,1199,1260,1222,1245,6400,7930332
2012-12-06,EBL,1245,1240,1220,1231,2785,3430150
2012-12-09,EBL,1231,1234,1201,1201,2886,3495311
2012-12-10,EBL,1201,1205,1140,1197,3889,4588203
2012-12-11,EBL,1197,1199,1152,1199,2463,2908823
2012-12-12,EBL,1199,1209,1176,1205,2189,2625073
2012-12-13,EBL,1205,1222,1190,1220,2939,3570178
2012-12-16,EBL,1220,1269,1218,1255,15378,19159572
2012-12-17,EBL,1255,1320,1280,1290,13805,17891060
2012-12-18,EBL,1290,1290,1260,1290,4300,5460768
2012-12-19,EBL,1290,1304,1290,1302,7954,10316556
2012-12-20,EBL,1302,1320,1281,1310,9128,11943132
2012-12-23,EBL,1310,1322,1300,1316,5578,7335670
2012-12-24,EBL,1316,1340,1300,1336,4096,5444575
2012-12-26,EBL,1336,1390,1312,1360,6009,8178669
2012-12-27,EBL,1360,1399,1333,1395,6982,9667840
2012-12-31,EBL,1395,1398,1365,1380,4964,6851851
2013-01-01,EBL,1380,1379,1356,1359,5369,7314516
2013-01-02,EBL,1359,1365,1348,1365,6181,8368150
2013-01-03,EBL,1365,1379,1352,1375,4971,6811410
2013-01-06,EBL,1375,1392,1370,1375,19711,27191630
2013-01-07,EBL,1375,1380,1363,1370,12992,17838872
2013-01-08,EBL,1370,1369,1363,1366,1306,1783439
2013-01-09,EBL,1366,1370,1360,1361,2910,3971053
2013-01-10,EBL,1361,1375,1360,1375,4705,6438269
2013-01-13,EBL,1375,1382,1370,1380,9114,12552452
2013-01-15,EBL,1380,1412,1380,1400,5580,7787784
2013-01-16,EBL,1400,1422,1386,1390,4790,6675701
2013-01-17,EBL,1390,1398,1365,1370,3520,4833508
2013-01-20,EBL,1370,1368,1310,1330,6191,8230532
2013-01-21,EBL,1330,1370,1330,1358,3243,4397890
2013-01-22,EBL,1358,1395,1358,1388,2553,3517343
2013-01-23,EBL,1388,1412,1371,1373,2950,4072195
2013-01-24,EBL,1373,1378,1366,1374,3751,5144532
2013-01-27,EBL,1374,1398,1365,1380,3612,4982397
2013-01-28,EBL,1380,1389,1365,1365,3166,4341731
2013-01-30,EBL,1365,1367,1350,1362,10804,14613588
2013-01-31,EBL,1362,1366,1354,1355,2679,3633909
2013-02-03,EBL,1355,1394,1355,1375,3916,5381909
2013-02-04,EBL,1375,1385,1370,1370,2782,3827241
2013-02-05,EBL,1370,1380,1370,1377,3752,5155899
2013-02-06,EBL,1377,1372,1367,1372,2461,3372448
2013-02-07,EBL,1372,1379,1370,1379,1580,2169270
2013-02-10,EBL,1379,1385,1374,1381,5040,6937656
2013-02-12,EBL,1381,1435,1400,1435,7433,10528834
2013-02-13,EBL,1435,1424,1390,1421,4644,6565226
2013-02-14,EBL,1421,1463,1430,1451,8931,12911437
2013-02-17,EBL,1451,1569,1480,1569,647,1007543
2013-02-19,EBL,1569,1713,1550,1550,13828,21985380
2013-02-20,EBL,1550,1560,1485,1548,7152,10881693
2013-02-21,EBL,1548,1590,1530,1569,5779,9018772
2013-02-24,EBL,1569,1561,1550,1555,3053,4748205
2013-02-25,EBL,1555,1655,1570,1591,9845,15716109
2013-02-26,EBL,1591,1654,1590,1605,10309,16552507
2013-02-27,EBL,1605,1591,1565,1591,3750,5930310
2013-02-28,EBL,1591,1599,1580,1599,2037,3235802
2013-03-04,EBL,1590,1605,1590,1591,7242,11567620
2013-03-05,EBL,1591,1601,1560,1590,2952,4663200
2013-03-06,EBL,1590,1609,1571,1600,4885,7795818
2013-03-07,EBL,1600,1595,1568,1589,4394,6970677
2013-03-11,EBL,1589,1618,1588,1598,4034,6445016
2013-03-13,EBL,1598,1662,1610,1662,4679,7567175
2013-03-14,EBL,1662,1729,1640,1660,6609,11044245
2013-03-17,EBL,1660,1650,1610,1623,7080,11504976
2013-03-18,EBL,1623,1615,1600,1603,4041,6484549
2013-03-19,EBL,1603,1640,1585,1610,6732,10827128
2013-03-20,EBL,1610,1624,1600,1600,3106,4987197
2013-03-21,EBL,1600,1600,1582,1592,3253,5173175
2013-03-24,EBL,1592,1582,1550,1560,4682,7289172
2013-03-25,EBL,1560,1575,1540,1574,5823,9046068
2013-03-27,EBL,1574,1575,1550,1574,1647,2566407
2013-03-28,EBL,1574,1584,1553,1575,2902,4562690
2013-03-31,EBL,1575,1574,1525,1544,6568,10124855
2013-04-01,EBL,1544,1560,1514,1545,7186,10956144
2013-04-02,EBL,1545,1579,1546,1575,2653,4141238
2013-04-03,EBL,1575,1594,1570,1572,4273,6725821
2013-04-04,EBL,1572,1563,1554,1554,3778,5885291
2013-04-07,EBL,1554,1567,1540,1563,1576,2447618
2013-04-08,EBL,1563,1580,1552,1555,3147,4897453
2013-04-09,EBL,1555,1585,1555,1580,3367,5276520
2013-04-11,EBL,1580,1603,1586,1593,3221,5128318
2013-04-15,EBL,1593,1606,1590,1596,6352,10137589
2013-04-16,EBL,1596,1595,1580,1588,2833,4488947
2013-04-17,EBL,1588,1589,1555,1576,3703,5816922
2013-04-18,EBL,1576,1580,1555,1567,3721,5815653
2013-04-21,EBL,1567,1568,1540,1540,10680,16526105
2013-04-22,EBL,1540,1543,1500,1537,11762,17780688
2013-04-23,EBL,1537,1590,1542,1571,5506,8645541
2013-04-25,EBL,1571,1584,1555,1560,1427,2232776
2013-04-28,EBL,1560,1560,1530,1560,4716,7263482
2013-04-29,EBL,1560,1561,1547,1550,2458,3809780
2013-04-30,EBL,1550,1555,1535,1544,12260,18836924
2013-05-02,EBL,1544,1540,1510,1526,3186,4846076
2013-05-05,EBL,1526,1526,1500,1504,4133,6227958
2013-05-06,EBL,1504,1500,1466,1494,3756,5533563
2013-05-07,EBL,1494,1545,1505,1522,1455,2221472
2013-05-08,EBL,1522,1516,1503,1515,2379,3590090
2013-05-09,EBL,1515,1524,1505,1519,1848,2794885
2013-05-12,EBL,1519,1535,1510,1510,3022,4565545
2013-05-13,EBL,1510,1525,1510,1524,3539,5360531
2013-05-14,EBL,1524,1540,1512,1533,1407,2141759
2013-05-15,EBL,1533,1565,1530,1541,4043,6235438
2013-05-16,EBL,1541,1556,1520,1556,3576,5535695
2013-05-19,EBL,1556,1558,1540,1545,2912,4492360
2013-05-20,EBL,1545,1560,1530,1551,1638,2531029
2013-05-21,EBL,1551,1559,1542,1551,2425,3756302
2013-05-22,EBL,1551,1556,1548,1549,4355,6752797
2013-05-23,EBL,1549,1550,1525,1546,1393,2136664
2013-05-26,EBL,1546,1555,1535,1550,9185,14161295
2013-05-27,EBL,1550,1561,1547,1557,3996,6222046
2013-05-28,EBL,1557,1560,1550,1550,1669,2592683
2013-05-30,EBL,1550,1559,1550,1555,2297,3563317
2013-06-02,EBL,1555,1560,1540,1545,4471,6912645
2013-06-03,EBL,1545,1560,1540,1550,2820,4355171
2013-06-04,EBL,1550,1550,1540,1546,2539,3916259
2013-06-05,EBL,1546,1550,1538,1538,4005,6172354
2013-06-06,EBL,1538,1547,1535,1540,1756,2700384
2013-06-09,EBL,1540,1550,1539,1546,963,1483490
2013-06-10,EBL,1546,1545,1540,1540,3268,5034205
2013-06-11,EBL,1540,1560,1525,1540,8920,13634949
2013-06-12,EBL,1540,1540,1535,1540,865,1329630
2013-06-13,EBL,1540,1543,1520,1531,1802,2757595
2013-06-16,EBL,1531,1555,1515,1525,33560,51090264
2013-06-17,EBL,1525,1539,1525,1539,5843,8911925
2013-06-18,EBL,1539,1544,1523,1524,8514,12983405
2013-06-19,EBL,1524,1526,1522,1525,2522,3845343
2013-06-20,EBL,1525,1530,1515,1515,17264,26189940
2013-06-23,EBL,1515,1529,1510,1529,1001,1525257
2013-06-24,EBL,1529,1529,1520,1524,805,1226129
2013-06-25,EBL,1524,1532,1515,1530,16658,25361524
2013-06-26,EBL,1530,1559,1530,1550,4643,7197216
2013-06-27,EBL,1550,1545,1530,1530,7915,12120298
2013-06-30,EBL,1530,1540,1530,1530,3168,4850150
2013-07-01,EBL,1530,1540,1532,1535,1134,1739860
2013-07-02,EBL,1535,1540,1515,1537,16316,24825210
2013-07-03,EBL,1537,1542,1531,1540,3542,5449899
2013-07-04,EBL,1540,1546,1533,1539,5626,8651957
2013-07-07,EBL,1539,1549,1539,1544,4118,6348527
2013-07-08,EBL,1544,1550,1535,1550,10212,15714112
2013-07-09,EBL,1550,1575,1560,1570,3924,6150036
2013-07-10,EBL,1570,1616,1575,1596,4739,7490486
2013-07-11,EBL,1596,1590,1575,1575,3581,5658275
2013-07-14,EBL,1575,1618,1575,1575,5717,9022056
2013-07-15,EBL,1575,1603,1576,1591,5281,8403565
2013-07-16,EBL,1591,1609,1589,1599,1728,2752930
2013-07-17,EBL,1599,1610,1575,1609,2876,4597136
2013-07-18,EBL,1609,1669,1585,1668,8023,13177963
2013-07-21,EBL,1668,1759,1700,1739,10674,18495208
2013-07-22,EBL,1739,1775,1708,1725,16392,28439052
2013-07-23,EBL,1725,1744,1727,1731,7761,13455223
2013-07-24,EBL,1731,1738,1726,1737,6039,10460035
2013-07-25,EBL,1737,1750,1725,1730,12648,21898416
2013-07-28,EBL,1730,1750,1730,1739,10025,17395756
2013-07-29,EBL,1739,1773,1736,1750,8279,14491307
2013-07-30,EBL,1750,1815,1740,1800,6331,11274821
2013-07-31,EBL,1800,1836,1799,1810,10007,18183800
2013-08-01,EBL,1810,1897,1824,1836,14164,26151876
2013-08-04,EBL,1836,1860,1830,1845,7197,13273406
2013-08-05,EBL,1845,1845,1800,1806,3940,7146239
2013-08-06,EBL,1806,1841,1765,1820,5789,10409550
2013-08-07,EBL,1820,1824,1810,1810,4151,7519782
2013-08-08,EBL,1810,1820,1800,1814,2741,4957988
2013-08-11,EBL,1814,1795,1760,1782,10990,19463296
2013-08-12,EBL,1782,1790,1770,1770,3627,6448344
2013-08-13,EBL,1770,1777,1764,1770,5096,9015523
2013-08-14,EBL,1770,1782,1770,1778,2227,3962206
2013-08-15,EBL,1778,1790,1771,1780,4236,7540494
2013-08-18,EBL,1780,1800,1785,1793,2567,4603584
2013-08-19,EBL,1793,1810,1795,1806,4333,7805480
2013-08-20,EBL,1806,1821,1807,1810,4226,7672733
2013-08-25,EBL,1810,1824,1805,1814,12922,23385768
2013-08-26,EBL,1814,1830,1810,1818,5708,10373600
2013-08-27,EBL,1818,1875,1810,1841,6064,11149239
2013-08-29,EBL,1841,1846,1834,1840,13762,25307976
2013-09-01,EBL,1840,1843,1810,1830,9150,16773785
2013-09-02,EBL,1830,1841,1834,1835,4868,8936005
2013-09-03,EBL,1835,1836,1810,1825,5906,10786549
2013-09-04,EBL,1825,1830,1790,1800,12561,22664428
2013-09-05,EBL,1800,1820,1800,1820,6472,11662841
2013-09-08,EBL,1820,1784,1638,1692,27879,46264544
2013-09-09,EBL,1692,1692,1665,1679,3965,6654553
2013-09-10,EBL,1679,1675,1601,1610,10975,17808882
2013-09-11,EBL,1610,1659,1611,1630,7754,12650427
2013-09-12,EBL,1630,1633,1610,1633,6244,10148945
2013-09-15,EBL,1633,1675,1621,1670,9683,16108816
2013-09-16,EBL,1670,1700,1681,1700,14995,25347602
2013-09-17,EBL,1700,1715,1692,1700,18247,31021974
2013-09-19,EBL,1545,1560,1535,1538,1200,1850474
2013-09-22,EBL,1538,1530,1490,1491,1843,2760107
2013-09-23,EBL,1491,1501,1471,1501,1112,1644901
2013-09-24,EBL,1501,1505,1490,1490,874,1308640
2013-09-25,EBL,1491,1490,1480,1485,2541,3773140
2013-09-26,EBL,1485,1480,1465,1472,2758,4054884
2013-09-29,EBL,1472,1478,1469,1469,1867,2747820
2013-09-30,EBL,1469,1470,1460,1465,2236,3273727
2013-10-01,EBL,1465,1466,1450,1450,3367,4908666
2013-10-02,EBL,1450,1450,1439,1439,6282,9052607
2013-10-03,EBL,1439,1460,1440,1460,717,1043021
2013-10-06,EBL,1460,1470,1450,1470,3225,4716267
2013-10-07,EBL,1470,1499,1481,1499,197,293971
2013-10-08,EBL,1499,1535,1520,1535,864,1315364
2013-10-09,EBL,1535,1555,1538,1555,1353,2086681
2013-10-10,EBL,1555,1566,1560,1560,1017,1589678
2013-10-17,EBL,1560,1590,1590,1590,27,42930
2013-10-20,EBL,1590,1680,1575,1680,5329,8770531
2013-10-21,EBL,1680,1695,1670,1670,3212,5400095
2013-10-22,EBL,1670,1640,1625,1630,917,1497877
2013-10-23,EBL,1630,1640,1606,1630,2049,3335389
2013-10-24,EBL,1630,1633,1610,1610,2403,3894214
2013-10-27,EBL,1610,1610,1595,1600,1805,2887381
2013-10-28,EBL,1600,1595,1589,1593,1545,2463259
2013-10-29,EBL,1593,1600,1575,1600,1214,1927601
2013-10-30,EBL,1600,1625,1600,1600,3613,5816813
2013-10-31,EBL,1600,1632,1610,1610,371,599050
2013-11-06,EBL,1610,1615,1595,1600,1700,2723260
2013-11-07,EBL,1600,1615,1590,1595,3245,5184169
2013-11-11,EBL,1585,1610,1555,1610,3134,4994761
2013-11-12,EBL,1610,1650,1625,1635,5129,8402025
2013-11-13,EBL,1635,1700,1645,1664,2530,4248116
2013-11-14,EBL,1664,1683,1632,1683,9254,15242633
2013-11-21,EBL,1683,1716,1716,1716,10,17160
2013-11-24,EBL,1716,1887,1750,1850,7064,13184055
2013-11-25,EBL,1850,1850,1800,1806,8881,16089755
2013-11-26,EBL,1806,1855,1805,1810,5399,9804917
2013-11-27,EBL,1810,1811,1799,1805,4408,7936743
2013-11-28,EBL,1805,1804,1786,1790,2707,4855828
2013-12-01,EBL,1790,1820,1805,1805,4298,7784711
2013-12-02,EBL,1805,1826,1810,1814,4184,7593394
2013-12-03,EBL,1814,1820,1805,1810,4415,7996652
2013-12-04,EBL,1810,1910,1840,1875,6037,11255027
2013-12-05,EBL,1875,1978,1890,1925,4501,8708311
2013-12-08,EBL,1925,1915,1880,1895,6777,12885200
2013-12-09,EBL,1895,1950,1900,1932,5541,10642214
2013-12-10,EBL,1932,1930,1900,1900,2598,4960557
2013-12-11,EBL,1900,1980,1935,1950,5113,9990858
2013-12-12,EBL,1950,1960,1916,1960,7341,14245437
2013-12-15,EBL,1960,2020,1950,2015,6790,13413900
2013-12-16,EBL,2015,2170,2055,2100,3650,7747177
2013-12-18,EBL,2100,2281,2142,2240,3166,7066802
2013-12-19,EBL,2240,2330,2090,2330,14538,32361150
2013-12-22,EBL,2330,2360,2260,2314,12535,28804688
2013-12-23,EBL,2300,2280,2230,2243,8184,18367396
2013-12-24,EBL,2243,2305,2190,2250,8792,19660534
2013-12-26,EBL,2250,2360,2251,2275,7054,16258663
2013-12-29,EBL,2275,2300,2275,2285,4793,10919012
2013-12-31,EBL,2285,2290,2153,2255,5212,11619278
2014-01-01,EBL,2255,2270,2176,2202,6621,14660275
2014-01-02,EBL,2202,2244,2140,2230,4082,8933462
2014-01-05,EBL,2230,2225,2150,2185,3755,8236793
2014-01-06,EBL,2185,2225,2190,2205,2375,5233450
2014-01-07,EBL,2205,2201,2170,2192,4439,9722704
2014-01-08,EBL,2192,2234,2166,2215,5450,12086604
2014-01-09,EBL,2215,2255,2215,2222,4172,9312765
2014-01-12,EBL,2222,2269,2225,2255,4040,9114556
2014-01-13,EBL,2255,2294,2240,2240,1628,3678050
2014-01-14,EBL,2240,2270,2210,2210,1881,4193094
2014-01-16,EBL,2210,2295,2222,2235,5042,11292523
2014-01-19,EBL,2235,2250,2218,2225,2532,5649603
2014-01-20,EBL,2225,2235,2180,2200,4921,10822766
2014-01-21,EBL,2200,2205,2185,2195,3022,6637475
2014-01-22,EBL,2195,2200,2177,2177,3792,8276209
2014-01-23,EBL,2177,2220,2176,2177,2638,5760543
2014-01-26,EBL,2177,2200,2152,2179,4237,9184761
2014-01-27,EBL,2179,2189,2146,2165,1374,2965575
2014-01-28,EBL,2165,2170,2150,2150,3578,7727086
2014-01-29,EBL,2150,2175,2150,2170,2442,5280971
2014-02-02,EBL,2170,2170,2125,2127,2429,5207058
2014-02-03,EBL,2127,2127,2075,2075,2752,5759523
2014-02-04,EBL,2075,2100,2060,2080,3485,7221813
2014-02-06,EBL,2090,2130,2086,2105,3109,6523179
2014-02-09,EBL,2105,2101,2055,2090,2963,6177731
2014-02-10,EBL,2090,2288,2131,2150,4923,10837910
2014-02-11,EBL,2150,2150,2092,2129,7047,14898381
2014-02-12,EBL,2129,2125,2090,2090,3861,8128977
2014-02-13,EBL,2090,2125,2085,2120,3227,6792180
2014-02-16,EBL,2120,2162,2085,2090,2340,4908608
2014-02-17,EBL,2090,2120,2100,2100,1767,3719050
2014-02-18,EBL,2100,2137,2095,2106,4242,8924161
2014-02-20,EBL,2106,2180,2100,2130,2619,5590728
2014-02-23,EBL,2130,2240,2130,2225,6646,14634485
2014-02-24,EBL,2225,2310,2200,2229,4785,10712423
2014-02-25,EBL,2229,2275,2190,2275,2094,4621853
2014-02-26,EBL,2275,2300,2182,2200,2756,6163195
2014-03-03,EBL,2200,2174,2124,2150,3690,7892931
2014-03-04,EBL,2150,2135,2080,2135,5671,11859832
2014-03-05,EBL,2135,2175,2102,2145,2177,4673615
2014-03-06,EBL,2145,2183,2090,2120,4347,9276847
2014-03-09,EBL,2120,2100,2071,2095,3132,6542842
2014-03-10,EBL,2095,2082,2045,2080,3111,6416486
2014-03-11,EBL,2080,2082,2056,2070,6802,14063801
2014-03-12,EBL,2070,2055,2040,2041,5982,12239486
2014-03-17,EBL,2031,2050,2000,2030,9223,18568876
2014-03-18,EBL,2030,2030,1990,1990,10471,21011200
2014-03-19,EBL,1990,2055,1965,2011,14949,29750080
2014-03-20,EBL,2011,2049,2000,2039,4853,9806447
2014-03-23,EBL,2039,2046,2020,2031,4197,8525299
2014-03-24,EBL,2031,2100,2030,2095,4092,8392026
2014-03-25,EBL,2095,2100,2066,2095,3569,7440585
2014-03-26,EBL,2095,2102,2085,2097,2551,5333687
2014-03-27,EBL,2097,2110,2080,2100,5997,12563916
2014-03-31,EBL,2058,2120,2070,2090,10058,20938672
2014-04-01,EBL,2090,2142,2100,2119,5183,10954330
2014-04-02,EBL,2119,2180,2100,2151,5540,11864223
2014-04-03,EBL,2151,2201,2151,2167,4635,10076102
2014-04-06,EBL,2167,2181,2159,2160,3936,8544876
2014-04-07,EBL,2160,2165,2130,2158,3613,7770645
2014-04-09,EBL,2158,2180,2130,2180,2927,6313372
2014-04-10,EBL,2180,2214,2175,2190,7615,16675316
2014-04-13,EBL,2190,2231,2190,2205,8948,19815600
2014-04-15,EBL,2205,2262,2205,2245,5236,11763764
2014-04-16,EBL,2245,2245,2225,2225,6337,14139624
2014-04-17,EBL,2225,2250,2195,2220,4664,10302036
2014-04-20,EBL,2220,2235,2195,2200,5480,12104556
2014-04-21,EBL,2200,2210,2177,2190,4350,9535052
2014-04-22,EBL,2190,2200,2185,2187,3575,7829520
2014-04-23,EBL,2187,2215,2190,2205,3134,6897272
2014-04-27,EBL,2205,2225,2195,2195,1683,3710102
2014-04-28,EBL,2195,2202,2190,2195,2295,5033526
2014-04-29,EBL,2195,2195,2185,2187,1865,4079830
2014-04-30,EBL,2187,2206,2195,2200,4020,8843450
2014-05-04,EBL,2200,2220,2192,2214,4744,10464159
2014-05-05,EBL,2214,2280,2190,2275,2614,5909309
2014-05-06,EBL,2275,2321,2280,2300,4509,10381200
2014-05-07,EBL,2300,2340,2282,2282,4192,9636432
2014-05-08,EBL,2282,2280,2250,2272,3089,6981620
2014-05-11,EBL,2272,2285,2251,2260,4450,10058402
2014-05-12,EBL,2260,2270,2245,2245,1349,3045558
2014-05-13,EBL,2245,2250,2210,2215,2722,6037052
2014-05-15,EBL,2215,2220,2200,2215,2870,6328287
2014-05-18,EBL,2215,2235,2210,2216,2286,5087734
2014-05-19,EBL,2216,2239,2216,2232,2105,4694653
2014-05-20,EBL,2232,2235,2190,2225,1574,3502430
2014-05-21,EBL,2225,2229,2151,2229,4361,9539050
2014-05-22,EBL,2229,2260,2210,2250,2780,6187159
2014-05-25,EBL,2250,2320,2250,2320,3276,7401390
2014-05-26,EBL,2320,2296,2250,2288,7037,16058012
2014-05-27,EBL,2288,2286,2245,2262,1428,3231596
2014-05-28,EBL,2262,2300,2263,2300,5145,11717129
2014-06-01,EBL,2300,2350,2300,2340,10958,25486224
2014-06-02,EBL,2340,2400,2350,2371,6795,16124283
2014-06-03,EBL,2371,2402,2351,2397,5709,13656650
2014-06-04,EBL,2397,2410,2385,2410,5330,12778486
2014-06-05,EBL,2410,2415,2290,2375,5267,12312836
2014-06-08,EBL,2375,2415,2375,2402,4209,10070894
2014-06-09,EBL,2402,2410,2390,2395,10756,25815240
2014-06-10,EBL,2395,2424,2371,2418,8366,20092544
2014-06-11,EBL,2418,2476,2430,2445,5720,14024162
2014-06-12,EBL,2445,2472,2408,2460,7252,17672604
2014-06-15,EBL,2460,2590,2460,2501,8810,22162468
2014-06-16,EBL,2501,2620,2550,2580,5551,14353536
2014-06-17,EBL,2580,2605,2485,2580,9873,24956126
2014-06-18,EBL,2580,2620,2441,2546,7970,20256332
2014-06-19,EBL,2546,2551,2500,2548,6465,16316006
2014-06-23,EBL,2548,2515,2451,2458,1319,3259571
2014-06-24,EBL,2458,2499,2450,2490,1969,4877189
2014-06-25,EBL,2490,2570,2489,2550,5233,13187429
2014-06-26,EBL,2550,2570,2550,2560,2209,5655696
2014-06-29,EBL,2560,2601,2545,2570,4778,12318521
2014-06-30,EBL,2570,2570,2536,2570,2256,5764501
2014-07-01,EBL,2570,2605,2580,2598,4302,11165762
2014-07-02,EBL,2598,2660,2600,2622,3819,9963485
2014-07-03,EBL,2622,2628,2600,2600,2825,7379406
2014-07-06,EBL,2600,2620,2600,2600,4615,12008450
2014-07-07,EBL,2600,2630,2600,2608,5268,13777537
2014-07-08,EBL,2608,2738,2620,2675,7912,20945696
2014-07-09,EBL,2675,2730,2690,2730,3416,9254849
2014-07-10,EBL,2730,2721,2681,2702,4740,12819404
2014-07-13,EBL,2702,2756,2665,2733,9942,26937300
2014-07-14,EBL,2733,2702,2660,2680,1964,5259515
2014-07-15,EBL,2680,2700,2650,2675,623,1666650
2014-07-16,EBL,2675,2740,2600,2631,6693,17782836
2014-07-17,EBL,2631,2718,2660,2686,4553,12228282
2014-07-20,EBL,2686,2850,2690,2835,8099,22662218
2014-07-21,EBL,2835,2885,2820,2875,8917,25346496
2014-07-22,EBL,2875,2850,2775,2840,4532,12726221
2014-07-23,EBL,2840,2853,2810,2815,3408,9621492
2014-07-24,EBL,2815,2860,2790,2830,4885,13764315
2014-07-27,EBL,2830,2860,2810,2825,2504,7101856
2014-07-28,EBL,2825,2850,2800,2815,2306,6505579
2014-07-30,EBL,2815,2840,2792,2795,2461,6905904
2014-07-31,EBL,2795,2840,2780,2824,4873,13712240
2014-08-03,EBL,2824,2810,2799,2801,2332,6540383
2014-08-04,EBL,2801,2800,2750,2760,4732,13134864
2014-08-05,EBL,2760,2800,2740,2775,3533,9762876
2014-08-06,EBL,2775,2780,2705,2780,5586,15344532
2014-08-07,EBL,2780,2740,2675,2709,7973,21521700
2014-08-12,EBL,2709,2700,2596,2640,4861,12835871
2014-08-13,EBL,2640,2692,2548,2630,6902,17969036
2014-08-14,EBL,2630,2735,2600,2730,5671,15084206
2014-08-18,EBL,2730,2775,2660,2700,5826,15920812
2014-08-19,EBL,2700,2740,2671,2720,7076,19148140
2014-08-20,EBL,2720,2700,2639,2650,6880,18324196
2014-08-21,EBL,2650,2700,2510,2640,6805,17550588
2014-08-24,EBL,2640,2699,2649,2655,5042,13473618
2014-08-25,EBL,2655,2620,2475,2500,14604,36530096
2014-08-26,EBL,2500,2450,2250,2250,26548,61224200
2014-08-27,EBL,2250,2291,2219,2270,24617,55931448
2014-08-28,EBL,2270,2340,2240,2260,10760,24389340
2014-08-31,EBL,2260,2260,2190,2190,18306,40615140
2014-09-01,EBL,2190,2257,2127,2257,35196,75899952
2014-09-03,EBL,2015,2055,1942,1942,800,1569707
2014-09-04,EBL,1942,1980,1870,1908,4213,8028243
2014-09-07,EBL,1908,1875,1783,1783,4778,8700521
2014-09-09,EBL,1783,1880,1775,1878,3512,6510809
2014-09-10,EBL,1878,1953,1851,1870,4092,7706835
2014-09-11,EBL,1870,1870,1780,1850,1131,2065028
2014-09-14,EBL,1850,1830,1813,1820,2416,4402131
2014-09-15,EBL,1820,1838,1800,1830,959,1745170
2014-09-16,EBL,1830,1850,1825,1845,1034,1895645
2014-09-17,EBL,1845,1860,1845,1850,785,1452978
2014-09-18,EBL,1850,1830,1779,1800,3089,5553012
2014-09-21,EBL,1800,1805,1785,1795,867,1553600
2014-09-22,EBL,1795,1800,1790,1800,2236,4007475
2014-09-23,EBL,1800,1850,1810,1820,1976,3608604
2014-09-24,EBL,1820,1850,1839,1840,830,1528331
2014-09-28,EBL,1840,1890,1841,1890,1010,1880297
2014-09-29,EBL,1890,1948,1890,1948,1390,2643442
2014-09-30,EBL,1948,1999,1980,1985,1378,2736170
2014-10-08,EBL,1985,1960,1960,1960,214,419440
2014-10-09,EBL,1960,1931,1930,1930,71,137087
2014-10-12,EBL,1930,1893,1865,1866,995,1866037
2014-10-13,EBL,1866,1890,1861,1890,587,1093828
2014-10-14,EBL,1890,1930,1890,1890,634,1210501
2014-10-15,EBL,1890,1914,1900,1908,798,1522354
2014-10-16,EBL,1908,1925,1901,1911,654,1252680
2014-10-19,EBL,1911,1910,1901,1910,451,859923
2014-10-20,EBL,1910,1930,1914,1920,384,737450
2014-10-21,EBL,1920,1925,1902,1920,2013,3860411
2014-10-22,EBL,1920,1925,1920,1925,897,1725250
2014-10-26,EBL,1925,1931,1869,1915,2236,4192009
2014-10-27,EBL,1915,1925,1896,1910,1772,3370970
2014-10-28,EBL,1910,1930,1910,1916,981,1885470
2014-10-30,EBL,1916,1920,1900,1910,3797,7234794
2014-11-02,EBL,1910,1910,1880,1890,4492,8510331
2014-11-03,EBL,1890,1889,1845,1860,3102,5767397
2014-11-04,EBL,1860,1831,1800,1815,841,1525476
2014-11-05,EBL,1815,1853,1815,1853,1346,2483436
2014-11-06,EBL,1853,1850,1800,1820,5133,9264308
2014-11-09,EBL,1820,1835,1799,1800,1346,2434394
2014-11-10,EBL,1800,1780,1750,1750,6474,11389741
2014-11-11,EBL,1750,1800,1749,1760,3067,5392208
2014-11-12,EBL,1760,1770,1727,1770,1084,1908210
2014-11-13,EBL,1770,1800,1751,1752,3454,6096629
2014-11-16,EBL,1752,1760,1726,1760,766,1326386
2014-11-17,EBL,1760,1740,1655,1688,1787,3040256
2014-11-18,EBL,1688,1705,1655,1670,4276,7183741
2014-11-19,EBL,1670,1710,1645,1700,6923,11581740
2014-11-20,EBL,1700,1760,1694,1694,8957,15474378
2014-11-23,EBL,1694,1777,1695,1700,14849,25379504
2014-11-24,EBL,1700,1712,1690,1690,4759,8083761
2014-11-25,EBL,1690,1710,1676,1709,2536,4303371
2014-11-30,EBL,1709,1725,1701,1725,1148,1960806
2014-12-01,EBL,1725,1730,1700,1709,8647,14754663
2014-12-02,EBL,1709,1710,1699,1709,3822,6518483
2014-12-03,EBL,1709,1734,1709,1724,3168,5458744
2014-12-04,EBL,1724,1761,1710,1739,2944,5104906
2014-12-07,EBL,1739,1741,1700,1716,6700,11459337
2014-12-08,EBL,1716,1731,1700,1731,2050,3508117
2014-12-09,EBL,1731,1740,1722,1740,1159,2006515
2014-12-10,EBL,1740,1768,1700,1745,2518,4372497
2014-12-11,EBL,1745,1810,1747,1801,1881,3360578
2014-12-14,EBL,1801,1936,1837,1936,7282,13657205
2014-12-15,EBL,1936,2000,1855,1970,12962,25174266
2014-12-16,EBL,1970,1970,1925,1949,8144,15863394
2014-12-17,EBL,1949,1935,1900,1911,8676,16554820
2014-12-18,EBL,1911,1943,1881,1900,2400,4554908
2014-12-21,EBL,1900,1900,1856,1870,4417,8287406
2014-12-22,EBL,1870,1870,1846,1850,4793,8881962
2014-12-23,EBL,1850,1840,1820,1825,3258,5949656
2014-12-24,EBL,1825,1902,1790,1887,1731,3210390
2014-12-28,EBL,1887,1998,1924,1945,4597,8911681
2014-12-29,EBL,1945,1960,1900,1940,11310,21850368
2014-12-31,EBL,1940,1935,1910,1915,7492,14351503
2015-01-01,EBL,1915,1950,1900,1908,7377,14145268
2015-01-04,EBL,1908,1950,1935,1950,12527,24302548
2015-01-05,EBL,1950,1985,1930,1960,4362,8533639
2015-01-06,EBL,1960,1963,1949,1950,4781,9336224
2015-01-07,EBL,1950,1989,1945,1973,6564,12888509
2015-01-08,EBL,1973,2000,1900,1981,5464,10745479
2015-01-11,EBL,1981,1990,1975,1981,3992,7905925
2015-01-12,EBL,1981,1987,1940,1960,4852,9498440
2015-01-13,EBL,1960,1970,1945,1961,1823,3566138
2015-01-14,EBL,1961,2000,1924,1982,5091,9828580
2015-01-18,EBL,1982,2000,1982,1985,4572,9108335
2015-01-19,EBL,1985,2172,1970,2090,18529,38006444
2015-01-20,EBL,2090,2090,1970,2035,6487,13261935
2015-01-22,EBL,2035,2040,1972,2022,6422,12875331
2015-01-25,EBL,2022,2085,2035,2085,2567,5311694
2015-01-26,EBL,2085,2114,2071,2088,6083,12731770
2015-01-27,EBL,2088,2099,2070,2083,5887,12239928
2015-01-28,EBL,2083,2144,2060,2130,6869,14445965
2015-01-29,EBL,2130,2200,2110,2140,6175,13311903
2015-02-01,EBL,2140,2149,2105,2145,10309,21991848
2015-02-02,EBL,2145,2165,2146,2153,8378,18026844
2015-02-03,EBL,2153,2155,2141,2150,6252,13438821
2015-02-04,EBL,2150,2180,2140,2145,5108,10988261
2015-02-05,EBL,2145,2150,2120,2131,3541,7549886
2015-02-08,EBL,2131,2146,2125,2139,6343,13556505
2015-02-09,EBL,2139,2139,2125,2130,2801,5971346
2015-02-10,EBL,2130,2120,2088,2120,4145,8688301
2015-02-11,EBL,2120,2169,2120,2145,1758,3752096
2015-02-12,EBL,2145,2166,2125,2151,1020,2179217
2015-02-15,EBL,2151,2160,2135,2150,2590,5571574
2015-02-16,EBL,2150,2154,2146,2149,3816,8202711
2015-02-18,EBL,2149,2140,2125,2140,1568,3341935
2015-02-22,EBL,2140,2139,2109,2125,4653,9841889
2015-02-23,EBL,2125,2110,2085,2105,6051,12721770
2015-02-24,EBL,2105,2110,2080,2100,5517,11545971
2015-02-25,EBL,2100,2122,2100,2111,2461,5188068
2015-02-26,EBL,2111,2130,2105,2130,2477,5251839
2015-03-01,EBL,2130,2140,2110,2124,1226,2601076
2015-03-02,EBL,2124,2145,2130,2130,4053,8651609
2015-03-03,EBL,2130,2130,2120,2122,1183,2512469
2015-03-04,EBL,2122,2155,2110,2131,3482,7425791
2015-03-09,EBL,2131,2171,2145,2146,3668,7910891
2015-03-10,EBL,2146,2153,2145,2150,2142,4606135
2015-03-11,EBL,2150,2156,2140,2152,1471,3155332
2015-03-12,EBL,2152,2150,2135,2140,3064,6568660
2015-03-15,EBL,2140,2115,2095,2102,4487,9423797
2015-03-16,EBL,2102,2100,2060,2075,2589,5377329
2015-03-17,EBL,2075,2100,2065,2100,2181,4537550
2015-03-18,EBL,2100,2110,2078,2100,3120,6541388
2015-03-19,EBL,2100,2140,2095,2110,1838,3879939
2015-03-22,EBL,2110,2152,2121,2130,2143,4569886
2015-03-23,EBL,2130,2130,2090,2101,3825,8068906
2015-03-24,EBL,2101,2100,2080,2093,3194,6678827
2015-03-25,EBL,2093,2085,2070,2083,2108,4378745
2015-03-26,EBL,2083,2088,2067,2070,1928,3996491
2015-03-29,EBL,2070,2075,2060,2070,2350,4855869
2015-03-30,EBL,2070,2074,2050,2055,2024,4156866
2015-03-31,EBL,2055,2085,2060,2085,416,863060
2015-04-01,EBL,2085,2080,2068,2068,500,1035100
2015-04-02,EBL,2068,2067,2060,2060,1551,3199942
2015-04-05,EBL,2060,2065,2045,2065,1010,2070630
2015-04-06,EBL,2065,2072,2055,2072,849,1751388
2015-04-07,EBL,2072,2080,2070,2070,1770,3668970
2015-04-08,EBL,2070,2086,2060,2086,2916,6039197
2015-04-09,EBL,2086,2145,2071,2145,848,1793991
2015-04-12,EBL,2145,2185,2125,2125,2118,4543092
2015-04-13,EBL,2125,2135,2115,2133,1938,4112574
2015-04-15,EBL,2133,2140,2125,2134,1110,2366145
2015-04-16,EBL,2134,2141,2132,2132,1681,3588716
2015-04-19,EBL,2132,2141,2130,2140,684,1459654
2015-04-20,EBL,2140,2150,2106,2137,1255,2684219
2015-04-21,EBL,2137,2150,2121,2121,2603,5578280
2015-04-22,EBL,2121,2140,2130,2131,3388,7222285
2015-04-23,EBL,2131,2140,2120,2133,4219,8974173
2015-05-24,EBL,2133,2091,1920,1920,110,222530
2015-05-25,EBL,1920,1882,1728,1728,1013,1754534
2015-05-26,EBL,1728,1793,1600,1735,9394,16226216
2015-05-27,EBL,1735,1756,1715,1736,5069,8817906
2015-05-28,EBL,1736,1814,1731,1770,4585,8133128
2015-05-31,EBL,1770,1919,1737,1900,5936,11087496
2015-06-01,EBL,1900,1990,1911,1950,9303,18183404
2015-06-02,EBL,1950,1960,1921,1950,9741,18866700
2015-06-03,EBL,1950,2050,1967,2030,5659,11357624
2015-06-04,EBL,2030,2050,1991,2015,4601,9296378
2015-06-07,EBL,2015,2045,2004,2029,7715,15580377
2015-06-08,EBL,2029,2090,2015,2070,10615,21806794
2015-06-09,EBL,2070,2210,2095,2115,16787,35650832
2015-06-10,EBL,2115,2125,2083,2100,10851,22743852
2015-06-11,EBL,2100,2075,2017,2035,4577,9273894
2015-06-14,EBL,2035,2075,2028,2039,3182,6492213
2015-06-15,EBL,2039,2069,2021,2050,2581,5263468
2015-06-16,EBL,2050,2045,2030,2042,3738,7612660
2015-06-17,EBL,2042,2045,2025,2025,4329,8784669
2015-06-18,EBL,2025,2030,2005,2030,10686,21474024
2015-06-21,EBL,2030,2040,2000,2020,4874,9787241
2015-06-22,EBL,2020,2035,2000,2030,2355,4756717
2015-06-23,EBL,2030,2025,2011,2020,1454,2936667
2015-06-24,EBL,2020,2065,2000,2065,2844,5777556
2015-06-25,EBL,2065,2065,2046,2065,2589,5314576
2015-06-28,EBL,2065,2088,2070,2080,5725,11888712
2015-06-29,EBL,2080,2121,2084,2100,5042,10577017
2015-06-30,EBL,2100,2125,2090,2125,4585,9655836
2015-07-01,EBL,2125,2135,2090,2099,7689,16182976
2015-07-02,EBL,2099,2100,2060,2085,5553,11573662
2015-07-05,EBL,2085,2095,2076,2084,2702,5632814
2015-07-06,EBL,2084,2084,2072,2080,6325,13129542
2015-07-07,EBL,2080,2094,2040,2094,8713,18035728
2015-07-08,EBL,2094,2101,2086,2091,4540,9497032
2015-07-09,EBL,2091,2100,2089,2091,4237,8868195
2015-07-12,EBL,2091,2101,2096,2097,7637,16025589
2015-07-13,EBL,2097,2101,2080,2101,1979,4139143
2015-07-14,EBL,2101,2100,2091,2100,1689,3540774
2015-07-15,EBL,2100,2109,2097,2103,4036,8477405
2015-07-16,EBL,2103,2120,2100,2120,4625,9713207
2015-07-22,EBL,2120,2150,2121,2135,2947,6277189
2015-07-23,EBL,2135,2348,2150,2328,18553,41751432
2015-07-26,EBL,2328,2560,2374,2560,3128,8003100
2015-07-27,EBL,2560,2816,2560,2605,46461,122347360
2015-07-28,EBL,2605,2605,2466,2553,16053,40909196
2015-07-29,EBL,2553,2540,2500,2520,12392,31177738
2015-07-30,EBL,2520,2613,2520,2560,8606,22028454
2015-08-02,EBL,2560,2650,2560,2650,9246,23902068
2015-08-03,EBL,2650,2644,2583,2594,8874,23038330
2015-08-04,EBL,2594,2608,2586,2592,12474,32355264
2015-08-05,EBL,2592,2599,2578,2595,7238,18717894
2015-08-06,EBL,2595,2630,2581,2600,8756,22771870
2015-08-09,EBL,2600,2720,2640,2715,22672,60938232
2015-08-10,EBL,2715,2800,2715,2770,15767,43444512
2015-08-11,EBL,2770,2775,2730,2745,12177,33507664
2015-08-12,EBL,2745,2750,2655,2730,9755,26429016
2015-08-13,EBL,2730,2820,2700,2820,15195,41883672
2015-08-16,EBL,2820,2901,2800,2880,32246,92317544
2015-08-17,EBL,2880,3168,2937,3168,12751,40207892
2015-08-18,EBL,3168,3264,3127,3202,12797,41150684
2015-08-19,EBL,3202,3330,3202,3310,6179,20216398
2015-08-20,EBL,3310,3449,3350,3350,7371,24886400
2015-08-23,EBL,3350,3360,3280,3300,5885,19529038
2015-08-24,EBL,3300,3330,3286,3290,4786,15817975
2015-08-25,EBL,3290,3286,3200,3280,3741,12121465
2015-08-26,EBL,3280,3310,3250,3252,4973,16408117
2015-08-27,EBL,3252,3354,3100,3349,118323,378294880
2015-08-31,EBL,3349,3450,3300,3360,16005,53449276
2015-09-01,EBL,3360,3355,3299,3299,19026,63102796
2015-09-02,EBL,3299,3300,3175,3228,48857,157717760
2015-09-03,EBL,3228,3292,3183,3185,44483,142279808
2015-09-06,EBL,3185,3210,3100,3142,16630,52666444
2015-09-07,EBL,3142,3200,3160,3184,4140,13185424
2015-09-08,EBL,3184,3209,3185,3191,3142,10051179
2015-09-09,EBL,3191,3225,3200,3204,7309,23430050
2015-09-10,EBL,3204,3200,3180,3185,2146,6840800
2015-09-13,EBL,3185,3210,3195,3205,2639,8447258
2015-09-14,EBL,3205,3300,3250,3265,5347,17471700
2015-09-15,EBL,3265,3305,3265,3290,6186,20338800
2015-09-16,EBL,3290,3335,3270,3280,4901,16153155
2015-09-17,EBL,3280,3300,3201,3230,3175,10297166
2015-09-22,EBL,3230,3178,3080,3080,7256,22591898
2015-09-23,EBL,3080,3230,3141,3160,7823,24928364
2015-09-24,EBL,3160,3205,3135,3163,7788,24528490
2015-09-28,EBL,3163,3100,2921,3055,23475,70728048
2015-09-29,EBL,3055,3090,3015,3080,10585,32376464
2015-09-30,EBL,3080,3343,3141,3290,25069,81616336
2015-10-01,EBL,3290,3300,3264,3300,27402,89890672
2015-10-04,EBL,3300,3570,3366,3430,32290,111484544
2015-10-05,EBL,3430,3401,3325,3345,14916,49970048
2015-10-06,EBL,3345,3345,3200,3236,14510,47407192
2015-10-07,EBL,3236,3250,3150,3220,10111,32298738
2015-10-08,EBL,3220,3275,3160,3230,11440,36561048
2015-10-11,EBL,3230,3220,3160,3192,5965,18967648
2015-10-14,EBL,3192,3214,3101,3140,14155,44786352
2015-10-15,EBL,3140,3080,2950,3079,23840,71910488
2015-10-18,EBL,3079,3018,2772,2772,24148,67403448
2015-10-19,EBL,2772,2819,2772,2819,11279,31504584
2015-10-25,EBL,2819,2801,2761,2801,2245,6257098
2015-10-27,EBL,2801,2789,2700,2702,7667,20874214
2015-10-28,EBL,2702,2705,2592,2652,5654,14771851
2015-10-29,EBL,2652,2730,2680,2695,7063,19053952
2015-11-01,EBL,2695,2730,2695,2722,4607,12488657
2015-11-02,EBL,2722,2760,2722,2730,5838,15989859
2015-11-03,EBL,2730,2718,2685,2715,7363,19915796
2015-11-04,EBL,2715,2720,2690,2715,3550,9619036
2015-11-05,EBL,2715,2720,2700,2701,4429,11998460
2015-11-08,EBL,2701,2700,2675,2675,5109,13705457
2015-11-09,EBL,2675,2782,2728,2750,4368,12011606
2015-11-10,EBL,2750,2775,2750,2770,2072,5728694
2015-11-15,EBL,2770,2770,2700,2705,6692,18099564
2015-11-16,EBL,2705,2715,2672,2700,1987,5338473
2015-11-18,EBL,2700,2717,2650,2713,3767,10184599
2015-11-19,EBL,2713,2720,2681,2681,5391,14561919
2015-11-22,EBL,2681,2695,2602,2620,8504,22350486
2015-11-23,EBL,2620,2600,2510,2584,6843,17477212
2015-11-24,EBL,2584,2650,2533,2572,5097,13202749
2015-11-25,EBL,2572,2599,2536,2536,5438,13912337
2015-11-26,EBL,2536,2535,2465,2500,7772,19363950
2015-11-29,EBL,2500,2510,2436,2437,17775,43661576
2015-11-30,EBL,2437,2534,2455,2501,25127,62608008
2015-12-01,EBL,1924,2014,1900,1990,3297,6486345
2015-12-02,EBL,1990,1990,1945,1945,2634,5158252
2015-12-03,EBL,1945,1995,1925,1960,2604,5135045
2015-12-06,EBL,1960,2089,1999,2074,7213,14896781
2015-12-07,EBL,2074,2190,2100,2130,7518,15985564
2015-12-08,EBL,2130,2121,2096,2115,2796,5890333
2015-12-09,EBL,2115,2150,2120,2130,4018,8581916
2015-12-10,EBL,2130,2130,2096,2110,2901,6104686
2015-12-13,EBL,2110,2100,2065,2075,2461,5105594
2015-12-14,EBL,2075,2070,2042,2058,2515,5169258
2015-12-15,EBL,2058,2055,2037,2049,4057,8293950
2015-12-16,EBL,2049,2050,2010,2033,3482,7079060
2015-12-17,EBL,2033,2020,1990,2000,2657,5319193
2015-12-20,EBL,2000,2030,2000,2020,2481,5011520
2015-12-21,EBL,2020,2035,2000,2035,1872,3775408
2015-12-22,EBL,2035,2080,2045,2070,3160,6518366
2015-12-23,EBL,2070,2085,2050,2060,4630,9542700
2015-12-24,EBL,2060,2065,2050,2060,2683,5515987
2015-12-27,EBL,2060,2060,2041,2055,4875,9991895
2015-12-28,EBL,2055,2050,2036,2036,3026,6178962
2015-12-29,EBL,2036,2067,2046,2055,4082,8389815
2015-12-31,EBL,2055,2090,2050,2051,3447,7114345
2016-01-03,EBL,2051,2060,2040,2041,3435,7040417
2016-01-04,EBL,2041,2055,2036,2050,4501,9209523
2016-01-05,EBL,2050,2048,2030,2035,3039,6203045
2016-01-06,EBL,2035,2050,2035,2035,3804,7770805
2016-01-07,EBL,2035,2075,2040,2055,2482,5102440
2016-01-10,EBL,2055,2070,2055,2061,5051,10430100
2016-01-11,EBL,2061,2130,2065,2129,2303,4814280
2016-01-12,EBL,2129,2175,2140,2162,5642,12161498
2016-01-13,EBL,2162,2199,2167,2199,8529,18646360
2016-01-14,EBL,2199,2300,2200,2291,10242,23382700
2016-01-17,EBL,2291,2400,2336,2390,10569,25037746
2016-01-18,EBL,2390,2460,2362,2403,14800,35940448
2016-01-19,EBL,2403,2375,2325,2354,10408,24468560
2016-01-20,EBL,2354,2368,2330,2340,6593,15471040
2016-01-21,EBL,2340,2340,2310,2313,5973,13875774
2016-01-24,EBL,2313,2359,2326,2350,12279,28811868
2016-01-25,EBL,2350,2397,2350,2355,3878,9153269
2016-01-26,EBL,2355,2355,2334,2334,2642,6175030
2016-01-27,EBL,2334,2335,2315,2327,2998,6959345
2016-01-28,EBL,2327,2315,2297,2315,4470,10297534
2016-01-31,EBL,2315,2330,2300,2325,2796,6477700
2016-02-01,EBL,2325,2398,2340,2382,5816,13795036
2016-02-02,EBL,2382,2382,2340,2357,4254,10037562
2016-02-03,EBL,2357,2356,2341,2344,1429,3355476
2016-02-04,EBL,2344,2345,2325,2340,2836,6630510
2016-02-07,EBL,2340,2395,2356,2380,11910,28285070
2016-02-08,EBL,2380,2400,2380,2390,3882,9266778
2016-02-11,EBL,2390,2404,2390,2400,6156,14757980
2016-02-14,EBL,2400,2380,2352,2375,5710,13539706
2016-02-15,EBL,2375,2370,2343,2370,4241,9994223
2016-02-16,EBL,2370,2382,2324,2365,4986,11810400
2016-02-17,EBL,2365,2380,2330,2372,1816,4308226
2016-02-18,EBL,2372,2400,2375,2375,3467,8287670
2016-02-21,EBL,2375,2420,2380,2380,4496,10765244
2016-02-22,EBL,2380,2510,2379,2500,11004,26802884
2016-02-23,EBL,2500,2531,2425,2450,9422,23364172
2016-02-24,EBL,2450,2420,2400,2415,2729,6582030
2016-02-25,EBL,2415,2460,2400,2450,5411,13128368
2016-02-28,EBL,2450,2450,2425,2425,4637,11315345
2016-02-29,EBL,2425,2423,2411,2423,2033,4917783
2016-03-01,EBL,2423,2451,2405,2451,4335,10498655
2016-03-02,EBL,2451,2490,2450,2450,6119,15086161
2016-03-03,EBL,2450,2460,2435,2441,2327,5700680
2016-03-06,EBL,2441,2455,2420,2440,2597,6354320
2016-03-10,EBL,2440,2460,2434,2460,5039,12329426
2016-03-13,EBL,2460,2475,2420,2435,4642,11294458
2016-03-14,EBL,2435,2431,2420,2425,3560,8635498
2016-03-15,EBL,2425,2424,2402,2420,5840,14111189
2016-03-16,EBL,2420,2440,2415,2440,2678,6511634
2016-03-17,EBL,2440,2475,2430,2475,4899,12058120
2016-03-20,EBL,2475,2500,2480,2495,4602,11458343
2016-03-21,EBL,2495,2515,2485,2485,10409,25989428
2016-03-23,EBL,2485,2580,2499,2575,12535,31684224
2016-03-24,EBL,2575,2670,2600,2670,21833,57863720
2016-03-27,EBL,2670,2850,2700,2800,21907,60460656
2016-03-28,EBL,2800,2850,2742,2785,12534,34910424
2016-03-29,EBL,2785,2799,2740,2770,11147,30932372
2016-03-30,EBL,2770,2770,2706,2706,11844,32570232
2016-03-31,EBL,2706,2710,2690,2705,9578,25843208
2016-04-03,EBL,2705,2720,2660,2690,8328,22389774
2016-04-04,EBL,2690,2740,2690,2738,2409,6558740
2016-04-05,EBL,2738,2800,2720,2795,3422,9469343
2016-04-06,EBL,2795,2810,2761,2785,3663,10209572
2016-04-10,EBL,2785,2795,2769,2786,7995,22259864
2016-04-11,EBL,2786,2800,2740,2799,3671,10226357
2016-04-12,EBL,2799,2808,2790,2802,3744,10479378
2016-04-14,EBL,2802,2825,2790,2815,2980,8372007
2016-04-17,EBL,2815,2890,2820,2851,7837,22200954
2016-04-18,EBL,2851,2909,2830,2885,9754,28179704
2016-04-19,EBL,2885,2970,2890,2905,10722,31161064
2016-04-20,EBL,2905,3000,2900,2920,70164,204603984
2016-04-21,EBL,2920,2940,2880,2925,17245,50113888
2016-04-24,EBL,2925,2929,2900,2925,10330,30087028
2016-04-25,EBL,2925,2915,2901,2915,9331,27142914
2016-04-26,EBL,2915,2906,2891,2891,11870,34405992
2016-04-27,EBL,2891,2907,2875,2900,11118,32222552
2016-04-28,EBL,2900,2950,2900,2900,12647,36768052
2016-05-02,EBL,2900,2988,2900,2975,20203,59758756
2016-05-03,EBL,2975,2999,2916,2991,26582,79373896
2016-05-04,EBL,2991,2997,2933,2979,12182,36213344
2016-05-05,EBL,2979,2945,2880,2915,24611,71659688
2016-05-08,EBL,2915,2935,2858,2918,11315,32970050
2016-05-09,EBL,2918,2930,2900,2928,12442,36351644
2016-05-10,EBL,2928,2939,2919,2925,7239,21190676
2016-05-11,EBL,2925,2930,2901,2925,7659,22302096
2016-05-12,EBL,2925,2915,2900,2901,6680,19398028
2016-05-15,EBL,2901,2890,2875,2885,5017,14461602
2016-05-16,EBL,2885,2880,2850,2860,5063,14482401
2016-05-17,EBL,2860,2875,2852,2870,9606,27511944
2016-05-18,EBL,2870,2920,2875,2910,5967,17325760
2016-05-19,EBL,2910,2915,2892,2892,14385,41721992
2016-05-22,EBL,2892,2915,2900,2906,13066,37978536
2016-05-23,EBL,2906,2911,2890,2911,12055,35007532
2016-05-24,EBL,2911,3010,2910,2995,12202,36116376
2016-05-25,EBL,2995,3005,2900,2930,16766,49478108
2016-05-26,EBL,2930,2950,2875,2940,16157,46803184
2016-05-29,EBL,2940,2940,2883,2891,7467,21629456
2016-05-30,EBL,2891,2900,2852,2885,5254,15132111
2016-05-31,EBL,2885,2890,2865,2878,6330,18203992
2016-06-01,EBL,2878,2902,2850,2885,13908,39905528
2016-06-02,EBL,2885,2900,2860,2879,4827,13878600
2016-06-05,EBL,2879,2845,2765,2784,18225,51094584
2016-06-06,EBL,2784,2860,2790,2805,11744,33038680
2016-06-07,EBL,2805,2876,2800,2845,5674,16048381
2016-06-08,EBL,2845,2900,2790,2860,7116,20391676
2016-06-09,EBL,2860,2895,2830,2895,6427,18361200
2016-06-12,EBL,2895,3180,2897,3060,36394,109872592
2016-06-13,EBL,3060,3300,3090,3157,48112,152770048
2016-06-14,EBL,3157,3190,3115,3120,18210,57382316
2016-06-15,EBL,3120,3160,3082,3090,10545,32691172
2016-06-16,EBL,3090,3125,3060,3125,10769,33392408
2016-06-19,EBL,3125,3130,3085,3100,9731,30273904
2016-06-20,EBL,3100,3100,3075,3075,9532,29407536
2016-06-21,EBL,3075,3100,3070,3100,8824,27261432
2016-06-22,EBL,3100,3183,3060,3144,26271,81685952
2016-06-23,EBL,3144,3350,3140,3260,20966,67243064
2016-06-26,EBL,3260,3470,3250,3410,29998,101705944
2016-06-27,EBL,3410,3547,3410,3497,28593,99541056
2016-06-28,EBL,3497,3500,3400,3432,18345,63351964
2016-06-29,EBL,3432,3440,3390,3410,16150,55036884
2016-06-30,EBL,3410,3404,3300,3300,16300,54735460
2016-07-03,EBL,3300,3350,3300,3320,18147,60257432
2016-07-04,EBL,3320,3400,3300,3379,20483,68114080
2016-07-05,EBL,3379,3383,3346,3355,14713,49493220
2016-07-06,EBL,3355,3468,3300,3400,21614,72865384
2016-07-10,EBL,3400,3550,3410,3480,32118,111446200
2016-07-11,EBL,3480,3490,3380,3410,6485,22315520
2016-07-12,EBL,3410,3440,3301,3395,20913,70543472
2016-07-13,EBL,3395,3408,3283,3349,10468,34801280
2016-07-14,EBL,3349,3430,3370,3385,10674,36334128
2016-07-17,EBL,3385,3450,3375,3400,10378,35419624
2016-07-18,EBL,3400,3450,3400,3406,13749,47001064
2016-07-19,EBL,3406,3468,3435,3465,9713,33537816
2016-07-20,EBL,3465,3480,3400,3405,6757,23148228
2016-07-21,EBL,3405,3440,3400,3410,6976,23839342
2016-07-25,EBL,3410,3460,3401,3450,15487,53264908
2016-07-26,EBL,3450,3585,3430,3450,15435,53705568
2016-07-27,EBL,3450,3510,3471,3490,17732,62026100
2016-07-28,EBL,3490,3510,3450,3482,14915,52121208
2016-07-31,EBL,3482,3483,3445,3450,10784,37285964
2016-08-01,EBL,3450,3434,3390,3410,8326,28351440
2016-08-02,EBL,3410,3409,3382,3383,9838,33378452
2016-08-03,EBL,3383,3383,3310,3370,4866,16316143
2016-08-04,EBL,3370,3366,3280,3300,16399,54452316
2016-08-07,EBL,3300,3345,3251,3251,26557,87477680
2016-08-08,EBL,3251,3339,3125,3125,9279,29539828
2016-08-09,EBL,3125,3350,3187,3250,12894,41739944
2016-08-10,EBL,3250,3315,3176,3225,14898,48350820
2016-08-11,EBL,3225,3250,3206,3248,7389,23910436
2016-08-14,EBL,3248,3238,3126,3190,13860,44375240
2016-08-15,EBL,3190,3180,3050,3098,18180,56208008
2016-08-16,EBL,3098,3159,3052,3115,13220,41164364
2016-08-17,EBL,3115,3243,3177,3215,4167,13378788
2016-08-21,EBL,3215,3250,3195,3200,9996,32164472
2016-08-22,EBL,3200,3175,3117,3135,6953,21789546
2016-08-23,EBL,3135,3150,3081,3110,12313,38383144
2016-08-24,EBL,3110,3300,3150,3240,9665,31235358
2016-08-28,EBL,3240,3380,3236,3298,14333,46791896
2016-08-29,EBL,3298,3325,3270,3290,9159,30106302
2016-08-30,EBL,3290,3333,3300,3319,9259,30679428
2016-08-31,EBL,3319,3395,3319,3380,6118,20568924
2016-09-01,EBL,3380,3414,3375,3406,12798,43481468
2016-09-03,EBL,3406,3510,3430,3500,23527,82224432
2016-09-05,EBL,3500,3639,3500,3587,24630,87825072
2016-09-06,EBL,3587,3655,3500,3562,29535,106373376
2016-09-07,EBL,3562,3540,3480,3500,20993,73556040
2016-09-08,EBL,3500,3535,3480,3529,23972,83964184
2016-09-11,EBL,3529,3599,3500,3542,12588,44521688
2016-09-12,EBL,3542,3542,3500,3531,11721,41307500
2016-09-14,EBL,3531,3540,3515,3516,10423,36735104
2016-09-18,EBL,3516,3502,3462,3480,6427,22430520
2016-09-20,EBL,3480,3510,3395,3400,8919,30662952
2016-09-21,EBL,3400,3405,3348,3380,8355,28221986
2016-09-22,EBL,3380,3400,3350,3360,10922,36838412
2016-09-25,EBL,3360,3490,3350,3450,34094,116867680
2016-09-26,EBL,3450,3599,3460,3599,63817,227758240
2016-09-27,EBL,3599,3700,3542,3595,32067,115450848
2016-09-28,EBL,3595,3601,3536,3551,8891,31621900
2016-09-29,EBL,3551,3574,3505,3540,10709,37937920
2016-10-02,EBL,3540,3600,3530,3535,11942,42341056
2016-10-03,EBL,3535,3610,3552,3585,18674,67133384
2016-10-04,EBL,3585,3640,3540,3640,26741,96264720
2016-10-05,EBL,3640,3750,3642,3750,28172,103940712
2016-10-06,EBL,3750,3824,3700,3721,17078,63852000
2016-10-16,EBL,3721,3750,3650,3666,6479,23844452
2016-10-17,EBL,3666,3700,3621,3649,6978,25383708
2016-10-18,EBL,3649,3660,3600,3640,6897,24988220
2016-10-19,EBL,3640,3650,3611,3629,4630,16805630
2016-10-20,EBL,3629,3718,3630,3689,17133,63036700
2016-10-23,EBL,3689,3718,3666,3679,14551,53735840
2016-10-24,EBL,3679,3680,3596,3601,21299,77128376
2016-10-25,EBL,3601,3648,3546,3550,14256,50890488
2016-10-26,EBL,3550,3600,3505,3556,10118,35780208
2016-10-27,EBL,3556,3600,3550,3573,5858,20926652
2016-11-03,EBL,3573,3665,3530,3665,9483,34271276
2016-11-07,EBL,3665,3698,3626,3650,12995,47616176
2016-11-08,EBL,3650,3650,3562,3565,5245,18819168
2016-11-09,EBL,3565,3595,3456,3550,10521,36825568
2016-11-10,EBL,3550,3650,3500,3544,10249,36128352
2016-11-13,EBL,3544,3665,3522,3650,56342,204343584
2016-11-14,EBL,3650,3797,3674,3690,33381,123533480
2016-11-15,EBL,3690,3725,3695,3706,46810,173458192
2016-11-16,EBL,3706,3900,3706,3795,102479,389501600
2016-11-17,EBL,3795,3920,3622,3629,139771,517060704
2016-11-20,EBL,3629,3630,3381,3510,53221,186596976
2016-11-21,EBL,3510,3570,3470,3523,36457,128039616
2016-11-22,EBL,3523,3515,3400,3460,26354,91359320
2016-11-23,EBL,3460,3470,3340,3340,52025,176075472
2016-11-24,EBL,3340,3450,3230,3285,39182,129504344
2016-11-27,EBL,3285,3350,3090,3155,35330,111240576
2016-11-28,EBL,3155,3249,2985,3215,52678,160786064
2016-11-29,EBL,3215,3275,3050,3230,47939,153562336
2016-11-30,EBL,3230,3320,3215,3299,61472,201528432
2016-12-01,EBL,3299,3364,3270,3270,28521,93944024
2016-12-04,EBL,3270,3335,3240,3275,17354,56801712
2016-12-05,EBL,3275,3300,3235,3235,13458,43779532
2016-12-06,EBL,3235,3265,3220,3249,14036,45492376
2016-12-07,EBL,3249,3260,3238,3248,11330,36785532
2016-12-08,EBL,3248,3260,3230,3249,11310,36695208
2016-12-11,EBL,3249,3260,3210,3212,9818,31723056
2016-12-12,EBL,3212,3220,3148,3160,31127,98800992
2016-12-14,EBL,3160,3250,3161,3230,30050,95977584
2016-12-15,EBL,3230,3299,3220,3283,25459,83093912
2016-12-18,EBL,3283,3299,3280,3299,46640,153478640
2016-12-19,EBL,3299,3310,3266,3271,50053,164287808
2016-12-20,EBL,3271,3268,3182,3190,90630,291768928
2016-12-21,EBL,1876,1840,1770,1800,21562,38865092
2016-12-22,EBL,1800,1810,1780,1810,10387,18705864
2016-12-26,EBL,1810,1806,1692,1700,20191,35497488
2016-12-27,EBL,1700,1699,1640,1655,14804,24573216
2016-12-28,EBL,1655,1690,1645,1672,13808,23066508
2016-12-29,EBL,1672,1750,1685,1710,14961,25654166
2017-01-01,EBL,1710,1820,1740,1805,15605,28040992
2017-01-02,EBL,1805,1849,1807,1849,16816,30864652
2017-01-03,EBL,1849,1850,1800,1825,15101,27704984
2017-01-04,EBL,1825,1820,1800,1800,10676,19256910
2017-01-05,EBL,1800,1840,1810,1825,8780,16030048
2017-01-08,EBL,1825,1835,1820,1835,8118,14843375
2017-01-09,EBL,1835,1860,1830,1850,4900,9050807
2017-01-10,EBL,1850,1937,1852,1919,5559,10570845
2017-01-11,EBL,1919,1957,1925,1925,12013,23326292
2017-01-12,EBL,1925,1950,1925,1925,5513,10651749
2017-01-15,EBL,1925,1939,1920,1939,3244,6272694
2017-01-16,EBL,1939,1944,1915,1915,3338,6442249
2017-01-17,EBL,1915,1905,1887,1900,3601,6834295
2017-01-18,EBL,1900,1900,1880,1896,1478,2804182
2017-01-19,EBL,1896,1910,1891,1894,4481,8501150
2017-01-22,EBL,1894,1900,1880,1900,2075,3916345
2017-01-23,EBL,1900,1900,1870,1885,4996,9390941
2017-01-24,EBL,1885,1870,1840,1840,3692,6864740
2017-01-25,EBL,1840,1820,1720,1780,5827,10366658
2017-01-26,EBL,1780,1780,1695,1740,9888,17134520
2017-01-30,EBL,1740,1730,1651,1685,9403,15713957
2017-01-31,EBL,1685,1780,1661,1715,6676,11419094
2017-02-01,EBL,1715,1800,1749,1770,7105,12630254
2017-02-02,EBL,1770,1820,1760,1763,7053,12551045
2017-02-05,EBL,1763,1763,1700,1750,1854,3225376
2017-02-06,EBL,1750,1765,1745,1745,3036,5325039
2017-02-07,EBL,1745,1750,1725,1725,7305,12674130
2017-02-08,EBL,1725,1730,1686,1698,11861,20153194
2017-02-09,EBL,1698,1699,1665,1665,9545,16032775
2017-02-12,EBL,1665,1660,1600,1615,8855,14425357
2017-02-13,EBL,1615,1650,1566,1641,8331,13297859
2017-02-14,EBL,1641,1670,1610,1655,6617,10862226
2017-02-15,EBL,1655,1709,1650,1707,7379,12397470
2017-02-16,EBL,1707,1760,1700,1726,9877,17115050
2017-02-19,EBL,1726,1750,1706,1745,6419,11137046
2017-02-20,EBL,1745,1805,1740,1763,8380,14821760
2017-02-21,EBL,1763,1820,1735,1740,5584,9886059
2017-02-22,EBL,1740,1765,1706,1719,2555,4424540
2017-02-23,EBL,1719,1730,1685,1710,6856,11678111
2017-02-26,EBL,1710,1730,1696,1710,6117,10410768
2017-02-28,EBL,1710,1700,1680,1681,6173,10413125
2017-03-01,EBL,1681,1746,1700,1700,3305,5639818
2017-03-02,EBL,1700,1720,1700,1714,3316,5663977
2017-03-05,EBL,1714,1751,1725,1740,3347,5843943
2017-03-06,EBL,1740,1758,1739,1742,3999,6988499
2017-03-07,EBL,1742,1730,1709,1727,2926,5035855
2017-03-09,EBL,1727,1735,1730,1730,2681,4642662
2017-03-13,EBL,1730,1740,1730,1740,2385,4132665
2017-03-14,EBL,1740,1740,1715,1716,3337,5759263
2017-03-15,EBL,1716,1730,1700,1723,3733,6402634
2017-03-16,EBL,1723,1735,1715,1715,2636,4547245
2017-03-19,EBL,1715,1730,1710,1723,5127,8805388
2017-03-20,EBL,1723,1760,1745,1758,5197,9108750
2017-03-21,EBL,1758,1809,1750,1800,7666,13630403
2017-03-22,EBL,1800,1890,1815,1835,12493,23159220
2017-03-23,EBL,1835,1850,1810,1850,8004,14683168
2017-03-26,EBL,1850,1892,1835,1876,17283,32342888
2017-03-28,EBL,1876,1989,1900,1989,9601,18534856
2017-03-29,EBL,1989,2030,1950,1960,22767,45081240
2017-03-30,EBL,1960,1999,1900,1945,9238,17869456
2017-04-02,EBL,1945,2014,1950,2014,9308,18359012
2017-04-03,EBL,2014,2140,1990,2000,15591,32153500
2017-04-04,EBL,2000,2010,1940,1994,13813,27270120
2017-04-06,EBL,1994,2010,1975,2000,18388,36767328
2017-04-09,EBL,2000,2060,1990,2045,20148,40456248
2017-04-10,EBL,2045,2100,2030,2075,16618,34501764
2017-04-11,EBL,2075,2142,2085,2100,17207,36319160
2017-04-12,EBL,2100,2140,2080,2082,19474,41141940
2017-04-13,EBL,2082,2100,2000,2080,7507,15529578
2017-04-16,EBL,2080,2100,2030,2049,6466,13255141
2017-04-18,EBL,2049,2009,1845,1845,38872,72761336
2017-04-19,EBL,1845,1950,1781,1925,15738,29107696
2017-04-20,EBL,1925,1960,1853,1871,15995,30394218
2017-04-23,EBL,1871,1950,1892,1910,13822,26519296
2017-04-24,EBL,1910,1948,1881,1890,5702,10822451
2017-04-25,EBL,1890,1900,1843,1880,3552,6665105
2017-04-26,EBL,1880,1880,1869,1869,3451,6474275
2017-04-27,EBL,1869,1885,1851,1885,8111,15204338
2017-04-30,EBL,1885,1899,1848,1851,2862,5340102
2017-05-02,EBL,1851,1865,1819,1860,5178,9559694
2017-05-03,EBL,1860,1886,1790,1801,16393,29841700
2017-05-04,EBL,1801,1890,1820,1843,11922,21929792
2017-05-07,EBL,1843,1841,1811,1820,7045,12849060
2017-05-08,EBL,1820,1826,1806,1812,4127,7490529
2017-05-09,EBL,1812,1829,1810,1820,2569,4681530
2017-05-11,EBL,1820,1823,1797,1803,8093,14578325
2017-05-15,EBL,1803,1810,1786,1790,10873,19530200
2017-05-16,EBL,1790,1800,1766,1770,7073,12561599
2017-05-17,EBL,1770,1800,1758,1760,6310,11143935
2017-05-18,EBL,1760,1765,1746,1750,8446,14796949
2017-05-21,EBL,1750,1775,1710,1715,7858,13572162
2017-05-22,EBL,1715,1700,1666,1677,7425,12456773
2017-05-23,EBL,1677,1700,1675,1690,13086,22107116
2017-05-24,EBL,1690,1700,1665,1698,7987,13434449
2017-05-28,EBL,1698,1700,1670,1679,8035,13541490
2017-05-30,EBL,1679,1680,1651,1665,9628,16031889
2017-05-31,EBL,1665,1700,1650,1690,8459,14168195
2017-06-01,EBL,1690,1710,1678,1681,7565,12774605
2017-06-04,EBL,1681,1682,1675,1682,4930,8277736
2017-06-05,EBL,1682,1696,1685,1689,5874,9929282
2017-06-06,EBL,1689,1760,1693,1760,8619,14854083
2017-06-07,EBL,1760,1800,1740,1740,10385,18363574
2017-06-08,EBL,1740,1748,1700,1739,9122,15774942
2017-06-11,EBL,1739,1712,1680,1690,11907,20135512
2017-06-12,EBL,1690,1689,1660,1684,9164,15371660
2017-06-13,EBL,1684,1747,1680,1720,27508,46886460
2017-06-14,EBL,1720,1755,1735,1740,30055,52348692
2017-06-15,EBL,1740,1750,1720,1724,35929,62109024
2017-06-18,EBL,1724,1726,1690,1695,40182,68562816
2017-06-19,EBL,1695,1710,1660,1665,35462,59390476
2017-06-20,EBL,1665,1697,1632,1665,54285,90136808
2017-06-21,EBL,1274,1330,1270,1318,31422,41083568
2017-06-22,EBL,1318,1390,1330,1380,30402,41502312
2017-06-25,EBL,1380,1426,1391,1415,34408,48645188
2017-06-27,EBL,1415,1426,1400,1400,17064,24097884
2017-06-28,EBL,1400,1392,1365,1365,7852,10857812
2017-07-02,EBL,1365,1370,1322,1323,12601,16780280
2017-07-03,EBL,1323,1355,1330,1348,6786,9132998
2017-07-04,EBL,1348,1365,1350,1355,6812,9235986
2017-07-05,EBL,1355,1361,1335,1350,7801,10555491
2017-07-06,EBL,1350,1366,1350,1355,8990,12216527
2017-07-09,EBL,1355,1400,1356,1362,10674,14620744
2017-07-10,EBL,1362,1369,1350,1355,6277,8529017
2017-07-11,EBL,1355,1365,1356,1356,8918,12138593
2017-07-12,EBL,1356,1360,1350,1358,5915,8018636
2017-07-13,EBL,1358,1358,1350,1353,8748,11841805
2017-07-16,EBL,1353,1375,1356,1368,4432,6055131
2017-07-17,EBL,1368,1367,1360,1363,6497,8865518
2017-07-18,EBL,1363,1385,1367,1375,8420,11572456
2017-07-19,EBL,1375,1400,1377,1393,15048,20927192
2017-07-20,EBL,1393,1404,1393,1395,8936,12492499
2017-07-23,EBL,1395,1400,1383,1386,7292,10134905
2017-07-24,EBL,1386,1396,1359,1380,6786,9387171
2017-07-25,EBL,1380,1395,1355,1377,5433,7458108
2017-07-26,EBL,1377,1376,1360,1365,5914,8083368
2017-07-27,EBL,1365,1376,1361,1371,5911,8101653
2017-07-30,EBL,1371,1380,1360,1375,5863,8060549
2017-07-31,EBL,1375,1400,1375,1385,8396,11659605
2017-08-01,EBL,1385,1398,1392,1396,10213,14244388
2017-08-02,EBL,1396,1408,1396,1401,17364,24341052
2017-08-03,EBL,1401,1411,1402,1405,9458,13293773
2017-08-06,EBL,1405,1429,1405,1420,14094,19960676
2017-08-07,EBL,1420,1430,1408,1415,13195,18716566
2017-08-09,EBL,1415,1417,1403,1405,11217,15847088
2017-08-10,EBL,1405,1415,1390,1401,16438,23125354
2017-08-13,EBL,1401,1410,1398,1398,9548,13404582
2017-08-15,EBL,1398,1395,1375,1376,5099,7053015
2017-08-16,EBL,1376,1400,1365,1367,4881,6755990
2017-08-17,EBL,1367,1375,1367,1374,3024,4142707
2017-08-20,EBL,1374,1370,1334,1340,9838,13234617
2017-08-21,EBL,1340,1340,1321,1339,4343,5773777
2017-08-22,EBL,1339,1339,1300,1315,12027,15847875
2017-08-23,EBL,1315,1350,1315,1315,5849,7769102
2017-08-24,EBL,1315,1325,1311,1325,3861,5083843
2017-08-27,EBL,1325,1325,1315,1318,10484,13819000
2017-08-28,EBL,1318,1322,1301,1307,9266,12137836
2017-08-30,EBL,1307,1320,1295,1304,11313,14763905
2017-08-31,EBL,1304,1301,1288,1299,7943,10261848
2017-09-04,EBL,1299,1300,1260,1266,10524,13407991
2017-09-06,EBL,1266,1298,1260,1270,6634,8427300
2017-09-07,EBL,1270,1280,1265,1272,5509,6995295
2017-09-10,EBL,1272,1260,1225,1225,7963,9873219
2017-09-11,EBL,1225,1240,1219,1225,4931,6054788
2017-09-12,EBL,1225,1227,1205,1210,5711,6912984
2017-09-13,EBL,1210,1210,1170,1190,10841,12870316
2017-09-14,EBL,1190,1241,1190,1240,7278,8768866
2017-09-17,EBL,1240,1299,1260,1272,11685,14906055
2017-09-18,EBL,1272,1291,1228,1232,22228,27705320
2017-09-20,EBL,1232,1220,1191,1207,22886,27516012
2017-09-24,EBL,1207,1219,1200,1205,7959,9614485
2017-09-25,EBL,1205,1220,1207,1220,6754,8177733
2017-09-26,EBL,1220,1235,1220,1225,5330,6544038
2017-10-03,EBL,1225,1240,1225,1240,185,228650
2017-10-04,EBL,1240,1260,1215,1228,4780,5854945
2017-10-08,EBL,1228,1220,1180,1204,5691,6813320
2017-10-09,EBL,1204,1206,1180,1196,7219,8602271
2017-10-10,EBL,1196,1205,1190,1199,10473,12528021
2017-10-11,EBL,1199,1216,1198,1198,7058,8488936
2017-10-12,EBL,1198,1215,1200,1210,4484,5419338
2017-10-15,EBL,1210,1210,1195,1210,2976,3588981
2017-10-16,EBL,1210,1245,1215,1240,4227,5176230
2017-10-17,EBL,1240,1247,1231,1243,6138,7612782
2017-10-18,EBL,1243,1245,1238,1241,5251,6514227
2017-10-22,EBL,1241,1265,1245,1245,2343,2938645
2017-10-23,EBL,1245,1248,1240,1241,4095,5087761
2017-10-24,EBL,1241,1246,1226,1238,3647,4518741
2017-10-25,EBL,1238,1235,1215,1221,6244,7637760
2017-10-29,EBL,1221,1245,1190,1206,5153,6177391
2017-10-30,EBL,1206,1212,1195,1208,6961,8377213
2017-10-31,EBL,1208,1231,1191,1200,6353,7615368
2017-11-01,EBL,1200,1200,1177,1195,5515,6583157
2017-11-02,EBL,1195,1200,1185,1190,5787,6896741
2017-11-05,EBL,1190,1185,1150,1157,13157,15341510
2017-11-06,EBL,1157,1180,1135,1165,9961,11514574
2017-11-07,EBL,1165,1175,1150,1151,9667,11216792
2017-11-08,EBL,1151,1148,1130,1135,7943,9029242
2017-11-09,EBL,1135,1120,1105,1105,28790,32003948
2017-11-12,EBL,1105,1120,1097,1118,7883,8749152
2017-11-13,EBL,1118,1140,1105,1123,17504,19600944
2017-11-14,EBL,1123,1150,1122,1140,16191,18359244
2017-11-15,EBL,1140,1145,1125,1128,11738,13300583
2017-11-16,EBL,1128,1128,1105,1116,20024,22221708
2017-11-19,EBL,1116,1180,1138,1148,66387,76648792
2017-11-20,EBL,1148,1155,1143,1145,23361,26785840
2017-11-21,EBL,1145,1160,1146,1155,22380,25837664
2017-11-22,EBL,1155,1170,1155,1165,17057,19851560
2017-11-23,EBL,1165,1179,1168,1179,16501,19363910
2017-11-26,EBL,1179,1200,1177,1195,20075,23830668
2017-11-27,EBL,1195,1200,1190,1195,17294,20698828
2017-11-28,EBL,1195,1200,1193,1200,7806,9349353
2017-11-29,EBL,1200,1211,1200,1210,13793,16627446
2017-11-30,EBL,1210,1234,1200,1207,11548,13950553
2017-12-04,EBL,1207,1209,1195,1200,13307,15957654
2017-12-05,EBL,1200,1198,1190,1190,10825,12911026
2017-12-06,EBL,1190,1207,1194,1195,15965,19140280
2017-12-10,EBL,1195,1218,1187,1187,10272,12302947
2017-12-11,EBL,1187,1200,1179,1186,14166,16763249
2017-12-12,EBL,1186,1194,1170,1175,13706,16115224
2017-12-13,EBL,1175,1190,1169,1188,10982,12946781
2017-12-14,EBL,1188,1194,1184,1184,6563,7799741
2017-12-17,EBL,1184,1188,1165,1166,13697,16040612
2017-12-18,EBL,1166,1170,1153,1155,18216,21161166
2017-12-19,EBL,1155,1159,1136,1140,17497,20017436
2017-12-20,EBL,1140,1150,1121,1135,17818,20106842
2017-12-21,EBL,1135,1135,1119,1128,16966,19034416
2017-12-24,EBL,1128,1140,1128,1129,18077,20503820
2017-12-26,EBL,1129,1130,1105,1107,18844,21057000
2017-12-27,EBL,1107,1116,1079,1085,66472,72734016
2017-12-28,EBL,816,810,788,798,30229,24037084
2017-12-31,EBL,798,799,790,798,11109,8808342
2018-01-01,EBL,798,835,800,835,17773,14631223
2018-01-02,EBL,835,895,845,861,31454,27465176
2018-01-03,EBL,861,878,852,856,19211,16649658
2018-01-04,EBL,856,872,851,872,10995,9518034
2018-01-07,EBL,872,883,870,875,22352,19547080
2018-01-08,EBL,875,895,885,892,19212,17080584
2018-01-09,EBL,892,934,899,934,24260,22127200
2018-01-10,EBL,934,950,917,922,23008,21360412
2018-01-14,EBL,922,920,906,907,10305,9384183
2018-01-16,EBL,907,907,885,893,10127,9031195
2018-01-17,EBL,893,890,872,883,7133,6271133
2018-01-21,EBL,883,894,880,883,10307,9132908
2018-01-22,EBL,883,890,876,876,7441,6569926
2018-01-23,EBL,876,880,871,872,5043,4406012
2018-01-24,EBL,872,872,865,867,3635,3155707
2018-01-25,EBL,867,872,862,867,8352,7235815
2018-01-28,EBL,867,879,866,873,7520,6553445
2018-01-29,EBL,873,878,860,865,9402,8138438
2018-01-31,EBL,865,868,860,862,7448,6431488
2018-02-01,EBL,862,865,855,863,13391,11536484
2018-02-04,EBL,863,875,857,861,11593,10004659
2018-02-05,EBL,861,865,854,854,6823,5844751
2018-02-06,EBL,854,853,844,845,10160,8610119
2018-02-07,EBL,845,854,840,840,7983,6720219
2018-02-08,EBL,840,845,838,840,9080,7631476
2018-02-11,EBL,840,845,840,842,7963,6705373
2018-02-12,EBL,842,844,837,840,10560,8880004
2018-02-14,EBL,840,844,837,841,6540,5493782
2018-02-15,EBL,841,865,840,860,19376,16603974
2018-02-18,EBL,877,894,858,860,23017,19943228
2018-02-20,EBL,861,861,845,851,6336,5391727
2018-02-21,EBL,851,851,837,841,6835,5745942
2018-02-22,EBL,849,849,833,835,15944,13356941
2018-02-25,EBL,835,835,825,825,6688,5542244
2018-02-26,EBL,835,835,811,817,10719,8761954
2018-02-27,EBL,817,825,813,820,9851,8065740
2018-02-28,EBL,820,820,800,803,15549,12529696
2018-03-04,EBL,789,790,760,770,21092,16324113
2018-03-05,EBL,773,785,762,770,13393,10329639
2018-03-06,EBL,771,790,750,765,16541,12618794
2018-03-07,EBL,773,785,773,780,11376,8861542
2018-03-11,EBL,780,780,759,760,15425,11808628
2018-03-12,EBL,770,770,741,741,20267,15211060
2018-03-13,EBL,745,753,735,735,15304,11344212
2018-03-14,EBL,745,755,735,745,11898,8789101
2018-03-15,EBL,746,754,731,731,11145,8291899
2018-03-18,EBL,735,748,719,737,12631,9236523
2018-03-19,EBL,743,743,722,726,8964,6540689
2018-03-20,EBL,726,726,710,710,13049,9300664
2018-03-21,EBL,710,714,690,693,20878,14506858
2018-03-22,EBL,690,705,675,685,17464,12001681
2018-03-26,EBL,673,685,650,665,18295,12139398
2018-03-27,EBL,660,728,652,715,16465,11136417
2018-03-28,EBL,716,743,701,727,28643,20697344
2018-03-29,EBL,730,744,730,740,17611,13002251
2018-04-01,EBL,742,742,710,727,10320,7460742
2018-04-02,EBL,730,730,721,725,8258,5983643
2018-04-03,EBL,720,727,720,725,10006,7248812
2018-04-04,EBL,728,745,727,740,9887,7233691
2018-04-05,EBL,745,763,745,763,17683,13370282
2018-04-08,EBL,778,808,772,807,30563,24315946
2018-04-09,EBL,820,838,810,814,23809,19625734
2018-04-10,EBL,805,820,790,800,9072,7301655
2018-04-11,EBL,804,804,786,800,6119,4864617
2018-04-12,EBL,816,816,795,797,13365,10731894
2018-04-15,EBL,805,805,785,798,5928,4711491
2018-04-16,EBL,783,809,783,800,5610,4447275
2018-04-17,EBL,805,809,796,804,11512,9238873
2018-04-18,EBL,805,870,800,819,13786,11235084
2018-04-19,EBL,835,838,820,832,20366,16969150
2018-04-22,EBL,848,865,840,857,26389,22468930
2018-04-23,EBL,874,900,845,860,21755,19000278
2018-04-24,EBL,860,860,840,840,8635,7309440
2018-04-25,EBL,835,835,815,825,12187,10079643
2018-04-26,EBL,815,830,798,798,17296,14050837
2018-04-29,EBL,795,805,783,795,8912,7092478
2018-05-02,EBL,785,796,775,789,15908,12475784
2018-05-03,EBL,795,809,790,794,10890,8655268
2018-05-06,EBL,795,795,785,785,7682,6046874
2018-05-07,EBL,781,781,770,776,10821,8397500
2018-05-08,EBL,775,790,770,789,7674,5938735
2018-05-09,EBL,789,789,766,782,7611,5940525
2018-05-10,EBL,778,782,772,773,7205,5590720
2018-05-14,EBL,775,775,764,764,9480,7279083
2018-05-15,EBL,760,760,752,756,5082,3836870
2018-05-16,EBL,753,755,748,750,9741,7312441
2018-05-17,EBL,751,753,745,746,8868,6635811
2018-05-20,EBL,755,755,740,742,9903,7383283
2018-05-21,EBL,746,750,729,733,10451,7696196
2018-05-22,EBL,740,740,728,728,9683,7095726
2018-05-23,EBL,730,735,720,728,7550,5493774
2018-05-24,EBL,730,734,722,725,10633,7728969
2018-05-27,EBL,725,725,700,708,19118,13530986
2018-05-28,EBL,705,735,702,731,8205,5926852
2018-05-29,EBL,736,741,723,736,20797,15242993
2018-05-30,EBL,730,750,729,732,6601,4859497
2018-05-31,EBL,730,735,720,726,8567,6231318
2018-06-03,EBL,726,726,707,708,7789,5554402
2018-06-04,EBL,715,715,700,701,14232,10008084
2018-06-06,EBL,711,727,707,710,4996,3573143
2018-06-07,EBL,710,711,696,697,10833,7613221
2018-06-10,EBL,691,700,680,685,26750,18358344
2018-06-11,EBL,685,700,671,686,16457,11225081
2018-06-12,EBL,680,689,680,682,8557,5860730
2018-06-13,EBL,682,687,681,687,7507,5138389
2018-06-14,EBL,699,700,685,686,3794,2617980
2018-06-17,EBL,681,689,676,679,9962,6785960
2018-06-18,EBL,679,680,667,676,5245,3526330
2018-06-19,EBL,687,687,670,672,8253,5555534
2018-06-20,EBL,675,675,665,670,6266,4191463
2018-06-21,EBL,670,679,660,675,7087,4752739
2018-06-24,EBL,685,685,670,675,9584,6455281
2018-06-25,EBL,675,675,666,670,4035,2702802
2018-06-26,EBL,666,671,660,660,6194,4134411
2018-06-27,EBL,660,670,655,669,9631,6379595
2018-06-28,EBL,670,673,660,665,9563,6389086
2018-07-01,EBL,665,665,653,656,5046,3313194
2018-07-02,EBL,650,670,640,655,12793,8322711
2018-07-03,EBL,647,650,640,650,12155,7820610
2018-07-04,EBL,642,652,638,649,7194,4635178
2018-07-05,EBL,649,672,649,672,8945,5910876
2018-07-08,EBL,684,697,678,678,9306,6371834
2018-07-09,EBL,677,684,664,668,5857,3917004
2018-07-10,EBL,668,680,663,665,7931,5309276
2018-07-11,EBL,666,678,666,667,7899,5301934
2018-07-12,EBL,668,670,657,660,6363,4219842
2018-07-15,EBL,660,661,652,661,8158,5368610
2018-07-16,EBL,660,670,660,663,4933,3273416
2018-07-17,EBL,660,673,660,667,4614,3067397
2018-07-18,EBL,670,670,662,665,4975,3305440
2018-07-19,EBL,667,672,664,672,3040,2031344
2018-07-22,EBL,670,671,662,667,4077,2718620
2018-07-23,EBL,670,671,662,666,4310,2869258
2018-07-24,EBL,666,678,666,670,8708,5833646
2018-07-25,EBL,670,671,666,670,5317,3558289
2018-07-26,EBL,668,675,661,662,3959,2633198
2018-07-29,EBL,665,672,665,672,7319,4892132
2018-07-30,EBL,675,675,664,665,9157,6128333
2018-07-31,EBL,666,668,661,667,3081,2043767
2018-08-01,EBL,665,669,665,669,5745,3828094
2018-08-02,EBL,667,670,665,665,5867,3914129
2018-08-05,EBL,670,670,663,663,11273,7511293
2018-08-06,EBL,664,668,664,665,6285,4183742
2018-08-07,EBL,666,667,665,666,6420,4273388
2018-08-08,EBL,665,668,664,664,8962,5960934
2018-08-09,EBL,665,665,661,662,2933,1942062
2018-08-12,EBL,655,658,648,650,7270,4732546
2018-08-13,EBL,650,651,641,650,10140,6561365
2018-08-14,EBL,655,655,646,650,7244,4696448
2018-08-15,EBL,655,663,649,662,10742,7029079
2018-08-16,EBL,665,666,659,663,14501,9609242
2018-08-19,EBL,675,675,665,667,14480,9665740
2018-08-20,EBL,667,667,660,665,4619,3059672
2018-08-21,EBL,662,662,650,654,6286,4128739
2018-08-22,EBL,654,665,654,658,2365,1559271
2018-08-23,EBL,664,664,652,658,5927,3879959
2018-08-26,EBL,653,660,653,655,5199,3403646
2018-08-28,EBL,660,665,655,660,6193,4083632
2018-08-29,EBL,658,658,648,654,6519,4266550
2018-08-30,EBL,655,661,642,658,4376,2862476
2018-09-02,EBL,658,662,654,658,8901,5852108
2018-09-03,EBL,658,664,648,663,11270,7399712
2018-09-04,EBL,662,663,652,657,7982,5263483
2018-09-05,EBL,660,673,656,665,12375,8225780
2018-09-06,EBL,676,676,657,660,12757,8472555
2018-09-09,EBL,660,673,652,673,6597,4361485
2018-09-10,EBL,673,673,657,660,7365,4869696
2018-09-11,EBL,661,663,660,662,4300,2843324
2018-09-12,EBL,661,663,658,660,3616,2389308
2018-09-13,EBL,659,662,652,653,15051,9881676
2018-09-16,EBL,660,668,655,660,10262,6795184
2018-09-17,EBL,660,665,658,660,8921,5889377
2018-09-18,EBL,660,665,659,660,4712,3111438
2018-09-20,EBL,660,660,651,651,9109,5951004
2018-09-23,EBL,654,658,642,651,20910,13551507
2018-09-25,EBL,663,670,652,654,29564,19381688
2018-09-26,EBL,657,657,643,650,21532,13978886
2018-09-27,EBL,650,655,644,644,23668,15294953
2018-09-30,EBL,643,655,640,640,9309,5992829
2018-10-01,EBL,645,648,630,635,13571,8643257
2018-10-02,EBL,635,644,630,638,11862,7538780
2018-10-03,EBL,633,640,630,635,10980,6962706
2018-10-04,EBL,635,641,630,631,12866,8134069
2018-10-07,EBL,630,632,623,623,9788,6135645
2018-10-08,EBL,624,628,620,625,11391,7116853
2018-10-09,EBL,627,627,621,621,10421,6501878
2018-10-10,EBL,632,632,619,624,8167,5066632
2018-10-11,EBL,624,634,624,631,1648,1035476
2018-10-14,EBL,642,642,630,634,2889,1831883
2018-10-15,EBL,635,645,635,639,6481,4152450
2018-10-21,EBL,640,644,640,641,918,588558
2018-10-22,EBL,650,650,637,637,4236,2720393
2018-10-23,EBL,644,644,635,636,1639,1046864
2018-10-24,EBL,635,637,630,637,4501,2846532
2018-10-25,EBL,638,640,637,637,4091,2611446
2018-10-28,EBL,630,640,627,633,4138,2609081
2018-10-29,EBL,627,635,624,625,5101,3205000
2018-10-30,EBL,627,628,623,627,7954,4969450
2018-10-31,EBL,635,635,620,620,6885,4308770
2018-11-01,EBL,617,625,617,625,7275,4522918
2018-11-04,EBL,613,613,587,591,42925,25494942
2018-11-05,EBL,591,596,590,595,9948,5905566
2018-11-06,EBL,595,602,591,597,1045,625414
2018-11-11,EBL,597,599,580,585,7069,4174485
2018-11-12,EBL,584,590,581,585,6510,3796256
2018-11-13,EBL,594,595,585,593,6226,3676797
2018-11-14,EBL,588,595,588,593,7189,4248900
2018-11-15,EBL,596,596,580,580,9417,5505010
2018-11-18,EBL,581,581,573,575,5274,3046595
2018-11-19,EBL,564,575,564,571,6522,3713422
2018-11-20,EBL,570,571,555,556,8242,4616948
2018-11-21,EBL,556,556,549,551,15079,8298463
2018-11-22,EBL,554,554,545,545,5879,3219501
2018-11-25,EBL,544,544,531,535,14020,7490855
2018-11-26,EBL,531,538,531,538,19514,10429130
2018-11-27,EBL,540,541,537,539,4234,2281671
2018-11-28,EBL,532,542,532,534,8425,4508969
2018-11-29,EBL,535,536,528,530,9598,5110810
2018-12-02,EBL,527,527,520,526,10495,5477676
2018-12-03,EBL,524,530,520,520,9469,4974995
2018-12-04,EBL,520,530,520,530,6316,3320712
2018-12-05,EBL,530,530,520,523,6903,3604585
2018-12-06,EBL,523,525,515,524,8027,4185068
2018-12-09,EBL,530,536,525,534,6918,3656175
2018-12-10,EBL,537,545,533,533,10155,5443919
2018-12-11,EBL,535,543,535,541,17169,9231876
2018-12-12,EBL,531,532,517,528,6139,3190373
2018-12-13,EBL,530,532,518,526,7471,3927214
2018-12-16,EBL,535,544,535,536,7748,4164725
2018-12-17,EBL,545,553,539,540,6440,3480662
2018-12-18,EBL,544,544,530,536,5752,3088104
2018-12-19,EBL,531,539,528,536,5701,3046332
2018-12-20,EBL,546,546,531,531,5302,2855476
2018-12-23,EBL,541,551,535,544,13958,7576641
2018-12-24,EBL,544,545,536,540,8169,4413469
2018-12-25,EBL,549,549,535,540,3165,1700721
2018-12-26,EBL,540,549,540,548,20668,11255523
2018-12-27,EBL,550,562,549,550,24019,13355661
2018-12-30,EBL,550,559,546,548,7456,4106003
2018-12-31,EBL,550,552,538,540,4479,2431898
2019-01-01,EBL,545,548,536,538,5264,2846534
2019-01-02,EBL,548,548,538,540,4507,2458296
2019-01-03,EBL,545,545,535,535,2919,1569058
2019-01-06,EBL,540,540,530,532,6675,3556369
2019-01-07,EBL,535,540,528,532,9134,4860065
2019-01-08,EBL,533,534,530,531,11066,5879327
2019-01-09,EBL,535,535,531,532,8224,4373158
2019-01-10,EBL,535,537,532,536,5665,3031050
2019-01-13,EBL,532,535,531,531,6412,3413832
2019-01-14,EBL,535,535,532,534,5086,2714606
2019-01-15,EBL,541,541,533,534,7057,3776389
2019-01-16,EBL,536,538,532,533,6112,3267730
2019-01-17,EBL,535,535,528,530,7974,4222959
2019-01-20,EBL,535,535,527,530,4082,2157925
2019-01-21,EBL,530,530,520,530,7886,4135809
2019-01-22,EBL,535,535,529,530,2888,1533000
2019-01-23,EBL,523,532,522,528,13607,7148228
2019-01-24,EBL,535,535,525,527,8744,4621516
2019-01-27,EBL,523,526,522,522,8632,4518794
2019-01-28,EBL,525,534,523,527,1234,647909
2019-01-29,EBL,528,530,521,522,3928,2057046
2019-01-30,EBL,528,528,523,525,3558,1869869
2019-01-31,EBL,525,528,524,524,4278,2247338
2019-02-03,EBL,524,524,520,523,16686,8719083
2019-02-04,EBL,526,526,517,517,10619,5514904
2019-02-05,EBL,520,520,516,518,4625,2396847
2019-02-06,EBL,520,520,517,517,5273,2735399
2019-02-07,EBL,516,520,512,518,2279,1175180
2019-02-10,EBL,515,520,512,516,2695,1390708
2019-02-11,EBL,509,517,509,516,4275,2203805
2019-02-12,EBL,512,517,508,513,4310,2214617
2019-02-13,EBL,515,515,508,510,9605,4902200
2019-02-14,EBL,513,513,504,505,7955,4021648
2019-02-17,EBL,501,512,501,504,8295,4189673
2019-02-18,EBL,508,508,503,504,6013,3029341
2019-02-19,EBL,503,515,503,515,8474,4303051
2019-02-20,EBL,525,525,505,508,3493,1786701
2019-02-21,EBL,507,511,503,508,3521,1783645
2019-02-24,EBL,510,511,505,506,3721,1883574
2019-02-25,EBL,505,510,505,510,3948,2005352
2019-02-26,EBL,510,510,505,507,3546,1796351
2019-02-27,EBL,510,512,507,507,3756,1913951
2019-03-03,EBL,510,513,506,510,8267,4209870
2019-03-05,EBL,510,510,506,509,4488,2277426
2019-03-06,EBL,509,514,509,514,8453,4325570
2019-03-07,EBL,512,520,512,518,6312,3262368
2019-03-10,EBL,520,523,516,520,12636,6533659
2019-03-11,EBL,528,530,518,525,15129,7945164
2019-03-12,EBL,527,546,527,542,16348,8789568
2019-03-13,EBL,550,550,537,540,14562,7897254
2019-03-14,EBL,530,545,527,540,8693,4674694
2019-03-17,EBL,542,554,542,554,16079,8848337
2019-03-18,EBL,559,565,550,556,22238,12432531
2019-03-19,EBL,556,557,547,548,5077,2800977
2019-03-21,EBL,551,555,546,552,13678,7512994
2019-03-24,EBL,551,557,546,555,10437,5753227
2019-03-25,EBL,555,558,548,553,10124,5599532
2019-03-26,EBL,548,555,548,555,8320,4590795
2019-03-27,EBL,558,558,553,556,4604,2554675
2019-03-28,EBL,563,563,555,558,9837,5472855
2019-03-31,EBL,560,565,558,561,10611,5940648
2019-04-01,EBL,560,580,556,573,19974,11396976
2019-04-02,EBL,579,599,579,592,27532,16211335
2019-04-03,EBL,595,600,585,592,20165,12010860
2019-04-04,EBL,591,602,591,596,19345,11576825
2019-04-07,EBL,600,615,595,614,26188,15780704
2019-04-08,EBL,618,622,602,608,27111,16639365
2019-04-09,EBL,620,620,601,607,15777,9567540
2019-04-10,EBL,610,610,599,603,6200,3735061
2019-04-11,EBL,603,606,599,600,12840,7716302
2019-04-15,EBL,609,611,600,603,3588,2168002
2019-04-16,EBL,603,614,601,614,10002,6084052
2019-04-17,EBL,625,625,609,620,15966,9844407
2019-04-18,EBL,616,634,612,631,25005,15595230
2019-04-21,EBL,635,680,631,680,26774,17430516
2019-04-22,EBL,680,692,651,670,46587,31684296
2019-04-23,EBL,670,681,660,671,25785,17264524
2019-04-24,EBL,704,704,670,679,13729,9311560
2019-04-25,EBL,684,685,668,671,27955,18945044
2019-04-28,EBL,676,683,670,670,21499,14551512
2019-04-29,EBL,670,673,650,666,12513,8330434
2019-04-30,EBL,666,666,656,665,12311,8139285
2019-05-02,EBL,657,664,656,656,10824,7126248
2019-05-05,EBL,651,659,646,647,16125,10495572
2019-05-06,EBL,650,675,645,675,24621,16090982
2019-05-07,EBL,671,688,666,675,25417,17116898
2019-05-08,EBL,675,675,664,666,8697,5795371
2019-05-09,EBL,670,670,655,665,6560,4347916
2019-05-12,EBL,665,670,655,667,10480,6942504
2019-05-13,EBL,675,675,667,668,8500,5692485
2019-05-14,EBL,670,680,669,674,11593,7814648
2019-05-15,EBL,672,690,670,680,17835,12154197
2019-05-16,EBL,685,686,673,677,9971,6750955
2019-05-19,EBL,685,685,672,673,5550,3742107
2019-05-20,EBL,674,675,662,662,8935,5955542
2019-05-21,EBL,658,675,658,671,8562,5698550
2019-05-22,EBL,672,675,669,671,9708,6514354
2019-05-23,EBL,679,679,659,665,13375,8879215
2019-05-26,EBL,661,666,657,659,13481,8933965
2019-05-27,EBL,654,666,654,659,5876,3889527
2019-05-28,EBL,660,681,657,666,8888,5929633
2019-05-29,EBL,679,681,667,674,15565,10454002
2019-05-30,EBL,700,707,677,677,41142,28306340
2019-06-02,EBL,676,688,671,671,10476,7086399
2019-06-03,EBL,675,675,666,671,17048,11399479
2019-06-04,EBL,665,673,665,666,15798,10551666
2019-06-06,EBL,670,670,664,667,13692,9112910
2019-06-10,EBL,662,666,660,661,11649,7708393
2019-06-11,EBL,660,669,660,665,8072,5364645
2019-06-12,EBL,663,664,658,664,5592,3695574
2019-06-13,EBL,665,666,656,663,10377,6859979
2019-06-16,EBL,658,665,658,660,9672,6396867
2019-06-17,EBL,660,665,655,657,10285,6789371
2019-06-18,EBL,657,663,657,660,7881,5210302
2019-06-19,EBL,650,662,650,661,5172,3410307
2019-06-20,EBL,661,666,660,666,5374,3562554
2019-06-23,EBL,662,665,659,662,7224,4783924
2019-06-24,EBL,662,667,660,665,6968,4621895
2019-06-25,EBL,664,667,663,665,6655,4421165
2019-06-26,EBL,666,667,660,667,9076,6022167
2019-06-27,EBL,667,669,663,663,14844,9867688
2019-06-30,EBL,665,665,653,653,11001,7272899
2019-07-01,EBL,646,658,645,655,7997,5206458
2019-07-02,EBL,653,656,649,656,7934,5187706
2019-07-03,EBL,658,666,654,665,7506,4949469
2019-07-04,EBL,660,666,658,660,5746,3794267
2019-07-07,EBL,654,655,648,650,8377,5449663
2019-07-08,EBL,647,650,643,645,5075,3277163
2019-07-09,EBL,650,654,647,654,7805,5071440
2019-07-10,EBL,648,664,648,659,6522,4295210
2019-07-11,EBL,660,666,655,666,9384,6211369
2019-07-14,EBL,661,666,660,662,5653,3750778
2019-07-15,EBL,662,670,660,663,10458,6935709
2019-07-16,EBL,696,696,664,666,7165,4789812
2019-07-17,EBL,668,680,668,677,17868,12002022
2019-07-18,EBL,675,683,674,675,8558,5790135
2019-07-21,EBL,688,688,666,666,5850,3914774
2019-07-22,EBL,670,672,666,669,12403,8276942
2019-07-23,EBL,672,680,672,678,8396,5683397
2019-07-24,EBL,677,689,677,681,10312,7026084
2019-07-25,EBL,679,680,672,673,7252,4894068
2019-07-28,EBL,661,667,660,660,15409,10204049
2019-07-29,EBL,665,666,658,661,5747,3803770
2019-07-30,EBL,661,666,661,662,3676,2436231
2019-07-31,EBL,662,669,662,666,2056,1367795
2019-08-01,EBL,668,670,660,664,10154,6742978
2019-08-04,EBL,666,669,656,660,16372,10831274
2019-08-05,EBL,660,663,657,658,5004,3295365
2019-08-06,EBL,655,656,650,652,12988,8467002
2019-08-07,EBL,650,656,648,652,9628,6269900
2019-08-08,EBL,664,664,651,653,4380,2862736
2019-08-11,EBL,650,667,650,667,9429,6143068
2019-08-12,EBL,665,665,654,657,5983,3932702
2019-08-13,EBL,657,657,653,655,8123,5320551
2019-08-14,EBL,650,655,647,647,3884,2525813
2019-08-15,EBL,648,648,641,641,2293,1477533
2019-08-18,EBL,645,661,641,642,8553,5531267
2019-08-19,EBL,642,658,642,651,7588,4927819
2019-08-20,EBL,651,653,647,650,3043,1976222
2019-08-21,EBL,650,655,646,651,2284,1482430
2019-08-22,EBL,660,660,648,649,6797,4441511
2019-08-25,EBL,649,655,645,655,6018,3906424
2019-08-26,EBL,645,650,645,648,10637,6883284
2019-08-27,EBL,655,660,648,650,7271,4728459
2019-08-28,EBL,660,660,644,644,2847,1839325
2019-08-29,EBL,645,647,641,644,7637,4921840
2019-09-01,EBL,645,645,630,630,9999,6364867
2019-09-02,EBL,630,630,608,613,8783,5420829
2019-09-03,EBL,611,626,601,626,10507,6421487
2019-09-04,EBL,638,638,624,626,12249,7698553
2019-09-05,EBL,623,626,622,622,6963,4341104
2019-09-08,EBL,620,620,608,610,5239,3207291
2019-09-09,EBL,610,610,590,602,19909,11930100
2019-09-10,EBL,601,610,594,598,5414,3250557
2019-09-11,EBL,593,600,588,590,8523,5045608
2019-09-12,EBL,601,601,580,580,10357,6038838
2019-09-15,EBL,580,585,560,560,11531,6611824
2019-09-16,EBL,555,558,546,550,13354,7353070
2019-09-17,EBL,550,575,550,570,10125,5693724
2019-09-18,EBL,581,590,570,587,14171,8207266
2019-09-19,EBL,587,588,577,580,8210,4774866
2019-09-22,EBL,573,574,564,568,6599,3749987
2019-09-23,EBL,567,571,565,569,2297,1304968
2019-09-24,EBL,560,567,560,565,4415,2493690
2019-09-25,EBL,564,564,553,558,5587,3119730
2019-09-26,EBL,562,562,555,557,4972,2773398
2019-09-29,EBL,561,561,551,554,5665,3142627
2019-09-30,EBL,552,567,550,565,6264,3481366
2019-10-01,EBL,572,579,566,577,6075,3470128
2019-10-02,EBL,576,576,570,572,6655,3818566
2019-10-03,EBL,570,575,570,575,8050,4620690
2019-10-10,EBL,579,584,574,574,1735,998535
2019-10-14,EBL,580,580,550,560,8061,4516764
2019-10-15,EBL,558,559,550,554,7903,4378220
2019-10-16,EBL,553,553,545,546,13000,7124599
2019-10-17,EBL,550,553,546,547,5884,3226674
2019-10-20,EBL,542,550,539,549,13579,7354600
2019-10-21,EBL,555,555,545,545,7786,4256113
2019-10-22,EBL,540,547,540,546,15964,8698017
2019-10-23,EBL,546,550,545,550,3421,1874290
2019-10-24,EBL,560,560,550,557,13345,7390685
2019-10-31,EBL,557,560,553,558,6763,3761209
2019-11-03,EBL,558,559,553,559,5728,3180189
2019-11-04,EBL,551,560,550,557,4864,2684953
2019-11-05,EBL,557,560,535,557,26636,14646435
2019-11-06,EBL,567,567,556,561,7710,4298772
2019-11-07,EBL,567,567,557,557,5269,2946220
2019-11-10,EBL,567,567,552,557,5407,3000623
2019-11-11,EBL,556,565,550,555,9574,5300767
2019-11-12,EBL,555,556,550,552,3189,1758392
2019-11-13,EBL,555,555,550,551,3198,1763600
2019-11-14,EBL,555,560,551,555,2473,1367383
2019-11-17,EBL,555,555,551,555,5668,3128994
2019-11-18,EBL,551,554,551,553,7385,4079332
2019-11-19,EBL,563,563,551,551,2490,1374127
2019-11-20,EBL,555,562,551,555,9828,5429820
2019-11-21,EBL,551,551,548,548,4642,2549876
2019-11-24,EBL,545,545,537,539,9573,5177368
2019-11-25,EBL,529,539,529,538,9179,4911160
2019-11-26,EBL,540,541,535,540,6640,3571226
2019-11-27,EBL,539,549,538,545,4137,2236025
2019-11-28,EBL,545,553,543,545,7980,4349348
2019-12-01,EBL,544,547,537,537,6835,3712315
2019-12-02,EBL,537,541,537,539,4883,2631999
2019-12-03,EBL,540,543,537,541,5510,2978979
2019-12-04,EBL,550,551,542,546,3713,2019360
2019-12-05,EBL,544,552,543,546,4586,2512138
2019-12-08,EBL,546,550,543,546,7268,3967147
2019-12-09,EBL,541,556,541,551,6160,3400008
2019-12-10,EBL,560,569,550,556,5522,3074246
2019-12-11,EBL,563,564,560,563,4648,2612518
2019-12-12,EBL,572,572,560,563,11230,6323197
2019-12-15,EBL,563,583,563,576,13964,7998138
2019-12-16,EBL,579,579,568,575,15557,8906282
2019-12-17,EBL,567,576,567,573,7248,4146084
2019-12-18,EBL,570,575,570,570,6042,3457182
2019-12-19,EBL,575,581,567,569,15255,8710275
2019-12-22,EBL,532,532,525,526,5771,3041535
2019-12-23,EBL,536,536,526,529,6140,3246579
2019-12-24,EBL,529,533,526,526,7312,3868938
2019-12-25,EBL,528,528,525,526,3940,2072840
2019-12-26,EBL,525,527,525,527,3503,1842526
2019-12-29,EBL,526,528,525,525,4555,2392729
2019-12-30,EBL,522,522,517,522,7122,3696796
2019-12-31,EBL,522,530,520,525,5124,2682433
2020-01-01,EBL,525,525,523,525,3613,1893449
2020-01-02,EBL,528,530,524,527,6472,3401210
2020-01-05,EBL,527,546,527,542,12317,6608390
2020-01-06,EBL,550,563,550,558,25500,14244640
2020-01-07,EBL,563,588,563,585,25260,14631228
2020-01-08,EBL,595,603,577,585,21330,12593632
2020-01-09,EBL,584,591,580,586,10461,6124220
2020-01-12,EBL,595,599,589,596,11654,6929948
2020-01-13,EBL,603,619,603,604,17247,10535788
2020-01-14,EBL,604,605,585,596,14918,8922912
2020-01-15,EBL,605,617,595,614,36287,21774158
2020-01-16,EBL,615,637,615,629,27215,17120604
2020-01-19,EBL,635,645,633,642,25366,16233372
2020-01-20,EBL,654,654,620,633,20518,13089161
2020-01-21,EBL,632,634,622,628,16221,10181928
2020-01-22,EBL,630,633,617,617,16588,10338663
2020-01-23,EBL,616,622,610,612,9960,6120815
2020-01-26,EBL,610,610,597,598,20795,12502613
2020-01-27,EBL,598,610,598,610,14545,8793904
2020-01-28,EBL,613,627,613,616,10643,6601639
2020-01-29,EBL,615,617,612,616,11351,6974559
2020-01-30,EBL,625,633,617,630,20431,12800858
2020-02-02,EBL,640,657,640,657,48254,31386708
2020-02-03,EBL,675,675,651,654,17963,11773239
2020-02-04,EBL,654,657,641,641,16025,10397212
2020-02-05,EBL,650,650,643,646,6916,4462927
2020-02-06,EBL,645,646,638,641,10379,6651148
2020-02-09,EBL,630,638,629,630,5808,3665015
2020-02-10,EBL,637,637,626,627,8871,5579359
2020-02-11,EBL,639,647,628,643,12689,8120021
2020-02-12,EBL,648,648,640,641,14522,9339975
2020-02-13,EBL,645,645,638,639,13289,8524073
2020-02-16,EBL,637,638,630,637,13546,8599237
2020-02-17,EBL,649,675,649,670,51892,34431104
2020-02-18,EBL,674,683,665,670,48150,32461306
2020-02-19,EBL,670,672,659,665,12346,8203116
2020-02-20,EBL,675,680,660,680,24088,16216278
2020-02-23,EBL,693,730,691,730,48160,34521752
2020-02-24,EBL,744,763,715,724,67174,49143400
2020-02-25,EBL,738,740,700,740,29348,21374672
2020-02-26,EBL,750,800,745,800,48869,37827968
2020-02-27,EBL,800,880,775,880,127927,106373128
2020-03-01,EBL,897,932,848,864,121923,107256128
2020-03-02,EBL,850,862,786,786,57994,48603616
2020-03-03,EBL,775,837,736,813,130142,103010880
2020-03-04,EBL,814,819,762,764,71316,55821364
2020-03-05,EBL,750,777,707,751,48163,35973944
2020-03-10,EBL,736,751,695,695,32287,23098724
2020-03-11,EBL,700,738,686,738,65770,46917648
2020-03-12,EBL,724,738,702,706,51067,36572260
2020-03-15,EBL,712,712,650,652,65534,44288036
2020-03-16,EBL,650,678,641,656,45835,30090608
2020-03-17,EBL,665,670,632,640,50623,32548024
2020-03-18,EBL,633,648,594,620,37433,23036548
2020-03-19,EBL,608,645,590,630,43107,26741272
2020-03-22,EBL,618,620,606,612,5866,3601276
2020-05-12,EBL,600,600,594,594,320,191280
2020-05-13,EBL,583,583,577,577,100,58000
2020-06-29,EBL,566,566,520,561,16005,8502787
2020-06-30,EBL,560,609,560,609,2524,1472588
2020-07-01,EBL,621,669,621,668,11225,7478035
2020-07-02,EBL,680,680,623,623,17469,11092392
2020-07-05,EBL,623,635,601,630,19370,12085039
2020-07-06,EBL,630,640,620,640,12727,8022788
2020-07-07,EBL,652,672,644,661,25857,17079888
2020-07-08,EBL,665,670,650,660,17497,11562449
2020-07-09,EBL,647,660,647,654,18410,12048405
2020-07-12,EBL,667,667,654,654,14973,9856504
2020-07-13,EBL,686,686,658,663,11375,7531950
2020-07-14,EBL,652,669,652,663,14617,9692314
2020-07-15,EBL,668,693,660,675,43128,28895372
2020-07-16,EBL,682,697,681,693,30949,21381464
2020-07-19,EBL,725,762,725,762,674,512195
2020-07-20,EBL,800,835,764,771,87498,68752592
2020-07-21,EBL,771,780,750,767,46784,35887936
2020-07-22,EBL,775,775,750,755,37256,28297514
2020-07-23,EBL,746,762,740,759,36388,27410730
2020-07-26,EBL,774,774,757,769,26268,20070508
2020-07-27,EBL,771,782,769,770,33183,25688910
2020-07-28,EBL,765,770,757,765,23246,17795160
2020-07-29,EBL,727,757,727,748,43196,32397378
2020-07-30,EBL,750,756,739,754,23942,17880744
2020-08-02,EBL,740,745,725,730,38890,28590396
2020-08-03,EBL,719,734,706,734,32457,23507308
2020-08-05,EBL,730,745,710,721,26135,18805104
2020-08-06,EBL,729,729,708,717,15448,11016652
2020-08-09,EBL,706,718,700,718,14862,10560600
2020-08-10,EBL,718,741,717,735,25556,18660486
2020-08-11,EBL,740,745,725,725,23489,17202276
2020-08-12,EBL,725,734,718,730,15587,11326357
2020-08-13,EBL,730,730,718,725,21518,15564414
2020-08-16,EBL,713,719,707,712,26192,18654291
2020-08-17,EBL,720,720,707,713,10939,7781364
2020-08-18,EBL,714,719,713,717,24756,17705003
2020-08-19,EBL,705,714,705,709,11798,8364885
2020-08-20,EBL,709,717,703,710,6260,4456270
2020-08-23,EBL,723,723,708,713,10729,7633329
2020-08-24,EBL,719,726,716,720,14184,10204802
2020-08-25,EBL,729,729,718,720,11127,8029040
2020-08-26,EBL,729,743,719,731,30013,21871574
2020-08-27,EBL,732,741,730,730,12725,9362415
2020-08-30,EBL,728,728,716,726,4510,3256508
2020-08-31,EBL,737,737,725,729,31676,23089173
2020-09-02,EBL,735,752,730,744,65830,48828828
2020-09-03,EBL,744,753,735,748,25366,18879120
2020-09-06,EBL,757,765,735,736,30374,22632568
2020-09-07,EBL,726,735,721,724,22672,16455484
2020-09-08,EBL,734,735,716,725,12123,8754282
2020-09-09,EBL,720,727,711,723,19782,14261857
2020-09-10,EBL,725,735,720,722,17505,12662382
2020-09-13,EBL,721,736,711,735,100536,72883750
2020-09-14,EBL,740,746,736,736,28557,21112077
2020-09-15,EBL,739,742,725,731,23366,17086259
2020-09-16,EBL,728,733,722,732,19331,14079057
2020-09-17,EBL,732,745,727,741,40742,29963792
2020-09-20,EBL,755,760,744,750,43675,32702595
2020-09-21,EBL,755,755,741,741,23841,17734525
2020-09-22,EBL,745,745,731,733,22895,16809651
2020-09-23,EBL,733,736,725,730,18384,13427734
2020-09-24,EBL,730,733,724,729,15955,11611147
2020-09-27,EBL,739,739,726,732,19903,14557904
2020-09-28,EBL,726,735,726,732,12493,9142154
2020-09-29,EBL,729,730,722,724,15563,11276241
2020-09-30,EBL,730,730,719,720,10455,7538556
2020-10-01,EBL,734,734,720,728,8997,6527618
2020-10-04,EBL,735,735,728,728,19676,14380873
2020-10-05,EBL,739,739,726,728,20608,15023830
2020-10-06,EBL,721,732,721,728,15501,11276019
2020-10-07,EBL,725,728,720,722,28314,20469624
2020-10-08,EBL,730,730,720,721,27508,19922826
2020-10-11,EBL,721,724,715,715,23452,16825701
2020-10-12,EBL,725,725,709,720,25652,18343126
2020-10-13,EBL,719,720,715,717,13813,9904183
2020-10-14,EBL,715,717,709,713,23973,17093184
2020-10-15,EBL,715,720,710,711,12510,8917039
2020-10-18,EBL,720,721,702,704,19357,13698505
2020-10-19,EBL,704,709,704,705,21896,15457196
2020-10-20,EBL,710,714,704,705,33234,23469622
2020-10-21,EBL,718,719,707,712,52538,37348085
2020-10-22,EBL,719,720,709,718,67195,47946910
2020-10-28,EBL,725,739,725,739,62214,45504987
2020-10-29,EBL,748,754,738,740,43927,32742428
2020-11-01,EBL,748,748,720,722,43319,31561349
2020-11-02,EBL,719,726,714,718,36948,26561356
2020-11-03,EBL,717,720,712,718,23898,17146343
2020-11-04,EBL,722,730,716,717,16992,12218188
2020-11-05,EBL,700,700,674,675,240946,164505387
2020-11-08,EBL,670,682,669,671,60053,40379428
2020-11-09,EBL,638,659,638,647,149413,96929469
2020-11-10,EBL,645,663,640,652,76332,49846822
2020-11-11,EBL,655,659,651,653,82988,54309777
2020-11-12,EBL,660,666,653,661,70926,46825148
2020-11-18,EBL,661,661,654,658,43537,28569433
2020-11-19,EBL,658,659,650,652,84246,55063581
2020-11-22,EBL,654,670,654,665,116451,77013891
2020-11-23,EBL,675,677,660,662,46703,30983976
2020-11-24,EBL,662,670,660,666,48049,31895882
2020-11-25,EBL,670,682,662,681,64816,43640271
2020-11-26,EBL,690,715,686,699,121320,85134083
2020-11-29,EBL,712,760,706,744,200518,146155575
2020-11-30,EBL,757,758,722,726,134895,99643437
2020-12-01,EBL,712,724,703,705,71533,50882912
2020-12-02,EBL,710,712,699,706,77551,54576149
2020-12-03,EBL,710,724,701,702,92338,65393742
2020-12-06,EBL,700,702,684,684,62570,43146160
2020-12-07,EBL,680,705,677,702,58068,40127110
2020-12-08,EBL,710,710,686,691,37715,26120150
2020-12-09,EBL,678,690,675,677,51416,34972906
2020-12-10,EBL,669,686,665,686,28701,19456668
2020-12-13,EBL,694,710,688,709,67817,47400090
2020-12-14,EBL,714,720,700,714,71100,50580167
2020-12-15,EBL,745,745,703,708,46551,32947076
2020-12-16,EBL,740,740,700,704,41759,29425505
2020-12-17,EBL,700,710,698,706,66712,47055744
2020-12-20,EBL,706,706,683,686,94760,65893144
2020-12-21,EBL,679,700,666,687,70394,48152040
2020-12-22,EBL,700,715,697,714,111357,78700752
2020-12-23,EBL,719,740,697,714,107334,76635662
2020-12-24,EBL,745,745,708,715,74155,52786265
2020-12-27,EBL,690,694,680,681,63772,43644891
2020-12-28,EBL,681,685,670,680,34621,23556129
2020-12-29,EBL,690,690,671,672,21751,14665436
2020-12-30,EBL,672,720,672,720,121502,85485997
2020-12-31,EBL,725,792,725,768,311306,238560924
2021-01-03,EBL,790,825,783,822,238060,191750678
2021-01-04,EBL,835,835,777,794,173915,139469551
2021-01-05,EBL,793,793,770,780,71975,56361332
2021-01-06,EBL,775,790,769,773,64056,49564149
2021-01-07,EBL,785,790,773,783,75375,58906157
2021-01-10,EBL,744,799,744,782,60149,47250911
2021-01-11,EBL,779,809,773,794,129139,102879154
2021-01-12,EBL,795,809,790,806,85527,68570014
2021-01-13,EBL,814,816,803,803,78532,63629286
2021-01-17,EBL,815,849,810,836,148906,124207781
2021-01-18,EBL,848,852,833,835,129661,109208610
2021-01-19,EBL,836,842,813,821,91813,75775707
2021-01-20,EBL,815,819,807,809,62063,50366392
2021-01-21,EBL,810,815,802,805,72165,58251481
2021-01-24,EBL,810,825,804,823,94462,77093816
2021-01-25,EBL,822,839,811,833,108014,89193024
2021-01-26,EBL,835,835,815,816,56652,46428641
2021-01-27,EBL,818,830,810,820,77835,63612197
2021-01-28,EBL,804,811,790,790,144917,115867420
2021-01-31,EBL,785,785,765,770,114235,88111843
2021-02-01,EBL,770,784,766,772,109978,84812303
2021-02-02,EBL,780,800,770,800,81112,63350297
2021-02-03,EBL,814,816,780,782,51488,40606301
2021-02-04,EBL,790,790,768,774,51579,39944677
2021-02-07,EBL,779,779,766,776,64203,49575549
2021-02-08,EBL,779,803,774,792,71627,56389965
2021-02-09,EBL,807,820,775,782,44848,35110094
2021-02-10,EBL,790,797,770,779,37489,29232671
2021-02-11,EBL,780,798,778,785,72238,56989317
2021-02-14,EBL,789,790,775,775,51502,40239123
2021-02-15,EBL,790,800,779,797,93653,74044059
2021-02-16,EBL,805,808,781,791,104697,83440419
2021-02-17,EBL,830,830,789,814,185645,149859972
2021-02-18,EBL,854,854,810,838,267682,222959920
2021-02-21,EBL,850,850,827,834,119367,99949400
2021-02-22,EBL,838,838,808,813,140427,115181706
2021-02-23,EBL,805,821,791,816,68861,55096919
2021-02-24,EBL,809,864,804,832,205223,171553233
2021-02-25,EBL,832,832,801,805,105579,85732477
2021-02-28,EBL,805,805,776,781,96593,75947976
2021-03-01,EBL,781,799,768,789,71567,56121331
2021-03-02,EBL,800,804,760,765,64371,49683369
2021-03-03,EBL,770,770,740,753,67281,50556357
2021-03-04,EBL,780,781,755,777,51827,39969457
2021-03-07,EBL,772,783,755,767,46468,35593082
2021-03-09,EBL,770,770,753,756,36921,28075719
2021-03-10,EBL,760,778,751,752,32179,24344208
2021-03-14,EBL,763,763,735,740,56246,41598362
2021-03-15,EBL,733,748,723,723,81855,59813422
2021-03-16,EBL,723,744,721,725,31280,22773710
2021-03-17,EBL,735,738,723,735,15356,11247914
2021-03-18,EBL,736,747,733,734,69097,51036021
2021-03-21,EBL,748,750,736,745,21883,16230252
2021-03-22,EBL,752,753,735,736,34545,25564574
2021-03-23,EBL,730,740,730,733,26414,19353218
2021-03-24,EBL,732,744,725,743,29102,21437632
2021-03-25,EBL,750,750,735,735,22482,16634692
2021-03-29,EBL,736,739,727,737,25119,18392453
2021-03-30,EBL,732,739,731,736,21094,15521532
2021-03-31,EBL,736,765,735,755,42469,32047902
2021-04-01,EBL,760,769,752,752,29185,22199061
2021-04-04,EBL,752,755,741,748,31251,23312095
2021-04-05,EBL,760,765,746,747,41431,31244108
2021-04-06,EBL,751,751,740,744,30265,22491040
2021-04-07,EBL,750,758,741,750,39841,29813159
2021-04-08,EBL,740,760,740,747,25140,18812237
2021-04-12,EBL,740,780,740,768,69123,52913798
2021-04-13,EBL,806,806,770,801,119986,94850767
2021-04-15,EBL,841,841,802,814,143622,118496287
2021-04-18,EBL,815,834,800,811,1086498,876299268
2021-04-19,EBL,811,814,788,789,97109,77565650
2021-04-20,EBL,789,799,778,785,52731,41356339
2021-04-21,EBL,784,784,767,770,50076,38606777
2021-04-22,EBL,770,785,755,774,34174,26364320
2021-04-25,EBL,770,770,739,749,77434,58014044
2021-04-26,EBL,750,750,720,725,73419,54024646
2021-04-27,EBL,712,742,710,742,78321,56626820
2021-04-28,EBL,740,740,720,732,27044,19798436
2021-04-29,EBL,727,733,719,729,53554,39000536
2021-05-02,EBL,725,743,720,743,48838,35843386
2021-05-03,EBL,743,745,729,733,63606,46723739
2021-05-04,EBL,722,742,722,730,28630,20955692
2021-05-05,EBL,766,766,725,729,20355,14852564
2021-05-06,EBL,765,765,724,725,43839,31868343
2021-05-09,EBL,761,761,720,725,33218,24095940
2021-05-10,EBL,730,730,720,726,19470,14086756
2021-05-11,EBL,691,736,691,726,50086,36374283
2021-05-12,EBL,726,730,721,726,19404,14045996
2021-05-13,EBL,727,729,721,722,28012,20255436
2021-05-16,EBL,735,737,723,737,119258,86762213
2021-05-17,EBL,740,749,734,737,46533,34370932
2021-05-18,EBL,755,755,733,737,42382,31162254
2021-05-19,EBL,741,749,735,738,99076,73395922
2021-05-20,EBL,745,745,735,740,42582,31475134
2021-05-23,EBL,740,765,728,758,99053,74228587
2021-05-24,EBL,759,770,748,754,81516,61905548
2021-05-25,EBL,754,754,740,743,45636,34021128
2021-05-27,EBL,740,745,733,739,46010,33974473
2021-05-30,EBL,749,750,736,737,76624,56895716
2021-05-31,EBL,737,744,730,730,59791,43929057
2021-06-01,EBL,730,736,725,728,39947,29095798
2021-06-02,EBL,728,732,723,729,24800,18048866
2021-06-03,EBL,730,746,730,733,75821,55938086
2021-06-06,EBL,739,763,739,750,131631,99095515
2021-06-07,EBL,765,779,735,739,88626,65968075
2021-06-08,EBL,735,748,733,740,69274,51268755
2021-06-09,EBL,741,745,736,736,72340,53568950
2021-06-10,EBL,736,739,728,730,74893,54750810
2021-06-13,EBL,732,760,722,740,169191,124110970
2021-06-14,EBL,740,775,740,768,330226,252492965
2021-06-15,EBL,775,811,766,768,170572,132712290
2021-06-16,EBL,774,784,753,761,108958,83880611
2021-06-17,EBL,770,771,750,755,79509,60140760
2021-06-20,EBL,750,754,736,740,107650,80016241
2021-06-21,EBL,731,748,726,730,48350,35400672
2021-06-22,EBL,735,746,726,736,42220,31127573
2021-06-23,EBL,700,750,700,730,51024,37494495
2021-06-24,EBL,730,740,723,727,51112,37180087
2021-06-27,EBL,730,744,722,741,51589,37896996
2021-06-28,EBL,743,754,736,740,33456,24904540
2021-06-29,EBL,736,740,727,731,38681,28312109
2021-06-30,EBL,725,730,720,727,42693,30920481
2021-07-01,EBL,727,735,726,730,19289,14057965
2021-07-04,EBL,730,737,718,729,29971,21762565
2021-07-05,EBL,730,730,722,723,17403,12601270
2021-07-06,EBL,720,737,720,726,23217,16892125
2021-07-07,EBL,726,730,722,723,17861,12955675
2021-07-08,EBL,723,740,723,735,53510,39133446
2021-07-11,EBL,744,750,735,749,83490,61982535
2021-07-12,EBL,745,757,735,736,81348,60758807
2021-07-13,EBL,738,745,735,737,28314,20914029
2021-07-14,EBL,737,745,733,735,21826,16072583
2021-07-15,EBL,771,771,733,738,23296,17186365
2021-07-18,EBL,744,777,744,770,147887,112874414.4
2021-07-19,EBL,785.4,795,768,768,121606,94751644.3
2021-07-20,EBL,779,779,759,761,51553,39318414.8
2021-07-22,EBL,768,789,761,770,84973,65521924.7
2021-07-25,EBL,785,793.5,771,790,151904,119189919.1
2021-07-26,EBL,798.5,805,766,774,123873,96097564.1
2021-07-27,EBL,770,779,750,774,71870,55016013.2
2021-07-28,EBL,785,785,764.1,767,74738,57395922.7
2021-07-29,EBL,767,773,762.3,765.8,72819,55803764.7
2021-08-01,EBL,762,780,759.3,763,94661,72509429.4
2021-08-02,EBL,765,770,755,762,66852,50929097.9
2021-08-03,EBL,775,775,760,767,62224,47591635.5
2021-08-04,EBL,782.3,782.3,761,762,58502,44726564.7
2021-08-05,EBL,764,771,760,760,74147,56697329.2
2021-08-08,EBL,764,772,755,761,59802,45644534
2021-08-09,EBL,756.7,765,755,760,59570,45184386.6
2021-08-10,EBL,775,780,755,772,78917,60550258.2
2021-08-11,EBL,773,780,762,766,75303,57865856.7
2021-08-12,EBL,766,772,761,768,72199,55391234.1
2021-08-15,EBL,752.7,775,750,761.1,109954,83415060.8
2021-08-16,EBL,770,770,755,758.8,93243,70790897.7
2021-08-17,EBL,758,765,752.6,754,78942,59672440.5
2021-08-18,EBL,754,766.8,745.1,759,86901,65700308.5
2021-08-19,EBL,759,768,755,759,62270,47398711.4
2021-08-24,EBL,760,774,755,762,128350,98065734.4
2021-08-25,EBL,762,762,748,748,57858,43595548.3
2021-08-26,EBL,748,758.9,740,746,60566,45187782.5
2021-08-29,EBL,748,748,735,739,145520,107637563.1
2021-08-31,EBL,734,740,729,729.5,85469,62641604.5
2021-09-01,EBL,740,742,730,735,48073,35363872.2
2021-09-02,EBL,736,740,719,727,55505,40325289.7
2021-09-05,EBL,720.1,730,700,700,94032,66776438.6
2021-09-06,EBL,701,753.9,701,753.9,64590,47412111.8
2021-09-07,EBL,750,750,726,728,58356,42741012.3
2021-09-08,EBL,728,730,714,720,30938,22301396.4
2021-09-09,EBL,716,743,716,724,34966,25208163.2
2021-09-12,EBL,724,735,720,732,48111,34949227.7
2021-09-13,EBL,722,741,722,737.5,57122,41926310.9
2021-09-14,EBL,728,745,728,740,32417,23971469.3
2021-09-15,EBL,740,740,726,726,28330,20683836
2021-09-16,EBL,720,720,708.2,713,42233,30126105.9
2021-09-20,EBL,712,715,696,699,65052,45651642.4
2021-09-21,EBL,710,717,677.1,699,61810,43126839.2
2021-09-22,EBL,712,716,706,714,29860,21262580.4
2021-09-23,EBL,728.2,748,722,729,103748,76199396.3
2021-09-26,EBL,743.5,750,731,735,80164,59089010.4
2021-09-27,EBL,735,735,710.3,721,59923,43043695.4
2021-09-28,EBL,708,722,703.1,708,37926,26923997.3
2021-09-29,EBL,708,722,705.1,721,40253,28722151.7
2021-09-30,EBL,711,721,707,713.8,32163,22877811.2
2021-10-03,EBL,715,715,695,697.5,45595,32072068
2021-10-04,EBL,697,709,692.1,696,24531,17177183.2
2021-10-05,EBL,705,709,701,707,11658,8229847.5
2021-10-06,EBL,710,721,707,711.9,33549,23972343
2021-10-10,EBL,726,726,700,700,70850,50085179.5
2021-10-11,EBL,704,707,695,699.6,44763,31348874.1
2021-10-17,EBL,712.9,733,700,714,28229,19915311.8
2021-10-18,EBL,710,710,699.8,700.1,29060,20389292.6
2021-10-19,EBL,697,699,687.3,697,43410,30081945.9
2021-10-20,EBL,710.9,723.5,698,707,74349,52490684.2
2021-10-21,EBL,717.9,718.2,696,705.2,28462,20041643.6
2021-10-24,EBL,697,714,697,713,14376,10205144.5
2021-10-25,EBL,711,720,709.3,720,31214,22332128.7
2021-10-26,EBL,725,740,720,738,58529,42784388.5
2021-10-27,EBL,744.9,744.9,723.4,732,39962,29387594.8
2021-10-28,EBL,738,745,730.1,739,46074,33975604.6
2021-10-31,EBL,724.3,724.3,668.3,691,403999,277926869.1
2021-11-01,EBL,700,700,674.4,674.4,131222,89361180.2
2021-11-02,EBL,670,679,666,670,76516,51290948.6
2021-11-03,EBL,678.9,678.9,660,661,96595,64140832.4
2021-11-08,EBL,658,665,655.1,657,47213,31115389.2
2021-11-09,EBL,652.9,659.9,645.1,645.2,54808,35633330.4
2021-11-11,EBL,645,645.1,633,633,60006,38172274.5
2021-11-14,EBL,630,630,621,623,44165,27554350.9
2021-11-15,EBL,630,630,620,620.5,30352,18931621.8
2021-11-16,EBL,625,640.3,618,636,53001,33050807.3
2021-11-17,EBL,639.9,639.9,624,625,33519,21044856.2
2021-11-18,EBL,637,637.5,618.3,620,33125,20588008.1
2021-11-21,EBL,625,625,616,619,30660,18931972.1
2021-11-22,EBL,619,622.9,614.1,615.3,28278,17437561.3
2021-11-23,EBL,613.5,618,600,607,62740,38021115.5
2021-11-24,EBL,608,609,596,600,64982,38903844.8
2021-11-25,EBL,601,609,600,603,35866,21620271.4
2021-11-28,EBL,595,598.9,586.1,590,33437,19843267.6
2021-11-29,EBL,590,591,582,585,23439,13748318.6
2021-11-30,EBL,580,595,580,588,17277,10093845.7
2021-12-01,EBL,590,594,582,588,16890,9920855.7
2021-12-02,EBL,585,587.9,580,583,35693,20781118
2021-12-05,EBL,550,550,536,538,26581,14347845.9
2021-12-06,EBL,534,548.7,530,539,26969,14447447.8
2021-12-07,EBL,539,549.6,535.1,535.1,17246,9353364.7
2021-12-08,EBL,537,537,526,529,36254,19188360.8
2021-12-09,EBL,532,535,527,534,19000,10101472.5
2021-12-12,EBL,527.5,535,524,525.5,32883,17368333.8
2021-12-13,EBL,520.1,535,515,521.1,32370,16875262.8
2021-12-14,EBL,531,541,521,541,12697,6784993
2021-12-15,EBL,550,550,525.1,527.4,23875,12724068.2
2021-12-16,EBL,528,530,522,523,15383,8078103.7
2021-12-20,EBL,523,526,520,522,13810,7229328.9
2021-12-21,EBL,526,535,521,535,16745,8823998.6
2021-12-22,EBL,540,543,535,538.3,21159,11422214.1
2021-12-23,EBL,548,548,535,540,18732,10110127.2
2021-12-26,EBL,540,549.9,535,543,35252,19130389.4
2021-12-27,EBL,543,545,533,533.1,24159,12983377.2
2021-12-28,EBL,525.6,536,525.6,536,13145,6965901.6
2021-12-29,EBL,536,540,526.2,535.3,14984,8005101
2022-01-02,EBL,536,551.8,532,548,40142,21819449
2022-01-03,EBL,552,576,551.1,573.9,65836,37353840.5
2022-01-04,EBL,571,625,560.1,615,77227,45958834.5
2022-01-05,EBL,615,618.9,591,597,70010,42303701.4
2022-01-06,EBL,598,618,588.4,614,40796,24616154.7
2022-01-09,EBL,624,630,612.5,619,61734,38275882.1
2022-01-10,EBL,629,629,605,610,32762,20108453.1
2022-01-11,EBL,610,620,605,613,26056,15942742.6
2022-01-12,EBL,611,616,599.1,600,42536,25734600.9
2022-01-13,EBL,600,604,595.7,604,31878,19107113.9
2022-01-16,EBL,606,621,602.3,610,67142,40925073.6
2022-01-17,EBL,621,635,615,626,59378,37078226.5
2022-01-18,EBL,630,640,623,630,75571,47720890
2022-01-19,EBL,630,632,614,615,26605,16463614
2022-01-20,EBL,615,615,605,615,45429,27681883.7
2022-01-23,EBL,610,612,597,601,48168,29036615.3
2022-01-24,EBL,596,597,579,582,46044,26971521.5
2022-01-25,EBL,582,593.6,578.2,583,18845,11068276
2022-01-26,EBL,585,588,576,578,13258,7707701.5
2022-01-27,EBL,578,588,576,576,12623,7314110.9
2022-01-30,EBL,587,604,581.3,594.9,19498,11574202.7
2022-01-31,EBL,595,595,580,583,23495,13727096.6
2022-02-01,EBL,576,585,576,585,28069,16311590.3
2022-02-03,EBL,590,595,585,585,29116,17151039.5
2022-02-06,EBL,583,585,578,580,9840,5715693.9
2022-02-07,EBL,578,585,576.1,577.5,8586,4969361.7
2022-02-08,EBL,589,600.7,571.3,579.8,20323,11736352.3
2022-02-09,EBL,573,578,571,572,11995,6881985.5
2022-02-10,EBL,572,572,565,568,17118,9710698.5
2022-02-13,EBL,561,561,550,557,24188,13409758.7
2022-02-14,EBL,557,568.1,550,550.5,26716,14908831.5
2022-02-15,EBL,550.1,556,547,552,20932,11529902.9
2022-02-16,EBL,552.1,573,550,554,12086,6708720.5
2022-02-17,EBL,552.2,564.5,550,555.9,13723,7654415
2022-02-20,EBL,544.8,562,540,562,14121,7770305.5
2022-02-21,EBL,567,578,551.5,578,23725,13360988.9
2022-02-22,EBL,578,601,565,601,22719,13056453
2022-02-23,EBL,589,594.9,576.3,582,30550,17919814
2022-02-24,EBL,577,577,562,565,14046,7967132.4
2022-02-27,EBL,560,568,555,559,20000,11222505.2
2022-02-28,EBL,559,570,553,553,11179,6247086.5
2022-03-02,EBL,548,549,536,539,34679,18749538.6
2022-03-06,EBL,540,549,536.2,537,10190,5501960.8
2022-03-07,EBL,547,547,537,540,19027,10268421.6
2022-03-09,EBL,537,540,531,536,11289,6030498
2022-03-10,EBL,540,540,529,540,30144,16054049.8
2022-03-13,EBL,550,558.9,539,555,14235,7812052.9
2022-03-14,EBL,555,561,550.1,555,2387,1326921.8
2022-03-15,EBL,557,557,540.2,547,19461,10629472.2
2022-03-16,EBL,540.1,556,540.1,544,11603,6317074.4
2022-03-20,EBL,546,546,537,538,11584,6245962.6
2022-03-21,EBL,540,544.9,533.1,544,15163,8144772.6
2022-03-22,EBL,549.9,553,543,546,11326,6213288.8
2022-03-23,EBL,545.5,553,536,539,13480,7280124.9
2022-03-24,EBL,537.9,540,530,535.1,15910,8506122.3
2022-03-27,EBL,531.1,539,528.6,530,23543,12500081.5
2022-03-28,EBL,527,534.9,526,528,9346,4933651.3
2022-03-29,EBL,530,530,524.1,525,12564,6605107.1
2022-03-30,EBL,522,529,522,526,17772,9346149.6
2022-03-31,EBL,533,540,522,522,20708,10868301.9
2022-04-03,EBL,523,525,520.3,521,10005,5225640
2022-04-04,EBL,521,527,520,520.4,10708,5582334.1
2022-04-05,EBL,518,519,512,515.5,24410,12585069.7
2022-04-06,EBL,512,523,512,518,11576,5962998.6
2022-04-07,EBL,520,523.9,513,519,16193,8392790.1
2022-04-11,EBL,529,529,512.1,512.1,19620,10095279.6
2022-04-12,EBL,520,520,508,514,15153,7738358.1
2022-04-13,EBL,515,519,507,519,25490,13059297.6
2022-04-17,EBL,512,520,511,512,9172,4722356.4
2022-04-18,EBL,515,518.9,505,506,12323,6266507.1
2022-04-19,EBL,505,513.8,501,508,10055,5097398.2
2022-04-20,EBL,502.1,512,502,503,7915,4012514.2
2022-04-21,EBL,505,509,498,500,25076,12574993
2022-04-24,EBL,509,519.9,504,510,13619,7000177
2022-04-25,EBL,510,520,508,513,8347,4289115.4
2022-04-26,EBL,512,512,503.3,506,10245,5189582.8
2022-04-27,EBL,501.3,509,501.2,507.8,5553,2800363.7
2022-04-28,EBL,517.4,517.9,505,507,5724,2912890.6
2022-05-02,EBL,501.2,506,500,501.9,16604,8318939
2022-05-04,EBL,500,501,495,495,11207,5569825.1
2022-05-05,EBL,500,500,490,495,12818,6315421.4
2022-05-08,EBL,496,496,486,495,15979,7836546.3
2022-05-09,EBL,490,503.8,490,499,21132,10545309.5
2022-05-10,EBL,508,508,495,500.1,9494,4745826.5
2022-05-11,EBL,503,512,501,510,6630,3367907.7
2022-05-12,EBL,502.2,512,502.2,504,6458,3276829.5
2022-05-17,EBL,495,499,493,494.5,7528,3726815.8
2022-05-18,EBL,490,496,490,495,4292,2119273.7
2022-05-19,EBL,504.9,509,494,494,4908,2429376.1
2022-05-20,EBL,496.1,499,491.2,491.3,4040,1995355.1
2022-05-23,EBL,495,495,486,486,8843,4305286.2
2022-05-24,EBL,487,494.7,485,494.4,8840,4303518.7
2022-05-25,EBL,500,500,490,495,4972,2458476.1
2022-05-26,EBL,499.9,499.9,490,494,8044,3958714.7
2022-05-27,EBL,493,496,486.1,488,11789,5780902.9
2022-05-30,EBL,497,497,480,484,11897,5747530.9
2022-05-31,EBL,475.2,484.5,475,480,10917,5228745
2022-06-01,EBL,484,486,479,481,8708,4191919.6
2022-06-02,EBL,476,480,473.1,473.5,8342,3964242.5
2022-06-03,EBL,482.9,482.9,460,462.6,24101,11234513.3
2022-06-06,EBL,471.8,484,455.3,464,12312,5679189.9
2022-06-07,EBL,464,468,451,451,14040,6425026.7
2022-06-08,EBL,460,468.7,450,468.7,9914,4571355.3
2022-06-09,EBL,478,478,460.1,463,8716,4083063.2
2022-06-10,EBL,472.2,472.2,451,458,10641,4851733.6
2022-06-13,EBL,467.1,467.1,451,456.9,4841,2206586.8
2022-06-14,EBL,466,466,442,453,18610,8351122
2022-06-15,EBL,462,462,440,447,11180,4968758.6
2022-06-16,EBL,438.2,452,438.2,445,8950,3983396
2022-06-17,EBL,453,460,443,445,3827,1710465.8
2022-06-19,EBL,453.9,453.9,438.1,439,10887,4785570.3
2022-06-20,EBL,431.5,439,425.1,427.5,25764,11067802.6
2022-06-21,EBL,428,460,426.8,450.8,12488,5462264.2
2022-06-22,EBL,459.8,459.8,438.1,445,9723,4287213.2
2022-06-23,EBL,436.1,449.8,427,437,12782,5559936.5
2022-06-24,EBL,445,445,428.3,434,6860,2992708.8
2022-06-26,EBL,440,448.8,434.2,445,23201,10205813.6
2022-06-27,EBL,453,453.9,436.1,438,10429,4597801.9
2022-06-28,EBL,431.1,439,425,439,6168,2663980
2022-06-29,EBL,447,447,436.1,442.5,5381,2369561.4
2022-06-30,EBL,449.9,458,436.3,456.9,25538,11499460.7
2022-07-01,EBL,460,463,440,450,14686,6591740.4
2022-07-03,EBL,445,457,440.1,450,25264,11283531.8
2022-07-04,EBL,458.9,460,446,453,28728,13033117.8
2022-07-05,EBL,452.9,458,441.1,445,15694,7012126
2022-07-06,EBL,438.5,452,436.1,444.5,21473,9455881.9
2022-07-07,EBL,453.3,458,435,440,26058,11459994.3
2022-07-08,EBL,440,440,431.5,434,19636,8513180.9
2022-07-11,EBL,430,433,415,415,49290,20774636
2022-07-12,EBL,422.9,423,411,413,31522,13079251.2
2022-07-13,EBL,420,428,416,427.9,19351,8142832.2
2022-07-14,EBL,427.8,434.1,427.8,427.9,58706,25342245.8
2022-07-15,EBL,429,439,429,439,160802,69471528.6
2022-07-17,EBL,432,447,432,446.9,18180,8020621.9
2022-07-18,EBL,446.9,451,440,445,17517,7764529.3
2022-07-19,EBL,440,458.7,436.2,457.9,226720,100526623.2
2022-07-20,EBL,457,462,453,459.4,36982,16915507
2022-07-21,EBL,460,469.2,456.1,459.1,27282,12602744.3
2022-07-22,EBL,455,458.9,450,454,20262,9189883.1
2022-07-24,EBL,454.1,469,452.6,469,33753,15512414.4
2022-07-25,EBL,473,488,468.2,488,49425,23445897.7
2022-07-26,EBL,482,482,470,472,52514,24889906.6
2022-07-27,EBL,472,487.5,462.2,480,27302,12828694.1
2022-07-28,EBL,489.6,508,489.6,491,106912,52875675
2022-07-29,EBL,495,506.5,489,503,42128,21014792.1
2022-07-31,EBL,509,524.9,505,523.3,61945,31953164.9
2022-08-01,EBL,520,535,514,524,83411,43952681.2
2022-08-02,EBL,520,525,515,521,41098,21326654.9
2022-08-03,EBL,520,528,506.2,510,42544,21849200.9
2022-08-04,EBL,500.1,506,493,499,69134,34573734.1
2022-08-05,EBL,491.1,500,489.5,495,19105,9391778
2022-08-07,EBL,499.5,514,495,501,40536,20241588.5
2022-08-08,EBL,511,514,505.1,509,53748,27411053.3
2022-08-09,EBL,505,509.9,500,502,35501,17876413
2022-08-10,EBL,502,504.9,495,501.2,31386,15740894.3
2022-08-11,EBL,505.9,505.9,497,499.9,24378,12171747.8
2022-08-14,EBL,500,503.9,496,496.2,26181,13086680.6
2022-08-15,EBL,496.2,505,496.2,505,21492,10786758.4
2022-08-16,EBL,508,510.1,501,503,17452,8811028.5
2022-08-17,EBL,501,508,501,506,18929,9549717.6
2022-08-18,EBL,515,515,505,510.5,19835,10101706
2022-08-21,EBL,515,519,512.6,515.5,28413,14617992.1
2022-08-22,EBL,513,515,510,511.3,8567,4389607.3
2022-08-23,EBL,514,514,505,509,14669,7463098.4
2022-08-24,EBL,513,515,508,510,48788,25009674.3
2022-08-25,EBL,515,515,505,508.9,23470,11879774.7
2022-08-26,EBL,511,511,500,507,26088,13103530.5
2022-08-28,EBL,507,507,491,496,24947,12418130.7
2022-08-29,EBL,493,499,489,498,19092,9416282.3
2022-08-30,EBL,504.9,504.9,497,499,16801,8382854.7
2022-08-31,EBL,499.1,504.9,491,492,16133,8012531.6
2022-09-01,EBL,497,497,485.1,490,15782,7718158.1
2022-09-02,EBL,490,499.8,485,485,10325,5068726.4
2022-09-04,EBL,494.7,494.7,482,488.9,18187,8835167.2
2022-09-05,EBL,495,495,485.2,487,21382,10458200.1
2022-09-06,EBL,487,489,484,487,10871,5287582.5
2022-09-07,EBL,487.5,489,482.2,487,6937,3363911.2
2022-09-08,EBL,478.2,490,478.2,487.2,7789,3785337.9
2022-09-11,EBL,488,492.7,485,485.9,8333,4066979.1
2022-09-12,EBL,488,488,480.4,480.5,10503,5054484.8
2022-09-13,EBL,490.1,490.1,481,485,6033,2930328.1
2022-09-14,EBL,493.5,499.8,490.2,499.8,13678,6772559
2022-09-15,EBL,496,504.8,483,485,17355,8537829.7
2022-09-16,EBL,475.3,489.3,475.3,488.6,9129,4426342.2
2022-09-18,EBL,485.1,485.1,481,482,6771,3269936.4
2022-09-20,EBL,481,482,470.1,471.6,16279,7693981.8
2022-09-21,EBL,481,483.9,471,479.4,8194,3912469.2
2022-09-22,EBL,487,487,472,476.2,6208,2955280.6
2022-09-25,EBL,480,482,474,478.9,8383,3991515
2022-09-27,EBL,479,487,475,481,7060,3397491.1
2022-09-28,EBL,479,486.5,475.7,476,11381,5445411.9
2022-09-29,EBL,480,484,475,479.9,12727,6073343.8
2022-10-09,EBL,485,499.1,485,495.8,6123,3024691.2
2022-10-10,EBL,497,497,480.2,490,13453,6581919.9
2022-10-11,EBL,490.1,490.1,480,483,15663,7539248.2
2022-10-12,EBL,483,488.9,475.2,484,12887,6239202.1
2022-10-13,EBL,490,490,481.7,485,17855,8648629.5
2022-10-16,EBL,485,510,478,510,176659,84759739.7
2022-10-17,EBL,515,515,499,504,25454,12809485.6
2022-10-19,EBL,505,505,495.5,495.5,10291,5129337
2022-10-20,EBL,495,501,492,493,50236,24904753.7
2022-10-23,EBL,493,505,493,504.9,104319,51632997
2022-10-31,EBL,514,540,508.7,533,84072,43917077.9
2022-11-01,EBL,535,550,531.1,545.2,86135,46805052.5
2022-11-02,EBL,545,552,538,545,62705,34189231.8
2022-11-03,EBL,545,545,528.1,532,75436,40351120.4
2022-11-06,EBL,542.5,550,532.2,540,132005,70901175.4
2022-11-07,EBL,540,541.5,528,531,62810,33553650.4
2022-11-08,EBL,531,534.4,530,530.2,19249,10226168.5
2022-11-09,EBL,530,535,524,525,45490,23970123.4
2022-11-10,EBL,535,535,520,522.9,21021,10988081.9
2022-11-13,EBL,523,523.5,514,514,15813,8167040.7
2022-11-14,EBL,512,518,512,516,14666,7564617.1
2022-11-15,EBL,517,525,516,518,42828,22296325.4
2022-11-16,EBL,520,530.2,518.1,527,30966,16245067
2022-11-17,EBL,530,535.8,525.1,534,40224,21440653.7
2022-11-22,EBL,539,554.9,534.5,544,69909,37820511.6
2022-11-23,EBL,554,554,537.1,538.9,37068,19959073.5
2022-11-24,EBL,544,544,536.7,540,47380,25524242.2
2022-11-27,EBL,540,545,533,544,49984,26919270.2
2022-11-28,EBL,550,550,538.1,539.9,110573,59831861.2
2022-11-29,EBL,478,478,465.5,471,21127,9922577.8
2022-11-30,EBL,476,476,466.6,467,10102,4740772.4
2022-12-01,EBL,463,471,463,470.8,28265,13233328.4
2022-12-04,EBL,470.1,474,467,467.9,17172,8071018.4
2022-12-05,EBL,467,468.9,460,461,10556,4880619.3
2022-12-06,EBL,455,460,452,453.2,11869,5403265.2
2022-12-07,EBL,446,453,446,450,11718,5259423.6
2022-12-11,EBL,450,450,441,443,20126,8934989.1
2022-12-12,EBL,442,446.4,434.2,440,21106,9230198.5
2022-12-13,EBL,448.7,457.7,438,445,27069,11993453.5
2022-12-14,EBL,445,445,438,441,7192,3160200.1
2022-12-15,EBL,438,438,423,430,33792,14520576.8
2022-12-18,EBL,421.5,432,421.5,430,8622,3697120.5
2022-12-19,EBL,431,437.8,425.1,430,59490,25510956.8
2022-12-20,EBL,430,436,430,432,15066,6526321.7
2022-12-21,EBL,435,443.7,432,435,11352,4926725.9
2022-12-22,EBL,435,437,427.2,435.9,59696,25599106.7
2022-12-26,EBL,444.6,452,436,449,21372,9536002.6
2022-12-27,EBL,457.9,478.3,457.7,476.9,89272,41929003.4
2022-12-28,EBL,486.4,486.4,466.6,471,8889,4209137.3
2022-12-29,EBL,465,481.8,460,480,38611,18354236.6
2023-01-01,EBL,485,500,472.9,477,75713,36711902.2
2023-01-02,EBL,470,492.5,468,490,38769,18783637.8
2023-01-03,EBL,487,503,487,502,65666,32709747.4
2023-01-04,EBL,509.9,520,501,520,82922,42350445.6
2023-01-05,EBL,521,529,511,520,58167,30153472.3
2023-01-08,EBL,515,531,514.9,522.5,88355,46334587.9
2023-01-09,EBL,522,532.9,516,528,79213,41826941.7
2023-01-10,EBL,535,558.9,515,519,64340,34237998.2
2023-01-12,EBL,529,535,502,507,72380,37262062.8
2023-01-17,EBL,507,515,501,512.1,21923,11151985.6
2023-01-18,EBL,519,520,507,510,15164,7763517.2
2023-01-19,EBL,510,536,507.1,518,33985,17527479.8
2023-01-23,EBL,528.3,547.9,528.3,538,185572,100271577.8
2023-01-24,EBL,540,548.7,528.5,533,44859,23959233.9
2023-01-25,EBL,535,536,527,530,25755,13655532.6
2023-01-26,EBL,528,530,518.7,518.7,31997,16671198.8
2023-01-29,EBL,519,525,512.2,518,25712,13295792.5
2023-01-30,EBL,516,516,505.1,505.1,29694,15161629.1
2023-01-31,EBL,500.1,509.9,500.1,504,20379,10278004.8
2023-02-01,EBL,501,513,501,504,13192,6686276.7
2023-02-02,EBL,508,520,506.5,507,46722,23963167.3
2023-02-05,EBL,510,519,510,514.4,33740,17376284.5
2023-02-06,EBL,515,521,510,521,36777,18977346.2
2023-02-07,EBL,520,545,516,539.9,68851,36901180.5
2023-02-08,EBL,540,548,536.1,546,136423,73855554.2
2023-02-09,EBL,546,552,539,550,61945,33830289.4
2023-02-12,EBL,548,548,530,532,72854,39034632.8
2023-02-14,EBL,524,532,524,526.9,29599,15609408.8
2023-02-15,EBL,524,530,520,524,31592,16529698.9
2023-02-16,EBL,517.1,522,516.2,517,26769,13890086.4
2023-02-20,EBL,520,520,508.2,513,15510,7936439.4
2023-02-22,EBL,514,522,513,520,16273,8417167.2
2023-02-23,EBL,511.6,514.5,508,511,34849,17796708.1
2023-02-26,EBL,502,514.4,502,512,41280,20897117.6
2023-02-27,EBL,520,530,505,512,25874,13220915.5
2023-02-28,EBL,519.9,519.9,508,516,19371,9942152.3
2023-03-01,EBL,506.3,515,506.3,509,15985,8139466.4
2023-03-02,EBL,505,510,500,503,26744,13435697.7
2023-03-05,EBL,505,505.1,495.1,500,23016,11486136.6
2023-03-07,EBL,500,509,499,505.5,25805,13007424.5
2023-03-09,EBL,513,520,508,520,34599,17739929.5
2023-03-12,EBL,520,520,505,509.9,16549,8464155.8
2023-03-13,EBL,505,508,499.3,503,26608,13366033
2023-03-14,EBL,502,511.9,497.1,511.9,37524,18897461.4
2023-03-15,EBL,510,511,492,504.9,18853,9452363.8
2023-03-16,EBL,500,506,498.1,501.1,14420,7229027.6
2023-03-19,EBL,505,506,500,505,19303,9708560.6
2023-03-20,EBL,505,510,505,506,20767,10528556.9
2023-03-22,EBL,505,507,502,506,14478,7305828.9
2023-03-23,EBL,502.1,504,496.1,497.1,23861,11918047.8
2023-03-26,EBL,495.1,500,492,493,13829,6838888.7
2023-03-27,EBL,500,500,483,494.8,19994,9783215.5
2023-03-28,EBL,494,504.5,490,490,18734,9315173
2023-03-29,EBL,499.6,499.6,490,491,15110,7437198.8
2023-03-30,EBL,499,499,489.6,495,20918,10294364.1
2023-04-02,EBL,502,502,490,491.9,20715,10230437.7
2023-04-03,EBL,492,492,487,489,12749,6230646.5
2023-04-04,EBL,486,490,481,485,13664,6618187.2
2023-04-05,EBL,490,490,482,487,8657,4204236.5
2023-04-06,EBL,494,494,485,487.9,14284,6948962.6
2023-04-09,EBL,488,488,479,481.8,23690,11401729
2023-04-10,EBL,490,490,480.6,481,18201,8815303.3
2023-04-11,EBL,490,490,481,483,11619,5611387.2
2023-04-12,EBL,492,509,492,507.2,20280,10208986.6
2023-04-13,EBL,516,517,500.1,508,21341,10853655.8
2023-04-16,EBL,512,514,501,514,21569,11001934
2023-04-17,EBL,514,514,507,513.9,17094,8729016.3
2023-04-18,EBL,513,520,498,510,21198,10680030
2023-04-19,EBL,520,520,507,511.5,6125,3121087.7
2023-04-20,EBL,521,530,515,529.9,55941,29176198.3
2023-04-23,EBL,530,534,518,520,30821,16077398.9
2023-04-24,EBL,517.2,524,515,522,25431,13202313.1
2023-04-25,EBL,511.6,530,511.6,528,30919,16258641.2
2023-04-26,EBL,538.5,538.5,524.5,529.9,60401,31787743.5
2023-04-27,EBL,540.4,561,522.3,539,69760,37691419.1
2023-04-30,EBL,540,549,531.4,533,44857,24035994.1
2023-05-02,EBL,535,540,530.1,538,33372,17831937.2
2023-05-03,EBL,547.1,547.1,530,533.9,11611,6176166.5
2023-05-04,EBL,539,539,528,535.8,31121,16570866.4
2023-05-07,EBL,545,545,523.5,537,25354,13443067.6
2023-05-08,EBL,537,537,526,535,22829,12052264.7
2023-05-09,EBL,541.9,541.9,528,529,16818,8932761
2023-05-10,EBL,535,535,524.3,530,25507,13463426.4
2023-05-11,EBL,522.1,529.9,522.1,527.9,12900,6789959.6
2023-05-14,EBL,537,537,518,523,19787,10309203
2023-05-15,EBL,521,527,516,526.6,17787,9288666.4
2023-05-16,EBL,522,527,522,525,12365,6489746.2
2023-05-17,EBL,525,528,522.1,528,21327,11191234.6
2023-05-18,EBL,532.9,546.7,525,546.7,66714,35984031
2023-05-21,EBL,547,549,536.1,540,34019,18444923.4
2023-05-22,EBL,536,543.5,531,534,40158,21582006.5
2023-05-23,EBL,544,555,539,552,81022,44284283.6
2023-05-24,EBL,555,555,547,550.9,70489,38831352.9
2023-05-28,EBL,555,555,540,542,54930,30137096
2023-05-30,EBL,535,547,530,534,93471,50081089.4
2023-05-31,EBL,534,534,518,525.8,66071,34666659.2
2023-06-01,EBL,520,532.9,520,528,35905,18942369.2
2023-06-04,EBL,538.5,559.9,533,540,46144,24856009.7
2023-06-05,EBL,540,545,529,532,29343,15690235.3
2023-06-06,EBL,532,539.5,531.3,536,20589,11037467.6
2023-06-07,EBL,530,540,530,533.9,24048,12899627.9
2023-06-08,EBL,535,537,530,534,16480,8805036.8
2023-06-11,EBL,544,544,533.5,534,30414,16307629.2
2023-06-12,EBL,534.1,542,534,536,44162,23713219.7
2023-06-13,EBL,535,544,535,541,40536,21847116.9
2023-06-14,EBL,549,555.5,542,546,104638,57265908.6
2023-06-15,EBL,550,554.9,543,545.4,63569,34834779.4
2023-06-18,EBL,547,554.9,540,546.9,70011,38026291.6
2023-06-19,EBL,548,557,538,546,24650,13362301.2
2023-06-20,EBL,545.1,552,543,543,21027,11528739.8
2023-06-21,EBL,539.1,544.9,539.1,544.9,107381,58054871.7
2023-06-22,EBL,544.9,545,539,542,40453,21894598
2023-06-25,EBL,544,580,538.5,563,108674,60333709.4
2023-06-26,EBL,563,596.7,563,581.9,162224,94322273.3
2023-06-27,EBL,593.5,593.5,580,584,88115,51559975.9
2023-06-28,EBL,580.1,583.9,568.5,569.9,58332,33484460.4
2023-07-02,EBL,570,575,552,554.5,45079,25263394.1
2023-07-03,EBL,562,564,548,549.1,23979,13286833.9
2023-07-04,EBL,546,560,546,551.5,41612,22860984.2
2023-07-05,EBL,562.5,572,548,549.9,47740,26291026.6
2023-07-06,EBL,550,550,545,547,39447,21570883
2023-07-09,EBL,557,560,547.4,560,30337,16839492.2
2023-07-10,EBL,564,569,555,559,24259,13585393.1
2023-07-11,EBL,560,563,551.1,551.1,18458,10263686.2
2023-07-12,EBL,551,560,550,559.9,30139,16726287.6
2023-07-13,EBL,565,568,560,562,50396,28384806.8
2023-07-16,EBL,570,581,558,563,21678,12190367.6
2023-07-17,EBL,563,581.5,560,581.5,61987,35622103.2
2023-07-18,EBL,584,605,580,592,102513,60630511.4
2023-07-19,EBL,592.1,594.5,587,590,93945,55438882.9
2023-07-20,EBL,590,596,586,589,63738,37559543.7
2023-07-23,EBL,590,619,588,617,160818,96933578
2023-07-24,EBL,613,617,600,614.9,134534,82346451.2
2023-07-25,EBL,619,619,595,596,126711,76205700.2
2023-07-26,EBL,596,604.9,591,595.9,115321,68906770.2
2023-07-27,EBL,588.1,605,588.1,595,101187,60380616.3
2023-07-30,EBL,600,623,597,602,168940,102062481.9
2023-07-31,EBL,609,609,595,603,65100,39228662.5
2023-08-01,EBL,605,606,593,597.9,60963,36598531.9
2023-08-02,EBL,592,605,592,599,59747,35766841.8
2023-08-03,EBL,603.9,604,598.1,599,47830,28695932.4
2023-08-06,EBL,610.9,623,599,604,201116,122124798.5
2023-08-07,EBL,609.9,610,600,604.9,111109,67158573.7
2023-08-08,EBL,616.9,616.9,600.3,607.7,73286,44339013.6
2023-08-09,EBL,607,612.9,603,608.1,72822,44109335.2
2023-08-10,EBL,619,619,607,608,66031,40298720.9
2023-08-13,EBL,611,620,607.2,620,80282,49420299.2
2023-08-14,EBL,623,632,620,628,87666,55088988.9
2023-08-15,EBL,633,633,616,620,82978,51891796.7
2023-08-16,EBL,620,620,607.8,612.8,52437,32053470.7
2023-08-17,EBL,610,619.5,610,614,39111,24055404.3
2023-08-20,EBL,620,621,615,617,33136,20494376.1
2023-08-21,EBL,611,619,610.1,612,35625,21893289.7
2023-08-22,EBL,621.7,621.7,610.4,616,28236,17323311.2
2023-08-23,EBL,616,621.9,615,616.1,33312,20556503.1
2023-08-24,EBL,623.9,624,610.5,612.3,39295,24224143
2023-08-27,EBL,610.1,613.9,607.4,608,34903,21267382.4
2023-08-28,EBL,618,618,606,608,22545,13730397.8
2023-08-29,EBL,608,613.9,606,606.4,24425,14834549.6
2023-08-30,EBL,608,613.9,602.3,604,39659,24086276.4
2023-09-03,EBL,608,608,595.9,596,54008,32343754.3
2023-09-04,EBL,600,603,594,597.3,39224,23412563.8
2023-09-05,EBL,599.9,604,598.1,599,39347,23629321.3
2023-09-07,EBL,600,600,590,590,51200,30370796.1
2023-09-10,EBL,594,605,594,603,52133,31313554.7
2023-09-11,EBL,610,626,605,620.3,92085,57115314.9
2023-09-12,EBL,626.9,629,616,617.8,73335,45511841.2
2023-09-13,EBL,620,627,618.6,626.7,102504,63831797.8
2023-09-17,EBL,614.2,614.2,585.5,586.1,211763,125456780.4
2023-09-18,EBL,581,586,578,583,62121,36082628.1
2023-09-19,EBL,585,600,581,594,34573,20312786.8
2023-09-21,EBL,602,603.8,585,589,83801,49493125.3
2023-09-24,EBL,592,592,582,584,46852,27402124.5
2023-09-25,EBL,588,588,578.1,580,28395,16478822.4
2023-09-26,EBL,590,590,578,579.7,19577,11374607.5
2023-09-27,EBL,589,589,568,571,65895,37773174.8
2023-10-01,EBL,575,575,560,561.8,57462,32358609.6
2023-10-02,EBL,562,569,558.5,566,94297,53181287
2023-10-03,EBL,514.5,520,500,503,44579,22428610.3
2023-10-04,EBL,500.1,507.9,495,496,24393,12158433.3
2023-10-05,EBL,499.9,499.9,488.2,492.9,27263,13388558
2023-10-08,EBL,495,495,482,482.1,32361,15732753.1
2023-10-09,EBL,480,484,475.1,476,19740,9445879.2
2023-10-10,EBL,479.9,480,466,468,21938,10317913
2023-10-11,EBL,468,472,461,462,30223,14044596.8
2023-10-12,EBL,462,462,452.8,454,26989,12318010.5
2023-10-16,EBL,454,458,448,453,18964,8557752
2023-10-17,EBL,450,459.5,450,459,23533,10740631.8
2023-10-18,EBL,460,482,459,479,32405,15264148.6
2023-10-19,EBL,479,490,471,483.9,26388,12798938.8
2023-10-29,EBL,492.9,492.9,468,471,6894,3254326.1
2023-10-30,EBL,469,471,465.1,469.7,10700,5002846.5
2023-10-31,EBL,466.1,470,466,469,7682,3589267
2023-11-01,EBL,470,470,465,468,10788,5038773.4
2023-11-02,EBL,468,468,460,462,9244,4272885
2023-11-05,EBL,460,462,452,455,15335,6980875.6
2023-11-06,EBL,463,467,453,455,15961,7358786.9
2023-11-07,EBL,463,467,455,457,15143,6926159.8
2023-11-08,EBL,456,460,454.5,457,13856,6320427.2
2023-11-09,EBL,464,466,458,461.9,11683,5380383.5
2023-11-20,EBL,465,470,465,467.9,10897,5084388.3
2023-11-21,EBL,476.5,476.5,462.1,467,10693,4968434.9
2023-11-22,EBL,461,467,458.2,466.2,10489,4867156.8
2023-11-23,EBL,464,469,462.2,468,14263,6646334.5
2023-11-26,EBL,470,480.4,466.2,480,16004,7595638.5
2023-11-27,EBL,475.5,482.5,475.5,476,9327,4463866.5
2023-11-28,EBL,480,481,477,481,8487,4069526.6
2023-11-29,EBL,490,490,472,472,6581,3140856.3
2023-11-30,EBL,472,479.8,465,473,11470,5400847.8
2023-12-03,EBL,475,475,464,471.9,9189,4294218.4
2023-12-04,EBL,470,470,462.5,468.3,9791,4568992.9
2023-12-05,EBL,465.2,470,465.1,470,6166,2876994.8
2023-12-06,EBL,477,479,464,470,11956,5618300.3
2023-12-07,EBL,469,476,469,475,11647,5493346.1
2023-12-10,EBL,484.5,520,484.5,520,2993,1503427
2023-12-11,EBL,528,530,502,503.8,62454,31902793
2023-12-12,EBL,513.8,513.8,504,511.5,60472,30723152.6
2023-12-13,EBL,512,520,511.5,518,30557,15780468.5
2023-12-14,EBL,519,530,518,523,42665,22278024.8
2023-12-17,EBL,517,523.9,513.1,522.3,39094,20340072.4
2023-12-18,EBL,529,539,523,538,62981,33383158.6
2023-12-19,EBL,538,548,535,546,49869,26998099.9
2023-12-20,EBL,554,560,543.9,545,43879,24068783.2
2023-12-21,EBL,545,550,525.3,530.1,50049,26609086.9
2023-12-24,EBL,530.1,530.1,518.2,521,28896,15151046.8
2023-12-27,EBL,531,531,507,509,31287,16051467.6
2023-12-28,EBL,505.1,515,505.1,510,16733,8567889
2024-01-01,EBL,509,518,509,512,21421,10966966.4
2024-01-02,EBL,509,509,502,505,36344,18340281.7
2024-01-03,EBL,505,509,500.1,506.1,21410,10785420.9
2024-01-04,EBL,508.1,512,507.3,507.3,24409,12436345.5
2024-01-07,EBL,500,508,500,503,38894,19603781.4
2024-01-08,EBL,505,509.9,502.1,506,39068,19712210.2
2024-01-09,EBL,506,515,506,512,38285,19569601.8
2024-01-10,EBL,514,527,514,519.9,51897,27006969.6
2024-01-11,EBL,530,530,516.2,519,22910,11891909
2024-01-14,EBL,525,525.7,516,524,40718,21226259.4
2024-01-16,EBL,524,530.5,480,530,33330,17408603.2
2024-01-17,EBL,520.3,551.8,520.3,531,80086,43147230
2024-01-18,EBL,526,554,519.4,554,64489,34330284.5
2024-01-21,EBL,555,555,526,526,96364,51397476.1
2024-01-22,EBL,534,534,522.3,523,70924,37390553.1
2024-01-23,EBL,521,529,520,523,41319,21712178.7
2024-01-24,EBL,525,529,524,526,44433,23379213
2024-01-25,EBL,526,535,523.3,530.1,49908,26433321.5
2024-01-28,EBL,532,538.1,532,537.8,55869,29867668.66
2024-01-29,EBL,537.1,544,532,542.8,60388,32665237.4
2024-01-30,EBL,549.5,549.5,537,540,39286,21332658.7
2024-01-31,EBL,540,540,530,534,47569,25387752.3
2024-02-01,EBL,530,539,526,527,39795,20984983.6
2024-02-04,EBL,527,531.8,522.2,528.1,25855,13634866.4
2024-02-05,EBL,535,535,525,528,24905,13142417.9
2024-02-06,EBL,536.5,536.5,527,529,24504,12964263.3
2024-02-07,EBL,539.5,539.5,530,533.9,22970,12240621.5
2024-02-08,EBL,529,534,525,527.5,20479,10834809.4
2024-02-11,EBL,530,532,521.4,521.4,21792,11451190.2
2024-02-12,EBL,522,525,521.6,525,27227,14228881
2024-02-13,EBL,522.2,523.9,515,521,35056,18223799.3
2024-02-14,EBL,525,528,521,527,34100,17881931.8
2024-02-15,EBL,522.1,528,519.1,522,11587,6044442.3
2024-02-18,EBL,522,522,517,519,22430,11657239.6
2024-02-20,EBL,519,524.7,511,518,13578,7054799.7
2024-02-21,EBL,520,524,515.2,516,13463,6972477.1
2024-02-22,EBL,515,519.3,511.2,512.3,14574,7492753.8
2024-02-25,EBL,512,512,498.5,499,49205,24672577.8
2024-02-26,EBL,499,508,499,502,19334,9740743.7
2024-02-27,EBL,498,512,498,510,17908,9046754.2
2024-02-28,EBL,510,510,500,502.4,18434,9251130.1
2024-02-29,EBL,495,509.9,495,499.1,18995,9494230.6
2024-03-03,EBL,500,504.9,490,494,31759,15697269
2024-03-04,EBL,503.8,524,503.8,524,30,15416
2024-03-05,EBL,530,530,498,507.8,24249,12287658.3
2024-03-06,EBL,517,517,502.2,509,23145,11731310.7
2024-03-07,EBL,519.1,520,507.3,508,14957,7667599.7
2024-03-10,EBL,515,515,510,513.9,11123,5707683.6
2024-03-12,EBL,524.1,528,515,526,27965,14650158.7
2024-03-13,EBL,536.5,536.5,516,522,15620,8166200.1
2024-03-14,EBL,515,520,514.1,517,13637,7038977
2024-03-17,EBL,510,521,510,516,20016,10347538.4
2024-03-18,EBL,516.5,520,515.9,517,24541,12690857.2
2024-03-19,EBL,515,518,512.6,512.8,19048,9814513.2
2024-03-20,EBL,522,522,512.2,514.1,13640,7006231
2024-03-21,EBL,512,518,511.2,513.1,15525,7973915.1
2024-03-25,EBL,510,511,502.3,503,29900,15124697.1
2024-03-26,EBL,505,509,503.4,506.3,16132,8156601
2024-03-27,EBL,507.9,508,502.5,505,23873,12065071.1
2024-03-28,EBL,504.5,508.8,503,503.7,23558,11902101.6
2024-03-31,EBL,510,510,498,500,29864,14954015.7
2024-04-01,EBL,498,503,494,496,28099,13940383.3
2024-04-02,EBL,498.1,500,492,497,33711,16707669.4
2024-04-03,EBL,497,506,490.5,494,39455,19507519.9
2024-04-04,EBL,493,496,490.6,493,35709,17581142.8
2024-04-07,EBL,493,500,487.3,500,17202,8486792
2024-04-09,EBL,510,510,500,503.9,12671,6378263.9
2024-04-10,EBL,502,505,500.2,505,20985,10564523.4
2024-04-14,EBL,509,509,498,503.8,25363,12702920.8
2024-04-15,EBL,504.7,504.7,498.2,500,16601,8304799.7
2024-04-16,EBL,495.3,500,495.3,497,10227,5084513.5
2024-04-18,EBL,505,505,494,497,7434,3683859.5
2024-04-21,EBL,505,508,499.5,506,18528,9288856.2
2024-04-22,EBL,504.1,509.8,503,504.9,16174,8172307.5
2024-04-24,EBL,501.1,506,501.1,505.9,13536,6827875
2024-04-25,EBL,505.9,505.9,500,505,10713,5378058.4
2024-04-28,EBL,505,506,498.2,505,30043,15115216.2
2024-04-29,EBL,505,506,502.2,505,14002,7066278.8
2024-04-30,EBL,515.1,515.1,505,509,15772,8022171
2024-05-02,EBL,519.1,519.1,504.1,505.4,19183,9738021.6
2024-05-05,EBL,505,508,500,500,22588,11322451.1
2024-05-06,EBL,503,503,492.1,497.9,28543,14203210.9
2024-05-07,EBL,500,500,496,499.6,20651,10272531.7
2024-05-08,EBL,498,505,496,502,9557,4766222.4
2024-05-09,EBL,495.1,499.5,495.1,499,13206,6570079.5
2024-05-12,EBL,501,503,494,500,33282,16530723.2
2024-05-13,EBL,502,512,500,509.9,29128,14808771.3
2024-05-14,EBL,519.8,519.8,508,511,23270,11884748.4
2024-05-15,EBL,521,521,507,510,17063,8718329
2024-05-16,EBL,505,512,502.5,512,21450,10878659.8
2024-05-19,EBL,522.2,523,509,517,52012,26946255.4
2024-05-20,EBL,527,544,522,532,103898,55441818
2024-05-21,EBL,542,542,532,541.9,63560,34103675.7
2024-05-22,EBL,542,559,537.3,550.9,131084,72088351.4
2024-05-26,EBL,555,556,541.2,546.9,70491,38381831.1
2024-05-27,EBL,550,550,538.5,540,53168,28872317.1
2024-05-29,EBL,549.9,549.9,528.3,529,37485,20042888.5
2024-05-30,EBL,530,530,522,523,30166,15847861.5
2024-06-02,EBL,523,528,520,526.7,16905,8878713.5
2024-06-03,EBL,526.7,528,522.2,527.8,12259,6432326
2024-06-04,EBL,524.3,530.5,524.3,530.5,31818,16815785.2
2024-06-05,EBL,520,531,520,528.9,17664,9316968.8
2024-06-06,EBL,528.1,528.1,521.2,528,27100,14214538.1
2024-06-09,EBL,538.5,538.5,525,527,25534,13439352.5
2024-06-10,EBL,537.5,537.5,520,529.3,30420,15997255
2024-06-11,EBL,539.8,539.8,525.1,531,25098,13273245
2024-06-12,EBL,535,540,532,534.9,21639,11560724.5
2024-06-13,EBL,534,534,530.6,533,16504,8773604.9
2024-06-16,EBL,532.9,532.9,526.1,530,18004,9529925
2024-06-18,EBL,527,532,525,531.7,11520,6077191.1
2024-06-19,EBL,530,530,525,528.9,21637,11400438.4
2024-06-20,EBL,539.4,539.4,526,528,15835,8352031
2024-06-23,EBL,529,529,521.2,521.9,28362,14851906.1
2024-06-24,EBL,528,528,520.1,522.9,22845,11935178.7
2024-06-25,EBL,520.6,528.5,520.6,526,9844,5151778.9
2024-06-26,EBL,526,529,520,524,25334,13234113.5
2024-06-27,EBL,523,523,518.1,520.9,11467,5962863.4
2024-06-30,EBL,519,519,517.1,518,15540,8043607.2
2024-07-01,EBL,518,519,511,519,15298,7893793.3
2024-07-02,EBL,529,570,529,537,34288,18309805.1
2024-07-03,EBL,530,538,526.4,538,23887,12769048.1
2024-07-04,EBL,540,544.2,536,542,44284,23951723.8
2024-07-07,EBL,542,545,538.2,541,33158,17920911.6
2024-07-08,EBL,542,542,535.5,537.8,23102,12435441
2024-07-09,EBL,535.1,540,534.2,540,16393,8816785.4
2024-07-10,EBL,540.1,548.7,540,548,40800,22225041.2
2024-07-11,EBL,550,556,547.7,553,83055,45801283.8
2024-07-14,EBL,564,575,558.2,568,59158,33452481.5
2024-07-15,EBL,569,575,552,560,96569,54287810.3
2024-07-16,EBL,556,573,556,572.9,44666,25398862.3
2024-07-17,EBL,575,590,571,587.2,102276,59510657.4
2024-07-18,EBL,592,618,587.3,610,162266,98190875.6
2024-07-21,EBL,610,621,598,614.8,131301,80690451.9
2024-07-22,EBL,615.4,617,600,607.5,102363,62242706.1
2024-07-23,EBL,615,615,603,615,133980,81629736.7
2024-07-24,EBL,616,620,600,610,216469,131673903
2024-07-25,EBL,619,619,600.1,616.9,159802,97351671.5
2024-07-28,EBL,629.2,678.5,629.2,678.5,368776,247003455.1
2024-07-29,EBL,692,700,660,664,332829,222965607.5
2024-07-30,EBL,668,670,650,665,182913,120471044.5
2024-07-31,EBL,668.9,681.8,665,677,228076,153996608.8
2024-08-01,EBL,688,688,670,670.1,278830,187664028.4
2024-08-05,EBL,683.5,707,683,687.9,285021,196760238.2
2024-08-06,EBL,690,700.5,670,673,401087,274852605.2
2024-08-07,EBL,673,686,660,682.8,268169,181566795
2024-08-08,EBL,690,695,675,682,125871,85903143.1
2024-08-11,EBL,690,695,679,692.5,243151,167139092
2024-08-12,EBL,693,705.5,690.3,703,232675,162896768
2024-08-13,EBL,705,714.9,698,703,162399,114577416.1
2024-08-14,EBL,717,717,700,703,152919,107467289.5
2024-08-15,EBL,717,720,700,713.6,239159,170719982.2
2024-08-18,EBL,720,740,716.1,727,399125,292158791.6
2024-08-21,EBL,725,778.5,725,770,603337,450962578.5
2024-08-22,EBL,778,790,762.2,766,180780,140090072.9
2024-08-25,EBL,766,767,737,747,267998,200619824.2
2024-08-27,EBL,761.9,761.9,725,726.5,268339,196426467.4
2024-08-28,EBL,741,761,727.2,745,292685,218535182.9
2024-08-29,EBL,757.5,757.5,726,740,135538,99595680.1
2024-09-01,EBL,744,744,722,727,148373,108266631.1
2024-09-02,EBL,712.5,745,712.5,744.6,127354,93458785.5
2024-09-03,EBL,749,755,732,733.1,78177,57885965.6
2024-09-04,EBL,747.7,747.7,719.4,723.9,78623,56966185.6
2024-09-05,EBL,724,728,712,720,77907,55915953
2024-09-08,EBL,720,720,690.1,691.9,202281,141983238.8
2024-09-09,EBL,691.9,692,675,692,117152,79741354.6
2024-09-10,EBL,705.8,705.8,684,684.5,78940,54618643.7
2024-09-11,EBL,685,697,680,681,51121,35119076.5
2024-09-12,EBL,678,709,678,705,145952,100397869
2024-09-15,EBL,719.1,720,697.1,699,127628,90821836.1
2024-09-16,EBL,686,711,686,709,158207,111143004.6
2024-09-18,EBL,709,709,694,703,83610,58756400.6
2024-09-22,EBL,717,717,700,705,82020,57836525.8
2024-09-23,EBL,719,719,694.5,695,132220,92363464.4
2024-09-24,EBL,631,640,608,609.9,76756,47239273.5
2024-09-25,EBL,609,610,580.8,600,55644,33139856.9
2024-09-26,EBL,600,608,590.1,598,37015,22102810.4
2024-09-29,EBL,598,598.9,567,594,56411,32918140.3
2024-09-30,EBL,592.9,593,585,585,26247,15460318
2024-10-01,EBL,586.1,615,586,615,64523,38814437.2
2024-10-02,EBL,615,619.9,597,603,48804,29474484.3
2024-10-06,EBL,603,606,595,603,52529,31597627.8
2024-10-07,EBL,614.9,620,605,612.7,56336,34546423.19
2024-10-08,EBL,610,614.8,607,613.5,18457,11289017
2024-10-09,EBL,611,618,611,613.1,26956,16516422.7
2024-10-15,EBL,624.9,624.9,613.2,615,13521,8323702.5
2024-10-16,EBL,620.1,621,617,619.9,25136,15564153.7
2024-10-17,EBL,621,625,615,615,28695,17817708.2
2024-10-20,EBL,615,620.1,604,614.4,32048,19620183.8
2024-10-21,EBL,614,615,602.2,606.1,32950,20073362.3
2024-10-22,EBL,605,615,595,600,28351,17007407.8
2024-10-23,EBL,612,630,604,605,36074,22093603.6
2024-10-24,EBL,600,605,598.1,601.5,18233,10968484
2024-10-27,EBL,613.5,613.5,594,598,20191,12100451.6
2024-10-28,EBL,596,601.9,594,599,17693,10604543.3
2024-10-29,EBL,599,606,595,599.9,25344,15190087
2024-10-30,EBL,600,608.9,596.1,603.9,28118,16907350.4
2024-11-05,EBL,603.9,606,600,602,19454,11729129.6
2024-11-06,EBL,602,604,599,600,19443,11674000
2024-11-10,EBL,608,608,599,607.9,29331,17719587.5
2024-11-11,EBL,618,620,602,619,54227,33377681.1
2024-11-12,EBL,620,628,616,619.4,67171,41754358
2024-11-13,EBL,610.1,624.2,607.3,610,29750,18173270.6
2024-11-14,EBL,622.2,622.2,607.5,614,32660,19934677.6
2024-11-17,EBL,623,623,607.1,608,21975,13456171.3
2024-11-19,EBL,605,619,600.3,605,29344,17704964.1
2024-11-20,EBL,615,615,599.9,609.9,49133,29718478.2
2024-11-21,EBL,620,620,605.1,607,38133,23191994.9
2024-11-24,EBL,607,610,605,605,42888,25979735.3
2024-11-25,EBL,605,609,598,609,23699,14258896.2
2024-11-26,EBL,621.1,621.1,599,611.9,32033,19393029.5
2024-11-27,EBL,618,618,604,615,35525,21763969.6
2024-11-28,EBL,615,615,606.5,610,28630,17481087.6
2024-12-01,EBL,622.2,622.2,600,605.6,70606,42778500
2024-12-02,EBL,610,610,600,603.5,42293,25470392.6
2024-12-03,EBL,608,608.5,598,605.9,38721,23257735
2024-12-04,EBL,618,618,599,607,46471,27959888.6
2024-12-05,EBL,601,601,591,594,42910,25582392.9
2024-12-08,EBL,588,593,583,589,46027,26946495.4
2024-12-09,EBL,585,590,580.2,590,15252,8924598.1
2024-12-10,EBL,592.9,592.9,580.1,583,26101,15214324
2024-12-11,EBL,582.1,599.9,581,599.9,18246,10717164.7
2024-12-12,EBL,610,610,591,596,15579,9256591.9
2024-12-16,EBL,596,600,585.3,591,17474,10293751.8
2024-12-17,EBL,586,589,585.1,588.5,14339,8417189
2024-12-18,EBL,590,598.9,588,588,25395,14995925.7
2024-12-19,EBL,586,596.8,585,590,29508,17362437
2024-12-22,EBL,578.2,594,578.2,585,18426,10777614.9
2024-12-23,EBL,582,585,580.5,583,18544,10805970.4
2024-12-24,EBL,583,589.9,578,580,34253,19966376.9
2024-12-26,EBL,580,589,576.1,584.9,49421,28715288.8
2024-12-29,EBL,585,589.9,580,583,16501,9639114.4
2024-12-31,EBL,583,584,575,581,20593,11908327.5
2025-01-01,EBL,580,585,576.1,580,25089,14565680.4
2025-01-02,EBL,584.9,584.9,578,578,24063,13933825.8
2025-01-05,EBL,570,581.4,570,580,14606,8438335.4
2025-01-06,EBL,577,585.9,577,582.4,25081,14622292.5
2025-01-07,EBL,581,587.1,581,586.9,10458,6120302.8
2025-01-08,EBL,590,590.8,585,590.8,44501,26156066
2025-01-09,EBL,585,593,585,593,37569,22171009.7
2025-01-12,EBL,593,595,580,585,40709,23794084.8
2025-01-13,EBL,581,585,577,581,80641,46699423.15
2025-01-15,EBL,580,584.9,573,579.8,20262,11693403.7
2025-01-16,EBL,580,580,573,575,24867,14272236.2
2025-01-19,EBL,575,585,575,585,24033,13910171.4
2025-01-20,EBL,596,602,589.9,595,69678,41618813.5
2025-01-21,EBL,600,600,595,599.9,26141,15658444.8
2025-01-22,EBL,600,601.9,595,598,71138,42606811.2
2025-01-23,EBL,602,605,597,598.5,24168,14484863.2
2025-01-26,EBL,610,610,595,597.9,30725,18376481.6
2025-01-27,EBL,593,600,591,595,29637,17593168.5
2025-01-28,EBL,600,603,588,600,37856,22614874.9
2025-02-02,EBL,610,610,597,606.9,78560,47523018.2
2025-02-03,EBL,607,617,605,607.7,80963,49444435.9
2025-02-04,EBL,604,610,604,607,73140,44307324.7
2025-02-05,EBL,609,610,605.5,607,23873,14488713.2
2025-02-06,EBL,610,617,602,610,32409,19749780.2
2025-02-09,EBL,597.8,617,597.8,609.6,30934,18769585.5
2025-02-10,EBL,614,614,605,607,24854,15072827.4
2025-02-11,EBL,601,607,601,606.9,24574,14849618.5
2025-02-12,EBL,614.8,614.8,602.6,608,56933,34387010.6
2025-02-13,EBL,600,614,600,605.8,30351,18309650.5
2025-02-16,EBL,600,613,600,610,55609,33821455.8
2025-02-17,EBL,622.2,622.2,612,615.2,49733,30630347.1
2025-02-18,EBL,627.5,627.5,612.1,614.9,54109,33311921.9
2025-02-20,EBL,603.1,615,603.1,612,32772,20012266.2
2025-02-23,EBL,608,614.5,600,613,40047,24450663.4
2025-02-24,EBL,600.8,617.7,600.8,613.5,41361,25427526.1
2025-02-25,EBL,614.2,622.9,614.2,620.5,41994,26016878.2
2025-02-27,EBL,632.9,650,626.6,632.5,109188,68919529.8
2025-03-02,EBL,620,645.1,620,642.3,45742,29304807.8
2025-03-03,EBL,650,650,633.5,638,106700,68287347
2025-03-04,EBL,638,645,629.2,632,69964,44402975.8
2025-03-05,EBL,630.1,630.1,621.5,628,36721,22919687.6
2025-03-06,EBL,620.2,629.8,620.2,628,17938,11237641.9
2025-03-09,EBL,640.5,640.5,614.1,618,38930,24219041.4
2025-03-10,EBL,629.9,630,615.3,621.8,28345,17561733.5
2025-03-11,EBL,613,623,613,616.5,30722,18967251.6
2025-03-12,EBL,611,620,611,619,23025,14204540.9
2025-03-16,EBL,615,617.8,611,616,24283,14901469.3
2025-03-17,EBL,613,615,605.2,614.2,52962,32276149.7
2025-03-18,EBL,612,614.8,611.1,613,17747,10875626
2025-03-19,EBL,614,614.5,608,608,29380,17972428.3
2025-03-20,EBL,607,611,605.2,609.36,33163,20192100.8
2025-03-23,EBL,616,616,600,600.37,31931,19283962.4
2025-03-24,EBL,600,605,594.5,603.09,29752,17894104.4
2025-03-25,EBL,615.1,615.1,594,600.38,40323,24206190.1
2025-03-26,EBL,602,605,600,603.17,24908,14993887
2025-03-27,EBL,615.2,615.2,600,606.65,24595,14882117.1
2025-03-30,EBL,600,612,600,606.96,23081,14060613.7
2025-04-01,EBL,609.8,609.8,600,600.63,25463,15336466.9
2025-04-02,EBL,612.6,612.6,600,603.49,21179,12760546.9
2025-04-03,EBL,612,612,603.1,605.34,30596,18563893.5
2025-04-07,EBL,600,607,600,605.24,15546,9401850.5
2025-04-08,EBL,603,608,600.1,606.1,29286,17693288.8
2025-04-09,EBL,618,618,605,606.58,19337,11764294.4
2025-04-10,EBL,615,615,606,607.73,27045,16438829.4
2025-04-13,EBL,608,612.1,605.2,606.1,17905,10881102.1
2025-04-15,EBL,618,618,608,609.08,22581,13766269.9
2025-04-16,EBL,620,620,608.2,613.88,27536,16873480.5
2025-04-17,EBL,617.8,622,612.1,619.09,42936,26516521.4
2025-04-20,EBL,631,631,620,625.05,63635,39759228.7
2025-04-21,EBL,629.5,635,622.1,631.11,74610,47109574
2025-04-22,EBL,632.1,635,628,631.09,40770,25766246.7
2025-04-23,EBL,627,635,622,622.59,84744,52930189.2
2025-04-24,EBL,617.5,624,613,620.63,46983,28979129.6
2025-04-27,EBL,618.1,633,617,620.26,56202,34820918.6
2025-04-28,EBL,617.1,623.8,617,618.16,19785,12254537.5
2025-04-29,EBL,621,621,614,615.95,31861,19654189.8
2025-04-30,EBL,616,620,610,612.63,20918,12829007.1
2025-05-04,EBL,612,620,610,615.22,50212,30840349
2025-05-05,EBL,620,620,612.1,614.65,12087,7420320.7
2025-05-06,EBL,614,617,612,614.4,22290,13677452.6
2025-05-07,EBL,611,622.8,611,622.28,29172,18014639.7
2025-05-08,EBL,616,627.8,616,618.51,22411,13894880.7
2025-05-11,EBL,620,625,615.1,618.83,23793,14724763.7
2025-05-13,EBL,621,629,614.5,615.86,35938,22211967
2025-05-14,EBL,626.9,626.9,612,613.82,21135,12989873
2025-05-15,EBL,614.1,616,610.1,612.4,27168,16636243.8
2025-05-18,EBL,614,624,610,615.4,24672,15182034.1
2025-05-19,EBL,623.6,625,618,623.15,35072,21812806.4
2025-05-20,EBL,620,630,616.5,629.31,45118,28108814.3
2025-05-21,EBL,635,654.6,634,635.51,111269,70902895.4
2025-05-22,EBL,640,651.8,636,642.19,96434,62097711.5
2025-05-25,EBL,645,655,638,643.02,116943,75350517.4
2025-05-26,EBL,655.8,660,647,650.47,220971,144191269
2025-05-27,EBL,650,658,645,654.3,98118,63906085.4
2025-05-28,EBL,654,665,643,663.48,157427,103637169.7
2025-06-02,EBL,676,676,666,668.89,214147,143395190.5
2025-06-03,EBL,666,668.9,655.1,655.3,163337,107698922.8
2025-06-04,EBL,642.2,663,642.2,646.68,46542,30129177.8
2025-06-05,EBL,654,654,645,653.07,75653,49207362.3
2025-06-08,EBL,658,658,640,643.3,72849,47057796.7
2025-06-09,EBL,654,654,636.7,645.89,53276,34363239.2
2025-06-10,EBL,655,655,640.3,650.66,97899,63499416.4
2025-06-11,EBL,650,659.1,640.5,645.42,44857,28971183.5
2025-06-12,EBL,656,656,638,638.86,44323,28387339.5
2025-06-15,EBL,627,647,627,635.54,72617,46362238.4
2025-06-16,EBL,632.1,640.5,632.1,636.26,63380,40362170.7
2025-06-17,EBL,643.5,645,638,639.58,87898,56285809.6
2025-06-18,EBL,640,641,635.4,637.73,35645,22771114.2
2025-06-19,EBL,635,640,634,636.45,30898,19690564.2
2025-06-22,EBL,635,638,627.3,627.82,55635,35131814.4
2025-06-23,EBL,625,636,625,634.42,22703,14371690.3
2025-06-24,EBL,642,642,632.1,635.34,28965,18443525
2025-06-25,EBL,636,638,631,635.28,38444,24336493.3
2025-06-26,EBL,635,637,634,635.17,28083,17834016.9
2025-06-29,EBL,640,645,636.1,643.87,22263,14253815.9
2025-06-30,EBL,650,650,635,642.5,22403,14385231.5
2025-07-01,EBL,642.5,647.9,640.1,643.42,29297,18815603.3
2025-07-02,EBL,645.1,651,644.1,649.79,43324,28026889.2
2025-07-03,EBL,645.1,662.9,640.3,656.82,100633,65824785.4
2025-07-06,EBL,655,662.8,648,659.61,73221,48122376.9
2025-07-07,EBL,664.8,666,653,655.14,118386,78175719.8
2025-07-08,EBL,667.9,667.9,652,657.54,78838,51808586.8
2025-07-09,EBL,665,665,656,660.66,64837,42820684.3
2025-07-10,EBL,666,678,660.8,670.29,108835,72895371.8
2025-07-13,EBL,683.6,704,680,700.22,358057,248585581.5
2025-07-14,EBL,700,700,682,689.66,116806,80290585.7
2025-07-15,EBL,688,696,683,694.53,80041,55235389.4
2025-07-16,EBL,705,707.9,692.1,701.56,380520,265780976
2025-07-17,EBL,702,735,695,730.96,231952,166604695.9
2025-07-20,EBL,735,747,725.1,735.33,283091,209195095
2025-07-21,EBL,722,750,722,745.19,283558,209983681
2025-07-22,EBL,745,775,745,763.92,283754,215831624.8
2025-07-23,EBL,770,770,750,764.84,292455,221828784.2
2025-07-24,EBL,766,766,745.1,756.72,264650,199156713.3
2025-07-27,EBL,756,760,742,744.89,366891,274786215.7
2025-07-28,EBL,750,750,728,736.35,205878,151162154.9
2025-07-29,EBL,740,750,734,736.48,173450,128289147.6
2025-07-30,EBL,749.9,749.9,719,722.16,125621,91433913.2
2025-07-31,EBL,715,729.3,713,717.09,156655,112588247.3
2025-08-03,EBL,731.4,731.4,710.1,711.01,98110,70049148.4
2025-08-04,EBL,715,719.9,700,716.91,109388,77693168.2
2025-08-05,EBL,725,725,705,710.14,81510,58069861.8
2025-08-06,EBL,703.8,713.9,703.8,705.66,46603,33000320.6
2025-08-07,EBL,701,717,701,707.57,71174,50495190.6
2025-08-11,EBL,721,735.5,708,709.53,196948,140969023.3
2025-08-12,EBL,715,718,701.1,709.49,143996,101772278.7
2025-08-13,EBL,714,719,712,715.14,79983,57222944.8
2025-08-14,EBL,722,722,714,715.69,84348,60566064.3
2025-08-17,EBL,722,725,710.4,719.87,108739,78129292
2025-08-18,EBL,724.9,730,718.3,725.71,83163,60266060.4
2025-08-19,EBL,730,736,721,734.54,77985,57151302.7
2025-08-20,EBL,739.5,741,728,739.14,130752,96462190
2025-08-21,EBL,740,750,735.9,747.77,170311,126693728.7
2025-08-24,EBL,748,754,729,732.96,104700,77188872.4
2025-08-25,EBL,738.9,753,722,742.98,108125,79972344.7
2025-08-26,EBL,754,754,734,748.45,110366,82556555.7
2025-08-27,EBL,749,753,746.2,751.56,95651,71777378.9
2025-08-28,EBL,745,755,745,747.67,80293,60081358.7
2025-08-31,EBL,746.1,754,740.1,751.71,169668,127118094.4
2025-09-01,EBL,766.7,777,747.1,765.33,319582,244488803.6
2025-09-02,EBL,780.6,780.6,760,761.41,79636,60946260.9
2025-09-03,EBL,760,762,748.2,750.39,74732,56279892.4
2025-09-04,EBL,744,753.9,737,741.06,125233,93152532.8
2025-09-07,EBL,742,742,715,723.88,307228,221592043.7
2025-09-08,EBL,724,724,703.9,711.56,90889,64872426.3
2025-09-18,EBL,698,698,656.6,671.1,17943,11976122.4
2025-09-21,EBL,672,717,671,704.96,200039,139831095.9
2025-09-23,EBL,705,719,701.1,712,48632,34611223.2
2025-09-24,EBL,712,720,708.3,710,55779,39804810.6
2025-09-25,EBL,705,716,702,714.8,21113,14992798.6
2025-09-28,EBL,715,722,713,720,27218,19556486.7
2025-10-07,EBL,724,724,710,720,89590,64430158.6
2025-10-08,EBL,720,720,710.6,710.6,79337,56635364.5
2025-10-09,EBL,724.8,738,716,717,195074,140544859.4
2025-10-12,EBL,670,672,650,652,149895,98216465.7
2025-10-13,EBL,665,665,632,642,58961,37830211.9
2025-10-14,EBL,643,649.9,636,639,30565,19522076
2025-10-15,EBL,643.9,643.9,634,637,32284,20568992.3
2025-10-16,EBL,636,642,630,640.1,49689,31556507.2
2025-10-19,EBL,628,639,628,631,27253,17292111.8
2025-10-26,EBL,620,632,620,624.9,26398,16441978
2025-10-28,EBL,627,632.3,620,630,20842,13107009.5
2025-10-29,EBL,633,633,625,625,12086,7598478.2
2025-10-30,EBL,620.5,629.8,619,625,28412,17708937.1
2025-11-02,EBL,637.5,637.5,623,630.1,26776,16892055.4
2025-11-03,EBL,636,639,624,633,23526,14886368.4
2025-11-04,EBL,635,635,629.5,631,18856,11898079.1
2025-11-05,EBL,628,634.5,628,628.2,24430,15390983.9
2025-11-06,EBL,625,636,623,623,31406,19682467.4
2025-11-09,EBL,630,632,625.1,628.5,22341,14050848.1
2025-11-10,EBL,631.1,641,631,633,23731,15070136.6
2025-11-11,EBL,638,639,631,633.3,20058,12731658.6
2025-11-12,EBL,635,639,630.1,634,38337,24278381.9
2025-11-13,EBL,638,638,630,631,23821,15042049.7
2025-11-16,EBL,631,636,630,632,17606,11115576.9
2025-11-17,EBL,633,636,633,635,15079,9581046.9
2025-11-18,EBL,636.1,646,636,640,25395,16251685.6
2025-11-19,EBL,647,647,637.7,638,11554,7386288.5
2025-11-20,EBL,639,647,635,640,17958,11457506.2
2025-11-23,EBL,644,652,639,651.9,29228,18881348
2025-11-24,EBL,656,656,649.3,651.2,18874,12295955.3
2025-11-25,EBL,651.2,659.7,646,657,21721,14209699.1
2025-11-26,EBL,662,662.8,649,660,26943,17754091.2
2025-11-27,EBL,653,665,653,661,30238,20001645
2025-11-30,EBL,664.5,666,654,654,36295,23955932.4
2025-12-01,EBL,654,655,641,650,12453,8104921.5
2025-12-02,EBL,650.1,655,643,643,28724,18628020.1
2025-12-03,EBL,655.7,655.7,641,644,19833,12782474.6
2025-12-07,EBL,652.1,652.1,639,641,31463,20264366.1
2025-12-08,EBL,641,648,637.9,638,21169,13525690.8
2025-12-09,EBL,640,645,640,640,7879,5055910.4
2025-12-10,EBL,641,642,639.5,641,21558,13808023.7
2025-12-11,EBL,637,646,637,646,12652,8127465.4
2025-12-14,EBL,654.3,654.3,644.1,645.1,43589,28159670.6
2025-12-15,EBL,645.1,648,643.3,646.2,20581,13283418.6
2025-12-16,EBL,649,652.9,645.1,650.6,16393,10670736.8
2025-12-17,EBL,663,663,651,653.1,18564,12200369
2025-12-18,EBL,657.6,657.6,651.3,655,9793,6396233.3
2025-12-21,EBL,653,660,647.1,652,20227,13233405.5
2025-12-22,EBL,647,652,645,646.5,19469,12591215.5
2025-12-23,EBL,646.5,651,643.5,650,13059,8460965
2025-12-24,EBL,650,650,641.1,647.3,20691,13406050.9
2025-12-28,EBL,650,655,648.2,654,32533,21185209.2
2025-12-29,EBL,660,663.9,655.3,657.5,23830,15706268.5
2025-12-31,EBL,657.2,664,657.1,663,24223,16036012.6
2026-01-01,EBL,660.1,661.5,652,652,15716,10318718.2
2026-01-04,EBL,652,653,645,650,17855,11625066.6
2026-01-05,EBL,649,660,645,654,28075,18264142.4
2026-01-06,EBL,663,663,654,656,19136,12591664
2026-01-07,EBL,654.1,662,652,658,32918,21654361.3
2026-01-08,EBL,653,664,653,661,24336,16017783.1
2026-01-12,EBL,660,664.8,658,660.4,24488,16189460.4
2026-01-13,EBL,665,665,660,661,9271,6136938
2026-01-14,EBL,661,665,658,660,26659,17620601.8
2026-01-18,EBL,660.5,667,660,665.2,27585,18338376.8
2026-01-20,EBL,665,682,665,677,35963,24352280.6
2026-01-21,EBL,678.1,680,671,673,13721,9236861.1
2026-01-22,EBL,668,675,668,671,19126,12853004.6
2026-01-25,EBL,671,683.5,670.1,674,42047,28265125.4
2026-01-26,EBL,674,677.6,671.2,677.3,44613,30119185.7
2026-01-27,EBL,672,676.9,670.3,670.3,38432,25870689.1
2026-01-28,EBL,683,683,670,674,49392,33185392.6
2026-01-29,EBL,675,679,673,673.3,34896,23573674.1
2026-02-01,EBL,675,675,668,668.5,19118,12794895.9
2026-02-02,EBL,655.2,670,655.2,668.2,24631,16452521.3
2026-02-03,EBL,666,670,665,665.2,52815,35199251.5
2026-02-04,EBL,652,675,652,670,46049,30858117
2026-02-05,EBL,664,671,664,669,35537,23784389.8
2026-02-08,EBL,666,680,665,670,55470,37377711.1
2026-02-09,EBL,670,672,665.1,670,57712,38626196.3
2026-02-10,EBL,670,670,664.6,664.6,26651,17752096
2026-02-11,EBL,665,674,665,666.1,29808,19911270.7
2026-02-12,EBL,670,670,664,666.4,24688,16471999.4
2026-02-16,EBL,675,677.9,665.1,668.5,50722,34076513
2026-02-17,EBL,668,672,665.4,665.5,14184,9462436.7
2026-02-22,EBL,668,668,663.2,664.4,30370,20185118.7
2026-02-23,EBL,664,668,664,664.5,18319,12185048.5
2026-02-24,EBL,672,672,664.4,667.9,16952,11278052.2
2026-02-25,EBL,671,672,665,670,35579,23830988.3
2026-02-26,EBL,680,683,668,672.5,28856,19473388.6
2026-03-01,EBL,673,675,668,673.9,39292,26446189.8
2026-03-03,EBL,680,680,671,679,28577,19349946.8
2026-03-09,EBL,692,705.8,692,705.8,110,76258
2026-03-10,EBL,719.9,734,705.9,711,94294,67056043.2
2026-03-11,EBL,711,716,700,700,79166,56096467.3
2026-03-12,EBL,700,710,699,706,36695,25910437
2026-03-15,EBL,719,719,707,709,30323,21522072.3
2026-03-16,EBL,695,708,695,707.8,29192,20609658.4
2026-03-17,EBL,706,709.9,702,706,25254,17795906.7
2026-03-19,EBL,706,716.5,704,714,51308,36471065.1
2026-03-22,EBL,718,719.9,714,717.8,84538,60565457
2026-03-23,EBL,718,718,708,712,75760,53841506.5
2026-03-24,EBL,712.2,716.9,705.3,715.9,53258,37981757.5
2026-03-25,EBL,730.2,730.2,713,714,34018,24315040.3
2026-03-26,EBL,714,714,706,712,47685,33904116.5
2026-03-29,EBL,726.2,726.2,705.1,706.1,50416,35725254.6
2026-03-30,EBL,701.2,714.9,700,705,50802,35773951.7
2026-03-31,EBL,710,710,691.2,702,49835,34852894.3
2026-04-01,EBL,700,706,692.1,697,50636,35326675.7
2026-04-02,EBL,691,700,685.6,692.5,37489,26062460.1
2026-04-05,EBL,690,692,680,681,80444,54997263.6
2026-04-06,EBL,681,698.2,675,693.9,30269,20942644.6
2026-04-07,EBL,706,706,692,695,28459,19833869.4
2026-04-08,EBL,708.9,708.9,689,699.9,51964,36135080.5
2026-04-09,EBL,700,701.9,694,700,41712,29169688.5
2026-04-10,EBL,707.8,707.9,697.1,699,25439,17807316.8
2026-04-13,EBL,711,711,688.1,698,42065,29434408.3
2026-04-15,EBL,705,705,693.1,700,30581,21404120.4
2026-04-16,EBL,695,701.6,695,699,41898,29300645.5
2026-04-17,EBL,701,703.8,697,701,35324,24714356.5
2026-04-20,EBL,703,703.9,695,700,17988,12581518.8
2026-04-21,EBL,696,704,690.2,699,24389,17063336.9
2026-04-22,EBL,695,703,694,697.5,43628,30416823
2026-04-23,EBL,697,703,690,692,31308,21726540.4
2026-04-24,EBL,687,695,682,693.6,26222,18134293.8
2026-04-27,EBL,693.6,700,694,698,21090,14695732
2026-04-28,EBL,698,702,697,698.1,14240,9954215.6
2026-04-29,EBL,698.1,700,696,697.6,18065,12602192.6
2026-04-30,EBL,698,698.8,691.5,697,20626,14315130.9
2026-05-04,EBL,700,701,686,695,21835,15097484.4
2026-05-05,EBL,695,699,685.3,695,15589,10827762.6
2026-05-06,EBL,694.5,701,694.5,699,18466,12871750.6
2026-05-07,EBL,710,720,699,701,21603,15246467.2
2026-05-08,EBL,700,705.8,699,702.1,20871,14672326.4
2026-05-11,EBL,718,718,702,706,27421,19308078.2
2026-05-12,EBL,720,720,705.1,706,23334,16516106
2026-05-13,EBL,708,708,699,704.2,25413,17827122.7
2026-05-14,EBL,705,705,700,703,16988,11931287
2026-05-15,EBL,703,708,700,703.9,25550,17929041.8
2026-05-18,EBL,711.5,711.5,702.5,705.5,15615,10998034.6
2026-05-19,EBL,715,715.9,701.5,705,25302,17816653.5
2026-05-20,EBL,701.6,708.5,701.6,707.1,20775,14693434.1
2026-05-21,EBL,708,713,706,709.8,22369,15838674.1
2026-05-22,EBL,705,712,705,710,13673,9713470.6
2026-05-25,EBL,719.9,719.9,710,711,34410,24478932.5
2026-05-26,EBL,719,719,710,712.6,21211,15102779.9
2026-05-27,EBL,714,714.8,710,712,23103,16455940.9
2026-06-01,EBL,715,715,707.5,709.5,15926,11321002.6
2026-06-02,EBL,709,713,707,708,16729,11875708.5
2026-06-03,EBL,709,710,703,709.5,33402,23610292.6
2026-06-04,EBL,714.9,714.9,706,709,17746,12601581.7
2026-06-05,EBL,709,711,706,709.4,23119,16380847.5
2026-06-08,EBL,710,710,705,705,31398,22191509.4
2026-06-09,EBL,706,709.4,703.1,704.5,34807,24525499.8
2026-06-10,EBL,705,712,704,705,11211,7910895.9
2026-06-11,EBL,705.5,706,698,702,34885,24482011.2
2026-06-12,EBL,704,704,696,699.9,22381,15653310.3
2026-06-15,EBL,709,709,697,698,26134,18250490
2026-06-16,EBL,699.8,717,696,696.1,35104,24621591.8
2026-06-17,EBL,698,699.9,695,697,23597,16422209.6
2026-06-18,EBL,695,701,695,695.6,37630,26247369
2026-06-19,EBL,670,699.5,670,695,51877,36113318.5
2026-06-22,EBL,729.7,729.7,694,697,48925,34151096.8
2026-06-23,EBL,700,735,695,699.9,92815,64924145.3
2026-06-24,EBL,699,699,695,699,33095,23070512.8
2026-06-25,EBL,696.3,705,696,699,102686,71586175.3
2026-06-26,EBL,701.5,701.5,696.3,700,20087,14033509.9
2026-06-29,EBL,700,700,695,698,22267,15520316.9
2026-06-30,EBL,700,700,692,694,28812,20022485.4
2026-07-01,EBL,699.9,700,690,694,25799,17885500.5
2026-07-02,EBL,695.6,710,690.1,704,96493,67356149.1
2026-07-03,EBL,704,709,700,700,14095,9905065.6
2026-07-06,EBL,702,703,695,696,34303,23922401
2026-07-07,EBL,700,719,696,707,117031,82218404.7
2026-07-08,EBL,707,707,695,698.1,19412,13543851.9
2026-07-09,EBL,700,701,697,697,12059,8424632.4
2026-07-10,EBL,705,705,695,695,34233,23872406.1
2026-07-13,EBL,695.1,702,693.3,694,49185,34184776
2026-07-14,EBL,695,697,690.3,692.6,44101,30607375.8
2026-07-15,EBL,700,700,692,693.1,58660,40722563
2026-07-16,EBL,697,700,694,695,33249,23146112.3
2026-07-17,EBL,703.5,719,703,718,25601,18211601.4
2026-07-20,EBL,720,727,711.1,717.5,39264,28240661.3
2026-07-21,EBL,718.1,735,718.1,720.5,34312,24757512.9
2026-07-22,EBL,720,725,717,718,12550,9026616.9
2026-07-23,EBL,753,753,712.1,719,21235,15236226.1
2026-07-24,EBL,725,725.5,720,724,84744,61356791.4
2026-07-27,EBL,732.9,732.9,720,726,58133,42328424.4
2026-07-28,EBL,726,728,717.5,725,23527,17018016.8
2026-07-29,EBL,725,730,720,727,27058,19639347.6
2026-07-30,EBL,727,727,721,724,10486,7579527.9
2026-07-31,EBL,725,730.4,720,728.6,29334,21369714.5
2026-08-03,EBL,728.6,735,728.1,730,29414,21509003.3
2026-08-04,EBL,730,732.9,726,729,14377,10482272.1
2026-08-05,EBL,729,734,727.2,730,34151,24928829.6
2026-08-06,EBL,730,733,725,725,27393,19987387.2
2026-08-07,EBL,734,734,720,723,23131,16724044.5
2026-08-10,EBL,730,730,714,715,34924,25021655.5
2026-08-11,EBL,715,724.9,714,715,33873,24313885.2
2026-08-12,EBL,715,729.9,715,716.6,16152,11653976.1
2026-08-13,EBL,724,725,718.5,722,12437,8983145
2026-08-14,EBL,729.6,730,720,728,46601,33903228
2026-08-17,EBL,734,734,723,728,37932,27567776
2026-08-18,EBL,729.2,731,726.5,729,30911,22528964
2026-08-19,EBL,730,733,727,730,23601,17235012.9
2026-08-20,EBL,731,735.4,727,734.9,47132,34557414.9
2026-08-21,EBL,736.5,737.8,734.8,737,22824,16805838.2
2026-08-24,EBL,737,738,726,726.1,42165,30840253.3
2026-08-25,EBL,726.1,731.9,726.1,731.9,15310,11159698.4
2026-08-26,EBL,734,734,722.1,730,30910,22486161.6
2026-08-27,EBL,734,734,723.2,729.5,16639,12129771.4
2026-08-31,EBL,726,726,691.5,711.9,47912,34013905.1
2026-09-01,EBL,712,715,707,710.3,18597,13225653.8
2026-09-02,EBL,710.3,715,709,715,21847,15542877.7
2026-09-03,EBL,713,717,713,716.1,17284,12354209.2
2026-09-07,EBL,717.5,717.5,710,716,32619,23304507.4
2026-09-09,EBL,714,720,714,718,32334,23205195
2026-09-10,EBL,718,720,715.2,718,50488,36207364.8
2026-09-11,EBL,718,720,715,719.9,36839,26438978.9
2026-09-14,EBL,719,724,719,724,25682,18545592.4
2026-09-15,EBL,760.2,760.2,728.5,732,71236,52410280.3
2026-09-16,EBL,732.5,734.9,725,727.5,84991,61876891.7
2026-09-17,EBL,700,700,685.9,691,81983,56639968
2026-09-18,EBL,691,701,687.1,701,55918,38841493.8
2026-09-22,EBL,701,708,695,698.1,48022,33562247.8
2026-09-23,EBL,733,733,690,696.8,22396,15583198.8
2026-09-24,EBL,699,699.8,695,697.4,31186,21749419.1
2026-09-28,EBL,700,700,694,697,33975,23626846.9
2026-09-29,EBL,697,698,695.1,696.1,35668,24814497
2026-09-30,EBL,696.1,698.9,695.1,696,26448,18409348.8
2026-10-01,EBL,698,700.8,695.2,696.2,53726,37529937.6
2026-10-02,EBL,700,716,697,700,62018,43626008
2026-10-05,EBL,700,700,695.2,695.3,25476,17783447.3
2026-10-06,EBL,695.1,702,695,700,25896,18080645.6
2026-10-07,EBL,700,702.1,698.2,698.8,18344,12844212.7
2026-10-08,EBL,700,701.9,697,701,28212,19736982.6
