date,symbol,open,high,low,close,volume,turnover
2012-06-10,FMDBL,0,141,136,141,950,131604
2012-06-11,FMDBL,141,155,143,147,2898,437702
2012-06-12,FMDBL,147,147,138,138,12254,1778789
2012-06-13,FMDBL,138,144,136,140,10961,1531733
2012-06-14,FMDBL,140,141,137,140,3464,483681
2012-06-17,FMDBL,140,138,136,136,1720,234741
2012-06-18,FMDBL,136,138,136,138,208,28407
2012-06-19,FMDBL,138,140,140,140,98,13720
2012-06-20,FMDBL,140,142,140,140,724,101598
2012-06-21,FMDBL,140,138,136,136,2405,329590
2012-06-25,FMDBL,136,137,135,135,3945,534220
2012-06-26,FMDBL,135,138,134,138,3293,443311
2012-06-27,FMDBL,138,136,136,136,475,64600
2012-06-28,FMDBL,136,141,138,141,2074,287169
2012-07-01,FMDBL,141,140,137,137,4050,556875
2012-07-02,FMDBL,137,139,137,137,825,113865
2012-07-03,FMDBL,137,137,137,137,810,110970
2012-07-04,FMDBL,137,139,139,139,49,6811
2012-07-05,FMDBL,139,141,141,141,148,20868
2012-07-08,FMDBL,141,140,139,140,619,86237
2012-07-09,FMDBL,140,140,140,140,49,6860
2012-07-10,FMDBL,140,138,138,138,198,27324
2012-07-12,FMDBL,138,138,138,138,1655,228390
2012-07-16,FMDBL,138,138,138,138,98,13524
2012-07-17,FMDBL,138,150,140,145,1226,177872
2012-07-18,FMDBL,145,153,147,153,1639,246286
2012-07-19,FMDBL,153,159,156,159,98,15435
2012-07-22,FMDBL,159,160,159,159,246,39261
2012-07-24,FMDBL,159,157,150,150,295,45677
2012-07-26,FMDBL,150,148,148,148,49,7252
2012-07-29,FMDBL,148,146,146,146,49,7154
2012-08-01,FMDBL,146,146,145,146,827,120524
2012-08-05,FMDBL,146,146,144,146,249,36256
2012-08-06,FMDBL,146,148,146,148,1786,260854
2012-08-07,FMDBL,148,152,147,152,1972,294105
2012-08-08,FMDBL,152,158,155,158,40,6260
2012-08-12,FMDBL,158,155,155,155,247,38285
2012-08-13,FMDBL,155,153,150,150,198,29967
2012-08-14,FMDBL,150,147,147,147,795,116865
2012-08-15,FMDBL,147,147,147,147,109,16023
2012-08-19,FMDBL,147,147,143,147,851,123219
2012-08-21,FMDBL,147,147,147,147,98,14406
2012-08-22,FMDBL,147,149,149,149,109,16241
2012-08-28,FMDBL,149,150,146,146,532,78500
2012-08-29,FMDBL,146,148,147,148,751,110930
2012-08-30,FMDBL,148,150,147,148,587,86819
2012-09-02,FMDBL,148,150,149,150,128,19151
2012-09-03,FMDBL,150,165,150,165,1538,245225
2012-09-04,FMDBL,165,180,168,180,473,82713
2012-09-10,FMDBL,180,177,162,162,2891,470412
2012-09-11,FMDBL,162,160,150,159,17222,2639765
2012-09-12,FMDBL,159,171,158,170,21357,3615965
2012-09-13,FMDBL,170,167,162,165,10038,1646301
2012-09-16,FMDBL,165,171,168,171,14390,2447159
2012-09-17,FMDBL,171,179,174,179,4226,742368
2012-09-18,FMDBL,179,181,180,181,5895,1066125
2012-09-19,FMDBL,181,180,179,180,8811,1585871
2012-09-20,FMDBL,180,180,177,180,534,95744
2012-09-23,FMDBL,180,179,174,178,3242,574238
2012-09-24,FMDBL,178,187,177,187,1868,332042
2012-09-25,FMDBL,187,189,177,177,634,115368
2012-09-26,FMDBL,177,180,177,177,18052,3249093
2012-10-08,FMDBL,177,174,171,174,879,151731
2012-10-11,FMDBL,174,174,174,174,12413,2159862
2012-10-15,FMDBL,174,174,174,174,2925,508950
2012-11-08,FMDBL,174,171,171,171,49,8379
2012-11-11,FMDBL,171,168,168,168,49,8232
2012-11-26,FMDBL,168,167,167,167,109,18203
2013-01-06,FMDBL,167,165,165,165,49,8085
2013-01-09,FMDBL,165,165,165,165,49,8085
2013-01-13,FMDBL,165,173,165,166,10656,1811104
2013-01-15,FMDBL,166,163,163,163,494,80522
2013-01-17,FMDBL,163,160,158,158,603,96084
2013-01-23,FMDBL,158,156,156,156,500,78000
2013-01-24,FMDBL,156,156,153,153,794,121779
2013-02-03,FMDBL,153,151,151,151,148,22348
2013-02-04,FMDBL,151,150,150,150,148,22200
2013-02-13,FMDBL,150,150,150,150,148,22200
2013-02-20,FMDBL,150,153,153,153,593,90729
2013-02-27,FMDBL,153,152,152,152,59,8968
2013-03-13,FMDBL,152,149,149,149,838,124862
2013-03-14,FMDBL,149,150,150,150,49,7350
2013-03-18,FMDBL,150,150,150,150,158,23700
2013-03-21,FMDBL,150,150,150,150,347,52050
2013-04-01,FMDBL,150,153,153,153,89,13617
2013-04-07,FMDBL,153,153,150,153,344,51897
2013-04-25,FMDBL,153,150,147,147,294,43365
2013-04-29,FMDBL,147,149,147,149,218,32164
2013-04-30,FMDBL,149,148,145,148,662,97561
2013-05-02,FMDBL,148,146,146,146,49,7154
2013-05-12,FMDBL,146,144,144,144,444,63936
2013-06-02,FMDBL,144,146,146,146,15,2190
2013-06-19,FMDBL,146,145,145,145,2925,424125
2013-06-24,FMDBL,145,159,148,159,692,105112
2013-06-25,FMDBL,159,171,162,171,196,32634
2013-06-27,FMDBL,171,177,174,177,69,12066
2013-06-30,FMDBL,177,180,175,180,12633,2211062
2013-07-08,FMDBL,180,177,177,177,100,17700
2013-07-09,FMDBL,177,174,168,171,1139,194775
2013-07-10,FMDBL,171,171,168,171,287,48483
2013-07-11,FMDBL,171,171,171,171,198,33858
2013-07-15,FMDBL,171,176,170,176,592,101081
2013-07-16,FMDBL,176,180,179,180,147,26411
2013-07-22,FMDBL,180,186,183,186,148,27381
2013-07-23,FMDBL,186,192,189,192,80,15270
2013-07-24,FMDBL,192,195,188,190,6313,1200453
2013-07-30,FMDBL,190,196,193,196,609,119037
2013-07-31,FMDBL,196,205,195,205,255,50686
2013-08-04,FMDBL,205,225,209,225,89,19001
2013-08-05,FMDBL,225,247,229,247,819,193885
2013-08-06,FMDBL,247,251,251,251,10,2510
2013-08-11,FMDBL,251,261,256,261,50,12900
2013-08-12,FMDBL,261,266,266,266,20,5320
2013-08-15,FMDBL,266,261,251,251,187,47872
2013-08-18,FMDBL,251,250,240,245,1797,436904
2013-08-19,FMDBL,245,245,242,242,316,76649
2013-08-25,FMDBL,242,246,245,245,455,111801
2013-08-26,FMDBL,245,245,245,245,59,14455
2013-08-27,FMDBL,245,249,249,249,500,124500
2013-09-02,FMDBL,249,245,245,245,98,24010
2013-09-03,FMDBL,245,245,245,245,49,12005
2013-09-08,FMDBL,245,245,245,245,49,12005
2013-09-09,FMDBL,245,241,241,241,178,42898
2013-10-03,FMDBL,241,240,240,240,1006,241440
2013-10-21,FMDBL,240,248,244,248,821,202300
2013-10-28,FMDBL,248,272,252,272,424,111948
2013-11-06,FMDBL,272,292,277,292,345,97050
2013-11-07,FMDBL,292,308,297,308,247,74946
2013-11-11,FMDBL,320,325,314,325,9424,2971805
2013-11-12,FMDBL,325,325,317,325,15172,4925146
2013-11-13,FMDBL,325,333,328,333,315,103910
2013-11-14,FMDBL,333,340,325,333,26643,8730864
2013-11-21,FMDBL,333,339,339,339,19,6441
2013-11-24,FMDBL,339,357,345,357,543,191534
2013-11-25,FMDBL,357,392,364,392,1712,645099
2013-11-27,FMDBL,392,422,399,422,2499,1015600
2013-11-28,FMDBL,422,430,417,417,405,170644
2013-12-01,FMDBL,417,417,409,417,782,321014
2013-12-02,FMDBL,417,458,415,458,17746,7398663
2013-12-03,FMDBL,458,503,467,503,455,227965
2013-12-04,FMDBL,503,513,513,513,555,284715
2013-12-05,FMDBL,513,550,520,540,21657,11467999
2013-12-08,FMDBL,540,561,540,561,1581,877147
2013-12-10,FMDBL,561,571,571,571,69,39399
2013-12-18,FMDBL,571,582,582,582,69,40158
2013-12-19,FMDBL,582,593,593,593,10,5930
2013-12-22,FMDBL,593,582,534,555,15337,8609093
2013-12-29,FMDBL,555,544,544,544,119,64736
2014-01-12,FMDBL,544,534,515,525,10942,5644412
2014-01-13,FMDBL,525,520,500,511,25172,12638816
2014-01-14,FMDBL,511,545,512,545,5202,2728016
2014-01-16,FMDBL,545,550,540,550,313,170070
2014-01-19,FMDBL,550,539,529,529,563,298517
2014-01-21,FMDBL,529,530,530,530,455,241150
2014-01-22,FMDBL,530,530,530,530,217,115010
2014-01-23,FMDBL,530,525,525,525,1454,763350
2014-01-26,FMDBL,525,525,525,525,119,62475
2014-01-27,FMDBL,525,525,520,520,562,292535
2014-01-28,FMDBL,520,515,515,515,109,56135
2014-01-29,FMDBL,515,526,525,526,256,134509
2014-02-02,FMDBL,526,535,535,535,810,433350
2014-02-03,FMDBL,535,525,525,525,69,36225
2014-02-04,FMDBL,525,526,526,526,99,52074
2014-02-06,FMDBL,556,567,525,525,2688,1468608
2014-02-09,FMDBL,525,518,518,518,827,428386
2014-02-11,FMDBL,518,528,528,528,49,25872
2014-02-12,FMDBL,528,538,528,528,477,252446
2014-02-16,FMDBL,528,520,520,520,49,25480
2014-02-20,FMDBL,520,567,517,567,2403,1314231
2014-02-23,FMDBL,567,623,578,623,5819,3602769
2014-02-24,FMDBL,623,685,630,685,6017,3952891
2014-02-25,FMDBL,685,690,672,690,3779,2566952
2014-02-26,FMDBL,690,703,677,703,1219,829604
2014-03-05,FMDBL,703,689,689,689,200,137800
2014-03-06,FMDBL,689,700,700,700,129,90300
2014-03-09,FMDBL,700,687,687,687,50,34350
2014-03-10,FMDBL,687,674,674,674,122,82228
2014-03-17,FMDBL,674,661,661,661,49,32389
2014-03-19,FMDBL,661,648,595,595,866,531888
2014-03-25,FMDBL,595,584,565,565,439,251505
2014-03-26,FMDBL,565,554,554,554,119,65926
2014-03-27,FMDBL,554,543,543,543,109,59187
2014-03-31,FMDBL,543,533,533,533,200,106600
2014-04-01,FMDBL,533,530,524,524,700,369800
2014-04-02,FMDBL,524,576,534,576,298,162946
2014-04-03,FMDBL,576,633,587,609,9228,5683546
2014-04-06,FMDBL,609,621,609,609,1797,1102341
2014-04-07,FMDBL,609,639,609,639,859,528586
2014-04-10,FMDBL,639,651,651,651,196,127596
2014-04-13,FMDBL,651,638,638,638,98,62524
2014-04-15,FMDBL,638,626,626,626,119,74494
2014-04-16,FMDBL,626,650,625,625,2755,1757530
2014-04-17,FMDBL,625,637,615,637,1074,670958
2014-04-20,FMDBL,637,648,630,632,671,425754
2014-04-21,FMDBL,632,632,632,632,405,255960
2014-04-22,FMDBL,632,635,615,615,1506,931820
2014-04-28,FMDBL,615,627,627,627,533,334191
2014-04-29,FMDBL,627,649,630,645,2799,1790130
2014-04-30,FMDBL,645,700,657,700,5495,3695266
2014-05-04,FMDBL,700,759,690,759,4086,2864623
2014-05-05,FMDBL,759,800,774,781,2797,2204284
2014-05-07,FMDBL,781,766,766,766,189,144774
2014-05-20,FMDBL,766,751,751,751,622,467122
2014-05-22,FMDBL,751,736,700,700,5227,3761712
2014-05-25,FMDBL,700,687,687,687,319,219153
2014-05-26,FMDBL,687,690,677,678,2544,1724620
2014-05-27,FMDBL,678,666,653,666,2543,1685866
2014-05-28,FMDBL,666,679,671,676,961,649978
2014-06-01,FMDBL,676,702,676,702,10373,7040059
2014-06-02,FMDBL,702,730,702,730,3146,2225236
2014-06-03,FMDBL,730,758,730,743,1346,987532
2014-06-04,FMDBL,743,729,701,724,2879,2080363
2014-06-05,FMDBL,724,715,690,690,804,568488
2014-06-08,FMDBL,690,703,703,703,10,7030
2014-06-09,FMDBL,703,689,676,676,218,149942
2014-06-10,FMDBL,676,698,685,698,259,179625
2014-06-11,FMDBL,698,711,697,697,109,76673
2014-06-12,FMDBL,697,685,675,675,1045,707446
2014-06-19,FMDBL,675,675,675,675,706,476550
2014-06-23,FMDBL,675,710,688,700,2450,1708072
2014-06-24,FMDBL,700,712,700,708,1020,720300
2014-06-25,FMDBL,708,708,695,708,800,565126
2014-06-26,FMDBL,708,710,700,710,2544,1792262
2014-07-01,FMDBL,710,696,696,696,50,34800
2014-07-02,FMDBL,696,764,709,764,2596,1930831
2014-07-03,FMDBL,764,779,764,770,1313,1014146
2014-07-06,FMDBL,770,780,780,780,500,390000
2014-07-08,FMDBL,780,786,782,782,169,132634
2014-07-10,FMDBL,782,775,775,775,238,184450
2014-07-13,FMDBL,775,775,760,775,800,617030
2014-07-15,FMDBL,775,785,784,785,543,425761
2014-07-16,FMDBL,785,818,785,795,5791,4630403
2014-07-17,FMDBL,795,874,810,874,16546,14292082
2014-07-21,FMDBL,874,961,891,961,739,680069
2014-07-22,FMDBL,961,1057,970,1056,3616,3656942
2014-07-23,FMDBL,1056,1141,1020,1020,5436,5721312
2014-07-24,FMDBL,1020,1050,1020,1020,1731,1803974
2014-07-27,FMDBL,1020,1000,1000,1000,1237,1237000
2014-07-28,FMDBL,1000,1010,980,1005,1667,1664235
2014-07-30,FMDBL,1005,1000,980,980,758,757600
2014-07-31,FMDBL,980,965,946,946,300,285700
2014-08-03,FMDBL,946,930,852,852,2748,2387290
2014-08-04,FMDBL,852,850,820,850,862,719684
2014-08-05,FMDBL,850,867,850,850,1762,1510654
2014-08-07,FMDBL,850,867,867,867,49,42483
2014-08-13,FMDBL,867,953,884,905,6269,5738520
2014-08-14,FMDBL,905,890,890,890,49,43610
2014-08-18,FMDBL,890,893,860,860,3894,3396360
2014-08-19,FMDBL,860,877,865,865,1000,871000
2014-08-20,FMDBL,865,882,865,882,3650,3178300
2014-08-21,FMDBL,882,899,899,899,100,89900
2014-08-24,FMDBL,899,934,900,916,1101,1001434
2014-08-25,FMDBL,916,964,882,882,13703,12716092
2014-08-26,FMDBL,882,948,875,901,8051,7260773
2014-08-27,FMDBL,901,919,900,900,12768,11590955
2014-08-28,FMDBL,900,936,900,910,7846,7170659
2014-08-31,FMDBL,910,936,878,910,12269,11118198
2014-09-01,FMDBL,910,905,896,905,821,738376
2014-09-07,FMDBL,905,890,887,887,199,176813
2014-09-09,FMDBL,887,922,904,922,559,506398
2014-09-10,FMDBL,922,940,940,940,100,94000
2014-09-17,FMDBL,940,977,958,960,850,819100
2014-09-18,FMDBL,960,970,960,970,555,535350
2014-09-21,FMDBL,970,960,960,960,98,94080
2014-09-22,FMDBL,960,950,950,950,500,475000
2014-09-24,FMDBL,950,950,950,950,247,234650
2014-09-29,FMDBL,950,960,932,932,899,848940
2014-09-30,FMDBL,932,933,915,915,2100,1923300
2014-10-19,FMDBL,915,915,897,897,810,729450
2014-11-06,FMDBL,897,900,900,900,200,180000
2014-11-09,FMDBL,900,910,910,910,250,227500
2014-11-10,FMDBL,910,892,892,892,100,89200
2014-11-11,FMDBL,892,900,900,900,100,90000
2014-11-25,FMDBL,900,882,882,882,100,88200
2014-11-30,FMDBL,882,882,882,882,250,220500
2014-12-01,FMDBL,882,865,865,865,100,86500
2014-12-02,FMDBL,865,850,817,817,937,781551
2014-12-03,FMDBL,817,801,801,801,108,86508
2014-12-04,FMDBL,801,795,781,781,1260,997510
2014-12-08,FMDBL,781,767,767,767,30,23010
2014-12-09,FMDBL,767,767,760,760,648,493173
2014-12-10,FMDBL,760,775,775,775,20,15500
2014-12-14,FMDBL,775,838,790,838,398,328256
2014-12-15,FMDBL,838,839,830,839,248,206831
2014-12-16,FMDBL,839,825,825,825,602,496650
2014-12-18,FMDBL,825,810,794,794,800,638400
2014-12-21,FMDBL,794,782,779,782,2000,1559800
2014-12-23,FMDBL,782,795,795,795,99,78705
2014-12-24,FMDBL,795,809,802,802,570,458280
2014-12-28,FMDBL,802,818,812,815,669,543648
2014-12-29,FMDBL,815,878,830,878,1968,1670364
2014-12-31,FMDBL,878,965,895,965,2119,1988002
2015-01-01,FMDBL,965,984,937,937,949,911944
2015-01-04,FMDBL,937,975,955,960,2075,2010012
2015-01-05,FMDBL,960,1016,960,960,3114,3046094
2015-01-06,FMDBL,960,969,941,969,3623,3451903
2015-01-07,FMDBL,969,979,960,979,866,843250
2015-01-08,FMDBL,979,989,970,989,644,634066
2015-01-11,FMDBL,989,990,985,985,450,444500
2015-01-12,FMDBL,985,995,989,995,705,699250
2015-01-13,FMDBL,995,1006,1006,1006,69,69414
2015-01-14,FMDBL,1006,1026,1006,1014,398,403758
2015-01-18,FMDBL,1014,1015,1015,1015,500,507500
2015-01-19,FMDBL,1015,1005,1000,1005,2105,2109705
2015-01-20,FMDBL,1005,1000,1000,1000,900,900000
2015-01-22,FMDBL,1000,1005,985,990,2174,2173776
2015-01-25,FMDBL,990,991,991,991,50,49550
2015-01-26,FMDBL,991,1000,992,1000,320,319040
2015-01-27,FMDBL,1000,998,986,998,407,403294
2015-01-28,FMDBL,998,995,990,990,600,594500
2015-01-29,FMDBL,990,985,984,984,650,639750
2015-02-01,FMDBL,984,990,990,990,99,98010
2015-02-02,FMDBL,990,1025,1005,1020,1050,1069800
2015-02-03,FMDBL,1020,1045,1011,1045,2267,2307449
2015-02-04,FMDBL,1045,1091,1055,1090,4793,5151270
2015-02-09,FMDBL,1090,1199,1111,1199,4916,5876784
2015-02-10,FMDBL,1199,1280,1222,1253,8634,10748114
2015-02-11,FMDBL,1253,1260,1215,1234,12693,15618919
2015-02-12,FMDBL,667,733,680,733,1364,996405
2015-02-15,FMDBL,733,806,747,806,2126,1686416
2015-02-16,FMDBL,806,871,820,830,4946,4135015
2015-02-18,FMDBL,830,835,789,789,972,786884
2015-03-01,FMDBL,789,774,711,725,1719,1270517
2015-03-03,FMDBL,725,725,711,711,179,127731
2015-03-04,FMDBL,711,716,695,695,450,317950
2015-03-09,FMDBL,695,714,695,714,869,607366
2015-03-11,FMDBL,714,710,710,710,200,142000
2015-03-17,FMDBL,710,710,700,710,899,630790
2015-03-19,FMDBL,710,696,696,696,30,20880
2015-03-22,FMDBL,696,709,695,695,220,153900
2015-03-23,FMDBL,695,682,681,681,189,128769
2015-03-24,FMDBL,681,670,670,670,49,32830
2015-03-25,FMDBL,670,660,657,657,399,263040
2015-03-29,FMDBL,657,650,650,650,100,65000
2015-03-30,FMDBL,650,637,637,637,300,191100
2015-04-01,FMDBL,637,631,628,628,150,94450
2015-04-02,FMDBL,628,617,607,607,207,126229
2015-04-05,FMDBL,607,600,595,595,500,298100
2015-04-07,FMDBL,595,584,584,584,200,116800
2015-04-08,FMDBL,584,591,590,591,450,265750
2015-04-09,FMDBL,591,595,595,595,300,178500
2015-04-15,FMDBL,595,622,595,622,900,545200
2015-04-16,FMDBL,622,654,630,654,310,197340
2015-04-19,FMDBL,654,665,660,665,1052,696794
2015-04-20,FMDBL,665,660,650,651,400,261600
2015-04-21,FMDBL,651,665,652,652,608,403153
2015-04-22,FMDBL,652,639,639,639,49,31311
2015-04-23,FMDBL,639,627,627,627,200,125400
2015-05-26,FMDBL,627,615,615,615,40,24600
2015-05-27,FMDBL,615,603,558,558,100,58020
2015-05-28,FMDBL,558,557,546,546,458,251357
2015-05-31,FMDBL,546,536,516,530,857,451073
2015-06-01,FMDBL,530,535,525,530,1500,792000
2015-06-02,FMDBL,530,530,520,530,506,265120
2015-06-03,FMDBL,530,555,530,555,1748,937665
2015-06-04,FMDBL,555,580,560,580,757,427520
2015-06-07,FMDBL,580,590,590,590,60,35400
2015-06-08,FMDBL,590,600,600,600,300,180000
2015-06-09,FMDBL,600,612,599,599,2049,1235788
2015-06-10,FMDBL,599,591,590,590,549,324210
2015-06-11,FMDBL,590,579,579,579,500,289500
2015-06-14,FMDBL,579,570,565,565,497,282290
2015-06-15,FMDBL,565,570,570,570,109,62130
2015-06-16,FMDBL,570,561,561,561,198,111078
2015-06-25,FMDBL,561,550,550,550,188,103400
2015-06-28,FMDBL,550,555,516,552,39465,20407316
2015-06-29,FMDBL,552,563,555,556,425,236700
2015-06-30,FMDBL,556,567,567,567,198,112266
2015-07-01,FMDBL,567,560,554,554,600,333900
2015-07-05,FMDBL,554,543,527,528,1793,952048
2015-07-06,FMDBL,528,535,525,529,1400,737800
2015-07-07,FMDBL,529,545,530,544,2155,1157858
2015-07-08,FMDBL,544,554,546,546,1268,695720
2015-07-09,FMDBL,546,560,550,550,5210,2879010
2015-07-12,FMDBL,550,605,560,605,10599,6195463
2015-07-13,FMDBL,605,648,615,630,4352,2747164
2015-07-14,FMDBL,630,650,618,650,2381,1506761
2015-07-15,FMDBL,650,647,630,647,16961,10737597
2015-07-16,FMDBL,647,650,620,650,5090,3227272
2015-07-22,FMDBL,650,689,638,689,15005,9839511
2015-07-23,FMDBL,689,716,690,715,10571,7398276
2015-07-26,FMDBL,715,757,729,757,649,485701
2015-07-27,FMDBL,757,742,730,730,798,585916
2015-07-28,FMDBL,730,716,690,690,399,281710
2015-07-30,FMDBL,690,677,670,670,1200,805400
2015-08-02,FMDBL,670,682,650,650,2007,1317331
2015-08-03,FMDBL,650,641,635,637,699,446260
2015-08-04,FMDBL,637,625,625,625,100,62500
2015-08-05,FMDBL,625,620,599,599,1600,971718
2015-08-06,FMDBL,599,605,600,605,1628,979500
2015-08-09,FMDBL,605,617,610,617,1092,672090
2015-08-10,FMDBL,617,666,629,666,1748,1130142
2015-08-11,FMDBL,666,691,648,648,2082,1389446
2015-08-12,FMDBL,648,636,620,620,3548,2234269
2015-08-13,FMDBL,620,625,613,613,2498,1536426
2015-08-16,FMDBL,613,632,620,620,794,493480
2015-08-17,FMDBL,620,620,620,620,200,124000
2015-08-18,FMDBL,620,630,620,630,2130,1332161
2015-08-19,FMDBL,630,630,630,630,405,255150
2015-08-20,FMDBL,630,655,641,650,1558,1008840
2015-08-24,FMDBL,650,663,659,660,1050,692750
2015-08-25,FMDBL,660,647,622,630,2050,1288712
2015-08-26,FMDBL,630,641,641,641,852,546132
2015-08-27,FMDBL,641,653,639,640,982,629060
2015-08-31,FMDBL,640,664,638,642,3116,2017472
2015-09-01,FMDBL,642,654,645,645,398,257610
2015-09-02,FMDBL,645,640,635,635,900,573500
2015-09-03,FMDBL,635,635,626,626,759,477170
2015-09-06,FMDBL,626,630,622,624,610,382196
2015-09-07,FMDBL,624,630,617,630,2488,1553524
2015-09-08,FMDBL,630,640,639,640,3420,2187890
2015-09-09,FMDBL,640,660,650,660,1891,1237412
2015-09-10,FMDBL,660,699,673,679,9153,6207550
2015-09-13,FMDBL,679,680,670,670,3453,2323975
2015-09-14,FMDBL,670,680,667,675,2341,1572440
2015-09-15,FMDBL,675,701,675,675,1860,1266338
2015-09-16,FMDBL,675,680,667,675,1510,1018510
2015-09-17,FMDBL,675,690,665,667,1735,1171901
2015-09-22,FMDBL,667,660,655,655,219,144040
2015-09-23,FMDBL,655,668,643,668,3318,2176826
2015-09-24,FMDBL,668,670,655,663,2238,1471010
2015-09-28,FMDBL,663,650,640,644,521,335704
2015-09-29,FMDBL,644,643,636,643,3031,1936917
2015-09-30,FMDBL,643,650,650,650,800,520000
2015-10-01,FMDBL,650,640,640,640,500,320000
2015-10-06,FMDBL,640,632,620,624,1248,779691
2015-10-07,FMDBL,624,620,612,620,817,502540
2015-10-08,FMDBL,620,632,632,632,200,126400
2015-10-11,FMDBL,632,644,625,625,1119,705367
2015-10-14,FMDBL,625,620,620,620,600,372000
2015-10-15,FMDBL,620,620,615,615,1040,640600
2015-10-18,FMDBL,615,605,605,605,100,60500
2015-10-19,FMDBL,605,617,617,617,905,558385
2015-10-27,FMDBL,617,609,606,609,650,395400
2015-10-29,FMDBL,609,621,601,610,1275,780326
2015-11-03,FMDBL,530,540,530,535,2032,1089880
2015-11-04,FMDBL,535,537,537,537,200,107400
2015-11-05,FMDBL,537,540,538,540,550,296450
2015-11-08,FMDBL,540,550,547,550,900,494700
2015-11-09,FMDBL,550,560,560,560,949,531440
2015-11-10,FMDBL,560,604,571,604,1637,962218
2015-11-18,FMDBL,604,593,582,582,600,351500
2015-11-19,FMDBL,582,573,572,572,270,154590
2015-11-22,FMDBL,572,561,539,539,1459,800063
2015-11-24,FMDBL,539,540,540,540,1274,687960
2015-11-30,FMDBL,540,535,520,535,1174,619820
2015-12-01,FMDBL,535,554,534,554,2070,1114280
2015-12-02,FMDBL,554,544,544,544,100,54400
2015-12-06,FMDBL,544,565,554,555,507,283377
2015-12-07,FMDBL,555,550,550,550,500,275000
2015-12-08,FMDBL,550,585,561,585,866,495519
2015-12-09,FMDBL,585,643,596,643,11120,6952002
2015-12-10,FMDBL,643,707,645,680,9870,6673310
2015-12-13,FMDBL,680,690,670,681,3431,2317074
2015-12-14,FMDBL,681,690,657,657,2087,1409393
2015-12-15,FMDBL,657,645,630,640,2609,1658715
2015-12-16,FMDBL,640,702,645,679,4422,3013134
2015-12-17,FMDBL,679,686,670,670,1379,938715
2015-12-20,FMDBL,670,693,660,660,2814,1887620
2015-12-21,FMDBL,660,675,670,672,2084,1402124
2015-12-22,FMDBL,672,665,652,658,900,593500
2015-12-24,FMDBL,658,663,660,662,1498,990479
2015-12-27,FMDBL,662,661,661,661,200,132200
2015-12-28,FMDBL,661,661,660,661,926,612037
2015-12-29,FMDBL,661,695,661,692,5338,3635105
2015-12-31,FMDBL,692,760,705,721,6162,4447029
2016-01-03,FMDBL,721,740,729,730,3546,2598866
2016-01-04,FMDBL,730,722,709,709,3001,2149232
2016-01-05,FMDBL,709,700,682,690,1379,958565
2016-01-06,FMDBL,690,681,670,670,2375,1601200
2016-01-07,FMDBL,670,693,661,693,4007,2720229
2016-01-10,FMDBL,693,704,680,680,1100,754600
2016-01-11,FMDBL,680,678,670,675,1304,878350
2016-01-12,FMDBL,675,690,676,690,1681,1150046
2016-01-13,FMDBL,690,690,686,686,700,482200
2016-01-14,FMDBL,686,704,681,704,8442,5875407
2016-01-17,FMDBL,704,774,718,774,50,37300
2016-01-18,FMDBL,774,804,789,804,20,15930
2016-01-19,FMDBL,804,884,820,884,4015,3513920
2016-01-20,FMDBL,884,901,901,901,11,9911
2016-01-31,FMDBL,901,883,866,866,630,547790
2016-02-01,FMDBL,866,952,801,952,23669,22076876
2016-02-02,FMDBL,952,1028,971,1000,14728,14854574
2016-02-03,FMDBL,1000,1100,1001,1100,15481,16475820
2016-02-04,FMDBL,1100,1170,1122,1145,12118,13885666
2016-02-07,FMDBL,1145,1145,1055,1061,2328,2506991
2016-02-08,FMDBL,1061,1040,961,1010,2612,2604226
2016-02-14,FMDBL,1010,992,909,928,3641,3375255
2016-02-15,FMDBL,928,933,875,925,2727,2486085
2016-02-16,FMDBL,925,926,916,925,4934,4551572
2016-02-17,FMDBL,925,935,920,930,2550,2371000
2016-02-18,FMDBL,930,950,933,933,1040,981793
2016-02-21,FMDBL,933,935,921,932,2517,2343280
2016-02-22,FMDBL,932,966,930,942,20311,18932390
2016-02-23,FMDBL,942,935,925,935,500,463550
2016-02-24,FMDBL,935,930,920,930,1674,1553224
2016-02-25,FMDBL,930,934,900,925,2831,2613684
2016-02-28,FMDBL,925,916,907,913,1234,1125966
2016-02-29,FMDBL,913,1000,920,938,14126,13549312
2016-03-01,FMDBL,938,1000,950,989,19663,18997956
2016-03-02,FMDBL,989,1075,995,1075,14770,15220873
2016-03-03,FMDBL,1075,1096,1052,1052,6717,7198109
2016-03-06,FMDBL,1052,1130,1034,1130,10201,11108453
2016-03-10,FMDBL,1130,1199,1091,1180,10895,12605479
2016-03-13,FMDBL,1180,1226,1113,1180,9116,10729725
2016-03-14,FMDBL,1180,1175,1084,1150,17264,19584352
2016-03-15,FMDBL,1150,1210,1128,1210,20344,23874324
2016-03-16,FMDBL,1210,1254,1210,1235,20522,25431268
2016-03-17,FMDBL,1235,1251,1212,1240,6866,8517773
2016-03-20,FMDBL,1240,1289,1240,1279,13339,16808626
2016-03-21,FMDBL,1279,1270,1237,1259,5428,6821845
2016-03-23,FMDBL,1259,1265,1222,1223,7986,9941596
2016-03-24,FMDBL,1223,1250,1224,1230,1515,1879449
2016-03-27,FMDBL,1230,1210,1160,1190,2943,3446134
2016-03-28,FMDBL,1190,1213,1140,1165,12899,14938679
2016-03-29,FMDBL,1165,1161,1150,1160,3026,3499560
2016-03-30,FMDBL,1160,1183,1150,1151,43712,50378520
2016-03-31,FMDBL,1151,1178,1158,1172,14411,16803964
2016-04-03,FMDBL,1172,1169,1137,1156,4901,5638813
2016-04-04,FMDBL,1156,1155,1133,1135,10969,12558625
2016-04-05,FMDBL,1135,1170,1155,1155,1690,1963925
2016-04-06,FMDBL,1155,1166,1155,1157,2995,3476365
2016-04-10,FMDBL,1157,1159,1137,1137,6165,7077675
2016-04-11,FMDBL,1137,1159,1139,1159,5233,5993800
2016-04-12,FMDBL,1159,1178,1150,1178,1500,1735200
2016-04-14,FMDBL,1178,1194,1178,1180,1810,2140080
2016-04-17,FMDBL,1180,1171,1150,1165,5625,6559925
2016-04-18,FMDBL,1165,1180,1163,1165,13775,16078255
2016-04-19,FMDBL,1165,1175,1155,1170,2968,3454043
2016-04-20,FMDBL,1170,1193,1150,1155,2847,3306984
2016-04-21,FMDBL,1155,1175,1155,1157,7718,8951939
2016-04-24,FMDBL,1157,1170,1153,1165,6850,7949138
2016-04-25,FMDBL,1165,1175,1161,1170,7047,8221245
2016-04-26,FMDBL,1170,1200,1172,1180,12999,15317480
2016-04-27,FMDBL,1180,1235,1172,1225,17152,20718364
2016-04-28,FMDBL,1225,1273,1225,1235,14778,18361240
2016-05-02,FMDBL,1235,1250,1212,1240,10541,13041666
2016-05-03,FMDBL,1240,1260,1225,1225,6285,7798025
2016-05-04,FMDBL,1225,1223,1208,1223,4102,4983790
2016-05-05,FMDBL,1223,1240,1203,1211,3597,4397340
2016-05-08,FMDBL,1211,1200,1188,1190,5367,6399946
2016-05-09,FMDBL,1190,1293,1200,1269,31097,38350116
2016-05-10,FMDBL,1269,1359,1225,1335,27453,36483312
2016-05-11,FMDBL,1335,1333,1308,1315,7939,10462953
2016-05-12,FMDBL,1315,1377,1312,1350,11250,15142795
2016-05-15,FMDBL,1350,1370,1325,1360,12645,17148222
2016-05-16,FMDBL,1360,1354,1330,1350,7320,9820240
2016-05-17,FMDBL,1350,1369,1353,1360,11315,15401196
2016-05-18,FMDBL,1360,1389,1360,1370,4106,5628618
2016-05-19,FMDBL,1370,1452,1385,1390,8542,11948630
2016-05-22,FMDBL,1390,1428,1385,1428,9550,13348132
2016-05-23,FMDBL,1428,1514,1435,1514,13556,20075584
2016-05-24,FMDBL,1514,1585,1456,1550,23382,35251864
2016-05-25,FMDBL,1550,1560,1480,1486,15033,22664576
2016-05-26,FMDBL,1486,1520,1441,1485,10887,16039780
2016-05-29,FMDBL,1485,1494,1470,1485,6394,9472623
2016-05-30,FMDBL,1485,1490,1471,1479,5427,8039019
2016-05-31,FMDBL,1479,1500,1471,1487,6636,9864910
2016-06-01,FMDBL,1487,1470,1421,1445,12565,18194628
2016-06-02,FMDBL,1445,1450,1405,1449,7604,10908315
2016-06-05,FMDBL,1449,1421,1348,1365,8270,11409620
2016-06-06,FMDBL,1365,1447,1370,1440,10472,14810281
2016-06-07,FMDBL,1440,1478,1422,1422,8156,11771170
2016-06-08,FMDBL,1422,1457,1423,1428,5639,8081166
2016-06-09,FMDBL,1428,1509,1435,1485,16823,24782280
2016-06-12,FMDBL,1485,1574,1510,1565,12458,19250648
2016-06-13,FMDBL,1565,1721,1560,1721,47826,77071888
2016-06-14,FMDBL,1721,1819,1677,1700,30585,52638464
2016-06-15,FMDBL,1700,1720,1660,1670,11503,19405284
2016-06-16,FMDBL,1670,1720,1677,1710,16769,28483990
2016-06-19,FMDBL,1710,1770,1676,1703,22273,38698076
2016-06-20,FMDBL,1703,1750,1675,1702,10454,17857644
2016-06-21,FMDBL,1702,1735,1700,1729,7317,12553595
2016-06-22,FMDBL,1729,1750,1701,1715,9658,16683683
2016-06-23,FMDBL,1715,1760,1736,1740,8843,15444562
2016-06-26,FMDBL,1740,1745,1703,1740,7265,12577475
2016-06-27,FMDBL,1740,1750,1710,1726,3403,5885110
2016-06-28,FMDBL,1726,1726,1700,1706,7170,12308310
2016-06-29,FMDBL,1706,1801,1730,1800,22608,39583388
2016-06-30,FMDBL,1800,1879,1820,1860,27246,50463968
2016-07-03,FMDBL,1860,2046,1897,2046,42295,84155088
2016-07-04,FMDBL,2046,2250,2020,2020,27825,58897508
2016-07-05,FMDBL,2020,2010,1920,1920,21342,41685000
2016-07-06,FMDBL,1920,2018,1920,1955,8768,17076472
2016-07-10,FMDBL,1955,2090,1958,1975,15668,31532384
2016-07-11,FMDBL,1975,1980,1880,1900,3940,7545270
2016-07-12,FMDBL,1900,1900,1764,1860,8400,15386483
2016-07-13,FMDBL,1860,1878,1755,1855,5118,9296840
2016-07-14,FMDBL,1855,2040,1892,2000,64898,130072312
2016-07-17,FMDBL,2000,2040,1850,1875,31509,61196944
2016-07-18,FMDBL,1875,1965,1800,1940,14289,26888656
2016-07-19,FMDBL,1940,1978,1866,1899,2997,5708625
2016-07-20,FMDBL,1899,1936,1860,1895,9579,17981980
2016-07-21,FMDBL,1895,1900,1801,1870,4159,7639424
2016-07-25,FMDBL,1870,1880,1797,1870,12347,22831224
2016-07-26,FMDBL,1870,1925,1880,1900,10245,19518824
2016-07-27,FMDBL,1900,1999,1910,1985,17372,34239872
2016-07-28,FMDBL,1985,1999,1937,1950,6234,12221681
2016-07-31,FMDBL,1950,1965,1940,1949,7317,14281052
2016-08-01,FMDBL,1949,1950,1910,1934,8943,17301916
2016-08-02,FMDBL,1934,1950,1862,1950,5716,10843283
2016-08-03,FMDBL,1950,1985,1880,1946,2496,4754272
2016-08-04,FMDBL,1946,1949,1911,1911,812,1578306
2016-08-07,FMDBL,1911,1949,1825,1862,5650,10502530
2016-08-08,FMDBL,1862,1896,1730,1762,3120,5580000
2016-08-09,FMDBL,1762,1832,1797,1832,20,36290
2016-08-10,FMDBL,1832,1905,1758,1777,6815,12199701
2016-08-11,FMDBL,1777,1755,1696,1696,4205,7266025
2016-08-14,FMDBL,1696,1663,1550,1586,7459,11728493
2016-08-15,FMDBL,1586,1586,1490,1586,4138,6284385
2016-08-16,FMDBL,1586,1664,1555,1570,2864,4615515
2016-08-17,FMDBL,1570,1630,1600,1600,555,888700
2016-08-21,FMDBL,1600,1611,1570,1585,2096,3315279
2016-08-22,FMDBL,1585,1560,1530,1540,1249,1926460
2016-08-23,FMDBL,1540,1581,1500,1530,3133,4789585
2016-08-24,FMDBL,1530,1612,1491,1612,4607,6952030
2016-08-28,FMDBL,1612,1670,1611,1666,3049,5013903
2016-08-29,FMDBL,1666,1703,1651,1675,2079,3465019
2016-08-30,FMDBL,1675,1675,1650,1650,1650,2727142
2016-08-31,FMDBL,1650,1730,1650,1730,510,862600
2016-09-01,FMDBL,1730,1744,1700,1710,5526,9480956
2016-09-03,FMDBL,1710,1690,1690,1690,39,65910
2016-09-05,FMDBL,1690,1723,1690,1690,1660,2820700
2016-09-06,FMDBL,1690,1723,1700,1700,750,1289300
2016-09-07,FMDBL,1700,1870,1665,1695,4777,8131268
2016-09-08,FMDBL,1695,1680,1651,1651,1540,2568450
2016-09-11,FMDBL,1651,1786,1684,1693,9304,15875906
2016-09-12,FMDBL,1693,1726,1670,1726,3287,5590819
2016-09-14,FMDBL,1726,1770,1700,1749,6485,11109110
2016-09-18,FMDBL,1749,1783,1712,1744,6360,11087946
2016-09-20,FMDBL,1744,1805,1676,1805,7508,12945065
2016-09-21,FMDBL,1570,1628,1500,1510,530,820080
2016-09-22,FMDBL,1510,1500,1450,1450,690,1011320
2016-09-25,FMDBL,1450,1422,1422,1422,11,15642
2016-09-26,FMDBL,1422,1395,1340,1366,700,958350
2016-09-27,FMDBL,1366,1399,1380,1399,648,895190
2016-09-28,FMDBL,1399,1404,1390,1390,1850,2581450
2016-09-29,FMDBL,1390,1381,1370,1370,1790,2457770
2016-10-02,FMDBL,1370,1360,1360,1360,100,136000
2016-10-03,FMDBL,1360,1350,1333,1350,480,646170
2016-10-04,FMDBL,1350,1375,1347,1347,820,1121450
2016-10-05,FMDBL,1347,1340,1340,1340,100,134000
2016-10-06,FMDBL,1340,1474,1366,1474,420,592340
2016-10-16,FMDBL,1474,1503,1502,1503,1000,1502900
2016-10-17,FMDBL,1503,1510,1510,1510,800,1208000
2016-10-18,FMDBL,1510,1480,1392,1415,1560,2209910
2016-10-19,FMDBL,1415,1410,1396,1400,1051,1473000
2016-10-20,FMDBL,1400,1428,1400,1400,1000,1409500
2016-10-23,FMDBL,1400,1400,1390,1390,650,906500
2016-10-24,FMDBL,1390,1372,1350,1358,820,1115710
2016-10-25,FMDBL,1358,1387,1350,1387,1010,1368870
2016-10-27,FMDBL,1387,1400,1370,1370,500,688800
2016-11-07,FMDBL,1370,1389,1362,1362,1820,2525280
2016-11-08,FMDBL,1362,1374,1350,1374,706,969324
2016-11-09,FMDBL,1374,1355,1322,1322,1112,1505804
2016-11-10,FMDBL,1322,1302,1275,1275,948,1224640
2016-11-13,FMDBL,1275,1275,1275,1275,270,344250
2016-11-14,FMDBL,1275,1285,1284,1285,420,539600
2016-11-16,FMDBL,1285,1290,1290,1290,100,129000
2016-11-17,FMDBL,1290,1266,1240,1240,200,250530
2016-11-27,FMDBL,1240,1240,1216,1220,415,507800
2016-11-29,FMDBL,1220,1196,1180,1180,931,1112676
2016-11-30,FMDBL,1180,1174,1090,1174,10624,12127099
2016-12-01,FMDBL,1174,1215,1151,1179,3655,4326460
2016-12-04,FMDBL,1179,1170,1125,1125,680,778140
2016-12-05,FMDBL,1125,1120,1098,1100,500,552360
2016-12-06,FMDBL,1100,1100,1077,1090,2325,2527890
2016-12-07,FMDBL,1090,1071,1050,1071,200,211580
2016-12-08,FMDBL,1071,1050,1050,1050,130,136500
2016-12-11,FMDBL,1050,1030,1029,1030,220,226560
2016-12-12,FMDBL,1030,1010,953,970,1620,1567170
2016-12-14,FMDBL,970,989,951,951,792,760520
2016-12-15,FMDBL,951,988,935,988,1462,1390640
2016-12-18,FMDBL,988,969,940,940,2100,1979100
2016-12-19,FMDBL,940,1000,941,941,1420,1354220
2016-12-20,FMDBL,941,941,930,930,2046,1912206
2016-12-21,FMDBL,930,930,912,912,1388,1279474
2016-12-22,FMDBL,912,940,913,940,408,378800
2016-12-26,FMDBL,940,935,912,912,805,742695
2016-12-27,FMDBL,912,918,877,882,1995,1783567
2016-12-28,FMDBL,882,898,898,898,100,89800
2016-12-29,FMDBL,898,932,905,928,1750,1602900
2017-01-01,FMDBL,928,950,945,950,830,787030
2017-01-02,FMDBL,950,960,955,955,200,191500
2017-01-03,FMDBL,955,950,904,904,1413,1317264
2017-01-04,FMDBL,904,911,894,894,440,398373
2017-01-05,FMDBL,894,900,882,900,841,750657
2017-01-08,FMDBL,900,900,883,883,634,563852
2017-01-09,FMDBL,883,885,883,885,291,257283
2017-01-10,FMDBL,885,914,891,914,285,258280
2017-01-11,FMDBL,914,900,882,882,156,139734
2017-01-12,FMDBL,882,899,877,883,725,639507
2017-01-15,FMDBL,883,907,870,895,510,446830
2017-01-16,FMDBL,895,935,900,906,798,726780
2017-01-17,FMDBL,906,901,862,901,2170,1912215
2017-01-18,FMDBL,901,905,855,887,1298,1136508
2017-01-19,FMDBL,887,887,870,872,677,592834
2017-01-22,FMDBL,872,877,860,877,285,245810
2017-01-23,FMDBL,877,885,885,885,130,115050
2017-01-24,FMDBL,885,884,870,871,765,672635
2017-01-25,FMDBL,871,856,836,838,1011,858949
2017-01-26,FMDBL,838,822,806,810,590,480365
2017-01-31,FMDBL,810,794,749,749,790,603910
2017-02-01,FMDBL,749,820,745,820,826,645114
2017-02-02,FMDBL,820,836,801,810,1479,1200707
2017-02-05,FMDBL,810,876,794,876,978,812998
2017-02-06,FMDBL,876,859,794,809,1780,1438110
2017-02-07,FMDBL,809,809,793,809,988,795984
2017-02-08,FMDBL,809,800,792,792,229,181924
2017-02-09,FMDBL,792,778,750,750,740,570630
2017-02-12,FMDBL,750,745,693,697,1414,1011514
2017-02-13,FMDBL,697,751,672,751,2144,1501140
2017-02-14,FMDBL,751,766,737,740,904,671358
2017-02-15,FMDBL,740,775,726,775,2844,2126355
2017-02-16,FMDBL,775,795,750,750,1540,1196430
2017-02-19,FMDBL,750,810,750,810,2774,2154514
2017-02-20,FMDBL,810,826,790,790,4490,3606220
2017-02-21,FMDBL,790,810,766,766,4276,3394660
2017-02-22,FMDBL,766,766,756,756,1652,1263016
2017-02-23,FMDBL,756,801,771,801,275,215540
2017-02-26,FMDBL,801,785,770,770,270,208800
2017-02-28,FMDBL,770,769,742,742,3440,2587710
2017-03-01,FMDBL,742,756,730,732,2394,1766044
2017-03-02,FMDBL,732,765,732,750,3111,2309325
2017-03-05,FMDBL,750,787,760,768,6165,4734895
2017-03-06,FMDBL,768,780,753,778,3745,2871390
2017-03-07,FMDBL,778,766,748,755,6705,5048125
2017-03-09,FMDBL,755,785,760,775,2000,1544780
2017-03-13,FMDBL,775,787,761,776,2313,1795809
2017-03-14,FMDBL,776,790,766,775,4452,3454432
2017-03-15,FMDBL,775,785,760,779,2730,2106150
2017-03-16,FMDBL,779,780,750,770,2130,1616600
2017-03-19,FMDBL,770,783,770,783,1410,1092860
2017-03-20,FMDBL,783,861,780,861,12682,10455021
2017-03-21,FMDBL,861,947,842,947,26954,24140528
2017-03-22,FMDBL,947,1041,965,1040,23743,24432948
2017-03-23,FMDBL,1040,1105,990,1105,18254,19127992
2017-03-26,FMDBL,1105,1215,1105,1213,21347,25086068
2017-03-28,FMDBL,1213,1334,1236,1304,9624,12401696
2017-03-29,FMDBL,1304,1361,1235,1340,19416,25131292
2017-03-30,FMDBL,1340,1390,1282,1380,14594,19555988
2017-04-02,FMDBL,1380,1492,1377,1492,18102,25772588
2017-04-03,FMDBL,1492,1641,1453,1520,30226,47187412
2017-04-04,FMDBL,1520,1570,1441,1490,15607,23093344
2017-04-06,FMDBL,1490,1519,1419,1479,13141,19077130
2017-04-09,FMDBL,1479,1508,1400,1415,9338,13488674
2017-04-10,FMDBL,1415,1479,1387,1452,20061,28547524
2017-04-11,FMDBL,1452,1480,1400,1450,33798,48928124
2017-04-12,FMDBL,1000,1100,1020,1100,32738,35995808
2017-04-13,FMDBL,1100,1210,1057,1135,25357,28709108
2017-04-16,FMDBL,1135,1151,1071,1072,18900,20927568
2017-04-18,FMDBL,1072,1064,989,1000,12396,12691910
2017-04-19,FMDBL,1000,1100,990,1100,9063,9570642
2017-04-20,FMDBL,1100,1180,1118,1130,21361,24356148
2017-04-23,FMDBL,1130,1176,1130,1143,11341,12992925
2017-04-24,FMDBL,1143,1148,1108,1123,6456,7235407
2017-04-25,FMDBL,1123,1140,1090,1124,7233,8066618
2017-04-26,FMDBL,1124,1146,1092,1114,4591,5075602
2017-04-27,FMDBL,1114,1115,1095,1107,5334,5913247
2017-04-30,FMDBL,1107,1100,1059,1061,6176,6637122
2017-05-02,FMDBL,1061,1108,1065,1085,5762,6247025
2017-05-03,FMDBL,1085,1125,1070,1071,9175,9920955
2017-05-04,FMDBL,1071,1105,1051,1060,4295,4584083
2017-05-07,FMDBL,1060,1060,1030,1035,3446,3588879
2017-05-08,FMDBL,1035,1090,1040,1050,3228,3394800
2017-05-09,FMDBL,1050,1071,1056,1057,2397,2537692
2017-05-11,FMDBL,1057,1078,1060,1063,2148,2287040
2017-05-15,FMDBL,1063,1090,1060,1068,2049,2197501
2017-05-16,FMDBL,1068,1070,1052,1055,529,559420
2017-05-17,FMDBL,1055,1060,1039,1060,4045,4229666
2017-05-18,FMDBL,1060,1069,1030,1030,7489,7792334
2017-05-21,FMDBL,1030,1030,1022,1027,1448,1486316
2017-05-22,FMDBL,1027,1030,1020,1030,1460,1493430
2017-05-23,FMDBL,1030,1048,1020,1030,4965,5113464
2017-05-24,FMDBL,1030,1039,1020,1028,2812,2900055
2017-05-28,FMDBL,1028,1025,1008,1025,1515,1537120
2017-05-30,FMDBL,1025,1035,1005,1005,2404,2435670
2017-05-31,FMDBL,1005,1050,1000,1035,1739,1792137
2017-06-01,FMDBL,1035,1050,1020,1025,2491,2575208
2017-06-04,FMDBL,1025,1030,1000,1030,1730,1751556
2017-06-05,FMDBL,1030,1032,1020,1023,2460,2525408
2017-06-06,FMDBL,1023,1068,1024,1052,5434,5661628
2017-06-07,FMDBL,1052,1073,1031,1033,9670,10163810
2017-06-08,FMDBL,1033,1035,1020,1035,3570,3659268
2017-06-11,FMDBL,1035,1037,1015,1016,2762,2838637
2017-06-12,FMDBL,1016,1015,980,1002,2089,2085962
2017-06-13,FMDBL,1002,1039,985,1015,1456,1483075
2017-06-14,FMDBL,1015,1020,1001,1005,599,605580
2017-06-15,FMDBL,1005,1045,1000,1015,2393,2461915
2017-06-18,FMDBL,1015,1015,1000,1009,2017,2031980
2017-06-19,FMDBL,1009,1000,980,980,4549,4527170
2017-06-20,FMDBL,980,1007,961,995,4525,4427140
2017-06-21,FMDBL,995,1002,995,1000,1925,1923000
2017-06-22,FMDBL,1000,1040,1000,1007,2033,2055466
2017-06-25,FMDBL,1007,1018,1005,1011,1051,1061379
2017-06-27,FMDBL,1011,1028,1010,1020,4283,4371197
2017-06-28,FMDBL,1020,1018,1007,1007,468,474370
2017-07-02,FMDBL,1007,1000,971,995,1023,1007281
2017-07-03,FMDBL,995,1000,993,1000,1340,1337833
2017-07-04,FMDBL,1000,1000,995,998,1412,1409427
2017-07-05,FMDBL,998,1020,979,998,7885,7781865
2017-07-06,FMDBL,998,1030,995,1020,10875,10878427
2017-07-09,FMDBL,1020,1049,995,1015,27481,28044916
2017-07-10,FMDBL,1015,1015,1005,1006,1815,1829505
2017-07-11,FMDBL,1006,1040,990,1031,5649,5677191
2017-07-12,FMDBL,1031,1033,1000,1015,12907,12962441
2017-07-13,FMDBL,1015,1025,1000,1020,2327,2336250
2017-07-16,FMDBL,1020,1020,1015,1015,1255,1278300
2017-07-17,FMDBL,1015,1040,1020,1020,3605,3711040
2017-07-18,FMDBL,1020,1040,1030,1040,5148,5326805
2017-07-19,FMDBL,1040,1060,1035,1045,6487,6800810
2017-07-20,FMDBL,1045,1060,1031,1031,2475,2597190
2017-07-23,FMDBL,1031,1033,1020,1033,1055,1084550
2017-07-24,FMDBL,1033,1035,1016,1020,2815,2883260
2017-07-25,FMDBL,1020,1012,1005,1011,1024,1034095
2017-07-26,FMDBL,1011,1060,1010,1038,9670,10105444
2017-07-27,FMDBL,1038,1122,1050,1085,20259,22043756
2017-07-30,FMDBL,1085,1128,1064,1118,26162,29182856
2017-07-31,FMDBL,1118,1190,1130,1186,30441,35211536
2017-08-01,FMDBL,1186,1200,1160,1170,18397,21608906
2017-08-02,FMDBL,1170,1200,1170,1170,11945,14113348
2017-08-03,FMDBL,1170,1184,1145,1160,5981,6950394
2017-08-06,FMDBL,1160,1148,1130,1145,9195,10479212
2017-08-07,FMDBL,1145,1140,1120,1130,4965,5622840
2017-08-09,FMDBL,1130,1140,1102,1124,3823,4287991
2017-08-10,FMDBL,1124,1140,1120,1130,6697,7580409
2017-08-13,FMDBL,1130,1152,1110,1110,2909,3245753
2017-08-15,FMDBL,1110,1130,1100,1100,8960,9922150
2017-08-16,FMDBL,1100,1142,1106,1120,4179,4669649
2017-08-17,FMDBL,1120,1115,1098,1102,5443,6027934
2017-08-20,FMDBL,1102,1095,1080,1081,1447,1569934
2017-08-21,FMDBL,1081,1082,1060,1077,1204,1296678
2017-08-22,FMDBL,1077,1104,1070,1097,3080,3347390
2017-08-23,FMDBL,1097,1090,1069,1085,1269,1367105
2017-08-24,FMDBL,1085,1102,1080,1080,1784,1951248
2017-08-27,FMDBL,1080,1100,1070,1075,3120,3365070
2017-08-28,FMDBL,1075,1085,1061,1073,7408,7957109
2017-08-30,FMDBL,1073,1065,1031,1031,16237,16993708
2017-08-31,FMDBL,1031,1038,1022,1035,10516,10852454
2017-09-04,FMDBL,1035,1090,1030,1049,31123,32752616
2017-09-06,FMDBL,1049,1080,1055,1065,16983,18116480
2017-09-07,FMDBL,1065,1083,1067,1075,13506,14466804
2017-09-10,FMDBL,1075,1087,1031,1039,9063,9467394
2017-09-11,FMDBL,1039,1060,1027,1044,23159,24171998
2017-09-12,FMDBL,908,908,876,876,6806,6018532
2017-09-13,FMDBL,876,900,830,850,7747,6589453
2017-09-14,FMDBL,850,884,850,870,5047,4362862
2017-09-17,FMDBL,870,905,866,879,6350,5563035
2017-09-18,FMDBL,879,896,860,873,4612,4017742
2017-09-20,FMDBL,873,881,867,867,1984,1723928
2017-09-24,FMDBL,867,875,843,843,2881,2488844
2017-09-25,FMDBL,843,850,843,850,1286,1091688
2017-09-26,FMDBL,850,870,858,870,1680,1454792
2017-10-03,FMDBL,870,880,865,865,678,589056
2017-10-04,FMDBL,865,858,848,850,2474,2107425
2017-10-08,FMDBL,850,835,792,818,2355,1918412
2017-10-09,FMDBL,818,826,815,824,2304,1894090
2017-10-10,FMDBL,824,828,809,828,516,423934
2017-10-11,FMDBL,828,830,816,820,2236,1833560
2017-10-12,FMDBL,820,835,818,818,1581,1298330
2017-10-15,FMDBL,818,831,804,820,1314,1077008
2017-10-16,FMDBL,820,845,830,845,3607,3019325
2017-10-17,FMDBL,845,855,840,841,2187,1847311
2017-10-18,FMDBL,841,857,830,840,783,657030
2017-10-22,FMDBL,840,877,843,860,3762,3251881
2017-10-23,FMDBL,860,860,850,853,2340,1993505
2017-10-24,FMDBL,853,864,841,850,2047,1741445
2017-10-25,FMDBL,850,852,835,841,3359,2833697
2017-10-29,FMDBL,841,845,824,837,2978,2487461
2017-10-30,FMDBL,837,841,830,834,3213,2684997
2017-10-31,FMDBL,834,832,823,823,1877,1553329
2017-11-01,FMDBL,823,827,820,825,1158,953410
2017-11-02,FMDBL,825,830,812,830,2984,2444790
2017-11-05,FMDBL,830,821,814,821,2215,1805855
2017-11-06,FMDBL,821,829,805,817,3657,2975829
2017-11-07,FMDBL,817,820,808,813,6352,5180654
2017-11-08,FMDBL,813,815,792,796,5537,4438420
2017-11-09,FMDBL,796,820,792,814,3797,3050251
2017-11-12,FMDBL,814,816,800,816,1624,1318273
2017-11-13,FMDBL,816,830,815,825,3249,2659039
2017-11-14,FMDBL,825,850,814,837,7031,5860738
2017-11-15,FMDBL,837,840,820,820,3514,2914995
2017-11-16,FMDBL,820,820,808,810,4788,3887770
2017-11-19,FMDBL,810,810,795,810,1009,810455
2017-11-20,FMDBL,810,806,795,798,6010,4803332
2017-11-21,FMDBL,798,815,799,810,3065,2473371
2017-11-22,FMDBL,810,820,815,819,675,551855
2017-11-23,FMDBL,819,825,816,816,162,133040
2017-11-26,FMDBL,816,830,805,812,1127,926888
2017-11-27,FMDBL,812,835,810,823,3552,2940154
2017-11-28,FMDBL,823,830,815,829,6257,5152928
2017-11-29,FMDBL,829,870,835,865,22234,19107560
2017-11-30,FMDBL,865,897,860,872,10533,9173929
2017-12-04,FMDBL,872,902,872,880,13476,11882642
2017-12-05,FMDBL,880,892,872,884,6985,6181087
2017-12-06,FMDBL,884,909,890,909,12592,11319103
2017-12-10,FMDBL,909,945,895,919,12014,11039066
2017-12-11,FMDBL,919,914,895,910,2453,2221189
2017-12-12,FMDBL,910,909,890,890,4192,3751618
2017-12-13,FMDBL,890,899,872,890,4469,3954257
2017-12-14,FMDBL,890,895,880,895,4444,3933061
2017-12-17,FMDBL,895,905,880,885,4396,3908904
2017-12-18,FMDBL,885,886,875,875,3871,3409284
2017-12-19,FMDBL,875,878,858,858,5980,5177144
2017-12-20,FMDBL,858,870,850,856,1656,1422754
2017-12-21,FMDBL,856,859,845,845,3277,2794633
2017-12-24,FMDBL,845,865,834,834,4757,4027243
2017-12-26,FMDBL,834,840,820,824,4743,3932914
2017-12-27,FMDBL,824,835,804,830,8525,6995961
2017-12-28,FMDBL,830,833,814,821,11034,9072661
2017-12-31,FMDBL,821,839,815,825,8065,6658455
2018-01-01,FMDBL,825,860,830,860,7353,6210978
2018-01-02,FMDBL,860,863,835,836,7945,6761603
2018-01-03,FMDBL,836,842,827,840,3443,2864323
2018-01-04,FMDBL,840,840,827,832,1458,1218326
2018-01-07,FMDBL,832,848,831,837,2729,2300533
2018-01-08,FMDBL,837,868,840,868,14909,12782819
2018-01-09,FMDBL,868,880,860,864,9500,8257301
2018-01-10,FMDBL,864,866,850,850,6400,5470803
2018-01-14,FMDBL,850,867,838,840,6642,5607467
2018-01-16,FMDBL,840,855,823,829,10334,8567385
2018-01-17,FMDBL,829,824,816,817,12241,10031490
2018-01-21,FMDBL,817,820,785,786,21244,17038492
2018-01-22,FMDBL,786,790,773,783,26192,20474406
2018-01-23,FMDBL,555,585,555,585,21001,11933586
2018-01-24,FMDBL,585,595,567,568,6643,3789847
2018-01-25,FMDBL,568,580,571,580,3132,1809182
2018-01-28,FMDBL,580,590,574,580,5199,3004724
2018-01-29,FMDBL,580,581,569,578,2347,1347133
2018-01-31,FMDBL,578,576,570,575,2957,1698470
2018-02-01,FMDBL,575,590,574,590,4655,2709140
2018-02-04,FMDBL,590,595,578,580,5635,3296558
2018-02-05,FMDBL,580,590,570,572,5348,3071156
2018-02-06,FMDBL,572,573,568,568,2896,1650444
2018-02-07,FMDBL,568,575,555,555,4082,2278600
2018-02-08,FMDBL,555,570,550,566,3210,1803762
2018-02-11,FMDBL,566,578,566,571,1810,1034274
2018-02-12,FMDBL,571,571,568,570,812,462190
2018-02-14,FMDBL,570,575,559,575,3210,1814013
2018-02-15,FMDBL,575,599,571,592,14621,8530053
2018-02-18,FMDBL,603,607,580,580,11454,6730386
2018-02-20,FMDBL,580,586,569,570,8027,4633810
2018-02-21,FMDBL,570,572,565,571,1270,720240
2018-02-22,FMDBL,570,580,566,570,5068,2886684
2018-02-25,FMDBL,570,570,560,565,1937,1091509
2018-02-26,FMDBL,568,568,557,558,3592,2012845
2018-02-27,FMDBL,558,575,555,556,3251,1827147
2018-02-28,FMDBL,560,560,550,556,4360,2414016
2018-03-04,FMDBL,545,545,515,535,9568,5039129
2018-03-05,FMDBL,544,553,518,520,4560,2392696
2018-03-06,FMDBL,511,549,508,535,4125,2133799
2018-03-07,FMDBL,535,545,526,540,9410,5046169
2018-03-11,FMDBL,540,540,518,518,3525,1841045
2018-03-12,FMDBL,518,538,511,511,2024,1040250
2018-03-13,FMDBL,521,521,512,512,1764,908808
2018-03-14,FMDBL,522,540,515,540,1802,948936
2018-03-15,FMDBL,530,534,526,531,2456,1301810
2018-03-18,FMDBL,538,538,525,525,5371,2834633
2018-03-19,FMDBL,530,530,516,516,565,293245
2018-03-20,FMDBL,507,515,505,511,2885,1467409
2018-03-21,FMDBL,503,510,501,502,2754,1385952
2018-03-22,FMDBL,496,522,492,500,4944,2472489
2018-03-26,FMDBL,490,490,472,480,5527,2674659
2018-03-27,FMDBL,472,517,450,500,6778,3253929
2018-03-28,FMDBL,510,515,486,492,9077,4560875
2018-03-29,FMDBL,495,501,491,500,6645,3287565
2018-04-01,FMDBL,505,505,481,482,7391,3633429
2018-04-02,FMDBL,485,485,475,475,2713,1298091
2018-04-03,FMDBL,467,484,467,475,3814,1822838
2018-04-04,FMDBL,478,499,478,499,3234,1567086
2018-04-05,FMDBL,499,513,492,509,10912,5521764
2018-04-08,FMDBL,519,540,500,533,18545,9696168
2018-04-09,FMDBL,543,550,517,517,16548,8877351
2018-04-10,FMDBL,510,536,508,520,5828,3029135
2018-04-11,FMDBL,510,519,501,519,2219,1140365
2018-04-12,FMDBL,514,530,514,520,6146,3208944
2018-04-15,FMDBL,530,540,515,525,7637,4016240
2018-04-16,FMDBL,535,553,525,548,12098,6509206
2018-04-17,FMDBL,558,602,543,602,38632,22847496
2018-04-18,FMDBL,611,630,590,618,35201,21606932
2018-04-19,FMDBL,629,647,601,645,43463,27539960
2018-04-22,FMDBL,657,670,645,665,29285,19189164
2018-04-23,FMDBL,678,691,630,650,32583,21609092
2018-04-24,FMDBL,645,660,631,640,15228,9774372
2018-04-25,FMDBL,640,645,623,640,5215,3307433
2018-04-26,FMDBL,640,640,612,618,11241,6987354
2018-04-29,FMDBL,619,623,606,613,7503,4624119
2018-05-02,FMDBL,606,624,604,624,4722,2896584
2018-05-03,FMDBL,635,635,620,625,8145,5108914
2018-05-06,FMDBL,630,630,615,622,1743,1080034
2018-05-07,FMDBL,624,624,600,610,6202,3766862
2018-05-08,FMDBL,622,622,600,621,9484,5734862
2018-05-09,FMDBL,625,626,615,621,4083,2533355
2018-05-10,FMDBL,623,623,608,611,1501,919591
2018-05-14,FMDBL,615,615,595,600,15476,9272850
2018-05-15,FMDBL,602,604,591,604,3073,1830408
2018-05-16,FMDBL,604,605,597,604,1888,1137640
2018-05-17,FMDBL,601,613,600,600,6795,4101937
2018-05-20,FMDBL,612,616,600,601,4620,2796770
2018-05-21,FMDBL,600,614,590,611,4061,2459696
2018-05-22,FMDBL,608,610,599,605,1880,1131690
2018-05-23,FMDBL,595,600,595,598,6719,4017277
2018-05-24,FMDBL,595,606,586,599,6392,3801857
2018-05-27,FMDBL,590,590,581,583,5690,3320200
2018-05-28,FMDBL,594,612,583,611,7990,4794559
2018-05-29,FMDBL,611,612,597,606,9413,5680898
2018-05-30,FMDBL,600,624,594,605,12327,7491513
2018-05-31,FMDBL,600,601,595,595,1356,809284
2018-06-03,FMDBL,584,612,575,580,9593,5628328
2018-06-04,FMDBL,569,590,552,568,9566,5457853
2018-06-06,FMDBL,579,612,579,582,2978,1763454
2018-06-07,FMDBL,585,585,560,566,6672,3813574
2018-06-10,FMDBL,560,566,549,550,5440,3021732
2018-06-11,FMDBL,551,575,539,560,7116,3971185
2018-06-12,FMDBL,555,561,549,554,1809,1008530
2018-06-13,FMDBL,560,564,551,559,2265,1264006
2018-06-14,FMDBL,560,570,556,567,3958,2225462
2018-06-17,FMDBL,556,556,550,553,2384,1317214
2018-06-18,FMDBL,550,565,543,565,6579,3628299
2018-06-19,FMDBL,561,561,553,555,1749,975257
2018-06-20,FMDBL,550,550,547,550,910,499640
2018-06-21,FMDBL,546,558,540,550,3014,1651942
2018-06-24,FMDBL,552,558,551,551,1150,635150
2018-06-25,FMDBL,550,550,540,541,920,499457
2018-06-26,FMDBL,541,542,537,537,1412,761242
2018-06-27,FMDBL,536,552,536,541,1680,909073
2018-06-28,FMDBL,549,549,540,544,519,281231
2018-07-01,FMDBL,534,534,520,520,8542,4482303
2018-07-02,FMDBL,510,530,500,510,3371,1713875
2018-07-03,FMDBL,505,520,502,509,8036,4410886
2018-07-04,FMDBL,503,518,503,517,3581,1835824
2018-07-05,FMDBL,527,555,522,550,13864,7453401
2018-07-08,FMDBL,561,570,540,541,18146,10071163
2018-07-09,FMDBL,540,565,530,538,5507,2955532
2018-07-10,FMDBL,540,550,530,533,7757,4189124
2018-07-11,FMDBL,543,558,536,549,14443,7926969
2018-07-12,FMDBL,541,541,529,534,5718,3043788
2018-07-15,FMDBL,527,542,527,542,2533,1354437
2018-07-16,FMDBL,542,542,527,540,4629,2481398
2018-07-17,FMDBL,535,540,533,540,1215,649373
2018-07-18,FMDBL,538,540,525,525,5773,3073945
2018-07-19,FMDBL,520,523,515,516,4506,2334270
2018-07-22,FMDBL,520,520,510,510,4408,2258638
2018-07-23,FMDBL,515,525,510,520,1903,987225
2018-07-24,FMDBL,523,538,521,521,4132,2189953
2018-07-25,FMDBL,520,520,513,513,2104,1085477
2018-07-26,FMDBL,511,515,509,511,6772,3460194
2018-07-29,FMDBL,508,513,508,509,4984,2543624
2018-07-30,FMDBL,510,515,506,508,1307,664176
2018-07-31,FMDBL,506,509,505,509,1862,945507
2018-08-01,FMDBL,503,508,502,505,3336,1684224
2018-08-02,FMDBL,501,506,500,500,11038,5554150
2018-08-05,FMDBL,501,503,500,500,1790,896230
2018-08-06,FMDBL,497,500,492,494,4366,2161919
2018-08-07,FMDBL,485,489,447,447,36821,17141660
2018-08-08,FMDBL,440,451,423,438,19500,8484819
2018-08-09,FMDBL,431,431,428,429,4457,1916124
2018-08-12,FMDBL,426,427,421,425,5948,2520376
2018-08-13,FMDBL,417,439,417,435,5340,2291929
2018-08-14,FMDBL,440,442,430,436,4206,1826360
2018-08-15,FMDBL,443,443,431,435,2746,1199328
2018-08-16,FMDBL,435,435,426,426,7784,3355430
2018-08-19,FMDBL,425,428,419,420,5855,2473419
2018-08-20,FMDBL,424,424,413,415,5254,2180438
2018-08-21,FMDBL,413,413,405,406,7393,3021573
2018-08-22,FMDBL,403,407,400,403,8903,3577535
2018-08-23,FMDBL,403,408,400,408,3475,1400275
2018-08-26,FMDBL,406,413,406,407,2025,823855
2018-08-28,FMDBL,404,410,403,407,2065,835204
2018-08-29,FMDBL,402,405,400,400,1151,462357
2018-08-30,FMDBL,408,408,400,406,1025,414704
2018-09-02,FMDBL,410,410,405,405,1356,550829
2018-09-03,FMDBL,404,415,404,410,7636,3133159
2018-09-04,FMDBL,409,412,406,408,2382,974656
2018-09-05,FMDBL,416,430,410,420,12063,5041774
2018-09-06,FMDBL,424,425,413,413,8184,3437355
2018-09-09,FMDBL,407,410,407,410,1280,523038
2018-09-10,FMDBL,408,410,406,410,711,289802
2018-09-11,FMDBL,413,415,410,410,2577,1064144
2018-09-12,FMDBL,411,420,411,415,1109,458866
2018-09-13,FMDBL,415,415,411,415,3559,1468569
2018-09-16,FMDBL,418,424,411,412,5981,2494559
2018-09-17,FMDBL,415,423,409,418,6508,2690222
2018-09-18,FMDBL,416,416,410,412,2364,974333
2018-09-20,FMDBL,409,415,409,410,3728,1535393
2018-09-23,FMDBL,411,414,410,410,10557,4348694
2018-09-25,FMDBL,412,422,410,420,8281,3460452
2018-09-26,FMDBL,422,422,415,415,3181,1326483
2018-09-27,FMDBL,412,413,410,412,1937,797272
2018-09-30,FMDBL,409,410,405,406,4941,2010592
2018-10-01,FMDBL,406,412,404,412,3523,1435415
2018-10-02,FMDBL,410,414,407,410,8418,3448948
2018-10-03,FMDBL,410,410,394,403,8017,3212518
2018-10-04,FMDBL,400,400,393,395,4081,1616485
2018-10-07,FMDBL,402,402,392,392,1091,428762
2018-10-08,FMDBL,393,394,392,393,1093,429369
2018-10-09,FMDBL,395,395,390,390,1280,500000
2018-10-10,FMDBL,389,390,383,383,1115,432305
2018-10-11,FMDBL,380,393,380,393,2340,898576
2018-10-14,FMDBL,399,399,390,390,1977,777173
2018-10-15,FMDBL,397,397,390,394,2864,1124252
2018-10-21,FMDBL,401,407,400,400,570,228190
2018-10-22,FMDBL,400,401,396,401,1860,745030
2018-10-23,FMDBL,393,395,387,389,4672,1817969
2018-10-24,FMDBL,390,391,389,389,2488,969508
2018-10-25,FMDBL,388,391,386,390,2729,1062793
2018-10-28,FMDBL,385,385,379,382,1446,553148
2018-10-29,FMDBL,376,381,376,380,1863,705635
2018-10-30,FMDBL,380,387,376,377,3375,1281624
2018-10-31,FMDBL,375,377,374,376,2248,844910
2018-11-01,FMDBL,376,377,374,374,1585,593150
2018-11-04,FMDBL,374,374,366,366,2166,796596
2018-11-05,FMDBL,370,376,370,376,1681,628565
2018-11-11,FMDBL,376,376,370,372,450,166900
2018-11-12,FMDBL,365,372,363,364,900,329266
2018-11-13,FMDBL,370,378,364,371,1920,711056
2018-11-14,FMDBL,371,371,365,367,1898,700250
2018-11-15,FMDBL,368,368,364,368,2173,796740
2018-11-18,FMDBL,360,368,360,363,1172,424901
2018-11-19,FMDBL,363,363,357,360,3537,1268379
2018-11-20,FMDBL,360,360,355,360,750,267820
2018-11-21,FMDBL,358,359,358,359,412,147893
2018-11-22,FMDBL,358,360,356,356,2490,891820
2018-11-25,FMDBL,351,355,348,348,4353,1527603
2018-11-26,FMDBL,348,348,335,339,7128,2406784
2018-11-27,FMDBL,336,337,334,334,2980,998722
2018-11-28,FMDBL,335,337,335,335,652,218616
2018-11-29,FMDBL,330,335,326,330,6654,2185840
2018-12-02,FMDBL,325,325,312,318,8069,2555644
2018-12-03,FMDBL,318,330,317,317,2962,948990
2018-12-04,FMDBL,312,322,312,322,3031,958495
2018-12-05,FMDBL,316,317,312,315,1278,402082
2018-12-06,FMDBL,315,326,309,319,4594,1458040
2018-12-09,FMDBL,321,324,319,321,1228,393330
2018-12-10,FMDBL,321,342,321,336,3978,1317936
2018-12-11,FMDBL,330,333,330,333,910,300390
2018-12-12,FMDBL,337,337,330,330,1448,482186
2018-12-13,FMDBL,332,338,330,337,510,170190
2018-12-16,FMDBL,342,350,340,344,4256,1468152
2018-12-17,FMDBL,344,357,340,357,3478,1207973
2018-12-18,FMDBL,364,365,347,362,7157,2538362
2018-12-19,FMDBL,357,365,350,350,1786,634066
2018-12-20,FMDBL,360,366,350,350,2613,931547
2018-12-23,FMDBL,357,377,352,377,7018,2569790
2018-12-24,FMDBL,384,390,366,366,9515,3588574
2018-12-25,FMDBL,362,373,360,360,1440,522820
2018-12-26,FMDBL,367,389,361,388,8783,3298471
2018-12-27,FMDBL,395,407,389,400,14804,5906619
2018-12-30,FMDBL,405,406,390,390,9094,3593990
2018-12-31,FMDBL,385,385,377,378,9077,3463769
2019-01-01,FMDBL,380,400,379,383,5947,2280954
2019-01-02,FMDBL,382,386,376,385,2846,1089017
2019-01-03,FMDBL,387,389,384,389,1504,579951
2019-01-06,FMDBL,385,385,376,376,2209,839894
2019-01-07,FMDBL,378,385,377,384,1716,654728
2019-01-08,FMDBL,387,387,382,383,524,200977
2019-01-09,FMDBL,388,388,380,380,2152,824215
2019-01-10,FMDBL,380,380,380,380,735,279300
2019-01-13,FMDBL,380,380,370,376,1572,588277
2019-01-14,FMDBL,375,380,375,376,1012,382538
2019-01-15,FMDBL,383,400,383,393,5653,2206239
2019-01-16,FMDBL,392,395,380,380,1831,710713
2019-01-17,FMDBL,385,390,381,390,2282,877472
2019-01-20,FMDBL,387,390,385,385,1118,432102
2019-01-21,FMDBL,379,383,379,380,1424,542402
2019-01-22,FMDBL,380,385,378,378,2867,1092913
2019-01-23,FMDBL,380,389,374,389,1616,617282
2019-01-24,FMDBL,390,390,383,386,661,253768
2019-01-27,FMDBL,380,380,376,379,1370,518417
2019-01-28,FMDBL,380,380,379,380,1298,492890
2019-01-29,FMDBL,378,378,376,377,1428,538612
2019-01-30,FMDBL,377,384,377,384,499,189501
2019-01-31,FMDBL,382,382,375,375,3625,1367745
2019-02-03,FMDBL,375,380,373,374,1442,540096
2019-02-04,FMDBL,369,373,368,369,2564,948521
2019-02-05,FMDBL,376,376,370,370,974,363119
2019-02-06,FMDBL,370,371,365,365,3647,1338460
2019-02-07,FMDBL,372,372,362,362,450,165260
2019-02-10,FMDBL,358,361,358,360,672,241516
2019-02-11,FMDBL,359,368,355,357,2811,1011153
2019-02-12,FMDBL,359,366,359,366,196,71289
2019-02-13,FMDBL,363,365,358,360,2220,802630
2019-02-14,FMDBL,353,355,347,353,976,343752
2019-02-17,FMDBL,360,360,355,356,904,323915
2019-02-18,FMDBL,355,356,355,356,430,152822
2019-02-19,FMDBL,360,369,360,369,397,144845
2019-02-20,FMDBL,364,364,363,363,395,143555
2019-02-21,FMDBL,361,363,361,362,390,141280
2019-02-24,FMDBL,363,363,358,358,918,330153
2019-02-25,FMDBL,357,365,357,358,2147,772876
2019-02-26,FMDBL,361,361,351,351,2416,857556
2019-02-27,FMDBL,355,360,353,360,4076,1449785
2019-03-03,FMDBL,364,365,358,358,1210,436770
2019-03-05,FMDBL,358,358,355,357,555,197659
2019-03-06,FMDBL,358,365,358,362,6533,2353830
2019-03-07,FMDBL,367,373,363,368,2484,918629
2019-03-10,FMDBL,363,377,363,377,570,209420
2019-03-11,FMDBL,380,383,369,380,3817,1442478
2019-03-12,FMDBL,373,390,370,380,1880,713556
2019-03-13,FMDBL,391,391,372,372,2370,894630
2019-03-14,FMDBL,375,376,368,375,3289,1221737
2019-03-17,FMDBL,374,376,369,371,735,275421
2019-03-18,FMDBL,370,372,368,369,3073,1133364
2019-03-19,FMDBL,365,370,364,366,1036,377924
2019-03-21,FMDBL,365,366,363,365,1223,444589
2019-03-24,FMDBL,360,365,360,361,900,326090
2019-03-25,FMDBL,361,366,361,366,989,360285
2019-03-26,FMDBL,370,370,363,363,1002,365776
2019-03-27,FMDBL,366,366,365,366,145,52985
2019-03-28,FMDBL,363,365,362,365,2896,1054867
2019-03-31,FMDBL,363,370,363,370,407,150401
2019-04-01,FMDBL,373,373,364,368,1286,471000
2019-04-02,FMDBL,364,370,364,370,1225,451500
2019-04-03,FMDBL,375,377,370,370,1337,497534
2019-04-04,FMDBL,370,371,370,370,1539,570478
2019-04-07,FMDBL,367,371,365,371,1642,601102
2019-04-08,FMDBL,369,384,369,378,10214,3868977
2019-04-09,FMDBL,382,385,375,375,2060,775900
2019-04-10,FMDBL,371,389,371,388,1140,435350
2019-04-11,FMDBL,384,384,381,383,4395,1678010
2019-04-15,FMDBL,390,395,383,390,4612,1798653
2019-04-16,FMDBL,391,403,391,399,21743,8647227
2019-04-17,FMDBL,398,398,389,389,9026,3544691
2019-04-18,FMDBL,396,396,383,390,1736,676290
2019-04-21,FMDBL,395,395,385,393,5374,2088660
2019-04-22,FMDBL,398,398,383,383,2545,992725
2019-04-23,FMDBL,382,383,379,380,1738,661687
2019-04-24,FMDBL,380,387,379,387,1825,695000
2019-04-25,FMDBL,382,390,382,383,8499,3281855
2019-04-28,FMDBL,390,421,390,421,23600,9715422
2019-04-29,FMDBL,428,443,415,435,32256,13816903
2019-04-30,FMDBL,438,444,429,438,15680,6797129
2019-05-02,FMDBL,430,435,426,432,10765,4630778
2019-05-05,FMDBL,425,427,416,417,5556,2344769
2019-05-06,FMDBL,411,425,409,425,5454,2272753
2019-05-07,FMDBL,418,430,418,429,1863,789222
2019-05-08,FMDBL,430,431,411,411,8372,3490802
2019-05-09,FMDBL,415,418,411,412,1386,575135
2019-05-12,FMDBL,411,412,411,411,600,246800
2019-05-13,FMDBL,412,417,410,410,3173,1309395
2019-05-14,FMDBL,410,423,409,420,4812,1996219
2019-05-15,FMDBL,413,428,411,414,5245,2220616
2019-05-16,FMDBL,422,422,413,413,2054,854982
2019-05-19,FMDBL,414,414,409,409,3017,1241472
2019-05-20,FMDBL,405,410,405,405,1252,509810
2019-05-21,FMDBL,402,410,402,402,2780,1122095
2019-05-22,FMDBL,410,418,405,407,3084,1263214
2019-05-23,FMDBL,407,409,406,408,2266,922568
2019-05-26,FMDBL,407,410,405,405,1385,564405
2019-05-27,FMDBL,402,403,397,400,4228,1693391
2019-05-28,FMDBL,400,405,400,405,3367,1350122
2019-05-29,FMDBL,405,407,402,407,1926,780806
2019-05-30,FMDBL,415,423,404,410,4492,1845718
2019-06-02,FMDBL,402,410,402,403,1710,689374
2019-06-03,FMDBL,400,401,395,395,963,383235
2019-06-04,FMDBL,393,401,390,392,3246,1275001
2019-06-06,FMDBL,395,407,390,390,1507,595380
2019-06-10,FMDBL,383,398,383,386,970,375880
2019-06-11,FMDBL,384,405,384,405,4461,1731374
2019-06-12,FMDBL,397,397,385,390,1693,658525
2019-06-13,FMDBL,384,391,384,386,3056,1184629
2019-06-16,FMDBL,388,388,377,383,7652,2894521
2019-06-17,FMDBL,383,391,383,391,210,81110
2019-06-18,FMDBL,385,391,384,384,2261,874348
2019-06-19,FMDBL,381,385,380,385,6326,2424436
2019-06-20,FMDBL,390,391,384,387,3745,1454125
2019-06-23,FMDBL,384,384,377,377,2565,975366
2019-06-24,FMDBL,380,385,375,385,6534,2465636
2019-06-25,FMDBL,390,392,386,386,2544,993434
2019-06-26,FMDBL,384,384,383,383,535,205405
2019-06-27,FMDBL,385,388,384,384,1272,489788
2019-06-30,FMDBL,381,381,376,377,1819,688974
2019-07-01,FMDBL,370,376,366,373,1254,466205
2019-07-02,FMDBL,372,375,371,374,3314,1237594
2019-07-03,FMDBL,379,398,379,394,467,180540
2019-07-04,FMDBL,394,394,385,385,3096,1199157
2019-07-07,FMDBL,386,391,378,378,1479,569535
2019-07-08,FMDBL,384,385,380,380,185,70950
2019-07-09,FMDBL,380,380,374,375,1117,420990
2019-07-10,FMDBL,375,380,370,377,32832,12165063
2019-07-11,FMDBL,375,380,371,380,1197,447665
2019-07-14,FMDBL,375,385,373,385,2677,1002275
2019-07-15,FMDBL,383,387,380,386,3296,1259027
2019-07-16,FMDBL,367,386,367,375,21805,8263115
2019-07-17,FMDBL,380,390,380,389,1580,612209
2019-07-18,FMDBL,389,393,380,385,7880,3052250
2019-07-21,FMDBL,385,389,378,389,4672,1772648
2019-07-22,FMDBL,390,395,385,385,2453,957925
2019-07-23,FMDBL,387,400,386,400,2978,1165126
2019-07-24,FMDBL,395,397,389,397,7752,3045205
2019-07-25,FMDBL,390,395,378,388,9254,3593078
2019-07-28,FMDBL,385,385,376,379,10314,3909318
2019-07-29,FMDBL,380,387,379,386,11321,4333244
2019-07-30,FMDBL,393,394,384,384,2489,966789
2019-07-31,FMDBL,385,413,380,408,23673,9440199
2019-08-01,FMDBL,415,415,395,407,35199,14343359
2019-08-04,FMDBL,413,415,394,394,6714,2722320
2019-08-05,FMDBL,401,401,385,385,6557,2560277
2019-08-06,FMDBL,383,388,379,388,1315,504765
2019-08-07,FMDBL,382,395,382,395,1723,673921
2019-08-08,FMDBL,390,390,383,388,2926,1126079
2019-08-11,FMDBL,389,391,383,385,3360,1296691
2019-08-12,FMDBL,385,390,383,387,1544,597504
2019-08-13,FMDBL,394,408,393,395,28860,11534930
2019-08-14,FMDBL,402,402,395,397,2970,1177160
2019-08-15,FMDBL,391,402,391,399,4415,1747670
2019-08-18,FMDBL,402,402,394,394,3880,1535603
2019-08-19,FMDBL,394,401,390,396,4434,1754091
2019-08-20,FMDBL,395,396,390,394,2593,1018048
2019-08-21,FMDBL,394,394,389,390,4121,1609747
2019-08-22,FMDBL,390,392,388,389,2834,1107501
2019-08-25,FMDBL,383,385,383,384,750,288000
2019-08-26,FMDBL,391,391,383,386,8045,3092775
2019-08-27,FMDBL,388,391,386,386,2819,1094812
2019-08-28,FMDBL,393,393,383,383,1568,604332
2019-08-29,FMDBL,402,402,382,382,5232,2004366
2019-09-01,FMDBL,378,380,376,377,3539,1336002
2019-09-02,FMDBL,373,374,370,373,8653,3217226
2019-09-03,FMDBL,371,387,371,387,6711,2532152
2019-09-04,FMDBL,387,392,384,384,3621,1406567
2019-09-05,FMDBL,381,384,377,384,4768,1810205
2019-09-08,FMDBL,381,385,377,385,881,333107
2019-09-09,FMDBL,383,383,371,377,1752,655850
2019-09-10,FMDBL,377,383,373,373,1605,602972
2019-09-11,FMDBL,369,375,366,372,4536,1682568
2019-09-12,FMDBL,379,379,369,374,2185,811900
2019-09-15,FMDBL,370,370,366,366,2118,777328
2019-09-16,FMDBL,384,384,353,364,4458,1620164
2019-09-17,FMDBL,371,380,368,379,5061,1900158
2019-09-18,FMDBL,386,390,376,386,10160,3894155
2019-09-19,FMDBL,381,392,381,383,2260,877019
2019-09-22,FMDBL,386,386,367,370,1459,541365
2019-09-23,FMDBL,372,377,367,367,2860,1058830
2019-09-24,FMDBL,374,381,368,369,3459,1282275
2019-09-25,FMDBL,376,379,371,372,892,333356
2019-09-26,FMDBL,375,375,369,370,3103,1157253
2019-09-29,FMDBL,370,370,367,367,1565,577443
2019-09-30,FMDBL,370,376,370,376,5249,1959099
2019-10-01,FMDBL,315,326,315,319,2785,893051
2019-10-02,FMDBL,319,319,315,315,1200,378400
2019-10-03,FMDBL,321,324,319,319,432,138388
2019-10-10,FMDBL,325,325,325,325,21,6825
2019-10-14,FMDBL,327,327,314,316,1902,603990
2019-10-15,FMDBL,313,315,310,315,3179,994501
2019-10-16,FMDBL,320,320,314,314,316,99514
2019-10-17,FMDBL,313,313,308,311,3346,1039413
2019-10-20,FMDBL,333,333,311,313,1133,355736
2019-10-21,FMDBL,311,312,310,312,3011,937962
2019-10-22,FMDBL,307,309,306,308,385,118263
2019-10-23,FMDBL,310,310,310,310,45,13957
2019-10-24,FMDBL,315,333,313,315,1446,455778
2019-10-31,FMDBL,315,315,308,308,1220,377515
2019-11-03,FMDBL,310,310,306,309,226,69670
2019-11-04,FMDBL,307,310,307,310,1807,556770
2019-11-05,FMDBL,308,312,308,312,1738,536612
2019-11-06,FMDBL,309,310,307,310,1578,485846
2019-11-07,FMDBL,308,310,308,310,240,73970
2019-11-10,FMDBL,308,308,307,307,1749,537093
2019-11-11,FMDBL,306,318,305,307,4058,1245372
2019-11-12,FMDBL,307,310,306,309,1120,344279
2019-11-13,FMDBL,305,305,304,305,3490,1063974
2019-11-14,FMDBL,311,311,306,308,422,130016
2019-11-17,FMDBL,306,308,305,305,3365,1026461
2019-11-18,FMDBL,305,305,305,305,516,157380
2019-11-19,FMDBL,304,304,301,303,3820,1155384
2019-11-20,FMDBL,308,308,304,305,2041,622829
2019-11-21,FMDBL,304,304,299,303,1657,498938
2019-11-24,FMDBL,316,316,300,301,3855,1161825
2019-11-25,FMDBL,307,307,300,301,1003,301574
2019-11-26,FMDBL,300,304,299,300,1913,574523
2019-11-27,FMDBL,300,305,300,305,772,232244
2019-11-28,FMDBL,305,305,300,300,1378,414166
2019-12-01,FMDBL,301,301,300,300,1205,361697
2019-12-02,FMDBL,300,300,298,299,393,117657
2019-12-03,FMDBL,301,302,298,298,2885,865065
2019-12-04,FMDBL,300,305,300,302,1755,528885
2019-12-05,FMDBL,307,308,303,304,1286,391527
2019-12-08,FMDBL,309,309,303,309,3639,1107481
2019-12-09,FMDBL,315,322,309,317,10063,3191059
2019-12-10,FMDBL,323,327,305,320,5299,1686607
2019-12-11,FMDBL,326,340,323,336,14344,4762583
2019-12-12,FMDBL,340,346,330,340,13185,4472426
2019-12-15,FMDBL,334,338,318,318,8042,2592593
2019-12-16,FMDBL,317,324,314,315,2745,869255
2019-12-17,FMDBL,315,326,315,316,2289,728185
2019-12-18,FMDBL,316,322,316,316,3785,1202200
2019-12-19,FMDBL,319,319,311,311,1515,474367
2019-12-22,FMDBL,315,315,310,313,3286,1028718
2019-12-23,FMDBL,312,327,311,327,6652,2132116
2019-12-24,FMDBL,326,328,319,320,8090,2607810
2019-12-25,FMDBL,315,322,314,318,832,262826
2019-12-26,FMDBL,320,321,318,318,833,266590
2019-12-29,FMDBL,315,316,315,316,727,229657
2019-12-30,FMDBL,314,318,314,315,3913,1236796
2019-12-31,FMDBL,318,323,318,320,3128,1005816
2020-01-01,FMDBL,325,325,321,323,1601,517213
2020-01-02,FMDBL,325,329,321,321,1615,521745
2020-01-05,FMDBL,320,351,319,342,36075,12234941
2020-01-06,FMDBL,342,349,334,347,43060,14829978
2020-01-07,FMDBL,350,353,336,347,18802,6533838
2020-01-08,FMDBL,353,353,340,342,20926,7287659
2020-01-09,FMDBL,348,367,342,367,49009,17521802
2020-01-12,FMDBL,374,403,374,403,94791,37405256
2020-01-13,FMDBL,411,440,402,408,83279,34609596
2020-01-14,FMDBL,406,419,394,415,32230,13188566
2020-01-15,FMDBL,418,424,407,420,29187,12234751
2020-01-16,FMDBL,428,432,414,423,40249,17025108
2020-01-19,FMDBL,428,441,423,431,34547,14872721
2020-01-20,FMDBL,435,435,412,420,27628,11579717
2020-01-21,FMDBL,420,425,406,416,28321,11777138
2020-01-22,FMDBL,415,416,408,408,14805,6073500
2020-01-23,FMDBL,409,433,408,411,17532,7258637
2020-01-26,FMDBL,419,419,399,399,10778,4367825
2020-01-27,FMDBL,398,427,395,427,35893,14950118
2020-01-28,FMDBL,435,435,423,423,35558,15228829
2020-01-29,FMDBL,425,457,419,452,82041,36330308
2020-01-30,FMDBL,455,468,444,458,67565,31124416
2020-02-02,FMDBL,465,487,448,480,64527,30271684
2020-02-03,FMDBL,482,485,465,474,34801,16540750
2020-02-04,FMDBL,472,477,457,464,29372,13711177
2020-02-05,FMDBL,473,473,458,461,15872,7311508
2020-02-06,FMDBL,455,469,453,456,13901,6352722
2020-02-09,FMDBL,456,460,447,451,19163,8631785
2020-02-10,FMDBL,449,465,445,459,17448,7925656
2020-02-11,FMDBL,468,470,459,465,22961,10680303
2020-02-12,FMDBL,473,473,465,469,20769,9739239
2020-02-13,FMDBL,477,479,473,476,37323,17791528
2020-02-16,FMDBL,485,487,473,483,28943,13918077
2020-02-17,FMDBL,492,500,484,486,41452,20380548
2020-02-18,FMDBL,493,493,471,488,21373,10264524
2020-02-19,FMDBL,485,512,477,511,59227,29564000
2020-02-20,FMDBL,516,562,516,562,140849,77830632
2020-02-23,FMDBL,590,618,580,618,101075,61602200
2020-02-24,FMDBL,625,669,623,628,113120,72304752
2020-02-25,FMDBL,616,658,612,656,50577,32304740
2020-02-26,FMDBL,669,704,657,671,49994,33731688
2020-02-27,FMDBL,680,684,639,667,73100,48917556
2020-03-01,FMDBL,670,680,636,636,87932,57578040
2020-03-02,FMDBL,626,647,586,586,50315,31167712
2020-03-03,FMDBL,580,595,528,558,85107,47696328
2020-03-04,FMDBL,550,552,503,503,61246,31841340
2020-03-05,FMDBL,500,549,476,514,55076,27995368
2020-03-10,FMDBL,504,514,468,468,17655,8679879
2020-03-11,FMDBL,476,514,470,514,51528,25641132
2020-03-12,FMDBL,520,532,492,496,71123,35972328
2020-03-15,FMDBL,490,495,461,472,30186,14354525
2020-03-16,FMDBL,472,485,445,474,21236,10015205
2020-03-17,FMDBL,466,466,430,450,23686,10537713
2020-03-18,FMDBL,450,466,417,440,19689,8452527
2020-03-19,FMDBL,432,460,400,438,31190,13604697
2020-03-22,FMDBL,431,431,415,415,3240,1370900
2020-05-13,FMDBL,407,407,403,403,20,8100
2020-06-29,FMDBL,395,395,381,396,9628,3754352
2020-06-30,FMDBL,393,418,393,418,1128,447080
2020-07-01,FMDBL,426,459,426,459,460,207630
2020-07-02,FMDBL,468,486,433,433,3508,1616530
2020-07-05,FMDBL,440,455,421,430,10066,4363601
2020-07-06,FMDBL,422,462,422,462,11087,4915184
2020-07-07,FMDBL,471,508,471,507,27683,13640514
2020-07-08,FMDBL,510,530,483,513,11999,6113250
2020-07-09,FMDBL,514,520,500,513,8323,4247168
2020-07-12,FMDBL,521,535,519,529,17051,8989450
2020-07-13,FMDBL,535,557,529,540,28388,15398824
2020-07-14,FMDBL,545,560,540,558,25794,14135731
2020-07-15,FMDBL,560,566,553,555,16255,9069846
2020-07-16,FMDBL,562,566,541,544,11730,6396576
2020-07-19,FMDBL,550,594,550,594,1008,569162
2020-07-20,FMDBL,623,640,555,570,39411,22875484
2020-07-21,FMDBL,570,579,545,563,19297,10904651
2020-07-22,FMDBL,565,565,535,544,15757,8689863
2020-07-23,FMDBL,535,549,526,548,8267,4493249
2020-07-26,FMDBL,548,559,545,555,14954,8256616
2020-07-27,FMDBL,566,566,550,550,20123,11190939
2020-07-28,FMDBL,541,563,536,551,7949,4372583
2020-07-29,FMDBL,555,555,533,535,15082,8126092
2020-07-30,FMDBL,541,547,528,542,12474,6674072
2020-08-02,FMDBL,542,543,510,512,23415,12239361
2020-08-03,FMDBL,522,522,501,518,11877,6111958
2020-08-05,FMDBL,508,518,497,508,24342,12243462
2020-08-06,FMDBL,499,514,499,513,8737,4404959
2020-08-09,FMDBL,523,530,501,520,14885,7621828
2020-08-10,FMDBL,530,532,520,529,29384,15474946
2020-08-11,FMDBL,530,537,521,528,14344,7570631
2020-08-12,FMDBL,520,528,520,525,6945,3646951
2020-08-13,FMDBL,525,525,515,517,7215,3735696
2020-08-16,FMDBL,511,516,507,514,6883,3525784
2020-08-17,FMDBL,515,525,514,521,7501,3902471
2020-08-18,FMDBL,529,531,516,522,15810,8260412
2020-08-19,FMDBL,514,520,512,517,7526,3870503
2020-08-20,FMDBL,515,524,515,520,999,518315
2020-08-23,FMDBL,525,525,518,519,15339,7982210
2020-08-24,FMDBL,529,541,527,537,68626,36758411
2020-08-25,FMDBL,538,563,538,557,66244,36274038
2020-08-26,FMDBL,568,579,560,572,58498,33389042
2020-08-27,FMDBL,572,581,554,555,84111,47199943
2020-08-30,FMDBL,565,575,553,563,61169,34088950
2020-08-31,FMDBL,574,574,560,565,57498,32561139
2020-09-02,FMDBL,576,581,566,570,96967,55683968
2020-09-03,FMDBL,568,574,560,568,37689,21461091
2020-09-06,FMDBL,596,596,560,565,44857,25456436
2020-09-07,FMDBL,575,575,550,562,27622,15532901
2020-09-08,FMDBL,563,568,555,565,26665,14935567
2020-09-09,FMDBL,567,596,562,583,92323,53159504
2020-09-10,FMDBL,583,612,583,608,92403,55749324
2020-09-13,FMDBL,613,630,608,608,60975,37384502
2020-09-14,FMDBL,610,610,588,589,77614,46423591
2020-09-15,FMDBL,589,597,580,590,51344,30330666
2020-09-16,FMDBL,597,597,584,596,35095,20713796
2020-09-17,FMDBL,599,608,595,600,47213,28512850
2020-09-20,FMDBL,612,612,594,596,19088,11509915
2020-09-21,FMDBL,587,601,585,594,25899,15446810
2020-09-22,FMDBL,590,597,574,580,40973,23909377
2020-09-23,FMDBL,580,590,575,586,20744,12124785
2020-09-24,FMDBL,585,590,583,587,20048,11734875
2020-09-27,FMDBL,592,592,579,579,19237,11203940
2020-09-28,FMDBL,580,584,575,584,22114,12804218
2020-09-29,FMDBL,575,585,570,578,18917,10872259
2020-09-30,FMDBL,570,579,568,573,16468,9443767
2020-10-01,FMDBL,574,589,570,586,28624,16643604
2020-10-04,FMDBL,595,595,582,582,11826,6911287
2020-10-05,FMDBL,580,585,579,584,18935,11018496
2020-10-06,FMDBL,588,591,576,578,10761,6257088
2020-10-07,FMDBL,575,581,570,576,20785,11937745
2020-10-08,FMDBL,578,584,570,573,19663,11325213
2020-10-11,FMDBL,583,583,570,575,7341,4209610
2020-10-12,FMDBL,571,573,567,572,18274,10415686
2020-10-13,FMDBL,575,575,564,564,17648,10017651
2020-10-14,FMDBL,565,568,556,562,22619,12691837
2020-10-15,FMDBL,565,573,561,566,11982,6760870
2020-10-18,FMDBL,556,567,556,560,4679,2634766
2020-10-19,FMDBL,565,571,565,570,10827,6150402
2020-10-20,FMDBL,571,580,571,577,12732,7327751
2020-10-21,FMDBL,578,580,575,575,7122,4110096
2020-10-22,FMDBL,575,575,564,567,10023,5715253
2020-10-28,FMDBL,570,589,569,573,6986,4005534
2020-10-29,FMDBL,580,587,577,583,12873,7499641
2020-11-01,FMDBL,585,594,582,594,42186,24871286
2020-11-02,FMDBL,600,618,591,618,111382,67808449
2020-11-03,FMDBL,625,635,614,617,67157,41714690
2020-11-04,FMDBL,630,630,609,613,27572,16880031
2020-11-05,FMDBL,603,612,601,607,20768,12623260
2020-11-08,FMDBL,610,613,604,611,29635,18073562
2020-11-09,FMDBL,615,620,608,608,26491,16231865
2020-11-10,FMDBL,606,620,606,612,39760,24465876
2020-11-11,FMDBL,608,615,608,613,28473,17443330
2020-11-12,FMDBL,612,616,610,613,63291,38813317
2020-11-18,FMDBL,609,620,609,620,30830,18920986
2020-11-19,FMDBL,622,635,614,631,105852,66381464
2020-11-22,FMDBL,585,619,577,585,58499,34926143
2020-11-23,FMDBL,590,590,577,578,21604,12547684
2020-11-24,FMDBL,589,590,574,580,27189,15770689
2020-11-25,FMDBL,580,603,580,596,30726,18163349
2020-11-26,FMDBL,607,607,580,580,28899,16987862
2020-11-29,FMDBL,571,590,571,582,28725,16780647
2020-11-30,FMDBL,590,603,590,594,44027,26270628
2020-12-01,FMDBL,590,604,586,588,29883,17729446
2020-12-02,FMDBL,581,640,581,630,116473,71989229
2020-12-03,FMDBL,650,661,612,618,74826,47233208
2020-12-06,FMDBL,625,625,582,582,24228,14308906
2020-12-07,FMDBL,592,612,579,601,32382,19324906
2020-12-08,FMDBL,605,617,588,597,34885,20743650
2020-12-09,FMDBL,588,595,575,585,26739,15503838
2020-12-10,FMDBL,575,590,575,585,15513,9038181
2020-12-13,FMDBL,575,590,575,590,10520,6171717
2020-12-14,FMDBL,600,601,588,588,25425,15145267
2020-12-15,FMDBL,599,613,593,595,25830,15470994
2020-12-16,FMDBL,595,627,595,612,119612,73209622
2020-12-17,FMDBL,620,635,611,617,85127,53073198
2020-12-20,FMDBL,615,615,582,585,46073,27389663
2020-12-21,FMDBL,574,607,542,586,38709,22327813
2020-12-22,FMDBL,597,600,589,599,27082,16091808
2020-12-23,FMDBL,610,610,581,593,12634,7434849
2020-12-24,FMDBL,582,593,581,586,15371,8981917
2020-12-27,FMDBL,580,585,576,577,15462,8952760
2020-12-28,FMDBL,602,602,570,577,8265,4795542
2020-12-29,FMDBL,576,582,569,570,14503,8343937
2020-12-30,FMDBL,566,587,559,585,17846,10292186
2020-12-31,FMDBL,576,587,576,579,16002,9320751
2021-01-03,FMDBL,584,597,579,596,30348,17838539
2021-01-04,FMDBL,605,605,586,589,24373,14492769
2021-01-05,FMDBL,580,591,579,587,9927,5814510
2021-01-06,FMDBL,590,593,586,592,13369,7880109
2021-01-07,FMDBL,600,615,598,602,63762,38634015
2021-01-10,FMDBL,572,625,572,607,26502,16128327
2021-01-11,FMDBL,612,619,606,614,38034,23264801
2021-01-12,FMDBL,625,641,611,632,96740,60536999
2021-01-13,FMDBL,642,695,642,695,217818,148151490
2021-01-17,FMDBL,708,720,683,692,78232,54120464
2021-01-18,FMDBL,678,706,666,701,151087,103816339
2021-01-19,FMDBL,705,705,677,682,112768,77755812
2021-01-20,FMDBL,681,685,670,677,58831,39807810
2021-01-21,FMDBL,676,725,672,715,106284,75175839
2021-01-24,FMDBL,729,750,716,725,79584,58240465
2021-01-25,FMDBL,735,740,706,710,86311,61748057
2021-01-26,FMDBL,700,710,690,690,35526,24706452
2021-01-27,FMDBL,693,708,685,697,57266,39980556
2021-01-28,FMDBL,708,738,699,713,128149,92190096
2021-01-31,FMDBL,713,713,667,690,114107,78877987
2021-02-01,FMDBL,700,708,685,691,69159,48074765
2021-02-02,FMDBL,704,725,690,720,77586,55044478
2021-02-03,FMDBL,750,750,715,725,126564,92806554
2021-02-04,FMDBL,761,797,717,789,221097,168968939
2021-02-07,FMDBL,825,867,810,867,100703,86295826
2021-02-08,FMDBL,910,952,849,889,305096,278834775
2021-02-09,FMDBL,930,930,825,859,153452,131643830
2021-02-10,FMDBL,859,897,840,859,86289,74299641
2021-02-11,FMDBL,876,882,825,828,101368,84952221
2021-02-14,FMDBL,828,828,798,806,75316,60924381
2021-02-15,FMDBL,822,886,822,886,88950,77913299
2021-02-16,FMDBL,930,930,866,875,118684,105677072
2021-02-17,FMDBL,877,877,850,855,48517,41564419
2021-02-18,FMDBL,850,860,840,852,43872,37279718
2021-02-21,FMDBL,880,880,833,836,32724,27451985
2021-02-22,FMDBL,827,830,808,817,52740,43150263
2021-02-23,FMDBL,817,821,793,816,67510,54307343
2021-02-24,FMDBL,850,851,816,826,35154,29225557
2021-02-25,FMDBL,821,826,805,807,38310,31146025
2021-02-28,FMDBL,800,807,770,774,58467,46027193
2021-03-01,FMDBL,775,826,756,797,43867,34680133
2021-03-02,FMDBL,758,829,758,783,39282,31058759
2021-03-03,FMDBL,774,792,752,768,53071,40587432
2021-03-04,FMDBL,771,803,760,800,47493,37529665
2021-03-07,FMDBL,816,816,775,780,22846,17943372
2021-03-09,FMDBL,772,784,770,772,19451,15072609
2021-03-10,FMDBL,772,779,760,767,13418,10292754
2021-03-14,FMDBL,782,782,738,742,27169,20358816
2021-03-15,FMDBL,705,753,705,725,26241,19201941
2021-03-16,FMDBL,722,750,722,739,23924,17591736
2021-03-17,FMDBL,731,763,731,760,21224,16021818
2021-03-18,FMDBL,770,789,765,780,31307,24424882
2021-03-21,FMDBL,790,832,785,827,67946,55350837
2021-03-22,FMDBL,840,840,795,805,47668,38465519
2021-03-23,FMDBL,800,810,790,799,25310,20280159
2021-03-24,FMDBL,814,865,805,857,161950,137342966
2021-03-25,FMDBL,880,880,833,837,90961,77825569
2021-03-29,FMDBL,840,850,835,840,52583,44220876
2021-03-30,FMDBL,855,869,845,861,54542,46812375
2021-03-31,FMDBL,890,890,870,878,84332,73900441
2021-04-01,FMDBL,921,921,860,861,74829,65163607
2021-04-04,FMDBL,863,866,845,856,47738,40993177
2021-04-05,FMDBL,860,868,850,865,46933,40536879
2021-04-06,FMDBL,908,908,851,859,31418,27009306
2021-04-07,FMDBL,865,870,860,861,39509,34181520
2021-04-08,FMDBL,876,877,860,865,39457,34185839
2021-04-12,FMDBL,875,910,867,897,138638,123901675
2021-04-13,FMDBL,910,920,880,884,78850,70393047
2021-04-15,FMDBL,870,901,870,875,48904,42781581
2021-04-18,FMDBL,900,900,860,864,58465,50976539
2021-04-19,FMDBL,853,867,843,847,37135,31613149
2021-04-20,FMDBL,889,889,833,838,38650,32603402
2021-04-21,FMDBL,842,855,826,827,31291,26105867
2021-04-22,FMDBL,827,841,815,839,29961,24967206
2021-04-25,FMDBL,845,845,800,817,44248,36027747
2021-04-26,FMDBL,802,824,785,787,52354,41691776
2021-04-27,FMDBL,787,830,780,830,40820,33035803
2021-04-28,FMDBL,830,837,807,816,15580,12834551
2021-04-29,FMDBL,816,830,815,826,17320,14269854
2021-05-02,FMDBL,826,838,825,835,24022,20040177
2021-05-03,FMDBL,876,876,840,845,61508,52275419
2021-05-04,FMDBL,845,856,830,850,36652,31114901
2021-05-05,FMDBL,860,865,843,843,39435,33655218
2021-05-06,FMDBL,852,852,820,827,30721,25482598
2021-05-09,FMDBL,786,833,786,817,25866,21189284
2021-05-10,FMDBL,830,830,810,824,21731,17831762
2021-05-11,FMDBL,838,840,824,830,19814,16454972
2021-05-12,FMDBL,840,846,820,825,15543,12850953
2021-05-13,FMDBL,830,832,819,822,17629,14537164
2021-05-16,FMDBL,822,845,822,844,29878,25044953
2021-05-17,FMDBL,886,886,844,845,32310,27406110
2021-05-18,FMDBL,850,865,840,864,68846,58652479
2021-05-19,FMDBL,880,895,850,858,61744,53505534
2021-05-20,FMDBL,865,865,849,857,28521,24364113
2021-05-23,FMDBL,841,872,839,856,51493,44159975
2021-05-24,FMDBL,868,873,852,856,39237,33746018
2021-05-25,FMDBL,868,872,852,870,81645,70863912
2021-05-27,FMDBL,827,856,800,835,82565,68835766
2021-05-30,FMDBL,835,845,819,826,56070,46390166
2021-05-31,FMDBL,830,847,818,825,47009,39087772
2021-06-01,FMDBL,825,835,819,821,34382,28421695
2021-06-02,FMDBL,862,862,816,833,28569,23673012
2021-06-03,FMDBL,874,874,830,832,31964,26865882
2021-06-06,FMDBL,840,856,823,832,33063,27356626
2021-06-07,FMDBL,835,835,822,823,30276,24960993
2021-06-08,FMDBL,824,833,820,825,48254,39732704
2021-06-09,FMDBL,830,860,830,831,49849,41907458
2021-06-10,FMDBL,840,847,826,827,32854,27375838
2021-06-13,FMDBL,840,840,814,826,42490,35063948
2021-06-14,FMDBL,839,839,824,824,46503,38534769
2021-06-15,FMDBL,865,865,819,820,39521,32621129
2021-06-16,FMDBL,861,902,817,880,250193,219670695
2021-06-17,FMDBL,924,924,856,859,82188,72253353
2021-06-20,FMDBL,880,880,832,834,40981,34654800
2021-06-21,FMDBL,831,847,815,817,49379,40636753
2021-06-22,FMDBL,830,840,816,833,33469,27669146
2021-06-23,FMDBL,835,840,812,812,31553,25849773
2021-06-24,FMDBL,852,852,802,805,28400,22907934
2021-06-27,FMDBL,805,811,802,808,14130,11428224
2021-06-28,FMDBL,817,825,800,810,59587,48487131
2021-06-29,FMDBL,840,847,800,800,58702,48049910
2021-06-30,FMDBL,810,816,792,815,18290,14700212
2021-07-01,FMDBL,829,831,800,804,53215,42934843
2021-07-04,FMDBL,806,809,796,796,24955,19994166
2021-07-05,FMDBL,810,810,795,795,18256,14575316
2021-07-06,FMDBL,795,802,793,794,11324,9024325
2021-07-07,FMDBL,795,803,794,799,18866,15069884
2021-07-08,FMDBL,795,805,795,796,43157,34502291
2021-07-11,FMDBL,805,821,800,816,85895,69671385
2021-07-12,FMDBL,856,856,807,811,52278,42777972
2021-07-13,FMDBL,810,826,810,822,28769,23573566
2021-07-14,FMDBL,823,827,817,824,15671,12877356
2021-07-15,FMDBL,830,830,821,823,41227,34019165
2021-07-18,FMDBL,839,877,839,867,189570,163273545.5
2021-07-19,FMDBL,869,879,845,851,111264,95544867.2
2021-07-20,FMDBL,855,855,836,837,51911,43818105.2
2021-07-22,FMDBL,838,843.9,830,832,45912,38378317
2021-07-25,FMDBL,835,845,829,833,43454,36249852.2
2021-07-26,FMDBL,834,851,833,837,38206,32106538.2
2021-07-27,FMDBL,830,840,821,835,45919,38111577
2021-07-28,FMDBL,844,851.7,836,845,54271,45638313.4
2021-07-29,FMDBL,845,858,836,837.6,47512,40003997.4
2021-08-01,FMDBL,840,880,840,880,143872,124029287
2021-08-02,FMDBL,890,960,871,960,370759,340354398
2021-08-03,FMDBL,979,1050,970,1033,333709,338667983.8
2021-08-04,FMDBL,1050,1050,989,1025,259847,262577583.1
2021-08-05,FMDBL,1045.5,1109,980.1,1109,313093,317361301.4
2021-08-08,FMDBL,1110,1110,1045,1080,233231,249716677.7
2021-08-09,FMDBL,1080,1082,1032.1,1050,210761,222205543.7
2021-08-10,FMDBL,1050,1075,1039,1050,132143,139595029.6
2021-08-11,FMDBL,1065,1139,1060,1115,252849,277821568.7
2021-08-12,FMDBL,1137.3,1147,1102,1125,130352,145753554.9
2021-08-15,FMDBL,1147,1147,1060,1100,178376,196570081.4
2021-08-16,FMDBL,1122,1210,1095,1196,241453,273822266.7
2021-08-17,FMDBL,1219,1315.6,1181,1315.6,291038,374178738.8
2021-08-18,FMDBL,1341,1365,1270,1290,162989,213856718.2
2021-08-19,FMDBL,1300,1315,1250,1315,175493,225726376.4
2021-08-24,FMDBL,1276,1325,1250,1255,85555,109130579.8
2021-08-25,FMDBL,1250,1250,1159,1192,121615,147435865.7
2021-08-26,FMDBL,1201,1239.5,1175,1200,68423,83023672.9
2021-08-29,FMDBL,1224,1225,1147,1154,92042,108257972.2
2021-08-31,FMDBL,1140,1149,1081,1094.2,114704,127142864.1
2021-09-01,FMDBL,1094,1129,1080,1090,73516,81201932.1
2021-09-02,FMDBL,1090,1148,1078,1080,75141,82322068.4
2021-09-05,FMDBL,1080,1080,980,1015,80409,81699210.9
2021-09-06,FMDBL,995,1116.5,980,1113,67281,71206489.7
2021-09-07,FMDBL,1115,1115,1051,1052,37145,39884709.2
2021-09-08,FMDBL,1052,1060,1015,1026.9,32854,33767013
2021-09-09,FMDBL,1026,1045,1001,1016,28682,29204139.8
2021-09-12,FMDBL,1036,1117.6,1010,1117.6,97537,105977980.3
2021-09-13,FMDBL,1138,1140,1091,1128,114439,128257690.2
2021-09-14,FMDBL,1128,1135,1097,1128,64930,72658188.4
2021-09-15,FMDBL,1135,1137,1086,1110,46042,50673796.7
2021-09-16,FMDBL,1088,1092,1031,1040,77501,82174610.8
2021-09-20,FMDBL,1030,1040,990,991,63633,63770069.8
2021-09-21,FMDBL,972,1030.7,935,979,49811,49342929
2021-09-22,FMDBL,998,1035,990,1015,36222,36752826.5
2021-09-23,FMDBL,1035,1035,995,995,28309,28716280.5
2021-09-26,FMDBL,995,1014,955.6,955.6,27493,26799772.8
2021-09-27,FMDBL,955.6,988,919.3,920,26785,25112372.6
2021-09-28,FMDBL,920,928,870,884,40965,36686867.9
2021-09-29,FMDBL,901.6,962.8,884.1,950,32766,29912903.4
2021-09-30,FMDBL,940,954,903,913,16025,14858572.6
2021-10-03,FMDBL,900.1,915,869,869,21077,18661434.6
2021-10-04,FMDBL,854,904,845,870,18827,16371851.4
2021-10-05,FMDBL,887.4,923.2,887,900,13324,11948784.5
2021-10-06,FMDBL,917,977,901.1,959.9,28483,26865102.9
2021-10-10,FMDBL,974,979,913,914,19308,18170394.6
2021-10-11,FMDBL,898,912,882,898.9,21852,19500179.5
2021-10-17,FMDBL,916,916,900,905,7055,6364773
2021-10-18,FMDBL,900,900.1,863,880,18281,16073639.5
2021-10-19,FMDBL,863,880,850,854,10998,9418039.4
2021-10-20,FMDBL,871,900,860,885.9,14468,12647569.5
2021-10-21,FMDBL,900,900,849,849,14282,12268445.6
2021-10-24,FMDBL,849,869,839,853,18079,15290739.1
2021-10-25,FMDBL,868,938,851,938,31555,28090467.1
2021-10-26,FMDBL,919.3,1031.8,919.3,980.2,49078,48850077.5
2021-10-27,FMDBL,999.7,1028,942,998,32942,32911106.2
2021-10-28,FMDBL,981,1006,970,995,15883,15748546
2021-10-31,FMDBL,1014.7,1019,985,1015,15197,15250894
2021-11-01,FMDBL,1005,1012,980,980.1,12607,12486377.4
2021-11-02,FMDBL,980,985,960,979.9,13599,13188227.5
2021-11-03,FMDBL,999,999,971,980,11887,11633490.8
2021-11-08,FMDBL,999.6,1059,978.1,979,9678,9807570.8
2021-11-09,FMDBL,970,970,910,935,34112,31962322.8
2021-11-11,FMDBL,935,935,890.1,891,20242,18306898.6
2021-11-14,FMDBL,874,945.8,874,902,9871,8991960.1
2021-11-15,FMDBL,920,938,900,914,9942,9052016.3
2021-11-16,FMDBL,901,932.1,901,927.1,13291,12269927.5
2021-11-17,FMDBL,935,999.6,935,952.2,83116,78776223.7
2021-11-18,FMDBL,955,1014,941.1,1014,108385,103984373.7
2021-11-21,FMDBL,940,940,885,902,13162,11827495
2021-11-22,FMDBL,885.5,902,884.4,890,10126,9029711.8
2021-11-23,FMDBL,898.5,898.5,860,867,9824,8558989.9
2021-11-24,FMDBL,884,884,851,860,8231,7057371.8
2021-11-25,FMDBL,863.9,874,845,852,6345,5419473.6
2021-11-28,FMDBL,835,848,785,800,50105,40345513.8
2021-11-29,FMDBL,784,824.5,784,796,10015,8043478.4
2021-11-30,FMDBL,811.8,811.8,780.5,800.5,6269,4989897.2
2021-12-01,FMDBL,816,816,789,799,5856,4678395.5
2021-12-02,FMDBL,799,799,765,777,7822,6089055.7
2021-12-05,FMDBL,766,766,729,735,17929,13293771.3
2021-12-06,FMDBL,725,765,721,755,14859,11078090
2021-12-07,FMDBL,769.9,812.5,740,750,22484,17251237.3
2021-12-08,FMDBL,765,765,735,736,8356,6228872
2021-12-09,FMDBL,750,750,725,735,12115,8860863.6
2021-12-12,FMDBL,732,732,705.6,706,7208,5121820.8
2021-12-13,FMDBL,700,712,667.5,675,13365,9126942.4
2021-12-14,FMDBL,688,715,687.7,714,8474,5940482
2021-12-15,FMDBL,726,756,689,710,12860,9294509.5
2021-12-16,FMDBL,710,710,677,685,12462,8552632.5
2021-12-20,FMDBL,675,685,667,669,9283,6232051
2021-12-21,FMDBL,682.3,695.9,670,685,5459,3704585.5
2021-12-22,FMDBL,698.7,723,698.7,715,12685,9014923.8
2021-12-23,FMDBL,720,735.6,705,717,13884,9941630.4
2021-12-26,FMDBL,730,771,720,771,16457,12412533.4
2021-12-27,FMDBL,785,802,730,746,24644,18623682.9
2021-12-28,FMDBL,732,745,725,735,6970,5132253.2
2021-12-29,FMDBL,735,744,726,730,3799,2799351
2022-01-02,FMDBL,735,780,731,769.7,18734,14168262.7
2022-01-03,FMDBL,785,842.5,781,830,60906,50009583.6
2022-01-04,FMDBL,846,913,846,898.8,62824,55908422.9
2022-01-05,FMDBL,898.8,915,856,860,41588,36333700.4
2022-01-06,FMDBL,843,900,827,900,33975,29625355
2022-01-09,FMDBL,914,936,894,898,44913,40494671.2
2022-01-10,FMDBL,912,925,893,905,33444,30385490.7
2022-01-11,FMDBL,900,940,893,937,52014,47909503.2
2022-01-12,FMDBL,930,1007.7,905,918,40285,37835141.4
2022-01-13,FMDBL,917,944.9,911,940,23598,21979152.5
2022-01-16,FMDBL,958,979.2,935,952.7,56157,53456178.4
2022-01-17,FMDBL,970,1020,930,990,74978,72608996.2
2022-01-18,FMDBL,989,989,941,952.1,38728,37434802.4
2022-01-19,FMDBL,971,989,925,925,32219,30401816.2
2022-01-20,FMDBL,940,950,925,943,31052,29247802
2022-01-23,FMDBL,960,960,913,923,26167,24379457.8
2022-01-24,FMDBL,908,911,867.3,877,41541,36899465.1
2022-01-25,FMDBL,876,896,852.6,860.1,24035,21033189.1
2022-01-26,FMDBL,850,870,843,854,16236,13835120.1
2022-01-27,FMDBL,864,870,850,852,9349,8020238.5
2022-01-30,FMDBL,869,937.1,869,897.5,24394,21797874.4
2022-01-31,FMDBL,915.4,918,884.1,899,10327,9285530.4
2022-02-01,FMDBL,911,911,878,899,22913,20331241.9
2022-02-03,FMDBL,900,907.8,880,882,18702,16734227.5
2022-02-06,FMDBL,877,880,862.4,867,13338,11602967.8
2022-02-07,FMDBL,883.9,883.9,850,870,16039,13947934.4
2022-02-08,FMDBL,887.4,910,859,859,14136,12426905
2022-02-09,FMDBL,861,870.9,845,853,14765,12561983.5
2022-02-10,FMDBL,845,860,845,851.5,7897,6732897.9
2022-02-13,FMDBL,835,849,817.5,818,19972,16453326.6
2022-02-14,FMDBL,818,833,810,826,12531,10295893.5
2022-02-15,FMDBL,826,852,826,850,11927,9989646.6
2022-02-16,FMDBL,846,872.1,833,838,11472,9785170
2022-02-17,FMDBL,838,846,827,835,19519,16244226.9
2022-02-20,FMDBL,832,832,805.1,814.5,11817,9689596.1
2022-02-21,FMDBL,830,864.2,821,827.5,9403,7807009
2022-02-22,FMDBL,843,843,822,825,16213,13457658
2022-02-23,FMDBL,835,850,820,820,8690,7184674
2022-02-24,FMDBL,810,820,794,801,34534,27780394.8
2022-02-27,FMDBL,809,817,798,801.1,18081,14613090.1
2022-02-28,FMDBL,815,817,782.2,785,10998,8772082.7
2022-03-02,FMDBL,771,780,757,764,18388,14144269
2022-03-06,FMDBL,760,782,755,770,11849,9082448.4
2022-03-07,FMDBL,770,786,758,758,7207,5531828.4
2022-03-09,FMDBL,760.1,770,738,740,20448,15265245
2022-03-10,FMDBL,740,775,735.5,773,14338,10851045
2022-03-13,FMDBL,788.4,808,788,797,27491,21956880.9
2022-03-14,FMDBL,812,820,784,818,10524,8466299.1
2022-03-15,FMDBL,818,827,800,814,18858,15248033.7
2022-03-16,FMDBL,807,818,800,816.9,18376,14930339
2022-03-20,FMDBL,812,815,801,810,10726,8649778
2022-03-21,FMDBL,810,820,800,820,13296,10740090.8
2022-03-22,FMDBL,835,835,810,818,12107,9884145.5
2022-03-23,FMDBL,809,815,800.1,802,8493,6839735.7
2022-03-24,FMDBL,800,802,784,784,12829,10162307.2
2022-03-27,FMDBL,784,799.6,768,782,9137,7113892
2022-03-28,FMDBL,767,781.7,758,758,10884,8321101.1
2022-03-29,FMDBL,770,773.1,754,754.3,5063,3844808.1
2022-03-30,FMDBL,754.3,789,752,789,12215,9412054.6
2022-03-31,FMDBL,799,799,760.5,761.7,9506,7324251.4
2022-04-03,FMDBL,761.7,761.7,733,742,12325,9153193.2
2022-04-04,FMDBL,733,755,720,732,10163,7454781
2022-04-05,FMDBL,725,733,717.5,723,14955,10838099.7
2022-04-06,FMDBL,710.1,750,696,710,18883,13530757.6
2022-04-07,FMDBL,724.2,750,712.1,735,14701,10762682.1
2022-04-11,FMDBL,749,755,712,712,16041,11716068.5
2022-04-12,FMDBL,704.7,719.9,699,707,11379,8018477.8
2022-04-13,FMDBL,721,748.6,702,721.4,8081,5845793.4
2022-04-17,FMDBL,721,745,706.7,706.7,8019,5738831.9
2022-04-18,FMDBL,711,718,700,707,8612,6095106.5
2022-04-19,FMDBL,720,730,693,717,7603,5438627.9
2022-04-20,FMDBL,704,718,700,705,7130,5035858.5
2022-04-21,FMDBL,700,703.8,680,703,14822,10195153.2
2022-04-24,FMDBL,703,740,703,731,14229,10328741
2022-04-25,FMDBL,740,755,715.1,715.1,15869,11643409.8
2022-04-26,FMDBL,720,743,701,728,11688,8317990.5
2022-04-27,FMDBL,715,734,710,728,6838,4915821
2022-04-28,FMDBL,740,740,710,710,10011,7156088.9
2022-05-02,FMDBL,710,710,691.1,694,13089,9122787.5
2022-05-04,FMDBL,690,703,680,680,6401,4388670
2022-05-05,FMDBL,675,693,662,664,9416,6297722.4
2022-05-08,FMDBL,676,682,664,682,6003,4021279.9
2022-05-09,FMDBL,682,706.5,680,685,5960,4132226.2
2022-05-10,FMDBL,692,715,675,710,8552,5969154.9
2022-05-11,FMDBL,712,735,709,735,11952,8656286.4
2022-05-12,FMDBL,737,738,711,717,10186,7336611.9
2022-05-17,FMDBL,703,717,688,688,9530,6617344
2022-05-18,FMDBL,680,700,675,700,9031,6166703.1
2022-05-19,FMDBL,700,710,681,681.5,4810,3320481.5
2022-05-20,FMDBL,685,686,675,679,3985,2716520.3
2022-05-23,FMDBL,680,680,665,677,6136,4108602.5
2022-05-24,FMDBL,685,688,680,683.1,3483,2383678
2022-05-25,FMDBL,696.7,701,683,686.6,4396,3037175.3
2022-05-26,FMDBL,688,694,685,686.1,2296,1578631.8
2022-05-27,FMDBL,686.1,686.1,673,677.9,6770,4570909
2022-05-30,FMDBL,670,675,656,660.1,4253,2811421
2022-05-31,FMDBL,647.1,665,644,654,7189,4680681
2022-06-01,FMDBL,666,668.9,644,648,2433,1589388.6
2022-06-02,FMDBL,660.9,660.9,641,641.1,7763,5025000.3
2022-06-03,FMDBL,653,653,630,643,4157,2649473
2022-06-06,FMDBL,654,654,635,647,9192,5916308.4
2022-06-07,FMDBL,651,652,620,620,6598,4154195.2
2022-06-08,FMDBL,620,652,620,650,12205,7751014.5
2022-06-09,FMDBL,655,681.3,635,643,7776,5068502
2022-06-10,FMDBL,633,642,625,633,1965,1243804.5
2022-06-13,FMDBL,625.1,642,625.1,632,4592,2897823
2022-06-14,FMDBL,644.6,644.6,615,624,8475,5250173.4
2022-06-15,FMDBL,615,621,607.1,614,6350,3889429.4
2022-06-16,FMDBL,626.2,632,616,623,3456,2148780.1
2022-06-17,FMDBL,635,635,611,615,3613,2228452.5
2022-06-19,FMDBL,607,610,598,603,5732,3458606.6
2022-06-20,FMDBL,592,600,559,600,14263,8231809.3
2022-06-21,FMDBL,607,622,593,610,12743,7741771.2
2022-06-22,FMDBL,620,622.2,597,597,5437,3267431.5
2022-06-23,FMDBL,591,598,570,575,7280,4187360.5
2022-06-24,FMDBL,575,610,570,603,4482,2665274.5
2022-06-26,FMDBL,613.9,655.8,603,655,16005,9975576.2
2022-06-27,FMDBL,655,655,617.4,625,17982,11389076.3
2022-06-28,FMDBL,613,620,601,614.9,4436,2704256.8
2022-06-29,FMDBL,614.9,645,614.9,640,11372,7174826.2
2022-06-30,FMDBL,635,690,627,673,30632,20307993.7
2022-07-01,FMDBL,686.4,708,665,705,24151,16682587.2
2022-07-03,FMDBL,704.9,717,694,715,20035,14180339.9
2022-07-04,FMDBL,729.3,744,690,723,48204,34842899.2
2022-07-05,FMDBL,715,720,686,689.2,25104,17557843.9
2022-07-06,FMDBL,693,700,666.4,695.1,20045,13549333.4
2022-07-07,FMDBL,709,723,676.3,680,12565,8620456.3
2022-07-08,FMDBL,669,671.7,660,662,19535,12999347
2022-07-11,FMDBL,650,655,620,620,22938,14577204.4
2022-07-12,FMDBL,620,640,600.1,628,22328,13896517.5
2022-07-13,FMDBL,616.1,669.8,615.5,660.1,16172,10426673
2022-07-14,FMDBL,660,669,645,656,16729,11046033
2022-07-15,FMDBL,657,665,644,665,26721,17425482.5
2022-07-17,FMDBL,655,676,648.5,655,13633,8921897.4
2022-07-18,FMDBL,644,680,644,674.9,17390,11645707
2022-07-19,FMDBL,688,700,680,700,22644,15646031.7
2022-07-20,FMDBL,687.2,713.4,681,689,19303,13398684.5
2022-07-21,FMDBL,702.7,702.7,669,684,40734,27714183.7
2022-07-22,FMDBL,690,690,669,670,24960,16799612.7
2022-07-24,FMDBL,683,710,665.1,708,43456,30093207.3
2022-07-25,FMDBL,722.1,766,722.1,743,78334,58347021.1
2022-07-26,FMDBL,743.5,752,708.6,719,50319,36648227.9
2022-07-27,FMDBL,724,735,710,735,31402,22656893.8
2022-07-28,FMDBL,748.9,756.8,721.4,740,57197,42570111.7
2022-07-29,FMDBL,754,754.8,732.2,734.1,12733,9391296.9
2022-07-31,FMDBL,746,770,745,770,60594,45846085.9
2022-08-01,FMDBL,780,780,756.1,756.1,45890,35295835.2
2022-08-02,FMDBL,768.9,768.9,743,757,26924,20246350.5
2022-08-03,FMDBL,757,765,745,745,24233,18284617.1
2022-08-04,FMDBL,750,750,732.1,732.2,27523,20319253.6
2022-08-05,FMDBL,732,732,718,720,12489,9055491.5
2022-08-07,FMDBL,725,739.5,722,729,13841,10054217.6
2022-08-08,FMDBL,725,742,714,714.5,14200,10253964.9
2022-08-09,FMDBL,711.1,721,700,701.1,17974,12734517.7
2022-08-10,FMDBL,693,719,693,701.1,11146,7879127
2022-08-11,FMDBL,705,714,699,699.9,6586,4633105.5
2022-08-14,FMDBL,704,705,686,691,13246,9229397
2022-08-15,FMDBL,680.4,720,680.4,713.9,8353,5924756
2022-08-16,FMDBL,727.7,727.7,706.1,711,23101,16556095.8
2022-08-17,FMDBL,720,723,710,712,8738,6238990.1
2022-08-18,FMDBL,715,726,709,720,9266,6667234.1
2022-08-21,FMDBL,734,747.6,727,736.1,58049,42835960.1
2022-08-22,FMDBL,737,737,725,726,15579,11332264
2022-08-23,FMDBL,730,730,718.5,724,14826,10736859.7
2022-08-24,FMDBL,730,730,718,718,17306,12534878.6
2022-08-25,FMDBL,720,730,715.4,715.5,29928,21513146.8
2022-08-26,FMDBL,715.4,715.4,705.7,706,11248,7963019.9
2022-08-28,FMDBL,707,707,685,689,18751,13042918.4
2022-08-29,FMDBL,689,702,677,702,9748,6750594.8
2022-08-30,FMDBL,708,715,690,699,9343,6521391.8
2022-08-31,FMDBL,709,709,682,683.5,6613,4543576
2022-09-01,FMDBL,690,696.7,673,690,8032,5494318.5
2022-09-02,FMDBL,700,700,686,686.1,876,602967.6
2022-09-04,FMDBL,698,699.8,683,692,2413,1657403.4
2022-09-05,FMDBL,692,699.9,682,682,6095,4179449
2022-09-06,FMDBL,674,695.4,670,671.1,5757,3890974.7
2022-09-07,FMDBL,665,675,665,673.5,3360,2257204.3
2022-09-08,FMDBL,682,682,668,678,3626,2439357.9
2022-09-11,FMDBL,689.9,690,664.5,665,7813,5244999.9
2022-09-12,FMDBL,665,691.8,659,665,3433,2284985.2
2022-09-13,FMDBL,670,681.9,665,678,3979,2673705
2022-09-14,FMDBL,680,694,680,694,10575,7286150.3
2022-09-15,FMDBL,700,705,660,663.4,16165,10873972.1
2022-09-16,FMDBL,650.3,676.6,640,663.1,7643,5041907.8
2022-09-18,FMDBL,665,665,637,638,18426,11885065.3
2022-09-20,FMDBL,635,637,613,619,9734,6059158.2
2022-09-21,FMDBL,620,628,614,616,7259,4496465
2022-09-22,FMDBL,617.1,617.1,605,605.1,5305,3234035.4
2022-09-25,FMDBL,596.1,604,585,599,8604,5113835.4
2022-09-27,FMDBL,600,612,599,606.9,3505,2115896
2022-09-28,FMDBL,619,619,601,602,1127,681433.1
2022-09-29,FMDBL,605,614,605,609,3814,2323959
2022-10-09,FMDBL,620.5,626,611,626,3987,2467799.9
2022-10-10,FMDBL,626,626,602,605,4751,2910915.5
2022-10-11,FMDBL,605,617.1,600,610.5,4385,2647177.1
2022-10-12,FMDBL,612,623,600,620,17928,11102996.1
2022-10-13,FMDBL,620,629,615,616.1,4572,2829584.2
2022-10-16,FMDBL,616,616,605.1,605.2,6605,4018962.8
2022-10-17,FMDBL,601.3,612,600,604,5569,3352470.6
2022-10-19,FMDBL,604,604.7,594.1,599,6175,3691734.5
2022-10-20,FMDBL,600,604,596,604,3920,2347950
2022-10-23,FMDBL,616,616,606,606,1507,921010.6
2022-10-31,FMDBL,606,616.9,600.1,616.9,4316,2634689
2022-11-01,FMDBL,618.5,632,612,626.4,8180,5106358.5
2022-11-02,FMDBL,629,644.9,620,639,15829,10056612.9
2022-11-03,FMDBL,651.7,661,640,643,24111,15647837
2022-11-06,FMDBL,651,679.9,641,675,12392,8283775
2022-11-07,FMDBL,688.5,688.5,660,670,22032,14796823.5
2022-11-08,FMDBL,670,678,661,661,6769,4505433
2022-11-09,FMDBL,665,678.3,640.1,643,10897,7101795.9
2022-11-10,FMDBL,650,662,634,642,7439,4787008.2
2022-11-13,FMDBL,654.8,654.8,635,644,5971,3829714.2
2022-11-14,FMDBL,650,652,638.1,650,3302,2135224.5
2022-11-15,FMDBL,663,689,645.1,652,3440,2252313.7
2022-11-16,FMDBL,641,664,640.9,650,5718,3728033.1
2022-11-17,FMDBL,663,671.7,654,663,5209,3452933.4
2022-11-22,FMDBL,676.2,676.2,657.6,664,4439,2958831
2022-11-23,FMDBL,652,656,650,655,6756,4408480.6
2022-11-24,FMDBL,668,668,647.2,660,4369,2857465.5
2022-11-27,FMDBL,660.1,687,660.1,682,13931,9381991.8
2022-11-28,FMDBL,690,692.5,677,684,14275,9760962.4
2022-11-29,FMDBL,673,697,673,691,11600,7955576.6
2022-11-30,FMDBL,701,704,684.1,692,22601,15523650.8
2022-12-01,FMDBL,685,695,681,688.3,9172,6322569.8
2022-12-04,FMDBL,702,731,698.1,706.9,100160,71118284.9
2022-12-05,FMDBL,721,721,700,702,14805,10430754.4
2022-12-06,FMDBL,703,710,690.1,700.1,10835,7603007
2022-12-07,FMDBL,714.1,714.1,698,698,8843,6193676
2022-12-11,FMDBL,695,696,687,689,9956,6869496.1
2022-12-12,FMDBL,698,708.9,689.1,708.9,10919,7606837.7
2022-12-13,FMDBL,723,723,705,708,14947,10592088.5
2022-12-14,FMDBL,714,714,705,708,10062,7128804
2022-12-15,FMDBL,700,707.9,700,700,3027,2128239.4
2022-12-18,FMDBL,700,700,689,692,5582,3868959.7
2022-12-19,FMDBL,705.8,705.8,693.1,700,5043,3520984.1
2022-12-20,FMDBL,701.1,713,693.1,707,7728,5467189.5
2022-12-21,FMDBL,713,713,707,707,7089,5034558.7
2022-12-22,FMDBL,705,706,695.4,700,8250,5786344.6
2022-12-26,FMDBL,714,725,711,723.8,16736,12059582.2
2022-12-27,FMDBL,738.1,750,727,732,21888,16097026.8
2022-12-28,FMDBL,733,738,720.2,722,20399,14823684.9
2022-12-29,FMDBL,729,762.9,722,762.9,58339,43234312.8
2023-01-01,FMDBL,653.8,666,645,664,30540,20018260.7
2023-01-02,FMDBL,669.9,675,640,665,10356,6869314.9
2023-01-03,FMDBL,656,682.9,650,666,23842,15955217.5
2023-01-04,FMDBL,669,700,660,700,36694,24982920.2
2023-01-05,FMDBL,714,726.9,701,715,29890,21397101.4
2023-01-08,FMDBL,715,741.5,700,735,42826,30744836.3
2023-01-09,FMDBL,723,746,708,735,33188,24342727.2
2023-01-10,FMDBL,740,740,697.1,700,43142,31010476.8
2023-01-12,FMDBL,712,720,677,678,30132,20888231.1
2023-01-17,FMDBL,680,707.4,680,689.5,9611,6614515.3
2023-01-18,FMDBL,703.2,712.9,686,694,29087,20390649.2
2023-01-19,FMDBL,688,699,681.5,685.1,13796,9501322.3
2023-01-23,FMDBL,698.8,698.8,655,677.2,20106,13548706.1
2023-01-24,FMDBL,685,704.5,664.6,704.5,23852,16239792.3
2023-01-25,FMDBL,710,724.2,688.1,700,23627,16538596.8
2023-01-26,FMDBL,709,711,690,694.1,8081,5654950.8
2023-01-29,FMDBL,691,705,684,685,19342,13413102.5
2023-01-30,FMDBL,676.5,685,666.1,667,9990,6743650.9
2023-01-31,FMDBL,668,674,660,669,5732,3821364.3
2023-02-01,FMDBL,675,675,662.2,664,7768,5182140.9
2023-02-02,FMDBL,665,673,660,660.1,9387,6235306
2023-02-05,FMDBL,661.5,673,653,660,5654,3752030
2023-02-06,FMDBL,660,665,655,657,4093,2688537.2
2023-02-07,FMDBL,657,690,643.9,688.5,29330,19580067.9
2023-02-08,FMDBL,685,700,674.9,689,33169,22883487.2
2023-02-09,FMDBL,689,690,676.2,684.5,4631,3164284.1
2023-02-12,FMDBL,685,685,660,660,11435,7604780.5
2023-02-14,FMDBL,659,662.1,656.7,659,3275,2161802.5
2023-02-15,FMDBL,660,664.9,650,653,8137,5326446.8
2023-02-16,FMDBL,640,659.9,640,641,7022,4544283.5
2023-02-20,FMDBL,644,646,628,629,10675,6769251.5
2023-02-22,FMDBL,620,649.9,620,645,6967,4432254
2023-02-23,FMDBL,632.1,632.1,593,605,39145,23625380.9
2023-02-26,FMDBL,595,617,560,612.1,18688,11082974.6
2023-02-27,FMDBL,612.1,617,595,599,11179,6729649.8
2023-02-28,FMDBL,610.9,610.9,590.2,604.5,6061,3631586.5
2023-03-01,FMDBL,594.1,594.1,582,582,7508,4395609.2
2023-03-02,FMDBL,580.2,588,577,577,5775,3357856.4
2023-03-05,FMDBL,579,580,565,565,5883,3349864.1
2023-03-07,FMDBL,575,592,570,570,6950,3983312.1
2023-03-09,FMDBL,576,582,573,579,8110,4681887.6
2023-03-12,FMDBL,589.9,595,569,569.1,7802,4509398.2
2023-03-13,FMDBL,565,570,554,559,5760,3219733.2
2023-03-14,FMDBL,569,570.1,551.1,563,3443,1947185.3
2023-03-15,FMDBL,555,560,540,541,13448,7354543.8
2023-03-16,FMDBL,541,542,531.1,536.1,7229,3867402
2023-03-19,FMDBL,531,536,530.1,531.1,5474,2915772.4
2023-03-20,FMDBL,540,548,535,544,5486,2958657.4
2023-03-22,FMDBL,548,554,540,540,3808,2078320.9
2023-03-23,FMDBL,540,540,529.3,530,4459,2368659.7
2023-03-26,FMDBL,525,526,512,513,8316,4322761.9
2023-03-27,FMDBL,507,526,503,523,7057,3605623.9
2023-03-28,FMDBL,531,541,522.1,534,11058,5891372.4
2023-03-29,FMDBL,544.6,544.6,518,536,2808,1504923
2023-03-30,FMDBL,544,544,532,534,5277,2841520
2023-04-02,FMDBL,539,539,518,519.1,4433,2331354.9
2023-04-03,FMDBL,520,520,510,514.2,3584,1846854
2023-04-04,FMDBL,515,522,510,518.8,2921,1509451.9
2023-04-05,FMDBL,511,543.5,511,529,6653,3470648
2023-04-06,FMDBL,519.1,530,515,518,11875,6180154.2
2023-04-09,FMDBL,510.6,522,510.5,512,7911,4060857.4
2023-04-10,FMDBL,509.1,522.2,509.1,519,9594,4934864.5
2023-04-11,FMDBL,524,530,520,525,4780,2508081.9
2023-04-12,FMDBL,529.9,561,529,559,19402,10526630.9
2023-04-13,FMDBL,551.1,560,539,539.1,7999,4384247.7
2023-04-16,FMDBL,540,540,527.9,537,15648,8310568.2
2023-04-17,FMDBL,540,540,521,528,4351,2291125.5
2023-04-18,FMDBL,521,529,518,518,14189,7394852.7
2023-04-19,FMDBL,516,538,516,531,23823,12673534.7
2023-04-20,FMDBL,541.6,544,530,530.1,15605,8343420.5
2023-04-23,FMDBL,529.9,529.9,517,521.8,7213,3750738.7
2023-04-24,FMDBL,532.2,532.2,515,522,13751,7135687
2023-04-25,FMDBL,516,527.6,515.5,527.6,6902,3608951.1
2023-04-26,FMDBL,530,533,520.1,520.4,6925,3630027.8
2023-04-27,FMDBL,516,525,515.1,516,4880,2528970.9
2023-04-30,FMDBL,520,520,510,512,3795,1943537.4
2023-05-02,FMDBL,515,520,509,513.5,2791,1426802.3
2023-05-03,FMDBL,510.1,518,506.2,510,3888,1984585.2
2023-05-04,FMDBL,510,516,508.5,512,4916,2511040.8
2023-05-07,FMDBL,512,513.8,508,508,3279,1670366.1
2023-05-08,FMDBL,504,506,497.2,505,12485,6246249.6
2023-05-09,FMDBL,511,516,509,514.9,3114,1596808
2023-05-10,FMDBL,515,520.9,500.4,506.4,3204,1624371.7
2023-05-11,FMDBL,503,511,501.5,506,3132,1582172
2023-05-14,FMDBL,507,515,504,510.2,7072,3606852
2023-05-15,FMDBL,505,519.9,505,519.9,4871,2509495.7
2023-05-16,FMDBL,523,524.8,514,521,4156,2160994.3
2023-05-17,FMDBL,522,530,515,530,10786,5679595.5
2023-05-18,FMDBL,530,542.3,524,538,17110,9191172.6
2023-05-21,FMDBL,541,548.7,532.6,535,16633,9001235.3
2023-05-22,FMDBL,527,554,526.2,540,15701,8504724.3
2023-05-23,FMDBL,549.5,570,547,570,28788,16092624.9
2023-05-24,FMDBL,570,582,560,580,45818,26221337.6
2023-05-28,FMDBL,591,591.6,560,560,24461,14066720.6
2023-05-30,FMDBL,571.2,571.2,538,541,30966,16871615.2
2023-05-31,FMDBL,538,553,527.3,529,25917,13867471.1
2023-06-01,FMDBL,538,543,521,530,16553,8796515.6
2023-06-04,FMDBL,540.6,563.6,540.6,560,15425,8517110.4
2023-06-05,FMDBL,555,567.4,539,544.9,14570,8031335.5
2023-06-06,FMDBL,542.1,561,539.1,556.8,58066,31529700.5
2023-06-07,FMDBL,561,582,561,568,33243,19008221.4
2023-06-08,FMDBL,568,580,565.3,572,14851,8506413.3
2023-06-11,FMDBL,575,595,572,590.1,30545,17821792.8
2023-06-12,FMDBL,600,601,579,585,22508,13265718.8
2023-06-13,FMDBL,580,615,577,596,34534,20703203.7
2023-06-14,FMDBL,607.9,612,585,599,43180,25923764.6
2023-06-15,FMDBL,600,606,584,599,18577,11049753.4
2023-06-18,FMDBL,600,650.7,600,650,48581,30177774.2
2023-06-19,FMDBL,640,645,622,629.4,22456,14177179.8
2023-06-20,FMDBL,625.2,654.7,605,615,33515,21297522.9
2023-06-21,FMDBL,620,632.4,610,619,28353,17570958.9
2023-06-22,FMDBL,617,640,613,621,23040,14389112.4
2023-06-25,FMDBL,625,660,622,656,59958,38748468.8
2023-06-26,FMDBL,656.1,709,656.1,696.6,51116,34861118.5
2023-06-27,FMDBL,702,766.2,697,764.9,146747,109044666
2023-06-28,FMDBL,780.1,781,724,724,228920,167505809
2023-07-02,FMDBL,730,730,701,701,62208,44332514.6
2023-07-03,FMDBL,699.9,717,680.1,715,60702,42616887.6
2023-07-04,FMDBL,729,745,690.9,714,40690,29003611.4
2023-07-05,FMDBL,703.5,713,688.1,690.1,24255,16847142.8
2023-07-06,FMDBL,680,696,677,686.1,34493,23612764.7
2023-07-09,FMDBL,685,719,685,719,33977,23745314.2
2023-07-10,FMDBL,715,734,711,721.5,53427,38750318.2
2023-07-11,FMDBL,719,731,714,719,27752,20048576.6
2023-07-12,FMDBL,733,743.9,723,741.1,63843,46886458.1
2023-07-13,FMDBL,743,774,736,750,69336,52067594.2
2023-07-16,FMDBL,755,755,735,736.3,26621,19731806.2
2023-07-17,FMDBL,744,753,732,752,30221,22511725.8
2023-07-18,FMDBL,755,769.8,746,758,60228,45585148.3
2023-07-19,FMDBL,760,770,739.3,739.3,115793,86784591.7
2023-07-20,FMDBL,750,750,728.7,729,20531,15108584.8
2023-07-23,FMDBL,717,750,717,745,17676,13077954.8
2023-07-24,FMDBL,759.9,759.9,722,722,22334,16374586.7
2023-07-25,FMDBL,722,729.9,707.6,708,16417,11738463.1
2023-07-26,FMDBL,709,719,705,710,8684,6194287.8
2023-07-27,FMDBL,705.4,711,694,695,20845,14629707.2
2023-07-30,FMDBL,697,708.9,684,684,16230,11223030.4
2023-07-31,FMDBL,671,685,657,669.1,52903,35431455
2023-08-01,FMDBL,672,678,652,657,13159,8709632.5
2023-08-02,FMDBL,650,657,645,649,7397,4809917.8
2023-08-03,FMDBL,661,669.9,654,667,13088,8686476.7
2023-08-06,FMDBL,668.1,671,640,642.7,15606,10122494.3
2023-08-07,FMDBL,645,668.1,633,646.1,4910,3204813.4
2023-08-08,FMDBL,647,654,627.2,636,14789,9408859.4
2023-08-09,FMDBL,638,689,626.1,689,21387,14069391.2
2023-08-10,FMDBL,675.3,700,657,693,25283,17155140.8
2023-08-13,FMDBL,699.9,700,677,682,10419,7096908
2023-08-14,FMDBL,694.9,695,654.2,661,17898,11898805.8
2023-08-15,FMDBL,663,670,651,651,7838,5145820
2023-08-16,FMDBL,652,663,645,650,5584,3627504
2023-08-17,FMDBL,650,675,648.1,664,23987,15859500.9
2023-08-20,FMDBL,664,664,648.2,652,20304,13297462.2
2023-08-21,FMDBL,644.2,663.9,644.2,645,9212,5993537
2023-08-22,FMDBL,645,657,644,656,6686,4363312.2
2023-08-23,FMDBL,652.2,669.9,652.2,667,13508,8983337
2023-08-24,FMDBL,663.1,674.5,652,655,11686,7699424.8
2023-08-27,FMDBL,660,660,642.2,647.9,5130,3302927.8
2023-08-28,FMDBL,640.1,651.1,640.1,648.9,10869,7026555.8
2023-08-29,FMDBL,640,655,640,652,15112,9808199.6
2023-08-30,FMDBL,655,660.1,644,650,10893,7097477.7
2023-09-03,FMDBL,646,650,635.1,635.1,5393,3449059.8
2023-09-04,FMDBL,645,645,632.7,640,7810,4965546
2023-09-05,FMDBL,645,645,632.1,635,4002,2540613.1
2023-09-07,FMDBL,644,644,625.6,625.6,5888,3698970.9
2023-09-10,FMDBL,636,638.1,629.1,629.1,4448,2812192.5
2023-09-11,FMDBL,623,654,620,651.9,14247,9218959.8
2023-09-12,FMDBL,638.9,664,633,635.1,14363,9223528.5
2023-09-13,FMDBL,640,658.9,635.1,658.9,8155,5312019.6
2023-09-17,FMDBL,647,650,640.2,644,10316,6637378.9
2023-09-18,FMDBL,632,656.8,632,650,3649,2359475.9
2023-09-19,FMDBL,649,660,640.1,650,8214,5307563
2023-09-21,FMDBL,663,676.2,655,662.4,19672,13092298.9
2023-09-24,FMDBL,655.1,683,655.1,670,25464,17124779.4
2023-09-25,FMDBL,661,674.2,661,664,11814,7861639.8
2023-09-26,FMDBL,650.8,703,650.8,678.3,26248,17826634.7
2023-09-27,FMDBL,664.8,678,664.8,665.1,20759,13905048.8
2023-10-01,FMDBL,653,666,650,654,15488,10137478.7
2023-10-02,FMDBL,657,663.9,645.1,661.8,8397,5484982.1
2023-10-03,FMDBL,650,660,649,649,10730,7005536.3
2023-10-04,FMDBL,660,672,650,652,5341,3507849.6
2023-10-05,FMDBL,644.5,653,644,647.1,4817,3125245.2
2023-10-08,FMDBL,645,648,634,636,17012,10862229.7
2023-10-09,FMDBL,636,640.6,631,633,7827,4961748.9
2023-10-10,FMDBL,633,635,627.3,635,6703,4219158
2023-10-11,FMDBL,636,648,635,638,9429,6053229.2
2023-10-12,FMDBL,640,643,626.1,633,14822,9393325.6
2023-10-16,FMDBL,635,635,622,622,11466,7191791.1
2023-10-17,FMDBL,634,635,627,629.4,10375,6545296
2023-10-18,FMDBL,623,651.7,623,651.7,9973,6367571.3
2023-10-19,FMDBL,640.5,651,630.1,651,22053,14122667.3
2023-10-29,FMDBL,638.2,638.3,627,633,4460,2813850
2023-10-30,FMDBL,630,641,625,641,5871,3698104.5
2023-10-31,FMDBL,635,636,628.2,629,2928,1845448.9
2023-11-01,FMDBL,630,630.2,623,625.1,4086,2559102.2
2023-11-02,FMDBL,624,624,615,619.4,5691,3518330.5
2023-11-05,FMDBL,607.1,609.7,600,605.1,9507,5762897.4
2023-11-06,FMDBL,601,616,600,608,10743,6551696.9
2023-11-07,FMDBL,620,620,605,605.2,4768,2900855.7
2023-11-08,FMDBL,617,617,603,603,2761,1672802.6
2023-11-09,FMDBL,615,615,588.2,611,8691,5166928.6
2023-11-20,FMDBL,611,611,580,600,14266,8422330
2023-11-21,FMDBL,595,595,565,573.1,9153,5256026.8
2023-11-22,FMDBL,562,584,562,582,3377,1953915.9
2023-11-23,FMDBL,583.8,590,561.1,570,8612,4956325
2023-11-26,FMDBL,570,587,570,584.9,4864,2822919.6
2023-11-27,FMDBL,584,590.9,575,585,2271,1319904.9
2023-11-28,FMDBL,585,585,575,575.1,3088,1787505.7
2023-11-29,FMDBL,575,588,575,575,5169,3004023.3
2023-11-30,FMDBL,575,598,570.2,571,17665,10251541.2
2023-12-03,FMDBL,570.2,580,565.1,572,4861,2778360.3
2023-12-04,FMDBL,565.1,591,565,591,6313,3645799.1
2023-12-05,FMDBL,597,597,574,574,4110,2368872.2
2023-12-06,FMDBL,570,585.4,567.1,585,4709,2724896.9
2023-12-07,FMDBL,586,592.4,580,580,8613,5036724
2023-12-10,FMDBL,591.6,622.2,591.6,622,1169,714476
2023-12-11,FMDBL,634.4,640,605,623,23464,14503188.8
2023-12-12,FMDBL,635,639,615,638.9,18146,11448780.8
2023-12-13,FMDBL,642.9,651,630,637,16137,10389475.6
2023-12-14,FMDBL,625,642.6,624.4,642.4,9972,6331924.3
2023-12-17,FMDBL,629.6,657,629.6,657,19939,12914864.5
2023-12-18,FMDBL,668,703.8,657,693,41999,28624199.8
2023-12-19,FMDBL,685.5,706.7,680.1,700,17307,11993327.2
2023-12-20,FMDBL,705,707,680,688,24901,17328598.5
2023-12-21,FMDBL,675,694,664,666,24831,16745655.6
2023-12-24,FMDBL,679,688,657,660,22488,15171642.1
2023-12-27,FMDBL,670,677,665,669,28742,19261590.5
2023-12-28,FMDBL,634,634.7,608.2,611.7,12146,7485731.6
2024-01-01,FMDBL,611,623,608,608,10218,6301889.5
2024-01-02,FMDBL,608,617.9,603,605,3456,2107880.6
2024-01-03,FMDBL,615,620,591,610,13269,8028717.7
2024-01-04,FMDBL,615,615,598,599,7248,4379096.2
2024-01-07,FMDBL,599,613,590,605,39865,24014638.3
2024-01-08,FMDBL,596,627,595.2,619,35765,21813603.3
2024-01-09,FMDBL,623,638.9,619,631.8,19872,12538401.9
2024-01-10,FMDBL,643,656.8,629.2,640,30788,19927671.1
2024-01-11,FMDBL,648.9,648.9,633.3,644,14446,9203931.6
2024-01-14,FMDBL,650,665,648,665,29924,19607324.8
2024-01-16,FMDBL,671,684.9,666,679,24956,16906527.4
2024-01-17,FMDBL,680,685,662,663,47981,32314888.1
2024-01-18,FMDBL,649.8,662,645.2,652,16902,11028966.2
2024-01-21,FMDBL,652,655,638,639,22750,14649742
2024-01-22,FMDBL,643.9,643.9,622.2,632.9,16452,10356795.5
2024-01-23,FMDBL,633,645,625.5,637,6856,4326019.5
2024-01-24,FMDBL,638,647,625,630,5643,3552656.8
2024-01-25,FMDBL,626.2,633,617.5,620,17136,10644381.2
2024-01-28,FMDBL,615,639.8,611.1,635,25498,15684842.6
2024-01-29,FMDBL,637,644,630,636,7664,4857344.6
2024-01-30,FMDBL,646.5,646.5,625,634,7686,4841058.5
2024-01-31,FMDBL,630,630,615,623.9,9755,6043351.1
2024-02-01,FMDBL,612.5,619.9,610,619.9,8570,5253807.3
2024-02-04,FMDBL,610,627,608.1,619.9,6214,3846889
2024-02-05,FMDBL,620,622,615.3,618,13940,8638130.5
2024-02-06,FMDBL,630.3,641.9,617,621,10387,6428709.7
2024-02-07,FMDBL,628,630,617.1,630,4679,2908146.3
2024-02-08,FMDBL,621.1,629,617.5,627.5,1812,1125018.1
2024-02-11,FMDBL,640,640,615.4,621,4051,2508941.5
2024-02-12,FMDBL,628.5,630,619.3,625,6142,3822768.2
2024-02-13,FMDBL,617,619,606,612,12003,7323841.8
2024-02-14,FMDBL,622.9,622.9,602.1,611,4705,2870920.6
2024-02-15,FMDBL,610.9,610.9,603.9,608,3726,2257560.3
2024-02-18,FMDBL,617.9,617.9,600,606,6286,3789890.2
2024-02-20,FMDBL,606,612,600,610,4760,2867515.6
2024-02-21,FMDBL,606,610,603,607.9,4194,2540057.8
2024-02-22,FMDBL,605,608,582,585,16351,9746526.3
2024-02-25,FMDBL,585,591,580,588,14791,8684584.5
2024-02-26,FMDBL,599,599,574,581,7452,4305826.1
2024-02-27,FMDBL,592.5,592.5,580.7,588.9,3393,1998457.5
2024-02-28,FMDBL,598.9,598.9,580,580,3032,1764896.2
2024-02-29,FMDBL,585,585,570,580,11839,6813183.3
2024-03-03,FMDBL,582,582,565,569.9,7197,4097191.1
2024-03-04,FMDBL,581,616,581,616,410,244020
2024-03-05,FMDBL,616,616,583,593,11805,6994474.4
2024-03-06,FMDBL,597,599,577,597.9,7441,4390497.6
2024-03-07,FMDBL,607,607,587,590,4781,2823900.1
2024-03-10,FMDBL,600,619,590,612,29794,18181974.8
2024-03-12,FMDBL,621,652,612,638,28749,18118981.6
2024-03-13,FMDBL,650.7,650.7,628,634,16276,10364104
2024-03-14,FMDBL,630,633.5,610,612,11272,6946935.9
2024-03-17,FMDBL,612.6,636,610,613,11946,7346319.5
2024-03-18,FMDBL,613,622,608,614,6545,4003208.2
2024-03-19,FMDBL,620,638,615,620,24509,15341290.5
2024-03-20,FMDBL,631.9,649,622,639.7,113516,72703672.5
2024-03-21,FMDBL,652,663,627.2,627.4,60663,39037996.3
2024-03-25,FMDBL,625,625,608,614,18627,11471067.4
2024-03-26,FMDBL,626,626,613,614,10558,6499649.4
2024-03-27,FMDBL,626.2,626.2,608,612.9,11102,6793109
2024-03-28,FMDBL,610,616,606,610,10109,6165012.5
2024-03-31,FMDBL,605.3,610,598.2,601,14809,8930113.9
2024-04-01,FMDBL,610,612,593.2,602.9,7501,4510567.9
2024-04-02,FMDBL,605,619.9,602,612,11143,6816543.4
2024-04-03,FMDBL,603.1,623,603.1,618.9,16357,10094518.8
2024-04-04,FMDBL,629.9,647,617,642,82306,52440039.8
2024-04-07,FMDBL,653,654,633,640.9,50183,32142065.7
2024-04-09,FMDBL,641,644,620.1,622.5,34913,21953221.1
2024-04-10,FMDBL,622.5,625,610.1,618.1,15522,9567167
2024-04-14,FMDBL,626,637,611.4,629,30285,18960384.9
2024-04-15,FMDBL,633.9,634,612.8,616,32089,19891925.8
2024-04-16,FMDBL,610,617.6,609,610,23918,14630073.4
2024-04-18,FMDBL,601.1,609,601.1,606.9,14440,8725592.5
2024-04-21,FMDBL,600,614.4,600,614,5374,3240155.1
2024-04-22,FMDBL,611,614,604,604.5,18278,11113194.4
2024-04-24,FMDBL,604,612.9,598,600.1,6146,3700895.3
2024-04-25,FMDBL,603.1,606.4,596.2,598,4897,2943088.4
2024-04-28,FMDBL,598,616.9,594.3,610,14715,8879991
2024-04-29,FMDBL,618,618,600,610,13621,8260528.2
2024-04-30,FMDBL,622,622,600.5,616,22582,13866128
2024-05-02,FMDBL,619.1,649,619.1,634,93081,59343340.6
2024-05-05,FMDBL,634,658,631,638,104846,67821174.9
2024-05-06,FMDBL,632,634.8,620,627,26429,16569754
2024-05-07,FMDBL,631.9,650,627.4,644,45352,29168654.9
2024-05-08,FMDBL,650,678.4,641,678,158497,106028781.3
2024-05-09,FMDBL,691.5,697,671.3,672.1,140953,96642270.5
2024-05-12,FMDBL,672.1,672.1,652,654.9,61273,40467102
2024-05-13,FMDBL,667.9,667.9,646,656,47170,30775218.5
2024-05-14,FMDBL,669.1,680,656,666,68493,45963309.8
2024-05-15,FMDBL,662,676,650.1,655,55301,36550090.8
2024-05-16,FMDBL,655,684.5,655,670.1,76056,51124578.5
2024-05-19,FMDBL,670.1,695,662,695,170198,116851897
2024-05-20,FMDBL,700,728.2,686,710,190684,134895384.4
2024-05-21,FMDBL,695.8,725,695.8,725,133758,95947858.3
2024-05-22,FMDBL,710.5,749,710.5,732,240314,175336122.6
2024-05-26,FMDBL,717.4,746.3,704,723,206412,148184097.8
2024-05-27,FMDBL,708.6,727,708.6,724,50223,36044146.1
2024-05-29,FMDBL,724,729,690,700,82695,58159642.9
2024-05-30,FMDBL,686,700,676.2,678,66264,45405123
2024-06-02,FMDBL,678,744,665.1,705,202122,140717442.6
2024-06-03,FMDBL,690.9,706,680,691,76902,53273798.2
2024-06-04,FMDBL,703.5,703.5,685.5,688,71892,49912179
2024-06-05,FMDBL,693,693,680,685,35053,23979746.5
2024-06-06,FMDBL,685.9,696.4,677.2,677.2,46082,31604706.1
2024-06-09,FMDBL,689,691,670,670.1,61280,41455316.4
2024-06-10,FMDBL,680,680,663,663,49127,32861891.8
2024-06-11,FMDBL,670.1,687,670,681,44637,30384056.7
2024-06-12,FMDBL,692,692,679,680.1,29455,20100437.7
2024-06-13,FMDBL,680,690.9,676,677,35134,23963525.8
2024-06-16,FMDBL,690,690,666,667,26916,18142090.5
2024-06-18,FMDBL,654,673,654,662,26882,17868886.7
2024-06-19,FMDBL,675.2,683,664,668,17824,11896906
2024-06-20,FMDBL,681.3,681.3,662,663,15417,10262924.1
2024-06-23,FMDBL,676.2,676.2,660.2,660.2,18447,12225726.6
2024-06-24,FMDBL,667,677.9,660,662,25073,16767910
2024-06-25,FMDBL,671,680,664,674,21789,14630500.7
2024-06-26,FMDBL,686.9,686.9,662.7,662.7,38139,25842144.8
2024-06-27,FMDBL,663,665,655,656,16864,11098886.3
2024-06-30,FMDBL,656.5,667,650,650.1,47284,31320780.8
2024-07-01,FMDBL,660,660,652,660,18606,12197308.1
2024-07-02,FMDBL,673.2,699,664,668,18608,12479911.2
2024-07-03,FMDBL,676,676,660,663,14698,9735368
2024-07-04,FMDBL,665,677,665,672,27194,18235935.1
2024-07-07,FMDBL,680,680,670,670.1,28571,19295301.5
2024-07-08,FMDBL,666,683.5,666,677,26449,17905456.1
2024-07-09,FMDBL,676,695,670,695,58358,39921916.2
2024-07-10,FMDBL,695,706,695,699,84438,59054611.3
2024-07-11,FMDBL,712,712,688,694,66858,46504138.3
2024-07-14,FMDBL,707.8,711,690,694,60226,41928923.6
2024-07-15,FMDBL,707,707,680,681,46011,31693929.7
2024-07-16,FMDBL,693,703,680.2,702.9,35658,24795720.9
2024-07-17,FMDBL,716,720,695,714.5,64938,45890584.9
2024-07-18,FMDBL,719.3,745,719.3,739,143311,105301889.2
2024-07-21,FMDBL,739,802,739,793,304639,233408356.6
2024-07-22,FMDBL,800,806,786,794.1,144762,115294061.9
2024-07-23,FMDBL,792,816,785,815.9,135418,108831827
2024-07-24,FMDBL,820,828,792,819.9,189394,153262924.1
2024-07-25,FMDBL,820,882,809,879.8,278293,235913416.1
2024-07-28,FMDBL,897.3,932.2,844.8,861,122132,105683780.2
2024-07-29,FMDBL,878.2,878.2,821,845,165854,138863817.2
2024-07-30,FMDBL,850,875,825.2,859,120043,102143587.8
2024-07-31,FMDBL,875,944,848,944,165671,144559800.4
2024-08-01,FMDBL,925.2,960,889.9,929,186207,172227864.6
2024-08-05,FMDBL,947.5,1004,896,985,163400,149297668.1
2024-08-06,FMDBL,965.3,969,888.1,918,185535,168687574.7
2024-08-07,FMDBL,917,934,870,917.3,136073,124112744.5
2024-08-08,FMDBL,935.6,935.6,898,912,131473,119097342.7
2024-08-11,FMDBL,930.2,930.2,907,911,106948,97900510.9
2024-08-12,FMDBL,920,920,891.3,910,129005,116460698.6
2024-08-13,FMDBL,910,910,875,880,66189,58789284.8
2024-08-14,FMDBL,870.1,885,860,872,72828,63602016.4
2024-08-15,FMDBL,880,906,864,880,109693,96360390.2
2024-08-18,FMDBL,897.6,897.9,863.4,865,91028,80245000.1
2024-08-21,FMDBL,882,882,850,850,59035,50717734.4
2024-08-22,FMDBL,867,867,840,842,80767,68506322.5
2024-08-25,FMDBL,858,885,832,851,110882,95654865.3
2024-08-27,FMDBL,865,868,805,820,80794,67393374.6
2024-08-28,FMDBL,836.4,853,793,801,42672,34701167.2
2024-08-29,FMDBL,795,810,780,786.2,45284,35775175.2
2024-09-01,FMDBL,798,798,775,777,37731,29563963.6
2024-09-02,FMDBL,787.9,820,772,815,54150,43508735.2
2024-09-03,FMDBL,831,840,795,818,33369,27226795.9
2024-09-04,FMDBL,810,825,780,787,44012,35048019.2
2024-09-05,FMDBL,775,802.7,765,785,40640,31766361
2024-09-08,FMDBL,800,810,784.1,784.5,33288,26557014.6
2024-09-09,FMDBL,787.1,796,755.5,758,36746,28215017.3
2024-09-10,FMDBL,773.1,775,750.8,755,27816,21205049.4
2024-09-11,FMDBL,768,768,745,745.3,25687,19378786.2
2024-09-12,FMDBL,750,805,750,790,27101,20678173.4
2024-09-15,FMDBL,802,802,752,759.9,29577,22900652.8
2024-09-16,FMDBL,744.8,774.7,712,715,41288,30207333.6
2024-09-18,FMDBL,716.1,740,715,719,22468,16227658.1
2024-09-22,FMDBL,733.3,756,718,725,19147,13938601.7
2024-09-23,FMDBL,725,735,700.1,704.9,20039,14184050
2024-09-24,FMDBL,700,706,691,692,20252,14146819.6
2024-09-25,FMDBL,693,735,687,735,20407,14408160.2
2024-09-26,FMDBL,738,738,704,724,11976,8573398.9
2024-09-29,FMDBL,709.6,731.3,709.6,717.2,11982,8595389.5
2024-09-30,FMDBL,730,735,715.7,735,19429,14075677.5
2024-10-01,FMDBL,735,764.6,723.5,759,45040,33861899.9
2024-10-02,FMDBL,764.2,785.4,733,783,51435,38799836.6
2024-10-06,FMDBL,769,784.9,752.6,777,17432,13494929
2024-10-07,FMDBL,775.1,824.4,775.1,824.4,24388,19296165.1
2024-10-08,FMDBL,840.8,840.8,779.1,782,41903,33056544.7
2024-10-09,FMDBL,769,797,767.1,797,7412,5796958.4
2024-10-15,FMDBL,783,800,780,799,9614,7563619.4
2024-10-16,FMDBL,790.1,815,790.1,815,38639,30937923.8
2024-10-17,FMDBL,800,816,793.8,795,24445,19642480.2
2024-10-20,FMDBL,780,795,771.2,775,18758,14669970.7
2024-10-21,FMDBL,775,775,751.4,754,12194,9247230.3
2024-10-22,FMDBL,756,764,750.2,758.1,6422,4864071.1
2024-10-23,FMDBL,755.1,780,755.1,758,8521,6547584.5
2024-10-24,FMDBL,758,772.7,747,750,7377,5554944
2024-10-27,FMDBL,750,760,735,744.9,9671,7198494.8
2024-10-28,FMDBL,754.9,755,747,754.6,6885,5185739.5
2024-10-29,FMDBL,754,774.9,754,770,9348,7162650.2
2024-10-30,FMDBL,779,784.7,770,771.2,17558,13629531.6
2024-11-05,FMDBL,773,775,765.5,772.9,5423,4185881.5
2024-11-06,FMDBL,759,785,759,770,6793,5255473
2024-11-10,FMDBL,771.1,804.7,759,804.7,31169,24409981.4
2024-11-11,FMDBL,818,869,789,869,92459,76435985.7
2024-11-12,FMDBL,851.7,851.7,827,849.9,40129,33746895.3
2024-11-13,FMDBL,866,866,817.5,827.9,24633,20267016.3
2024-11-14,FMDBL,817,837,816,832,32449,26722852.8
2024-11-17,FMDBL,844,856,820.1,835.9,102975,85321818.8
2024-11-19,FMDBL,852.6,852.6,802.9,803,28320,23068776.1
2024-11-20,FMDBL,787,816,787,793.1,14927,11937398.6
2024-11-21,FMDBL,783.3,798.7,770,772,29018,22589325.4
2024-11-24,FMDBL,785,791,770.2,775,11555,9006835.3
2024-11-25,FMDBL,790.5,790.5,771,772.3,7425,5773250.9
2024-11-26,FMDBL,772,787.7,772,785,10778,8422082.4
2024-11-27,FMDBL,800,816,791,810,35790,28828091.7
2024-11-28,FMDBL,822,825,805,805,29723,24131289.9
2024-12-01,FMDBL,790,798,780.1,788.3,11216,8868867
2024-12-02,FMDBL,792,803.8,781,782.1,12013,9489871.8
2024-12-03,FMDBL,782.1,792.5,780,783.9,10386,8160948.1
2024-12-04,FMDBL,784,807,784,804,36943,29587140.6
2024-12-05,FMDBL,789.1,813,789.1,797,67675,54406675.2
2024-12-08,FMDBL,732,751,731,738.2,33666,24829516.8
2024-12-09,FMDBL,738.2,760,735.3,739,25858,19291432.2
2024-12-10,FMDBL,748.9,748.9,724.3,745,21638,15923105.2
2024-12-11,FMDBL,745,788,732,762,47093,35392225.7
2024-12-12,FMDBL,774.2,799,762,770.1,80877,63370205.1
2024-12-16,FMDBL,785.5,785.5,745,749,20437,15500280.3
2024-12-17,FMDBL,738.2,804,738,770,31837,24382195.8
2024-12-18,FMDBL,784.9,832.3,770.1,796.6,92825,72838772.2
2024-12-19,FMDBL,796,796,770,777.8,37088,28837190.5
2024-12-22,FMDBL,784,784,751,751,17309,13148427
2024-12-23,FMDBL,736.6,774,736.6,767.7,52414,39991176.8
2024-12-24,FMDBL,754,776,754,762,13138,10066876
2024-12-26,FMDBL,755.1,770,750,756.3,11206,8487661.5
2024-12-29,FMDBL,748.2,765,748,760,19264,14555674.9
2024-12-31,FMDBL,751,751,726,739,19741,14475199.3
2025-01-01,FMDBL,732,744,726.2,732,11036,8088048.8
2025-01-02,FMDBL,725.1,734,720,734,9968,7230646.4
2025-01-05,FMDBL,740,740,724,731,18946,13848608.1
2025-01-06,FMDBL,743.9,743.9,734,743,18190,13451268.2
2025-01-07,FMDBL,743,750,732.9,734,12626,9325344.5
2025-01-08,FMDBL,748.6,770,748.6,752,37265,28201841.2
2025-01-09,FMDBL,745,748,735,740,16415,12173893.3
2025-01-12,FMDBL,752.2,752.2,737.3,740,7600,5622360.2
2025-01-13,FMDBL,738,738,731.2,735,7206,5287659.2
2025-01-15,FMDBL,739,740,730.1,731.5,10006,7343837.7
2025-01-16,FMDBL,740,740,722,725,6830,4954160
2025-01-19,FMDBL,720,734.9,712,724,9388,6762767.3
2025-01-20,FMDBL,730,733,720,723.9,5185,3769119
2025-01-21,FMDBL,720,726,715,715,5632,4044111.8
2025-01-22,FMDBL,715,740,715,725,10224,7470242.4
2025-01-23,FMDBL,732,735.8,721,725,7607,5503608
2025-01-26,FMDBL,724,733,715,720.1,12524,9044638
2025-01-27,FMDBL,712,730,712,721,24176,17547753.6
2025-01-28,FMDBL,732,735.4,721.6,724,11441,8318319.8
2025-02-02,FMDBL,734,758.7,732,755,37515,27977854.8
2025-02-03,FMDBL,765,770,745.1,746,24218,18284655.9
2025-02-04,FMDBL,741,764.5,741,754.9,57053,42919289.3
2025-02-05,FMDBL,759,789.4,750,788,69691,53524139.7
2025-02-06,FMDBL,792.7,798,770,792.1,46164,36440854.9
2025-02-09,FMDBL,792.1,805,781,804,73718,58133631.1
2025-02-10,FMDBL,804,820,790,808,72969,58569346.3
2025-02-11,FMDBL,808,819.9,798.4,816,87794,70967224.1
2025-02-12,FMDBL,819,830,805.1,808,56716,46239953.4
2025-02-13,FMDBL,814,816,805,810,60712,49342701.3
2025-02-16,FMDBL,826.2,830.7,805,827,179934,147179359.8
2025-02-17,FMDBL,830,856.8,825,848.5,131606,111440494.9
2025-02-18,FMDBL,865.4,865.4,825,830,87440,73404233.2
2025-02-20,FMDBL,830,832.9,805.8,807,49204,40108803.2
2025-02-23,FMDBL,791.1,825,776.1,808,99099,80271968.3
2025-02-24,FMDBL,823,831,808,817.5,66928,54402428.9
2025-02-25,FMDBL,833.8,833.8,805,805.1,40157,32532256.9
2025-02-27,FMDBL,821,840,805.1,809,49537,40192588.9
2025-03-02,FMDBL,792.9,824.7,792.9,824,80345,65207226
2025-03-03,FMDBL,829.2,840,790.1,810,64535,52542128.4
2025-03-04,FMDBL,805.1,820,805,810,39808,32233426.4
2025-03-05,FMDBL,826,826,801,812,78146,62945641.7
2025-03-06,FMDBL,818.6,893,807,850,316881,264721662.8
2025-03-09,FMDBL,860,860,805,820,115151,94071713.2
2025-03-10,FMDBL,810,852.7,802,807,172495,140503939.7
2025-03-11,FMDBL,810,822,795,800,47820,38568945
2025-03-12,FMDBL,805,813,800,803,26425,21275453.2
2025-03-16,FMDBL,795.1,808,785,791,42846,33893900.7
2025-03-17,FMDBL,789,800,778,793,74233,58509933.4
2025-03-18,FMDBL,789.3,799,789.3,789.4,32097,25385566.8
2025-03-19,FMDBL,773.7,813.9,773.7,782,27166,21271265
2025-03-20,FMDBL,787,787,772,780.82,30109,23346347.7
2025-03-23,FMDBL,780,784,744.8,745.91,32498,24611586.3
2025-03-24,FMDBL,746,775,738,759.32,13524,10246923.6
2025-03-25,FMDBL,746.8,755,735,737.32,19917,14763187.4
2025-03-26,FMDBL,749.9,752,737.1,748.16,13932,10365510.8
2025-03-27,FMDBL,740.1,776.9,740.1,770.29,52877,40309704.6
2025-03-30,FMDBL,775,792,756.1,778.85,28304,22087813.6
2025-04-01,FMDBL,790,799,765,772.77,25469,19782234.5
2025-04-02,FMDBL,785,803,761,774.51,24050,18595610.4
2025-04-03,FMDBL,785,785,761,773.63,56015,43269488.1
2025-04-07,FMDBL,785,785,749,753.7,21446,16212230.5
2025-04-08,FMDBL,741.1,770,740,763.06,23326,17538295.8
2025-04-09,FMDBL,760,774,760,762.63,11388,8709093.1
2025-04-10,FMDBL,763,773,761,768.86,9936,7606080.1
2025-04-13,FMDBL,769,770,753.6,760.71,18883,14354870.4
2025-04-15,FMDBL,750.1,778,750.1,768.12,7615,5859673.7
2025-04-16,FMDBL,777,783,761.4,771.34,24362,18799704.1
2025-04-17,FMDBL,771,781,761,772,15764,12193661.6
2025-04-20,FMDBL,766,780,760,761.06,10448,8007330.3
2025-04-21,FMDBL,755,771,750,762.45,8737,6648280.7
2025-04-22,FMDBL,762,770,757,762.75,5978,4545927.8
2025-04-23,FMDBL,768.9,771.9,751,752.54,16686,12693866.8
2025-04-24,FMDBL,755,755,739,749.2,20764,15520942.6
2025-04-27,FMDBL,740,760,735,743.64,17016,12694389.4
2025-04-28,FMDBL,741,750,735.6,739.92,19632,14534590.2
2025-04-29,FMDBL,739.92,744,735,737.97,9687,7149742
2025-04-30,FMDBL,725.3,745,725.3,728.87,17971,13122197
2025-05-04,FMDBL,740,740,718,718.72,13795,9972308.1
2025-05-05,FMDBL,728,747.6,720.3,724.73,7831,5679730.4
2025-05-06,FMDBL,730,770,720.5,750.27,33183,24520936.2
2025-05-07,FMDBL,755,765.2,755,765,18165,13809567.2
2025-05-08,FMDBL,752,767,750,752.46,19606,14792945.1
2025-05-11,FMDBL,750,755,743.1,747.28,15365,11506206.6
2025-05-13,FMDBL,750,762.2,734.1,736.88,14118,10499958.1
2025-05-14,FMDBL,730.3,745,730.1,730.67,13672,10075809.5
2025-05-15,FMDBL,741,752,730.3,734,9801,7210232.4
2025-05-18,FMDBL,731.5,770,731,744.56,26346,19691422.5
2025-05-19,FMDBL,745,759,745,750.52,12625,9497437.5
2025-05-20,FMDBL,740,764,736,760.74,8292,6273157.4
2025-05-21,FMDBL,771,790,752,754.09,10661,8119937.9
2025-05-22,FMDBL,755.2,778,755.2,767.59,32636,25043464
2025-05-25,FMDBL,778,782.1,760.1,770.21,36459,28232172.7
2025-05-26,FMDBL,780,784,765,766.26,24343,18673236.3
2025-05-27,FMDBL,754,764,754,757.29,6265,4750872.9
2025-05-28,FMDBL,754,755,750,751.53,17047,12813842.2
2025-06-02,FMDBL,766.5,780,742.1,747.19,10909,8208289.5
2025-06-03,FMDBL,757,757,737.1,738.04,15162,11222580.2
2025-06-04,FMDBL,748,750,730,731.04,15325,11232523
2025-06-05,FMDBL,730,745,730,730.15,16604,12186365.8
2025-06-08,FMDBL,730.15,745,728.2,739.58,19381,14225647.7
2025-06-09,FMDBL,754.3,754.3,732.1,737.59,5215,3850589.7
2025-06-10,FMDBL,746,747,740,740.22,11648,8669911.7
2025-06-11,FMDBL,735.2,746,735,739.74,13621,10034306.4
2025-06-12,FMDBL,740,747.9,735.2,743.36,22158,16441009.1
2025-06-15,FMDBL,736,743,734,741.93,12858,9500584.3
2025-06-16,FMDBL,740,740,732,736.15,12898,9506215.1
2025-06-17,FMDBL,737,773,731,763.39,87603,66703208.7
2025-06-18,FMDBL,771.1,772,756,756.23,20225,15435486.2
2025-06-19,FMDBL,751,758,743,744.49,28265,21076351.5
2025-06-22,FMDBL,731.4,741,731.3,732.04,12670,9299680.5
2025-06-23,FMDBL,735.1,741,730.3,735.78,10799,7928656.2
2025-06-24,FMDBL,740,750,735,735.36,9868,7318443.7
2025-06-25,FMDBL,731.5,744.9,730.4,740.04,6203,4556359.4
2025-06-26,FMDBL,745,745,731,738.58,7620,5587677.6
2025-06-29,FMDBL,733,744.4,732,743.21,6931,5122227.2
2025-06-30,FMDBL,743.21,750,732,734.89,15136,11186826.3
2025-07-01,FMDBL,745,760,738,759,18531,13893417.6
2025-07-02,FMDBL,766.9,768,755,757.95,19469,14821572
2025-07-03,FMDBL,751,761,750,751.79,15910,12008338.6
2025-07-06,FMDBL,755,758,749.1,755,17323,13059520
2025-07-07,FMDBL,749.1,761,749.1,751.99,16759,12616191.5
2025-07-08,FMDBL,750,756,750,754.18,10911,8216710
2025-07-09,FMDBL,752,758,750.5,754.43,10048,7571051.4
2025-07-10,FMDBL,765,765.7,755,764.65,27362,20853472.5
2025-07-13,FMDBL,779.9,794.5,769,776.9,36631,28499973.2
2025-07-14,FMDBL,775.1,775.1,750,755.7,26434,20176444
2025-07-15,FMDBL,740.6,824,740.6,794.22,129816,101795798.2
2025-07-16,FMDBL,794,811,794,799.08,183687,147067996
2025-07-17,FMDBL,815,850.6,802,827.55,146596,120695305.5
2025-07-20,FMDBL,839,893.5,814,872.65,500151,433541780.1
2025-07-21,FMDBL,872,958,870,951.14,563412,517191161.3
2025-07-22,FMDBL,950,1020,950,989.11,334269,333428754
2025-07-23,FMDBL,995,995,950.8,970.46,403643,388966552.3
2025-07-24,FMDBL,971,990.4,963,987.68,289719,282126223.9
2025-07-27,FMDBL,995,1025,972,989.48,322122,321803948
2025-07-28,FMDBL,981,1000,965,985.43,198920,195251768.4
2025-07-29,FMDBL,995,1038.8,986.2,1010.97,364075,367531310.3
2025-07-30,FMDBL,1005,1020,970.2,975.14,200441,199027582.6
2025-07-31,FMDBL,978,990.1,956,962.18,162386,157867387.9
2025-08-03,FMDBL,962,974,943,947.91,150890,144817740.6
2025-08-04,FMDBL,966,971,935,958.42,97980,93810893.5
2025-08-05,FMDBL,970,970,938.1,945.09,102536,97614379.8
2025-08-06,FMDBL,945,952,925,928.01,123210,115420412.9
2025-08-07,FMDBL,921,942.9,920,921.86,84272,78450709.1
2025-08-11,FMDBL,928,928,884,902.62,205708,185958139.1
2025-08-12,FMDBL,920.6,920.6,891,891.89,63014,56831552.1
2025-08-13,FMDBL,900,914.8,890,893.26,51310,46187926.4
2025-08-14,FMDBL,911,911,880.1,887.13,56779,50473534.9
2025-08-17,FMDBL,885,910,880.1,886.35,70488,63141533.6
2025-08-18,FMDBL,900,909,890,895.09,90569,81416815.5
2025-08-19,FMDBL,900,910,887,890.73,33395,29975768.7
2025-08-20,FMDBL,890,895,880,884.7,41811,37093231.3
2025-08-21,FMDBL,877,892,866,870.69,38423,33758894.7
2025-08-24,FMDBL,870,880,862.2,864.21,27569,23968267
2025-08-25,FMDBL,881.4,897.6,863,866.09,40346,35192343.2
2025-08-26,FMDBL,870,880,848,875.17,70977,61572862.7
2025-08-27,FMDBL,876,902,870,897.97,99951,88957502.9
2025-08-28,FMDBL,900,912,883,888.49,90750,81688671.3
2025-08-31,FMDBL,881,896,864,870.76,46515,40696407.6
2025-09-01,FMDBL,870,874.6,857,866.62,26545,23006738.5
2025-09-02,FMDBL,860.7,875,855.1,856.46,21812,18761042.3
2025-09-03,FMDBL,850.5,869,841.1,842.32,28942,24531856.7
2025-09-04,FMDBL,835.7,855,835.7,842.81,29503,24878834
2025-09-07,FMDBL,835,855,835,835.64,32611,27376064.6
2025-09-08,FMDBL,836,843,820.1,823.74,27402,22657164.2
2025-09-18,FMDBL,807.3,807.3,762,777,4446,3450426
2025-09-21,FMDBL,761.5,836.4,761.5,818.21,67376,54343238.7
2025-09-23,FMDBL,832,900,820.2,865,62194,53321775.2
2025-09-24,FMDBL,850,866.9,837,838,35437,30049074.8
2025-09-25,FMDBL,833,842,828,830,21819,18225152.6
2025-09-28,FMDBL,846.6,846.6,827,836.5,11749,9755845
2025-10-07,FMDBL,837,902,815,829.9,64705,53508668.2
2025-10-08,FMDBL,818.4,820,780,784,36502,28955504.9
2025-10-09,FMDBL,799.6,831,790,803,46482,37346977.9
2025-10-12,FMDBL,812,812,750.2,787,48495,37384010.9
2025-10-13,FMDBL,772,802,772,795,52113,41323989.9
2025-10-14,FMDBL,805,807,772.3,779,14564,11387723.2
2025-10-15,FMDBL,789,789,750.1,769,41499,31640178.9
2025-10-16,FMDBL,784,784,744,765,21646,16313330.9
2025-10-19,FMDBL,755,776,750.1,759,14034,10616490.2
2025-10-26,FMDBL,744.7,778,744.3,775,13075,9944505.1
2025-10-28,FMDBL,788.9,845.3,782,837.9,113505,93804900.7
2025-10-29,FMDBL,849,894,830,830.1,208563,178222030.6
2025-10-30,FMDBL,813.5,896,813.5,885,120868,104664820.1
2025-11-02,FMDBL,899,956,870,886,112430,99925455.2
2025-11-03,FMDBL,871,894,863.1,870,64205,55998743.6
2025-11-04,FMDBL,857.1,957,857,950,104330,90832844.9
2025-11-05,FMDBL,931,931,860,878.9,100770,88023244.1
2025-11-06,FMDBL,862,941,854.1,855.1,109099,94756129.8
2025-11-09,FMDBL,841.1,850,825,826,36453,30334786.9
2025-11-10,FMDBL,838,841,811,829,25400,20943387.3
2025-11-11,FMDBL,839.1,840,816.3,835,19210,15852245
2025-11-12,FMDBL,835,839,805.9,838.5,28138,23178874.5
2025-11-13,FMDBL,821.9,838,821.9,828,13209,10919048
2025-11-16,FMDBL,844.5,844.5,815,831,17326,14277771.2
2025-11-17,FMDBL,829,836.9,820.2,829.9,13664,11310622.7
2025-11-18,FMDBL,825,852,825,838,31533,26521521.8
2025-11-19,FMDBL,830,838,818.2,824,16740,13775123.2
2025-11-20,FMDBL,814.7,829.9,814.7,814.7,21822,17915471.8
2025-11-23,FMDBL,830,852,828,842.3,42443,35781977.5
2025-11-24,FMDBL,855.9,859.1,845.2,855.1,26889,22957276.1
2025-11-25,FMDBL,852,855,840,849,26756,22698928
2025-11-26,FMDBL,842,933,835,925,94785,81231762.8
2025-11-27,FMDBL,906.5,906.5,850,853,87419,75384295.3
2025-11-30,FMDBL,850,851,829,830,44023,36917588
2025-12-01,FMDBL,834.9,839,820.1,831,15905,13270280.8
2025-12-02,FMDBL,826.3,840,826.3,830.5,10038,8370994.6
2025-12-03,FMDBL,836.5,840,815,824,33265,27420255.7
2025-12-07,FMDBL,818,818,813,815,22447,18295865.4
2025-12-08,FMDBL,815,819.9,799.2,800,34537,27851928.8
2025-12-09,FMDBL,809,814.7,800,802,16729,13454478.2
2025-12-10,FMDBL,786,809.8,786,804,12570,10117766.6
2025-12-11,FMDBL,800,800,787,790,21522,17063201.8
2025-12-14,FMDBL,780,800,780,784.9,22058,17337966.2
2025-12-15,FMDBL,776.2,793,776.2,790.1,13848,10934275.6
2025-12-16,FMDBL,775,799.9,775,791.1,12260,9740212.8
2025-12-17,FMDBL,803,803.9,790.5,790.5,16537,13168847.3
2025-12-18,FMDBL,790,795,779,780,16646,13034666.9
2025-12-21,FMDBL,772,785,765,765,21785,16812016.7
2025-12-22,FMDBL,770,777,767.2,771.4,12114,9363895.2
2025-12-23,FMDBL,771.1,785,762.2,770,15185,11707623.8
2025-12-24,FMDBL,779,781,767.2,778,9293,7198971.1
2025-12-28,FMDBL,785,795,776.4,791,18023,14241614.8
2025-12-29,FMDBL,790,795.9,782.6,782.6,11126,8742096.9
2025-12-31,FMDBL,780.1,789.8,776,779.9,9746,7617985.8
2026-01-01,FMDBL,779,779.9,770,770.1,11624,8980619.7
2026-01-04,FMDBL,775,779.8,761.1,763.4,12669,9688668.2
2026-01-05,FMDBL,765.2,785,765.2,780,28469,22145728.3
2026-01-06,FMDBL,785,795,780.1,788.6,19772,15552762.2
2026-01-07,FMDBL,785,836,784,815,80619,65941807.7
2026-01-08,FMDBL,805.1,819,798,803,57214,46040412.9
2026-01-12,FMDBL,795,809,790.5,793,24866,19785357.5
2026-01-13,FMDBL,799.8,800,788,795,20932,16561675.3
2026-01-14,FMDBL,795,812,795,801.1,26587,21351968.2
2026-01-18,FMDBL,811,822.6,800.7,809.7,25747,20806926.7
2026-01-20,FMDBL,823.9,845,812,828,59340,49411444.9
2026-01-21,FMDBL,843.5,843.9,825,835,76946,64167223.6
2026-01-22,FMDBL,827.7,837,815.5,816.1,41537,34227347.1
2026-01-25,FMDBL,820,852,820,843.5,49375,41524056.8
2026-01-26,FMDBL,860.3,860.3,830,840,65782,55519062.6
2026-01-27,FMDBL,830.1,849.9,815.2,824,43707,36355930.7
2026-01-28,FMDBL,823,825,812,823.3,32493,26579411.7
2026-01-29,FMDBL,812.1,828.9,805,815,33067,26971445.6
2026-02-01,FMDBL,807,818,796,800,24862,20045005.3
2026-02-02,FMDBL,813.5,816,798,802,18417,14833332.4
2026-02-03,FMDBL,786,814.9,786,800,16305,13047336.4
2026-02-04,FMDBL,784,814.9,784,792.9,14639,11620896.1
2026-02-05,FMDBL,793.4,809.7,793.4,800,29281,23443084.8
2026-02-08,FMDBL,816,816,794,794,25242,20226379.3
2026-02-09,FMDBL,787,798,785,787,22152,17488164
2026-02-10,FMDBL,799,799,784,789,13878,10948033
2026-02-11,FMDBL,804.7,818,780,780,17845,13992689.6
2026-02-12,FMDBL,780,803.9,775,789,33955,26702179.4
2026-02-16,FMDBL,790,799.9,785,786.3,17896,14142385.2
2026-02-17,FMDBL,782.1,785,778,779,25629,20022749.9
2026-02-22,FMDBL,773,779,768,774,19011,14661804.4
2026-02-23,FMDBL,768.4,781,768.4,776.4,24081,18741561
2026-02-24,FMDBL,786,807.9,778,798.5,33599,26777134.5
2026-02-25,FMDBL,799,809,792.1,798.9,39083,31038549.7
2026-02-26,FMDBL,789,804,789,794,13990,11132835.5
2026-03-01,FMDBL,789.1,799.5,789,795,8414,6683114.9
2026-03-03,FMDBL,795,809,795,801,8852,7105925
2026-03-09,FMDBL,817,881,817,880,7785,6726380
2026-03-10,FMDBL,880,880,825,844.4,75234,63097205.1
2026-03-11,FMDBL,830.3,842,821,821,30017,24896453.7
2026-03-12,FMDBL,812.1,837.4,812.1,830,21443,17725069.6
2026-03-15,FMDBL,825,837.9,820.5,823,21381,17666074.3
2026-03-16,FMDBL,825,830,810.1,815,36468,29779411.1
2026-03-17,FMDBL,802.1,820,802.1,816,23977,19475246
2026-03-19,FMDBL,817,842,817,842,72283,60015732.6
2026-03-22,FMDBL,858.8,902.7,842,893,196627,172495867.9
2026-03-23,FMDBL,904.9,982,877,973,201402,181348614.6
2026-03-24,FMDBL,953.6,953.6,897.3,909.2,112190,102056336.2
2026-03-25,FMDBL,927,927,872,897,80449,70883110.5
2026-03-26,FMDBL,896,896,871.2,888.4,48277,42589934.8
2026-03-29,FMDBL,890,890,850,855,90804,78498625.8
2026-03-30,FMDBL,855,862,838,840,49775,42261626.3
2026-03-31,FMDBL,845,854,824,844,37184,31164837.4
2026-04-01,FMDBL,830.5,842,811,815,67708,55677537.9
2026-04-02,FMDBL,819,830,790.1,817,37321,30394143.1
2026-04-05,FMDBL,800.7,810,774.3,789,44369,35085975.7
2026-04-06,FMDBL,795,826,788.5,810,33616,27223586.1
2026-04-07,FMDBL,825.9,825.9,808,809,21297,17323555.4
2026-04-08,FMDBL,810,849,810,840,45129,37493177.7
2026-04-09,FMDBL,855,855,833,846,31463,26607707.8
2026-04-10,FMDBL,846,860,826.1,831.1,26883,22513470.7
2026-04-13,FMDBL,846.9,847,823,825.5,13495,11187196.7
2026-04-15,FMDBL,830,848,828,840,26925,22595611.2
2026-04-16,FMDBL,825,841.4,815.3,820,23621,19481241.8
2026-04-17,FMDBL,820.5,829,795,820,61220,49496862.8
2026-04-20,FMDBL,780.5,834.9,780.5,808.8,21891,17624705.3
2026-04-21,FMDBL,848.9,848.9,800,802,11576,9325684.5
2026-04-22,FMDBL,800,824,795,811,23960,19253731.4
2026-04-23,FMDBL,800.2,819.4,800,809.9,6067,4881552.1
2026-04-24,FMDBL,802,805,798.3,800.3,8295,6639375.5
2026-04-27,FMDBL,800.3,814.9,802.4,806,4108,3321455.8
2026-04-28,FMDBL,806,830,801,802.1,10455,8387995.5
2026-04-29,FMDBL,802.1,810,795,810,13317,10643557.8
2026-04-30,FMDBL,769.5,817,769.5,795,17754,14114539.2
2026-05-04,FMDBL,785,807,780,789.9,11147,8775587.7
2026-05-05,FMDBL,781,800,775.3,788,10350,8196179.6
2026-05-06,FMDBL,795,820.9,780,780,35602,28390455.3
2026-05-07,FMDBL,760,807,760,800,21452,17112045.3
2026-05-08,FMDBL,796,806,796,804.8,6240,5004804.3
2026-05-11,FMDBL,810,925,804,919,40585,33342363
2026-05-12,FMDBL,874,874,790,805,77403,62830229.2
2026-05-13,FMDBL,820,820,780,793,8108,6423965.8
2026-05-14,FMDBL,799,804.9,785,795.9,9871,7789535.3
2026-05-15,FMDBL,795.5,810.1,795.1,796,7814,6251976.4
2026-05-18,FMDBL,797,805,792.1,797,7596,6056070
2026-05-19,FMDBL,797,800.2,786.1,788.1,15450,12239810.6
2026-05-20,FMDBL,800,810.1,790,804,6866,5486533.3
2026-05-21,FMDBL,807,807,779.9,792,150059,117549338.8
2026-05-22,FMDBL,785,794,780,787.3,32393,25405252.2
2026-05-25,FMDBL,792,799,792,799,14697,11702715.3
2026-05-26,FMDBL,803.8,805.5,783.8,786.1,26463,20873429.7
2026-05-27,FMDBL,789.1,799.9,787,792,18532,14641021.1
2026-06-01,FMDBL,831.6,831.6,783,788,12912,10196075.6
2026-06-02,FMDBL,827.4,827.4,782,787,12419,9754377.3
2026-06-03,FMDBL,791,800,790,793,11018,8735476.6
2026-06-04,FMDBL,790,799,785,790,13225,10442623
2026-06-05,FMDBL,800,800,782,788.8,6620,5203084.3
2026-06-08,FMDBL,780.6,789.9,780.6,784.9,16788,13151450.7
2026-06-09,FMDBL,781,786.4,776,780,11168,8722840.9
2026-06-10,FMDBL,785,797,778,779.9,17658,13836878.4
2026-06-11,FMDBL,797,797,780,781,6924,5419707.3
2026-06-12,FMDBL,781,785,760,760,18769,14574636.7
2026-06-15,FMDBL,782,796,769,776.9,13851,10748346.7
2026-06-16,FMDBL,812,812,767,771.5,22041,17066036.7
2026-06-17,FMDBL,733,785,733,776.4,7298,5678984.8
2026-06-18,FMDBL,770.6,778,770.3,776,6139,4754065.1
2026-06-19,FMDBL,785,785,771.5,776.5,5745,4462984.9
2026-06-22,FMDBL,770,780.8,769,778,5081,3934574
2026-06-23,FMDBL,779,779,765,771,17885,13750109.7
2026-06-24,FMDBL,733,779.9,733,768,16136,12318837.5
2026-06-25,FMDBL,806.4,806.4,761,772,5166,3956297.5
2026-06-26,FMDBL,810.6,810.6,760,770,8921,6859818.6
2026-06-29,FMDBL,760,772,757.2,761,4951,3762794.7
2026-06-30,FMDBL,767,767,760,762.8,5475,4167792.8
2026-07-01,FMDBL,779,779,758,764.5,13796,10504300.8
2026-07-02,FMDBL,763.6,763.6,758,763,12709,9661692.2
2026-07-03,FMDBL,760,770,757,761,8871,6776184.6
2026-07-06,FMDBL,763,765,752,761,5022,3804226.1
2026-07-07,FMDBL,759,772.6,759,764,5944,4575344.3
2026-07-08,FMDBL,757,767,745,749.1,8071,6069889.9
2026-07-09,FMDBL,767,767,743,760,10388,7773175.8
2026-07-10,FMDBL,760,764.5,751,760,6910,5251930.6
2026-07-13,FMDBL,798,798,749,755,5000,3764036.4
2026-07-14,FMDBL,750,754,738,745,10067,7502955.2
2026-07-15,FMDBL,766,766,745,750,3751,2805002.4
2026-07-16,FMDBL,760,862,730,860,30074,22823748.4
2026-07-17,FMDBL,817,817,752,785,37212,29301483.3
2026-07-20,FMDBL,747,795,747,790,11115,8781102.6
2026-07-21,FMDBL,760,806,760,780.5,15195,11985295.4
2026-07-22,FMDBL,780.6,780.6,768,773,8719,6727197.1
2026-07-23,FMDBL,765.2,788,765.2,780,4640,3595536.5
2026-07-24,FMDBL,780,786,775,780,5442,4247042.6
2026-07-27,FMDBL,780.2,788,765,765,7027,5455530.6
2026-07-28,FMDBL,765.2,773.8,765,765.2,5837,4481000.6
2026-07-29,FMDBL,750,770,750,762.7,6080,4619823.8
2026-07-30,FMDBL,763,768,757.6,758,5111,3876097.7
2026-07-31,FMDBL,765,770,756,770,8394,6409179
2026-08-03,FMDBL,783,783,765.2,772.7,3091,2378246.1
2026-08-04,FMDBL,760,769,760,769,4432,3374243.9
2026-08-05,FMDBL,769,769,758.5,760,4838,3679016.3
2026-08-06,FMDBL,759,760,753,758,6627,5012907
2026-08-07,FMDBL,758,786,753,781,49122,38242893.6
2026-08-10,FMDBL,798.9,825,771.5,817,153815,124541705.5
2026-08-11,FMDBL,850,850,786.1,810.7,144234,117360730.7
2026-08-12,FMDBL,790,912,787.2,788.7,35577,28576920.9
2026-08-13,FMDBL,788.7,788.7,772,776,18971,14732638.2
2026-08-14,FMDBL,790,830,762,830,43843,34104381.8
2026-08-17,FMDBL,805.1,805.1,770,775,41666,32453921.4
2026-08-18,FMDBL,736.3,783,736.3,761,30170,22993166.8
2026-08-19,FMDBL,723,771.9,723,769.8,12640,9585604
2026-08-20,FMDBL,771.8,771.8,752,768.9,8680,6595034.4
2026-08-21,FMDBL,780,780,751,758,17445,13206020.1
2026-08-24,FMDBL,774.9,774.9,740.1,750,13813,10370164.9
2026-08-25,FMDBL,745,750,730.1,735,17516,12962871.9
2026-08-26,FMDBL,742,742,715.1,723,14554,10588636.1
2026-08-27,FMDBL,730,740,718,728,7542,5475879.8
2026-08-31,FMDBL,715.5,725,700,720,6866,4903653
2026-09-01,FMDBL,720.1,731,701.1,723,16955,12051015.4
2026-09-02,FMDBL,709,726,708,724.9,5905,4236143.3
2026-09-03,FMDBL,720,730,720,726,3971,2888257.6
2026-09-07,FMDBL,727.1,740,727,739.8,4669,3425788.5
2026-09-09,FMDBL,734,734,724,726.1,6834,4967656.4
2026-09-10,FMDBL,689.8,740,689.8,722.7,3866,2795183
2026-09-11,FMDBL,720.1,733.8,715,727.1,10084,7335882.5
2026-09-14,FMDBL,730,746.7,730,744,6123,4553140
2026-09-15,FMDBL,780,780,741,748,11872,8916202.6
2026-09-16,FMDBL,748,748,730,738,10278,7542220.3
2026-09-17,FMDBL,741,754.1,735,744.7,4406,3263807.1
2026-09-18,FMDBL,733.8,761.9,731.9,761,13023,9788583.9
2026-09-22,FMDBL,765,834,746,820,30434,23529320.3
2026-09-23,FMDBL,795.4,795.4,748,750,29904,22668526.6
2026-09-24,FMDBL,712.5,760,712.5,759.5,89182,67442156.9
2026-09-28,FMDBL,774,774,740,747,6021,4492437.2
2026-09-29,FMDBL,760,760,735,745,4945,3653732.4
2026-09-30,FMDBL,760,766,730.1,743.9,5447,4001395.1
2026-10-01,FMDBL,744,744,730,738.9,8147,5970901.2
2026-10-02,FMDBL,740,740,731,731.7,5563,4086152.1
2026-10-05,FMDBL,730.5,730.5,720.1,726.8,3974,2876221.8
2026-10-06,FMDBL,690.5,740,690.5,732.9,3808,2784788.6
2026-10-07,FMDBL,732.9,734,715,720,4624,3337590
