date,symbol,open,high,low,close,volume,turnover
2011-03-20,GBBL,144,145,139,141,2910,418460
2011-03-24,GBBL,143,144,138,140,4790,686040
2011-03-25,GBBL,140,146,140,142,4370,621430
2011-03-27,GBBL,142,146,142,142,7060,1010800
2011-03-28,GBBL,142,142,132,133,2470,332420
2011-03-29,GBBL,133,139,130,139,3590,480140
2011-03-30,GBBL,139,137,130,134,1660,220640
2011-03-31,GBBL,134,137,132,136,1480,196720
2011-04-04,GBBL,136,139,135,139,1510,207790
2011-04-05,GBBL,139,141,135,136,1000,136650
2011-04-06,GBBL,136,138,134,134,2750,372000
2011-04-07,GBBL,134,137,133,134,1270,171100
2011-04-10,GBBL,134,136,134,135,9880,1333770
2011-04-11,GBBL,135,137,130,132,2780,369280
2011-04-13,GBBL,132,140,134,140,520,72080
2011-04-17,GBBL,140,139,138,139,1410,195710
2011-04-18,GBBL,139,141,129,132,4750,629280
2011-04-19,GBBL,132,132,127,132,1340,172970
2011-04-20,GBBL,132,134,128,130,2830,367440
2011-04-21,GBBL,130,141,130,141,2700,354360
2011-04-25,GBBL,141,141,139,139,870,122530
2011-04-27,GBBL,139,137,127,129,2400,310940
2011-04-28,GBBL,129,130,127,128,2550,328210
2011-05-02,GBBL,128,128,124,127,3900,492790
2011-05-03,GBBL,127,127,124,124,3110,390480
2011-05-04,GBBL,124,130,126,130,550,70000
2011-05-05,GBBL,130,132,130,130,400,52320
2011-05-08,GBBL,130,134,130,134,1840,242720
2011-05-09,GBBL,134,136,125,128,2640,347920
2011-05-10,GBBL,128,136,123,130,1810,235410
2011-05-11,GBBL,130,132,126,130,3770,490880
2011-05-12,GBBL,130,134,130,134,3330,438660
2011-05-15,GBBL,134,136,131,133,2960,396350
2011-05-16,GBBL,133,135,131,135,2680,354010
2011-05-18,GBBL,135,135,130,134,1670,223020
2011-05-19,GBBL,134,135,128,128,1630,217930
2011-05-22,GBBL,128,134,123,134,2480,317320
2011-05-23,GBBL,134,132,130,130,1510,198940
2011-05-24,GBBL,130,132,129,130,1120,146340
2011-05-25,GBBL,130,132,127,129,2180,279150
2011-05-26,GBBL,129,131,129,130,190,24650
2011-05-30,GBBL,130,131,128,130,580,75140
2011-05-31,GBBL,130,131,128,128,890,115620
2011-06-01,GBBL,128,130,126,128,850,108580
2011-06-02,GBBL,128,134,130,132,500,66040
2011-06-05,GBBL,132,134,128,128,810,105900
2011-06-06,GBBL,128,130,123,123,1990,255370
2011-06-07,GBBL,123,122,116,116,1980,233910
2011-06-08,GBBL,116,118,112,112,590,67160
2011-06-09,GBBL,112,114,112,112,60,6800
2011-06-12,GBBL,112,111,108,111,370,40480
2011-06-13,GBBL,111,110,106,106,1470,159890
2011-06-14,GBBL,106,108,107,107,620,66380
2011-06-15,GBBL,107,109,107,107,440,47560
2011-06-16,GBBL,107,113,106,113,990,110960
2011-06-19,GBBL,113,124,113,124,210,25180
2011-06-21,GBBL,135,140,136,140,1010,140340
2011-06-23,GBBL,140,154,142,154,2890,436150
2011-06-26,GBBL,154,151,151,151,100,15100
2011-06-27,GBBL,151,148,146,146,40,5860
2011-06-29,GBBL,146,146,146,146,40,5840
2011-06-30,GBBL,146,139,135,135,1200,165640
2011-07-04,GBBL,135,129,129,129,280,36120
2011-07-05,GBBL,129,127,123,123,250,31250
2011-07-06,GBBL,123,131,117,129,850,105390
2011-07-07,GBBL,129,129,127,127,140,17920
2011-07-10,GBBL,127,125,123,125,300,37350
2011-07-11,GBBL,125,131,125,130,1010,128240
2011-07-12,GBBL,130,132,128,128,1210,157120
2011-07-13,GBBL,128,135,130,132,1260,165900
2011-07-14,GBBL,132,134,130,130,430,56540
2011-07-18,GBBL,130,136,132,134,680,91120
2011-07-19,GBBL,134,138,134,138,870,118120
2011-07-20,GBBL,138,140,136,140,630,87480
2011-07-21,GBBL,140,144,142,142,170,24180
2011-07-24,GBBL,142,142,134,134,760,106120
2011-07-25,GBBL,134,132,128,128,160,20840
2011-07-26,GBBL,128,132,128,132,990,129760
2011-07-27,GBBL,132,138,131,138,1030,137400
2011-07-28,GBBL,138,136,133,134,1080,145660
2011-07-31,GBBL,134,134,130,132,460,60380
2011-08-01,GBBL,132,141,132,140,3220,442180
2011-08-02,GBBL,140,140,135,135,1560,215440
2011-08-03,GBBL,135,136,132,136,1230,165850
2011-08-04,GBBL,136,141,137,139,2930,402650
2011-08-07,GBBL,139,140,135,136,3000,409140
2011-08-08,GBBL,136,136,134,135,4610,626030
2011-08-09,GBBL,135,136,134,136,810,109610
2011-08-10,GBBL,136,137,132,136,1260,169420
2011-08-11,GBBL,136,139,136,138,3860,531810
2011-08-15,GBBL,138,140,137,140,1950,271310
2011-08-16,GBBL,140,142,138,138,1030,144280
2011-08-17,GBBL,138,141,136,137,5710,787920
2011-08-18,GBBL,137,141,136,141,2140,295630
2011-08-22,GBBL,141,140,137,139,1340,185790
2011-08-23,GBBL,139,142,135,140,6350,884170
2011-08-24,GBBL,140,142,139,142,1700,238530
2011-08-25,GBBL,142,141,136,141,820,114010
2011-08-28,GBBL,141,139,135,135,250,33970
2011-08-29,GBBL,135,135,133,135,680,91020
2011-08-30,GBBL,135,143,137,142,770,108690
2011-09-01,GBBL,142,140,138,138,150,20960
2011-09-04,GBBL,138,142,138,139,5540,774340
2011-09-05,GBBL,139,141,137,139,4340,602430
2011-09-06,GBBL,139,141,138,138,2900,404190
2011-09-07,GBBL,138,140,139,139,1940,270380
2011-09-08,GBBL,139,142,137,137,1630,227980
2011-09-12,GBBL,137,137,129,134,2270,304790
2011-09-13,GBBL,134,132,130,131,310,40580
2011-09-14,GBBL,131,133,130,133,720,94960
2011-09-15,GBBL,133,135,129,129,470,61690
2011-09-18,GBBL,129,130,128,130,330,42480
2011-09-19,GBBL,130,135,130,135,160,21220
2011-09-20,GBBL,135,143,137,140,1500,210160
2011-09-21,GBBL,140,142,139,140,1060,148800
2011-09-22,GBBL,140,145,142,145,740,106760
2011-09-25,GBBL,145,145,143,143,110,15810
2011-09-26,GBBL,143,143,143,143,90,12870
2011-09-27,GBBL,143,141,137,137,290,40330
2011-09-29,GBBL,137,141,139,140,1760,246300
2011-10-09,GBBL,140,140,139,140,60,8360
2011-10-10,GBBL,140,140,138,140,340,47400
2011-10-12,GBBL,140,138,136,138,120,16440
2011-10-13,GBBL,138,139,137,139,1610,220770
2011-10-16,GBBL,139,141,137,140,540,74430
2011-10-17,GBBL,140,140,138,138,280,38880
2011-10-18,GBBL,138,137,134,137,160,21780
2011-10-19,GBBL,137,136,136,136,40,5440
2011-10-20,GBBL,136,140,134,140,360,49600
2011-10-23,GBBL,140,140,136,136,690,96300
2011-10-24,GBBL,136,139,136,137,590,80720
2011-10-25,GBBL,137,139,139,139,20,2780
2011-10-30,GBBL,139,139,139,139,600,83400
2011-10-31,GBBL,139,139,139,139,120,16680
2011-11-02,GBBL,139,141,141,141,10,1410
2011-11-03,GBBL,141,147,139,140,1210,173710
2011-11-06,GBBL,140,143,140,142,2090,296790
2011-11-08,GBBL,142,143,141,141,260,36920
2011-11-09,GBBL,141,141,139,139,1040,146440
2011-11-10,GBBL,139,139,138,138,610,84340
2011-11-13,GBBL,138,145,140,143,2000,285790
2011-11-14,GBBL,143,144,140,142,3150,449600
2011-11-15,GBBL,142,142,140,140,550,77900
2011-11-16,GBBL,140,142,139,141,910,128260
2011-11-17,GBBL,141,142,139,140,2790,392550
2011-11-20,GBBL,140,141,137,139,860,119460
2011-11-21,GBBL,139,140,137,140,3320,460960
2011-11-22,GBBL,140,140,140,140,60,8400
2011-11-23,GBBL,140,139,129,129,280,38020
2011-11-24,GBBL,129,127,121,121,270,33290
2011-11-27,GBBL,121,119,119,119,20,2380
2011-11-28,GBBL,119,117,115,115,70,8110
2011-12-04,GBBL,115,119,115,119,260,30300
2011-12-06,GBBL,119,120,120,120,20,2400
2011-12-07,GBBL,120,120,120,120,80,9600
2011-12-08,GBBL,120,121,119,119,110,13250
2011-12-11,GBBL,119,121,121,121,300,36300
2011-12-13,GBBL,121,120,113,113,1310,152440
2011-12-14,GBBL,113,115,111,115,600,68300
2011-12-15,GBBL,115,116,114,116,290,33600
2011-12-19,GBBL,116,115,112,112,1150,129150
2011-12-21,GBBL,112,111,111,111,60,6660
2011-12-22,GBBL,111,112,112,112,2070,231840
2011-12-26,GBBL,112,114,113,113,560,63800
2011-12-27,GBBL,113,112,110,110,380,41840
2011-12-28,GBBL,110,110,106,110,440,47920
2011-12-29,GBBL,110,112,110,112,570,63200
2012-01-01,GBBL,112,114,111,114,230,25810
2012-01-02,GBBL,114,119,112,118,1060,123840
2012-01-03,GBBL,118,120,117,117,640,75820
2012-01-04,GBBL,117,118,113,117,1100,125010
2012-01-05,GBBL,117,119,116,118,510,60190
2012-01-09,GBBL,118,117,114,116,280,32440
2012-01-10,GBBL,118,116,116,116,120,13920
2012-01-11,GBBL,116,117,117,117,900,105300
2012-01-12,GBBL,117,115,111,111,280,31920
2012-01-16,GBBL,111,114,112,114,110,12440
2012-01-17,GBBL,114,118,112,118,1100,126740
2012-01-18,GBBL,118,121,118,121,380,45440
2012-01-19,GBBL,121,122,120,121,420,50740
2012-01-22,GBBL,121,122,116,116,1550,183010
2012-01-23,GBBL,116,120,118,120,160,18920
2012-01-25,GBBL,120,124,122,122,150,18440
2012-01-26,GBBL,122,121,115,115,100,11740
2012-01-29,GBBL,115,115,115,115,80,9200
2012-01-31,GBBL,115,120,116,120,360,42150
2012-02-01,GBBL,120,122,119,119,620,74240
2012-02-02,GBBL,119,119,113,113,600,70800
2012-02-05,GBBL,113,117,115,117,620,71970
2012-02-06,GBBL,117,121,116,119,1230,147670
2012-02-07,GBBL,119,120,117,117,550,65570
2012-02-08,GBBL,117,119,117,117,1230,144570
2012-02-09,GBBL,117,117,115,115,380,44100
2012-02-12,GBBL,115,119,117,119,250,29650
2012-02-13,GBBL,119,117,113,116,730,83990
2012-02-14,GBBL,116,120,116,116,480,56720
2012-02-15,GBBL,116,116,116,116,60,6960
2012-02-16,GBBL,116,118,117,118,120,14120
2012-02-21,GBBL,118,120,119,120,970,116160
2012-02-23,GBBL,120,118,117,117,220,25800
2012-02-26,GBBL,117,119,116,118,530,62650
2012-02-27,GBBL,118,118,117,118,180,21200
2012-02-28,GBBL,118,120,116,118,900,106980
2012-02-29,GBBL,118,120,120,120,20,2400
2012-03-01,GBBL,120,120,116,118,490,57680
2012-03-04,GBBL,118,120,116,119,370,43930
2012-03-05,GBBL,119,119,117,117,360,42510
2012-03-06,GBBL,117,118,116,116,470,54920
2012-03-11,GBBL,116,116,115,116,1000,115800
2012-03-12,GBBL,116,118,116,116,180,20920
2012-03-13,GBBL,116,120,118,120,70,8360
2012-03-14,GBBL,120,122,118,118,970,117600
2012-03-15,GBBL,118,118,117,117,50,5880
2012-03-18,GBBL,117,116,116,116,620,71920
2012-03-19,GBBL,116,119,117,119,130,15370
2012-03-20,GBBL,119,118,115,118,400,46920
2012-03-21,GBBL,118,118,116,118,80,9380
2012-03-25,GBBL,118,120,115,117,700,82050
2012-03-26,GBBL,117,118,118,118,100,11800
2012-03-27,GBBL,118,119,117,118,2800,330840
2012-03-28,GBBL,118,119,118,118,2160,256180
2012-03-29,GBBL,118,120,115,118,620,73130
2012-04-01,GBBL,118,118,117,118,920,108440
2012-04-02,GBBL,118,116,114,114,40,4600
2012-04-03,GBBL,114,120,116,119,220,26080
2012-04-04,GBBL,119,122,119,122,700,85070
2012-04-05,GBBL,122,120,119,120,160,19100
2012-04-08,GBBL,120,120,120,120,150,18000
2012-04-10,GBBL,120,118,118,118,30,3540
2012-04-12,GBBL,118,128,120,128,1520,187360
2012-04-15,GBBL,128,132,130,132,230,30320
2012-04-18,GBBL,132,132,128,132,1930,251420
2012-04-19,GBBL,132,140,134,140,1150,157530
2012-04-22,GBBL,140,152,142,152,630,94980
2012-04-24,GBBL,152,161,155,161,80,12580
2012-04-26,GBBL,161,177,164,177,1270,212220
2012-04-29,GBBL,177,188,175,185,3570,643100
2012-04-30,GBBL,185,190,179,179,1340,249310
2012-05-07,GBBL,179,182,182,182,50,9100
2012-05-08,GBBL,182,179,173,173,320,56230
2012-05-09,GBBL,173,173,166,166,1120,190780
2012-05-10,GBBL,166,168,162,165,810,132360
2012-05-13,GBBL,165,160,149,149,3880,607760
2012-05-14,GBBL,149,147,142,142,290,41520
2012-05-15,GBBL,142,148,142,148,800,114920
2012-05-17,GBBL,148,162,150,158,740,115650
2012-05-20,GBBL,158,157,154,156,280,43490
2012-05-21,GBBL,156,163,159,163,440,71190
2012-05-22,GBBL,163,160,157,159,890,141980
2012-05-24,GBBL,159,162,162,162,70,11340
2012-05-27,GBBL,162,168,159,168,430,71640
2012-06-03,GBBL,168,165,159,159,160,25870
2012-06-04,GBBL,159,156,144,146,1700,253680
2012-06-05,GBBL,146,145,141,141,1110,158540
2012-06-06,GBBL,141,139,135,138,950,129470
2012-06-07,GBBL,138,142,140,140,550,77600
2012-06-10,GBBL,140,140,136,137,280,38540
2012-06-11,GBBL,137,143,136,143,290,40200
2012-06-12,GBBL,143,143,141,142,520,73900
2012-06-13,GBBL,142,146,142,142,770,109740
2012-06-14,GBBL,142,144,139,142,560,78780
2012-06-17,GBBL,142,143,142,143,210,29920
2012-06-18,GBBL,143,142,137,138,1230,172260
2012-06-19,GBBL,138,137,136,137,420,57260
2012-06-20,GBBL,137,140,138,138,780,109040
2012-06-21,GBBL,138,140,138,140,370,51560
2012-06-25,GBBL,140,143,138,143,1510,209740
2012-06-26,GBBL,143,142,140,140,290,40860
2012-06-27,GBBL,140,140,138,140,280,38930
2012-06-28,GBBL,140,144,140,142,400,56740
2012-07-01,GBBL,142,144,142,142,350,50190
2012-07-02,GBBL,142,142,140,140,670,93920
2012-07-03,GBBL,140,140,138,140,80,11080
2012-07-04,GBBL,140,138,136,137,150,20530
2012-07-05,GBBL,137,139,139,139,130,18070
2012-07-08,GBBL,139,137,136,136,70,9550
2012-07-09,GBBL,136,140,134,139,770,105210
2012-07-10,GBBL,139,141,137,138,710,98670
2012-07-11,GBBL,138,140,138,140,220,30600
2012-07-12,GBBL,140,140,138,138,210,29220
2012-07-15,GBBL,138,140,138,138,300,41960
2012-07-16,GBBL,138,140,140,140,230,32200
2012-07-17,GBBL,140,150,142,150,4320,642260
2012-07-18,GBBL,150,155,149,155,1420,216100
2012-07-19,GBBL,155,161,155,161,1490,233850
2012-07-22,GBBL,161,164,157,157,1120,181790
2012-07-23,GBBL,157,172,157,163,3100,515730
2012-07-24,GBBL,163,162,160,161,1000,160900
2012-07-25,GBBL,161,172,155,169,2630,436430
2012-07-26,GBBL,169,166,160,163,570,92790
2012-07-29,GBBL,163,168,162,162,840,138930
2012-07-30,GBBL,162,163,158,158,1430,231220
2012-07-31,GBBL,158,163,158,162,2020,325930
2012-08-01,GBBL,162,162,160,161,410,66120
2012-08-05,GBBL,161,163,161,161,630,102200
2012-08-06,GBBL,161,165,162,162,2620,429020
2012-08-07,GBBL,162,165,160,165,1450,237940
2012-08-08,GBBL,165,165,163,163,780,127580
2012-08-12,GBBL,163,160,160,160,1300,208000
2012-08-13,GBBL,160,160,157,157,480,76380
2012-08-14,GBBL,157,160,155,160,260,40690
2012-08-15,GBBL,160,159,152,155,360,55700
2012-08-16,GBBL,155,155,152,155,370,57140
2012-08-19,GBBL,155,156,152,154,1480,229330
2012-08-21,GBBL,154,166,157,166,3350,550650
2012-08-22,GBBL,166,175,164,175,6670,1140690
2012-08-23,GBBL,175,183,171,174,7840,1363520
2012-08-26,GBBL,174,179,173,173,5380,948040
2012-08-27,GBBL,173,173,169,173,640,108980
2012-08-28,GBBL,173,177,172,176,3020,528260
2012-08-29,GBBL,176,177,172,176,4000,694520
2012-08-30,GBBL,176,176,170,175,1090,188290
2012-09-02,GBBL,175,189,176,186,4160,765920
2012-09-03,GBBL,186,189,180,186,3940,730670
2012-09-04,GBBL,186,186,180,181,1920,349740
2012-09-05,GBBL,181,180,177,177,1300,231300
2012-09-06,GBBL,177,180,177,179,2070,368470
2012-09-09,GBBL,179,179,173,176,160,28340
2012-09-10,GBBL,176,179,171,178,4250,744450
2012-09-11,GBBL,178,180,175,175,520,91660
2012-09-12,GBBL,175,177,173,177,2280,399960
2012-09-13,GBBL,177,177,177,177,60,10620
2012-09-16,GBBL,177,178,178,178,100,17800
2012-09-17,GBBL,178,182,173,181,4070,723280
2012-09-18,GBBL,181,183,175,180,1840,329230
2012-09-19,GBBL,180,178,178,178,100,17800
2012-09-20,GBBL,178,184,178,181,1880,343130
2012-09-23,GBBL,181,178,178,178,150,26700
2012-09-24,GBBL,178,177,174,174,130,22910
2012-09-25,GBBL,174,176,174,176,1610,281660
2012-09-26,GBBL,176,179,175,176,1340,235640
2012-09-30,GBBL,176,184,179,180,12850,2330930
2012-10-01,GBBL,180,184,182,184,4800,880510
2012-10-02,GBBL,184,190,183,187,10760,2008890
2012-10-03,GBBL,187,184,181,184,3680,671290
2012-10-04,GBBL,184,187,181,186,9410,1731390
2012-10-07,GBBL,186,186,181,181,170,30920
2012-10-08,GBBL,181,166,160,160,90,14580
2012-10-09,GBBL,160,157,146,146,310,47160
2012-10-10,GBBL,146,148,146,148,100,14680
2012-10-11,GBBL,148,146,144,144,120,17400
2012-10-14,GBBL,144,144,140,144,460,64980
2012-10-15,GBBL,144,146,146,146,30,4380
2012-10-17,GBBL,146,148,144,148,360,52020
2012-10-18,GBBL,148,153,150,153,190,28710
2012-10-30,GBBL,153,157,155,155,250,39020
2012-11-01,GBBL,155,161,158,161,3660,579160
2012-11-04,GBBL,161,167,164,167,430,70710
2012-11-05,GBBL,167,170,165,168,770,129550
2012-11-06,GBBL,168,170,169,170,180,30480
2012-11-07,GBBL,170,173,173,173,130,22490
2012-11-08,GBBL,173,186,176,180,1890,340990
2012-11-18,GBBL,180,189,183,189,60,11160
2012-11-20,GBBL,189,192,189,191,330,62960
2012-11-25,GBBL,191,191,191,191,420,80220
2012-11-26,GBBL,191,191,191,191,60,11460
2012-11-27,GBBL,191,191,188,191,3290,628330
2012-11-28,GBBL,191,188,185,185,60,11190
2012-11-29,GBBL,185,182,182,182,40,7280
2012-12-03,GBBL,182,179,179,179,300,53700
2012-12-06,GBBL,179,176,176,176,100,17600
2012-12-09,GBBL,176,173,167,167,430,72890
2012-12-10,GBBL,167,170,166,168,180,30340
2012-12-11,GBBL,168,165,165,165,70,11550
2012-12-12,GBBL,165,167,164,167,380,63160
2012-12-13,GBBL,167,166,163,166,190,31180
2012-12-16,GBBL,166,163,163,163,100,16300
2012-12-17,GBBL,163,166,166,166,190,31540
2012-12-18,GBBL,166,170,164,170,180,29700
2012-12-19,GBBL,170,177,173,174,260,45280
2012-12-20,GBBL,174,183,177,183,60,10800
2012-12-24,GBBL,183,180,177,177,130,23100
2012-12-26,GBBL,177,183,179,182,972,175788
2012-12-31,GBBL,182,179,173,179,690,121410
2013-01-01,GBBL,179,180,178,180,220,39400
2013-01-02,GBBL,180,180,177,180,190,33960
2013-01-03,GBBL,180,178,177,177,610,108070
2013-01-06,GBBL,177,180,175,180,614,109500
2013-01-07,GBBL,180,177,173,176,630,110260
2013-01-09,GBBL,176,176,176,176,140,24640
2013-01-10,GBBL,176,176,173,173,450,78150
2013-01-15,GBBL,173,182,176,182,1116,200466
2013-01-16,GBBL,182,179,179,179,420,75180
2013-01-17,GBBL,179,181,178,181,970,174830
2013-01-20,GBBL,181,180,180,180,270,48600
2013-01-21,GBBL,180,179,179,179,520,93080
2013-01-22,GBBL,179,176,173,176,330,57780
2013-01-23,GBBL,176,179,177,179,250,44420
2013-01-24,GBBL,179,179,170,170,720,125340
2013-01-27,GBBL,170,169,168,168,430,72340
2013-01-30,GBBL,168,165,165,165,100,16500
2013-01-31,GBBL,165,162,156,162,480,76140
2013-02-03,GBBL,162,162,162,162,40,6480
2013-02-04,GBBL,162,173,162,173,700,116560
2013-02-05,GBBL,173,178,175,178,120,21240
2013-02-12,GBBL,178,178,175,178,230,40370
2013-02-13,GBBL,178,175,172,172,310,53950
2013-02-14,GBBL,172,175,175,175,160,28000
2013-02-17,GBBL,175,178,178,178,120,21360
2013-02-19,GBBL,178,187,181,183,2240,411600
2013-02-20,GBBL,183,180,175,175,340,60590
2013-02-21,GBBL,175,183,175,183,320,57540
2013-02-25,GBBL,183,183,180,180,250,45060
2013-02-28,GBBL,180,180,177,180,490,87570
2013-03-04,GBBL,175,175,170,173,1460,250860
2013-03-05,GBBL,173,179,170,179,450,76890
2013-03-06,GBBL,179,186,174,186,720,126840
2013-03-07,GBBL,186,183,180,180,150,27060
2013-03-11,GBBL,180,179,177,179,1560,277240
2013-03-13,GBBL,179,180,177,180,640,114110
2013-03-14,GBBL,180,179,179,179,570,102030
2013-03-17,GBBL,179,176,170,171,540,92910
2013-03-18,GBBL,171,177,172,177,1489,259035
2013-03-19,GBBL,177,174,174,174,30,5220
2013-03-20,GBBL,174,183,174,183,4454,787515
2013-03-21,GBBL,183,181,173,173,2889,513012
2013-03-24,GBBL,173,176,170,170,2099,362528
2013-03-25,GBBL,170,184,173,178,429,77288
2013-03-27,GBBL,178,175,172,172,2044,357568
2013-03-28,GBBL,172,175,175,175,22,3850
2013-03-31,GBBL,175,172,168,170,346,58762
2013-04-01,GBBL,170,169,169,169,920,155480
2013-04-02,GBBL,169,170,170,170,10,1700
2013-04-08,GBBL,170,167,161,161,579,94795
2013-04-09,GBBL,161,164,155,164,343,54485
2013-04-11,GBBL,164,167,164,165,480,78896
2013-04-15,GBBL,165,165,162,162,440,72105
2013-04-16,GBBL,162,159,155,156,449,70260
2013-04-17,GBBL,156,156,155,155,282,43730
2013-04-22,GBBL,155,158,158,158,20,3160
2013-04-23,GBBL,158,155,153,153,88,13552
2013-04-25,GBBL,153,151,150,151,814,122727
2013-04-28,GBBL,151,151,151,151,737,111287
2013-04-29,GBBL,151,151,150,151,1376,207122
2013-04-30,GBBL,151,154,151,152,797,120799
2013-05-05,GBBL,152,149,145,147,188,27481
2013-05-06,GBBL,147,149,147,147,900,134020
2013-05-07,GBBL,147,149,141,141,410,59720
2013-05-08,GBBL,141,145,141,145,248,35694
2013-05-09,GBBL,145,147,143,147,212,30712
2013-05-12,GBBL,147,150,147,150,388,57980
2013-05-13,GBBL,150,150,148,148,549,81674
2013-05-14,GBBL,148,151,150,150,575,86410
2013-05-15,GBBL,150,153,150,153,110,16698
2013-05-19,GBBL,153,156,155,156,127,19779
2013-05-20,GBBL,156,162,159,162,198,31911
2013-05-22,GBBL,162,167,164,167,176,29260
2013-05-23,GBBL,167,167,165,165,844,139524
2013-05-26,GBBL,165,174,167,173,495,84546
2013-05-27,GBBL,173,170,167,167,253,42746
2013-05-28,GBBL,167,173,164,173,837,141325
2013-05-30,GBBL,173,175,172,175,2182,380589
2013-06-02,GBBL,175,172,167,167,307,52360
2013-06-03,GBBL,167,171,167,171,354,59782
2013-06-04,GBBL,171,169,168,168,172,29038
2013-06-05,GBBL,168,171,168,170,612,103573
2013-06-06,GBBL,170,172,170,172,1122,192183
2013-06-09,GBBL,172,173,169,173,572,98306
2013-06-10,GBBL,173,172,170,170,1142,195516
2013-06-11,GBBL,170,173,170,170,1451,249033
2013-06-12,GBBL,170,172,170,171,633,107742
2013-06-13,GBBL,171,172,171,171,594,101772
2013-06-16,GBBL,171,175,170,175,1970,341540
2013-06-17,GBBL,175,177,170,170,468,81062
2013-06-18,GBBL,170,176,172,172,1096,189779
2013-06-19,GBBL,172,175,172,172,1796,313858
2013-06-20,GBBL,172,174,170,170,2264,393408
2013-06-23,GBBL,170,170,170,170,40,6800
2013-06-26,GBBL,170,167,160,161,892,143768
2013-06-27,GBBL,161,162,160,161,1144,184602
2013-06-30,GBBL,161,161,155,156,2063,322279
2013-07-01,GBBL,156,156,155,155,319,49632
2013-07-02,GBBL,155,155,154,154,531,82261
2013-07-03,GBBL,154,155,154,154,88,13574
2013-07-04,GBBL,154,156,154,156,291,44995
2013-07-07,GBBL,156,153,153,153,440,67320
2013-07-08,GBBL,153,156,156,156,50,7800
2013-07-09,GBBL,156,155,154,155,187,28908
2013-07-10,GBBL,155,158,156,158,182,28690
2013-07-11,GBBL,158,156,156,156,132,20592
2013-07-14,GBBL,156,159,156,156,66,10395
2013-07-15,GBBL,156,157,155,155,36,5608
2013-07-16,GBBL,155,152,152,152,66,10032
2013-07-17,GBBL,152,150,150,150,30,4500
2013-07-18,GBBL,150,159,153,159,130,20040
2013-07-21,GBBL,159,165,162,165,194,31950
2013-07-22,GBBL,165,168,165,168,110,18414
2013-07-23,GBBL,168,171,168,168,647,109518
2013-07-24,GBBL,168,165,165,165,121,19965
2013-07-25,GBBL,165,162,162,162,94,15228
2013-07-28,GBBL,162,165,160,165,354,57680
2013-07-29,GBBL,165,166,160,164,495,81587
2013-07-30,GBBL,164,167,164,166,2306,379451
2013-07-31,GBBL,166,166,162,162,176,28666
2013-08-01,GBBL,162,163,160,160,583,94292
2013-08-04,GBBL,160,171,163,171,404,67468
2013-08-05,GBBL,171,169,168,168,132,22231
2013-08-06,GBBL,168,171,168,169,439,74170
2013-08-07,GBBL,169,166,164,165,143,23573
2013-08-08,GBBL,165,168,155,168,483,78450
2013-08-11,GBBL,168,165,162,162,173,28389
2013-08-12,GBBL,162,167,165,167,1514,251050
2013-08-13,GBBL,167,170,165,165,1218,203558
2013-08-18,GBBL,165,168,163,166,836,137416
2013-08-19,GBBL,166,182,163,182,2670,470267
2013-08-20,GBBL,182,200,180,200,3475,680645
2013-08-25,GBBL,200,208,199,205,3669,747972
2013-08-26,GBBL,205,205,199,200,3859,772674
2013-08-27,GBBL,200,205,201,201,2170,441133
2013-08-29,GBBL,201,205,197,204,5342,1076016
2013-09-01,GBBL,204,206,200,201,1892,385066
2013-09-03,GBBL,201,200,195,200,914,181032
2013-09-04,GBBL,200,199,195,199,892,174975
2013-09-05,GBBL,199,197,196,196,788,154648
2013-09-08,GBBL,196,199,197,197,300,59340
2013-09-09,GBBL,197,203,196,199,1298,256492
2013-09-10,GBBL,199,218,202,213,4934,1059914
2013-09-11,GBBL,213,215,212,215,2182,466577
2013-09-12,GBBL,215,223,216,223,2463,539229
2013-09-15,GBBL,223,228,218,225,5938,1334536
2013-09-16,GBBL,225,227,222,226,2488,560855
2013-09-17,GBBL,226,226,219,222,3136,696586
2013-09-22,GBBL,160,163,163,163,209,34067
2013-10-07,GBBL,163,160,157,157,40,6340
2013-10-08,GBBL,157,155,153,153,897,138041
2013-10-09,GBBL,153,150,150,150,12,1800
2013-10-10,GBBL,150,150,150,150,77,11550
2013-10-20,GBBL,150,150,150,150,80,12000
2013-10-21,GBBL,150,150,150,150,55,8250
2013-10-22,GBBL,150,155,153,155,86,13290
2013-10-23,GBBL,155,158,155,156,407,63762
2013-10-24,GBBL,156,159,159,159,132,20988
2013-10-27,GBBL,159,156,156,156,66,10296
2013-10-29,GBBL,156,166,157,166,214,34152
2013-10-30,GBBL,166,178,169,178,172,29923
2013-10-31,GBBL,178,183,177,177,2136,384317
2013-11-07,GBBL,177,175,175,175,447,78225
2013-11-12,GBBL,175,184,178,184,1077,197445
2013-11-13,GBBL,181,193,187,193,348,65940
2013-11-14,GBBL,193,196,196,196,100,19600
2013-11-24,GBBL,196,206,199,199,612,122298
2013-11-25,GBBL,199,202,202,202,639,129078
2013-11-26,GBBL,202,200,200,200,537,107400
2013-11-27,GBBL,200,204,196,196,672,136600
2013-11-28,GBBL,196,200,194,200,749,146532
2013-12-01,GBBL,200,200,199,200,77,15378
2013-12-02,GBBL,200,203,203,203,66,13398
2013-12-03,GBBL,203,223,207,223,1179,258117
2013-12-04,GBBL,223,231,227,231,20,4580
2013-12-05,GBBL,231,254,235,254,1250,312520
2013-12-08,GBBL,254,265,254,265,4860,1271378
2013-12-09,GBBL,265,276,260,275,545,148405
2013-12-11,GBBL,275,270,260,260,764,202400
2013-12-12,GBBL,260,265,260,260,508,132835
2013-12-15,GBBL,260,262,255,262,253,65494
2013-12-16,GBBL,262,267,266,267,722,192274
2013-12-18,GBBL,267,277,272,277,615,170140
2013-12-19,GBBL,277,272,267,270,88,23727
2013-12-22,GBBL,270,265,257,257,1487,387960
2013-12-23,GBBL,257,252,247,247,273,68296
2013-12-24,GBBL,247,251,245,251,576,143692
2013-12-26,GBBL,251,256,256,256,209,53504
2013-12-29,GBBL,256,254,245,250,329,81443
2013-12-31,GBBL,250,249,245,249,325,80445
2014-01-01,GBBL,249,245,241,242,277,66951
2014-01-02,GBBL,242,240,238,240,526,125520
2014-01-05,GBBL,240,236,228,228,720,165292
2014-01-06,GBBL,228,226,220,220,283,63474
2014-01-07,GBBL,220,242,224,242,879,210526
2014-01-08,GBBL,242,266,246,266,3899,1030450
2014-01-09,GBBL,266,275,251,256,2861,768289
2014-01-12,GBBL,256,251,246,250,360,89830
2014-01-13,GBBL,250,275,255,274,6544,1770504
2014-01-14,GBBL,274,295,279,290,4205,1220558
2014-01-16,GBBL,290,313,295,298,4395,1340346
2014-01-19,GBBL,298,301,290,301,562,165587
2014-01-20,GBBL,301,316,302,308,4813,1497604
2014-01-21,GBBL,308,327,305,310,4087,1273737
2014-01-22,GBBL,310,321,300,300,7110,2215658
2014-01-23,GBBL,300,304,295,295,4123,1236552
2014-01-26,GBBL,295,295,285,295,807,230962
2014-01-27,GBBL,295,298,293,293,760,223499
2014-01-28,GBBL,293,303,280,303,1288,371433
2014-01-29,GBBL,303,306,297,300,3473,1047319
2014-02-02,GBBL,300,298,290,290,515,152198
2014-02-03,GBBL,290,300,289,289,491,144814
2014-02-04,GBBL,289,290,280,285,1288,366403
2014-02-06,GBBL,295,296,285,290,2102,616950
2014-02-09,GBBL,290,297,285,297,1198,350973
2014-02-10,GBBL,297,308,295,295,3955,1185855
2014-02-11,GBBL,295,290,280,280,1674,476634
2014-02-12,GBBL,280,285,275,277,5811,1621722
2014-02-13,GBBL,277,286,275,280,10950,3059500
2014-02-16,GBBL,280,290,275,280,822,233635
2014-02-17,GBBL,280,280,275,280,480,133950
2014-02-18,GBBL,280,280,270,278,1072,295007
2014-02-20,GBBL,278,288,275,288,430,119800
2014-02-23,GBBL,288,290,275,275,1055,301515
2014-02-24,GBBL,275,285,275,285,1687,468294
2014-02-25,GBBL,285,284,268,283,2661,743743
2014-02-26,GBBL,283,290,280,285,6804,1935803
2014-03-03,GBBL,285,285,280,282,1237,349558
2014-03-04,GBBL,282,277,262,267,10328,2726262
2014-03-05,GBBL,267,293,269,285,5859,1683342
2014-03-06,GBBL,285,285,280,280,1705,484155
2014-03-09,GBBL,280,275,260,261,537,142047
2014-03-10,GBBL,261,266,260,266,471,124423
2014-03-11,GBBL,266,280,270,270,10265,2811623
2014-03-12,GBBL,270,266,252,260,27975,7165616
2014-03-17,GBBL,270,265,255,255,1865,476755
2014-03-18,GBBL,255,255,245,255,7374,1873180
2014-03-19,GBBL,255,260,250,255,3717,951820
2014-03-20,GBBL,255,265,247,257,5474,1397058
2014-03-23,GBBL,257,265,252,263,22794,5927745
2014-03-24,GBBL,263,264,255,260,8394,2179119
2014-03-25,GBBL,260,263,256,256,4786,1231265
2014-03-26,GBBL,256,258,252,257,650,165781
2014-03-27,GBBL,257,260,252,257,1358,352204
2014-03-31,GBBL,257,257,251,255,1690,426880
2014-04-01,GBBL,255,263,254,258,3612,934216
2014-04-02,GBBL,258,263,256,260,7420,1918960
2014-04-03,GBBL,260,261,255,259,7076,1812042
2014-04-06,GBBL,259,254,245,251,753,189286
2014-04-07,GBBL,251,255,247,250,3693,924790
2014-04-09,GBBL,250,257,249,257,8568,2162255
2014-04-10,GBBL,257,270,255,268,8422,2167975
2014-04-13,GBBL,268,268,262,262,1349,356639
2014-04-15,GBBL,262,265,248,252,1279,331622
2014-04-16,GBBL,252,257,255,257,1467,375737
2014-04-17,GBBL,257,260,253,257,3498,893378
2014-04-20,GBBL,257,265,257,257,6624,1723852
2014-04-21,GBBL,257,262,255,256,3271,846323
2014-04-22,GBBL,256,270,254,265,7674,2010012
2014-04-23,GBBL,265,267,260,263,4164,1091674
2014-04-27,GBBL,263,265,255,255,1226,317586
2014-04-28,GBBL,255,270,256,270,8242,2157666
2014-04-29,GBBL,270,270,260,260,2605,692158
2014-04-30,GBBL,260,275,261,270,5021,1333469
2014-05-04,GBBL,270,270,256,265,5204,1360574
2014-05-05,GBBL,265,280,267,272,6379,1736996
2014-05-06,GBBL,272,297,275,293,20484,5845684
2014-05-07,GBBL,293,310,286,291,22128,6580031
2014-05-08,GBBL,291,293,280,280,7940,2265067
2014-05-11,GBBL,280,285,275,282,1107,311595
2014-05-12,GBBL,282,295,275,291,7572,2143767
2014-05-13,GBBL,291,291,281,281,414,118418
2014-05-15,GBBL,281,288,278,288,11814,3337261
2014-05-18,GBBL,288,288,280,285,4359,1237411
2014-05-19,GBBL,285,285,280,285,902,256365
2014-05-20,GBBL,285,290,285,289,961,276827
2014-05-21,GBBL,289,293,284,288,14051,4054352
2014-05-22,GBBL,288,293,283,290,6931,2008924
2014-05-25,GBBL,290,298,290,292,2559,752473
2014-05-26,GBBL,292,305,290,305,22048,6532616
2014-05-27,GBBL,305,304,295,300,7147,2136837
2014-05-28,GBBL,300,297,294,294,1111,328729
2014-06-01,GBBL,294,295,286,295,1648,479736
2014-06-02,GBBL,295,304,290,297,6101,1832828
2014-06-03,GBBL,297,300,290,292,1087,321644
2014-06-04,GBBL,292,297,287,294,1297,379129
2014-06-05,GBBL,294,295,290,295,3478,1017535
2014-06-08,GBBL,295,300,295,299,1813,539198
2014-06-09,GBBL,299,300,291,296,3681,1092385
2014-06-10,GBBL,296,298,291,298,4384,1291440
2014-06-11,GBBL,298,300,293,298,5842,1730152
2014-06-12,GBBL,298,301,290,301,3942,1180616
2014-06-15,GBBL,301,306,301,302,5132,1560163
2014-06-16,GBBL,302,311,296,300,5479,1662691
2014-06-17,GBBL,300,307,297,305,10256,3123709
2014-06-18,GBBL,305,308,295,300,22154,6690844
2014-06-19,GBBL,300,304,295,302,7265,2183155
2014-06-23,GBBL,302,300,294,300,6983,2066828
2014-06-24,GBBL,300,299,289,293,5170,1521868
2014-06-25,GBBL,293,302,295,295,5128,1521537
2014-06-26,GBBL,295,300,294,300,1802,535837
2014-06-29,GBBL,300,300,292,294,2990,888356
2014-06-30,GBBL,294,295,290,292,613,179849
2014-07-01,GBBL,292,300,294,300,3700,1091760
2014-07-02,GBBL,300,300,295,295,5454,1621986
2014-07-03,GBBL,295,312,295,302,9736,2909341
2014-07-06,GBBL,302,319,291,319,16902,4996470
2014-07-07,GBBL,319,328,315,326,8247,2647500
2014-07-08,GBBL,326,355,325,354,11580,4045312
2014-07-09,GBBL,354,361,350,357,6168,2197486
2014-07-10,GBBL,357,355,347,350,1994,697791
2014-07-13,GBBL,350,357,332,332,3192,1108661
2014-07-14,GBBL,332,344,333,340,5548,1884101
2014-07-15,GBBL,340,341,320,332,1940,636599
2014-07-16,GBBL,332,348,330,345,6709,2301799
2014-07-17,GBBL,345,347,337,347,16217,5543503
2014-07-20,GBBL,347,381,350,381,18869,6967694
2014-07-21,GBBL,381,419,388,415,11011,4520759
2014-07-22,GBBL,415,420,392,408,10961,4438116
2014-07-23,GBBL,408,416,391,410,8052,3268981
2014-07-24,GBBL,410,415,405,410,6283,2566242
2014-07-27,GBBL,410,418,404,412,5794,2382284
2014-07-28,GBBL,412,418,408,416,1957,811379
2014-07-30,GBBL,416,440,408,420,9134,3863277
2014-07-31,GBBL,420,430,420,428,4555,1927715
2014-08-03,GBBL,428,425,412,415,4731,1970262
2014-08-04,GBBL,415,410,400,400,5003,2023914
2014-08-05,GBBL,400,424,406,406,9503,3912864
2014-08-06,GBBL,406,414,403,403,1771,721433
2014-08-07,GBBL,403,400,389,399,4482,1763132
2014-08-12,GBBL,399,392,385,386,1858,722740
2014-08-13,GBBL,386,397,373,397,4224,1618962
2014-08-14,GBBL,397,398,376,391,1364,531184
2014-08-18,GBBL,391,396,390,390,1272,498956
2014-08-19,GBBL,390,399,385,387,4326,1697113
2014-08-20,GBBL,387,412,394,402,8143,3284122
2014-08-21,GBBL,402,425,392,425,6140,2457364
2014-08-24,GBBL,425,418,390,397,6214,2516935
2014-08-25,GBBL,397,404,371,380,10326,3929877
2014-08-26,GBBL,380,397,378,385,4777,1854385
2014-08-27,GBBL,385,414,390,390,3954,1560307
2014-08-28,GBBL,390,402,392,394,3159,1251057
2014-08-31,GBBL,394,400,372,372,8245,3178178
2014-09-01,GBBL,372,370,360,366,2900,1052112
2014-09-03,GBBL,366,387,370,370,3086,1161492
2014-09-04,GBBL,370,370,360,364,673,245176
2014-09-07,GBBL,364,361,340,345,3242,1120259
2014-09-09,GBBL,345,377,345,377,3423,1217739
2014-09-10,GBBL,377,391,359,366,6169,2296222
2014-09-11,GBBL,366,373,353,372,9396,3416342
2014-09-14,GBBL,372,370,355,360,4645,1676360
2014-09-15,GBBL,360,381,360,365,4709,1737301
2014-09-16,GBBL,365,377,358,371,1158,421675
2014-09-17,GBBL,371,379,365,370,3292,1222820
2014-09-18,GBBL,370,368,355,362,3238,1168621
2014-09-21,GBBL,362,355,343,350,1677,582970
2014-09-22,GBBL,350,355,347,350,2261,795202
2014-09-23,GBBL,350,363,350,360,564,202198
2014-09-24,GBBL,360,365,355,355,779,281401
2014-09-28,GBBL,355,369,350,369,400,142270
2014-09-29,GBBL,369,376,368,376,274,101165
2014-09-30,GBBL,376,378,356,375,1570,583514
2014-10-08,GBBL,375,370,368,368,63,23276
2014-10-09,GBBL,368,370,357,365,842,306711
2014-10-12,GBBL,365,372,354,360,3072,1131890
2014-10-13,GBBL,360,367,357,367,840,302397
2014-10-14,GBBL,367,361,361,361,134,48374
2014-10-15,GBBL,361,367,355,367,1091,390645
2014-10-16,GBBL,367,380,360,370,5796,2137493
2014-10-19,GBBL,370,370,356,370,10262,3789669
2014-10-20,GBBL,370,375,360,360,423,157425
2014-10-21,GBBL,360,373,355,366,3383,1222345
2014-10-22,GBBL,366,374,366,374,1054,387485
2014-10-26,GBBL,374,380,366,366,527,195563
2014-10-27,GBBL,366,382,370,370,1941,720728
2014-10-28,GBBL,370,375,356,368,3157,1164732
2014-10-30,GBBL,368,370,365,368,4664,1712746
2014-11-02,GBBL,368,371,365,368,1479,543824
2014-11-03,GBBL,368,379,361,369,3696,1362337
2014-11-04,GBBL,369,377,369,372,20515,7633127
2014-11-05,GBBL,372,390,372,387,10289,3914478
2014-11-06,GBBL,387,399,385,390,10652,4135787
2014-11-09,GBBL,390,393,380,383,8591,3317442
2014-11-10,GBBL,383,387,365,375,14151,5305156
2014-11-11,GBBL,313,319,318,319,330,105240
2014-11-18,GBBL,319,313,307,313,132,40980
2014-11-19,GBBL,313,313,313,313,74,23162
2014-11-20,GBBL,313,310,299,299,296,90206
2014-11-23,GBBL,299,295,295,295,26,7670
2014-11-24,GBBL,295,295,290,290,1688,492410
2014-11-25,GBBL,290,290,290,290,911,264190
2014-11-30,GBBL,290,295,285,295,228,65580
2014-12-01,GBBL,295,294,289,290,579,167634
2014-12-02,GBBL,290,285,285,285,112,31920
2014-12-03,GBBL,285,295,285,290,982,284650
2014-12-07,GBBL,290,290,280,280,1203,338125
2014-12-08,GBBL,280,275,275,275,66,18150
2014-12-09,GBBL,275,275,270,271,852,230905
2014-12-10,GBBL,271,276,275,275,144,39667
2014-12-11,GBBL,275,275,270,270,598,161720
2014-12-14,GBBL,270,297,275,297,329,96509
2014-12-15,GBBL,297,314,302,312,726,223751
2014-12-16,GBBL,312,310,310,310,514,159340
2014-12-17,GBBL,310,305,300,300,170,51475
2014-12-18,GBBL,300,300,295,300,561,168070
2014-12-21,GBBL,300,298,298,298,70,20860
2014-12-22,GBBL,298,296,290,291,782,229246
2014-12-23,GBBL,291,293,293,293,39,11427
2014-12-24,GBBL,293,288,288,288,158,45504
2014-12-28,GBBL,288,295,290,295,120,35100
2014-12-29,GBBL,295,300,295,300,544,161050
2014-12-31,GBBL,300,305,295,305,1062,318864
2015-01-01,GBBL,305,308,303,308,116,35448
2015-01-04,GBBL,308,314,309,314,222,69042
2015-01-05,GBBL,314,326,320,326,1869,604556
2015-01-06,GBBL,326,326,318,326,639,205290
2015-01-07,GBBL,326,337,330,331,568,188265
2015-01-08,GBBL,331,342,327,327,1964,653848
2015-01-11,GBBL,327,330,325,325,5094,1665800
2015-01-12,GBBL,325,325,311,320,786,246739
2015-01-13,GBBL,320,330,322,330,376,122140
2015-01-14,GBBL,330,337,330,332,4855,1628562
2015-01-18,GBBL,332,341,335,340,2638,890796
2015-01-19,GBBL,340,369,346,368,777,284597
2015-01-20,GBBL,368,364,355,355,1384,498177
2015-01-22,GBBL,355,355,343,343,877,305976
2015-01-25,GBBL,343,349,337,340,6484,2208862
2015-01-26,GBBL,340,360,346,353,1542,543261
2015-01-27,GBBL,353,350,346,346,836,291936
2015-01-28,GBBL,346,372,340,372,7348,2623064
2015-01-29,GBBL,372,380,362,362,982,370401
2015-02-01,GBBL,362,387,366,387,2972,1124458
2015-02-02,GBBL,387,404,390,395,3329,1328835
2015-02-03,GBBL,395,399,393,397,3431,1357111
2015-02-04,GBBL,397,403,390,398,3315,1315923
2015-02-05,GBBL,398,421,399,401,8470,3430703
2015-02-08,GBBL,401,415,405,406,5877,2422946
2015-02-09,GBBL,406,412,406,409,4626,1889637
2015-02-10,GBBL,409,409,392,402,8907,3563558
2015-02-11,GBBL,402,403,398,400,6385,2555300
2015-02-12,GBBL,340,359,346,352,1140,400866
2015-02-15,GBBL,352,365,357,365,1752,635241
2015-02-16,GBBL,365,370,360,360,3338,1220852
2015-02-18,GBBL,360,361,355,356,1026,366507
2015-02-22,GBBL,356,350,333,333,718,249509
2015-02-23,GBBL,333,348,321,348,4191,1437678
2015-02-24,GBBL,348,349,341,341,1740,597169
2015-02-25,GBBL,341,346,336,346,3558,1213138
2015-02-26,GBBL,346,353,341,344,1599,553811
2015-03-01,GBBL,344,345,342,345,2549,873405
2015-03-02,GBBL,345,348,345,348,588,203445
2015-03-03,GBBL,348,345,343,343,590,203370
2015-03-04,GBBL,343,343,331,343,610,206883
2015-03-09,GBBL,343,350,335,344,4944,1672375
2015-03-10,GBBL,344,343,340,340,1822,622090
2015-03-11,GBBL,340,342,335,336,3472,1175207
2015-03-12,GBBL,336,342,336,342,432,146096
2015-03-15,GBBL,342,342,333,333,3841,1303731
2015-03-16,GBBL,333,330,328,328,3239,1068576
2015-03-17,GBBL,328,335,322,332,4387,1451236
2015-03-18,GBBL,332,332,329,330,1103,363890
2015-03-19,GBBL,330,332,326,326,4387,1440683
2015-03-22,GBBL,326,332,323,325,961,314529
2015-03-23,GBBL,325,322,317,317,1500,478399
2015-03-24,GBBL,317,326,320,325,482,156265
2015-03-25,GBBL,325,322,316,320,1212,386529
2015-03-26,GBBL,320,314,314,314,74,23236
2015-03-29,GBBL,314,315,309,315,863,270313
2015-03-30,GBBL,315,312,305,305,1012,313296
2015-03-31,GBBL,305,322,310,322,646,203860
2015-04-01,GBBL,322,322,312,315,1382,437036
2015-04-02,GBBL,315,323,315,318,2283,730676
2015-04-05,GBBL,318,314,311,311,347,108074
2015-04-06,GBBL,311,315,311,315,347,109129
2015-04-07,GBBL,315,312,308,308,1876,581989
2015-04-08,GBBL,308,320,314,320,610,194540
2015-04-09,GBBL,320,331,325,325,757,246989
2015-04-12,GBBL,325,331,325,328,582,190000
2015-04-13,GBBL,328,331,325,326,554,181809
2015-04-15,GBBL,326,325,320,320,558,180097
2015-04-16,GBBL,320,320,318,318,900,286550
2015-04-19,GBBL,318,325,319,320,915,293783
2015-04-20,GBBL,320,324,320,320,935,300637
2015-04-21,GBBL,320,321,317,321,2430,775267
2015-04-22,GBBL,321,327,315,323,7851,2490677
2015-04-23,GBBL,323,318,305,305,1785,553098
2015-10-07,GBBL,305,335,311,335,260,84460
2015-10-08,GBBL,335,368,341,368,19749,7262246
2015-10-11,GBBL,368,382,370,370,7114,2650614
2015-10-14,GBBL,370,372,362,364,2075,757050
2015-10-15,GBBL,364,366,352,352,6651,2371410
2015-10-18,GBBL,352,352,340,345,10070,3470627
2015-10-19,GBBL,345,353,345,353,908,318476
2015-10-27,GBBL,353,346,320,320,5937,1949854
2015-10-28,GBBL,320,331,308,331,2757,874755
2015-10-29,GBBL,331,325,314,320,7330,2347715
2015-11-01,GBBL,320,351,326,351,1033,352218
2015-11-02,GBBL,351,344,327,330,2120,703410
2015-11-03,GBBL,330,336,325,332,1840,609125
2015-11-04,GBBL,332,340,334,334,1949,655622
2015-11-05,GBBL,334,335,330,330,1785,590075
2015-11-08,GBBL,330,331,328,328,700,230200
2015-11-09,GBBL,328,338,333,338,3199,1071051
2015-11-10,GBBL,338,339,336,339,144,48684
2015-11-15,GBBL,339,335,335,335,500,167500
2015-11-16,GBBL,335,340,340,340,28,9520
2015-11-18,GBBL,340,335,335,335,300,100500
2015-11-19,GBBL,335,330,324,330,1100,361000
2015-11-22,GBBL,330,325,320,320,1958,630156
2015-11-23,GBBL,320,317,314,317,655,207545
2015-11-24,GBBL,317,323,317,319,953,305461
2015-11-25,GBBL,319,324,314,316,21028,6641832
2015-11-26,GBBL,316,315,304,315,1552,483008
2015-11-29,GBBL,315,315,309,309,600,186000
2015-11-30,GBBL,309,307,297,306,2147,651815
2015-12-01,GBBL,306,316,305,310,4598,1422799
2015-12-02,GBBL,310,310,305,310,1745,537780
2015-12-03,GBBL,310,315,315,315,156,49140
2015-12-06,GBBL,315,328,320,327,3559,1153378
2015-12-07,GBBL,327,339,323,323,1220,405260
2015-12-08,GBBL,323,327,327,327,305,99735
2015-12-09,GBBL,327,328,320,326,1600,517355
2015-12-10,GBBL,326,326,320,320,1131,363856
2015-12-15,GBBL,320,320,320,320,250,80000
2015-12-16,GBBL,320,333,323,332,4914,1609680
2015-12-17,GBBL,332,334,322,330,2715,891886
2015-12-20,GBBL,330,354,336,345,11237,3893700
2015-12-21,GBBL,345,358,350,352,7333,2584725
2015-12-22,GBBL,352,359,345,348,3288,1158046
2015-12-23,GBBL,348,350,342,342,2069,718853
2015-12-24,GBBL,342,350,342,342,5001,1730137
2015-12-27,GBBL,342,357,342,347,11126,3857711
2015-12-28,GBBL,347,357,347,357,18136,6372528
2015-12-29,GBBL,298,303,292,296,2320,685460
2015-12-31,GBBL,296,302,296,301,4527,1353904
2016-01-03,GBBL,301,306,300,301,2079,628320
2016-01-04,GBBL,301,299,296,299,404,120036
2016-01-05,GBBL,299,294,287,287,1433,415271
2016-01-06,GBBL,287,295,292,295,543,159475
2016-01-07,GBBL,295,314,295,305,4286,1305229
2016-01-10,GBBL,305,308,304,307,7059,2156537
2016-01-11,GBBL,307,312,299,312,5508,1672277
2016-01-12,GBBL,312,318,307,307,2037,644078
2016-01-13,GBBL,307,320,303,303,3599,1136658
2016-01-14,GBBL,303,321,309,315,2654,836116
2016-01-17,GBBL,315,321,309,319,8716,2762202
2016-01-18,GBBL,319,320,311,319,2187,689634
2016-01-19,GBBL,319,319,308,319,3658,1150202
2016-01-20,GBBL,319,318,310,318,3653,1146442
2016-01-21,GBBL,318,325,312,320,24795,7895592
2016-01-24,GBBL,320,326,320,320,1086,352768
2016-01-25,GBBL,320,325,316,322,4468,1431465
2016-01-26,GBBL,322,326,322,322,3717,1204774
2016-01-27,GBBL,322,324,316,323,3815,1230915
2016-01-28,GBBL,323,324,321,324,582,188008
2016-01-31,GBBL,324,327,318,327,2780,891994
2016-02-01,GBBL,327,345,325,339,32154,10804686
2016-02-02,GBBL,339,360,345,353,33865,11973187
2016-02-03,GBBL,353,357,340,357,17506,6095102
2016-02-04,GBBL,357,364,350,354,15319,5468623
2016-02-07,GBBL,354,369,348,354,17678,6290324
2016-02-08,GBBL,354,357,350,350,5733,2022925
2016-02-11,GBBL,350,359,347,348,3705,1298217
2016-02-14,GBBL,348,354,343,347,6114,2118108
2016-02-15,GBBL,347,347,323,342,2104,719645
2016-02-16,GBBL,342,353,338,341,6192,2119221
2016-02-17,GBBL,341,347,345,345,3417,1180096
2016-02-18,GBBL,345,347,339,343,5084,1753554
2016-02-21,GBBL,343,349,341,342,4228,1453997
2016-02-22,GBBL,342,349,342,349,4568,1588492
2016-02-23,GBBL,349,350,342,345,5085,1758605
2016-02-24,GBBL,345,344,340,342,1649,563710
2016-02-25,GBBL,342,345,339,345,2308,788562
2016-02-28,GBBL,345,350,340,340,1620,556924
2016-02-29,GBBL,340,346,340,340,4325,1479184
2016-03-01,GBBL,340,346,339,344,8344,2876379
2016-03-02,GBBL,344,354,342,345,4546,1588084
2016-03-03,GBBL,345,365,345,355,7687,2705200
2016-03-06,GBBL,355,355,344,352,5402,1888347
2016-03-10,GBBL,352,372,345,371,29899,10714109
2016-03-13,GBBL,371,370,355,362,12527,4519015
2016-03-14,GBBL,362,362,356,356,1846,659709
2016-03-15,GBBL,356,361,356,356,4328,1552548
2016-03-16,GBBL,356,356,351,353,344,122159
2016-03-17,GBBL,353,361,352,361,2009,719211
2016-03-20,GBBL,361,363,356,360,4729,1704204
2016-03-21,GBBL,360,368,354,368,10564,3819878
2016-03-23,GBBL,368,370,361,370,2514,917675
2016-03-24,GBBL,370,366,360,364,6142,2223402
2016-03-27,GBBL,364,365,352,365,6547,2355851
2016-03-28,GBBL,365,362,359,361,6037,2174755
2016-03-29,GBBL,361,361,356,359,2244,804499
2016-03-30,GBBL,359,360,353,355,2348,835183
2016-03-31,GBBL,355,355,351,354,4366,1540726
2016-04-03,GBBL,354,357,343,357,6465,2239337
2016-04-04,GBBL,357,354,346,350,5460,1907976
2016-04-05,GBBL,350,355,350,352,3144,1106974
2016-04-06,GBBL,352,357,350,357,2130,753340
2016-04-10,GBBL,357,354,352,353,5193,1835329
2016-04-11,GBBL,353,349,339,343,9905,3402861
2016-04-12,GBBL,343,348,334,348,11205,3800048
2016-04-14,GBBL,348,348,342,348,2132,735160
2016-04-17,GBBL,348,357,346,350,4628,1622388
2016-04-18,GBBL,350,374,350,359,15062,5430181
2016-04-19,GBBL,359,366,356,357,6108,2193176
2016-04-20,GBBL,357,360,351,356,3244,1148297
2016-11-14,GBBL,356,391,363,391,50,18850
2016-11-15,GBBL,391,430,398,430,1507,646978
2016-11-16,GBBL,430,454,415,435,121689,52087424
2016-11-17,GBBL,435,431,407,411,43391,18048032
2016-11-20,GBBL,411,416,383,400,33859,13328991
2016-11-21,GBBL,400,407,384,393,24093,9505293
2016-11-22,GBBL,393,400,370,396,30268,11948510
2016-11-23,GBBL,396,400,380,385,25427,9973581
2016-11-24,GBBL,385,406,378,391,34636,13374561
2016-11-27,GBBL,391,398,370,375,19097,7259938
2016-11-28,GBBL,375,400,350,395,31738,11976822
2016-11-29,GBBL,395,416,385,410,25041,9936886
2016-11-30,GBBL,410,418,397,415,25928,10620023
2016-12-01,GBBL,415,420,406,410,22983,9462968
2016-12-04,GBBL,410,402,395,400,7279,2906321
2016-12-05,GBBL,400,406,390,392,18056,7163913
2016-12-06,GBBL,392,400,390,397,15826,6224868
2016-12-07,GBBL,397,407,394,407,28413,11358361
2016-12-08,GBBL,407,405,400,405,11368,4566523
2016-12-11,GBBL,405,405,393,400,8829,3505538
2016-12-12,GBBL,400,398,385,393,8318,3246790
2016-12-14,GBBL,393,400,390,393,24798,9700224
2016-12-15,GBBL,393,400,391,395,12559,4985183
2016-12-18,GBBL,395,404,395,400,4719,1887987
2016-12-19,GBBL,400,400,395,395,10325,4094068
2016-12-20,GBBL,395,397,392,393,7291,2877164
2016-12-21,GBBL,393,396,382,394,11690,4576948
2016-12-22,GBBL,394,401,393,393,21804,8638718
2016-12-26,GBBL,393,390,383,383,19790,7657821
2016-12-27,GBBL,383,392,369,380,11015,4177509
2016-12-28,GBBL,380,392,380,383,9360,3589613
2016-12-29,GBBL,383,390,384,387,11522,4464533
2017-01-01,GBBL,387,393,385,392,11519,4499316
2017-01-02,GBBL,392,397,385,396,7376,2884093
2017-01-03,GBBL,396,398,387,388,5815,2273615
2017-01-04,GBBL,388,396,383,391,12841,5040513
2017-01-05,GBBL,391,392,386,390,8201,3190547
2017-01-08,GBBL,390,392,385,385,8814,3415087
2017-01-09,GBBL,385,390,381,387,5463,2102094
2017-01-10,GBBL,387,399,384,392,8492,3344053
2017-01-11,GBBL,392,395,385,386,4324,1688676
2017-01-12,GBBL,386,393,387,388,3480,1351522
2017-01-15,GBBL,388,390,384,388,3131,1210330
2017-01-16,GBBL,388,396,385,385,5972,2326739
2017-01-17,GBBL,385,395,380,390,4620,1786875
2017-01-18,GBBL,390,392,388,392,2803,1093304
2017-01-19,GBBL,392,392,388,391,8269,3227010
2017-01-22,GBBL,391,393,387,388,8252,3217282
2017-01-23,GBBL,388,395,385,388,5633,2186517
2017-01-24,GBBL,388,395,376,376,7666,2908588
2017-01-25,GBBL,376,397,372,386,46888,18029140
2017-01-26,GBBL,386,396,380,386,28148,10910559
2017-01-30,GBBL,386,390,370,375,25174,9601807
2017-01-31,GBBL,375,391,368,391,14373,5518412
2017-02-01,GBBL,391,410,391,405,39018,15566311
2017-02-02,GBBL,405,413,395,404,56737,22860470
2017-02-05,GBBL,337,343,316,329,6519,2117663
2017-02-06,GBBL,329,326,312,312,11141,3546258
2017-02-07,GBBL,312,324,315,317,3335,1065466
2017-02-08,GBBL,317,317,311,311,4967,1558457
2017-02-09,GBBL,311,322,307,308,7995,2490784
2017-02-12,GBBL,308,310,300,300,7369,2235777
2017-02-13,GBBL,300,301,285,300,11939,3509766
2017-02-14,GBBL,300,307,295,300,6761,2036402
2017-02-15,GBBL,300,318,300,318,3129,965774
2017-02-16,GBBL,318,330,315,323,7536,2410838
2017-02-19,GBBL,323,334,317,333,16574,5449444
2017-02-20,GBBL,333,340,321,333,18019,6024512
2017-02-21,GBBL,333,339,323,323,7648,2529212
2017-02-22,GBBL,323,329,320,320,2320,750480
2017-02-23,GBBL,320,326,320,320,3694,1198603
2017-02-26,GBBL,320,321,316,319,3092,985860
2017-02-28,GBBL,319,320,314,318,7134,2260402
2017-03-01,GBBL,318,321,315,319,3452,1096435
2017-03-02,GBBL,319,323,316,323,5749,1830933
2017-03-05,GBBL,323,328,318,326,2839,922802
2017-03-06,GBBL,326,338,326,327,3131,1029810
2017-03-07,GBBL,327,327,321,327,2327,757158
2017-03-09,GBBL,327,330,322,330,5258,1712662
2017-03-13,GBBL,330,332,327,330,2050,676378
2017-03-14,GBBL,330,330,328,328,3896,1281614
2017-03-15,GBBL,328,335,325,335,4849,1606791
2017-03-16,GBBL,335,335,328,331,3913,1293774
2017-03-19,GBBL,331,337,330,333,2543,843207
2017-03-20,GBBL,333,346,334,340,19920,6795033
2017-03-21,GBBL,340,374,335,365,19283,6692450
2017-03-22,GBBL,365,389,358,367,34811,12978986
2017-03-23,GBBL,367,397,370,390,66925,25721778
2017-03-26,GBBL,390,410,390,407,56890,22764280
2017-03-28,GBBL,407,447,411,436,42880,18430488
2017-03-29,GBBL,436,460,430,434,36657,16225624
2017-03-30,GBBL,434,442,419,435,26372,11411550
2017-04-02,GBBL,435,465,440,465,23222,10521286
2017-04-03,GBBL,465,511,456,465,34416,16474166
2017-04-04,GBBL,465,500,456,496,71451,34760020
2017-04-06,GBBL,496,515,497,505,67430,34053116
2017-04-09,GBBL,505,515,486,495,62172,30780584
2017-04-10,GBBL,495,500,486,494,81317,40051728
2017-04-11,GBBL,494,500,490,500,156747,77801328
2017-04-12,GBBL,335,368,341,360,46378,16779528
2017-04-13,GBBL,360,359,340,351,23438,8173684
2017-04-16,GBBL,351,351,333,334,8430,2850035
2017-04-18,GBBL,334,330,318,320,12949,4173852
2017-04-19,GBBL,320,350,321,350,6106,2114872
2017-04-20,GBBL,350,364,343,343,6479,2262694
2017-04-23,GBBL,343,362,343,345,10937,3846968
2017-04-24,GBBL,345,348,336,343,7552,2583145
2017-04-25,GBBL,343,350,330,334,5687,1928207
2017-04-26,GBBL,334,340,328,330,9301,3078441
2017-04-27,GBBL,330,340,325,334,6305,2095825
2017-04-30,GBBL,334,332,320,323,11014,3579276
2017-05-02,GBBL,323,329,320,328,9104,2937130
2017-05-03,GBBL,328,334,322,322,5763,1897857
2017-05-04,GBBL,322,325,317,321,10385,3325143
2017-05-07,GBBL,321,321,312,315,8880,2801589
2017-05-08,GBBL,315,321,314,317,5754,1826249
2017-05-09,GBBL,317,322,317,321,2729,875613
2017-05-11,GBBL,321,328,319,324,10562,3402013
2017-05-15,GBBL,324,335,325,325,1739,573325
2017-05-16,GBBL,325,327,319,325,7436,2410526
2017-05-17,GBBL,325,328,320,322,7511,2422502
2017-05-18,GBBL,322,320,318,320,3995,1273092
2017-05-21,GBBL,320,320,309,310,8677,2710219
2017-05-22,GBBL,310,310,302,310,2380,727910
2017-05-23,GBBL,310,322,310,317,5090,1605212
2017-05-24,GBBL,317,323,313,316,5038,1605585
2017-05-28,GBBL,316,318,308,310,13221,4109936
2017-05-30,GBBL,310,309,304,308,13224,4054614
2017-05-31,GBBL,308,319,303,311,5380,1673537
2017-06-01,GBBL,311,315,308,310,5902,1847616
2017-06-04,GBBL,310,311,302,302,8625,2651167
2017-06-05,GBBL,302,315,303,307,6092,1888885
2017-06-06,GBBL,307,319,310,316,5417,1706184
2017-06-07,GBBL,316,322,310,311,3937,1239507
2017-06-08,GBBL,311,313,307,310,3964,1229889
2017-06-11,GBBL,310,309,300,305,6845,2081062
2017-06-12,GBBL,305,311,299,307,4186,1266319
2017-06-13,GBBL,307,310,300,304,3285,999138
2017-06-14,GBBL,304,306,300,303,5579,1685765
2017-06-15,GBBL,303,308,294,300,20043,6017376
2017-06-18,GBBL,300,303,295,295,8388,2488950
2017-06-19,GBBL,295,300,293,293,4397,1301233
2017-06-20,GBBL,293,300,288,296,4232,1251857
2017-06-21,GBBL,296,300,294,295,5144,1529743
2017-06-22,GBBL,295,299,293,293,3451,1017953
2017-06-25,GBBL,293,300,290,300,1941,579640
2017-06-27,GBBL,300,296,294,296,2972,875054
2017-06-28,GBBL,296,300,291,297,2047,605273
2017-07-02,GBBL,297,294,290,293,3004,874200
2017-07-03,GBBL,293,303,290,292,1665,488431
2017-07-04,GBBL,292,295,290,294,1617,474946
2017-07-05,GBBL,294,295,293,294,1609,472834
2017-07-06,GBBL,294,302,292,300,15477,4551288
2017-07-09,GBBL,300,312,285,303,10152,3052347
2017-07-10,GBBL,303,306,293,296,9426,2788055
2017-07-11,GBBL,296,300,295,297,7843,2325386
2017-07-12,GBBL,297,299,290,298,13166,3882298
2017-07-13,GBBL,298,300,290,296,4742,1397216
2017-07-16,GBBL,296,298,291,295,7320,2146367
2017-07-17,GBBL,295,300,295,300,5536,1644991
2017-07-18,GBBL,300,305,300,302,11992,3618285
2017-07-19,GBBL,302,308,300,300,9773,2965753
2017-07-20,GBBL,300,306,297,298,12570,3773462
2017-07-23,GBBL,298,295,292,295,7284,2140162
2017-07-24,GBBL,295,295,292,294,7877,2305759
2017-07-25,GBBL,294,298,290,294,6266,1839331
2017-07-26,GBBL,294,295,290,293,11769,3429266
2017-07-27,GBBL,293,295,286,286,11030,3182580
2017-07-30,GBBL,286,290,278,286,17371,4945271
2017-07-31,GBBL,286,294,286,290,10901,3143614
2017-08-01,GBBL,290,295,290,291,10097,2941441
2017-08-02,GBBL,291,298,288,291,8418,2458412
2017-08-03,GBBL,291,296,286,295,7492,2162441
2017-08-06,GBBL,295,291,286,286,5979,1723294
2017-08-07,GBBL,286,286,282,285,9362,2658535
2017-08-09,GBBL,285,286,281,282,10262,2906401
2017-08-10,GBBL,282,286,280,280,17296,4867657
2017-08-13,GBBL,280,285,277,279,9987,2783660
2017-08-15,GBBL,279,281,271,277,13138,3618897
2017-08-16,GBBL,277,285,275,276,14544,4048892
2017-08-17,GBBL,276,280,270,273,22063,6020540
2017-08-20,GBBL,273,276,265,265,22873,6131118
2017-08-21,GBBL,265,270,264,268,9215,2456760
2017-08-22,GBBL,268,271,265,266,21218,5683043
2017-08-23,GBBL,266,270,265,269,21280,5658580
2017-08-24,GBBL,269,271,267,271,10557,2835417
2017-08-27,GBBL,271,275,266,267,8736,2344193
2017-08-28,GBBL,267,270,263,270,11937,3177720
2017-08-30,GBBL,270,270,262,267,5047,1339536
2017-08-31,GBBL,267,270,263,267,5180,1377141
2017-09-04,GBBL,267,266,259,260,8890,2324527
2017-09-06,GBBL,260,266,256,259,7335,1901411
2017-09-07,GBBL,259,260,255,255,4625,1192388
2017-09-10,GBBL,255,252,245,248,19400,4794575
2017-09-11,GBBL,248,249,243,248,11765,2897800
2017-09-12,GBBL,248,251,244,247,4805,1191511
2017-09-13,GBBL,247,250,239,244,15889,3894571
2017-09-14,GBBL,244,260,241,255,12277,3047446
2017-09-17,GBBL,255,261,250,261,6309,1604947
2017-09-18,GBBL,261,267,255,255,5110,1322238
2017-09-20,GBBL,255,257,252,256,4427,1124307
2017-09-24,GBBL,256,259,252,257,1462,374888
2017-09-25,GBBL,257,261,257,261,2660,689814
2017-09-26,GBBL,261,263,257,261,3137,817042
2017-10-03,GBBL,261,265,261,261,1609,424322
2017-10-04,GBBL,261,260,255,255,3011,775484
2017-10-08,GBBL,255,250,243,248,8321,2049878
2017-10-09,GBBL,248,250,245,247,4080,1009587
2017-10-10,GBBL,247,254,245,254,3829,955301
2017-10-11,GBBL,254,258,247,250,2442,614541
2017-10-12,GBBL,250,251,248,249,2871,716314
2017-10-15,GBBL,249,255,248,253,2539,638465
2017-10-16,GBBL,253,266,255,266,2916,754926
2017-10-17,GBBL,266,273,260,270,13708,3662899
2017-10-18,GBBL,270,272,257,272,3223,850500
2017-10-22,GBBL,272,272,267,269,2068,555464
2017-10-23,GBBL,269,267,259,264,4986,1304753
2017-10-24,GBBL,264,265,256,262,3868,1009970
2017-10-25,GBBL,262,261,253,253,3925,1017144
2017-10-29,GBBL,253,255,252,252,5430,1377847
2017-10-30,GBBL,252,256,250,251,4762,1203839
2017-10-31,GBBL,251,253,250,250,1950,491507
2017-11-01,GBBL,250,255,248,255,2602,651767
2017-11-02,GBBL,255,255,250,251,4659,1170285
2017-11-05,GBBL,251,250,243,248,7367,1811785
2017-11-06,GBBL,248,250,240,246,13815,3348809
2017-11-07,GBBL,246,247,240,243,6734,1639101
2017-11-08,GBBL,243,241,237,240,5055,1210245
2017-11-09,GBBL,240,244,232,239,8560,2029089
2017-11-12,GBBL,239,248,233,248,4323,1030800
2017-11-13,GBBL,248,249,240,246,4718,1147611
2017-11-14,GBBL,246,249,245,247,6493,1599605
2017-11-15,GBBL,247,250,241,244,3842,938941
2017-11-16,GBBL,244,241,236,240,3838,917251
2017-11-19,GBBL,240,245,238,238,10953,2631252
2017-11-20,GBBL,238,242,238,239,11374,2725317
2017-11-21,GBBL,239,243,238,242,8746,2100024
2017-11-22,GBBL,242,242,238,238,14429,3455720
2017-11-23,GBBL,238,247,242,246,7961,1944901
2017-11-26,GBBL,246,252,247,251,6526,1629855
2017-11-27,GBBL,251,249,244,244,3193,784875
2017-11-28,GBBL,244,247,242,243,7199,1755570
2017-11-29,GBBL,243,250,244,248,10196,2526076
2017-11-30,GBBL,248,248,241,248,2940,723516
2017-12-04,GBBL,248,248,240,243,10803,2613785
2017-12-05,GBBL,243,244,240,244,3068,743131
2017-12-06,GBBL,244,250,243,247,17285,4253639
2017-12-10,GBBL,247,251,244,246,3567,884058
2017-12-11,GBBL,246,246,243,244,2970,728062
2017-12-12,GBBL,244,246,241,242,14406,3475606
2017-12-13,GBBL,242,246,238,245,1570,382336
2017-12-14,GBBL,245,249,241,241,4895,1188145
2017-12-17,GBBL,241,241,238,238,3310,792454
2017-12-18,GBBL,238,240,235,238,17013,4033233
2017-12-19,GBBL,238,240,234,235,4180,984311
2017-12-20,GBBL,235,239,235,239,2204,521956
2017-12-21,GBBL,239,239,235,238,4922,1163845
2017-12-24,GBBL,238,240,234,238,6749,1597630
2017-12-26,GBBL,238,240,233,234,3886,914658
2017-12-27,GBBL,234,235,227,229,9924,2273886
2017-12-28,GBBL,229,237,221,227,35518,8016230
2017-12-31,GBBL,197,194,189,189,4058,777848
2018-01-01,GBBL,189,196,190,196,4801,928213
2018-01-02,GBBL,196,199,194,195,4806,943110
2018-01-03,GBBL,195,196,190,191,1606,309164
2018-01-04,GBBL,191,195,190,190,5972,1148878
2018-01-07,GBBL,190,195,190,195,4130,792478
2018-01-08,GBBL,195,198,191,195,2866,556249
2018-01-09,GBBL,195,200,195,200,2656,524805
2018-01-10,GBBL,200,203,196,196,5860,1158956
2018-01-14,GBBL,196,196,193,194,1500,291614
2018-01-16,GBBL,194,194,190,192,3076,589512
2018-01-17,GBBL,192,195,186,195,3073,580522
2018-01-21,GBBL,195,198,192,195,2515,488249
2018-01-22,GBBL,195,194,191,192,2728,524429
2018-01-23,GBBL,192,195,192,194,5845,1129058
2018-01-24,GBBL,194,196,192,196,5216,1012710
2018-01-25,GBBL,196,198,193,194,3892,755568
2018-01-28,GBBL,194,197,192,195,7986,1543312
2018-01-29,GBBL,195,197,194,197,1245,243050
2018-01-31,GBBL,197,197,192,196,3692,717080
2018-02-01,GBBL,196,200,196,198,5328,1051994
2018-02-04,GBBL,198,197,195,195,4953,967628
2018-02-05,GBBL,195,195,194,194,888,172672
2018-02-06,GBBL,194,195,192,193,3610,696372
2018-02-07,GBBL,193,196,190,193,6154,1181032
2018-02-08,GBBL,193,195,192,195,3102,600738
2018-02-11,GBBL,195,195,187,187,4911,944571
2018-02-12,GBBL,187,195,190,195,1160,224330
2018-02-14,GBBL,195,195,192,193,6400,1232580
2018-02-15,GBBL,193,201,191,200,7506,1490244
2018-02-18,GBBL,202,208,198,202,17316,3496287
2018-02-20,GBBL,201,201,197,198,8653,1715760
2018-02-21,GBBL,197,197,195,195,2309,453091
2018-02-22,GBBL,196,197,194,195,9768,1911962
2018-02-25,GBBL,196,199,191,192,2689,521229
2018-02-26,GBBL,195,195,191,195,5117,984551
2018-02-27,GBBL,198,197,192,194,5552,1074689
2018-02-28,GBBL,191,193,188,189,8269,1572249
2018-03-04,GBBL,186,186,178,178,14483,2632327
2018-03-05,GBBL,181,184,181,182,3060,557494
2018-03-06,GBBL,185,187,180,185,5752,1055853
2018-03-07,GBBL,185,192,185,192,17119,3227349
2018-03-11,GBBL,192,192,185,185,9970,1867415
2018-03-12,GBBL,182,191,182,189,636,118933
2018-03-13,GBBL,186,188,184,188,3903,726928
2018-03-14,GBBL,188,188,185,188,3639,679927
2018-03-15,GBBL,188,191,186,189,3635,688006
2018-03-18,GBBL,191,191,186,187,3314,620632
2018-03-19,GBBL,187,189,184,184,7218,1340675
2018-03-20,GBBL,184,184,180,183,7451,1358186
2018-03-21,GBBL,182,182,178,180,6258,1128425
2018-03-22,GBBL,178,187,178,180,12597,2328206
2018-03-26,GBBL,177,180,172,172,5701,1000788
2018-03-27,GBBL,171,184,169,180,7039,1215562
2018-03-28,GBBL,180,180,177,179,6223,1109198
2018-03-29,GBBL,178,184,178,184,3185,578475
2018-04-01,GBBL,181,181,173,174,6820,1195334
2018-04-02,GBBL,174,176,171,171,9949,1723772
2018-04-03,GBBL,174,180,173,174,3205,561153
2018-04-04,GBBL,177,185,177,183,2297,418057
2018-04-05,GBBL,186,187,180,187,13460,2479477
2018-04-08,GBBL,187,195,184,188,24529,4603650
2018-04-09,GBBL,191,194,187,187,6635,1261348
2018-04-10,GBBL,184,189,184,185,4019,751585
2018-04-11,GBBL,183,185,177,178,9816,1770060
2018-04-12,GBBL,181,186,179,181,7553,1377066
2018-04-15,GBBL,181,183,178,183,2983,543332
2018-04-16,GBBL,186,187,182,184,4732,871577
2018-04-17,GBBL,187,193,187,193,9957,1899537
2018-04-18,GBBL,195,210,192,196,19449,3868679
2018-04-19,GBBL,199,212,199,207,20313,4159191
2018-04-22,GBBL,209,219,208,219,22144,4694317
2018-04-23,GBBL,223,223,204,215,10549,2267891
2018-04-24,GBBL,213,214,204,208,12314,2581891
2018-04-25,GBBL,208,210,204,207,16029,3320505
2018-04-26,GBBL,210,210,200,201,5833,1177097
2018-04-29,GBBL,199,204,196,204,8439,1685918
2018-05-02,GBBL,200,200,195,200,3654,728587
2018-05-03,GBBL,204,208,200,203,9911,2004891
2018-05-06,GBBL,200,202,197,198,4536,902440
2018-05-07,GBBL,200,200,197,198,3869,767490
2018-05-08,GBBL,199,200,197,200,6738,1339454
2018-05-09,GBBL,201,203,199,200,7158,1436050
2018-05-10,GBBL,200,203,200,203,1393,279175
2018-05-14,GBBL,204,204,195,195,5481,1080276
2018-05-15,GBBL,198,198,194,194,1073,209400
2018-05-16,GBBL,191,195,191,193,2696,522026
2018-05-17,GBBL,193,198,193,195,1443,282675
2018-05-20,GBBL,198,199,195,196,5122,1004397
2018-05-21,GBBL,195,200,194,200,1751,342447
2018-05-22,GBBL,200,200,196,197,1149,226092
2018-05-23,GBBL,196,196,190,193,6899,1325853
2018-05-24,GBBL,191,192,189,190,12231,2327617
2018-05-27,GBBL,188,190,187,189,7939,1499262
2018-05-28,GBBL,188,194,186,193,12556,2395972
2018-05-29,GBBL,196,199,195,195,2527,496013
2018-05-30,GBBL,197,197,190,194,16793,3209078
2018-05-31,GBBL,192,194,191,192,6008,1154202
2018-06-03,GBBL,190,190,184,186,6285,1178558
2018-06-04,GBBL,183,190,183,187,1918,358310
2018-06-06,GBBL,190,193,190,191,110,21100
2018-06-07,GBBL,190,190,181,181,8143,1495637
2018-06-10,GBBL,180,183,176,178,5822,1042528
2018-06-11,GBBL,178,184,176,180,7999,1429030
2018-06-12,GBBL,180,181,173,176,2422,428607
2018-06-13,GBBL,175,179,175,178,3526,622524
2018-06-14,GBBL,178,185,178,180,3925,704041
2018-06-17,GBBL,181,183,180,180,3362,608602
2018-06-18,GBBL,179,186,179,186,1914,349032
2018-06-19,GBBL,183,183,177,180,2084,374229
2018-06-20,GBBL,181,181,177,178,2073,370648
2018-06-21,GBBL,178,183,176,183,594,106235
2018-06-24,GBBL,180,185,178,180,4286,772889
2018-06-25,GBBL,181,182,178,179,1288,231064
2018-06-26,GBBL,179,180,174,175,3905,698275
2018-06-27,GBBL,175,178,173,178,3238,568142
2018-06-28,GBBL,180,181,178,178,2712,487800
2018-07-01,GBBL,175,175,172,172,3345,577796
2018-07-02,GBBL,173,175,170,173,3010,520131
2018-07-03,GBBL,173,176,170,175,3096,533642
2018-07-04,GBBL,173,180,173,177,4410,773015
2018-07-05,GBBL,176,182,175,180,6418,1147630
2018-07-08,GBBL,181,184,179,180,4822,875438
2018-07-09,GBBL,181,181,179,179,2285,411097
2018-07-10,GBBL,181,182,180,181,3650,658477
2018-07-11,GBBL,182,183,180,180,2223,402672
2018-07-12,GBBL,180,180,174,178,4454,782973
2018-07-15,GBBL,180,181,175,180,3104,556405
2018-07-16,GBBL,180,185,178,182,3864,704873
2018-07-17,GBBL,179,181,175,180,9189,1614695
2018-07-18,GBBL,181,181,177,179,23834,4243025
2018-07-19,GBBL,179,180,176,177,2876,510522
2018-07-22,GBBL,177,177,170,170,3623,630427
2018-07-23,GBBL,170,176,170,176,1208,210284
2018-07-24,GBBL,179,184,179,181,3225,585112
2018-07-25,GBBL,179,182,179,181,3054,550753
2018-07-26,GBBL,180,181,175,181,6302,1126377
2018-07-29,GBBL,181,182,180,182,6144,1111416
2018-07-30,GBBL,182,183,180,181,7342,1333559
2018-07-31,GBBL,180,183,180,183,2415,437591
2018-08-01,GBBL,182,183,179,183,14863,2678526
2018-08-02,GBBL,182,183,179,181,3586,650544
2018-08-05,GBBL,184,184,182,183,1141,208503
2018-08-06,GBBL,184,186,183,186,2828,522585
2018-08-07,GBBL,185,185,181,185,3620,663882
2018-08-08,GBBL,185,185,181,183,5417,989393
2018-08-09,GBBL,181,185,181,184,8547,1577554
2018-08-12,GBBL,182,183,181,182,3790,687887
2018-08-13,GBBL,183,184,182,183,4543,831256
2018-08-14,GBBL,185,187,183,185,6924,1278958
2018-08-15,GBBL,187,194,187,191,9376,1772909
2018-08-16,GBBL,190,194,190,192,8382,1611360
2018-08-19,GBBL,190,192,189,190,4989,948640
2018-08-20,GBBL,190,190,185,186,8358,1559314
2018-08-21,GBBL,185,187,185,187,3545,659703
2018-08-22,GBBL,186,187,186,187,731,136066
2018-08-23,GBBL,186,188,184,186,3652,676660
2018-08-26,GBBL,188,189,185,185,948,176128
2018-08-28,GBBL,183,191,182,191,8199,1505874
2018-08-29,GBBL,191,191,183,186,4824,894309
2018-08-30,GBBL,184,188,184,187,3059,569962
2018-09-02,GBBL,188,191,188,191,2870,546209
2018-09-03,GBBL,191,196,191,193,8865,1704914
2018-09-04,GBBL,193,195,191,193,3456,670665
2018-09-05,GBBL,195,198,192,196,9971,1945045
2018-09-06,GBBL,195,197,192,193,4466,865784
2018-09-09,GBBL,190,193,188,192,5625,1069929
2018-09-10,GBBL,191,192,190,191,2078,396448
2018-09-11,GBBL,194,200,193,194,16489,3218331
2018-09-12,GBBL,195,197,195,197,5717,1117457
2018-09-13,GBBL,200,202,197,198,21068,4190400
2018-09-16,GBBL,201,206,201,205,16029,3255735
2018-09-17,GBBL,207,208,201,203,8350,1692934
2018-09-18,GBBL,203,204,198,198,17368,3472976
2018-09-20,GBBL,197,200,196,197,9940,1964924
2018-09-23,GBBL,198,201,197,201,19801,3949783
2018-09-25,GBBL,203,209,199,206,27574,5634617
2018-09-26,GBBL,206,208,201,205,22211,4530809
2018-09-27,GBBL,201,209,201,206,45667,9399673
2018-09-30,GBBL,186,187,182,182,7921,1454199
2018-10-01,GBBL,180,182,178,179,4862,876854
2018-10-02,GBBL,176,180,176,180,3744,671020
2018-10-03,GBBL,178,178,174,174,22081,3883870
2018-10-04,GBBL,175,176,173,174,4158,725983
2018-10-07,GBBL,173,174,171,171,6374,1095709
2018-10-08,GBBL,173,175,172,173,4501,778643
2018-10-09,GBBL,174,177,174,174,6799,1191332
2018-10-10,GBBL,174,175,173,173,4679,815289
2018-10-11,GBBL,174,175,173,175,2111,366665
2018-10-14,GBBL,178,180,177,179,5512,983682
2018-10-15,GBBL,179,182,179,180,9378,1690945
2018-10-21,GBBL,183,183,181,183,711,129135
2018-10-22,GBBL,185,185,179,183,6251,1136412
2018-10-23,GBBL,183,183,180,181,9380,1700869
2018-10-24,GBBL,183,184,182,184,3497,639560
2018-10-25,GBBL,181,183,180,183,6069,1105809
2018-10-28,GBBL,180,183,180,182,5457,989478
2018-10-29,GBBL,181,181,179,180,4387,787776
2018-10-30,GBBL,180,181,178,181,15135,2722812
2018-10-31,GBBL,181,181,180,180,6064,1092412
2018-11-01,GBBL,181,182,180,181,2966,536856
2018-11-04,GBBL,180,184,180,184,1484,270951
2018-11-05,GBBL,183,183,181,181,1528,278057
2018-11-06,GBBL,181,188,184,186,4060,755410
2018-11-11,GBBL,186,186,183,183,1000,183000
2018-11-12,GBBL,180,183,178,179,3117,557669
2018-11-13,GBBL,178,183,178,182,3417,620215
2018-11-14,GBBL,180,183,180,183,3149,571299
2018-11-15,GBBL,180,181,180,180,2112,381491
2018-11-18,GBBL,178,183,178,180,7269,1315217
2018-11-19,GBBL,180,183,179,181,6794,1231733
2018-11-20,GBBL,180,181,178,179,2206,394049
2018-11-21,GBBL,178,180,176,180,2736,488898
2018-11-22,GBBL,180,182,180,182,3965,721015
2018-11-25,GBBL,183,183,180,180,330,59470
2018-11-26,GBBL,179,179,177,177,1889,336453
2018-11-27,GBBL,176,178,176,178,687,121799
2018-11-28,GBBL,178,179,178,179,760,135874
2018-11-29,GBBL,180,180,177,179,2621,466924
2018-12-02,GBBL,177,179,176,177,8534,1511639
2018-12-03,GBBL,179,179,177,177,4997,887330
2018-12-04,GBBL,177,179,177,179,4154,741456
2018-12-05,GBBL,177,177,171,172,11198,1935628
2018-12-06,GBBL,175,175,172,172,647,112684
2018-12-09,GBBL,175,175,175,175,761,133175
2018-12-10,GBBL,178,178,175,175,6067,1064185
2018-12-11,GBBL,172,175,172,175,480,83304
2018-12-12,GBBL,174,175,173,174,4170,723050
2018-12-13,GBBL,172,175,172,175,2487,433540
2018-12-16,GBBL,175,182,175,177,4797,852958
2018-12-17,GBBL,176,176,174,175,8103,1419559
2018-12-18,GBBL,174,177,174,176,5273,924601
2018-12-19,GBBL,177,187,175,187,26583,4862694
2018-12-20,GBBL,188,194,188,190,23389,4441034
2018-12-23,GBBL,193,209,193,203,108895,22145264
2018-12-24,GBBL,203,205,186,190,53030,10154652
2018-12-25,GBBL,189,192,184,188,13518,2540094
2018-12-26,GBBL,186,198,186,193,7433,1429607
2018-12-27,GBBL,196,196,190,190,15036,2889664
2018-12-30,GBBL,190,196,190,194,11755,2278795
2018-12-31,GBBL,191,192,189,189,16705,3182715
2019-01-01,GBBL,190,192,187,191,10648,2030537
2019-01-02,GBBL,190,190,188,188,8307,1577562
2019-01-03,GBBL,190,193,189,192,23239,4436368
2019-01-06,GBBL,190,190,189,190,7413,1405004
2019-01-07,GBBL,189,191,189,190,9407,1790539
2019-01-08,GBBL,189,190,188,188,5121,967150
2019-01-09,GBBL,190,191,188,188,5109,967373
2019-01-10,GBBL,189,190,188,188,5165,975254
2019-01-13,GBBL,188,188,185,188,5956,1105411
2019-01-14,GBBL,191,191,182,185,7478,1392697
2019-01-15,GBBL,188,190,186,190,3075,579364
2019-01-16,GBBL,187,187,185,187,4586,848982
2019-01-17,GBBL,188,191,188,189,4370,829110
2019-01-20,GBBL,189,189,186,186,264,49353
2019-01-21,GBBL,185,188,184,184,8240,1517963
2019-01-22,GBBL,181,186,181,185,13496,2488218
2019-01-23,GBBL,185,186,184,186,1909,353381
2019-01-24,GBBL,187,187,184,185,6418,1188117
2019-01-27,GBBL,185,185,182,184,1503,275319
2019-01-28,GBBL,182,184,182,183,1324,242317
2019-01-29,GBBL,186,188,185,185,9703,1801194
2019-01-30,GBBL,188,188,184,184,8725,1618667
2019-01-31,GBBL,184,186,184,185,5089,941712
2019-02-03,GBBL,184,186,184,184,8116,1496791
2019-02-04,GBBL,185,185,184,184,12601,2320072
2019-02-05,GBBL,182,186,182,185,3486,639314
2019-02-06,GBBL,182,185,182,185,2957,542589
2019-02-07,GBBL,185,185,183,185,2126,391902
2019-02-10,GBBL,186,186,181,182,5375,979217
2019-02-11,GBBL,180,183,180,183,3309,602815
2019-02-12,GBBL,182,182,181,182,2066,375764
2019-02-13,GBBL,182,183,180,182,4662,845300
2019-02-14,GBBL,180,182,179,182,9578,1729754
2019-02-17,GBBL,180,183,180,182,2669,486015
2019-02-18,GBBL,180,183,180,182,3899,705106
2019-02-19,GBBL,181,186,181,186,4562,834469
2019-02-20,GBBL,183,185,181,181,3710,673270
2019-02-21,GBBL,179,182,179,180,4292,772507
2019-02-24,GBBL,179,181,178,180,2953,529304
2019-02-25,GBBL,179,182,179,182,5107,920817
2019-02-26,GBBL,182,182,180,182,1978,358358
2019-02-27,GBBL,180,181,179,180,3529,633366
2019-03-03,GBBL,180,182,179,180,5493,996503
2019-03-05,GBBL,180,183,180,180,8674,1562141
2019-03-06,GBBL,180,185,180,185,22930,4215752
2019-03-07,GBBL,188,188,181,185,4233,774058
2019-03-10,GBBL,185,185,180,182,3936,713227
2019-03-11,GBBL,182,186,182,185,11488,2117368
2019-03-12,GBBL,185,189,185,189,9417,1760708
2019-03-13,GBBL,190,190,185,185,6622,1239299
2019-03-14,GBBL,185,193,185,193,13022,2468214
2019-03-17,GBBL,194,194,190,190,9252,1776027
2019-03-18,GBBL,190,193,188,188,3974,757257
2019-03-19,GBBL,188,189,186,189,2794,523868
2019-03-21,GBBL,189,189,186,187,6486,1213605
2019-03-24,GBBL,186,186,184,185,9260,1713894
2019-03-25,GBBL,183,190,183,190,5219,970541
2019-03-26,GBBL,187,188,185,187,3824,713510
2019-03-27,GBBL,186,193,186,192,7892,1488132
2019-03-28,GBBL,189,190,186,189,3237,609212
2019-03-31,GBBL,188,190,186,188,1692,317522
2019-04-01,GBBL,187,192,187,190,13278,2529344
2019-04-02,GBBL,193,193,188,191,12807,2444506
2019-04-03,GBBL,191,195,191,191,11506,2211072
2019-04-04,GBBL,193,193,191,191,17801,3419592
2019-04-07,GBBL,190,195,189,195,13845,2673712
2019-04-08,GBBL,198,199,195,197,30223,5957994
2019-04-09,GBBL,198,198,191,192,5261,1027207
2019-04-10,GBBL,192,195,192,195,5484,1060791
2019-04-11,GBBL,198,198,193,195,7911,1539390
2019-04-15,GBBL,195,198,195,198,4964,972399
2019-04-16,GBBL,200,205,197,205,14170,2839161
2019-04-17,GBBL,209,209,201,201,14866,3019418
2019-04-18,GBBL,199,203,199,202,9454,1909090
2019-04-21,GBBL,204,208,201,208,21027,4305342
2019-04-22,GBBL,210,210,202,204,26607,5463921
2019-04-23,GBBL,208,209,203,209,25316,5203412
2019-04-24,GBBL,207,215,206,212,24388,5161999
2019-04-25,GBBL,215,223,215,220,29902,6558056
2019-04-28,GBBL,224,227,215,216,24336,5335328
2019-04-29,GBBL,216,217,212,215,14681,3142994
2019-04-30,GBBL,218,223,216,219,40334,8855870
2019-05-02,GBBL,219,222,215,220,14816,3242331
2019-05-05,GBBL,218,219,215,215,14394,3117364
2019-05-06,GBBL,215,220,214,220,21615,4693473
2019-05-07,GBBL,224,226,220,226,34350,7671324
2019-05-08,GBBL,223,225,220,223,37941,8405439
2019-05-09,GBBL,225,226,219,222,8334,1843888
2019-05-12,GBBL,225,225,220,220,10985,2421428
2019-05-13,GBBL,218,222,216,221,26257,5760683
2019-05-14,GBBL,220,224,220,221,20638,4574949
2019-05-15,GBBL,221,234,221,230,95864,21904776
2019-05-16,GBBL,234,240,231,238,50379,11847249
2019-05-19,GBBL,238,238,230,232,39163,9086343
2019-05-20,GBBL,233,234,227,229,25735,5891687
2019-05-21,GBBL,227,231,226,228,12303,2805504
2019-05-22,GBBL,229,230,227,230,16310,3728416
2019-05-23,GBBL,228,230,225,225,13692,3103806
2019-05-26,GBBL,223,225,222,222,31217,6959232
2019-05-27,GBBL,220,226,220,224,12328,2738437
2019-05-28,GBBL,228,228,223,227,5675,1277837
2019-05-29,GBBL,231,234,225,226,6149,1393711
2019-05-30,GBBL,230,234,228,228,32328,7465313
2019-06-02,GBBL,230,231,227,228,16766,3843586
2019-06-03,GBBL,230,230,224,224,10676,2404416
2019-06-04,GBBL,226,226,222,223,8547,1918247
2019-06-06,GBBL,224,226,222,225,6329,1420789
2019-06-10,GBBL,223,227,223,227,25223,5689377
2019-06-11,GBBL,225,228,224,228,7326,1659178
2019-06-12,GBBL,224,227,224,225,3401,765530
2019-06-13,GBBL,224,227,223,225,9997,2248221
2019-06-16,GBBL,223,226,222,225,6105,1371792
2019-06-17,GBBL,224,227,223,225,13083,2948303
2019-06-18,GBBL,214,227,214,224,20113,4501249
2019-06-19,GBBL,224,224,223,224,2757,615775
2019-06-20,GBBL,224,226,223,225,6545,1473478
2019-06-23,GBBL,223,226,223,224,6938,1556033
2019-06-24,GBBL,225,225,223,224,10402,2327839
2019-06-25,GBBL,224,225,222,223,10952,2441710
2019-06-26,GBBL,222,226,222,223,14979,3348636
2019-06-27,GBBL,224,225,221,221,9486,2113529
2019-06-30,GBBL,221,222,220,220,10070,2223028
2019-07-01,GBBL,215,221,215,220,8293,1826452
2019-07-02,GBBL,220,222,218,222,21784,4769190
2019-07-03,GBBL,220,226,218,225,28450,6275148
2019-07-04,GBBL,226,227,222,227,10877,2438980
2019-07-07,GBBL,226,226,223,224,29177,6555757
2019-07-08,GBBL,225,225,221,221,9441,2110811
2019-07-09,GBBL,221,226,221,222,6944,1551246
2019-07-10,GBBL,223,223,221,222,10461,2324973
2019-07-11,GBBL,224,225,221,222,11094,2478782
2019-07-14,GBBL,225,225,223,225,11135,2496267
2019-07-15,GBBL,225,226,223,225,10441,2350264
2019-07-16,GBBL,236,236,223,224,7885,1767052
2019-07-17,GBBL,223,229,223,229,14202,3192056
2019-07-18,GBBL,231,232,229,229,4266,982341
2019-07-21,GBBL,226,228,224,225,5345,1203416
2019-07-22,GBBL,229,232,226,226,4758,1080069
2019-07-23,GBBL,225,230,225,227,2942,667390
2019-07-24,GBBL,229,231,226,230,5778,1318635
2019-07-25,GBBL,230,230,226,227,4032,912291
2019-07-28,GBBL,225,227,221,224,15554,3474397
2019-07-29,GBBL,226,228,222,225,5301,1190315
2019-07-30,GBBL,226,227,226,226,5823,1317221
2019-07-31,GBBL,222,226,222,223,8483,1897258
2019-08-01,GBBL,226,227,223,223,10308,2310011
2019-08-04,GBBL,224,224,222,224,4845,1082580
2019-08-05,GBBL,225,225,222,222,9558,2124394
2019-08-06,GBBL,220,222,220,220,4545,1003392
2019-08-07,GBBL,223,224,221,221,2531,561387
2019-08-08,GBBL,220,221,219,219,4337,954946
2019-08-11,GBBL,219,220,218,219,1608,351577
2019-08-12,GBBL,216,222,216,217,12078,2635871
2019-08-13,GBBL,221,221,214,215,14399,3110352
2019-08-14,GBBL,219,219,211,213,11294,2418573
2019-08-15,GBBL,212,215,212,214,35008,7498208
2019-08-18,GBBL,213,217,213,216,23021,4934036
2019-08-19,GBBL,214,217,214,215,12631,2724860
2019-08-20,GBBL,216,216,213,215,7443,1591865
2019-08-21,GBBL,215,216,213,216,3069,659969
2019-08-22,GBBL,217,219,212,212,8169,1749865
2019-08-25,GBBL,211,215,211,212,4050,859624
2019-08-26,GBBL,212,214,212,213,3310,705280
2019-08-27,GBBL,213,216,213,215,2870,617250
2019-08-28,GBBL,215,216,211,211,12292,2621357
2019-08-29,GBBL,215,215,211,214,10121,2140811
2019-09-01,GBBL,213,214,211,213,7417,1571776
2019-09-02,GBBL,213,213,208,210,12794,2687484
2019-09-03,GBBL,206,216,206,214,14446,3024325
2019-09-04,GBBL,210,215,210,214,3607,768550
2019-09-05,GBBL,214,217,214,214,17636,3790805
2019-09-08,GBBL,215,215,212,212,10772,2298005
2019-09-09,GBBL,212,212,211,212,3470,734255
2019-09-10,GBBL,213,214,212,213,4224,897771
2019-09-11,GBBL,214,214,212,213,9755,2075481
2019-09-12,GBBL,210,213,210,212,9049,1910081
2019-09-15,GBBL,210,210,207,207,9538,1984035
2019-09-16,GBBL,210,210,206,207,7813,1617895
2019-09-17,GBBL,206,212,206,212,10982,2306550
2019-09-18,GBBL,215,215,212,215,3772,802174
2019-09-19,GBBL,212,215,212,214,1238,263844
2019-09-22,GBBL,213,213,208,208,961,201888
2019-09-23,GBBL,210,210,207,208,5172,1076314
2019-09-24,GBBL,208,208,207,208,6710,1395654
2019-09-25,GBBL,209,209,206,208,9932,2053896
2019-09-26,GBBL,207,209,207,208,2264,470814
2019-09-29,GBBL,207,211,207,209,2102,439062
2019-09-30,GBBL,209,210,209,210,5551,1162334
2019-10-01,GBBL,214,214,210,212,1549,327771
2019-10-02,GBBL,212,213,210,210,3441,729510
2019-10-03,GBBL,211,212,210,212,3214,678476
2019-10-10,GBBL,212,212,212,212,750,159000
2019-10-14,GBBL,210,213,209,210,2461,521119
2019-10-15,GBBL,210,214,210,212,2515,530338
2019-10-16,GBBL,214,217,213,216,1275,273422
2019-10-17,GBBL,216,216,213,216,3088,664062
2019-10-20,GBBL,214,214,213,213,2205,470182
2019-10-21,GBBL,213,213,213,213,1955,416415
2019-10-22,GBBL,214,214,211,211,3527,751256
2019-10-23,GBBL,214,220,212,216,2481,532724
2019-10-24,GBBL,218,219,216,219,6962,1519692
2019-10-31,GBBL,220,221,216,220,7046,1544556
2019-11-03,GBBL,221,223,220,222,13093,2890992
2019-11-04,GBBL,222,225,221,224,12324,2755050
2019-11-05,GBBL,224,225,222,224,3218,717955
2019-11-06,GBBL,225,225,223,223,5034,1123582
2019-11-07,GBBL,222,224,221,221,11331,2512210
2019-11-10,GBBL,218,221,218,221,13917,3066492
2019-11-11,GBBL,220,223,220,221,12800,2824953
2019-11-12,GBBL,221,221,220,221,3858,851025
2019-11-13,GBBL,219,220,217,220,5290,1157924
2019-11-14,GBBL,220,222,219,219,6335,1393605
2019-11-17,GBBL,223,226,223,223,24291,5441980
2019-11-18,GBBL,225,225,221,224,8818,1977247
2019-11-19,GBBL,225,227,224,225,9662,2176517
2019-11-20,GBBL,226,227,225,225,11148,2514897
2019-11-21,GBBL,226,227,223,225,24673,5546932
2019-11-24,GBBL,227,227,223,224,5112,1144764
2019-11-25,GBBL,222,223,220,222,14910,3301047
2019-11-26,GBBL,222,225,221,222,7411,1646927
2019-11-27,GBBL,222,224,221,224,11314,2524033
2019-11-28,GBBL,225,225,223,224,29115,6524200
2019-12-01,GBBL,190,190,183,187,11440,2143258
2019-12-02,GBBL,190,191,190,190,2375,452830
2019-12-03,GBBL,190,195,190,194,5363,1028415
2019-12-04,GBBL,194,196,194,196,5668,1106616
2019-12-05,GBBL,197,198,195,197,8693,1713935
2019-12-08,GBBL,197,198,196,197,5591,1101863
2019-12-09,GBBL,197,205,197,202,13118,2636283
2019-12-10,GBBL,201,206,201,205,10085,2057681
2019-12-11,GBBL,203,207,203,207,10953,2246065
2019-12-12,GBBL,210,210,204,206,10847,2233253
2019-12-15,GBBL,206,208,202,202,17843,3629726
2019-12-16,GBBL,202,204,200,200,11308,2279722
2019-12-17,GBBL,201,201,201,201,1399,281199
2019-12-18,GBBL,201,202,201,202,4982,1005935
2019-12-19,GBBL,200,204,200,202,5495,1111630
2019-12-22,GBBL,200,201,200,201,2770,554110
2019-12-23,GBBL,203,204,201,204,7712,1564168
2019-12-24,GBBL,205,206,201,201,3766,768530
2019-12-25,GBBL,201,202,200,201,7126,1434748
2019-12-26,GBBL,202,203,202,203,3276,663902
2019-12-29,GBBL,203,203,200,200,3603,722540
2019-12-30,GBBL,200,201,200,200,4524,906813
2019-12-31,GBBL,200,202,200,202,5919,1193007
2020-01-01,GBBL,203,203,202,203,2650,536538
2020-01-02,GBBL,203,205,203,204,5444,1110243
2020-01-05,GBBL,206,207,204,205,7332,1505612
2020-01-06,GBBL,207,209,207,209,13075,2720459
2020-01-07,GBBL,210,214,210,214,12200,2594006
2020-01-08,GBBL,215,215,211,212,23747,5070291
2020-01-09,GBBL,215,215,211,215,21408,4554032
2020-01-12,GBBL,213,223,213,223,21285,4687358
2020-01-13,GBBL,227,230,220,229,26492,6012532
2020-01-14,GBBL,229,229,221,226,19863,4462206
2020-01-15,GBBL,230,232,227,232,12975,2975778
2020-01-16,GBBL,235,235,231,233,36004,8389318
2020-01-19,GBBL,233,245,233,240,33702,8005930
2020-01-20,GBBL,244,245,231,235,46188,11050808
2020-01-21,GBBL,234,235,227,233,34482,7973366
2020-01-22,GBBL,236,237,230,230,6888,1594975
2020-01-23,GBBL,228,232,228,228,12553,2889974
2020-01-26,GBBL,226,228,225,226,25813,5841804
2020-01-27,GBBL,226,235,226,233,23417,5379622
2020-01-28,GBBL,233,235,231,231,18289,4259913
2020-01-29,GBBL,233,233,228,230,18701,4305108
2020-01-30,GBBL,234,234,229,232,13726,3169295
2020-02-02,GBBL,236,237,232,235,36125,8481188
2020-02-03,GBBL,237,258,236,257,163618,40803716
2020-02-04,GBBL,255,257,240,250,152614,38079432
2020-02-05,GBBL,255,255,243,248,31764,7818971
2020-02-06,GBBL,248,249,242,244,26882,6578473
2020-02-09,GBBL,240,244,239,240,35545,8550324
2020-02-10,GBBL,240,242,236,241,23584,5642217
2020-02-11,GBBL,242,245,240,244,17802,4325407
2020-02-12,GBBL,247,247,241,241,24741,6001185
2020-02-13,GBBL,241,243,238,238,28570,6855444
2020-02-16,GBBL,242,246,238,239,13637,3268667
2020-02-17,GBBL,243,248,240,247,45387,11043763
2020-02-18,GBBL,247,249,242,246,41031,10107393
2020-02-19,GBBL,242,248,242,244,11132,2733265
2020-02-20,GBBL,247,247,243,244,27710,6779314
2020-02-23,GBBL,246,263,246,257,58214,14738126
2020-02-24,GBBL,262,269,254,256,52940,13788635
2020-02-25,GBBL,251,260,247,259,35925,9199308
2020-02-26,GBBL,260,280,260,273,170441,45946308
2020-02-27,GBBL,270,289,260,289,110293,30247060
2020-03-01,GBBL,290,298,273,273,84685,23684080
2020-03-02,GBBL,268,270,246,246,59894,15510395
2020-03-03,GBBL,246,265,243,255,94386,24200232
2020-03-04,GBBL,251,259,240,245,109142,27010726
2020-03-05,GBBL,241,257,237,257,101032,24690604
2020-03-10,GBBL,252,252,235,236,29893,7176778
2020-03-11,GBBL,240,253,233,249,58610,14285524
2020-03-12,GBBL,246,248,238,240,66146,15987947
2020-03-15,GBBL,242,242,232,233,46997,11001119
2020-03-16,GBBL,231,241,225,232,28947,6720550
2020-03-17,GBBL,230,230,221,221,45479,10224009
2020-03-18,GBBL,220,223,213,219,36340,7870634
2020-03-19,GBBL,215,224,211,218,35147,7671710
2020-03-22,GBBL,218,220,214,220,629,137780
2020-05-12,GBBL,216,216,214,214,20,4300
2020-05-13,GBBL,210,210,208,208,60,12580
2020-06-29,GBBL,204,204,188,196,19426,3815868
2020-06-30,GBBL,199,212,199,210,3257,677617
2020-07-01,GBBL,214,222,214,220,2731,599850
2020-07-02,GBBL,224,224,204,210,6774,1466960
2020-07-05,GBBL,210,212,202,207,19994,4151616
2020-07-06,GBBL,207,219,204,213,11813,2484158
2020-07-07,GBBL,213,224,211,218,27710,5993479
2020-07-08,GBBL,221,225,214,219,24467,5373351
2020-07-09,GBBL,218,222,218,220,11571,2546986
2020-07-12,GBBL,223,224,219,220,15630,3448844
2020-07-13,GBBL,220,221,218,220,7229,1585982
2020-07-14,GBBL,219,223,219,221,10326,2274796
2020-07-15,GBBL,224,225,220,223,24871,5530542
2020-07-16,GBBL,227,243,223,235,42622,9844640
2020-07-19,GBBL,239,243,239,243,70,16930
2020-07-20,GBBL,255,265,241,245,72138,18158118
2020-07-21,GBBL,257,257,240,245,49254,12075713
2020-07-22,GBBL,246,257,244,248,75387,18607522
2020-07-23,GBBL,244,249,242,248,29211,7212486
2020-07-26,GBBL,244,252,244,247,45402,11330056
2020-07-27,GBBL,245,253,245,250,26014,6511008
2020-07-28,GBBL,246,250,246,247,7147,1772321
2020-07-29,GBBL,243,245,240,242,18685,4533310
2020-07-30,GBBL,239,244,239,241,16865,4056426
2020-08-02,GBBL,238,240,230,231,36294,8502820
2020-08-03,GBBL,229,234,224,233,29290,6710093
2020-08-05,GBBL,230,231,225,227,13604,3100069
2020-08-06,GBBL,225,229,224,227,17765,4024190
2020-08-09,GBBL,227,231,224,231,17874,4050203
2020-08-10,GBBL,235,242,228,241,37675,8984557
2020-08-11,GBBL,238,246,237,245,43357,10514252
2020-08-12,GBBL,241,244,239,241,19981,4817562
2020-08-13,GBBL,242,242,235,235,11862,2813875
2020-08-16,GBBL,232,234,228,234,19124,4435691
2020-08-17,GBBL,234,235,231,234,8844,2067174
2020-08-18,GBBL,234,238,234,236,12167,2859990
2020-08-19,GBBL,232,233,230,231,11337,2619520
2020-08-20,GBBL,228,234,228,231,5597,1294946
2020-08-23,GBBL,229,235,229,234,13913,3245619
2020-08-24,GBBL,234,240,234,237,23320,5519770
2020-08-25,GBBL,241,241,236,238,11601,2747892
2020-08-26,GBBL,237,241,235,240,32721,7794953
2020-08-27,GBBL,240,240,236,238,13320,3169631
2020-08-30,GBBL,249,249,233,238,6806,1606377
2020-08-31,GBBL,237,243,236,239,29663,7107386
2020-09-02,GBBL,243,245,239,242,40963,9907073
2020-09-03,GBBL,240,242,237,240,43243,10363739
2020-09-06,GBBL,244,250,237,237,42933,10414886
2020-09-07,GBBL,236,238,232,237,10350,2431635
2020-09-08,GBBL,235,237,232,237,12843,3015066
2020-09-09,GBBL,239,239,234,236,12006,2828643
2020-09-10,GBBL,240,240,234,235,16670,3927635
2020-09-13,GBBL,246,246,234,236,24378,5744062
2020-09-14,GBBL,238,240,236,239,31255,7448834
2020-09-15,GBBL,243,245,236,237,27793,6621039
2020-09-16,GBBL,234,239,233,236,12877,3044660
2020-09-17,GBBL,238,259,237,246,61822,15021971
2020-09-20,GBBL,250,260,246,252,74612,18911750
2020-09-21,GBBL,256,257,247,251,66722,16778504
2020-09-22,GBBL,263,263,245,245,35551,8779330
2020-09-23,GBBL,244,246,239,245,22618,5493193
2020-09-24,GBBL,257,257,243,245,17609,4316129
2020-09-27,GBBL,243,254,243,248,25054,6217549
2020-09-28,GBBL,248,251,247,247,10360,2572420
2020-09-29,GBBL,247,247,243,243,14205,3473056
2020-09-30,GBBL,243,251,242,246,29643,7312745
2020-10-01,GBBL,246,255,246,252,62932,15854530
2020-10-04,GBBL,264,264,254,255,81171,20748512
2020-10-05,GBBL,267,267,252,253,32293,8226025
2020-10-06,GBBL,243,264,243,258,89945,23446286
2020-10-07,GBBL,258,265,257,263,69683,18194679
2020-10-08,GBBL,268,270,262,264,74899,19944192
2020-10-11,GBBL,277,277,260,261,45923,12043211
2020-10-12,GBBL,266,274,257,270,122848,32805658
2020-10-13,GBBL,275,277,267,268,76020,20582049
2020-10-14,GBBL,266,271,261,267,49893,13275319
2020-10-15,GBBL,268,270,260,265,18646,4917942
2020-10-18,GBBL,260,263,258,258,23388,6077391
2020-10-19,GBBL,256,263,255,263,9612,2509715
2020-10-20,GBBL,264,266,261,266,16526,4366477
2020-10-21,GBBL,270,270,265,265,12965,3452379
2020-10-22,GBBL,270,270,265,267,18583,4964962
2020-10-28,GBBL,272,276,267,276,40724,11084994
2020-10-29,GBBL,276,284,273,275,80567,22481415
2020-11-01,GBBL,274,278,269,270,59134,16114383
2020-11-02,GBBL,274,274,267,270,30421,8169582
2020-11-03,GBBL,266,275,265,269,21379,5738212
2020-11-04,GBBL,267,269,265,268,19272,5139784
2020-11-05,GBBL,273,273,266,267,13174,3519684
2020-11-08,GBBL,267,269,263,266,48183,12788432
2020-11-09,GBBL,270,270,259,259,68986,18146406
2020-11-10,GBBL,261,266,260,263,53641,14028719
2020-11-11,GBBL,261,265,261,264,38811,10204387
2020-11-12,GBBL,266,266,261,263,46482,12248309
2020-11-18,GBBL,260,262,256,258,43311,11186109
2020-11-19,GBBL,259,268,255,263,52015,13434482
2020-11-22,GBBL,268,268,259,264,50596,13356251
2020-11-23,GBBL,262,263,259,262,26418,6895534
2020-11-24,GBBL,260,264,259,261,27750,7266108
2020-11-25,GBBL,263,271,258,263,69598,18381638
2020-11-26,GBBL,267,271,263,264,106749,28591666
2020-11-29,GBBL,269,290,269,290,176364,49669417
2020-11-30,GBBL,304,304,276,279,105510,30077298
2020-12-01,GBBL,292,292,268,271,76655,20929233
2020-12-02,GBBL,270,280,268,272,95012,26063716
2020-12-03,GBBL,275,282,269,270,65235,17723044
2020-12-06,GBBL,268,273,265,265,55739,14992195
2020-12-07,GBBL,265,274,259,271,63908,16933487
2020-12-08,GBBL,276,281,269,269,53093,14489010
2020-12-09,GBBL,266,271,265,270,65661,17637502
2020-12-10,GBBL,260,271,260,271,38726,10450893
2020-12-13,GBBL,276,285,272,284,129591,36203103
2020-12-14,GBBL,287,308,283,307,432279,129860246
2020-12-15,GBBL,310,313,298,301,208289,63146059
2020-12-16,GBBL,300,319,299,312,176369,54308693
2020-12-17,GBBL,315,316,301,303,83955,25774473
2020-12-20,GBBL,299,305,288,288,144095,42589806
2020-12-21,GBBL,283,302,275,294,110809,31966774
2020-12-22,GBBL,297,308,297,305,126048,38119896
2020-12-23,GBBL,310,316,306,307,113852,35214866
2020-12-24,GBBL,307,314,306,308,93727,28980388
2020-12-27,GBBL,320,320,302,303,59200,18073456
2020-12-28,GBBL,308,308,301,303,31341,9524965
2020-12-29,GBBL,318,318,298,302,49631,14910092
2020-12-30,GBBL,306,306,298,300,26381,7916530
2020-12-31,GBBL,299,305,299,303,33903,10272600
2021-01-03,GBBL,303,309,303,309,50860,15568588
2021-01-04,GBBL,315,321,309,312,153958,48572419
2021-01-05,GBBL,316,317,309,312,55429,17326751
2021-01-06,GBBL,315,317,310,314,64517,20133620
2021-01-07,GBBL,312,319,312,316,80250,25375932
2021-01-10,GBBL,318,326,315,326,254630,81227758
2021-01-11,GBBL,330,332,323,326,75272,24611684
2021-01-12,GBBL,326,327,317,325,35166,11392411
2021-01-13,GBBL,328,332,324,325,103321,33788102
2021-01-17,GBBL,331,357,331,357,241317,84056292
2021-01-18,GBBL,365,377,360,363,201996,74529987
2021-01-19,GBBL,368,369,348,360,149953,53862426
2021-01-20,GBBL,365,365,350,359,93833,33302242
2021-01-21,GBBL,376,376,356,359,102596,36969716
2021-01-24,GBBL,366,372,360,368,290197,106631514
2021-01-25,GBBL,330,336,320,323,201148,65509441
2021-01-26,GBBL,323,329,311,313,112579,35578418
2021-01-27,GBBL,319,319,309,309,90353,28181321
2021-01-28,GBBL,314,314,304,305,85971,26397456
2021-01-31,GBBL,300,304,295,295,56479,16822819
2021-02-01,GBBL,309,309,295,298,36954,10999860
2021-02-02,GBBL,312,312,299,301,91322,27538537
2021-02-03,GBBL,301,310,299,300,54037,16332285
2021-02-04,GBBL,305,306,299,299,60405,18156478
2021-02-07,GBBL,304,306,299,300,68962,20833520
2021-02-08,GBBL,315,323,303,321,156501,49178904
2021-02-09,GBBL,325,330,317,318,181179,58681323
2021-02-10,GBBL,323,325,315,319,85718,27484165
2021-02-11,GBBL,323,328,317,319,92274,29603878
2021-02-14,GBBL,320,325,314,316,40194,12714234
2021-02-15,GBBL,322,324,317,318,91531,29240157
2021-02-16,GBBL,333,333,320,320,105014,33951630
2021-02-17,GBBL,323,324,317,320,56050,17959988
2021-02-18,GBBL,336,336,319,334,220421,71558653
2021-02-21,GBBL,335,341,334,339,162520,54813846
2021-02-22,GBBL,341,342,327,328,112822,37514841
2021-02-23,GBBL,325,327,316,324,88369,28275507
2021-02-24,GBBL,321,333,320,327,85671,28032715
2021-02-25,GBBL,332,332,315,319,51433,16498351
2021-02-28,GBBL,317,317,308,308,68810,21433006
2021-03-01,GBBL,305,315,305,314,39101,12197825
2021-03-02,GBBL,318,318,303,306,74017,22644028
2021-03-03,GBBL,307,307,296,303,54880,16417337
2021-03-04,GBBL,306,313,304,309,38100,11761732
2021-03-07,GBBL,315,315,307,308,40693,12657455
2021-03-09,GBBL,305,308,299,306,19888,6048434
2021-03-10,GBBL,306,306,302,305,26256,7961973
2021-03-14,GBBL,320,320,298,300,36593,10951817
2021-03-15,GBBL,296,306,295,297,35673,10673914
2021-03-16,GBBL,293,305,293,297,23080,6892070
2021-03-17,GBBL,300,301,296,301,16582,4963991
2021-03-18,GBBL,302,307,300,306,34847,10591753
2021-03-21,GBBL,306,316,305,311,78109,24264049
2021-03-22,GBBL,326,326,308,312,46259,14461186
2021-03-23,GBBL,310,310,307,308,19836,6105006
2021-03-24,GBBL,313,314,308,308,24415,7551457
2021-03-25,GBBL,310,313,304,305,34652,10653646
2021-03-29,GBBL,302,314,302,312,65397,20367527
2021-03-30,GBBL,318,318,309,313,46804,14630718
2021-03-31,GBBL,310,320,310,320,41584,13211852
2021-04-01,GBBL,320,334,317,324,82359,26784672
2021-04-04,GBBL,330,330,322,326,44671,14516501
2021-04-05,GBBL,327,328,317,322,57914,18620572
2021-04-06,GBBL,322,323,317,322,37003,11913851
2021-04-07,GBBL,323,333,320,328,115002,37723482
2021-04-08,GBBL,330,337,326,333,124522,41542534
2021-04-12,GBBL,333,338,333,335,75619,25305983
2021-04-13,GBBL,339,351,335,348,272172,94081142
2021-04-15,GBBL,365,365,352,360,309955,111269120
2021-04-18,GBBL,378,379,358,360,446272,163670306
2021-04-19,GBBL,365,365,348,350,152764,54057088
2021-04-20,GBBL,350,364,349,359,246853,87884360
2021-04-21,GBBL,361,365,343,349,144778,50701796
2021-04-22,GBBL,342,352,342,350,101714,35454956
2021-04-25,GBBL,360,360,338,339,127500,43500631
2021-04-26,GBBL,339,344,323,330,130868,43523891
2021-04-27,GBBL,330,347,329,343,83171,28311480
2021-04-28,GBBL,345,350,337,340,59945,20596472
2021-04-29,GBBL,334,343,334,343,30898,10534966
2021-05-02,GBBL,344,351,344,349,99250,34667391
2021-05-03,GBBL,352,355,343,346,75178,26280054
2021-05-04,GBBL,345,346,341,343,30714,10536259
2021-05-05,GBBL,349,349,340,343,36022,12319336
2021-05-06,GBBL,347,348,337,339,56820,19295474
2021-05-09,GBBL,339,344,336,340,51099,17398425
2021-05-10,GBBL,337,345,336,343,37796,12928329
2021-05-11,GBBL,343,346,342,344,31718,10895193
2021-05-12,GBBL,347,347,341,343,24627,8444110
2021-05-13,GBBL,343,350,341,349,71332,24802277
2021-05-16,GBBL,355,363,355,363,157646,56602404
2021-05-17,GBBL,375,375,357,359,104123,37552497
2021-05-18,GBBL,376,376,358,369,128084,46832509
2021-05-19,GBBL,373,373,364,366,139365,51373317
2021-05-20,GBBL,369,375,363,374,135597,50123785
2021-05-23,GBBL,374,409,363,406,564540,222418246
2021-05-24,GBBL,411,431,401,415,488677,202217240
2021-05-25,GBBL,415,416,403,406,235112,95725250
2021-05-27,GBBL,398,431,387,430,437540,182602891
2021-05-30,GBBL,451,471,435,464,481084,216993211
2021-05-31,GBBL,470,470,439,443,408059,184664176
2021-06-01,GBBL,443,453,431,438,249386,109323348
2021-06-02,GBBL,442,469,435,463,360618,164518661
2021-06-03,GBBL,465,500,465,472,554711,265182432
2021-06-06,GBBL,495,495,473,479,367269,176285000
2021-06-07,GBBL,500,520,475,517,555908,276122831
2021-06-08,GBBL,525,568,520,568,528979,296549216
2021-06-09,GBBL,575,575,523,533,522977,284776772
2021-06-10,GBBL,540,555,519,550,455625,242502218
2021-06-13,GBBL,550,600,545,598,596053,343347016
2021-06-14,GBBL,627,627,576,586,410667,242947742
2021-06-15,GBBL,590,590,554,557,376059,212733524
2021-06-16,GBBL,558,565,515,538,254774,138436613
2021-06-17,GBBL,564,565,522,555,231937,127062652
2021-06-20,GBBL,570,570,521,535,283884,153216026
2021-06-21,GBBL,540,545,516,518,248772,130491545
2021-06-22,GBBL,525,543,505,540,276613,146216434
2021-06-23,GBBL,567,567,517,522,163168,86160889
2021-06-24,GBBL,522,531,506,517,148067,76799905
2021-06-27,GBBL,519,522,505,509,109383,56022869
2021-06-28,GBBL,513,515,496,498,100699,50721195
2021-06-29,GBBL,522,522,477,477,158330,76512694
2021-06-30,GBBL,500,500,465,495,196146,93218285
2021-07-01,GBBL,519,527,495,520,200982,103152848
2021-07-04,GBBL,494,540,494,514,170949,88848324
2021-07-05,GBBL,489,514,489,501,117094,58983998
2021-07-06,GBBL,526,526,495,500,68454,34199701
2021-07-07,GBBL,502,506,499,504,50629,25413416
2021-07-08,GBBL,502,514,500,514,79340,40272188
2021-07-11,GBBL,520,556,518,554,207653,111911742
2021-07-12,GBBL,560,565,530,542,296801,162582811
2021-07-13,GBBL,569,569,534,549,117156,64019472
2021-07-14,GBBL,550,551,538,547,63300,34528494
2021-07-15,GBBL,550,551,542,544,86028,46940746
2021-07-18,GBBL,554,578,553,571.1,279481,158269852.7
2021-07-19,GBBL,582.5,590.9,564,567,174799,100496228.4
2021-07-20,GBBL,577,577,556,562,89822,50764793.5
2021-07-22,GBBL,563,575,563,568.5,138905,79141684.6
2021-07-25,GBBL,579,579,565,571,194685,110841893.1
2021-07-26,GBBL,572,573,558,559,116674,65684186.5
2021-07-27,GBBL,548,568,538,559,118649,65947753.7
2021-07-28,GBBL,569,575.1,561,565,100000,56846563.9
2021-07-29,GBBL,574,576,561,563,122527,69768726.7
2021-08-01,GBBL,574,575,561,565.9,101793,57761976.1
2021-08-02,GBBL,565.9,571,560,560.1,62700,35316969.8
2021-08-03,GBBL,564,565,557,559,56293,31554881.6
2021-08-04,GBBL,559,570,558,568.1,163679,92138401.7
2021-08-05,GBBL,579.4,595,571,583.9,298585,174774385.2
2021-08-08,GBBL,595.5,598,585,588,177102,104535099
2021-08-09,GBBL,595,598,577,584.1,103518,60433755.9
2021-08-10,GBBL,589,636,588,624,646848,399337504.5
2021-08-11,GBBL,636.4,675,616.8,620,385887,243041780.3
2021-08-12,GBBL,632.4,669.9,620,651,639323,415845946.9
2021-08-15,GBBL,638,650,610,627,466007,292151625.5
2021-08-16,GBBL,627,657.9,615,644,341084,218660429.2
2021-08-17,GBBL,642,700,642,689,490187,330288488.1
2021-08-18,GBBL,702,750,690,720,479706,346037518
2021-08-19,GBBL,730,739,695.9,703,422109,300431491.1
2021-08-24,GBBL,710,715,675,676,279440,191928880.5
2021-08-25,GBBL,670,680.5,650.5,656.9,240449,159443877.6
2021-08-26,GBBL,658,691,655,685,267263,180807823
2021-08-29,GBBL,698,700,665.5,673,293041,199282453.2
2021-08-31,GBBL,673,673,639,640,326024,212145272.2
2021-09-01,GBBL,650,662,630,638,203727,131832744
2021-09-02,GBBL,650,650,604,616,178309,111513434.2
2021-09-05,GBBL,616,616,556,576.1,295062,171501754.9
2021-09-06,GBBL,570,633.7,566,633.7,264599,160276522.8
2021-09-07,GBBL,645,645,606,622,171746,107632783.4
2021-09-08,GBBL,622,622,598,603,134106,80958088.7
2021-09-09,GBBL,609,614,594,598.2,105795,63621129.7
2021-09-12,GBBL,605,641,602,640,246324,154773810.9
2021-09-13,GBBL,652,665,640,643,213006,138973362.3
2021-09-14,GBBL,643,655,626,633.8,92823,58758426.5
2021-09-15,GBBL,645,645,611,615,139598,86588097.9
2021-09-16,GBBL,608,610,585,599,215692,128308049.4
2021-09-20,GBBL,600,600,558,565,199248,114352917.2
2021-09-21,GBBL,556,590,546,568,202636,114585170.4
2021-09-22,GBBL,579,613,578.2,612,174378,104843113.3
2021-09-23,GBBL,624,624.2,596.1,603,138144,83986650
2021-09-26,GBBL,615,625,587,587,120560,72106068.8
2021-09-27,GBBL,580,585,559,560.5,119885,67914265.6
2021-09-28,GBBL,565,570,538,545,109680,60065440.5
2021-09-29,GBBL,550,567,539.3,566,94499,52428737.6
2021-09-30,GBBL,574,577,548,548.5,70713,39574544.6
2021-10-03,GBBL,550,561,536.1,538,76588,41664164.8
2021-10-04,GBBL,535,545.5,527,530,70856,37917476.8
2021-10-05,GBBL,540,551,535,548,53056,28965445.9
2021-10-06,GBBL,537.1,571,537.1,569,58855,33184693.5
2021-10-10,GBBL,572,590,566,566,84159,48500345.7
2021-10-11,GBBL,566,566,546,564,52688,29299131.5
2021-10-17,GBBL,565,575,558,575,18201,10306456.4
2021-10-18,GBBL,565,575,552,553.5,50548,28242496.3
2021-10-19,GBBL,545,549,508,524,92826,48761946.9
2021-10-20,GBBL,534,555,534,542.5,42004,22821766.9
2021-10-21,GBBL,533.3,553.9,531,534,34539,18593748
2021-10-24,GBBL,535,545,523.4,541,30737,16512221.6
2021-10-25,GBBL,545.1,580,545.1,578,85957,48755877.3
2021-10-26,GBBL,580,605,580,588,129158,76852497.1
2021-10-27,GBBL,590,604,578,589.5,90634,53831921.3
2021-10-28,GBBL,580.1,595,580,589.9,60381,35601593
2021-10-31,GBBL,601,627.9,595,626,186624,114899858.4
2021-11-01,GBBL,638.5,660,623,629,184609,117593763.9
2021-11-02,GBBL,641.5,652,610,644,135278,86200867.9
2021-11-03,GBBL,655,662,631.2,635,87548,56232119.7
2021-11-08,GBBL,647.7,647.7,621,621,47827,30254964.1
2021-11-09,GBBL,625,625,578,595,143590,86226920.2
2021-11-11,GBBL,590,600,568.1,573,101907,59289843.2
2021-11-14,GBBL,575,597.9,567,588,90279,52755054.1
2021-11-15,GBBL,598,624,590,616.8,166691,102168137.4
2021-11-16,GBBL,623,632.9,616,627.9,95313,59525367.5
2021-11-17,GBBL,634,660,628,644,342355,221940817.3
2021-11-18,GBBL,644,653,629.8,635,218938,140027109
2021-11-21,GBBL,625,642,625,626.2,97168,61462771.2
2021-11-22,GBBL,629,634,614.5,620,78118,48740385.3
2021-11-23,GBBL,618,620,599,605,108963,66032078.3
2021-11-24,GBBL,600,617,590,612.8,94282,56782744
2021-11-25,GBBL,615,617,600,601.2,61346,37175137.8
2021-11-28,GBBL,590,598,570,570,125954,73069189.9
2021-11-29,GBBL,570,590,561.59,568,87802,50338573.48
2021-11-30,GBBL,579,579,558,568,77926,44029509
2021-12-01,GBBL,574,580,570.1,573,35279,20296196.9
2021-12-02,GBBL,575,578,550,555,61397,34241879
2021-12-05,GBBL,555,558.9,530,533,87607,47155017.1
2021-12-06,GBBL,523,557.9,510,551,104856,55386763.2
2021-12-07,GBBL,559.2,569,530,533,65782,36225711.5
2021-12-08,GBBL,525,539.9,515,517,51503,26833571.5
2021-12-09,GBBL,515,526.9,512,520,65594,33972959.4
2021-12-12,GBBL,515,515,488,489,59206,29763001.4
2021-12-13,GBBL,479.4,488,446.9,451,132019,61226735.6
2021-12-14,GBBL,450,496.1,450,496.1,44964,21331336.2
2021-12-15,GBBL,506,528,486,500,134065,68167590.1
2021-12-16,GBBL,491,499,480,482,54988,26842935
2021-12-20,GBBL,473.1,487.1,465,470.1,40141,19044431.7
2021-12-21,GBBL,479.5,492,474,487,26880,13046115.5
2021-12-22,GBBL,496,520,494,519,81664,41480965
2021-12-23,GBBL,520,533.9,508.9,517,75119,39152931.8
2021-12-26,GBBL,526.9,535.5,515,524,88807,46594585.9
2021-12-27,GBBL,532,532,499.1,499.1,81679,41686817.6
2021-12-28,GBBL,499.1,509,487,509,63674,31798265
2021-12-29,GBBL,509,512.9,502,504.2,27919,14123782.4
2022-01-02,GBBL,510,531,504,527,70720,36655490
2022-01-03,GBBL,527,543,520,536,90732,48593552.4
2022-01-04,GBBL,538,566,528,564,156014,85884417.7
2022-01-05,GBBL,564,575,550,555,105292,58934063.4
2022-01-06,GBBL,555,575,550,573.3,164876,93359787.3
2022-01-09,GBBL,584.7,596,573,589,166135,97826824
2022-01-10,GBBL,595,599,578,588,157155,92487354.7
2022-01-11,GBBL,588,614,577,598,161685,96401366.9
2022-01-12,GBBL,600,622,590.1,593,201207,121703027.7
2022-01-13,GBBL,600,605,591,602.5,96695,58032508.1
2022-01-16,GBBL,614,622,609,615,135129,83277260.8
2022-01-17,GBBL,621,621,603,610,86149,52702356
2022-01-18,GBBL,607,615.9,593,599,148072,89862345.6
2022-01-19,GBBL,604,606,591,596.1,90788,54304597.7
2022-01-20,GBBL,594.9,607.9,590,607,85431,51418747.8
2022-01-23,GBBL,618,620,604.5,607,174186,106453612
2022-01-24,GBBL,608,608,585,586,206947,123031784.2
2022-01-25,GBBL,590,600.9,582,590,117708,69719918.3
2022-01-26,GBBL,590,600,580,587,125208,73530137.9
2022-01-27,GBBL,590,595,580,585,65674,38592457.5
2022-01-30,GBBL,596.7,620,596.7,617.5,164707,100484960.7
2022-01-31,GBBL,620,623,605,607,91072,55455314.2
2022-02-01,GBBL,607,618,600,615,125542,76792378.6
2022-02-03,GBBL,623.9,625,612,615,158501,97617980.6
2022-02-06,GBBL,610,613,601,602,68105,41263140.3
2022-02-07,GBBL,595.1,607,595.1,599,79536,47885127.9
2022-02-08,GBBL,610,622.1,590,592,86615,52247602.1
2022-02-09,GBBL,590,596,585,590,35419,20820413.6
2022-02-10,GBBL,590,595,585,587,32490,19120665.4
2022-02-13,GBBL,580,580,564.5,565.5,96492,55036686.2
2022-02-14,GBBL,555,585,555,570,57561,32890434.8
2022-02-15,GBBL,570,584,570,582,30327,17480769.2
2022-02-16,GBBL,582,587,570,572,26554,15324116.3
2022-02-17,GBBL,572,579,566.3,573.1,28529,16390514.6
2022-02-20,GBBL,566.5,573,555,563.2,40969,23138481.9
2022-02-21,GBBL,564,570,564,567,23688,13438934.3
2022-02-22,GBBL,571,575,570,571,26293,15032596.4
2022-02-23,GBBL,577,577,562.6,565,26533,15059482.9
2022-02-24,GBBL,564,565,550,553,57470,31900467.6
2022-02-27,GBBL,559,563.9,545,552,31836,17626734.8
2022-02-28,GBBL,563,569,541,544,47070,25808019.3
2022-03-02,GBBL,540,540,526,531,43262,23029073
2022-03-06,GBBL,530,543,527,535,50973,27229764
2022-03-07,GBBL,534,545.7,534,535.5,27411,14740240.2
2022-03-09,GBBL,543,543,530,534,41257,22026481
2022-03-10,GBBL,544,548,534,548,72567,39185466.2
2022-03-13,GBBL,550,570.7,549,570.7,104808,59012047.6
2022-03-14,GBBL,582.1,582.1,563,568,52987,30165507.8
2022-03-15,GBBL,568,570,559,568,82954,46664087
2022-03-16,GBBL,570,573,557,558,217430,122449661.2
2022-03-20,GBBL,490,490,467.9,469,68117,32423741.7
2022-03-21,GBBL,468,482,460,480,59887,28104466.8
2022-03-22,GBBL,487.9,490,479.1,484.5,39646,19248538.6
2022-03-23,GBBL,481,489,474,476,29411,14033281.5
2022-03-24,GBBL,470,478,466,466,30497,14334773.2
2022-03-27,GBBL,466.1,466.1,451,451.5,38568,17593922.1
2022-03-28,GBBL,443.1,460,442,444,42657,19012936.4
2022-03-29,GBBL,451.9,451.9,437.1,438.1,24090,10642285.7
2022-03-30,GBBL,440,455,434,453.9,51230,22799302.8
2022-03-31,GBBL,457,462,440,441,29416,13145859.3
2022-04-03,GBBL,437,441,434,437,14041,6140354.1
2022-04-04,GBBL,434,447,431.4,434.3,25818,11297500.8
2022-04-05,GBBL,430.9,435,421,426,50367,21430217.9
2022-04-06,GBBL,425,430,419,421,28783,12158883.4
2022-04-07,GBBL,418.2,435,418.2,425,34185,14522619.7
2022-04-11,GBBL,433,442,418,418,31026,13223372.2
2022-04-12,GBBL,419,420,405,406,30442,12526086.7
2022-04-13,GBBL,402,414.1,400,410,37209,15221043.1
2022-04-17,GBBL,410,416,403,404,41121,16915972.7
2022-04-18,GBBL,406,406,398,399,27837,11163318.2
2022-04-19,GBBL,404,409,391.1,399,33052,13235720.5
2022-04-20,GBBL,406,406,392,392,24457,9713228.9
2022-04-21,GBBL,392,403,385.1,401,18826,7428393.2
2022-04-24,GBBL,405,433.8,401,429,45242,18892111.6
2022-04-25,GBBL,429,442,415,418.5,49091,21088482.6
2022-04-26,GBBL,418,426,416,422.3,16770,7051874.4
2022-04-27,GBBL,416,431,416,430.6,28067,11938249.6
2022-04-28,GBBL,433.9,435,421,425,22946,9818720.9
2022-05-02,GBBL,417,417.1,408,410,25704,10584768.2
2022-05-04,GBBL,410,410,398.2,400,25614,10318466.1
2022-05-05,GBBL,398,400,391.2,392.5,26208,10322134.5
2022-05-08,GBBL,386,408,385.4,408,21048,8337076.4
2022-05-09,GBBL,414,416.1,397.9,407,22433,9232036.1
2022-05-10,GBBL,410,422,403,422,14215,5900644
2022-05-11,GBBL,429.9,432,416,432,36318,15458301.3
2022-05-12,GBBL,436,440,416,419.4,44008,18670552
2022-05-17,GBBL,414,415,401.2,405,20299,8256054.2
2022-05-18,GBBL,398,413,396,412.2,13978,5631099.5
2022-05-19,GBBL,412,412,400,401,22532,9099319
2022-05-20,GBBL,401,407,398,400,12211,4901141
2022-05-23,GBBL,402,402,393,395,15560,6175000.5
2022-05-24,GBBL,395,405,390,400,12641,5052339.7
2022-05-25,GBBL,406,410,401,405,14578,5931850.8
2022-05-26,GBBL,402,410,401.9,403.9,5736,2316303
2022-05-27,GBBL,404,406,395.1,396,20001,7967991.9
2022-05-30,GBBL,396.1,396.1,385,390,36921,14361749.4
2022-05-31,GBBL,390,393.1,385.1,390,16592,6463714.4
2022-06-01,GBBL,386.5,396,385,388,11949,4653643
2022-06-02,GBBL,392,392.5,384,385,14458,5588535.8
2022-06-03,GBBL,385,385,372.5,378,48088,18102285.2
2022-06-06,GBBL,382,384,372.6,383,23437,8883264.4
2022-06-07,GBBL,382,382,370,374.1,24162,9019630.7
2022-06-08,GBBL,370,391.9,367,385,25362,9694891.5
2022-06-09,GBBL,389,389.9,371.5,376,25107,9536068.9
2022-06-10,GBBL,370,377,370,372,15634,5816919.3
2022-06-13,GBBL,371,376,370,372.9,7576,2813324.5
2022-06-14,GBBL,367,370,364,367.5,16631,6097483.6
2022-06-15,GBBL,363,368,355.5,362,18895,6802255
2022-06-16,GBBL,363,371,361.7,365,10975,4006626.6
2022-06-17,GBBL,364,367,362.5,363.8,8072,2934808.9
2022-06-19,GBBL,362,363,355.5,356.9,12379,4426739.9
2022-06-20,GBBL,350,350,336,341,39946,13615046
2022-06-21,GBBL,334.2,364,334.2,353,21256,7519527.3
2022-06-22,GBBL,346,350,339.2,343,18423,6318556.8
2022-06-23,GBBL,337,337,329.2,331,19448,6447170.9
2022-06-24,GBBL,327,335,318,330.9,21514,7044430
2022-06-26,GBBL,337,357,337,356,39064,13646328.2
2022-06-27,GBBL,360,364,343.2,344,35223,12417155.2
2022-06-28,GBBL,340,344.9,334,341,15952,5424242.5
2022-06-29,GBBL,342,357,340,357,21279,7458301.5
2022-06-30,GBBL,360,384,358,378.9,51068,19050448.4
2022-07-01,GBBL,378.9,382,370.1,373.9,28042,10545041
2022-07-03,GBBL,370,390,367,385,33838,12786459.9
2022-07-04,GBBL,387,403,370.5,375,67026,26248824.3
2022-07-05,GBBL,367.6,389.6,364,366,50746,18884389.2
2022-07-06,GBBL,361,383,356,380,23465,8630980.8
2022-07-07,GBBL,385,387,368.9,375,25430,9579248.3
2022-07-08,GBBL,369,375,362,364.1,13719,5011523.8
2022-07-11,GBBL,356.9,362,348,350,39970,14162845.4
2022-07-12,GBBL,357,361,344,351,31079,10880513.8
2022-07-13,GBBL,358,371,355,370.5,31631,11472669.5
2022-07-14,GBBL,375,384,367.5,379.9,48534,18211884.2
2022-07-15,GBBL,372.4,395,366,387,44115,16802077.6
2022-07-17,GBBL,380,392.5,380,387,23192,9011348.9
2022-07-18,GBBL,385,394,380.1,388,17745,6872240.8
2022-07-19,GBBL,390,395.8,385.4,390,36088,14130726.4
2022-07-20,GBBL,390,397,385,388,19126,7482278.7
2022-07-21,GBBL,395,395,382,385,25336,9774961
2022-07-22,GBBL,383,385,377,379.1,19536,7413203.5
2022-07-24,GBBL,386.6,399.8,380,396,35975,14000646.6
2022-07-25,GBBL,401,419.7,397,419,76063,31116956
2022-07-26,GBBL,412,425,403,406,58924,24260823.8
2022-07-27,GBBL,400,410,396,407,52565,21207127.9
2022-07-28,GBBL,407,423,403,408,70073,29066554.7
2022-07-29,GBBL,410,428.9,403.1,425,53254,22497282.4
2022-07-31,GBBL,428,435.4,422.4,428,88544,37915517.5
2022-08-01,GBBL,420,425,416,422,62585,26329303.1
2022-08-02,GBBL,415,424,413,419,56218,23498748.9
2022-08-03,GBBL,424,427,416,418,59416,24996095.9
2022-08-04,GBBL,413,419.9,408.9,408.9,59138,24433710.1
2022-08-05,GBBL,409,409,397.4,397.5,65562,26450592.9
2022-08-07,GBBL,397,411,397,407.9,95162,38406729.9
2022-08-08,GBBL,415,416,402,404,37374,15269335.6
2022-08-09,GBBL,400,406,395.1,396.8,46338,18516661.6
2022-08-10,GBBL,404.5,404.5,389.1,400,43963,17419961.9
2022-08-11,GBBL,400,404,391.1,393.7,27359,10877855.9
2022-08-14,GBBL,387,400,387,388,38069,14974248.2
2022-08-15,GBBL,390,403,389,402,62737,24901326.3
2022-08-16,GBBL,409,411.7,394.3,395,66414,26900977.9
2022-08-17,GBBL,399.9,404,394.2,400,18340,7313623.8
2022-08-18,GBBL,405,413.8,400,411,53823,21941924.3
2022-08-21,GBBL,415,416.1,405,406,42152,17301791.6
2022-08-22,GBBL,409.9,409.9,401.2,405,21186,8561156.9
2022-08-23,GBBL,410,410,401.8,403.5,20478,8262599.6
2022-08-24,GBBL,405,408,402,402.6,14798,5990209.2
2022-08-25,GBBL,404,407.9,395,395,28495,11393076.5
2022-08-26,GBBL,392.1,398,389,391,33861,13267892.2
2022-08-28,GBBL,394,394.7,383.1,384,44335,17146366.9
2022-08-29,GBBL,383,387.7,379,385,21637,8309624.4
2022-08-30,GBBL,388.9,389.9,384.1,387,29014,11225471.6
2022-08-31,GBBL,387.1,389.7,375,376,34953,13281764.9
2022-09-01,GBBL,374,382,370.6,377,28711,10752757.8
2022-09-02,GBBL,379,384.5,376,376.2,11094,4209489.5
2022-09-04,GBBL,380,384.9,377.2,382,19621,7477718.4
2022-09-05,GBBL,381,386,380,382,16055,6158742.3
2022-09-06,GBBL,377,380,372,374,24253,9099197.1
2022-09-07,GBBL,374,374,368,372.7,19058,7064334.7
2022-09-08,GBBL,372.8,377.9,370.1,373.7,22538,8463793.3
2022-09-11,GBBL,381,381,371,371,18172,6814158.6
2022-09-12,GBBL,378,378,368,370,11076,4101478
2022-09-13,GBBL,370,381,370,377,10466,3956994.7
2022-09-14,GBBL,384,395,379,394.9,38425,14983888.2
2022-09-15,GBBL,395,399,375,378.5,45893,17648976.6
2022-09-16,GBBL,371,380,364,374,23566,8756106.7
2022-09-18,GBBL,373,373.5,365,365.3,24320,8951913.5
2022-09-20,GBBL,365,365,354,357,35961,12807968.2
2022-09-21,GBBL,362,370.2,357,360,18725,6781330.5
2022-09-22,GBBL,360,365,359,360.9,22064,7969856
2022-09-25,GBBL,355,361.9,355,356,17492,6244639.6
2022-09-27,GBBL,361,370,355.1,363,17537,6391433.2
2022-09-28,GBBL,363,374.4,363,370,13772,5104372.1
2022-09-29,GBBL,374.9,377,371,377,25323,9483404.9
2022-10-09,GBBL,384,398,378.1,392.9,26583,10391765.9
2022-10-10,GBBL,388,395,381.1,384.9,37178,14392793.5
2022-10-11,GBBL,385,385,368.5,375.2,18862,7058968.3
2022-10-12,GBBL,375.2,388,368.1,383.9,13875,5281602.9
2022-10-13,GBBL,385,392.7,385,388.5,28852,11214657.6
2022-10-16,GBBL,390,391,378,388,128513,48806073.1
2022-10-17,GBBL,385,388,382,383,17757,6843888.9
2022-10-19,GBBL,383,385,376,384,17186,6518367.5
2022-10-20,GBBL,384,384,378.5,380,70115,26754316.5
2022-10-23,GBBL,385,385,380.5,384.1,39495,15111737
2022-10-31,GBBL,377.1,384,371,377,17043,6436416.8
2022-11-01,GBBL,380,390,379,389,54454,20935614.4
2022-11-02,GBBL,389,393.7,383,388.1,94157,36549719.6
2022-11-03,GBBL,388,390,383,385,26750,10319234.5
2022-11-06,GBBL,385,395,383,394.9,49520,19325459.6
2022-11-07,GBBL,398.5,401,385,387,53684,21150149
2022-11-08,GBBL,390,392.8,385.1,387.8,32669,12672229.8
2022-11-09,GBBL,389,390,380.7,381,46292,17765192.4
2022-11-10,GBBL,386,386,379,381.9,41940,15992862.6
2022-11-13,GBBL,385,390,381.5,381.5,27118,10440005.3
2022-11-14,GBBL,385,387.5,381,387.5,47872,18391621.6
2022-11-15,GBBL,392,392,384,385,24499,9497278.9
2022-11-16,GBBL,388.9,388.9,383.2,388.7,16171,6255109.3
2022-11-17,GBBL,390,396,390,391.3,34618,13629218.2
2022-11-22,GBBL,395,399.1,387.2,388.4,21723,8516134.6
2022-11-23,GBBL,388,390.9,385,389,12104,4701329.6
2022-11-24,GBBL,389,390,384.3,387,26718,10355634.9
2022-11-27,GBBL,387,393,386.2,390.9,33381,12984228.8
2022-11-28,GBBL,390,391.2,383,384.5,18689,7244195.3
2022-11-29,GBBL,385.5,387,380.1,387,25051,9625379.7
2022-11-30,GBBL,384,387,380.1,387,11774,4516803.9
2022-12-01,GBBL,387,388,383,386,20087,7760054.2
2022-12-04,GBBL,383,390,383,389,25006,9703082.6
2022-12-05,GBBL,389.1,390,383,385,23611,9123789.3
2022-12-06,GBBL,381.1,386.7,381.1,383,13023,4990324.2
2022-12-07,GBBL,383,385,381.7,382.5,14682,5622560.8
2022-12-11,GBBL,382,383,375,375.2,17022,6432970.3
2022-12-12,GBBL,377,382,373.5,379.9,17368,6554943.8
2022-12-13,GBBL,380,381,375,378,10271,3893069.6
2022-12-14,GBBL,384,384.4,380,382.9,8197,3128227.8
2022-12-15,GBBL,376.1,383.5,376,380,15621,5955601.6
2022-12-18,GBBL,380,383,374,375,19665,7408290.4
2022-12-19,GBBL,376,379.7,373,375.1,10687,4016504.9
2022-12-20,GBBL,381,381,377,377,18935,7185792.2
2022-12-21,GBBL,383,383,375.2,376.1,12165,4582920.4
2022-12-22,GBBL,381,381,373,374,47797,17921498.7
2022-12-26,GBBL,330,340.5,330,340.5,27421,9236012.9
2022-12-27,GBBL,347.3,351,342.1,343,42353,14708165.2
2022-12-28,GBBL,336.2,345,336.2,338,27249,9271544.3
2022-12-29,GBBL,338,355,338,355,36039,12478610.8
2023-01-01,GBBL,362.1,367,346,352,45037,16049405.5
2023-01-02,GBBL,349.9,364,345,361,29372,10510703.9
2023-01-03,GBBL,358.1,366,351.9,354,42901,15417468.2
2023-01-04,GBBL,352,373,352,370,39269,14291105.5
2023-01-05,GBBL,377,378,364,366,69767,25683276.1
2023-01-08,GBBL,366,380.3,363,372,46820,17486132.1
2023-01-09,GBBL,372,387,366,383,69855,26631134.6
2023-01-10,GBBL,390,400,371.1,375,139124,53935938.3
2023-01-12,GBBL,381,392,368,368,89875,34126588.9
2023-01-17,GBBL,371.5,383,367,380,47590,17941472.7
2023-01-18,GBBL,386,394.7,372.6,386,49457,19075701
2023-01-19,GBBL,381,390,381,385,29500,11376398.9
2023-01-23,GBBL,386,388,375.2,377,29987,11455660.9
2023-01-24,GBBL,375,384,365,382,36771,13701998.5
2023-01-25,GBBL,382,388,376,381.8,20709,7938783.8
2023-01-26,GBBL,380,382,373,373,16564,6239870.1
2023-01-29,GBBL,373,377,365.7,368.2,30204,11217682.3
2023-01-30,GBBL,368,370,359,359,37975,13797351.4
2023-01-31,GBBL,356,365,355.1,360,32609,11735516.4
2023-02-01,GBBL,365,365.8,359,362.7,15991,5801097.9
2023-02-02,GBBL,368.9,368.9,357,358,15050,5414825.1
2023-02-05,GBBL,357,365.1,357,360,18883,6810571.6
2023-02-06,GBBL,355.1,362,355.1,360.5,15000,5384322
2023-02-07,GBBL,358.2,377,358.2,377,49053,18248229
2023-02-08,GBBL,381,387,373,375,64664,24597774.6
2023-02-09,GBBL,379,385,373,383.9,31448,11858465.2
2023-02-12,GBBL,380,380,367,368,44249,16412584.1
2023-02-14,GBBL,365,371,363.2,365.6,18929,6921711
2023-02-15,GBBL,369.9,372,364.1,365,15420,5645504.9
2023-02-16,GBBL,370,370,359.7,361.8,30644,11156759.6
2023-02-20,GBBL,360,362,356,356.6,14695,5260641.6
2023-02-22,GBBL,363,367,361.1,363,14738,5355337
2023-02-23,GBBL,362.5,365,356,364,27727,9987418.7
2023-02-26,GBBL,356.8,366,349.8,364.9,47117,16852292.3
2023-02-27,GBBL,372,372,359.2,367,16484,5967966.2
2023-02-28,GBBL,369,369,362,364,15933,5796580.4
2023-03-01,GBBL,364,364,352.8,358,12805,4582131.5
2023-03-02,GBBL,356,359,353.1,358,18980,6763345.1
2023-03-05,GBBL,358,359,348.1,348.1,23632,8284769.7
2023-03-07,GBBL,355,358,350,350,17182,6067463.8
2023-03-09,GBBL,351,361,351,360,14069,5028238.3
2023-03-12,GBBL,367,372,355,357,17417,6279001.9
2023-03-13,GBBL,350,360,349.9,354,11965,4230149.5
2023-03-14,GBBL,361,361,354,356,28018,9950392.2
2023-03-15,GBBL,362,362,350,353,19875,7016501
2023-03-16,GBBL,347,355,347,354.8,11745,4134020.8
2023-03-19,GBBL,361.8,361.8,353,355,11901,4226692.9
2023-03-20,GBBL,355,362,355,362,4998,1798506.2
2023-03-22,GBBL,362,363,357,357.1,8413,3028887
2023-03-23,GBBL,355,359,355,356,6922,2468649.6
2023-03-26,GBBL,356,356,351,353.1,10537,3722752.3
2023-03-27,GBBL,349,364.5,348.2,360,35577,12584744
2023-03-28,GBBL,360,363,355.1,355.1,11069,3984326
2023-03-29,GBBL,359.8,359.8,355.1,357,6252,2229559.2
2023-03-30,GBBL,358,360.9,353,354.9,8821,3137966
2023-04-02,GBBL,359,359,353.1,354,15007,5326743.5
2023-04-03,GBBL,350.1,354,350,353.8,12567,4425491.3
2023-04-04,GBBL,349.5,360,349,355,12434,4408812.4
2023-04-05,GBBL,351,356,350.1,354.9,6582,2325878.6
2023-04-06,GBBL,354,357.8,348,349,19052,6707058.9
2023-04-09,GBBL,343,347.9,342.1,344.5,10277,3539079.7
2023-04-10,GBBL,350,351,346,348,8110,2832009.3
2023-04-11,GBBL,353,355,347,355,24937,8740781.5
2023-04-12,GBBL,355.1,370,355.1,370,29967,10951082.3
2023-04-13,GBBL,373,374.8,364,365,29837,11020764.6
2023-04-16,GBBL,360,367,360,363,6279,2275126.2
2023-04-17,GBBL,370,370,356,356,10323,3712165.4
2023-04-18,GBBL,356,360,351,359.9,4842,1721350.5
2023-04-19,GBBL,360,364.9,350.9,361.2,11674,4169909.8
2023-04-20,GBBL,357,363,355,357,8899,3203934.5
2023-04-23,GBBL,350.6,356.9,350.6,356.9,7557,2673103.5
2023-04-24,GBBL,352,360,352,358.5,19841,7088099.1
2023-04-25,GBBL,352.2,367,352.2,367,16826,6055981.8
2023-04-26,GBBL,365,366,357,363,14513,5242570.6
2023-04-27,GBBL,360,363,357.1,361,7424,2680775.7
2023-04-30,GBBL,358,358,351,353,15180,5367703.9
2023-05-02,GBBL,354,356.8,352,356.8,11436,4047143.4
2023-05-03,GBBL,354,359,352,353,13369,4719965.3
2023-05-04,GBBL,353,356,347,355,18730,6567788
2023-05-07,GBBL,348,357,348,350,10493,3673477.3
2023-05-08,GBBL,344,350,344,350,9986,3465064.3
2023-05-09,GBBL,350.1,355,348,350.1,9314,3279333.2
2023-05-10,GBBL,347.1,355,347.1,349,12960,4553905.9
2023-05-11,GBBL,349,351,348,350,3821,1336647.5
2023-05-14,GBBL,352,352,336,342,37567,12798629.9
2023-05-15,GBBL,345,345,338,340,16897,5747818.6
2023-05-16,GBBL,338,345,337,340.5,8100,2756734.9
2023-05-17,GBBL,343.9,351,340,347,13005,4510284.7
2023-05-18,GBBL,353,356.9,347,352,20853,7356963.9
2023-05-21,GBBL,352,358,351.2,351.4,13648,4820122.8
2023-05-22,GBBL,345.1,354.9,345,352.5,10116,3546018.3
2023-05-23,GBBL,356,360.8,353,360,27038,9694657.8
2023-05-24,GBBL,361,365,357,364,24581,8885944.7
2023-05-28,GBBL,363.2,368,353.3,354,27672,10002235.1
2023-05-30,GBBL,353,353,347,349.5,15665,5467398.3
2023-05-31,GBBL,344.1,350.9,341,343.8,27115,9331784.6
2023-06-01,GBBL,344,347,340,345,24619,8466087.3
2023-06-04,GBBL,345,360,345,353,19752,6961052.3
2023-06-05,GBBL,355.1,356.9,346.1,349.1,22085,7763628.6
2023-06-06,GBBL,350,355,346,352,15036,5281664.1
2023-06-07,GBBL,354,358.9,352,355,23814,8434359.5
2023-06-08,GBBL,358.9,359,351.9,354.1,17547,6232384.6
2023-06-11,GBBL,361,368,356,367,61374,22389156.6
2023-06-12,GBBL,373.9,374.9,365.1,368,52061,19283726.2
2023-06-13,GBBL,372,379,365.2,375,45941,17199448.7
2023-06-14,GBBL,378.8,382.5,365.6,372,74084,27878581.6
2023-06-15,GBBL,368,375,365,372.1,26583,9834651.8
2023-06-18,GBBL,372,382,372,378,26078,9856258.7
2023-06-19,GBBL,380.1,391,378,388.9,82865,32055810
2023-06-20,GBBL,396.5,402,371,380.1,92215,36080808
2023-06-21,GBBL,386,390,372.6,377,39317,14891687.5
2023-06-22,GBBL,384.4,384.4,370,371.2,32856,12303056.9
2023-06-25,GBBL,375,394,370,388,56040,21647533.5
2023-06-26,GBBL,395.5,400,387,387,53966,21148902.3
2023-06-27,GBBL,390,397.8,390,395,82758,32481826.2
2023-06-28,GBBL,395,399.8,384,385,51951,20157295.5
2023-07-02,GBBL,381,387.5,375,375,39347,14987421.2
2023-07-03,GBBL,370,381,369,372.7,33798,12696200
2023-07-04,GBBL,373,375,370,374,24161,9001790.5
2023-07-05,GBBL,381.4,381.4,368,369,19654,7305948.7
2023-07-06,GBBL,366,375,362,370,24157,8904733.8
2023-07-09,GBBL,375,377.4,370,372,36267,13518480.6
2023-07-10,GBBL,379.4,380,375.3,375.4,49823,18788363.9
2023-07-11,GBBL,376.3,392.2,375,386.1,65612,25309262.1
2023-07-12,GBBL,392.5,393,387,388.6,36658,14330996.9
2023-07-13,GBBL,395,395,384,384.3,33617,13061775
2023-07-16,GBBL,380.1,405,377,405,37087,14219488.5
2023-07-17,GBBL,407,407,391,406.8,68270,27341516.2
2023-07-18,GBBL,409,413.9,401,401,56335,22856177.1
2023-07-19,GBBL,400.1,404,397,402,48244,19324810
2023-07-20,GBBL,402,405,399.2,399.2,35294,14180325.7
2023-07-23,GBBL,405,417,401,416,86764,35578818.3
2023-07-24,GBBL,419,419,400,400.1,81214,33016920.2
2023-07-25,GBBL,400,402,391,392.7,43713,17250683.4
2023-07-26,GBBL,395,400,384,390,84977,33177630.2
2023-07-27,GBBL,390.4,396.9,387,387.9,28431,11111947.8
2023-07-30,GBBL,393,401.8,381.3,385,37949,14642203.7
2023-07-31,GBBL,385,390,383,384.3,37175,14360638
2023-08-01,GBBL,389,389.9,376,379.9,20825,7944258.6
2023-08-02,GBBL,379,381.9,377,381,22704,8610833.9
2023-08-03,GBBL,388.6,393,381,384,33142,12751191
2023-08-06,GBBL,391.6,393,380.2,382,33225,12769795.9
2023-08-07,GBBL,378.1,388.9,378,384.4,19715,7585577.6
2023-08-08,GBBL,385,388.6,376.8,379.9,22404,8531308
2023-08-09,GBBL,378,385,376,385,26863,10205841.2
2023-08-10,GBBL,386.1,390.9,385,385,18364,7108138.7
2023-08-13,GBBL,390,390,385,389.5,25373,9846668.1
2023-08-14,GBBL,390,393,388,388.1,20156,7859589.3
2023-08-15,GBBL,386,389,380,381,39218,15047230.6
2023-08-16,GBBL,378,380.9,376.5,380,25356,9588105
2023-08-17,GBBL,386,386,377,380,28736,10930591.7
2023-08-20,GBBL,380,381.5,375.2,376,21026,7937566.9
2023-08-21,GBBL,376,380,375,377,19330,7297659.5
2023-08-22,GBBL,382,382,376,379.9,18505,7006783.3
2023-08-23,GBBL,380,386,380,385.9,23622,9085896.7
2023-08-24,GBBL,381,387.9,375.1,376,30950,11822820.2
2023-08-27,GBBL,379,379,375,376.5,14863,5583100.2
2023-08-28,GBBL,375,385,373,383,21682,8228927.2
2023-08-29,GBBL,382.9,383,377.5,379,8594,3258584.6
2023-08-30,GBBL,384,384,375.2,375.6,20127,7611845.9
2023-09-03,GBBL,373,376,370,371,18626,6929432.4
2023-09-04,GBBL,375,377.5,369.6,372.5,15269,5704398.2
2023-09-05,GBBL,372.5,375,371.2,371.6,7640,2844765.4
2023-09-07,GBBL,370,371,367,369,17344,6396624.9
2023-09-10,GBBL,371,374,368,371,9522,3528236.4
2023-09-11,GBBL,372,378,370,378,13127,4922307.2
2023-09-12,GBBL,378,378,373,376,5603,2102362.4
2023-09-13,GBBL,380,383.5,376,382,23788,9060095.5
2023-09-17,GBBL,381,381,375.3,375.3,13542,5107513.1
2023-09-18,GBBL,371,381,370,375.9,7894,2944607.2
2023-09-19,GBBL,376.9,380,370,379,13539,5079241.1
2023-09-21,GBBL,382,398,382,398,45567,17764147
2023-09-24,GBBL,391,396,387,388,22584,8805224
2023-09-25,GBBL,386,389,383.2,386,21354,8247899.4
2023-09-26,GBBL,393.5,393.5,386,388.9,26696,10386330.7
2023-09-27,GBBL,387,387,382.1,383.5,16253,6243788.2
2023-10-01,GBBL,378.2,382.9,378,380,29986,11387391.5
2023-10-02,GBBL,377,389.9,377,389.5,16781,6432750.9
2023-10-03,GBBL,389.5,389.5,380,382,14880,5696864.2
2023-10-04,GBBL,382,387,378,384,15547,5981961
2023-10-05,GBBL,387,387,381,382,8227,3147016.9
2023-10-08,GBBL,379,380,374,374,28709,10814685.5
2023-10-09,GBBL,375,377,370.3,372.5,16048,5987147.6
2023-10-10,GBBL,373,373,366.4,367,23160,8555641.9
2023-10-11,GBBL,366,370.8,366,368.1,19996,7380886.6
2023-10-12,GBBL,371,371,364,364.5,25317,9261359.1
2023-10-16,GBBL,365,368,361.3,361.3,8583,3121810.5
2023-10-17,GBBL,363,368.5,362,365,10352,3776744.6
2023-10-18,GBBL,366.5,373,365,372,15413,5680987.5
2023-10-19,GBBL,371,377,370,374,12484,4674827.1
2023-10-29,GBBL,380,380,367,370,11682,4340388.1
2023-10-30,GBBL,363.1,372,363,370,8922,3286374.4
2023-10-31,GBBL,371,373,369,370,6404,2372365.6
2023-11-01,GBBL,368,372,367.7,369.8,14392,5303079.2
2023-11-02,GBBL,365.5,370,364,365,13477,4931076.5
2023-11-05,GBBL,360,363.9,356.3,357.9,16615,5959734
2023-11-06,GBBL,362,363,357,358.5,11162,4019076.1
2023-11-07,GBBL,362,362,358.5,362,17441,6278273
2023-11-08,GBBL,366.9,366.9,358,362.1,6094,2204347.5
2023-11-09,GBBL,360,363,358,362,5597,2023368
2023-11-20,GBBL,367.7,374,367.6,368,16356,6048816.5
2023-11-21,GBBL,372,372,363,371.8,6713,2454046.6
2023-11-22,GBBL,372.7,372.7,366.1,369,4210,1557478.9
2023-11-23,GBBL,369.1,372.2,366,372,19142,7078534.6
2023-11-26,GBBL,370,381.4,370,380.2,23150,8737478.2
2023-11-27,GBBL,384.9,385,379,379,16163,6172816.1
2023-11-28,GBBL,376,381,376,376.1,8756,3298952.4
2023-11-29,GBBL,378,378,365.2,366,24048,8893823.6
2023-11-30,GBBL,365,370,364.1,370,14068,5155385.7
2023-12-03,GBBL,372.9,373,365,365.2,24136,8893223.9
2023-12-04,GBBL,365,371,365,368,14046,5162876.7
2023-12-05,GBBL,369.8,372,366.1,366.1,12451,4572734.3
2023-12-06,GBBL,368,368.9,361.2,365.5,3090,1128410.8
2023-12-07,GBBL,363.5,371.7,363.5,370,9559,3522145.1
2023-12-10,GBBL,372,398,363,396.9,17584,6481580
2023-12-11,GBBL,404.8,405,383,386.1,49030,19157518.7
2023-12-12,GBBL,386.1,392,386.1,390,40654,15813273.8
2023-12-13,GBBL,387,401.5,386.4,391.5,58459,23101746.5
2023-12-14,GBBL,387,400.9,384,395.2,74599,29634808.5
2023-12-17,GBBL,390,402,386,401,54037,21469461.8
2023-12-18,GBBL,409,415.9,404.5,410,160566,65980087.2
2023-12-19,GBBL,415.9,416,406,415,49841,20450030.8
2023-12-20,GBBL,421,430,413,424,159784,67567258.7
2023-12-21,GBBL,432.4,432.4,411,411,183208,77141789.5
2023-12-24,GBBL,419,419,410.1,412,105789,43904446.4
2023-12-27,GBBL,416,416,407.5,408,92062,37766646.4
2023-12-28,GBBL,408,414,404.7,406,75798,30931928.6
2024-01-01,GBBL,414,418.9,407.9,410,107340,44254444.1
2024-01-02,GBBL,375,381,367.7,370.5,43429,16124184.9
2024-01-03,GBBL,370.5,374.9,364.5,369,32621,11994698.3
2024-01-04,GBBL,370,374,366.2,367,38745,14307829.4
2024-01-07,GBBL,360,370.5,358,361.3,51380,18588407.6
2024-01-08,GBBL,361,373,359,372.9,39757,14483328.9
2024-01-09,GBBL,379,394,373,389,91840,35323489
2024-01-10,GBBL,396.7,396.7,383,384,61475,23980142.6
2024-01-11,GBBL,384,384,377.5,379,23799,9021491.8
2024-01-14,GBBL,384.9,390,380,386,31497,12127422.2
2024-01-16,GBBL,392,401.9,388.7,397,85435,33917747.9
2024-01-17,GBBL,401.9,413,395,396.3,162068,65613920.6
2024-01-18,GBBL,390,398,390,392.1,55179,21801442
2024-01-21,GBBL,385,395,385,387,83246,32479320.7
2024-01-22,GBBL,385,390,380,381,36034,13824084.9
2024-01-23,GBBL,381.2,388,378,381.5,43070,16490232.8
2024-01-24,GBBL,373.9,395,373.9,383,22914,8842780.9
2024-01-25,GBBL,388,388,378,382,29734,11319072.8
2024-01-28,GBBL,386.9,389,380,382.9,29257,11231029.1
2024-01-29,GBBL,382.1,386,380.5,384.1,26429,10158686.2
2024-01-30,GBBL,390,390,383,383,28943,11127277.7
2024-01-31,GBBL,388.5,389,377.1,377.5,27958,10653329.7
2024-02-01,GBBL,372.1,378,370.7,371.5,41836,15586269.5
2024-02-04,GBBL,371.6,376,369,376,25691,9613861.5
2024-02-05,GBBL,383.5,383.5,371.2,378,20218,7657724.1
2024-02-06,GBBL,378,384,377,380,28856,10965561.8
2024-02-07,GBBL,382,386,379.2,381,21654,8253775.7
2024-02-08,GBBL,380,383,376.1,380.5,18261,6946746.7
2024-02-11,GBBL,382,386,375.5,382.1,32566,12482138.1
2024-02-12,GBBL,383,384.5,381,384,26048,9972584.6
2024-02-13,GBBL,377.1,382,374,375,42722,16086138
2024-02-14,GBBL,375,390,370.2,380,67933,25999375.5
2024-02-15,GBBL,375.1,382,375.1,375.2,37652,14205131.7
2024-02-18,GBBL,382,382,370,370.9,33535,12486916.1
2024-02-20,GBBL,363.5,375,363.5,371,45921,17034845.8
2024-02-21,GBBL,375,375,367,368.7,33717,12443808.4
2024-02-22,GBBL,367,370,363,364.1,27787,10165400.4
2024-02-25,GBBL,362.1,367.9,360,360.5,37023,13416496.4
2024-02-26,GBBL,358,364.9,358,364.9,22991,8296304.6
2024-02-27,GBBL,361,369,360.2,364,16049,5832067.8
2024-02-28,GBBL,364,366,358.3,359.1,28094,10116842.1
2024-02-29,GBBL,357,359,356,356.6,19334,6898431.1
2024-03-03,GBBL,354,355,350,350.9,30009,10551517.8
2024-03-04,GBBL,357.9,379.4,357.9,378,4134,1529958
2024-03-05,GBBL,385,385,362,362.6,33550,12303528.7
2024-03-06,GBBL,362.6,369,360.2,361.2,23145,8416009
2024-03-07,GBBL,367,368,365,367,24712,9047479.8
2024-03-10,GBBL,370,374,366,371,15908,5911583.7
2024-03-12,GBBL,364,381,364,377,28918,10864227.6
2024-03-13,GBBL,383,383,373,376.1,46857,17743260.4
2024-03-14,GBBL,381,381,364.4,370,45078,16705313
2024-03-17,GBBL,370,377,370,372,29607,11042592.2
2024-03-18,GBBL,371,376.8,370,376,31188,11668489.2
2024-03-19,GBBL,379.9,380.9,373.2,374,22692,8557930.6
2024-03-20,GBBL,374,374.9,371.1,373,25090,9369587.8
2024-03-21,GBBL,372,375,371.2,373,19006,7083394.1
2024-03-25,GBBL,372.9,373,367.1,367.1,18304,6740736.1
2024-03-26,GBBL,366,402.4,366,375,40837,15289280.5
2024-03-27,GBBL,375,375.1,368.7,370,12677,4696269.8
2024-03-28,GBBL,366,372,365.5,369.9,11179,4123445.8
2024-03-31,GBBL,375,375,363.6,364,19692,7201229.6
2024-04-01,GBBL,364,365,362.6,362.6,13534,4919514.4
2024-04-02,GBBL,361.6,365,361.2,362,16140,5857791.3
2024-04-03,GBBL,360,364,360,360.1,20066,7249400.1
2024-04-04,GBBL,360,361.9,357.1,359,16950,6080491.4
2024-04-07,GBBL,357.2,369,357.2,366.2,29651,10796920.6
2024-04-09,GBBL,370,373.5,367,369,38818,14357565.9
2024-04-10,GBBL,376,376.3,362,370,31657,11567519.3
2024-04-14,GBBL,372,372,365.6,365.9,22549,8297056.1
2024-04-15,GBBL,365.9,371,362,364,17659,6428347.5
2024-04-16,GBBL,364.1,368.9,364,367,13601,4961522.5
2024-04-18,GBBL,361,364.9,359.1,360,22064,7973527.6
2024-04-21,GBBL,359,363.5,353,361.9,15664,5649977
2024-04-22,GBBL,360.5,362.1,357.5,360,8257,2966990.1
2024-04-24,GBBL,358.1,366.5,356.1,358,16373,5879900.4
2024-04-25,GBBL,358,360,355.1,355.3,13012,4660697.7
2024-04-28,GBBL,360.5,363,355.6,363,14089,5073891.6
2024-04-29,GBBL,361,369.6,360,365,38918,14263489.4
2024-04-30,GBBL,370,386,365,379.8,162238,61737346.5
2024-05-02,GBBL,384,385.4,370,370.1,59231,22234865.5
2024-05-05,GBBL,372,374,362.8,364,41770,15328807.7
2024-05-06,GBBL,364,369,360.6,363.9,20725,7549979.4
2024-05-07,GBBL,363,369,360.7,366,28901,10534527.1
2024-05-08,GBBL,369.9,370,364,365,10403,3810655.2
2024-05-09,GBBL,362,368.9,362,362.1,23257,8499148.8
2024-05-12,GBBL,362,370,361.3,366.1,16116,5915531.5
2024-05-13,GBBL,370,370,364,368.5,21160,7801069.4
2024-05-14,GBBL,373,373,365.6,369.6,25974,9605618.1
2024-05-15,GBBL,375.1,376.9,366.1,366.9,28285,10461920.3
2024-05-16,GBBL,369,370,363,364,23046,8407043.1
2024-05-19,GBBL,371.2,371.2,361.6,366,40681,14896773.8
2024-05-20,GBBL,370.5,378,367.1,370.1,36591,13635198.4
2024-05-21,GBBL,370.5,374.7,370,371.2,16715,6210037.6
2024-05-22,GBBL,375.8,376,370.1,372,27333,10216590.9
2024-05-26,GBBL,372,373,368,368,33825,12525228.3
2024-05-27,GBBL,371,373.2,366,369.9,21590,7951142.3
2024-05-29,GBBL,377.2,377.2,364.2,364.2,16295,5970991
2024-05-30,GBBL,365,365,360.1,361,14199,5128408.8
2024-06-02,GBBL,362,365,357,361.1,26766,9690277.7
2024-06-03,GBBL,365,365,361,362,21553,7832612.4
2024-06-04,GBBL,360,367.4,358.2,364,30886,11234953.8
2024-06-05,GBBL,365,365,362,364,22068,8014253.1
2024-06-06,GBBL,361,364,360.5,362.5,16208,5876989.4
2024-06-09,GBBL,362.5,364,360,360.1,29379,10612423.8
2024-06-10,GBBL,360,362,360,361,20619,7446597.7
2024-06-11,GBBL,366,367,362,366,46012,16799772.4
2024-06-12,GBBL,370,371,364.7,364.7,22150,8106114.2
2024-06-13,GBBL,365,374,362,365.1,46373,17095607.7
2024-06-16,GBBL,365,367,362,362,16892,6149501.2
2024-06-18,GBBL,362,364.5,359.3,360,36364,13100142.6
2024-06-19,GBBL,360,363.7,357.3,359,30630,11001619
2024-06-20,GBBL,359,362,357.4,358,31323,11246753.6
2024-06-23,GBBL,355.6,359,355.5,356,19352,6892377.2
2024-06-24,GBBL,356,361,356,359,16771,6031148.9
2024-06-25,GBBL,360,363.1,359,360,20092,7253675.4
2024-06-26,GBBL,358,361.1,354.2,355,27500,9827835.4
2024-06-27,GBBL,354,356.9,352.3,354,21096,7458890
2024-06-30,GBBL,354.2,355,351,352.7,19604,6915735.3
2024-07-01,GBBL,350.1,354.5,350.1,354.4,21307,7526757.3
2024-07-02,GBBL,361.4,375.8,361.4,364,37886,13826067.4
2024-07-03,GBBL,364,368.8,357.5,368,30179,10972770.7
2024-07-04,GBBL,375.3,384.7,365,376.7,187625,70724749.8
2024-07-07,GBBL,377,380,373.1,375,42819,16115849
2024-07-08,GBBL,376,376,371,372.2,35125,13095777.5
2024-07-09,GBBL,371,387,371,384,126338,48254857.8
2024-07-10,GBBL,386,389,381.7,385,67621,26013076.2
2024-07-11,GBBL,386,392.7,384,385,106272,41043384.5
2024-07-14,GBBL,392.7,400,385.1,392.2,123635,48300249.5
2024-07-15,GBBL,400,400,380,385.1,117774,45623050.6
2024-07-16,GBBL,385.1,399.9,384,398.8,93031,36677505.1
2024-07-17,GBBL,400,415,396,413.9,174506,70673599.5
2024-07-18,GBBL,422,429,414,419.1,203716,85953092.6
2024-07-21,GBBL,419.1,436,415.2,431,205395,88235640.4
2024-07-22,GBBL,436,438,421.4,430,166252,71026788.2
2024-07-23,GBBL,430,446,422.2,444.1,160437,70271558.9
2024-07-24,GBBL,450,453,430,435,177987,78623102
2024-07-25,GBBL,430.2,438.9,430.2,433,131969,57188055.6
2024-07-28,GBBL,441.6,459,433,451,210178,93893338.9
2024-07-29,GBBL,460,460,441.6,442,176493,78852820.9
2024-07-30,GBBL,450,450,432.3,442,141259,62155304.6
2024-07-31,GBBL,448,467,444,456,288720,131641737.7
2024-08-01,GBBL,446.9,473,446.9,460,321574,149190923.4
2024-08-05,GBBL,469.2,477,459.9,464,158542,73527863.8
2024-08-06,GBBL,465,470,439,439,234477,106048857.3
2024-08-07,GBBL,435,454.7,431,450.2,151484,67810019
2024-08-08,GBBL,454,468,449,450,143095,65184982.9
2024-08-11,GBBL,459,468.1,455,466,192836,89393666.9
2024-08-12,GBBL,474.8,490,460,486.3,271837,130745091.8
2024-08-13,GBBL,492,499,480,483,191232,93039682.3
2024-08-14,GBBL,483,500,480,498,294882,145106777.6
2024-08-15,GBBL,505,522,496,510,439853,224505848.5
2024-08-18,GBBL,510,517.2,496,499,272463,137174267.1
2024-08-21,GBBL,499,505,488,492,220721,108822960.6
2024-08-22,GBBL,501,531.4,495,511,442632,229163225.6
2024-08-25,GBBL,516,518,495,496,215726,108464306.1
2024-08-27,GBBL,488,497,471.5,473.1,237705,114346261.6
2024-08-28,GBBL,473.1,490,466,470,164178,78474816.1
2024-08-29,GBBL,472,472,459.8,460,136833,63404923.4
2024-09-01,GBBL,461,468,453.1,457,107468,49202201.2
2024-09-02,GBBL,453.2,482,453.2,479,126717,59572273.6
2024-09-03,GBBL,481,488,467,477,124692,59708757.1
2024-09-04,GBBL,482,489.6,458.1,461,185858,88045658.8
2024-09-05,GBBL,451.8,467,451.8,463,74723,34360256.8
2024-09-08,GBBL,471.9,472.2,455,455,57628,26618264.1
2024-09-09,GBBL,455,460,440.1,442,95853,42780659.3
2024-09-10,GBBL,433.2,450.6,433.2,445,63432,28247085.3
2024-09-11,GBBL,445,447.9,438,441,42791,18927294.3
2024-09-12,GBBL,432.2,453,432.2,451,67545,30218748.4
2024-09-15,GBBL,458,461.5,439,439,77503,34925447.6
2024-09-16,GBBL,447.5,447.7,430,433,59732,25979992.2
2024-09-18,GBBL,440,441,425.1,430.3,61907,26813460.5
2024-09-22,GBBL,438.9,445,432.2,435,45710,19982260.4
2024-09-23,GBBL,439,439,426.4,431.9,47509,20392952.8
2024-09-24,GBBL,431.9,438.9,417,419,47763,20212052.6
2024-09-25,GBBL,420,430,408.8,429,48565,20406222.1
2024-09-26,GBBL,434.9,435,425.5,426,44269,19009162.2
2024-09-29,GBBL,422,431.9,416.4,421,36522,15424716.5
2024-09-30,GBBL,428,428,422.5,428,21107,8971088.6
2024-10-01,GBBL,434,449,430,448.9,53250,23564604.4
2024-10-02,GBBL,450,452.9,440,449,44107,19656529.7
2024-10-06,GBBL,445,455.9,441,454,36335,16424009.3
2024-10-07,GBBL,458,465,454.5,460,34466,15859061.9
2024-10-08,GBBL,460,462,455.5,457.9,28044,12836060.3
2024-10-09,GBBL,453,459,452,457,15269,6954719.1
2024-10-15,GBBL,459.9,462.7,451.1,460.2,12798,5886545.7
2024-10-16,GBBL,463,475,458,470,29086,13638394.8
2024-10-17,GBBL,473,475,467,469.2,43290,20433704.6
2024-10-20,GBBL,460,469,455,458.5,68715,31706006
2024-10-21,GBBL,458.5,458.5,444,445,34740,15598090.1
2024-10-22,GBBL,449,453,442,453,28321,12667892.2
2024-10-23,GBBL,452.8,454,446.1,447,15925,7149175.5
2024-10-24,GBBL,443,452,443,445,30247,13506777.1
2024-10-27,GBBL,441,445.1,440.5,441,10320,4565917.3
2024-10-28,GBBL,445,447,443,446.5,11309,5030237.8
2024-10-29,GBBL,448,457.8,448,453,20234,9154480.6
2024-10-30,GBBL,460,460,448,449,23773,10735472.8
2024-11-05,GBBL,455,455,445.6,448,13682,6149151.2
2024-11-06,GBBL,452.9,453,445.2,450,15659,7030611
2024-11-10,GBBL,450,461.9,448.3,458,50232,22935199.4
2024-11-11,GBBL,460.1,467.1,458.2,461,55126,25527502.2
2024-11-12,GBBL,460,465,455,455,30314,13939349.2
2024-11-13,GBBL,457,458,451.2,456,19556,8894062.2
2024-11-14,GBBL,462.6,463,453.1,457.5,32896,15100719.9
2024-11-17,GBBL,464.9,465.9,457.5,457.5,54168,24968888.9
2024-11-19,GBBL,460,460,450,450,62943,28653718.7
2024-11-20,GBBL,449,460.9,444.1,458.9,49149,22294922.7
2024-11-21,GBBL,460,463.6,453,455,52610,24084463.7
2024-11-24,GBBL,454,460,449,449.1,30123,13599651.7
2024-11-25,GBBL,444,454.8,444,447,21246,9534684.2
2024-11-26,GBBL,455.9,455.9,448,451,26030,11712823.2
2024-11-27,GBBL,451,458,447.2,458,37087,16842148.5
2024-11-28,GBBL,453.1,477,453.1,460,118450,55293010.9
2024-12-01,GBBL,458.8,471,454,470,123002,57054792.3
2024-12-02,GBBL,473.2,476.5,456,457.5,92486,43422948.4
2024-12-03,GBBL,464,464.8,453,454.2,31965,14616212.3
2024-12-04,GBBL,463.2,463.2,449,449,51042,23118304.7
2024-12-05,GBBL,454.9,454.9,445.1,446,44952,20121345.9
2024-12-08,GBBL,446,449.4,434,440,49899,21889961.8
2024-12-09,GBBL,437.1,445,431.5,435,31667,13851941.1
2024-12-10,GBBL,436.1,442.7,436,436,20832,9122042
2024-12-11,GBBL,440,443.6,433.1,443.6,19369,8508027.2
2024-12-12,GBBL,448.5,448.5,437,439,28737,12701264.8
2024-12-16,GBBL,435,438.9,430.1,430.3,17314,7497744.5
2024-12-17,GBBL,427,430.5,422.1,428,37364,15921315.8
2024-12-18,GBBL,430,435,424.1,424.1,18583,7936112.3
2024-12-19,GBBL,424,427.9,420,420,46687,19728459.4
2024-12-22,GBBL,417,418,400,401,62577,25350731.7
2024-12-23,GBBL,402.1,405,399,400,45923,18422458.9
2024-12-24,GBBL,401,413,395,407,48790,19789615.2
2024-12-26,GBBL,400,409.9,400,403,19360,7839320
2024-12-29,GBBL,402,404.9,395.1,396.5,29431,11762009.3
2024-12-31,GBBL,395,395.3,386,389,30523,11877298.3
2025-01-01,GBBL,390,399,390,396,19586,7755616.6
2025-01-02,GBBL,396,396.2,386,394.6,19208,7531659.2
2025-01-05,GBBL,391,398,390.5,393.9,25082,9843189
2025-01-06,GBBL,389.1,401.8,388,400,33220,13189002.8
2025-01-07,GBBL,400,400,396,396,15967,6352682.2
2025-01-08,GBBL,396,403,395,402,39187,15623408.4
2025-01-09,GBBL,405,405,395,397,29802,11843208.8
2025-01-12,GBBL,398,400,392,392.4,15214,5994712
2025-01-13,GBBL,385.3,392.9,385.1,389,36240,14101827.8
2025-01-15,GBBL,396,396,388,389,11894,4628251.2
2025-01-16,GBBL,390,392,386.4,386.4,16867,6555155.7
2025-01-19,GBBL,386.2,390,380,382,38449,14698141.8
2025-01-20,GBBL,384,386.7,379.1,380.7,23879,9111899.5
2025-01-21,GBBL,385,385,378.7,381,52154,19844795.5
2025-01-22,GBBL,381,394,379,386,39833,15469426.8
2025-01-23,GBBL,389,392,380.2,385,64904,25071658.1
2025-01-26,GBBL,383,392,380,387.3,25137,9729647.9
2025-01-27,GBBL,385,392,382,386,51025,19817929.2
2025-01-28,GBBL,389.9,399,387,398,61585,24172357.5
2025-02-02,GBBL,398,413,398,410,61113,24962999.9
2025-02-03,GBBL,412,414,400.1,405,51488,21011708.7
2025-02-04,GBBL,405,411.5,401,404,38939,15786452.1
2025-02-05,GBBL,404,410,401.2,403.5,25552,10315309
2025-02-06,GBBL,403,405,399,400,39555,15838777.2
2025-02-09,GBBL,401,405,397.3,398,27567,11008060.5
2025-02-10,GBBL,397,400,394.5,395.5,20998,8312485.5
2025-02-11,GBBL,400,403.4,395.2,396.5,19709,7829164.3
2025-02-12,GBBL,398,400.9,395,395,32251,12858750.7
2025-02-13,GBBL,400,400,393.2,394,22862,9025729.3
2025-02-16,GBBL,400,400,392,396,42798,16834186.7
2025-02-17,GBBL,400,400,394.1,397.2,40882,16267192.1
2025-02-18,GBBL,401.9,403,397.1,399.2,52192,20901911.6
2025-02-20,GBBL,400.1,400.5,396,396,33691,13380065
2025-02-23,GBBL,390,397.9,389,395,48262,18941421.2
2025-02-24,GBBL,395,398,393,394,56100,22134355.3
2025-02-25,GBBL,391,397,391,395,30334,11963153.5
2025-02-27,GBBL,402.9,409,397,404,63828,25648536.6
2025-03-02,GBBL,406,416,405.2,415,57843,23824423.4
2025-03-03,GBBL,419.9,426.4,415,415.8,65900,27631448.9
2025-03-04,GBBL,415.1,421,412,414,54502,22672482.6
2025-03-05,GBBL,419,422.2,403,407.9,80552,33041351.6
2025-03-06,GBBL,407.9,415.8,406,415,47028,19400514.6
2025-03-09,GBBL,415.1,415.1,407.1,409.9,42870,17589531.7
2025-03-10,GBBL,411,413,407,411.7,50413,20648399.8
2025-03-11,GBBL,415,427,406,412.1,123977,51889209.3
2025-03-12,GBBL,418,419.7,411,412.6,30675,12715830.3
2025-03-16,GBBL,409.9,410,404,404.8,39168,15883164.1
2025-03-17,GBBL,405,407,400.1,400.3,31400,12648993.8
2025-03-18,GBBL,408.3,408.3,399,399.9,20918,8371406.2
2025-03-19,GBBL,400,400,395,398,23415,9318502.5
2025-03-20,GBBL,397.9,404,396,399.42,34567,13810330.3
2025-03-23,GBBL,392.5,396,389,389.88,31588,12376391.9
2025-03-24,GBBL,385,395,384,393.03,22901,8972404.3
2025-03-25,GBBL,391,391,380,380.49,50912,19530353.3
2025-03-26,GBBL,380,390,380,387.96,13546,5218095.9
2025-03-27,GBBL,382,395,382,394.51,15262,5994828.2
2025-03-30,GBBL,398,402,394.5,396.04,32934,13087532.9
2025-04-01,GBBL,396,396,391.1,392.74,19846,7798780.1
2025-04-02,GBBL,397,397,390.2,393.1,15716,6177594.4
2025-04-03,GBBL,393.2,397,393.1,395.07,21225,8372950.6
2025-04-07,GBBL,399,399,392,392.44,25129,9892732.3
2025-04-08,GBBL,387.3,390,387,389.46,17778,6896758.9
2025-04-09,GBBL,385,397.1,385,394.95,22031,8709286
2025-04-10,GBBL,390,397.8,390,395.07,29815,11766253
2025-04-13,GBBL,399,399,394.2,395.86,19897,7861280.1
2025-04-15,GBBL,399,402.2,396.2,396.45,22522,9000171.4
2025-04-16,GBBL,399.8,402,399,400.75,25830,10339054.6
2025-04-17,GBBL,401,411.8,398,409.71,32046,13026251.5
2025-04-20,GBBL,414.9,414.9,403.2,405.37,23349,9481364.9
2025-04-21,GBBL,399,409,399,408.13,21482,8748402.6
2025-04-22,GBBL,412,412,400.2,402.26,21418,8703858.3
2025-04-23,GBBL,396,400,395,396.41,17499,6940560.1
2025-04-24,GBBL,392.1,396.9,392.1,396.18,12677,4998838.8
2025-04-27,GBBL,397,398,391.4,392.22,18806,7414932
2025-04-28,GBBL,392.5,395,389.6,390.05,22461,8773563.3
2025-04-29,GBBL,384.5,391,384.5,388.21,60722,23584681.2
2025-04-30,GBBL,391,391,386.9,388.14,13062,5073267.8
2025-05-04,GBBL,394,394,388.1,390.02,18484,7195861.5
2025-05-05,GBBL,391.1,394,388,389.09,11131,4332980.1
2025-05-06,GBBL,385.3,390.9,385.2,387.72,18112,7035474.2
2025-05-07,GBBL,385.5,400,385.5,396.89,37593,14826328
2025-05-08,GBBL,398,405.9,393,396.89,22075,8809278.2
2025-05-11,GBBL,394,400,392.1,398.32,14880,5920168.8
2025-05-13,GBBL,401,413.1,390,397.04,46616,18487604.9
2025-05-14,GBBL,399.9,409,396.1,401.33,80992,32630661
2025-05-15,GBBL,403.7,404,394,398.74,27398,10935545.8
2025-05-18,GBBL,402.9,402.9,394,394.1,24273,9601012.9
2025-05-19,GBBL,388.1,400.9,387,393.92,53024,20770144.3
2025-05-20,GBBL,391.5,405,390,404.01,29668,11776153.9
2025-05-21,GBBL,411.9,420,400,400.09,28657,11636054.3
2025-05-22,GBBL,400,405,400,400.28,23301,9355212.9
2025-05-25,GBBL,394,403,394,400.72,28126,11277491.1
2025-05-26,GBBL,408,410,398,398.02,42316,16974556.1
2025-05-27,GBBL,395,401.3,391.1,399.43,26265,10486138.5
2025-05-28,GBBL,397,400.9,395,398.21,24848,9869127.5
2025-06-02,GBBL,406.1,406.1,394,397.24,48094,19183215.6
2025-06-03,GBBL,398,401,396,396.59,46905,18667077.5
2025-06-04,GBBL,392.2,397,392.2,393.2,25263,9950395
2025-06-05,GBBL,393.2,395,392,392.96,17348,6814932.3
2025-06-08,GBBL,394,395.5,391.2,394.23,30383,11977659.6
2025-06-09,GBBL,395,398.9,393,396.99,21018,8332105.8
2025-06-10,GBBL,397,401,394.1,395.62,38575,15299516.8
2025-06-11,GBBL,398,398,393.6,393.81,28008,11052004.4
2025-06-12,GBBL,398,399,392.1,392.42,23133,9103112
2025-06-15,GBBL,391.2,395,390.1,392.41,28551,11207150.2
2025-06-16,GBBL,392,395,391,391.8,36291,14228616.9
2025-06-17,GBBL,394,395,390.3,391.44,16151,6330000.6
2025-06-18,GBBL,391,392,389.3,390.78,29511,11532845.2
2025-06-19,GBBL,389.5,391,387.3,389.91,22042,8577470.2
2025-06-22,GBBL,392,392.5,387,387.12,24162,9404174.7
2025-06-23,GBBL,387,407,384,387.2,26038,10129364.3
2025-06-24,GBBL,392,392.5,388,388.67,23615,9210532.7
2025-06-25,GBBL,385,390,385,387.64,21692,8429113.1
2025-06-26,GBBL,383.1,389.9,383.1,386.94,19636,7605587.7
2025-06-29,GBBL,391,399.2,384.1,388.45,22977,8926670.2
2025-06-30,GBBL,395,395,388,390.93,12603,4921495.3
2025-07-01,GBBL,390,405,390,394.54,25925,10258757.1
2025-07-02,GBBL,394.5,400,394.5,398.91,22818,9096834.1
2025-07-03,GBBL,398,410,398,406.45,59688,24188558.3
2025-07-06,GBBL,406.5,407.2,400.4,402.32,35030,14191491.8
2025-07-07,GBBL,400.5,405.9,400,402.14,33411,13437325.9
2025-07-08,GBBL,402,403,396.6,401.27,16441,6575438.3
2025-07-09,GBBL,404,405,400,404.11,34635,13935332.9
2025-07-10,GBBL,405,412,400.2,409.01,74759,30398470.6
2025-07-13,GBBL,417.1,421,413.2,418.51,100814,42036551.4
2025-07-14,GBBL,414,418.5,406.2,407.13,70302,29003673.8
2025-07-15,GBBL,414.9,414.9,406.1,410.65,68642,28146527.1
2025-07-16,GBBL,408.2,431.4,408.2,428.36,149827,63428002
2025-07-17,GBBL,432,448.9,430,442.85,193290,85294437.4
2025-07-20,GBBL,444,458.2,437,440.23,303310,135897220.8
2025-07-21,GBBL,441,465,431.5,455.63,442561,200441398.5
2025-07-22,GBBL,464.7,489,460.9,473.47,343485,162949027
2025-07-23,GBBL,473,479.8,460,469.37,200287,93561277.7
2025-07-24,GBBL,476.7,476.7,458,469.65,187965,87110926.4
2025-07-27,GBBL,465,479.4,456,463.58,285267,134036287.4
2025-07-28,GBBL,460,485,459.2,479.69,524022,249971930.5
2025-07-29,GBBL,489,498,475,481.64,185353,89370603.3
2025-07-30,GBBL,483,483,462,465,146932,69214987.2
2025-07-31,GBBL,466,466.1,451.2,453.05,144382,66030431.3
2025-08-03,GBBL,445.1,457.8,438.2,442.19,148079,66009149.7
2025-08-04,GBBL,445,459,436.3,445.3,154058,68418305.3
2025-08-05,GBBL,446,451.9,432,433.33,105654,46292309.9
2025-08-06,GBBL,433,440,425,431.99,81114,35078242.1
2025-08-07,GBBL,440,440.6,432,436.35,53650,23395209.7
2025-08-11,GBBL,442,442,422,424.28,106897,45980046.2
2025-08-12,GBBL,422,441,422,424.28,56103,23847207.9
2025-08-13,GBBL,430,430,424,425,31968,13623510.2
2025-08-14,GBBL,426,431.9,422,423.64,31920,13531958.1
2025-08-17,GBBL,431.5,449.4,430.1,431.09,94627,41059744.9
2025-08-18,GBBL,435,438,425,431.82,53867,23204657.1
2025-08-19,GBBL,437.9,438,432,433.08,43166,18747262.8
2025-08-20,GBBL,436.6,436.6,428,428.26,42534,18326182.2
2025-08-21,GBBL,428,429.1,426,426.14,30225,12898828.8
2025-08-24,GBBL,428.1,432,422,423.52,65623,27871671.3
2025-08-25,GBBL,425,427.8,421.1,425.33,39674,16830383.6
2025-08-26,GBBL,430,430,425.3,427.78,14268,6098496.3
2025-08-27,GBBL,433.9,441.9,431.7,439.68,74294,32375886.1
2025-08-28,GBBL,441,446,432.1,433.32,119069,52310941.1
2025-08-31,GBBL,435,435,425.2,426.06,26896,11502153.4
2025-09-01,GBBL,425,432.9,422,427.56,63901,27321759.2
2025-09-02,GBBL,431,435,427,431.45,28738,12356139
2025-09-03,GBBL,433,436,428,432.37,74056,32063223.1
2025-09-04,GBBL,430,436.8,425.1,429.4,53248,22878648.2
2025-09-07,GBBL,428.1,435.8,428.1,430.46,28322,12227426.4
2025-09-08,GBBL,430.1,434.9,423,426.47,56215,24037745.5
2025-09-18,GBBL,418,418,395,395,1898,786612
2025-09-21,GBBL,395,428,395,422.61,52934,21870254
2025-09-23,GBBL,420,437,420,433,28135,12171081.6
2025-09-24,GBBL,432.5,439.4,426,427,30583,13127991.6
2025-09-25,GBBL,426,432,425.1,427,33594,14341700.5
2025-09-28,GBBL,430,433,428,431,13886,5965339.1
2025-10-07,GBBL,428,430,422.1,424,28695,12186836.1
2025-10-08,GBBL,421,425,412.9,417.1,48034,20113885.5
2025-10-09,GBBL,425.4,441,417.1,419.9,39313,16763480.4
2025-10-12,GBBL,412.6,418,405,409.9,85262,34826622.2
2025-10-13,GBBL,406,418,406,418,24213,10021780.9
2025-10-14,GBBL,416,420,411,414.9,31779,13128671
2025-10-15,GBBL,417,422.9,405,410,24986,10267616.6
2025-10-16,GBBL,410,415,401.8,403,50045,20462168.1
2025-10-19,GBBL,404,408,400,404.9,27160,10940064.9
2025-10-26,GBBL,397,404.4,397,404,31682,12665371.7
2025-10-28,GBBL,404,418,402,414.1,35629,14636588.9
2025-10-29,GBBL,419.7,424.3,415,415,44443,18592801.6
2025-10-30,GBBL,422.6,422.6,412,416,46354,19275411
2025-11-02,GBBL,423.8,425,413.1,415.1,66309,27792589
2025-11-03,GBBL,422.9,422.9,416.2,417,71195,29780952.5
2025-11-04,GBBL,393.4,402.9,389,392.1,37516,14783192.1
2025-11-05,GBBL,387.1,392,385,387,21710,8402103.5
2025-11-06,GBBL,390,392,379.3,386.5,31796,12234662
2025-11-09,GBBL,394.2,394.2,382.2,383,20641,7933230.9
2025-11-10,GBBL,385,385.9,377,380.9,21783,8286145.7
2025-11-11,GBBL,384.9,385,373,376,37017,13918016.3
2025-11-12,GBBL,380,380,370,373,24064,8970827.9
2025-11-13,GBBL,374,374.9,368,370,26601,9855725.8
2025-11-16,GBBL,369,372,368,371,22495,8316488.1
2025-11-17,GBBL,371,374,367.4,370.9,38796,14356246.3
2025-11-18,GBBL,374,378.4,370,375,36662,13676128.5
2025-11-19,GBBL,378,380,372.1,374,16556,6189939.2
2025-11-20,GBBL,372.3,374,368,373.4,27745,10286945.5
2025-11-23,GBBL,376,382,372.4,381,21928,8286838
2025-11-24,GBBL,383,388.6,383,388.6,53478,20547609.7
2025-11-25,GBBL,388,390,384.1,387,16887,6517874.4
2025-11-26,GBBL,383.5,389,383.5,388.5,16980,6560301.7
2025-11-27,GBBL,385.6,390,385,386.9,22844,8849304.7
2025-11-30,GBBL,388,392.9,381.6,385,24845,9631624
2025-12-01,GBBL,384,385.9,381.1,382,6602,2527450.5
2025-12-02,GBBL,385,388,380,381,22429,8541635.5
2025-12-03,GBBL,381,381,378.3,380.8,20031,7604231.6
2025-12-07,GBBL,383,383,376.8,378,18193,6886228.4
2025-12-08,GBBL,375.3,380,375.2,377,8266,3118605.7
2025-12-09,GBBL,375,380,374.9,376,12512,4721354.8
2025-12-10,GBBL,375.3,380,375.1,376,7565,2849932.7
2025-12-11,GBBL,379.9,379.9,376,377.9,19407,7307482.7
2025-12-14,GBBL,378,378.1,375.1,377.1,20993,7910435.6
2025-12-15,GBBL,378,378.1,374.2,378,19032,7169348.3
2025-12-16,GBBL,382,384,378,378,19875,7573288.5
2025-12-17,GBBL,378.3,384.9,378.3,382,17084,6517195
2025-12-18,GBBL,380,382,378.4,380.7,9660,3669535.3
2025-12-21,GBBL,374.8,380,374.8,376.7,27149,10226435.5
2025-12-22,GBBL,374.2,378.9,373.8,375.9,18216,6844381.1
2025-12-23,GBBL,380,380,374.6,377,7746,2909329.3
2025-12-24,GBBL,374.5,378,373.8,374,21696,8137378.7
2025-12-28,GBBL,378,382,376.1,382,20222,7657988.8
2025-12-29,GBBL,385.7,387.9,382,382.6,41809,16080886.4
2025-12-31,GBBL,375.1,389.4,375.1,388,26147,10130018.3
2026-01-01,GBBL,385,385.7,381.6,383,10599,4064980
2026-01-04,GBBL,383,383,377.3,379,13923,5286273.5
2026-01-05,GBBL,376.7,386,376.7,386,21370,8186231.5
2026-01-06,GBBL,386,390.6,385.6,390,40520,15720845.4
2026-01-07,GBBL,386.1,392,385.9,388,24063,9385411.5
2026-01-08,GBBL,386,390.5,385,390.3,29761,11596193.7
2026-01-12,GBBL,394.5,394.5,390.2,392,17327,6804124.8
2026-01-13,GBBL,395,395,388,392.8,10794,4215686.7
2026-01-14,GBBL,394.3,400,390.1,391,25721,10166396.5
2026-01-18,GBBL,391,401.9,391,401.5,72221,28738832.7
2026-01-20,GBBL,404.8,412,400,407,56392,23018101.9
2026-01-21,GBBL,411,411,398.9,400,31303,12594541.8
2026-01-22,GBBL,400,403.5,396,403,31996,12778346.3
2026-01-25,GBBL,405,411,405,410,49856,20395248
2026-01-26,GBBL,410.9,415,405,406.1,53787,21976265
2026-01-27,GBBL,406.1,407.9,395,400,41979,16876534.7
2026-01-28,GBBL,408,408,396,398,29026,11574566.5
2026-01-29,GBBL,398,402,395,396,30564,12195623.9
2026-02-01,GBBL,396.3,400.5,395.1,397,24432,9729837.2
2026-02-02,GBBL,397.1,400,396,398,27260,10835213.2
2026-02-03,GBBL,398,402.9,397.8,397.8,23161,9237997.5
2026-02-04,GBBL,404,404,397,397,25585,10198345.3
2026-02-05,GBBL,395,402,395,400.8,34261,13675822.5
2026-02-08,GBBL,404.4,404.4,396.2,397,39941,15967245.2
2026-02-09,GBBL,397,399.9,395.1,395.1,29379,11644119.9
2026-02-10,GBBL,394,400,384,395.8,29129,11428060.5
2026-02-11,GBBL,402,402,390,396.9,32349,12853419.5
2026-02-12,GBBL,397.1,401,396,398.7,30100,12034688
2026-02-16,GBBL,399,402,398,398.9,26588,10612006.8
2026-02-17,GBBL,399.1,400,392.2,392.5,65026,25795230.1
2026-02-22,GBBL,392.1,397,392.1,392.3,26917,10574650.7
2026-02-23,GBBL,392.1,399.3,392,396.5,20362,8020239.2
2026-02-24,GBBL,397,401,396,397,12274,4887146.8
2026-02-25,GBBL,398,400.8,395,400.7,13803,5512867.4
2026-02-26,GBBL,400,408.6,395,402.9,19375,7809403.1
2026-03-01,GBBL,398,415,394.9,407,40113,16342859.8
2026-03-03,GBBL,406.8,415,402,408,34297,14060051.1
2026-03-09,GBBL,416.1,424.4,416.1,424.4,210,89041
2026-03-10,GBBL,432.8,442,420,425,85091,36256973.6
2026-03-11,GBBL,428,432,420,420,42801,18202911.5
2026-03-12,GBBL,413.2,424,413.2,420.5,28334,11922524.3
2026-03-15,GBBL,426,426,420,423,44709,18887191.2
2026-03-16,GBBL,423,430,416.1,420,42285,17816425.2
2026-03-17,GBBL,416,422,416,420,15380,6463558.5
2026-03-19,GBBL,420,437,420,434,114243,49208458.4
2026-03-22,GBBL,438.9,445,433.1,440,138959,60872782.4
2026-03-23,GBBL,443,444,429,436,95441,41496795.2
2026-03-24,GBBL,435,439.6,430,434.9,104468,45309771.7
2026-03-25,GBBL,434,435.1,428,428,52224,22478014.4
2026-03-26,GBBL,426,429,420,428,67997,28992238.5
2026-03-29,GBBL,427,427,412.2,412.2,88443,37187141.4
2026-03-30,GBBL,410,417,407.1,414.9,73623,30395777.8
2026-03-31,GBBL,410,423.1,410,420,41097,17057994.9
2026-04-01,GBBL,417,420,405,405,58345,23951025.7
2026-04-02,GBBL,400.1,414,399,411,34839,14242136.1
2026-04-05,GBBL,412,412,398,400,71901,28848313.2
2026-04-06,GBBL,400,412,395.1,407,64023,25978269.8
2026-04-07,GBBL,407,415,404,409.9,31839,12984489.4
2026-04-08,GBBL,410,415,409.2,414.5,16529,6823407.3
2026-04-09,GBBL,419,419,409,415.1,74639,30994191.9
2026-04-10,GBBL,417,417,411.1,412,33216,13720597.2
2026-04-13,GBBL,410,417.9,410,412.9,19322,8012577.4
2026-04-15,GBBL,414,418.9,411,413,30791,12776599.6
2026-04-16,GBBL,413,413,409.1,411,25039,10293350.6
2026-04-17,GBBL,408.1,413,407.1,408,23763,9733695.7
2026-04-20,GBBL,419,419,407.1,412,12392,5070614.1
2026-04-21,GBBL,407,412,406.2,409.1,7178,2940154.7
2026-04-22,GBBL,405.2,412,404,411.5,19412,7886922.2
2026-04-23,GBBL,402.7,412,402.7,411,21328,8729429.2
2026-04-24,GBBL,411,409.8,402.3,407,17232,6998256.2
2026-04-27,GBBL,407,414,406,406,15574,6338762.4
2026-04-28,GBBL,406,412,407.7,407.7,17994,7348063.7
2026-04-29,GBBL,407.7,413.9,409,410,31046,12751356.3
2026-04-30,GBBL,404,415,404,414,27568,11354065.7
2026-05-04,GBBL,419.9,419.9,410.2,413,18835,7777887
2026-05-05,GBBL,412,415,410,414,25502,10537848.6
2026-05-06,GBBL,415,417,412,414,15521,6425833
2026-05-07,GBBL,414,414,410.1,414,21976,9076050.9
2026-05-08,GBBL,414,417,412.9,416.1,19853,8241665.4
2026-05-11,GBBL,416.5,420,416.1,420,22597,9468342
2026-05-12,GBBL,421,421,416,418,16765,7004941.5
2026-05-13,GBBL,417.5,418.1,414.2,415.5,11245,4689735.7
2026-05-14,GBBL,412,419.8,410,415,7424,3081574.4
2026-05-15,GBBL,415,419,413,415,18626,7723513.1
2026-05-18,GBBL,412,417,410.3,415,25830,10732966.7
2026-05-19,GBBL,415,417,412.2,415.1,14250,5921616.9
2026-05-20,GBBL,416,422,415.5,422,28953,12139249.8
2026-05-21,GBBL,434,434,418.5,419,12941,5440169.9
2026-05-22,GBBL,428,439.9,418,421,43518,18428193.9
2026-05-25,GBBL,421,425,420,421,36985,15600556.8
2026-05-26,GBBL,417.1,422,417.1,419,18498,7771122.3
2026-05-27,GBBL,419,423.9,419,421,28276,11899614.4
2026-06-01,GBBL,433,445.9,416.3,419,27973,11958451.4
2026-06-02,GBBL,420,420,416,418.1,28700,11985592.6
2026-06-03,GBBL,418.1,422,415,418.2,37860,15800733.8
2026-06-04,GBBL,417.1,420,415,417.9,15097,6291865.6
2026-06-05,GBBL,415.2,417.9,415,416,19964,8308912.8
2026-06-08,GBBL,416,417.8,413.1,415.9,24559,10204511.7
2026-06-09,GBBL,413,416,410.2,413,23044,9505427.8
2026-06-10,GBBL,413,417,411.5,412.3,35051,14511973.2
2026-06-11,GBBL,412.3,413.6,409.5,410.9,48433,19903584.9
2026-06-12,GBBL,410,410.1,408,408.8,30347,12421120.9
2026-06-15,GBBL,411,411,407,407.3,40925,16710195.7
2026-06-16,GBBL,410,410,406.2,407,47276,19265880.4
2026-06-17,GBBL,409,410,407,410,24163,9864824.5
2026-06-18,GBBL,414.9,416,407.2,410,9470,3889696.2
2026-06-19,GBBL,412,412,407.5,408,10468,4281807.5
2026-06-22,GBBL,408,410,405.5,405.5,21243,8653959.2
2026-06-23,GBBL,405.5,408,405.5,405.9,22385,9092240
2026-06-24,GBBL,405.5,409.9,401,406,55111,22331585.2
2026-06-25,GBBL,403.1,407.9,402.6,404.9,13822,5591266.6
2026-06-26,GBBL,404.9,413,404.9,405.8,18698,7625209.8
2026-06-29,GBBL,405,405,400,402,25970,10478673.4
2026-06-30,GBBL,402,403,399,399,16329,6535277.5
2026-07-01,GBBL,400,406,400,404.9,13064,5276723.4
2026-07-02,GBBL,402.1,405,400,405,8510,3426410.9
2026-07-03,GBBL,409.5,409.5,404,404.1,24226,9821915.7
2026-07-06,GBBL,404.1,408.9,402,404,14528,5870060.5
2026-07-07,GBBL,383.8,407,383.8,405,49746,20153548.6
2026-07-08,GBBL,409.9,409.9,401.5,405,17879,7213624.8
2026-07-09,GBBL,401.1,403,398,398.5,27617,11028844.2
2026-07-10,GBBL,402,402,397.5,398,29466,11759773.6
2026-07-13,GBBL,397.3,399.9,396.1,396.1,30805,12249071.3
2026-07-14,GBBL,395.3,402,395.3,396,20111,7997546.1
2026-07-15,GBBL,402,403.9,397.7,400,37105,14809462
2026-07-16,GBBL,403,405,398,403.8,19856,7928442.6
2026-07-17,GBBL,406,411,400,411,21076,8583583.5
2026-07-20,GBBL,412,426,408.1,421,59719,25048137.7
2026-07-21,GBBL,421,426.5,419.1,423.9,78160,33021570.3
2026-07-22,GBBL,420,425,417.3,421.5,32780,13772109.6
2026-07-23,GBBL,420,421,415,420,26242,10980390.9
2026-07-24,GBBL,416.6,426,416.6,426,64896,27485808
2026-07-27,GBBL,405,431,405,419,68856,29161799.8
2026-07-28,GBBL,400,422.5,400,418,19611,8212701.5
2026-07-29,GBBL,416,422.9,416,422,54582,22989617
2026-07-30,GBBL,420,425,417.6,419,11431,4791860.4
2026-07-31,GBBL,412.5,420.8,412.5,420,13519,5653579.4
2026-08-03,GBBL,421,421,416.1,419,15862,6635867.8
2026-08-04,GBBL,415.4,417.9,415.1,417.5,32439,13488667.1
2026-08-05,GBBL,412.6,417.9,412.6,415,52157,21653413.9
2026-08-06,GBBL,418.3,425,417.4,421,85460,35885407.8
2026-08-07,GBBL,419.1,422,418,419,23774,9971925.6
2026-08-10,GBBL,418,421,418,418.6,21748,9109844.1
2026-08-11,GBBL,418,421.5,418,419,21129,8853104.7
2026-08-12,GBBL,420,421,419,419.5,24874,10446920.8
2026-08-13,GBBL,414,426,414,424.3,18886,7961664.1
2026-08-14,GBBL,424.1,427,421.1,423.7,42406,18028717.4
2026-08-17,GBBL,423.8,425,419.1,423,95705,40450470.8
2026-08-18,GBBL,424.8,424.9,420.1,424.5,46867,19816110.1
2026-08-19,GBBL,420,425.7,420,423,27929,11784296.5
2026-08-20,GBBL,420.5,423.9,420.5,423.5,43022,18145259.6
2026-08-21,GBBL,423,423.5,420.8,421.8,33850,14288831.9
2026-08-24,GBBL,420,422,420,420.1,31899,13418630.3
2026-08-25,GBBL,421,424,420,422,28406,11963787
2026-08-26,GBBL,421.7,422,419.2,420.7,13281,5586846.2
2026-08-27,GBBL,418,422,410,422,24151,10121699.2
2026-08-31,GBBL,422,425,419.4,420.1,13793,5797811.3
2026-09-01,GBBL,418.5,422.6,418.5,421,34024,14282704.4
2026-09-02,GBBL,420,426.1,420,426,63766,26989303.5
2026-09-03,GBBL,430,436.3,425.2,436.3,199020,86002303.7
2026-09-07,GBBL,450,450,442.3,447,401185,178811388.4
2026-09-09,GBBL,450,450,444,444,191215,85389111.1
2026-09-10,GBBL,444.1,444.8,440,440.6,182771,80778042.8
2026-09-11,GBBL,440,444.8,439,443,111320,49119297.3
2026-09-14,GBBL,443,448,443,446,195789,87378048.9
2026-09-15,GBBL,460,460,449,455,298241,135068454.1
2026-09-16,GBBL,457,457,450.2,453.3,165462,75118552.5
2026-09-17,GBBL,457,457,452.4,453,145127,65915542.6
2026-09-18,GBBL,454.9,456,452.4,455,109008,49558486.2
2026-09-22,GBBL,456.5,459.9,456.5,457.3,124504,56976384.9
2026-09-23,GBBL,460,460,450.3,451,162972,73902357.9
2026-09-24,GBBL,453,456,449,454,146930,66452298.3
2026-09-28,GBBL,455,458.9,455,457,118953,54260143.7
2026-09-29,GBBL,458,459,453.7,456,329765,150195093.8
2026-09-30,GBBL,414,415,405,406.6,121599,49644932
2026-10-01,GBBL,409,409,400.8,402.6,73487,29589592.5
2026-10-02,GBBL,403,403,398.8,400,79603,31822905
2026-10-05,GBBL,400,400.8,398,399,67117,26812151.5
2026-10-06,GBBL,399.1,404,399.1,401.8,25728,10308480.7
2026-10-07,GBBL,402,405,400.1,401,20787,8347087.1
