date,symbol,open,high,low,close,volume,turnover
2011-07-07,GFCL,190,187,184,184,70,13030
2011-07-10,GFCL,184,181,181,181,30,5430
2011-07-20,GFCL,181,178,178,178,146,25988
2012-03-18,GFCL,178,175,172,172,110,19220
2012-03-20,GFCL,172,169,169,169,10,1690
2012-05-22,GFCL,169,174,172,174,146,25256
2012-07-02,GFCL,174,171,171,171,50,8550
2012-07-18,GFCL,171,168,168,168,50,8400
2012-07-31,GFCL,168,165,164,164,240,39370
2012-10-03,GFCL,164,161,161,161,61,9821
2012-10-10,GFCL,161,158,158,158,100,15800
2012-11-04,GFCL,158,155,155,155,1428,221340
2012-12-03,GFCL,155,158,158,158,387,61146
2012-12-04,GFCL,158,155,154,154,186,28730
2012-12-05,GFCL,154,151,146,146,3481,508576
2012-12-06,GFCL,146,144,132,132,17939,2452244
2013-01-27,GFCL,132,128,128,128,73,9344
2013-03-13,GFCL,128,128,128,128,1106,141568
2013-04-30,GFCL,128,126,126,126,1190,149940
2013-05-27,GFCL,126,126,126,126,203,25578
2013-05-30,GFCL,126,126,120,120,1233,151322
2013-06-05,GFCL,120,118,112,112,709,81880
2013-06-10,GFCL,112,114,112,112,87,9784
2013-06-12,GFCL,112,110,108,108,535,58250
2013-07-29,GFCL,108,106,106,106,446,47276
2013-09-02,GFCL,106,105,101,101,756,77712
2013-09-03,GFCL,101,103,101,103,1562,159764
2013-09-05,GFCL,103,105,105,105,198,20790
2013-09-09,GFCL,105,107,107,107,500,53500
2013-09-10,GFCL,107,107,107,107,40,4280
2013-09-11,GFCL,107,107,105,105,1385,146327
2013-09-15,GFCL,105,105,105,105,966,101430
2013-09-17,GFCL,105,105,105,105,16,1680
2013-09-22,GFCL,105,105,105,105,32,3360
2013-09-23,GFCL,105,105,105,105,495,51975
2013-09-24,GFCL,105,107,105,105,336,35722
2013-09-25,GFCL,105,106,105,106,1421,149226
2013-10-02,GFCL,106,106,106,106,125,13250
2013-10-03,GFCL,106,104,104,104,565,61910
2013-10-20,GFCL,104,102,102,102,27,2754
2013-10-22,GFCL,102,100,100,100,3029,302900
2013-10-23,GFCL,100,104,102,102,863,88122
2013-10-28,GFCL,102,104,102,102,191,19614
2013-10-29,GFCL,102,102,102,102,125,12750
2013-11-07,GFCL,102,102,100,102,220,22190
2013-12-01,GFCL,102,102,100,100,1545,155820
2013-12-04,GFCL,100,104,102,104,20,2060
2013-12-05,GFCL,104,110,106,110,30,3240
2013-12-09,GFCL,110,118,112,118,258,30148
2013-12-10,GFCL,118,120,120,120,10,1200
2013-12-11,GFCL,120,124,122,124,30,3700
2013-12-12,GFCL,124,130,126,130,336,43078
2013-12-15,GFCL,130,134,132,134,218,29172
2013-12-22,GFCL,134,136,136,136,130,17680
2013-12-23,GFCL,136,138,138,138,43,5934
2013-12-24,GFCL,138,138,136,138,148,20260
2014-01-08,GFCL,138,136,136,136,500,68000
2014-01-13,GFCL,136,134,134,134,129,17286
2014-01-21,GFCL,134,140,136,140,297,40980
2014-01-22,GFCL,140,142,142,142,660,93720
2014-01-23,GFCL,142,144,144,144,52,7488
2014-01-26,GFCL,144,145,145,145,206,29870
2014-01-28,GFCL,145,151,147,151,304,45362
2014-01-29,GFCL,151,154,154,154,416,64064
2014-02-03,GFCL,154,157,157,157,140,21980
2014-02-13,GFCL,157,163,160,163,226,36508
2014-02-16,GFCL,163,166,166,166,7047,1169802
2014-02-18,GFCL,166,169,169,169,143,24167
2014-02-23,GFCL,169,172,172,172,1600,167200
2014-02-26,GFCL,172,172,172,172,53,9116
2014-03-03,GFCL,172,173,170,170,4317,744390
2014-03-06,GFCL,170,173,173,173,354,61242
2014-03-09,GFCL,173,173,173,173,12414,2147622
2014-03-10,GFCL,173,172,170,172,562,95844
2014-03-11,GFCL,172,172,172,172,125,21500
2014-05-11,GFCL,172,169,166,166,434,73226
2014-05-20,GFCL,166,168,165,168,964,161550
2014-05-21,GFCL,168,168,168,168,790,132720
2014-05-26,GFCL,168,165,165,165,207,34155
2014-06-09,GFCL,165,162,156,156,1015,159375
2014-06-11,GFCL,156,153,153,153,521,79713
2014-06-12,GFCL,153,150,150,150,180,27000
2014-06-15,GFCL,150,150,150,150,66,9900
2014-06-16,GFCL,150,156,153,156,989,153558
2014-06-18,GFCL,156,154,150,150,283,42933
2014-06-24,GFCL,150,153,153,153,1000,153000
2014-06-26,GFCL,153,156,154,154,1316,204602
2014-06-29,GFCL,154,157,157,157,555,87135
2014-06-30,GFCL,157,163,160,163,325,52495
2014-07-07,GFCL,163,179,166,179,170,29710
2014-07-08,GFCL,179,196,182,196,200,38400
2014-07-09,GFCL,196,215,199,214,3371,716159
2014-07-10,GFCL,214,218,214,214,547,118555
2014-07-14,GFCL,214,218,218,218,206,44908
2014-07-15,GFCL,218,220,220,220,105,23100
2014-07-21,GFCL,220,234,224,234,4143,944285
2014-07-22,GFCL,234,242,238,242,1573,374944
2014-07-23,GFCL,242,240,237,238,4473,1062753
2014-07-24,GFCL,238,239,231,239,1698,397371
2014-07-27,GFCL,239,255,243,250,3871,963819
2014-07-30,GFCL,250,254,245,254,833,206205
2014-07-31,GFCL,254,249,249,249,249,62001
2014-08-03,GFCL,249,272,253,272,4030,1060337
2014-08-04,GFCL,272,267,267,267,40,10680
2014-08-06,GFCL,267,272,272,272,596,162112
2014-08-14,GFCL,272,267,262,262,1032,270854
2014-08-20,GFCL,262,257,252,252,153,39056
2014-12-10,GFCL,252,247,247,247,143,35321
2014-12-11,GFCL,247,260,243,260,416,102880
2015-01-27,GFCL,245,253,249,253,20,5020
2015-01-28,GFCL,253,248,248,248,15,3720
2015-02-03,GFCL,248,244,244,244,60,14640
2015-02-04,GFCL,244,240,224,225,5947,1347481
2015-02-05,GFCL,225,221,213,217,1405,305301
2015-02-08,GFCL,217,217,217,217,160,34720
2015-02-10,GFCL,217,213,213,213,176,37488
2015-02-11,GFCL,213,217,213,217,1413,303849
2015-02-12,GFCL,217,223,220,222,12752,2820944
2015-02-15,GFCL,222,222,218,222,35,7710
2015-02-16,GFCL,222,218,214,214,4000,864000
2015-02-18,GFCL,214,224,218,224,793,177192
2015-02-24,GFCL,224,226,219,219,2010,443260
2015-02-25,GFCL,219,223,222,223,202,44914
2015-03-02,GFCL,223,220,215,220,4000,872500
2015-03-03,GFCL,220,216,216,216,1000,216000
2015-03-04,GFCL,216,220,215,215,2198,474560
2015-03-09,GFCL,215,231,218,231,6378,1428123
2015-03-10,GFCL,231,239,230,230,3765,881801
2015-03-11,GFCL,230,236,230,236,1249,289390
2015-03-12,GFCL,236,240,232,240,1540,358040
2015-03-15,GFCL,240,236,236,236,358,84488
2015-03-16,GFCL,236,233,230,230,2561,591380
2015-03-17,GFCL,230,226,226,226,2281,515506
2015-03-18,GFCL,226,226,222,226,98,21908
2015-03-22,GFCL,226,230,230,230,1828,420440
2015-03-23,GFCL,230,226,218,226,467,103210
2015-03-24,GFCL,226,222,222,222,449,99678
2015-03-25,GFCL,222,226,222,226,1063,237446
2015-03-26,GFCL,226,225,222,222,550,122250
2015-03-29,GFCL,222,223,222,223,300,66800
2015-03-30,GFCL,223,219,219,219,1841,403179
2015-03-31,GFCL,219,223,222,223,2034,453063
2015-04-02,GFCL,223,220,219,219,250,54800
2015-04-07,GFCL,219,216,216,216,34,7344
2015-04-12,GFCL,216,220,220,220,1242,273240
2015-04-13,GFCL,220,222,222,222,544,120768
2015-04-15,GFCL,222,218,218,218,600,130800
2015-04-19,GFCL,218,215,214,214,591,126804
2015-04-21,GFCL,214,212,212,212,41,8692
2015-05-27,GFCL,212,212,212,212,18,3816
2015-06-03,GFCL,212,212,208,208,531,110972
2015-06-04,GFCL,208,208,205,208,1300,268900
2015-06-07,GFCL,208,208,208,208,500,104000
2015-06-08,GFCL,208,210,208,210,1926,401460
2015-06-09,GFCL,210,218,214,218,527,112978
2015-06-11,GFCL,218,214,214,214,100,21400
2015-06-14,GFCL,214,210,206,207,8009,1654863
2015-06-16,GFCL,207,207,203,207,781,160467
2015-06-25,GFCL,207,208,202,202,1373,281834
2015-06-28,GFCL,202,204,200,204,729,146600
2015-07-01,GFCL,204,205,200,205,215,43200
2015-07-02,GFCL,205,201,201,201,125,25125
2015-07-05,GFCL,201,203,201,201,587,118419
2015-07-07,GFCL,201,203,201,203,541,109341
2015-07-12,GFCL,203,203,203,203,210,42630
2015-07-13,GFCL,203,204,200,204,1396,279818
2015-07-14,GFCL,204,202,201,201,5227,1050967
2015-07-15,GFCL,201,205,201,201,351,71177
2015-07-16,GFCL,201,205,201,205,590,120158
2015-07-22,GFCL,205,213,209,213,1783,375500
2015-07-23,GFCL,213,225,217,225,2964,656651
2015-07-26,GFCL,225,245,229,245,845,203137
2015-07-27,GFCL,245,249,244,245,977,241473
2015-07-28,GFCL,245,253,234,234,8190,1991125
2015-07-29,GFCL,234,232,228,230,2103,481334
2015-07-30,GFCL,230,244,231,234,6110,1458376
2015-08-03,GFCL,234,231,230,231,665,153115
2015-08-04,GFCL,231,231,227,231,270,61690
2015-08-05,GFCL,231,234,234,234,100,23400
2015-08-11,GFCL,234,232,232,232,485,112520
2015-08-13,GFCL,232,228,224,224,361,80932
2015-08-20,GFCL,224,228,224,224,327,74392
2015-08-23,GFCL,224,220,216,216,175,37888
2015-08-24,GFCL,216,228,220,228,280,62818
2015-08-25,GFCL,228,225,220,225,3119,692119
2015-08-26,GFCL,225,222,221,221,889,196669
2015-08-27,GFCL,221,225,224,225,1045,234306
2015-08-31,GFCL,225,223,223,223,11,2453
2015-09-01,GFCL,223,227,225,225,539,121467
2015-09-02,GFCL,225,229,225,225,1150,259350
2015-09-03,GFCL,225,222,216,216,3016,659874
2015-09-06,GFCL,216,215,214,215,2077,445055
2015-09-07,GFCL,215,216,214,214,833,178575
2015-09-08,GFCL,214,232,211,232,5034,1085887
2015-09-09,GFCL,232,236,225,225,600,138616
2015-09-10,GFCL,225,225,225,225,296,66600
2015-09-13,GFCL,225,225,225,225,1000,225000
2015-09-14,GFCL,225,226,217,222,4436,979498
2015-09-15,GFCL,222,226,221,222,2412,537355
2015-09-16,GFCL,222,226,220,226,7303,1634491
2015-09-17,GFCL,226,227,222,227,6184,1387106
2015-09-22,GFCL,227,235,231,235,20,4660
2015-09-23,GFCL,235,237,231,231,1994,464520
2015-09-24,GFCL,231,227,227,227,200,45400
2015-09-29,GFCL,227,223,223,223,577,128671
2015-10-01,GFCL,223,223,219,220,4750,1047402
2015-10-04,GFCL,220,222,213,222,4337,942964
2015-10-05,GFCL,222,218,218,218,500,109000
2015-10-06,GFCL,218,219,215,219,2556,554652
2015-10-07,GFCL,219,216,215,216,800,172600
2015-10-08,GFCL,216,218,215,215,1329,287822
2015-10-11,GFCL,215,213,211,211,2862,606564
2015-10-14,GFCL,211,216,212,216,2099,450401
2015-10-15,GFCL,216,214,212,212,1300,276800
2015-10-25,GFCL,212,208,208,208,900,187200
2015-10-27,GFCL,208,204,204,204,265,54060
2015-10-28,GFCL,204,200,200,200,238,47600
2015-10-29,GFCL,200,204,196,199,7978,1568910
2015-11-01,GFCL,199,210,202,210,145,30210
2015-11-02,GFCL,210,209,209,209,100,20900
2015-11-03,GFCL,209,205,197,200,975,193937
2015-11-04,GFCL,200,204,204,204,33,6732
2015-11-10,GFCL,204,204,204,204,350,71400
2015-11-18,GFCL,204,204,200,204,400,80400
2015-11-22,GFCL,204,201,198,201,37,7382
2015-11-23,GFCL,201,201,201,201,946,190146
2015-11-25,GFCL,201,205,205,205,200,41000
2015-11-26,GFCL,205,201,201,201,377,75777
2015-12-01,GFCL,201,205,205,205,50,10250
2015-12-06,GFCL,205,209,209,209,50,10450
2015-12-07,GFCL,209,210,210,210,10,2100
2015-12-08,GFCL,210,207,203,203,211,42977
2015-12-09,GFCL,203,207,207,207,100,20700
2015-12-13,GFCL,207,215,208,215,805,172206
2015-12-17,GFCL,215,214,214,214,220,47080
2015-12-22,GFCL,214,212,210,210,274,57748
2015-12-23,GFCL,210,210,206,210,2680,557380
2015-12-24,GFCL,210,214,210,214,792,168320
2015-12-27,GFCL,214,217,215,215,431,93035
2015-12-28,GFCL,215,215,208,208,1178,247506
2015-12-29,GFCL,208,210,206,206,1389,286182
2015-12-31,GFCL,206,218,210,215,10323,2186063
2016-01-03,GFCL,195,192,192,192,10,1920
2016-01-11,GFCL,192,189,189,189,28,5292
2016-01-14,GFCL,189,186,186,186,1383,257238
2016-02-03,GFCL,186,189,189,189,14,2646
2016-02-04,GFCL,189,192,192,192,20,3840
2016-02-07,GFCL,192,198,195,198,28,5502
2016-02-11,GFCL,198,213,201,213,46,9546
2016-02-14,GFCL,213,217,217,217,14,3038
2016-02-16,GFCL,217,221,221,221,20,4420
2016-02-18,GFCL,221,221,213,221,1679,358151
2016-02-21,GFCL,221,225,221,225,1520,340000
2016-02-22,GFCL,225,222,221,221,1000,221300
2016-02-24,GFCL,221,217,217,217,133,28861
2016-02-25,GFCL,217,225,221,225,220,48700
2016-03-02,GFCL,225,223,221,221,550,122100
2016-03-03,GFCL,221,225,225,225,200,45000
2016-03-06,GFCL,225,228,221,228,950,214000
2016-03-10,GFCL,228,225,224,225,350,78650
2016-03-14,GFCL,225,229,229,229,20,4580
2016-03-15,GFCL,229,237,229,229,560,128560
2016-03-16,GFCL,229,233,226,233,1145,263154
2016-03-21,GFCL,233,231,230,230,165,38040
2016-03-24,GFCL,230,230,226,226,550,124500
2016-03-27,GFCL,226,225,225,225,18,4050
2016-03-29,GFCL,225,229,229,229,613,140377
2016-03-30,GFCL,229,230,229,230,1482,340560
2016-03-31,GFCL,230,233,233,233,100,23300
2016-04-03,GFCL,233,234,234,234,1000,234000
2016-04-12,GFCL,234,230,230,230,1000,230000
2016-04-14,GFCL,230,230,227,227,1200,275400
2016-04-17,GFCL,227,232,231,232,1250,289000
2016-04-18,GFCL,232,251,229,251,3619,852167
2016-04-19,GFCL,251,248,248,248,500,124000
2016-04-20,GFCL,248,244,244,244,887,216428
2016-04-21,GFCL,244,248,236,240,2572,629636
2016-04-24,GFCL,240,255,244,255,1844,465932
2016-04-25,GFCL,255,265,260,260,1153,300880
2016-04-26,GFCL,260,265,260,260,4216,1105410
2016-04-27,GFCL,260,260,260,260,490,127400
2016-04-28,GFCL,260,260,255,255,2762,707470
2016-05-02,GFCL,255,260,255,255,711,184160
2016-05-03,GFCL,255,251,250,251,1500,375500
2016-05-04,GFCL,251,246,246,246,500,123000
2016-05-05,GFCL,246,245,240,240,7575,1822900
2016-05-08,GFCL,240,251,244,251,2050,507850
2016-05-10,GFCL,251,254,246,254,2500,622300
2016-05-11,GFCL,254,252,251,251,600,150700
2016-05-12,GFCL,251,269,255,269,13063,3497007
2016-05-15,GFCL,269,279,269,269,2025,554767
2016-05-16,GFCL,269,270,270,270,500,135000
2016-05-17,GFCL,270,270,270,270,500,135000
2016-05-18,GFCL,270,280,275,275,1150,318500
2016-05-23,GFCL,275,290,280,290,1700,486500
2016-05-24,GFCL,290,285,285,285,500,142500
2016-05-25,GFCL,285,280,280,280,100,28000
2016-05-26,GFCL,280,280,280,280,700,196000
2016-05-29,GFCL,280,275,265,265,400,107500
2016-05-30,GFCL,265,280,270,280,166,46070
2016-05-31,GFCL,280,275,270,270,1592,431470
2016-06-01,GFCL,270,270,268,268,1500,404000
2016-06-02,GFCL,268,265,260,260,1062,276430
2016-06-05,GFCL,260,265,260,260,566,149700
2016-06-06,GFCL,260,260,255,255,2200,566000
2016-06-07,GFCL,255,266,251,266,3200,822300
2016-06-08,GFCL,266,271,270,271,560,151260
2016-06-09,GFCL,271,271,270,271,800,216300
2016-06-12,GFCL,271,266,266,266,1000,266000
2016-06-13,GFCL,266,287,268,287,1542,422324
2016-06-14,GFCL,287,300,280,294,3141,908622
2016-06-15,GFCL,294,294,280,281,2345,669805
2016-06-16,GFCL,281,296,286,296,2000,585800
2016-06-19,GFCL,296,322,292,322,5417,1650090
2016-06-20,GFCL,322,320,306,311,7195,2253316
2016-06-21,GFCL,311,320,305,314,2538,798746
2016-06-22,GFCL,314,320,313,314,1400,442300
2016-06-23,GFCL,314,315,308,308,1339,414055
2016-06-26,GFCL,308,314,300,314,2243,680748
2016-06-27,GFCL,314,326,310,326,7028,2222892
2016-06-28,GFCL,326,332,320,332,1760,578780
2016-06-29,GFCL,332,338,338,338,40,13520
2016-06-30,GFCL,338,336,324,324,1752,574072
2016-07-03,GFCL,324,330,330,330,50,16500
2016-07-04,GFCL,330,330,330,330,998,329340
2016-07-05,GFCL,330,330,320,320,1153,375215
2016-07-06,GFCL,320,340,326,330,9440,3134000
2016-07-10,GFCL,330,354,336,350,3550,1229800
2016-07-11,GFCL,350,343,343,343,750,257250
2016-07-12,GFCL,343,345,345,345,100,34500
2016-07-13,GFCL,345,339,333,339,400,135300
2016-07-14,GFCL,339,334,334,334,100,33400
2016-07-17,GFCL,334,346,336,340,2800,951800
2016-07-18,GFCL,340,346,335,340,1932,659464
2016-07-19,GFCL,340,346,334,340,3094,1049562
2016-07-20,GFCL,340,363,345,363,3307,1161750
2016-07-21,GFCL,363,382,369,382,2000,756550
2016-07-25,GFCL,382,420,388,415,7001,2893888
2016-07-26,GFCL,415,456,423,456,2327,1060247
2016-07-27,GFCL,456,501,465,501,3570,1775430
2016-07-28,GFCL,501,551,511,551,27827,15276557
2016-07-31,GFCL,551,606,530,545,13559,7643310
2016-08-01,GFCL,545,555,515,530,5828,3099700
2016-08-02,GFCL,530,520,500,510,5780,2948000
2016-08-03,GFCL,510,514,481,514,7674,3821820
2016-08-04,GFCL,514,519,494,494,4224,2127186
2016-08-07,GFCL,494,529,503,505,4200,2162100
2016-08-08,GFCL,505,495,455,455,3800,1787500
2016-08-09,GFCL,455,473,464,473,20,9370
2016-08-10,GFCL,473,500,481,499,7606,3703220
2016-08-11,GFCL,499,492,482,485,2500,1217500
2016-08-14,GFCL,485,485,461,463,2756,1286402
2016-08-15,GFCL,463,461,450,459,1251,573509
2016-08-16,GFCL,459,477,465,477,1137,535116
2016-08-17,GFCL,477,493,484,493,1250,610150
2016-08-21,GFCL,493,485,485,485,100,48500
2016-08-22,GFCL,485,490,463,463,356,170543
2016-08-23,GFCL,463,480,445,453,2096,955432
2016-08-24,GFCL,453,471,450,450,293,133675
2016-08-28,GFCL,450,468,459,468,669,312471
2016-08-30,GFCL,468,473,470,473,400,188300
2016-08-31,GFCL,473,466,466,466,1000,466000
2016-09-01,GFCL,466,512,475,500,22980,11573974
2016-09-03,GFCL,500,510,490,500,5581,2792800
2016-09-05,GFCL,500,505,491,498,7850,3910140
2016-09-06,GFCL,498,511,498,505,4650,2339154
2016-09-07,GFCL,505,495,486,495,300,147600
2016-09-08,GFCL,495,500,489,495,2002,982956
2016-09-11,GFCL,495,491,490,490,300,147100
2016-09-12,GFCL,490,491,485,491,1440,703780
2016-09-14,GFCL,491,520,495,520,14995,7634329
2016-09-18,GFCL,520,561,530,560,23806,13093274
2016-09-20,GFCL,560,570,541,544,5546,3038767
2016-09-21,GFCL,544,540,525,528,2434,1286930
2016-09-22,GFCL,528,525,512,521,3769,1960424
2016-09-25,GFCL,521,531,508,518,3932,2032171
2016-09-26,GFCL,518,525,500,500,17665,9091098
2016-09-27,GFCL,400,418,395,405,872,352394
2016-09-28,GFCL,405,397,390,390,142,56304
2016-09-29,GFCL,390,384,376,376,2170,830580
2016-10-02,GFCL,376,378,378,378,50,18900
2016-10-03,GFCL,378,392,385,392,100,38850
2016-10-04,GFCL,392,395,390,390,1100,433500
2016-10-05,GFCL,390,397,397,397,500,198500
2016-10-06,GFCL,397,400,391,400,446,177436
2016-10-16,GFCL,400,408,406,406,180,73240
2016-10-17,GFCL,406,400,397,397,1370,547040
2016-10-18,GFCL,397,399,392,394,750,296200
2016-10-20,GFCL,394,392,392,392,550,215600
2016-10-23,GFCL,392,400,395,395,2020,801250
2016-10-24,GFCL,395,388,385,385,500,193400
2016-10-25,GFCL,385,385,385,385,47,18095
2016-11-07,GFCL,385,378,378,378,96,36288
2016-11-08,GFCL,378,371,371,371,300,111300
2016-11-10,GFCL,371,364,364,364,127,46228
2016-11-13,GFCL,364,364,364,364,500,182000
2016-11-14,GFCL,364,377,364,377,720,268040
2016-11-15,GFCL,377,380,380,380,500,190000
2016-11-16,GFCL,380,384,373,384,4300,1613400
2016-11-17,GFCL,384,385,385,385,60,23100
2016-11-21,GFCL,385,378,378,378,50,18900
2016-11-22,GFCL,378,371,357,357,883,319193
2016-11-23,GFCL,357,360,350,350,190,67160
2016-11-24,GFCL,350,345,332,332,824,274850
2016-11-27,GFCL,332,326,326,326,950,309700
2016-11-29,GFCL,326,320,308,308,1550,482000
2016-12-01,GFCL,308,338,314,338,1408,472268
2016-12-04,GFCL,338,344,338,338,300,102200
2016-12-05,GFCL,338,332,332,332,113,37516
2016-12-06,GFCL,332,330,330,330,300,99000
2016-12-11,GFCL,330,325,325,325,74,24050
2016-12-12,GFCL,325,322,319,322,1400,448100
2016-12-14,GFCL,322,325,317,317,2421,768257
2016-12-15,GFCL,317,323,314,323,2257,716381
2016-12-18,GFCL,323,317,317,317,1000,317000
2016-12-19,GFCL,317,312,311,311,904,281444
2016-12-21,GFCL,311,310,299,299,1340,409960
2016-12-22,GFCL,299,304,301,301,440,132740
2016-12-26,GFCL,301,296,295,295,1200,354200
2016-12-27,GFCL,295,300,289,289,1740,504960
2016-12-28,GFCL,289,295,294,295,389,114466
2017-01-01,GFCL,295,290,281,281,1000,283600
2017-01-02,GFCL,281,286,282,284,1750,495500
2017-01-03,GFCL,284,285,284,285,2500,712000
2017-01-05,GFCL,285,281,281,281,500,140500
2017-01-08,GFCL,281,285,281,285,400,113200
2017-01-26,GFCL,285,280,280,280,932,260960
2017-02-12,GFCL,280,275,270,270,770,208000
2017-02-15,GFCL,270,265,265,265,300,79500
2017-02-16,GFCL,265,265,250,250,1887,485945
2017-02-19,GFCL,250,255,225,233,3571,834315
2017-02-20,GFCL,233,235,231,231,626,145806
2017-02-21,GFCL,231,228,227,227,600,136300
2017-02-22,GFCL,227,226,219,219,2229,497476
2017-02-23,GFCL,219,219,215,219,485,105415
2017-02-26,GFCL,219,220,218,218,750,164350
2017-02-28,GFCL,218,225,222,225,50,11160
2017-03-01,GFCL,225,223,221,223,910,201930
2017-03-02,GFCL,223,229,221,221,3407,777835
2017-03-05,GFCL,221,229,221,221,4817,1090987
2017-03-06,GFCL,221,225,222,225,1320,294685
2017-03-14,GFCL,225,225,221,225,2401,539535
2017-03-16,GFCL,225,233,226,226,3217,733415
2017-03-19,GFCL,226,228,228,228,3000,684000
2017-03-20,GFCL,228,234,227,234,1600,371300
2017-03-21,GFCL,234,239,230,239,6120,1441753
2017-03-22,GFCL,239,251,240,251,2625,637675
2017-03-23,GFCL,251,276,256,276,4952,1343390
2017-03-26,GFCL,276,303,281,303,5321,1606493
2017-03-28,GFCL,303,333,305,333,7015,2259575
2017-03-29,GFCL,333,339,318,318,6385,2096802
2017-03-30,GFCL,318,320,306,312,2215,699739
2017-04-02,GFCL,312,324,318,324,1418,453596
2017-04-03,GFCL,324,354,325,325,12495,4224250
2017-04-04,GFCL,325,340,325,335,3383,1133552
2017-04-06,GFCL,335,335,325,330,1193,393300
2017-04-09,GFCL,330,340,330,330,2215,735380
2017-04-10,GFCL,330,331,324,330,1755,578710
2017-04-11,GFCL,330,336,327,333,3382,1114674
2017-04-12,GFCL,333,352,339,350,3917,1364892
2017-04-13,GFCL,350,344,332,337,8032,2752988
2017-04-16,GFCL,337,343,331,331,6953,2317650
2017-04-18,GFCL,331,341,330,333,1905,641050
2017-04-19,GFCL,333,351,333,345,3341,1141254
2017-04-20,GFCL,345,351,329,329,4656,1558574
2017-04-23,GFCL,329,346,333,340,5280,1790200
2017-04-24,GFCL,340,341,334,341,3032,1022420
2017-04-25,GFCL,341,342,329,329,6350,2099530
2017-04-26,GFCL,329,351,335,351,1628,568638
2017-04-27,GFCL,351,367,355,355,793,283723
2017-04-30,GFCL,355,355,345,345,1220,428180
2017-05-02,GFCL,345,346,340,345,650,222250
2017-05-03,GFCL,345,346,338,343,3210,1094360
2017-05-04,GFCL,343,343,331,340,3061,1036291
2017-05-07,GFCL,340,357,330,330,5841,1980360
2017-05-08,GFCL,330,339,330,330,1859,617851
2017-05-09,GFCL,330,348,336,342,2330,798530
2017-05-11,GFCL,342,340,334,334,1131,380440
2017-05-15,GFCL,334,336,331,336,400,133900
2017-05-16,GFCL,336,335,320,320,4250,1384050
2017-05-17,GFCL,320,326,314,321,3600,1141600
2017-05-18,GFCL,321,327,320,320,890,284900
2017-05-21,GFCL,320,324,318,324,697,221706
2017-05-22,GFCL,324,329,325,325,140,45680
2017-05-23,GFCL,325,330,324,324,320,104400
2017-05-24,GFCL,324,325,320,321,900,289260
2017-05-28,GFCL,321,327,316,321,2110,672370
2017-05-30,GFCL,321,315,315,315,50,15750
2017-05-31,GFCL,315,318,312,318,260,81180
2017-06-01,GFCL,318,315,312,315,512,160520
2017-06-04,GFCL,315,311,310,310,100,31020
2017-06-05,GFCL,310,310,300,300,5100,1548715
2017-06-06,GFCL,300,321,300,315,17623,5482662
2017-06-07,GFCL,315,336,310,312,17325,5494120
2017-06-08,GFCL,312,318,310,312,12005,3749425
2017-06-11,GFCL,312,317,305,310,4798,1482865
2017-06-12,GFCL,310,313,300,300,4053,1237465
2017-06-13,GFCL,300,300,294,300,3756,1117138
2017-06-14,GFCL,300,309,294,294,6308,1897228
2017-06-15,GFCL,294,304,296,299,11856,3562706
2017-06-18,GFCL,224,222,217,217,890,195940
2017-06-19,GFCL,217,216,213,213,1225,260970
2017-06-20,GFCL,213,210,205,205,160,33080
2017-06-21,GFCL,205,209,198,198,820,165740
2017-06-22,GFCL,198,212,200,207,2372,494280
2017-06-25,GFCL,207,215,211,215,810,173610
2017-07-02,GFCL,215,211,207,210,539,112953
2017-07-03,GFCL,210,206,200,204,2105,424880
2017-07-04,GFCL,204,208,208,208,200,41600
2017-07-05,GFCL,208,212,208,208,160,33480
2017-07-06,GFCL,208,210,200,200,1442,293253
2017-07-09,GFCL,200,206,200,200,3270,662300
2017-07-10,GFCL,200,201,200,200,1400,280500
2017-07-11,GFCL,200,205,204,205,1151,235004
2017-07-12,GFCL,205,209,206,206,1446,298463
2017-07-13,GFCL,206,205,201,201,813,164235
2017-07-16,GFCL,201,210,205,210,110,22840
2017-07-17,GFCL,210,214,209,209,140,29430
2017-07-18,GFCL,209,214,211,214,590,124770
2017-07-19,GFCL,214,218,214,215,1507,324422
2017-07-20,GFCL,215,219,204,205,1420,299890
2017-07-23,GFCL,205,205,201,205,896,181676
2017-07-24,GFCL,205,205,201,205,2400,487000
2017-07-25,GFCL,205,206,201,201,1136,230788
2017-07-26,GFCL,201,208,203,204,835,171095
2017-07-27,GFCL,204,208,204,208,657,135432
2017-07-30,GFCL,208,205,201,205,1900,385900
2017-07-31,GFCL,205,207,200,207,2130,430860
2017-08-01,GFCL,207,210,206,206,1087,225522
2017-08-02,GFCL,206,205,203,203,2491,507939
2017-08-03,GFCL,203,203,200,200,2768,557256
2017-08-06,GFCL,200,200,200,200,350,70000
2017-08-07,GFCL,200,204,200,200,737,147562
2017-08-09,GFCL,200,204,200,200,800,161200
2017-08-10,GFCL,200,201,200,201,917,183940
2017-08-13,GFCL,201,203,193,193,1200,237130
2017-08-15,GFCL,193,196,190,190,445,86310
2017-08-16,GFCL,190,196,191,196,895,171015
2017-08-17,GFCL,196,202,199,202,2235,445380
2017-08-20,GFCL,202,198,194,194,1001,195026
2017-08-22,GFCL,194,202,196,196,3155,631410
2017-08-23,GFCL,196,199,197,197,310,61490
2017-08-24,GFCL,197,199,197,199,216,42952
2017-08-27,GFCL,199,200,199,200,170,33990
2017-08-28,GFCL,200,200,200,200,443,88600
2017-08-31,GFCL,200,198,198,198,50,9900
2017-09-06,GFCL,198,195,193,193,630,122290
2017-09-07,GFCL,193,190,189,189,1355,257250
2017-09-10,GFCL,189,186,174,186,5700,1015950
2017-09-11,GFCL,186,185,182,182,112,20474
2017-09-12,GFCL,182,183,180,181,780,141970
2017-09-13,GFCL,181,180,180,180,100,18000
2017-09-14,GFCL,180,180,177,180,1375,245700
2017-09-17,GFCL,180,183,183,183,542,99186
2017-09-18,GFCL,183,181,180,181,600,108100
2017-09-24,GFCL,181,183,180,183,300,54600
2017-09-25,GFCL,183,180,177,177,750,133050
2017-09-26,GFCL,177,180,174,180,3247,573909
2017-10-04,GFCL,180,177,177,177,2,354
2017-10-08,GFCL,180,183,180,180,130,23490
2017-10-09,GFCL,180,180,175,175,550,97450
2017-10-11,GFCL,175,175,175,175,200,35000
2017-10-12,GFCL,175,176,172,172,825,143074
2017-10-16,GFCL,172,181,175,181,830,147080
2017-10-17,GFCL,181,194,184,185,1087,204383
2017-10-18,GFCL,185,186,185,186,1235,229410
2017-10-22,GFCL,186,190,186,186,1100,205840
2017-10-23,GFCL,186,188,185,186,958,178495
2017-10-24,GFCL,186,185,180,185,485,87750
2017-10-25,GFCL,185,185,183,185,1080,198000
2017-10-29,GFCL,185,185,185,185,50,9250
2017-10-31,GFCL,185,185,182,185,200,36430
2017-11-01,GFCL,185,185,182,182,250,45620
2017-11-06,GFCL,182,182,182,182,500,91000
2017-11-08,GFCL,182,180,177,177,110,19530
2017-11-09,GFCL,177,180,179,180,570,102570
2017-11-12,GFCL,180,180,178,180,1753,315060
2017-11-13,GFCL,180,186,183,186,110,20160
2017-11-14,GFCL,186,183,183,183,400,73200
2017-11-16,GFCL,183,188,180,180,3575,650620
2017-11-19,GFCL,180,180,170,170,4380,757270
2017-11-20,GFCL,170,173,164,173,858,143718
2017-11-21,GFCL,173,171,169,171,1387,235303
2017-11-22,GFCL,171,174,167,167,3010,507670
2017-11-23,GFCL,167,172,169,171,2404,409840
2017-11-26,GFCL,171,174,170,170,211,36320
2017-11-27,GFCL,170,172,172,172,500,86000
2017-11-28,GFCL,172,173,170,172,923,158820
2017-11-29,GFCL,172,177,175,177,1531,268087
2017-11-30,GFCL,177,180,175,175,3050,541264
2017-12-04,GFCL,175,172,172,172,100,17200
2017-12-05,GFCL,172,180,172,180,2027,354604
2017-12-06,GFCL,180,181,177,180,880,158320
2017-12-10,GFCL,180,183,173,177,5824,1037982
2017-12-11,GFCL,161,158,155,158,1443,224685
2017-12-12,GFCL,158,160,158,160,170,27080
2017-12-13,GFCL,160,163,154,163,775,122950
2017-12-14,GFCL,163,166,163,163,179,29414
2017-12-17,GFCL,163,160,160,160,200,32000
2017-12-18,GFCL,160,161,158,161,1100,175500
2017-12-19,GFCL,161,164,161,161,170,27430
2017-12-20,GFCL,161,160,158,158,560,88780
2017-12-24,GFCL,158,164,156,156,2320,368350
2017-12-26,GFCL,156,159,156,156,110,17190
2017-12-27,GFCL,156,155,150,155,715,108040
2017-12-28,GFCL,155,152,149,149,445,67055
2017-12-31,GFCL,149,148,148,148,70,10360
2018-01-01,GFCL,148,153,148,153,1060,157550
2018-01-02,GFCL,153,156,150,150,1974,301644
2018-01-03,GFCL,150,155,152,155,1000,152600
2018-01-04,GFCL,155,153,150,150,1681,255520
2018-01-08,GFCL,150,153,145,145,2371,350915
2018-01-09,GFCL,145,151,147,151,4390,659575
2018-01-10,GFCL,151,153,146,150,3646,548210
2018-01-14,GFCL,150,153,147,147,3741,562503
2018-01-16,GFCL,147,149,145,147,2344,343650
2018-01-17,GFCL,147,145,145,145,100,14500
2018-01-21,GFCL,145,145,145,145,100,14500
2018-01-23,GFCL,145,147,145,147,448,65062
2018-01-24,GFCL,147,145,145,145,300,43500
2018-01-25,GFCL,145,147,145,147,1220,178100
2018-01-28,GFCL,147,145,145,145,1720,249400
2018-01-29,GFCL,145,147,143,147,1135,164330
2018-01-31,GFCL,147,149,149,149,200,29800
2018-02-01,GFCL,149,151,148,151,518,77430
2018-02-04,GFCL,151,154,152,152,130,19820
2018-02-05,GFCL,152,151,148,148,6881,1034688
2018-02-06,GFCL,148,146,146,146,99,14454
2018-02-07,GFCL,146,147,147,147,15,2205
2018-02-11,GFCL,147,147,146,146,75,10975
2018-02-12,GFCL,146,147,147,147,91,13377
2018-02-14,GFCL,147,148,145,145,1440,209676
2018-02-15,GFCL,145,151,147,151,506,74602
2018-02-18,GFCL,154,155,151,151,2220,335870
2018-02-21,GFCL,151,151,148,148,150,22500
2018-02-22,GFCL,148,148,148,148,30,4440
2018-02-25,GFCL,150,150,147,147,60,8850
2018-02-27,GFCL,145,149,145,147,885,128735
2018-02-28,GFCL,146,146,145,145,600,87500
2018-03-05,GFCL,144,144,142,142,30,4280
2018-03-06,GFCL,141,141,139,139,430,60330
2018-03-07,GFCL,140,144,138,141,6301,873655
2018-03-11,GFCL,140,140,133,133,261,35690
2018-03-12,GFCL,135,135,133,133,910,121230
2018-03-13,GFCL,135,135,135,135,100,13500
2018-03-14,GFCL,137,137,136,136,770,104740
2018-03-15,GFCL,136,136,135,135,250,33900
2018-03-18,GFCL,134,134,134,134,200,26800
2018-03-19,GFCL,132,133,132,132,553,73096
2018-03-20,GFCL,130,130,125,125,1585,199975
2018-03-21,GFCL,126,129,123,129,2220,278430
2018-03-22,GFCL,129,132,126,126,4350,553130
2018-03-26,GFCL,124,125,122,122,2065,254160
2018-03-27,GFCL,121,122,118,122,4850,576878
2018-03-28,GFCL,122,124,120,120,7250,882150
2018-03-29,GFCL,120,123,120,123,2260,273590
2018-04-01,GFCL,123,124,122,122,1761,215252
2018-04-02,GFCL,124,126,123,126,635,79125
2018-04-04,GFCL,128,132,128,132,420,54960
2018-04-05,GFCL,134,136,131,133,1110,148300
2018-04-08,GFCL,135,136,133,133,1260,169550
2018-04-09,GFCL,135,135,130,130,2616,348880
2018-04-10,GFCL,130,132,128,129,1562,202556
2018-04-11,GFCL,129,129,129,129,395,50955
2018-04-12,GFCL,130,132,130,132,1750,227800
2018-04-15,GFCL,130,130,130,130,692,89960
2018-04-16,GFCL,132,134,132,134,1196,160014
2018-04-17,GFCL,136,138,135,137,3620,493420
2018-04-18,GFCL,139,143,139,143,466,66074
2018-04-19,GFCL,141,141,139,141,280,39420
2018-04-22,GFCL,141,144,140,144,5510,776820
2018-04-23,GFCL,144,146,141,144,3352,482476
2018-04-24,GFCL,142,142,142,142,64,9088
2018-05-02,GFCL,140,140,138,138,58,8026
2018-05-03,GFCL,138,140,136,138,2695,371893
2018-05-06,GFCL,136,136,136,136,300,40800
2018-05-07,GFCL,134,136,130,136,1185,159304
2018-05-08,GFCL,136,138,134,138,1436,197264
2018-05-09,GFCL,138,138,138,138,107,14752
2018-05-10,GFCL,136,136,132,133,3008,402022
2018-05-14,GFCL,131,131,127,128,1691,218210
2018-05-16,GFCL,127,127,127,127,74,9398
2018-05-17,GFCL,129,129,126,126,1054,135563
2018-05-20,GFCL,125,125,124,124,550,68300
2018-05-21,GFCL,124,127,124,125,3369,422313
2018-05-22,GFCL,126,126,123,123,2150,265170
2018-05-23,GFCL,125,125,125,125,91,11375
2018-05-24,GFCL,126,126,125,125,560,70476
2018-05-27,GFCL,123,125,123,125,204,25458
2018-05-28,GFCL,127,129,125,129,554,70574
2018-05-29,GFCL,127,127,127,127,1400,177800
2018-05-30,GFCL,125,127,125,127,202,25350
2018-06-03,GFCL,125,125,125,125,200,25000
2018-06-06,GFCL,123,123,123,123,300,36900
2018-06-07,GFCL,122,124,121,121,1330,162930
2018-06-10,GFCL,119,121,119,119,350,41750
2018-06-11,GFCL,117,119,117,119,1200,141400
2018-06-12,GFCL,121,121,120,121,654,78980
2018-06-13,GFCL,123,125,123,125,2840,351300
2018-06-14,GFCL,127,127,123,123,284,35542
2018-06-17,GFCL,121,121,121,121,46,5566
2018-06-18,GFCL,120,122,120,122,674,81668
2018-06-19,GFCL,122,122,120,120,75,9036
2018-06-21,GFCL,122,124,122,124,2080,257760
2018-06-24,GFCL,124,128,124,128,6060,770880
2018-06-25,GFCL,128,128,126,126,4060,519280
2018-06-26,GFCL,124,124,124,124,326,40424
2018-06-28,GFCL,125,125,123,123,207,25575
2018-07-01,GFCL,121,123,121,123,530,64190
2018-07-02,GFCL,122,122,120,120,970,117600
2018-07-03,GFCL,122,122,122,122,290,35380
2018-07-04,GFCL,122,124,122,124,2403,293566
2018-07-05,GFCL,126,126,125,126,153,19246
2018-07-08,GFCL,124,124,122,122,700,85800
2018-07-09,GFCL,120,120,120,120,3000,360000
2018-07-10,GFCL,122,122,120,120,116,14020
2018-07-11,GFCL,122,124,122,122,300,37000
2018-07-12,GFCL,120,122,120,122,42,5080
2018-07-15,GFCL,120,120,118,120,667,79448
2018-07-16,GFCL,122,122,121,122,2135,260010
2018-07-17,GFCL,124,128,124,126,2780,352280
2018-07-19,GFCL,124,124,123,123,1956,241588
2018-07-22,GFCL,121,123,121,123,238,28834
2018-07-24,GFCL,123,126,123,124,2378,296344
2018-07-25,GFCL,126,127,123,123,2463,305735
2018-07-26,GFCL,125,127,123,123,4341,544153
2018-07-29,GFCL,125,125,122,122,2791,342542
2018-07-30,GFCL,123,124,122,124,1427,176667
2018-07-31,GFCL,126,127,125,127,855,107829
2018-08-01,GFCL,125,125,123,123,4200,520000
2018-08-02,GFCL,125,125,125,125,340,42500
2018-08-05,GFCL,123,123,123,123,1000,123000
2018-08-06,GFCL,122,122,122,122,220,26840
2018-08-07,GFCL,120,120,120,120,700,84000
2018-08-08,GFCL,121,122,119,122,2940,354048
2018-08-09,GFCL,123,123,122,122,605,74063
2018-08-12,GFCL,120,120,118,118,7789,927672
2018-08-13,GFCL,118,124,118,122,1509,181146
2018-08-14,GFCL,124,128,124,127,3902,496456
2018-08-15,GFCL,126,128,125,127,2140,270792
2018-08-16,GFCL,127,129,127,127,1077,137466
2018-08-19,GFCL,125,129,125,129,4800,614278
2018-08-20,GFCL,127,128,125,126,5766,728166
2018-08-21,GFCL,124,125,124,124,2095,261669
2018-08-22,GFCL,122,123,121,123,174,21304
2018-08-23,GFCL,121,122,121,122,1092,133124
2018-08-29,GFCL,122,122,122,122,346,42212
2018-08-30,GFCL,122,122,122,122,200,24400
2018-09-05,GFCL,124,124,124,124,50,6200
2018-09-06,GFCL,126,126,124,124,159,19796
2018-09-09,GFCL,123,123,123,123,500,61500
2018-09-13,GFCL,123,127,123,127,600,75380
2018-09-16,GFCL,129,129,129,129,110,14190
2018-09-18,GFCL,131,131,127,127,770,98650
2018-09-20,GFCL,125,125,125,125,99,12375
2018-09-25,GFCL,123,127,123,127,2317,288259
2018-09-26,GFCL,129,131,129,129,86,11142
2018-09-27,GFCL,127,127,126,126,982,124682
2018-09-30,GFCL,126,126,126,126,500,63000
2018-10-01,GFCL,128,128,126,126,907,115282
2018-10-02,GFCL,128,128,126,126,2150,271150
2018-10-03,GFCL,126,126,125,125,435,54660
2018-10-04,GFCL,124,124,124,124,300,37200
2018-10-07,GFCL,125,125,122,122,2005,246090
2018-10-08,GFCL,120,124,120,124,1303,160920
2018-10-09,GFCL,126,126,126,126,1815,228690
2018-10-10,GFCL,128,128,128,128,200,25600
2018-10-23,GFCL,126,126,126,126,20,2520
2018-10-24,GFCL,128,129,127,127,2457,314897
2018-10-25,GFCL,129,129,128,128,500,64400
2018-10-28,GFCL,128,129,128,129,1330,171540
2018-10-29,GFCL,130,130,128,128,530,68370
2018-10-30,GFCL,127,128,126,127,1126,142543
2018-11-04,GFCL,125,127,125,126,5904,747004
2018-11-14,GFCL,124,126,124,124,120,14880
2018-11-15,GFCL,122,122,122,122,15,1830
2018-11-18,GFCL,120,120,120,120,142,17040
2018-11-21,GFCL,119,120,119,120,350,41700
2018-11-25,GFCL,122,122,118,118,1824,216946
2018-11-27,GFCL,119,119,118,118,650,76750
2018-11-29,GFCL,116,116,116,116,837,97092
2018-12-02,GFCL,115,117,115,115,1058,122178
2018-12-05,GFCL,117,117,117,117,958,112086
2018-12-06,GFCL,119,119,119,119,500,59500
2018-12-09,GFCL,118,118,118,118,348,41064
2018-12-10,GFCL,120,121,120,121,30,3610
2018-12-12,GFCL,123,123,123,123,12,1476
2018-12-13,GFCL,125,125,124,124,120,14900
2018-12-16,GFCL,125,125,125,125,214,26750
2018-12-20,GFCL,123,123,123,123,55,6755
2018-12-23,GFCL,123,123,123,123,98,12054
2018-12-24,GFCL,123,123,123,123,500,61500
2018-12-25,GFCL,121,121,121,121,30,3630
2018-12-26,GFCL,123,123,121,121,104,12632
2018-12-27,GFCL,121,123,121,123,1340,163440
2018-12-30,GFCL,121,121,119,121,766,91624
2019-01-01,GFCL,120,121,119,119,353,42445
2019-01-06,GFCL,118,118,117,117,865,101405
2019-01-10,GFCL,117,117,117,117,485,56745
2019-01-14,GFCL,119,121,119,121,309,36871
2019-01-15,GFCL,119,122,119,122,1010,121170
2019-01-17,GFCL,122,122,120,120,300,36200
2019-01-24,GFCL,120,123,120,123,1512,183790
2019-01-27,GFCL,122,122,121,122,32,3892
2019-01-28,GFCL,120,121,119,121,1157,139033
2019-01-29,GFCL,121,123,121,122,1324,161075
2019-01-30,GFCL,124,124,122,122,244,30068
2019-01-31,GFCL,121,121,120,120,800,96300
2019-02-03,GFCL,118,120,118,120,620,74160
2019-02-04,GFCL,122,122,118,118,390,46480
2019-02-05,GFCL,120,122,120,122,450,54100
2019-02-06,GFCL,121,121,119,120,630,75430
2019-02-07,GFCL,122,122,121,121,82,9974
2019-02-10,GFCL,121,121,117,117,3296,393456
2019-02-11,GFCL,116,119,115,119,1414,164914
2019-02-12,GFCL,117,118,117,118,1210,142770
2019-02-13,GFCL,117,117,116,116,1400,163400
2019-02-14,GFCL,116,116,115,115,644,74104
2019-02-19,GFCL,114,115,114,115,748,85322
2019-02-20,GFCL,116,117,115,115,1251,144216
2019-02-21,GFCL,113,113,113,113,169,19097
2019-02-24,GFCL,113,114,113,114,190,21580
2019-02-25,GFCL,112,112,111,111,763,85113
2019-02-26,GFCL,111,111,111,111,21,2331
2019-03-03,GFCL,111,112,111,111,1350,149950
2019-03-05,GFCL,113,113,113,113,100,11300
2019-03-06,GFCL,112,116,112,116,700,79040
2019-03-07,GFCL,118,118,114,114,1257,145678
2019-03-11,GFCL,114,116,114,114,1859,213688
2019-03-13,GFCL,116,120,116,120,50,5880
2019-03-14,GFCL,119,119,119,119,148,17612
2019-03-17,GFCL,121,121,121,121,90,10890
2019-03-18,GFCL,119,120,118,118,800,95300
2019-03-19,GFCL,118,118,117,117,238,27896
2019-03-21,GFCL,117,120,117,120,582,68436
2019-03-24,GFCL,119,119,119,119,406,48314
2019-03-25,GFCL,117,119,117,118,788,93446
2019-03-27,GFCL,115,115,115,115,88,10120
2019-04-01,GFCL,117,120,117,120,1095,129615
2019-04-02,GFCL,120,120,120,120,330,39600
2019-04-03,GFCL,122,122,120,120,1146,137720
2019-04-04,GFCL,119,123,119,123,120,14368
2019-04-07,GFCL,121,121,121,121,69,8349
2019-04-08,GFCL,120,123,120,123,1458,176588
2019-04-09,GFCL,123,123,121,121,115,13945
2019-04-11,GFCL,120,122,120,122,981,119280
2019-04-15,GFCL,120,120,120,120,1055,126600
2019-04-17,GFCL,122,124,120,120,1200,144440
2019-04-18,GFCL,119,120,119,120,1100,131000
2019-04-21,GFCL,118,120,118,119,1363,162060
2019-04-23,GFCL,119,119,119,119,100,11900
2019-04-24,GFCL,121,123,121,123,86,10462
2019-04-25,GFCL,121,123,121,123,491,60173
2019-04-28,GFCL,121,121,121,121,800,96800
2019-04-29,GFCL,119,121,119,119,1880,225050
2019-04-30,GFCL,119,119,119,119,30,3570
2019-05-02,GFCL,119,119,119,119,20,2380
2019-05-05,GFCL,118,118,117,117,220,25824
2019-05-06,GFCL,118,120,118,120,4651,554984
2019-05-07,GFCL,120,120,119,119,1758,210202
2019-05-08,GFCL,119,120,119,119,430,51198
2019-05-09,GFCL,119,119,119,119,814,96866
2019-05-12,GFCL,119,121,119,121,200,24000
2019-05-13,GFCL,121,121,119,119,483,58333
2019-05-14,GFCL,121,122,120,122,1143,137500
2019-05-15,GFCL,122,124,122,124,267,32594
2019-05-16,GFCL,126,128,126,127,1530,194634
2019-05-19,GFCL,125,125,121,121,4548,551518
2019-05-20,GFCL,123,123,122,122,2045,249590
2019-05-21,GFCL,120,126,118,126,1526,183060
2019-05-22,GFCL,128,128,123,123,2082,260356
2019-05-23,GFCL,122,123,122,123,1050,128150
2019-05-26,GFCL,122,123,121,121,1038,126798
2019-05-27,GFCL,122,124,122,124,740,91160
2019-05-28,GFCL,124,125,124,124,552,68714
2019-05-29,GFCL,125,130,125,126,2026,257682
2019-05-30,GFCL,126,126,124,125,1579,196635
2019-06-02,GFCL,127,129,127,129,1615,207120
2019-06-03,GFCL,127,127,125,125,867,109775
2019-06-04,GFCL,127,127,125,125,1288,161676
2019-06-06,GFCL,127,137,127,137,2888,386583
2019-06-10,GFCL,139,141,136,138,3677,504628
2019-06-11,GFCL,136,136,133,136,1681,225197
2019-06-13,GFCL,135,135,135,135,270,36450
2019-06-16,GFCL,135,135,134,134,152,20378
2019-06-17,GFCL,132,132,126,128,1513,196944
2019-06-18,GFCL,126,128,126,128,1002,128166
2019-06-19,GFCL,130,130,128,128,30,3860
2019-06-20,GFCL,130,130,128,128,120,15560
2019-06-23,GFCL,129,129,128,128,544,70132
2019-06-24,GFCL,129,131,129,131,2823,364887
2019-06-25,GFCL,129,137,129,133,6593,887113
2019-06-26,GFCL,131,133,130,130,580,76050
2019-06-27,GFCL,128,130,128,130,1575,202330
2019-06-30,GFCL,129,130,129,129,550,71000
2019-07-01,GFCL,128,131,128,131,745,95475
2019-07-02,GFCL,132,133,129,131,870,114130
2019-07-03,GFCL,130,133,130,133,2092,275594
2019-07-04,GFCL,133,133,133,133,500,66500
2019-07-07,GFCL,132,132,132,132,1389,183348
2019-07-08,GFCL,134,134,133,133,1237,164531
2019-07-10,GFCL,134,135,134,134,1113,149792
2019-07-11,GFCL,133,133,132,133,2599,345568
2019-07-14,GFCL,135,135,133,133,147,19691
2019-07-15,GFCL,135,135,135,135,633,85455
2019-07-16,GFCL,133,135,129,135,650,87240
2019-07-17,GFCL,135,135,135,135,276,37260
2019-07-18,GFCL,136,137,135,135,1705,231855
2019-07-22,GFCL,133,135,133,135,1651,222785
2019-07-23,GFCL,134,134,133,133,1304,173736
2019-07-24,GFCL,135,137,134,134,54,7276
2019-07-25,GFCL,134,134,134,134,100,13400
2019-07-28,GFCL,132,132,132,132,400,52800
2019-07-29,GFCL,134,136,134,135,540,73110
2019-07-30,GFCL,136,136,134,134,647,87292
2019-07-31,GFCL,136,137,136,137,286,38916
2019-08-01,GFCL,136,136,134,134,935,125490
2019-08-04,GFCL,136,136,136,136,70,9520
2019-08-05,GFCL,134,134,132,132,1528,204696
2019-08-06,GFCL,132,132,130,132,1100,143700
2019-08-07,GFCL,133,133,133,133,247,32851
2019-08-08,GFCL,131,131,129,130,210,27390
2019-08-11,GFCL,132,134,130,130,2707,356338
2019-08-12,GFCL,132,136,132,136,239,31788
2019-08-13,GFCL,136,138,136,136,270,36790
2019-08-14,GFCL,134,134,132,132,169,22546
2019-08-15,GFCL,134,134,134,134,20,2680
2019-08-18,GFCL,136,140,135,139,5492,758390
2019-08-19,GFCL,141,141,139,141,2441,342276
2019-08-20,GFCL,142,142,140,140,421,59461
2019-08-21,GFCL,139,141,139,141,6299,881858
2019-08-22,GFCL,143,143,141,141,60,8480
2019-08-25,GFCL,139,139,137,139,1610,221290
2019-08-26,GFCL,141,141,138,138,1110,153310
2019-08-27,GFCL,137,140,136,138,3112,428932
2019-08-28,GFCL,140,140,138,138,120,16780
2019-08-29,GFCL,144,144,136,138,2510,354480
2019-09-01,GFCL,137,137,136,137,835,114275
2019-09-02,GFCL,137,140,137,140,5225,728478
2019-09-03,GFCL,139,139,136,139,3851,530238
2019-09-04,GFCL,139,139,139,139,193,26827
2019-09-05,GFCL,138,138,136,136,750,103400
2019-09-08,GFCL,136,139,136,139,3171,436749
2019-09-09,GFCL,140,140,137,138,1463,201414
2019-09-10,GFCL,136,140,135,135,4256,578436
2019-09-11,GFCL,134,136,134,136,1250,169900
2019-09-12,GFCL,138,140,135,139,1443,198132
2019-09-15,GFCL,139,139,135,135,2050,281250
2019-09-16,GFCL,141,141,133,133,1321,178070
2019-09-17,GFCL,135,139,132,136,3335,453510
2019-09-18,GFCL,130,137,130,137,1002,136029
2019-09-19,GFCL,137,137,137,137,110,15070
2019-09-22,GFCL,137,137,130,133,2675,352380
2019-09-23,GFCL,135,135,133,133,540,71900
2019-09-24,GFCL,132,134,131,131,3195,421095
2019-09-25,GFCL,133,134,131,131,1076,142056
2019-09-26,GFCL,132,132,132,132,400,52800
2019-09-29,GFCL,133,134,133,133,900,120200
2019-09-30,GFCL,135,139,135,137,170,23230
2019-10-01,GFCL,135,139,133,135,1175,158805
2019-10-02,GFCL,133,133,131,131,280,36980
2019-10-03,GFCL,133,133,130,130,4653,610305
2019-10-10,GFCL,132,140,132,140,150,20500
2019-10-14,GFCL,142,144,132,133,6162,829742
2019-10-15,GFCL,131,139,131,135,2602,347060
2019-10-16,GFCL,133,134,131,131,2700,358770
2019-10-17,GFCL,133,136,132,132,400,53155
2019-10-20,GFCL,134,138,134,134,2725,369324
2019-10-21,GFCL,136,138,133,133,210,28390
2019-10-22,GFCL,135,137,135,135,110,14930
2019-10-23,GFCL,137,141,137,141,100,13890
2019-10-24,GFCL,139,139,137,137,70,9660
2019-10-31,GFCL,136,137,135,135,535,72995
2019-11-03,GFCL,133,133,133,133,35,4655
2019-11-04,GFCL,131,133,131,131,1202,158786
2019-11-05,GFCL,133,137,133,137,110,14860
2019-11-06,GFCL,135,135,132,132,2784,370588
2019-11-07,GFCL,132,133,131,131,3069,402299
2019-11-11,GFCL,131,133,131,133,250,33150
2019-11-12,GFCL,131,132,131,131,225,29575
2019-11-13,GFCL,131,131,129,130,1778,231198
2019-11-14,GFCL,132,140,132,139,255,34840
2019-11-17,GFCL,137,137,131,131,165,22035
2019-11-18,GFCL,133,135,133,135,70,9380
2019-11-19,GFCL,133,133,133,133,340,45220
2019-11-20,GFCL,135,135,135,135,50,6750
2019-11-21,GFCL,133,133,133,133,10,1330
2019-11-24,GFCL,133,133,127,129,4420,567980
2019-11-25,GFCL,129,129,126,126,1634,208176
2019-11-26,GFCL,128,129,127,128,8573,1095619
2019-11-27,GFCL,130,130,130,130,415,53950
2019-11-28,GFCL,129,129,128,128,490,63070
2019-12-01,GFCL,129,131,129,131,85,11005
2019-12-02,GFCL,129,131,129,131,276,35804
2019-12-03,GFCL,131,131,129,130,452,58448
2019-12-04,GFCL,130,131,130,131,423,55000
2019-12-05,GFCL,129,131,129,131,1804,236044
2019-12-08,GFCL,130,131,129,129,260,34010
2019-12-09,GFCL,131,133,130,132,1109,145282
2019-12-10,GFCL,132,132,131,131,410,54010
2019-12-11,GFCL,131,136,131,136,1047,140667
2019-12-12,GFCL,134,137,134,137,270,36470
2019-12-15,GFCL,136,138,132,138,809,109326
2019-12-16,GFCL,136,136,132,132,124,16578
2019-12-17,GFCL,132,132,132,132,52,6864
2019-12-19,GFCL,134,137,134,137,333,45396
2019-12-22,GFCL,138,138,135,135,833,114131
2019-12-23,GFCL,137,139,135,137,297,40825
2019-12-24,GFCL,143,143,135,135,2768,385875
2019-12-25,GFCL,135,137,133,136,8133,1093759
2019-12-26,GFCL,136,136,134,135,2500,336513
2019-12-29,GFCL,135,137,133,136,6445,877962
2019-12-30,GFCL,138,139,135,135,2336,317805
2019-12-31,GFCL,137,139,137,138,4510,620268
2020-01-01,GFCL,136,136,130,130,374,49458
2020-01-02,GFCL,129,129,124,126,340,43030
2020-01-05,GFCL,127,136,127,128,404,52563
2020-01-06,GFCL,128,128,128,128,100,12800
2020-01-07,GFCL,130,134,130,130,3156,411080
2020-01-08,GFCL,132,132,130,130,1586,206945
2020-01-09,GFCL,132,134,132,132,322,42548
2020-01-12,GFCL,132,134,130,133,3938,522092
2020-01-13,GFCL,135,137,132,135,10993,1482636
2020-01-14,GFCL,135,141,133,141,4136,561843
2020-01-15,GFCL,139,147,135,141,11096,1521936
2020-01-16,GFCL,143,147,139,141,4778,681758
2020-01-19,GFCL,143,155,143,155,21422,3226322
2020-01-20,GFCL,152,155,147,151,23606,3536719
2020-01-21,GFCL,151,154,146,148,6188,923602
2020-01-22,GFCL,149,154,147,152,5013,748436
2020-01-23,GFCL,152,153,147,147,4250,639314
2020-01-26,GFCL,145,149,145,145,2007,293315
2020-01-27,GFCL,147,151,143,148,4043,593374
2020-01-28,GFCL,150,152,146,146,687,100779
2020-01-29,GFCL,145,147,142,142,1275,183315
2020-01-30,GFCL,144,150,143,143,2977,431800
2020-02-02,GFCL,144,148,144,146,2692,397406
2020-02-03,GFCL,144,144,142,142,70,10000
2020-02-04,GFCL,144,153,144,148,2403,353454
2020-02-05,GFCL,150,152,147,148,3226,479708
2020-02-06,GFCL,150,150,144,149,1640,239127
2020-02-09,GFCL,151,160,150,151,3248,495839
2020-02-10,GFCL,150,150,146,146,4440,653760
2020-02-11,GFCL,148,150,146,147,4619,680108
2020-02-12,GFCL,149,153,147,147,2298,344202
2020-02-13,GFCL,149,157,147,148,1400,210014
2020-02-16,GFCL,150,156,149,150,2270,341830
2020-02-17,GFCL,147,156,147,152,7263,1110063
2020-02-18,GFCL,154,154,150,152,4669,706328
2020-02-19,GFCL,152,163,152,153,3727,579547
2020-02-20,GFCL,156,156,153,153,3484,539213
2020-02-23,GFCL,155,161,152,158,12329,1935061
2020-02-24,GFCL,161,165,152,158,7378,1181333
2020-02-25,GFCL,157,165,157,165,9385,1524873
2020-02-26,GFCL,168,177,165,171,4877,837926
2020-02-27,GFCL,170,172,167,169,6568,1109710
2020-03-01,GFCL,170,175,170,171,12805,2210649
2020-03-02,GFCL,168,170,165,166,2098,351012
2020-03-03,GFCL,163,169,163,164,12011,1998533
2020-03-04,GFCL,161,167,157,157,8411,1343946
2020-03-05,GFCL,157,163,157,158,2399,380642
2020-03-10,GFCL,155,155,155,155,300,46500
2020-03-11,GFCL,152,161,150,161,5865,912696
2020-03-12,GFCL,160,160,157,157,660,105120
2020-03-15,GFCL,157,157,148,150,2512,377308
2020-03-16,GFCL,150,150,146,146,3587,527097
2020-03-17,GFCL,145,145,138,138,9310,1320020
2020-03-18,GFCL,136,136,132,134,6180,824050
2020-03-19,GFCL,132,138,130,138,4430,586812
2020-03-22,GFCL,136,136,136,136,50,6800
2020-05-13,GFCL,134,134,132,132,72,9584
2020-06-29,GFCL,134,142,134,140,5176,725476
2020-06-30,GFCL,142,146,142,146,680,97760
2020-07-01,GFCL,146,148,146,148,129,18892
2020-07-02,GFCL,150,156,150,153,1972,298261
2020-07-05,GFCL,153,158,148,148,810,124545
2020-07-06,GFCL,150,150,150,150,170,25500
2020-07-07,GFCL,151,151,148,148,6692,995602
2020-07-08,GFCL,150,150,147,147,1451,213481
2020-07-09,GFCL,147,147,145,146,1636,239840
2020-07-12,GFCL,146,146,145,145,300,43600
2020-07-13,GFCL,147,147,145,145,3595,523730
2020-07-14,GFCL,138,146,138,141,6741,966346
2020-07-15,GFCL,134,148,134,145,1550,220821
2020-07-16,GFCL,144,153,144,150,2017,300382
2020-07-20,GFCL,157,165,149,151,6656,1048640
2020-07-21,GFCL,154,159,151,152,5287,812682
2020-07-22,GFCL,152,152,149,149,1844,277563
2020-07-23,GFCL,147,154,147,153,1365,202705
2020-07-26,GFCL,155,158,151,158,8432,1308771
2020-07-27,GFCL,161,161,153,153,5925,911605
2020-07-28,GFCL,156,156,153,153,1680,258400
2020-07-29,GFCL,152,154,152,154,2397,367118
2020-07-30,GFCL,152,153,151,151,1920,290460
2020-08-02,GFCL,151,152,148,148,3270,488230
2020-08-03,GFCL,150,150,149,150,1434,214330
2020-08-05,GFCL,148,149,145,145,2011,296618
2020-08-06,GFCL,147,150,145,145,2881,428078
2020-08-09,GFCL,147,150,147,150,530,79040
2020-08-10,GFCL,152,155,152,154,2672,410608
2020-08-11,GFCL,153,155,152,154,10745,1647554
2020-08-12,GFCL,151,152,151,152,867,131666
2020-08-13,GFCL,152,152,151,151,610,92620
2020-08-16,GFCL,150,150,148,150,2780,415700
2020-08-17,GFCL,149,150,146,148,3145,464280
2020-08-18,GFCL,149,153,149,152,665,101080
2020-08-19,GFCL,151,151,149,149,6921,1040581
2020-08-20,GFCL,150,150,150,150,80,12000
2020-08-23,GFCL,149,152,149,152,883,132562
2020-08-24,GFCL,150,153,149,153,829,123950
2020-08-25,GFCL,156,162,150,152,2900,442405
2020-08-26,GFCL,152,154,152,153,2310,353430
2020-08-27,GFCL,152,152,151,152,3023,457373
2020-08-30,GFCL,154,154,154,154,10,1540
2020-08-31,GFCL,151,153,150,151,4344,656550
2020-09-02,GFCL,151,156,151,154,5137,789512
2020-09-03,GFCL,154,155,152,152,6236,958012
2020-09-06,GFCL,159,159,151,151,3350,509140
2020-09-07,GFCL,150,151,150,150,2240,336989
2020-09-08,GFCL,153,153,151,153,2573,391966
2020-09-09,GFCL,151,159,151,159,11078,1688211
2020-09-10,GFCL,156,162,154,158,3090,481493
2020-09-13,GFCL,158,158,155,157,1531,239848
2020-09-14,GFCL,156,160,155,158,4855,768538
2020-09-15,GFCL,159,160,157,158,3320,525500
2020-09-16,GFCL,157,159,157,159,1630,259070
2020-09-17,GFCL,161,174,160,174,41788,7046126
2020-09-20,GFCL,182,191,180,187,27177,5071304
2020-09-21,GFCL,196,196,180,183,9104,1665774
2020-09-22,GFCL,183,185,173,176,15973,2888185
2020-09-23,GFCL,176,178,171,177,12991,2270071
2020-09-24,GFCL,175,182,175,179,9410,1689850
2020-09-27,GFCL,182,195,180,187,18236,3418129
2020-09-28,GFCL,190,193,181,186,22509,4204194
2020-09-29,GFCL,189,189,181,184,17108,3144771
2020-09-30,GFCL,184,187,181,183,10903,1998024
2020-10-01,GFCL,182,186,181,185,15585,2856721
2020-10-04,GFCL,185,187,183,185,7520,1388614
2020-10-05,GFCL,182,186,180,180,24635,4468670
2020-10-06,GFCL,179,187,179,184,7939,1461222
2020-10-07,GFCL,182,197,181,194,23304,4427452
2020-10-08,GFCL,197,207,197,198,48156,9643910
2020-10-11,GFCL,200,208,196,205,60030,12252858
2020-10-12,GFCL,205,205,198,200,14001,2810099
2020-10-13,GFCL,201,201,193,193,19717,3840920
2020-10-14,GFCL,190,195,187,193,7810,1493265
2020-10-15,GFCL,196,196,186,190,19659,3684249
2020-10-18,GFCL,190,193,188,189,4287,817681
2020-10-19,GFCL,192,192,190,192,2390,456680
2020-10-20,GFCL,194,194,190,191,5969,1147930
2020-10-21,GFCL,194,196,192,196,5030,975408
2020-10-22,GFCL,197,199,195,197,9099,1788916
2020-10-28,GFCL,195,204,194,203,15230,3056790
2020-10-29,GFCL,206,206,199,200,8259,1662710
2020-11-01,GFCL,200,200,195,198,2630,519250
2020-11-02,GFCL,201,203,194,195,13959,2762238
2020-11-03,GFCL,198,204,197,201,5809,1155260
2020-11-04,GFCL,200,201,199,199,4775,952625
2020-11-05,GFCL,200,200,197,197,5830,1154010
2020-11-08,GFCL,196,201,196,199,7639,1525316
2020-11-09,GFCL,199,199,197,199,3247,642479
2020-11-10,GFCL,199,200,197,200,6720,1336830
2020-11-11,GFCL,204,210,201,210,56625,11658013
2020-11-12,GFCL,214,215,208,210,33815,7153340
2020-11-18,GFCL,206,213,206,212,22316,4712326
2020-11-19,GFCL,214,232,209,232,23919,5153488
2020-11-22,GFCL,232,234,212,221,15781,3461779
2020-11-23,GFCL,221,221,210,212,8574,1852149
2020-11-24,GFCL,212,221,212,220,20827,4531939
2020-11-25,GFCL,216,225,213,224,54633,12161146
2020-11-26,GFCL,225,225,216,219,6130,1354385
2020-11-29,GFCL,219,233,216,225,19037,4274429
2020-11-30,GFCL,229,237,218,220,8847,1960316
2020-12-01,GFCL,209,221,209,215,8586,1874635
2020-12-02,GFCL,218,218,210,214,12883,2736350
2020-12-03,GFCL,218,218,205,209,12586,2644179
2020-12-06,GFCL,219,219,203,203,6639,1371038
2020-12-07,GFCL,204,210,202,210,4771,990517
2020-12-08,GFCL,213,213,203,203,7514,1544210
2020-12-09,GFCL,207,207,201,204,1862,376290
2020-12-10,GFCL,207,207,200,205,3313,676010
2020-12-13,GFCL,205,206,200,205,18231,3684645
2020-12-14,GFCL,206,221,205,217,21977,4623974
2020-12-15,GFCL,217,223,212,215,8242,1780257
2020-12-16,GFCL,212,214,208,208,7302,1535945
2020-12-17,GFCL,206,212,205,207,5171,1067391
2020-12-20,GFCL,205,225,204,204,21283,4455867
2020-12-21,GFCL,200,214,197,212,12008,2474133
2020-12-22,GFCL,216,220,208,212,19894,4196692
2020-12-23,GFCL,208,211,207,211,3199,668055
2020-12-24,GFCL,212,212,204,209,2986,622628
2020-12-27,GFCL,207,210,205,206,6174,1274835
2020-12-28,GFCL,204,207,203,207,2910,598840
2020-12-29,GFCL,207,207,206,206,13285,2749025
2020-12-30,GFCL,202,208,186,201,10659,2113186
2020-12-31,GFCL,202,213,202,213,18932,3985742
2021-01-03,GFCL,196,198,192,198,4255,829095
2021-01-04,GFCL,198,198,194,194,9020,1762782
2021-01-05,GFCL,193,196,192,193,3084,595398
2021-01-06,GFCL,195,196,193,193,1520,296691
2021-01-07,GFCL,193,196,193,195,5284,1029176
2021-01-10,GFCL,195,203,195,199,10573,2101105
2021-01-11,GFCL,202,205,202,205,15509,3146564
2021-01-12,GFCL,208,209,205,207,9909,2046572
2021-01-13,GFCL,210,224,208,224,23605,5063142
2021-01-17,GFCL,224,232,220,228,29584,6696030
2021-01-18,GFCL,230,233,221,221,25407,5697487
2021-01-19,GFCL,225,240,223,240,37714,8628145
2021-01-20,GFCL,236,257,232,249,27575,6882188
2021-01-21,GFCL,253,268,242,263,31828,7988509
2021-01-24,GFCL,276,281,262,280,69019,18690361
2021-01-25,GFCL,285,288,272,272,23652,6641977
2021-01-26,GFCL,267,272,258,268,19621,5167653
2021-01-27,GFCL,263,273,249,268,34346,8785776
2021-01-28,GFCL,268,268,252,252,15000,3876955
2021-01-31,GFCL,257,257,231,233,26095,6215246
2021-02-01,GFCL,235,256,235,250,22997,5517024
2021-02-02,GFCL,250,265,238,252,20065,5000092
2021-02-03,GFCL,254,257,239,245,51542,12476180
2021-02-04,GFCL,257,257,239,240,10977,2657442
2021-02-07,GFCL,240,252,240,249,13740,3352630
2021-02-08,GFCL,246,262,242,262,35784,8919546
2021-02-09,GFCL,263,288,252,271,40542,10736162
2021-02-10,GFCL,280,298,257,282,53672,14682903
2021-02-11,GFCL,280,284,265,270,28969,7992222
2021-02-14,GFCL,265,279,265,275,14583,3921863
2021-02-15,GFCL,275,293,265,293,33323,9245008
2021-02-16,GFCL,288,298,280,298,26256,7569050
2021-02-17,GFCL,293,293,280,289,14154,4058179
2021-02-18,GFCL,284,289,284,284,11038,3150479
2021-02-21,GFCL,284,284,276,279,15169,4245694
2021-02-22,GFCL,276,284,271,277,33876,9479869
2021-02-23,GFCL,277,277,262,277,4777,1270790
2021-02-24,GFCL,278,280,267,272,6491,1786505
2021-02-25,GFCL,274,274,261,261,14207,3763026
2021-02-28,GFCL,256,256,250,250,14562,3692110
2021-03-01,GFCL,249,260,249,259,7279,1843828
2021-03-02,GFCL,254,264,246,264,9189,2299151
2021-03-03,GFCL,259,267,245,267,14766,3691315
2021-03-04,GFCL,262,278,252,267,9422,2482938
2021-03-07,GFCL,262,270,257,270,6305,1664301
2021-03-09,GFCL,268,268,255,264,6150,1595334
2021-03-10,GFCL,267,267,255,264,5825,1510580
2021-03-14,GFCL,259,264,250,258,5340,1375810
2021-03-15,GFCL,253,254,245,254,7589,1877970
2021-03-16,GFCL,258,258,248,252,932,234711
2021-03-17,GFCL,252,257,241,245,22126,5386849
2021-03-18,GFCL,241,252,241,244,5026,1248629
2021-03-21,GFCL,256,257,247,255,9068,2289711
2021-03-22,GFCL,252,253,250,250,1635,409970
2021-03-23,GFCL,248,252,244,250,5112,1259856
2021-03-24,GFCL,245,258,245,256,5779,1445485
2021-03-25,GFCL,251,255,249,252,3602,904282
2021-03-29,GFCL,251,256,250,256,1003,251913
2021-03-30,GFCL,251,254,251,252,1744,438535
2021-03-31,GFCL,250,252,250,252,3870,970096
2021-04-01,GFCL,252,256,252,254,6228,1583103
2021-04-04,GFCL,254,266,250,266,17609,4627005
2021-04-05,GFCL,275,275,260,260,7802,2044126
2021-04-06,GFCL,259,264,258,262,7428,1943565
2021-04-07,GFCL,267,267,260,263,22019,5792286
2021-04-08,GFCL,262,280,262,273,21380,5808156
2021-04-12,GFCL,275,275,266,266,8321,2239724
2021-04-13,GFCL,266,271,266,269,9854,2656411
2021-04-15,GFCL,269,290,269,275,54886,15244487
2021-04-18,GFCL,280,280,257,261,100171,26415289
2021-04-19,GFCL,261,274,255,256,26498,6943648
2021-04-20,GFCL,261,271,261,266,8454,2248865
2021-04-21,GFCL,266,270,258,259,6919,1821452
2021-04-22,GFCL,260,265,258,263,11643,3044809
2021-04-25,GFCL,258,264,250,264,22303,5695253
2021-04-26,GFCL,260,274,249,274,23021,5978581
2021-04-27,GFCL,274,274,260,271,32397,8703034
2021-04-28,GFCL,258,285,258,280,126209,35201367
2021-04-29,GFCL,278,284,275,281,33769,9443570
2021-05-02,GFCL,282,284,275,278,55125,15351390
2021-05-03,GFCL,282,282,273,273,27642,7634718
2021-05-04,GFCL,277,280,272,273,10756,2952720
2021-05-05,GFCL,273,278,273,278,20820,5743170
2021-05-06,GFCL,280,284,278,282,46335,13042819
2021-05-09,GFCL,285,285,280,283,32484,9167983
2021-05-10,GFCL,283,286,280,286,24855,7063201
2021-05-11,GFCL,287,296,286,295,39564,11562907
2021-05-12,GFCL,300,306,296,300,47447,14246481
2021-05-13,GFCL,300,318,300,317,70146,21682362
2021-05-16,GFCL,317,330,309,312,81352,25559972
2021-05-17,GFCL,315,318,312,316,57183,18001531
2021-05-18,GFCL,331,347,320,347,171096,58612911
2021-05-19,GFCL,364,381,351,360,101734,37339733
2021-05-20,GFCL,353,396,348,396,142628,54222280
2021-05-23,GFCL,396,435,380,435,178565,74302687
2021-05-24,GFCL,456,456,404,416,142614,59760316
2021-05-25,GFCL,416,423,407,410,48150,19902128
2021-05-27,GFCL,411,424,388,422,79758,32870570
2021-05-30,GFCL,430,464,412,464,133454,60035629
2021-05-31,GFCL,487,487,439,448,66809,30442468
2021-06-01,GFCL,445,456,432,436,64709,28601284
2021-06-02,GFCL,436,475,435,475,116428,53603996
2021-06-03,GFCL,484,500,456,475,126805,61306324
2021-06-06,GFCL,498,522,458,522,175906,86544425
2021-06-07,GFCL,530,574,530,574,130396,74577850
2021-06-08,GFCL,602,631,602,631,112312,70781797
2021-06-09,GFCL,662,694,603,685,195673,125789676
2021-06-10,GFCL,698,740,668,733,122693,85346440
2021-06-13,GFCL,733,803,712,790,109464,82354613
2021-06-14,GFCL,776,800,757,757,70371,54891774
2021-06-15,GFCL,751,763,701,716,123444,89554950
2021-06-16,GFCL,702,756,645,657,108033,74409692
2021-06-17,GFCL,689,704,650,684,68264,46126804
2021-06-20,GFCL,718,718,626,639,61176,40155864
2021-06-21,GFCL,640,662,605,605,70226,43580356
2021-06-22,GFCL,610,661,595,652,45497,28695656
2021-06-23,GFCL,665,665,610,624,43149,27321481
2021-06-24,GFCL,635,635,608,609,26025,16020904
2021-06-27,GFCL,610,621,591,600,30819,18602728
2021-06-28,GFCL,610,615,580,582,29632,17449506
2021-06-29,GFCL,575,575,540,545,48414,26921186
2021-06-30,GFCL,518,590,518,568,51643,28134432
2021-07-01,GFCL,575,624,575,621,76062,46232485
2021-07-04,GFCL,625,671,625,628,85617,55167048
2021-07-05,GFCL,640,640,609,640,47975,29842283
2021-07-06,GFCL,665,665,617,622,21294,13363985
2021-07-07,GFCL,634,634,605,607,16764,10225479
2021-07-08,GFCL,618,635,598,635,52612,32386613
2021-07-11,GFCL,640,698,635,698,106303,71586729
2021-07-12,GFCL,711,721,655,675,93853,64185025
2021-07-13,GFCL,688,698,666,680,38779,26508361
2021-07-14,GFCL,680,689,667,670,63393,43027975
2021-07-15,GFCL,676,700,667,682,125850,85273364
2021-07-18,GFCL,695,715,695,711.4,98757,69699118.9
2021-07-19,GFCL,720,724,696,705,54358,38395402.7
2021-07-20,GFCL,700,704,686,700,39920,27697308.5
2021-07-22,GFCL,700,753,683,739,89361,62284107.6
2021-07-25,GFCL,745,745,710,725.6,55788,40419505.1
2021-07-26,GFCL,730,784,720.1,780,158399,117488784.2
2021-07-27,GFCL,764.4,816,730,816,91517,70849722
2021-07-28,GFCL,816,865,758.8,860,230254,184863383.2
2021-07-29,GFCL,850,850,783,797,422634,339256056.7
2021-08-01,GFCL,781.1,800,775,775,75030,58764497.3
2021-08-02,GFCL,782,784,762,767,52007,40057223.1
2021-08-03,GFCL,775,775,755,758,50076,38036786.7
2021-08-04,GFCL,763,790,750,767,78860,60751035.8
2021-08-05,GFCL,780,780,745,748,109613,83024669.7
2021-08-08,GFCL,760,770,750,768.9,82947,62919727.2
2021-08-09,GFCL,782,799.9,760,796,79814,62296986.2
2021-08-10,GFCL,811,861.2,805,845,219079,184446395.7
2021-08-11,GFCL,861.9,861.9,817,823,101713,84450553.8
2021-08-12,GFCL,825,846.4,815,825,122909,102578425.7
2021-08-15,GFCL,825,825,752,795,109478,86279830.9
2021-08-16,GFCL,794,836,780,810,87518,70889390.3
2021-08-17,GFCL,822,834,809,827,105233,86844555.5
2021-08-18,GFCL,843.5,909.7,843.5,904.7,244320,218569130.2
2021-08-19,GFCL,922.7,941.1,855,885,139654,124984715.1
2021-08-24,GFCL,888,910,867,872.4,121252,107979671.5
2021-08-25,GFCL,880,899,860,864,70531,61608398.3
2021-08-26,GFCL,881.2,949.9,865,920,192122,175182873
2021-08-29,GFCL,938.4,999,906.5,974,302656,292071437.6
2021-08-31,GFCL,954.6,1010,939,980,300716,296501172.9
2021-09-01,GFCL,962,998.9,925,934,80582,76466493.6
2021-09-02,GFCL,934,968,890,892,96429,89079398.8
2021-09-05,GFCL,874.2,874.5,802.8,802.8,108442,88759219.5
2021-09-06,GFCL,786.8,883,760,883,106097,88831573.6
2021-09-07,GFCL,889,907,860,877,63454,55874475
2021-09-08,GFCL,877,877,829,829,39041,32901946.3
2021-09-09,GFCL,829,860,814,817,51716,42862560.6
2021-09-12,GFCL,832,873,822,873,88453,74945156
2021-09-13,GFCL,890.4,900,858,870,61850,54457828
2021-09-14,GFCL,874,891.4,840.1,891.4,33110,28400044.2
2021-09-15,GFCL,891.4,891.4,852,853,26872,23201043.3
2021-09-16,GFCL,836,840,788,798,73719,59236647.4
2021-09-20,GFCL,782.1,800,718.2,718.2,53037,39587409.9
2021-09-21,GFCL,704,785,675,713,60721,43609221.6
2021-09-22,GFCL,727.2,780,727.2,780,44015,33506900.3
2021-09-23,GFCL,795.6,824,764.4,784.9,68293,54482498.2
2021-09-26,GFCL,798,800.5,728,728,47498,35661398.8
2021-09-27,GFCL,742,743,669.4,671,57712,39646105.3
2021-09-28,GFCL,673,694,604,615,61253,38287277.4
2021-09-29,GFCL,610,660,570,656,40874,25123844.7
2021-09-30,GFCL,669,683,610,611,24778,16020299
2021-10-03,GFCL,611,621,590,601,31981,19258437.4
2021-10-04,GFCL,590,606,575,588,26501,15681139.5
2021-10-05,GFCL,599,628,593,623.6,18681,11448869
2021-10-06,GFCL,636,676,630,676,30399,20057000.7
2021-10-10,GFCL,676,714,664.2,684,109249,74527787.5
2021-10-11,GFCL,685,690,650,674.9,25733,17084210.1
2021-10-17,GFCL,680,688,662,679,10747,7295153.5
2021-10-18,GFCL,665.5,667,635.6,636,17837,11577306.9
2021-10-19,GFCL,623.3,637.5,582.3,609,32074,19238865.4
2021-10-20,GFCL,621.1,650,618,642.8,38239,24209212.5
2021-10-21,GFCL,655,655.6,603,610.1,14133,8816765.3
2021-10-24,GFCL,622,644.5,602,633,26577,16730254.2
2021-10-25,GFCL,645,685,640,685,29925,20035781.1
2021-10-26,GFCL,690,732.8,690,729,35150,25366306
2021-10-27,GFCL,730,750,700,720,47372,34259089
2021-10-28,GFCL,707,760,700,760,61390,44303755.2
2021-10-31,GFCL,750,800,742,785,55893,43288853
2021-11-01,GFCL,790,800,759.5,774,33623,26181942.8
2021-11-02,GFCL,789.4,851,780,844.9,150356,121677174.1
2021-11-03,GFCL,861.7,875,840,854,114092,97005705.8
2021-11-08,GFCL,860,860,832,847,27853,23417472.2
2021-11-09,GFCL,851,851,783,789,72258,58159477.7
2021-11-11,GFCL,775,820,743,820,58436,44675282.7
2021-11-14,GFCL,804,824,752.2,816,57295,46264541.5
2021-11-15,GFCL,820,837,810,826,39107,32355061.7
2021-11-16,GFCL,826,839,825,835,26243,21835026.4
2021-11-17,GFCL,851.7,859.9,825,844.9,91097,76754455.8
2021-11-18,GFCL,840,840,809.5,810,30661,25191804.2
2021-11-21,GFCL,810,819,795,800,23481,18873495.5
2021-11-22,GFCL,813.9,813.9,789,790,18113,14427196.4
2021-11-23,GFCL,782.1,795,751,751,47540,36467798.7
2021-11-24,GFCL,751,785,735,775,45112,34095818.1
2021-11-25,GFCL,790,790.5,765,772,15304,11892604.5
2021-11-28,GFCL,756.6,768,720.3,730,52717,38797229
2021-11-29,GFCL,725,752.7,720,747,24028,17818623
2021-11-30,GFCL,747,759,735,755.1,21842,16323231
2021-12-01,GFCL,756,773,755.8,761,20673,15797899.8
2021-12-02,GFCL,775,775,719,720,23950,17544294.5
2021-12-05,GFCL,711.2,727,685,685,22597,15785264.9
2021-12-06,GFCL,672,719,640,706,40993,27868004.5
2021-12-07,GFCL,720,720.1,670,670,22962,15912022.6
2021-12-08,GFCL,670,670,628.1,638,23350,15108958.2
2021-12-09,GFCL,638,652,625.3,640,23992,15340947.1
2021-12-12,GFCL,649,649,603,605,19245,11915693
2021-12-13,GFCL,592.9,592.9,544.5,548,51995,29107188.9
2021-12-14,GFCL,538,602.8,537.1,602.8,15665,9074057.6
2021-12-15,GFCL,614.8,660,605.7,610.5,36425,22989634
2021-12-16,GFCL,610.5,622.4,582,582,19767,11754112.9
2021-12-20,GFCL,571,587,549,568,17022,9641544.7
2021-12-21,GFCL,579,595,568,595,10692,6221371.3
2021-12-22,GFCL,606.9,626,593.9,620.1,27698,17027770.1
2021-12-23,GFCL,623,625,602,604,21113,12910141.1
2021-12-26,GFCL,611,611,595.1,603,23253,14010616.4
2021-12-27,GFCL,599,600,561,561,31237,18144138.4
2021-12-28,GFCL,556,597,550,585,21963,12645160.6
2021-12-29,GFCL,594,594,571,582,25570,14799274.7
2022-01-02,GFCL,544,558,544,558,17954,9905410.5
2022-01-03,GFCL,565,593,564,578,18549,10748563.9
2022-01-04,GFCL,578,597.7,572,594,11768,6933268.6
2022-01-05,GFCL,600,612,580,590,25248,15097199.8
2022-01-06,GFCL,580,600,580,595,18065,10782545.5
2022-01-09,GFCL,606,643,600,643,36737,23079703
2022-01-10,GFCL,655,680,641.9,672,48841,32528945.5
2022-01-11,GFCL,660,739.2,658.6,715,49306,35085045.5
2022-01-12,GFCL,720,740,699,708,51776,37046949.8
2022-01-13,GFCL,707,725,697,721,33112,23577342.8
2022-01-16,GFCL,735,763,731,742.5,52836,39071935.1
2022-01-17,GFCL,745,752,728,735,17070,12550613.4
2022-01-18,GFCL,723.6,753.7,700,715,39935,29112801.3
2022-01-19,GFCL,715,729,694.9,703,29035,20523381.5
2022-01-20,GFCL,698,728,689,723,25075,17936278.6
2022-01-23,GFCL,735,735,702,708.5,27673,19813868.8
2022-01-24,GFCL,705,712,663,672,53102,36207993.2
2022-01-25,GFCL,663,700,658,674,32243,21980812
2022-01-26,GFCL,674,679.9,656,666,21088,14075985.5
2022-01-27,GFCL,679.3,687.8,665.4,666,14756,9912130.8
2022-01-30,GFCL,679,707,679,706,21590,15114679.8
2022-01-31,GFCL,710,714,693,699.9,17269,12087586.4
2022-02-01,GFCL,695,725,694,720.5,20366,14473250
2022-02-03,GFCL,728.9,728.9,700,701,26675,19059139.6
2022-02-06,GFCL,688.5,700,679.5,679.5,16335,11199056.2
2022-02-07,GFCL,680,698,672,690,8847,6095818.2
2022-02-08,GFCL,703.8,730,677,687,19017,13283650
2022-02-09,GFCL,680,688,667,675,10596,7178926
2022-02-10,GFCL,687,700,662,682,22451,15105237
2022-02-13,GFCL,668.4,668.4,645,649.5,27997,18257833.6
2022-02-14,GFCL,642,662,640,644,15294,9931990.5
2022-02-15,GFCL,656.5,674,644,670,5337,3507025
2022-02-16,GFCL,670,674,651,651,10722,7081979.3
2022-02-17,GFCL,663,663,645,655,7749,5035762
2022-02-20,GFCL,641.9,654,635,638.2,6430,4131471
2022-02-21,GFCL,649.9,649.9,641,644.1,5026,3238831.9
2022-02-22,GFCL,653.9,664,645,655,8670,5686330.1
2022-02-23,GFCL,667.9,667.9,645.1,650,7369,4806555.3
2022-02-24,GFCL,638,648,620,626,17551,11063490.8
2022-02-27,GFCL,630,638,613.5,631.1,19619,12329062.7
2022-02-28,GFCL,637,637,615,616,6874,4269194
2022-03-02,GFCL,604,622,589,592,10577,6315071.9
2022-03-06,GFCL,594,605,585,585,10689,6363977.9
2022-03-07,GFCL,596,597,575,578.2,5636,3297403.5
2022-03-09,GFCL,577,577,558.6,558.6,7928,4487693.8
2022-03-10,GFCL,550,595,550,590,10335,5976378.4
2022-03-13,GFCL,600,622,600,618,11698,7183800.5
2022-03-14,GFCL,624.9,624.9,610,622.1,2993,1848047.8
2022-03-15,GFCL,624,625,616.1,624,6607,4092480.8
2022-03-16,GFCL,615,622,615,615,5002,3094164.1
2022-03-20,GFCL,617.1,617.1,605,609,2137,1296233
2022-03-21,GFCL,601,625,601,625,8699,5352246.1
2022-03-22,GFCL,625,630,622,622.1,5277,3308463.9
2022-03-23,GFCL,633,633,608,610,5310,3252874
2022-03-24,GFCL,600.1,612,588,588,11951,7146375.7
2022-03-27,GFCL,588.1,588.1,557,565,27105,15394315.6
2022-03-28,GFCL,555.1,575,555.1,562,5170,2905291.9
2022-03-29,GFCL,562,573,558.4,569,6820,3842587
2022-03-30,GFCL,569,589,560,588,11824,6811136.7
2022-03-31,GFCL,590,594,565,567.2,13399,7738488.5
2022-04-03,GFCL,556.1,565,553.1,560,10178,5658943.3
2022-04-04,GFCL,550.1,566,550.1,556,3803,2112882.3
2022-04-05,GFCL,551.1,552.1,535,539,18881,10222365.2
2022-04-06,GFCL,534.2,543.5,522,530,9334,4964910.49
2022-04-07,GFCL,540,544.9,530,539,7182,3868853.6
2022-04-11,GFCL,549.7,560,526,528,9895,5332829
2022-04-12,GFCL,519,530,510,518,8964,4630301.8
2022-04-13,GFCL,509,527.4,500,522,10600,5486865.2
2022-04-17,GFCL,523,523,511.6,515,4610,2367027
2022-04-18,GFCL,525,525,485,485,15168,7546432.6
2022-04-19,GFCL,493.9,500,467.6,485,6190,3001557.9
2022-04-20,GFCL,485,485,475,475,6223,2980801.5
2022-04-21,GFCL,467,470,446,468,10013,4573165.3
2022-04-24,GFCL,459,514.8,459,514,13850,6838246.8
2022-04-25,GFCL,510,524,492.1,507.8,9675,4915551.2
2022-04-26,GFCL,509,509,490.2,498,4182,2082980.3
2022-04-27,GFCL,507.9,507.9,485,500,4670,2317110
2022-04-28,GFCL,493.1,510,491,493,6742,3347147.3
2022-05-02,GFCL,494,494,470,470,8511,4059579.1
2022-05-04,GFCL,469.9,473.5,461,465,7244,3374918
2022-05-05,GFCL,456,465.1,440,447.5,8593,3849181.1
2022-05-08,GFCL,441,456.4,430,456.4,3162,1399622.8
2022-05-09,GFCL,462,480,445,451.5,3953,1830028.5
2022-05-10,GFCL,450,468,446,465,6357,2906929
2022-05-11,GFCL,474,485.9,467,479,8883,4251051.2
2022-05-12,GFCL,484,510,480,480,16676,8286474.4
2022-05-17,GFCL,470.4,470.4,453.4,461,6521,3010910.5
2022-05-18,GFCL,456,470,443,467.9,3583,1624570
2022-05-19,GFCL,477.2,477.2,442.1,450.3,4076,1838614.6
2022-05-20,GFCL,442,468.1,442,444.1,1822,822624.8
2022-05-23,GFCL,440,440,425.1,425.1,5974,2583156.5
2022-05-24,GFCL,429,450,426,433.9,4685,2042540.5
2022-05-25,GFCL,440,450,438,444,3790,1687797
2022-05-26,GFCL,451.8,451.9,440,443,1504,664838.5
2022-05-27,GFCL,440,448,430,446,11960,5208879
2022-05-30,GFCL,445,445,426.5,435,1444,627082.7
2022-05-31,GFCL,427,440,425,429,4150,1779236.3
2022-06-01,GFCL,435,435,424,427,5941,2551970.5
2022-06-02,GFCL,432,435,422.1,425,3307,1421824.9
2022-06-03,GFCL,420,425,418,418.2,3945,1657043.2
2022-06-06,GFCL,422,429.9,416,420,7682,3256565.5
2022-06-07,GFCL,425,426.5,412,416,10606,4428343.6
2022-06-08,GFCL,424.3,444.7,416,440,7778,3317712.5
2022-06-09,GFCL,432.1,448,423,423,8354,3615513.2
2022-06-10,GFCL,414.6,426,411,411,2543,1058147.4
2022-06-13,GFCL,404.1,418,403.3,411.5,3830,1561337.5
2022-06-14,GFCL,405,410,396.9,404.4,5735,2301063.5
2022-06-15,GFCL,412.4,412.4,396.1,400,4403,1764506.4
2022-06-16,GFCL,403,408,400,400,5190,2095065.3
2022-06-17,GFCL,400,400.8,393,396,573,227364
2022-06-19,GFCL,392,392,382,382,4491,1737363.6
2022-06-20,GFCL,376,377,363.1,372,7826,2877175.4
2022-06-21,GFCL,375,394,375,382,3182,1224186.5
2022-06-22,GFCL,375,380.2,373,375,3771,1417480.6
2022-06-23,GFCL,370,370,360,365,5561,2031471.5
2022-06-24,GFCL,360,377,358,375,2448,903848
2022-06-26,GFCL,382,405,380,404,6998,2737218.8
2022-06-27,GFCL,410,411,391.2,398.9,7408,2965775.4
2022-06-28,GFCL,391,398.8,382,389.9,4732,1830577.3
2022-06-29,GFCL,392,408,385.5,406,6898,2740159.8
2022-06-30,GFCL,414,442.9,410,432,9254,3944264.7
2022-07-01,GFCL,439.9,445,415.6,434,4856,2113340.8
2022-07-03,GFCL,434,449.9,425.4,448,18273,8035556.5
2022-07-04,GFCL,456,492.8,446,460,44039,20683790.7
2022-07-05,GFCL,450.9,478.5,433,442,23106,10493597.9
2022-07-06,GFCL,434,465,426,450,16094,7103200.4
2022-07-07,GFCL,459,470.2,450,453,22015,10150346.3
2022-07-08,GFCL,455,487,435.3,438,25729,11480933.3
2022-07-11,GFCL,444,445,423,431,18413,7868942.1
2022-07-12,GFCL,423,444.4,423,436,14346,6209235.3
2022-07-13,GFCL,444,475,440,475,28493,12951940.9
2022-07-14,GFCL,482,496,456.4,494,38237,18591758.8
2022-07-15,GFCL,503,503,480,499,13059,6415572
2022-07-17,GFCL,489.1,506,469.9,490,35442,17172113.8
2022-07-18,GFCL,480.2,498,470.8,485.3,19160,9252032.2
2022-07-19,GFCL,494.5,504.9,486,494,42245,21062086.7
2022-07-20,GFCL,491,510,486,496,23121,11555392.6
2022-07-21,GFCL,491.1,499,483.7,488,10845,5312803.3
2022-07-22,GFCL,479,497.7,470,497.7,15333,7351537.5
2022-07-24,GFCL,487.8,529,486,528.9,72633,36949257.6
2022-07-25,GFCL,535.3,578,525,565,54902,30605435.4
2022-07-26,GFCL,563,573,535,540,40742,22491059
2022-07-27,GFCL,530,570.6,520,558,37737,20694905.8
2022-07-28,GFCL,568,585,547,559,66777,37894478.8
2022-07-29,GFCL,552,570,548.2,561,13086,7312993.8
2022-07-31,GFCL,565.1,569,552.6,552.6,28670,16051077.2
2022-08-01,GFCL,552,596,550,587,139913,81320121.6
2022-08-02,GFCL,598.7,630,598.7,610,146795,90430836.5
2022-08-03,GFCL,622.2,634,589,589.1,69967,42109070
2022-08-04,GFCL,580,599.7,557,560,76874,44061556.2
2022-08-05,GFCL,548.8,567,537.9,548,41268,22672215.4
2022-08-07,GFCL,539,562.9,539,557,40352,22253700.8
2022-08-08,GFCL,568.1,582,550,563.1,55970,31881311.4
2022-08-09,GFCL,568.9,580,535,580,59032,32426833.7
2022-08-10,GFCL,591.6,591.6,535,560,60996,33850480.6
2022-08-11,GFCL,571.2,571.2,537,538,22051,12011815.6
2022-08-14,GFCL,528,541,515.1,525,24149,12667768.3
2022-08-15,GFCL,526,558.7,523,558.7,37766,20450291.8
2022-08-16,GFCL,558,571,535.1,539,47845,26513145
2022-08-17,GFCL,544,550,537,542,16160,8751654
2022-08-18,GFCL,536,560,536,550,28658,15804128
2022-08-21,GFCL,555.3,570,541.5,550,24490,13584643.6
2022-08-22,GFCL,540,557.8,540,551.8,29278,15975537.8
2022-08-23,GFCL,541,557.9,531,549,12284,6745483.2
2022-08-24,GFCL,546,555,543,546.9,13965,7648065.4
2022-08-25,GFCL,537.3,555,536,538,21470,11678288.7
2022-08-26,GFCL,528,537,526.3,526.5,20993,11100621.2
2022-08-28,GFCL,516.6,527.9,497,498,33110,16919303.2
2022-08-29,GFCL,491.1,512.9,491.1,507,18102,9074576.4
2022-08-30,GFCL,515,517,504.7,504.7,7970,4059986.2
2022-08-31,GFCL,510,514.6,495,495,7625,3803812.5
2022-09-01,GFCL,499.9,517,483,495,19895,9858667
2022-09-02,GFCL,485.1,510,485.1,495.3,5492,2736858.5
2022-09-04,GFCL,504,504,496,499,6930,3468387.3
2022-09-05,GFCL,491,506,491,493,4292,2133284.9
2022-09-06,GFCL,486.1,495,484,484,8053,3920674.7
2022-09-07,GFCL,484,488.9,471.4,476.7,9497,4521935.8
2022-09-08,GFCL,486,495,465.5,475,7567,3599362.2
2022-09-11,GFCL,484,484.5,470,470,7231,3448515
2022-09-12,GFCL,461.1,473.9,455,466,11922,5501480.7
2022-09-13,GFCL,475,477,465,473,11750,5549458.7
2022-09-14,GFCL,479,502,474,498.7,21571,10576672.2
2022-09-15,GFCL,508,508.6,470,479,12463,6005197.4
2022-09-16,GFCL,470,470,444,465,14596,6668094.3
2022-09-18,GFCL,456,464.4,448.2,448.2,9252,4196593.1
2022-09-20,GFCL,440,445,426,426,18298,7943426
2022-09-21,GFCL,426,440,426,434,6694,2899535.6
2022-09-22,GFCL,433,440,428.1,432,6633,2866313.5
2022-09-25,GFCL,430,430,419,419,5212,2211735.5
2022-09-27,GFCL,427.3,435.8,423.5,428,8675,3738809
2022-09-28,GFCL,421,437,421,432,2300,986937.4
2022-09-29,GFCL,435,435,428.1,433,3915,1689256.5
2022-10-09,GFCL,439,455,437,454,6519,2926882.1
2022-10-10,GFCL,455,462,441,445.9,6572,2943111.6
2022-10-11,GFCL,437.3,448.5,434.1,446,4004,1768501
2022-10-12,GFCL,445,466,436.1,460,12942,5861049.3
2022-10-13,GFCL,469,469,455,465,8323,3847619
2022-10-16,GFCL,465,465.1,447.1,448,6149,2795058.1
2022-10-17,GFCL,456,456,444,445,3955,1770865.5
2022-10-19,GFCL,440,440,429,435,7272,3151921.8
2022-10-20,GFCL,427,436,423.6,424,5782,2470863.5
2022-10-23,GFCL,425,438,425,430,3407,1462708
2022-10-31,GFCL,428,429,420,427,6985,2952594.3
2022-11-01,GFCL,427,453,424,450,10353,4529557.6
2022-11-02,GFCL,459,465,441,450,9164,4172623.8
2022-11-03,GFCL,441,465,441,451,9933,4525466.4
2022-11-06,GFCL,443,474,443,473.9,11940,5551605.4
2022-11-07,GFCL,464.5,497.5,464,476,19812,9568970.8
2022-11-08,GFCL,468,479,460,467.9,9880,4635163.2
2022-11-09,GFCL,458.6,472,440.1,446.9,15337,6957654.7
2022-11-10,GFCL,439,455.8,435,435,9984,4404691
2022-11-13,GFCL,443.7,443.7,432,438.9,3869,1688297.1
2022-11-14,GFCL,430.2,453,430.2,450,5000,2210389.5
2022-11-15,GFCL,442.5,459,437,444.9,8996,4023553.7
2022-11-16,GFCL,438,453,438,452,5187,2322768.1
2022-11-17,GFCL,443.1,467,443.1,461,9371,4321874.4
2022-11-22,GFCL,470.2,479.6,451.1,456.9,7828,3598852.5
2022-11-23,GFCL,448.5,459.9,448.5,458,3211,1462680.8
2022-11-24,GFCL,449,464,449,460,4466,2038906.1
2022-11-27,GFCL,453,475,453,470,9457,4416863.9
2022-11-28,GFCL,479.4,479.4,460,463,10608,4956997.4
2022-11-29,GFCL,455.1,469,455.1,465,6087,2809196.4
2022-11-30,GFCL,455.7,469,455.7,461.2,2110,972389.6
2022-12-01,GFCL,464,469,457,457,6818,3156491.1
2022-12-04,GFCL,459,470,456.7,458,9791,4522622.5
2022-12-05,GFCL,467.1,473.8,444,452.8,10423,4719057.6
2022-12-06,GFCL,446.3,455.2,446,446.2,4895,2193737.8
2022-12-07,GFCL,438.5,449.9,438.5,440,4287,1891901.7
2022-12-11,GFCL,448,448,434.7,434.8,4236,1846555.9
2022-12-12,GFCL,443,447.9,435.1,447.9,8061,3534621
2022-12-13,GFCL,440,448.8,440,446.9,1977,878061.7
2022-12-14,GFCL,440,452.8,440,447,2628,1181038
2022-12-15,GFCL,439,448,439,446.1,3686,1640134.5
2022-12-18,GFCL,437.3,438,430,430,6258,2723276.8
2022-12-19,GFCL,425,447,425,429,1318,569674
2022-12-20,GFCL,437.5,440,433,439,4043,1762355.7
2022-12-21,GFCL,430.5,441,423,423.2,2001,861468.7
2022-12-22,GFCL,422,425,419,419,7177,3022431.9
2022-12-26,GFCL,427.3,449,427.3,445,12058,5298945.3
2022-12-27,GFCL,445,479.9,445,463,22209,10294704.1
2022-12-28,GFCL,472.2,472.2,455.5,456.1,14059,6495341.2
2022-12-29,GFCL,452.5,478,452.5,476,26067,12257695.9
2023-01-01,GFCL,485,490,462.2,479.9,22848,10984330.2
2023-01-02,GFCL,471,486.5,471,484,11406,5481938.4
2023-01-03,GFCL,475,493,472,484,27350,13215460.5
2023-01-04,GFCL,475,498,475,495.9,19217,9443268
2023-01-05,GFCL,504,522,495,515,42231,21385488.5
2023-01-08,GFCL,515,533,503,515,20303,10447335.4
2023-01-09,GFCL,512,550,508,549,42581,22615730.4
2023-01-10,GFCL,559,565,514,520,45234,24556375.3
2023-01-12,GFCL,530,550,498,500,34692,17839007
2023-01-17,GFCL,510,518.8,500,510,10556,5402249.6
2023-01-18,GFCL,518,530,508,512,22030,11432887.5
2023-01-19,GFCL,512,515,502,503,10437,5287441.4
2023-01-23,GFCL,501,520.2,501,505,20223,10336852.8
2023-01-24,GFCL,495,555,495,525.1,31541,16274670.9
2023-01-25,GFCL,535.6,540,524,528,39327,20877627
2023-01-26,GFCL,517.5,529.8,514.1,514.1,9432,4907857.3
2023-01-29,GFCL,505.1,520,505,511.8,8768,4482790.9
2023-01-30,GFCL,512,512,489.1,494,20060,9971947.4
2023-01-31,GFCL,485,500,484.1,485,15432,7556451.7
2023-02-01,GFCL,493,496,485,485,4069,1989487
2023-02-02,GFCL,476.1,498.8,476,479,9665,4674551.9
2023-02-05,GFCL,478,515,471.1,488,10100,4992594.1
2023-02-06,GFCL,481,507,481,490,2130,1047460.8
2023-02-07,GFCL,482,520,482,520,24249,12326709.8
2023-02-08,GFCL,510,530,510,512,14609,7562523.7
2023-02-09,GFCL,512,518.8,502,517,6122,3117627.2
2023-02-12,GFCL,507,507,490.1,492,18861,9344025.1
2023-02-14,GFCL,492,500,490.5,493,7665,3778000.5
2023-02-15,GFCL,485,499,485,490,7598,3751001.7
2023-02-16,GFCL,481,496,481,481.3,8184,3989948
2023-02-20,GFCL,475.1,490.9,474,474.8,8658,4159243.4
2023-02-22,GFCL,484,493,476,490,1982,964391.7
2023-02-23,GFCL,482,482,471,481.9,6140,2918790.7
2023-02-26,GFCL,473,485,463,475,8993,4233950.1
2023-02-27,GFCL,476,481,457,463,8683,4062857
2023-02-28,GFCL,465,470,454.1,462.1,5351,2479317.3
2023-03-01,GFCL,465,471,462.2,467,3591,1669828.2
2023-03-02,GFCL,461.2,469.9,461.2,463,2165,1003869.8
2023-03-05,GFCL,472.2,472.2,446.2,454,3212,1448751.4
2023-03-07,GFCL,454,466,448,448,3181,1459050.5
2023-03-09,GFCL,456.9,466,454,465,4861,2245606.4
2023-03-12,GFCL,474.3,474.3,452,458.3,10875,4992355.8
2023-03-13,GFCL,464,464,449.4,454.8,2156,976577
2023-03-14,GFCL,460.9,469,447.9,469,8714,4011757.7
2023-03-15,GFCL,460,461.7,459.7,461.7,1673,770273.4
2023-03-16,GFCL,452.7,460,448,448,6097,2767347.6
2023-03-19,GFCL,455.9,456.9,450,455,4150,1887958
2023-03-20,GFCL,458,469,455,469,5199,2396833.5
2023-03-22,GFCL,471.9,472,450,459,6227,2900722
2023-03-23,GFCL,455,458.4,450,452,4075,1838124.6
2023-03-26,GFCL,452,452,443.1,448.5,2756,1227777.1
2023-03-27,GFCL,454.9,455,445.9,454,2804,1268913.9
2023-03-28,GFCL,454,466,451,454,4847,2225617
2023-03-29,GFCL,447,458,447,458,1833,830651
2023-03-30,GFCL,458.2,458.2,449,454.9,2444,1103012.4
2023-04-02,GFCL,450,450,442.1,447,3320,1479557.9
2023-04-03,GFCL,440.1,440.1,434,435,4838,2115651.3
2023-04-04,GFCL,428,448,428,448,2250,983542.5
2023-04-05,GFCL,441,444.5,439.1,444.5,1481,651904.6
2023-04-06,GFCL,436,440,430.2,435,2377,1034562.3
2023-04-09,GFCL,435,443.6,426.3,426.5,3488,1506556.4
2023-04-10,GFCL,435,435,422.1,429.9,176,75323.8
2023-04-11,GFCL,435,446,422,442,2910,1259615.7
2023-04-12,GFCL,446.9,472.8,446.9,472,18501,8593520.1
2023-04-13,GFCL,479.5,479.5,467,467,10301,4820873.5
2023-04-16,GFCL,470,470,453,462.9,2200,1015079.2
2023-04-17,GFCL,455.6,464.9,446.5,464.9,2255,1020875.9
2023-04-18,GFCL,455.7,460,450,460,494,224384.8
2023-04-19,GFCL,455.7,455.7,449,454,7560,3415695
2023-04-20,GFCL,455,457,446,450,1894,851817
2023-04-23,GFCL,441,442,424,424,16605,7186005
2023-04-24,GFCL,417.1,430.9,417.1,427.1,5246,2240959.6
2023-04-25,GFCL,425,433,422.3,433,2337,994881.5
2023-04-26,GFCL,426.1,442,426.1,437,1590,690283.9
2023-04-27,GFCL,428.5,433,428.5,429.1,3546,1524768.2
2023-04-30,GFCL,429,434.7,423.5,423.5,3632,1547810
2023-05-02,GFCL,422,429.9,422,429.9,1541,651667.1
2023-05-03,GFCL,422,429,422,425,813,345158
2023-05-04,GFCL,417.1,427.4,417.1,427.4,685,290434
2023-05-07,GFCL,420,433,420,433,2670,1131037.3
2023-05-08,GFCL,424.5,425,417.1,425,1811,761979.5
2023-05-09,GFCL,416.5,433.5,411.1,430.5,1255,539690.5
2023-05-10,GFCL,421.9,430,421.9,428.9,1076,455176
2023-05-11,GFCL,420.4,428.9,420.4,428.7,1830,770470.5
2023-05-14,GFCL,421,421,413,413,1969,817387
2023-05-15,GFCL,405.3,418,405.1,418,1301,529530.9
2023-05-16,GFCL,409.7,420,409.7,420,775,320735
2023-05-17,GFCL,412.1,428.7,412.1,428.6,479,203450.6
2023-05-18,GFCL,425,440,425,435,2450,1069967
2023-05-21,GFCL,430,448,424,432,5017,2171022.7
2023-05-22,GFCL,432,461.5,428,458.9,20093,9034116.8
2023-05-23,GFCL,468,468,449,462.6,9242,4252883.9
2023-05-24,GFCL,460,465.1,454.5,465.1,7359,3403084
2023-05-28,GFCL,455.8,468.5,451,460,12107,5567478.3
2023-05-30,GFCL,450.8,459,434,441,10946,4811847.9
2023-05-31,GFCL,433,435,420.1,422.1,9571,4091532.3
2023-06-01,GFCL,425.1,437,422.9,437,1260,539166.6
2023-06-04,GFCL,445.7,450,437.1,446,5437,2428719.8
2023-06-05,GFCL,441.1,445.9,432.1,432.1,6423,2822612.6
2023-06-06,GFCL,434,442.6,427.1,435,9481,4129737.4
2023-06-07,GFCL,443,450,440,440,74090,32709691.4
2023-06-08,GFCL,445,459,438,452,29796,13290299.9
2023-06-11,GFCL,455,480,455,469,73049,34601088.5
2023-06-12,GFCL,469,472,453,460,30752,14153539.3
2023-06-13,GFCL,452,475.9,450.8,460,30749,14190705.6
2023-06-14,GFCL,460,465,450,451,24846,11322922.6
2023-06-15,GFCL,451,459,450,455,10275,4657578
2023-06-18,GFCL,464.1,464.1,451,460,28230,12905063.9
2023-06-19,GFCL,461.1,496.7,461.1,478,53033,25437390.2
2023-06-20,GFCL,487,487.5,456,460,26370,12420426
2023-06-21,GFCL,460,470,451,452,10915,5021019.6
2023-06-22,GFCL,459,461,444,444,11508,5174877.9
2023-06-25,GFCL,452.7,488,450,475,36281,17163040.9
2023-06-26,GFCL,484,510,475,485,43801,21589625.6
2023-06-27,GFCL,494.6,518,493,511,40220,20333648.3
2023-06-28,GFCL,502,503,490,492,15312,7582751.7
2023-07-02,GFCL,484,499,480.2,480.2,28172,13791365.9
2023-07-03,GFCL,489,490,466,469,15933,7608767
2023-07-04,GFCL,478,487,467.5,475.8,5260,2486838
2023-07-05,GFCL,466.5,485.3,466.3,472.5,9739,4615095.7
2023-07-06,GFCL,466,473,457,472,7597,3544947.3
2023-07-09,GFCL,481,488,472.1,482.8,19786,9484240.4
2023-07-10,GFCL,487,492,483.5,491.9,28715,14021799.1
2023-07-11,GFCL,492,520,490,506.7,35285,17919724.7
2023-07-12,GFCL,516,525,495,497,25796,12995316.6
2023-07-13,GFCL,487.3,503,482,482,16358,8002401.8
2023-07-16,GFCL,473,491.5,473,483,7572,3638158
2023-07-17,GFCL,476.1,508,476.1,508,41296,20678284.5
2023-07-18,GFCL,508,518,498,515.3,57270,29254361.9
2023-07-19,GFCL,507.4,525,506.1,519,47721,24538121
2023-07-20,GFCL,519,519,507.4,516.9,43616,22301486.8
2023-07-23,GFCL,523.4,530,512,525,23877,12446276.4
2023-07-24,GFCL,515,519,506,515,74794,38256277.2
2023-07-25,GFCL,511,512,498,502,17313,8718253.6
2023-07-26,GFCL,492.2,511.7,492.2,504,9687,4880760.3
2023-07-27,GFCL,514,514,488,492.9,18510,9197332
2023-07-30,GFCL,502.7,502.7,477,488,35069,17056368.2
2023-07-31,GFCL,480.3,496.5,478,490,18199,8824511.3
2023-08-01,GFCL,495,495,470,477,11989,5709233.7
2023-08-02,GFCL,484.6,493,468,493,10756,5115917.5
2023-08-03,GFCL,502.8,512,471,474,19346,9319312.6
2023-08-06,GFCL,472,472.5,451,460,13311,6151866
2023-08-07,GFCL,459,472,442.1,468,12955,5963348.7
2023-08-08,GFCL,460.3,460.5,450,453.9,5905,2682213.4
2023-08-09,GFCL,444.9,470,432,468.7,19105,8532243.7
2023-08-10,GFCL,478,478,445.1,469,12256,5621025.2
2023-08-13,GFCL,462,470,455,457,6433,2970875.9
2023-08-14,GFCL,455,464,450.2,457,7337,3339981.8
2023-08-15,GFCL,447.9,456,441,443,7177,3206235.6
2023-08-16,GFCL,438,447,438,440,9346,4146473.8
2023-08-17,GFCL,435.2,455,435.2,445,3942,1758620.2
2023-08-20,GFCL,443,452.8,438,446.7,6409,2843415
2023-08-21,GFCL,437.8,445,437.8,444,1776,780427
2023-08-22,GFCL,436,449.9,436,449.9,3675,1630310
2023-08-23,GFCL,445,455,445,453,3121,1409081.4
2023-08-24,GFCL,444,452.7,436,447,7975,3519403.6
2023-08-27,GFCL,439,445,435,435,3816,1670244.2
2023-08-28,GFCL,439,445,430.3,432,9188,3995024
2023-08-29,GFCL,425,438,425,436,5498,2357487.8
2023-08-30,GFCL,435,435,428.1,428.1,3640,1565257.1
2023-09-03,GFCL,430,435,420,427,4963,2112073
2023-09-04,GFCL,427,435,421.3,427,3080,1318592.9
2023-09-05,GFCL,433.9,433.9,420,420,1458,616023.1
2023-09-07,GFCL,428,428,413,417,3811,1583219
2023-09-10,GFCL,420,420,414.5,420,2559,1072685.1
2023-09-11,GFCL,425,480,421,435,3872,1679836.3
2023-09-12,GFCL,440,440,422.6,424,2007,857444
2023-09-13,GFCL,420.2,439.8,420.2,437,3929,1705115.9
2023-09-17,GFCL,429,437,416,428.9,6488,2775911.8
2023-09-18,GFCL,434,434,421.1,430,315,134824.5
2023-09-19,GFCL,430.1,434.9,422,430,1777,757101.6
2023-09-21,GFCL,438.6,473,438.6,470,18222,8299985
2023-09-24,GFCL,460.6,470,450,451,5275,2393363.4
2023-09-25,GFCL,446.2,460,446.2,446.3,3477,1568318.3
2023-09-26,GFCL,455.2,464.3,449,456,4995,2262102
2023-09-27,GFCL,451,455,441.1,448.9,6657,2971528.8
2023-10-01,GFCL,444,444,435,435,5225,2292253
2023-10-02,GFCL,426.5,444,426.5,440,2321,1013499.5
2023-10-03,GFCL,433.1,440,433,439,1861,811261
2023-10-04,GFCL,431,446,431,436.1,1756,771581.2
2023-10-05,GFCL,436.1,437,429,431,4312,1863888
2023-10-08,GFCL,439.6,439.6,424,424,5019,2144934.5
2023-10-09,GFCL,430,437.9,423.4,431,5372,2310995.3
2023-10-10,GFCL,425.3,430,401,424.9,12605,5242271.2
2023-10-11,GFCL,425,431.9,419.5,425,2205,931144.8
2023-10-12,GFCL,419,425,390,413,17975,7243835.3
2023-10-16,GFCL,406,414,399,399,21821,8870666.2
2023-10-17,GFCL,406.9,423.3,390,412,11681,4637159.7
2023-10-18,GFCL,417,419.5,406,408.1,6043,2479306.4
2023-10-19,GFCL,400,412,400,409,2670,1089398
2023-10-29,GFCL,402,406,387.1,397,9413,3704187.8
2023-10-30,GFCL,390.2,403,390.2,396,1499,590546.5
2023-10-31,GFCL,396,396,395,395,524,207061
2023-11-01,GFCL,395,402,390,390.1,7021,2758282.9
2023-11-02,GFCL,397,397,389,392,5988,2337207.5
2023-11-05,GFCL,392,392,383,385,6161,2371235.8
2023-11-06,GFCL,387,394,387,390,2078,808423.5
2023-11-07,GFCL,397.8,397.8,389.1,390,1454,569162.3
2023-11-08,GFCL,385,394.4,385,394.2,2243,871492.4
2023-11-09,GFCL,387.1,387.1,375,382,4642,1764101.2
2023-11-20,GFCL,380,400.5,380,395,3638,1420803.2
2023-11-21,GFCL,394,394,385,385,4953,1921565.4
2023-11-22,GFCL,378.1,399,378.1,399,1373,527481.8
2023-11-23,GFCL,393,402.7,393,400,1716,686229
2023-11-26,GFCL,400,429,400,428,11303,4737774.1
2023-11-27,GFCL,428,428,412,420,1785,741752.8
2023-11-28,GFCL,428,436,412,425,2130,895476
2023-11-29,GFCL,419.1,419.9,411.3,415,1117,462584.3
2023-11-30,GFCL,410,410,401,401,710,286922
2023-12-03,GFCL,395,406.9,393.2,405,2461,977179
2023-12-04,GFCL,405,409.9,390,401.8,3945,1576254.9
2023-12-05,GFCL,394,400,394,398.9,734,292095.4
2023-12-06,GFCL,391.1,399,391.1,395.5,1957,772662.4
2023-12-07,GFCL,390,410,388,398.3,1777,706002
2023-12-10,GFCL,406.2,430.9,406.2,430.9,50,20801
2023-12-11,GFCL,423,439,422.3,431.5,9897,4220932
2023-12-12,GFCL,422.9,446.6,420,446.6,26639,11626062.9
2023-12-13,GFCL,455,455,430.3,446.7,11160,4949469.2
2023-12-14,GFCL,437.8,446,430,435,8349,3650384.1
2023-12-17,GFCL,426.6,440,421.1,430,13412,5806317.8
2023-12-18,GFCL,438.6,472,438.6,469,45967,21179201.2
2023-12-19,GFCL,459.7,473.3,452,467,18732,8650489.6
2023-12-20,GFCL,472,475,452,470,46749,21662305.7
2023-12-21,GFCL,461,469,453.2,453.2,14946,6856226
2023-12-24,GFCL,444.2,451.9,437,438,17765,7889976.5
2023-12-27,GFCL,440,440,423,437,14402,6221124.6
2023-12-28,GFCL,440,444,431.1,436,3220,1408610.3
2024-01-01,GFCL,443,444,427.7,427.8,11050,4805096.9
2024-01-02,GFCL,430,435,417,428,13781,5871494
2024-01-03,GFCL,428,438,428,434.9,7006,3021373
2024-01-04,GFCL,443.4,443.4,424,424,10637,4591759
2024-01-07,GFCL,415.8,440,415.8,425,4070,1716850.2
2024-01-08,GFCL,433,433,424.5,430,10272,4398664.7
2024-01-09,GFCL,438,449,437.1,444,16937,7484066
2024-01-10,GFCL,452.7,461.7,439,448,26476,11882054
2024-01-11,GFCL,442,449.9,436.1,446,6335,2791603
2024-01-14,GFCL,453,455.1,441,447.9,13339,5981774.1
2024-01-16,GFCL,454,486,454,481,61728,29404594.6
2024-01-17,GFCL,490,490,460.1,462.1,56253,26859517
2024-01-18,GFCL,465,467,453,464,15347,7054180.6
2024-01-21,GFCL,460,470,448,455,13710,6283764.1
2024-01-22,GFCL,450,458,442,449,9943,4455776.2
2024-01-23,GFCL,445,448.6,440,444.3,8069,3568109.7
2024-01-24,GFCL,438,452,438,440,17766,7905325.3
2024-01-25,GFCL,431.2,446.9,431.2,443.9,10497,4619329.5
2024-01-28,GFCL,451,452,431.2,440,5822,2554551
2024-01-29,GFCL,440,446,440,444,5809,2568125
2024-01-30,GFCL,437.2,453,437.2,445,5649,2520253
2024-01-31,GFCL,440,448.5,436.1,436.1,7746,3409605.4
2024-02-01,GFCL,431,444.8,427.5,431.6,14113,6164555.5
2024-02-04,GFCL,425,443,425,433.4,6212,2707818
2024-02-05,GFCL,441,442,435.1,441,9620,4221385.8
2024-02-06,GFCL,433,448,433,443.5,4720,2072984
2024-02-07,GFCL,444,444,439,441.6,6942,3056487.6
2024-02-08,GFCL,436,441.6,433,441.5,5035,2203918.8
2024-02-11,GFCL,444,445,436,440,11988,5281616.2
2024-02-12,GFCL,445,453.9,440.2,445,7718,3432982.9
2024-02-13,GFCL,437.2,440,435,438.5,11045,4827344
2024-02-14,GFCL,440,473.8,440,465,51773,23884921
2024-02-15,GFCL,456.8,465,448.3,450,27246,12513368.8
2024-02-18,GFCL,450,458,435,435,18233,8040509.6
2024-02-20,GFCL,430.5,443.7,430.5,442.9,10469,4594397.7
2024-02-21,GFCL,442.1,442.1,435,435.2,5450,2388087
2024-02-22,GFCL,435.8,452,433.6,437.3,22240,9821802.8
2024-02-25,GFCL,434,452.4,433.7,443.9,15700,6955327.5
2024-02-26,GFCL,443,449.9,437,439,4284,1888949
2024-02-27,GFCL,439.1,446.7,435.3,437.3,4831,2118511.9
2024-02-28,GFCL,439,445.9,432,436,11794,5122141.2
2024-02-29,GFCL,438.9,438.9,426,426.1,9908,4242577
2024-03-03,GFCL,426.1,427,419,421.3,11732,4985598
2024-03-04,GFCL,429.7,445,429,445,4104,1770697
2024-03-05,GFCL,453.9,453.9,429.1,437.7,11032,4835159.9
2024-03-06,GFCL,435,445,427.1,444,13466,5863371.7
2024-03-07,GFCL,440,451.5,438.1,442,9143,4051319.2
2024-03-10,GFCL,447.9,451.7,443.4,443.4,10471,4681847.8
2024-03-12,GFCL,452,460,450,453.1,10822,4906830.6
2024-03-13,GFCL,455.1,470,453.1,464,21041,9768818
2024-03-14,GFCL,470.9,473.2,456.1,464,24787,11543327.6
2024-03-17,GFCL,460,470,460,469.7,10350,4826027.3
2024-03-18,GFCL,473.9,474,462.7,467.9,7813,3647257.9
2024-03-19,GFCL,473,494,473,478.1,49870,24062122.9
2024-03-20,GFCL,475.1,483,467.1,472,24327,11484279.6
2024-03-21,GFCL,474,487,469,476,22624,10848642.5
2024-03-25,GFCL,476,476,461.2,472,6355,2972696.3
2024-03-26,GFCL,474,474,464,468,8327,3910478.8
2024-03-27,GFCL,475,475,458.7,460,8188,3779901.9
2024-03-28,GFCL,461,462,453.2,460,8279,3788571.1
2024-03-31,GFCL,455,457.6,450,456.9,7987,3613256
2024-04-01,GFCL,460,460,445.2,450.9,5368,2414726.4
2024-04-02,GFCL,450.9,451,445.3,447.4,2779,1245956.6
2024-04-03,GFCL,450,454.9,445.6,448,3348,1502500.3
2024-04-04,GFCL,448,455.5,445.1,452,8428,3781350.6
2024-04-07,GFCL,461,484.5,455.4,482,28479,13490497.1
2024-04-09,GFCL,490,500,481.2,494.9,54123,26680792
2024-04-10,GFCL,504,504,474,474,47589,23215164
2024-04-14,GFCL,470,476,466,468.9,19718,9294374.7
2024-04-15,GFCL,462,474,458,463,7719,3598035.3
2024-04-16,GFCL,463,465,446.4,451.7,14723,6661171.1
2024-04-18,GFCL,453.1,459,442.7,447.7,18441,8316539.9
2024-04-21,GFCL,441,453.9,439,448,13244,5906842.1
2024-04-22,GFCL,440.1,447,438,440,10328,4558506.3
2024-04-24,GFCL,447.8,459.9,439,445.8,14397,6465580.5
2024-04-25,GFCL,454,470,453,457,28274,13008993.4
2024-04-28,GFCL,458.1,479.8,449.9,472,39149,18460399.5
2024-04-29,GFCL,464,492,464,486.5,49212,23586999.5
2024-04-30,GFCL,492,511,489,489,147235,73870937
2024-05-02,GFCL,485,493.9,475.3,475.3,31494,15249064.1
2024-05-05,GFCL,466.1,484,461,463.9,25333,11885442.7
2024-05-06,GFCL,469,469,453.3,458.9,10975,5012417.5
2024-05-07,GFCL,462,464,449.8,453.9,19922,9047074.6
2024-05-08,GFCL,456.5,468,451.2,468,22955,10493268.6
2024-05-09,GFCL,475.9,475.9,465,469,17070,7997865.4
2024-05-12,GFCL,469.9,469.9,462,462.9,13531,6274440.6
2024-05-13,GFCL,463.2,469,459.6,460,12782,5900309.2
2024-05-14,GFCL,458,467.1,456,466.4,17251,7996596.5
2024-05-15,GFCL,465,470.9,457,457,13759,6351955.5
2024-05-16,GFCL,460,464,450.1,456.8,13830,6298375.6
2024-05-19,GFCL,465.9,467.7,446,467.7,53946,24429261.6
2024-05-20,GFCL,473,473,457,458,12984,6012103.6
2024-05-21,GFCL,460.5,475,460.5,473,22442,10526264
2024-05-22,GFCL,482.4,482.4,460,464,10898,5069227.1
2024-05-26,GFCL,455.1,469.9,455.1,462.9,5194,2407821.3
2024-05-27,GFCL,467,467,457.7,460,10673,4921791.7
2024-05-29,GFCL,469.2,469.2,450.3,452,10652,4846213.8
2024-05-30,GFCL,455,459.9,450,458,16547,7535862.5
2024-06-02,GFCL,458,470,456,464.9,24839,11534601.1
2024-06-03,GFCL,467,479,464.6,469,27914,13165466.8
2024-06-04,GFCL,478.3,478.3,460.1,466.8,25341,11860511.4
2024-06-05,GFCL,466.8,475,463.4,467.8,14509,6801820
2024-06-06,GFCL,477.1,477.1,460.3,462,14339,6646329.2
2024-06-09,GFCL,462,468.9,454,454,13660,6270761.1
2024-06-10,GFCL,446,471,446,464,17557,8126402.1
2024-06-11,GFCL,473,473,465,469.6,16252,7605041
2024-06-12,GFCL,465,483,465,483,33374,15773729
2024-06-13,GFCL,485,531.3,478,525.7,195627,101211854.5
2024-06-16,GFCL,536.2,545.1,515,519,57517,30533828
2024-06-18,GFCL,528.9,528.9,506,513,31060,15981454.9
2024-06-19,GFCL,513,536.5,511,520.6,60748,31656784.6
2024-06-20,GFCL,517.3,572.1,517.3,549,150375,82840456.6
2024-06-23,GFCL,538.1,580.3,538.1,580.3,142850,80363517.6
2024-06-24,GFCL,590,630,581,613,148320,89386470.2
2024-06-25,GFCL,613,623.9,579,589.9,68953,40960130.3
2024-06-26,GFCL,578.2,635,578.2,617.3,246054,151649637.4
2024-06-27,GFCL,620,627.9,599,599,61498,37694487.1
2024-06-30,GFCL,598,619.3,587,588,118836,71592165.8
2024-07-01,GFCL,577,634,565.1,610,116411,68679930.1
2024-07-02,GFCL,622.2,660.1,603,645,174026,111006246.5
2024-07-03,GFCL,632.1,686,632.1,684.9,158548,106140643.2
2024-07-04,GFCL,684.9,690,645,677.9,162866,108878022.7
2024-07-07,GFCL,664.4,669.9,633,633,178692,115926882.3
2024-07-08,GFCL,635,644.6,627,629.8,93903,59644298.28
2024-07-09,GFCL,617.3,645,617.3,626,75600,48024186.2
2024-07-10,GFCL,638,659.9,630.1,655,110515,71593673.9
2024-07-11,GFCL,641.9,665,629.1,630,75644,49204268
2024-07-14,GFCL,642.6,667,637,637,51061,32959392
2024-07-15,GFCL,649.7,652.8,603,627,101925,64204929.2
2024-07-16,GFCL,639.5,640,620,636,58511,37049832.4
2024-07-17,GFCL,645,670,640,666,65162,42649483.1
2024-07-18,GFCL,669.8,685,650,650,114795,76338019.2
2024-07-21,GFCL,658.9,665,646,664,93293,61286934.5
2024-07-22,GFCL,664.9,668.8,646.9,650.4,64513,42544103.9
2024-07-23,GFCL,663.4,696,652.1,682.1,109093,73694277.2
2024-07-24,GFCL,682.1,714,673,699.9,153414,107409040.3
2024-07-25,GFCL,688,764,688,725,116201,84423888.7
2024-07-28,GFCL,739.5,739.5,707.1,727.9,77704,56071342
2024-07-29,GFCL,742.4,800.6,716,769,185882,140636905.5
2024-07-30,GFCL,779.8,808,763,795.4,105618,83506681.8
2024-07-31,GFCL,809,855,795,848.5,131794,109867154.8
2024-08-01,GFCL,865.4,880,796.2,812,178486,148657781
2024-08-05,GFCL,828.2,828.2,770.8,777,211363,167508230.4
2024-08-06,GFCL,761.5,780,700,726,267562,198655605
2024-08-07,GFCL,736,798.6,711.5,798.6,142374,110400669.6
2024-08-08,GFCL,814.5,877,814.5,836,192559,162806668
2024-08-11,GFCL,836,914.8,819.3,890,221802,191836444.3
2024-08-12,GFCL,900,975,900,973.5,162472,155450793
2024-08-13,GFCL,992.9,1070.8,992.9,1070.8,231251,244844822.6
2024-08-14,GFCL,1092.2,1177.8,1092,1177.8,160901,188484130.8
2024-08-15,GFCL,1201,1295,1078.2,1150,271498,320162464.8
2024-08-18,GFCL,1127,1244,1050,1111,314677,347888586
2024-08-21,GFCL,1133.2,1205,1125.3,1192.6,216898,253219362
2024-08-22,GFCL,1215,1300,1188,1216,191568,238483000.8
2024-08-25,GFCL,1191.7,1264,1169.9,1194,263165,316653142.3
2024-08-27,GFCL,1200,1234,1160,1170,190356,229142842.6
2024-08-28,GFCL,1193.4,1217,1108,1125,111310,128976121.8
2024-08-29,GFCL,1147.5,1228.7,1090.1,1178,329072,376559711.3
2024-09-01,GFCL,1201.5,1273,1201.5,1230,419230,523110492.8
2024-09-02,GFCL,1254.3,1353,1160,1330,373072,465251900.4
2024-09-03,GFCL,1303.4,1326,1225,1260,232209,295410637
2024-09-04,GFCL,1234.8,1270,1150,1150,197053,236332819.6
2024-09-05,GFCL,1155,1265,1068.2,1240,266128,299679162.7
2024-09-08,GFCL,1215.2,1340.8,1116,1165,285786,337402706.7
2024-09-09,GFCL,1141.7,1250,1090,1114,177364,199668098.9
2024-09-10,GFCL,1091.8,1132,1030.7,1079.6,127328,138109179.07
2024-09-11,GFCL,1079.6,1098,1048.7,1079,141136,151803909.4
2024-09-12,GFCL,1080,1118,1065,1110,119064,131026596.4
2024-09-15,GFCL,1087.8,1201.1,1040,1049,142104,155086402
2024-09-16,GFCL,1040,1059,944.1,945,131976,129567693.8
2024-09-18,GFCL,963.9,963.9,880,881,142810,128263959.9
2024-09-22,GFCL,898.6,929,866,870,54630,48711283.7
2024-09-23,GFCL,870,870,783,783,136164,109201078.8
2024-09-24,GFCL,798.6,806.9,752.1,761,96501,74374810.2
2024-09-25,GFCL,761,816,750,814.8,71091,56162741.4
2024-09-26,GFCL,813,850,809.8,811,122909,101820809.3
2024-09-29,GFCL,795,825,788,809.9,68488,55292312.4
2024-09-30,GFCL,820,842.5,806.1,842,87235,72079489.8
2024-10-01,GFCL,845,926.2,845,926.2,119328,108112356.8
2024-10-02,GFCL,944.7,1015,937,992,162361,159669109.2
2024-10-06,GFCL,1011.8,1088.9,972.2,1084,145333,151329738.9
2024-10-07,GFCL,1105.6,1159.7,1051,1090,204941,230870337.1
2024-10-08,GFCL,1090,1140,1063,1065,97422,105847579.6
2024-10-09,GFCL,1075,1080.6,1050,1062,86960,92620566.49
2024-10-15,GFCL,1050,1083,1050,1077,168766,180501304.1
2024-10-16,GFCL,1080,1141.3,1065,1114.9,120346,132064892.9
2024-10-17,GFCL,1092.7,1200,1080,1200,164841,183917412.3
2024-10-20,GFCL,1176,1176,1080,1099.1,408974,450701630.8
2024-10-21,GFCL,1077.2,1097.8,1034,1037,134185,142449243.2
2024-10-22,GFCL,1030,1085,1021,1045.1,164405,173241464.2
2024-10-23,GFCL,1045,1098,1040,1062.9,172659,183487965.5
2024-10-24,GFCL,1062.9,1078.8,1010,1015,75135,77515851
2024-10-27,GFCL,1017.1,1034.8,999.1,999.1,83007,83964920.9
2024-10-28,GFCL,1018,1049,1002,1047.9,65975,68000192.1
2024-10-29,GFCL,1064,1079,1032,1035,45661,48146595.4
2024-10-30,GFCL,1036,1047,1007,1015.2,65748,66906863.6
2024-11-05,GFCL,1021,1034.9,1000.6,1005,32414,32703490.5
2024-11-06,GFCL,1005,1029.1,995,1020,79323,80847346.2
2024-11-10,GFCL,1010,1060,1010,1049.1,76812,80171569.3
2024-11-11,GFCL,1067,1152.3,1016,1152.3,106698,112566878.2
2024-11-12,GFCL,1129.3,1129.3,1037.1,1044.5,277896,292861206.8
2024-11-13,GFCL,1044.5,1055,1009,1026,77506,80180504
2024-11-14,GFCL,1035,1051,1004,1004,112718,115874557.4
2024-11-17,GFCL,1024,1040,995,1003,81302,82032434.8
2024-11-19,GFCL,1020,1021,980,985,80736,80694411.8
2024-11-20,GFCL,990,1008.7,968,983,56055,55431402.7
2024-11-21,GFCL,999.9,1002.6,957.7,957.7,67373,65562712
2024-11-24,GFCL,960,975,941,941.1,42788,40840864.2
2024-11-25,GFCL,959,964.9,941.2,942,34448,32729870.4
2024-11-26,GFCL,942,980,942,969,38119,36661015.5
2024-11-27,GFCL,979.9,1010,955.5,989.9,94194,93786956.5
2024-11-28,GFCL,990,990,961,961,37469,36387452
2024-12-01,GFCL,960,961,927.1,930,64163,60247015.8
2024-12-02,GFCL,936,948,903,911,68214,63001201.7
2024-12-03,GFCL,911,946,900,918,63759,58923131.3
2024-12-04,GFCL,935.7,935.7,899.7,901,53013,48074825.4
2024-12-05,GFCL,919,919,852,867,77078,67402114.5
2024-12-08,GFCL,870,884,834.4,842,57731,48911303.8
2024-12-09,GFCL,858.8,867,834.1,853,57203,48703998.1
2024-12-10,GFCL,850,861,837.9,844,33667,28501277
2024-12-11,GFCL,854,855.9,840,853,33014,28032285.1
2024-12-12,GFCL,855,860,840,842,29665,25111787.1
2024-12-16,GFCL,842,842,798,800,57525,46642937.2
2024-12-17,GFCL,784,810,784,798,39325,31475360.8
2024-12-18,GFCL,811,820,798,803,42415,34230693.2
2024-12-19,GFCL,804,818,787,787.1,39338,31355904.6
2024-12-22,GFCL,797,802,775,779,34029,26581220.8
2024-12-23,GFCL,794.5,794.5,777,793.5,39779,31115843.9
2024-12-24,GFCL,797,854.8,795,840,90146,75449638.8
2024-12-26,GFCL,830,846,813,814,36868,30577568.8
2024-12-29,GFCL,800.9,825,775.1,777.1,58404,46010607
2024-12-31,GFCL,761.6,777,728.1,764,90274,67663709.1
2025-01-01,GFCL,770,807,765,795,60223,47688491
2025-01-02,GFCL,807.9,807.9,784,798.9,27996,22318385.4
2025-01-05,GFCL,814,814,793.3,799.9,41840,33640532.1
2025-01-06,GFCL,802,814.7,790,795,41723,33240685
2025-01-07,GFCL,810,815,797.1,815,36338,29275319.7
2025-01-08,GFCL,820,867,816,858.8,81164,68824858.7
2025-01-09,GFCL,859,867,830,830,48251,40627643.2
2025-01-12,GFCL,825,826,792,792,43490,35165636.2
2025-01-13,GFCL,791,815,778.3,779,32759,25902284.2
2025-01-15,GFCL,777,790,753.2,756.9,70036,53614764.3
2025-01-16,GFCL,741.8,769.9,716.4,716.4,76186,55690469.6
2025-01-19,GFCL,707.5,752.7,703,723.9,67513,49012528.4
2025-01-20,GFCL,738,741.9,715,717,33576,24277689.6
2025-01-21,GFCL,724,734.9,715.1,717,19553,14093574.5
2025-01-22,GFCL,729.9,740,716,727,32680,23689577.4
2025-01-23,GFCL,727,740,712,717,31772,23015515.8
2025-01-26,GFCL,717,725.1,646,702,129810,89173090.4
2025-01-27,GFCL,688,742,688,732,66655,48377593.2
2025-01-28,GFCL,732,742.1,715.3,721.1,26798,19479881.6
2025-02-02,GFCL,729.9,740,708,727.2,62880,45556696.8
2025-02-03,GFCL,727.2,737,711,715,34058,24617806.7
2025-02-04,GFCL,720,720,701.7,702,33631,23780207
2025-02-05,GFCL,705,760,691,725.9,51229,36798941.9
2025-02-06,GFCL,730,765,726.1,733,85559,63873136.5
2025-02-09,GFCL,736.1,755.1,720,740,46194,34013623.5
2025-02-10,GFCL,740,755,729.3,729.3,26930,19938059.1
2025-02-11,GFCL,738.9,749,720,726,21983,15909408.7
2025-02-12,GFCL,740.5,740.5,722,725,25851,18831773.8
2025-02-13,GFCL,739,745,732.5,736.5,56510,41768559
2025-02-16,GFCL,721.8,799,721.8,794,113622,88008639.8
2025-02-17,GFCL,794,811,768.5,777,53584,42012098.2
2025-02-18,GFCL,785,785,756,759,35681,27253125.6
2025-02-20,GFCL,759,783,745,756,45207,34411140.5
2025-02-23,GFCL,740.9,761,738,746,36842,27558139.8
2025-02-24,GFCL,760.9,760.9,736.1,742,27096,20168327.7
2025-02-25,GFCL,735,749.7,728.1,728.1,36374,26780087.7
2025-02-27,GFCL,742.6,755,713.6,728,36875,26844408.2
2025-03-02,GFCL,742.5,770,740,770,51357,38776142.7
2025-03-03,GFCL,775,796,770,772,62911,49395681.6
2025-03-04,GFCL,772,780,750,754,31720,24329796.7
2025-03-05,GFCL,754,757.9,737.1,744,29193,21684060.4
2025-03-06,GFCL,750,756,737,737.2,16543,12285225.2
2025-03-09,GFCL,750,750,726.1,728,20888,15264139.2
2025-03-10,GFCL,729,742.3,716.4,721.8,23912,17323291.8
2025-03-11,GFCL,727,734.9,705,707.2,27101,19366610.6
2025-03-12,GFCL,711,718,708,710.1,20698,14737047.7
2025-03-16,GFCL,710.1,714,700,707.9,20873,14710611.8
2025-03-17,GFCL,701,720.9,701,705,15655,11102332.1
2025-03-18,GFCL,707.2,716.9,702,704,12066,8531123.3
2025-03-19,GFCL,704,710,692,693,23346,16305622.4
2025-03-20,GFCL,699,699,677,680.41,35551,24296674.9
2025-03-23,GFCL,668,680,656.6,657.36,24668,16384788.7
2025-03-24,GFCL,658,679,648.1,676.45,19636,13094476.3
2025-03-25,GFCL,676.5,676.5,652.1,653.67,22810,15016074
2025-03-26,GFCL,663,667,650,660,14004,9216646.3
2025-03-27,GFCL,663,670,658,665.59,11616,7739725.8
2025-03-30,GFCL,665,680,665,674.9,19716,13312504
2025-04-01,GFCL,675,675,660,661.43,16675,11070053.5
2025-04-02,GFCL,674.5,699,664,683.83,34750,23698637.3
2025-04-03,GFCL,690,697.9,670.3,671.52,26834,18375085.5
2025-04-07,GFCL,683,683,662.1,663.4,14550,9713605.2
2025-04-08,GFCL,660,669,655.1,662.25,14942,9843284.9
2025-04-09,GFCL,675,675,660,661.3,11472,7623166.2
2025-04-10,GFCL,674.5,683.9,660,662.27,12415,8248432.1
2025-04-13,GFCL,655.2,675,655.2,658.9,15436,10209578.2
2025-04-15,GFCL,670,700,660,678.48,31114,21130077.4
2025-04-16,GFCL,680,680,668.4,670.26,10581,7110607.4
2025-04-17,GFCL,680,683.5,666,679.49,24755,16736019.5
2025-04-20,GFCL,680,680.1,667,668.97,13971,9399658
2025-04-21,GFCL,675,675,660,662.19,26183,17352371.4
2025-04-22,GFCL,663,667,654,656.81,15547,10234785.1
2025-04-23,GFCL,657,661,648,653.66,12428,8143247.7
2025-04-24,GFCL,657,659,640,643,16775,10850267.9
2025-04-27,GFCL,649.9,678,634,642.28,25786,16614910.6
2025-04-28,GFCL,644,680,644,665.12,55539,37025916.2
2025-04-29,GFCL,677,677,655.2,662.33,11563,7620230.6
2025-04-30,GFCL,662.3,674,650,651.56,12045,7864135.5
2025-05-04,GFCL,651,656,647.4,647.73,24801,16102850.4
2025-05-05,GFCL,660.6,660.6,639,639.72,16068,10338187.3
2025-05-06,GFCL,640,643,629.1,629.62,29092,18400707.9
2025-05-07,GFCL,628,665,620,653.76,37095,23676996.1
2025-05-08,GFCL,665.4,691,645,675.6,80601,54214624.6
2025-05-11,GFCL,674,685,648.3,655.21,35565,23816134.4
2025-05-13,GFCL,654,667,646,655.57,17741,11614913.5
2025-05-14,GFCL,655,664.9,645,647.54,20443,13297876
2025-05-15,GFCL,650,651,638,640.45,13899,8959864
2025-05-18,GFCL,642.1,654.9,642,651.33,26636,17299290.3
2025-05-19,GFCL,652.3,662.6,646,647.62,11289,7336038.5
2025-05-20,GFCL,645,660,643,656.69,16327,10641057.1
2025-05-21,GFCL,661,701,647.1,648.93,28952,19112490
2025-05-22,GFCL,645.1,660,644.5,647.45,19475,12647409.2
2025-05-25,GFCL,660,663,634.1,640.98,20303,13103733.3
2025-05-26,GFCL,653.7,667,644,645.98,17489,11399148.6
2025-05-27,GFCL,645,648,636.1,637.37,9530,6100139.8
2025-05-28,GFCL,638.6,640,633.1,636.08,11540,7339918.2
2025-06-02,GFCL,648.8,657,637.2,639.5,8757,5614591.4
2025-06-03,GFCL,641,644.9,630.2,634.45,9802,6249128.9
2025-06-04,GFCL,638,640,627.5,629.23,9492,5990714
2025-06-05,GFCL,625.2,638.9,620.5,628.12,20197,12637597.5
2025-06-08,GFCL,621.1,631,620,620.52,18205,11413283.3
2025-06-09,GFCL,625,630,621,621.46,14461,9040493.8
2025-06-10,GFCL,621,664.9,621,652.9,55712,36058118.7
2025-06-11,GFCL,664,665.4,637.1,639.3,40233,26214934.3
2025-06-12,GFCL,648.9,652,636.1,641.84,18160,11704510.8
2025-06-15,GFCL,646,650,635.1,635.93,22391,14325994.1
2025-06-16,GFCL,640,640,628,630.69,13356,8431859.4
2025-06-17,GFCL,630,641.9,624,625.04,13261,8333964.8
2025-06-18,GFCL,637.5,637.5,624.8,629.31,27083,16975560.1
2025-06-19,GFCL,641.4,641.4,620.1,621.36,21102,13155391.5
2025-06-22,GFCL,612,627,612,614.15,12854,7945631.7
2025-06-23,GFCL,622,626.4,606,610.3,12810,7831408.7
2025-06-24,GFCL,615,620,600,602.43,16815,10183740.5
2025-06-25,GFCL,610,614,600,600.33,12295,7403369.8
2025-06-26,GFCL,610,610,597,598.81,11996,7193651.7
2025-06-29,GFCL,605,605,591.5,599.77,17061,10163148.1
2025-06-30,GFCL,600,603,595,599.57,6378,3818385.6
2025-07-01,GFCL,595,614,595,610.16,10195,6151443
2025-07-02,GFCL,612,628.1,611,621.98,29052,17968446.3
2025-07-03,GFCL,634,665,616,647.31,54190,34945265.3
2025-07-06,GFCL,655,685,642.1,667.77,89361,59958649.5
2025-07-07,GFCL,668,670,640,641.74,31850,20730871.4
2025-07-08,GFCL,640,655,630,650.21,23409,15144331.7
2025-07-09,GFCL,651,654.5,639.9,647.94,15701,10159746.6
2025-07-10,GFCL,660.8,660.8,650.1,653.59,16860,11039305
2025-07-13,GFCL,666.6,679,660,668.49,42374,28344274.1
2025-07-14,GFCL,666,679.2,662,675.13,36337,24393816
2025-07-15,GFCL,684,710,672,696.09,98379,68228340.1
2025-07-16,GFCL,709.9,717,703.1,714.37,50552,35979561.9
2025-07-17,GFCL,728.6,729,711.2,724.47,56418,40596364.8
2025-07-20,GFCL,710,724.8,710,710.5,115934,82872420.9
2025-07-21,GFCL,709,717.5,705.1,706.93,58833,41816372.7
2025-07-22,GFCL,719.5,734,715,730.29,56338,40906168.2
2025-07-23,GFCL,732,756.8,717,738.61,61567,45347886
2025-07-24,GFCL,738,750,725,727.53,33090,24197417.2
2025-07-27,GFCL,721,739,700.3,704.47,71629,51364995.7
2025-07-28,GFCL,695,730,695,726.38,57195,40826775
2025-07-29,GFCL,740.9,740.9,720,721.04,28352,20625731.5
2025-07-30,GFCL,718,735,703,705.6,27941,19885591.2
2025-07-31,GFCL,701.2,748.6,695,708.8,78804,56293332
2025-08-03,GFCL,708,730,701.2,702.46,26017,18381460.9
2025-08-04,GFCL,716,716.5,684,694.74,43709,30276306.2
2025-08-05,GFCL,685,705,675,677.07,21386,14624886.2
2025-08-06,GFCL,680,685,665,674.72,16375,11099574
2025-08-07,GFCL,684,685,675,684.02,9921,6773401.6
2025-08-11,GFCL,697.7,697.7,675,676.35,13541,9209488.4
2025-08-12,GFCL,680,680,662.3,664.69,12030,8025117.5
2025-08-13,GFCL,652,677.3,652,661.35,9792,6542585.2
2025-08-14,GFCL,673.9,673.9,653.1,654.55,8407,5535923.9
2025-08-17,GFCL,660.9,661,643,645.89,12277,8001459.1
2025-08-18,GFCL,658,669.9,638.3,644.69,8931,5760853.3
2025-08-19,GFCL,657,657,641,641.62,14371,9264100.4
2025-08-20,GFCL,635.7,654,635.7,640,5836,3750956.6
2025-08-21,GFCL,640,641,631,631.24,11329,7180771.4
2025-08-24,GFCL,625,643.8,625,632.75,4182,2648106.4
2025-08-25,GFCL,630.1,636,624,632.42,8383,5283191.8
2025-08-26,GFCL,635,637.9,628,628,4321,2727077
2025-08-27,GFCL,630,645,630,639.3,9660,6169396.4
2025-08-28,GFCL,642,643.9,630,630.53,8776,5565787.3
2025-08-31,GFCL,632,643,620.4,620.79,6879,4296687.8
2025-09-01,GFCL,630,630,620.1,623.96,7761,4839826.8
2025-09-02,GFCL,623.96,623.96,613,614.64,6572,4057915.4
2025-09-03,GFCL,615,623,610,612.94,7634,4687634.8
2025-09-04,GFCL,625,626,608,609.21,10300,6311999.1
2025-09-07,GFCL,608,616,605,608.4,7681,4678499.3
2025-09-08,GFCL,615,615,597,598.4,12328,7431643
2025-09-18,GFCL,586.5,586.5,550,550,1465,842421.5
2025-09-21,GFCL,550,605,528.3,605,19904,11671687
2025-09-23,GFCL,617.1,650,617.1,640,20737,13257737.1
2025-09-24,GFCL,635,640,611,629,9510,5950267.9
2025-09-25,GFCL,641,641,615,616.1,3964,2444634.2
2025-09-28,GFCL,610,617,609,617,3687,2268563.6
2025-10-07,GFCL,605.1,627,593,627,4864,2978162.5
2025-10-08,GFCL,615.1,621,593,600.1,16301,9790969.2
2025-10-09,GFCL,612.1,637.7,609,612.6,12497,7696033.3
2025-10-12,GFCL,601.4,621,590,597,12513,7555453.7
2025-10-13,GFCL,597,608,591,596.1,10186,6093035.5
2025-10-14,GFCL,593,599,585,585.5,5522,3247705
2025-10-15,GFCL,580,590,574,578,6094,3529502.5
2025-10-16,GFCL,589,589.5,560,561,12064,6820787.4
2025-10-19,GFCL,572,572,561,565,7494,4238595.4
2025-10-26,GFCL,555,560,550,560,4799,2670121.5
2025-10-28,GFCL,569,580,569,575,4418,2526469.8
2025-10-29,GFCL,580,589.9,570,570.1,4724,2717705.8
2025-10-30,GFCL,570.1,580,560.4,573.5,6092,3490400.5
2025-11-02,GFCL,583,600,583,597,19310,11497186
2025-11-03,GFCL,597,623,597,608,15408,9431932.6
2025-11-04,GFCL,605,609,590,598.8,5485,3276821.2
2025-11-05,GFCL,590.1,619,586.1,618.9,11165,6696229.8
2025-11-06,GFCL,627,631,610,616,15088,9376823.2
2025-11-09,GFCL,605.5,607,595,599,7990,4806233
2025-11-10,GFCL,589,608.5,587,591,6383,3769218.8
2025-11-11,GFCL,592,592,579.2,588.7,6646,3888724
2025-11-12,GFCL,578.1,600,571.4,574,8811,5093432.1
2025-11-13,GFCL,562.6,582.5,562.6,580,5028,2908999.53
2025-11-16,GFCL,573.4,575,569,570,10535,6028447
2025-11-17,GFCL,566,580,561.5,576,2145,1230015.3
2025-11-18,GFCL,587,588,577.1,577.1,4798,2799209
2025-11-19,GFCL,579.1,582,575,578,5013,2896450.1
2025-11-20,GFCL,572,580,572,573.1,6080,3490425.6
2025-11-23,GFCL,584,590,574,588,7072,4113816
2025-11-24,GFCL,593,599.8,588.1,599,8541,5077923
2025-11-25,GFCL,600,612,588,598,8062,4831973.1
2025-11-26,GFCL,595,600,590,597,4955,2950614.5
2025-11-27,GFCL,598.8,600,589,590,11137,6606729
2025-11-30,GFCL,590.1,605,585,586,6594,3909744.6
2025-12-01,GFCL,580,595,577.3,590,6504,3794859.3
2025-12-02,GFCL,590,595,583,592,5379,3187616
2025-12-03,GFCL,600,605,590.1,598.9,28075,16824358.4
2025-12-07,GFCL,609.5,609.5,591,594,9001,5396217.8
2025-12-08,GFCL,585.2,600,583.1,594.9,3266,1926000.8
2025-12-09,GFCL,590.1,596,590,595,1691,999660.3
2025-12-10,GFCL,591,591,577.4,580,9505,5559683.1
2025-12-11,GFCL,585,587.5,577,577,5237,3036244.1
2025-12-14,GFCL,588,588,571,573,4853,2786448.1
2025-12-15,GFCL,575,591,571,591,9830,5679202
2025-12-16,GFCL,590,593.9,586,592.5,4455,2623595.4
2025-12-17,GFCL,598.9,600,587,596.7,11085,6601844
2025-12-18,GFCL,598,598,581.2,581.2,12936,7594226.8
2025-12-21,GFCL,581.2,581.2,566.3,570,19831,11321288.3
2025-12-22,GFCL,581.4,581.4,560,569,17335,9790749.6
2025-12-23,GFCL,565,566.1,560,565,15778,8862351.3
2025-12-24,GFCL,568,574,555,556.1,24313,13582298.3
2025-12-28,GFCL,567.2,575,562,574.9,18068,10295832.1
2025-12-29,GFCL,585.9,594.8,579,584.8,30556,17966380.7
2025-12-31,GFCL,589.9,593.7,581,588,8887,5214013.1
2026-01-01,GFCL,591,591,578.2,590,29870,17523599.8
2026-01-04,GFCL,590,595,582,588,21382,12604667.8
2026-01-05,GFCL,593,605,591.5,604.9,46675,28034503
2026-01-06,GFCL,611,648.7,606,637.9,73056,46221637.4
2026-01-07,GFCL,644,650.6,627,638,57024,36451084.5
2026-01-08,GFCL,647.5,647.5,624.5,624.9,46772,29602461.2
2026-01-12,GFCL,625,642,625,632,50818,32233095.4
2026-01-13,GFCL,639.8,639.8,625,628,24583,15454349
2026-01-14,GFCL,630,673,628,664,95147,62639076
2026-01-18,GFCL,660,712,660,710,109933,76296091
2026-01-20,GFCL,724.2,738,691.4,700.1,98589,69955391.4
2026-01-21,GFCL,700,708,676.3,685,46315,31830250.5
2026-01-22,GFCL,685,724,684.5,722,86514,61007830.1
2026-01-25,GFCL,725,730,700,704,56739,40564800
2026-01-26,GFCL,703.2,709.5,685,695.8,81674,56871199.8
2026-01-27,GFCL,696,699,665,666.8,67612,46263525.8
2026-01-28,GFCL,670,691,670,689.8,58487,39677968
2026-01-29,GFCL,703,706,666,675,55630,38243551.1
2026-02-01,GFCL,688,695,658,682,88596,59326379.3
2026-02-02,GFCL,677,684.9,662,672,38609,25838142.5
2026-02-03,GFCL,662.5,672.5,656,661.8,27408,18153574.4
2026-02-04,GFCL,651,667.5,651,654,37748,24808501.5
2026-02-05,GFCL,655,667,654,657.3,25668,16924884.9
2026-02-08,GFCL,659,680,657,665,45416,30327780.9
2026-02-09,GFCL,662,664,645,650,27846,18208205.2
2026-02-10,GFCL,652,652,633.2,638,27090,17320968.4
2026-02-11,GFCL,649,649,635,635,11708,7473708.5
2026-02-12,GFCL,628,655,628,641,25505,16397279.8
2026-02-16,GFCL,649.9,656.8,643,650,23838,15468918.2
2026-02-17,GFCL,644,651,637.1,640,23457,15087333.1
2026-02-22,GFCL,635,638,620,621,14536,9112694.1
2026-02-23,GFCL,633,640,616,625.1,14768,9240313.2
2026-02-24,GFCL,622.1,634.8,622.1,633,9044,5685105
2026-02-25,GFCL,637.59,640,628,628,8852,5589462.4
2026-02-26,GFCL,628,638,628,635,7116,4509533.3
2026-03-01,GFCL,629,670,611.3,658,38588,25239193.7
2026-03-03,GFCL,658,674.6,650,674.6,20087,13363420.2
2026-03-09,GFCL,688,715.7,688,715.7,220,157037
2026-03-10,GFCL,725,725,688,700,95271,66916604.4
2026-03-11,GFCL,708,708,675,682,32128,21940930.9
2026-03-12,GFCL,685,695,676.1,682.3,25692,17577333.6
2026-03-15,GFCL,690,690,677,686.9,29227,19908369.3
2026-03-16,GFCL,688,689.9,670.3,673.3,12032,8148554.9
2026-03-17,GFCL,660,680,660,671,14810,9908493.2
2026-03-19,GFCL,684,685,662,682,33851,23015525.6
2026-03-22,GFCL,695,706,685.1,702,59281,41423996.2
2026-03-23,GFCL,716,716,695.1,705,25115,17600845
2026-03-24,GFCL,706,706,691,700,38105,26551961.7
2026-03-25,GFCL,713.7,713.7,680,683,27531,18920304.2
2026-03-26,GFCL,687,690,676,690,16696,11408664.7
2026-03-29,GFCL,703.8,703.8,665,672,29278,19716615.6
2026-03-30,GFCL,660,684,652,653,23968,15806238.2
2026-03-31,GFCL,650,673,648,671,17828,11741176.6
2026-04-01,GFCL,671,671,645,646,26515,17305089.7
2026-04-02,GFCL,640,663,630.2,647,21987,14240822.4
2026-04-05,GFCL,636,640.2,622.4,626.5,28121,17698346.7
2026-04-06,GFCL,624,654,620,640,34995,22094130.1
2026-04-07,GFCL,640,650,628.3,635,14289,9067593.8
2026-04-08,GFCL,647,647,635,642,9691,6203485
2026-04-09,GFCL,644,654.8,640,654,18037,11700596.5
2026-04-10,GFCL,652,659.9,643.1,648.1,29762,19375285
2026-04-13,GFCL,658.9,658.9,643.2,643.2,5823,3759295.5
2026-04-15,GFCL,655.9,655.9,646,648,6899,4483041.9
2026-04-16,GFCL,648,654.9,630,643,18417,11727212.5
2026-04-17,GFCL,640,640,630.2,635,8746,5539513.3
2026-04-20,GFCL,650,650,627,628,4830,3053186.7
2026-04-21,GFCL,631,640,622.5,622.5,8712,5455668.3
2026-04-22,GFCL,620,635,619,623.1,15955,9935131.4
2026-04-23,GFCL,624,625,618,624.5,14124,8762858.6
2026-04-24,GFCL,624.5,628,617,625,5086,3151293.1
2026-04-27,GFCL,625,634.9,625,627,4752,2979665
2026-04-28,GFCL,627,625,621,621.5,6652,4148238.4
2026-04-29,GFCL,621.5,624,616,624,6071,3755118.8
2026-04-30,GFCL,612,623,611.2,620.2,5197,3215649
2026-05-04,GFCL,620,620,603,609,5543,3388008.5
2026-05-05,GFCL,600,615,599,602,8142,4925489.5
2026-05-06,GFCL,610.1,612,597,603,5483,3295509.7
2026-05-07,GFCL,600,615,598,610,4388,2663833.7
2026-05-08,GFCL,620,620,607,619.7,4819,2962008.9
2026-05-11,GFCL,630,635,623.4,628,17624,11038304.1
2026-05-12,GFCL,631,632.5,615,625,13758,8620965
2026-05-13,GFCL,625,625,616.1,617,1828,1129212.3
2026-05-14,GFCL,620,620,611,615,5652,3463433
2026-05-15,GFCL,610,629,607.2,625.8,3946,2452938
2026-05-18,GFCL,620,629.9,619,627.9,3414,2119693
2026-05-19,GFCL,622,622,616.1,617,2204,1367121
2026-05-20,GFCL,628.9,631.9,620.1,628,6187,3877189.7
2026-05-21,GFCL,644.5,644.5,627,628,3111,1954966.5
2026-05-22,GFCL,620.1,635,620.1,635,6415,4038603.9
2026-05-25,GFCL,635,643,627.3,627.3,10256,6470835
2026-05-26,GFCL,628.2,629,625,625.2,4957,3108969.8
2026-05-27,GFCL,622.1,630,620,623,11040,6868818.5
2026-06-01,GFCL,623,627,617.09,620.5,16053,10002973.32
2026-06-02,GFCL,630,679,625,672.9,92147,60969905.1
2026-06-03,GFCL,680,682.2,661,662,43642,29160552.8
2026-06-04,GFCL,677,679.9,655,660,60268,40081087.2
2026-06-05,GFCL,660,675,649.1,669,49787,33097078.8
2026-06-08,GFCL,656,675,650,662,30653,20315421.6
2026-06-09,GFCL,667,667,640,650,26236,16990049.5
2026-06-10,GFCL,650,660,647,648.1,12620,8241479.9
2026-06-11,GFCL,616,658.9,616,639.9,12764,8177757.9
2026-06-12,GFCL,644.7,645,635,643,13818,8820436.1
2026-06-15,GFCL,675.1,675.1,633,635,10844,6917284.4
2026-06-16,GFCL,644.7,644.7,627,627.9,16687,10490675.9
2026-06-17,GFCL,626,641.9,625,626.1,16059,10157317.4
2026-06-18,GFCL,594.8,644.7,594.8,633,9883,6194566.4
2026-06-19,GFCL,640,641,630,631,7559,4790318.5
2026-06-22,GFCL,628,650,628,643,9361,6006152.2
2026-06-23,GFCL,648,648,624,624,14409,9086062.1
2026-06-24,GFCL,620,632.9,619,632.9,6701,4171471.5
2026-06-25,GFCL,627.6,635,627,632.9,11562,7263616.3
2026-06-26,GFCL,636,636,625,630,5026,3159938.5
2026-06-29,GFCL,623,634,617.4,627,13219,8227168.6
2026-06-30,GFCL,622.1,658,610,650,20482,12774553
2026-07-01,GFCL,682.5,682.5,620,631,32913,20825059.6
2026-07-02,GFCL,639,639,626.3,631.6,7906,4975030.5
2026-07-03,GFCL,631,635,623,627,13123,8244589.8
2026-07-06,GFCL,627,630,605.7,605.7,24735,15176889.7
2026-07-07,GFCL,615,633,608.4,620,10612,6537836.5
2026-07-08,GFCL,607,623.9,607,615,8112,4966069.8
2026-07-09,GFCL,615.1,615.1,602.5,609,12646,7673435.9
2026-07-10,GFCL,603,610,600.3,605,8569,5177606.3
2026-07-13,GFCL,605,610,595.1,595.1,7347,4407592.7
2026-07-14,GFCL,595.1,603.9,592.1,600,8806,5254476.5
2026-07-15,GFCL,610,610,600,600,7926,4783484.3
2026-07-16,GFCL,601.1,609,590.1,590.1,7913,4732063
2026-07-17,GFCL,600,619.6,600,619.6,7728,4730915
2026-07-20,GFCL,620,631.8,620,627.9,10603,6634219.3
2026-07-21,GFCL,630,633,615.5,628.9,12435,7779105.8
2026-07-22,GFCL,615.1,639.9,615.1,633,32871,20711906.7
2026-07-23,GFCL,633,636,625.1,636,7712,4874681.9
2026-07-24,GFCL,630,632.8,627,630.4,6717,4226586.4
2026-07-27,GFCL,630,636,618,618,10108,6339787.1
2026-07-28,GFCL,617,625,616.2,617.7,3144,1943631
2026-07-29,GFCL,626.8,626.8,611,613,5931,3649756
2026-07-30,GFCL,624.7,624.7,610,612,5737,3513573.4
2026-07-31,GFCL,612,615,603.5,613.1,5156,3149873.5
2026-08-03,GFCL,620,620,610,610,3702,2270259
2026-08-04,GFCL,610,614.3,600.5,614.3,4301,2596970.8
2026-08-05,GFCL,610,610,602.1,604.1,10386,6287543.2
2026-08-06,GFCL,604,607.4,603,603,6743,4084820.8
2026-08-07,GFCL,603,607,601.1,605,5011,3024205
2026-08-10,GFCL,603,605,600,600,9296,5593956.4
2026-08-11,GFCL,605,605,597,602,8533,5116277.9
2026-08-12,GFCL,603,605,597,598,4471,2680369.6
2026-08-13,GFCL,598,605,595,603.9,6543,3927905.5
2026-08-14,GFCL,604,605,596.2,603,5290,3173142.7
2026-08-17,GFCL,603,604,595.6,597.5,3742,2243824.8
2026-08-18,GFCL,600,600,593.1,594,7901,4702040.1
2026-08-19,GFCL,590,599.9,590,591.5,3051,1812166.2
2026-08-20,GFCL,591.5,594,590,593.8,2429,1434554.5
2026-08-21,GFCL,593,595,590,590,4575,2707817.6
2026-08-24,GFCL,590,590,573.2,579.9,12610,7299342
2026-08-25,GFCL,579,588.8,571.8,573,7490,4299993.4
2026-08-26,GFCL,571.1,587.9,560,568,9269,5248428.7
2026-08-27,GFCL,558,578,556.1,570,4172,2373130.9
2026-08-31,GFCL,563.3,573.9,560,569,8718,4939211
2026-09-01,GFCL,562.1,576.5,562.1,569.8,3621,2061780.2
2026-09-02,GFCL,570,571,565.2,570,1855,1055726
2026-09-03,GFCL,563.3,572.8,563.3,572,3460,1971953.5
2026-09-07,GFCL,572,580,572,575,4082,2350909
2026-09-09,GFCL,575,576,560,573,13266,7562548.1
2026-09-10,GFCL,560,568,558,566.9,7522,4220886.1
2026-09-11,GFCL,564.9,565,555.1,561.3,9445,5282158.7
2026-09-14,GFCL,565,570,561.5,569.6,3308,1883336.5
2026-09-15,GFCL,598,598,573.1,577.1,13594,7878563.1
2026-09-16,GFCL,584.9,584.9,570,579,4433,2557181.7
2026-09-17,GFCL,580,584.9,570.4,575.9,5739,3314323
2026-09-18,GFCL,584,584,575,576.5,7626,4393207.4
2026-09-22,GFCL,580,584,580,583.7,8444,4909322.8
2026-09-23,GFCL,570,585,566.3,575,12075,6916379.5
2026-09-24,GFCL,582,582,570,577,2653,1517705.5
2026-09-28,GFCL,570,572,569,570,5123,2920874.6
2026-09-29,GFCL,563,570,560.1,565,3976,2245760.9
2026-09-30,GFCL,561.7,569,560,563.1,3752,2111348.4
2026-10-01,GFCL,568,568,562,562,3712,2091865
2026-10-02,GFCL,561,569.7,557,560.3,1530,861401.4
2026-10-05,GFCL,567,567,555.1,561,2787,1557939.9
2026-10-06,GFCL,589,589,557.1,560,5518,3104871.6
2026-10-07,GFCL,557,561,550.1,554,7300,4047814.1
2026-10-08,GFCL,554,558,550,558,3989,2206981.2
2026-10-09,GFCL,556,566,550.1,553.1,6258,3484002.6
