date,symbol,open,high,low,close,volume,turnover
2018-02-08,GILB,1513,1500,1500,1500,22,33000
2018-02-11,GILB,1513,1500,1483,1483,70,104700
2018-02-12,GILB,1483,1483,1454,1454,86,125334
2018-02-14,GILB,1454,1427,1427,1427,28,39956
2018-02-15,GILB,1427,1540,1455,1540,47,70700
2018-02-18,GILB,1570,1570,1500,1500,199,303860
2018-02-20,GILB,1470,1470,1441,1441,128,187348
2018-02-21,GILB,1413,1425,1385,1385,202,284218
2018-02-22,GILB,1375,1400,1375,1400,87,121312
2018-02-25,GILB,1399,1400,1372,1372,107,148839
2018-02-26,GILB,1348,1350,1340,1350,235,316410
2018-02-27,GILB,1325,1352,1302,1352,567,751108
2018-02-28,GILB,1330,1330,1325,1325,73,96652
2018-03-04,GILB,1299,1299,1299,1299,10,12990
2018-03-05,GILB,1275,1275,1200,1205,231,281357
2018-03-06,GILB,1181,1181,1135,1135,110,127290
2018-03-07,GILB,1157,1227,1157,1225,192,231953
2018-03-11,GILB,1201,1201,1109,1110,373,422288
2018-03-12,GILB,1111,1111,1051,1093,331,357846
2018-03-13,GILB,1088,1109,1075,1109,103,112676
2018-03-14,GILB,1087,1110,1087,1110,116,127519
2018-03-15,GILB,1132,1132,1132,1132,17,19244
2018-03-18,GILB,1150,1150,1148,1150,153,175848
2018-03-19,GILB,1150,1150,1127,1127,208,236958
2018-03-20,GILB,1135,1135,1062,1124,1609,1799099
2018-03-21,GILB,1102,1102,1102,1102,16,17650
2018-03-22,GILB,1080,1100,1040,1100,519,553609
2018-03-26,GILB,1078,1078,1078,1078,62,66584
2018-03-27,GILB,1057,1092,1036,1092,135,144342
2018-03-28,GILB,1071,1071,1000,1000,1104,1150130
2018-03-29,GILB,1020,1020,961,1018,311,305478
2018-04-01,GILB,1000,1010,972,972,144,143188
2018-04-02,GILB,972,972,960,960,146,140560
2018-04-03,GILB,960,975,951,951,1267,1216268
2018-04-04,GILB,970,1028,970,1028,71,71198
2018-04-05,GILB,1009,1048,1008,1028,293,299863
2018-04-08,GILB,1048,1130,1048,1098,734,814450
2018-04-09,GILB,1119,1141,1081,1081,2452,2757263
2018-04-10,GILB,1081,1081,1081,1081,3,3243
2018-04-11,GILB,1060,1060,1040,1060,87,91485
2018-04-12,GILB,1081,1081,1020,1040,489,518119
2018-04-15,GILB,1050,1050,1021,1021,81,83508
2018-04-16,GILB,1029,1123,1029,1123,774,848452
2018-04-17,GILB,1145,1235,1145,1235,538,655110
2018-04-18,GILB,1259,1334,1240,1334,1427,1829272
2018-04-19,GILB,1349,1349,1297,1297,260,346780
2018-04-22,GILB,1272,1326,1272,1326,793,1024206
2018-04-23,GILB,1352,1352,1299,1299,333,441040
2018-04-24,GILB,1324,1324,1299,1299,291,381975
2018-04-25,GILB,1324,1328,1298,1298,480,633631
2018-04-26,GILB,1320,1320,1200,1200,384,487450
2018-04-29,GILB,1176,1222,1176,1222,58,70117
2018-05-02,GILB,1198,1209,1198,1200,87,104551
2018-05-03,GILB,1224,1297,1224,1259,534,677549
2018-05-06,GILB,1284,1300,1275,1279,352,452452
2018-05-07,GILB,1304,1305,1265,1280,343,442166
2018-05-08,GILB,1280,1290,1260,1290,599,763914
2018-05-09,GILB,1299,1299,1299,1299,40,51732
2018-05-10,GILB,1295,1310,1285,1310,1153,1492871
2018-05-14,GILB,1290,1300,1281,1290,346,444584
2018-05-15,GILB,1290,1290,1290,1290,20,25800
2018-05-16,GILB,1315,1315,1300,1300,69,90450
2018-05-17,GILB,1281,1281,1280,1280,32,40979
2018-05-20,GILB,1255,1255,1255,1255,75,94125
2018-05-21,GILB,1255,1330,1243,1330,156,197762
2018-05-22,GILB,1330,1409,1329,1409,918,1252439
2018-05-23,GILB,1400,1407,1361,1407,482,669338
2018-05-24,GILB,1390,1391,1381,1381,62,86100
2018-05-28,GILB,1354,1408,1354,1400,280,389077
2018-05-29,GILB,1428,1428,1345,1345,421,581786
2018-05-30,GILB,1323,1400,1323,1348,447,611700
2018-05-31,GILB,1330,1333,1297,1322,371,489986
2018-06-03,GILB,1296,1296,1273,1273,49,63067
2018-06-04,GILB,1248,1254,1177,1183,494,599892
2018-06-06,GILB,1206,1254,1206,1206,170,208076
2018-06-07,GILB,1205,1205,1170,1200,534,628723
2018-06-10,GILB,1200,1200,1153,1153,144,169190
2018-06-11,GILB,1155,1195,1150,1175,304,355229
2018-06-12,GILB,1155,1198,1130,1198,846,977407
2018-06-13,GILB,1175,1209,1153,1209,375,437613
2018-06-14,GILB,1233,1233,1153,1176,142,168192
2018-06-17,GILB,1160,1160,1153,1160,77,89177
2018-06-18,GILB,1165,1188,1165,1188,317,370671
2018-06-19,GILB,1205,1205,1181,1181,30,35680
2018-06-20,GILB,1159,1165,1159,1165,41,47675
2018-06-21,GILB,1180,1180,1150,1150,130,150124
2018-06-24,GILB,1143,1143,1143,1143,19,21717
2018-06-25,GILB,1145,1145,1145,1145,19,21755
2018-06-26,GILB,1143,1150,1121,1121,195,222335
2018-06-27,GILB,1143,1143,1143,1143,100,114300
2018-06-28,GILB,1163,1163,1155,1163,35,40625
2018-07-01,GILB,1140,1141,1140,1140,90,102640
2018-07-02,GILB,1120,1140,1120,1140,115,130670
2018-07-03,GILB,1120,1130,1120,1130,179,201860
2018-07-04,GILB,1130,1162,1130,1150,111,126537
2018-07-05,GILB,1170,1208,1147,1208,616,725932
2018-07-08,GILB,1232,1232,1232,1232,55,67640
2018-07-09,GILB,1208,1208,1184,1184,88,105124
2018-07-10,GILB,1161,1170,1161,1161,101,117526
2018-07-11,GILB,1184,1249,1184,1229,330,406285
2018-07-12,GILB,1253,1300,1201,1201,247,306173
2018-07-15,GILB,1195,1200,1170,1200,172,203732
2018-07-16,GILB,1224,1248,1200,1248,144,175120
2018-07-17,GILB,1272,1295,1270,1270,187,238003
2018-07-18,GILB,1270,1270,1221,1221,53,66140
2018-07-19,GILB,1201,1201,1197,1197,23,27640
2018-07-22,GILB,1175,1175,1174,1174,29,34056
2018-07-23,GILB,1169,1177,1154,1177,88,102744
2018-07-24,GILB,1200,1224,1200,1200,120,144240
2018-07-25,GILB,1176,1176,1176,1176,118,138768
2018-07-26,GILB,1154,1154,1145,1145,158,181547
2018-07-29,GILB,1167,1167,1144,1144,45,51875
2018-07-30,GILB,1122,1122,1122,1122,159,178376
2018-07-31,GILB,1130,1130,1130,1130,19,21470
2018-08-01,GILB,1152,1152,1150,1152,121,139283
2018-08-02,GILB,1152,1152,1131,1152,34,38916
2018-08-05,GILB,1145,1145,1142,1144,108,123527
2018-08-07,GILB,1122,1122,1100,1122,89,98774
2018-08-08,GILB,1100,1101,1066,1101,180,193959
2018-08-09,GILB,1079,1085,1079,1080,222,239822
2018-08-12,GILB,1070,1070,1070,1070,10,10700
2018-08-13,GILB,1080,1080,1070,1070,40,43000
2018-08-14,GILB,1049,1080,1029,1080,131,137454
2018-08-15,GILB,1090,1111,1090,1111,31,34021
2018-08-16,GILB,1111,1147,1110,1110,1128,1265965
2018-08-19,GILB,1089,1089,1088,1088,116,126227
2018-08-20,GILB,1067,1067,1046,1046,20,21130
2018-08-21,GILB,1026,1055,1025,1055,192,198023
2018-08-22,GILB,1034,1034,1034,1034,17,17578
2018-08-23,GILB,1015,1034,1015,1034,114,116518
2018-08-26,GILB,1035,1035,1015,1015,41,42055
2018-08-28,GILB,995,1055,995,1055,175,178120
2018-08-29,GILB,1050,1050,1030,1030,38,39520
2018-08-30,GILB,1010,1010,1010,1010,19,19190
2018-09-02,GILB,1010,1050,1010,1050,173,178650
2018-09-03,GILB,1055,1139,1055,1139,82,89523
2018-09-04,GILB,1120,1120,1117,1117,110,123170
2018-09-05,GILB,1139,1184,1139,1184,99,116460
2018-09-06,GILB,1162,1175,1138,1175,259,301282
2018-09-09,GILB,1152,1152,1130,1130,318,361958
2018-09-10,GILB,1130,1130,1130,1130,16,17948
2018-09-11,GILB,1152,1198,1152,1152,131,153649
2018-09-12,GILB,1152,1152,1152,1152,1,1152
2018-09-13,GILB,1175,1175,1160,1175,73,85249
2018-09-16,GILB,1180,1180,1175,1175,155,182576
2018-09-17,GILB,1152,1160,1152,1160,72,83440
2018-09-18,GILB,1142,1142,1140,1140,91,103836
2018-09-20,GILB,1120,1140,1120,1130,132,148438
2018-09-23,GILB,1152,1152,1150,1152,92,105548
2018-09-25,GILB,1129,1150,1129,1173,145,165763
2018-09-26,GILB,1140,1196,1140,1195,295,343621
2018-09-27,GILB,1195,1203,1180,1203,386,459826
2018-09-30,GILB,1179,1198,1175,1175,238,281652
2018-10-01,GILB,1155,1174,1155,1155,290,335316
2018-10-02,GILB,1134,1155,1134,1140,117,133149
2018-10-03,GILB,1140,1184,1140,1161,784,907323
2018-10-04,GILB,1141,1145,1140,1141,281,320910
2018-10-07,GILB,1119,1119,1119,1119,8,8952
2018-10-08,GILB,1140,1150,1130,1150,449,515170
2018-10-09,GILB,1173,1260,1170,1219,3271,4021892
2018-10-10,GILB,1196,1196,1196,1196,101,120795
2018-10-11,GILB,1196,1196,1175,1189,137,161619
2018-10-21,GILB,1189,1189,1150,1150,78,90856
2018-10-22,GILB,1128,1128,1128,1128,38,42864
2018-10-23,GILB,1150,1170,1150,1170,139,162250
2018-10-24,GILB,1184,1232,1184,1232,611,729106
2018-10-25,GILB,1256,1306,1256,1270,1601,2046004
2018-10-28,GILB,1270,1270,1255,1256,980,1232231
2018-10-29,GILB,1240,1240,1216,1216,253,310672
2018-10-30,GILB,1240,1250,1206,1206,1241,1514821
2018-10-31,GILB,1230,1250,1230,1240,293,362030
2018-11-01,GILB,1240,1270,1240,1270,1100,1390600
2018-11-04,GILB,1126,1126,1104,1104,46,51444
2018-11-05,GILB,1126,1167,1126,1167,86,98094
2018-11-11,GILB,1167,1167,1144,1144,20,22880
2018-11-12,GILB,1122,1144,1122,1144,29,32758
2018-11-13,GILB,1166,1168,1144,1168,20,23340
2018-11-14,GILB,1170,1170,1168,1170,10,11700
2018-11-15,GILB,1147,1169,1146,1160,134,154122
2018-11-18,GILB,1140,1159,1120,1159,142,162064
2018-11-19,GILB,1145,1163,1140,1140,380,435240
2018-11-20,GILB,1122,1140,1122,1140,51,57402
2018-11-21,GILB,1139,1144,1139,1144,226,257788
2018-11-22,GILB,1150,1150,1136,1136,213,242490
2018-11-25,GILB,1115,1115,1115,1115,22,24530
2018-11-26,GILB,1093,1093,1093,1093,10,10930
2018-11-27,GILB,1101,1110,1100,1100,310,342650
2018-11-28,GILB,1085,1085,1075,1075,200,216000
2018-11-29,GILB,1084,1084,1044,1044,139,149186
2018-12-02,GILB,1024,1024,1000,1000,173,174354
2018-12-03,GILB,1020,1040,982,982,182,185918
2018-12-04,GILB,971,971,940,940,123,118482
2018-12-05,GILB,928,928,928,928,50,46400
2018-12-06,GILB,930,930,912,914,54,49608
2018-12-11,GILB,910,921,903,921,49,44704
2018-12-12,GILB,920,933,920,930,182,169099
2018-12-13,GILB,925,925,925,925,36,33300
2018-12-17,GILB,943,961,943,961,22,20960
2018-12-18,GILB,965,965,965,965,34,32810
2018-12-19,GILB,960,979,960,979,111,107244
2018-12-20,GILB,998,1000,998,1000,131,130812
2018-12-23,GILB,1020,1100,1020,1100,109,116110
2018-12-24,GILB,1122,1210,1122,1210,2768,3331156
2018-12-25,GILB,1233,1258,1215,1215,659,815051
2018-12-26,GILB,1238,1239,1212,1220,586,716904
2018-12-27,GILB,1235,1240,1192,1192,169,203937
2018-12-30,GILB,1169,1169,1155,1155,119,138845
2018-12-31,GILB,1135,1135,1132,1132,57,64638
2019-01-01,GILB,1140,1145,1130,1130,160,181175
2019-01-02,GILB,1130,1130,1125,1130,57,64315
2019-01-03,GILB,1110,1132,1109,1132,129,144620
2019-01-07,GILB,1110,1132,1110,1132,164,183646
2019-01-13,GILB,1150,1154,1150,1150,361,416234
2019-01-14,GILB,1173,1173,1173,1173,10,11730
2019-01-15,GILB,1180,1240,1172,1240,310,369510
2019-01-16,GILB,1216,1216,1191,1200,63,75945
2019-01-17,GILB,1224,1224,1180,1200,129,154660
2019-01-20,GILB,1200,1200,1200,1200,38,45600
2019-01-21,GILB,1181,1200,1181,1200,153,181660
2019-01-22,GILB,1200,1200,1200,1200,50,60000
2019-01-24,GILB,1198,1215,1177,1215,399,476624
2019-01-27,GILB,1191,1191,1176,1176,258,304934
2019-01-28,GILB,1178,1178,1176,1176,83,97706
2019-01-29,GILB,1154,1160,1153,1160,91,104827
2019-01-30,GILB,1183,1206,1166,1198,1932,2294789
2019-01-31,GILB,1219,1245,1191,1198,1803,2184787
2019-02-03,GILB,1198,1198,1192,1192,38,45410
2019-02-04,GILB,1180,1180,1170,1170,55,64600
2019-02-05,GILB,1170,1193,1170,1190,1782,2123270
2019-02-06,GILB,1168,1190,1168,1175,43,50530
2019-02-07,GILB,1160,1169,1160,1160,2824,3280626
2019-02-10,GILB,1140,1140,1140,1140,19,21660
2019-02-11,GILB,1150,1150,1142,1142,70,80340
2019-02-12,GILB,1145,1145,1121,1121,52,59141
2019-02-13,GILB,1120,1124,1111,1111,75,84037
2019-02-14,GILB,1089,1090,1069,1090,157,169163
2019-02-17,GILB,1075,1075,1054,1054,114,121741
2019-02-18,GILB,1054,1058,1054,1058,294,309952
2019-02-19,GILB,1079,1122,1066,1122,844,932850
2019-02-20,GILB,1122,1122,1115,1115,39,43613
2019-02-21,GILB,1100,1100,1094,1094,188,206734
2019-02-24,GILB,1100,1100,1061,1061,148,159105
2019-02-25,GILB,1050,1050,1050,1050,19,19950
2019-02-26,GILB,1070,1070,1070,1070,38,40660
2019-03-03,GILB,1071,1075,1070,1070,105,112512
2019-03-05,GILB,1075,1075,1036,1036,99,104845
2019-03-06,GILB,1040,1081,1025,1081,100,104327
2019-03-07,GILB,1081,1110,1081,1110,129,141048
2019-03-11,GILB,1088,1109,1088,1093,289,316334
2019-03-12,GILB,1100,1114,1092,1112,191,210709
2019-03-13,GILB,1095,1095,1074,1074,70,76230
2019-03-14,GILB,1057,1057,1055,1055,80,84470
2019-03-18,GILB,1055,1055,1050,1050,75,78865
2019-03-19,GILB,1045,1045,1045,1045,19,19855
2019-03-21,GILB,1026,1026,985,985,464,466059
2019-03-24,GILB,986,986,968,972,247,240933
2019-03-25,GILB,991,1029,980,1029,165,165896
2019-03-26,GILB,1009,1025,1009,1025,39,39655
2019-03-27,GILB,1025,1025,1025,1025,61,62525
2019-03-31,GILB,1025,1025,1025,1025,27,27555
2019-04-01,GILB,1020,1020,1020,1020,10,10200
2019-04-02,GILB,1035,1035,1000,1000,122,124880
2019-04-03,GILB,1004,1024,1004,1024,148,150913
2019-04-04,GILB,1030,1030,1010,1010,59,60380
2019-04-07,GILB,1025,1025,993,993,53,53279
2019-04-08,GILB,1000,1032,1000,1012,307,314128
2019-04-11,GILB,1012,1012,1012,1012,207,209484
2019-04-15,GILB,1010,1052,1010,1052,286,293783
2019-04-16,GILB,1052,1068,1052,1068,346,367360
2019-04-18,GILB,1047,1068,1047,1068,71,74718
2019-04-21,GILB,1068,1110,1068,1110,179,196876
2019-04-22,GILB,1132,1221,1132,1170,1195,1411640
2019-04-23,GILB,1192,1193,1128,1128,509,592265
2019-04-24,GILB,1150,1196,1150,1173,2689,3102981
2019-04-25,GILB,1169,1196,1160,1160,1126,1318587
2019-04-28,GILB,1160,1228,1160,1228,93,109779
2019-04-29,GILB,1205,1243,1181,1243,1321,1614066
2019-04-30,GILB,1240,1240,1195,1196,1329,1631380
2019-05-02,GILB,1180,1200,1180,1200,167,199568
2019-05-05,GILB,1180,1180,1176,1176,376,442396
2019-05-06,GILB,1175,1195,1157,1195,330,387466
2019-05-07,GILB,1180,1244,1180,1244,1451,1768991
2019-05-08,GILB,1245,1268,1230,1268,881,1104161
2019-05-09,GILB,1244,1244,1244,1244,38,47272
2019-05-12,GILB,1250,1285,1242,1285,737,932401
2019-05-13,GILB,1290,1360,1290,1355,1180,1561369
2019-05-14,GILB,1382,1418,1365,1376,1639,2270387
2019-05-15,GILB,1376,1390,1300,1300,1918,2540720
2019-05-16,GILB,1274,1298,1249,1298,338,427193
2019-05-19,GILB,1275,1275,1226,1228,78,96674
2019-05-20,GILB,1225,1252,1225,1241,585,731247
2019-05-21,GILB,1265,1310,1260,1260,1075,1382195
2019-05-22,GILB,1252,1285,1250,1250,1031,1296290
2019-05-23,GILB,1250,1260,1236,1251,224,280047
2019-05-26,GILB,1230,1376,1230,1376,5030,6830179
2019-05-27,GILB,1399,1399,1340,1355,974,1324347
2019-05-28,GILB,1380,1382,1330,1360,242,330732
2019-05-29,GILB,1360,1360,1330,1355,111,149044
2019-05-30,GILB,1382,1382,1309,1309,701,949194
2019-06-02,GILB,1335,1335,1300,1328,861,1129090
2019-06-03,GILB,1302,1302,1281,1290,125,161131
2019-06-04,GILB,1300,1300,1249,1249,414,524577
2019-06-06,GILB,1225,1305,1201,1305,477,600445
2019-06-10,GILB,1285,1300,1256,1300,274,346881
2019-06-11,GILB,1300,1300,1250,1275,157,200140
2019-06-12,GILB,1252,1265,1252,1265,141,177063
2019-06-13,GILB,1250,1268,1248,1268,153,191244
2019-06-16,GILB,1243,1250,1225,1250,1134,1398527
2019-06-17,GILB,1230,1230,1185,1190,359,430824
2019-06-18,GILB,1170,1195,1170,1195,377,447806
2019-06-20,GILB,1218,1218,1215,1215,47,57108
2019-06-23,GILB,1200,1220,1176,1176,339,402871
2019-06-24,GILB,1190,1199,1190,1199,55,65434
2019-06-25,GILB,1200,1258,1200,1233,134,164510
2019-06-26,GILB,1220,1235,1200,1235,508,621858
2019-06-27,GILB,1259,1259,1210,1220,394,480364
2019-06-30,GILB,1196,1200,1196,1200,85,101900
2019-07-01,GILB,1205,1205,1205,1205,32,38545
2019-07-02,GILB,1206,1229,1205,1229,133,161490
2019-07-03,GILB,1253,1280,1240,1280,5323,6723053
2019-07-04,GILB,1300,1300,1230,1244,1180,1495111
2019-07-07,GILB,1243,1267,1243,1265,361,454114
2019-07-08,GILB,1260,1270,1260,1260,410,516745
2019-07-09,GILB,1270,1323,1270,1297,143,183661
2019-07-10,GILB,1322,1361,1257,1297,603,776670
2019-07-11,GILB,1295,1295,1245,1250,5483,6848113
2019-07-14,GILB,1240,1250,1210,1210,848,1040609
2019-07-15,GILB,1210,1215,1187,1200,1674,2010990
2019-07-16,GILB,1210,1320,1197,1202,2448,2949954
2019-07-17,GILB,664,695,664,695,414,282468
2019-07-18,GILB,708,729,708,729,340,246410
2019-07-21,GILB,765,765,730,730,290,217600
2019-07-22,GILB,744,752,700,700,902,641424
2019-07-23,GILB,701,715,701,715,446,317808
2019-07-24,GILB,715,716,710,710,711,507992
2019-07-25,GILB,710,735,710,735,880,635688
2019-07-28,GILB,725,725,697,697,1460,1040170
2019-07-29,GILB,692,722,692,722,90,63670
2019-07-30,GILB,720,725,706,710,1122,802185
2019-07-31,GILB,709,750,709,750,1041,757525
2019-08-01,GILB,750,765,717,765,1101,826355
2019-08-04,GILB,778,778,745,745,175,134605
2019-08-05,GILB,745,745,740,740,380,281600
2019-08-06,GILB,726,726,700,700,402,284150
2019-08-07,GILB,714,714,706,707,411,292731
2019-08-08,GILB,707,710,700,708,345,243210
2019-08-11,GILB,701,701,691,691,517,360975
2019-08-12,GILB,690,702,690,691,632,436830
2019-08-13,GILB,693,704,693,694,372,258754
2019-08-14,GILB,690,690,685,685,477,327640
2019-08-15,GILB,677,680,677,680,37,25111
2019-08-18,GILB,690,747,690,747,2402,1739370
2019-08-19,GILB,761,805,761,793,7044,5546385
2019-08-20,GILB,780,780,763,770,971,747632
2019-08-21,GILB,756,771,756,771,114,87240
2019-08-22,GILB,771,771,771,771,261,201227
2019-08-25,GILB,756,771,756,765,371,284276
2019-08-26,GILB,761,765,746,746,1926,1461282
2019-08-27,GILB,759,760,759,760,300,227952
2019-08-28,GILB,765,765,750,750,110,82950
2019-08-29,GILB,755,755,740,750,715,529875
2019-09-01,GILB,745,747,728,728,506,372576
2019-09-02,GILB,714,715,700,700,333,234442
2019-09-03,GILB,714,728,714,728,23,16562
2019-09-04,GILB,720,748,720,748,679,503262
2019-09-05,GILB,748,748,748,748,20,14960
2019-09-08,GILB,750,751,740,740,305,227840
2019-09-09,GILB,745,745,712,712,734,529592
2019-09-11,GILB,704,704,704,704,22,15488
2019-09-12,GILB,710,729,710,725,342,246333
2019-09-15,GILB,715,715,711,711,108,76932
2019-09-16,GILB,710,710,681,681,151,105693
2019-09-17,GILB,680,706,680,686,206,143101
2019-09-18,GILB,699,748,699,748,252,182308
2019-09-19,GILB,734,734,725,725,40,29090
2019-09-22,GILB,715,715,703,703,150,106050
2019-09-23,GILB,700,717,700,717,37,26084
2019-09-24,GILB,706,713,706,708,424,300960
2019-09-25,GILB,722,722,722,722,22,15884
2019-09-29,GILB,720,720,720,720,20,14400
2019-09-30,GILB,715,715,710,710,215,153650
2019-10-02,GILB,710,710,710,710,60,42600
2019-10-14,GILB,702,702,701,701,70,49120
2019-10-15,GILB,700,700,700,700,204,142800
2019-10-16,GILB,695,695,689,689,300,207734
2019-10-17,GILB,690,703,690,703,94,65266
2019-10-22,GILB,705,705,705,705,22,15510
2019-10-24,GILB,715,715,710,710,35,24960
2019-10-31,GILB,701,765,701,765,1008,756103
2019-11-03,GILB,756,756,755,755,200,151100
2019-11-04,GILB,770,830,770,830,1955,1612277
2019-11-05,GILB,846,890,846,870,8117,7075417
2019-11-06,GILB,880,895,864,870,2947,2581823
2019-11-07,GILB,865,865,845,855,2014,1721286
2019-11-10,GILB,840,890,840,876,3199,2795239
2019-11-11,GILB,760,775,735,749,359,268303
2019-11-12,GILB,760,760,750,750,655,493855
2019-11-13,GILB,740,745,736,745,570,421610
2019-11-14,GILB,745,750,733,733,330,244910
2019-11-18,GILB,731,731,721,721,184,134171
2019-11-19,GILB,730,744,730,744,218,161590
2019-11-20,GILB,758,773,733,733,55,41415
2019-11-21,GILB,719,722,714,721,647,463406
2019-11-24,GILB,712,712,712,712,173,123176
2019-11-25,GILB,710,723,709,723,103,73274
2019-11-26,GILB,720,726,712,726,294,211564
2019-11-27,GILB,722,765,722,764,477,363290
2019-11-28,GILB,760,760,745,745,45,33900
2019-12-01,GILB,731,745,717,745,353,259271
2019-12-02,GILB,731,780,719,750,10320,7534681
2019-12-03,GILB,765,775,750,759,8253,6262792
2019-12-04,GILB,759,774,756,763,2919,2230310
2019-12-05,GILB,778,784,765,784,1386,1080778
2019-12-08,GILB,769,795,766,795,1634,1276971
2019-12-09,GILB,810,846,810,825,6583,5386022
2019-12-10,GILB,809,823,800,805,6439,5179925
2019-12-11,GILB,805,860,805,848,5099,4276143
2019-12-12,GILB,832,860,830,830,3017,2549535
2019-12-15,GILB,816,832,805,806,2367,1946385
2019-12-16,GILB,821,822,802,802,772,626714
2019-12-17,GILB,818,834,814,831,1998,1655181
2019-12-18,GILB,831,847,825,825,868,721190
2019-12-19,GILB,825,829,816,821,458,376451
2019-12-22,GILB,810,825,810,825,393,321690
2019-12-23,GILB,828,830,818,830,802,660568
2019-12-24,GILB,821,821,820,820,143,117360
2019-12-25,GILB,812,822,812,815,1700,1384220
2019-12-26,GILB,814,831,814,830,1765,1450329
2019-12-29,GILB,830,838,830,830,487,405890
2019-12-30,GILB,830,830,818,822,968,796468
2019-12-31,GILB,820,845,820,844,598,500050
2020-01-01,GILB,844,875,844,875,1882,1610671
2020-01-02,GILB,866,889,864,865,3065,2658388
2020-01-05,GILB,882,919,875,900,4997,4553999
2020-01-06,GILB,917,949,902,949,3907,3574498
2020-01-07,GILB,950,967,913,964,2010,1891280
2020-01-08,GILB,946,969,927,969,1766,1672274
2020-01-09,GILB,950,1024,950,1022,4620,4570748
2020-01-12,GILB,1042,1119,1011,1119,5717,6034980
2020-01-13,GILB,1141,1141,1100,1111,3703,4165545
2020-01-14,GILB,1085,1151,1065,1120,2918,3244568
2020-01-15,GILB,1142,1227,1139,1200,3647,4212026
2020-01-16,GILB,1215,1320,1215,1320,6354,8136867
2020-01-19,GILB,1346,1450,1340,1389,4829,6630073
2020-01-20,GILB,1416,1416,1256,1369,4792,6264970
2020-01-21,GILB,1396,1396,1236,1310,6219,7915572
2020-01-22,GILB,1284,1284,1257,1260,1028,1301729
2020-01-23,GILB,1260,1362,1260,1300,14723,19142112
2020-01-26,GILB,1300,1320,1270,1288,1790,2326377
2020-01-27,GILB,1263,1310,1263,1306,3015,3911658
2020-01-28,GILB,1332,1332,1290,1303,7468,9743032
2020-01-29,GILB,1300,1337,1293,1314,7799,10287065
2020-01-30,GILB,1340,1360,1323,1353,3715,4994030
2020-02-02,GILB,1380,1380,1336,1336,5555,7480280
2020-02-03,GILB,1336,1345,1309,1336,5273,6986684
2020-02-04,GILB,1330,1335,1316,1325,1900,2517492
2020-02-05,GILB,1325,1332,1321,1332,4677,6199855
2020-02-06,GILB,1334,1335,1318,1321,3246,4295859
2020-02-09,GILB,1300,1324,1300,1312,5189,6819956
2020-02-10,GILB,1323,1334,1315,1324,5261,6973469
2020-02-11,GILB,1350,1368,1335,1352,1908,2580122
2020-02-12,GILB,1352,1465,1352,1426,7454,10594231
2020-02-13,GILB,1454,1480,1412,1412,2846,4093528
2020-02-16,GILB,1440,1454,1402,1454,2819,4029190
2020-02-17,GILB,1479,1479,1421,1425,4643,6678935
2020-02-18,GILB,1430,1430,1400,1410,4017,5651000
2020-02-19,GILB,1410,1446,1388,1446,6559,9384962
2020-02-20,GILB,1450,1533,1450,1499,4742,7102177
2020-02-23,GILB,1500,1560,1500,1522,8067,12363823
2020-02-24,GILB,1493,1530,1492,1523,3893,5905745
2020-02-25,GILB,1500,1615,1480,1615,3495,5461259
2020-02-26,GILB,1618,1690,1600,1645,3965,6525145
2020-02-27,GILB,1613,1650,1568,1599,3748,6006197
2020-03-01,GILB,1599,1599,1523,1523,7901,12312232
2020-03-02,GILB,1494,1551,1475,1475,1585,2358602
2020-03-03,GILB,1446,1446,1328,1359,13239,18006136
2020-03-04,GILB,1333,1413,1285,1340,4507,5924209
2020-03-05,GILB,1314,1393,1263,1364,5195,6975409
2020-03-10,GILB,1337,1337,1242,1242,1546,1997075
2020-03-11,GILB,1266,1364,1250,1364,3005,3922146
2020-03-12,GILB,1337,1337,1228,1295,8325,10573232
2020-03-15,GILB,1273,1273,1201,1234,28471,35203800
2020-03-16,GILB,1234,1234,1186,1220,15965,19316444
2020-03-17,GILB,1197,1200,1146,1146,6913,8117630
2020-03-18,GILB,1124,1200,1090,1173,3125,3526942
2020-03-19,GILB,1150,1175,1105,1137,11071,12496367
2020-03-22,GILB,1116,1136,1115,1115,176,197316
2020-05-12,GILB,1093,1093,1082,1082,30,32570
2020-05-13,GILB,1061,1061,1050,1050,28,29598
2020-06-29,GILB,1029,1050,1029,1051,1620,1693708
2020-06-30,GILB,1050,1135,1050,1135,2326,2514604
2020-07-01,GILB,1140,1224,1140,1224,934,1116920
2020-07-02,GILB,1248,1260,1235,1235,165,204800
2020-07-05,GILB,1211,1215,1187,1200,2503,3039182
2020-07-06,GILB,1200,1320,1176,1320,2486,3022529
2020-07-07,GILB,1345,1371,1271,1271,1825,2416797
2020-07-08,GILB,1248,1280,1225,1248,1647,2063930
2020-07-09,GILB,1249,1294,1249,1290,6541,8221069
2020-07-12,GILB,1315,1339,1290,1320,979,1285645
2020-07-13,GILB,1346,1346,1300,1320,874,1142447
2020-07-14,GILB,1305,1334,1300,1315,3928,5167685
2020-07-15,GILB,1337,1338,1301,1318,5549,7252358
2020-07-16,GILB,1301,1320,1301,1302,1145,1499932
2020-07-19,GILB,1328,1328,1328,1328,10,13280
2020-07-20,GILB,1354,1408,1291,1295,3777,5013380
2020-07-21,GILB,1273,1315,1273,1288,788,1017404
2020-07-22,GILB,1312,1313,1281,1290,1097,1418351
2020-07-23,GILB,1270,1320,1270,1298,5973,7726298
2020-07-26,GILB,1319,1319,1300,1306,2806,3671980
2020-07-27,GILB,1315,1354,1307,1310,816,1076969
2020-07-28,GILB,1290,1310,1275,1310,3377,4350407
2020-07-29,GILB,1284,1284,1213,1213,13430,16842688
2020-07-30,GILB,1224,1250,1215,1250,1642,2021010
2020-08-02,GILB,1228,1250,1200,1210,3230,3914729
2020-08-03,GILB,1212,1218,1195,1205,554,669072
2020-08-05,GILB,1205,1207,1160,1206,3305,3876261
2020-08-06,GILB,1182,1200,1182,1190,791,942847
2020-08-09,GILB,1172,1194,1167,1194,3062,3607416
2020-08-10,GILB,1190,1264,1190,1260,3263,3993736
2020-08-11,GILB,1240,1277,1221,1233,1144,1409649
2020-08-12,GILB,1225,1265,1225,1249,1626,2019484
2020-08-13,GILB,1235,1240,1184,1190,6619,7958857
2020-08-16,GILB,1169,1189,1157,1177,4753,5576165
2020-08-17,GILB,1157,1180,1154,1177,2388,2783002
2020-08-18,GILB,1235,1235,1176,1176,3674,4405932
2020-08-19,GILB,1153,1164,1130,1149,3543,4095646
2020-08-20,GILB,1150,1165,1140,1155,2373,2741188
2020-08-23,GILB,1174,1200,1142,1200,5053,5824983
2020-08-24,GILB,1200,1224,1177,1223,4008,4779955
2020-08-25,GILB,1211,1238,1207,1215,2138,2616112
2020-08-26,GILB,1229,1235,1212,1235,2713,3332054
2020-08-27,GILB,1235,1235,1200,1202,5011,6048843
2020-08-30,GILB,1187,1200,1187,1189,361,429163
2020-08-31,GILB,1182,1200,1181,1182,5461,6480053
2020-09-02,GILB,1188,1205,1187,1195,3919,4687324
2020-09-03,GILB,1195,1205,1176,1180,4147,4939825
2020-09-06,GILB,1239,1239,1172,1173,2493,2960169
2020-09-07,GILB,1200,1200,1161,1165,2808,3286462
2020-09-08,GILB,1170,1190,1165,1190,1158,1363334
2020-09-09,GILB,1249,1249,1185,1219,3913,4707844
2020-09-10,GILB,1220,1235,1206,1220,2130,2591006
2020-09-13,GILB,1205,1240,1205,1232,5423,6676146
2020-09-14,GILB,1231,1239,1222,1228,3969,4883659
2020-09-15,GILB,1215,1235,1210,1224,5709,6953213
2020-09-16,GILB,1229,1229,1210,1217,2179,2649071
2020-09-17,GILB,1217,1232,1215,1230,4888,5966460
2020-09-20,GILB,1230,1230,1215,1222,1694,2070060
2020-09-21,GILB,1225,1229,1210,1211,1580,1920185
2020-09-22,GILB,1200,1209,1195,1209,1228,1472609
2020-09-23,GILB,1200,1207,1187,1200,1254,1504400
2020-09-24,GILB,1215,1215,1195,1195,2256,2706860
2020-09-27,GILB,1190,1222,1190,1191,2141,2567689
2020-09-28,GILB,1181,1200,1170,1170,3341,3933751
2020-09-29,GILB,1171,1173,1165,1171,1620,1895348
2020-09-30,GILB,1171,1194,1157,1164,1206,1413873
2020-10-01,GILB,1187,1200,1182,1190,1696,2024868
2020-10-04,GILB,1190,1237,1182,1237,2656,3177760
2020-10-05,GILB,1213,1230,1200,1228,3851,4678681
2020-10-06,GILB,1210,1250,1210,1250,4602,5640147
2020-10-07,GILB,1241,1275,1230,1263,7284,9088726
2020-10-08,GILB,1239,1250,1215,1250,1806,2225929
2020-10-11,GILB,1225,1373,1201,1249,3278,4239123
2020-10-12,GILB,1265,1280,1238,1265,3254,4106842
2020-10-13,GILB,1248,1259,1235,1255,1338,1667781
2020-10-14,GILB,1232,1268,1232,1238,2916,3628527
2020-10-15,GILB,1230,1249,1226,1249,1042,1294254
2020-10-18,GILB,1230,1242,1230,1242,123,151422
2020-10-19,GILB,1245,1250,1231,1250,298,369684
2020-10-20,GILB,1231,1269,1231,1269,447,557536
2020-10-21,GILB,1260,1260,1245,1246,450,562678
2020-10-28,GILB,1248,1250,1245,1250,800,999804
2020-10-29,GILB,1240,1275,1240,1265,3457,4337693
2020-11-01,GILB,1265,1299,1262,1280,2025,2586618
2020-11-02,GILB,1285,1345,1285,1298,2209,2880883
2020-11-03,GILB,1234,1318,1234,1310,3632,4725952
2020-11-04,GILB,1300,1313,1300,1313,1347,1757178
2020-11-05,GILB,1300,1327,1295,1327,2660,3503906
2020-11-08,GILB,1326,1334,1313,1330,5379,7127152
2020-11-09,GILB,1330,1351,1326,1351,3610,4862559
2020-11-10,GILB,1350,1417,1335,1403,2837,3874776
2020-11-11,GILB,1390,1390,1354,1377,1740,2384710
2020-11-12,GILB,1393,1393,1360,1389,2741,3785023
2020-11-18,GILB,1385,1385,1370,1373,797,1095585
2020-11-19,GILB,1346,1400,1331,1370,2590,3492945
2020-11-22,GILB,1397,1397,1353,1360,4593,6274609
2020-11-23,GILB,1350,1350,1330,1331,3192,4262082
2020-11-24,GILB,1307,1399,1307,1343,1727,2326253
2020-11-25,GILB,1369,1477,1350,1453,9182,13186556
2020-11-26,GILB,1455,1455,1405,1420,2107,2997110
2020-11-29,GILB,1420,1420,1375,1375,4426,6142782
2020-11-30,GILB,1380,1400,1361,1361,3935,5432688
2020-12-01,GILB,1370,1403,1370,1390,4358,6051448
2020-12-02,GILB,1417,1499,1417,1475,7893,11529908
2020-12-03,GILB,1500,1525,1448,1472,10972,16072153
2020-12-06,GILB,1445,1472,1378,1378,3862,5439868
2020-12-07,GILB,1400,1515,1372,1514,4367,6223997
2020-12-08,GILB,1543,1543,1461,1463,4344,6412406
2020-12-09,GILB,1437,1490,1420,1461,4960,7146283
2020-12-10,GILB,1450,1476,1419,1467,3183,4592093
2020-12-13,GILB,1470,1481,1446,1481,5155,7571427
2020-12-14,GILB,1510,1629,1510,1629,1897,3085829
2020-12-15,GILB,1710,1791,1710,1791,64930,115789722
2020-12-16,GILB,1800,1810,1770,1790,34761,62109748
2020-12-17,GILB,1780,1836,1711,1745,17951,31880728
2020-12-20,GILB,1745,1745,1678,1680,16050,27426751
2020-12-21,GILB,1660,1773,1570,1740,19688,32782881
2020-12-22,GILB,1773,1773,1720,1740,6073,10599352
2020-12-23,GILB,1755,1755,1695,1710,5621,9640046
2020-12-24,GILB,1680,1710,1679,1680,6841,11550442
2020-12-27,GILB,1712,1712,1651,1668,8391,14011598
2020-12-28,GILB,1668,1695,1650,1680,5891,9872376
2020-12-29,GILB,1700,1750,1700,1732,18597,32290117
2020-12-30,GILB,1426,1454,1365,1420,3945,5534333
2020-12-31,GILB,1448,1460,1390,1397,4208,5969528
2021-01-03,GILB,1397,1398,1371,1398,2450,3391766
2021-01-04,GILB,1400,1400,1360,1375,3003,4119825
2021-01-05,GILB,1355,1378,1352,1360,1839,2503544
2021-01-06,GILB,1371,1400,1363,1384,4273,5886991
2021-01-07,GILB,1370,1435,1370,1422,7345,10399678
2021-01-10,GILB,1399,1424,1399,1421,3026,4292957
2021-01-11,GILB,1441,1449,1413,1413,2209,3148849
2021-01-12,GILB,1439,1439,1421,1439,1867,2671684
2021-01-13,GILB,1442,1513,1430,1495,3768,5538320
2021-01-17,GILB,1500,1539,1500,1539,4422,6735112
2021-01-18,GILB,1545,1575,1545,1570,10051,15651598
2021-01-19,GILB,1600,1600,1544,1570,5577,8772302
2021-01-20,GILB,1575,1575,1536,1545,3190,4930526
2021-01-21,GILB,1560,1680,1535,1579,4353,6854544
2021-01-24,GILB,1610,1669,1581,1650,9344,15316548
2021-01-25,GILB,1683,1690,1616,1640,4675,7664228
2021-01-26,GILB,1620,1660,1610,1640,28115,45563094
2021-01-27,GILB,1608,1715,1578,1710,10364,17260108
2021-01-28,GILB,1700,1810,1700,1809,30362,53932125
2021-01-31,GILB,1750,1785,1710,1730,10900,18965061
2021-02-01,GILB,1764,1810,1666,1810,8821,15075156
2021-02-02,GILB,1900,1918,1817,1884,30293,56538849
2021-02-03,GILB,1978,1978,1820,1860,19763,36296073
2021-02-04,GILB,1859,1930,1820,1925,21778,40961878
2021-02-07,GILB,1962,2117,1962,2117,24573,50535773
2021-02-08,GILB,2159,2190,1970,2070,15182,31680123
2021-02-09,GILB,2100,2100,1941,2000,10127,19960191
2021-02-10,GILB,2039,2039,1921,1990,10348,20601519
2021-02-11,GILB,1966,1966,1920,1935,10611,20577024
2021-02-14,GILB,1940,1943,1876,1943,10179,19344362
2021-02-15,GILB,1981,2137,1981,2137,12194,25452912
2021-02-16,GILB,2150,2235,2032,2110,9341,19480818
2021-02-17,GILB,2071,2071,2025,2046,4992,10209957
2021-02-18,GILB,2010,2050,2000,2025,7361,14820506
2021-02-21,GILB,2030,2050,1979,2000,2721,5450894
2021-02-22,GILB,1965,2003,1942,1980,6026,11851423
2021-02-23,GILB,1941,2000,1899,2000,8701,16766160
2021-02-24,GILB,2040,2080,1936,2017,6574,13260635
2021-02-25,GILB,1983,2000,1962,1980,2823,5604163
2021-02-28,GILB,1980,1980,1911,1918,8410,16248578
2021-03-01,GILB,1882,1980,1880,1951,6495,12640034
2021-03-02,GILB,1980,1980,1912,1935,4972,9593542
2021-03-03,GILB,1898,1935,1885,1888,6944,13234755
2021-03-04,GILB,1900,1980,1897,1937,9484,18424527
2021-03-07,GILB,1920,1963,1900,1900,9798,18952136
2021-03-09,GILB,1900,1927,1876,1895,6797,12908598
2021-03-10,GILB,1865,1905,1859,1883,4244,8040676
2021-03-14,GILB,1890,1890,1832,1850,6425,11898799
2021-03-15,GILB,1839,1874,1826,1854,6910,12827167
2021-03-16,GILB,1855,1922,1855,1895,6250,11768663
2021-03-17,GILB,1989,1989,1870,1933,6012,11463515
2021-03-18,GILB,1915,1975,1914,1970,4154,8085373
2021-03-21,GILB,2068,2135,2000,2100,14808,30456925
2021-03-22,GILB,2060,2100,2022,2045,9850,20252105
2021-03-23,GILB,2005,2090,2005,2075,8879,18276261
2021-03-24,GILB,2081,2101,2045,2090,9169,19159403
2021-03-25,GILB,2123,2131,2061,2067,7207,15114071
2021-03-29,GILB,2132,2132,2049,2089,5390,11269568
2021-03-30,GILB,2100,2179,2100,2169,8634,18525433
2021-03-31,GILB,2180,2200,2140,2150,12005,26152350
2021-04-01,GILB,2150,2150,2120,2140,7265,15479882
2021-04-04,GILB,2150,2185,2110,2145,6622,14118852
2021-04-05,GILB,2145,2187,2115,2148,12700,27213623
2021-04-06,GILB,2120,2195,2106,2194,7802,16975719
2021-04-07,GILB,2201,2259,2183,2230,12479,27883810
2021-04-08,GILB,2260,2450,2260,2444,20157,48418300
2021-04-12,GILB,2492,2680,2426,2620,28546,74082708
2021-04-13,GILB,2640,2665,2508,2508,12953,33241849
2021-04-15,GILB,2508,2551,2461,2501,9537,23944994
2021-04-18,GILB,2502,2600,2490,2535,12125,30733737
2021-04-19,GILB,2585,2598,2490,2493,10414,26183501
2021-04-20,GILB,2493,2560,2471,2544,10625,26949539
2021-04-21,GILB,2501,2545,2455,2455,15343,38292439
2021-04-22,GILB,2460,2552,2450,2514,10086,25289262
2021-04-25,GILB,2510,2510,2318,2391,20908,50317547
2021-04-26,GILB,2402,2504,2391,2420,40049,97672821
2021-04-27,GILB,2400,2662,2400,2650,30166,76882557
2021-04-28,GILB,2700,2730,2544,2640,19339,51249327
2021-04-29,GILB,2665,2665,2575,2645,15936,41753738
2021-05-02,GILB,2639,2700,2593,2688,11678,31083821
2021-05-03,GILB,2554,2856,2554,2777,23526,65510486
2021-05-04,GILB,2820,2905,2766,2860,20407,58311605
2021-05-05,GILB,2860,2871,2790,2799,14683,41571004
2021-05-06,GILB,2780,2785,2730,2735,14756,40666794
2021-05-09,GILB,2779,2798,2647,2738,10832,29658334
2021-05-10,GILB,2730,2822,2730,2810,8281,23099170
2021-05-11,GILB,2859,2899,2822,2834,7877,22484942
2021-05-12,GILB,2790,2840,2780,2800,8080,22708085
2021-05-13,GILB,2800,2855,2793,2830,9548,26888030
2021-05-16,GILB,2886,2927,2835,2890,8535,24695064
2021-05-17,GILB,2910,2925,2870,2880,4350,12550965
2021-05-18,GILB,2925,2925,2851,2879,4960,14240396
2021-05-19,GILB,2899,2909,2845,2885,7842,22543179
2021-05-20,GILB,2870,2899,2833,2845,6795,19362383
2021-05-23,GILB,2790,2840,2780,2832,11375,31923164
2021-05-24,GILB,2973,2973,2807,2812,5348,15145026
2021-05-25,GILB,2812,2858,2800,2806,4124,11623472
2021-05-27,GILB,2700,2800,2646,2744,18734,51150203
2021-05-30,GILB,2750,2809,2712,2740,17883,49323638
2021-05-31,GILB,2760,2778,2697,2700,10371,28258037
2021-06-01,GILB,2715,2754,2705,2735,12744,34809285
2021-06-02,GILB,2710,2760,2710,2755,3727,10223454
2021-06-03,GILB,2770,2816,2750,2788,8351,23348964
2021-06-06,GILB,2788,2828,2751,2763,7064,19612308
2021-06-07,GILB,2850,2850,2720,2740,5685,15600699
2021-06-08,GILB,2793,2793,2700,2758,13278,36164849
2021-06-09,GILB,2755,2755,2711,2726,11116,30395859
2021-06-10,GILB,2740,2998,2690,2980,40200,116331545
2021-06-13,GILB,3129,3191,2825,2920,49838,146502093
2021-06-14,GILB,2920,2920,2830,2840,16042,45754094
2021-06-15,GILB,2840,2840,2796,2809,14035,39422415
2021-06-16,GILB,2669,3000,2669,2850,15519,44611455
2021-06-17,GILB,2900,2900,2800,2800,10295,29003743
2021-06-20,GILB,2775,2840,2702,2739,13299,36595390
2021-06-21,GILB,2710,2770,2691,2700,11802,32089880
2021-06-22,GILB,2750,2795,2681,2786,7981,21724976
2021-06-23,GILB,2795,2795,2700,2710,6941,18892074
2021-06-24,GILB,2710,2710,2670,2670,4505,12133704
2021-06-27,GILB,2665,2718,2631,2667,6358,16932743
2021-06-28,GILB,2670,2739,2670,2720,6937,18785033
2021-06-29,GILB,2773,2820,2735,2745,9887,27523939
2021-06-30,GILB,2735,2735,2681,2690,7394,19940825
2021-07-01,GILB,2824,2824,2660,2675,7494,20168285
2021-07-04,GILB,2676,2700,2676,2683,2293,6159102
2021-07-05,GILB,2651,2699,2650,2670,7830,20976651
2021-07-06,GILB,2682,2715,2675,2706,6272,16934815
2021-07-07,GILB,2701,2740,2701,2721,4015,10915419
2021-07-08,GILB,2700,2770,2700,2755,3432,9444305
2021-07-11,GILB,2780,2900,2780,2831,8729,24640936
2021-07-12,GILB,2885,2885,2780,2784,9113,25742681
2021-07-13,GILB,2800,2820,2767,2798,2043,5716462
2021-07-14,GILB,2780,2840,2780,2800,2507,7035085
2021-07-15,GILB,2810,2823,2785,2815,6944,19477464
2021-07-18,GILB,2840,2890,2830,2879,4415,12671811
2021-07-19,GILB,2936,3050,2882,2895,8881,26047768.9
2021-07-20,GILB,2866.1,2900,2865.1,2900,3544,10205632.3
2021-07-22,GILB,2950,2950,2881,2885,4315,12508560.2
2021-07-25,GILB,2880,2963.1,2880,2949,8375,24645331.8
2021-07-26,GILB,2999,3005,2945,2966,5691,16864300.4
2021-07-27,GILB,2907,2907,2792,2876,15446,44094738.7
2021-07-28,GILB,2851,2890,2851,2856,3306,9480381.6
2021-07-29,GILB,2850,2884,2825,2841,3388,9620340.2
2021-08-01,GILB,2880,2885,2841,2866.2,3056,8753359.6
2021-08-02,GILB,2809,2840,2754,2780,25339,70677732.4
2021-08-03,GILB,2835.6,2850,2800,2828.9,9068,25586892.8
2021-08-04,GILB,2850,2850,2725,2745,12859,35558876.4
2021-08-05,GILB,2745,2750,2700,2712,9421,25601192.8
2021-08-08,GILB,2712,2798,2680,2694,9035,24543399.4
2021-08-09,GILB,2672,2710,2670,2670,4820,12937113.5
2021-08-10,GILB,2665,2734,2661,2711.1,3638,9863922.2
2021-08-11,GILB,2749.9,2749.9,2700,2712,2483,6738872.5
2021-08-12,GILB,2766.2,2766.2,2670,2679,4583,12310891.4
2021-08-15,GILB,2679,2732,2646.1,2695,4396,11809813.6
2021-08-16,GILB,2685.2,2700,2670.2,2686,5411,14506260.5
2021-08-17,GILB,2672,2672,2640,2644,5007,13287967
2021-08-18,GILB,2605,2633,2580,2614,7485,19479644.7
2021-08-19,GILB,2600,2757,2590,2640,11316,29729945.2
2021-08-24,GILB,2601,2620,2502,2580,5628,14499148.9
2021-08-25,GILB,2579.9,2579.9,2515,2529.9,4837,12272093.5
2021-08-26,GILB,2530,2571,2515,2545.5,2339,5967416
2021-08-29,GILB,2525.1,2546,2450,2499,5485,13659269.3
2021-08-31,GILB,2499,2499,2401,2424,5697,13794362.3
2021-09-01,GILB,2420,2465,2410,2433,5263,12823191.1
2021-09-02,GILB,2433,2433,2325.1,2366.1,8339,19757064.2
2021-09-05,GILB,2366.1,2366.1,2252,2297,8695,19983261
2021-09-06,GILB,2330,2396,2290,2396,4064,9522274.3
2021-09-07,GILB,2360,2397,2313,2327,4077,9555853
2021-09-08,GILB,2280.6,2300,2254,2270,4601,10454551
2021-09-09,GILB,2314,2347,2255,2255,3147,7154074.1
2021-09-12,GILB,2275,2295,2240,2280,5229,11850093.9
2021-09-13,GILB,2325,2371,2256,2270,3076,7050748.5
2021-09-14,GILB,2285,2320,2255,2278,3387,7738528.8
2021-09-15,GILB,2270,2270,2215.1,2230,5596,12498909.1
2021-09-16,GILB,2210,2243,2130,2135,8883,19151485.2
2021-09-20,GILB,2150,2157,1960,1984,10505,21541120.9
2021-09-21,GILB,1953,2070,1925,1961,6877,13798520.8
2021-09-22,GILB,2000.2,2157,2000,2135,5382,11179216.9
2021-09-23,GILB,2157.1,2265,2126,2175,6119,13474476.9
2021-09-26,GILB,2175,2180,2047,2047,3570,7472417.5
2021-09-27,GILB,2035,2076.1,1965,1980,3603,7209194
2021-09-28,GILB,1960,2000,1950,1961,3153,6213591.4
2021-09-29,GILB,1961.1,2038.8,1930,2004,3097,6106078.1
2021-09-30,GILB,2020,2041,1979,1990,3184,6367724.6
2021-10-03,GILB,1960,1998,1940,1941,3417,6683366.7
2021-10-04,GILB,1920,2000,1903,2000,5017,9896836
2021-10-05,GILB,2040,2120,2040,2071,4404,9203207.3
2021-10-06,GILB,2112.4,2278.1,2112.4,2278.1,9994,22758241.7
2021-10-10,GILB,2323.6,2487.9,2279,2290,11388,26718278.2
2021-10-11,GILB,2278.1,2290,2207,2266,5048,11355680.6
2021-10-17,GILB,2250,2299,2231,2265,2387,5419416.5
2021-10-18,GILB,2270,2270,2137,2143,4684,10288725
2021-10-19,GILB,2112,2141,2031,2080,3231,6727228.7
2021-10-20,GILB,2121.6,2149,2100,2149,2650,5626796.1
2021-10-21,GILB,2130,2170,2120,2149,2766,5923319
2021-10-24,GILB,2185,2200,2163,2200,2070,4509935.9
2021-10-25,GILB,2240,2265,2190,2254,4190,9355281.7
2021-10-26,GILB,2255,2305,2230,2305,7142,16233053.1
2021-10-27,GILB,2306,2351,2265,2324.9,5483,12714608.7
2021-10-28,GILB,2324.9,2330.1,2295,2300,2706,6237055.8
2021-10-31,GILB,2340,2380,2275,2380,5940,13992045.7
2021-11-01,GILB,2400,2400,2298,2298,4573,10595186
2021-11-02,GILB,2300,2307,2271.1,2307,1638,3761491.8
2021-11-03,GILB,2300,2300,2280,2280,1511,3461047.8
2021-11-08,GILB,2315,2390,2290,2307.9,3870,8994892.1
2021-11-09,GILB,2308,2308,2240.1,2250,2731,6169319.2
2021-11-11,GILB,2225,2232,2181,2182,2533,5565988.2
2021-11-14,GILB,2200,2225,2147,2157,845,1834028.2
2021-11-15,GILB,2160,2200,2157,2199,1425,3130570
2021-11-16,GILB,2220,2240,2191.1,2235,1526,3391771
2021-11-17,GILB,2255,2270,2230,2230,2203,4942411.1
2021-11-18,GILB,2263,2263,2186,2199,1917,4226956.4
2021-11-21,GILB,2242.9,2299.9,2202,2241,3549,7980914.1
2021-11-22,GILB,2270,2280,2250,2269,3427,7772142.6
2021-11-23,GILB,2250,2250,2225,2240,2917,6510446.6
2021-11-24,GILB,2249,2249,2220,2227,737,1645974.4
2021-11-25,GILB,2200,2249,2198.1,2249,1825,4070726.6
2021-11-28,GILB,2210,2245,2180.1,2185,4931,10909518.6
2021-11-29,GILB,2209,2228,2170,2175.1,7625,16732530.1
2021-11-30,GILB,1699,1799,1675,1690,2911,4982426
2021-12-01,GILB,1700,1700,1640,1640,2090,3492678
2021-12-02,GILB,1649,1649,1567,1575,2112,3359911
2021-12-05,GILB,1575,1575,1481,1495,4032,6072300.5
2021-12-06,GILB,1495,1600,1451,1568,5873,8747227.5
2021-12-07,GILB,1598,1598,1550,1550,3335,5272157.6
2021-12-08,GILB,1549.9,1550,1485,1487,2172,3277177.2
2021-12-09,GILB,1514.9,1514.9,1443,1500,3311,4836471.9
2021-12-12,GILB,1500,1500,1455,1458,2163,3169858.3
2021-12-13,GILB,1428.9,1450,1390,1405,3776,5332185.8
2021-12-14,GILB,1430,1490,1415,1485,626,907295
2021-12-15,GILB,1514,1562,1460,1471,2121,3215877.3
2021-12-16,GILB,1500,1519,1461,1461,1039,1544536
2021-12-20,GILB,1461,1520,1461,1470,5482,8116565
2021-12-21,GILB,1495,1499,1470,1494,2449,3631496.7
2021-12-22,GILB,1494,1569,1494,1560,2338,3593942
2021-12-23,GILB,1585,1601,1568,1571,3609,5715475.5
2021-12-26,GILB,1600,1657,1600,1635,3914,6372280.4
2021-12-27,GILB,1660,1660,1569.1,1595,1937,3112637
2021-12-28,GILB,1595,1615,1534,1589,1037,1637011.7
2021-12-29,GILB,1585,1588,1562.1,1566,966,1518667.1
2022-01-02,GILB,1570,1621,1570,1601,2261,3646706
2022-01-03,GILB,1633,1665,1627,1651,3562,5859631.4
2022-01-04,GILB,1618,1690,1618,1685,9008,14914225.8
2022-01-05,GILB,1715,1715,1648,1649,2237,3723233.3
2022-01-06,GILB,1617,1680,1610,1678,1090,1803385.9
2022-01-09,GILB,1705,1746,1695,1725,3315,5690376.7
2022-01-10,GILB,1750,1750,1708,1717,2006,3441842.6
2022-01-11,GILB,1740,1840,1722,1820,5888,10508734.8
2022-01-12,GILB,1856,1856,1750,1750,2482,4489756.2
2022-01-13,GILB,1785,1850,1760,1845,3402,6169247.4
2022-01-16,GILB,1881,1890,1845,1875,5978,11102683.1
2022-01-17,GILB,1838,1894,1838,1888,3941,7346689.7
2022-01-18,GILB,1856,1893,1831,1832,2923,5414688.8
2022-01-19,GILB,1850,1866,1790,1800,2566,4645548
2022-01-20,GILB,1834,1850,1766.1,1850,4068,7272848.1
2022-01-23,GILB,1877,1877,1775,1808,3867,7003777
2022-01-24,GILB,1785,1790,1740,1740,2850,5025490.8
2022-01-25,GILB,1774.8,1810,1711,1760,2532,4418797.4
2022-01-26,GILB,1726,1745.5,1690,1728,3853,6566735.1
2022-01-27,GILB,1730,1797,1677,1740,2329,3953284
2022-01-30,GILB,1774,1799.9,1760.1,1784,1541,2741564.5
2022-01-31,GILB,1785,1785,1750,1777,1336,2357180.5
2022-02-01,GILB,1776,1823,1741.5,1741.5,4738,8477171.4
2022-02-03,GILB,1776,1776,1740.5,1765,4184,7342765.7
2022-02-06,GILB,1730,1779,1710,1737,988,1725060.7
2022-02-07,GILB,1737,1769,1735,1743,1036,1812840
2022-02-08,GILB,1760.4,1774,1722,1722,2424,4226165.5
2022-02-09,GILB,1730,1751,1648.4,1700,3465,5829629
2022-02-10,GILB,1714.5,1714.5,1672.1,1705,759,1288598
2022-02-13,GILB,1686,1686,1600,1615,4570,7428235.3
2022-02-14,GILB,1610,1635,1600,1620,2532,4101884
2022-02-15,GILB,1650,1685,1612.6,1655,1113,1827930.6
2022-02-16,GILB,1654,1654,1632,1639,818,1341918.5
2022-02-17,GILB,1668,1668,1634,1637,548,902244
2022-02-20,GILB,1605.1,1631,1573,1610,2563,4100564.3
2022-02-21,GILB,1585.1,1672,1585.1,1640,1426,2334046.2
2022-02-22,GILB,1623,1704,1623,1650,1126,1879051.7
2022-02-23,GILB,1679,1679,1617.2,1626,2494,4059520
2022-02-24,GILB,1600.2,1605,1580,1585,3007,4783535.9
2022-02-27,GILB,1565,1594,1565,1589,791,1248101.3
2022-02-28,GILB,1560,1602,1560,1585,1415,2229974.1
2022-03-02,GILB,1556.1,1560,1530,1550,1431,2218449.7
2022-03-06,GILB,1581,1600,1540,1550,1402,2175004
2022-03-07,GILB,1550,1580,1540,1555,616,956809.7
2022-03-09,GILB,1586,1586,1550,1556,1779,2764960
2022-03-10,GILB,1560,1575,1556,1566.5,413,645973
2022-03-13,GILB,1570.5,1629,1570.5,1620,533,861032.5
2022-03-14,GILB,1620,1652,1572,1652,2367,3749519
2022-03-15,GILB,1685,1689.8,1586.7,1600,3624,5806745.9
2022-03-16,GILB,1606,1631.5,1606,1611,1116,1807194
2022-03-20,GILB,1588,1625,1581,1620,1352,2153231.4
2022-03-21,GILB,1630,1652.4,1590,1610,267,429588.1
2022-03-22,GILB,1597,1620,1595,1602,919,1475001.9
2022-03-23,GILB,1634,1634,1601.4,1628,1131,1832835.6
2022-03-24,GILB,1628,1630,1610,1615,629,1016389
2022-03-27,GILB,1600,1601,1591.1,1591.1,907,1450060
2022-03-28,GILB,1561,1590,1561,1585,1067,1676736.2
2022-03-29,GILB,1556,1580.9,1556,1560,175,273165.2
2022-03-30,GILB,1541,1590,1541,1586,226,356363.8
2022-03-31,GILB,1597,1604,1596,1604,647,1033467.6
2022-04-03,GILB,1605,1609,1570,1590,666,1052796
2022-04-04,GILB,1558.2,1585,1530,1543,2669,4122123.3
2022-04-05,GILB,1540,1540,1514,1525,1063,1615950.8
2022-04-06,GILB,1525,1525,1504.5,1510,690,1046977.5
2022-04-07,GILB,1540,1540,1495.4,1500,1438,2167332
2022-04-11,GILB,1500,1500,1451,1470,2730,4003531.4
2022-04-12,GILB,1451.5,1480,1441,1452,1716,2486267.5
2022-04-13,GILB,1440,1470,1430,1469,836,1204786
2022-04-17,GILB,1475,1475,1445.5,1455,749,1087930.5
2022-04-18,GILB,1430,1445,1426,1434,990,1420254.5
2022-04-19,GILB,1450.4,1451,1422,1438,830,1192942.7
2022-04-20,GILB,1444,1444,1420,1420,988,1407553.2
2022-04-21,GILB,1425,1425,1380,1400,1494,2080922
2022-04-24,GILB,1400,1505.4,1372,1480,3383,4709965.4
2022-04-25,GILB,1455,1470,1425,1425,1310,1896323.5
2022-04-26,GILB,1453.5,1482.5,1421,1421,1298,1868099.5
2022-04-27,GILB,1404,1420,1393,1403.1,737,1034946.5
2022-04-28,GILB,1410,1425,1404,1414,670,945498.8
2022-05-02,GILB,1390,1400,1388,1390,1209,1685129.7
2022-05-04,GILB,1365.1,1389,1365.1,1384,408,561284.4
2022-05-05,GILB,1365,1383,1315,1330,3845,5131550.5
2022-05-08,GILB,1356,1356,1285,1305,1839,2387341.3
2022-05-09,GILB,1331.1,1331.1,1295,1310,1792,2350937.8
2022-05-10,GILB,1330,1330,1300,1319,3518,4603225.9
2022-05-11,GILB,1325,1352,1300,1350,3976,5265372
2022-05-12,GILB,1335,1370,1335,1349,2402,3255211.7
2022-05-17,GILB,1340,1340,1274.1,1299,912,1182748.6
2022-05-18,GILB,1275,1310,1274,1299,2038,2631472.5
2022-05-19,GILB,1286,1305,1275,1278,900,1161309.6
2022-05-20,GILB,1290,1300,1270,1280,1766,2264817
2022-05-23,GILB,1270,1274.1,1245,1245,1345,1689270.6
2022-05-24,GILB,1245,1269,1245,1266.2,940,1182399.1
2022-05-25,GILB,1269.9,1290,1250,1290,621,792676.3
2022-05-26,GILB,1309,1315,1295,1300,1047,1370982.3
2022-05-27,GILB,1305,1315,1273.5,1300,2238,2864153.2
2022-05-30,GILB,1280,1297,1274,1281,386,493358
2022-05-31,GILB,1258.1,1299,1249,1270,1152,1455559
2022-06-01,GILB,1265.1,1280,1251.2,1265,897,1135367.5
2022-06-02,GILB,1265,1280,1220.1,1231,2540,3126012.1
2022-06-03,GILB,1212,1231,1210,1228,1399,1699204.7
2022-06-06,GILB,1205,1242.9,1205,1238,1317,1627950
2022-06-07,GILB,1219,1240,1216,1221.1,1662,2032307
2022-06-08,GILB,1245.5,1285,1211,1285,989,1234321.9
2022-06-09,GILB,1275,1301,1250,1250,1883,2411075.5
2022-06-10,GILB,1250,1275,1250,1250,969,1221708
2022-06-13,GILB,1230,1249.9,1225,1240,711,878205
2022-06-14,GILB,1223,1235,1215.5,1215.5,1192,1464145.8
2022-06-15,GILB,1215.5,1216,1190,1192.1,1773,2119529.6
2022-06-16,GILB,1195,1198,1190,1190,1746,2081570
2022-06-17,GILB,1200,1200.1,1196,1200,259,310488
2022-06-19,GILB,1190,1200,1186.1,1187,1418,1687988.5
2022-06-20,GILB,1195,1195,1152.1,1152.1,3401,4005922.6
2022-06-21,GILB,1175,1203.6,1175,1180,5753,6827093.7
2022-06-22,GILB,1159,1204.8,1159,1190,2286,2718599
2022-06-23,GILB,1166.2,1188.9,1135,1160,1876,2166465.3
2022-06-24,GILB,1140,1175.6,1130,1160,2205,2538755
2022-06-26,GILB,1183,1269,1175,1250,2776,3446209.7
2022-06-27,GILB,1275,1275,1222,1222,2418,3011104
2022-06-28,GILB,1246,1246,1197.6,1203,528,643768
2022-06-29,GILB,1200,1251.5,1200,1251.5,1058,1312146.1
2022-06-30,GILB,1260,1360,1250,1345,4353,5807807.9
2022-07-01,GILB,1370,1399,1330,1344,3015,4068890.8
2022-07-03,GILB,1332,1420,1332,1420,2116,2877245
2022-07-04,GILB,1448,1449,1355,1360,5111,7217568.2
2022-07-05,GILB,1333,1374,1318,1318,2400,3203266.6
2022-07-06,GILB,1291.7,1317,1268,1317,1833,2379058
2022-07-07,GILB,1343,1368,1293.2,1323,983,1297267.7
2022-07-08,GILB,1323,1323,1274,1280,1009,1292507.2
2022-07-11,GILB,1255,1260,1205,1209,2659,3258245.6
2022-07-12,GILB,1233,1247,1195,1200,2541,3093337.6
2022-07-13,GILB,1201.5,1269,1200,1265,1481,1842162.2
2022-07-14,GILB,1290,1309,1260,1285,1696,2168035.3
2022-07-15,GILB,1261,1300,1261,1299,697,901284
2022-07-17,GILB,1324,1342,1300,1335,2008,2664267.9
2022-07-18,GILB,1359,1377,1315.2,1377,2376,3230141.1
2022-07-19,GILB,1404.5,1409,1372,1393,3856,5372268.1
2022-07-20,GILB,1419,1443,1390,1395,1502,2098688.1
2022-07-21,GILB,1370.1,1398,1369,1380,1223,1692328.4
2022-07-22,GILB,1380,1380,1354,1354,1866,2549028
2022-07-24,GILB,1375,1451,1361,1405,2025,2819376.6
2022-07-25,GILB,1430,1456,1410,1451,5031,7218452
2022-07-26,GILB,1475,1475,1408,1408,5590,7994474.5
2022-07-27,GILB,1408,1422,1379.9,1414,1936,2717947.2
2022-07-28,GILB,1421,1440,1385.8,1408,4810,6835414.1
2022-07-29,GILB,1390,1410,1390,1400,912,1276405.7
2022-07-31,GILB,1372,1449.9,1372,1420,1901,2674758
2022-08-01,GILB,1445,1445,1393,1395,2798,3941700.2
2022-08-02,GILB,1370,1409,1368,1395,1761,2441046
2022-08-03,GILB,1420,1420,1368,1370,2852,3957661.4
2022-08-04,GILB,1380,1389,1361,1365,2228,3060036.6
2022-08-05,GILB,1345.5,1355,1335,1347,1090,1460694.3
2022-08-07,GILB,1360,1414.7,1335,1360,2072,2819501
2022-08-08,GILB,1387,1387,1345,1345,1549,2108450
2022-08-09,GILB,1340,1348,1325,1327,1683,2239797.9
2022-08-10,GILB,1327,1327,1300.5,1310.1,2097,2755348.6
2022-08-11,GILB,1336,1336,1288.7,1305,2604,3380294.7
2022-08-14,GILB,1320,1330,1290,1290.1,2028,2650208.3
2022-08-15,GILB,1315,1335,1300,1318,1944,2537788.9
2022-08-16,GILB,1318,1335,1303.4,1303.4,2332,3062394.8
2022-08-17,GILB,1280,1329.4,1280,1305.2,1184,1561562.1
2022-08-18,GILB,1330,1340,1310,1330,1410,1871739.9
2022-08-21,GILB,1350,1350,1313,1321,2418,3209330
2022-08-22,GILB,1322.3,1322.3,1296,1322,2975,3874722.6
2022-08-23,GILB,1311,1320,1300,1320,698,914258
2022-08-24,GILB,1345,1345,1315,1320,337,445055
2022-08-25,GILB,1322,1325,1306,1314,786,1029679.7
2022-08-26,GILB,1288.2,1305,1288.2,1305,695,897709.6
2022-08-28,GILB,1295,1295,1270,1280,948,1212527.7
2022-08-29,GILB,1255,1290,1255,1265,995,1261247.5
2022-08-30,GILB,1290,1290,1269,1269,691,882167
2022-08-31,GILB,1251,1269,1235,1245,2004,2492858.5
2022-09-01,GILB,1250,1250,1225,1244,828,1026947
2022-09-02,GILB,1244,1244,1230,1231.1,323,399371
2022-09-04,GILB,1255.7,1256,1225,1240,795,982005
2022-09-05,GILB,1253,1254,1230,1230,1353,1673059.2
2022-09-06,GILB,1235,1240,1210.6,1234.9,1189,1448530.6
2022-09-07,GILB,1220,1234.5,1210,1225,1071,1301193.5
2022-09-08,GILB,1205,1347.5,1202,1280,801,1001986.4
2022-09-11,GILB,1305.6,1309,1265,1270.1,235,301342
2022-09-12,GILB,1250,1271,1236,1236,736,919050
2022-09-13,GILB,1213,1265,1212,1255,1030,1278291.2
2022-09-14,GILB,1264,1280,1251,1275,1268,1610058
2022-09-15,GILB,1251.1,1270,1227,1227,1011,1255052.2
2022-09-16,GILB,1203,1218.9,1195,1200,1504,1807043.8
2022-09-18,GILB,1193,1196,1180,1180,1424,1690208.9
2022-09-20,GILB,1175,1200,1158,1158,1397,1641616.5
2022-09-21,GILB,1181.1,1204.7,1164,1169.8,681,798384
2022-09-22,GILB,1178,1180,1156.4,1156.5,1067,1239654.5
2022-09-25,GILB,1152,1175,1132,1140,2571,2940131
2022-09-27,GILB,1162,1185.2,1118.2,1145,802,928320
2022-09-28,GILB,1167.9,1167.9,1151,1155,341,395186
2022-09-29,GILB,1178.1,1199,1170,1180,783,926771.5
2022-10-09,GILB,1196,1214,1171.1,1213,975,1170276.2
2022-10-10,GILB,1237.2,1237.2,1190,1194,983,1182373
2022-10-11,GILB,1194,1218,1190,1198,1803,2163555
2022-10-12,GILB,1200,1200,1185,1190,1685,2007047.6
2022-10-13,GILB,1170.1,1210,1170,1190,508,602258.1
2022-10-16,GILB,1186,1200,1170,1170,1052,1246583
2022-10-17,GILB,1170,1189.8,1162,1165,1081,1267804.5
2022-10-19,GILB,1160,1167,1145,1150,999,1151271.3
2022-10-20,GILB,1127.1,1160,1115,1141,925,1043530.6
2022-10-23,GILB,1145,1180,1145,1165,317,367105
2022-10-31,GILB,1167,1180,1165,1167,706,826901
2022-11-01,GILB,1167,1208.7,1167,1205,2551,3035066.5
2022-11-02,GILB,1190,1240,1182,1239,1280,1557850.2
2022-11-03,GILB,1214.4,1240,1214.4,1231,1508,1857088.2
2022-11-06,GILB,1239,1280,1220,1280,3982,5022391
2022-11-07,GILB,1254.4,1254.4,1181,1207,11612,14143204.2
2022-11-08,GILB,1220,1220,1198,1199,959,1152701.3
2022-11-09,GILB,1200,1200,1181,1185,1551,1838612.5
2022-11-10,GILB,1165.1,1193,1152.1,1152.1,1713,1995052.6
2022-11-13,GILB,1168,1168,1141.1,1141.1,480,551094
2022-11-14,GILB,1150,1150,1140,1146,570,654213
2022-11-15,GILB,1165,1167,1144,1144,765,889285
2022-11-16,GILB,1150,1151.5,1131,1140,830,948528
2022-11-17,GILB,1150,1164.9,1134.5,1140,1601,1837691.6
2022-11-22,GILB,1130.4,1145,1130.3,1136,766,872223.6
2022-11-23,GILB,1127,1140,1127,1140,611,690841
2022-11-24,GILB,1121,1143,1121,1140,647,736215
2022-11-27,GILB,1160,1162.8,1140,1162.8,2294,2636963.4
2022-11-28,GILB,1160,1175,1150,1150,977,1129227.9
2022-11-29,GILB,1145,1173,1145,1170,744,865365.5
2022-11-30,GILB,1170,1180,1155.1,1180,733,853936.4
2022-12-01,GILB,1195,1198,1156.4,1156.4,1602,1869332
2022-12-04,GILB,1158,1178,1150,1152,602,697423
2022-12-05,GILB,1151.6,1175,1151.6,1152.1,875,1010572.3
2022-12-06,GILB,1140.6,1155,1140,1140,1714,1962165.5
2022-12-07,GILB,1137,1150,1137,1150,190,217613.5
2022-12-11,GILB,1130,1140,1118,1140,651,735563.5
2022-12-12,GILB,1140,1140,1128,1129,1238,1399149
2022-12-13,GILB,1150,1150,1127,1135,557,633105
2022-12-14,GILB,1126.1,1140,1126,1140,863,980329.5
2022-12-15,GILB,1125,1160,1125,1140,463,530482
2022-12-18,GILB,1121.1,1130,1118,1118,1004,1127530.5
2022-12-19,GILB,1112,1140,1112,1140,1062,1189458
2022-12-20,GILB,1118,1140.4,1118,1127,610,684957.5
2022-12-21,GILB,1130,1130,1117.1,1117.4,518,581738.4
2022-12-22,GILB,1115,1120,1108.4,1119,1956,2174471.1
2022-12-26,GILB,1141,1155,1105,1137.5,3510,3902596.6
2022-12-27,GILB,1158,1170,1137,1151,2580,2977018.5
2022-12-28,GILB,1160,1160,1136.8,1140,1939,2225073
2022-12-29,GILB,1140,1160.9,1140,1155,2351,2720639
2023-01-01,GILB,1165,1190,1160,1190,6183,7297012.8
2023-01-02,GILB,1200,1272,1185,1260,3543,4366335.5
2023-01-03,GILB,1260,1284.9,1247,1279,3781,4796482.8
2023-01-04,GILB,1285,1350,1246.1,1350,9228,11876414.1
2023-01-05,GILB,1375,1392,1311,1340,6246,8394430.3
2023-01-08,GILB,1320,1364,1290,1328,4753,6324561.5
2023-01-09,GILB,1333,1333,1305,1313,3478,4587644.7
2023-01-10,GILB,1315,1339.9,1270.2,1270.2,5030,6598687.4
2023-01-12,GILB,1270,1326,1230,1230,6117,7852587.6
2023-01-17,GILB,1232,1275,1231,1260,1880,2362612
2023-01-18,GILB,1285.2,1359,1241,1247,3638,4615613.2
2023-01-19,GILB,1222.1,1222.1,1175,1200,8571,10286758.2
2023-01-23,GILB,1186,1205,1164.6,1165.1,4838,5722536.6
2023-01-24,GILB,1164,1180,1150.1,1154,3474,4028597.1
2023-01-25,GILB,1177,1212,1170,1190,3876,4590167
2023-01-26,GILB,1180.1,1199,1180,1181,803,950376.2
2023-01-29,GILB,1166,1198,1160,1183,520,612437.5
2023-01-30,GILB,1170,1188,1146.6,1150,2341,2722672.6
2023-01-31,GILB,1136,1172,1136,1140,2558,2933647.5
2023-02-01,GILB,1149,1158,1138,1155,1572,1803730.4
2023-02-02,GILB,1140,1147,1140,1140,1379,1576852.3
2023-02-05,GILB,1125.1,1159.9,1125,1147,923,1052837.1
2023-02-06,GILB,1132.5,1154.1,1132.1,1143.4,1029,1179343.3
2023-02-07,GILB,1143,1172.6,1143,1172.6,2788,3233142.7
2023-02-08,GILB,1180,1195,1150,1150,2298,2689494.1
2023-02-09,GILB,1160,1169,1150.1,1160.2,939,1092026.3
2023-02-12,GILB,1150,1164,1139,1147,1255,1440141.1
2023-02-14,GILB,1158,1158,1124,1126.4,1791,2024443
2023-02-15,GILB,1148.6,1150,1111,1129.9,1992,2240909.6
2023-02-16,GILB,1130,1151.9,1124,1124,1763,1992551.5
2023-02-20,GILB,1110,1129.9,1110,1118.2,1391,1553883.7
2023-02-22,GILB,1111.1,1125,1097,1098,3344,3702226.2
2023-02-23,GILB,1076.1,1076.1,988.2,988.2,9097,9071720.9
2023-02-26,GILB,968.5,1000.6,900,1000,4462,4239977
2023-02-27,GILB,1000,1041.4,1000,1003.5,12735,13086706.4
2023-02-28,GILB,913.8,926,891.8,905,2657,2407076.9
2023-03-01,GILB,887,899,871,871,1773,1562897
2023-03-02,GILB,854,854,810,810,7983,6552411.7
2023-03-05,GILB,796,811.9,760,760,6277,4937386
2023-03-07,GILB,750,793.9,750,752.1,6061,4677206.2
2023-03-09,GILB,741,781,741,760,5718,4393366
2023-03-12,GILB,775,790.7,750,758,5738,4383405.1
2023-03-13,GILB,760,761.5,748.5,751,1583,1189870.6
2023-03-14,GILB,760,775.2,748,774,3139,2375297.2
2023-03-15,GILB,760,765,747,747,1566,1179635.5
2023-03-16,GILB,747,749.9,735,749,947,703125.5
2023-03-19,GILB,749,760,733.1,741,1118,823372
2023-03-20,GILB,754,754,727.1,740.1,1371,1013280
2023-03-22,GILB,740,753.8,728,728,3238,2375159.1
2023-03-23,GILB,717.1,725,712,712,2796,1999250.4
2023-03-26,GILB,698.1,712,691,695,3753,2618056.9
2023-03-27,GILB,696,696,665.1,684.9,4855,3267744.8
2023-03-28,GILB,698.5,709,676,703.9,5859,4087477.1
2023-03-29,GILB,691,727.1,689.9,724,3108,2206582.8
2023-03-30,GILB,737,737,713,720,2473,1780944.7
2023-04-02,GILB,720,727.2,708,710,9886,7070036.7
2023-04-03,GILB,696,719,687,710,4185,2971722.3
2023-04-04,GILB,724,764.9,691,764.9,5792,4239809.6
2023-04-05,GILB,769,815,734.8,794.9,4739,3625635.1
2023-04-06,GILB,810,839,761,838,5891,4705571
2023-04-09,GILB,840,856,768.4,856,6065,4837406.1
2023-04-10,GILB,839,839,792.9,800,3110,2493512.5
2023-04-11,GILB,808.9,808.9,768,785,895,702765.2
2023-04-12,GILB,800.7,861,790.1,845,4772,3935663.2
2023-04-13,GILB,861.9,863.5,810,810,6761,5605747
2023-04-16,GILB,805,834.7,805,828.9,1208,992815.6
2023-04-17,GILB,813.1,840,784,800,3157,2514127.3
2023-04-18,GILB,784,815,784,805,816,650138.1
2023-04-19,GILB,788.9,838,780,824.9,3566,2910711.3
2023-04-20,GILB,840,840,792.5,803.7,4498,3647203.6
2023-04-23,GILB,790.1,818.9,773.4,814.7,3071,2390179.8
2023-04-24,GILB,814,815,782,807.8,922,734647.4
2023-04-25,GILB,800,800,791.7,799,646,514115.6
2023-04-26,GILB,801,801,780,790,1184,930658
2023-04-27,GILB,778,800,775,798.8,701,549061.7
2023-04-30,GILB,804,804,767.5,789,1257,976280.3
2023-05-02,GILB,774,800,773.3,785,160,124560.2
2023-05-03,GILB,772.5,780,769.3,780,554,426937
2023-05-04,GILB,770,785,755,785,2398,1825594
2023-05-07,GILB,800.7,800.7,720.3,770,2062,1540859
2023-05-08,GILB,769.9,775,718,757.9,1458,1077323.4
2023-05-09,GILB,770,770,750,750,799,602389.5
2023-05-10,GILB,765,765,749.7,750,65,48873.2
2023-05-11,GILB,735,760,725,753.7,2088,1525291
2023-05-14,GILB,740,760,721,721.1,1970,1433558.4
2023-05-15,GILB,725,733.9,711,728.9,2161,1553382.4
2023-05-16,GILB,716.2,729.8,701,727,3773,2675677.9
2023-05-17,GILB,713,740,713,731.1,895,651716.7
2023-05-18,GILB,716.6,751,716.6,751,2286,1676042.5
2023-05-21,GILB,765.9,772.5,725.9,760,2618,1959465.3
2023-05-22,GILB,745,771,731,759.9,2265,1686859.2
2023-05-23,GILB,769.9,833,754.6,820.1,14806,11549031.9
2023-05-24,GILB,805.1,860,805.1,860,5606,4685087.6
2023-05-28,GILB,877.2,877.2,814,841.9,7095,6002098.4
2023-05-30,GILB,830,830,786.4,803,4428,3536887.2
2023-05-31,GILB,787,819,770,804.9,2367,1886353.6
2023-06-01,GILB,804,820,789,813,5469,4399566.7
2023-06-04,GILB,829.2,845.7,809,823,1645,1353437.9
2023-06-05,GILB,830,838,803.6,805,1672,1359741.6
2023-06-06,GILB,805,815,800,815,1227,993255.9
2023-06-07,GILB,820,836.4,796,817,3345,2749439.5
2023-06-08,GILB,801,833,801,824,2042,1659393.8
2023-06-11,GILB,820,839.9,808,836.4,3557,2948778.1
2023-06-12,GILB,853,869.9,819.2,837.9,3946,3277870.3
2023-06-13,GILB,854,869,824,864.9,20078,16911306.6
2023-06-14,GILB,877.9,927.9,850.1,897,10168,9020966.7
2023-06-15,GILB,910,910,875,882,2133,1887630.4
2023-06-18,GILB,899.6,908.9,868,908.8,6948,6196655.4
2023-06-19,GILB,923,939,888,933,12517,11434876.4
2023-06-20,GILB,951.6,990,900,912,8382,7650293.9
2023-06-21,GILB,893.8,910,865,884.9,2823,2502922.4
2023-06-22,GILB,875,906,875,906,5106,4552990.3
2023-06-25,GILB,906,913.9,888,910,7815,7047788.4
2023-06-26,GILB,892,938,892,930,6487,5992059.4
2023-06-27,GILB,930,1020,930,996.9,11542,11299694.9
2023-06-28,GILB,1001,1001,940,940,7746,7416625.2
2023-07-02,GILB,922,941.1,901.6,910,5174,4768490.6
2023-07-03,GILB,920,928,876,880,3321,2941716.4
2023-07-04,GILB,862.4,904.9,862.4,900,6124,5448623.7
2023-07-05,GILB,901,929.2,901,920,14872,13653711.8
2023-07-06,GILB,902,925,870,925,3135,2833600.4
2023-07-09,GILB,932,932.9,915,917,4604,4236315.9
2023-07-10,GILB,934.5,934.9,900,928.2,2399,2188046.1
2023-07-11,GILB,946.7,1002,906,1002,4814,4443348.5
2023-07-12,GILB,1020,1081,942,1007,6089,6018369.5
2023-07-13,GILB,1027,1027,970,1010,5366,5325479
2023-07-16,GILB,1020,1061,970,1061,6715,6687046
2023-07-17,GILB,1039.8,1059,961,1054.9,10661,10822348.6
2023-07-18,GILB,1075.9,1075.9,1006,1048,6085,6385243.4
2023-07-19,GILB,1068,1089,1020,1049.9,4727,4906522.1
2023-07-20,GILB,1050,1106.7,1002.8,1106.7,4035,4155037.3
2023-07-23,GILB,1084.6,1105,1060,1080,2959,3175628
2023-07-24,GILB,1089,1089,1030,1089,5044,5352771.9
2023-07-25,GILB,1110.7,1110.7,1030,1051,2336,2444021.3
2023-07-26,GILB,1030,1048,989.5,1005,4353,4409506.6
2023-07-27,GILB,1020,1020,955,1005,6929,6785945.9
2023-07-30,GILB,985,988.1,940,988.1,3725,3591337.3
2023-07-31,GILB,1007.8,1007.8,952,977,2339,2253932.7
2023-08-01,GILB,964.1,976,940.9,951.1,924,879367.5
2023-08-02,GILB,968,968,932.2,949.7,660,622164.2
2023-08-03,GILB,968.6,997,931,967.8,2459,2336299.4
2023-08-06,GILB,987,1025,890,943.5,2131,1952382.7
2023-08-07,GILB,962.3,963.6,907.1,963.6,4135,3866543.6
2023-08-08,GILB,982.8,982.8,914,940.9,743,688536.4
2023-08-09,GILB,958.5,958.5,907.5,925,230,213235
2023-08-10,GILB,943.5,959.6,919.3,934,1442,1335065.5
2023-08-13,GILB,934,950,890,920,1714,1556803.9
2023-08-14,GILB,938.4,947.9,890,914.9,4213,3801097.3
2023-08-15,GILB,930,930,875,909,4886,4324148.8
2023-08-16,GILB,924,924,877,912,1863,1662062.7
2023-08-17,GILB,930.2,930.2,860,915,4652,4103323
2023-08-20,GILB,915,929,842.8,848.1,4931,4253799.1
2023-08-21,GILB,840,881.2,836,857.8,2089,1769846.7
2023-08-22,GILB,874.9,874.9,838,859.1,1683,1430487.8
2023-08-23,GILB,869,869,852,857,2111,1815467.5
2023-08-24,GILB,874,874,841,861,1873,1607261.8
2023-08-27,GILB,860,866,827,841,1709,1425040.1
2023-08-28,GILB,831,850,831,844,571,478289.1
2023-08-29,GILB,860,860,833.3,844.9,906,763704.8
2023-08-30,GILB,861.7,861.7,835.1,848.9,919,769875.6
2023-09-03,GILB,865.8,865.8,822.3,837,1624,1351059
2023-09-04,GILB,853.7,853.7,815,833,1773,1461377.8
2023-09-05,GILB,845,845,819,832.9,356,295451.7
2023-09-07,GILB,849,849,804.1,820.1,607,497951.9
2023-09-10,GILB,836,864.9,803.7,864,2122,1736806.3
2023-09-11,GILB,874.9,875,809,868.9,1507,1291570.7
2023-09-12,GILB,886.2,886.2,835,861,589,502720.5
2023-09-13,GILB,878.2,878.2,830,867.9,3630,3102730.9
2023-09-17,GILB,885.2,885.2,825.2,849.8,984,823137.2
2023-09-18,GILB,866.7,899.9,817.1,863,1306,1095839.7
2023-09-19,GILB,874.8,874.8,835,860,2398,2042686.5
2023-09-21,GILB,843,894.5,843,885,5106,4477835.1
2023-09-24,GILB,902.7,902.7,850.1,888.9,2507,2202174.2
2023-09-25,GILB,906.6,906.6,865,889.9,768,674206.9
2023-09-26,GILB,873,902.9,873,897,2963,2668050.4
2023-09-27,GILB,914.9,914.9,866,894.9,1529,1349840.4
2023-10-01,GILB,894,948,855,948,2621,2289455.2
2023-10-02,GILB,966.9,966.9,853.2,901,2515,2252524.1
2023-10-03,GILB,883,959.9,870,884.2,1295,1154793.7
2023-10-04,GILB,866.6,954,866.6,912,3315,2964930.2
2023-10-05,GILB,893.8,929.8,875,913,1852,1652101.1
2023-10-08,GILB,900,900,850,892.6,1851,1607094.7
2023-10-09,GILB,910,910,841.2,904.8,3192,2773081.1
2023-10-10,GILB,922.8,922.8,850.1,904,1571,1390305
2023-10-11,GILB,886,900,851.2,900,1298,1138973.4
2023-10-12,GILB,882,899.4,845.1,879.3,2103,1812074.8
2023-10-16,GILB,862.1,862.1,840,855,1490,1264370.4
2023-10-17,GILB,872.1,905.5,837.9,874,1012,862299.6
2023-10-18,GILB,856.9,874.9,823.2,868,3649,3091218.8
2023-10-19,GILB,851,915.3,835,856.8,3961,3362597.7
2023-10-29,GILB,839.8,860,823,845.5,1089,920384.3
2023-10-30,GILB,828.6,862.3,812.2,844.5,1112,932512.1
2023-10-31,GILB,861.3,896,820.1,830,2368,1968678.7
2023-11-01,GILB,825.1,898.3,815,825,1505,1258300
2023-11-02,GILB,820,825,810.1,818,2616,2141365.3
2023-11-05,GILB,834,850.6,788,796,3172,2538672.6
2023-11-06,GILB,781,844,781,799,3520,2791980.6
2023-11-07,GILB,788,847.7,779.1,805,2959,2348958.5
2023-11-08,GILB,788.9,870,774,870,2976,2402063.6
2023-11-09,GILB,852.6,852.6,783,832,2541,2062521.7
2023-11-20,GILB,815.4,915,782,915,7412,5911238.8
2023-11-21,GILB,896.7,896.7,823.5,860,4133,3439994.2
2023-11-22,GILB,842.8,842.8,826,835,332,276422
2023-11-23,GILB,820,835,777,820,3628,2903641.2
2023-11-26,GILB,836.4,836.4,774.1,814,2143,1704751
2023-11-27,GILB,814,814,795,795,1250,1004539.2
2023-11-28,GILB,809.9,836.4,767.1,786,2016,1593725.4
2023-11-29,GILB,800,800,775,789,1010,793351
2023-11-30,GILB,775,787,773,773,1971,1528003
2023-12-03,GILB,780,780,753,753.2,2263,1717830.5
2023-12-04,GILB,753,765,748,754.1,1604,1211766
2023-12-05,GILB,748.3,780,748.1,780,1712,1305019.3
2023-12-06,GILB,795.5,858,752,858,1687,1313319.6
2023-12-07,GILB,840.9,840.9,788,791,2665,2125550.6
2023-12-10,GILB,775.2,822.6,775.2,822.6,40,31950
2023-12-11,GILB,822,835,790,800,7099,5716957.5
2023-12-12,GILB,816,816,796,797,4481,3602263
2023-12-13,GILB,812,827.5,797,810,4109,3325201
2023-12-14,GILB,793.8,827.4,793.8,827,5604,4573181.3
2023-12-17,GILB,810.5,843,785,824,3850,3115274.6
2023-12-18,GILB,807.6,889.4,807.6,865.6,19721,16877826.6
2023-12-19,GILB,882,889.9,864.4,883.9,5664,4945043.5
2023-12-20,GILB,889,902,871.5,885,5466,4859644.5
2023-12-21,GILB,869.1,876,845,858,8885,7599377.7
2023-12-24,GILB,840.9,864,840.9,859.7,3566,3054022.4
2023-12-27,GILB,865,893.8,828,843,1679,1418368.5
2023-12-28,GILB,845,905,824,844.5,3298,2751916
2024-01-01,GILB,861,878.5,820.1,844,2883,2419842.1
2024-01-02,GILB,827.2,911,813,834.9,3578,2960339.4
2024-01-03,GILB,818.3,871,805,839.9,2527,2107278.7
2024-01-04,GILB,823.3,844.9,810,825,3054,2511367.3
2024-01-07,GILB,810,824.5,803,820.1,3402,2754360.6
2024-01-08,GILB,822,835,806,828,4995,4080824.1
2024-01-09,GILB,843.9,844.4,828,832.5,2143,1800866.9
2024-01-10,GILB,845,872.1,820.1,859.1,9519,8166888.6
2024-01-11,GILB,855,929,843,890.4,5099,4389916.6
2024-01-14,GILB,872.6,904.8,872.6,900,6868,6160766.9
2024-01-16,GILB,910,920.7,885,907.1,7107,6446484.4
2024-01-17,GILB,889,997.8,885.1,997.8,12556,11479621.4
2024-01-18,GILB,977.9,977.9,900,925,5298,4864751.8
2024-01-21,GILB,906.5,990,879.2,909.8,7958,7209707.6
2024-01-22,GILB,891.7,990,885,888,9187,8285954.2
2024-01-23,GILB,871,895,871,875,3081,2704275.9
2024-01-24,GILB,857.5,936.3,857.5,858,4083,3555560.7
2024-01-25,GILB,842.1,874,842,852,2679,2280296.3
2024-01-28,GILB,835,935,835,865,4188,3647183.3
2024-01-29,GILB,847.7,899.4,847.7,880,3212,2806677.6
2024-01-30,GILB,862.4,922,862.4,884,3074,2700076.3
2024-01-31,GILB,898.9,937,853.8,871,4549,3953416.9
2024-02-01,GILB,861,884,840,855,1855,1582682.8
2024-02-04,GILB,847,860,830,845,2724,2290440.7
2024-02-05,GILB,850,859.9,835.1,851,1679,1414856.6
2024-02-06,GILB,855,855.8,834,850,1492,1254443.8
2024-02-07,GILB,850,859,846.4,855,1155,984458.2
2024-02-08,GILB,858,858,842,845.2,2195,1853909.5
2024-02-11,GILB,848,855,840,845,1983,1675950.5
2024-02-12,GILB,845,850,836,842,1336,1126622.6
2024-02-13,GILB,845,849.9,830,830,2278,1901761.9
2024-02-14,GILB,826,894,825,849,2478,2100134
2024-02-15,GILB,864.7,864.7,832.8,850,2328,1956649.8
2024-02-18,GILB,834,848.9,823,825,2016,1666246.2
2024-02-20,GILB,816,830,816,819.1,1092,897938.3
2024-02-21,GILB,819,834,811.1,811.2,2119,1745619.1
2024-02-22,GILB,802,817,802,812,1962,1586380.5
2024-02-25,GILB,796.2,808,782,805,930,737695.9
2024-02-26,GILB,805,817,795,813,1123,900806.9
2024-02-27,GILB,825,825,790,790,3110,2486088.1
2024-02-28,GILB,805.8,805.8,776,778.1,930,733527
2024-02-29,GILB,793.6,820,764,765.7,903,700881.4
2024-03-03,GILB,751.3,842,750,840,5322,4072953.1
2024-03-04,GILB,823.2,839,806.8,839,456,374675.5
2024-03-05,GILB,840,840,795,810.9,2373,1927810.1
2024-03-06,GILB,810.9,860.4,779.1,796.1,2580,2085123.9
2024-03-07,GILB,812,828,781,804,1835,1456746.5
2024-03-10,GILB,811,840,800.5,833,6586,5482836
2024-03-12,GILB,849.5,900.6,835,897,14293,12543405.5
2024-03-13,GILB,897,902,877.2,884.9,4168,3702837.1
2024-03-14,GILB,868,884,853,869,2153,1871426.6
2024-03-17,GILB,880,880,836,850.1,3879,3303141.9
2024-03-18,GILB,865,891,844,891,9754,8503048.9
2024-03-19,GILB,908,952.9,875.1,936,25784,24088296.2
2024-03-20,GILB,936,975,928,940,22093,21024352
2024-03-21,GILB,922,941.4,922,928.2,7829,7303864.3
2024-03-25,GILB,915.1,934.9,902,908.9,16461,14993172.2
2024-03-26,GILB,915.8,946.7,906.7,931,7113,6613767.4
2024-03-27,GILB,921.3,934,917,924.1,9870,9126279.8
2024-03-28,GILB,916,944,916,932.5,5921,5533502.3
2024-03-31,GILB,918,945,918,926.8,4603,4283578
2024-04-01,GILB,924.3,944.8,924.3,940.9,5774,5419178.3
2024-04-02,GILB,955,1005,950.2,988,24984,24572457.2
2024-04-03,GILB,981.9,1000,971.1,971.1,7871,7748220.2
2024-04-04,GILB,970,1010,970,998,15713,15711186
2024-04-07,GILB,1014,1038,980.3,980.3,8558,8634826.1
2024-04-09,GILB,999.9,1000,963.1,989,7517,7378161
2024-04-10,GILB,971.1,980.2,950,970,12128,11692772.1
2024-04-14,GILB,950.6,1035,950.6,1021,32497,33035299
2024-04-15,GILB,1021,1031,985,986.4,11414,11425026.9
2024-04-16,GILB,986.9,990,971,989,5873,5747034
2024-04-18,GILB,976,978.7,950,965,7647,7344478.9
2024-04-21,GILB,965,993,946.1,993,11934,11539022.5
2024-04-22,GILB,973.2,1011,960,985,9514,9375095.1
2024-04-24,GILB,972,990.5,965.5,979,6164,6009182.1
2024-04-25,GILB,966,994,965.1,994,5713,5577877.3
2024-04-28,GILB,993,1010,973.3,1003,8974,8855951.6
2024-04-29,GILB,995,1014,995,1009,10525,10563672
2024-04-30,GILB,1009,1053,991,1040,20591,21017394
2024-05-02,GILB,1060,1100,1045,1085,16867,18235628.5
2024-05-05,GILB,1063.3,1120,1022,1038,22569,23929994.2
2024-05-06,GILB,1018,1038,1000.1,1010,6601,6714042.1
2024-05-07,GILB,1020,1087.5,1000,1065,11201,11759613.8
2024-05-08,GILB,1043.7,1130,1043.7,1129.7,29334,32389356.8
2024-05-09,GILB,1107.2,1174,1107.2,1145,33236,38269741.9
2024-05-12,GILB,1165,1167.9,1117,1123,18181,20630756.5
2024-05-13,GILB,1115,1189,1115,1169,30091,34778694
2024-05-14,GILB,1145.7,1230,1145.7,1175,46122,54777257.4
2024-05-15,GILB,1152.5,1187,1142.1,1150,17676,20579450.9
2024-05-16,GILB,1138.1,1255,1136,1253.8,42863,51880822.9
2024-05-19,GILB,1251,1270,1197.1,1239,22231,27524062.1
2024-05-20,GILB,1216,1265.1,1204.5,1220,20270,24899294.2
2024-05-21,GILB,1220,1250,1196.1,1226,7412,9079658.6
2024-05-22,GILB,1249,1250,1200,1224,17302,21079871.6
2024-05-26,GILB,1223.9,1224,1165,1184,12411,14657733
2024-05-27,GILB,1164,1255,1164,1255,28159,34090951.3
2024-05-29,GILB,1230,1314,1207,1279.9,56776,71242305.1
2024-05-30,GILB,1254.4,1286,1254.4,1267.4,16650,21146812.4
2024-06-02,GILB,1280,1280,1237,1240.1,14535,18180642.2
2024-06-03,GILB,1215.3,1317.9,1215.3,1315,24985,32167322.6
2024-06-04,GILB,1290,1446.5,1290,1446.5,77297,109020666.7
2024-06-05,GILB,1417.6,1591,1417.6,1540,55880,85354753.2
2024-06-06,GILB,1509.2,1643,1509.2,1643,42568,66195307.5
2024-06-09,GILB,1610.2,1673,1547,1609,70457,111826356.6
2024-06-10,GILB,1576.9,1705.4,1576.9,1705.4,52959,85693309.1
2024-06-11,GILB,1671.3,1772,1605.2,1683,65193,108286636.3
2024-06-12,GILB,1649.4,1815,1584.7,1616.3,61252,100362437.8
2024-06-13,GILB,1620,1750,1620,1638,37158,60797758.7
2024-06-16,GILB,1605.3,1632,1512,1548.1,29342,45474100.4
2024-06-18,GILB,1517.2,1632,1470,1545,61626,94183544.4
2024-06-19,GILB,1514.1,1605,1468,1605,60009,89904461.1
2024-06-20,GILB,1600,1600,1457,1520,57150,84857811.4
2024-06-23,GILB,1489.6,1489.6,1406,1420,26913,38542875.5
2024-06-24,GILB,1400,1489.2,1373.1,1410,43674,62026156.2
2024-06-25,GILB,1381.8,1409.4,1373,1387,30507,42245045.3
2024-06-26,GILB,1389,1455.5,1389,1430,62382,88213186.3
2024-06-27,GILB,1458,1458,1390.6,1390.6,6946,9760032.5
2024-06-30,GILB,1413,1414,1355,1357,42156,57685282.5
2024-07-01,GILB,1360,1364.9,1340.1,1361.6,7847,10592176.3
2024-07-02,GILB,1388.8,1477,1366.4,1367,13623,18965738.7
2024-07-03,GILB,1375,1389.9,1340,1379,14540,19755349.7
2024-07-04,GILB,1355,1414.5,1355,1410,13978,19495152.2
2024-07-07,GILB,1385,1430,1385,1430,15632,22096383.8
2024-07-08,GILB,1458.6,1458.6,1392,1438,13567,19272670.7
2024-07-09,GILB,1409.3,1555,1409.3,1494,85424,123643261.1
2024-07-10,GILB,1464.2,1550,1420.1,1430,43333,63223015.2
2024-07-11,GILB,1455,1455,1405,1407,25026,35459452.9
2024-07-14,GILB,1435.1,1478,1381.8,1395,26677,37526998.7
2024-07-15,GILB,1422,1422,1365,1365,13880,19179930.7
2024-07-16,GILB,1388.9,1400,1377,1395,14271,19819900.9
2024-07-17,GILB,1370,1430,1370,1407,13793,19427337
2024-07-18,GILB,1380,1458,1380,1404,28410,40571585.9
2024-07-21,GILB,1432,1450,1403.4,1418,18580,26314733.6
2024-07-22,GILB,1418,1423,1391,1406,15875,22323669.8
2024-07-23,GILB,1425,1425,1400,1415,25931,36569902.9
2024-07-24,GILB,1415,1436,1390,1400.1,17824,25139640.3
2024-07-25,GILB,1427,1530,1427,1530,74345,111303005.3
2024-07-28,GILB,1530,1549,1470,1482,27506,40880706.5
2024-07-29,GILB,1482,1482,1400,1400,36885,53075041
2024-07-30,GILB,1400,1449,1400,1425,16107,22859115.6
2024-07-31,GILB,1425,1445,1396.5,1431,20471,29038923.4
2024-08-01,GILB,1450,1468.8,1387,1394,28753,40905986.3
2024-08-05,GILB,1421,1421,1392.7,1410,12206,17154856.6
2024-08-06,GILB,1405,1431,1378,1378,20983,29238230.6
2024-08-07,GILB,1350.5,1409,1350.5,1389,14240,19855064.4
2024-08-08,GILB,1390,1440,1373,1373,12591,17638544.8
2024-08-11,GILB,1345.6,1485,1345.6,1446,20312,29174086.4
2024-08-12,GILB,1470,1470,1418.2,1423,20420,29172986.8
2024-08-13,GILB,1450.1,1450.1,1384,1386,17430,24511830.5
2024-08-14,GILB,1380,1391,1364,1384,15894,21832489.8
2024-08-15,GILB,1408.8,1408.8,1375,1385,15558,21579967.7
2024-08-18,GILB,1380,1400,1363,1363,16498,22719054.1
2024-08-21,GILB,1363,1379,1341,1341,10232,13829336
2024-08-22,GILB,1350,1353,1326.5,1326.5,14093,18857518
2024-08-25,GILB,1320,1420,1311,1365,19438,26330568.6
2024-08-27,GILB,1380,1435,1346,1346,14347,19789244.1
2024-08-28,GILB,1346,1400,1325,1328,9122,12216305
2024-08-29,GILB,1328,1335,1315,1325,9418,12481567.7
2024-09-01,GILB,1300,1339.9,1291.1,1295,6220,8136111.2
2024-09-02,GILB,1320.5,1360,1295,1360,4069,5416618.2
2024-09-03,GILB,1370,1383.7,1335,1338,8574,11498276.2
2024-09-04,GILB,1354.9,1363.7,1311.5,1334,10552,14118330.8
2024-09-05,GILB,1314.1,1400,1287,1382,19886,26938700.3
2024-09-08,GILB,1406,1440,1391,1399,37550,53420881.5
2024-09-09,GILB,1400,1400,1353,1358.9,9909,13598129
2024-09-10,GILB,1341,1375,1325.3,1328,5562,7501660.6
2024-09-11,GILB,1354,1354,1302,1302,4441,5871040.8
2024-09-12,GILB,1301.3,1339,1301.3,1325,4258,5653420.4
2024-09-15,GILB,1335,1350,1290,1290,4807,6318983.2
2024-09-16,GILB,1290,1295,1255,1259,7865,9997505.9
2024-09-18,GILB,1247,1270,1235.2,1235.2,3397,4237516.4
2024-09-22,GILB,1259,1284,1220,1230,3977,4926405.5
2024-09-23,GILB,1215,1229.9,1175,1178,6114,7316929.3
2024-09-24,GILB,1168.1,1180,1142.7,1145,4693,5443130.7
2024-09-25,GILB,1145,1175,1131.1,1150,3892,4480530.1
2024-09-26,GILB,1172,1196,1118.2,1118.3,6403,7351663.7
2024-09-29,GILB,1138.9,1155,1121,1145,2401,2718481.9
2024-09-30,GILB,1165,1168,1140,1151,2992,3462186
2024-10-01,GILB,1160,1250,1160,1250,6720,8272370.9
2024-10-02,GILB,1260,1260,1227,1255,4569,5711119.1
2024-10-06,GILB,1280,1280.1,1245,1275,1649,2084099.1
2024-10-07,GILB,1260.1,1300,1250,1282,6305,8029818.1
2024-10-08,GILB,1257.1,1282.1,1257.1,1258,1122,1422601.7
2024-10-09,GILB,1235.2,1270,1235.2,1270,908,1132624.8
2024-10-15,GILB,1290,1290,1265,1278.3,642,818610
2024-10-16,GILB,1275,1320,1270,1320,1889,2455530.8
2024-10-17,GILB,1320,1320,1299,1315,1926,2531182.1
2024-10-20,GILB,1290,1300,1272.1,1290,2383,3059996.7
2024-10-21,GILB,1272.2,1272.2,1240,1245.1,3063,3827770.9
2024-10-22,GILB,1235,1270,1227,1264,2529,3139589.7
2024-10-23,GILB,1245.3,1270,1245.3,1268.4,2242,2827510.3
2024-10-24,GILB,1251,1251,1240,1240,2030,2529928.6
2024-10-27,GILB,1225,1230,1225,1225,497,609731
2024-10-28,GILB,1249,1250,1230,1242.1,929,1159528
2024-10-29,GILB,1266,1266,1234,1235,2041,2552135.5
2024-10-30,GILB,1255,1275,1253,1271,4550,5757358.6
2024-11-05,GILB,1280,1304.9,1260,1282,799,1024263.6
2024-11-06,GILB,1269,1300,1269,1271.1,1473,1889599.2
2024-11-10,GILB,1251.1,1295.1,1251.1,1280,3367,4324449.1
2024-11-11,GILB,1280.1,1389.7,1280.1,1340,8495,11464042.6
2024-11-12,GILB,1366,1393.3,1350,1350,9279,12717172.9
2024-11-13,GILB,1350,1375,1335,1335,4680,6379449.4
2024-11-14,GILB,1359,1367,1347,1349,5256,7127311.8
2024-11-17,GILB,1375,1402,1361,1370,11559,15829304.2
2024-11-19,GILB,1354.1,1377,1333,1333,5375,7287142.6
2024-11-20,GILB,1311,1350,1311,1333,2933,3929368.1
2024-11-21,GILB,1359,1365,1302,1307,5348,7126177
2024-11-24,GILB,1307.1,1363,1307.1,1338,8044,10877799.4
2024-11-25,GILB,1322,1360,1322,1357,2459,3318799.6
2024-11-26,GILB,1384,1384,1339,1340,3063,4122949
2024-11-27,GILB,1319.1,1350,1319.1,1326,3360,4501229.8
2024-11-28,GILB,1308,1365,1308,1327,3347,4448262.6
2024-12-01,GILB,1316,1329,1295,1312,3363,4395966.3
2024-12-02,GILB,1334,1335,1313,1321,4891,6466889
2024-12-03,GILB,1323,1340,1296,1300,5237,6839420.2
2024-12-04,GILB,1281,1340,1281,1307,1945,2546825.7
2024-12-05,GILB,1324.9,1324.9,1285,1291,1357,1757822.7
2024-12-08,GILB,1266,1295,1256,1275,3646,4629332.7
2024-12-09,GILB,1274,1284.2,1250,1275,1962,2476304.9
2024-12-10,GILB,1249.5,1283,1242.1,1265,1038,1314802.2
2024-12-11,GILB,1265,1280,1250.1,1280,3216,4068634
2024-12-12,GILB,1299.5,1331,1255,1260,1766,2239039.1
2024-12-16,GILB,1239,1241,1235,1240,1724,2133771
2024-12-17,GILB,1216,1216,1190,1208,6856,8236603
2024-12-18,GILB,1201,1220,1165.4,1188,4195,4990183.7
2024-12-19,GILB,1166,1180,1147,1179,5858,6841971
2024-12-22,GILB,1165,1165,1150,1153,1928,2224255.7
2024-12-23,GILB,1145.1,1164,1145.1,1163,2158,2499391.5
2024-12-24,GILB,1185,1185,1163,1177,1489,1748837
2024-12-26,GILB,1197,1197,1160,1169,1263,1478328.6
2024-12-29,GILB,1169,1210,1165,1178,5225,6173421.7
2024-12-31,GILB,1154.5,1199.9,1154.5,1160,1571,1827749.9
2025-01-01,GILB,1183,1183,1156.1,1172,652,758414.8
2025-01-02,GILB,1194.9,1194.9,1155,1155,1422,1660800.8
2025-01-05,GILB,1131.9,1164.9,1131.9,1155,2445,2809224.5
2025-01-06,GILB,1176,1181.9,1153.1,1172,3402,3985721.5
2025-01-07,GILB,1170,1193.3,1170,1185,5032,5952957.6
2025-01-08,GILB,1199,1245,1199,1216,4987,6118897.6
2025-01-09,GILB,1230,1230,1206.1,1208,1660,2012791
2025-01-12,GILB,1190,1208,1186,1186,1128,1339399.9
2025-01-13,GILB,1166,1192,1166,1175,1192,1404282.2
2025-01-15,GILB,1157.1,1174,1157.1,1166,2293,2676408.3
2025-01-16,GILB,1189,1189,1155,1172,1919,2240804.6
2025-01-19,GILB,1152.1,1180,1152.1,1180,975,1139177.2
2025-01-20,GILB,1180,1194,1156.4,1180,2728,3204764.1
2025-01-21,GILB,1170,1185,1165,1183,1596,1876401
2025-01-22,GILB,1199,1248.4,1185,1211,4086,4921262.7
2025-01-23,GILB,1211,1230,1188.1,1219,3594,4312574
2025-01-26,GILB,1220,1230,1205,1219,3712,4512467.5
2025-01-27,GILB,1219,1230,1200,1200,4035,4897790.4
2025-01-28,GILB,1181,1251,1177,1199,5622,6744636.8
2025-02-02,GILB,1222.9,1318.9,1222.9,1318.9,27220,35647131.4
2025-02-03,GILB,1345,1399.3,1335,1340,16076,21927125.3
2025-02-04,GILB,1363,1363,1321,1322.1,4704,6282016.5
2025-02-05,GILB,1345,1348,1300,1320,5988,7900814.8
2025-02-06,GILB,1340,1346,1287,1287,4530,5935781.9
2025-02-09,GILB,1280,1372,1271,1313,11718,15262340
2025-02-10,GILB,1338,1340,1313,1334,6017,7958155.5
2025-02-11,GILB,1331,1360.6,1297.1,1297.1,8090,10800861.9
2025-02-12,GILB,1299,1337.9,1299,1318.2,9850,12966983.5
2025-02-13,GILB,1338.5,1345,1325.1,1330,8609,11480372.1
2025-02-16,GILB,1356,1395,1333,1385,17699,24323863.7
2025-02-17,GILB,1399,1435.6,1389.1,1418,24034,34070821.4
2025-02-18,GILB,1440,1440,1405.4,1422,17896,25399462.6
2025-02-20,GILB,1402.1,1422,1385,1404,9418,13246600.8
2025-02-23,GILB,1400,1401,1361,1380,12821,17693679.8
2025-02-24,GILB,1371,1401,1364,1365.1,6080,8369439.1
2025-02-25,GILB,1359,1380,1350,1367,5115,6953246
2025-02-27,GILB,1394,1419,1359,1376,7605,10466392.8
2025-03-02,GILB,1376,1385,1370.1,1379,9378,12926274.9
2025-03-03,GILB,1379,1394,1361.2,1365,6765,9270547.6
2025-03-04,GILB,1350,1368.8,1305,1320,12732,16994029.2
2025-03-05,GILB,1346,1348,1314,1323,5688,7543253
2025-03-06,GILB,1300.1,1326,1300.1,1321,4348,5726891.9
2025-03-09,GILB,1315,1339,1285.1,1286,4250,5514480.9
2025-03-10,GILB,1260.3,1325,1260.3,1275.1,4406,5650561.3
2025-03-11,GILB,1271,1300,1260,1298,6049,7694602.7
2025-03-12,GILB,1298,1311,1276,1282,2229,2877011.6
2025-03-16,GILB,1264,1281,1256,1280,4905,6186125.6
2025-03-17,GILB,1283,1297,1262.4,1284,702,893535.6
2025-03-18,GILB,1285,1296,1281,1284.5,2048,2631868
2025-03-19,GILB,1262.1,1300,1258,1258,1437,1813871.9
2025-03-20,GILB,1262,1280,1254,1264.15,3011,3793932.1
2025-03-23,GILB,1277,1277,1230,1232,2040,2545282.9
2025-03-24,GILB,1210.2,1245,1210.2,1238.16,2288,2823920.2
2025-03-25,GILB,1215.1,1250,1209.2,1212.43,3276,3998656.7
2025-03-26,GILB,1217.1,1260,1210.3,1250.43,3892,4817572
2025-03-27,GILB,1229.5,1286,1229.5,1279.83,4909,6240980.8
2025-03-30,GILB,1272,1300,1254.4,1275.5,6638,8465705.2
2025-04-01,GILB,1275.5,1279.8,1255,1261.14,471,592946.9
2025-04-02,GILB,1251,1309.8,1251,1277.76,2202,2821503.7
2025-04-03,GILB,1290,1290,1255.2,1262.96,727,922524.8
2025-04-07,GILB,1280,1280,1231,1236.01,1951,2422456.9
2025-04-08,GILB,1222.1,1260.7,1222.1,1233.99,2395,2965646.7
2025-04-09,GILB,1233.3,1240,1230.1,1231,1062,1311764.3
2025-04-10,GILB,1240,1245,1221,1244.21,1260,1556403.2
2025-04-13,GILB,1222.1,1240,1220,1238.18,1672,2044471.9
2025-04-15,GILB,1241,1274,1241,1260.16,1014,1278625.5
2025-04-16,GILB,1237.1,1282.5,1237.1,1256.57,945,1190165.1
2025-04-17,GILB,1250,1279.9,1241.1,1270.1,1265,1600787.8
2025-04-20,GILB,1284.9,1284.9,1250,1251.87,1393,1747948.2
2025-04-21,GILB,1249,1255,1242,1242.5,1523,1901295.5
2025-04-22,GILB,1242,1267,1242,1266.9,1637,2058135.4
2025-04-23,GILB,1245,1261,1245,1246.52,695,868521
2025-04-24,GILB,1227.4,1246,1226,1235.2,2558,3146706.2
2025-04-27,GILB,1235,1250,1201,1203.38,5127,6228707.8
2025-04-28,GILB,1203,1220,1193.1,1208.33,1433,1729725.2
2025-04-29,GILB,1227.9,1227.9,1203.4,1204.15,1419,1715242.5
2025-04-30,GILB,1221.9,1222,1193.9,1194.38,2385,2872377.5
2025-05-04,GILB,1200,1201,1170,1180.5,5171,6086933.8
2025-05-05,GILB,1177,1190,1165,1180.66,2469,2904125.8
2025-05-06,GILB,1172,1190,1171,1177.61,855,1006034
2025-05-07,GILB,1170,1220,1170,1218.29,2473,2957371.6
2025-05-08,GILB,1210,1225,1200.3,1205.84,2763,3350751.5
2025-05-11,GILB,1229,1229,1207.6,1213.21,4677,5680715.6
2025-05-13,GILB,1225,1225,1200.5,1201.18,4329,5214583.7
2025-05-14,GILB,1200,1230,1200,1220.87,4175,5094203.4
2025-05-15,GILB,1233,1233,1212,1218.39,1732,2106355
2025-05-18,GILB,1239,1280,1220,1256.56,4172,5178340.5
2025-05-19,GILB,1275,1275,1234,1244.53,2739,3412889.1
2025-05-20,GILB,1219.7,1269,1219.7,1254.8,1865,2323557.7
2025-05-21,GILB,1275,1351,1250,1250.58,4270,5417608.8
2025-05-22,GILB,1275,1301,1270,1289.22,4158,5360410.9
2025-05-25,GILB,1299.9,1366,1299.9,1348.6,27888,37439400.7
2025-05-26,GILB,1373,1383,1323,1331.87,9852,13249091.5
2025-05-27,GILB,1330,1400,1306,1326.02,6259,8383385.9
2025-05-28,GILB,1326,1330,1309,1325,2483,3281257.6
2025-06-02,GILB,1351,1352,1294,1299.75,3951,5182092.4
2025-06-03,GILB,1300,1320,1283,1283.97,2652,3438467.5
2025-06-04,GILB,1270,1299.9,1270,1275.15,2229,2854683.4
2025-06-05,GILB,1275.1,1292,1251.5,1254.86,2892,3659466.7
2025-06-08,GILB,1254.86,1260,1231,1234.66,3539,4374525.6
2025-06-09,GILB,1235,1250.9,1221,1239.17,2716,3353097
2025-06-10,GILB,1259.9,1263,1240,1241.6,4117,5169043
2025-06-11,GILB,1226.1,1255,1225,1228.85,2826,3487222.2
2025-06-12,GILB,1228,1230,1205,1225.08,4990,6102500.7
2025-06-15,GILB,1230,1260,1220,1221.5,2780,3409736.5
2025-06-16,GILB,1225,1235,1211,1226.1,4152,5092416.9
2025-06-17,GILB,1228,1326,1228,1246.58,2915,3666638.9
2025-06-18,GILB,1245,1308,1245,1247.08,3594,4508448.6
2025-06-19,GILB,1243,1249,1236,1238.61,2189,2713698.9
2025-06-22,GILB,1225.2,1249,1220,1227.28,3813,4679581.7
2025-06-23,GILB,1210.3,1231,1210.3,1230.13,605,741336.4
2025-06-24,GILB,1212.3,1254.7,1212.2,1236.38,1368,1684380.7
2025-06-25,GILB,1236,1250,1220,1235,2940,3628969.3
2025-06-26,GILB,1222,1249,1222,1233.5,871,1073312.7
2025-06-29,GILB,1225,1267,1225,1259.95,3775,4684715.7
2025-06-30,GILB,1284,1284,1261,1265.58,1078,1367703
2025-07-01,GILB,1289.3,1335,1266,1307.22,5653,7372811.8
2025-07-02,GILB,1333.3,1333.3,1295.7,1307.93,5024,6569509.5
2025-07-03,GILB,1282.1,1310,1282.1,1300.09,1748,2270543
2025-07-06,GILB,1313,1313,1278,1283.64,2888,3715186.1
2025-07-07,GILB,1284,1285,1264,1265.66,2312,2936359.3
2025-07-08,GILB,1250,1276.1,1250,1269.05,997,1261727
2025-07-09,GILB,1252,1302,1252,1287.97,2279,2931545.4
2025-07-10,GILB,1311.8,1311.8,1285.1,1291.4,5554,7194447.2
2025-07-13,GILB,1317,1380,1317,1336.81,19896,26750177.1
2025-07-14,GILB,1359,1360,1312.1,1316.21,6338,8360918.9
2025-07-15,GILB,1336,1336,1300.1,1327.81,6864,9041621.9
2025-07-16,GILB,1308,1349,1308,1320.74,5287,7005919.1
2025-07-17,GILB,1320,1376.9,1320,1363.42,3995,5426135.1
2025-07-20,GILB,1360,1377.8,1354,1356.12,13424,18275527.8
2025-07-21,GILB,1356,1365,1342,1357.75,11954,16123245.3
2025-07-22,GILB,1375,1439.2,1350,1397.64,22752,31876175.1
2025-07-23,GILB,1400,1418.8,1355,1380.03,9511,13132471.6
2025-07-24,GILB,1400,1400,1369.9,1381.27,7058,9750222.8
2025-07-27,GILB,1400,1424.9,1376,1381.48,16901,23695448.5
2025-07-28,GILB,1385,1387,1340.3,1357.34,6426,8720026.4
2025-07-29,GILB,1380,1417,1367.1,1385,9326,12977977.2
2025-07-30,GILB,1362.1,1380,1350,1350.96,12545,17150365.1
2025-07-31,GILB,1350,1367.9,1336.5,1345.94,9664,13023529.9
2025-08-03,GILB,1343,1400.4,1332,1339.9,12783,17545936.6
2025-08-04,GILB,1366,1389,1315.2,1367,7616,10262173.2
2025-08-05,GILB,1367,1380,1328,1338.8,12665,17252608
2025-08-06,GILB,1362,1392,1350.2,1379.54,8234,11340060.6
2025-08-07,GILB,1380,1420,1380,1413.4,21952,30831987.2
2025-08-11,GILB,1412,1441.6,1338,1357.93,19824,27758631.2
2025-08-12,GILB,1358,1367,1341,1343.15,3689,4974057
2025-08-13,GILB,1316.3,1368,1316.3,1326.18,4870,6515446.8
2025-08-14,GILB,1322.1,1350,1322,1344.34,4048,5409389.5
2025-08-17,GILB,1334,1334,1310.2,1314.39,3226,4268133.3
2025-08-18,GILB,1301,1338.9,1301,1315.9,5451,7187850.2
2025-08-19,GILB,1289.6,1339.8,1289.6,1322.29,1271,1683441.9
2025-08-20,GILB,1297,1348,1297,1309.04,1665,2181544.7
2025-08-21,GILB,1309.04,1320,1290,1301.86,6584,8571035
2025-08-24,GILB,1301.86,1324,1301.86,1303.39,1558,2044072.1
2025-08-25,GILB,1329,1340,1278.9,1328.47,13524,17717281.1
2025-08-26,GILB,1303,1320,1303,1313.37,1692,2223657.6
2025-08-27,GILB,1313.37,1327,1307.1,1327,2168,2855495.1
2025-08-28,GILB,1320.1,1325,1297,1298.98,7669,10051167.2
2025-08-31,GILB,1298,1300.1,1275,1279.34,8327,10674191.4
2025-09-01,GILB,1280,1304.2,1280,1299.61,4355,5626486.4
2025-09-02,GILB,1299.61,1305,1286.1,1291.25,2811,3629296.5
2025-09-03,GILB,1285.1,1290.8,1277,1282.27,1354,1738386.6
2025-09-04,GILB,1290,1290,1275,1280.9,1344,1719046
2025-09-07,GILB,1260.3,1284.8,1235.3,1279.7,5863,7340566.5
2025-09-08,GILB,1255,1270,1230,1239.52,9124,11314207.5
2025-09-18,GILB,1225,1225,1155,1155,1145,1350416.5
2025-09-21,GILB,1132,1245,1132,1209.66,7991,9443035.2
2025-09-23,GILB,1210.6,1289,1210.6,1289,4161,5137836.3
2025-09-24,GILB,1305,1305,1190,1258.9,8224,10114997.7
2025-09-25,GILB,1244,1250,1219.2,1225,5507,6754512.5
2025-09-28,GILB,1230,1230,1215.1,1216,4004,4894476.5
2025-10-07,GILB,1201,1213,1190.1,1213,5208,6235507.9
2025-10-08,GILB,1192,1192.9,1180,1181,3841,4553041.7
2025-10-09,GILB,1204.6,1230,1187,1202.9,4207,5055935.3
2025-10-12,GILB,1185,1187,1160,1186,3064,3594518.2
2025-10-13,GILB,1162.5,1205,1147.1,1179,3031,3518566.1
2025-10-14,GILB,1158,1182.9,1150.1,1167,3207,3718344.7
2025-10-15,GILB,1145.1,1166.9,1145,1165,875,1007840.5
2025-10-16,GILB,1150.1,1155,1142,1144,1151,1318889.3
2025-10-19,GILB,1158,1163.9,1150.3,1160,542,626713.9
2025-10-26,GILB,1169,1169,1147,1147,1969,2274929.6
2025-10-28,GILB,1165,1200,1165,1200,2205,2622377.9
2025-10-29,GILB,1200,1220,1177,1194,3310,3957584.1
2025-10-30,GILB,1181,1225,1181,1202,2422,2929774.7
2025-11-02,GILB,1187,1248,1187,1248,3488,4290028.9
2025-11-03,GILB,1246,1250,1210,1235,3229,3959477.5
2025-11-04,GILB,1246,1246,1210,1210,549,668092.7
2025-11-05,GILB,1200,1220,1200,1220,1106,1337095
2025-11-06,GILB,1211.3,1212,1201,1201,1487,1798850.6
2025-11-09,GILB,1198,1203.9,1180.6,1186.2,2407,2859420.6
2025-11-10,GILB,1186.1,1208,1186.1,1203,1452,1728389.4
2025-11-11,GILB,1185.2,1205,1185.2,1205,118,141833.6
2025-11-12,GILB,1181.2,1208.7,1181.2,1188.1,865,1031625.8
2025-11-13,GILB,1208,1208,1195.2,1196,3696,4430654.8
2025-11-16,GILB,1183,1211,1183,1200,996,1191993
2025-11-17,GILB,1200,1219.8,1200,1218,1384,1674633.2
2025-11-18,GILB,1220,1229.4,1207,1225,4115,5028291.8
2025-11-19,GILB,1248,1248,1213.4,1226.9,1155,1412720
2025-11-20,GILB,1224.9,1226,1214.1,1214.1,1646,2004247.4
2025-11-23,GILB,1215.1,1260,1215.1,1260,5149,6427159.3
2025-11-24,GILB,1258,1285,1239,1285,7839,9981980.4
2025-11-25,GILB,1294,1324.9,1270,1324.9,11865,15341812.2
2025-11-26,GILB,1299,1350,1299,1325,7846,10340704.4
2025-11-27,GILB,1324.9,1325,1299,1299,1938,2525028.9
2025-11-30,GILB,1299,1315,1290,1292,6396,8295189.9
2025-12-01,GILB,1315.4,1315.4,1270.2,1294,2385,3082730.1
2025-12-02,GILB,1294,1313.8,1285,1287.5,968,1250185.4
2025-12-03,GILB,1290,1298,1270.4,1271,4396,5642698.5
2025-12-07,GILB,1260.3,1280,1255,1280,1519,1920844
2025-12-08,GILB,1304,1304,1255,1260,4035,5100607
2025-12-09,GILB,1283,1298.9,1256,1256,2158,2771203.1
2025-12-10,GILB,1281,1281,1253,1272.9,3789,4762480
2025-12-11,GILB,1272.9,1275,1247.6,1270,3031,3830054
2025-12-14,GILB,1285,1285,1251,1268,3741,4696459.7
2025-12-15,GILB,1290,1290,1246,1261,5159,6634126
2025-12-16,GILB,1240.1,1274.3,1240.1,1260,1747,2196567.3
2025-12-17,GILB,1265,1268.9,1257,1261.2,1828,2314616.1
2025-12-18,GILB,1265,1265,1245.3,1260,2550,3202049.8
2025-12-21,GILB,1235,1235,1166.3,1187.9,17200,20443620.1
2025-12-22,GILB,1199,1200,1162,1180,3647,4274415
2025-12-23,GILB,1170,1170,1162,1170,1948,2270965
2025-12-24,GILB,1160,1179,1159,1159.2,4055,4705942.9
2025-12-28,GILB,1160,1190,1160,1190,2909,3436302.8
2025-12-29,GILB,1190,1193,1185,1188,1189,1413172.4
2025-12-31,GILB,1175,1186.9,1175,1180,1726,2039094.5
2026-01-01,GILB,1182,1182,1160.1,1170,3982,4646681.7
2026-01-04,GILB,1117.3,1147.5,1117,1144.9,1515,1716816.3
2026-01-05,GILB,1145,1159,1128,1150,1378,1578533
2026-01-06,GILB,1139,1173,1139,1163.9,2511,2915390
2026-01-07,GILB,1164,1177,1140,1158,2184,2505715
2026-01-08,GILB,1135.3,1157,1135.2,1150,1679,1921889.3
2026-01-12,GILB,1150,1167,1145,1145,3428,3936855.1
2026-01-13,GILB,1140,1167.9,1140,1151,2249,2580842.2
2026-01-14,GILB,1151,1163,1151,1163,878,1016541.3
2026-01-18,GILB,1165,1183.5,1164,1170,2920,3404465.5
2026-01-20,GILB,1193.4,1198.9,1173,1183,2701,3201524.5
2026-01-21,GILB,1205,1205,1161.5,1179,974,1135295.9
2026-01-22,GILB,1160.1,1180,1160.1,1180,4296,5002406.9
2026-01-25,GILB,1180,1219,1180,1204.8,3824,4579214.5
2026-01-26,GILB,1224,1224,1190,1197,2632,3147828.5
2026-01-27,GILB,1196,1197,1170,1180,5630,6639339
2026-01-28,GILB,1180,1227,1172,1185,4304,5137205.7
2026-01-29,GILB,1185,1193,1176.1,1185.2,1660,1968423.2
2026-02-01,GILB,1185.2,1185.2,1166.4,1170.1,990,1166850.3
2026-02-02,GILB,1155.1,1193.5,1151,1193.5,3009,3510305.1
2026-02-03,GILB,1190,1193.5,1155.3,1165,394,461902
2026-02-04,GILB,1186,1187,1164,1164,782,912736.8
2026-02-05,GILB,1164,1187.2,1161,1174,1802,2113940.1
2026-02-08,GILB,1174,1180,1166,1167,726,847949.6
2026-02-09,GILB,1153.1,1154,1105,1141.9,4432,5039237
2026-02-10,GILB,1141.9,1141.9,1115,1116,4250,4771479.2
2026-02-11,GILB,1138.1,1138.2,1117.1,1124,893,1004665.1
2026-02-12,GILB,1117,1120,1107.1,1110.6,1964,2186177.5
2026-02-16,GILB,1107.1,1115,1103,1112,3802,4228329
2026-02-17,GILB,1104.3,1134,1103,1103,2522,2797828.5
2026-02-22,GILB,1115,1125,1106,1108,565,629328
2026-02-23,GILB,1108,1108,1100,1101,1034,1139284.3
2026-02-24,GILB,1100,1115,1100,1112,1848,2051677.8
2026-02-25,GILB,1111,1113,1111,1111.1,362,402360
2026-02-26,GILB,1130,1132,1104,1111.6,672,754857.4
2026-03-01,GILB,1106,1133.4,1106,1121,1054,1178457.2
2026-03-03,GILB,1112.1,1150,1112,1150,1182,1337440
2026-03-09,GILB,1173,1173,1173,1173,20,23460
2026-03-10,GILB,1196.4,1214.9,1185,1214.9,10646,12795151.8
2026-03-11,GILB,1239.1,1239.1,1173.1,1193.9,2853,3408257.6
2026-03-12,GILB,1175,1219.9,1175,1200,4554,5481986.9
2026-03-15,GILB,1184,1210,1182.3,1210,2475,2941085.3
2026-03-16,GILB,1190,1199.5,1178.2,1190,4277,5073220.2
2026-03-17,GILB,1190,1190,1170,1174.4,229,268413.7
2026-03-19,GILB,1156,1199,1156,1188,3192,3784662.7
2026-03-22,GILB,1171,1249,1169,1237.9,9637,11720017.9
2026-03-23,GILB,1258,1280,1230,1266,14389,17973622
2026-03-24,GILB,1266,1268,1236,1244.5,2366,2965103.2
2026-03-25,GILB,1244.5,1244.5,1210.3,1227,5610,6881027.5
2026-03-26,GILB,1250,1250,1220,1220.3,2080,2554852.6
2026-03-29,GILB,1210,1210,1192,1192,2658,3186680.8
2026-03-30,GILB,1174,1200,1159,1169.9,2336,2745273.3
2026-03-31,GILB,1157.1,1199.9,1155,1195,4686,5518939
2026-04-01,GILB,1173,1173,1149,1149,3043,3514974.2
2026-04-02,GILB,1126.5,1170,1126.2,1154.6,1640,1893740.3
2026-04-05,GILB,1132.3,1145,1105.1,1115,3117,3473650.3
2026-04-06,GILB,1115,1159,1115,1138.9,6272,7148428.5
2026-04-07,GILB,1157.7,1159,1120.5,1132,992,1128553.7
2026-04-08,GILB,1128,1147.5,1128,1140,1408,1607872.7
2026-04-09,GILB,1155,1172,1155,1171,889,1030129.1
2026-04-10,GILB,1150.6,1173,1150.1,1150.5,635,732046.4
2026-04-13,GILB,1138.5,1150,1138.5,1144,642,736973.7
2026-04-15,GILB,1150,1165,1150,1151.9,573,659941.4
2026-04-16,GILB,1155,1155,1150,1150,2313,2661887
2026-04-17,GILB,1132,1149,1127,1137,595,672931.5
2026-04-20,GILB,1137,1140,1130,1140,63,71559
2026-04-21,GILB,1130.1,1142,1130.1,1130.4,386,437821.3
2026-04-22,GILB,1140,1152,1113.3,1135,2239,2527272.8
2026-04-23,GILB,1135,1135,1101,1117,3488,3864524.7
2026-04-24,GILB,1117,1120,1114,1114,679,758387.6
2026-04-27,GILB,1114,1116.8,1110,1113,1019,1136033.1
2026-04-28,GILB,1113,1139,1112,1120,1307,1465623.5
2026-04-29,GILB,1120,1120,1111,1120,1337,1489892
2026-04-30,GILB,1100,1110.5,1076.7,1100.2,6047,6617093.8
2026-05-04,GILB,1100.2,1107.5,1081,1107.5,834,907006.4
2026-05-05,GILB,1107.5,1107.5,1085.2,1087.5,712,779477.5
2026-05-06,GILB,1080,1093,1075,1080,1417,1524575.6
2026-05-07,GILB,1089,1100,1080,1100,1004,1095151.2
2026-05-08,GILB,1093,1118,1084.1,1118,551,607149
2026-05-11,GILB,1120,1149.9,1115,1116.1,1659,1863102.3
2026-05-12,GILB,1120,1149.4,1115.1,1138,1326,1490800.4
2026-05-13,GILB,1128,1132,1116,1116.5,164,184197
2026-05-14,GILB,1115,1120,1105,1111,395,438772
2026-05-15,GILB,1106.1,1120,1106,1120,1265,1400103.7
2026-05-18,GILB,1120.1,1144.8,1120,1120,1289,1454862
2026-05-19,GILB,1110,1125,1101.3,1125,1716,1901728.9
2026-05-20,GILB,1130,1130,1082,1115,1623,1798349.3
2026-05-21,GILB,1096.1,1125,1096,1125,680,752440
2026-05-22,GILB,1096.1,1142.9,1093,1130,1144,1262842
2026-05-25,GILB,1125,1157,1125,1155,992,1137601
2026-05-26,GILB,1130.8,1155,1130.6,1132,115,130668.3
2026-05-27,GILB,1132,1154.3,1121,1140,475,534323
2026-06-01,GILB,1147,1147,1112.1,1122.8,184,206944.4
2026-06-02,GILB,1122.8,1128,1106.1,1128,1331,1477007
2026-06-03,GILB,1120,1140,1117,1140,718,807767.1
2026-06-04,GILB,1137,1137.8,1107.1,1136,2114,2351906.6
2026-06-05,GILB,1111.1,1130,1111.1,1130,363,404995.1
2026-06-08,GILB,1115.2,1138,1113,1125,1642,1848425.9
2026-06-09,GILB,1111.2,1125,1111.1,1121.5,1462,1629677
2026-06-10,GILB,1111,1134,1111,1120,728,814632
2026-06-11,GILB,1111,1119,1108,1119,704,782641.6
2026-06-12,GILB,1106,1125,1106,1111,576,640409.7
2026-06-15,GILB,1111,1115,1101,1111.1,1152,1274985.6
2026-06-16,GILB,1111,1127.8,1108.1,1109,1220,1365391
2026-06-17,GILB,1109,1135.9,1104,1111,1281,1449762.6
2026-06-18,GILB,1111,1135,1111,1112.2,473,526154.2
2026-06-19,GILB,1100.1,1124,1100.1,1124,1055,1164588.3
2026-06-22,GILB,1124,1130,1113,1129.9,5078,5666108
2026-06-23,GILB,1103,1118,1102,1118,4119,4561528.7
2026-06-24,GILB,1093.3,1116,1093.3,1116,941,1033962.2
2026-06-25,GILB,1085.2,1113,1085.2,1101,999,1090225.3
2026-06-26,GILB,1101,1102.9,1086,1102,182,198071.8
2026-06-29,GILB,1071.5,1104.7,1067.5,1095,2352,2520201.5
2026-06-30,GILB,1110,1158.7,1075,1076,2053,2317460
2026-07-01,GILB,1103,1107,1075,1094,562,613627
2026-07-02,GILB,1094,1094,1062.2,1070.1,1289,1379986.9
2026-07-03,GILB,1102,1123.9,1091.1,1119,3452,3867833.9
2026-07-06,GILB,1119,1119,1061,1113,5829,6231817.9
2026-07-07,GILB,1083.1,1110,1083.1,1108.9,479,522142
2026-07-08,GILB,1108.9,1108.9,1078.3,1104,268,289840.2
2026-07-09,GILB,1071.6,1100,1068,1100,2022,2171529
2026-07-10,GILB,1114.9,1114.9,1051,1090,1741,1875481.5
2026-07-13,GILB,1090,1090,1065,1065,424,452664.6
2026-07-14,GILB,1045,1084.9,1043,1065,2478,2620049.8
2026-07-15,GILB,1045.7,1078.8,1020.1,1078.8,5142,5351393.4
2026-07-16,GILB,1078.8,1078.8,1046,1060,2608,2736049.8
2026-07-17,GILB,1070,1100,1070,1100,1060,1162643
2026-07-20,GILB,1062.3,1132,1062.3,1110.1,3093,3465772.7
2026-07-21,GILB,1111.1,1131,1103.1,1115,1536,1714089.6
2026-07-22,GILB,1115,1122,1095.1,1120.8,3591,3968718.3
2026-07-23,GILB,1100,1117.8,1095,1110,520,576104.9
2026-07-24,GILB,1090.1,1129.6,1090.1,1120,2229,2503709.8
2026-07-27,GILB,1119.9,1133.3,1086.4,1096,4945,5417307.3
2026-07-28,GILB,1100,1109,1094,1109,1071,1178381.8
2026-07-29,GILB,1118,1118,1086.1,1107,75,82351.3
2026-07-30,GILB,1076.3,1105.9,1076.3,1105.9,965,1042329.3
2026-07-31,GILB,1105.9,1105.9,1078.1,1100,218,237677
2026-08-03,GILB,1105.1,1109.9,1092,1100,1993,2177946.8
2026-08-04,GILB,1087,1099.9,1080,1094.9,2997,3239860
2026-08-05,GILB,1095,1100,1080,1094,1243,1352388
2026-08-06,GILB,1094,1094,1072,1090,1002,1091580
2026-08-07,GILB,1090,1090,1067.1,1070,498,533668.4
2026-08-10,GILB,1070.1,1088.9,1055,1088,1167,1245216.6
2026-08-11,GILB,1065,1080,1065,1070.4,459,491640.6
2026-08-12,GILB,1051.8,1078,1051.8,1078,89,94784.8
2026-08-13,GILB,1090,1143.3,1090,1110,6744,7513179.3
2026-08-14,GILB,1130,1140.7,1112,1133.7,1536,1737155.2
2026-08-17,GILB,1130,1140,1110,1110,1571,1754957.4
2026-08-18,GILB,1111,1120,1105.8,1105.8,4479,4969547
2026-08-19,GILB,1100,1110,1095.1,1096.3,3609,3964137.1
2026-08-20,GILB,1129,1129,1097,1100,1763,1948729.8
2026-08-21,GILB,1100,1130.9,1085.1,1090,5923,6499602.4
2026-08-24,GILB,1080.1,1090,1080.1,1085.8,1040,1129451.2
2026-08-25,GILB,1095,1095,1086.2,1086.6,1066,1160305.4
2026-08-26,GILB,1083,1087,1072.5,1072.5,1800,1935027
2026-08-27,GILB,1045.1,1091,1045.1,1089.5,917,999054.6
2026-08-31,GILB,1083,1089.8,1070,1070,6100,6622302.5
2026-09-01,GILB,1085.4,1089,1070,1075,1501,1611063
2026-09-02,GILB,1095,1095,1071,1090.1,1525,1644002
2026-09-03,GILB,1074,1091,1074,1091,622,671186.1
2026-09-07,GILB,1095,1159,1095,1116,8463,9408750.6
2026-09-09,GILB,1116,1116,1080,1112.4,3367,3707830.2
2026-09-10,GILB,1085,1103,1085,1103,231,254236
2026-09-11,GILB,1100,1103,1077.1,1090.5,939,1024202
2026-09-14,GILB,1100,1118,1088.3,1118,3216,3586653.1
2026-09-15,GILB,1173,1173,1125.1,1129,7242,8218478.1
2026-09-16,GILB,1110.1,1129,1110,1116,2044,2279269.4
2026-09-17,GILB,1126,1140,1123.1,1135,2178,2470609.5
2026-09-18,GILB,1120,1152,1120,1138.5,1525,1745115.8
2026-09-22,GILB,1138.5,1140,1126,1140,3948,4472181.7
2026-09-23,GILB,1140,1174,1128.1,1128.1,2651,3026826
2026-09-24,GILB,1128,1139.5,1125.1,1139.5,804,908055.6
2026-09-28,GILB,1196.4,1196.4,1130,1135,5051,5741587.3
2026-09-29,GILB,1125,1128,1101.2,1101.2,7536,8360059.3
2026-09-30,GILB,1100,1128,1099.1,1109,1704,1875987.8
2026-10-01,GILB,1110,1112,1093.2,1112,390,431587.8
2026-10-02,GILB,1112,1126,1080.1,1100.1,2164,2404596.3
2026-10-05,GILB,1091.1,1125,1091,1119,3600,3987794.7
2026-10-06,GILB,1100,1122,1096,1097.1,365,402197.2
2026-10-07,GILB,1092,1104.8,1091.2,1102,917,1005699.1
2026-10-08,GILB,1093,1098,1093,1096,700,766346.9
2026-10-09,GILB,1096,1108,1096,1098,503,551740.2
