date,symbol,open,high,low,close,volume,turnover
2011-05-05,GLICL,329,323,317,317,20,6400
2011-05-15,GLICL,317,311,305,305,20,6160
2011-05-18,GLICL,305,299,299,299,120,35880
2011-06-21,GLICL,299,294,289,289,30,8720
2011-06-23,GLICL,289,284,261,261,360,96300
2011-07-06,GLICL,261,248,248,248,10,2480
2011-07-10,GLICL,248,236,236,236,10,2360
2011-07-11,GLICL,236,232,232,232,20,4640
2011-07-19,GLICL,232,221,221,221,10,2210
2011-07-21,GLICL,221,210,210,210,10,2100
2011-08-22,GLICL,210,206,189,189,160,31720
2011-08-29,GLICL,189,186,183,183,170,31140
2011-09-12,GLICL,183,180,180,180,20,3600
2011-09-13,GLICL,180,177,174,174,80,14130
2011-09-14,GLICL,174,166,166,166,10,1660
2011-10-13,GLICL,166,158,152,152,30,4650
2011-10-17,GLICL,152,145,141,141,30,4290
2011-10-18,GLICL,141,139,129,129,270,35850
2011-10-20,GLICL,129,127,119,119,290,34710
2011-10-23,GLICL,119,114,108,108,1130,122320
2011-10-24,GLICL,108,104,99,102,12310,1255260
2011-10-25,GLICL,102,103,100,101,11240,1137280
2011-10-30,GLICL,101,107,100,105,13420,1379730
2011-10-31,GLICL,105,108,101,106,9880,1041190
2011-11-02,GLICL,106,116,108,116,2440,281360
2011-11-03,GLICL,116,114,105,108,5160,558940
2011-11-06,GLICL,108,109,107,108,14960,1614710
2011-11-08,GLICL,108,109,106,108,11430,1223610
2011-11-09,GLICL,108,109,106,107,6420,689000
2011-11-10,GLICL,107,108,106,107,21310,2281040
2011-11-13,GLICL,107,107,103,104,8140,858560
2011-11-14,GLICL,104,105,102,104,7960,827220
2011-11-15,GLICL,104,105,103,104,14980,1556520
2011-11-16,GLICL,104,105,103,103,6740,700940
2011-11-17,GLICL,103,104,102,104,4240,438220
2011-11-20,GLICL,104,105,102,104,5770,598190
2011-11-21,GLICL,104,104,103,103,1560,161310
2011-11-22,GLICL,103,105,103,104,7740,809510
2011-11-23,GLICL,104,105,103,104,3910,408110
2011-11-24,GLICL,104,104,103,103,8410,868010
2011-11-27,GLICL,103,104,102,103,10440,1075250
2011-11-28,GLICL,103,104,101,101,4330,441790
2011-12-01,GLICL,102,102,100,102,3700,372840
2011-12-04,GLICL,102,102,100,101,2900,292770
2011-12-05,GLICL,101,102,101,101,4590,463690
2011-12-06,GLICL,101,102,100,101,3680,371000
2011-12-07,GLICL,101,101,99,99,4510,451010
2011-12-08,GLICL,99,101,98,99,3820,380790
2011-12-11,GLICL,99,100,98,98,4360,432830
2011-12-12,GLICL,98,102,98,99,13560,1345290
2011-12-13,GLICL,99,104,98,104,3870,395790
2011-12-14,GLICL,104,102,98,102,10250,1034520
2011-12-15,GLICL,102,101,97,97,2010,196970
2011-12-18,GLICL,97,102,97,100,3130,311620
2011-12-19,GLICL,100,100,98,100,2030,200350
2011-12-20,GLICL,100,101,99,101,1970,198010
2011-12-21,GLICL,101,100,98,99,6430,636590
2011-12-22,GLICL,99,102,99,100,2500,249650
2011-12-26,GLICL,100,100,99,100,370,36790
2011-12-27,GLICL,100,100,99,100,4720,471300
2011-12-28,GLICL,100,100,98,99,1510,149260
2011-12-29,GLICL,99,100,98,98,960,95120
2012-01-01,GLICL,98,101,98,99,7160,714580
2012-01-02,GLICL,99,102,99,102,4490,451270
2012-01-03,GLICL,102,103,99,99,1940,196000
2012-01-04,GLICL,99,100,97,99,2780,276790
2012-01-05,GLICL,99,99,97,99,3430,337610
2012-01-08,GLICL,99,99,97,97,6780,662940
2012-01-09,GLICL,97,99,97,98,4240,417100
2012-01-10,GLICL,99,99,97,97,2230,218100
2012-01-11,GLICL,97,97,97,97,550,53350
2012-01-12,GLICL,97,98,96,97,2330,226220
2012-01-16,GLICL,97,98,96,97,3690,358460
2012-01-17,GLICL,97,97,96,97,1890,181930
2012-01-18,GLICL,97,97,95,96,6870,659520
2012-01-19,GLICL,96,98,96,98,1890,183520
2012-01-22,GLICL,98,98,95,97,3840,367760
2012-01-23,GLICL,97,97,95,96,5240,505110
2012-01-25,GLICL,96,97,96,96,1960,188900
2012-01-26,GLICL,96,97,94,95,3330,316950
2012-01-29,GLICL,95,96,94,94,3900,369480
2012-01-31,GLICL,94,95,94,94,2780,261890
2012-02-01,GLICL,94,99,94,94,1300,124150
2012-02-02,GLICL,94,95,94,95,3180,301670
2012-02-05,GLICL,95,95,90,91,2700,250040
2012-02-06,GLICL,91,90,89,90,1900,169660
2012-02-07,GLICL,90,91,88,89,900,81250
2012-02-08,GLICL,89,90,88,88,2510,223060
2012-02-09,GLICL,88,90,88,90,1300,116530
2012-02-12,GLICL,90,90,87,89,1480,130980
2012-02-13,GLICL,89,91,86,91,3980,352420
2012-02-14,GLICL,91,95,89,90,3110,280790
2012-02-15,GLICL,90,90,86,90,4880,435520
2012-02-16,GLICL,90,90,86,87,4010,350830
2012-02-21,GLICL,87,87,86,86,1450,125680
2012-02-23,GLICL,86,89,85,85,5580,484740
2012-02-26,GLICL,85,87,86,87,1310,113410
2012-02-27,GLICL,87,90,88,89,980,87020
2012-02-28,GLICL,89,91,87,91,1480,132150
2012-02-29,GLICL,91,91,89,90,1590,142530
2012-03-01,GLICL,90,90,88,90,500,44520
2012-03-04,GLICL,90,91,89,89,1830,164560
2012-03-05,GLICL,89,91,89,89,1000,89370
2012-03-06,GLICL,89,90,89,89,1140,101910
2012-03-11,GLICL,89,88,87,87,500,43600
2012-03-12,GLICL,87,87,85,86,3000,257770
2012-03-13,GLICL,86,88,86,88,350,30480
2012-03-14,GLICL,88,89,87,87,270,23790
2012-03-15,GLICL,87,90,88,89,1890,168350
2012-03-18,GLICL,89,91,88,88,2160,192330
2012-03-19,GLICL,88,89,85,86,1330,115340
2012-03-20,GLICL,86,87,86,86,1130,97730
2012-03-21,GLICL,86,87,86,87,390,33780
2012-03-25,GLICL,87,88,85,87,1990,172460
2012-03-26,GLICL,87,88,84,87,1240,107660
2012-03-27,GLICL,87,88,87,88,1890,166230
2012-03-28,GLICL,88,88,88,88,1010,88880
2012-03-29,GLICL,88,88,86,86,1060,92280
2012-04-01,GLICL,86,86,86,86,420,36120
2012-04-02,GLICL,86,88,85,87,3510,303280
2012-04-04,GLICL,87,86,84,86,3980,340490
2012-04-05,GLICL,86,86,85,85,1740,148970
2012-04-08,GLICL,85,86,85,85,460,39360
2012-04-09,GLICL,85,88,86,88,1450,125950
2012-04-10,GLICL,88,88,87,87,220,19320
2012-04-11,GLICL,87,90,88,89,1160,103440
2012-04-12,GLICL,89,95,89,94,640,59650
2012-04-15,GLICL,94,101,95,101,830,82290
2012-04-17,GLICL,101,109,100,100,1820,187320
2012-04-18,GLICL,100,102,98,102,860,85450
2012-04-19,GLICL,102,106,98,99,1910,195460
2012-04-22,GLICL,99,108,99,108,2630,276880
2012-04-24,GLICL,108,116,110,116,2650,307280
2012-04-25,GLICL,116,122,118,122,330,39680
2012-04-26,GLICL,122,126,114,123,4871,585054
2012-04-29,GLICL,123,125,119,121,8630,1059070
2012-04-30,GLICL,121,119,110,110,1210,138020
2012-05-02,GLICL,110,108,104,104,40,4220
2012-05-03,GLICL,104,106,106,106,910,96460
2012-05-07,GLICL,106,110,108,110,300,32420
2012-05-09,GLICL,110,115,111,115,3810,430460
2012-05-10,GLICL,115,113,107,108,3540,386650
2012-05-13,GLICL,108,106,106,106,50,5300
2012-05-14,GLICL,106,104,104,104,80,8320
2012-05-15,GLICL,104,110,104,108,1020,110240
2012-05-17,GLICL,108,110,110,110,680,74800
2012-05-21,GLICL,110,112,105,110,2030,217550
2012-05-22,GLICL,110,110,110,110,400,44000
2012-05-23,GLICL,110,108,104,104,260,27450
2012-05-24,GLICL,104,106,102,106,750,78100
2012-05-27,GLICL,106,109,104,109,570,60570
2012-05-29,GLICL,109,107,99,99,280,28600
2012-05-30,GLICL,99,98,90,92,2770,253710
2012-05-31,GLICL,92,94,91,94,3110,287120
2012-06-03,GLICL,94,100,95,99,90,8820
2012-06-04,GLICL,99,100,98,98,5280,527720
2012-06-05,GLICL,98,98,95,95,2340,223720
2012-06-06,GLICL,95,95,93,94,2790,262250
2012-06-07,GLICL,94,96,92,95,630,59520
2012-06-11,GLICL,95,98,96,97,330,32240
2012-06-12,GLICL,97,99,94,96,2860,277500
2012-06-13,GLICL,96,96,93,93,1010,96190
2012-06-14,GLICL,93,94,91,91,4490,419510
2012-06-17,GLICL,91,93,92,93,130,12000
2012-06-18,GLICL,93,94,93,93,920,85960
2012-06-19,GLICL,93,92,90,92,1870,171270
2012-06-20,GLICL,92,95,92,95,670,62390
2012-06-21,GLICL,95,94,94,94,20,1880
2012-06-25,GLICL,94,96,93,95,4740,441900
2012-06-26,GLICL,95,95,94,95,1690,159050
2012-06-27,GLICL,95,96,95,96,200,19100
2012-07-01,GLICL,96,95,94,94,710,67020
2012-07-02,GLICL,94,95,93,95,1650,155540
2012-07-03,GLICL,95,94,92,94,190,17730
2012-07-04,GLICL,94,95,94,95,3920,369400
2012-07-05,GLICL,95,97,96,97,580,55750
2012-07-08,GLICL,97,97,95,95,1510,144900
2012-07-09,GLICL,95,95,95,95,200,19000
2012-07-10,GLICL,95,98,96,97,810,78400
2012-07-11,GLICL,97,97,96,97,100,9670
2012-07-12,GLICL,97,100,96,98,1640,161990
2012-07-15,GLICL,98,106,99,106,300,31230
2012-07-17,GLICL,106,104,98,98,830,84300
2012-07-18,GLICL,98,102,97,98,3790,371120
2012-07-19,GLICL,98,107,97,107,2990,303050
2012-07-22,GLICL,107,113,108,110,2900,316880
2012-07-23,GLICL,110,112,107,107,2100,229530
2012-07-24,GLICL,107,107,102,102,1570,165560
2012-07-25,GLICL,102,106,104,105,2560,268840
2012-07-26,GLICL,105,106,104,106,3040,320080
2012-07-29,GLICL,106,106,101,103,2420,249810
2012-07-30,GLICL,103,105,105,105,760,79800
2012-07-31,GLICL,105,107,105,107,3220,341240
2012-08-01,GLICL,107,106,104,104,9010,946970
2012-08-05,GLICL,104,106,104,106,410,43140
2012-08-06,GLICL,106,108,102,108,2060,216440
2012-08-07,GLICL,108,108,105,106,3220,342800
2012-08-08,GLICL,106,111,105,111,3710,399520
2012-08-12,GLICL,111,109,107,108,1300,140340
2012-08-13,GLICL,108,109,106,107,3150,339190
2012-08-14,GLICL,107,108,107,108,2170,233290
2012-08-15,GLICL,108,112,108,110,4420,488050
2012-08-16,GLICL,110,115,107,113,5150,583750
2012-08-19,GLICL,113,113,109,112,1770,196930
2012-08-21,GLICL,112,112,109,111,2070,228320
2012-08-22,GLICL,111,116,109,114,4180,479970
2012-08-23,GLICL,114,116,113,116,1020,116080
2012-08-26,GLICL,116,115,113,114,2480,282960
2012-08-27,GLICL,114,119,112,119,3450,401370
2012-08-28,GLICL,119,130,115,130,6930,878890
2012-08-29,GLICL,130,140,126,140,9570,1305120
2012-08-30,GLICL,140,141,130,132,11440,1528130
2012-09-02,GLICL,132,136,130,130,3475,462280
2012-09-03,GLICL,130,129,126,128,6190,790460
2012-09-04,GLICL,128,132,123,129,1550,197750
2012-09-05,GLICL,129,135,128,135,14360,1910740
2012-09-06,GLICL,135,143,132,139,24525,3347830
2012-09-09,GLICL,139,140,135,138,6420,882110
2012-09-10,GLICL,138,136,133,136,2510,338290
2012-09-11,GLICL,136,137,131,135,4600,617270
2012-09-12,GLICL,135,136,132,134,3170,424680
2012-09-13,GLICL,134,137,133,135,7160,960670
2012-09-16,GLICL,135,137,133,135,4390,591590
2012-09-17,GLICL,135,139,134,139,1120,152910
2012-09-18,GLICL,139,144,136,140,7930,1105900
2012-09-19,GLICL,140,140,138,139,5710,791200
2012-09-20,GLICL,139,141,135,139,5420,749470
2012-09-23,GLICL,139,141,137,138,5750,796570
2012-09-24,GLICL,138,140,136,137,1660,227820
2012-09-25,GLICL,137,136,134,135,990,133280
2012-09-26,GLICL,135,138,134,138,2900,393810
2012-09-30,GLICL,140,147,138,147,8815,1249610
2012-10-01,GLICL,147,151,142,145,4350,631910
2012-10-02,GLICL,145,148,143,148,3570,519500
2012-10-03,GLICL,148,158,142,155,12220,1856100
2012-10-04,GLICL,155,170,155,170,15930,2623070
2012-10-07,GLICL,170,187,167,182,26350,4852510
2012-10-08,GLICL,182,185,173,176,8920,1579810
2012-10-09,GLICL,176,176,170,170,9610,1655920
2012-10-10,GLICL,170,173,164,173,3150,521380
2012-10-11,GLICL,173,170,165,165,3610,604190
2012-10-14,GLICL,165,170,163,168,6040,1014640
2012-10-15,GLICL,168,173,165,171,3300,560950
2012-10-17,GLICL,171,172,168,172,900,153930
2012-10-18,GLICL,172,179,174,179,1950,343390
2012-10-30,GLICL,179,180,180,180,270,48600
2012-10-31,GLICL,180,183,177,183,360,64130
2012-11-01,GLICL,183,185,175,185,2480,439750
2012-11-04,GLICL,185,182,177,182,110,19840
2012-11-05,GLICL,182,185,181,185,1140,209200
2012-11-06,GLICL,185,182,176,182,230,41140
2012-11-07,GLICL,182,180,170,175,3360,578760
2012-11-08,GLICL,175,175,167,170,5110,871920
2012-11-11,GLICL,170,170,161,170,1730,283970
2012-11-12,GLICL,170,167,159,165,630,103210
2012-11-18,GLICL,165,168,160,162,3720,608230
2012-11-20,GLICL,162,165,160,162,3240,521270
2012-11-21,GLICL,162,165,160,165,1830,293760
2012-11-22,GLICL,165,164,160,164,870,139960
2012-11-26,GLICL,164,161,160,161,1620,259570
2012-11-27,GLICL,161,158,158,158,30,4740
2012-11-28,GLICL,158,155,151,151,1100,167460
2012-11-29,GLICL,151,150,147,147,820,121660
2012-12-02,GLICL,147,149,148,148,40,5950
2012-12-03,GLICL,148,156,148,156,1160,172180
2012-12-04,GLICL,156,154,154,154,200,30800
2012-12-05,GLICL,154,157,152,156,4120,635250
2012-12-06,GLICL,156,156,149,153,3030,461250
2012-12-09,GLICL,153,153,150,153,500,75580
2012-12-10,GLICL,153,153,150,150,620,93630
2012-12-11,GLICL,150,153,146,150,730,108040
2012-12-12,GLICL,150,150,148,149,690,102620
2012-12-13,GLICL,149,151,150,151,210,31590
2012-12-16,GLICL,151,155,150,155,2490,375720
2012-12-17,GLICL,155,156,153,153,2240,344850
2012-12-18,GLICL,153,150,146,150,420,62600
2012-12-19,GLICL,150,155,152,155,1100,169360
2012-12-20,GLICL,155,154,150,154,2380,364300
2012-12-23,GLICL,154,154,149,153,2710,409970
2012-12-24,GLICL,153,154,148,154,4650,699510
2012-12-26,GLICL,154,154,152,154,1730,266140
2012-12-27,GLICL,154,158,154,156,2380,369390
2012-12-31,GLICL,156,153,150,153,370,56010
2013-01-01,GLICL,153,152,151,152,740,112400
2013-01-02,GLICL,152,152,149,151,390,58410
2013-01-03,GLICL,151,155,147,149,2260,341260
2013-01-06,GLICL,149,149,148,148,1800,267430
2013-01-07,GLICL,148,148,145,148,1610,234610
2013-01-08,GLICL,148,146,146,146,50,7300
2013-01-09,GLICL,146,160,148,151,1400,216110
2013-01-10,GLICL,151,157,150,157,860,131530
2013-01-13,GLICL,157,154,144,151,1540,225240
2013-01-15,GLICL,151,148,145,145,1120,163040
2013-01-16,GLICL,145,146,145,145,1100,159600
2013-01-17,GLICL,145,147,145,145,390,56750
2013-01-21,GLICL,145,146,144,146,670,96560
2013-01-22,GLICL,146,145,144,144,420,60550
2013-01-23,GLICL,144,144,138,138,4770,662680
2013-01-24,GLICL,138,138,138,138,530,73140
2013-01-27,GLICL,138,138,138,138,30,4140
2013-01-28,GLICL,138,140,140,140,810,113400
2013-01-30,GLICL,140,138,138,138,20,2760
2013-01-31,GLICL,138,137,136,137,290,39560
2013-02-03,GLICL,137,137,135,137,6380,861320
2013-02-04,GLICL,137,143,135,143,460,62980
2013-02-05,GLICL,143,149,145,146,280,41200
2013-02-06,GLICL,146,144,142,142,290,41600
2013-02-07,GLICL,142,144,140,141,1450,205380
2013-02-10,GLICL,141,144,139,139,490,69280
2013-02-12,GLICL,139,150,141,150,890,127140
2013-02-13,GLICL,150,150,147,149,420,62360
2013-02-14,GLICL,149,154,151,154,1060,161740
2013-02-17,GLICL,154,160,157,160,90,14160
2013-02-19,GLICL,160,158,153,153,2255,350990
2013-02-20,GLICL,153,150,144,148,4150,612920
2013-02-21,GLICL,148,150,145,145,1060,157980
2013-02-24,GLICL,145,144,144,144,140,20160
2013-02-25,GLICL,144,144,142,144,160,22900
2013-02-26,GLICL,144,149,146,147,1390,204720
2013-02-27,GLICL,147,147,142,144,1390,200870
2013-02-28,GLICL,144,145,145,145,50,7250
2013-03-04,GLICL,143,145,143,145,330,47770
2013-03-05,GLICL,145,143,143,143,70,10010
2013-03-06,GLICL,143,145,143,143,770,111250
2013-03-07,GLICL,143,145,144,144,170,24580
2013-03-11,GLICL,144,147,142,147,1170,169460
2013-03-13,GLICL,147,151,149,149,3120,468160
2013-03-14,GLICL,149,151,146,146,910,134370
2013-03-17,GLICL,146,149,146,146,970,143000
2013-03-18,GLICL,146,150,147,150,1100,164160
2013-03-19,GLICL,150,152,147,147,670,99160
2013-03-20,GLICL,147,146,144,145,1150,166220
2013-03-21,GLICL,145,148,145,147,1760,257290
2013-03-24,GLICL,147,146,144,146,360,52180
2013-03-25,GLICL,146,145,144,144,540,78220
2013-03-27,GLICL,144,142,142,142,430,61060
2013-03-28,GLICL,142,153,144,150,8760,1302880
2013-03-31,GLICL,150,150,145,147,5230,776940
2013-04-01,GLICL,147,149,142,146,2870,419310
2013-04-02,GLICL,146,145,142,145,6200,896710
2013-04-03,GLICL,145,147,142,147,9710,1415100
2013-04-04,GLICL,147,148,142,145,14400,2103450
2013-04-07,GLICL,145,143,143,143,250,35750
2013-04-09,GLICL,143,141,141,141,170,23970
2013-04-16,GLICL,141,143,141,141,130,18490
2013-04-17,GLICL,141,141,141,141,240,33840
2013-04-23,GLICL,141,134,134,134,10,1340
2013-04-25,GLICL,134,138,136,138,30,4100
2013-04-29,GLICL,138,142,140,140,2640,370020
2013-04-30,GLICL,140,138,136,138,60,8260
2013-05-02,GLICL,138,136,134,134,60,8080
2013-05-12,GLICL,134,134,134,134,40,5360
2013-05-13,GLICL,134,136,136,136,10,1360
2013-05-15,GLICL,136,138,136,138,110,14980
2013-05-16,GLICL,138,151,140,151,3620,546100
2013-05-19,GLICL,151,155,154,155,180,27880
2013-05-20,GLICL,155,155,155,155,500,77500
2013-05-21,GLICL,155,158,152,155,2260,351560
2013-05-23,GLICL,155,155,150,154,700,106120
2013-05-26,GLICL,154,154,154,154,10,1540
2013-05-27,GLICL,154,155,153,153,230,35250
2013-05-28,GLICL,153,156,150,155,1840,281410
2013-05-30,GLICL,155,160,152,155,5610,876740
2013-06-02,GLICL,155,154,151,153,1310,198730
2013-06-03,GLICL,153,156,150,156,3130,472200
2013-06-04,GLICL,156,157,153,154,3170,493570
2013-06-06,GLICL,154,151,151,151,50,7550
2013-06-09,GLICL,151,160,154,154,210,32700
2013-06-10,GLICL,154,154,154,154,300,46200
2013-06-11,GLICL,154,154,154,154,150,23100
2013-06-12,GLICL,154,152,149,151,4990,744010
2013-06-13,GLICL,151,154,148,153,12510,1912740
2013-06-16,GLICL,153,156,156,156,10,1560
2013-06-17,GLICL,156,153,150,150,240,36600
2013-06-18,GLICL,150,159,153,159,30,4680
2013-06-24,GLICL,159,156,150,150,1230,185310
2013-06-25,GLICL,150,153,150,151,1010,152430
2013-06-26,GLICL,151,150,149,150,210,31490
2013-06-27,GLICL,150,150,148,150,2110,312600
2013-06-30,GLICL,150,153,153,153,250,38250
2013-07-02,GLICL,153,152,152,152,200,30400
2013-07-03,GLICL,152,149,149,149,180,26820
2013-07-04,GLICL,149,148,145,146,950,139000
2013-07-07,GLICL,146,147,146,146,300,43890
2013-07-08,GLICL,146,147,147,147,1250,183750
2013-07-09,GLICL,147,150,148,150,100,14840
2013-07-10,GLICL,150,150,148,150,630,94100
2013-07-11,GLICL,150,150,150,150,140,21000
2013-07-15,GLICL,150,153,152,152,250,38050
2013-07-16,GLICL,152,150,148,150,223,33224
2013-07-17,GLICL,150,150,148,150,1450,217400
2013-07-18,GLICL,150,153,150,150,790,118680
2013-07-22,GLICL,150,151,145,148,1960,294120
2013-07-23,GLICL,148,160,150,160,1050,162120
2013-07-24,GLICL,160,159,151,151,1040,162110
2013-07-25,GLICL,151,154,150,153,660,101130
2013-07-28,GLICL,153,168,156,168,8000,1334310
2013-07-29,GLICL,168,184,171,180,12050,2145280
2013-07-30,GLICL,180,182,175,180,4990,889000
2013-07-31,GLICL,180,184,176,177,2800,500960
2013-08-01,GLICL,177,175,171,171,1090,188600
2013-08-04,GLICL,171,171,165,165,740,124950
2013-08-05,GLICL,165,165,162,163,550,89630
2013-08-06,GLICL,163,165,165,165,530,87450
2013-08-07,GLICL,165,174,165,174,300,51230
2013-08-08,GLICL,174,178,175,177,2530,447050
2013-08-11,GLICL,177,179,174,178,2900,512770
2013-08-12,GLICL,178,193,178,192,8236,1533043
2013-08-13,GLICL,192,206,190,195,14383,2861142
2013-08-14,GLICL,195,212,197,203,12433,2580953
2013-08-15,GLICL,203,201,193,194,5720,1128277
2013-08-18,GLICL,194,213,197,213,14260,2913817
2013-08-19,GLICL,213,215,199,207,16458,3409014
2013-08-20,GLICL,207,214,205,210,4794,1000796
2013-08-25,GLICL,210,208,201,206,3665,748646
2013-08-26,GLICL,206,205,199,202,4287,868234
2013-08-27,GLICL,202,213,199,212,4040,838609
2013-08-29,GLICL,212,210,205,208,1662,343474
2013-09-01,GLICL,208,209,204,204,1167,241235
2013-09-02,GLICL,204,200,196,196,1561,307640
2013-09-03,GLICL,196,198,193,198,2135,414556
2013-09-04,GLICL,198,201,196,196,3239,646649
2013-09-05,GLICL,196,198,193,196,2243,440983
2013-09-08,GLICL,196,201,193,200,1247,244886
2013-09-09,GLICL,200,201,198,200,2242,448469
2013-09-10,GLICL,200,202,199,202,1475,295906
2013-09-11,GLICL,202,204,200,204,2230,448324
2013-09-12,GLICL,204,208,203,207,1660,341206
2013-09-15,GLICL,207,207,201,204,3020,614885
2013-09-16,GLICL,204,224,203,224,5737,1231821
2013-09-17,GLICL,224,246,220,246,7702,1852595
2013-09-19,GLICL,246,260,235,245,13950,3444684
2013-09-22,GLICL,245,245,233,241,3828,920096
2013-09-23,GLICL,241,244,234,244,2226,534489
2013-09-24,GLICL,244,240,237,240,795,189978
2013-09-25,GLICL,240,238,231,235,7809,1830715
2013-09-26,GLICL,235,235,230,230,2701,627429
2013-09-29,GLICL,230,237,223,230,1388,318173
2013-09-30,GLICL,230,231,228,230,1146,263654
2013-10-01,GLICL,230,234,230,230,6332,1461580
2013-10-02,GLICL,230,242,227,242,660,155620
2013-10-03,GLICL,242,243,230,242,8398,1990917
2013-10-06,GLICL,242,241,236,236,5260,1256421
2013-10-07,GLICL,236,246,240,244,4288,1040067
2013-10-08,GLICL,244,252,243,247,5758,1433532
2013-10-09,GLICL,247,253,243,253,8306,2067090
2013-10-10,GLICL,253,264,249,264,6592,1690348
2013-10-17,GLICL,264,260,260,260,74,19240
2013-10-22,GLICL,223,224,216,224,529,116915
2013-10-23,GLICL,224,245,228,245,4808,1142066
2013-10-24,GLICL,245,249,243,249,2122,521353
2013-10-27,GLICL,249,246,245,245,1344,330224
2013-10-28,GLICL,245,246,242,245,1294,315753
2013-10-30,GLICL,245,248,243,248,1563,383793
2013-10-31,GLICL,248,245,241,241,418,101818
2013-11-07,GLICL,241,245,245,245,90,22050
2013-11-12,GLICL,245,249,249,249,181,45069
2013-11-13,GLICL,249,273,253,265,2446,653763
2013-11-14,GLICL,265,279,265,272,3855,1050180
2013-11-21,GLICL,272,287,277,287,70,19840
2013-11-24,GLICL,287,315,292,315,5951,1867540
2013-11-25,GLICL,315,339,321,339,20991,6992673
2013-11-26,GLICL,339,372,345,372,8832,3273764
2013-11-27,GLICL,372,409,379,385,9994,3989530
2013-11-28,GLICL,385,400,379,399,14359,5636570
2013-12-01,GLICL,399,400,389,390,5928,2324805
2013-12-02,GLICL,390,405,392,405,4148,1648446
2013-12-03,GLICL,405,423,395,412,17777,7203783
2013-12-04,GLICL,412,453,415,442,9756,4290002
2013-12-05,GLICL,442,450,415,415,6815,2999057
2013-12-08,GLICL,415,407,392,392,600,239360
2013-12-09,GLICL,392,385,353,353,8477,3010933
2013-12-10,GLICL,353,358,330,352,7225,2442700
2013-12-11,GLICL,352,351,341,341,2351,819025
2013-12-12,GLICL,341,366,340,352,1013,351737
2013-12-15,GLICL,352,351,345,351,307,106767
2013-12-16,GLICL,351,372,358,372,2340,861510
2013-12-18,GLICL,372,386,379,386,210,80500
2013-12-19,GLICL,386,393,380,380,1306,499042
2013-12-22,GLICL,380,375,366,366,350,129950
2013-12-23,GLICL,366,359,352,352,263,93556
2013-12-24,GLICL,352,345,333,336,1314,440650
2013-12-26,GLICL,336,345,330,340,5540,1887809
2013-12-29,GLICL,340,342,330,335,2880,964823
2013-12-31,GLICL,335,330,319,319,5107,1648577
2014-01-01,GLICL,319,316,307,316,1408,440195
2014-01-02,GLICL,316,315,310,315,2031,637565
2014-01-05,GLICL,315,326,313,319,7134,2250814
2014-01-06,GLICL,319,319,319,319,200,63800
2014-01-07,GLICL,319,325,320,320,813,260870
2014-01-08,GLICL,320,341,320,341,1595,528824
2014-01-09,GLICL,341,354,340,340,1816,628536
2014-01-12,GLICL,340,357,340,357,2422,845152
2014-01-13,GLICL,357,368,358,361,3580,1288850
2014-01-14,GLICL,361,379,361,373,4020,1491738
2014-01-16,GLICL,373,394,376,390,2905,1124007
2014-01-19,GLICL,390,404,383,395,2254,896202
2014-01-20,GLICL,395,408,385,392,6523,2590279
2014-01-21,GLICL,392,387,376,380,5599,2132543
2014-01-22,GLICL,380,390,370,380,20222,7553459
2014-01-23,GLICL,380,399,381,398,16524,6455671
2014-01-26,GLICL,398,415,387,415,21787,8823255
2014-01-27,GLICL,415,413,392,399,1705,681563
2014-01-28,GLICL,399,406,390,400,3233,1280362
2014-01-29,GLICL,400,400,385,391,1532,598727
2014-02-02,GLICL,391,398,380,388,3539,1368945
2014-02-03,GLICL,388,381,373,373,1739,656739
2014-02-04,GLICL,373,385,360,385,955,360120
2014-02-06,GLICL,385,399,384,390,1116,431271
2014-02-09,GLICL,390,390,380,385,790,302975
2014-02-10,GLICL,385,398,392,398,1262,497464
2014-02-11,GLICL,398,391,384,391,5168,1999986
2014-02-12,GLICL,391,395,385,393,1800,701119
2014-02-13,GLICL,393,412,393,410,20972,8487981
2014-02-16,GLICL,410,418,402,405,6688,2737818
2014-02-17,GLICL,405,415,400,410,17323,7088716
2014-02-18,GLICL,410,451,406,451,21628,9694424
2014-02-20,GLICL,451,496,460,478,29992,14611612
2014-02-23,GLICL,478,475,455,460,2414,1111590
2014-02-24,GLICL,460,469,450,450,20603,9466464
2014-02-25,GLICL,450,459,438,455,7124,3211252
2014-02-26,GLICL,455,464,446,455,1686,769322
2014-03-03,GLICL,455,446,420,430,9896,4245176
2014-03-04,GLICL,430,440,418,440,4615,1960634
2014-03-05,GLICL,440,450,431,450,2303,1007380
2014-03-06,GLICL,450,445,432,435,2980,1300044
2014-03-09,GLICL,435,427,406,415,5200,2138934
2014-03-10,GLICL,415,415,401,410,3599,1472119
2014-03-11,GLICL,410,415,400,400,2562,1032771
2014-03-12,GLICL,400,405,398,401,4224,1694314
2014-03-17,GLICL,414,406,406,406,35,14210
2014-03-18,GLICL,406,410,394,400,354,141486
2014-03-19,GLICL,400,405,395,395,6028,2402743
2014-03-20,GLICL,395,405,393,405,5384,2147153
2014-03-23,GLICL,400,406,392,406,2649,1059069
2014-03-24,GLICL,406,412,402,408,1975,800177
2014-03-25,GLICL,408,416,408,416,3713,1531050
2014-03-26,GLICL,416,414,407,409,3391,1384245
2014-03-27,GLICL,409,423,410,417,7188,2996712
2014-03-31,GLICL,417,438,418,431,21005,8890957
2014-04-01,GLICL,431,449,430,442,4905,2162894
2014-04-02,GLICL,442,440,430,437,8238,3579891
2014-04-03,GLICL,437,441,434,434,7438,3255545
2014-04-06,GLICL,434,430,418,426,4503,1900903
2014-04-07,GLICL,426,430,422,426,3009,1279182
2014-04-09,GLICL,426,435,421,430,1622,699192
2014-04-10,GLICL,430,473,436,465,22355,10388416
2014-04-13,GLICL,465,480,465,472,13922,6590845
2014-04-15,GLICL,472,480,466,472,10432,4924199
2014-04-16,GLICL,472,470,455,460,25653,11756391
2014-04-17,GLICL,460,470,448,466,10633,4888216
2014-04-20,GLICL,466,470,450,450,2843,1300024
2014-04-21,GLICL,450,459,450,455,4146,1876052
2014-04-22,GLICL,455,466,450,466,13212,6073468
2014-04-23,GLICL,466,490,475,480,16480,7879005
2014-04-27,GLICL,480,501,465,500,9709,4706468
2014-04-28,GLICL,500,524,495,512,28339,14498530
2014-04-29,GLICL,512,563,515,563,41400,22519812
2014-04-30,GLICL,563,596,552,593,54062,31236712
2014-05-04,GLICL,593,635,588,635,28430,17276254
2014-05-05,GLICL,635,683,584,601,24109,15631663
2014-05-06,GLICL,601,590,541,587,14097,7821748
2014-05-07,GLICL,587,607,575,575,7889,4651623
2014-05-08,GLICL,575,565,544,544,9476,5235611
2014-05-11,GLICL,544,560,534,558,9372,5182096
2014-05-12,GLICL,558,567,547,567,22567,12488785
2014-05-13,GLICL,567,589,570,589,11206,6479621
2014-05-15,GLICL,589,578,564,570,5965,3396945
2014-05-18,GLICL,570,568,553,555,2357,1317292
2014-05-19,GLICL,555,551,536,540,4456,2410711
2014-05-20,GLICL,540,550,540,541,1810,978854
2014-05-21,GLICL,541,540,525,530,12241,6506763
2014-05-22,GLICL,530,555,520,555,6842,3666425
2014-05-25,GLICL,555,565,545,565,956,524782
2014-05-26,GLICL,565,554,535,537,1870,1011606
2014-05-27,GLICL,537,540,530,540,3308,1768613
2014-05-28,GLICL,540,546,535,535,2264,1219381
2014-06-01,GLICL,535,541,530,535,2315,1238990
2014-06-02,GLICL,535,547,530,530,2190,1173885
2014-06-03,GLICL,530,539,520,520,2570,1350891
2014-06-04,GLICL,520,530,510,530,1426,739138
2014-06-05,GLICL,530,525,516,516,1944,1014444
2014-06-08,GLICL,516,520,500,501,2434,1247542
2014-06-09,GLICL,501,509,500,509,2065,1043685
2014-06-10,GLICL,509,511,501,504,4215,2139285
2014-06-11,GLICL,504,510,500,510,2872,1437320
2014-06-12,GLICL,510,513,498,513,4966,2493225
2014-06-15,GLICL,513,545,506,545,8243,4261362
2014-06-16,GLICL,545,546,526,545,4664,2506664
2014-06-17,GLICL,545,577,535,550,18888,10314108
2014-06-18,GLICL,550,571,551,562,5244,2922121
2014-06-19,GLICL,562,565,545,550,5796,3210726
2014-06-23,GLICL,550,550,520,550,8799,4695696
2014-06-24,GLICL,550,550,540,548,3159,1727918
2014-06-25,GLICL,548,564,530,564,7713,4135331
2014-06-26,GLICL,564,587,560,587,12871,7300303
2014-06-29,GLICL,587,598,576,584,27022,15845956
2014-06-30,GLICL,584,604,555,596,26385,15237299
2014-07-01,GLICL,596,645,596,627,24794,15403893
2014-07-02,GLICL,627,661,629,631,33063,21180904
2014-07-03,GLICL,631,635,609,610,8059,4981231
2014-07-06,GLICL,610,645,605,645,41145,25701848
2014-07-07,GLICL,645,675,650,655,18489,12313493
2014-07-08,GLICL,655,690,655,670,18657,12497324
2014-07-09,GLICL,670,668,641,660,9889,6467951
2014-07-10,GLICL,660,648,625,643,28038,17669892
2014-07-13,GLICL,643,660,639,645,4012,2593892
2014-07-14,GLICL,645,645,623,630,2827,1788637
2014-07-15,GLICL,630,654,630,654,9146,5860842
2014-07-16,GLICL,654,665,635,650,8937,5867501
2014-07-17,GLICL,650,661,640,661,6880,4472016
2014-07-20,GLICL,661,674,650,660,5334,3505152
2014-07-21,GLICL,660,691,660,679,25344,17113892
2014-07-22,GLICL,679,680,658,670,6284,4206329
2014-07-23,GLICL,670,678,644,676,4851,3234538
2014-07-24,GLICL,676,675,651,660,2442,1618316
2014-07-27,GLICL,660,655,643,646,2134,1381322
2014-07-28,GLICL,646,651,635,650,1491,967800
2014-07-30,GLICL,650,640,630,633,2745,1738798
2014-07-31,GLICL,633,638,626,637,5611,3544398
2014-08-03,GLICL,637,630,620,630,1965,1224884
2014-08-04,GLICL,630,620,593,600,1912,1150106
2014-08-05,GLICL,600,630,610,615,3165,1975963
2014-08-06,GLICL,615,620,610,615,3872,2381493
2014-08-07,GLICL,615,620,598,620,2684,1622994
2014-08-12,GLICL,620,609,595,595,1568,938726
2014-08-13,GLICL,595,612,571,604,10353,6194806
2014-08-14,GLICL,604,620,591,620,1611,981647
2014-08-18,GLICL,620,608,585,585,170,100435
2014-08-19,GLICL,585,605,588,588,1656,989911
2014-08-20,GLICL,588,590,560,560,302,174372
2014-08-24,GLICL,560,549,505,505,4545,2347157
2014-08-25,GLICL,505,495,455,459,6148,2836901
2014-08-26,GLICL,459,504,451,462,10848,5143139
2014-08-27,GLICL,462,508,471,508,1559,788000
2014-08-28,GLICL,508,558,518,558,10795,5944461
2014-08-31,GLICL,558,579,546,546,4279,2425038
2014-09-01,GLICL,546,536,506,520,1425,740860
2014-09-03,GLICL,520,540,525,525,2862,1526434
2014-09-04,GLICL,525,530,496,501,4046,2048028
2014-09-07,GLICL,501,505,451,460,3730,1713881
2014-09-09,GLICL,460,506,469,500,5481,2675096
2014-09-10,GLICL,500,520,485,495,6117,3079161
2014-09-11,GLICL,495,513,486,513,2912,1445373
2014-09-14,GLICL,513,503,485,495,930,453860
2014-09-15,GLICL,495,490,475,484,856,409926
2014-09-16,GLICL,484,493,475,493,1138,549051
2014-09-17,GLICL,493,490,486,490,83,40458
2014-09-18,GLICL,490,492,482,492,1021,496105
2014-09-21,GLICL,492,485,477,477,1703,820993
2014-09-22,GLICL,477,488,470,488,1749,828017
2014-09-23,GLICL,488,515,497,500,2726,1369660
2014-09-24,GLICL,500,534,502,520,1705,886649
2014-09-28,GLICL,520,569,512,569,4848,2607683
2014-09-29,GLICL,569,599,559,590,11485,6550624
2014-09-30,GLICL,590,600,553,555,1678,941669
2014-10-08,GLICL,555,545,528,529,628,334554
2014-10-09,GLICL,529,540,519,530,808,432744
2014-10-12,GLICL,530,540,526,540,120,64007
2014-10-13,GLICL,540,550,530,550,2443,1322416
2014-10-14,GLICL,550,552,546,546,938,515106
2014-10-15,GLICL,546,574,542,572,4414,2469908
2014-10-16,GLICL,572,576,556,569,6911,3906896
2014-10-19,GLICL,569,575,555,575,2844,1616585
2014-10-20,GLICL,575,580,552,580,967,542708
2014-10-21,GLICL,580,591,558,572,855,487661
2014-10-22,GLICL,572,609,570,609,6411,3821036
2014-10-26,GLICL,609,621,606,620,7823,4815472
2014-10-27,GLICL,620,634,601,608,5519,3390428
2014-10-28,GLICL,608,620,606,606,11521,7028435
2014-10-30,GLICL,606,610,595,603,3872,2328220
2014-11-02,GLICL,603,600,590,591,2656,1568725
2014-11-03,GLICL,591,585,575,580,1682,975517
2014-11-04,GLICL,580,592,559,565,4904,2782556
2014-11-05,GLICL,565,596,575,585,3989,2341384
2014-11-06,GLICL,585,595,574,595,1006,585123
2014-11-09,GLICL,595,604,583,583,1207,717140
2014-11-10,GLICL,583,572,555,566,3776,2127475
2014-11-11,GLICL,566,570,560,568,1492,843642
2014-11-12,GLICL,568,575,559,563,898,505813
2014-11-13,GLICL,563,575,562,564,955,540974
2014-11-16,GLICL,564,560,545,550,3302,1818822
2014-11-17,GLICL,550,540,500,513,726,376344
2014-11-18,GLICL,513,553,493,517,6437,3402333
2014-11-19,GLICL,517,550,500,549,4187,2166118
2014-11-20,GLICL,549,561,539,558,1584,878268
2014-11-23,GLICL,558,584,545,546,9565,5349664
2014-11-24,GLICL,546,540,540,540,490,264600
2014-11-25,GLICL,540,530,530,530,50,26500
2014-11-30,GLICL,530,535,529,532,1089,579190
2014-12-01,GLICL,532,540,526,526,3785,2007422
2014-12-02,GLICL,526,521,510,521,2276,1172470
2014-12-03,GLICL,521,542,529,542,4543,2412107
2014-12-04,GLICL,542,552,525,530,5431,2885600
2014-12-07,GLICL,530,531,520,528,2000,1055587
2014-12-08,GLICL,528,535,525,525,1104,582942
2014-12-09,GLICL,525,532,522,525,1732,908461
2014-12-10,GLICL,525,535,523,525,3142,1651164
2014-12-11,GLICL,525,540,520,540,3008,1589480
2014-12-14,GLICL,540,569,539,569,2904,1600854
2014-12-15,GLICL,569,580,540,558,1492,828682
2014-12-16,GLICL,558,555,548,555,514,281770
2014-12-17,GLICL,555,545,536,539,1400,755600
2014-12-18,GLICL,539,544,536,544,1157,622980
2014-12-21,GLICL,544,545,535,535,167,89645
2014-12-22,GLICL,535,526,526,526,192,100992
2014-12-23,GLICL,526,524,512,524,922,474960
2014-12-24,GLICL,524,534,524,533,898,475814
2014-12-28,GLICL,533,545,535,545,73,39524
2014-12-29,GLICL,545,535,523,535,1957,1030124
2014-12-31,GLICL,535,533,517,530,4759,2493297
2015-01-01,GLICL,530,546,532,536,4919,2643828
2015-01-04,GLICL,536,549,534,549,10481,5685943
2015-01-05,GLICL,549,570,545,547,12945,7218518
2015-01-06,GLICL,547,547,541,543,1242,674996
2015-01-07,GLICL,543,553,540,541,1682,918085
2015-01-08,GLICL,541,558,531,550,2947,1624744
2015-01-11,GLICL,550,567,550,558,2718,1512556
2015-01-12,GLICL,558,560,545,550,5703,3132746
2015-01-13,GLICL,550,573,550,568,8140,4565364
2015-01-14,GLICL,568,595,568,570,9832,5687620
2015-01-18,GLICL,570,585,574,580,7500,4333967
2015-01-19,GLICL,580,610,573,580,7065,4144236
2015-01-20,GLICL,580,581,560,560,6223,3542782
2015-01-22,GLICL,560,570,559,560,6551,3671543
2015-01-25,GLICL,560,578,560,578,1568,889523
2015-01-26,GLICL,578,581,570,570,1499,864974
2015-01-27,GLICL,570,566,565,565,1460,825460
2015-01-28,GLICL,565,568,565,565,813,459915
2015-01-29,GLICL,565,576,560,562,3666,2068294
2015-02-01,GLICL,562,569,552,552,5532,3074758
2015-02-02,GLICL,552,568,552,565,3258,1812604
2015-02-03,GLICL,565,566,554,560,4992,2795426
2015-02-04,GLICL,560,565,550,556,771,430412
2015-02-05,GLICL,556,565,546,560,3199,1791229
2015-02-08,GLICL,560,560,555,557,1863,1036808
2015-02-09,GLICL,557,565,546,560,7086,3949102
2015-02-10,GLICL,560,571,556,560,3052,1708741
2015-02-11,GLICL,560,565,554,559,2226,1250841
2015-02-12,GLICL,559,561,555,559,7753,4319800
2015-02-15,GLICL,559,575,560,567,5495,3098443
2015-02-16,GLICL,567,575,560,561,3422,1918650
2015-02-18,GLICL,561,568,551,559,550,307332
2015-02-22,GLICL,559,555,545,555,2343,1288864
2015-02-23,GLICL,555,554,547,554,2077,1142244
2015-02-24,GLICL,554,554,543,551,991,544432
2015-02-25,GLICL,551,548,542,543,1139,620194
2015-02-26,GLICL,543,562,541,562,873,475860
2015-03-01,GLICL,562,560,552,560,649,362134
2015-03-02,GLICL,560,582,571,582,28,16142
2015-03-03,GLICL,582,585,583,583,413,241234
2015-03-04,GLICL,583,572,550,560,2064,1150891
2015-03-09,GLICL,560,571,551,563,4324,2416414
2015-03-10,GLICL,563,564,564,564,74,41736
2015-03-11,GLICL,564,560,554,558,1068,593218
2015-03-15,GLICL,558,548,545,545,1153,629352
2015-03-16,GLICL,545,545,535,535,535,286729
2015-03-17,GLICL,535,545,535,545,599,321555
2015-03-18,GLICL,545,542,535,540,914,491052
2015-03-19,GLICL,540,550,530,550,1099,589450
2015-03-22,GLICL,550,545,539,541,1920,1038011
2015-03-23,GLICL,541,537,529,529,1146,610227
2015-03-24,GLICL,529,522,520,522,785,408860
2015-03-25,GLICL,522,525,520,522,931,485790
2015-03-26,GLICL,522,525,522,525,286,149859
2015-03-29,GLICL,525,525,523,523,673,352343
2015-03-30,GLICL,523,549,533,549,153,82403
2015-03-31,GLICL,549,559,557,559,24,13396
2015-04-01,GLICL,559,548,533,533,265,142950
2015-04-02,GLICL,533,530,519,522,1782,932456
2015-04-05,GLICL,522,522,505,511,2167,1115639
2015-04-06,GLICL,511,530,515,530,1435,752649
2015-04-07,GLICL,530,528,511,527,7665,3981668
2015-04-08,GLICL,527,521,521,521,240,125040
2015-04-09,GLICL,521,531,525,531,888,468580
2015-04-12,GLICL,531,541,540,540,28,15134
2015-04-13,GLICL,540,539,538,539,537,289406
2015-04-15,GLICL,539,539,539,539,30,16170
2015-04-16,GLICL,539,540,540,540,95,51300
2015-04-20,GLICL,540,539,539,539,169,91091
2015-04-21,GLICL,539,529,529,529,500,264500
2015-04-22,GLICL,529,520,502,520,1879,950321
2015-04-23,GLICL,520,510,506,509,344,175244
2015-06-01,GLICL,509,499,490,490,27,13383
2015-06-02,GLICL,490,489,442,484,4140,1976189
2015-06-03,GLICL,484,532,490,525,10121,5302167
2015-06-04,GLICL,525,546,518,520,6866,3672627
2015-06-07,GLICL,520,545,525,540,3116,1678789
2015-06-08,GLICL,540,540,535,535,489,262685
2015-06-09,GLICL,535,577,545,545,1026,573702
2015-06-10,GLICL,545,535,525,525,180,95400
2015-06-11,GLICL,525,516,506,515,1237,637048
2015-06-14,GLICL,515,515,500,510,1738,877575
2015-06-15,GLICL,510,515,510,515,119,61035
2015-06-16,GLICL,515,511,510,511,5511,2815900
2015-06-17,GLICL,511,515,507,512,1079,551873
2015-06-21,GLICL,512,503,500,500,376,188545
2015-06-22,GLICL,500,515,505,515,1500,765000
2015-06-23,GLICL,515,555,525,542,2206,1191221
2015-06-24,GLICL,542,539,531,539,2003,1066698
2015-06-25,GLICL,539,530,525,527,732,385510
2015-06-28,GLICL,527,557,537,552,3293,1796975
2015-06-29,GLICL,552,583,557,570,9337,5298191
2015-06-30,GLICL,570,572,560,572,7760,4388341
2015-07-01,GLICL,572,600,558,564,6785,3910713
2015-07-02,GLICL,564,563,553,553,1963,1093580
2015-07-05,GLICL,553,555,552,555,2306,1278330
2015-07-06,GLICL,555,604,545,551,4801,2641121
2015-07-07,GLICL,551,554,545,552,2631,1446393
2015-07-08,GLICL,552,552,548,550,1581,870102
2015-07-09,GLICL,550,550,545,550,2010,1100460
2015-07-12,GLICL,550,553,542,553,1681,927372
2015-07-13,GLICL,553,550,540,550,1793,977600
2015-07-14,GLICL,550,560,545,560,2265,1242124
2015-07-15,GLICL,560,570,551,570,2850,1588007
2015-07-16,GLICL,570,588,551,582,32060,18093572
2015-07-22,GLICL,582,571,550,550,2031,1125920
2015-07-23,GLICL,550,555,545,555,2728,1503028
2015-07-27,GLICL,555,560,550,555,5320,2945083
2015-07-28,GLICL,555,545,545,545,85,46325
2015-07-29,GLICL,545,565,540,565,1187,652790
2015-07-30,GLICL,565,561,555,561,4297,2398255
2015-08-02,GLICL,561,582,564,582,611,354324
2015-08-03,GLICL,582,571,550,560,3122,1730500
2015-08-04,GLICL,560,555,550,552,1821,1005785
2015-08-05,GLICL,552,561,550,560,5393,2985268
2015-08-06,GLICL,560,582,560,572,12482,7164095
2015-08-09,GLICL,572,569,559,569,768,431776
2015-08-10,GLICL,569,570,555,555,1282,717805
2015-08-11,GLICL,555,570,550,570,1546,863497
2015-08-12,GLICL,570,560,542,543,1612,876870
2015-08-13,GLICL,543,560,550,550,4395,2430563
2015-08-16,GLICL,550,551,530,540,1669,916259
2015-08-17,GLICL,540,550,535,550,852,460762
2015-08-18,GLICL,550,555,544,553,4116,2259451
2015-08-19,GLICL,553,550,542,546,4827,2637479
2015-08-20,GLICL,546,567,545,545,5933,3307178
2015-08-23,GLICL,545,555,526,540,6800,3706873
2015-08-24,GLICL,540,594,550,594,158,89438
2015-08-25,GLICL,594,610,603,604,705,425730
2015-08-26,GLICL,604,616,605,610,3159,1926384
2015-08-27,GLICL,610,671,621,671,5945,3863895
2015-08-31,GLICL,671,738,684,738,5676,4153214
2015-09-01,GLICL,738,775,725,735,6701,5001455
2015-09-02,GLICL,735,721,707,707,30,21350
2015-09-03,GLICL,707,713,643,643,3412,2304856
2015-09-06,GLICL,643,668,643,650,621,404568
2015-09-07,GLICL,650,687,625,687,1356,856402
2015-09-08,GLICL,687,700,700,700,10,7000
2015-09-09,GLICL,700,686,660,660,281,189867
2015-09-10,GLICL,660,647,626,630,880,554470
2015-09-13,GLICL,630,667,642,654,477,314438
2015-09-14,GLICL,654,653,635,650,1569,1007030
2015-09-15,GLICL,650,656,650,656,1006,659300
2015-09-16,GLICL,656,660,650,650,1355,887410
2015-09-17,GLICL,650,646,628,628,1506,962928
2015-09-23,GLICL,628,640,640,640,1015,649600
2015-09-24,GLICL,640,640,616,640,2558,1616926
2015-09-28,GLICL,640,628,628,628,55,34540
2015-09-29,GLICL,628,617,617,617,74,45658
2015-09-30,GLICL,617,629,629,629,1000,629000
2015-10-01,GLICL,629,629,617,617,700,434300
2015-10-04,GLICL,617,617,617,617,106,65402
2015-10-05,GLICL,617,629,629,629,200,125800
2015-10-06,GLICL,629,617,617,617,35,21595
2015-10-07,GLICL,617,617,600,610,1543,932857
2015-10-08,GLICL,610,600,600,600,300,180000
2015-10-11,GLICL,600,612,600,600,211,126732
2015-10-14,GLICL,600,590,590,590,200,118000
2015-10-15,GLICL,590,579,568,569,806,459874
2015-10-18,GLICL,569,559,532,540,3080,1681742
2015-10-19,GLICL,540,561,550,550,3344,1850670
2015-10-27,GLICL,550,555,550,550,215,118750
2015-10-28,GLICL,550,539,525,538,1347,716205
2015-10-29,GLICL,538,548,530,530,503,269816
2015-11-01,GLICL,530,525,525,525,757,397425
2015-11-02,GLICL,525,540,535,536,2100,1124830
2015-11-03,GLICL,536,536,527,536,132,70464
2015-11-05,GLICL,536,546,546,546,100,54600
2015-11-08,GLICL,546,536,520,520,5451,2835280
2015-11-09,GLICL,520,570,530,570,88,48880
2015-11-10,GLICL,570,592,581,592,20,11730
2015-11-15,GLICL,592,590,590,590,100,59000
2015-11-18,GLICL,590,599,599,599,294,176106
2015-11-22,GLICL,599,588,588,588,10,5880
2015-11-24,GLICL,588,577,577,577,18,10386
2015-11-30,GLICL,577,566,566,566,30,16980
2015-12-01,GLICL,566,559,530,559,2080,1137084
2015-12-03,GLICL,559,570,570,570,100,57000
2015-12-06,GLICL,570,580,580,580,300,174000
2015-12-07,GLICL,580,569,558,558,221,123923
2015-12-08,GLICL,558,558,558,558,166,92628
2015-12-09,GLICL,558,572,547,565,2955,1644511
2015-12-10,GLICL,565,570,560,560,618,348960
2015-12-13,GLICL,560,571,560,560,550,308110
2015-12-14,GLICL,560,566,555,555,2121,1191560
2015-12-15,GLICL,555,600,566,584,20495,11862046
2015-12-16,GLICL,584,606,579,590,13389,7994395
2015-12-17,GLICL,590,599,575,580,6773,3919420
2015-12-20,GLICL,580,587,580,587,3090,1803200
2015-12-21,GLICL,587,590,580,590,2993,1754526
2015-12-22,GLICL,590,600,590,590,2840,1682024
2015-12-23,GLICL,590,602,590,592,5632,3341219
2015-12-24,GLICL,592,620,590,615,7191,4354608
2015-12-27,GLICL,615,632,610,610,3777,2334677
2015-12-28,GLICL,610,608,607,607,1600,972200
2015-12-29,GLICL,607,632,612,632,4240,2625661
2015-12-31,GLICL,632,668,635,641,8490,5518074
2016-01-03,GLICL,641,705,653,700,28392,19498792
2016-01-04,GLICL,700,728,661,686,12487,8592354
2016-01-05,GLICL,686,686,651,658,7192,4801871
2016-01-06,GLICL,658,670,657,664,2302,1528013
2016-01-07,GLICL,664,678,670,677,4061,2740513
2016-01-10,GLICL,677,686,652,652,3642,2436233
2016-01-11,GLICL,652,680,665,670,1666,1119520
2016-01-12,GLICL,670,675,657,670,3333,2213458
2016-01-13,GLICL,670,680,667,675,950,636300
2016-01-14,GLICL,675,673,668,673,728,488032
2016-01-17,GLICL,673,688,670,670,7112,4825332
2016-01-18,GLICL,670,690,660,679,8076,5435305
2016-01-19,GLICL,679,680,665,678,5340,3594407
2016-01-20,GLICL,678,670,666,668,2541,1697939
2016-01-21,GLICL,668,671,667,670,2794,1868874
2016-01-24,GLICL,670,679,662,678,7996,5355963
2016-01-25,GLICL,678,685,670,671,4872,3284210
2016-01-26,GLICL,671,675,665,670,5443,3638892
2016-01-27,GLICL,670,688,665,676,15170,10260611
2016-01-28,GLICL,615,611,608,610,1477,900748
2016-01-31,GLICL,610,614,602,614,2161,1311408
2016-02-01,GLICL,614,621,614,615,3530,2171680
2016-02-02,GLICL,615,616,610,611,2607,1599877
2016-02-03,GLICL,611,610,603,605,3097,1881461
2016-02-04,GLICL,605,625,608,625,4302,2650821
2016-02-07,GLICL,625,647,624,628,6102,3842540
2016-02-08,GLICL,628,640,632,640,4900,3116995
2016-02-11,GLICL,640,673,644,673,6696,4393021
2016-02-14,GLICL,673,675,647,656,8180,5390923
2016-02-15,GLICL,656,655,648,655,1266,824900
2016-02-16,GLICL,655,650,643,650,400,257900
2016-02-17,GLICL,650,650,645,645,1585,1022850
2016-02-18,GLICL,645,650,635,643,2583,1665869
2016-02-21,GLICL,643,645,640,640,2767,1776061
2016-02-22,GLICL,640,632,630,630,1310,826500
2016-02-23,GLICL,630,636,620,625,1348,843630
2016-02-24,GLICL,625,636,620,630,1932,1205633
2016-02-25,GLICL,630,630,620,620,1352,839475
2016-02-28,GLICL,620,635,621,634,4854,3054846
2016-02-29,GLICL,634,628,616,621,808,502383
2016-03-01,GLICL,621,629,623,625,1306,816684
2016-03-02,GLICL,625,633,625,628,2865,1799668
2016-03-03,GLICL,628,633,624,627,8847,5539860
2016-03-06,GLICL,627,650,639,640,3415,2194395
2016-03-10,GLICL,640,704,650,704,26009,17670080
2016-03-13,GLICL,704,753,700,701,14072,10048007
2016-03-14,GLICL,701,705,675,675,4882,3380450
2016-03-15,GLICL,675,698,679,698,3058,2112028
2016-03-16,GLICL,698,713,699,710,21657,15297881
2016-03-17,GLICL,710,743,700,729,12229,8789433
2016-03-20,GLICL,729,743,730,738,24203,17853264
2016-03-21,GLICL,738,760,730,750,9435,7011886
2016-03-23,GLICL,750,755,731,743,9244,6838285
2016-03-24,GLICL,743,737,726,732,10145,7398460
2016-03-27,GLICL,732,730,702,729,13492,9641431
2016-03-28,GLICL,729,729,710,723,7013,5016070
2016-03-29,GLICL,723,725,683,707,5876,4182796
2016-03-30,GLICL,707,695,683,688,1150,791050
2016-03-31,GLICL,688,690,675,675,4736,3227847
2016-04-03,GLICL,675,689,666,680,2182,1477313
2016-04-04,GLICL,680,693,678,682,2282,1567810
2016-04-05,GLICL,682,685,673,676,2915,1978569
2016-04-06,GLICL,676,685,670,673,2569,1730801
2016-04-10,GLICL,673,686,661,668,2221,1481487
2016-04-11,GLICL,668,675,668,670,690,463700
2016-04-12,GLICL,670,666,666,666,500,333000
2016-04-14,GLICL,666,679,670,675,990,668690
2016-04-17,GLICL,675,683,662,680,2598,1761620
2016-04-18,GLICL,680,705,692,700,2888,2022354
2016-04-19,GLICL,700,710,690,692,1699,1183067
2016-04-20,GLICL,692,694,673,687,5292,3627762
2016-04-21,GLICL,687,690,680,685,1067,732455
2016-04-24,GLICL,685,680,676,680,1005,682921
2016-04-25,GLICL,680,681,671,675,4072,2749198
2016-04-26,GLICL,675,685,675,677,3225,2194875
2016-04-27,GLICL,677,683,670,679,1063,723597
2016-04-28,GLICL,679,690,680,686,3582,2447846
2016-05-02,GLICL,686,685,673,674,2962,2015472
2016-05-03,GLICL,674,685,670,670,1820,1228642
2016-05-04,GLICL,670,680,669,674,7541,5071661
2016-05-05,GLICL,674,674,661,674,4001,2659050
2016-05-08,GLICL,674,674,670,670,510,343445
2016-05-09,GLICL,670,696,675,696,3137,2131370
2016-05-10,GLICL,696,707,696,700,8665,6084311
2016-05-11,GLICL,700,710,700,710,6780,4788279
2016-05-12,GLICL,710,710,698,698,6928,4894910
2016-05-15,GLICL,698,702,695,700,3111,2173741
2016-05-16,GLICL,700,700,690,690,3075,2136350
2016-05-17,GLICL,690,700,695,698,6376,4457125
2016-05-18,GLICL,698,727,711,725,12427,8977944
2016-05-19,GLICL,725,753,730,748,13634,10154797
2016-05-22,GLICL,748,821,745,821,22672,17699272
2016-05-23,GLICL,821,853,805,821,48813,39789896
2016-05-24,GLICL,821,837,810,816,25283,20910268
2016-05-25,GLICL,816,815,770,780,5766,4587151
2016-05-26,GLICL,780,799,760,799,7565,5894459
2016-05-29,GLICL,799,878,809,828,19885,16466255
2016-05-30,GLICL,828,835,820,828,17223,14240243
2016-05-31,GLICL,828,835,821,830,9313,7678885
2016-06-01,GLICL,830,834,800,815,7267,5876000
2016-06-02,GLICL,815,810,785,791,3988,3176862
2016-06-05,GLICL,791,776,733,733,5311,4031021
2016-06-06,GLICL,733,787,719,758,8138,6129208
2016-06-07,GLICL,758,785,765,765,3129,2411731
2016-06-08,GLICL,765,822,770,815,8338,6718381
2016-06-09,GLICL,815,896,831,896,59569,51864352
2016-06-12,GLICL,896,927,850,898,50344,45767208
2016-06-13,GLICL,898,938,876,910,20380,18442300
2016-06-14,GLICL,910,916,891,891,9669,8720395
2016-06-15,GLICL,891,980,899,980,28802,26814420
2016-06-16,GLICL,980,1078,990,1078,62359,66229544
2016-06-19,GLICL,1078,1140,996,1072,69501,75708008
2016-06-20,GLICL,1072,1114,1030,1042,20185,21575940
2016-06-21,GLICL,1042,1090,1022,1061,14345,15096964
2016-06-22,GLICL,1061,1096,1065,1083,12176,13133532
2016-06-23,GLICL,1083,1150,1065,1090,23820,26196040
2016-06-26,GLICL,1090,1100,1040,1070,10956,11594003
2016-06-27,GLICL,1070,1075,1040,1048,12798,13525383
2016-06-28,GLICL,1048,1065,1000,1040,20222,20917844
2016-06-29,GLICL,1040,1071,1030,1030,8359,8766934
2016-06-30,GLICL,1030,1092,1015,1034,14327,14861578
2016-07-03,GLICL,1034,1035,1015,1022,9513,9749931
2016-07-04,GLICL,1022,1040,1010,1015,13398,13598724
2016-07-05,GLICL,1015,1030,990,1030,17364,17475290
2016-07-06,GLICL,1030,1025,997,1000,8174,8196376
2016-07-10,GLICL,1000,1039,1000,1000,8181,8247089
2016-07-11,GLICL,1000,985,965,965,4258,4131267
2016-07-12,GLICL,965,960,907,940,9096,8583495
2016-07-13,GLICL,940,961,901,935,6880,6486110
2016-07-14,GLICL,935,960,935,950,2356,2237100
2016-07-17,GLICL,950,940,875,929,2748,2459950
2016-07-18,GLICL,929,1021,911,1021,10467,10306363
2016-07-19,GLICL,1021,1050,980,980,7149,7201903
2016-07-20,GLICL,980,1018,985,1000,15540,15544138
2016-07-21,GLICL,1000,1015,980,997,9655,9677031
2016-07-25,GLICL,997,1000,981,998,4751,4702388
2016-07-26,GLICL,998,1005,985,1000,7142,7107404
2016-07-27,GLICL,1000,1000,981,990,7220,7145020
2016-07-28,GLICL,990,1000,972,991,5652,5561598
2016-07-31,GLICL,991,1000,981,1000,5874,5808047
2016-08-01,GLICL,1000,1000,972,995,3478,3435848
2016-08-02,GLICL,995,978,950,955,1326,1265170
2016-08-03,GLICL,955,980,942,956,3325,3163850
2016-08-04,GLICL,956,950,915,915,5913,5517200
2016-08-07,GLICL,915,960,897,897,4755,4414362
2016-08-08,GLICL,897,890,848,848,2583,2232566
2016-08-09,GLICL,848,881,864,881,374,328236
2016-08-10,GLICL,881,905,870,870,5435,4870244
2016-08-11,GLICL,870,880,874,880,1228,1080472
2016-08-14,GLICL,880,870,840,840,3891,3341287
2016-08-15,GLICL,840,824,782,811,2239,1791908
2016-08-16,GLICL,811,827,795,815,2859,2323647
2016-08-17,GLICL,815,864,820,853,1731,1469762
2016-08-21,GLICL,853,851,835,850,1350,1131100
2016-08-22,GLICL,850,850,835,835,1078,905176
2016-08-23,GLICL,835,819,805,805,359,290129
2016-08-24,GLICL,805,885,805,885,2250,1868780
2016-08-28,GLICL,885,935,902,935,7458,6834884
2016-08-29,GLICL,935,972,923,930,1939,1816112
2016-08-30,GLICL,930,930,902,925,2266,2074382
2016-08-31,GLICL,925,950,935,950,4069,3840200
2016-09-01,GLICL,950,945,933,933,2797,2627989
2016-09-03,GLICL,933,944,905,905,456,423456
2016-09-05,GLICL,905,918,900,905,619,566585
2016-09-06,GLICL,905,960,900,905,3947,3627357
2016-09-07,GLICL,905,928,890,915,1259,1146635
2016-09-08,GLICL,915,970,915,970,9143,8643514
2016-09-11,GLICL,970,985,955,960,7904,7647989
2016-09-12,GLICL,960,988,960,985,4432,4316467
2016-09-14,GLICL,985,1009,985,998,7814,7760637
2016-09-18,GLICL,998,1000,985,995,7391,7331026
2016-09-20,GLICL,995,980,943,960,5161,4994627
2016-09-21,GLICL,960,951,940,950,708,670211
2016-09-22,GLICL,950,960,935,957,5040,4810147
2016-09-25,GLICL,957,945,925,931,1395,1300160
2016-09-26,GLICL,931,940,925,938,2182,2037091
2016-09-27,GLICL,938,940,936,936,1415,1328137
2016-09-28,GLICL,936,940,925,927,2673,2486350
2016-09-29,GLICL,927,930,919,930,1582,1462418
2016-10-02,GLICL,930,943,902,943,1223,1124580
2016-10-03,GLICL,943,945,930,931,1711,1610109
2016-10-04,GLICL,931,984,930,965,2131,2037069
2016-10-05,GLICL,965,989,937,989,1157,1109880
2016-10-06,GLICL,989,1000,951,966,3483,3345494
2016-10-16,GLICL,966,970,955,955,1983,1904136
2016-10-17,GLICL,955,974,936,947,790,749382
2016-10-18,GLICL,947,965,931,965,2216,2117194
2016-10-19,GLICL,965,957,941,946,1126,1068914
2016-10-20,GLICL,946,950,937,937,421,397034
2016-10-23,GLICL,937,955,934,934,2211,2076936
2016-10-24,GLICL,934,940,925,926,2214,2058475
2016-10-25,GLICL,926,937,912,937,2611,2409930
2016-10-26,GLICL,937,940,919,940,629,585725
2016-10-27,GLICL,940,958,930,930,576,544390
2016-11-03,GLICL,930,930,915,930,619,572251
2016-11-07,GLICL,930,946,910,928,2930,2698135
2016-11-08,GLICL,928,922,904,920,1638,1495012
2016-11-09,GLICL,920,920,895,910,1643,1485600
2016-11-10,GLICL,910,902,882,895,1908,1702140
2016-11-13,GLICL,895,890,878,880,2937,2589057
2016-11-14,GLICL,880,897,877,897,7028,6202830
2016-11-15,GLICL,897,895,886,890,2677,2384300
2016-11-16,GLICL,890,900,875,895,2270,2005645
2016-11-17,GLICL,895,880,865,865,5961,5200873
2016-11-20,GLICL,865,850,792,801,1546,1249141
2016-11-21,GLICL,801,818,785,814,2711,2184649
2016-11-22,GLICL,814,830,775,776,9476,7456807
2016-11-23,GLICL,776,770,731,731,4224,3164477
2016-11-24,GLICL,731,750,685,703,6815,4862876
2016-11-27,GLICL,703,715,659,660,4072,2761081
2016-11-28,GLICL,660,700,620,680,8374,5602055
2016-11-29,GLICL,680,748,680,747,5060,3609317
2016-11-30,GLICL,747,810,750,810,10154,7968275
2016-12-01,GLICL,810,840,780,789,9244,7507637
2016-12-04,GLICL,789,809,770,772,6550,5112638
2016-12-05,GLICL,772,765,735,745,6472,4823294
2016-12-06,GLICL,745,780,731,760,6219,4652908
2016-12-07,GLICL,760,770,755,760,3993,3027572
2016-12-08,GLICL,760,760,735,740,4009,2963095
2016-12-11,GLICL,740,729,707,713,3531,2523878
2016-12-12,GLICL,713,724,700,715,5282,3710868
2016-12-14,GLICL,715,724,690,724,500,355690
2016-12-15,GLICL,724,740,730,733,529,388891
2016-12-18,GLICL,733,755,718,734,6328,4640159
2016-12-19,GLICL,734,730,725,725,543,394496
2016-12-20,GLICL,725,723,717,717,382,274762
2016-12-21,GLICL,717,718,700,700,2986,2107440
2016-12-22,GLICL,700,710,700,700,2154,1520216
2016-12-26,GLICL,700,700,670,670,3391,2307182
2016-12-27,GLICL,670,672,647,661,3208,2125196
2016-12-28,GLICL,661,673,648,660,3286,2154404
2016-12-29,GLICL,660,723,652,695,2184,1531843
2017-01-01,GLICL,695,725,686,686,4176,2919580
2017-01-02,GLICL,686,712,685,712,2150,1507142
2017-01-03,GLICL,712,712,685,685,3049,2110787
2017-01-04,GLICL,685,714,680,700,812,563146
2017-01-05,GLICL,700,705,686,694,1229,850349
2017-01-08,GLICL,694,685,670,670,2626,1771251
2017-01-09,GLICL,670,696,657,690,2248,1538296
2017-01-10,GLICL,690,711,703,711,712,505652
2017-01-11,GLICL,711,705,687,687,857,597391
2017-01-12,GLICL,687,714,700,705,2480,1748431
2017-01-15,GLICL,705,700,690,691,2195,1521550
2017-01-16,GLICL,691,690,690,690,60,41400
2017-01-17,GLICL,690,703,690,690,298,206222
2017-01-18,GLICL,690,699,675,682,2908,1978230
2017-01-19,GLICL,682,700,666,697,2459,1685789
2017-01-22,GLICL,697,705,695,695,190,133150
2017-01-23,GLICL,695,685,670,675,2382,1604640
2017-01-24,GLICL,675,688,670,670,391,265919
2017-01-25,GLICL,670,670,650,655,3684,2420280
2017-01-26,GLICL,655,663,620,660,1783,1137523
2017-01-31,GLICL,660,647,594,594,800,482940
2017-02-01,GLICL,594,650,605,650,2584,1624765
2017-02-02,GLICL,650,663,625,648,1651,1062184
2017-02-05,GLICL,648,648,624,625,503,319668
2017-02-06,GLICL,625,613,613,613,94,57622
2017-02-07,GLICL,613,613,590,605,2121,1281494
2017-02-08,GLICL,605,603,580,580,630,368648
2017-02-09,GLICL,580,575,530,530,950,528100
2017-02-12,GLICL,530,525,477,480,3461,1701538
2017-02-13,GLICL,480,489,436,489,1967,888412
2017-02-14,GLICL,489,517,471,471,3285,1590085
2017-02-15,GLICL,471,518,476,518,7483,3756255
2017-02-16,GLICL,518,569,511,569,7993,4411562
2017-02-19,GLICL,569,625,545,625,11272,6845648
2017-02-20,GLICL,625,687,637,680,14525,9738854
2017-02-21,GLICL,680,720,656,684,14694,10185538
2017-02-22,GLICL,684,685,638,645,6158,4058330
2017-02-23,GLICL,645,650,640,640,2058,1323044
2017-02-26,GLICL,640,650,626,630,696,443369
2017-02-28,GLICL,630,641,600,609,2950,1799970
2017-03-01,GLICL,609,645,621,639,4417,2779336
2017-03-02,GLICL,639,649,640,648,2703,1745682
2017-03-05,GLICL,648,675,650,675,4588,3042386
2017-03-06,GLICL,675,680,650,655,2391,1571875
2017-03-07,GLICL,655,643,631,631,4831,3073736
2017-03-09,GLICL,631,657,620,655,1177,766128
2017-03-13,GLICL,655,660,647,659,1435,935872
2017-03-14,GLICL,659,652,650,650,1375,894150
2017-03-15,GLICL,650,670,645,670,1476,963984
2017-03-16,GLICL,670,660,660,660,50,33000
2017-03-19,GLICL,660,693,658,690,5398,3683770
2017-03-20,GLICL,690,759,689,754,20909,15119308
2017-03-21,GLICL,754,780,730,763,17461,13219933
2017-03-22,GLICL,763,775,740,740,13967,10642942
2017-03-23,GLICL,740,760,721,750,10756,8017582
2017-03-26,GLICL,750,810,760,790,19472,15160463
2017-03-28,GLICL,790,869,805,869,13222,11363998
2017-03-29,GLICL,869,900,833,858,21537,18682142
2017-03-30,GLICL,858,875,783,841,27765,22997102
2017-04-02,GLICL,841,925,857,925,797,734828
2017-04-03,GLICL,925,1017,943,1017,42027,42599320
2017-04-04,GLICL,1017,1078,1000,1049,63600,66009280
2017-04-06,GLICL,1049,1153,1026,1110,55335,60828656
2017-04-09,GLICL,1110,1154,1095,1095,24325,27158916
2017-04-10,GLICL,1095,1195,1080,1188,48280,55244652
2017-04-11,GLICL,1188,1306,1175,1299,65070,80803776
2017-04-12,GLICL,1299,1400,1250,1250,60887,82390912
2017-04-13,GLICL,1250,1356,1202,1306,56965,73475848
2017-04-16,GLICL,1306,1314,1232,1240,40974,52172688
2017-04-18,GLICL,1240,1240,1147,1190,37498,44795004
2017-04-19,GLICL,1190,1280,1180,1262,33356,40973056
2017-04-20,GLICL,1262,1338,1262,1284,28247,36487632
2017-04-23,GLICL,1284,1389,1280,1300,36036,47347060
2017-04-24,GLICL,1300,1326,1260,1277,17669,22743348
2017-04-25,GLICL,1277,1305,1255,1284,23838,30634724
2017-04-26,GLICL,1284,1291,1270,1281,19959,25579452
2017-04-27,GLICL,1281,1300,1271,1295,25626,32934886
2017-04-30,GLICL,1295,1301,1265,1282,19998,25558368
2017-05-02,GLICL,1282,1285,1260,1280,12533,15911192
2017-05-03,GLICL,1280,1300,1272,1278,7917,10144937
2017-05-04,GLICL,1278,1280,1248,1251,7235,9094178
2017-05-07,GLICL,1251,1240,1210,1229,11591,14161289
2017-05-08,GLICL,1229,1250,1205,1230,6977,8524573
2017-05-09,GLICL,1230,1259,1226,1250,5898,7325723
2017-05-11,GLICL,1250,1260,1236,1240,4201,5233184
2017-05-15,GLICL,1240,1287,1238,1238,5457,6827624
2017-05-16,GLICL,1238,1250,1235,1239,3647,4526725
2017-05-17,GLICL,1239,1250,1216,1230,1116,1376375
2017-05-18,GLICL,1230,1230,1218,1228,4916,6016279
2017-05-21,GLICL,1228,1220,1210,1214,3253,3946455
2017-05-22,GLICL,1214,1211,1176,1189,2151,2565962
2017-05-23,GLICL,1189,1244,1198,1203,7230,8727593
2017-05-24,GLICL,1203,1230,1176,1225,5637,6791424
2017-05-28,GLICL,1225,1249,1192,1194,6219,7492562
2017-05-30,GLICL,1194,1200,1162,1180,3797,4490867
2017-05-31,GLICL,1180,1208,1140,1199,7450,8810066
2017-06-01,GLICL,1199,1260,1199,1210,23435,28430464
2017-06-04,GLICL,1210,1250,1195,1200,17366,20976992
2017-06-05,GLICL,1200,1234,1205,1205,10838,13146544
2017-06-06,GLICL,1205,1232,1205,1230,9691,11828514
2017-06-07,GLICL,1230,1240,1220,1220,5735,7047565
2017-06-08,GLICL,1220,1220,1205,1209,7376,8935557
2017-06-11,GLICL,1209,1212,1185,1187,15243,18209904
2017-06-12,GLICL,1099,1115,1063,1063,3050,3289821
2017-06-13,GLICL,1063,1060,1032,1035,4903,5123767
2017-06-14,GLICL,1035,1055,1029,1045,2438,2551689
2017-06-15,GLICL,1045,1086,1033,1060,3041,3230623
2017-06-18,GLICL,1060,1081,1065,1067,4469,4786458
2017-06-19,GLICL,1067,1075,1040,1046,2680,2849439
2017-06-20,GLICL,1046,1055,1026,1034,3640,3788325
2017-06-21,GLICL,1034,1043,1020,1030,2889,2994465
2017-06-22,GLICL,1030,1069,1020,1054,2129,2222643
2017-06-25,GLICL,1054,1070,1050,1050,3110,3297677
2017-06-27,GLICL,1050,1055,1022,1025,2897,3006165
2017-06-28,GLICL,1025,1030,1000,1028,5051,5101119
2017-07-02,GLICL,1028,1024,1000,1000,1129,1140140
2017-07-03,GLICL,1000,1020,1000,1019,659,667565
2017-07-04,GLICL,1019,1020,1010,1010,720,729230
2017-07-05,GLICL,1010,1000,971,989,3977,3916839
2017-07-06,GLICL,989,1030,990,1025,5479,5506896
2017-07-09,GLICL,1025,1045,1000,1000,3396,3506189
2017-07-10,GLICL,1000,1015,1000,1000,2125,2131400
2017-07-11,GLICL,1000,1043,1010,1043,4225,4303175
2017-07-12,GLICL,1043,1045,1030,1042,810,840300
2017-07-13,GLICL,1042,1035,1016,1020,2655,2728278
2017-07-16,GLICL,1020,1040,1020,1025,593,609220
2017-07-17,GLICL,1025,1064,1022,1050,3382,3545129
2017-07-18,GLICL,1050,1101,1053,1101,13382,14351733
2017-07-19,GLICL,1101,1125,1081,1090,4445,4911236
2017-07-20,GLICL,1090,1135,1088,1132,9749,10835959
2017-07-23,GLICL,1132,1200,1149,1189,15925,18778566
2017-07-24,GLICL,1189,1200,1160,1161,8649,10225732
2017-07-25,GLICL,1161,1185,1150,1170,4449,5210894
2017-07-26,GLICL,1170,1250,1180,1249,25825,31158600
2017-07-27,GLICL,1249,1300,1208,1230,21766,27205368
2017-07-30,GLICL,1230,1259,1200,1245,15042,18546046
2017-07-31,GLICL,1245,1252,1215,1215,7311,9012990
2017-08-01,GLICL,1215,1240,1216,1217,3820,4688311
2017-08-02,GLICL,1217,1228,1201,1205,3388,4118000
2017-08-03,GLICL,1205,1205,1186,1194,7164,8561540
2017-08-06,GLICL,1194,1200,1177,1177,3063,3636213
2017-08-07,GLICL,1177,1175,1160,1169,4435,5169935
2017-08-09,GLICL,1169,1225,1169,1195,9514,11419639
2017-08-10,GLICL,1195,1209,1190,1190,6287,7545195
2017-08-13,GLICL,1190,1210,1180,1190,6372,7597984
2017-08-15,GLICL,1190,1179,1146,1160,4460,5201960
2017-08-16,GLICL,1160,1185,1160,1180,5375,6309520
2017-08-17,GLICL,1180,1180,1165,1166,1301,1521981
2017-08-20,GLICL,1166,1189,1166,1181,3107,3659066
2017-08-21,GLICL,1181,1175,1152,1152,1292,1501120
2017-08-22,GLICL,1152,1180,1155,1173,2244,2620345
2017-08-23,GLICL,1173,1170,1153,1160,2622,3043228
2017-08-24,GLICL,1160,1165,1151,1155,2048,2375478
2017-08-27,GLICL,1155,1170,1157,1157,1158,1343468
2017-08-28,GLICL,1157,1164,1150,1151,1520,1753805
2017-08-30,GLICL,1151,1140,1117,1117,2970,3337651
2017-08-31,GLICL,1117,1102,1078,1090,2777,3032400
2017-09-04,GLICL,1090,1096,1070,1080,2280,2465810
2017-09-06,GLICL,1080,1123,1085,1095,2507,2750471
2017-09-07,GLICL,1095,1080,1070,1070,1845,1987507
2017-09-10,GLICL,1070,1079,1031,1031,3555,3718020
2017-09-11,GLICL,1031,1065,1035,1045,4138,4316662
2017-09-12,GLICL,1045,1040,1021,1040,4387,4519708
2017-09-13,GLICL,1040,1060,1002,1002,3331,3415705
2017-09-14,GLICL,1002,1047,1002,1040,6243,6482992
2017-09-17,GLICL,1040,1060,1020,1049,4243,4439335
2017-09-18,GLICL,1049,1069,1035,1040,3264,3397270
2017-09-20,GLICL,1040,1045,1030,1040,527,546747
2017-09-24,GLICL,1040,1040,1020,1038,1485,1531010
2017-09-25,GLICL,1038,1048,1038,1048,935,972245
2017-09-26,GLICL,1048,1068,1036,1041,2737,2859680
2017-10-04,GLICL,1041,1050,1020,1028,6172,6389651
2017-10-08,GLICL,1028,1027,1000,1021,1720,1736560
2017-10-09,GLICL,1021,1020,1000,1011,1444,1456908
2017-10-10,GLICL,1011,1030,1010,1015,1751,1785080
2017-10-11,GLICL,1015,1015,999,1002,866,872248
2017-10-12,GLICL,1002,1015,1000,1000,1947,1956195
2017-10-15,GLICL,1000,1020,1000,1000,1925,1948262
2017-10-16,GLICL,1000,1044,1020,1044,1151,1195423
2017-10-17,GLICL,1044,1055,1025,1025,1759,1835924
2017-10-18,GLICL,1025,1071,1020,1070,3082,3229096
2017-10-22,GLICL,1070,1091,1055,1055,580,617200
2017-10-23,GLICL,1055,1056,1041,1041,1515,1585365
2017-10-24,GLICL,1041,1059,1042,1045,796,836976
2017-10-25,GLICL,1045,1050,1025,1036,441,455575
2017-10-29,GLICL,1036,1037,1017,1030,655,671059
2017-10-30,GLICL,1030,1049,1025,1025,543,559587
2017-10-31,GLICL,1025,1025,986,986,2971,2997328
2017-11-01,GLICL,986,1023,999,1014,4824,4885511
2017-11-02,GLICL,1014,1020,1001,1020,2351,2369952
2017-11-05,GLICL,1020,1020,990,1010,2864,2861202
2017-11-06,GLICL,1010,1010,971,993,2757,2749364
2017-11-07,GLICL,993,991,975,978,2378,2333178
2017-11-08,GLICL,978,978,959,967,1117,1080342
2017-11-09,GLICL,967,985,950,955,4773,4591454
2017-11-12,GLICL,955,990,950,990,1325,1293545
2017-11-13,GLICL,990,993,972,982,1896,1864478
2017-11-14,GLICL,982,1010,978,1010,4346,4311562
2017-11-15,GLICL,1010,1010,985,985,2022,2012126
2017-11-16,GLICL,985,980,967,967,5873,5711606
2017-11-19,GLICL,967,986,949,950,6173,5889963
2017-11-20,GLICL,950,960,935,935,3375,3183559
2017-11-21,GLICL,935,958,945,945,4118,3912686
2017-11-22,GLICL,945,969,945,961,4865,4638962
2017-11-23,GLICL,961,975,962,962,3523,3410133
2017-11-26,GLICL,962,980,958,962,7006,6774045
2017-11-27,GLICL,962,985,955,985,13354,13028270
2017-11-28,GLICL,985,985,970,980,10876,10627567
2017-11-29,GLICL,980,1020,980,1007,15843,15942722
2017-11-30,GLICL,1007,1020,992,1020,16730,16841372
2017-12-04,GLICL,1020,1040,1015,1020,4038,4136700
2017-12-05,GLICL,1020,1019,1000,1019,5144,5206824
2017-12-06,GLICL,1019,1034,1005,1034,5304,5425524
2017-12-10,GLICL,1034,1054,1015,1030,11637,12014485
2017-12-11,GLICL,1030,1023,1017,1023,973,992446
2017-12-12,GLICL,1023,1015,1000,1000,2984,3004744
2017-12-13,GLICL,1000,1021,985,1019,2021,2047486
2017-12-14,GLICL,1019,1020,1005,1015,1839,1857084
2017-12-17,GLICL,1015,1020,1004,1004,3065,3087404
2017-12-18,GLICL,1004,1010,1000,1002,2867,2877573
2017-12-19,GLICL,1002,999,986,986,1402,1389682
2017-12-20,GLICL,986,1000,967,971,2560,2517840
2017-12-21,GLICL,971,972,969,970,1071,1039738
2017-12-24,GLICL,970,985,972,972,2855,2793006
2017-12-26,GLICL,972,965,945,955,9716,9221287
2017-12-27,GLICL,955,965,935,942,3910,3684939
2017-12-28,GLICL,942,977,930,954,1770,1674958
2017-12-31,GLICL,954,950,935,935,2082,1956133
2018-01-01,GLICL,935,972,935,972,4258,4064496
2018-01-02,GLICL,972,972,950,950,6675,6415242
2018-01-03,GLICL,950,960,940,940,2135,2013270
2018-01-04,GLICL,940,942,935,938,3436,3226261
2018-01-07,GLICL,938,958,940,954,3876,3675530
2018-01-08,GLICL,954,979,937,959,2937,2817437
2018-01-09,GLICL,959,971,960,960,2061,1987806
2018-01-10,GLICL,960,955,940,955,3406,3232633
2018-01-14,GLICL,955,954,941,941,993,937294
2018-01-16,GLICL,941,945,938,940,909,855588
2018-01-17,GLICL,940,934,923,934,1070,994230
2018-01-21,GLICL,934,952,920,922,1309,1213531
2018-01-22,GLICL,922,920,915,919,2395,2196842
2018-01-23,GLICL,919,915,900,912,7647,6905959
2018-01-24,GLICL,912,915,906,915,3734,3388503
2018-01-25,GLICL,915,925,910,923,4574,4207707
2018-01-28,GLICL,923,941,920,930,1744,1610553
2018-01-29,GLICL,930,935,921,930,3648,3386518
2018-01-31,GLICL,930,940,928,940,4719,4400277
2018-02-01,GLICL,940,935,930,935,1302,1214780
2018-02-04,GLICL,935,955,931,940,2360,2230749
2018-02-05,GLICL,940,958,922,955,1988,1877977
2018-02-06,GLICL,955,948,935,935,407,381196
2018-02-07,GLICL,935,918,915,915,141,129217
2018-02-08,GLICL,915,930,908,930,775,716431
2018-02-11,GLICL,930,920,913,920,769,705133
2018-02-12,GLICL,920,915,910,910,1630,1484019
2018-02-14,GLICL,910,930,910,930,1106,1023185
2018-02-15,GLICL,930,950,925,950,6945,6523005
2018-02-18,GLICL,957,960,918,925,5073,4766627
2018-02-20,GLICL,943,943,912,920,2168,2017079
2018-02-21,GLICL,910,915,904,906,1469,1330731
2018-02-22,GLICL,924,924,897,907,6980,6308964
2018-02-25,GLICL,895,900,885,885,2640,2353150
2018-02-26,GLICL,881,881,850,851,6042,5200080
2018-02-27,GLICL,860,880,845,869,1429,1241891
2018-02-28,GLICL,855,855,831,850,1500,1260060
2018-03-04,GLICL,833,834,767,780,4500,3525529
2018-03-05,GLICL,795,805,742,742,4581,3500708
2018-03-06,GLICL,750,763,718,735,5422,3975180
2018-03-07,GLICL,749,775,735,775,3444,2599015
2018-03-11,GLICL,775,775,737,737,3053,2299739
2018-03-12,GLICL,745,751,724,724,943,694487
2018-03-13,GLICL,725,753,725,753,885,645317
2018-03-14,GLICL,745,760,745,760,827,626973
2018-03-15,GLICL,775,779,760,779,2291,1760725
2018-03-18,GLICL,766,766,751,751,1443,1095175
2018-03-19,GLICL,741,741,736,738,1270,937720
2018-03-20,GLICL,724,724,703,710,5087,3620441
2018-03-21,GLICL,700,700,688,690,1751,1211966
2018-03-22,GLICL,677,704,656,675,5161,3471626
2018-03-26,GLICL,662,662,621,621,2388,1513646
2018-03-27,GLICL,610,679,598,665,5525,3515235
2018-03-28,GLICL,678,678,642,655,8902,5887673
2018-03-29,GLICL,653,690,653,682,1868,1255807
2018-04-01,GLICL,682,685,650,662,1591,1048954
2018-04-02,GLICL,654,675,652,668,1552,1036430
2018-04-03,GLICL,665,681,650,675,1984,1338544
2018-04-04,GLICL,688,719,685,719,3500,2429895
2018-04-05,GLICL,719,743,701,739,4911,3595197
2018-04-08,GLICL,752,812,740,811,14481,11328510
2018-04-09,GLICL,827,832,785,796,12722,10351539
2018-04-10,GLICL,811,815,765,790,9233,7336924
2018-04-11,GLICL,790,832,790,832,3796,3075142
2018-04-12,GLICL,832,894,832,879,22179,19037134
2018-04-15,GLICL,870,896,840,883,16476,14278631
2018-04-16,GLICL,895,938,867,920,24603,22418644
2018-04-17,GLICL,938,960,910,955,18644,17514444
2018-04-18,GLICL,973,1012,945,975,21301,20895848
2018-04-19,GLICL,956,993,940,961,9373,9069399
2018-04-22,GLICL,979,1035,979,1030,14511,14513192
2018-04-23,GLICL,1050,1065,999,1016,32730,33999992
2018-04-24,GLICL,1036,1036,990,1012,13637,13758836
2018-04-25,GLICL,1032,1032,994,1005,12935,13097672
2018-04-26,GLICL,1005,1015,951,970,13401,13187866
2018-04-29,GLICL,955,995,952,970,2602,2533189
2018-05-02,GLICL,971,1006,970,1005,4467,4437055
2018-05-03,GLICL,1007,1020,997,1017,10689,10791835
2018-05-06,GLICL,1020,1020,997,999,2589,2601000
2018-05-07,GLICL,999,1001,980,980,4361,4305818
2018-05-08,GLICL,981,1000,981,1000,4354,4314029
2018-05-09,GLICL,1000,1010,994,1000,5540,5538161
2018-05-10,GLICL,1005,1007,990,996,2549,2542388
2018-05-14,GLICL,999,999,983,983,3281,3240212
2018-05-15,GLICL,980,980,967,971,549,536649
2018-05-16,GLICL,990,1000,980,990,1164,1145660
2018-05-17,GLICL,990,1000,987,989,2172,2151605
2018-05-20,GLICL,1008,1010,986,986,2650,2631291
2018-05-21,GLICL,976,988,976,981,958,941423
2018-05-22,GLICL,985,990,985,985,625,616588
2018-05-23,GLICL,971,985,968,973,1678,1636610
2018-05-24,GLICL,977,988,970,970,2545,2488680
2018-05-27,GLICL,963,963,941,941,1955,1866216
2018-05-28,GLICL,950,990,948,985,4625,4484788
2018-05-29,GLICL,985,1007,973,1000,7096,7043466
2018-05-30,GLICL,990,1009,981,985,3756,3738304
2018-05-31,GLICL,986,990,972,975,769,751248
2018-06-03,GLICL,956,970,931,935,9658,9084546
2018-06-04,GLICL,918,960,915,921,4947,4591700
2018-06-06,GLICL,939,995,939,957,720,695908
2018-06-07,GLICL,941,941,925,932,2510,2343214
2018-06-10,GLICL,932,932,888,888,1110,1002738
2018-06-11,GLICL,880,923,880,913,4722,4283575
2018-06-12,GLICL,896,915,891,900,3179,2865439
2018-06-13,GLICL,888,908,888,896,1344,1207896
2018-06-14,GLICL,913,915,894,894,1434,1294054
2018-06-17,GLICL,890,891,890,890,230,204730
2018-06-18,GLICL,873,900,873,900,2291,2025838
2018-06-19,GLICL,882,900,875,900,1499,1339283
2018-06-20,GLICL,890,890,882,882,600,530400
2018-06-21,GLICL,880,886,871,871,750,660350
2018-06-24,GLICL,888,895,884,885,585,521000
2018-06-25,GLICL,877,877,860,869,765,667750
2018-06-26,GLICL,860,865,845,845,1368,1170348
2018-06-27,GLICL,850,859,845,850,856,728800
2018-06-28,GLICL,856,856,829,833,2571,2153697
2018-07-01,GLICL,830,830,818,818,774,633650
2018-07-02,GLICL,804,864,800,864,1698,1376350
2018-07-03,GLICL,847,847,831,831,187,156397
2018-07-04,GLICL,820,856,820,840,2107,1769436
2018-07-05,GLICL,850,912,850,912,5205,4583281
2018-07-08,GLICL,912,930,894,902,6257,5704289
2018-07-09,GLICL,885,902,884,900,1248,1113550
2018-07-10,GLICL,905,910,900,900,2327,2101585
2018-07-11,GLICL,885,910,882,890,1279,1138806
2018-07-12,GLICL,882,885,861,861,1743,1509966
2018-07-15,GLICL,844,866,844,866,2823,2391380
2018-07-16,GLICL,870,885,867,885,2881,2537093
2018-07-17,GLICL,885,885,873,873,130,114384
2018-07-18,GLICL,872,872,856,862,232,200096
2018-07-19,GLICL,862,862,855,860,1162,998130
2018-07-22,GLICL,847,847,835,835,581,490335
2018-07-23,GLICL,830,860,830,860,1356,1142520
2018-07-24,GLICL,875,893,875,876,1424,1259339
2018-07-25,GLICL,860,868,860,860,1192,1027420
2018-07-26,GLICL,850,850,843,850,638,540385
2018-07-29,GLICL,865,865,860,860,884,763575
2018-07-30,GLICL,860,860,845,845,453,383333
2018-07-31,GLICL,842,848,838,846,809,683099
2018-08-01,GLICL,840,852,832,852,1102,920625
2018-08-02,GLICL,860,860,835,835,916,766528
2018-08-05,GLICL,832,851,831,836,586,492408
2018-08-07,GLICL,835,835,835,835,200,167000
2018-08-08,GLICL,837,845,831,832,822,686314
2018-08-09,GLICL,825,825,817,817,911,748597
2018-08-12,GLICL,810,810,786,800,3949,3149751
2018-08-13,GLICL,800,815,800,815,2327,1879638
2018-08-14,GLICL,807,807,784,801,2250,1798172
2018-08-15,GLICL,791,846,791,846,2873,2332652
2018-08-16,GLICL,835,849,825,829,4311,3583527
2018-08-19,GLICL,815,815,813,813,650,529450
2018-08-20,GLICL,800,804,796,796,1966,1571210
2018-08-21,GLICL,800,814,800,814,829,664732
2018-08-22,GLICL,810,816,803,803,174,140334
2018-08-23,GLICL,800,805,800,800,146,117300
2018-08-26,GLICL,800,800,794,797,519,413174
2018-08-28,GLICL,799,799,791,797,145,114989
2018-08-29,GLICL,790,797,783,784,1743,1370452
2018-08-30,GLICL,781,795,780,795,853,670635
2018-09-02,GLICL,780,810,780,790,2883,2297456
2018-09-03,GLICL,792,838,792,811,2913,2396059
2018-09-04,GLICL,825,825,817,823,973,800565
2018-09-05,GLICL,825,841,820,820,2223,1844540
2018-09-06,GLICL,811,850,810,820,4637,3823753
2018-09-09,GLICL,804,810,790,803,2306,1850715
2018-09-10,GLICL,788,803,788,800,841,670715
2018-09-11,GLICL,800,813,800,800,1385,1115491
2018-09-12,GLICL,800,807,800,807,1386,1114390
2018-09-13,GLICL,810,815,801,801,1220,989620
2018-09-16,GLICL,817,833,803,803,654,530708
2018-09-17,GLICL,803,835,803,825,2403,1967589
2018-09-18,GLICL,840,841,825,825,1718,1438589
2018-09-20,GLICL,811,828,811,812,1287,1050537
2018-09-23,GLICL,800,816,800,810,2027,1642174
2018-09-25,GLICL,800,820,800,810,2626,2131484
2018-09-26,GLICL,826,826,812,812,2100,1717170
2018-09-27,GLICL,806,815,806,811,428,346796
2018-09-30,GLICL,802,805,800,800,918,737180
2018-10-01,GLICL,800,800,790,790,2285,1815782
2018-10-02,GLICL,800,815,786,790,1742,1380761
2018-10-03,GLICL,805,805,789,789,1073,847541
2018-10-04,GLICL,795,795,778,785,334,262194
2018-10-07,GLICL,770,782,770,770,404,313342
2018-10-08,GLICL,785,787,770,770,3511,2724973
2018-10-09,GLICL,766,766,760,760,2663,2030786
2018-10-10,GLICL,750,769,750,753,1883,1426280
2018-10-11,GLICL,744,766,744,752,1007,752352
2018-10-14,GLICL,766,780,752,764,370,282290
2018-10-21,GLICL,764,764,764,764,15,11460
2018-10-22,GLICL,770,770,770,770,500,385000
2018-10-23,GLICL,761,763,760,761,1012,770074
2018-10-24,GLICL,755,757,755,757,330,249746
2018-10-25,GLICL,747,760,746,751,544,407876
2018-10-28,GLICL,738,745,738,740,1493,1108445
2018-10-29,GLICL,730,744,730,744,712,521305
2018-10-30,GLICL,735,740,735,740,488,359532
2018-10-31,GLICL,740,740,725,725,477,348983
2018-11-01,GLICL,724,740,724,740,957,695885
2018-11-04,GLICL,726,726,726,726,108,78408
2018-11-05,GLICL,730,739,730,735,403,295001
2018-11-06,GLICL,735,740,726,740,150,110850
2018-11-11,GLICL,740,740,720,734,278,202860
2018-11-12,GLICL,722,734,722,727,468,339536
2018-11-13,GLICL,741,741,727,730,971,711525
2018-11-14,GLICL,735,735,730,730,237,173260
2018-11-15,GLICL,730,730,720,720,320,231600
2018-11-18,GLICL,724,724,723,723,249,180127
2018-11-19,GLICL,709,723,695,695,910,632590
2018-11-20,GLICL,700,700,686,699,1043,715810
2018-11-21,GLICL,686,714,686,714,1780,1239180
2018-11-25,GLICL,710,710,667,667,1382,946744
2018-11-26,GLICL,660,665,656,656,5876,3879033
2018-11-27,GLICL,655,655,637,637,1289,836784
2018-11-28,GLICL,640,640,621,621,2273,1431840
2018-11-29,GLICL,612,612,598,598,1120,679500
2018-12-02,GLICL,600,600,549,575,12540,7063920
2018-12-03,GLICL,570,590,550,572,8390,4736400
2018-12-04,GLICL,573,575,568,570,1453,830315
2018-12-05,GLICL,560,560,544,544,2423,1332555
2018-12-06,GLICL,535,570,534,563,3072,1692704
2018-12-09,GLICL,558,568,552,568,1517,843544
2018-12-10,GLICL,570,590,570,590,3659,2114036
2018-12-11,GLICL,581,585,570,573,1000,578070
2018-12-12,GLICL,570,579,568,579,220,125320
2018-12-13,GLICL,580,590,575,590,743,434100
2018-12-16,GLICL,600,615,595,610,1966,1188778
2018-12-17,GLICL,605,634,605,633,617,387036
2018-12-18,GLICL,640,652,605,610,6183,3823161
2018-12-19,GLICL,600,622,600,620,725,447770
2018-12-20,GLICL,632,632,620,623,2384,1487212
2018-12-23,GLICL,635,685,635,685,5184,3424434
2018-12-24,GLICL,697,717,673,707,9763,6827094
2018-12-25,GLICL,693,693,671,690,3512,2392336
2018-12-26,GLICL,700,745,700,745,5625,4031436
2018-12-27,GLICL,759,790,740,754,11925,9149020
2018-12-30,GLICL,766,769,741,758,6453,4843797
2018-12-31,GLICL,743,750,733,736,4386,3246911
2019-01-01,GLICL,762,762,733,735,1418,1043134
2019-01-02,GLICL,721,722,718,719,2922,2100560
2019-01-03,GLICL,730,730,715,715,1764,1271265
2019-01-06,GLICL,705,715,705,711,1437,1021491
2019-01-07,GLICL,720,720,713,719,641,459663
2019-01-08,GLICL,720,729,713,718,2045,1462930
2019-01-09,GLICL,720,724,720,724,100,72200
2019-01-10,GLICL,720,720,713,713,703,504289
2019-01-13,GLICL,712,713,708,708,1324,941142
2019-01-14,GLICL,715,718,700,710,2141,1517683
2019-01-15,GLICL,718,749,718,749,6298,4615353
2019-01-16,GLICL,750,754,730,730,4256,3150834
2019-01-17,GLICL,730,735,725,725,1983,1441465
2019-01-20,GLICL,715,725,711,715,2426,1734006
2019-01-21,GLICL,720,720,709,709,1418,1008157
2019-01-22,GLICL,715,720,715,718,958,686304
2019-01-23,GLICL,710,725,705,725,2112,1501050
2019-01-24,GLICL,719,719,713,719,520,370880
2019-01-27,GLICL,715,715,706,706,3807,2689994
2019-01-28,GLICL,703,725,703,725,1710,1205750
2019-01-29,GLICL,711,722,710,710,418,297446
2019-01-30,GLICL,710,712,703,710,2004,1419730
2019-01-31,GLICL,715,715,707,707,593,419600
2019-02-03,GLICL,704,710,704,706,1117,789077
2019-02-04,GLICL,705,706,701,701,2475,1741345
2019-02-05,GLICL,715,715,701,715,390,277668
2019-02-06,GLICL,725,725,701,705,3163,2220705
2019-02-07,GLICL,704,704,698,698,1534,1075444
2019-02-10,GLICL,695,695,690,690,1027,709394
2019-02-11,GLICL,678,701,665,683,2466,1695903
2019-02-12,GLICL,672,683,672,683,1904,1288717
2019-02-13,GLICL,683,683,654,655,2940,1978520
2019-02-14,GLICL,668,677,644,669,1738,1142752
2019-02-17,GLICL,675,675,663,663,1440,959020
2019-02-18,GLICL,650,654,644,644,2433,1574013
2019-02-19,GLICL,655,692,653,691,1061,709292
2019-02-20,GLICL,680,685,659,666,1011,681880
2019-02-21,GLICL,655,685,651,685,127,84263
2019-02-24,GLICL,678,678,666,670,3674,2469840
2019-02-25,GLICL,670,695,670,683,1715,1176701
2019-02-26,GLICL,680,684,670,684,1585,1066425
2019-02-27,GLICL,684,710,680,690,1079,754320
2019-03-03,GLICL,682,688,680,680,2414,1647798
2019-03-05,GLICL,683,683,677,683,534,364405
2019-03-06,GLICL,683,706,683,693,4221,2923850
2019-03-07,GLICL,700,709,690,708,2741,1928804
2019-03-10,GLICL,722,731,694,720,2043,1468958
2019-03-11,GLICL,745,750,720,738,9397,6937717
2019-03-12,GLICL,742,752,738,752,8967,6695384
2019-03-13,GLICL,770,770,740,741,6835,5150565
2019-03-14,GLICL,741,758,740,746,2794,2079439
2019-03-17,GLICL,760,760,747,749,3706,2780251
2019-03-18,GLICL,747,751,736,736,7166,5325502
2019-03-19,GLICL,740,745,732,734,19900,14678394
2019-03-21,GLICL,488,517,487,510,8242,4129684
2019-03-24,GLICL,510,510,490,501,2504,1251967
2019-03-25,GLICL,496,504,491,502,2604,1298544
2019-03-26,GLICL,500,507,500,506,6229,3127302
2019-03-27,GLICL,500,510,500,507,3026,1516308
2019-03-28,GLICL,508,508,501,502,1265,638295
2019-03-31,GLICL,502,510,501,504,2251,1128961
2019-04-01,GLICL,504,504,499,500,2100,1050730
2019-04-02,GLICL,502,506,499,499,3796,1904485
2019-04-03,GLICL,498,500,497,497,2394,1192086
2019-04-04,GLICL,495,501,492,494,1713,853812
2019-04-07,GLICL,492,501,492,500,2146,1071271
2019-04-08,GLICL,500,540,500,531,7570,3947940
2019-04-09,GLICL,521,533,510,510,7171,3714835
2019-04-10,GLICL,519,520,519,520,600,311800
2019-04-11,GLICL,515,516,512,514,4106,2114680
2019-04-15,GLICL,507,516,507,516,949,487152
2019-04-16,GLICL,520,534,518,534,4848,2552224
2019-04-17,GLICL,535,535,518,526,2300,1211570
2019-04-18,GLICL,521,529,520,525,2328,1222485
2019-04-21,GLICL,525,525,525,525,200,105000
2019-04-22,GLICL,515,566,515,540,9086,4881297
2019-04-23,GLICL,540,540,531,532,2834,1518481
2019-04-24,GLICL,531,535,525,533,4114,2177053
2019-04-25,GLICL,534,550,534,543,4541,2458233
2019-04-28,GLICL,552,597,552,597,17779,10427305
2019-04-29,GLICL,608,617,580,583,20023,11957836
2019-04-30,GLICL,591,592,566,566,5016,2894922
2019-05-02,GLICL,557,588,555,577,3309,1883018
2019-05-05,GLICL,577,577,554,555,5930,3317561
2019-05-06,GLICL,555,570,552,570,4822,2696979
2019-05-07,GLICL,574,575,562,565,1680,956980
2019-05-08,GLICL,561,565,559,565,1934,1084274
2019-05-09,GLICL,568,570,565,565,1437,816307
2019-05-12,GLICL,570,576,565,575,1040,592630
2019-05-13,GLICL,576,576,566,570,1036,592378
2019-05-14,GLICL,575,586,565,575,4924,2831525
2019-05-15,GLICL,586,586,576,576,3411,1979961
2019-05-16,GLICL,571,575,565,570,4910,2798789
2019-05-19,GLICL,565,566,557,557,1080,603970
2019-05-20,GLICL,565,565,555,555,2181,1214595
2019-05-21,GLICL,554,562,554,562,1314,730854
2019-05-22,GLICL,556,562,556,557,534,297944
2019-05-23,GLICL,556,560,550,550,2919,1614489
2019-05-26,GLICL,550,557,550,552,1860,1029608
2019-05-27,GLICL,559,560,552,552,1223,680701
2019-05-28,GLICL,555,555,550,553,1426,786527
2019-05-29,GLICL,553,556,543,543,1262,697567
2019-05-30,GLICL,553,564,550,550,2680,1490098
2019-06-02,GLICL,555,555,539,542,1507,820488
2019-06-03,GLICL,552,552,545,545,820,448910
2019-06-04,GLICL,540,545,539,545,473,255412
2019-06-06,GLICL,535,540,533,534,484,259253
2019-06-10,GLICL,536,536,521,521,1009,532297
2019-06-11,GLICL,520,530,520,523,1712,902402
2019-06-12,GLICL,518,525,515,515,4564,2366600
2019-06-13,GLICL,511,520,503,508,1585,807251
2019-06-16,GLICL,506,506,503,503,1255,633040
2019-06-17,GLICL,494,502,494,500,633,315491
2019-06-18,GLICL,498,505,498,500,598,299054
2019-06-19,GLICL,500,506,500,506,307,153640
2019-06-20,GLICL,500,500,495,495,1230,610170
2019-06-23,GLICL,489,494,489,494,57,28008
2019-06-24,GLICL,500,500,490,495,2577,1268505
2019-06-25,GLICL,489,494,488,488,823,402877
2019-06-26,GLICL,480,489,475,475,2808,1353056
2019-06-27,GLICL,470,481,470,477,1841,881398
2019-06-30,GLICL,475,475,466,466,1527,717723
2019-07-01,GLICL,466,469,460,461,1461,678801
2019-07-02,GLICL,454,476,453,476,1194,548855
2019-07-03,GLICL,468,482,468,482,2253,1067560
2019-07-04,GLICL,475,484,475,476,1417,677732
2019-07-07,GLICL,475,476,473,476,1010,479584
2019-07-08,GLICL,473,475,461,475,1229,573809
2019-07-09,GLICL,467,480,467,480,474,224340
2019-07-10,GLICL,472,483,472,483,256,122040
2019-07-11,GLICL,485,485,466,466,2829,1354166
2019-07-14,GLICL,467,467,458,458,3350,1541164
2019-07-15,GLICL,454,459,451,459,857,390615
2019-07-16,GLICL,481,481,463,465,124,57792
2019-07-17,GLICL,457,474,457,463,1223,563501
2019-07-18,GLICL,469,472,467,467,500,234900
2019-07-21,GLICL,476,476,460,460,50,23390
2019-07-22,GLICL,465,465,465,465,200,93000
2019-07-23,GLICL,465,465,458,461,1943,896363
2019-07-24,GLICL,470,478,462,465,764,356399
2019-07-25,GLICL,466,466,450,450,2413,1102683
2019-07-28,GLICL,450,455,445,445,478,214421
2019-07-29,GLICL,446,450,445,447,2316,1038759
2019-07-30,GLICL,445,454,444,452,1570,704483
2019-07-31,GLICL,445,448,445,448,109,48691
2019-08-01,GLICL,456,456,452,452,472,214104
2019-08-04,GLICL,452,470,452,461,1835,843457
2019-08-05,GLICL,468,468,459,461,1243,572651
2019-08-06,GLICL,470,481,462,473,5540,2605064
2019-08-07,GLICL,464,488,464,485,1884,904963
2019-08-08,GLICL,489,506,476,480,4482,2165097
2019-08-11,GLICL,480,480,475,475,733,350029
2019-08-12,GLICL,475,480,468,474,1543,731077
2019-08-13,GLICL,475,475,464,464,782,362993
2019-08-14,GLICL,460,465,452,460,2321,1060515
2019-08-15,GLICL,460,467,460,467,180,83010
2019-08-18,GLICL,468,470,442,449,2953,1328438
2019-08-19,GLICL,453,457,453,456,3016,1371894
2019-08-20,GLICL,465,465,455,455,497,226782
2019-08-21,GLICL,446,454,446,453,1971,888388
2019-08-22,GLICL,460,460,460,460,16,7360
2019-08-25,GLICL,455,455,445,450,201,89800
2019-08-26,GLICL,451,459,443,443,410,182110
2019-08-27,GLICL,442,448,436,436,2708,1192716
2019-08-28,GLICL,431,438,428,428,3460,1491100
2019-08-29,GLICL,423,425,416,420,5134,2153414
2019-09-01,GLICL,414,415,397,400,3798,1544111
2019-09-02,GLICL,394,395,380,380,3470,1344916
2019-09-03,GLICL,380,399,374,380,6379,2429599
2019-09-04,GLICL,380,397,373,395,5115,1979653
2019-09-05,GLICL,390,402,390,390,2617,1034618
2019-09-08,GLICL,383,392,380,383,1935,745620
2019-09-09,GLICL,383,385,380,383,2788,1065915
2019-09-10,GLICL,390,394,380,383,6888,2672357
2019-09-11,GLICL,390,390,380,385,2015,773822
2019-09-12,GLICL,385,387,378,378,5940,2276202
2019-09-15,GLICL,377,377,360,362,2865,1052243
2019-09-16,GLICL,360,360,339,350,6009,2100000
2019-09-17,GLICL,354,371,350,368,2581,921641
2019-09-18,GLICL,375,384,365,384,3506,1313133
2019-09-19,GLICL,384,392,380,385,4013,1548131
2019-09-22,GLICL,380,380,367,369,1925,713525
2019-09-23,GLICL,376,376,358,358,1816,660703
2019-09-24,GLICL,356,360,354,360,2451,873011
2019-09-25,GLICL,354,357,348,357,2175,764730
2019-09-26,GLICL,361,364,345,354,858,302761
2019-09-29,GLICL,350,351,348,351,1752,613405
2019-09-30,GLICL,351,362,351,356,1114,395816
2019-10-01,GLICL,353,371,352,369,1666,604497
2019-10-02,GLICL,370,370,365,365,2821,1033325
2019-10-03,GLICL,361,366,361,366,275,99982
2019-10-14,GLICL,369,369,357,364,613,221416
2019-10-15,GLICL,360,363,346,363,3501,1228715
2019-10-16,GLICL,356,359,348,359,3964,1387764
2019-10-17,GLICL,359,360,352,358,1472,520881
2019-10-20,GLICL,356,359,355,359,644,229432
2019-10-21,GLICL,355,360,355,357,547,195284
2019-10-22,GLICL,358,359,352,359,1808,639596
2019-10-23,GLICL,352,366,352,353,1072,381220
2019-10-24,GLICL,360,360,354,360,1758,631815
2019-10-31,GLICL,356,356,348,348,1692,597570
2019-11-03,GLICL,348,354,347,348,2374,828407
2019-11-04,GLICL,346,354,346,354,1988,692883
2019-11-05,GLICL,355,355,350,350,531,186579
2019-11-06,GLICL,355,367,355,364,5069,1841816
2019-11-07,GLICL,366,366,358,358,2523,909145
2019-11-10,GLICL,364,364,358,358,229,82601
2019-11-11,GLICL,357,372,355,363,1181,425257
2019-11-12,GLICL,368,368,356,356,811,294634
2019-11-13,GLICL,357,361,355,358,1170,420152
2019-11-14,GLICL,358,360,358,360,1183,424174
2019-11-17,GLICL,357,357,355,356,493,175546
2019-11-18,GLICL,358,360,355,355,1727,616176
2019-11-19,GLICL,353,356,352,355,988,348216
2019-11-20,GLICL,352,357,350,357,1004,351720
2019-11-21,GLICL,350,354,348,348,1822,638179
2019-11-24,GLICL,346,346,340,346,2000,688600
2019-11-25,GLICL,345,352,341,346,3056,1057776
2019-11-26,GLICL,343,351,343,350,1194,411018
2019-11-27,GLICL,350,354,344,354,595,206452
2019-11-28,GLICL,359,360,351,358,2628,931811
2019-12-01,GLICL,353,358,347,358,2696,948069
2019-12-02,GLICL,352,355,351,354,1252,441384
2019-12-03,GLICL,351,360,350,358,3641,1284590
2019-12-04,GLICL,354,368,354,361,1935,700869
2019-12-05,GLICL,360,385,360,380,15144,5665558
2019-12-08,GLICL,373,386,361,386,12767,4728303
2019-12-09,GLICL,388,415,379,402,14787,5932202
2019-12-10,GLICL,409,413,395,413,9628,3887732
2019-12-11,GLICL,411,436,410,435,16474,6993027
2019-12-12,GLICL,440,471,428,464,17922,8147607
2019-12-15,GLICL,464,464,420,441,19582,8775285
2019-12-16,GLICL,448,454,428,431,14233,6230018
2019-12-17,GLICL,434,459,427,449,9016,3988236
2019-12-18,GLICL,446,458,445,454,18561,8386923
2019-12-19,GLICL,462,462,442,451,8358,3767327
2019-12-22,GLICL,442,450,437,444,3990,1766444
2019-12-23,GLICL,450,465,448,459,13737,6308150
2019-12-24,GLICL,467,474,447,455,10398,4772612
2019-12-25,GLICL,459,467,447,452,11135,5063893
2019-12-26,GLICL,460,460,448,448,6975,3143874
2019-12-29,GLICL,449,452,441,452,5474,2441082
2019-12-30,GLICL,457,471,448,467,19647,9105198
2019-12-31,GLICL,472,474,462,466,8672,4050714
2020-01-01,GLICL,464,470,460,460,6035,2787969
2020-01-02,GLICL,455,464,455,458,7971,3665457
2020-01-05,GLICL,464,467,460,461,7222,3345543
2020-01-06,GLICL,461,465,461,461,8016,3710346
2020-01-07,GLICL,462,490,462,484,21264,10171201
2020-01-08,GLICL,485,497,479,483,16704,8113909
2020-01-09,GLICL,492,500,478,485,13039,6299686
2020-01-12,GLICL,493,528,493,528,30634,15694151
2020-01-13,GLICL,538,566,530,542,34909,18879222
2020-01-14,GLICL,542,551,522,530,16999,9109748
2020-01-15,GLICL,540,550,532,545,10279,5555113
2020-01-16,GLICL,545,560,540,558,16312,8986428
2020-01-19,GLICL,569,613,558,613,35255,20859708
2020-01-20,GLICL,622,650,606,621,36299,22491872
2020-01-21,GLICL,633,683,620,682,59270,38773176
2020-01-22,GLICL,695,714,672,695,39526,27431880
2020-01-23,GLICL,704,704,665,673,36601,24901756
2020-01-26,GLICL,673,680,643,644,41103,26890616
2020-01-27,GLICL,640,686,639,683,38032,25170748
2020-01-28,GLICL,696,706,685,699,61050,42584080
2020-01-29,GLICL,698,705,691,691,37334,26015026
2020-01-30,GLICL,698,758,695,741,77319,56095476
2020-02-02,GLICL,750,753,729,734,55543,41117772
2020-02-03,GLICL,747,748,720,733,27613,20161686
2020-02-04,GLICL,733,749,725,736,35212,25982350
2020-02-05,GLICL,750,795,750,766,77368,59080644
2020-02-06,GLICL,780,794,761,770,59323,45867628
2020-02-09,GLICL,780,780,754,759,25613,19527336
2020-02-10,GLICL,770,776,755,760,14031,10696144
2020-02-11,GLICL,774,780,765,767,23324,17968308
2020-02-12,GLICL,774,776,767,770,36517,28128440
2020-02-13,GLICL,779,806,771,794,56337,44443980
2020-02-16,GLICL,797,822,791,820,44000,35574344
2020-02-17,GLICL,834,854,820,824,42690,35493740
2020-02-18,GLICL,820,824,800,813,29995,24329142
2020-02-19,GLICL,825,825,801,818,14769,11982285
2020-02-20,GLICL,818,835,818,830,26177,21673844
2020-02-23,GLICL,845,857,831,853,31502,26781572
2020-02-24,GLICL,869,870,840,850,25928,22145088
2020-02-25,GLICL,859,935,844,935,86981,78535016
2020-02-26,GLICL,953,1028,953,1026,101996,104134928
2020-02-27,GLICL,1077,1077,980,1009,78358,80319424
2020-03-01,GLICL,1025,1025,967,967,63597,62378204
2020-03-02,GLICL,950,960,900,900,38348,35878992
2020-03-03,GLICL,885,950,810,895,78635,70358432
2020-03-04,GLICL,912,930,833,840,115970,100628112
2020-03-05,GLICL,475,507,458,494,71907,35096068
2020-03-10,GLICL,490,490,453,453,7401,3496215
2020-03-11,GLICL,458,484,437,484,21839,10032130
2020-03-12,GLICL,497,498,451,460,30657,14620028
2020-03-15,GLICL,451,451,415,420,19356,8314632
2020-03-16,GLICL,415,438,412,422,16245,6885905
2020-03-17,GLICL,430,430,385,397,18184,7383632
2020-03-18,GLICL,390,415,363,398,17896,6936336
2020-03-19,GLICL,397,409,380,396,26489,10416337
2020-03-22,GLICL,389,415,389,403,550,220000
2020-05-12,GLICL,395,395,391,391,30,11790
2020-05-13,GLICL,384,384,384,384,10,3840
2020-06-29,GLICL,377,377,346,384,7755,2795951
2020-06-30,GLICL,390,413,390,413,1826,732278
2020-07-01,GLICL,421,454,421,454,1366,613199
2020-07-02,GLICL,463,490,445,445,9664,4563755
2020-07-05,GLICL,445,486,430,447,13807,6156578
2020-07-06,GLICL,451,469,440,469,12913,5815034
2020-07-07,GLICL,477,491,463,491,25223,12060383
2020-07-08,GLICL,500,500,470,474,8660,4184158
2020-07-09,GLICL,480,484,465,480,5394,2580693
2020-07-12,GLICL,485,493,481,485,9556,4626734
2020-07-13,GLICL,485,494,477,481,5197,2513673
2020-07-14,GLICL,477,479,470,470,5254,2485902
2020-07-15,GLICL,472,479,465,465,4269,2008804
2020-07-16,GLICL,467,481,466,470,7209,3389220
2020-07-19,GLICL,479,479,479,479,10,4790
2020-07-20,GLICL,488,524,480,483,24882,12202010
2020-07-21,GLICL,507,507,471,479,11349,5432587
2020-07-22,GLICL,480,482,469,470,9097,4313712
2020-07-23,GLICL,469,480,465,470,6670,3154439
2020-07-26,GLICL,467,487,467,486,12198,5880959
2020-07-27,GLICL,489,498,485,486,12707,6217700
2020-07-28,GLICL,490,490,480,480,5245,2537831
2020-07-29,GLICL,500,500,470,472,5142,2434230
2020-07-30,GLICL,463,476,460,473,4442,2087453
2020-08-02,GLICL,468,474,451,454,10690,4916401
2020-08-03,GLICL,447,457,444,454,4660,2108404
2020-08-05,GLICL,445,453,437,438,9780,4307942
2020-08-06,GLICL,433,439,430,439,7865,3413792
2020-08-09,GLICL,444,445,431,445,5907,2594538
2020-08-10,GLICL,446,471,446,465,13736,6349321
2020-08-11,GLICL,474,483,461,468,17981,8481033
2020-08-12,GLICL,468,475,460,471,11885,5605835
2020-08-13,GLICL,474,474,464,471,7005,3276928
2020-08-16,GLICL,471,480,460,470,9067,4245334
2020-08-17,GLICL,479,479,468,475,9085,4288733
2020-08-18,GLICL,484,484,466,472,8471,4000842
2020-08-19,GLICL,465,468,455,465,6437,2977852
2020-08-20,GLICL,473,473,463,465,2395,1115477
2020-08-23,GLICL,465,482,463,482,17128,8140112
2020-08-24,GLICL,490,500,485,497,23465,11591899
2020-08-25,GLICL,510,520,492,518,40305,20489950
2020-08-26,GLICL,524,553,524,540,51131,27349239
2020-08-27,GLICL,550,550,530,537,28373,15285963
2020-08-30,GLICL,530,544,519,538,17976,9583427
2020-08-31,GLICL,547,588,547,575,64539,36951058
2020-09-02,GLICL,586,620,554,568,67618,40138374
2020-09-03,GLICL,568,589,559,576,31682,18141584
2020-09-06,GLICL,604,604,575,582,46961,27672435
2020-09-07,GLICL,600,600,560,576,27643,15845442
2020-09-08,GLICL,584,585,567,582,21918,12666636
2020-09-09,GLICL,585,599,579,594,43367,25496997
2020-09-10,GLICL,595,625,594,621,54805,33578840
2020-09-13,GLICL,625,668,620,660,49296,31914739
2020-09-14,GLICL,665,679,645,654,45732,30305448
2020-09-15,GLICL,643,654,632,645,29833,19239166
2020-09-16,GLICL,645,655,636,654,30566,19841206
2020-09-17,GLICL,660,670,650,654,44975,29628027
2020-09-20,GLICL,663,663,635,639,12888,8254089
2020-09-21,GLICL,629,645,628,640,19347,12352843
2020-09-22,GLICL,636,638,624,629,19241,12128118
2020-09-23,GLICL,635,635,625,634,13846,8720481
2020-09-24,GLICL,640,640,624,627,21101,13230526
2020-09-27,GLICL,628,635,620,620,21716,13603806
2020-09-28,GLICL,616,618,613,616,8571,5276285
2020-09-29,GLICL,645,645,610,613,10460,6416810
2020-09-30,GLICL,612,614,608,611,17017,10397148
2020-10-01,GLICL,614,636,613,636,28461,17876728
2020-10-04,GLICL,647,647,635,640,25939,16593832
2020-10-05,GLICL,640,640,626,627,12644,8006653
2020-10-06,GLICL,625,625,619,620,6235,3872568
2020-10-07,GLICL,618,629,615,623,9230,5740307
2020-10-08,GLICL,615,625,615,622,9610,5979451
2020-10-11,GLICL,622,630,615,615,5165,3204206
2020-10-12,GLICL,606,618,606,614,8740,5353890
2020-10-13,GLICL,625,625,608,610,12154,7428412
2020-10-14,GLICL,607,612,600,608,12587,7630023
2020-10-15,GLICL,610,621,603,607,8757,5314791
2020-10-18,GLICL,600,603,598,601,8778,5270384
2020-10-19,GLICL,602,610,599,610,12798,7729850
2020-10-20,GLICL,625,632,613,625,22091,13785020
2020-10-21,GLICL,625,633,621,628,7977,4996973
2020-10-22,GLICL,620,629,614,614,14822,9137164
2020-10-28,GLICL,610,619,607,617,10530,6461396
2020-10-29,GLICL,625,625,615,620,6558,4077508
2020-11-01,GLICL,622,625,615,620,7609,4714459
2020-11-02,GLICL,620,622,616,617,7351,4546170
2020-11-03,GLICL,605,610,600,606,77530,47058134
2020-11-04,GLICL,608,611,605,607,80756,49023561
2020-11-05,GLICL,600,600,578,588,41779,24492426
2020-11-08,GLICL,585,590,575,583,35085,20314676
2020-11-09,GLICL,588,595,572,584,40056,23498531
2020-11-10,GLICL,584,608,584,608,72586,43439987
2020-11-11,GLICL,608,615,602,604,45915,27804581
2020-11-12,GLICL,610,610,596,597,30975,18565039
2020-11-18,GLICL,595,619,591,615,51793,31454625
2020-11-19,GLICL,622,635,619,632,71423,44967611
2020-11-22,GLICL,644,644,604,612,67434,41625188
2020-11-23,GLICL,612,617,600,602,36733,22135848
2020-11-24,GLICL,595,614,595,610,40551,24661470
2020-11-25,GLICL,620,620,609,611,41047,25135663
2020-11-26,GLICL,620,620,595,595,52282,31601726
2020-11-29,GLICL,606,606,591,599,47536,28333408
2020-11-30,GLICL,610,636,600,624,115401,70951819
2020-12-01,GLICL,625,633,609,615,49770,30658960
2020-12-02,GLICL,612,655,610,655,189408,121155710
2020-12-03,GLICL,668,681,634,635,100794,65662720
2020-12-06,GLICL,630,630,598,600,69837,42573342
2020-12-07,GLICL,610,630,591,625,70669,43529548
2020-12-08,GLICL,621,644,620,621,118360,74840863
2020-12-09,GLICL,621,630,610,615,64167,39404710
2020-12-10,GLICL,615,627,606,618,36753,22714225
2020-12-13,GLICL,630,630,618,627,30728,19165535
2020-12-14,GLICL,639,662,628,655,138922,89713335
2020-12-15,GLICL,668,677,650,660,114100,75632157
2020-12-16,GLICL,658,662,652,654,54807,35891760
2020-12-17,GLICL,650,666,641,643,45325,29327780
2020-12-20,GLICL,645,649,603,605,72289,44600031
2020-12-21,GLICL,593,625,582,619,67893,40989848
2020-12-22,GLICL,631,645,615,644,58761,37125049
2020-12-23,GLICL,676,676,639,640,71698,46445761
2020-12-24,GLICL,638,638,626,626,8854,5572196
2020-12-27,GLICL,614,635,611,612,23880,14779853
2020-12-28,GLICL,601,632,600,619,14878,9238547
2020-12-29,GLICL,615,624,614,617,13470,8321308
2020-12-30,GLICL,612,624,612,616,20985,12898115
2020-12-31,GLICL,615,623,608,613,51952,31917628
2021-01-03,GLICL,613,632,613,625,27111,16904317
2021-01-04,GLICL,637,637,620,626,40605,25550218
2021-01-05,GLICL,625,627,615,616,11138,6921839
2021-01-06,GLICL,625,628,616,622,13821,8580487
2021-01-07,GLICL,625,639,622,630,64386,40626412
2021-01-10,GLICL,633,640,630,633,34329,21740691
2021-01-11,GLICL,635,637,624,629,35320,22282046
2021-01-12,GLICL,623,648,623,647,74285,47689053
2021-01-13,GLICL,655,669,655,664,93498,62078669
2021-01-17,GLICL,680,680,655,667,54698,36255543
2021-01-18,GLICL,700,700,660,685,136673,93190580
2021-01-19,GLICL,692,700,663,677,50588,34261941
2021-01-20,GLICL,675,680,664,679,54789,36833070
2021-01-21,GLICL,680,723,675,720,143085,100623913
2021-01-24,GLICL,734,792,732,792,177665,138482325
2021-01-25,GLICL,792,825,780,799,187358,150373962
2021-01-26,GLICL,814,814,775,778,91580,71885573
2021-01-27,GLICL,783,800,763,782,70061,54633537
2021-01-28,GLICL,783,848,783,810,151910,123298461
2021-01-31,GLICL,810,815,786,791,90935,72584483
2021-02-01,GLICL,793,811,792,799,56176,44936677
2021-02-02,GLICL,814,877,814,841,121098,100871835
2021-02-03,GLICL,856,890,816,825,106708,89555891
2021-02-04,GLICL,840,857,808,825,52368,43132551
2021-02-07,GLICL,840,858,816,858,111954,93488235
2021-02-08,GLICL,874,890,836,838,86096,73380313
2021-02-11,GLICL,840,844,816,825,107786,89161796
2021-02-14,GLICL,824,835,799,802,44614,35989760
2021-02-15,GLICL,810,842,810,842,71114,59262247
2021-02-16,GLICL,850,850,815,823,62001,51506566
2021-02-17,GLICL,820,822,802,808,42831,34569682
2021-02-18,GLICL,808,817,800,816,37369,30114257
2021-02-21,GLICL,825,828,796,797,43807,35041444
2021-02-22,GLICL,797,797,773,777,44403,34611683
2021-02-23,GLICL,771,779,750,767,52517,39883557
2021-02-24,GLICL,767,808,767,791,44480,35096558
2021-02-25,GLICL,791,791,765,774,28097,21730846
2021-02-28,GLICL,775,775,733,740,58564,43546672
2021-03-01,GLICL,740,765,718,760,49538,37112157
2021-03-02,GLICL,755,760,718,728,36163,26520947
2021-03-03,GLICL,716,740,698,710,48499,34383867
2021-03-04,GLICL,720,737,710,737,32200,23511673
2021-03-07,GLICL,735,747,712,712,12918,9332060
2021-03-09,GLICL,705,726,704,710,15669,11134064
2021-03-10,GLICL,702,712,702,708,14373,10168114
2021-03-14,GLICL,708,708,679,683,33869,23350455
2021-03-15,GLICL,670,688,663,666,29536,19893196
2021-03-16,GLICL,679,680,666,680,17811,11945774
2021-03-17,GLICL,690,695,676,695,22042,15202940
2021-03-18,GLICL,707,726,700,725,25521,18312396
2021-03-21,GLICL,728,755,711,753,30847,22751184
2021-03-22,GLICL,767,767,725,731,34047,24931193
2021-03-23,GLICL,720,733,719,724,17342,12606240
2021-03-24,GLICL,725,731,722,730,16161,11767052
2021-03-25,GLICL,732,738,719,721,17672,12830746
2021-03-29,GLICL,730,730,716,720,15160,10915321
2021-03-30,GLICL,734,740,719,730,34415,25158444
2021-03-31,GLICL,732,761,732,756,56503,42338350
2021-04-01,GLICL,771,785,757,771,63743,49014337
2021-04-04,GLICL,809,809,764,787,44080,34483229
2021-04-05,GLICL,799,802,775,784,42279,33112358
2021-04-06,GLICL,769,787,762,773,34821,26808412
2021-04-07,GLICL,770,780,758,761,31818,24375715
2021-04-08,GLICL,775,775,758,770,18111,13821979
2021-04-12,GLICL,763,775,763,773,25973,19976911
2021-04-13,GLICL,775,775,765,770,21020,16169965
2021-04-15,GLICL,770,786,765,785,36287,28328021
2021-04-18,GLICL,822,822,765,768,16641,12856510
2021-04-19,GLICL,764,770,755,756,20304,15412203
2021-04-20,GLICL,764,771,735,765,25508,19429390
2021-04-21,GLICL,766,781,736,750,70974,53136265
2021-04-22,GLICL,760,760,739,742,39055,29118190
2021-04-25,GLICL,732,740,725,732,36856,26947341
2021-04-26,GLICL,718,749,704,707,48636,34683863
2021-04-27,GLICL,707,748,707,730,23435,16968646
2021-04-28,GLICL,730,743,716,730,10598,7730772
2021-04-29,GLICL,730,742,726,736,10894,8021692
2021-05-02,GLICL,750,782,735,774,56679,43335097
2021-05-03,GLICL,785,803,760,774,33104,25706208
2021-05-04,GLICL,774,782,766,770,19293,14877299
2021-05-05,GLICL,771,785,758,770,19191,14828776
2021-05-06,GLICL,764,770,757,757,21896,16677846
2021-05-09,GLICL,746,760,743,744,21505,16102615
2021-05-10,GLICL,730,758,730,755,8780,6597265
2021-05-11,GLICL,762,765,755,759,10541,7992318
2021-05-12,GLICL,765,767,756,767,39502,30099292
2021-05-13,GLICL,800,800,768,789,81027,63635388
2021-05-16,GLICL,800,815,792,814,129894,104852948
2021-05-17,GLICL,820,828,795,802,83148,67240185
2021-05-18,GLICL,805,829,788,824,132162,107003317
2021-05-19,GLICL,840,840,802,810,96296,78852215
2021-05-20,GLICL,805,815,800,802,36623,29414124
2021-05-23,GLICL,788,828,773,814,87421,70992310
2021-05-24,GLICL,829,829,804,810,67217,54903472
2021-05-25,GLICL,770,891,770,873,306098,261805739
2021-05-27,GLICL,830,879,830,859,125263,107220777
2021-05-30,GLICL,861,882,849,860,157202,136437160
2021-05-31,GLICL,868,880,835,843,105243,90075186
2021-06-01,GLICL,830,855,820,830,59703,49678877
2021-06-02,GLICL,871,871,816,853,112756,95956344
2021-06-03,GLICL,869,873,840,845,101647,87098908
2021-06-06,GLICL,849,849,832,836,44898,37655827
2021-06-07,GLICL,835,845,830,832,40756,34053220
2021-06-08,GLICL,835,868,835,864,100547,86035734
2021-06-09,GLICL,880,901,855,864,113832,100083132
2021-06-10,GLICL,879,890,846,846,66527,57424247
2021-06-13,GLICL,862,862,840,842,50771,43134882
2021-06-14,GLICL,858,875,845,855,64896,55265071
2021-06-15,GLICL,860,870,840,843,58480,49729874
2021-06-16,GLICL,840,840,800,811,81330,66620764
2021-06-17,GLICL,815,837,810,820,47246,38881577
2021-06-20,GLICL,820,825,796,804,31998,25846146
2021-06-21,GLICL,800,813,775,777,57554,45549273
2021-06-22,GLICL,777,815,777,815,38792,30823481
2021-06-23,GLICL,820,820,785,786,33244,26334187
2021-06-24,GLICL,790,790,773,773,19170,14899697
2021-06-27,GLICL,773,779,768,769,18124,14004559
2021-06-28,GLICL,767,784,767,770,13324,10311240
2021-06-29,GLICL,780,784,758,758,15741,12011099
2021-06-30,GLICL,768,768,746,762,21630,16259936
2021-07-01,GLICL,777,778,768,769,14222,11006724
2021-07-04,GLICL,775,779,765,774,19499,15061120
2021-07-05,GLICL,763,769,760,762,10264,7841355
2021-07-06,GLICL,762,777,757,765,12548,9592460
2021-07-07,GLICL,763,770,755,759,15674,11907785
2021-07-08,GLICL,746,765,746,760,12471,9475006
2021-07-11,GLICL,770,789,770,788,7292,5673676
2021-07-12,GLICL,802,802,762,768,11211,8639587
2021-07-13,GLICL,780,785,762,770,7648,5908579
2021-07-14,GLICL,762,775,757,762,8210,6291086
2021-07-15,GLICL,760,770,756,759,20890,15901493
2021-07-18,GLICL,774,795,771,783.5,16096,12616730.2
2021-07-19,GLICL,799,814,793,797,18873,15146185
2021-07-20,GLICL,783,796,781,784,9507,7462578
2021-07-22,GLICL,786,791,778,779,12276,9630780.6
2021-07-25,GLICL,775,785,765,785,21724,16813910.2
2021-07-26,GLICL,800.7,800.7,776,778,13985,10927192.4
2021-07-27,GLICL,778,790,771,780,29290,22908854.1
2021-07-28,GLICL,785,826.2,776,819,163098,130693626.7
2021-07-29,GLICL,820,828,796,808,110141,89371144.5
2021-08-01,GLICL,800,800,784.2,785.2,89675,70652006.9
2021-08-02,GLICL,786,795,778,783,46579,36429070.7
2021-08-03,GLICL,781,825,778,812,141545,112907365.7
2021-08-04,GLICL,815,818,801,809,83086,67253694.7
2021-08-05,GLICL,813,828,810,813,106960,87627345.6
2021-08-08,GLICL,820,820,802.1,806.5,52483,42406501.3
2021-08-09,GLICL,810,813,795,800,66989,53778905.7
2021-08-10,GLICL,800,811,790,805.9,59901,47785256.9
2021-08-11,GLICL,808,812,792,796,38713,30887116.6
2021-08-12,GLICL,796,805,789,790.6,52040,41226842
2021-08-15,GLICL,774.8,794,774.8,777.1,39048,30571503.1
2021-08-16,GLICL,790,790,762,778,33817,26351704.3
2021-08-17,GLICL,779,793,767.3,768,45348,35074616.5
2021-08-18,GLICL,755,785.4,755,776,41904,32592865.7
2021-08-19,GLICL,790,840,784,804,115213,93403414.2
2021-08-24,GLICL,820,820,775,788,67685,53864242.8
2021-08-25,GLICL,780,787,765,769,28864,22307692.9
2021-08-26,GLICL,764,785,760.1,785,43395,33305789.1
2021-08-29,GLICL,793.9,793.9,755,765,25549,19495049
2021-08-31,GLICL,752,755.1,730,735,33110,24498356
2021-09-01,GLICL,740,749,713.1,720,66796,48425856.5
2021-09-02,GLICL,720,733.9,705,705.5,57211,40667428.8
2021-09-05,GLICL,695,698,657,675,55920,37834208.9
2021-09-06,GLICL,688,715,665,711.9,73870,51452438
2021-09-07,GLICL,723.9,723.9,682,696,37090,25754137.3
2021-09-08,GLICL,696,696,671.6,674,17903,12125107.9
2021-09-09,GLICL,687.4,701,660.1,675,18468,12496240.9
2021-09-12,GLICL,662,691,661.5,686.4,35693,24243771.4
2021-09-13,GLICL,684,695,672.7,683,52805,36039861.6
2021-09-14,GLICL,689.9,690,675,679,21038,14351662.5
2021-09-15,GLICL,667,686,661.6,662,25183,16793467.9
2021-09-16,GLICL,650.1,659,632,643.9,45242,29014215.9
2021-09-20,GLICL,644,644,620.1,628,49590,31091396.5
2021-09-21,GLICL,616,649,601.1,624,35978,22514686.2
2021-09-22,GLICL,636,647,630,640,54635,35025060.8
2021-09-23,GLICL,648,648,619.4,622,22861,14496787.5
2021-09-26,GLICL,632,632,600,608,28823,17530399
2021-09-27,GLICL,620,632.4,585.1,587.1,24007,14242909.8
2021-09-28,GLICL,587,610,567.1,570,26245,15213074.1
2021-09-29,GLICL,581,591.9,560,588,21743,12470181.9
2021-09-30,GLICL,595,595,574,576,14628,8482434
2021-10-03,GLICL,568,580,568,568.1,11732,6722079.8
2021-10-04,GLICL,558.1,582.4,551,572.1,29263,16709043.8
2021-10-05,GLICL,583,595.1,575,580,11734,6870146.3
2021-10-06,GLICL,571,608,571,597,24549,14594351.5
2021-10-10,GLICL,598,608.7,586,586,12438,7397997.7
2021-10-11,GLICL,575,580,571,577,11748,6764330.2
2021-10-17,GLICL,588.4,588.4,577,587,2830,1648874
2021-10-18,GLICL,590,590,563.5,564,12912,7342508.1
2021-10-19,GLICL,560,561.3,535,545,18365,9956963.1
2021-10-20,GLICL,555,559,546,551,12280,6758296
2021-10-21,GLICL,548,561,540,545,11284,6195807.8
2021-10-24,GLICL,535,558,535,549,6023,3316047.3
2021-10-25,GLICL,559.9,581.9,558.6,572.9,22754,12852428.5
2021-10-26,GLICL,583,598,564,589,28724,16898947.6
2021-10-27,GLICL,599,635,586,624.8,63739,39657431.5
2021-10-28,GLICL,620,630,601,608,24586,15134378.3
2021-10-31,GLICL,605,642,602.1,635,34272,21278955.1
2021-11-01,GLICL,640,645,618,634,54829,34839054.7
2021-11-02,GLICL,622,695.9,620,670,41558,26745675.2
2021-11-03,GLICL,683.4,695,659,663,45962,30630604.6
2021-11-08,GLICL,676,676,650,652,25396,16613869.9
2021-11-09,GLICL,619,619,578,594,20203,12011034.7
2021-11-11,GLICL,594,629,573,583,13048,7619017.2
2021-11-14,GLICL,589.9,590,566.5,585,12247,7054228.1
2021-11-15,GLICL,595,595,574,581,11451,6667941.2
2021-11-16,GLICL,581.1,639,581,630,40205,24283988.6
2021-11-17,GLICL,642,655,604,604,22696,13937338.3
2021-11-18,GLICL,616,616,593,593,10517,6285174.1
2021-11-21,GLICL,582,601,579,580,11192,6534414.2
2021-11-22,GLICL,590,597.8,580,582,8892,5219101.2
2021-11-23,GLICL,575.1,586,572,572,9328,5371453
2021-11-24,GLICL,561,583,560.6,575,6808,3866728
2021-11-25,GLICL,570,586,566,572.1,2848,1638303.8
2021-11-28,GLICL,562,570,555,560,11253,6310802.7
2021-11-29,GLICL,563.9,570,546,554,14090,7817668.5
2021-11-30,GLICL,550,554,535,540,30666,16582450.9
2021-12-01,GLICL,533,545,533,545,5919,3200676
2021-12-02,GLICL,545,545,525,533,15108,8003315.9
2021-12-05,GLICL,522.4,535,503.8,509,18013,9280148.7
2021-12-06,GLICL,502,521,495,521,16776,8487441.6
2021-12-07,GLICL,531,531.4,508,508,16728,8751844.9
2021-12-08,GLICL,505,518,500,500,10831,5460188.9
2021-12-09,GLICL,497,500,490,499,11926,5899418.5
2021-12-12,GLICL,495,499,479,484,23395,11417352
2021-12-13,GLICL,480,482.1,460,460.1,10214,4795718.9
2021-12-14,GLICL,469,487.8,469,487,3852,1850847
2021-12-15,GLICL,496,520.2,466,482.5,17089,8479265.6
2021-12-16,GLICL,472.9,485,470.2,473,7731,3685207.2
2021-12-20,GLICL,466,474,460.6,474,14313,6656566.3
2021-12-21,GLICL,482.9,491,480,491,7759,3754291.5
2021-12-22,GLICL,493,510,492,508,25798,12961160.8
2021-12-23,GLICL,498,533,490,523,18915,9779311.9
2021-12-26,GLICL,533,575.3,530,575.3,80873,45638824.8
2021-12-27,GLICL,586,597.6,545,550,86918,50497680.7
2021-12-28,GLICL,540,566.5,530,563.9,21988,12218479.2
2021-12-29,GLICL,573,575,547.2,563,23488,13247549.8
2022-01-02,GLICL,574,589,570,583,28538,16562724.6
2022-01-03,GLICL,594,598.7,578,583.9,38055,22299114.2
2022-01-04,GLICL,574,590,573,585.5,18978,11101046
2022-01-05,GLICL,581,592,571,571,31922,18418381.5
2022-01-06,GLICL,579,580,567,574,14640,8435136
2022-01-09,GLICL,567,603,567,597,32134,19028080.7
2022-01-10,GLICL,600,617,590,616,69289,41777151
2022-01-11,GLICL,626,659,612.1,645,115789,74623313.9
2022-01-12,GLICL,655,655,622.3,624,69248,44060587.1
2022-01-13,GLICL,636,653,613,642,55622,35526677.9
2022-01-16,GLICL,642,669.9,642,652,80727,52979415
2022-01-17,GLICL,664,664,641,652,38928,25321245.5
2022-01-18,GLICL,649,659,632.7,636,62362,40020493.9
2022-01-19,GLICL,624,658,624,642,65436,42401102.9
2022-01-20,GLICL,629.2,698.7,629.2,692,223337,151867734.1
2022-01-23,GLICL,705.8,721,698,708,176277,124966393.7
2022-01-24,GLICL,708,710,675,681,160428,111204897.9
2022-01-25,GLICL,692,705,672,685,130172,89843543.5
2022-01-26,GLICL,696,696,670,677,49863,33866818.2
2022-01-27,GLICL,675,698,674,675.5,31452,21574359.4
2022-01-30,GLICL,689,716,689,702.6,77214,54143567.3
2022-01-31,GLICL,714,714,690,696,66449,46404981.9
2022-02-01,GLICL,708,720,692.9,700,51790,36293985.2
2022-02-03,GLICL,709.9,728,693,695,53308,37438367.2
2022-02-06,GLICL,707.5,707.5,676.6,676.9,34761,23745205.4
2022-02-07,GLICL,677,700,677,695,52289,36111352
2022-02-08,GLICL,708,714.9,674.3,684,33558,23175958.3
2022-02-09,GLICL,697,697,670,675,19632,13217854.5
2022-02-10,GLICL,688.5,688.5,667,670,20849,14006753.7
2022-02-13,GLICL,657,657,637.1,638,29925,19196635.8
2022-02-14,GLICL,650.7,655,630,631.5,33259,21376975.9
2022-02-15,GLICL,644,656,632.1,645,32844,21065353.3
2022-02-16,GLICL,634.1,662,634.1,642.5,14030,9123391.8
2022-02-17,GLICL,654,654,642,644,14958,9672182.5
2022-02-20,GLICL,631.2,645,616.5,626,34742,21856046.6
2022-02-21,GLICL,638.5,650,622.3,625.1,77447,48699304.5
2022-02-22,GLICL,636.6,638,624,627,18924,11928976
2022-02-23,GLICL,634,634,615,616,24564,15296755.2
2022-02-24,GLICL,610,617,592.9,595,32206,19380344.4
2022-02-27,GLICL,606.9,619,592,599.9,8985,5382605.5
2022-02-28,GLICL,611.8,624,575,579,25148,14717046.9
2022-03-02,GLICL,589,589,552,553,23737,13248720.1
2022-03-06,GLICL,564,564,549,557.9,9440,5244176.2
2022-03-07,GLICL,557,566.8,545,548,9984,5542694.5
2022-03-09,GLICL,538,558.9,520,538,21239,11519664.7
2022-03-10,GLICL,545,578.3,538,570,25569,14349934.4
2022-03-13,GLICL,581,616,572,612,52497,31671411.9
2022-03-14,GLICL,624.2,636,603,627,27695,17280385.3
2022-03-15,GLICL,627,637,617.5,633,51228,32213855.2
2022-03-16,GLICL,635,640,629.2,631,35161,22354137.2
2022-03-20,GLICL,643.6,643.6,615.6,617,28262,17534821.3
2022-03-21,GLICL,626,626,610.1,623.9,24989,15423905.2
2022-03-22,GLICL,635,635,623,627,20233,12702213.2
2022-03-23,GLICL,620,644,620,640,57596,36626253.8
2022-03-24,GLICL,650,673.2,628,670,126900,83773078.6
2022-03-27,GLICL,681,721,660,668,254236,175102860.4
2022-03-28,GLICL,670,670,640,643,74326,48512438
2022-03-29,GLICL,649.9,652,632,642,22136,14140127.9
2022-03-30,GLICL,654,654,616.8,650,51736,33020083.2
2022-03-31,GLICL,660,662,640,640,42656,27688810
2022-04-03,GLICL,652.8,652.8,630,634,31534,20178469.5
2022-04-04,GLICL,646,646,615.1,619,25923,16102251.4
2022-04-05,GLICL,609,618,590,606,51665,31074774.6
2022-04-06,GLICL,610,614,595.1,597,30775,18572351.9
2022-04-07,GLICL,608,619,595,605,18666,11349209.8
2022-04-11,GLICL,617.1,627.9,585,594,20192,12166264.4
2022-04-12,GLICL,605,605,575,579,9339,5423106.7
2022-04-13,GLICL,589.9,589.9,568,580,17002,9857371
2022-04-17,GLICL,590,590,568,568,16184,9302489.6
2022-04-18,GLICL,578,578,544,550,16434,9063201.1
2022-04-19,GLICL,549.9,569.9,540,556,23817,13222737.7
2022-04-20,GLICL,567,567.1,540,542,9833,5358129
2022-04-21,GLICL,550,550,528.1,546,16209,8662256.5
2022-04-24,GLICL,552,580,552,574.9,20629,11660073.3
2022-04-25,GLICL,580,584,562,562,17188,9805482.4
2022-04-26,GLICL,552.1,585,549,558,6905,3827289.8
2022-04-27,GLICL,548,565,547,555,6140,3415448
2022-04-28,GLICL,563.9,563.9,534.2,541,11777,6400912.6
2022-05-02,GLICL,551,551,520,521.2,11269,5941916.9
2022-05-04,GLICL,531,531,514,514,7311,3788114.5
2022-05-05,GLICL,504,522.9,495,495,16649,8361635.4
2022-05-08,GLICL,490,497,479.4,495,13985,6802788
2022-05-09,GLICL,500,502,487,487,21386,10574691.2
2022-05-10,GLICL,496.7,503,485,495,8380,4168388
2022-05-11,GLICL,504,517.1,504,515,19880,10122973.8
2022-05-12,GLICL,520,520,481,485,127065,62636394.3
2023-01-31,GLICL,451.4,489,451.4,470,162173,76772388.7
2023-02-01,GLICL,479,479,440.6,456.7,75759,34006784
2023-02-02,GLICL,448,462.2,440.1,443,23614,10575757.9
2023-02-05,GLICL,445,452,436.1,438,29046,12826326.6
2023-02-06,GLICL,435,440,431.1,431.5,23481,10214114.3
2023-02-07,GLICL,438,460,434,460,28873,12891251.7
2023-02-08,GLICL,469.2,478.5,455,456,55262,25684184.3
2023-02-09,GLICL,460,474.3,452.1,470,40763,18793463.9
2023-02-12,GLICL,460.6,460.6,445,447,30854,13894253.8
2023-02-14,GLICL,447,455,445,450,14748,6596133.9
2023-02-15,GLICL,457,457,440,445,15536,6895451.4
2023-02-16,GLICL,442.9,444.7,436.3,439.8,16229,7117542.3
2023-02-20,GLICL,431.9,438,430.2,432.5,20211,8768697.8
2023-02-22,GLICL,440,444.9,433.1,443.8,19766,8656042.9
2023-02-23,GLICL,435,436,428.1,434,14863,6404911.3
2023-02-26,GLICL,425.4,440,417,440,19428,8270358.5
2023-02-27,GLICL,448,448.5,417.2,430,13354,5757139.5
2023-02-28,GLICL,434,444,424,429.8,6510,2798596.3
2023-03-01,GLICL,425,435.9,419.1,419.1,7957,3356618.9
2023-03-02,GLICL,412.9,419.9,406.7,406.7,16166,6652797.4
2023-03-05,GLICL,414,414,399,404,14564,5899979.9
2023-03-07,GLICL,405,413,400,404.9,6978,2826978.2
2023-03-09,GLICL,412.9,417,405,417,17534,7195227.7
2023-03-12,GLICL,420,422,396.3,412,35953,14552286.1
2023-03-13,GLICL,408,408,395.1,395.5,11302,4493292.4
2023-03-14,GLICL,400,406,398,400,9325,3748292.2
2023-03-15,GLICL,400,403,397,402,7739,3097782.7
2023-03-16,GLICL,394.1,406,394.1,403,10324,4149628.9
2023-03-19,GLICL,395,403.9,395,403.9,9548,3816286.6
2023-03-20,GLICL,404,411.5,398.4,411.5,21014,8461589.7
2023-03-22,GLICL,416,417,400,401,14873,6016299.6
2023-03-23,GLICL,395,399.5,390,397,10446,4102704.9
2023-03-26,GLICL,404.9,436.7,404.9,413.9,54994,22732389.7
2023-03-27,GLICL,415,419.9,410,419,11078,4615545.2
2023-03-28,GLICL,426.9,431.5,420.5,425,26550,11310246.1
2023-03-29,GLICL,423,428,419.1,426.9,19235,8166453.2
2023-03-30,GLICL,429.9,430,423.5,424.7,17003,7256283.3
2023-04-02,GLICL,430,432,416,416,30824,12974033.6
2023-04-03,GLICL,413,419.5,406,418,19006,7863243.8
2023-04-04,GLICL,411.5,418.9,411,416,6755,2808898.8
2023-04-05,GLICL,424.3,424.3,416.2,418.5,52836,22159440.3
2023-04-06,GLICL,376.8,376.8,369,370,27714,10274364.4
2023-04-09,GLICL,365,371.2,356.8,359.9,27773,10152321.7
2023-04-10,GLICL,353.1,365,353.1,360,11650,4189624.5
2023-04-11,GLICL,367,373,360.1,367,4831,1767886.1
2023-04-12,GLICL,373,385.8,371,385.8,21984,8370102.1
2023-04-13,GLICL,380,390,375,380,18674,7132266.5
2023-04-16,GLICL,387,387,375,380,18952,7213781.8
2023-04-17,GLICL,376.2,376.2,370,370,7141,2671224.8
2023-04-18,GLICL,368,372.9,367.1,368.5,7943,2931480.6
2023-04-19,GLICL,375.8,381,369,375,8848,3316795.3
2023-04-20,GLICL,368.5,373.9,367.2,367.4,4610,1702750.3
2023-04-23,GLICL,363.2,367,358,358.1,11395,4118786.2
2023-04-24,GLICL,357,364.8,356,360.3,4312,1555662.4
2023-04-25,GLICL,364,370,361.5,367,11295,4141394.1
2023-04-26,GLICL,368,369,363,365,6355,2324749.9
2023-04-27,GLICL,368,368,361,367,3600,1305945
2023-04-30,GLICL,359.7,360.9,357.7,360,5091,1829928.2
2023-05-02,GLICL,360,361.5,357,361.5,3993,1431677.8
2023-05-03,GLICL,357,359,356.6,359,2293,818697.7
2023-05-04,GLICL,356,363,356,360,10023,3585065.4
2023-05-07,GLICL,355,357.7,350,351,6193,2180486.8
2023-05-08,GLICL,351.1,353.9,340.1,344,26209,9019590.2
