date,symbol,open,high,low,close,volume,turnover
2011-07-10,GMFIL,365,358,358,358,1656,592848
2011-08-10,GMFIL,358,351,344,344,211,72654
2011-09-12,GMFIL,344,338,338,338,20,6760
2011-11-03,GMFIL,338,332,332,332,138,45816
2011-11-15,GMFIL,332,326,320,320,1245,399660
2011-11-23,GMFIL,320,314,314,314,10,3140
2012-04-30,GMFIL,314,278,278,278,50,13900
2012-05-02,GMFIL,278,273,273,273,20,5460
2012-06-25,GMFIL,273,268,268,268,100,26800
2012-06-27,GMFIL,268,270,270,270,12,3240
2012-07-09,GMFIL,270,265,265,265,77,20405
2012-07-19,GMFIL,265,260,260,260,83,21580
2012-08-08,GMFIL,260,255,255,255,50,12750
2012-08-26,GMFIL,255,250,245,245,1223,304495
2012-10-10,GMFIL,245,241,241,241,50,12050
2012-12-05,GMFIL,241,237,237,237,378,89586
2012-12-26,GMFIL,237,237,237,237,1871,443427
2013-02-04,GMFIL,237,202,198,198,7051,1396310
2013-08-27,GMFIL,198,195,195,195,100,19500
2013-09-10,GMFIL,195,192,190,190,402,76400
2013-09-16,GMFIL,190,187,184,184,1526,282392
2013-09-22,GMFIL,184,184,184,184,1000,184000
2013-09-23,GMFIL,184,181,181,181,707,127967
2013-10-22,GMFIL,181,0,0,181,1715,183505
2013-12-03,GMFIL,181,184,184,184,12,2208
2013-12-04,GMFIL,184,187,187,187,12,2244
2013-12-05,GMFIL,187,190,190,190,10,1900
2013-12-08,GMFIL,190,193,190,190,600,115200
2013-12-09,GMFIL,190,193,187,193,1653,315147
2013-12-10,GMFIL,193,196,196,196,10,1960
2013-12-11,GMFIL,196,206,199,206,1030,208110
2013-12-12,GMFIL,206,206,206,206,289,59534
2014-01-21,GMFIL,179,176,176,176,95,16720
2014-03-09,GMFIL,173,173,173,173,5270,911710
2014-03-11,GMFIL,173,170,170,170,194,32980
2014-03-26,GMFIL,170,167,167,167,200,33400
2014-04-01,GMFIL,167,170,170,170,480,81600
2014-04-15,GMFIL,170,167,167,167,72,12024
2014-04-17,GMFIL,167,170,170,170,87,14790
2014-04-20,GMFIL,170,170,170,170,255,43350
2014-04-21,GMFIL,170,173,173,173,419,72487
2014-04-22,GMFIL,173,176,170,176,497,86635
2014-04-28,GMFIL,176,182,179,179,1337,241495
2014-05-04,GMFIL,179,182,182,182,50,9100
2014-05-05,GMFIL,182,180,180,180,817,147060
2014-05-07,GMFIL,180,180,180,180,5534,996120
2014-05-08,GMFIL,180,183,180,182,1443,262933
2014-05-12,GMFIL,182,180,180,180,319,57420
2014-05-13,GMFIL,180,182,181,181,1891,342565
2014-05-15,GMFIL,181,181,181,181,143,25883
2014-05-18,GMFIL,181,181,181,181,191,34571
2014-05-19,GMFIL,181,196,184,196,250,47500
2014-05-20,GMFIL,196,196,196,196,1248,244608
2014-05-21,GMFIL,196,215,199,200,36519,7321838
2014-05-22,GMFIL,200,212,200,212,454,93640
2014-05-25,GMFIL,212,210,210,210,510,107100
2014-05-26,GMFIL,210,221,214,221,354,76347
2014-05-28,GMFIL,221,217,213,213,542,116530
2014-06-01,GMFIL,213,217,209,217,1060,226496
2014-06-02,GMFIL,217,217,214,214,392,84653
2014-06-03,GMFIL,214,218,218,218,50,10900
2014-06-04,GMFIL,218,222,222,222,50,11100
2014-06-05,GMFIL,222,218,214,214,444,95940
2014-06-09,GMFIL,214,218,214,218,1304,283700
2014-06-10,GMFIL,218,222,222,222,50,11100
2014-06-11,GMFIL,222,222,218,222,1515,332270
2014-06-12,GMFIL,222,222,214,214,380,82608
2014-06-15,GMFIL,214,222,218,222,63,13786
2014-06-17,GMFIL,222,230,226,230,62,14212
2014-06-18,GMFIL,230,238,234,238,77,18126
2014-06-19,GMFIL,238,246,242,242,2218,537323
2014-06-25,GMFIL,242,238,238,238,63,14994
2014-06-29,GMFIL,238,242,242,242,1444,349448
2014-06-30,GMFIL,242,246,242,242,962,235102
2014-07-01,GMFIL,242,250,246,246,1515,376218
2014-07-06,GMFIL,246,242,238,240,493,117874
2014-07-07,GMFIL,240,236,236,236,976,230336
2014-07-08,GMFIL,236,240,240,240,50,12000
2014-07-09,GMFIL,240,244,240,240,1167,282176
2014-07-13,GMFIL,240,242,242,242,724,175208
2014-07-14,GMFIL,242,240,240,240,100,24000
2014-07-15,GMFIL,240,260,244,260,2090,519473
2014-07-16,GMFIL,260,260,255,260,211,54770
2014-07-17,GMFIL,260,265,265,265,22,5830
2014-07-20,GMFIL,265,270,265,265,2500,670000
2014-07-21,GMFIL,265,291,270,291,1581,446631
2014-07-22,GMFIL,291,296,296,296,305,90280
2014-07-23,GMFIL,296,302,301,302,63,18976
2014-07-24,GMFIL,302,307,296,307,758,229064
2014-07-27,GMFIL,307,337,313,337,587,191009
2014-07-28,GMFIL,337,349,343,349,40,13786
2014-07-30,GMFIL,349,369,350,369,675,240852
2014-07-31,GMFIL,369,385,374,385,806,305859
2014-08-03,GMFIL,385,378,378,378,12,4536
2014-08-04,GMFIL,378,379,378,379,650,245850
2014-08-05,GMFIL,379,372,372,372,293,108996
2014-08-31,GMFIL,372,379,358,358,1556,574588
2014-09-01,GMFIL,358,351,342,342,883,307634
2014-09-03,GMFIL,342,336,330,330,240,79440
2014-09-04,GMFIL,330,330,323,323,688,224077
2014-09-07,GMFIL,323,317,317,317,72,22824
2014-09-09,GMFIL,317,317,317,317,211,66887
2014-09-11,GMFIL,317,311,300,300,1432,437648
2014-09-14,GMFIL,300,300,294,294,699,206922
2014-09-15,GMFIL,294,304,294,304,353,106392
2014-09-16,GMFIL,304,298,298,298,824,245552
2014-09-21,GMFIL,298,293,288,293,1401,405393
2014-09-23,GMFIL,293,298,294,295,1700,501903
2014-09-28,GMFIL,295,291,291,291,502,146082
2014-09-29,GMFIL,291,286,271,271,3085,847085
2014-10-12,GMFIL,271,276,276,276,30,8280
2014-10-19,GMFIL,276,281,281,281,147,41307
2014-10-20,GMFIL,281,280,280,280,294,82320
2014-10-22,GMFIL,280,280,275,280,441,122745
2014-11-10,GMFIL,280,300,285,300,329,97110
2014-11-11,GMFIL,300,305,300,300,631,191010
2014-11-12,GMFIL,300,305,294,305,162,49065
2014-11-13,GMFIL,305,300,289,289,45,13245
2014-11-16,GMFIL,289,284,264,279,28098,7507762
2014-11-17,GMFIL,279,294,284,294,222,64068
2014-11-18,GMFIL,294,295,294,295,128,37711
2014-11-19,GMFIL,295,295,295,295,56,16520
2014-11-20,GMFIL,295,290,290,290,230,66700
2014-11-24,GMFIL,290,285,285,285,1937,552045
2014-12-02,GMFIL,285,280,280,280,2196,614880
2014-12-14,GMFIL,280,280,275,280,164,45185
2014-12-18,GMFIL,280,285,285,285,12,3420
2015-01-25,GMFIL,230,226,218,218,5798,1285652
2015-01-26,GMFIL,218,238,222,238,50,11500
2015-02-01,GMFIL,238,255,238,250,5000,1247700
2015-02-02,GMFIL,250,255,246,246,1010,252060
2015-02-03,GMFIL,246,242,242,242,600,145200
2015-02-05,GMFIL,242,246,244,244,1309,320903
2015-02-09,GMFIL,244,248,248,248,339,84072
2015-02-10,GMFIL,248,262,252,262,38,9806
2015-02-12,GMFIL,262,265,257,265,381,99030
2015-02-15,GMFIL,265,280,270,280,100,27150
2015-02-23,GMFIL,280,275,270,275,600,164000
2015-02-26,GMFIL,275,295,280,290,660,191850
2015-03-02,GMFIL,290,295,292,292,20,5870
2015-03-03,GMFIL,292,287,282,282,300,85100
2015-03-04,GMFIL,282,292,287,292,20,5790
2015-03-09,GMFIL,292,289,289,289,50,14450
2015-03-10,GMFIL,289,284,284,284,100,28400
2015-03-15,GMFIL,284,279,279,279,32,8928
2015-03-17,GMFIL,279,274,274,274,100,27400
2015-03-18,GMFIL,274,269,260,260,440,116212
2015-03-19,GMFIL,260,255,250,250,82,20700
2015-04-09,GMFIL,250,250,245,245,700,172500
2015-04-19,GMFIL,245,241,241,241,1000,241000
2015-06-07,GMFIL,241,241,237,237,680,161580
2015-06-15,GMFIL,237,233,233,233,10,2330
2015-06-25,GMFIL,233,229,229,229,10,2290
2015-07-06,GMFIL,229,226,225,225,236,53218
2015-07-14,GMFIL,225,225,225,225,738,166050
2015-07-16,GMFIL,225,233,225,233,834,190082
2015-07-23,GMFIL,233,241,237,241,80,19120
2015-07-27,GMFIL,241,249,245,249,80,19760
2015-07-28,GMFIL,249,258,253,258,80,20440
2015-08-03,GMFIL,258,253,253,253,64,16192
2015-08-04,GMFIL,253,248,237,240,578,138930
2015-08-05,GMFIL,240,238,235,236,1949,459993
2015-08-06,GMFIL,236,240,239,239,640,153000
2015-08-09,GMFIL,239,235,235,235,274,64390
2015-08-10,GMFIL,235,239,239,239,40,9560
2015-08-11,GMFIL,239,235,231,231,544,125840
2015-08-18,GMFIL,231,227,227,227,302,68554
2015-08-19,GMFIL,227,231,231,231,40,9240
2015-08-24,GMFIL,231,227,227,227,10,2270
2015-08-25,GMFIL,227,235,231,235,80,18640
2015-08-26,GMFIL,235,238,238,238,51,12138
2015-09-03,GMFIL,238,242,242,242,50,12100
2015-09-06,GMFIL,242,246,246,246,1000,246000
2015-09-07,GMFIL,246,250,249,250,230,57320
2015-09-10,GMFIL,250,255,245,245,720,179200
2015-09-13,GMFIL,245,241,241,241,300,72300
2015-09-14,GMFIL,241,237,233,233,551,129583
2015-09-15,GMFIL,233,237,230,236,1327,308796
2015-09-16,GMFIL,236,240,236,236,1019,241444
2015-09-24,GMFIL,236,236,236,236,305,71980
2015-10-18,GMFIL,236,232,232,232,809,187688
2015-10-28,GMFIL,232,228,224,224,594,134168
2015-11-01,GMFIL,224,220,220,220,200,44000
2015-11-10,GMFIL,220,216,216,216,65,14040
2015-11-15,GMFIL,216,216,212,216,539,115955
2015-11-22,GMFIL,216,212,212,212,372,78864
2015-11-30,GMFIL,212,208,208,208,8033,1670864
2015-12-06,GMFIL,208,213,208,213,3029,631835
2015-12-08,GMFIL,213,209,209,209,121,25289
2015-12-09,GMFIL,209,208,208,208,29,6032
2015-12-22,GMFIL,208,212,208,212,261,54448
2015-12-23,GMFIL,212,215,212,215,445,94996
2015-12-24,GMFIL,215,211,211,211,40,8440
2015-12-27,GMFIL,211,219,215,219,1747,382437
2016-01-13,GMFIL,190,187,187,187,32,5984
2016-02-07,GMFIL,187,205,190,205,170,34010
2016-02-08,GMFIL,205,225,209,225,210,45890
2016-02-11,GMFIL,225,247,229,243,450,108250
2016-02-14,GMFIL,243,247,247,247,30,7410
2016-02-23,GMFIL,247,243,243,243,10,2430
2016-02-29,GMFIL,243,240,232,232,650,155200
2016-03-16,GMFIL,232,230,230,230,170,39100
2016-03-17,GMFIL,230,238,230,238,998,229780
2016-03-20,GMFIL,238,249,237,249,1312,321320
2016-03-21,GMFIL,249,258,249,258,1393,348290
2016-03-23,GMFIL,258,263,263,263,10,2630
2016-03-24,GMFIL,263,285,268,280,954,265000
2016-03-27,GMFIL,280,275,275,275,300,82500
2016-03-28,GMFIL,275,290,279,290,2190,623170
2016-03-29,GMFIL,290,295,280,286,1378,399256
2016-03-30,GMFIL,286,314,291,314,2110,658970
2016-03-31,GMFIL,314,344,320,338,7425,2513292
2016-04-03,GMFIL,338,338,332,333,1005,334825
2016-04-04,GMFIL,333,328,318,318,3035,973200
2016-04-10,GMFIL,318,330,315,330,5190,1686130
2016-04-11,GMFIL,330,330,330,330,100,33000
2016-04-17,GMFIL,330,329,329,329,100,32900
2016-04-21,GMFIL,329,330,330,330,590,194700
2016-04-28,GMFIL,330,341,327,341,1227,409491
2016-05-02,GMFIL,341,341,341,341,100,34100
2016-05-10,GMFIL,341,335,323,329,1600,526400
2016-05-12,GMFIL,329,325,325,325,550,178750
2016-05-19,GMFIL,325,319,319,319,50,15950
2016-05-22,GMFIL,319,313,313,313,243,76059
2016-05-23,GMFIL,313,307,307,307,500,153500
2016-05-26,GMFIL,307,302,301,302,250,75450
2016-05-29,GMFIL,302,302,300,300,300,90200
2016-05-30,GMFIL,300,318,306,318,70,22080
2016-06-01,GMFIL,318,312,312,312,200,62400
2016-06-05,GMFIL,312,318,306,312,2543,781536
2016-06-06,GMFIL,312,308,306,307,4466,1371862
2016-06-07,GMFIL,307,307,301,307,1500,454700
2016-06-08,GMFIL,307,308,308,308,100,30800
2016-06-09,GMFIL,308,307,306,306,2800,857300
2016-06-12,GMFIL,306,312,312,312,1400,436800
2016-06-13,GMFIL,312,312,307,307,902,277429
2016-06-14,GMFIL,307,323,310,315,7926,2474800
2016-06-15,GMFIL,315,316,310,316,400,124600
2016-06-16,GMFIL,316,344,320,344,58420,18888108
2016-06-19,GMFIL,344,378,350,375,15988,5968343
2016-06-20,GMFIL,375,390,370,380,10004,3836490
2016-06-21,GMFIL,380,387,377,377,8889,3375223
2016-06-22,GMFIL,377,371,370,370,6875,2544250
2016-06-26,GMFIL,370,363,358,358,90,32620
2016-06-27,GMFIL,358,353,351,351,360,126660
2016-06-28,GMFIL,351,352,336,352,9424,3213174
2016-06-29,GMFIL,352,354,348,354,5800,2030800
2016-06-30,GMFIL,354,355,350,355,7330,2573750
2016-07-03,GMFIL,355,350,350,350,1439,503650
2016-07-04,GMFIL,350,360,347,360,2220,783540
2016-07-05,GMFIL,360,358,355,355,3219,1144002
2016-07-06,GMFIL,355,376,362,376,3696,1353678
2016-07-10,GMFIL,376,371,371,371,200,74200
2016-07-11,GMFIL,371,371,354,365,11420,4112870
2016-07-12,GMFIL,365,362,353,353,800,284900
2016-07-13,GMFIL,353,353,348,353,350,122800
2016-07-14,GMFIL,353,370,347,370,4703,1672171
2016-07-17,GMFIL,370,384,366,370,1600,594570
2016-07-18,GMFIL,370,376,365,376,1343,494710
2016-07-19,GMFIL,376,390,381,385,2270,871760
2016-07-20,GMFIL,385,388,381,385,1806,693007
2016-07-21,GMFIL,385,399,385,388,3713,1454446
2016-07-25,GMFIL,388,420,392,420,6520,2687958
2016-07-26,GMFIL,420,462,426,462,40750,18552424
2016-07-27,GMFIL,462,508,471,491,16768,8361160
2016-07-28,GMFIL,491,490,476,485,5326,2562172
2016-07-31,GMFIL,485,480,451,451,1624,766700
2016-08-01,GMFIL,451,443,434,442,460,203440
2016-08-02,GMFIL,442,434,431,431,600,258900
2016-08-03,GMFIL,431,426,421,424,1700,719650
2016-08-04,GMFIL,424,425,416,416,1800,757300
2016-08-07,GMFIL,416,420,406,406,10096,4170086
2016-08-08,GMFIL,406,410,400,400,2150,862500
2016-08-09,GMFIL,400,424,408,424,2100,880800
2016-08-10,GMFIL,424,425,417,421,2260,945430
2016-08-11,GMFIL,421,435,412,412,2372,1015464
2016-08-14,GMFIL,412,410,403,405,1569,637045
2016-08-15,GMFIL,405,398,397,398,1310,520320
2016-08-16,GMFIL,398,437,405,437,12187,5176983
2016-08-17,GMFIL,437,477,435,477,19119,8660862
2016-08-21,GMFIL,477,468,456,456,1779,819185
2016-08-22,GMFIL,456,460,440,441,3629,1619350
2016-08-23,GMFIL,441,460,434,434,4660,2090750
2016-08-24,GMFIL,434,443,435,435,3050,1341880
2016-08-28,GMFIL,435,442,442,442,450,198900
2016-08-29,GMFIL,442,443,437,437,2570,1128600
2016-08-30,GMFIL,437,445,438,441,2205,975640
2016-08-31,GMFIL,441,448,441,447,7237,3229705
2016-09-01,GMFIL,447,455,440,447,9687,4335886
2016-09-05,GMFIL,331,364,336,350,2749,984942
2016-09-06,GMFIL,350,371,357,361,345,126010
2016-09-08,GMFIL,361,368,355,355,729,261082
2016-09-11,GMFIL,355,348,338,338,2129,733502
2016-09-12,GMFIL,338,338,330,330,1500,500500
2016-09-18,GMFIL,330,325,325,325,200,65000
2016-09-20,GMFIL,325,319,313,313,290,92270
2016-09-21,GMFIL,313,314,302,314,3050,935900
2016-09-22,GMFIL,314,320,312,312,1695,531370
2016-09-25,GMFIL,312,310,306,306,756,232396
2016-09-28,GMFIL,306,300,300,300,300,90000
2016-09-29,GMFIL,300,306,306,306,10,3060
2016-10-03,GMFIL,306,305,305,305,100,30500
2016-10-05,GMFIL,305,311,305,311,310,94610
2016-10-06,GMFIL,311,323,317,323,430,136430
2016-10-16,GMFIL,323,329,329,329,10,3290
2016-10-17,GMFIL,329,336,330,330,150,49800
2016-10-18,GMFIL,330,336,308,310,510,163440
2016-10-20,GMFIL,308,320,314,320,20,6340
2016-10-23,GMFIL,320,326,315,326,679,219745
2016-10-24,GMFIL,326,321,320,320,250,80150
2016-10-25,GMFIL,320,320,314,320,243,76560
2016-10-26,GMFIL,320,326,320,326,1500,485200
2016-10-27,GMFIL,326,320,315,315,410,130150
2016-11-07,GMFIL,315,309,303,303,1049,323361
2016-11-08,GMFIL,303,303,297,297,700,210900
2016-11-09,GMFIL,297,295,295,295,540,159300
2016-11-10,GMFIL,295,305,300,305,1550,468300
2016-11-13,GMFIL,305,305,301,301,1100,333100
2016-11-14,GMFIL,301,300,295,300,510,152500
2016-11-15,GMFIL,300,300,295,295,1550,461100
2016-11-16,GMFIL,295,295,286,291,2540,739840
2016-11-17,GMFIL,291,287,286,286,1050,300550
2016-11-20,GMFIL,286,281,281,281,100,28100
2016-11-21,GMFIL,281,281,270,270,1659,453054
2016-11-23,GMFIL,270,275,273,275,500,136700
2016-11-24,GMFIL,275,275,270,275,700,189800
2016-11-27,GMFIL,275,270,265,270,650,175250
2016-11-28,GMFIL,270,265,260,260,930,242800
2016-12-01,GMFIL,260,260,260,260,100,26000
2016-12-04,GMFIL,260,265,265,265,100,26500
2016-12-05,GMFIL,265,290,270,285,520,148000
2016-12-06,GMFIL,285,284,284,284,100,28400
2016-12-07,GMFIL,284,279,279,279,74,20646
2016-12-11,GMFIL,279,274,274,274,150,41100
2016-12-14,GMFIL,274,278,278,278,100,27800
2016-12-15,GMFIL,278,283,281,281,876,247788
2016-12-19,GMFIL,281,278,278,278,20,5560
2016-12-22,GMFIL,248,252,250,252,750,187900
2016-12-26,GMFIL,252,247,227,227,900,210300
2016-12-27,GMFIL,227,229,225,229,900,203300
2017-01-02,GMFIL,229,230,230,230,156,35880
2017-01-05,GMFIL,230,228,224,224,300,67600
2017-01-08,GMFIL,224,225,225,225,70,15750
2017-01-09,GMFIL,225,226,223,226,5150,1158550
2017-01-12,GMFIL,226,224,222,224,850,189200
2017-01-15,GMFIL,224,228,228,228,500,114000
2017-01-16,GMFIL,228,234,230,230,716,165144
2017-01-17,GMFIL,230,238,230,238,775,181730
2017-01-18,GMFIL,238,240,234,234,750,177060
2017-01-22,GMFIL,234,238,227,227,550,127600
2017-01-23,GMFIL,227,231,224,224,2306,522770
2017-01-24,GMFIL,224,220,212,212,940,204540
2017-01-25,GMFIL,212,209,204,204,400,83000
2017-01-26,GMFIL,204,204,200,204,296,60000
2017-01-30,GMFIL,204,201,198,198,261,52077
2017-01-31,GMFIL,198,200,200,200,80,16000
2017-02-01,GMFIL,200,204,196,196,1840,368750
2017-02-02,GMFIL,196,208,199,208,1810,368590
2017-02-05,GMFIL,208,206,204,206,258,52992
2017-02-06,GMFIL,206,210,206,206,250,51900
2017-02-07,GMFIL,206,205,195,195,3710,738425
2017-02-08,GMFIL,195,198,198,198,20,3960
2017-02-09,GMFIL,198,198,195,195,155,30255
2017-02-12,GMFIL,195,201,198,201,650,129120
2017-02-13,GMFIL,201,205,198,205,990,200580
2017-02-14,GMFIL,205,209,200,208,1850,374060
2017-02-15,GMFIL,208,210,206,209,450,93200
2017-02-16,GMFIL,209,221,213,220,1680,365060
2017-02-19,GMFIL,220,224,216,220,710,153840
2017-02-20,GMFIL,220,224,220,220,340,74960
2017-02-22,GMFIL,220,216,216,216,108,23328
2017-02-26,GMFIL,216,212,212,212,200,42400
2017-02-28,GMFIL,212,208,200,200,560,115120
2017-03-01,GMFIL,200,200,196,200,653,129947
2017-03-05,GMFIL,200,197,193,193,1900,371700
2017-03-06,GMFIL,193,196,190,190,2000,388000
2017-03-09,GMFIL,190,202,193,202,510,102720
2017-03-13,GMFIL,202,198,198,198,500,99000
2017-03-14,GMFIL,198,199,196,199,262,51922
2017-03-15,GMFIL,199,196,196,196,100,19600
2017-03-16,GMFIL,196,196,196,196,1196,234416
2017-03-19,GMFIL,196,213,199,213,1477,301696
2017-03-20,GMFIL,213,221,215,219,1123,245663
2017-03-21,GMFIL,219,221,217,217,110,23910
2017-03-22,GMFIL,217,236,217,232,1131,250470
2017-03-23,GMFIL,232,228,224,224,110,25040
2017-03-26,GMFIL,224,229,224,224,2770,626580
2017-03-28,GMFIL,224,232,223,231,3860,883620
2017-03-29,GMFIL,231,236,223,222,12476,2864472
2017-03-30,GMFIL,222,224,220,224,2199,490167
2017-04-02,GMFIL,224,232,220,232,2892,659473
2017-04-03,GMFIL,232,252,236,252,3620,894160
2017-04-04,GMFIL,252,257,243,243,230,57110
2017-04-06,GMFIL,243,247,247,247,10,2470
2017-04-10,GMFIL,247,245,223,241,2200,528768
2017-04-11,GMFIL,241,237,232,235,5770,1354750
2017-04-12,GMFIL,235,258,235,258,24807,6148731
2017-04-13,GMFIL,258,268,250,263,4410,1150300
2017-04-16,GMFIL,263,260,250,250,3250,829550
2017-04-18,GMFIL,250,255,245,253,2598,654420
2017-04-19,GMFIL,253,278,258,278,12110,3327125
2017-04-20,GMFIL,278,281,273,278,7676,2136298
2017-04-23,GMFIL,278,289,283,289,1410,401490
2017-04-24,GMFIL,289,294,274,274,3190,912870
2017-04-25,GMFIL,274,300,279,289,14060,4068640
2017-04-26,GMFIL,289,300,284,294,9594,2770416
2017-04-27,GMFIL,294,294,280,281,8360,2402900
2017-04-30,GMFIL,281,285,272,275,2768,762943
2017-05-02,GMFIL,275,290,275,285,6011,1705793
2017-05-03,GMFIL,285,300,281,290,8500,2431900
2017-05-04,GMFIL,290,295,285,290,5595,1607100
2017-05-07,GMFIL,290,285,280,280,2000,560750
2017-05-08,GMFIL,280,287,277,277,3710,1033350
2017-05-09,GMFIL,277,287,277,287,1248,351881
2017-05-11,GMFIL,287,285,280,280,4300,1210680
2017-05-15,GMFIL,280,285,271,271,3124,866464
2017-05-16,GMFIL,271,280,275,280,2136,591500
2017-05-17,GMFIL,280,282,278,278,310,86625
2017-05-18,GMFIL,278,283,276,280,4474,1252904
2017-05-21,GMFIL,280,275,270,270,364,98974
2017-05-22,GMFIL,270,275,270,275,1400,383000
2017-05-23,GMFIL,275,272,265,272,298,80595
2017-05-24,GMFIL,272,277,268,277,92,24796
2017-05-28,GMFIL,277,282,272,272,504,140364
2017-05-30,GMFIL,272,270,270,270,90,24300
2017-05-31,GMFIL,270,270,263,263,1254,332194
2017-06-01,GMFIL,263,272,268,268,1029,276930
2017-06-04,GMFIL,268,273,264,264,4035,1073290
2017-06-05,GMFIL,264,264,261,264,1081,282405
2017-06-06,GMFIL,264,274,265,274,420,112962
2017-06-07,GMFIL,274,279,265,265,460,123990
2017-06-08,GMFIL,265,261,261,261,168,43848
2017-06-11,GMFIL,261,266,260,266,406,105979
2017-06-13,GMFIL,266,269,264,265,1440,381260
2017-06-14,GMFIL,265,270,265,270,250,66300
2017-06-15,GMFIL,270,275,270,275,310,84250
2017-06-18,GMFIL,275,280,270,270,972,263600
2017-06-19,GMFIL,270,265,260,260,125,32625
2017-06-20,GMFIL,260,265,260,265,154,40324
2017-06-21,GMFIL,265,263,255,260,909,234157
2017-06-22,GMFIL,260,265,255,264,737,190980
2017-06-25,GMFIL,264,259,259,259,68,17612
2017-06-27,GMFIL,259,269,259,260,850,221150
2017-06-28,GMFIL,260,257,253,253,583,149491
2017-07-02,GMFIL,253,258,258,258,100,25800
2017-07-03,GMFIL,258,268,254,254,670,174212
2017-07-04,GMFIL,254,264,254,264,195,49780
2017-07-05,GMFIL,264,268,263,264,80,21100
2017-07-06,GMFIL,264,269,262,265,230,60610
2017-07-09,GMFIL,265,270,260,260,810,211500
2017-07-10,GMFIL,260,265,258,265,1821,474003
2017-07-11,GMFIL,265,268,263,268,18872,4968119
2017-07-12,GMFIL,268,270,265,265,15541,3681921
2017-07-13,GMFIL,265,267,262,267,1777,465664
2017-07-16,GMFIL,267,267,262,267,300,79100
2017-07-17,GMFIL,267,274,263,274,422,113762
2017-07-18,GMFIL,274,275,270,270,1697,463557
2017-07-19,GMFIL,270,275,275,275,10,2750
2017-07-20,GMFIL,275,280,271,275,230,62500
2017-07-23,GMFIL,275,279,274,274,360,98690
2017-07-24,GMFIL,274,274,269,273,215,58310
2017-07-25,GMFIL,273,278,278,278,11,3058
2017-07-26,GMFIL,278,283,283,283,11,3113
2017-07-30,GMFIL,283,288,283,283,1150,326200
2017-07-31,GMFIL,283,280,275,279,120,33090
2017-08-01,GMFIL,279,284,266,266,1023,278382
2017-08-02,GMFIL,266,271,261,269,1084,286324
2017-08-03,GMFIL,269,274,269,269,110,29640
2017-08-06,GMFIL,269,275,265,275,552,148822
2017-08-07,GMFIL,275,280,266,270,2816,772623
2017-08-09,GMFIL,270,275,265,270,1730,464250
2017-08-10,GMFIL,270,270,270,270,200,54000
2017-08-13,GMFIL,270,270,265,270,2695,720750
2017-08-15,GMFIL,270,274,274,274,40,10960
2017-08-16,GMFIL,274,271,265,269,1068,287160
2017-08-17,GMFIL,269,265,265,265,68,18020
2017-08-20,GMFIL,265,262,257,261,8640,2223440
2017-08-21,GMFIL,261,270,266,270,510,136660
2017-08-23,GMFIL,270,275,275,275,50,13750
2017-08-24,GMFIL,275,280,275,275,500,138075
2017-08-27,GMFIL,275,272,270,272,755,204758
2017-08-28,GMFIL,272,272,267,267,1007,271604
2017-08-30,GMFIL,267,263,262,263,522,137230
2017-09-04,GMFIL,263,263,262,262,282,74016
2017-09-06,GMFIL,262,266,259,266,6349,1650649
2017-09-10,GMFIL,266,261,261,261,200,52200
2017-09-11,GMFIL,261,257,252,257,336,85352
2017-09-12,GMFIL,257,257,250,255,3300,836600
2017-09-13,GMFIL,255,257,256,257,88,22578
2017-09-14,GMFIL,257,265,256,260,622,161152
2017-09-17,GMFIL,260,264,254,264,5049,1288044
2017-09-18,GMFIL,264,260,250,255,18318,4621474
2017-09-20,GMFIL,255,258,250,250,300,75950
2017-09-24,GMFIL,250,255,255,255,30,7650
2017-09-25,GMFIL,255,270,260,260,200,52200
2017-09-26,GMFIL,260,264,259,262,910,236340
2017-10-03,GMFIL,262,270,262,270,421,111232
2017-10-04,GMFIL,270,270,270,270,700,189000
2017-10-08,GMFIL,270,265,260,260,13141,3481865
2017-10-09,GMFIL,260,262,250,255,3544,901140
2017-10-10,GMFIL,255,251,250,251,664,166300
2017-10-11,GMFIL,251,256,246,250,7624,1894224
2017-10-12,GMFIL,250,252,248,248,10956,2738290
2017-10-15,GMFIL,206,210,195,195,1570,314990
2017-10-16,GMFIL,195,198,198,198,1000,198000
2017-10-17,GMFIL,198,201,198,200,434,86682
2017-10-22,GMFIL,200,204,204,204,100,20400
2017-10-23,GMFIL,204,208,205,206,809,167552
2017-10-24,GMFIL,206,210,202,210,820,169670
2017-10-25,GMFIL,210,206,202,202,500,102000
2017-10-30,GMFIL,202,210,206,206,140,28960
2017-10-31,GMFIL,206,202,198,200,222,44604
2017-11-01,GMFIL,200,196,195,195,336,65640
2017-11-06,GMFIL,195,198,198,198,35,6930
2017-11-07,GMFIL,198,195,195,195,10,1950
2017-11-08,GMFIL,195,192,192,192,500,96000
2017-11-09,GMFIL,192,189,189,189,200,37800
2017-11-12,GMFIL,189,188,183,185,5497,1015731
2017-11-13,GMFIL,185,191,188,191,400,75500
2017-11-14,GMFIL,191,197,189,197,276,53562
2017-11-15,GMFIL,197,198,195,198,719,141273
2017-11-16,GMFIL,198,195,195,195,200,39000
2017-11-19,GMFIL,195,195,192,192,120,23310
2017-11-20,GMFIL,192,190,190,190,151,28690
2017-11-21,GMFIL,190,187,187,187,500,93500
2017-11-23,GMFIL,187,190,190,190,2000,380000
2017-11-26,GMFIL,190,193,190,190,5428,1040122
2017-11-27,GMFIL,190,196,190,196,2078,400160
2017-11-28,GMFIL,196,193,193,193,500,96500
2017-11-29,GMFIL,193,192,192,192,2000,384000
2017-11-30,GMFIL,192,195,195,195,10,1950
2017-12-04,GMFIL,195,193,193,193,100,19300
2017-12-05,GMFIL,193,190,190,190,135,25650
2017-12-06,GMFIL,190,194,188,194,557,105466
2017-12-10,GMFIL,194,193,193,193,200,38600
2017-12-14,GMFIL,193,190,190,190,200,38000
2017-12-17,GMFIL,190,189,183,183,8110,1493830
2017-12-19,GMFIL,183,186,186,186,200,37200
2017-12-20,GMFIL,186,184,184,184,1000,184000
2017-12-21,GMFIL,184,187,187,187,500,93500
2017-12-24,GMFIL,187,193,190,190,860,163490
2017-12-26,GMFIL,190,190,190,190,250,47500
2017-12-28,GMFIL,190,193,192,192,327,63084
2017-12-31,GMFIL,192,190,189,189,720,136280
2018-01-01,GMFIL,189,192,191,192,240,45940
2018-01-02,GMFIL,192,195,192,195,105,20325
2018-01-03,GMFIL,168,166,166,166,20,3320
2018-01-07,GMFIL,166,163,160,160,200,32300
2018-01-08,GMFIL,160,163,163,163,500,81500
2018-01-09,GMFIL,163,166,165,165,571,94686
2018-01-10,GMFIL,165,168,168,168,50,8400
2018-01-16,GMFIL,168,168,165,165,350,57900
2018-01-17,GMFIL,165,162,162,162,150,24300
2018-01-22,GMFIL,162,164,161,161,54,8796
2018-01-24,GMFIL,161,158,156,156,168,26260
2018-01-25,GMFIL,156,155,151,151,4524,683624
2018-01-28,GMFIL,151,153,151,153,40,6060
2018-01-29,GMFIL,153,150,150,150,1500,225000
2018-01-31,GMFIL,150,153,153,153,100,15300
2018-02-01,GMFIL,153,156,156,156,20,3120
2018-02-05,GMFIL,156,153,147,147,1000,147570
2018-02-06,GMFIL,147,146,146,146,96,14016
2018-02-07,GMFIL,146,155,148,155,610,91110
2018-02-08,GMFIL,155,158,158,158,10,1580
2018-02-14,GMFIL,158,155,155,155,4000,620000
2018-02-15,GMFIL,155,161,155,161,2550,402930
2018-02-18,GMFIL,164,164,161,161,110,17890
2018-02-20,GMFIL,163,164,161,161,400,65050
2018-02-27,GMFIL,161,163,161,163,225,36365
2018-03-11,GMFIL,160,160,160,160,10,1600
2018-03-12,GMFIL,157,157,157,157,100,15700
2018-03-14,GMFIL,155,155,154,154,200,30900
2018-03-18,GMFIL,151,151,151,151,100,15100
2018-03-22,GMFIL,154,154,154,154,20,3080
2018-03-28,GMFIL,154,154,152,152,40,6120
2018-03-29,GMFIL,155,161,154,161,153,23962
2018-04-03,GMFIL,163,163,157,157,58,9286
2018-04-04,GMFIL,154,154,154,154,50,7700
2018-04-05,GMFIL,151,151,146,146,2134,315764
2018-04-08,GMFIL,148,155,148,155,1020,153058
2018-04-09,GMFIL,152,152,149,149,225,34125
2018-04-10,GMFIL,147,147,141,147,7683,1098585
2018-04-11,GMFIL,149,147,145,145,500,72540
2018-04-12,GMFIL,145,145,143,143,150,21550
2018-04-15,GMFIL,142,142,141,141,150,21250
2018-04-16,GMFIL,141,149,141,149,4172,610686
2018-04-17,GMFIL,151,154,151,151,1780,270090
2018-04-18,GMFIL,154,157,154,157,3000,467500
2018-04-19,GMFIL,157,157,154,156,5691,877734
2018-04-22,GMFIL,156,156,154,154,140,21640
2018-04-23,GMFIL,157,160,152,152,6750,1043150
2018-04-24,GMFIL,155,155,152,152,120,18540
2018-04-25,GMFIL,155,155,154,154,575,88650
2018-04-26,GMFIL,152,154,152,152,610,92840
2018-04-29,GMFIL,150,150,150,150,1206,180900
2018-05-02,GMFIL,153,154,152,154,332,50606
2018-05-03,GMFIL,154,154,154,154,400,61600
2018-05-07,GMFIL,151,151,150,150,361,54250
2018-05-08,GMFIL,148,148,143,143,1200,173550
2018-05-09,GMFIL,142,147,142,147,1400,202400
2018-05-10,GMFIL,149,151,149,151,700,105500
2018-05-14,GMFIL,148,150,147,147,625,92062
2018-05-21,GMFIL,147,147,147,147,459,67473
2018-05-22,GMFIL,145,145,145,145,250,36250
2018-05-24,GMFIL,143,143,142,142,930,132284
2018-05-27,GMFIL,140,140,140,140,800,112000
2018-05-28,GMFIL,142,142,142,142,20,2840
2018-06-04,GMFIL,140,140,140,140,236,33040
2018-06-07,GMFIL,139,139,139,139,280,38920
2018-06-10,GMFIL,139,139,137,137,3864,530274
2018-06-11,GMFIL,135,135,135,135,1000,135000
2018-06-12,GMFIL,133,133,133,133,49,6517
2018-06-13,GMFIL,131,131,131,131,44,5764
2018-06-24,GMFIL,129,129,129,129,361,46569
2018-06-25,GMFIL,130,130,130,130,50,6500
2018-06-26,GMFIL,128,128,125,125,2071,260588
2018-06-27,GMFIL,127,127,125,125,227,28415
2018-06-28,GMFIL,127,127,126,126,250,31600
2018-07-01,GMFIL,125,125,122,122,2078,255846
2018-07-02,GMFIL,124,128,124,128,140,17780
2018-07-05,GMFIL,130,132,130,132,90,11780
2018-07-08,GMFIL,130,130,130,130,1000,130000
2018-07-09,GMFIL,131,131,131,131,200,26200
2018-07-16,GMFIL,129,129,129,129,17,2193
2018-07-19,GMFIL,127,128,127,128,668,84872
2018-07-22,GMFIL,128,130,128,130,250,32100
2018-07-24,GMFIL,132,132,132,132,100,13200
2018-07-25,GMFIL,130,130,130,130,500,65000
2018-07-30,GMFIL,132,132,132,132,200,26400
2018-07-31,GMFIL,130,130,130,130,500,65000
2018-08-01,GMFIL,131,131,129,129,400,52000
2018-08-15,GMFIL,131,135,130,135,1090,141970
2018-08-16,GMFIL,136,136,134,134,30,4040
2018-08-21,GMFIL,136,136,136,136,12,1632
2018-08-29,GMFIL,135,135,135,135,200,27000
2018-08-30,GMFIL,133,133,133,133,200,26600
2018-09-03,GMFIL,135,135,135,135,100,13500
2018-09-04,GMFIL,135,135,131,133,2210,297434
2018-09-05,GMFIL,131,133,129,129,881,114949
2018-09-06,GMFIL,131,133,130,130,3378,443424
2018-09-09,GMFIL,130,130,130,130,50,6500
2018-09-10,GMFIL,129,131,129,131,923,119267
2018-09-11,GMFIL,129,129,127,127,1430,182610
2018-09-12,GMFIL,129,129,127,127,115,14635
2018-09-13,GMFIL,125,125,125,125,71,8875
2018-09-16,GMFIL,127,129,127,129,1020,129580
2018-09-18,GMFIL,127,128,125,126,7207,907125
2018-09-20,GMFIL,125,125,124,124,2096,260004
2018-09-25,GMFIL,126,130,126,130,350,44800
2018-09-26,GMFIL,132,132,130,130,1500,196000
2018-10-11,GMFIL,128,128,128,128,140,17920
2018-10-24,GMFIL,128,128,126,126,436,55716
2018-10-28,GMFIL,124,124,120,120,280,33928
2018-11-12,GMFIL,118,120,118,118,390,46020
2018-11-13,GMFIL,117,118,116,116,480,55780
2018-11-15,GMFIL,118,120,118,120,3066,367788
2018-11-19,GMFIL,122,124,120,124,4421,539862
2018-11-21,GMFIL,124,124,123,123,65,8015
2018-11-22,GMFIL,123,123,123,123,200,24600
2018-11-25,GMFIL,121,121,119,119,1500,179500
2018-11-26,GMFIL,117,118,116,116,1710,200080
2018-11-27,GMFIL,114,114,114,114,5061,576954
2018-11-29,GMFIL,116,116,116,116,971,112636
2018-12-09,GMFIL,116,116,116,116,50,5800
2018-12-10,GMFIL,116,118,116,118,73,8488
2018-12-11,GMFIL,120,128,120,128,110,13740
2018-12-13,GMFIL,126,126,126,126,100,12600
2018-12-16,GMFIL,127,127,127,127,1000,127000
2018-12-17,GMFIL,129,129,128,128,30,3860
2018-12-26,GMFIL,130,130,130,130,10,1300
2018-12-27,GMFIL,132,132,132,132,100,13200
2019-01-07,GMFIL,130,130,130,130,10,1300
2019-01-10,GMFIL,130,130,130,130,90,11700
2019-01-13,GMFIL,132,132,130,130,40,5240
2019-01-22,GMFIL,128,128,128,128,350,44800
2019-02-11,GMFIL,126,126,126,126,2994,377244
2019-02-13,GMFIL,127,128,127,128,30,3829
2019-02-19,GMFIL,130,130,130,130,20,2600
2019-02-27,GMFIL,128,128,128,128,81,10368
2019-03-12,GMFIL,128,128,128,128,10,1280
2019-03-13,GMFIL,130,130,130,130,17,2210
2019-04-01,GMFIL,130,130,130,130,408,53040
2019-04-15,GMFIL,130,130,130,130,100,13000
2019-04-17,GMFIL,128,128,128,128,20,2560
2019-04-25,GMFIL,128,128,122,123,5820,732065
2019-04-28,GMFIL,125,127,125,126,4699,591395
2019-04-29,GMFIL,128,128,128,128,114,14592
2019-04-30,GMFIL,128,130,126,130,1020,129800
2019-05-02,GMFIL,130,132,130,132,587,76822
2019-05-05,GMFIL,134,134,132,132,327,43204
2019-05-14,GMFIL,131,131,130,130,250,32650
2019-05-19,GMFIL,128,128,125,126,527,67339
2019-05-20,GMFIL,125,126,123,124,4559,566716
2019-05-21,GMFIL,126,130,126,126,950,122780
2019-05-22,GMFIL,124,129,124,129,525,66229
2019-05-23,GMFIL,131,131,127,127,1500,192900
2019-05-27,GMFIL,126,126,125,125,487,60975
2019-05-28,GMFIL,123,123,123,123,26,3198
2019-05-29,GMFIL,125,128,125,128,1263,159138
2019-05-30,GMFIL,126,132,126,132,1191,153994
2019-06-02,GMFIL,130,130,126,126,20310,2561870
2019-06-03,GMFIL,128,128,125,127,1152,146684
2019-06-04,GMFIL,126,133,121,133,23079,2959261
2019-06-06,GMFIL,133,133,129,132,2502,327272
2019-06-10,GMFIL,134,134,134,134,100,13400
2019-06-11,GMFIL,132,132,128,128,3350,432000
2019-06-12,GMFIL,126,126,124,124,10947,1363813
2019-06-13,GMFIL,126,128,125,125,511,64585
2019-06-16,GMFIL,124,124,122,122,1804,222988
2019-06-18,GMFIL,124,125,124,125,439,54865
2019-06-19,GMFIL,123,123,123,123,81,9963
2019-06-20,GMFIL,125,127,125,127,1995,252845
2019-07-01,GMFIL,125,125,124,124,324,40196
2019-07-02,GMFIL,123,123,123,123,300,36900
2019-07-03,GMFIL,125,127,125,127,150,18850
2019-07-04,GMFIL,125,125,125,125,10,1250
2019-07-07,GMFIL,124,124,124,124,126,15624
2019-07-08,GMFIL,123,126,123,126,642,80212
2019-07-09,GMFIL,125,127,124,127,18124,2250140
2019-07-10,GMFIL,126,126,125,125,273,34225
2019-07-11,GMFIL,124,127,123,127,16405,2019170
2019-07-14,GMFIL,125,125,125,125,21,2625
2019-07-16,GMFIL,131,131,131,131,10,1310
2019-07-17,GMFIL,129,129,129,129,50,6450
2019-07-18,GMFIL,131,131,131,131,250,32750
2019-07-22,GMFIL,129,129,128,128,520,67060
2019-07-23,GMFIL,128,128,128,128,50,6400
2019-07-25,GMFIL,128,129,128,129,750,96250
2019-07-29,GMFIL,129,129,129,129,80,10320
2019-07-30,GMFIL,127,127,125,125,364,45622
2019-07-31,GMFIL,127,129,127,129,620,78780
2019-08-01,GMFIL,127,127,123,125,2005,248215
2019-08-04,GMFIL,127,130,127,130,394,50370
2019-08-05,GMFIL,132,132,131,131,70,9190
2019-08-06,GMFIL,130,130,130,130,60,7800
2019-08-11,GMFIL,128,128,128,128,50,6400
2019-08-12,GMFIL,126,126,124,124,970,121550
2019-08-14,GMFIL,123,124,121,121,3131,382761
2019-08-15,GMFIL,119,119,119,119,500,59500
2019-08-19,GMFIL,117,118,116,116,2973,347308
2019-08-20,GMFIL,115,119,115,119,536,62838
2019-08-22,GMFIL,121,121,121,121,100,12100
2019-09-02,GMFIL,119,119,119,119,190,22610
2019-09-03,GMFIL,117,119,117,119,110,12890
2019-09-04,GMFIL,120,120,120,120,70,8400
2019-09-05,GMFIL,118,118,118,118,140,16520
2019-09-08,GMFIL,116,116,116,116,44,5104
2019-09-09,GMFIL,116,117,115,117,1620,187440
2019-09-10,GMFIL,115,115,115,115,10,1150
2019-09-11,GMFIL,117,119,117,119,1010,118190
2019-09-12,GMFIL,121,121,119,119,210,25010
2019-09-15,GMFIL,117,117,117,117,100,11700
2019-09-17,GMFIL,119,119,119,119,20,2380
2019-09-18,GMFIL,118,118,117,117,316,37272
2019-09-22,GMFIL,115,115,115,115,100,11500
2019-09-23,GMFIL,113,115,113,115,287,32831
2019-09-24,GMFIL,114,116,114,116,600,68600
2019-09-25,GMFIL,116,116,116,116,360,41760
2019-09-30,GMFIL,116,116,116,116,163,18908
2019-10-15,GMFIL,114,114,114,114,10,1140
2019-10-16,GMFIL,112,112,112,112,10,1120
2019-10-17,GMFIL,112,115,112,115,612,69156
2019-10-20,GMFIL,117,117,117,117,120,14040
2019-10-22,GMFIL,115,115,114,114,783,89345
2019-10-24,GMFIL,116,119,116,118,262,30876
2019-10-31,GMFIL,116,116,116,116,100,11600
2019-11-03,GMFIL,115,115,113,113,800,90750
2019-11-04,GMFIL,115,115,115,115,262,30130
2019-11-05,GMFIL,113,113,113,113,300,33900
2019-11-06,GMFIL,115,115,115,115,36,4140
2019-11-10,GMFIL,116,116,115,115,31,3575
2019-11-12,GMFIL,115,116,114,114,637,73192
2019-11-17,GMFIL,115,115,114,115,126,14440
2019-11-18,GMFIL,117,117,115,115,450,51850
2019-11-19,GMFIL,116,116,114,114,1000,114600
2019-11-21,GMFIL,114,114,114,114,243,27702
2019-11-24,GMFIL,112,112,112,112,510,57120
2019-11-25,GMFIL,111,114,111,114,111,12507
2019-11-26,GMFIL,112,112,112,112,144,16128
2019-11-27,GMFIL,113,113,113,113,227,25651
2019-12-01,GMFIL,113,113,112,112,810,91520
2019-12-03,GMFIL,112,112,112,112,5000,560000
2019-12-04,GMFIL,112,112,112,112,4050,453600
2019-12-05,GMFIL,112,112,112,112,1210,135520
2019-12-08,GMFIL,112,112,112,112,415,46480
2019-12-09,GMFIL,113,113,111,113,2750,308054
2019-12-10,GMFIL,112,114,112,114,350,39300
2019-12-11,GMFIL,116,116,116,116,20,2320
2019-12-12,GMFIL,114,114,112,112,20,2260
2019-12-15,GMFIL,114,116,114,116,100,11520
2019-12-17,GMFIL,114,114,114,114,170,19380
2019-12-18,GMFIL,116,116,114,114,250,28800
2019-12-19,GMFIL,115,115,115,115,200,23000
2019-12-23,GMFIL,117,119,117,117,264,31016
2019-12-24,GMFIL,116,116,115,115,120,13900
2019-12-25,GMFIL,115,119,115,116,620,72260
2019-12-26,GMFIL,118,118,118,118,10,1180
2019-12-29,GMFIL,120,120,120,120,10,1200
2019-12-30,GMFIL,120,122,120,122,680,81640
2019-12-31,GMFIL,120,122,120,122,5120,617590
2020-01-01,GMFIL,124,126,124,124,80,9940
2020-01-02,GMFIL,122,122,120,120,400,48600
2020-01-06,GMFIL,119,121,117,117,16134,1899036
2020-01-07,GMFIL,115,116,115,116,872,100806
2020-01-08,GMFIL,116,118,115,118,5345,624975
2020-01-09,GMFIL,120,120,119,120,4976,595964
2020-01-12,GMFIL,122,122,120,121,3000,363400
2020-01-13,GMFIL,123,130,121,130,2175,268061
2020-01-14,GMFIL,128,132,124,132,11550,1482580
2020-01-15,GMFIL,134,136,132,135,6381,851108
2020-01-16,GMFIL,137,143,137,141,9658,1339576
2020-01-19,GMFIL,143,155,139,155,13140,1884585
2020-01-20,GMFIL,152,152,145,145,750,110550
2020-01-21,GMFIL,143,143,143,143,600,85800
2020-01-22,GMFIL,145,145,143,143,200010,28601450
2020-01-23,GMFIL,142,142,135,139,11100,1507585
2020-01-26,GMFIL,141,141,139,139,30,4210
2020-01-27,GMFIL,141,141,137,138,1380,189480
2020-01-28,GMFIL,140,140,128,132,8172,1070854
2020-01-29,GMFIL,134,137,134,137,140,19030
2020-01-30,GMFIL,139,139,139,139,10,1390
2020-02-02,GMFIL,141,141,132,132,225523,29996940
2020-02-03,GMFIL,131,134,128,132,9312,1220364
2020-02-04,GMFIL,130,135,130,131,11386,1517614
2020-02-05,GMFIL,133,136,133,136,3891,522935
2020-02-06,GMFIL,135,135,135,135,240,32400
2020-02-09,GMFIL,137,137,129,131,1040,139280
2020-02-10,GMFIL,130,131,129,131,1500,195000
2020-02-11,GMFIL,133,135,130,130,2911,388690
2020-02-12,GMFIL,132,136,132,134,1481,199432
2020-02-13,GMFIL,136,140,136,140,2010,277380
2020-02-16,GMFIL,138,138,133,135,1930,259140
2020-02-17,GMFIL,136,137,132,136,4056,544542
2020-02-18,GMFIL,138,140,131,131,5722,768468
2020-02-19,GMFIL,132,135,130,135,2526,332768
2020-02-20,GMFIL,134,135,132,135,2778,370684
2020-02-23,GMFIL,137,146,137,146,6048,854325
2020-02-24,GMFIL,148,149,135,135,10899,1500717
2020-02-25,GMFIL,135,140,135,140,720,100670
2020-02-26,GMFIL,140,150,140,140,23978,3399128
2020-02-27,GMFIL,140,142,135,140,18223,2526442
2020-03-01,GMFIL,142,142,137,140,19983,2779479
2020-03-02,GMFIL,138,139,134,139,6152,840880
2020-03-03,GMFIL,141,141,138,140,1580,219560
2020-03-04,GMFIL,138,139,136,139,4665,638175
2020-03-05,GMFIL,141,141,136,139,3240,446188
2020-03-10,GMFIL,137,139,137,139,254,34838
2020-03-11,GMFIL,141,143,137,143,3471,483239
2020-03-12,GMFIL,141,141,135,135,3485,484055
2020-03-15,GMFIL,133,134,131,134,2550,334600
2020-03-16,GMFIL,132,132,130,132,3296,430666
2020-03-17,GMFIL,132,132,122,124,2525,318464
2020-03-18,GMFIL,122,124,120,124,1865,224828
2020-03-19,GMFIL,122,128,118,128,14262,1687074
2020-03-22,GMFIL,126,126,116,116,60,7260
2020-05-12,GMFIL,114,114,114,114,10,1140
2020-06-29,GMFIL,112,112,112,112,440,49280
2020-07-01,GMFIL,110,110,110,110,50,5500
2020-07-02,GMFIL,111,111,111,111,715,79365
2020-07-05,GMFIL,111,111,111,111,810,89910
2020-07-06,GMFIL,112,113,112,113,1200,135400
2020-07-07,GMFIL,115,124,115,124,365,44560
2020-07-09,GMFIL,126,134,126,133,4360,570550
2020-07-12,GMFIL,131,131,126,127,307,39232
2020-07-13,GMFIL,125,125,125,125,162,20250
2020-07-14,GMFIL,124,125,121,125,5404,658550
2020-07-15,GMFIL,127,127,123,123,2812,348916
2020-07-16,GMFIL,125,128,125,128,1229,156778
2020-07-20,GMFIL,128,128,127,127,800,101800
2020-07-21,GMFIL,125,126,123,123,490,61280
2020-07-22,GMFIL,121,125,121,123,3257,405191
2020-07-23,GMFIL,121,125,121,122,742,91436
2020-07-26,GMFIL,124,127,124,125,881,110395
2020-07-27,GMFIL,123,123,121,122,3227,392306
2020-07-28,GMFIL,120,126,120,126,40,4920
2020-07-29,GMFIL,128,130,124,124,390,49300
2020-07-30,GMFIL,124,125,122,125,2129,261129
2020-08-02,GMFIL,123,124,121,124,1117,136465
2020-08-03,GMFIL,122,124,122,124,757,92874
2020-08-05,GMFIL,122,122,120,122,467,56914
2020-08-06,GMFIL,122,122,120,120,162,19480
2020-08-09,GMFIL,120,128,120,124,276,34000
2020-08-10,GMFIL,126,126,122,122,50,6140
2020-08-11,GMFIL,124,128,123,128,3810,474702
2020-08-12,GMFIL,126,126,123,123,5850,725450
2020-08-13,GMFIL,121,123,121,122,2764,337024
2020-08-16,GMFIL,124,128,124,124,750,94300
2020-08-17,GMFIL,123,125,121,124,8297,1011214
2020-08-18,GMFIL,122,122,122,122,10,1220
2020-08-19,GMFIL,121,123,121,123,1326,161124
2020-08-20,GMFIL,121,125,119,125,1486,179984
2020-08-23,GMFIL,123,123,121,123,1534,187046
2020-08-24,GMFIL,122,122,121,122,1500,182100
2020-08-25,GMFIL,124,127,124,127,940,116630
2020-08-26,GMFIL,128,128,122,122,6260,768560
2020-08-27,GMFIL,124,124,121,123,4182,508804
2020-08-30,GMFIL,124,126,124,126,46,5744
2020-08-31,GMFIL,128,128,123,123,4330,534540
2020-09-02,GMFIL,123,129,123,129,5813,733718
2020-09-03,GMFIL,135,135,127,129,757,98356
2020-09-06,GMFIL,135,135,127,129,6154,810288
2020-09-07,GMFIL,127,127,125,126,1870,235657
2020-09-08,GMFIL,125,128,125,128,2921,371921
2020-09-09,GMFIL,128,130,128,128,811,103930
2020-09-10,GMFIL,122,131,122,130,663,84482
2020-09-13,GMFIL,132,132,130,130,128,16680
2020-09-14,GMFIL,132,132,126,129,384,48856
2020-09-15,GMFIL,135,135,125,130,1975,253155
2020-09-16,GMFIL,130,134,128,132,4945,647348
2020-09-17,GMFIL,134,145,132,145,47279,6766229
2020-09-20,GMFIL,152,159,152,158,66367,10545163
2020-09-21,GMFIL,161,168,149,159,52486,8385056
2020-09-22,GMFIL,160,160,153,154,24648,3811523
2020-09-23,GMFIL,152,154,145,154,20438,3061264
2020-09-24,GMFIL,152,165,151,159,19506,3057708
2020-09-27,GMFIL,158,171,158,165,18362,3039599
2020-09-28,GMFIL,168,172,164,169,19625,3306196
2020-09-29,GMFIL,169,170,163,165,12259,2031167
2020-09-30,GMFIL,165,166,159,163,18351,2959856
2020-10-01,GMFIL,165,166,159,163,11386,1839544
2020-10-04,GMFIL,171,171,163,166,17108,2848293
2020-10-05,GMFIL,163,164,162,164,13588,2209674
2020-10-06,GMFIL,164,167,164,164,12680,2096220
2020-10-07,GMFIL,167,176,163,170,25349,4249756
2020-10-08,GMFIL,173,187,173,185,43582,7947201
2020-10-11,GMFIL,188,195,178,187,42335,7883324
2020-10-12,GMFIL,187,187,176,178,23517,4210898
2020-10-13,GMFIL,176,184,175,180,15034,2684179
2020-10-14,GMFIL,187,187,175,177,3592,638601
2020-10-15,GMFIL,176,177,169,175,8567,1474019
2020-10-18,GMFIL,172,172,169,169,4830,820110
2020-10-19,GMFIL,172,174,172,173,1952,336446
2020-10-20,GMFIL,176,176,171,173,10609,1840957
2020-10-21,GMFIL,176,179,173,177,9162,1612799
2020-10-22,GMFIL,178,187,176,182,35106,6377826
2020-10-28,GMFIL,191,191,182,188,19038,3576573
2020-10-29,GMFIL,197,197,183,185,13195,2447800
2020-11-01,GMFIL,194,194,180,183,15345,2818228
2020-11-02,GMFIL,185,190,181,185,17980,3312490
2020-11-03,GMFIL,188,188,184,185,1715,321220
2020-11-04,GMFIL,188,191,180,184,4280,782380
2020-11-05,GMFIL,193,193,180,182,15651,2838917
2020-11-08,GMFIL,185,185,181,183,5934,1080414
2020-11-09,GMFIL,192,192,179,183,6630,1211279
2020-11-10,GMFIL,186,194,183,184,157014,29113840
2020-11-11,GMFIL,187,190,185,188,24268,4563886
2020-11-12,GMFIL,191,195,188,195,49845,9601548
2020-11-18,GMFIL,192,205,190,202,40851,8065631
2020-11-19,GMFIL,203,205,199,202,38312,7752850
2020-11-22,GMFIL,204,206,197,203,28010,5604362
2020-11-23,GMFIL,199,203,199,201,31908,6397922
2020-11-24,GMFIL,205,205,198,200,20835,4176330
2020-11-25,GMFIL,201,206,200,206,27223,5503677
2020-11-26,GMFIL,203,208,200,201,29572,5985687
2020-11-29,GMFIL,197,220,197,208,14588,3031923
2020-11-30,GMFIL,212,212,206,207,9757,2035308
2020-12-01,GMFIL,203,207,196,204,4870,999370
2020-12-02,GMFIL,201,208,200,202,12191,2481891
2020-12-03,GMFIL,200,206,198,199,9998,1990369
2020-12-06,GMFIL,200,200,192,195,3900,765660
2020-12-07,GMFIL,195,196,193,193,8177,1587691
2020-12-08,GMFIL,193,195,190,190,6933,1329716
2020-12-09,GMFIL,193,193,189,191,3626,689896
2020-12-10,GMFIL,200,210,198,200,23129,4668756
2020-12-13,GMFIL,204,210,204,206,18581,3834911
2020-12-14,GMFIL,206,206,203,205,9001,1836544
2020-12-15,GMFIL,209,213,203,204,19197,3958961
2020-12-16,GMFIL,204,204,201,203,8616,1748628
2020-12-17,GMFIL,200,204,199,204,16752,3353589
2020-12-20,GMFIL,202,202,198,202,6260,1249350
2020-12-21,GMFIL,198,198,192,198,3351,659275
2020-12-22,GMFIL,200,210,200,209,14588,2991230
2020-12-23,GMFIL,213,213,200,206,6842,1393250
2020-12-24,GMFIL,204,204,198,200,4086,817638
2020-12-27,GMFIL,197,204,196,199,3420,680310
2020-12-28,GMFIL,198,203,198,200,3822,766400
2020-12-29,GMFIL,198,202,198,198,2992,597088
2020-12-30,GMFIL,196,201,196,198,860,170020
2020-12-31,GMFIL,196,200,196,198,1744,347030
2021-01-03,GMFIL,201,205,199,204,13107,2627360
2021-01-04,GMFIL,206,212,205,208,30506,6324751
2021-01-05,GMFIL,196,199,191,191,3420,668815
2021-01-06,GMFIL,194,200,188,188,1973,375596
2021-01-07,GMFIL,185,191,184,186,13553,2536394
2021-01-10,GMFIL,185,193,184,192,5018,941548
2021-01-11,GMFIL,193,195,190,191,3242,624885
2021-01-12,GMFIL,192,194,191,191,4255,816425
2021-01-13,GMFIL,194,199,193,193,7585,1480350
2021-01-17,GMFIL,196,203,193,203,35884,7025475
2021-01-18,GMFIL,207,218,207,214,18626,3953532
2021-01-19,GMFIL,210,212,202,212,26680,5507256
2021-01-20,GMFIL,210,227,209,224,31135,6837247
2021-01-21,GMFIL,230,230,213,225,20204,4425218
2021-01-24,GMFIL,228,228,218,223,13993,3116834
2021-01-25,GMFIL,228,228,219,220,18205,4051920
2021-01-26,GMFIL,218,220,215,216,7215,1565685
2021-01-27,GMFIL,216,225,213,218,9397,2042403
2021-01-28,GMFIL,222,222,209,209,14816,3154934
2021-01-31,GMFIL,205,213,201,207,7375,1521837
2021-02-01,GMFIL,206,215,206,211,8413,1763308
2021-02-02,GMFIL,215,220,214,215,7145,1548730
2021-02-03,GMFIL,211,215,208,210,11920,2523505
2021-02-04,GMFIL,210,210,207,210,2801,584364
2021-02-07,GMFIL,212,216,212,216,12521,2689163
2021-02-08,GMFIL,220,228,217,222,16874,3725376
2021-02-09,GMFIL,224,224,215,215,10490,2288734
2021-02-10,GMFIL,219,236,219,236,62890,14463253
2021-02-11,GMFIL,240,249,228,231,55887,13142277
2021-02-14,GMFIL,235,247,224,225,13637,3193165
2021-02-15,GMFIL,229,238,228,233,22791,5331099
2021-02-16,GMFIL,232,249,228,236,12900,3025281
2021-02-17,GMFIL,236,240,230,233,6229,1448220
2021-02-18,GMFIL,233,236,229,235,9993,2329792
2021-02-21,GMFIL,239,239,227,233,6875,1575161
2021-02-22,GMFIL,229,232,225,228,5242,1188865
2021-02-23,GMFIL,229,232,216,222,8780,1926363
2021-02-24,GMFIL,226,228,222,226,6460,1456880
2021-02-25,GMFIL,223,223,217,219,4562,1004919
2021-02-28,GMFIL,216,216,210,210,12129,2582517
2021-03-01,GMFIL,207,227,205,223,6458,1380549
2021-03-02,GMFIL,220,220,210,210,6473,1388124
2021-03-03,GMFIL,206,211,206,209,5987,1253476
2021-03-04,GMFIL,213,216,210,215,2495,531535
2021-03-07,GMFIL,214,219,212,212,656,140049
2021-03-09,GMFIL,212,215,211,211,1050,222760
2021-03-10,GMFIL,215,219,211,214,1407,303277
2021-03-14,GMFIL,211,212,208,210,2276,478079
2021-03-15,GMFIL,210,214,210,210,2299,483940
2021-03-16,GMFIL,214,214,210,210,1354,286377
2021-03-17,GMFIL,206,213,206,206,6790,1419520
2021-03-18,GMFIL,210,215,208,214,3593,760976
2021-03-21,GMFIL,214,214,213,214,4900,1047600
2021-03-22,GMFIL,212,215,210,215,6406,1351779
2021-03-23,GMFIL,219,219,211,211,3620,766560
2021-03-24,GMFIL,215,216,215,216,3697,796915
2021-03-25,GMFIL,212,214,212,213,1600,340450
2021-03-29,GMFIL,209,215,209,215,2700,573120
2021-03-30,GMFIL,218,218,213,215,595,127400
2021-03-31,GMFIL,213,215,211,215,3129,663084
2021-04-01,GMFIL,215,218,212,215,15133,3233742
2021-04-04,GMFIL,219,224,216,222,12832,2834313
2021-04-05,GMFIL,226,230,220,223,7823,1738056
2021-04-06,GMFIL,226,226,220,224,2082,461066
2021-04-07,GMFIL,222,230,220,227,23847,5384379
2021-04-08,GMFIL,238,241,228,238,38272,8976982
2021-04-12,GMFIL,238,243,233,239,33236,7971430
2021-04-13,GMFIL,235,251,235,251,32519,7861190
2021-04-15,GMFIL,251,265,251,254,41089,10653468
2021-04-18,GMFIL,258,263,244,245,31147,7697640
2021-04-19,GMFIL,242,249,242,242,10475,2558671
2021-04-20,GMFIL,240,259,240,255,22290,5616745
2021-04-21,GMFIL,260,264,245,252,16778,4234646
2021-04-22,GMFIL,250,262,245,254,11329,2861603
2021-04-25,GMFIL,249,249,239,239,7083,1705849
2021-04-26,GMFIL,235,247,223,227,9371,2173770
2021-04-27,GMFIL,231,249,231,242,7930,1927605
2021-04-28,GMFIL,246,246,236,238,2518,601710
2021-04-29,GMFIL,238,246,235,236,1896,448926
2021-05-02,GMFIL,237,240,235,238,9268,2194337
2021-05-03,GMFIL,242,242,234,235,7494,1768578
2021-05-04,GMFIL,235,239,235,235,2049,484485
2021-05-05,GMFIL,235,239,235,237,7653,1825477
2021-05-06,GMFIL,241,241,231,235,10890,2573514
2021-05-09,GMFIL,224,249,224,237,18355,4473532
2021-05-10,GMFIL,234,255,234,253,53424,13332324
2021-05-11,GMFIL,255,278,250,278,140619,38170894
2021-05-12,GMFIL,291,291,270,279,59890,16888528
2021-05-13,GMFIL,284,302,282,300,150098,44410091
2021-05-16,GMFIL,315,315,290,290,67625,19974553
2021-05-17,GMFIL,276,305,276,290,49924,14571217
2021-05-18,GMFIL,292,315,291,315,130827,40051370
2021-05-19,GMFIL,316,321,304,307,57578,17781335
2021-05-20,GMFIL,321,337,299,336,100914,32511731
2021-05-23,GMFIL,352,369,316,353,161946,55791731
2021-05-24,GMFIL,370,370,329,341,97691,32939768
2021-05-25,GMFIL,342,344,330,336,53162,17912662
2021-05-27,GMFIL,330,364,319,344,82561,28062610
2021-05-30,GMFIL,350,374,339,364,132321,47892675
2021-05-31,GMFIL,370,382,361,370,109477,40852176
2021-06-01,GMFIL,370,387,369,376,74196,28024536
2021-06-02,GMFIL,376,413,370,413,127204,51116995
2021-06-03,GMFIL,421,440,395,408,113965,48113879
2021-06-06,GMFIL,407,424,394,412,110795,44790020
2021-06-07,GMFIL,417,453,417,453,198744,89714559
2021-06-08,GMFIL,462,498,462,498,82494,41000539
2021-06-09,GMFIL,505,534,471,483,136658,67386022
2021-06-10,GMFIL,500,530,463,514,125711,60952437
2021-06-13,GMFIL,489,565,489,565,176750,97368810
2021-06-14,GMFIL,593,621,564,579,167991,100900257
2021-06-15,GMFIL,551,600,529,553,104726,59387971
2021-06-16,GMFIL,526,561,500,521,107295,56314005
2021-06-17,GMFIL,522,551,502,535,92139,48438854
2021-06-20,GMFIL,535,555,488,499,61931,31722991
2021-06-21,GMFIL,507,508,450,457,65761,30726369
2021-06-22,GMFIL,466,502,442,502,70245,34312730
2021-06-23,GMFIL,505,514,485,485,54834,27245166
2021-06-24,GMFIL,477,502,469,480,37456,17885596
2021-06-27,GMFIL,472,484,467,475,14528,6890989
2021-06-28,GMFIL,498,498,450,455,29570,13601934
2021-06-29,GMFIL,461,461,430,432,39307,17240813
2021-06-30,GMFIL,425,474,425,460,26095,11406419
2021-07-01,GMFIL,460,487,460,476,44621,21073356
2021-07-04,GMFIL,480,486,461,465,22095,10385668
2021-07-05,GMFIL,465,465,440,443,10709,4832713
2021-07-06,GMFIL,450,455,439,439,19449,8658449
2021-07-07,GMFIL,439,444,430,433,12278,5317135
2021-07-08,GMFIL,426,476,425,474,20837,9383628
2021-07-11,GMFIL,497,521,472,516,115681,58185585
2021-07-12,GMFIL,519,530,483,500,78637,39828556
2021-07-13,GMFIL,500,524,495,510,59017,30296683
2021-07-14,GMFIL,510,522,505,510,51382,26483788
2021-07-15,GMFIL,510,540,501,518,69518,36052557
2021-07-18,GMFIL,528,538,517,523,67965,35673903.7
2021-07-19,GMFIL,529,531,507,517,48739,25172384
2021-07-20,GMFIL,511,520,501,509,43792,22356409
2021-07-22,GMFIL,501,515,501,510,33485,17079562
2021-07-25,GMFIL,519,528,511,527,66813,34643689.8
2021-07-26,GMFIL,537,548,522,537,78618,42098028.1
2021-07-27,GMFIL,526.3,549,525,546,68104,36742834.6
2021-07-28,GMFIL,555,580,555,564,91959,52462256.5
2021-07-29,GMFIL,575,582,550,561,99325,55945207.7
2021-08-01,GMFIL,554,565,548,551,32524,18027956.2
2021-08-02,GMFIL,545,562,544,545,48344,26693460
2021-08-03,GMFIL,548,566,543,548,32033,17498891.5
2021-08-04,GMFIL,558,580.3,546.9,571,85745,48619893.5
2021-08-05,GMFIL,582.4,584,554.7,555,50979,28981729.5
2021-08-08,GMFIL,560,571,555,557,23147,13000904.9
2021-08-09,GMFIL,556,593,556,592,104987,60478321.1
2021-08-10,GMFIL,603.8,651.2,603.8,651.2,185479,120148944.7
2021-08-11,GMFIL,664.2,690.9,625,634,104183,66474880.5
2021-08-12,GMFIL,625,685,625,648,115026,74740046
2021-08-15,GMFIL,650,650,586.1,615,110689,67822561.8
2021-08-16,GMFIL,620,631.3,592,612,73144,44633567.1
2021-08-17,GMFIL,623,651,616,648,83596,53063811.3
2021-08-18,GMFIL,655,698,655,670,141082,95024412
2021-08-19,GMFIL,683.4,696,635,650,106086,70430684.5
2021-08-24,GMFIL,645,673,616,650,91963,60017658.2
2021-08-25,GMFIL,660,665,634,639,74498,48356099.6
2021-08-26,GMFIL,640,702.9,640,702.9,274575,190569525.8
2021-08-29,GMFIL,716.9,773,716.9,745,250878,189130006.2
2021-08-31,GMFIL,745,745,701,714.8,125830,90308033.3
2021-09-01,GMFIL,710,730,670,670,102774,71758867.5
2021-09-02,GMFIL,680,715,662,670,143557,97911843.5
2021-09-05,GMFIL,657,660,603,619,79014,48955112.7
2021-09-06,GMFIL,630,680.9,605.1,680.9,77097,50432914.9
2021-09-07,GMFIL,694.5,694.5,649,660,48283,32279528
2021-09-08,GMFIL,647,655,620,627,52887,33424752.7
2021-09-09,GMFIL,639,639,607,613,53499,33123617.1
2021-09-12,GMFIL,625,648,624.3,638,35775,22766041
2021-09-13,GMFIL,650.7,678.9,632.1,638,44769,29453181.9
2021-09-14,GMFIL,650.7,659.9,620,629.9,29539,18742978.4
2021-09-15,GMFIL,630,631.3,593,607.1,55112,33692504.9
2021-09-16,GMFIL,600,600,553.7,580,78801,45195242.4
2021-09-20,GMFIL,591.6,592,522,533,71922,38893028.9
2021-09-21,GMFIL,523,560,498,529,53015,28071051.7
2021-09-22,GMFIL,539.5,581.9,539.5,581.9,85712,48740882.8
2021-09-23,GMFIL,593,609,560,591.6,60185,35462879
2021-09-26,GMFIL,585,587.9,552,554.5,36587,20523842.9
2021-09-27,GMFIL,546,558,510,519,43854,22917594.5
2021-09-28,GMFIL,508.7,528,467.1,479,36540,17912224.9
2021-09-29,GMFIL,486,526.9,463,519.1,31628,15565513.1
2021-09-30,GMFIL,529,545,495,504,15396,7895765.3
2021-10-03,GMFIL,514,514,457.7,457.7,18454,8793681
2021-10-04,GMFIL,466,494.4,428,445,20871,9382956.6
2021-10-05,GMFIL,453.9,475,446,468,13741,6384347.8
2021-10-06,GMFIL,477,503.4,461.6,493,16735,8159712.5
2021-10-10,GMFIL,502.8,512,489,490,28975,14527243.5
2021-10-11,GMFIL,499.8,499.8,475,477,11235,5375144
2021-10-17,GMFIL,486.5,506,471,485,3376,1610116.9
2021-10-18,GMFIL,475.3,476,445.2,460,11389,5210965.1
2021-10-19,GMFIL,454,455,428.8,432.4,21762,9473853.8
2021-10-20,GMFIL,441,464,433,462,13593,6213397.3
2021-10-21,GMFIL,471.2,471.2,442,445,9677,4356570
2021-10-24,GMFIL,445,467.5,440.2,465,12952,5927388.4
2021-10-25,GMFIL,470,511.5,470,511.5,45943,23209106.8
2021-10-26,GMFIL,521.7,540,515,527,43091,22818679
2021-10-27,GMFIL,537,576,515,562.5,58630,32400958
2021-10-28,GMFIL,555,573,543.9,571.9,28784,16278226
2021-10-31,GMFIL,570,602.2,561,599,34448,20354263.2
2021-11-01,GMFIL,609.9,609.9,572,572.2,27676,16227020.8
2021-11-02,GMFIL,579,597,556,596,35628,20617189.2
2021-11-03,GMFIL,607,607,577,578.2,34382,20007435
2021-11-08,GMFIL,589.7,590,574.2,580,7850,4563487
2021-11-09,GMFIL,580,580,535,550,38906,21374519
2021-11-11,GMFIL,540,548,522,525,35723,18968640
2021-11-14,GMFIL,535.5,546,520,530.4,11854,6305603.2
2021-11-15,GMFIL,536,555,536,546,16565,9030764
2021-11-16,GMFIL,547,567,546,567,25514,14186902.5
2021-11-17,GMFIL,571,585,545,545,31590,18106476
2021-11-18,GMFIL,545,570,545,563.9,39573,22182911.4
2021-11-21,GMFIL,560,572,554,564,10949,6142814
2021-11-22,GMFIL,571,571,547,553,10828,5991970
2021-11-23,GMFIL,553,553,525,530,30934,16526155.4
2021-11-24,GMFIL,521,561,519.4,545,14642,7832651.1
2021-11-25,GMFIL,555,563,532,539,19423,10528991
2021-11-28,GMFIL,529,539.3,517,519,22942,12022953.8
2021-11-29,GMFIL,525,540,516,516.6,10190,5370634.4
2021-11-30,GMFIL,526.9,526.9,499.1,505,24461,12391584.5
2021-12-01,GMFIL,515.1,525,505,512.6,6713,3450798.5
2021-12-02,GMFIL,513,513,486,488.1,25066,12474745.5
2021-12-05,GMFIL,478.4,487.4,460.7,464,22759,10617527.3
2021-12-06,GMFIL,457.1,484,440,473,14296,6606551.5
2021-12-07,GMFIL,482.4,501,460,460,16612,7953036.2
2021-12-08,GMFIL,451,469,438.1,440,8963,4005599
2021-12-09,GMFIL,435,454,424,433,14817,6458862.5
2021-12-12,GMFIL,435,440,412,412,5996,2541930.5
2021-12-13,GMFIL,410,415,378,394,27908,11035116.6
2021-12-14,GMFIL,401,429,395,429,19944,8418595.5
2021-12-15,GMFIL,437,462.6,414.6,430,32198,14193660.3
2021-12-16,GMFIL,430,430,410,410,5984,2502995.5
2021-12-20,GMFIL,401.8,410,395,395,6570,2638781.9
2021-12-21,GMFIL,400,412,400,410,7920,3205157
2021-12-22,GMFIL,418.2,437,409.2,432,24695,10465706.1
2021-12-23,GMFIL,435,456,423.4,434.9,21525,9492329.5
2021-12-26,GMFIL,437,447,435,436,10641,4670823
2021-12-27,GMFIL,436,436,415,415,13055,5529036.9
2021-12-28,GMFIL,406.7,438,401,425,9022,3781368
2021-12-29,GMFIL,429,429,415,415,8427,3535145.5
2022-01-02,GMFIL,423,438.5,420,433,9998,4305379
2022-01-03,GMFIL,440,460.1,439.9,460.1,47843,21591919.7
2022-01-04,GMFIL,453.3,494,453.1,494,24031,11520729
2022-01-05,GMFIL,503,510,495,499.9,63617,31919614.2
2022-01-06,GMFIL,445.4,462,436.5,456,21423,9703065.2
2022-01-09,GMFIL,465,481,462,481,22416,10613483.5
2022-01-10,GMFIL,490,510,481,490,16687,8223708
2022-01-11,GMFIL,482,525,480.2,508,35923,18140832.6
2022-01-12,GMFIL,508,528,488.1,492,33968,17285100.9
2022-01-13,GMFIL,492,515,482.3,508.4,30006,15081419.5
2022-01-16,GMFIL,518.5,528.7,508.4,524,39133,20422601.1
2022-01-17,GMFIL,525,531.5,511,519,37724,19523079.4
2022-01-18,GMFIL,509,525,504.7,515,28609,14724183.3
2022-01-19,GMFIL,515,519,494.9,496.1,21561,10825624
2022-01-20,GMFIL,497,514.5,497,513,10147,5123572.5
2022-01-23,GMFIL,520,523.2,492.1,498,20432,10268539.8
2022-01-24,GMFIL,499,499,465,479,25902,12337223
2022-01-25,GMFIL,471.1,487.5,468,473,10000,4749172
2022-01-26,GMFIL,463.9,482.4,451.4,461,19424,8969625.6
2022-01-27,GMFIL,470.2,470.2,448,459,19981,9135581.3
2022-01-30,GMFIL,468.1,499,468.1,490,22203,10839706.3
2022-01-31,GMFIL,499.8,499.8,477,480,8680,4197205.9
2022-02-01,GMFIL,481,500,478,500,21655,10667159.7
2022-02-03,GMFIL,510,511,485.5,500,27908,13933189.9
2022-02-06,GMFIL,510,510,479.2,480,9103,4388146.5
2022-02-07,GMFIL,475,488.9,471.1,480,10424,4996944
2022-02-08,GMFIL,489.6,502,472,474,17920,8665475.5
2022-02-09,GMFIL,474,480,463,468,8738,4087350.7
2022-02-10,GMFIL,477,477,445,459,34545,15739706
2022-02-13,GMFIL,449.9,449.9,435,435,15900,7012467.9
2022-02-14,GMFIL,443.7,447,431,435,8046,3509801
2022-02-15,GMFIL,443.7,459,428,459,13227,5837831.7
2022-02-16,GMFIL,450,460.2,446,447.5,4982,2255071.5
2022-02-17,GMFIL,445,456,445,453,10335,4681615
2022-02-20,GMFIL,444,452,434,438,15683,6882408.7
2022-02-21,GMFIL,446.5,446.7,431,439,14202,6182093
2022-02-22,GMFIL,440,465,439.1,445,9838,4430943.7
2022-02-23,GMFIL,445,458.9,436.1,440,18776,8268279
2022-02-24,GMFIL,432.2,448,422,427,12426,5324758.4
2022-02-27,GMFIL,418.5,431,413.7,420,17778,7448780.7
2022-02-28,GMFIL,427,430,405,410,18114,7548438.1
2022-03-02,GMFIL,402,405,397,399.9,11533,4624595.4
2022-03-06,GMFIL,407.8,410,392,402,13203,5302913
2022-03-07,GMFIL,409.9,409.9,391,392.1,8575,3391025
2022-03-09,GMFIL,394.9,396,375.1,386,12168,4669401.3
2022-03-10,GMFIL,380.1,416.9,380,400,8302,3284982.9
2022-03-13,GMFIL,408,430.4,407,429,21020,8815090.5
2022-03-14,GMFIL,437,437.5,420,429.4,4060,1727065.9
2022-03-15,GMFIL,430,434.5,414.1,424,5807,2449823.1
2022-03-16,GMFIL,423,424,413,415,5931,2470350
2022-03-20,GMFIL,415,416.5,410,411.5,6354,2620051.6
2022-03-21,GMFIL,410,426,405.1,424.8,6031,2502535.2
2022-03-22,GMFIL,425,431.9,420,424,3978,1688423.6
2022-03-23,GMFIL,419,419,414.1,414.1,8734,3639867.8
2022-03-24,GMFIL,406,419,406,411,5290,2166995.6
2022-03-27,GMFIL,403,405,392,395,10973,4357981.3
2022-03-28,GMFIL,390,396.7,387.1,388,6679,2603738.2
2022-03-29,GMFIL,395,403.6,383,383,8582,3343309.8
2022-03-30,GMFIL,390,406,384.1,406,7088,2834048
2022-03-31,GMFIL,406,406,391,391,5116,2026194.4
2022-04-03,GMFIL,395,398.8,386.2,389,2886,1131274
2022-04-04,GMFIL,384,399.9,384,391,5299,2058423.5
2022-04-05,GMFIL,384,388,375.1,381,7267,2770673.2
2022-04-06,GMFIL,373.4,387.6,373.4,383,2975,1134635
2022-04-07,GMFIL,380,389,375.4,389,2968,1145226.3
2022-04-11,GMFIL,396,396,375.3,376.9,6540,2504689
2022-04-12,GMFIL,370,376,368.1,370.1,5498,2056245.5
2022-04-13,GMFIL,376.9,377,363.1,372,4103,1524887
2022-04-17,GMFIL,379.4,379.4,360,360,2066,752560.9
2022-04-18,GMFIL,355,362,339,342,5880,2037469.5
2022-04-19,GMFIL,338,348,332.3,347,6892,2364865.5
2022-04-20,GMFIL,341,341,331.4,338,6449,2163229.1
2022-04-21,GMFIL,331.3,334.8,313,333.8,12018,3866240.4
2022-04-24,GMFIL,339,365,334,362,10752,3774997.6
2022-04-25,GMFIL,362,369.2,347,355,11055,3941046.8
2022-04-26,GMFIL,355,362.1,342,344,4505,1572459.1
2022-04-27,GMFIL,337.4,362,337.2,352,5051,1743539.8
2022-04-28,GMFIL,350,357,336.2,338,11655,3964350.4
2022-05-02,GMFIL,344.7,345,314,327.9,8514,2741284.9
2022-05-04,GMFIL,321.5,333.4,315,315,4355,1393793.3
2022-05-05,GMFIL,310,315.6,308.8,310,8402,2612652.1
2022-05-08,GMFIL,309,325.9,298,325.9,4402,1352633.8
2022-05-09,GMFIL,329,329,316,316,5268,1700712
2022-05-10,GMFIL,312,327,312,325,6059,1936755.6
2022-05-11,GMFIL,330.5,342,321.5,341,10059,3356403.8
2022-05-12,GMFIL,340,355,322,340,9486,3215597.4
2022-05-17,GMFIL,338,338,316,316,4669,1501793.5
2022-05-18,GMFIL,322,327,310,327,4475,1425598.7
2022-05-19,GMFIL,331.9,332,313.1,316,4923,1561259.9
2022-05-20,GMFIL,322.3,322.3,308,309,3234,1007197
2022-05-23,GMFIL,303,308,300,303,5852,1770160.3
2022-05-24,GMFIL,305,314,304.1,308,2094,645802
2022-05-25,GMFIL,313,322,308.1,308.1,3463,1090970.9
2022-05-26,GMFIL,314.2,314.2,305,306.9,3123,956109
2022-05-27,GMFIL,306,306.1,299,301,8635,2613259.4
2022-05-30,GMFIL,307,313,288,294,5661,1661654.3
2022-05-31,GMFIL,299,299,282.3,282.3,7705,2219523.8
2022-06-01,GMFIL,287.9,293.5,280.1,285,7802,2219650.4
2022-06-02,GMFIL,290.7,290.7,282,284,2360,672448
2022-06-03,GMFIL,280,291.3,279.9,279.9,3590,1014728.5
2022-06-06,GMFIL,282,286.6,280,281,4750,1348812
2022-06-07,GMFIL,278.1,278.1,267,268,8573,2343764
2022-06-08,GMFIL,273,286.9,272,282.3,4233,1193114.6
2022-06-09,GMFIL,281,296.8,272.5,272.5,13394,3863401.5
2022-06-10,GMFIL,277.9,280,272,276.9,2321,638455
2022-06-13,GMFIL,272,274,270.5,270.6,1990,539566.5
2022-06-14,GMFIL,274,274,260,261,4594,1220650
2022-06-15,GMFIL,258,268,250,258,9826,2500001.7
2022-06-16,GMFIL,263,277.9,259,265.9,6921,1826996
2022-06-17,GMFIL,270,270,260.5,263,8287,2204623
2022-06-19,GMFIL,257.8,259,248,252,3559,893456.8
2022-06-20,GMFIL,247,251,240,245,8972,2183602.9
2022-06-21,GMFIL,249.9,255,241.1,252,4390,1099238.7
2022-06-22,GMFIL,247,250,238.3,242,4062,990332.1
2022-06-23,GMFIL,237.2,238,227.5,233,4725,1100368.5
2022-06-24,GMFIL,233,245.5,223.9,245,4513,1070936.8
2022-06-26,GMFIL,245,269.5,241,269.5,14128,3613986.9
2022-06-27,GMFIL,270,278,255,260.5,22725,6070031.4
2022-06-28,GMFIL,255.3,263,245,261,10637,2667343.5
2022-06-29,GMFIL,256,276,253,276,14739,3932140
2022-06-30,GMFIL,278,299.5,275,299.5,32064,9227598.7
2022-07-01,GMFIL,293.6,304,285.2,290,13912,4113311.7
2022-07-03,GMFIL,290,306,290,302,14559,4351663.5
2022-07-04,GMFIL,301,332.2,301,320,65316,20927801.3
2022-07-05,GMFIL,313.6,322,301,304,39999,12434851.1
2022-07-06,GMFIL,310,324,287.2,308.7,22027,6598537.6
2022-07-07,GMFIL,314.8,324,304,307,19353,6038069.3
2022-07-08,GMFIL,307,309,298,298,11831,3555166.7
2022-07-11,GMFIL,292.1,297,284.2,285.1,20392,5873434.6
2022-07-12,GMFIL,285,300,283.1,294.9,16330,4807999
2022-07-13,GMFIL,295,310,294,309,18802,5744898.1
2022-07-14,GMFIL,310,314.9,300,309,13513,4167683.9
2022-07-15,GMFIL,302.9,308.9,298,307,5524,1685693.7
2022-07-17,GMFIL,310,313.1,304,309,9186,2839082.8
2022-07-18,GMFIL,310.8,315.1,304.1,312,12423,3867498.9
2022-07-19,GMFIL,318,327,315,327,47570,15300786.9
2022-07-20,GMFIL,322,341.7,320,333,50515,16871379.8
2022-07-21,GMFIL,327.1,338,326.1,326.5,46247,15290418.3
2022-07-22,GMFIL,330,330,316.3,317,24699,7892150
2022-07-24,GMFIL,323.3,342,321,342,43437,14491935.1
2022-07-25,GMFIL,345,376.1,342.5,376,76212,27536283.6
2022-07-26,GMFIL,376,380,353.8,357.1,62928,22871547.7
2022-07-27,GMFIL,350,386,350,378.7,57723,21235901.9
2022-07-28,GMFIL,375,416,375,407.8,121607,48441902.6
2022-07-29,GMFIL,414,415.9,393,409.9,42686,17387570
2022-07-31,GMFIL,402,423,400,401.1,49721,20338704
2022-08-01,GMFIL,394,405,389,394.7,71951,28355180
2022-08-02,GMFIL,387,397.5,381.9,388,39340,15318045.5
2022-08-03,GMFIL,395,398,375,380,47713,18390200.2
2022-08-04,GMFIL,385,386.8,372.6,374,59527,22501158.7
2022-08-05,GMFIL,367,381.4,350,350,20297,7394611
2022-08-07,GMFIL,357,380,357,380,36794,13602408.3
2022-08-08,GMFIL,387.6,391,365,369,30551,11516769.8
2022-08-09,GMFIL,362.6,376,356,356,22698,8254497.1
2022-08-10,GMFIL,351,367,350,357,18698,6697258.5
2022-08-11,GMFIL,354,367.2,350.2,356,17066,6083605.8
2022-08-14,GMFIL,353,357,350.1,351,12363,4363064.3
2022-08-15,GMFIL,345,377,345,377,27164,9969180
2022-08-16,GMFIL,384,392,359,365,51780,19543665
2022-08-17,GMFIL,366.1,375,360,370,20320,7457708.1
2022-08-18,GMFIL,377.4,390,372,385,42409,16233821
2022-08-21,GMFIL,385,393,370,378,16917,6447081
2022-08-22,GMFIL,378,382.8,371,376,13333,5014937.8
2022-08-23,GMFIL,380,380,369,375,8676,3227328
2022-08-24,GMFIL,382.5,382.7,370,374,14907,5570222.5
2022-08-25,GMFIL,379.9,379.9,358,361,10605,3884967.8
2022-08-26,GMFIL,358,358,348,354.9,25302,8917070.5
2022-08-28,GMFIL,349,356,338,338,31231,10753943.2
2022-08-29,GMFIL,333,358.3,333,345,17255,6022817.7
2022-08-30,GMFIL,351.9,357.9,343,348,4988,1730556.4
2022-08-31,GMFIL,348,348,336,340.1,9020,3069594.3
2022-09-01,GMFIL,340.1,355,331,348,14200,4833829.5
2022-09-02,GMFIL,348,349.8,342.9,342.9,1365,471017
2022-09-04,GMFIL,342.9,353.8,342.9,344,4021,1388684.6
2022-09-05,GMFIL,350,355,339.2,344.9,4235,1446740
2022-09-06,GMFIL,339,344,335.2,338.6,4043,1364678.7
2022-09-07,GMFIL,332,341.9,332,338,6738,2251992.5
2022-09-08,GMFIL,332.1,345.8,332,339,7193,2433429.2
2022-09-11,GMFIL,333.3,340,333,336,7875,2641269.5
2022-09-12,GMFIL,331.6,332.9,326.2,330,10805,3568270
2022-09-13,GMFIL,336,342,336,338,9331,3167190.3
2022-09-14,GMFIL,339,360.2,339,360,23550,8352826.5
2022-09-15,GMFIL,367.2,367.2,335,337,30112,10489308.5
2022-09-16,GMFIL,331,336.9,324,330,12572,4142319.4
2022-09-18,GMFIL,336.6,336.6,323.4,323.4,11861,3873625
2022-09-20,GMFIL,318,320.2,307,310.5,19741,6144461.6
2022-09-21,GMFIL,316.7,323,316.3,318.2,7395,2363545
2022-09-22,GMFIL,320,320,315.1,316.3,4522,1438417
2022-09-25,GMFIL,310.1,314,305,306,6660,2047709.6
2022-09-27,GMFIL,310,317,309,315.5,9945,3112285.1
2022-09-28,GMFIL,312.1,314,305.8,311,7404,2292721.2
2022-09-29,GMFIL,316.9,321.9,310.1,321.9,12074,3786469.5
2022-10-09,GMFIL,325,353,325,349.9,7883,2700949.5
2022-10-10,GMFIL,355,355,332,339.6,9121,3085147.3
2022-10-11,GMFIL,333,333,326,330,3463,1136219.2
2022-10-12,GMFIL,325,342,325,339,9710,3279363.6
2022-10-13,GMFIL,340,345,329.1,341.9,5396,1821258.9
2022-10-16,GMFIL,337,337,327,331,5540,1836814.3
2022-10-17,GMFIL,337,344.3,325,329.9,3601,1183936.6
2022-10-19,GMFIL,324,324,317.6,323.5,1882,605502.9
2022-10-20,GMFIL,325,325,318.5,319,5694,1823211.5
2022-10-23,GMFIL,318,329,318,322,1945,627214
2022-10-31,GMFIL,315.6,315.6,306.1,315,11549,3606229.2
2022-11-01,GMFIL,310,337.9,310,337.9,8764,2862615.1
2022-11-02,GMFIL,340,343.9,326.6,338,9674,3258922.1
2022-11-03,GMFIL,334,342.8,323.4,327.1,3995,1329949
2022-11-06,GMFIL,330,340,330,337,4873,1633664.5
2022-11-07,GMFIL,343.7,345.9,332,338.8,21469,7277700.7
2022-11-08,GMFIL,332.2,339,326,337.5,3460,1160240.3
2022-11-09,GMFIL,337,340,315.6,327,7001,2289573.4
2022-11-10,GMFIL,321.1,321.1,310,310,9282,2917553.9
2022-11-13,GMFIL,310,321.8,305,314,5510,1702957.8
2022-11-14,GMFIL,308,321,307.8,321,6054,1894419.5
2022-11-15,GMFIL,321,326.3,304,318,6770,2122816
2022-11-16,GMFIL,312,323.2,312,316,5456,1721849
2022-11-17,GMFIL,322,326.9,320,322,13787,4457123.5
2022-11-22,GMFIL,328.4,328.4,317,321,2733,885909
2022-11-23,GMFIL,315.1,322,315.1,316,3582,1144695
2022-11-24,GMFIL,316,320,315.6,318,4757,1513180.7
2022-11-27,GMFIL,324.3,331,318,325,3953,1280654.2
2022-11-28,GMFIL,331.5,337.9,320.1,320.1,6060,1978382
2022-11-29,GMFIL,317,333,315,333,4545,1487740
2022-11-30,GMFIL,326.5,327,322.1,322.1,1082,352706.5
2022-12-01,GMFIL,317.1,328,317.1,325,5028,1628757
2022-12-04,GMFIL,331,331,319,322.5,5083,1628683.5
2022-12-05,GMFIL,319,325,314,317,2752,869032.2
2022-12-06,GMFIL,317,318.3,310,318,4408,1375247
2022-12-07,GMFIL,313.5,315,312,312,5250,1645750
2022-12-11,GMFIL,310,312.4,306.3,307,3976,1229765.6
2022-12-12,GMFIL,302.4,312.9,301,312.9,6708,2062753
2022-12-13,GMFIL,318.9,318.9,306.8,313.5,2956,913541.6
2022-12-14,GMFIL,314,314,304,304,970,298357
2022-12-15,GMFIL,305,313,305,307,3611,1109679.7
2022-12-18,GMFIL,305,305,296,296,6604,1984015.5
2022-12-19,GMFIL,295.1,301.9,291,299,5482,1616379
2022-12-20,GMFIL,302.9,306,302,302,2985,906474
2022-12-21,GMFIL,301,301,297,297,598,178195
2022-12-22,GMFIL,295,299.5,294,299.4,1780,528591
2022-12-26,GMFIL,305.3,326.2,305,326.2,14484,4583571.5
2022-12-27,GMFIL,332.7,343,326.1,334,64023,21258678
2022-12-28,GMFIL,328,345,326,331.9,14964,4968743.3
2022-12-29,GMFIL,334,351,332.1,349,21430,7369891.2
2023-01-01,GMFIL,355,355,340,343,12326,4278263.5
2023-01-02,GMFIL,344,354.9,338.1,351,18381,6405792.5
2023-01-03,GMFIL,358,363,342,345,7236,2501456.9
2023-01-04,GMFIL,350,362,344,361,18661,6600173
2023-01-05,GMFIL,368.2,380,350,368.5,41670,15144742.6
2023-01-08,GMFIL,375.8,386,363,379.9,33988,12797516.8
2023-01-09,GMFIL,372.7,392.7,372.5,388,37344,14367789.6
2023-01-10,GMFIL,394,397,363,379,43485,16640361.3
2023-01-12,GMFIL,385,392.7,356,356.1,37449,13897671.8
2023-01-17,GMFIL,363.2,376,352,373,25727,9406790.2
2023-01-18,GMFIL,367.2,382,362.8,362.8,36032,13452717.7
2023-01-19,GMFIL,361,373,361,370,21342,7862171.3
2023-01-23,GMFIL,367,382.5,360,363,28981,10815035.5
2023-01-24,GMFIL,359.2,387,359,387,26475,9925284.8
2023-01-25,GMFIL,390,393,378,380,21534,8295164
2023-01-26,GMFIL,387,387,368.7,371.8,6428,2419623.4
2023-01-29,GMFIL,370,378,365,370,11635,4317320.9
2023-01-30,GMFIL,363.2,368,357,359.9,9320,3379060.5
2023-01-31,GMFIL,353,375.3,353,360.6,10651,3888956.9
2023-02-01,GMFIL,367,370,360,365,5942,2159907.5
2023-02-02,GMFIL,365,372.3,354,365,24070,8729122.1
2023-02-05,GMFIL,340.5,350,340.5,341,11732,4048626.3
2023-02-06,GMFIL,338,343,337,341,8121,2753270
2023-02-07,GMFIL,347.6,359,346.9,359,10739,3781005.1
2023-02-08,GMFIL,365,365,352.7,352.7,10744,3865958
2023-02-09,GMFIL,353,358.9,350,353.1,6916,2437244
2023-02-12,GMFIL,346.1,350,335,338.9,12707,4317714.6
2023-02-14,GMFIL,344.9,345,335,342,7732,2623962
2023-02-15,GMFIL,336.1,344,335.5,337,6965,2343713.5
2023-02-16,GMFIL,335,343,326,328,6652,2193618
2023-02-20,GMFIL,332,332,322.6,328,7081,2296863.1
2023-02-22,GMFIL,333,340,325,335,3403,1137916.5
2023-02-23,GMFIL,340,340,323.8,328,3695,1214537.1
2023-02-26,GMFIL,321.5,334,309,327.4,4690,1524299.5
2023-02-27,GMFIL,332,333.9,314.7,325.3,8693,2784569.3
2023-02-28,GMFIL,330,333.3,325,325,3540,1163249
2023-03-01,GMFIL,331,331,324,326,384,124965
2023-03-02,GMFIL,319.5,330,318,330,762,243886
2023-03-05,GMFIL,330,330,313.7,321.5,3241,1037466.5
2023-03-07,GMFIL,327.9,333,315.1,329,7917,2531010
2023-03-09,GMFIL,334,336.8,328.3,335,5655,1879979.5
2023-03-12,GMFIL,341,344.6,320,330.4,2220,736236
2023-03-13,GMFIL,337,337,315.6,327,3814,1218891
2023-03-14,GMFIL,321,330,321,327.9,1260,409753.9
2023-03-15,GMFIL,322.1,331.9,318.8,324.9,4180,1348336
2023-03-16,GMFIL,331.3,331.3,319.3,326,5132,1647636.2
2023-03-19,GMFIL,320.1,332.5,319.5,327,1733,562596.6
2023-03-20,GMFIL,329,329.8,325,327,2010,656897.5
2023-03-22,GMFIL,333.5,333.5,315.6,324.6,7160,2282848
2023-03-23,GMFIL,323,325,315,318,4584,1454851.7
2023-03-26,GMFIL,312,315,308,308,3160,985348.5
2023-03-27,GMFIL,304,320,303,313,6791,2103852.8
2023-03-28,GMFIL,311.2,323,311.2,316,5268,1667715.2
2023-03-29,GMFIL,311,312,308,308.2,5444,1687901
2023-03-30,GMFIL,314.3,317,309,310,2210,686519.2
2023-04-02,GMFIL,316,316,309,309,2330,723627
2023-04-03,GMFIL,314,314,306.2,308.8,2430,748916.4
2023-04-04,GMFIL,313,313,306,306,1152,355060.6
2023-04-05,GMFIL,306,312,306,307.1,1100,342752
2023-04-06,GMFIL,303.1,308,301,302.9,3580,1086775
2023-04-09,GMFIL,297,302.9,297,297,2940,879304
2023-04-10,GMFIL,301,304,292.4,292.4,2130,635355
2023-04-11,GMFIL,298.2,304,295,302,2849,850628.6
2023-04-12,GMFIL,302,325,302,323.9,11865,3795968.7
2023-04-13,GMFIL,320,336,315.5,315.5,5264,1706942
2023-04-16,GMFIL,318,325,316.1,318.5,2174,696104.5
2023-04-17,GMFIL,313.1,313.1,310.2,310.2,2025,632016
2023-04-18,GMFIL,307,313.1,305,309.7,1220,376872
2023-04-19,GMFIL,314.7,314.7,309,309,550,170417
2023-04-20,GMFIL,312.8,312.8,307.3,307.3,1735,536148
2023-04-23,GMFIL,303.1,303.1,301.5,302.1,884,267466.4
2023-04-24,GMFIL,306.9,307,301.5,305,1750,530907
2023-04-25,GMFIL,311,311.1,307,310.8,590,183033
2023-04-26,GMFIL,306.1,308,305,305,960,292905
2023-04-27,GMFIL,311,311,304.8,309,280,86117
2023-04-30,GMFIL,309,309,303.1,303.1,975,295764
2023-05-02,GMFIL,309,309,299,304,820,246442
2023-05-03,GMFIL,302,302.3,295,295.4,2237,664802.5
2023-05-04,GMFIL,295,310.4,295,304.2,1139,342648
2023-05-07,GMFIL,300,303,292.3,303,1062,313317.2
2023-05-08,GMFIL,304.7,304.7,285.5,294.9,905,264744.8
2023-05-09,GMFIL,290,300,290,298,1420,424617
2023-05-10,GMFIL,294,299,294,297,1150,340445
2023-05-11,GMFIL,293,293,288,288,1758,512593
2023-05-14,GMFIL,290,291,277,291,2295,645709.5
2023-05-15,GMFIL,289,294,283.3,283.3,1810,518728.4
2023-05-16,GMFIL,279,286.5,279,279,2372,668335.5
2023-05-17,GMFIL,277.2,296.8,277,296.8,3583,1021450.8
2023-05-18,GMFIL,291,308.5,290.9,308,6972,2097323.3
2023-05-21,GMFIL,310,310,298,303.8,6620,2006256.4
2023-05-22,GMFIL,298.1,306.9,298.1,306.9,3412,1037197.4
2023-05-23,GMFIL,310,316.1,310,313.5,4602,1438079.4
2023-05-24,GMFIL,315,319,310.2,312,5256,1641801.4
2023-05-28,GMFIL,307.2,312.9,304,304,3878,1200875.3
2023-05-30,GMFIL,300,300,292,295,6069,1791573.9
2023-05-31,GMFIL,290,296,281,285,7349,2110237.9
2023-06-01,GMFIL,288.9,293,284.7,288,1680,485345.1
2023-06-04,GMFIL,293.3,302.9,293.3,300,4382,1309700.2
2023-06-05,GMFIL,304,307,292,292,2739,816434.5
2023-06-06,GMFIL,297.8,297.8,287,296,3758,1111328
2023-06-07,GMFIL,301,307,294,298,3021,898821
2023-06-08,GMFIL,293.1,299.9,293.1,299,3879,1154393
2023-06-11,GMFIL,300,326,300,325,28017,8965244.3
2023-06-12,GMFIL,331,331,318,323,14499,4684338.6
2023-06-13,GMFIL,325,337,322,335,38249,12633521.6
2023-06-14,GMFIL,330.1,340,326.4,333,17149,5725943.8
2023-06-15,GMFIL,327.5,333.5,321,329,3616,1179943.4
2023-06-18,GMFIL,333,344,332,334.8,9608,3219940.2
2023-06-19,GMFIL,340,368.2,337,362,59905,21301046.9
2023-06-20,GMFIL,368.6,369,342.5,347,25484,9159081.3
2023-06-21,GMFIL,341.2,352,336,336,9910,3424998.8
2023-06-22,GMFIL,336.1,348.7,328,339.9,9111,3036904.4
2023-06-25,GMFIL,340,360,340,357.9,28257,9873742.8
2023-06-26,GMFIL,364,378,358,372,66675,24680819.2
2023-06-27,GMFIL,379.4,392,374,392,87830,33848694.1
2023-06-28,GMFIL,392,395.5,371.1,371.1,27114,10248946.7
2023-07-02,GMFIL,376,376,357,364,21258,7854176.1
2023-07-03,GMFIL,357,372,357,362,24304,8863432.1
2023-07-04,GMFIL,369.2,373.9,357.7,370,17053,6191970.2
2023-07-05,GMFIL,370,377,358.7,362.5,26185,9655900.8
2023-07-06,GMFIL,356.2,365,350.1,364,7098,2548453.1
2023-07-09,GMFIL,370,374.8,366.6,372,21885,8089703.6
2023-07-10,GMFIL,376,407,375,398.9,115218,45172483.9
2023-07-11,GMFIL,402,424,399,412,81749,33871809.3
2023-07-12,GMFIL,415,417,398,399,38374,15491229.5
2023-07-13,GMFIL,391.9,407,391.9,399.8,46193,18430481.8
2023-07-16,GMFIL,407.6,407.6,386,396.8,31559,12388952.9
2023-07-17,GMFIL,399,421.9,395.4,421,77056,31851828.1
2023-07-18,GMFIL,420,427,412.2,414.1,50944,21360156.2
2023-07-19,GMFIL,411,422,410,416,38928,16220694.8
2023-07-20,GMFIL,412,419,408,412,18359,7563624.5
2023-07-23,GMFIL,410,423,410,414.1,36000,15021190.6
2023-07-24,GMFIL,406.1,418,398.1,403.2,32058,13139860.6
2023-07-25,GMFIL,400,406,393,393,25161,10000014.3
2023-07-26,GMFIL,386.2,404.9,386.2,396.9,19168,7667204.2
2023-07-27,GMFIL,404.7,404.7,390.2,390.2,13404,5287852.3
2023-07-30,GMFIL,388,390,373,380,14839,5642893.2
2023-07-31,GMFIL,387,390,374,381,24143,9267540
2023-08-01,GMFIL,388,388,366,371,7297,2707945.7
2023-08-02,GMFIL,367,377.9,364.2,377.8,19428,7188600
2023-08-03,GMFIL,378,384.8,372,373,9314,3519387
2023-08-06,GMFIL,366.1,369.9,352,362,20960,7556353.4
2023-08-07,GMFIL,355,367.8,348,367.5,15274,5455421.4
2023-08-08,GMFIL,366,366.5,343,350,12891,4490422.4
2023-08-09,GMFIL,351,363.1,344.2,361.6,13163,4623349.4
2023-08-10,GMFIL,355,367.4,349,363,19802,7134364.2
2023-08-13,GMFIL,365,365,358,359,6745,2430353.9
2023-08-14,GMFIL,363,363.5,350,354.9,27271,9634513.3
2023-08-15,GMFIL,348.6,352,345,346.5,9690,3363580
2023-08-16,GMFIL,348,353,337,340,12671,4328459
2023-08-17,GMFIL,346,350,338.1,347.9,19611,6697356.6
2023-08-20,GMFIL,347.9,352,341,343.9,10600,3660910
2023-08-21,GMFIL,349,349,330.4,335,29106,9764396.3
2023-08-22,GMFIL,340,354,338,353.9,5652,1940702.6
2023-08-23,GMFIL,348,360,347.5,356.3,20552,7284920.9
2023-08-24,GMFIL,355,357,341.1,343.9,12488,4338955.4
2023-08-27,GMFIL,338,344.7,335,343,7556,2555671.5
2023-08-28,GMFIL,340.2,345,337,337.1,2483,848337.4
2023-08-29,GMFIL,342,343,337.1,341,6145,2090767
2023-08-30,GMFIL,335,347.8,335,341,6026,2049817.3
2023-09-03,GMFIL,337,344,332,335,7312,2449418
2023-09-04,GMFIL,339,339,331,338,4731,1581739
2023-09-05,GMFIL,335,336,334,334,1750,585503
2023-09-07,GMFIL,328.5,336,328.5,333.8,4824,1594287.8
2023-09-10,GMFIL,340,342,332,332.5,2113,708372
2023-09-11,GMFIL,335,352,335,352,16795,5818564.3
2023-09-12,GMFIL,346,351.9,336.1,339,7089,2426190.5
2023-09-13,GMFIL,345.7,365,335.5,365,25835,9174353.1
2023-09-17,GMFIL,359,359,346.1,348,18532,6529157.3
2023-09-18,GMFIL,343.2,354.9,343,350,4277,1486106.8
2023-09-19,GMFIL,346.3,361,346.3,361,3774,1337407.1
2023-09-21,GMFIL,368,387,367.5,376,48967,18453925.2
2023-09-24,GMFIL,373.3,380,366,366,6231,2306502.1
2023-09-25,GMFIL,372,374.9,365,370,9917,3675750.9
2023-09-26,GMFIL,374,379.9,371.1,375,11054,4144666
2023-09-27,GMFIL,370,374.8,362.2,365.3,8215,3025128
2023-10-01,GMFIL,366,366,353.3,355,12887,4603133.1
2023-10-02,GMFIL,352.1,365,348,356,3738,1339154.9
2023-10-03,GMFIL,360,360,349.1,350,5766,2033639.7
2023-10-04,GMFIL,345,364.1,345,352.2,3134,1105173.4
2023-10-05,GMFIL,357,357,345.3,350,5097,1776086.7
2023-10-08,GMFIL,343,348,341,344,12542,4297757.6
2023-10-09,GMFIL,345,349,339,339,6710,2320133.5
2023-10-10,GMFIL,335.5,342.2,329,331,25838,8587386.5
2023-10-11,GMFIL,325,340.1,314.3,337,11959,3899565.6
2023-10-12,GMFIL,330.3,335,325,325.1,12629,4139123.4
2023-10-16,GMFIL,318.6,331.3,318.6,324,3243,1049359.6
2023-10-17,GMFIL,329.9,334,325,331.5,5766,1892020
2023-10-18,GMFIL,325.5,342,325,340,5374,1788125.4
2023-10-19,GMFIL,333.2,338,327,331.1,4127,1373596.2
2023-10-29,GMFIL,337.2,337.2,325,327.9,2189,713100.6
2023-10-30,GMFIL,322.1,334.4,320,334.4,5161,1691932.1
2023-10-31,GMFIL,327.8,339.9,323,339.9,2345,760702.3
2023-11-01,GMFIL,333.2,337.8,330,330,1530,508705
2023-11-02,GMFIL,325.5,328,320.3,320.5,2489,805878.5
2023-11-05,GMFIL,315,319,313,319,3962,1246936.4
2023-11-06,GMFIL,324,324,319,322,1798,577536
2023-11-07,GMFIL,320,337.1,320,332.4,817,267947.8
2023-11-08,GMFIL,338.9,338.9,326,331.7,543,178812.4
2023-11-09,GMFIL,325.4,331.6,319,324,1020,329480
2023-11-20,GMFIL,324,330,315,321,1584,507540
2023-11-21,GMFIL,315,315,312.2,315,2038,638923.3
2023-11-22,GMFIL,319,321,315,321,3822,1213124.8
2023-11-23,GMFIL,325.9,326,320.1,325,3264,1059776.7
2023-11-26,GMFIL,323.1,347,323,345,18265,6216645.1
2023-11-27,GMFIL,349,349,334.2,338,8344,2842093.6
2023-11-28,GMFIL,339,341.9,333.5,339,4381,1474186.5
2023-11-29,GMFIL,345,345,325.4,338,3993,1363831.5
2023-11-30,GMFIL,341,341,322.6,326,1855,610183.2
2023-12-03,GMFIL,325,330.4,318.6,330.4,3519,1137513.2
2023-12-04,GMFIL,334,334,327,327,964,318692
2023-12-05,GMFIL,327,327,320,326,5378,1730390.4
2023-12-06,GMFIL,324,330,318,325,4678,1500424
2023-12-07,GMFIL,326,332,320.1,329.9,3270,1065827
2023-12-10,GMFIL,336.4,346,336.4,346,520,179795
2023-12-11,GMFIL,350,357,340,340,20721,7188986.9
2023-12-12,GMFIL,345,360,343,356,11594,4083394.9
2023-12-13,GMFIL,360,376,358,365,51097,18871999.4
2023-12-14,GMFIL,358,380,358,378,16836,6319700.3
2023-12-17,GMFIL,370.5,385,364,383,20310,7683497.7
2023-12-18,GMFIL,389.9,400,376.1,385,51409,19905710.3
2023-12-19,GMFIL,392.7,392.7,376.4,381.9,17861,6780063.2
2023-12-20,GMFIL,383,393,378,388,25901,10002660.5
2023-12-21,GMFIL,395,395,372.1,372.1,23082,8708483.9
2023-12-24,GMFIL,379.5,379.5,363.7,365,29129,10724904.9
2023-12-27,GMFIL,369,372.3,356,356.1,11377,4125059.5
2023-12-28,GMFIL,363,365,351.3,364,8911,3189916.9
2024-01-01,GMFIL,371,371,356.8,358,11178,4033871.2
2024-01-02,GMFIL,363,363,346,348,8894,3130177.2
2024-01-03,GMFIL,354.9,360,343.5,358.9,5487,1961742.1
2024-01-04,GMFIL,366,371.9,352.2,360,11587,4189833.1
2024-01-07,GMFIL,352.9,365,348.9,356.8,16368,5764623.9
2024-01-08,GMFIL,360,363,350,362,13683,4888725.4
2024-01-09,GMFIL,369,382,367.5,376,34816,13136201.3
2024-01-10,GMFIL,383,390,373,375,17400,6646505.9
2024-01-11,GMFIL,382,382,366,366.1,2979,1098239
2024-01-14,GMFIL,373.4,380,366,367.6,11105,4121715.7
2024-01-16,GMFIL,374.9,398,374.9,393,72972,28631141.8
2024-01-17,GMFIL,400.8,400.8,378,379,40330,15755013.4
2024-01-18,GMFIL,374,386.4,371.5,379.9,16478,6179772.6
2024-01-21,GMFIL,387,387,360.7,367,17710,6532996.8
2024-01-22,GMFIL,362,367,350,353.5,23344,8304203.6
2024-01-23,GMFIL,360,360.9,347,360.9,9716,3433254.3
2024-01-24,GMFIL,368,368,353.4,353.4,4942,1766165
2024-01-25,GMFIL,347.2,360,347.2,360,6702,2359805.2
2024-01-28,GMFIL,367.2,367.2,356,362.7,1996,720990.4
2024-01-29,GMFIL,368,369,356,363.1,3508,1265679.5
2024-01-30,GMFIL,363.1,367,359,367,5664,2045899
2024-01-31,GMFIL,368,368,352,353,5945,2127792.8
2024-02-01,GMFIL,353,362.2,346.1,352,16381,5791927.9
2024-02-04,GMFIL,346,365,345,355,4324,1538364.6
2024-02-05,GMFIL,362,362,348.3,354.9,5489,1924998.9
2024-02-06,GMFIL,350,358,350,357.9,11491,4064948
2024-02-07,GMFIL,365,365.8,352,355.9,3613,1295871.6
2024-02-08,GMFIL,355.9,360,352.2,355,5423,1918639.1
2024-02-11,GMFIL,348.9,366,348.9,350.3,5122,1820623.8
2024-02-12,GMFIL,351.5,360,350,357.5,7981,2832989.8
2024-02-13,GMFIL,354,355,347,349,6629,2320591.3
2024-02-14,GMFIL,354,379,354,373,47778,17737558.2
2024-02-15,GMFIL,368.1,371,359.1,361,14290,5233675.9
2024-02-18,GMFIL,366,368,350,352,4670,1652406
2024-02-20,GMFIL,347.6,362,347.5,357.7,13098,4698191.5
2024-02-21,GMFIL,364,364.7,352,358,2613,927527
2024-02-22,GMFIL,360,370,351.1,351.1,15543,5594675
2024-02-25,GMFIL,348.1,368,347,355,33020,11736656.7
2024-02-26,GMFIL,355,357,350,356.8,6513,2291162.6
2024-02-27,GMFIL,350,363,350,357.9,4181,1475263.8
2024-02-28,GMFIL,351,355.9,345,352,7652,2674467
2024-02-29,GMFIL,345.1,354.9,337,337,14420,4914024.6
2024-03-03,GMFIL,333.1,343.6,333,340,9347,3128489.2
2024-03-04,GMFIL,346.8,353.7,346.8,353.7,20,7005
2024-03-05,GMFIL,360.7,360.7,343,349,7081,2503739.4
2024-03-06,GMFIL,353.9,356,343,354.8,6273,2197462.5
2024-03-07,GMFIL,361,361,349,350.5,5242,1844204
2024-03-10,GMFIL,357,360,351.7,357,6672,2361610.8
2024-03-12,GMFIL,360,370,360,367.4,9424,3426138.7
2024-03-13,GMFIL,370,380,368,368.1,19736,7392294.5
2024-03-14,GMFIL,373,380,361.2,370.9,15513,5767557.2
2024-03-17,GMFIL,370,377,361,369.9,12557,4628875
2024-03-18,GMFIL,374,374,362,366,6794,2480933
2024-03-19,GMFIL,373,384,370,370,29784,11209839.2
2024-03-20,GMFIL,377,384,361.9,362.9,6748,2460934
2024-03-21,GMFIL,370,377.4,361,366,31370,11641697.9
2024-03-25,GMFIL,361,364,356,360,4653,1673241.8
2024-03-26,GMFIL,365.9,365.9,354.3,364,1797,649370.5
2024-03-27,GMFIL,369,369,354,354,5805,2069031
2024-03-28,GMFIL,352,363.9,350,352,9483,3371794.6
2024-03-31,GMFIL,358,359,350,359,5063,1789915
2024-04-01,GMFIL,353,365,352,352.6,3561,1258387.6
2024-04-02,GMFIL,359.5,359.6,350,357,2467,868514.3
2024-04-03,GMFIL,350.3,354,349,354,5840,2050041
2024-04-04,GMFIL,358,368.2,349,356,10817,3814830.8
2024-04-07,GMFIL,351.1,377.9,351,373,30104,11125504.2
2024-04-09,GMFIL,380.4,387.6,373,382,61127,23338796
2024-04-10,GMFIL,385,387.8,366,370,23852,8915976.4
2024-04-14,GMFIL,365,377,360.1,365.1,15550,5719558.4
2024-04-15,GMFIL,370,375,361.7,365.9,10845,3990203.3
2024-04-16,GMFIL,362,362,356.3,360,9901,3543139.9
2024-04-18,GMFIL,361,363,354,354,6624,2370050.8
2024-04-21,GMFIL,348.2,360,348,359,9113,3238433.2
2024-04-22,GMFIL,354.1,356,352,356,6290,2221434.5
2024-04-24,GMFIL,352,365,352,355,12361,4414795
2024-04-25,GMFIL,362.1,379,362.1,370,45330,16873250.3
2024-04-28,GMFIL,377,396.7,373.1,388,88056,34115206.3
2024-04-29,GMFIL,391.9,402.9,377.3,398,86953,34029032.7
2024-04-30,GMFIL,404,416.5,387,390,103101,41778330.5
2024-05-02,GMFIL,397.8,397.8,380.1,380.3,49236,18977066.9
2024-05-05,GMFIL,374,386.5,371,371,40061,15123471.3
2024-05-06,GMFIL,371,380,367.1,371,20128,7461427
2024-05-07,GMFIL,378.3,378.3,367.7,372.4,11334,4204851.7
2024-05-08,GMFIL,365,389,365,388,35908,13677073.2
2024-05-09,GMFIL,392.6,404.9,388,397.1,128476,50801596.1
2024-05-12,GMFIL,403.9,410,400,406.8,95567,38821804.3
2024-05-13,GMFIL,414.9,414.9,396.9,402,26464,10684412.4
2024-05-14,GMFIL,403,405,395,399,34185,13663616.8
2024-05-15,GMFIL,405,405,391.2,396,25053,9929539.6
2024-05-16,GMFIL,395,399,386.3,387,26759,10434759.8
2024-05-19,GMFIL,394.7,402.5,388,398,29131,11516661.2
2024-05-20,GMFIL,400,405,393.2,395,33990,13625520.5
2024-05-21,GMFIL,402.8,415,401.9,412.5,45940,18811085
2024-05-22,GMFIL,416.9,417,403,404,30248,12331627.9
2024-05-26,GMFIL,411,411,382.2,382.2,28849,11249537
2024-05-27,GMFIL,389.8,397.4,387,395,14370,5640251
2024-05-29,GMFIL,402.9,402.9,383,387,15588,6077105.8
2024-05-30,GMFIL,389.9,393,384.5,390,13039,5065194.6
2024-06-02,GMFIL,395,408,395,404,41442,16680517.1
2024-06-03,GMFIL,408.6,415.1,399,405,60088,24350193
2024-06-04,GMFIL,409,409,397,400.1,16248,6508675.9
2024-06-05,GMFIL,407,409,396.9,403.9,13455,5436626.1
2024-06-06,GMFIL,407.6,407.6,391.4,392.8,10028,3959743.4
2024-06-09,GMFIL,394,399.7,388,390.9,11442,4476073.7
2024-06-10,GMFIL,398.7,398.7,386.1,393,18297,7210467.7
2024-06-11,GMFIL,387,403,387,398,13811,5512754
2024-06-12,GMFIL,404.8,410,391,409.9,44055,17729969.8
2024-06-13,GMFIL,404,437,404,425,111818,47062360.5
2024-06-16,GMFIL,426,430,411,413,33614,14055797.3
2024-06-18,GMFIL,406.1,413,402,402.2,18000,7312907.7
2024-06-19,GMFIL,408,423,404,412,22357,9213955.9
2024-06-20,GMFIL,412,427.3,409,417.5,47932,20224617.9
2024-06-23,GMFIL,418,450,418,444.5,109114,47384350.8
2024-06-24,GMFIL,453,464,435,455,120715,54575948
2024-06-25,GMFIL,464,464,434.1,439.7,107920,47985796.7
2024-06-26,GMFIL,444,446,426.3,440,71579,31176566.7
2024-06-27,GMFIL,444.3,447,436.1,440,49080,21639377.6
2024-06-30,GMFIL,440,444,431.4,431.4,35246,15457695.1
2024-07-01,GMFIL,437,437,429,434,29607,12780313.6
2024-07-02,GMFIL,442.6,460,434,438,19983,8788428.7
2024-07-03,GMFIL,445.9,481.7,429.4,481.7,214869,99976249.4
2024-07-04,GMFIL,491,500,466,483,111796,53837475
2024-07-07,GMFIL,492.6,492.6,470.2,480,95528,45787564.6
2024-07-08,GMFIL,489,491,471,487,109189,52677617.3
2024-07-09,GMFIL,496,500,483,488,66635,32783154
2024-07-10,GMFIL,482,495,482,488.9,65959,32100590.3
2024-07-11,GMFIL,492.5,497.7,487.2,488.9,94048,46252493
2024-07-14,GMFIL,498.6,508.5,479.3,489.1,52431,25723781
2024-07-15,GMFIL,493,535,480,520,186368,96212957.4
2024-07-16,GMFIL,522,540,522,534,80075,42766324.8
2024-07-17,GMFIL,544,580,525,569,104279,58148123.4
2024-07-18,GMFIL,557.7,579,538.1,545,126376,70309866.3
2024-07-21,GMFIL,534.1,575,534.1,556,129486,72004946.6
2024-07-22,GMFIL,544.9,566,539,555,68421,37489048.3
2024-07-23,GMFIL,555,561,544,553.9,76384,42215645.6
2024-07-24,GMFIL,543.5,575,543.5,558,123593,69717103.2
2024-07-25,GMFIL,547.1,593,547.1,563,59013,33200603.8
2024-07-28,GMFIL,551.8,585.4,541,560,112735,62625103.1
2024-07-29,GMFIL,560,585,560,572.4,183356,105112115.3
2024-07-30,GMFIL,583.8,606.3,571.4,600,148939,88521844.6
2024-07-31,GMFIL,600,660,591,659.2,198471,126784495.2
2024-08-01,GMFIL,672,690,635.1,655,189854,126547043.9
2024-08-05,GMFIL,642,671,614,614,136840,85074085.7
2024-08-06,GMFIL,614,622,552.6,590,173820,101077866.9
2024-08-07,GMFIL,578.2,636,555.7,623.7,132768,81148942
2024-08-08,GMFIL,625,635,589,601,95567,58201056.8
2024-08-11,GMFIL,608,615,590,612,140450,84357168.9
2024-08-12,GMFIL,620,642,620,630,159738,100906335.3
2024-08-13,GMFIL,642.6,677,618,664,191835,125827796.8
2024-08-14,GMFIL,677,709.7,650.8,699,164333,112974269.2
2024-08-15,GMFIL,697,724.2,669.6,672,183454,127216013.3
2024-08-18,GMFIL,659,699,645,652.1,154808,103641115
2024-08-21,GMFIL,665.1,707,655,700,223146,155530172
2024-08-22,GMFIL,714,759,712.9,716.1,169369,124596586.5
2024-08-25,GMFIL,720,731.9,686.1,688.3,145500,103026632.3
2024-08-27,GMFIL,691,707.7,655,656,92299,62809323.8
2024-08-28,GMFIL,642.9,686.4,642.9,648,55040,36670744.2
2024-08-29,GMFIL,660,662,640,640,49329,32046173.8
2024-09-01,GMFIL,630,650,611,611,48267,30070883.6
2024-09-02,GMFIL,615,672.1,606,670,97704,63504330
2024-09-03,GMFIL,681,689,650,660,69201,46249156
2024-09-04,GMFIL,660,671,623,625.9,85810,54908641.3
2024-09-05,GMFIL,613.4,644,613.4,630.5,43669,27650340.7
2024-09-08,GMFIL,617.9,654,614,620,25017,15699106.7
2024-09-09,GMFIL,610,627.3,598,608.9,40875,24962936.2
2024-09-10,GMFIL,596.8,632,596,605,27761,16830334.5
2024-09-11,GMFIL,600,622,593.2,604,40412,24589782.8
2024-09-12,GMFIL,605,624,605,620,28926,17828569.6
2024-09-15,GMFIL,632,632,595,607,47843,29378723.7
2024-09-16,GMFIL,600,603,568,568,24998,14512000.7
2024-09-18,GMFIL,568,570,547,555,28005,15681119.1
2024-09-22,GMFIL,566,587,545,551.9,15412,8648058
2024-09-23,GMFIL,541,550,501,506.1,44798,23202523.2
2024-09-24,GMFIL,496,520.2,490,493,34804,17521755.7
2024-09-25,GMFIL,484,520,475,515,37495,18868297.6
2024-09-26,GMFIL,515,524,502,504,20848,10623634
2024-09-29,GMFIL,494,510,486.4,496,19611,9783870.1
2024-09-30,GMFIL,496,517,496,517,22313,11418283
2024-10-01,GMFIL,526.9,568.7,526.8,568.7,49876,27819947.3
2024-10-02,GMFIL,568.7,606.8,545,573.1,56517,32825462.6
2024-10-06,GMFIL,575,609.9,571,609,39813,23922423.5
2024-10-07,GMFIL,619.9,630,597.8,606,47932,29489579.5
2024-10-08,GMFIL,606,615,589,593,24940,14834223.8
2024-10-09,GMFIL,593,615.9,591.7,605,12260,7358040.4
2024-10-15,GMFIL,616.8,630,606,628.7,19516,12175007.8
2024-10-16,GMFIL,630,641.2,619,631,27509,17328305.3
2024-10-17,GMFIL,625,639,622,627.9,19919,12559600.2
2024-10-20,GMFIL,615.4,625,598,605,44174,26855287.4
2024-10-21,GMFIL,617,641,603,610,63900,39263838.7
2024-10-22,GMFIL,600.1,624,600.1,622,26167,16145009.3
2024-10-23,GMFIL,611,640,610,623,52762,33115624.3
2024-10-24,GMFIL,623,629.9,601,605,41401,25412687.8
2024-10-27,GMFIL,610,610,600,603.2,29166,17662235.8
2024-10-28,GMFIL,615.2,630,610.2,630,49619,30847092
2024-10-29,GMFIL,642,663.9,636,650,107357,70212550.7
2024-10-30,GMFIL,663,663,637,641,28302,18141509
2024-11-05,GMFIL,630.1,654,630.1,639,18223,11648855.1
2024-11-06,GMFIL,650,657.8,639.9,648.9,38316,24863673.3
2024-11-10,GMFIL,661.8,666,646,662,46877,31005961.1
2024-11-11,GMFIL,655,671,647,656,61475,40211618.2
2024-11-12,GMFIL,649.9,675,649.9,669.9,75127,49941496.8
2024-11-13,GMFIL,672,718,670,716.9,191646,133373988.3
2024-11-14,GMFIL,716,735.9,706.1,713.5,135556,98181800.3
2024-11-17,GMFIL,713.5,723,687.1,691,145396,102232841.3
2024-11-19,GMFIL,689,703,675.3,679,81054,55512642.8
2024-11-20,GMFIL,670,691.9,667,688,39280,26874024.8
2024-11-21,GMFIL,690,696,661.6,662.1,46738,31357528.9
2024-11-24,GMFIL,650,676.1,650,660,36134,23884170.6
2024-11-25,GMFIL,665,682,665,671,33631,22667351.6
2024-11-26,GMFIL,680,688.9,670,681.9,32532,22126472
2024-11-27,GMFIL,683,694,680,690,40633,27915734.3
2024-11-28,GMFIL,697,697,670,674,36484,24744993.1
2024-12-01,GMFIL,660.6,673.9,655,666.2,26611,17730051.9
2024-12-02,GMFIL,666.2,674.8,650,655,32215,21330052.7
2024-12-03,GMFIL,665,680,655,667,33677,22558317.8
2024-12-04,GMFIL,679,680.3,660.3,663,32788,21855620.9
2024-12-05,GMFIL,660,669.9,653,655,36401,23899679.8
2024-12-08,GMFIL,664,664,640,643,33464,21545627.8
2024-12-09,GMFIL,648,650,635,635,18023,11574574.8
2024-12-10,GMFIL,647,647,625.3,632.8,9167,5800481.2
2024-12-11,GMFIL,625.1,646,621.5,638,13135,8363012.2
2024-12-12,GMFIL,650,650,615,617,14717,9200518.8
2024-12-16,GMFIL,617,619,585,594,20540,12284070.7
2024-12-17,GMFIL,594,604,583.1,588,10651,6314716
2024-12-18,GMFIL,599.7,611.9,591,600,15687,9371000.5
2024-12-19,GMFIL,610,610,579,580,12290,7192672
2024-12-22,GMFIL,590,595,569,575,9765,5612923.8
2024-12-23,GMFIL,586.5,598.1,561.6,584,18759,10748771.5
2024-12-24,GMFIL,575,612,575,590,19727,11763086.1
2024-12-26,GMFIL,580,594.5,576,576,8186,4744720.6
2024-12-29,GMFIL,565.1,567,541.3,546,34254,18912705.2
2024-12-31,GMFIL,541.3,541.3,491.4,495,66414,33334512.1
2025-01-01,GMFIL,504.9,520,504.9,513,18731,9614963
2025-01-02,GMFIL,508,524.8,505,522,15881,8247484.3
2025-01-05,GMFIL,522,529,517.4,519.9,18358,9582149.5
2025-01-06,GMFIL,530,530,518,522,15307,7982444.3
2025-01-07,GMFIL,521,548,520,547,23163,12350579
2025-01-08,GMFIL,547,599.5,547,576,36829,21196681.3
2025-01-09,GMFIL,570,591,549,570,31451,17782687.3
2025-01-12,GMFIL,568,568,537,540,15981,8673930.1
2025-01-13,GMFIL,532,559,529.2,533,13548,7267940.9
2025-01-15,GMFIL,535,535,515,519,14707,7699283.6
2025-01-16,GMFIL,511,519,479,480,69623,34315704.4
2025-01-19,GMFIL,480,508.9,480,493,37916,18617409.2
2025-01-20,GMFIL,494,502.4,480,484.6,20699,10132742.8
2025-01-21,GMFIL,485,497,480.1,486,15530,7592758.5
2025-01-22,GMFIL,486.5,492.9,483,485.1,30688,14937831.9
2025-01-23,GMFIL,485.1,494,478,480,24707,11965897.7
2025-01-26,GMFIL,480,480,445,451,44133,20094903.3
2025-01-27,GMFIL,458,485,436.5,468.9,38419,17707555.5
2025-01-28,GMFIL,472.9,491,455.1,486.5,24486,11707990.6
2025-02-02,GMFIL,486.5,503,480,500,29285,14411203.8
2025-02-03,GMFIL,491,524,491,493,57261,29141345.2
2025-02-04,GMFIL,500.3,507,484,486,26393,12999344
2025-02-05,GMFIL,477,528,477,525,55633,28519496.2
2025-02-06,GMFIL,533.9,544,520.1,524.9,47077,25160508.7
2025-02-09,GMFIL,529,539,513,525,41848,21898602
2025-02-10,GMFIL,535,542,526.1,529,44042,23373937.4
2025-02-11,GMFIL,536,536,522,524,12672,6684513.2
2025-02-12,GMFIL,514.3,555,514.3,550,106610,56954799.1
2025-02-13,GMFIL,552,581,552,572,69716,39810211.1
2025-02-16,GMFIL,565,592.5,560,565.5,126348,73294812.9
2025-02-17,GMFIL,554.2,584,554.2,558.5,54085,30543647.2
2025-02-18,GMFIL,547.4,579,547.4,559,31216,17600631.7
2025-02-20,GMFIL,559,582.4,550.1,567.9,45620,25740360.5
2025-02-23,GMFIL,570,570,541,555,28680,16021225.1
2025-02-24,GMFIL,565,566,543.9,550,27018,14852842.7
2025-02-25,GMFIL,542.2,559,539,545,11212,6129199
2025-02-27,GMFIL,555,565,540,545,13344,7289613.2
2025-03-02,GMFIL,548,570.8,547,567.1,40426,22771183.4
2025-03-03,GMFIL,577.8,579.1,558,564.9,32406,18398775.3
2025-03-04,GMFIL,564.9,573,550,557.9,18574,10276278.5
2025-03-05,GMFIL,555,557,544.2,544.5,12345,6762397.7
2025-03-06,GMFIL,553,553,536.5,539.9,13503,7316348.8
2025-03-09,GMFIL,549,549,526,527,16304,8648474.9
2025-03-10,GMFIL,537.5,544.8,515,523,13217,6910595.2
2025-03-11,GMFIL,532,532,512,515,18898,9799575.6
2025-03-12,GMFIL,515,528,510.1,516.2,11697,6049848.9
2025-03-16,GMFIL,523.5,523.5,490.1,511,34871,17801944.4
2025-03-17,GMFIL,518.2,528,509,519.9,17863,9234632
2025-03-18,GMFIL,529.9,529.9,503,513,7675,3959948.5
2025-03-19,GMFIL,523.1,523.1,500,504,8950,4533202.6
2025-03-20,GMFIL,509,513.9,486.3,500.26,10472,5248705.9
2025-03-23,GMFIL,500,500,481.2,483,7778,3803170.5
2025-03-24,GMFIL,487.8,515,487.8,501.23,21481,10785766.3
2025-03-25,GMFIL,503.9,503.9,482,485.17,14900,7258452.1
2025-03-26,GMFIL,494.6,509.9,485.1,500.27,9752,4876118.3
2025-03-27,GMFIL,495.2,513.3,495.2,502.49,22920,11562060.8
2025-03-30,GMFIL,511,523,501,516.41,28273,14554985.9
2025-04-01,GMFIL,520,524.8,507,510.2,21113,10772447.1
2025-04-02,GMFIL,500.5,529,500.5,524.47,57878,30019339.7
2025-04-03,GMFIL,534,534,514,515.11,24740,13010949.3
2025-04-07,GMFIL,515,524.9,496,500.08,17592,8883853.2
2025-04-08,GMFIL,492,509,492,506.9,10024,4998368.5
2025-04-09,GMFIL,517,522,507,517.82,26464,13717627.1
2025-04-10,GMFIL,508.2,519,507.1,508.66,6158,3139139.9
2025-04-13,GMFIL,512,512,501.2,501.59,5222,2632794.7
2025-04-15,GMFIL,502,517,502,514.08,14741,7570997.4
2025-04-16,GMFIL,518,518,509,509.86,12709,6484597.6
2025-04-17,GMFIL,509,519.9,503,506.05,21424,10931298.4
2025-04-20,GMFIL,516,516,500.2,501.06,12053,6062077.2
2025-04-21,GMFIL,509,515,495.1,496.23,17000,8450964
2025-04-22,GMFIL,497.1,504,495,498.06,28823,14373018.3
2025-04-23,GMFIL,488.1,500,488.1,492,11353,5593446
2025-04-24,GMFIL,492,499,485.9,489.45,12103,5943103.8
2025-04-27,GMFIL,497.9,498,472,483.03,33368,16143497.9
2025-04-28,GMFIL,485,503.9,485,492.4,24584,12134024.2
2025-04-29,GMFIL,485.7,491,480,481.26,5222,2540680.8
2025-04-30,GMFIL,477.6,488,472.4,473.26,20455,9719058.2
2025-05-04,GMFIL,482.6,482.6,470,470.69,14915,7062974.2
2025-05-05,GMFIL,467,470,460,466,12909,5993066.6
2025-05-06,GMFIL,467,467,458,460.71,4194,1927539
2025-05-07,GMFIL,452.7,490,451.5,486.98,18512,8797480.3
2025-05-08,GMFIL,485,514,477,509.03,39437,19765779.9
2025-05-11,GMFIL,515,515,480.2,486.97,13232,6565869.6
2025-05-13,GMFIL,486,492,475,477.97,16448,7926290
2025-05-14,GMFIL,487,494.2,480,480.76,13965,6805018
2025-05-15,GMFIL,489.9,490,473.1,474.24,8766,4173724.9
2025-05-18,GMFIL,470,479,470,471.74,6972,3302946
2025-05-19,GMFIL,481,485,475.3,475.84,8547,4083030.2
2025-05-20,GMFIL,476,499.9,470.1,493.69,13873,6755638.8
2025-05-21,GMFIL,503.5,543,500,502.4,37372,18988581.1
2025-05-22,GMFIL,505,512,495,507.26,20679,10420712.4
2025-05-25,GMFIL,497.2,513,490,490.84,24288,12049203
2025-05-26,GMFIL,500,515,481,485.89,11667,5739657.5
2025-05-27,GMFIL,480,499.3,480,487.35,3673,1795604.4
2025-05-28,GMFIL,487,492,481,489.51,6195,3005264.9
2025-06-02,GMFIL,499,505,485.1,485.4,7328,3611836.3
2025-06-03,GMFIL,485,490,478,481.56,7130,3442733.6
2025-06-04,GMFIL,490,499,475.2,477.92,10181,4884803.9
2025-06-05,GMFIL,487,505,473.3,479.92,3852,1847132.2
2025-06-08,GMFIL,475,480,472,472.26,8597,4068950.7
2025-06-09,GMFIL,481,481,471.4,474.89,8431,4019949.1
2025-06-10,GMFIL,477,503,476.2,497.7,28972,14272296.1
2025-06-11,GMFIL,502,502,490,491.76,13621,6731198.4
2025-06-12,GMFIL,493,502.9,487.2,493.91,28241,14011165.9
2025-06-15,GMFIL,500,503.7,490.6,491.12,49805,24567514.7
2025-06-16,GMFIL,500.8,500.8,485,487.3,17050,8378965.8
2025-06-17,GMFIL,483.3,495,483.3,486.62,23710,11571696
2025-06-18,GMFIL,486.3,495,486,490.7,32125,15680617.8
2025-06-19,GMFIL,490,494.9,485.3,485.55,16818,8222929.3
2025-06-22,GMFIL,492.4,492.4,475.9,476.66,14471,6965175.8
2025-06-23,GMFIL,470.3,487,470,480.1,10212,4904864.5
2025-06-24,GMFIL,481,486.9,475,476.03,18269,8779298.6
2025-06-25,GMFIL,474,476.1,471,471.29,13716,6490818.3
2025-06-26,GMFIL,469,475,469,470.94,26051,12286077.2
2025-06-29,GMFIL,477.8,477.8,469,470.89,23629,11122589
2025-06-30,GMFIL,477.9,479.8,469.5,469.77,19531,9238700.3
2025-07-01,GMFIL,469,479.8,468.5,476.05,23008,10920432.7
2025-07-02,GMFIL,483,492,477.1,482.83,23469,11368803
2025-07-03,GMFIL,492,509.8,486,496.85,65966,32922606.9
2025-07-06,GMFIL,506,520,493.1,499.69,70615,35832304.7
2025-07-07,GMFIL,496.1,500,483,484.62,37531,18363946.7
2025-07-08,GMFIL,484.1,495.9,484.1,491.14,12657,6220520.4
2025-07-09,GMFIL,495,495,485.3,488.3,11991,5846776.9
2025-07-10,GMFIL,497,497,487,490.21,15137,7429187.1
2025-07-13,GMFIL,500,510,495.2,499.76,45484,22715226.9
2025-07-14,GMFIL,503.7,503.7,493.9,496.36,23222,11566898.6
2025-07-15,GMFIL,503.9,505.9,492,499.57,18900,9462324.4
2025-07-16,GMFIL,509.5,519.6,502.1,504.87,21541,10938892.1
2025-07-17,GMFIL,512,530.6,510.1,521.98,54327,28294673.4
2025-07-20,GMFIL,525,531.9,511.6,514.64,46101,24017748
2025-07-21,GMFIL,520,520,510,511.84,34435,17722696.7
2025-07-22,GMFIL,520,525,511,521.63,52949,27520323
2025-07-23,GMFIL,529,549.7,514.2,539.68,51291,27433526.2
2025-07-24,GMFIL,545,548.9,520.7,529.38,53994,28554642.5
2025-07-27,GMFIL,530,538,518,519.42,50150,26386750.7
2025-07-28,GMFIL,520,536.8,512,535.77,40593,21339372.5
2025-07-29,GMFIL,545,557,529.2,534.06,49588,26966684.8
2025-07-30,GMFIL,535,537,517.5,520.31,45261,23913242.9
2025-07-31,GMFIL,530.6,540,515.1,523.31,46694,24711028.3
2025-08-03,GMFIL,531.5,533.7,505,510.73,30488,15819662.5
2025-08-04,GMFIL,520.8,529.9,502,512.59,27096,13767190
2025-08-05,GMFIL,511,518.9,494.7,500.05,17398,8770852.8
2025-08-06,GMFIL,490.4,508,490.4,498.18,9017,4513450.9
2025-08-07,GMFIL,508,508,497.8,500.51,11749,5910617.4
2025-08-11,GMFIL,509.1,510,490.1,493.56,10659,5335312.3
2025-08-12,GMFIL,499,499,488,488.39,11234,5510093
2025-08-13,GMFIL,498.1,498.1,487.2,488.7,14080,6905947.2
2025-08-14,GMFIL,497,497,481.9,483.19,17893,8711952.5
2025-08-17,GMFIL,492,492,474,481.44,20981,10057588.2
2025-08-18,GMFIL,482,483.7,476.1,479.2,13441,6422806.8
2025-08-19,GMFIL,486,490,472.5,481.73,11009,5295484.7
2025-08-20,GMFIL,475.2,499.8,475.2,482.66,8444,4123924
2025-08-21,GMFIL,475,491.9,475,479.83,11243,5403095.8
2025-08-24,GMFIL,488.9,488.9,473,475.1,9622,4597017.2
2025-08-25,GMFIL,465.6,480.1,465.6,477.91,10241,4865870
2025-08-26,GMFIL,487.3,487.3,472.1,480.42,2134,1019381.5
2025-08-27,GMFIL,487,494.8,480.2,487.08,12898,6283274.5
2025-08-28,GMFIL,483,488.9,475,476.89,11732,5623410.3
2025-08-31,GMFIL,472.7,478.9,468,470.61,9558,4502787.3
2025-09-01,GMFIL,461.2,486.9,461.2,477.47,11499,5438373.6
2025-09-02,GMFIL,468.2,480,468.2,470.51,5518,2608252.3
2025-09-03,GMFIL,467,474,467,468.58,5236,2463949.9
2025-09-04,GMFIL,468.58,473,464.1,468.32,10412,4871098.7
2025-09-07,GMFIL,475,476.3,466.2,470.26,5234,2472160
2025-09-08,GMFIL,474,475.5,462.1,463.7,6559,3048225
2025-09-18,GMFIL,454.5,454.5,454.5,454.5,400,181800
2025-09-21,GMFIL,445.5,475,440,461.9,18238,8381259.7
2025-09-23,GMFIL,469,485,460,484.9,9275,4445483.2
2025-09-24,GMFIL,491,491.9,465.2,488.2,8961,4251507
2025-09-25,GMFIL,478.5,486.8,467.6,479.9,5520,2634153
2025-09-28,GMFIL,484.9,484.9,467.5,474,8455,3972948
2025-10-07,GMFIL,467,481,462,464,5731,2660757.7
2025-10-08,GMFIL,460,460,436.1,446,11471,5127152.4
2025-10-09,GMFIL,454.9,473,450.8,455,9114,4166246.5
2025-10-12,GMFIL,445.9,454.8,427.4,430,15570,6753508.4
2025-10-13,GMFIL,424,438.4,421.4,430,6258,2679801.9
2025-10-14,GMFIL,438.3,438.3,417,417,7922,3347147.8
2025-10-15,GMFIL,419,420,412.1,413,4345,1816874.3
2025-10-16,GMFIL,419,421.2,393.1,418,13874,5693197.5
2025-10-19,GMFIL,425,425,410,423.9,2214,916015.9
2025-10-26,GMFIL,415.6,422,409,418.5,3235,1328826.5
2025-10-28,GMFIL,421,432,421,432,6092,2596155
2025-10-29,GMFIL,439.7,440,420,425,13328,5713943.9
2025-10-30,GMFIL,428,438.6,425.3,437.8,16173,7033178
2025-11-02,GMFIL,430.1,481.5,430.1,481.5,69220,32431561
2025-11-03,GMFIL,485,504,473,483,41108,19939800.1
2025-11-04,GMFIL,492.6,492.6,456,469.9,37310,17420830.7
2025-11-05,GMFIL,479.2,488.7,458,477.3,43197,20277234.7
2025-11-06,GMFIL,486.8,495,470.4,480,63326,30746922.8
2025-11-09,GMFIL,470.4,470.4,454,462.8,22362,10323875.3
2025-11-10,GMFIL,462,467.9,450,454,19229,8725315.8
2025-11-11,GMFIL,460,460,445.4,453.5,7510,3369126.6
2025-11-12,GMFIL,445.2,462,445,460,14888,6731971.9
2025-11-13,GMFIL,455,464.1,447,450,8715,3980313.8
2025-11-16,GMFIL,456.8,456.8,441,449,9656,4299195
2025-11-17,GMFIL,444.1,453.9,440.1,447,13716,6083410.5
2025-11-18,GMFIL,455,460,446.9,454,16642,7535808.9
2025-11-19,GMFIL,460,460,440.1,448.4,8357,3725624.1
2025-11-20,GMFIL,441.2,447.9,435.1,443,13681,6024193.8
2025-11-23,GMFIL,443.1,459,440.2,447,27214,12134851.6
2025-11-24,GMFIL,453,455.8,445.3,455.5,19406,8753541.6
2025-11-25,GMFIL,464.6,464.6,441,453.9,17897,7988866
2025-11-26,GMFIL,454,454.1,440,451.4,34065,15138223.3
2025-11-27,GMFIL,445.1,454,445,452.5,10759,4837294.1
2025-11-30,GMFIL,450,460,449.1,450.8,45372,20600579.6
2025-12-01,GMFIL,457,495,454,470,91781,42940376.8
2025-12-02,GMFIL,461,488,461,481,85386,41280778.8
2025-12-03,GMFIL,481,514,481,504,185477,93372106.7
2025-12-07,GMFIL,495,514,482.3,492,193338,95751795.7
2025-12-08,GMFIL,483,492,467.1,473.9,54915,26188895.3
2025-12-09,GMFIL,480,480,465,472,23035,10823924.7
2025-12-10,GMFIL,479,499,461,468,53021,25112778.8
2025-12-11,GMFIL,461,485,461,473,47015,22062560.4
2025-12-14,GMFIL,473,475.3,461.4,475.3,40374,18786421.4
2025-12-15,GMFIL,479,479,465.1,477.9,34591,16353042.9
2025-12-16,GMFIL,472,480.4,469.5,476.8,27377,13001852.2
2025-12-17,GMFIL,471,485,469.1,480,155795,74613923.3
2025-12-18,GMFIL,470.9,479,462,465,37481,17555050.5
2025-12-21,GMFIL,460,462.9,446,448.8,43410,19653449
2025-12-22,GMFIL,449,455.9,443.4,449.9,27491,12359788.3
2025-12-23,GMFIL,450.8,456,443.6,454,19342,8684988.8
2025-12-24,GMFIL,460,460,447,448.1,15285,6881047.1
2025-12-28,GMFIL,457,464.9,446,457.5,29554,13557814
2025-12-29,GMFIL,464.5,467.9,449,459.8,49848,22769594.6
2025-12-31,GMFIL,452,465,452,459.9,40609,18681972.1
2026-01-01,GMFIL,466,466,452,452.9,21150,9592968.2
2026-01-04,GMFIL,451.1,460,445.2,447,22291,10016692.7
2026-01-05,GMFIL,445,460,445,460,25336,11537694.6
2026-01-06,GMFIL,465,477,457.1,470,50164,23546975.3
2026-01-07,GMFIL,470,479.9,462,464,51369,24175536.5
2026-01-08,GMFIL,472,472,463.2,464,7255,3370885.8
2026-01-12,GMFIL,456.1,470,456.1,457,25977,11993475.4
2026-01-13,GMFIL,460,466,450,456,32728,14801910.5
2026-01-14,GMFIL,450.5,469.6,450.5,463.9,36227,16791552.9
2026-01-18,GMFIL,454.7,506,454.7,488,104242,50103130.3
2026-01-20,GMFIL,497.7,499,478,487,84613,41465109.3
2026-01-21,GMFIL,496.7,496.7,473,478,31815,15312701.6
2026-01-22,GMFIL,473.1,496,470.3,489.9,49350,23869593.7
2026-01-25,GMFIL,499.5,512,496.1,506.5,102555,51919554.8
2026-01-26,GMFIL,507,508,490,492.4,59115,29288453.7
2026-01-27,GMFIL,499,502.8,482.7,488.9,61340,30149803.8
2026-01-28,GMFIL,481.1,494.9,480.2,485.1,23365,11374005.2
2026-01-29,GMFIL,475.4,499.7,475.4,493,42030,20705030.4
2026-02-01,GMFIL,485,494.7,481.1,485.9,25513,12410119.5
2026-02-02,GMFIL,495.6,495.6,476,479.9,33052,15918945.9
2026-02-03,GMFIL,487,487,470,470,8978,4236339.3
2026-02-04,GMFIL,478,478,467,472.9,20874,9819428.9
2026-02-05,GMFIL,474.7,482.2,471,474,22462,10679550.6
2026-02-08,GMFIL,480,485.9,471.4,477,24469,11713938.4
2026-02-09,GMFIL,473,477,460,461,17313,8070791
2026-02-10,GMFIL,470,479.6,450,462,24571,11253237.4
2026-02-11,GMFIL,469.9,470,456,461.9,7020,3251791
2026-02-12,GMFIL,455,470,455,467.9,11941,5562384.5
2026-02-16,GMFIL,476,476,460,472,35105,16453830
2026-02-17,GMFIL,465.3,471,457,457,20269,9415480
2026-02-22,GMFIL,457,457.9,448,456.9,10058,4555586.5
2026-02-23,GMFIL,463,464.9,452.2,457,4195,1921657.5
2026-02-24,GMFIL,450.1,462,450,457,5322,2428475.9
2026-02-25,GMFIL,449,468,449,457.7,5195,2389366.6
2026-02-26,GMFIL,466,466,458,458,3695,1696204.8
2026-03-01,GMFIL,449.1,469,449.1,465.5,14109,6533246.2
2026-03-03,GMFIL,457,475.5,457,474,7118,3366053.1
2026-03-09,GMFIL,483.4,502,483.4,493,40,19713
2026-03-10,GMFIL,500,500,485,485.3,42295,20773442.8
2026-03-11,GMFIL,475.6,494,475,475,32065,15524615.5
2026-03-12,GMFIL,484,493.3,475,489,37113,18019610.1
2026-03-15,GMFIL,493,498.7,480,487.1,35932,17534160.1
2026-03-16,GMFIL,492,495,482,485,25002,12205800.7
2026-03-17,GMFIL,481.1,489,477,483.8,5781,2784866
2026-03-19,GMFIL,485.5,500.6,485.5,498,58397,28884657.3
2026-03-22,GMFIL,505,518,500,512,95923,49001867.5
2026-03-23,GMFIL,522,523,508.2,519.9,80936,41865876
2026-03-24,GMFIL,519,540,513.1,538,103073,54525735
2026-03-25,GMFIL,535,537,520.4,523.1,62939,33070834
2026-03-26,GMFIL,520,521,512,516.5,30383,15696292.1
2026-03-29,GMFIL,506.7,520,495,496,43537,21997666.9
2026-03-30,GMFIL,492,505,486,490,32942,16316985.4
2026-03-31,GMFIL,490,504.9,483,504,25679,12678414.5
2026-04-01,GMFIL,504,504,480,485,15420,7485519.6
2026-04-02,GMFIL,479,494,474,479,21076,10199786.9
2026-04-05,GMFIL,470,479.4,443,460,29903,13802222.5
2026-04-06,GMFIL,468,480,460.1,480,19241,9096190
2026-04-07,GMFIL,489,489.6,468.2,481,13617,6471612.5
2026-04-08,GMFIL,488.5,494,481.3,494,14235,6978443.6
2026-04-09,GMFIL,491.1,497.9,491,495.5,13547,6687009
2026-04-10,GMFIL,485.7,494.9,480.1,482,5624,2729931
2026-04-13,GMFIL,491.5,497,475.1,476,16057,7693086.8
2026-04-15,GMFIL,485.5,494.9,479.1,484,8434,4080034.6
2026-04-16,GMFIL,479.1,489.6,477,477,12385,5963522
2026-04-17,GMFIL,477.1,479.7,468,479,8058,3803644.7
2026-04-20,GMFIL,502,502,467.1,474.9,7257,3423057.9
2026-04-21,GMFIL,480,480,468,470,6076,2876393
2026-04-22,GMFIL,460,479,456,475,10349,4838537.1
2026-04-23,GMFIL,465,473.7,465,473,2455,1149461.2
2026-04-24,GMFIL,460,469.8,460,467.9,5835,2691617.3
2026-04-27,GMFIL,467.9,474,461,466.5,1994,934667.3
2026-04-28,GMFIL,466.5,470,462.1,464.1,3850,1795278
2026-04-29,GMFIL,464.1,468,450.4,461,3600,1652786.4
2026-04-30,GMFIL,461,464.4,451,464.4,6225,2868711
2026-05-04,GMFIL,470,470,447,450,4591,2072380.7
2026-05-05,GMFIL,453,462.4,450,451,3225,1465128
2026-05-06,GMFIL,451.1,463.4,448,456,6531,2947820.8
2026-05-07,GMFIL,455,459,450.3,456,6482,2928959.4
2026-05-08,GMFIL,455,467.9,455,465,2470,1145022
2026-05-11,GMFIL,488,488,466.5,472,6883,3224860.4
2026-05-12,GMFIL,461,476.9,458,458.5,4488,2081651.4
2026-05-13,GMFIL,455.2,462,450,456.4,1865,847768
2026-05-14,GMFIL,460,460,447.3,455,2623,1192849.1
2026-05-15,GMFIL,465,465,452.4,452.4,5300,2420284.5
2026-05-18,GMFIL,449.6,459,449.6,457,3042,1378885.8
2026-05-19,GMFIL,460,460,453.1,458.8,2875,1310541.9
2026-05-20,GMFIL,460,465,454.5,464.9,3075,1419723.5
2026-05-21,GMFIL,465,469,460,468,3022,1406329
2026-05-22,GMFIL,469.9,474.7,464,469.9,8715,4075486.5
2026-05-25,GMFIL,479.9,479.9,466.4,474.6,2875,1355425.1
2026-05-26,GMFIL,480,480,468,469,539,254927
2026-05-27,GMFIL,475,475,461.2,464.5,4605,2141842.5
2026-06-01,GMFIL,469,469,451.1,467.9,17696,8143947.9
2026-06-02,GMFIL,470,495,470,489.9,65083,31718912.8
2026-06-03,GMFIL,488.9,498,480,481,18787,9123092.4
2026-06-04,GMFIL,484,494,475.3,483,16410,7999649.9
2026-06-05,GMFIL,459,507,459,495.5,69243,34484099.2
2026-06-08,GMFIL,490,519,490,517,146396,74747424
2026-06-09,GMFIL,511,513.7,491.3,498,59030,29566708.2
2026-06-10,GMFIL,509.9,509.9,490,491,28265,14076546.7
2026-06-11,GMFIL,483.2,496.9,478.2,482.1,36820,17743520.7
2026-06-12,GMFIL,475,490,475,479,25999,12407402.4
2026-06-15,GMFIL,476,489.9,470,478,28854,13774966.2
2026-06-16,GMFIL,470,489.8,469,476,9773,4661962.9
2026-06-17,GMFIL,468.1,483.6,468.1,474,9251,4420697
2026-06-18,GMFIL,471.3,479.5,468,477,9835,4655863.6
2026-06-19,GMFIL,471.2,483.5,471.2,479.8,16506,7900577.8
2026-06-22,GMFIL,480,486.9,479.6,481,17445,8417624.4
2026-06-23,GMFIL,457,487,457,479,26846,12903096
2026-06-24,GMFIL,492,492,472.2,481.9,21510,10348169
2026-06-25,GMFIL,480,484.6,470,475,14312,6818112.6
2026-06-26,GMFIL,482.9,482.9,465.5,471.4,10003,4692049
2026-06-29,GMFIL,467,468,463,465,4481,2079946.7
2026-06-30,GMFIL,450,469.6,450,459,6735,3097283
2026-07-01,GMFIL,469,470,460,464,4875,2268661.9
2026-07-02,GMFIL,441,470.4,441,469,8739,4039407.9
2026-07-03,GMFIL,478.9,478.9,467.6,468,20807,9805375.4
2026-07-06,GMFIL,465.5,477,455,464.8,10107,4689769.4
2026-07-07,GMFIL,450,468,450,465,6263,2909647.8
2026-07-08,GMFIL,467.4,467.4,449.1,456,22158,10026936.5
2026-07-09,GMFIL,460,463.9,451.5,454.3,4410,1996841.8
2026-07-10,GMFIL,456,466.5,455,455,15923,7281716.4
2026-07-13,GMFIL,450.2,454,443,448,7829,3510817.8
2026-07-14,GMFIL,448,452,440,449,10299,4598713.8
2026-07-15,GMFIL,459,463,451,454,11606,5291746.5
2026-07-16,GMFIL,452,460,447,450,12841,5796679.7
2026-07-17,GMFIL,447,473.8,447,468,16105,7496128.5
2026-07-20,GMFIL,468,475,463,470,13779,6440752.2
2026-07-21,GMFIL,470,476.8,464,469.9,26242,12285994.4
2026-07-22,GMFIL,472.9,484.9,465.7,475,39826,19019352.4
2026-07-23,GMFIL,498,498,467.1,478.7,8225,3899272.4
2026-07-24,GMFIL,479.9,480,470,473,14104,6694862
2026-07-27,GMFIL,482,484.7,465.1,469.9,30013,14324892.8
2026-07-28,GMFIL,460,477.6,460,471,8641,4056757.9
2026-07-29,GMFIL,479.9,479.9,460,464.9,12422,5772465.6
2026-07-30,GMFIL,465,474,456.1,459,11836,5452764.8
2026-07-31,GMFIL,456.5,474,450,470,59668,27670238.6
2026-08-03,GMFIL,470,476.6,465,472.5,10160,4743841.5
2026-08-04,GMFIL,462.1,472.9,460,465,9678,4486346.9
2026-08-05,GMFIL,465,474.9,459,463.9,15219,7085807
2026-08-06,GMFIL,472,472,455.3,455.3,6873,3159958.5
2026-08-07,GMFIL,457.2,461,456,456.3,5395,2469656.3
2026-08-10,GMFIL,460,460,450,457,10821,4892376.5
2026-08-11,GMFIL,457,460,457,457,3454,1580449.5
2026-08-12,GMFIL,452,460,446,449.1,13326,6014020.2
2026-08-13,GMFIL,448.1,455,448.1,455,8448,3825364.6
2026-08-14,GMFIL,452.1,453,445.4,447,17149,7708037.2
2026-08-17,GMFIL,450.5,450.5,445.3,447,3953,1771438
2026-08-18,GMFIL,444.6,452.5,440,445,24929,11040004.6
2026-08-19,GMFIL,446.1,450,443,448.9,5122,2283085.5
2026-08-20,GMFIL,441.5,445,440,440,12318,5438801.8
2026-08-21,GMFIL,443.3,448,440.8,440.8,3422,1518863.7
2026-08-24,GMFIL,447,447,428.2,435,13698,5952613
2026-08-25,GMFIL,435,437,424,424,17443,7441955.9
2026-08-26,GMFIL,421,421,400,410.9,37847,15415246.7
2026-08-27,GMFIL,410.9,429,401.1,418.9,9007,3765414.2
2026-08-31,GMFIL,415,415,410,410,3496,1439104.5
2026-09-01,GMFIL,419,419,406,410,11170,4606118.7
2026-09-02,GMFIL,418,418,410.4,417,4265,1773813.3
2026-09-03,GMFIL,420,420,413,414.1,6329,2623514.4
2026-09-07,GMFIL,414,420,414,418,5966,2496111.1
2026-09-09,GMFIL,412,423,407.7,417.9,8815,3651853.3
2026-09-10,GMFIL,405.7,411.8,402,410.8,4458,1806525
2026-09-11,GMFIL,416.9,416.9,404.4,413.8,3815,1551949.4
2026-09-14,GMFIL,408,422.4,408,421,6856,2867871
2026-09-15,GMFIL,442,442,423.1,433.7,13155,5656281
2026-09-16,GMFIL,434.9,434.9,421.8,421.9,7476,3174010.2
2026-09-17,GMFIL,429,430,420.1,426.9,10739,4556327.9
2026-09-18,GMFIL,427.9,429.9,425.4,428.9,9690,4133054.5
2026-09-22,GMFIL,423.1,438.4,423,431.9,7459,3200679.4
2026-09-23,GMFIL,450,450,421,426,10650,4591806.9
2026-09-24,GMFIL,429.8,429.8,420.6,421,2016,849466.6
2026-09-28,GMFIL,429.9,429.9,413,417,3875,1618739.7
2026-09-29,GMFIL,417,419,409.1,416.8,5864,2424171.9
2026-09-30,GMFIL,406,421,406,416,1770,735605
2026-10-01,GMFIL,426,426,411.4,412.1,1800,744808.5
2026-10-02,GMFIL,424.4,424.4,412,412,4605,1907874.5
2026-10-05,GMFIL,411,414,410,414,4704,1934175.7
2026-10-06,GMFIL,414,415,410,413,5072,2090069.5
2026-10-07,GMFIL,409.2,412.9,409,411,5780,2371108.5
