date,symbol,open,high,low,close,volume,turnover
2011-03-20,KRBL,257,252,239,239,40,9810
2011-03-24,KRBL,195,192,176,176,80,14590
2011-03-25,KRBL,176,168,159,159,50,8220
2011-03-27,KRBL,159,156,144,144,60,8950
2011-03-28,KRBL,144,137,130,130,50,6660
2011-03-30,KRBL,130,128,118,118,60,7380
2011-03-31,KRBL,118,116,107,109,110,12120
2011-04-04,KRBL,109,109,104,104,1630,172940
2011-04-05,KRBL,104,104,100,102,2280,232820
2011-04-06,KRBL,102,101,98,100,1420,141120
2011-04-07,KRBL,100,102,99,102,1670,168870
2011-04-10,KRBL,102,102,100,100,1020,102080
2011-04-11,KRBL,100,100,98,98,370,36600
2011-04-13,KRBL,98,99,99,99,80,7920
2011-04-17,KRBL,99,101,99,99,120,11970
2011-04-18,KRBL,99,99,98,98,490,48080
2011-04-19,KRBL,98,99,96,96,3740,363070
2011-04-20,KRBL,96,95,93,93,1310,123390
2011-04-21,KRBL,93,93,91,91,850,78090
2011-04-25,KRBL,91,100,91,95,880,83860
2011-04-27,KRBL,95,104,93,104,1030,101510
2011-04-28,KRBL,104,105,94,94,1810,183330
2011-05-02,KRBL,94,93,90,90,830,76410
2011-05-03,KRBL,90,91,89,91,940,85120
2011-05-04,KRBL,91,92,91,92,110,10020
2011-05-05,KRBL,92,92,89,92,510,45890
2011-05-08,KRBL,92,92,92,92,710,65320
2011-05-09,KRBL,92,92,92,92,470,43240
2011-05-10,KRBL,92,91,90,90,310,27910
2011-05-11,KRBL,90,96,91,95,820,76010
2011-05-12,KRBL,95,104,97,100,1340,132980
2011-05-15,KRBL,100,105,91,92,1940,186230
2011-05-16,KRBL,92,101,91,95,1690,161230
2011-05-18,KRBL,95,99,97,97,850,83190
2011-05-19,KRBL,97,100,97,97,430,42660
2011-05-22,KRBL,97,100,97,97,1040,102390
2011-05-23,KRBL,97,97,97,97,90,8730
2011-05-24,KRBL,97,96,93,95,670,63680
2011-05-25,KRBL,95,95,94,95,900,85490
2011-05-26,KRBL,95,97,96,97,750,72230
2011-05-30,KRBL,97,99,96,99,1300,126900
2011-05-31,KRBL,99,101,100,100,520,52120
2011-06-01,KRBL,100,104,100,100,410,41880
2011-06-02,KRBL,100,99,95,96,280,27590
2011-06-05,KRBL,96,98,96,96,1530,147430
2011-06-06,KRBL,96,96,91,93,910,86470
2011-06-07,KRBL,93,95,93,93,540,50650
2011-06-08,KRBL,93,93,92,93,210,19520
2011-06-15,KRBL,93,93,93,93,300,27900
2011-06-16,KRBL,93,89,89,89,190,16910
2011-06-19,KRBL,89,89,89,89,70,6230
2011-06-23,KRBL,89,92,90,92,1310,118330
2011-06-26,KRBL,92,91,91,91,40,3640
2011-06-27,KRBL,91,98,95,95,910,87170
2011-06-29,KRBL,95,97,96,97,570,54790
2011-06-30,KRBL,97,98,96,97,1460,142800
2011-07-03,KRBL,97,96,93,93,580,55420
2011-07-04,KRBL,93,93,92,92,130,12080
2011-07-05,KRBL,92,93,92,92,250,23010
2011-07-06,KRBL,92,93,93,93,200,18600
2011-07-07,KRBL,93,93,91,91,350,32350
2011-07-10,KRBL,91,92,90,92,1100,99940
2011-07-11,KRBL,92,92,91,92,440,40450
2011-07-12,KRBL,92,93,93,93,400,37200
2011-07-13,KRBL,93,96,92,92,370,34520
2011-07-14,KRBL,92,95,95,95,200,19000
2011-07-18,KRBL,95,99,96,96,470,46050
2011-07-20,KRBL,96,95,95,95,40,3800
2011-07-24,KRBL,95,96,96,96,70,6720
2011-07-26,KRBL,96,97,97,97,480,46560
2011-07-27,KRBL,97,98,98,98,100,9800
2011-07-31,KRBL,98,97,96,96,130,12570
2011-08-01,KRBL,96,96,96,96,50,4800
2011-08-02,KRBL,96,95,95,95,50,4750
2011-08-03,KRBL,95,95,92,92,190,17810
2011-08-04,KRBL,92,92,86,86,460,41240
2011-08-07,KRBL,86,88,87,87,330,28780
2011-08-08,KRBL,87,88,85,86,730,62810
2011-08-09,KRBL,86,88,87,88,210,18280
2011-08-10,KRBL,88,87,86,86,840,72620
2011-08-11,KRBL,86,87,86,86,330,28400
2011-08-16,KRBL,86,86,85,85,70,6000
2011-08-17,KRBL,85,85,85,85,230,19550
2011-08-18,KRBL,85,84,83,83,290,24110
2011-08-22,KRBL,83,84,84,84,320,26880
2011-08-23,KRBL,84,85,85,85,90,7650
2011-08-24,KRBL,85,85,83,83,250,20900
2011-08-25,KRBL,83,82,79,79,420,33710
2011-08-28,KRBL,79,78,77,77,170,13190
2011-08-29,KRBL,77,76,71,71,170,12370
2011-08-30,KRBL,71,71,71,71,230,16330
2011-09-04,KRBL,71,72,72,72,10,720
2011-09-05,KRBL,72,75,73,74,240,17860
2011-09-06,KRBL,74,74,72,72,1800,132710
2011-09-07,KRBL,72,72,71,71,190,13510
2011-09-08,KRBL,71,71,70,70,560,39600
2011-09-12,KRBL,70,71,71,71,570,40470
2011-09-13,KRBL,71,72,69,72,130,9180
2011-09-14,KRBL,72,73,72,73,180,13100
2011-09-15,KRBL,73,77,73,77,800,59270
2011-09-18,KRBL,77,78,77,77,40,3100
2011-09-19,KRBL,77,77,74,77,220,16570
2011-09-20,KRBL,77,77,75,75,310,23720
2011-09-21,KRBL,75,74,70,70,710,51100
2011-09-22,KRBL,70,70,70,70,90,6300
2011-09-25,KRBL,70,72,71,72,270,19200
2011-09-26,KRBL,72,72,72,72,100,7200
2011-09-27,KRBL,72,73,72,73,360,26120
2011-09-29,KRBL,73,74,73,74,100,7350
2011-10-10,KRBL,74,75,73,73,210,15520
2011-10-12,KRBL,73,74,74,74,30,2220
2011-10-13,KRBL,74,75,74,75,560,41940
2011-10-16,KRBL,75,74,73,73,490,36230
2011-10-17,KRBL,73,76,74,76,160,11920
2011-10-19,KRBL,76,75,75,75,30,2250
2011-10-23,KRBL,75,75,75,75,100,7500
2011-10-24,KRBL,75,77,76,77,830,63130
2011-10-25,KRBL,77,76,75,75,240,18080
2011-10-30,KRBL,75,74,71,72,90,6490
2011-10-31,KRBL,72,73,72,72,250,18190
2011-11-08,KRBL,72,74,72,74,540,39420
2011-11-09,KRBL,74,75,75,75,390,29250
2011-11-10,KRBL,75,76,74,76,170,12690
2011-11-14,KRBL,76,76,76,76,50,3800
2011-11-15,KRBL,76,76,76,76,60,4560
2011-11-16,KRBL,76,76,75,76,270,20420
2011-11-17,KRBL,76,76,75,75,310,23350
2011-11-20,KRBL,75,76,75,75,70,5300
2011-11-21,KRBL,75,75,75,75,50,3750
2011-11-22,KRBL,75,75,71,71,140,10240
2011-11-23,KRBL,71,71,70,71,80,5640
2011-11-27,KRBL,71,72,70,72,190,13570
2011-12-01,KRBL,71,70,69,69,730,51010
2011-12-04,KRBL,69,69,66,66,260,17390
2011-12-07,KRBL,66,65,65,65,60,3900
2011-12-08,KRBL,65,66,65,66,100,6560
2011-12-12,KRBL,66,65,63,63,40,2550
2011-12-13,KRBL,63,64,64,64,120,7680
2011-12-18,KRBL,64,68,65,66,270,17860
2011-12-19,KRBL,66,66,66,66,10,660
2011-12-20,KRBL,66,67,67,67,40,2680
2011-12-22,KRBL,67,68,67,67,340,23110
2011-12-26,KRBL,67,67,65,65,500,33100
2011-12-27,KRBL,65,65,63,63,310,19810
2011-12-28,KRBL,63,65,61,65,670,42550
2011-12-29,KRBL,65,67,66,67,300,20000
2012-01-01,KRBL,67,67,66,66,140,9330
2012-01-02,KRBL,66,66,65,65,180,11800
2012-01-03,KRBL,65,65,65,65,40,2600
2012-01-04,KRBL,65,65,64,65,900,58000
2012-01-05,KRBL,65,65,64,65,460,29740
2012-01-08,KRBL,65,64,64,64,10,640
2012-01-09,KRBL,64,65,65,65,110,7150
2012-01-10,KRBL,65,66,65,65,630,41150
2012-01-11,KRBL,65,66,65,65,180,11750
2012-01-12,KRBL,65,65,65,65,70,4550
2012-01-17,KRBL,65,67,65,67,30,1980
2012-01-18,KRBL,67,68,68,68,10,680
2012-01-19,KRBL,68,69,68,69,190,13000
2012-01-22,KRBL,69,68,66,67,240,15960
2012-01-23,KRBL,67,69,68,69,90,6160
2012-01-25,KRBL,69,69,69,69,230,15870
2012-01-29,KRBL,69,70,70,70,20,1400
2012-01-31,KRBL,70,71,70,71,210,14710
2012-02-01,KRBL,71,72,71,72,30,2150
2012-02-02,KRBL,72,73,70,72,140,10020
2012-02-05,KRBL,72,72,72,72,10,720
2012-02-09,KRBL,72,72,72,72,360,25920
2012-02-13,KRBL,72,69,65,65,400,26300
2012-02-14,KRBL,65,64,61,62,870,54370
2012-02-15,KRBL,62,62,61,62,200,12360
2012-02-16,KRBL,62,63,61,61,570,35740
2012-02-21,KRBL,61,64,62,63,290,18220
2012-02-23,KRBL,63,64,64,64,20,1280
2012-02-26,KRBL,64,64,62,63,80,5050
2012-02-28,KRBL,63,64,64,64,130,8320
2012-02-29,KRBL,64,65,64,65,220,14290
2012-03-04,KRBL,65,64,64,64,100,6400
2012-03-05,KRBL,64,65,64,64,80,5140
2012-03-06,KRBL,64,64,64,64,160,10240
2012-03-11,KRBL,64,65,65,65,20,1300
2012-03-18,KRBL,65,64,60,60,360,22340
2012-03-19,KRBL,60,63,59,60,1360,82460
2012-03-20,KRBL,60,59,59,59,70,4130
2012-03-21,KRBL,59,60,60,60,10,600
2012-03-25,KRBL,60,60,59,59,1350,80190
2012-03-26,KRBL,59,60,59,60,210,12540
2012-03-27,KRBL,60,61,59,61,180,10860
2012-03-29,KRBL,61,60,59,59,450,26740
2012-04-01,KRBL,59,59,59,59,150,8850
2012-04-02,KRBL,59,59,57,58,40,2320
2012-04-03,KRBL,58,58,58,58,10,580
2012-04-04,KRBL,58,58,57,58,20,1150
2012-04-05,KRBL,58,57,57,57,120,6840
2012-04-08,KRBL,57,57,57,57,60,3420
2012-04-09,KRBL,57,58,58,58,70,4060
2012-04-10,KRBL,58,59,57,59,100,5760
2012-04-15,KRBL,59,60,60,60,30,1800
2012-04-17,KRBL,60,62,61,62,120,7380
2012-04-19,KRBL,62,63,63,63,10,630
2012-04-26,KRBL,63,66,64,66,30,1950
2012-04-29,KRBL,66,68,67,68,30,2020
2012-04-30,KRBL,68,68,67,67,350,23550
2012-05-02,KRBL,67,67,67,67,60,4020
2012-05-10,KRBL,67,66,65,65,410,27010
2012-05-13,KRBL,65,66,65,65,450,29650
2012-05-14,KRBL,65,64,64,64,140,8960
2012-05-15,KRBL,64,63,63,63,60,3780
2012-05-21,KRBL,63,62,62,62,80,4960
2012-05-22,KRBL,62,61,60,60,110,6660
2012-05-24,KRBL,60,61,61,61,90,5490
2012-05-27,KRBL,61,60,60,60,140,8400
2012-06-11,KRBL,60,59,58,58,440,25610
2012-06-13,KRBL,58,57,57,57,30,1710
2012-06-14,KRBL,57,56,52,52,260,13770
2012-06-17,KRBL,52,53,49,49,470,23620
2012-06-18,KRBL,49,49,49,49,200,9800
2012-06-19,KRBL,49,50,49,50,150,7400
2012-06-20,KRBL,50,50,50,50,10,500
2012-06-21,KRBL,50,50,50,50,120,6000
2012-06-25,KRBL,50,51,51,51,70,3570
2012-06-26,KRBL,51,51,51,51,50,2550
2012-06-27,KRBL,51,52,52,52,10,520
2012-06-28,KRBL,52,51,51,51,120,6120
2012-07-01,KRBL,51,51,51,51,40,2040
2012-07-02,KRBL,51,50,50,50,280,14000
2012-07-03,KRBL,50,51,51,51,40,2040
2012-07-05,KRBL,51,54,52,54,400,21200
2012-07-08,KRBL,54,55,55,55,10,550
2012-07-09,KRBL,55,56,56,56,10,560
2012-07-10,KRBL,56,56,54,54,310,17070
2012-07-11,KRBL,54,54,53,53,240,12910
2012-07-16,KRBL,53,56,54,56,90,4920
2012-07-17,KRBL,56,57,55,57,200,11320
2012-07-18,KRBL,57,59,57,58,260,15120
2012-07-19,KRBL,58,63,59,63,640,39580
2012-07-22,KRBL,63,64,62,64,620,38960
2012-07-24,KRBL,64,70,65,70,480,32390
2012-07-25,KRBL,70,77,71,77,910,68350
2012-07-26,KRBL,77,80,78,80,1600,126280
2012-07-29,KRBL,80,83,81,81,240,19560
2012-07-30,KRBL,81,81,81,81,440,35640
2012-08-01,KRBL,81,80,80,80,10,800
2012-08-05,KRBL,80,80,80,80,10,800
2012-08-07,KRBL,80,80,79,79,690,54710
2012-08-08,KRBL,79,79,78,79,170,13380
2012-08-14,KRBL,79,78,78,78,10,780
2012-08-15,KRBL,78,78,73,73,320,24040
2012-08-16,KRBL,73,72,71,71,120,8540
2012-08-19,KRBL,71,78,72,78,360,27130
2012-08-21,KRBL,78,85,79,84,1210,100420
2012-08-22,KRBL,84,87,85,86,670,57600
2012-08-26,KRBL,86,85,83,83,410,34630
2012-08-27,KRBL,83,84,80,80,250,20680
2012-08-28,KRBL,80,80,75,76,480,36930
2012-08-29,KRBL,76,77,75,77,290,21910
2012-08-30,KRBL,77,79,77,79,400,31240
2012-09-02,KRBL,79,80,80,80,10,800
2012-09-03,KRBL,80,88,81,88,240,20420
2012-09-04,KRBL,88,88,84,84,880,76080
2012-09-05,KRBL,84,86,84,84,330,27800
2012-09-06,KRBL,84,83,82,82,110,9120
2012-09-09,KRBL,82,81,78,78,560,44690
2012-09-10,KRBL,78,79,78,78,260,20340
2012-09-11,KRBL,78,80,79,80,220,17580
2012-09-16,KRBL,80,82,81,82,100,8130
2012-09-17,KRBL,82,82,81,81,80,6520
2012-09-18,KRBL,81,81,81,81,230,18630
2012-09-19,KRBL,81,80,80,80,70,5600
2012-09-23,KRBL,80,81,81,81,40,3240
2012-09-24,KRBL,81,82,82,82,100,8200
2012-09-25,KRBL,82,82,81,81,200,16300
2012-09-26,KRBL,81,81,80,81,380,30500
2012-09-30,KRBL,81,81,79,81,310,24800
2012-10-01,KRBL,81,80,80,80,230,18400
2012-10-03,KRBL,80,79,77,78,260,20190
2012-10-04,KRBL,78,77,76,76,40,3050
2012-10-07,KRBL,76,77,75,76,1320,99420
2012-10-08,KRBL,76,75,75,75,150,11250
2012-10-09,KRBL,75,74,74,74,160,11840
2012-10-10,KRBL,74,73,73,73,200,14600
2012-10-11,KRBL,73,73,72,73,210,15300
2012-10-14,KRBL,73,73,73,73,310,22630
2012-10-15,KRBL,73,72,72,72,80,5760
2012-10-17,KRBL,72,73,73,73,50,3650
2012-10-18,KRBL,73,72,72,72,40,2880
2012-10-30,KRBL,72,73,73,73,50,3650
2012-10-31,KRBL,73,74,74,74,110,8140
2012-11-01,KRBL,74,75,75,75,110,8250
2012-11-04,KRBL,75,76,75,76,110,8350
2012-11-05,KRBL,76,77,75,77,470,35410
2012-11-07,KRBL,77,81,78,81,130,10360
2012-11-11,KRBL,81,80,80,80,200,16000
2012-11-12,KRBL,80,79,79,79,60,4740
2012-12-05,KRBL,79,79,78,78,730,57010
2012-12-06,KRBL,78,77,77,77,100,7700
2012-12-09,KRBL,77,78,78,78,10,780
2012-12-10,KRBL,78,77,77,77,40,3080
2013-01-03,KRBL,77,76,76,76,20,1520
2013-01-07,KRBL,76,75,73,73,300,22320
2013-01-08,KRBL,73,73,73,73,140,10220
2013-01-27,KRBL,73,72,72,72,320,23040
2013-05-05,KRBL,72,71,70,70,50,3510
2013-05-23,KRBL,70,69,67,67,640,43620
2013-06-13,KRBL,67,66,61,61,280,17380
2013-06-18,KRBL,61,58,55,55,700,38860
2013-06-19,KRBL,55,54,53,54,180,9660
2013-06-20,KRBL,54,53,52,52,410,21670
2013-06-24,KRBL,52,52,51,51,160,8200
2013-06-26,KRBL,51,51,50,50,890,44750
2013-06-27,KRBL,50,51,50,50,270,13520
2013-06-30,KRBL,50,51,49,50,1750,88610
2013-07-01,KRBL,50,51,50,51,180,9010
2013-07-02,KRBL,51,51,50,51,460,23310
2013-07-04,KRBL,51,51,50,51,340,17010
2013-07-07,KRBL,51,53,51,53,110,5700
2013-07-08,KRBL,53,52,52,52,810,42120
2013-07-09,KRBL,52,54,53,54,130,6990
2013-07-23,KRBL,54,55,53,53,180,9700
2013-07-24,KRBL,53,54,54,54,100,5400
2013-07-25,KRBL,54,53,53,53,100,5300
2013-07-30,KRBL,53,52,50,50,100,5110
2013-07-31,KRBL,50,50,50,50,160,8000
2013-08-04,KRBL,50,50,50,50,500,25000
2013-08-05,KRBL,50,50,49,49,230,11330
2013-08-06,KRBL,49,50,49,50,20,990
2013-08-07,KRBL,50,53,50,53,330,17030
2013-08-08,KRBL,53,54,54,54,140,7560
2013-08-11,KRBL,54,55,55,55,10,550
2013-08-12,KRBL,55,59,56,59,180,10330
2013-08-13,KRBL,59,58,57,57,70,4020
2013-08-14,KRBL,57,56,56,56,50,2800
2013-08-15,KRBL,56,57,56,57,150,8430
2013-08-18,KRBL,57,57,56,56,340,19050
2013-08-19,KRBL,56,59,57,59,150,8700
2013-08-20,KRBL,59,63,60,63,110,6660
2013-08-26,KRBL,63,69,64,69,350,23710
2013-08-27,KRBL,69,75,70,75,380,28170
2013-08-29,KRBL,75,82,76,82,680,54710
2013-09-01,KRBL,82,88,83,88,1610,139450
2013-09-02,KRBL,88,96,89,96,1810,171230
2013-09-03,KRBL,96,96,95,95,200,19010
2013-09-04,KRBL,95,94,93,93,50,4680
2013-09-25,KRBL,93,93,93,93,30,2790
2013-11-28,KRBL,93,92,87,87,70,6240
2013-12-01,KRBL,87,86,80,80,350,28770
2013-12-02,KRBL,80,85,79,85,1460,118690
2013-12-03,KRBL,85,93,86,93,2050,189570
2013-12-04,KRBL,93,97,94,97,120,11570
2013-12-05,KRBL,97,100,98,99,1150,114210
2013-12-08,KRBL,99,98,96,96,500,48620
2013-12-09,KRBL,96,97,95,97,240,22850
2013-12-10,KRBL,97,98,97,98,320,31200
2013-12-11,KRBL,98,97,93,94,450,42570
2013-12-12,KRBL,94,93,93,93,150,13950
2013-12-15,KRBL,93,95,94,94,270,25520
2013-12-29,KRBL,94,93,92,92,310,28730
2014-01-06,KRBL,92,91,86,87,220,19090
2014-01-07,KRBL,87,86,85,85,850,72900
2014-01-08,KRBL,85,84,84,84,1120,94080
2014-01-09,KRBL,84,85,83,84,560,47080
2014-01-12,KRBL,84,83,82,82,160,13240
2014-01-13,KRBL,82,82,80,82,420,34290
2014-01-14,KRBL,82,83,81,83,570,46690
2014-01-16,KRBL,83,83,82,83,300,24870
2014-01-19,KRBL,83,84,83,84,50,4190
2014-01-20,KRBL,84,86,83,86,1270,107700
2014-01-21,KRBL,86,87,86,87,1380,119010
2014-01-22,KRBL,87,88,86,87,160,13870
2014-01-23,KRBL,87,88,86,88,220,19070
2014-01-26,KRBL,88,93,87,93,630,56300
2014-01-27,KRBL,93,102,92,102,1120,110710
2014-01-28,KRBL,102,112,100,112,1370,150360
2014-01-29,KRBL,112,118,112,116,3370,391060
2014-02-02,KRBL,116,114,114,114,500,57000
2014-02-03,KRBL,114,112,112,112,530,59360
2014-02-06,KRBL,101,106,101,105,670,69860
2014-02-09,KRBL,105,107,103,106,1560,163660
2014-02-10,KRBL,106,112,108,111,2180,240930
2014-02-11,KRBL,111,122,113,120,3930,468910
2014-02-12,KRBL,120,120,116,120,580,68900
2014-02-13,KRBL,120,118,108,111,1510,168540
2014-02-16,KRBL,111,110,104,106,150,16000
2014-02-17,KRBL,106,116,104,116,1010,112510
2014-02-18,KRBL,116,114,110,114,680,75640
2014-02-23,KRBL,114,118,114,118,420,48740
2014-02-24,KRBL,118,120,120,120,80,9600
2014-02-25,KRBL,120,118,116,116,260,30280
2014-02-26,KRBL,116,114,112,112,680,77040
2014-03-03,KRBL,112,110,103,103,950,100280
2014-03-04,KRBL,103,105,102,103,1050,108060
2014-03-05,KRBL,103,104,100,104,360,36740
2014-03-06,KRBL,104,114,105,114,1150,128130
2014-03-09,KRBL,114,112,112,112,70,7840
2014-03-11,KRBL,112,110,108,110,60,6520
2014-03-12,KRBL,110,108,108,108,40,4320
2014-03-17,KRBL,105,103,103,103,380,39140
2014-03-18,KRBL,103,102,98,98,1060,106000
2014-03-19,KRBL,98,102,99,100,1140,115050
2014-03-20,KRBL,100,100,98,100,560,55780
2014-03-23,KRBL,100,104,98,104,1070,108880
2014-03-24,KRBL,104,104,103,103,180,18630
2014-03-25,KRBL,103,101,99,99,60,5960
2014-03-26,KRBL,99,100,100,100,60,6000
2014-03-27,KRBL,100,104,100,104,300,30500
2014-03-31,KRBL,104,102,102,102,40,4080
2014-04-01,KRBL,102,100,100,100,310,31000
2014-04-02,KRBL,100,108,100,108,2360,249650
2014-04-03,KRBL,108,116,110,110,3400,381770
2014-04-07,KRBL,110,108,106,106,300,32100
2014-04-09,KRBL,106,107,105,105,230,24270
2014-04-13,KRBL,105,103,103,103,20,2060
2014-04-15,KRBL,103,103,101,103,490,49890
2014-04-16,KRBL,103,104,102,104,200,20450
2014-04-17,KRBL,104,108,102,108,1280,136480
2014-04-20,KRBL,108,106,102,106,230,23860
2014-04-21,KRBL,106,110,108,110,490,53180
2014-04-22,KRBL,110,108,108,108,10,1080
2014-04-23,KRBL,108,106,101,101,420,42840
2014-04-27,KRBL,101,106,101,106,200,20620
2014-04-28,KRBL,106,110,104,110,700,76220
2014-04-29,KRBL,110,116,112,116,560,63140
2014-05-05,KRBL,116,114,114,114,20,2280
2014-05-06,KRBL,114,112,112,112,10,1120
2014-05-07,KRBL,112,112,112,112,670,75040
2014-05-08,KRBL,112,110,104,104,350,37220
2014-05-11,KRBL,104,108,104,106,430,45400
2014-05-12,KRBL,106,109,104,109,200,21200
2014-05-13,KRBL,109,113,110,113,1030,114920
2014-05-18,KRBL,113,113,111,111,1010,112930
2014-05-19,KRBL,111,122,113,122,920,109280
2014-05-20,KRBL,122,134,122,134,4200,553440
2014-05-21,KRBL,134,147,135,145,2360,333480
2014-05-22,KRBL,145,149,145,148,2870,423620
2014-05-25,KRBL,148,147,144,144,210,30470
2014-06-01,KRBL,144,142,140,140,360,50500
2014-06-03,KRBL,140,138,134,134,530,72460
2014-06-04,KRBL,134,132,130,130,350,45540
2014-06-05,KRBL,130,134,128,133,1090,141790
2014-06-08,KRBL,133,137,131,137,770,102330
2014-06-09,KRBL,137,140,135,135,1510,208050
2014-06-10,KRBL,135,137,131,137,320,42840
2014-06-11,KRBL,137,135,133,133,720,96160
2014-06-12,KRBL,133,137,132,137,2930,395790
2014-06-15,KRBL,137,135,129,130,310,40580
2014-06-16,KRBL,130,134,130,134,1260,167820
2014-06-17,KRBL,134,147,134,147,1260,178850
2014-06-18,KRBL,147,149,147,147,360,53520
2014-06-19,KRBL,147,150,148,150,1440,215380
2014-06-23,KRBL,150,152,147,150,700,104980
2014-06-24,KRBL,150,148,146,147,470,69050
2014-06-25,KRBL,147,145,141,141,210,29970
2014-06-26,KRBL,141,143,139,143,640,90530
2014-06-29,KRBL,143,149,141,149,1740,251690
2014-06-30,KRBL,149,154,150,151,1130,171850
2014-07-01,KRBL,151,152,148,148,710,105720
2014-07-02,KRBL,148,162,148,162,2460,380730
2014-07-03,KRBL,162,160,160,160,840,134400
2014-07-06,KRBL,160,157,157,157,500,78500
2014-07-07,KRBL,157,166,154,166,1060,168340
2014-07-08,KRBL,166,178,163,178,1290,223780
2014-07-09,KRBL,178,175,175,175,10,1750
2014-07-10,KRBL,175,179,175,179,820,145410
2014-07-13,KRBL,179,180,176,180,880,157360
2014-07-14,KRBL,180,192,180,187,2790,519690
2014-07-15,KRBL,187,190,187,190,1820,342900
2014-07-16,KRBL,190,193,190,193,230,44120
2014-07-17,KRBL,193,204,194,204,950,190720
2014-07-20,KRBL,204,220,205,220,1360,286000
2014-07-21,KRBL,220,242,217,242,2140,496320
2014-07-22,KRBL,242,266,240,266,4740,1192810
2014-07-23,KRBL,266,267,261,265,2470,651590
2014-07-24,KRBL,265,264,255,257,1850,475780
2014-07-27,KRBL,257,261,253,261,900,230760
2014-07-28,KRBL,261,275,266,275,450,120840
2014-07-30,KRBL,275,270,260,265,2210,583350
2014-07-31,KRBL,265,260,250,260,390,100440
2014-08-03,KRBL,260,286,260,286,2561,723892
2014-08-04,KRBL,286,291,281,285,2570,733940
2014-08-05,KRBL,285,290,280,284,1720,485710
2014-08-06,KRBL,284,285,276,276,1160,324300
2014-08-13,KRBL,276,271,261,261,80,21230
2014-08-14,KRBL,261,256,246,248,1050,262950
2014-08-18,KRBL,248,244,236,236,640,151960
2014-08-19,KRBL,236,235,227,227,830,191180
2014-08-20,KRBL,227,223,212,215,1270,275800
2014-08-21,KRBL,215,216,211,216,2020,429210
2014-08-24,KRBL,216,215,207,214,1080,229070
2014-08-25,KRBL,214,210,207,207,220,46140
2014-08-26,KRBL,207,211,201,208,770,158130
2014-08-27,KRBL,208,220,212,216,210,45280
2014-08-28,KRBL,216,216,216,216,3710,801360
2014-08-31,KRBL,216,212,208,208,160,33320
2014-09-01,KRBL,208,205,201,201,560,114630
2014-09-03,KRBL,201,198,194,198,430,84300
2014-09-04,KRBL,198,195,195,195,10,1950
2014-09-07,KRBL,195,192,187,192,460,87250
2014-09-09,KRBL,192,197,191,196,1860,361490
2014-09-10,KRBL,196,199,194,198,630,123440
2014-09-11,KRBL,198,198,195,195,1080,211890
2014-09-14,KRBL,195,194,190,192,460,88550
2014-09-15,KRBL,192,197,187,197,560,107840
2014-09-16,KRBL,197,198,195,196,120,23500
2014-09-17,KRBL,196,198,193,196,960,188360
2014-09-18,KRBL,196,193,188,188,490,93420
2014-09-21,KRBL,188,188,182,188,260,47590
2014-09-22,KRBL,188,186,185,185,520,96420
2014-09-23,KRBL,185,188,185,188,20,3730
2014-09-28,KRBL,188,186,184,185,410,75680
2014-09-29,KRBL,185,182,182,182,30,5460
2014-10-08,KRBL,182,184,181,184,130,23560
2014-10-09,KRBL,184,186,183,186,110,20190
2014-10-12,KRBL,186,204,185,204,260,51000
2014-10-13,KRBL,204,204,200,204,280,56620
2014-10-14,KRBL,204,216,208,212,300,63670
2014-10-15,KRBL,212,214,206,206,190,39820
2014-10-16,KRBL,206,210,203,204,210,43130
2014-11-06,KRBL,204,208,206,208,1080,224600
2014-11-09,KRBL,208,205,196,196,90,18130
2014-11-10,KRBL,196,193,193,193,210,40530
2014-11-11,KRBL,193,193,193,193,100,19300
2014-11-12,KRBL,193,190,184,188,1260,236130
2014-11-13,KRBL,188,185,185,185,20,3700
2014-11-16,KRBL,185,183,182,182,220,40190
2014-11-19,KRBL,182,179,170,175,220,38450
2014-11-20,KRBL,175,172,169,169,160,27340
2014-11-24,KRBL,169,166,166,166,40,6640
2014-11-25,KRBL,166,163,163,163,120,19560
2014-11-30,KRBL,163,165,165,165,80,13200
2014-12-02,KRBL,165,162,156,156,380,59910
2014-12-03,KRBL,156,153,147,147,780,116850
2014-12-04,KRBL,147,145,145,145,50,7250
2014-12-07,KRBL,145,143,141,141,660,93910
2014-12-08,KRBL,141,140,140,140,160,22400
2014-12-09,KRBL,140,142,140,140,150,21150
2014-12-10,KRBL,140,140,138,138,330,46140
2014-12-11,KRBL,138,142,138,142,320,44880
2014-12-15,KRBL,142,156,144,156,150,22560
2014-12-16,KRBL,156,159,159,159,10,1590
2014-12-18,KRBL,159,156,156,156,120,18720
2014-12-21,KRBL,156,156,153,153,70,10740
2014-12-22,KRBL,153,150,149,149,200,29960
2014-12-23,KRBL,149,150,145,145,570,83620
2014-12-24,KRBL,145,145,145,145,200,29000
2014-12-28,KRBL,145,145,145,145,170,24650
2014-12-29,KRBL,145,145,143,143,30,4330
2015-01-04,KRBL,143,145,143,145,490,70150
2015-01-05,KRBL,145,147,147,147,10,1470
2015-01-06,KRBL,147,151,149,151,50,7470
2015-01-07,KRBL,151,152,151,151,80,12140
2015-01-08,KRBL,151,160,154,160,40,6250
2015-01-11,KRBL,160,158,157,157,60,9450
2015-01-12,KRBL,157,160,154,160,110,17450
2015-01-13,KRBL,160,166,160,166,190,30700
2015-01-14,KRBL,166,182,169,182,1080,190660
2015-01-18,KRBL,182,200,185,200,2100,408260
2015-01-19,KRBL,200,204,196,200,3130,625410
2015-01-20,KRBL,200,208,196,206,1100,220390
2015-01-22,KRBL,206,214,199,214,1200,244470
2015-01-25,KRBL,214,235,218,235,2830,649130
2015-01-26,KRBL,235,249,235,249,780,185090
2015-01-27,KRBL,249,252,228,228,1750,408930
2015-01-28,KRBL,228,224,216,216,170,37320
2015-01-29,KRBL,216,216,208,216,410,85840
2015-02-01,KRBL,216,214,212,214,310,65930
2015-02-02,KRBL,214,226,215,226,380,83530
2015-02-03,KRBL,226,224,216,220,730,161000
2015-02-04,KRBL,220,224,216,224,30,6600
2015-02-05,KRBL,224,239,220,239,3770,873870
2015-02-08,KRBL,239,243,231,243,1330,313700
2015-02-09,KRBL,243,239,227,227,300,68820
2015-02-10,KRBL,227,239,230,235,560,131130
2015-02-11,KRBL,235,241,225,241,1270,292530
2015-02-12,KRBL,241,265,244,265,10980,2854670
2015-02-15,KRBL,265,270,254,255,1280,332570
2015-02-16,KRBL,255,260,250,260,680,174670
2015-02-18,KRBL,260,276,261,276,2260,607650
2015-02-22,KRBL,276,300,271,300,6480,1841300
2015-02-23,KRBL,300,324,297,320,9960,3084200
2015-02-24,KRBL,320,350,326,340,8700,2955570
2015-02-25,KRBL,340,339,328,335,2070,693300
2015-02-26,KRBL,335,335,328,330,2830,936640
2015-03-01,KRBL,330,330,318,327,8290,2684880
2015-03-02,KRBL,327,339,320,339,6120,2030420
2015-03-03,KRBL,339,339,322,324,8910,2957280
2015-03-04,KRBL,259,284,264,284,2340,661960
2015-03-09,KRBL,284,298,280,280,2230,634220
2015-03-10,KRBL,280,289,282,289,1010,289300
2015-03-11,KRBL,289,299,293,295,1080,320410
2015-03-12,KRBL,295,290,282,282,90,25570
2015-03-15,KRBL,282,294,287,290,610,177330
2015-03-16,KRBL,290,292,292,292,280,81760
2015-03-17,KRBL,292,295,290,294,680,198800
2015-03-19,KRBL,294,289,285,287,670,192460
2015-03-22,KRBL,287,285,282,282,1050,296700
2015-03-23,KRBL,282,278,277,277,100,27750
2015-03-24,KRBL,277,272,262,262,340,91430
2015-03-25,KRBL,262,267,258,267,430,112430
2015-03-26,KRBL,267,265,265,265,120,31800
2015-03-29,KRBL,265,265,265,265,483,127995
2015-03-31,KRBL,265,260,255,255,90,23000
2015-04-01,KRBL,255,255,255,255,60,15300
2015-04-05,KRBL,255,260,256,256,120,31120
2015-04-06,KRBL,256,255,255,255,60,15300
2015-04-07,KRBL,255,250,250,250,70,17500
2015-04-12,KRBL,250,261,255,261,140,36240
2015-04-13,KRBL,261,287,266,287,670,189570
2015-04-15,KRBL,287,288,287,288,20,5750
2015-04-16,KRBL,288,286,286,286,170,48620
2015-04-21,KRBL,286,283,278,278,300,83900
2015-06-09,KRBL,278,288,283,283,1520,431160
2015-06-10,KRBL,283,278,278,278,660,183480
2015-06-11,KRBL,278,273,273,273,50,13650
2015-06-14,KRBL,273,268,263,263,100,26600
2015-06-15,KRBL,263,273,268,273,40,10870
2015-06-16,KRBL,273,278,263,278,1890,503570
2015-06-25,KRBL,278,273,273,273,10,2730
2015-06-28,KRBL,273,268,248,268,1360,343040
2015-07-01,KRBL,268,263,255,255,500,129310
2015-07-02,KRBL,255,252,248,252,580,144120
2015-07-06,KRBL,252,249,249,249,200,49800
2015-07-07,KRBL,249,249,245,249,290,71410
2015-07-08,KRBL,249,250,245,245,400,98360
2015-07-09,KRBL,245,249,249,249,30,7470
2015-07-12,KRBL,249,260,250,260,110,27650
2015-07-13,KRBL,260,255,255,255,10,2550
2015-07-14,KRBL,255,266,255,266,990,257510
2015-07-15,KRBL,266,266,265,266,440,116720
2015-07-16,KRBL,266,272,266,267,840,224910
2015-07-22,KRBL,267,286,272,276,650,179810
2015-07-23,KRBL,276,285,276,285,1300,366400
2015-07-27,KRBL,285,295,285,285,760,219450
2015-07-28,KRBL,285,284,280,284,170,47680
2015-07-29,KRBL,284,280,266,266,380,103740
2015-07-30,KRBL,266,271,246,266,1340,345630
2015-08-03,KRBL,266,279,270,271,740,203380
2015-08-04,KRBL,271,271,263,263,830,221640
2015-08-05,KRBL,263,260,255,260,164,42180
2015-08-06,KRBL,260,265,260,265,364,95560
2015-08-09,KRBL,265,265,260,265,110,28850
2015-08-10,KRBL,265,265,262,263,890,234370
2015-08-11,KRBL,263,263,253,253,730,190590
2015-08-12,KRBL,253,250,242,243,310,75590
2015-08-13,KRBL,243,243,240,243,880,212600
2015-08-16,KRBL,243,240,235,235,240,57000
2015-08-17,KRBL,235,231,231,231,100,23100
2015-08-18,KRBL,231,230,227,230,90,20580
2015-08-19,KRBL,230,231,231,231,70,16170
2015-08-20,KRBL,231,236,228,236,320,74390
2015-08-23,KRBL,236,232,228,228,512,118736
2015-08-24,KRBL,228,229,228,229,50,11440
2015-08-25,KRBL,229,235,230,235,120,27660
2015-08-26,KRBL,235,232,232,232,200,46400
2015-08-27,KRBL,232,251,236,251,370,92090
2015-08-31,KRBL,251,266,256,260,870,226890
2015-09-01,KRBL,260,265,255,265,1062,275880
2015-09-02,KRBL,265,260,255,255,310,80200
2015-09-03,KRBL,255,265,260,265,500,131000
2015-09-06,KRBL,265,270,265,265,740,198750
2015-09-07,KRBL,265,265,265,265,100,26500
2015-09-09,KRBL,265,265,260,260,410,106750
2015-09-10,KRBL,260,255,255,255,190,48450
2015-09-13,KRBL,255,260,255,256,850,218090
2015-09-14,KRBL,256,257,257,257,500,128500
2015-09-15,KRBL,257,262,262,262,170,44540
2015-09-16,KRBL,262,265,260,265,885,233725
2015-09-23,KRBL,265,260,259,259,280,72600
2015-09-24,KRBL,259,257,252,252,570,143840
2015-09-28,KRBL,252,252,252,252,82,20664
2015-09-29,KRBL,252,247,247,247,514,126958
2015-09-30,KRBL,247,244,243,244,560,136580
2015-10-01,KRBL,244,262,248,262,960,244440
2015-10-04,KRBL,262,262,257,257,235,61070
2015-10-05,KRBL,257,256,246,246,650,163700
2015-10-07,KRBL,246,242,239,239,290,69730
2015-10-08,KRBL,239,248,236,248,500,120950
2015-10-15,KRBL,248,245,229,233,250,60730
2015-10-27,KRBL,233,253,237,253,50,12250
2015-10-29,KRBL,253,248,240,240,540,131640
2015-11-08,KRBL,240,236,232,232,180,41800
2015-11-10,KRBL,232,228,224,224,210,47840
2015-11-16,KRBL,224,221,220,221,210,46360
2015-11-22,KRBL,221,217,210,212,1700,360250
2015-11-25,KRBL,212,216,216,216,30,6480
2015-11-26,KRBL,216,212,212,212,410,86920
2015-12-01,KRBL,212,218,214,218,20,4320
2015-12-02,KRBL,218,222,221,222,40,8870
2015-12-06,KRBL,222,230,226,230,20,4560
2015-12-07,KRBL,230,226,222,222,87,19362
2015-12-09,KRBL,222,229,225,229,20,4540
2015-12-10,KRBL,229,225,217,217,520,114080
2015-12-13,KRBL,217,220,213,213,680,147200
2015-12-14,KRBL,213,209,205,205,290,60570
2015-12-15,KRBL,205,209,209,209,400,83600
2015-12-20,KRBL,209,205,203,203,300,61100
2015-12-21,KRBL,203,203,203,203,200,40600
2015-12-22,KRBL,203,200,200,200,150,30000
2015-12-23,KRBL,200,200,198,198,190,37700
2015-12-27,KRBL,198,200,197,200,730,145310
2015-12-28,KRBL,200,198,197,197,500,98700
2015-12-29,KRBL,197,200,200,200,410,82000
2015-12-31,KRBL,200,204,203,204,180,36590
2016-01-05,KRBL,204,204,200,201,590,119320
2016-01-06,KRBL,201,220,205,220,1040,224400
2016-01-07,KRBL,220,224,219,220,1080,238500
2016-01-10,KRBL,220,218,218,218,200,43600
2016-01-11,KRBL,218,214,207,207,135,28635
2016-01-12,KRBL,207,207,199,202,269,54335
2016-01-13,KRBL,202,198,198,198,30,5940
2016-01-14,KRBL,198,198,192,198,318,61976
2016-05-22,KRBL,154,169,157,169,50,8150
2016-05-23,KRBL,169,185,172,185,60,10750
2016-05-24,KRBL,185,203,188,203,160,32030
2016-05-25,KRBL,203,223,207,223,250,54110
2016-05-26,KRBL,223,245,227,245,3730,913350
2016-05-29,KRBL,245,269,249,269,2585,690655
2016-05-30,KRBL,269,295,274,295,380,111540
2016-05-31,KRBL,295,324,300,316,7735,2468580
2016-06-01,KRBL,316,322,285,285,3630,1065890
2016-06-02,KRBL,285,280,270,270,350,96250
2016-06-06,KRBL,270,275,250,250,910,233850
2016-06-07,KRBL,250,255,238,240,870,210700
2016-06-08,KRBL,240,252,236,252,1880,456960
2016-06-09,KRBL,252,265,255,255,2050,530420
2016-06-13,KRBL,255,250,250,250,350,87500
2016-06-14,KRBL,250,245,245,245,50,12250
2016-06-15,KRBL,245,243,239,243,1100,266300
2016-06-16,KRBL,243,255,237,241,1730,422280
2016-06-19,KRBL,241,257,237,257,100,24290
2016-06-20,KRBL,257,267,257,257,660,173270
2016-06-21,KRBL,257,260,260,260,700,182000
2016-06-22,KRBL,260,270,262,265,2420,643540
2016-06-23,KRBL,265,260,256,256,460,118960
2016-06-26,KRBL,256,261,255,261,420,107780
2016-06-27,KRBL,261,275,257,270,2170,586120
2016-06-28,KRBL,270,282,270,280,2160,602365
2016-06-29,KRBL,280,302,285,292,2610,761580
2016-06-30,KRBL,292,288,283,283,330,93440
2016-07-03,KRBL,283,285,280,285,240,67610
2016-07-04,KRBL,285,290,284,290,2370,680330
2016-07-05,KRBL,290,312,275,306,3087,932335
2016-07-06,KRBL,306,324,310,324,465,146400
2016-07-10,KRBL,324,320,318,318,450,143200
2016-07-11,KRBL,318,318,312,312,580,182500
2016-07-12,KRBL,312,310,309,309,400,123910
2016-07-13,KRBL,309,303,292,292,685,203350
2016-07-14,KRBL,292,303,290,303,2350,697750
2016-07-17,KRBL,303,297,292,293,1060,312520
2016-07-18,KRBL,293,290,290,290,100,29000
2016-07-19,KRBL,290,295,290,295,20,5850
2016-07-20,KRBL,295,310,300,302,1905,577805
2016-07-21,KRBL,302,332,302,332,5225,1676455
2016-07-25,KRBL,332,365,338,365,10335,3742480
2016-07-26,KRBL,365,401,365,401,10145,3904635
2016-07-27,KRBL,401,437,405,408,7840,3263650
2016-07-28,KRBL,408,417,403,403,1930,785970
2016-08-01,KRBL,403,395,395,395,10,3950
2016-08-02,KRBL,395,388,381,381,1150,439200
2016-08-03,KRBL,381,374,355,355,1270,455640
2016-08-04,KRBL,355,355,336,336,1885,650695
2016-08-07,KRBL,336,342,335,335,660,225100
2016-08-08,KRBL,335,330,324,324,300,98400
2016-08-10,KRBL,324,336,330,336,820,273600
2016-08-11,KRBL,336,343,339,342,890,304000
2016-08-15,KRBL,342,336,324,324,1171,386240
2016-08-16,KRBL,324,319,319,319,50,15950
2016-08-17,KRBL,319,338,325,333,1240,412300
2016-08-23,KRBL,333,327,321,321,200,64500
2016-08-24,KRBL,321,321,315,315,300,95100
2016-08-28,KRBL,315,315,309,315,300,93300
2016-08-30,KRBL,315,327,321,327,135,43635
2016-08-31,KRBL,327,333,328,331,1600,528900
2016-09-01,KRBL,331,335,329,335,300,99210
2016-09-03,KRBL,335,368,330,368,2715,926635
2016-09-05,KRBL,368,403,372,402,720,278330
2016-09-06,KRBL,402,434,391,391,7385,3057185
2016-09-07,KRBL,391,398,394,394,750,296150
2016-09-08,KRBL,394,398,380,397,2180,846035
2016-09-11,KRBL,397,400,390,395,1610,633970
2016-09-12,KRBL,395,388,381,387,1540,591520
2016-09-14,KRBL,387,380,380,380,130,49400
2016-09-18,KRBL,380,376,375,375,566,212626
2016-09-20,KRBL,375,382,370,382,730,277650
2016-10-02,KRBL,382,396,389,396,20,7850
2016-11-07,KRBL,396,403,403,403,35,14105
2016-11-30,KRBL,403,403,403,403,10,4030
2016-12-05,KRBL,403,395,363,363,60,22680
2016-12-06,KRBL,363,356,327,327,100,34160
2016-12-07,KRBL,327,321,295,295,290,86690
2016-12-08,KRBL,295,290,267,285,1185,329380
2016-12-11,KRBL,285,285,285,285,70,19950
2016-12-14,KRBL,285,285,270,270,210,58450
2016-12-15,KRBL,270,265,260,265,739,193375
2016-12-18,KRBL,265,266,255,255,359,93372
2016-12-19,KRBL,255,264,255,264,1877,490021
2016-12-20,KRBL,264,260,255,255,410,105400
2016-12-21,KRBL,255,250,250,250,222,55500
2016-12-22,KRBL,250,245,241,241,250,61050
2016-12-26,KRBL,241,237,217,217,1400,317600
2016-12-27,KRBL,217,215,209,213,910,193710
2016-12-28,KRBL,213,209,205,205,370,76650
2016-12-29,KRBL,205,205,205,205,70,14350
2017-01-03,KRBL,205,205,202,205,370,75760
2017-01-04,KRBL,205,225,209,225,210,46490
2017-01-05,KRBL,225,247,229,247,552,135844
2017-01-08,KRBL,247,271,251,271,140,37440
2017-01-09,KRBL,271,298,276,298,5406,1592547
2017-01-10,KRBL,298,327,303,327,4304,1380378
2017-01-11,KRBL,327,359,333,359,5266,1884266
2017-01-12,KRBL,359,352,325,325,1527,511229
2017-01-15,KRBL,325,342,324,330,760,255110
2017-01-16,KRBL,330,330,297,297,1791,551233
2017-01-17,KRBL,297,300,290,295,1287,377105
2017-01-18,KRBL,295,290,280,283,108,30660
2017-01-19,KRBL,283,306,288,306,170,50820
2017-01-22,KRBL,306,300,293,293,1372,404200
2017-01-23,KRBL,293,290,288,290,125,36220
2017-01-24,KRBL,290,285,280,280,212,59610
2017-01-26,KRBL,280,275,270,270,70,19200
2017-01-30,KRBL,270,265,265,265,30,7950
2017-01-31,KRBL,265,275,270,270,135,36500
2017-02-01,KRBL,270,285,275,285,400,111375
2017-02-02,KRBL,285,290,280,290,310,89065
2017-02-05,KRBL,290,285,285,285,50,14250
2017-02-06,KRBL,285,285,275,275,410,114350
2017-02-07,KRBL,275,271,265,265,612,165430
2017-02-08,KRBL,265,265,260,265,200,52250
2017-02-09,KRBL,265,265,260,260,200,52750
2017-02-13,KRBL,260,255,250,250,136,34560
2017-02-15,KRBL,250,260,250,260,575,147750
2017-02-16,KRBL,260,270,265,270,290,77320
2017-02-19,KRBL,270,265,255,260,1050,274400
2017-02-20,KRBL,260,270,255,255,950,250350
2017-02-21,KRBL,255,260,250,250,396,101004
2017-02-22,KRBL,250,275,255,275,3661,1003830
2017-02-23,KRBL,275,299,280,286,3919,1143416
2017-02-26,KRBL,286,291,286,291,250,72250
2017-02-28,KRBL,291,291,287,287,234,67638
2017-03-02,KRBL,287,283,277,277,260,72870
2017-03-05,KRBL,277,278,272,272,852,234400
2017-03-06,KRBL,272,275,270,275,350,95625
2017-03-07,KRBL,275,276,276,276,400,110400
2017-03-09,KRBL,276,274,273,274,512,140076
2017-03-13,KRBL,274,278,273,273,110,30080
2017-03-15,KRBL,273,278,268,268,515,138895
2017-03-16,KRBL,268,266,263,263,552,145676
2017-03-19,KRBL,263,265,258,260,2733,712306
2017-03-20,KRBL,260,265,255,265,1042,270980
2017-03-21,KRBL,265,280,260,275,2362,640505
2017-03-22,KRBL,275,285,265,265,2763,764695
2017-03-23,KRBL,265,270,260,265,3367,892195
2017-03-26,KRBL,265,285,265,280,1505,417150
2017-03-28,KRBL,280,290,280,280,3605,1019850
2017-03-29,KRBL,280,285,275,275,625,175625
2017-03-30,KRBL,275,271,265,265,3422,917178
2017-04-02,KRBL,265,261,260,261,151,39371
2017-04-03,KRBL,261,272,256,256,6887,1836557
2017-04-04,KRBL,256,270,250,257,3889,1014654
2017-04-06,KRBL,257,277,257,272,2595,696605
2017-04-09,KRBL,272,272,267,269,1808,488051
2017-04-10,KRBL,269,280,270,280,3551,975375
2017-04-11,KRBL,280,290,280,290,2034,581613
2017-04-12,KRBL,290,317,290,299,3376,1036992
2017-04-13,KRBL,299,306,285,300,9160,2723683
2017-04-16,KRBL,300,305,294,305,7180,2164272
2017-04-18,KRBL,305,299,294,294,320,94180
2017-04-19,KRBL,294,295,291,291,712,209840
2017-04-20,KRBL,291,300,292,292,1863,549813
2017-04-23,KRBL,292,321,297,321,1918,600753
2017-04-24,KRBL,321,326,309,326,4549,1426720
2017-04-25,KRBL,326,323,310,311,13302,4239728
2017-05-03,KRBL,288,311,278,311,4416,1314203
2017-05-04,KRBL,311,318,298,301,4258,1304463
2017-05-07,KRBL,301,295,280,285,297,84740
2017-05-08,KRBL,285,295,285,285,2460,709110
2017-05-09,KRBL,285,290,290,290,463,134270
2017-05-11,KRBL,290,295,285,295,324,94024
2017-05-15,KRBL,295,298,295,295,1038,308048
2017-05-16,KRBL,295,291,290,290,540,157100
2017-05-17,KRBL,290,295,295,295,60,17700
2017-05-18,KRBL,295,293,287,293,3327,962958
2017-05-21,KRBL,293,290,280,280,524,151780
2017-05-22,KRBL,280,280,276,280,102,28224
2017-05-23,KRBL,280,276,275,276,117,32275
2017-05-24,KRBL,276,277,271,271,900,246000
2017-05-28,KRBL,271,267,257,257,1210,315170
2017-05-30,KRBL,257,282,262,282,426,119632
2017-05-31,KRBL,282,310,287,310,10878,3371010
2017-06-01,KRBL,310,341,316,337,27824,9323081
2017-06-04,KRBL,337,343,318,320,10046,3322273
2017-06-05,KRBL,320,321,305,310,3491,1099610
2017-06-06,KRBL,310,327,315,327,1100,350786
2017-06-07,KRBL,327,333,315,316,5388,1750172
2017-06-08,KRBL,316,325,315,319,772,245676
2017-06-11,KRBL,319,325,310,310,1184,371996
2017-06-12,KRBL,310,315,305,309,339,105105
2017-06-13,KRBL,309,305,305,305,188,57340
2017-06-14,KRBL,305,311,299,311,920,278107
2017-06-15,KRBL,311,319,307,307,1171,364249
2017-06-18,KRBL,307,307,299,307,1053,321151
2017-06-19,KRBL,307,304,295,295,150,45174
2017-06-20,KRBL,295,300,290,300,1416,420510
2017-06-21,KRBL,300,312,297,312,1066,325147
2017-06-22,KRBL,312,309,306,306,802,246682
2017-06-25,KRBL,306,302,300,300,378,113700
2017-06-27,KRBL,300,306,300,300,436,132100
2017-06-28,KRBL,300,300,296,300,105,31460
2017-07-02,KRBL,300,295,290,290,1307,385081
2017-07-03,KRBL,290,295,290,290,1540,449710
2017-07-04,KRBL,290,290,285,290,300,86000
2017-07-05,KRBL,290,290,290,290,30,8700
2017-07-06,KRBL,290,290,285,290,170,48800
2017-07-09,KRBL,290,290,285,285,800,229100
2017-07-10,KRBL,285,285,276,285,174,49106
2017-07-11,KRBL,285,293,285,288,874,253640
2017-07-12,KRBL,288,316,293,316,2983,940216
2017-07-13,KRBL,316,338,317,317,7433,2394019
2017-07-16,KRBL,317,315,309,311,612,192628
2017-07-17,KRBL,311,308,304,305,760,232480
2017-07-18,KRBL,305,313,301,307,108,32988
2017-07-19,KRBL,307,314,308,310,1784,556510
2017-07-20,KRBL,310,312,305,310,1817,560439
2017-07-23,KRBL,310,310,304,306,218,66862
2017-07-24,KRBL,306,306,298,298,1449,436044
2017-07-25,KRBL,298,303,298,303,1240,373760
2017-07-26,KRBL,303,307,299,299,1264,383089
2017-07-27,KRBL,299,304,299,304,191,57414
2017-07-30,KRBL,304,305,299,300,2146,646039
2017-07-31,KRBL,300,306,294,306,1270,381880
2017-08-01,KRBL,306,306,300,306,686,207479
2017-08-02,KRBL,306,305,305,305,320,97600
2017-08-03,KRBL,305,318,305,310,645,200670
2017-08-06,KRBL,310,310,305,306,2505,768425
2017-08-07,KRBL,306,303,298,300,1519,456154
2017-08-09,KRBL,300,309,300,309,1204,367100
2017-08-10,KRBL,309,315,306,309,3538,1095270
2017-08-13,KRBL,309,305,300,305,1577,475805
2017-08-15,KRBL,305,309,303,303,602,182470
2017-08-16,KRBL,303,305,303,303,1278,389234
2017-08-17,KRBL,303,302,297,300,514,153946
2017-08-20,KRBL,300,300,294,294,287,85638
2017-08-21,KRBL,294,294,291,292,578,169298
2017-08-22,KRBL,292,300,291,300,386,113904
2017-08-23,KRBL,300,294,290,290,389,114210
2017-08-27,KRBL,290,285,280,282,615,174027
2017-08-28,KRBL,282,285,281,284,366,103738
2017-08-30,KRBL,284,284,284,284,69,19596
2017-08-31,KRBL,284,285,281,281,407,114871
2017-09-04,KRBL,281,282,282,282,313,88266
2017-09-07,KRBL,282,283,272,278,621,172007
2017-09-10,KRBL,278,273,258,259,906,238688
2017-09-11,KRBL,259,262,258,262,556,145400
2017-09-12,KRBL,262,262,257,259,1027,266275
2017-09-13,KRBL,259,258,254,258,208,53336
2017-09-14,KRBL,258,275,262,275,418,111801
2017-09-17,KRBL,275,280,280,280,100,28000
2017-09-18,KRBL,280,280,278,278,432,120696
2017-09-24,KRBL,278,273,270,270,154,41916
2017-09-26,KRBL,270,274,270,274,582,159428
2017-10-08,KRBL,274,270,270,270,94,25380
2017-10-09,KRBL,270,275,275,275,10,2750
2017-10-10,KRBL,275,270,265,265,187,50055
2017-10-11,KRBL,265,260,259,259,253,65587
2017-10-12,KRBL,259,255,255,255,144,36720
2017-10-15,KRBL,255,251,250,251,168,42061
2017-10-16,KRBL,251,276,255,276,615,167703
2017-10-17,KRBL,276,276,271,275,213,58388
2017-10-18,KRBL,275,280,280,280,28,7840
2017-10-22,KRBL,280,281,280,280,500,140200
2017-10-23,KRBL,280,275,275,275,13,3575
2017-10-24,KRBL,275,278,275,275,194,53800
2017-10-25,KRBL,275,275,270,275,88,23825
2017-10-29,KRBL,275,270,270,270,86,23220
2017-10-30,KRBL,270,265,260,260,124,32440
2017-10-31,KRBL,260,260,260,260,500,130000
2017-11-01,KRBL,260,261,255,261,214,55288
2017-11-02,KRBL,261,259,251,252,908,229415
2017-11-05,KRBL,252,262,257,262,97,25229
2017-11-06,KRBL,262,257,247,247,1339,334238
2017-11-07,KRBL,247,247,243,246,550,134040
2017-11-08,KRBL,246,245,242,242,700,170060
2017-11-09,KRBL,242,245,240,242,1127,271970
2017-11-12,KRBL,242,242,238,242,386,93318
2017-11-13,KRBL,242,248,244,248,120,29560
2017-11-14,KRBL,248,272,252,272,90,23180
2017-11-15,KRBL,272,270,261,261,871,231145
2017-11-16,KRBL,261,260,255,255,736,188757
2017-11-19,KRBL,255,250,250,250,18,4500
2017-11-20,KRBL,250,249,245,249,290,71850
2017-11-21,KRBL,249,248,241,248,680,166149
2017-11-22,KRBL,248,265,248,256,1439,363584
2017-11-23,KRBL,256,281,256,256,1741,456226
2017-11-26,KRBL,256,281,261,281,6163,1683417
2017-11-27,KRBL,281,307,275,290,1854,548680
2017-11-28,KRBL,290,306,276,304,7395,2186804
2017-11-29,KRBL,304,310,293,303,2892,872956
2017-11-30,KRBL,303,305,290,290,2412,716492
2017-12-04,KRBL,290,295,281,295,543,157198
2017-12-05,KRBL,295,290,286,286,320,91600
2017-12-06,KRBL,286,282,282,282,300,84600
2017-12-10,KRBL,282,280,277,277,170,47332
2017-12-11,KRBL,277,275,269,269,517,141127
2017-12-12,KRBL,269,267,262,264,990,261540
2017-12-13,KRBL,264,277,262,272,1159,312391
2017-12-14,KRBL,272,277,267,267,243,66341
2017-12-17,KRBL,267,265,262,265,1170,309594
2017-12-18,KRBL,265,291,270,277,7574,2150908
2017-12-19,KRBL,277,287,270,278,4372,1219337
2017-12-20,KRBL,278,280,275,275,1272,351000
2017-12-21,KRBL,275,275,270,270,664,180476
2017-12-24,KRBL,270,270,265,268,550,146950
2017-12-26,KRBL,268,269,264,269,459,121875
2017-12-27,KRBL,269,278,258,258,516,137160
2017-12-28,KRBL,258,268,246,250,4874,1235797
2017-12-31,KRBL,250,247,239,239,1333,324791
2018-01-01,KRBL,239,249,240,249,2846,697576
2018-01-02,KRBL,249,251,241,241,3656,903133
2018-01-03,KRBL,241,243,226,230,17024,3948724
2018-01-04,KRBL,140,146,137,137,1120,156230
2018-01-07,KRBL,137,140,137,140,1907,263689
2018-01-08,KRBL,140,140,138,138,1423,198640
2018-01-09,KRBL,138,138,137,138,650,89650
2018-01-10,KRBL,138,140,138,138,830,114820
2018-01-14,KRBL,138,138,133,133,846,113518
2018-01-16,KRBL,133,133,130,133,1308,170896
2018-01-17,KRBL,133,131,131,131,30,3930
2018-01-21,KRBL,131,133,128,133,662,86450
2018-01-22,KRBL,133,135,131,135,350,46650
2018-01-23,KRBL,135,133,131,131,68,9024
2018-01-24,KRBL,131,130,128,128,847,108986
2018-01-25,KRBL,128,130,128,130,423,54701
2018-01-28,KRBL,130,134,130,130,1052,138134
2018-01-29,KRBL,130,131,128,130,1654,214564
2018-01-31,KRBL,130,133,130,130,246,32410
2018-02-01,KRBL,130,128,128,128,20,2560
2018-02-04,KRBL,128,132,127,132,3024,394557
2018-02-05,KRBL,132,132,130,130,298,39140
2018-02-06,KRBL,130,130,124,124,1520,191580
2018-02-07,KRBL,124,134,126,127,843,109750
2018-02-08,KRBL,127,131,125,131,513,65825
2018-02-11,KRBL,131,131,129,131,4168,543908
2018-02-12,KRBL,131,134,130,134,1260,166388
2018-02-14,KRBL,134,133,132,133,200,26500
2018-02-15,KRBL,133,135,132,135,1032,137018
2018-02-18,KRBL,134,136,133,133,1825,243950
2018-02-20,KRBL,131,133,129,129,277,36293
2018-02-21,KRBL,129,131,127,127,1002,128600
2018-02-22,KRBL,125,128,125,127,801,101527
2018-02-25,KRBL,125,127,125,127,488,61852
2018-02-26,KRBL,129,129,129,129,100,12900
2018-02-27,KRBL,127,129,127,128,308,39538
2018-02-28,KRBL,129,129,127,129,296,38088
2018-03-04,KRBL,129,129,125,125,650,81650
2018-03-05,KRBL,123,125,121,123,2250,276691
2018-03-06,KRBL,125,125,125,125,270,33750
2018-03-07,KRBL,124,125,124,125,56,6954
2018-03-11,KRBL,124,125,121,121,1100,135200
2018-03-12,KRBL,120,122,120,122,618,75360
2018-03-13,KRBL,122,122,121,122,1600,194800
2018-03-14,KRBL,124,124,123,123,110,13550
2018-03-15,KRBL,122,122,122,122,260,31720
2018-03-18,KRBL,120,124,120,124,130,15840
2018-03-19,KRBL,122,122,122,122,5486,669293
2018-03-20,KRBL,122,122,120,120,1884,228380
2018-03-21,KRBL,122,122,120,120,190,22900
2018-03-22,KRBL,120,120,120,120,213,25560
2018-03-26,KRBL,122,122,118,118,160,19020
2018-03-27,KRBL,116,118,116,118,626,73316
2018-03-28,KRBL,118,118,117,117,288,33896
2018-03-29,KRBL,117,119,117,119,360,42540
2018-04-01,KRBL,117,117,114,114,224,25890
2018-04-02,KRBL,114,114,114,114,16,1824
2018-04-03,KRBL,112,114,110,114,324,36224
2018-04-04,KRBL,116,116,116,116,21,2435
2018-04-05,KRBL,115,116,114,116,836,96140
2018-04-08,KRBL,118,126,118,124,667,81604
2018-04-09,KRBL,126,127,125,125,730,91810
2018-04-10,KRBL,126,126,121,121,230,28140
2018-04-11,KRBL,123,123,121,121,40,4880
2018-04-15,KRBL,120,120,120,120,30,3600
2018-04-16,KRBL,120,120,120,120,243,29160
2018-04-17,KRBL,122,122,122,122,334,40748
2018-04-18,KRBL,124,134,122,134,2722,339604
2018-04-19,KRBL,136,137,134,137,1030,139900
2018-04-22,KRBL,138,138,137,137,413,56981
2018-04-23,KRBL,139,139,137,137,670,92450
2018-04-25,KRBL,135,135,133,133,215,28625
2018-04-26,KRBL,131,131,131,131,33,4323
2018-05-02,KRBL,130,130,129,129,80,10350
2018-05-03,KRBL,127,127,123,125,312,39100
2018-05-06,KRBL,126,126,125,125,153,19186
2018-05-07,KRBL,123,123,119,119,272,32668
2018-05-08,KRBL,121,125,119,119,828,99768
2018-05-09,KRBL,117,117,117,117,218,25506
2018-05-10,KRBL,117,120,114,115,4353,499502
2018-05-14,KRBL,117,122,116,118,683,81202
2018-05-15,KRBL,116,116,116,116,36,4176
2018-05-16,KRBL,116,116,116,116,18,2088
2018-05-20,KRBL,117,118,117,118,213,25121
2018-05-21,KRBL,116,117,115,115,650,75742
2018-05-23,KRBL,115,115,115,115,118,13570
2018-05-24,KRBL,115,117,114,115,263,30226
2018-05-27,KRBL,113,115,113,115,1120,126580
2018-05-28,KRBL,115,123,115,123,318,37948
2018-05-29,KRBL,125,125,118,118,1418,171424
2018-05-30,KRBL,120,122,120,120,1015,122166
2018-06-03,KRBL,118,118,114,118,746,86916
2018-06-04,KRBL,118,122,118,122,38,4544
2018-06-06,KRBL,124,124,122,124,28,3436
2018-06-13,KRBL,122,122,114,115,697,81019
2018-06-14,KRBL,115,117,115,115,250,28772
2018-06-17,KRBL,114,114,112,112,30,3386
2018-06-18,KRBL,111,113,111,111,493,55185
2018-06-19,KRBL,110,112,110,112,44,4866
2018-06-20,KRBL,111,114,109,114,538,60005
2018-06-21,KRBL,114,116,113,113,489,55780
2018-06-24,KRBL,115,117,115,117,136,15892
2018-06-25,KRBL,116,117,116,117,63,7358
2018-06-26,KRBL,115,115,115,115,100,11500
2018-06-28,KRBL,113,113,112,112,841,94965
2018-07-01,KRBL,113,114,113,114,78,8879
2018-07-02,KRBL,112,112,108,108,575,64214
2018-07-03,KRBL,107,107,107,107,13,1391
2018-07-04,KRBL,108,110,108,108,462,50300
2018-07-05,KRBL,110,113,110,110,1185,131668
2018-07-08,KRBL,111,111,111,111,13,1443
2018-07-09,KRBL,112,114,110,110,460,51488
2018-07-10,KRBL,110,112,110,110,261,28806
2018-07-11,KRBL,110,112,110,110,3894,428458
2018-07-12,KRBL,108,108,106,106,742,79724
2018-07-15,KRBL,104,106,104,106,25,2624
2018-07-18,KRBL,108,108,106,106,138,14636
2018-07-19,KRBL,108,112,108,109,563,61815
2018-07-22,KRBL,109,109,109,109,10,1090
2018-07-23,KRBL,107,107,106,106,205,21925
2018-07-24,KRBL,105,106,105,106,37,3904
2018-07-25,KRBL,105,105,104,105,239,24930
2018-07-30,KRBL,107,107,107,107,280,29960
2018-07-31,KRBL,108,108,108,108,500,54000
2018-08-01,KRBL,107,107,105,106,607,64405
2018-08-02,KRBL,106,110,106,108,238,25752
2018-08-06,KRBL,106,106,106,106,36,3816
2018-08-07,KRBL,106,107,106,106,381,40528
2018-08-08,KRBL,104,104,103,103,277,28662
2018-08-09,KRBL,101,103,101,103,40,4096
2018-08-12,KRBL,103,103,103,103,500,51500
2018-08-13,KRBL,105,105,105,105,103,10815
2018-08-14,KRBL,106,108,106,108,100,10692
2018-08-15,KRBL,108,108,104,108,506,53980
2018-08-16,KRBL,110,110,110,110,122,13420
2018-08-19,KRBL,108,108,108,108,227,24516
2018-08-20,KRBL,108,109,104,106,537,56890
2018-08-21,KRBL,104,106,104,106,56,5850
2018-08-22,KRBL,108,109,106,106,668,71790
2018-08-23,KRBL,106,106,105,106,141,14927
2018-08-26,KRBL,104,104,100,100,7037,713414
2018-08-28,KRBL,101,103,100,101,3741,380559
2018-08-29,KRBL,100,102,100,101,2694,271733
2018-08-30,KRBL,103,103,101,102,3670,372781
2018-09-02,KRBL,104,104,101,101,2125,215925
2018-09-03,KRBL,103,105,101,101,5495,563351
2018-09-04,KRBL,103,105,101,101,7349,759585
2018-09-05,KRBL,103,106,103,106,6734,704786
2018-09-06,KRBL,107,107,102,105,8016,838271
2018-09-09,KRBL,103,105,102,102,6589,678967
2018-09-10,KRBL,102,102,102,102,1757,179214
2018-09-11,KRBL,102,105,102,102,3120,320522
2018-09-12,KRBL,103,105,103,103,4189,434117
2018-09-13,KRBL,105,107,103,103,4370,458485
2018-09-16,KRBL,105,106,104,104,3742,391460
2018-09-17,KRBL,103,109,100,108,12934,1346319
2018-09-18,KRBL,107,110,106,106,12814,1382827
2018-09-20,KRBL,106,108,105,105,3363,356374
2018-09-23,KRBL,107,108,105,107,5342,571506
2018-09-25,KRBL,105,111,105,111,6808,739470
2018-09-26,KRBL,110,110,108,108,2652,288094
2018-09-27,KRBL,107,112,107,109,5012,548078
2018-09-30,KRBL,107,107,105,106,4943,524058
2018-10-01,KRBL,106,106,103,103,6576,689082
2018-10-02,KRBL,103,107,103,105,6508,685260
2018-10-03,KRBL,104,107,104,105,4135,432147
2018-10-04,KRBL,103,105,103,104,1544,160853
2018-10-07,KRBL,103,106,103,105,1171,123617
2018-10-08,KRBL,107,107,107,107,4,420
2018-10-09,KRBL,105,105,103,104,1566,163350
2018-10-10,KRBL,104,105,104,105,2558,267839
2018-10-11,KRBL,106,106,106,106,454,48128
2018-10-14,KRBL,107,107,105,107,360,38401
2018-10-15,KRBL,108,108,106,106,315,33590
2018-10-21,KRBL,105,105,104,104,572,59982
2018-10-22,KRBL,105,106,103,106,3003,315575
2018-10-23,KRBL,104,105,103,103,3491,364192
2018-10-24,KRBL,105,106,105,105,426,44828
2018-10-25,KRBL,105,106,105,106,748,78554
2018-10-28,KRBL,104,104,103,103,2417,250971
2018-10-29,KRBL,102,106,102,104,1972,207934
2018-10-30,KRBL,103,104,103,104,1747,180249
2018-10-31,KRBL,104,106,103,103,2235,232724
2018-11-01,KRBL,103,104,102,103,1427,146700
2018-11-04,KRBL,103,103,103,103,112,11536
2018-11-05,KRBL,102,105,102,105,760,77840
2018-11-12,KRBL,104,105,103,103,230,23720
2018-11-13,KRBL,103,103,103,103,770,79310
2018-11-14,KRBL,103,104,103,104,364,37742
2018-11-15,KRBL,103,103,102,103,902,92394
2018-11-18,KRBL,103,104,102,102,800,82200
2018-11-19,KRBL,101,102,101,101,2100,212500
2018-11-20,KRBL,101,102,101,102,1075,109637
2018-11-21,KRBL,103,103,103,103,283,29149
2018-11-22,KRBL,102,102,101,101,365,37185
2018-11-25,KRBL,101,102,101,101,633,64016
2018-11-26,KRBL,103,104,99,100,2787,280368
2018-11-27,KRBL,99,100,99,99,1696,169004
2018-11-28,KRBL,99,102,99,102,221,22353
2018-11-29,KRBL,100,100,100,100,551,55100
2018-12-02,KRBL,100,101,100,100,4617,462607
2018-12-03,KRBL,101,102,101,101,2026,204900
2018-12-04,KRBL,100,101,100,101,433,43400
2018-12-05,KRBL,101,101,97,98,4371,428974
2018-12-06,KRBL,99,102,98,99,7510,750554
2018-12-09,KRBL,99,100,99,100,1632,163068
2018-12-10,KRBL,102,102,98,98,7767,764244
2018-12-11,KRBL,99,100,98,100,21060,2079550
2018-12-12,KRBL,100,101,100,100,1256,125650
2018-12-13,KRBL,98,102,98,100,4761,478450
2018-12-16,KRBL,100,100,99,99,12215,1219855
2018-12-17,KRBL,99,99,100,102,491,49507
2018-12-18,KRBL,100,101,100,100,5632,563732
2018-12-19,KRBL,101,101,101,101,377,38077
2018-12-20,KRBL,101,101,100,101,5093,512350
2018-12-23,KRBL,102,102,101,101,2577,261277
2018-12-24,KRBL,100,100,100,100,547,54700
2018-12-25,KRBL,101,101,100,100,11824,1183650
2018-12-26,KRBL,102,102,100,102,4396,441002
2018-12-27,KRBL,102,104,102,102,590,60630
2018-12-30,KRBL,102,102,101,101,2028,205928
2018-12-31,KRBL,101,101,100,100,350,35210
2019-01-01,KRBL,100,101,98,100,2410,240233
2019-01-02,KRBL,99,99,98,98,226,22218
2019-01-06,KRBL,99,99,98,98,146,14408
2019-01-07,KRBL,98,99,97,98,1812,176680
2019-01-08,KRBL,99,100,99,100,370,36900
2019-01-09,KRBL,100,100,100,100,900,90000
2019-01-10,KRBL,100,100,100,100,91,9100
2019-01-13,KRBL,100,100,100,100,100,10000
2019-01-14,KRBL,100,100,99,100,400,39800
2019-01-16,KRBL,100,100,100,100,359,35900
2019-01-17,KRBL,101,101,99,99,1900,190100
2019-01-20,KRBL,98,98,98,98,100,9800
2019-01-21,KRBL,99,99,99,99,979,96921
2019-01-22,KRBL,100,100,100,100,450,45000
2019-01-23,KRBL,99,99,98,99,1146,113370
2019-01-24,KRBL,98,99,98,99,2116,207493
2019-01-27,KRBL,98,99,97,98,4067,398475
2019-01-28,KRBL,97,98,97,97,156,15142
2019-01-29,KRBL,98,99,98,99,1447,142253
2019-01-30,KRBL,98,99,98,98,1529,150947
2019-01-31,KRBL,98,98,98,98,595,58310
2019-02-03,KRBL,97,98,97,98,310,30280
2019-02-04,KRBL,97,97,97,97,3026,293522
2019-02-05,KRBL,96,98,96,98,740,72286
2019-02-06,KRBL,97,99,97,98,370,36170
2019-02-07,KRBL,97,98,97,97,580,56590
2019-02-10,KRBL,96,98,95,97,1299,124832
2019-02-11,KRBL,97,97,96,97,1214,117122
2019-02-12,KRBL,97,97,96,96,975,93680
2019-02-13,KRBL,96,97,95,96,1352,128764
2019-02-14,KRBL,96,96,95,95,410,39100
2019-02-17,KRBL,95,96,95,96,212,20168
2019-02-18,KRBL,95,95,93,93,548,51434
2019-02-19,KRBL,93,93,92,92,245,22690
2019-02-20,KRBL,93,93,92,92,3036,282231
2019-02-21,KRBL,92,93,92,93,658,61183
2019-02-24,KRBL,94,94,92,93,691,63966
2019-02-25,KRBL,93,93,92,92,358,33046
2019-02-26,KRBL,91,92,90,90,684,61835
2019-03-03,KRBL,90,92,90,91,902,82022
2019-03-05,KRBL,92,93,91,92,266,24515
2019-03-06,KRBL,96,96,94,96,686,65670
2019-03-07,KRBL,97,99,97,98,244,23995
2019-03-10,KRBL,99,99,97,97,1161,113678
2019-03-11,KRBL,96,97,96,97,151,14604
2019-03-12,KRBL,97,100,97,98,498,49196
2019-03-13,KRBL,98,98,97,97,1350,131200
2019-03-14,KRBL,101,101,96,97,2245,219625
2019-03-17,KRBL,98,103,98,103,3702,372239
2019-03-18,KRBL,101,101,100,101,4095,410183
2019-03-19,KRBL,101,101,100,100,76,7610
2019-03-21,KRBL,99,100,99,100,1024,102276
2019-03-24,KRBL,99,99,98,98,582,57566
2019-03-25,KRBL,99,100,99,100,221,22000
2019-03-26,KRBL,100,101,100,101,2135,214802
2019-04-01,KRBL,99,99,100,100,726,72180
2019-04-02,KRBL,100,100,100,100,124,12400
2019-04-03,KRBL,100,100,99,99,110,10990
2019-04-04,KRBL,98,99,98,99,250,24600
2019-04-07,KRBL,99,100,99,99,905,89738
2019-04-08,KRBL,100,100,100,100,120,12000
2019-04-09,KRBL,101,102,101,101,3315,335265
2019-04-10,KRBL,102,102,102,102,60,6120
2019-04-11,KRBL,100,102,100,101,153,15420
2019-04-15,KRBL,101,101,100,100,249,24950
2019-04-16,KRBL,102,105,102,104,1688,174807
2019-04-17,KRBL,102,102,102,102,252,25704
2019-04-18,KRBL,102,104,100,100,2201,223510
2019-04-21,KRBL,99,100,99,99,538,53742
2019-04-22,KRBL,99,100,99,99,1848,184686
2019-04-23,KRBL,100,100,98,99,1476,145621
2019-04-24,KRBL,100,102,100,102,752,75925
2019-04-25,KRBL,101,103,101,102,4239,432589
2019-04-28,KRBL,102,102,99,99,1456,145677
2019-04-29,KRBL,98,100,98,98,2642,259786
2019-04-30,KRBL,97,100,97,98,1380,135907
2019-05-02,KRBL,98,98,97,98,172,16818
2019-05-05,KRBL,99,99,99,99,801,79299
2019-05-06,KRBL,98,99,98,99,1001,99083
2019-05-07,KRBL,100,100,100,100,55,5500
2019-05-09,KRBL,100,101,100,100,1124,112800
2019-05-12,KRBL,99,99,97,98,4522,441294
2019-05-13,KRBL,99,99,97,97,2037,199429
2019-05-14,KRBL,98,102,98,102,1086,108445
2019-05-15,KRBL,100,101,98,98,10079,1001269
2019-05-16,KRBL,99,107,99,107,19624,2060352
2019-05-19,KRBL,112,115,108,113,19022,2117126
2019-05-20,KRBL,111,111,105,110,2595,280897
2019-05-21,KRBL,110,112,107,108,1861,201802
2019-05-22,KRBL,109,116,109,110,7560,846842
2019-05-23,KRBL,112,112,110,111,6895,764512
2019-05-26,KRBL,111,112,108,108,2960,323003
2019-05-27,KRBL,110,118,108,117,22174,2510438
2019-05-28,KRBL,117,118,113,116,5774,669898
2019-05-29,KRBL,118,122,115,118,9545,1135018
2019-05-30,KRBL,120,121,114,116,11132,1321786
2019-06-02,KRBL,117,119,113,113,7967,933385
2019-06-03,KRBL,115,118,115,116,5759,669123
2019-06-04,KRBL,115,118,115,117,4866,565473
2019-06-06,KRBL,119,128,119,128,24661,3131534
2019-06-10,KRBL,130,135,123,124,9071,1163469
2019-06-11,KRBL,125,127,120,124,4029,496638
2019-06-12,KRBL,122,122,116,116,3710,443110
2019-06-13,KRBL,118,122,116,118,3511,416064
2019-06-16,KRBL,116,122,116,117,4296,506605
2019-06-17,KRBL,117,121,117,118,1261,149849
2019-06-18,KRBL,116,118,115,115,2716,314432
2019-06-19,KRBL,117,119,116,118,593,69691
2019-06-20,KRBL,116,118,116,116,739,86750
2019-06-23,KRBL,114,115,114,115,361,41429
2019-06-24,KRBL,113,116,113,116,1850,212000
2019-06-25,KRBL,116,116,115,116,4066,470666
2019-06-26,KRBL,115,115,114,114,2000,228300
2019-06-27,KRBL,113,115,112,115,2830,318224
2019-06-30,KRBL,113,117,113,117,360,40853
2019-07-01,KRBL,115,115,113,113,310,35430
2019-07-02,KRBL,114,114,114,114,200,22800
2019-07-03,KRBL,113,117,112,117,1602,181753
2019-07-04,KRBL,119,123,117,117,16176,1951849
2019-07-07,KRBL,119,120,115,120,6735,782830
2019-07-08,KRBL,118,118,116,116,865,101080
2019-07-09,KRBL,115,120,114,116,5553,644932
2019-07-10,KRBL,115,117,114,117,1619,185770
2019-07-11,KRBL,116,116,115,115,455,52477
2019-07-14,KRBL,113,115,112,112,1276,143542
2019-07-15,KRBL,114,116,114,116,950,108782
2019-07-16,KRBL,115,115,114,114,122,14020
2019-07-17,KRBL,116,118,114,118,950,109800
2019-07-18,KRBL,118,118,116,116,1200,139500
2019-07-21,KRBL,114,114,112,113,437,49185
2019-07-22,KRBL,114,118,114,115,1754,201977
2019-07-23,KRBL,115,115,115,115,20,2300
2019-07-24,KRBL,116,116,115,116,1467,169065
2019-07-25,KRBL,115,116,114,115,2032,233758
2019-07-28,KRBL,113,115,112,114,1573,178364
2019-07-29,KRBL,112,114,112,113,2035,230142
2019-07-30,KRBL,113,113,112,112,452,50924
2019-07-31,KRBL,113,114,112,113,795,89740
2019-08-04,KRBL,112,112,111,111,2507,278377
2019-08-05,KRBL,110,110,108,110,3267,356746
2019-08-06,KRBL,110,110,107,109,2176,235386
2019-08-07,KRBL,107,108,107,108,380,40758
2019-08-08,KRBL,108,108,108,108,59,6368
2019-08-11,KRBL,107,107,107,107,314,33598
2019-08-12,KRBL,109,110,109,110,300,32737
2019-08-14,KRBL,110,110,108,108,110,11900
2019-08-15,KRBL,107,109,107,109,80,8660
2019-08-18,KRBL,108,108,108,108,350,37800
2019-08-19,KRBL,108,109,108,109,618,67236
2019-08-21,KRBL,107,107,107,107,20,2140
2019-08-22,KRBL,106,106,106,106,50,5300
2019-08-25,KRBL,104,106,102,106,4790,502366
2019-08-26,KRBL,104,110,104,110,807,85738
2019-08-27,KRBL,110,110,110,110,265,29150
2019-08-28,KRBL,108,108,108,108,280,30240
2019-08-29,KRBL,106,106,104,104,1120,117020
2019-09-01,KRBL,102,108,102,107,1635,170390
2019-09-02,KRBL,109,109,101,101,2805,294885
2019-09-03,KRBL,103,105,103,105,333,34765
2019-09-04,KRBL,106,112,105,110,483,52181
2019-09-05,KRBL,108,108,105,105,921,97668
2019-09-08,KRBL,104,104,102,102,1369,140398
2019-09-09,KRBL,104,106,104,104,248,25812
2019-09-10,KRBL,103,106,103,106,467,49096
2019-09-11,KRBL,104,104,102,104,331,34222
2019-09-12,KRBL,103,103,101,101,2327,236885
2019-09-15,KRBL,103,103,100,102,1207,122402
2019-09-16,KRBL,103,103,101,101,1075,108880
2019-09-17,KRBL,110,110,110,110,90,9900
2019-09-18,KRBL,108,108,103,105,794,82970
2019-09-19,KRBL,105,105,105,105,524,55012
2019-09-22,KRBL,99,99,98,99,230,22731
2019-09-23,KRBL,100,100,100,100,50,5000
2019-09-24,KRBL,99,99,99,99,250,24750
2019-09-25,KRBL,99,99,100,102,1332,133486
2019-09-26,KRBL,104,104,100,103,1624,166349
2019-09-29,KRBL,101,101,101,101,460,46460
2019-09-30,KRBL,101,102,101,101,1130,114864
2019-10-01,KRBL,101,102,101,102,385,38970
2019-10-02,KRBL,101,101,101,101,200,20200
2019-10-03,KRBL,102,103,102,103,1334,137268
2019-10-14,KRBL,102,103,101,103,520,52780
2019-10-15,KRBL,104,105,104,105,1464,153520
2019-10-16,KRBL,105,105,105,105,80,8400
2019-10-21,KRBL,103,103,101,101,400,40900
2019-10-22,KRBL,101,103,99,99,3045,306355
2019-10-23,KRBL,100,100,98,99,328,32572
2019-10-24,KRBL,100,102,100,102,20,2020
2019-10-31,KRBL,102,102,100,101,176,17690
2019-11-03,KRBL,99,102,99,102,620,62100
2019-11-04,KRBL,101,101,100,101,683,68540
2019-11-05,KRBL,101,103,98,98,1619,161812
2019-11-07,KRBL,98,100,98,100,638,63218
2019-11-10,KRBL,100,100,100,100,159,15900
2019-11-11,KRBL,101,101,99,99,1004,100436
2019-11-12,KRBL,99,102,99,100,2295,229678
2019-11-13,KRBL,101,101,100,100,45,4515
2019-11-14,KRBL,101,101,100,100,300,30100
2019-11-17,KRBL,100,102,100,102,256,25988
2019-11-18,KRBL,100,102,100,102,822,82824
2019-11-19,KRBL,100,100,99,99,1040,103100
2019-11-20,KRBL,100,100,100,100,520,52000
2019-11-21,KRBL,99,100,99,99,1740,172300
2019-11-24,KRBL,99,99,98,98,1217,119366
2019-11-26,KRBL,97,97,97,97,63,6111
2019-11-27,KRBL,96,96,96,96,10,960
2019-11-28,KRBL,95,95,95,95,200,19000
2019-12-01,KRBL,96,96,95,95,213,20385
2019-12-02,KRBL,96,97,96,97,150,14450
2019-12-03,KRBL,98,98,98,98,100,9800
2019-12-04,KRBL,99,99,99,99,14,1386
2019-12-05,KRBL,99,99,99,99,300,29700
2019-12-08,KRBL,100,102,100,102,1324,132490
2019-12-09,KRBL,102,104,102,104,523,54368
2019-12-10,KRBL,106,106,103,103,310,32540
2019-12-11,KRBL,105,105,105,105,10,1050
2019-12-12,KRBL,103,103,101,103,900,92300
2019-12-15,KRBL,101,103,95,103,3870,379750
2019-12-16,KRBL,102,102,99,100,2188,220900
2019-12-17,KRBL,101,101,100,100,1200,120700
2019-12-18,KRBL,100,101,100,101,1000,100500
2019-12-19,KRBL,99,100,98,98,1350,133600
2019-12-22,KRBL,97,104,97,102,1600,163700
2019-12-23,KRBL,102,104,102,104,2129,217188
2019-12-24,KRBL,106,106,101,102,3323,337523
2019-12-25,KRBL,100,102,100,101,3399,342393
2019-12-26,KRBL,100,103,100,103,630,63060
2019-12-29,KRBL,103,103,101,101,161,16563
2019-12-30,KRBL,100,101,99,101,2065,205011
2019-12-31,KRBL,103,105,101,101,1252,127692
2020-01-01,KRBL,101,101,100,101,691,69704
2020-01-02,KRBL,103,103,101,101,660,66680
2020-01-05,KRBL,101,102,101,101,3032,306364
2020-01-06,KRBL,103,103,101,102,2888,295796
2020-01-07,KRBL,103,104,102,103,5442,561336
2020-01-08,KRBL,104,105,103,105,2535,262800
2020-01-09,KRBL,106,106,103,103,2480,259170
2020-01-12,KRBL,105,109,103,103,2682,283477
2020-01-13,KRBL,105,113,105,110,20913,2336982
2020-01-14,KRBL,108,114,104,112,3043,345189
2020-01-15,KRBL,110,115,108,110,10734,1206221
2020-01-16,KRBL,112,115,112,115,13047,1479802
2020-01-19,KRBL,116,124,116,122,18247,2199164
2020-01-20,KRBL,122,124,114,114,4475,521750
2020-01-21,KRBL,114,118,114,116,2023,233885
2020-01-22,KRBL,117,117,112,112,600,68400
2020-01-23,KRBL,113,117,111,111,5868,662875
2020-01-26,KRBL,111,111,108,109,2057,223652
2020-01-27,KRBL,110,113,107,113,245,26701
2020-01-28,KRBL,115,115,111,112,2508,280826
2020-01-29,KRBL,111,111,111,111,1930,214230
2020-01-30,KRBL,113,113,107,107,8635,948575
2020-02-02,KRBL,109,116,108,112,4174,468466
2020-02-03,KRBL,112,114,111,111,2036,228759
2020-02-04,KRBL,113,119,112,112,3311,375846
2020-02-05,KRBL,114,119,113,119,8392,962107
2020-02-06,KRBL,117,130,114,117,25525,3000010
2020-02-09,KRBL,119,119,113,116,1386,161774
2020-02-10,KRBL,118,119,116,118,4758,562271
2020-02-11,KRBL,116,121,116,117,17782,2124730
2020-02-12,KRBL,118,121,116,118,11948,1418178
2020-02-13,KRBL,120,120,117,117,10029,1177661
2020-02-16,KRBL,119,121,118,121,2851,341561
2020-02-17,KRBL,121,122,118,120,10107,1210213
2020-02-18,KRBL,119,127,119,121,17392,2137022
2020-02-19,KRBL,123,123,121,121,469,57387
2020-02-20,KRBL,120,123,119,120,7867,947636
2020-02-23,KRBL,121,124,119,124,6682,811297
2020-02-24,KRBL,126,129,122,122,14766,1858042
2020-02-25,KRBL,122,128,121,124,5026,621188
2020-02-26,KRBL,122,128,122,123,7712,952343
2020-02-27,KRBL,121,126,121,124,5947,725542
2020-03-01,KRBL,126,128,120,121,2967,359861
2020-03-02,KRBL,119,120,117,117,4302,507884
2020-03-03,KRBL,119,120,117,117,3123,370717
2020-03-04,KRBL,116,117,109,109,12556,1420254
2020-03-05,KRBL,107,112,105,112,7014,752866
2020-03-10,KRBL,110,110,110,110,10,1100
2020-03-11,KRBL,110,114,109,114,4640,512773
2020-03-12,KRBL,112,112,110,110,4374,487868
2020-03-15,KRBL,108,108,102,102,5272,551642
2020-03-16,KRBL,104,108,102,104,1447,150728
2020-03-17,KRBL,104,105,101,101,6079,622577
2020-03-18,KRBL,100,102,99,99,6557,657000
2020-03-19,KRBL,100,105,98,105,6098,615160
2020-05-13,KRBL,103,103,102,102,100,10250
2020-06-29,KRBL,100,100,98,98,615,60470
2020-06-30,KRBL,99,99,98,98,1010,98990
2020-07-02,KRBL,97,99,97,99,1490,146970
2020-07-05,KRBL,100,102,98,99,1387,138922
2020-07-06,KRBL,98,100,98,99,386,37924
2020-07-07,KRBL,98,102,98,102,1181,117960
2020-07-08,KRBL,100,100,97,97,980,96300
2020-07-09,KRBL,98,100,97,100,1249,122430
2020-07-12,KRBL,101,101,99,99,1227,123050
2020-07-13,KRBL,98,101,96,100,2112,209379
2020-07-14,KRBL,102,104,100,101,1417,142504
2020-07-15,KRBL,99,100,99,100,7762,776015
2020-07-16,KRBL,102,110,102,108,3182,344979
2020-07-19,KRBL,110,110,110,110,10,1100
2020-07-20,KRBL,112,115,108,108,11246,1261053
2020-07-21,KRBL,108,112,106,106,3302,359189
2020-07-22,KRBL,108,110,106,106,2169,231610
2020-07-23,KRBL,104,105,102,104,1098,114160
2020-07-26,KRBL,103,107,103,107,365,38323
2020-07-27,KRBL,109,109,104,104,4039,428149
2020-07-28,KRBL,106,107,104,107,1866,197630
2020-07-29,KRBL,107,109,105,105,334,35608
2020-07-30,KRBL,105,107,103,105,3365,351007
2020-08-02,KRBL,103,104,101,101,4719,480811
2020-08-03,KRBL,103,103,103,103,530,54590
2020-08-05,KRBL,102,104,101,104,2347,239257
2020-08-06,KRBL,105,111,101,102,2387,246993
2020-08-09,KRBL,104,105,103,104,766,79441
2020-08-10,KRBL,106,106,100,106,2400,249284
2020-08-11,KRBL,104,105,102,102,1327,137311
2020-08-12,KRBL,103,104,102,103,1044,106929
2020-08-13,KRBL,103,105,103,103,2274,237263
2020-08-16,KRBL,103,109,103,107,2766,290754
2020-08-17,KRBL,105,105,103,105,1868,193792
2020-08-18,KRBL,103,105,103,103,590,60840
2020-08-19,KRBL,105,105,102,102,1784,183769
2020-08-20,KRBL,102,103,102,102,648,66196
2020-08-23,KRBL,104,104,101,104,2770,285102
2020-08-24,KRBL,103,105,103,105,1255,130919
2020-08-25,KRBL,106,107,103,103,703,73398
2020-08-26,KRBL,108,108,102,104,3505,364194
2020-08-27,KRBL,103,106,102,102,1082,112426
2020-08-30,KRBL,105,105,103,104,1515,157075
2020-08-31,KRBL,103,108,103,103,8594,899596
2020-09-02,KRBL,104,108,104,107,7197,766218
2020-09-03,KRBL,108,109,105,108,6628,700244
2020-09-06,KRBL,113,113,105,108,2300,245978
2020-09-07,KRBL,106,106,105,105,480,50530
2020-09-08,KRBL,107,107,100,105,19353,1969031
2020-09-09,KRBL,104,106,101,105,2324,239774
2020-09-10,KRBL,103,105,101,104,4370,451113
2020-09-13,KRBL,105,106,103,106,1992,209094
2020-09-14,KRBL,108,108,104,106,2539,268074
2020-09-15,KRBL,105,107,104,105,1527,160292
2020-09-16,KRBL,105,105,102,105,24525,2535073
2020-09-17,KRBL,107,115,104,115,49886,5508016
2020-09-20,KRBL,115,120,113,115,14919,1740736
2020-09-21,KRBL,113,114,111,114,2130,240100
2020-09-22,KRBL,114,114,108,111,6334,698745
2020-09-23,KRBL,111,113,108,112,8913,981511
2020-09-24,KRBL,112,112,110,110,12011,1334204
2020-09-27,KRBL,112,120,112,120,32852,3867298
2020-09-28,KRBL,122,127,117,118,15285,1837720
2020-09-29,KRBL,119,119,116,118,8476,997384
2020-09-30,KRBL,117,129,117,129,48935,6075161
2020-10-01,KRBL,135,140,128,135,56384,7624773
2020-10-04,KRBL,136,139,130,134,23673,3174565
2020-10-05,KRBL,133,135,128,134,20702,2714027
2020-10-06,KRBL,135,135,128,130,15503,2030065
2020-10-07,KRBL,132,143,132,143,45151,6306807
2020-10-08,KRBL,150,157,147,157,104892,16388610
2020-10-11,KRBL,164,164,145,150,25284,3834638
2020-10-12,KRBL,157,160,143,156,48038,7316286
2020-10-13,KRBL,158,158,146,150,22738,3468198
2020-10-14,KRBL,147,148,142,142,16519,2379858
2020-10-15,KRBL,144,148,140,140,10761,1517924
2020-10-18,KRBL,141,154,138,144,21049,3124270
2020-10-19,KRBL,145,148,143,145,3769,543543
2020-10-20,KRBL,147,150,147,148,7895,1170884
2020-10-21,KRBL,146,148,144,145,6157,895171
2020-10-22,KRBL,147,149,145,145,3952,577826
2020-10-28,KRBL,147,149,143,149,15420,2251961
2020-10-29,KRBL,151,151,145,147,11917,1746730
2020-11-01,KRBL,149,149,142,142,10310,1487985
2020-11-02,KRBL,144,147,143,143,12449,1792255
2020-11-03,KRBL,145,147,143,143,5695,819734
2020-11-04,KRBL,142,147,142,143,5554,795717
2020-11-05,KRBL,145,146,141,143,9453,1342824
2020-11-08,KRBL,144,146,143,145,20676,2991648
2020-11-09,KRBL,143,145,142,145,14111,2029578
2020-11-10,KRBL,143,146,143,144,4999,720234
2020-11-11,KRBL,143,145,143,144,4087,589378
2020-11-12,KRBL,143,143,141,143,11444,1625817
2020-11-18,KRBL,143,144,139,140,8650,1214277
2020-11-19,KRBL,138,142,138,142,13248,1865040
2020-11-22,KRBL,140,146,140,141,16684,2385469
2020-11-23,KRBL,139,142,139,140,5095,718243
2020-11-24,KRBL,140,145,140,140,17133,2422352
2020-11-25,KRBL,142,151,142,150,29916,4402589
2020-11-26,KRBL,150,154,142,144,22291,3279191
2020-11-29,KRBL,146,155,144,153,42028,6340089
2020-11-30,KRBL,156,161,150,150,38669,6041435
2020-12-01,KRBL,153,153,147,150,15903,2382434
2020-12-02,KRBL,148,150,147,148,8711,1294234
2020-12-03,KRBL,150,150,144,146,10516,1530864
2020-12-06,KRBL,144,145,139,139,10255,1451481
2020-12-07,KRBL,139,143,139,143,10383,1464488
2020-12-08,KRBL,142,144,140,142,3821,537729
2020-12-09,KRBL,141,141,137,137,6694,926271
2020-12-10,KRBL,139,142,135,139,7497,1045200
2020-12-13,KRBL,138,141,136,141,4783,662244
2020-12-14,KRBL,139,141,138,138,7990,1110098
2020-12-15,KRBL,140,144,137,137,6716,933369
2020-12-16,KRBL,136,142,136,139,4922,684569
2020-12-17,KRBL,137,138,135,138,8581,1167668
2020-12-20,KRBL,140,140,131,131,6839,919903
2020-12-21,KRBL,131,134,127,131,9208,1196050
2020-12-22,KRBL,133,136,130,135,10011,1330174
2020-12-23,KRBL,137,137,131,133,1344,179185
2020-12-24,KRBL,132,135,130,135,9787,1295618
2020-12-27,KRBL,133,135,132,135,2451,327596
2020-12-28,KRBL,135,135,131,134,2554,337494
2020-12-29,KRBL,132,133,130,133,4409,580466
2020-12-30,KRBL,131,134,128,134,3046,400267
2020-12-31,KRBL,133,133,130,131,7539,986939
2021-01-03,KRBL,133,136,131,134,10721,1434374
2021-01-04,KRBL,128,138,128,136,4331,589142
2021-01-05,KRBL,134,138,132,138,5356,723394
2021-01-06,KRBL,138,138,135,137,3816,520668
2021-01-07,KRBL,135,136,134,136,7321,988216
2021-01-10,KRBL,135,142,135,142,34344,4808557
2021-01-11,KRBL,143,147,140,140,29126,4169374
2021-01-12,KRBL,139,148,139,144,21939,3165808
2021-01-13,KRBL,146,152,144,151,53419,7927976
2021-01-17,KRBL,151,158,147,158,60717,9240276
2021-01-18,KRBL,161,161,153,157,37064,5795039
2021-01-19,KRBL,158,158,152,154,27898,4313935
2021-01-20,KRBL,153,169,150,169,93824,15346949
2021-01-21,KRBL,177,185,174,185,29362,5409954
2021-01-24,KRBL,194,203,176,180,97842,18672858
2021-01-25,KRBL,180,183,170,176,36547,6377515
2021-01-26,KRBL,174,174,168,170,34016,5812053
2021-01-27,KRBL,168,176,167,175,22020,3776209
2021-01-28,KRBL,174,174,167,170,16481,2800160
2021-01-31,KRBL,173,173,162,164,15941,2624943
2021-02-01,KRBL,167,176,161,172,21423,3573240
2021-02-02,KRBL,175,175,170,171,13022,2234117
2021-02-03,KRBL,173,175,168,169,10065,1711072
2021-02-04,KRBL,166,173,163,169,26430,4458034
2021-02-07,KRBL,167,170,166,166,16667,2798351
2021-02-08,KRBL,169,172,167,170,13397,2268271
2021-02-11,KRBL,172,183,171,172,60089,10555541
2021-02-14,KRBL,175,175,166,166,22763,3837610
2021-02-15,KRBL,169,172,167,168,20451,3459594
2021-02-16,KRBL,160,174,160,167,53185,9013967
2021-02-17,KRBL,170,176,169,171,32567,5576299
2021-02-18,KRBL,173,188,173,188,95432,17504187
2021-02-21,KRBL,197,197,179,188,54855,10355393
2021-02-22,KRBL,187,191,178,183,40730,7483066
2021-02-23,KRBL,185,185,173,176,16331,2851832
2021-02-24,KRBL,179,185,174,179,15494,2796575
2021-02-25,KRBL,176,178,172,175,34256,5984415
2021-02-28,KRBL,175,175,167,167,17639,3012305
2021-03-01,KRBL,170,175,165,173,15745,2670359
2021-03-02,KRBL,170,175,166,167,10364,1746085
2021-03-03,KRBL,159,171,159,166,12909,2109430
2021-03-04,KRBL,163,170,163,170,6688,1122246
2021-03-07,KRBL,173,173,166,167,7462,1262273
2021-03-09,KRBL,175,175,166,166,4501,753457
2021-03-10,KRBL,166,169,164,165,3155,524902
2021-03-14,KRBL,165,166,159,160,5412,876314
2021-03-15,KRBL,157,161,157,160,8417,1343727
2021-03-16,KRBL,159,163,159,159,5352,858815
2021-03-17,KRBL,162,172,159,167,9932,1613312
2021-03-18,KRBL,164,169,164,167,3517,582268
2021-03-21,KRBL,175,175,162,163,6830,1131800
2021-03-22,KRBL,160,167,160,163,5184,853659
2021-03-23,KRBL,160,169,160,166,6866,1141523
2021-03-24,KRBL,169,170,163,170,19113,3217172
2021-03-25,KRBL,170,170,166,169,15904,2661074
2021-03-29,KRBL,176,176,167,170,5202,875043
2021-03-30,KRBL,167,170,164,170,5669,956613
2021-03-31,KRBL,178,178,164,170,7828,1325618
2021-04-01,KRBL,169,172,168,172,24170,4125277
2021-04-04,KRBL,175,175,170,174,20393,3531645
2021-04-05,KRBL,171,179,171,174,15502,2703548
2021-04-06,KRBL,177,177,170,174,7766,1341692
2021-04-07,KRBL,180,189,173,184,66413,11954188
2021-04-08,KRBL,191,191,177,183,29519,5386461
2021-04-12,KRBL,181,190,180,190,42204,7875355
2021-04-13,KRBL,193,201,191,197,94156,18344357
2021-04-15,KRBL,206,216,193,216,82489,17555598
2021-04-18,KRBL,226,226,202,206,82318,17121811
2021-04-19,KRBL,207,207,198,203,41585,8346859
2021-04-20,KRBL,199,210,198,203,18253,3696082
2021-04-21,KRBL,207,210,196,202,15938,3242409
2021-04-22,KRBL,200,216,198,208,67925,14067160
2021-04-25,KRBL,218,218,197,202,17192,3502472
2021-04-26,KRBL,206,206,188,196,27994,5483702
2021-04-27,KRBL,196,209,196,201,20923,4198601
2021-04-28,KRBL,200,204,197,199,14941,2972044
2021-04-29,KRBL,196,200,195,199,26393,5213511
2021-05-02,KRBL,197,203,196,197,12274,2436293
2021-05-03,KRBL,198,205,195,196,33858,6715223
2021-05-04,KRBL,195,201,193,195,14993,2923621
2021-05-05,KRBL,192,198,192,195,18724,3659127
2021-05-06,KRBL,196,201,195,197,16681,3293001
2021-05-09,KRBL,194,200,192,197,22491,4443536
2021-05-10,KRBL,200,200,195,198,6109,1200636
2021-05-11,KRBL,198,200,196,196,12166,2397665
2021-05-12,KRBL,196,199,196,196,8762,1725643
2021-05-13,KRBL,199,212,198,206,86326,17746442
2021-05-16,KRBL,210,223,209,219,82552,17990727
2021-05-17,KRBL,223,223,212,218,88463,19213045
2021-05-18,KRBL,221,239,219,239,95502,22267079
2021-05-19,KRBL,250,262,250,262,218825,57015642
2021-05-20,KRBL,275,275,245,260,79193,20381200
2021-05-23,KRBL,255,286,245,286,182825,50191997
2021-05-24,KRBL,290,308,275,283,136974,40040610
2021-05-25,KRBL,278,300,271,280,71563,20157768
2021-05-27,KRBL,275,304,269,297,124997,36182807
2021-05-30,KRBL,300,326,297,319,160129,50259118
2021-05-31,KRBL,325,331,298,305,76846,23896971
2021-06-01,KRBL,299,304,295,299,47517,14226960
2021-06-02,KRBL,295,318,295,317,76902,23763472
2021-06-03,KRBL,322,348,320,334,185320,62367900
2021-06-06,KRBL,318,331,314,324,68367,21905630
2021-06-07,KRBL,329,337,320,331,80888,26701689
2021-06-08,KRBL,337,364,337,364,123349,44231686
2021-06-09,KRBL,382,394,344,359,127988,47196521
2021-06-10,KRBL,371,371,349,360,79142,28147326
2021-06-13,KRBL,367,396,353,396,140084,53269463
2021-06-14,KRBL,415,435,408,413,154719,64487765
2021-06-15,KRBL,420,420,385,393,82501,32601776
2021-06-16,KRBL,386,388,354,363,56723,21161930
2021-06-17,KRBL,364,392,344,382,52106,19300055
2021-06-20,KRBL,389,389,366,368,48942,18376649
2021-06-21,KRBL,361,373,348,348,62445,22258723
2021-06-22,KRBL,365,373,338,370,36640,13157337
2021-06-23,KRBL,375,376,352,356,30642,11051534
2021-06-24,KRBL,373,373,340,342,57855,19960349
2021-06-27,KRBL,342,348,333,333,15410,5194308
2021-06-28,KRBL,339,344,315,320,40913,13314001
2021-06-29,KRBL,315,326,298,300,33120,10100658
2021-06-30,KRBL,300,322,286,322,33672,9995998
2021-07-01,KRBL,328,341,316,336,28450,9515709
2021-07-04,KRBL,336,346,328,328,25086,8502210
2021-07-05,KRBL,323,328,311,311,21512,6829777
2021-07-06,KRBL,317,334,309,316,31551,9873218
2021-07-07,KRBL,321,321,302,308,22370,6880207
2021-07-08,KRBL,304,320,304,315,25410,7955215
2021-07-11,KRBL,330,346,316,346,65248,21882012
2021-07-12,KRBL,360,374,332,344,65198,23062720
2021-07-13,KRBL,344,360,339,355,23986,8452854
2021-07-14,KRBL,348,363,348,353,25776,9216707
2021-07-15,KRBL,359,359,348,354,25244,8951218
2021-07-18,KRBL,361,372,361,372,46609,17155502.2
2021-07-19,KRBL,379.4,391,374,387,90326,34694269.9
2021-07-20,KRBL,390,390,376,381,28883,11014398.6
2021-07-22,KRBL,383,383,369.5,371,26261,9804677.9
2021-07-25,KRBL,371,371,365,368,33402,12304999.7
2021-07-26,KRBL,368,370,362,365,20487,7499866.2
2021-07-27,KRBL,360,393,358,379,46732,17588558.9
2021-07-28,KRBL,385,401.5,385,395,98302,38833119.9
2021-07-29,KRBL,400,417,395,406,109053,44464784.2
2021-08-01,KRBL,414.1,419,398,400,56641,23154972.3
2021-08-02,KRBL,402,416,400,404,43779,17735862.9
2021-08-03,KRBL,398,405,391,397,27387,10899660
2021-08-04,KRBL,404,410,394,407,45366,18241342.2
2021-08-05,KRBL,415,447.7,411,447.7,154976,67886036
2021-08-08,KRBL,456.6,489.6,450,489,166982,79280583.7
2021-08-09,KRBL,495,498.7,458,474,144133,68243417.8
2021-08-10,KRBL,480,515,460,499,162953,80861540
2021-08-11,KRBL,508,538.9,480,495,78786,39144758.4
2021-08-12,KRBL,495,530,485.3,515,150056,76743911
2021-08-15,KRBL,515,515,469,495,101650,49879471.4
2021-08-16,KRBL,495,514,478,499,66551,33001265.7
2021-08-17,KRBL,504,520.2,496,505,89651,45554489.4
2021-08-18,KRBL,515,554.9,505,549,147650,78655464.1
2021-08-19,KRBL,555,570,518,524,104859,57098212.4
2021-08-24,KRBL,520,530,481,500,56882,28877385
2021-08-25,KRBL,510,510,491,500,43928,22050912.2
2021-08-26,KRBL,510,524,490.1,509,73601,37761582.8
2021-08-29,KRBL,519.1,540,515,528,95409,50301861
2021-08-31,KRBL,527.9,580.8,518,568,171803,93953546.9
2021-09-01,KRBL,570,607,555,569,115656,67124297.4
2021-09-02,KRBL,569,590,530,536,54791,30183933.1
2021-09-05,KRBL,526,526,482.4,488.1,60299,29885975.8
2021-09-06,KRBL,478.5,536.9,478.5,536.9,60825,31382637.5
2021-09-07,KRBL,547.6,555,525,528,23298,12546985
2021-09-08,KRBL,520,534,497.3,507,23337,11913585.9
2021-09-09,KRBL,516,526,502,507,44812,22780721.3
2021-09-12,KRBL,505,535,505,526.5,25720,13507136.4
2021-09-13,KRBL,537,543,510,521,40921,21576161.7
2021-09-14,KRBL,531,531,502.8,523,38725,19729402.3
2021-09-15,KRBL,515,526.3,505,512,23682,12183371.9
2021-09-16,KRBL,502,505.1,476,491,54917,26957978.6
2021-09-20,KRBL,500,500,446,446.2,31933,14672890.7
2021-09-21,KRBL,446.2,481,402.1,450,37835,16846792.6
2021-09-22,KRBL,459,491,459,490,25018,12050084.6
2021-09-23,KRBL,499.8,516,471,480,25868,12666292.9
2021-09-26,KRBL,489.6,489.6,450,457,20273,9557460.5
2021-09-27,KRBL,466,466,431.2,437,16365,7190538.2
2021-09-28,KRBL,429,445.7,403,403.2,18983,7848095.8
2021-09-29,KRBL,400,443.4,398,428,25805,10671107.6
2021-09-30,KRBL,428,440,411,411.1,11191,4717002.5
2021-10-03,KRBL,402.9,414.9,394.5,394.5,23085,9286871.1
2021-10-04,KRBL,389,405.9,375,390,12091,4679859.9
2021-10-05,KRBL,395,409.8,392,404,12094,4828273.3
2021-10-06,KRBL,408,436.7,400,436.7,13881,5744965.6
2021-10-10,KRBL,436.7,445,420.1,428,20695,8852078.7
2021-10-11,KRBL,420,428.4,405,428.4,11142,4639345.8
2021-10-17,KRBL,434,434,406.7,430,2978,1250206.7
2021-10-18,KRBL,421.4,421.4,400,413,12916,5255699.2
2021-10-19,KRBL,404.8,410,375.1,392,14929,5775015.3
2021-10-20,KRBL,399.8,406,392,404,7902,3150371.8
2021-10-21,KRBL,396,411,381,398,4559,1798151.5
2021-10-24,KRBL,398.2,404,380,389,27807,10906853.8
2021-10-25,KRBL,396,424,390,409,12987,5333183
2021-10-26,KRBL,417,441.6,417,430,19555,8420874.9
2021-10-27,KRBL,423.1,449,416,449,33294,14393633.4
2021-10-28,KRBL,442,448,429,442,21296,9349460.8
2021-10-31,KRBL,445,462,445,460,21971,10007801.7
2021-11-01,KRBL,469,478,451,451.8,24081,11191660.9
2021-11-02,KRBL,460.8,495,445,486,56807,26702614.5
2021-11-03,KRBL,495.7,505.6,475.3,485,21377,10540992.6
2021-11-08,KRBL,494.7,499.9,473,482,12085,5849984.5
2021-11-09,KRBL,472.5,477,445,455,43007,19713585.6
2021-11-11,KRBL,446,464,437.1,442.1,20456,9162395.2
2021-11-14,KRBL,436,455,433,448,15441,6874147.7
2021-11-15,KRBL,449,472.8,449,465,12784,5926271
2021-11-16,KRBL,472,477.3,463,475,11918,5610333.2
2021-11-17,KRBL,484,485,460,463,22687,10799557.8
2021-11-18,KRBL,460,466,447,448,8707,3955622.3
2021-11-21,KRBL,448,469,446,458,8649,3928813.5
2021-11-22,KRBL,464.3,464.3,449,450,3553,1604380
2021-11-23,KRBL,459,459,428,436,11419,4975775.2
2021-11-24,KRBL,427.6,467,416.5,465,20648,8969880.4
2021-11-25,KRBL,462,466,442,442,17438,7956789.2
2021-11-28,KRBL,433.2,440,423,423,12734,5472825
2021-11-29,KRBL,425,442,418,430.9,11064,4729855.9
2021-11-30,KRBL,439.5,440,415,431,10100,4309667
2021-12-01,KRBL,431,441,430,435,3734,1624630
2021-12-02,KRBL,443.5,443.5,420,421,6682,2846993
2021-12-05,KRBL,412.6,421.2,392,392,12239,4991096
2021-12-06,KRBL,386,431,380,410,20321,8100994.5
2021-12-07,KRBL,418.2,428,400,400,11141,4628586.3
2021-12-08,KRBL,408,413,381.3,388.9,10314,4057569.4
2021-12-09,KRBL,388.9,402.9,374,388,9920,3822762
2021-12-12,KRBL,387.1,387.1,358.7,360,8464,3186137.5
2021-12-13,KRBL,353,359.8,330.1,335,13409,4629372
2021-12-14,KRBL,341,367,329,367,8865,3145002.5
2021-12-15,KRBL,374.3,402,357,375,21749,8340264.6
2021-12-16,KRBL,375,382,355,355,12232,4431227.5
2021-12-20,KRBL,362,362,342,354,5765,2018091.5
2021-12-21,KRBL,361,367,359,367,4839,1763060
2021-12-22,KRBL,367,395,367,389.9,12991,4996303.9
2021-12-23,KRBL,397.6,405,382.1,383,15128,5892548.5
2021-12-26,KRBL,380,399,372.4,390,19964,7683866.8
2021-12-27,KRBL,397,397,368,370,10180,3829104.2
2021-12-28,KRBL,363,376.9,361.1,375,9749,3594115.5
2021-12-29,KRBL,368,380,361,370,3047,1128470.4
2022-01-02,KRBL,375,375,366,372,10196,3772402.8
2022-01-03,KRBL,379,389,365.5,372.1,8601,3266708
2022-01-04,KRBL,374,400,374,396,22320,8751343.3
2022-01-05,KRBL,403.9,404.9,377,385.6,25669,9977546.4
2022-01-06,KRBL,378,400.8,378,400,20822,8211032
2022-01-09,KRBL,408,434,404,434,35465,14972909.3
2022-01-10,KRBL,440,450.8,419,432,41943,18268130.2
2022-01-11,KRBL,432,454,430,447,22016,9744221.5
2022-01-12,KRBL,439,464,425,430,30751,13622152.3
2022-01-13,KRBL,422,470.2,422,470.2,34541,15408573.6
2022-01-16,KRBL,479.6,514,469,500,78446,38056247.7
2022-01-17,KRBL,495,499,480,499,40241,19709831.3
2022-01-18,KRBL,493,501,478,485,37666,18402469.3
2022-01-19,KRBL,476,493,460,470,64808,30469067
2022-01-20,KRBL,460.6,489,460.6,488,31616,15148273.1
2022-01-23,KRBL,490,495,469,478,26768,12803634
2022-01-24,KRBL,480,480,436.2,440.6,78302,35225688.6
2022-01-25,KRBL,435,455,431.8,450,31835,14182438.4
2022-01-26,KRBL,456,456,431,438,15342,6714670.8
2022-01-27,KRBL,446,446,427,430,17062,7408589.8
2022-01-30,KRBL,438.6,466,438.6,465,48680,22102931.6
2022-01-31,KRBL,474,474,448,455,24936,11352289.8
2022-02-01,KRBL,448,463,447,457,24862,11364325.7
2022-02-03,KRBL,465,466,441.1,445,33082,14936006.4
2022-02-06,KRBL,444,448,432,432.1,9607,4197570.9
2022-02-07,KRBL,432,448.8,424,432,9239,4019921.2
2022-02-08,KRBL,440.6,451,427,431,12095,5305799
2022-02-09,KRBL,439,439,425,429,4204,1804265
2022-02-10,KRBL,432,437,420,430,9234,3963241
2022-02-13,KRBL,421.4,421.4,406.5,410,16295,6694480.5
2022-02-14,KRBL,410,415,402,408,10119,4117446.5
2022-02-15,KRBL,409,418.5,400.1,416,10101,4134481.8
2022-02-16,KRBL,410,416,408,409,5267,2166400
2022-02-17,KRBL,410,418.9,410,418.9,5504,2268285.4
2022-02-20,KRBL,410.6,410.6,396.3,405,9691,3933099.6
2022-02-21,KRBL,410,413.1,402.1,408,3684,1514455.3
2022-02-22,KRBL,415,422,409.3,410,10286,4273364.7
2022-02-23,KRBL,407,418,405.1,411,2435,1000255.7
2022-02-24,KRBL,405,405,395,396.3,12782,5096723.1
2022-02-27,KRBL,395,405,381,387,5383,2104245
2022-02-28,KRBL,387,401.8,376,376,6454,2479702.5
2022-03-02,KRBL,369,390,369,372.5,6910,2601522.6
2022-03-06,KRBL,370,390,370,379,9879,3769108.8
2022-03-07,KRBL,386.5,391.9,376.4,379,2366,900536
2022-03-09,KRBL,375,380,371,371,3045,1135814
2022-03-10,KRBL,366,404,365,404,9965,3801318.9
2022-03-13,KRBL,410,430,402,421,17433,7249782.7
2022-03-14,KRBL,415.1,423.4,412.5,412.5,4472,1856354
2022-03-15,KRBL,412,417.9,404.5,408,9467,3892198.2
2022-03-16,KRBL,408,415,407,415,8610,3528526
2022-03-20,KRBL,415,415,404,406.6,3813,1561478.6
2022-03-21,KRBL,401,433,401,433,10247,4295575.3
2022-03-22,KRBL,428,435,420.1,427,13247,5686136.4
2022-03-23,KRBL,420,421,416,421,6560,2741038.4
2022-03-24,KRBL,412.6,418,408,408,7933,3260581.7
2022-03-27,KRBL,402,407.9,390,398.5,7004,2773560.7
2022-03-28,KRBL,394,396,385,391.8,9403,3651410
2022-03-29,KRBL,390,390,384,389,5734,2216603.9
2022-03-30,KRBL,389,413,382,413,24968,9862541.8
2022-03-31,KRBL,421.2,421.2,390,395,7743,3078111
2022-04-03,KRBL,390,397,383.1,397,2296,885164
2022-04-04,KRBL,390,395,380,380,6252,2409695.7
2022-04-05,KRBL,373,387,365,374,9337,3473077.3
2022-04-06,KRBL,381,381,366,369.5,7578,2824436.5
2022-04-07,KRBL,376,381,368,374,6159,2313721
2022-04-11,KRBL,381.4,389,362,367,7453,2749197.8
2022-04-12,KRBL,374.3,374.3,350,354,7190,2536169
2022-04-13,KRBL,361,365,351,365,3432,1228871
2022-04-17,KRBL,360,362.8,348,348,4926,1746561
2022-04-18,KRBL,341.1,347,333.5,334,6762,2281850
2022-04-19,KRBL,340.6,345,332,336,6176,2088288.4
2022-04-20,KRBL,332.2,338,322,322.8,4043,1322349
2022-04-21,KRBL,316.5,321,308,315,4147,1312185
2022-04-24,KRBL,321.3,344,321,332.1,8780,2888587.4
2022-04-25,KRBL,334,345.2,325.5,329.9,5457,1832524.4
2022-04-26,KRBL,336.3,336.3,317.6,325,2461,798292.4
2022-04-27,KRBL,320,330.9,315,330.9,9040,2895933.8
2022-04-28,KRBL,331,334,321,321,3670,1201401
2022-05-02,KRBL,315.1,316.2,307,308.1,3377,1045719.7
2022-05-04,KRBL,302,308.5,296,306,4824,1469267.5
2022-05-05,KRBL,311,311,298,298,2067,622982
2022-05-08,KRBL,300,315.1,295,311,6514,1975147
2022-05-09,KRBL,305,322,305,310,3476,1098975.6
2022-05-10,KRBL,312,320,309,320,3329,1044645.2
2022-05-11,KRBL,326,330,313,327,7622,2453795.2
2022-05-12,KRBL,332,334,310,323,13501,4318944.4
2022-05-17,KRBL,325,325,300,306,4225,1291373
2022-05-18,KRBL,305,317,302,315,4940,1521476
2022-05-19,KRBL,308.7,320.9,300,306,2483,754856.6
2022-05-20,KRBL,299.9,309,294,309,4146,1234721
2022-05-23,KRBL,309,309,293,298,1242,372163
2022-05-24,KRBL,303,303,298,299,1893,571573
2022-05-25,KRBL,302,308.9,301,307,3050,925718.8
2022-05-26,KRBL,307,310,300.8,301,2733,824810.9
2022-05-27,KRBL,295,306,288.4,290,10029,2919663
2022-05-30,KRBL,290,290,273.8,280.5,8717,2423776
2022-05-31,KRBL,274.9,281,270,276,4067,1117820.6
2022-06-01,KRBL,279,279,270,270,1499,407680
2022-06-02,KRBL,272.9,276,266,268,3980,1078087.5
2022-06-03,KRBL,270,270,260,265,5024,1325735
2022-06-06,KRBL,268,268,258.3,258.9,5590,1465184
2022-06-07,KRBL,260,260,248.8,252.9,2245,570421
2022-06-08,KRBL,253,278.1,244.1,268,4585,1185840
2022-06-09,KRBL,263.1,273,260,260,8059,2145707
2022-06-10,KRBL,261,261,251,252,2107,533790
2022-06-13,KRBL,255,255,249,249,574,143457.4
2022-06-14,KRBL,244.2,244.2,238,238,1898,455917
2022-06-15,KRBL,233.4,238,230,237,3206,752829.6
2022-06-16,KRBL,232.4,241.7,227.8,240,5175,1215472
2022-06-17,KRBL,243,243,238.2,240,11780,2826946
2022-06-19,KRBL,240,244.8,225.9,239,1571,376391
2022-06-20,KRBL,234.3,237,215.1,218,8040,1762926
2022-06-21,KRBL,220,228,220,224,4072,916447.6
2022-06-22,KRBL,227,227,221.1,221.1,1720,384828.5
2022-06-23,KRBL,217,217,202,207,15685,3243345.5
2022-06-24,KRBL,202.9,213,198.9,213,2875,591946.5
2022-06-26,KRBL,217,228.4,209,227.8,36831,8045725.1
2022-06-27,KRBL,230,230,215.3,221,19017,4195862.1
2022-06-28,KRBL,216.8,217,212.7,215,3311,706995.3
2022-06-29,KRBL,215,223,212.3,223,6327,1385607
2022-06-30,KRBL,218.6,237.6,215,235,47105,10768151.8
2022-07-01,KRBL,238,238,228.1,233.4,16353,3772227.6
2022-07-03,KRBL,233,241,225,240.5,19491,4601018.3
2022-07-04,KRBL,245,263.9,233,246.8,40597,10172295.6
2022-07-05,KRBL,242,250,233.3,238.4,25242,6107034
2022-07-06,KRBL,235,254,228.4,240.1,12420,2950516.1
2022-07-07,KRBL,244.9,259,232,236,14265,3463805
2022-07-08,KRBL,231.4,236,225,225,7855,1796680.4
2022-07-11,KRBL,220.5,224,211,212,12649,2708079.3
2022-07-12,KRBL,216,224.4,208,218,5753,1258453.3
2022-07-13,KRBL,222,238,218.1,235,23805,5426673.9
2022-07-14,KRBL,236,239,223.6,235,11286,2622211.1
2022-07-15,KRBL,235,236,225.8,232,2934,677193.4
2022-07-17,KRBL,230,236,225.4,231.9,8269,1908199.9
2022-07-18,KRBL,234,235.9,223.2,234,4054,933950.5
2022-07-19,KRBL,237.9,241,230,230,13401,3157671
2022-07-20,KRBL,230,249,229,240,15613,3732725.5
2022-07-21,KRBL,235.3,242.8,230,232,9067,2130533.8
2022-07-22,KRBL,232,233,223.5,230,6465,1485128.9
2022-07-24,KRBL,234,246,229.4,245,50991,12205587.4
2022-07-25,KRBL,249,269,244.5,265,50112,12762301.1
2022-07-26,KRBL,260,280,250,256,32563,8591557.9
2022-07-27,KRBL,260,270,246,265,30426,7906894.1
2022-07-28,KRBL,270,289.3,260,285,74304,20711038.7
2022-07-29,KRBL,287,302.6,276,300,34181,10070519
2022-07-31,KRBL,306,309,294,300,30383,9150013
2022-08-01,KRBL,294,296.9,286,289.5,40319,11744453.7
2022-08-02,KRBL,295.2,295.2,280,289,21940,6282833.9
2022-08-03,KRBL,285,299,283.4,290,32754,9646608.7
2022-08-04,KRBL,290,291,275,279.1,22918,6475278
2022-08-05,KRBL,274,281,265.1,268,13097,3577865.6
2022-08-07,KRBL,273,275,261.3,272,24742,6628505.9
2022-08-08,KRBL,274,274,263,263,22931,6146143.1
2022-08-09,KRBL,258,263,256.8,260,15506,4024457.4
2022-08-10,KRBL,255,260.1,250.1,252,15079,3852970.3
2022-08-11,KRBL,251,262,241,241.2,14128,3521985.6
2022-08-14,KRBL,246,251.7,239,243,13138,3197870.4
2022-08-15,KRBL,243,260,243,259.9,17651,4489149
2022-08-16,KRBL,265,270,250,253,23448,6059372
2022-08-17,KRBL,252,258,249,254,9628,2432972.5
2022-08-18,KRBL,258,268,252,265,16050,4216868.7
2022-08-21,KRBL,266,271,256,258,16937,4501661
2022-08-22,KRBL,254,259,244.1,258,24348,6138821.5
2022-08-23,KRBL,263,263,250,258,33287,8438396.8
2022-08-24,KRBL,260,260,255,255,8670,2225323
2022-08-25,KRBL,259.9,259.9,247.9,254,13108,3311622.1
2022-08-26,KRBL,249,256.8,242,246,10523,2580695.2
2022-08-28,KRBL,242,246,233.5,235,14600,3468579.6
2022-08-29,KRBL,235,244,231.3,240,13063,3087691.8
2022-08-30,KRBL,244.8,244.8,236,236,4069,973018
2022-08-31,KRBL,233,238,230.3,230.3,6567,1521947
2022-09-01,KRBL,233,235,227.1,235,3745,864649.5
2022-09-02,KRBL,238,240,234.5,234.5,4386,1039973.6
2022-09-04,KRBL,231,240.8,231,239,4699,1116585.7
2022-09-05,KRBL,241.5,241.5,236.7,236.7,8486,2036947.2
2022-09-06,KRBL,237,237,225.1,230,9552,2184786.1
2022-09-07,KRBL,228,228,226,226,4644,1052609.1
2022-09-08,KRBL,227,237,227,231,5273,1223602
2022-09-11,KRBL,233,235,225,225.4,2775,634312
2022-09-12,KRBL,228,228,222.2,223,4962,1108298
2022-09-13,KRBL,219.2,231.5,219.2,227,7086,1605207.9
2022-09-14,KRBL,229,245,229,240.5,16687,3974431.6
2022-09-15,KRBL,240,241.7,225.5,229,17577,4074250.2
2022-09-16,KRBL,224.5,233,217.2,228.9,4630,1044765
2022-09-18,KRBL,224.5,228,219,220.5,9858,2184960.4
2022-09-20,KRBL,216.5,217.7,211,214.9,9970,2147678.1
2022-09-21,KRBL,219,222,215,215.2,7346,1601509.2
2022-09-22,KRBL,218,221,214.5,215,3486,758178.1
2022-09-25,KRBL,218,218,206.8,212,8402,1761630
2022-09-27,KRBL,212,220.3,212,216,3004,648432
2022-09-28,KRBL,216,219,206,215,3640,773974
2022-09-29,KRBL,212,218,212,216,2750,594766.9
2022-10-09,KRBL,220.3,232,216,232,11153,2499987.9
2022-10-10,KRBL,228,228,217,219,7457,1648319
2022-10-11,KRBL,215,218,215,216,2865,617738
2022-10-12,KRBL,213,227.3,212,222,12917,2845895.4
2022-10-13,KRBL,225,227.5,220,225.9,4575,1027825
2022-10-16,KRBL,225,228,213,225.5,7651,1684127.5
2022-10-17,KRBL,221,221,213.1,220,967,209846.5
2022-10-19,KRBL,218,219.7,214,215,6721,1453961.1
2022-10-20,KRBL,211,215,210,212,3159,672804.5
2022-10-23,KRBL,210,216,210,214.5,2677,571730
2022-10-31,KRBL,211,220,210,210,6956,1507740.3
2022-11-01,KRBL,210,222.5,210,222,26188,5736017.5
2022-11-02,KRBL,220,243.5,214,240,87084,19918386.7
2022-11-03,KRBL,235.2,241,230,236,14212,3317224.5
2022-11-06,KRBL,231.3,246.5,226,241.5,42912,10271985.5
2022-11-07,KRBL,237.5,252.8,237.5,246,71328,17465147.1
2022-11-08,KRBL,247,247,240,244.7,16927,4090109.1
2022-11-09,KRBL,239.9,244.6,230,230,20150,4740958
2022-11-10,KRBL,227.1,235.6,225,227,15845,3604290.9
2022-11-13,KRBL,231.4,233,225,227,10399,2379639.5
2022-11-14,KRBL,231,236,228,235,13916,3241720.9
2022-11-15,KRBL,236,238,228.5,232.8,14133,3278628
2022-11-16,KRBL,233.2,240,233,238.3,11830,2803230
2022-11-17,KRBL,241,247.1,235,242,37991,9221733.4
2022-11-22,KRBL,246.8,246.8,237.2,237.6,9927,2402126.1
2022-11-23,KRBL,242,242,233.4,237.2,10026,2379017.6
2022-11-24,KRBL,232.5,243.7,232.5,242.9,15980,3833826.3
2022-11-27,KRBL,247.7,257.9,245,257,43993,11088486.8
2022-11-28,KRBL,252,276,252,257.9,60386,15741192.4
2022-11-29,KRBL,253.5,270,252.8,268,29462,7689948.3
2022-11-30,KRBL,270,270,259,263,25982,6843098.1
2022-12-01,KRBL,257.8,269,257.8,267,18873,5030153.7
2022-12-04,KRBL,267,269,260.5,260.5,15483,4086897.4
2022-12-05,KRBL,255.4,265,252,255,31484,8050646.7
2022-12-06,KRBL,255.2,255.2,250,255,6029,1528146.8
2022-12-07,KRBL,258,258,246.1,248.5,15011,3732844.3
2022-12-11,KRBL,245,249,240.1,246,11918,2907753
2022-12-12,KRBL,250.9,255,244.1,255,25976,6497506.1
2022-12-13,KRBL,257,257,250,256,6700,1698590
2022-12-14,KRBL,261.1,261.1,246,250,2733,690056
2022-12-15,KRBL,246.1,255,246,247.1,21967,5481791.6
2022-12-18,KRBL,242.2,247,238.2,238.6,8101,1945019.2
2022-12-19,KRBL,234.1,247,234.1,247,6008,1462274
2022-12-20,KRBL,243.2,254,243,251,12355,3075735.3
2022-12-21,KRBL,246,248.4,243.3,248.4,5124,1259072.9
2022-12-22,KRBL,244.1,248,240.1,246.1,4710,1142971
2022-12-26,KRBL,251,260,248,259,27646,7046899.5
2022-12-27,KRBL,264.1,268.2,258,260.2,57363,15056956.8
2022-12-28,KRBL,255,265,249.9,259,33622,8650950
2022-12-29,KRBL,254.3,275,254.2,263.4,42565,11322636.8
2023-01-01,KRBL,268,286,263.1,278,131388,36282804.2
2023-01-02,KRBL,272.5,294.7,267.2,287,42165,11957611.2
2023-01-03,KRBL,282,298,279,291,34150,9732329
2023-01-04,KRBL,290,312,282.7,311.9,49683,14629818.6
2023-01-05,KRBL,309,310,296.3,304.9,61119,18538554.5
2023-01-08,KRBL,310,310,294,304,56186,16953211.4
2023-01-09,KRBL,304,320,300,317,85600,26637477.6
2023-01-10,KRBL,323.3,339,306.9,309,92050,30006823.9
2023-01-12,KRBL,315.1,321,299.5,303,73300,22535286.6
2023-01-17,KRBL,302,319,298,314,47091,14613629.3
2023-01-18,KRBL,316,326,311.2,314,52095,16663011.6
2023-01-19,KRBL,315,319,307.8,308,18922,5878593.9
2023-01-23,KRBL,304,315,300,303,40050,12299582.4
2023-01-24,KRBL,303,307,297,305,26110,7880871.5
2023-01-25,KRBL,311,315,305,305,21423,6620005.5
2023-01-26,KRBL,311.1,311.1,302,307.8,10971,3365307.6
2023-01-29,KRBL,301.7,304.5,298,299,13271,3985210.1
2023-01-30,KRBL,298,301,284.2,289,24358,7106677.8
2023-01-31,KRBL,284,294.5,280,281.4,21380,6119750.2
2023-02-01,KRBL,280.1,296,280.1,286,8435,2411780.7
2023-02-02,KRBL,287,291.1,283,286.9,10684,3051089.4
2023-02-05,KRBL,283,291.6,281.5,281.5,10953,3125503.2
2023-02-06,KRBL,282,287.1,280,285,9042,2566301.2
2023-02-07,KRBL,289.7,306,289,305,18704,5554540.2
2023-02-08,KRBL,308,313.1,298,298,34417,10566727.1
2023-02-09,KRBL,293.1,309,293.1,304,11416,3454327.5
2023-02-12,KRBL,310,310,291.3,297.9,15560,4589466.9
2023-02-14,KRBL,302,302,289.1,294.8,26536,7797548.4
2023-02-15,KRBL,300,300,287.2,287.2,6412,1865040
2023-02-16,KRBL,287,292.8,283,283,6565,1883970.5
2023-02-20,KRBL,287,291,281.4,281.4,12100,3435438.9
2023-02-22,KRBL,286.9,295,285,295,8834,2565752.2
2023-02-23,KRBL,289.1,289.1,275,284.9,8655,2431015.5
2023-02-26,KRBL,279.3,290,271,282.3,15689,4353405.5
2023-02-27,KRBL,286,287.9,271,279,15118,4199003.9
2023-02-28,KRBL,276.2,288,276.2,278,3969,1106914.8
2023-03-01,KRBL,275.1,280.5,274,274,3855,1064275.5
2023-03-02,KRBL,270,277,265.1,268,7465,2004174.5
2023-03-05,KRBL,268,269.8,260,260,5786,1517634.1
2023-03-07,KRBL,265.2,281,262,270,5156,1384781.9
2023-03-09,KRBL,274.3,281,272,280,7807,2154886.3
2023-03-12,KRBL,285,285,270,283,8769,2418448.5
2023-03-13,KRBL,277.4,277.4,269.5,275,2720,737157
2023-03-14,KRBL,272,281.1,270,281,6939,1926908.8
2023-03-15,KRBL,284,286,271.1,278,3984,1106715
2023-03-16,KRBL,274,279,274,275,2930,809000
2023-03-19,KRBL,275,275,269.4,269.4,4126,1118411.6
2023-03-20,KRBL,274,274.5,268.6,273.9,10896,2953716.8
2023-03-22,KRBL,273.3,275.1,268.5,270,3033,822961.2
2023-03-23,KRBL,266,269.8,262.1,266,2210,586511.5
2023-03-26,KRBL,261.1,269.9,259.2,262,5457,1425890.7
2023-03-27,KRBL,266.2,270,260,270,8387,2226373
2023-03-28,KRBL,268,276.9,267,271,4173,1137490.5
2023-03-29,KRBL,268,274,266.1,268,4459,1196261.1
2023-03-30,KRBL,272,272,267,270,1963,528112.8
2023-04-02,KRBL,275.4,275.4,258,265,8084,2118985.1
2023-04-03,KRBL,259.7,262.9,253.9,261,3171,815525.6
2023-04-04,KRBL,255.8,265.2,251.1,263,3402,879203
2023-04-05,KRBL,260,265,253.8,257.6,1012,262385.1
2023-04-06,KRBL,261.7,262.7,257.5,257.5,3468,898896.1
2023-04-09,KRBL,255,255,245,249,5696,1417596
2023-04-10,KRBL,252.9,258.8,250,254.8,3492,883687.6
2023-04-11,KRBL,258,262,250,257,6316,1630887
2023-04-12,KRBL,261,274.2,261,272,13432,3593924.2
2023-04-13,KRBL,267,277,262.1,268.8,4533,1223965.7
2023-04-16,KRBL,263.5,272.4,263.5,265,1295,344947.5
2023-04-17,KRBL,260,260,255.9,258,3864,995128.2
2023-04-18,KRBL,253.1,257.3,252.9,257,2515,641777
2023-04-19,KRBL,259,268.9,255.2,268.9,3790,991579.8
2023-04-20,KRBL,263.6,263.6,259,259,1325,344990
2023-04-23,KRBL,254,258,253.9,257,1770,451503.5
2023-04-24,KRBL,262,262,252,256,2748,700138
2023-04-25,KRBL,259,266,259,264,2438,636508.6
2023-04-26,KRBL,267.5,267.5,255,260.4,779,200121.2
2023-04-27,KRBL,265,265,256.1,256.1,3518,908488.6
2023-04-30,KRBL,259,259,250,254,7073,1800038.3
2023-05-02,KRBL,258,258,247,254,2313,580262.4
2023-05-03,KRBL,258,258,248,254.9,4422,1108569.3
2023-05-04,KRBL,251,256.9,250,256.9,870,219338.2
2023-05-07,KRBL,256.9,256.9,251.8,255,847,213357.6
2023-05-08,KRBL,254,254,242,251,2350,580753
2023-05-09,KRBL,253,255,251.1,251.1,1537,386747
2023-05-10,KRBL,254,254,247,254,1150,286874
2023-05-11,KRBL,257,257,242.5,256,850,211975
2023-05-14,KRBL,251,254,246,252,320,79910
2023-05-15,KRBL,256,256,247,255,1760,438230
2023-05-16,KRBL,258,258,250,251,1380,347781
2023-05-17,KRBL,255,256,252,256,1600,407030
2023-05-18,KRBL,256,265,256,265,8609,2244699.7
2023-05-21,KRBL,259.9,269.9,256,261,3314,857988
2023-05-22,KRBL,255.8,264,250.7,264,9373,2394021
2023-05-23,KRBL,267,274.5,263,273.8,13601,3673848.3
2023-05-24,KRBL,268.4,278,267,270,6686,1798417
2023-05-28,KRBL,270,273.9,255.6,260,9484,2513559.4
2023-05-30,KRBL,260,260,249,257.8,11064,2787560
2023-05-31,KRBL,255,255,245,250,13427,3337353.5
2023-06-01,KRBL,246,255,245,254.9,3561,888966
2023-06-04,KRBL,259.9,264.9,258,261.9,2953,768718.7
2023-06-05,KRBL,260,265,255,260,5670,1477668
2023-06-06,KRBL,255,263,250.7,261,6145,1593781
2023-06-07,KRBL,264,269,257,261.1,6674,1760232
2023-06-08,KRBL,258,263,256.3,261.8,6848,1773354.3
2023-06-11,KRBL,265.5,280,264.4,274.2,49992,13682678
2023-06-12,KRBL,278,287.4,278,278,21847,6146719.1
2023-06-13,KRBL,280,289,280,286,15480,4402514.3
2023-06-14,KRBL,286,288,274,280,23246,6573398.2
2023-06-15,KRBL,284.5,284.5,270.1,276.9,10195,2778873.6
2023-06-18,KRBL,281,281,273,280,11998,3321483.8
2023-06-19,KRBL,284.5,300,275,293,63496,18465368.1
2023-06-20,KRBL,298.7,301,280,280,37302,10856109.8
2023-06-21,KRBL,284.8,287.9,278,282,17934,5043344.1
2023-06-22,KRBL,276.5,287,273,279,12879,3596018
2023-06-25,KRBL,279,294.5,279,294,29786,8640219.6
2023-06-26,KRBL,294.5,298.9,284.2,291.9,19975,5830766.4
2023-06-27,KRBL,297.7,298,288.1,295,31559,9304608.9
2023-06-28,KRBL,299.9,300.9,285.1,292,14445,4190503
2023-07-02,KRBL,286.2,290,277.4,277.4,19374,5446052.1
2023-07-03,KRBL,282,287.4,271,275,22299,6210802.9
2023-07-04,KRBL,280.4,285,273,281,8309,2304196
2023-07-05,KRBL,285,285,272,277.9,12434,3432890.1
2023-07-06,KRBL,283,283,273.2,275,6688,1848106.7
2023-07-09,KRBL,280.5,284,276,280,6730,1878398
2023-07-10,KRBL,285,285.6,277,279,11716,3285375
2023-07-11,KRBL,284.5,298,281,293,51360,14988138.6
2023-07-12,KRBL,297,304,290.3,294,24708,7296140.5
2023-07-13,KRBL,295,299.7,281,284,15432,4476979.2
2023-07-16,KRBL,289.6,292.5,281.3,282,7893,2245262.4
2023-07-17,KRBL,286,298,280.5,297,20712,6051586.9
2023-07-18,KRBL,300,302.9,285.5,290,21383,6267157.9
2023-07-19,KRBL,293.9,296.5,286,296.5,31994,9332424.6
2023-07-20,KRBL,299.4,299.7,288.3,297.9,19091,5615032.2
2023-07-23,KRBL,297,313,286.5,309,68761,20952197.9
2023-07-24,KRBL,311,311,290.3,298,29268,8729031.5
2023-07-25,KRBL,302,302,289.1,289.1,15432,4489992.7
2023-07-26,KRBL,293.9,295.9,285,290,14525,4225079.7
2023-07-27,KRBL,295.8,296,284,288.8,15474,4467957
2023-07-30,KRBL,283.2,293.9,276,283.5,7925,2225060.2
2023-07-31,KRBL,289,289,278.1,282.9,13947,3941457.7
2023-08-01,KRBL,288.4,288.4,273,278,8459,2354318.7
2023-08-02,KRBL,282,286,274.1,285.9,14781,4181963.8
2023-08-03,KRBL,291.6,297.4,287,291.8,21628,6282110
2023-08-06,KRBL,291.8,295,280.3,285,13836,3948746.1
2023-08-07,KRBL,288.9,289,281.7,285,6031,1720270.6
2023-08-08,KRBL,289,289,278,279.9,10233,2877803.5
2023-08-09,KRBL,279,290,275.4,290,11732,3310060.7
2023-08-10,KRBL,293,294,284.2,289.9,9327,2693799.4
2023-08-13,KRBL,293,293,282,287.8,8028,2280881.3
2023-08-14,KRBL,291.4,292,286,286,11099,3206967.5
2023-08-15,KRBL,290,290,276.2,283,18623,5181328.2
2023-08-16,KRBL,286.9,286.9,271.9,279,5373,1489957.5
2023-08-17,KRBL,284,284,278.1,278.1,4938,1384603.9
2023-08-20,KRBL,283.6,283.6,270,274.9,8434,2302104.9
2023-08-21,KRBL,275,278.7,270,277.4,7293,1990385
2023-08-22,KRBL,282.9,282.9,270.6,277,4523,1246411.3
2023-08-23,KRBL,272.1,281,272.1,281,6758,1882373.2
2023-08-24,KRBL,286.6,286.6,271.2,272.9,8585,2361763.4
2023-08-27,KRBL,277,277,266,271.5,4544,1224243.5
2023-08-28,KRBL,274.9,275,269.6,269.6,6177,1686364.1
2023-08-29,KRBL,273,273,267.6,269,2711,727288
2023-08-30,KRBL,265.1,268.9,265.1,268.9,2784,740280.9
2023-09-03,KRBL,271.9,271.9,258.4,268,5137,1350986
2023-09-04,KRBL,270,271.4,258,263.9,4994,1315522.7
2023-09-05,KRBL,269,269,263,263,688,183188.7
2023-09-07,KRBL,260,262,258,258,6982,1808291.4
2023-09-10,KRBL,260.9,264,259,264,4318,1129619.7
2023-09-11,KRBL,267.9,273,258.8,271.9,5776,1541276.1
2023-09-12,KRBL,270,270,262,267.8,2413,638152
2023-09-13,KRBL,268,280.7,268,279,7066,1925454.9
2023-09-17,KRBL,274,274,264,265,2510,669941
2023-09-18,KRBL,265,269,265,268.9,2822,753835.6
2023-09-19,KRBL,273,273,264.6,270,6198,1675061.1
2023-09-21,KRBL,274,290,270,284.9,25438,7140683.9
2023-09-24,KRBL,279.4,284.5,271,276,11945,3333470.5
2023-09-25,KRBL,270.6,286.8,270,282,12343,3480365
2023-09-26,KRBL,286,293.3,280.3,284.9,4060,1155454.4
2023-09-27,KRBL,280,284,275,284,7073,1970483.4
2023-10-01,KRBL,285,285.4,271,279,10142,2824852
2023-10-02,KRBL,283,284.5,274.2,279,7963,2233117.1
2023-10-03,KRBL,275,280,274.4,278,6058,1677065.2
2023-10-04,KRBL,282,283,277.4,277.5,4426,1245522.4
2023-10-05,KRBL,282,282,274,278,5745,1594100.8
2023-10-08,KRBL,272.6,273.9,267.1,272,11321,3050303.4
2023-10-09,KRBL,266.6,273,266,270,2480,660470.2
2023-10-10,KRBL,265,267.8,256,267,3353,884555.4
2023-10-11,KRBL,268,270,265,265,1870,498784
2023-10-12,KRBL,264,264,258,264,5348,1394097
2023-10-16,KRBL,258.8,262.5,255,255,1393,359867.5
2023-10-17,KRBL,249.9,264,249.9,258.5,3729,957065.2
2023-10-18,KRBL,262,267.5,261.9,266.9,7876,2072542
2023-10-19,KRBL,271,271,255.8,260.1,4347,1149147.6
2023-10-29,KRBL,256.1,261.2,256.1,257,7000,1802011
2023-10-30,KRBL,251.9,263.7,250.1,261.9,1255,325338.5
2023-10-31,KRBL,261.3,264.7,255.8,261.7,2740,710126
2023-11-01,KRBL,256.5,262,252,260,532,137439.5
2023-11-02,KRBL,259.9,259.9,252,259.9,4012,1033362
2023-11-05,KRBL,254.9,256,250.5,256,3582,904525
2023-11-06,KRBL,251,260,241.1,258,6732,1693462.9
2023-11-07,KRBL,260,260,258,259.8,1010,261598
2023-11-08,KRBL,263,263,253,261.9,1979,511302.6
2023-11-09,KRBL,265,265,251,252,5979,1533450
2023-11-20,KRBL,256,277.2,256,277.1,38357,10559995.5
2023-11-21,KRBL,280.9,285.6,277,279.2,49983,14109758.4
2023-11-22,KRBL,284.4,290,279.3,287,10540,3008225.8
2023-11-23,KRBL,283,291,282,290,13609,3907402.2
2023-11-26,KRBL,290,300,290,290,13403,3925606.6
2023-11-27,KRBL,295.8,300,283.3,284,18889,5416895.2
2023-11-28,KRBL,289.4,289.4,280,287,4848,1376464.7
2023-11-29,KRBL,287.1,287.1,278,281,4264,1203425.6
2023-11-30,KRBL,279,284,275,275.4,11329,3131025.2
2023-12-03,KRBL,273,280,272.1,279,8194,2254456
2023-12-04,KRBL,279,283.5,275.6,275.6,2132,593325.8
2023-12-05,KRBL,271.1,299,271.1,279.9,5115,1421424.2
2023-12-06,KRBL,276.5,282,271,282,4828,1326572.8
2023-12-07,KRBL,276.5,287,276.5,285.9,3924,1112832.7
2023-12-10,KRBL,291.6,314.4,291.6,309.9,1632,501893.6
2023-12-11,KRBL,311,315.8,296,307.9,22986,6945164.6
2023-12-12,KRBL,311.9,311.9,293.7,302,19174,5839977.4
2023-12-13,KRBL,308,324,300.1,317,102377,32550133.6
2023-12-14,KRBL,320,328.5,312.2,327.5,54369,17570996.4
2023-12-17,KRBL,321,343,315,340,52191,17478870.2
2023-12-18,KRBL,346.8,360,335,339,54199,18631242.9
2023-12-19,KRBL,345.7,349.9,327.6,341.9,41172,13931010.1
2023-12-20,KRBL,348,354.8,340,350,58071,20182362
2023-12-21,KRBL,345,356,333.1,334,39665,13496930.5
2023-12-24,KRBL,334,341,321,326,23859,7980643.1
2023-12-27,KRBL,332.5,345.8,326.4,334.9,43309,14368931.6
2023-12-28,KRBL,341.5,341.5,328,331.9,18008,5985601.2
2024-01-01,KRBL,335,338,326.2,326.3,17879,5944168.2
2024-01-02,KRBL,332.7,332.7,320,325,15206,4922018
2024-01-03,KRBL,331.5,331.5,321.2,327.9,10224,3330611.7
2024-01-04,KRBL,334,334,321.2,325.5,16277,5308809.3
2024-01-07,KRBL,324.5,326.5,320,323,16893,5459668.9
2024-01-08,KRBL,329.4,332,325,329,13008,4264733.5
2024-01-09,KRBL,322.7,361.9,322.7,361.9,138300,49283937.4
2024-01-10,KRBL,369,397,369,381,96075,37120817
2024-01-11,KRBL,375,383,370,382,34012,12836412.5
2024-01-14,KRBL,385,390.2,370,387,46431,17839359.1
2024-01-16,KRBL,394.7,418,383.4,384.1,68824,27191007.5
2024-01-17,KRBL,380,403,380,382.1,77659,30452069.9
2024-01-18,KRBL,385,390,378,380.5,28487,10942951.4
2024-01-21,KRBL,375,382,369,370.2,39658,14818243.5
2024-01-22,KRBL,373,373,354.3,354.3,28107,10176196.1
2024-01-23,KRBL,361.3,369.2,354.2,361,21359,7707448.3
2024-01-24,KRBL,368.2,368.2,355,364.4,15941,5758048.4
2024-01-25,KRBL,369,369,353.1,360,11768,4218360.5
2024-01-28,KRBL,367,371,357.8,368,16375,5957416.5
2024-01-29,KRBL,375.3,375.3,365,370,10265,3777103.2
2024-01-30,KRBL,377,377,362.6,367,14481,5327642
2024-01-31,KRBL,374.3,374.3,351,357,16172,5779808.7
2024-02-01,KRBL,364.1,370,343,346,32191,11267420.4
2024-02-04,KRBL,351,354.9,339.1,353,19190,6726391.9
2024-02-05,KRBL,360,360,349,353,11593,4075370.2
2024-02-06,KRBL,360,373.2,353.1,373,39996,14615865.2
2024-02-07,KRBL,378,380,363,369,21329,7834293.7
2024-02-08,KRBL,362.1,387,361.7,384,77254,29384890.5
2024-02-11,KRBL,385,399,375,383,43433,16845920
2024-02-12,KRBL,376,397.6,372,394,54902,21156584.6
2024-02-13,KRBL,386.2,387,371,371,33319,12618525.7
2024-02-14,KRBL,365,408,365,389,92382,36013958.1
2024-02-15,KRBL,385,389,374,380,23784,9032224.5
2024-02-18,KRBL,375,379.8,372.4,372.4,24847,9327470.2
2024-02-20,KRBL,377.5,378,368,368,13328,4944757.5
2024-02-21,KRBL,375.3,375.3,369.3,374,19340,7171769.2
2024-02-22,KRBL,380,380,366.7,366.9,30599,11356491.5
2024-02-25,KRBL,367,376,359.1,365,24087,8792387.8
2024-02-26,KRBL,372,379.6,361.3,368,11880,4347674.1
2024-02-27,KRBL,374.9,374.9,360,371.9,13808,5040302
2024-02-28,KRBL,368,375,360.7,361,14216,5163483.6
2024-02-29,KRBL,368,368,350,354.8,16275,5769717.6
2024-03-03,KRBL,359,364.9,348,350.1,7874,2781659.3
2024-03-04,KRBL,357.1,371,357.1,371,50,18134
2024-03-05,KRBL,378.4,378.4,352.8,360,15805,5742962.9
2024-03-06,KRBL,366.8,373,352.4,370,40061,14622588.4
2024-03-07,KRBL,374.1,377,366.2,374,15111,5653441.9
2024-03-10,KRBL,380,381.4,370,370.3,10815,4071317
2024-03-12,KRBL,377.7,379.9,370.4,379,8863,3323780.9
2024-03-13,KRBL,386.5,386.5,375,375,13131,4967360.2
2024-03-14,KRBL,368,403.9,368,403.9,176844,68998392
2024-03-17,KRBL,403.8,425,394,418,115491,47614319
2024-03-18,KRBL,419,424.9,413,421.9,100164,41830503.9
2024-03-19,KRBL,429,429,406.3,407,71691,29608579.3
2024-03-20,KRBL,415.1,416,394,405,46572,18801414.2
2024-03-21,KRBL,410,442.4,398,442.4,101170,41412949.8
2024-03-25,KRBL,433.6,433.6,411.9,417,39033,16246489.6
2024-03-26,KRBL,422.9,422.9,410.2,414,34177,14282087.4
2024-03-27,KRBL,422,422,401,407.8,16840,6852660.4
2024-03-28,KRBL,401.1,413,400,413,59764,24356606.8
2024-03-31,KRBL,405,418,400,407.4,12116,4925809.1
2024-04-01,KRBL,414,414,397.3,406.8,19526,7866126.8
2024-04-02,KRBL,401.1,406,399,399,29934,12050190
2024-04-03,KRBL,397.5,403,388.1,393,17661,6997765.3
2024-04-04,KRBL,400,400,392,392,13921,5501804.8
2024-04-07,KRBL,399.8,424.1,388.5,406,53129,21358342.9
2024-04-09,KRBL,410,417,406.6,414,76445,31487528
2024-04-10,KRBL,417.9,424,405,410,37441,15590177.5
2024-04-14,KRBL,411,430,410.1,422,41204,17314732.6
2024-04-15,KRBL,422,425,411.2,411.2,13355,5564167.9
2024-04-16,KRBL,404.1,418.9,400,405,32020,13064219
2024-04-18,KRBL,405,405,396.9,397,9679,3862811.1
2024-04-21,KRBL,403.9,408,390,405,10600,4203444.3
2024-04-22,KRBL,400,406,390.1,390.1,15309,6102366.1
2024-04-24,KRBL,397.8,408,386.2,391,7297,2870236.9
2024-04-25,KRBL,398.8,414.8,385.1,393.1,10885,4326466.5
2024-04-28,KRBL,399,414,399,410,31480,12811331.7
2024-04-29,KRBL,412,430,410.9,430,94739,39986727.9
2024-04-30,KRBL,438.6,461,430,440,100626,45256934.2
2024-05-02,KRBL,445,446,425,437,50593,21863384.7
2024-05-05,KRBL,445.7,445.7,418,420,25443,10762024.8
2024-05-06,KRBL,411.6,429,411.6,422,27676,11680357.2
2024-05-07,KRBL,420,428,420,423.4,27051,11461418.1
2024-05-08,KRBL,431.8,431.8,416,426.4,13307,5592565.9
2024-05-09,KRBL,433,444,424.4,434,49814,21760724.8
2024-05-12,KRBL,436,452,436,436.1,50284,22380946.1
2024-05-13,KRBL,430.1,479,430.1,455,209088,93222265.6
2024-05-14,KRBL,448,451,442,449,37773,16788833.5
2024-05-15,KRBL,457.9,457.9,435,435.1,18514,8153047.8
2024-05-16,KRBL,430,436.9,425,425,50288,21600289
2024-05-19,KRBL,433.5,442,425.5,434,28171,12258757.8
2024-05-20,KRBL,440,440,425,429.8,37042,16032222.8
2024-05-21,KRBL,430,442,425.1,434,24459,10646170.2
2024-05-22,KRBL,431,464.7,430,432,37647,16441800.7
2024-05-26,KRBL,432,439.7,420.5,423,20764,8879012.6
2024-05-27,KRBL,418.1,435,418.1,427,11103,4743956.1
2024-05-29,KRBL,435.4,435.4,419.3,424.9,16266,6921145.5
2024-05-30,KRBL,418.1,426,418,419,13841,5834996.6
2024-06-02,KRBL,427,435,420.6,429.9,12226,5206388
2024-06-03,KRBL,438,438,420,420,20472,8739898.3
2024-06-04,KRBL,428.4,429.5,422,427,10242,4356537
2024-06-05,KRBL,428,433,425.1,428,19106,8193145.5
2024-06-06,KRBL,435.3,435.3,423.1,432,15764,6744294
2024-06-09,KRBL,432.2,444,423,425,78499,33851597.5
2024-06-10,KRBL,427,442,425,432,40418,17559772.5
2024-06-11,KRBL,440,445,432,438.8,20188,8875976.4
2024-06-12,KRBL,438,454.6,438,443,32646,14514116.5
2024-06-13,KRBL,451.8,475,425.4,458.8,134868,61878192.4
2024-06-16,KRBL,467,467,444,450,39704,18109025.2
2024-06-18,KRBL,441.1,459,438,444,29078,12910662.7
2024-06-19,KRBL,452.8,452.8,441,441.6,28376,12592082.3
2024-06-20,KRBL,450,450,435,436,17297,7628401.7
2024-06-23,KRBL,444.7,479.6,427.3,443,53765,23870128.1
2024-06-24,KRBL,445,460,444,453.1,37445,16929648.6
2024-06-25,KRBL,460,467.8,450,456,40541,18630506.3
2024-06-26,KRBL,464.9,464.9,444,455.8,37316,16737709.1
2024-06-27,KRBL,457,460,445,445,26404,11934561.6
2024-06-30,KRBL,438,472.1,438,445,38929,17449969
2024-07-01,KRBL,452,452.4,442.1,449.5,21098,9449688.8
2024-07-02,KRBL,458.4,494,450,461,36773,16916093.2
2024-07-03,KRBL,470.2,487.5,441.6,487.5,147601,70091153.6
2024-07-04,KRBL,487.5,515,487.5,496,136948,68557511.7
2024-07-07,KRBL,495.5,500,485,486,72634,35666496.7
2024-07-08,KRBL,494.9,494.9,477,488.8,53292,25722272.1
2024-07-09,KRBL,490.9,515,488.2,501,58389,29335108.6
2024-07-10,KRBL,502,505,490.2,495,36051,17824597.2
2024-07-11,KRBL,495.2,500,484,489.5,50618,24906323.4
2024-07-14,KRBL,499.2,509,485,488,31727,15618551.3
2024-07-15,KRBL,497.7,497.7,481.1,483.9,30413,14826331.8
2024-07-16,KRBL,489,515,482.2,509.9,46638,23350334.1
2024-07-17,KRBL,519,525,498,521,80415,41184720.6
2024-07-18,KRBL,511,533,505,507,69809,36339897.4
2024-07-21,KRBL,507,517,497,506.9,53742,27155069.6
2024-07-22,KRBL,507.1,510,493,499,39701,19905882
2024-07-23,KRBL,507.9,515,498,506,55390,28121447.9
2024-07-24,KRBL,513,518,490.1,495,56299,28274750.2
2024-07-25,KRBL,495,515,495,510,52222,26452421.6
2024-07-28,KRBL,520.2,544.9,505,544.8,153682,81135766.4
2024-07-29,KRBL,534,577,534,569.9,154561,87584120.2
2024-07-30,KRBL,558.6,581,556.3,567.9,72353,41097328.5
2024-07-31,KRBL,556.6,590,556,562,89188,51048102.8
2024-08-01,KRBL,550.8,597,544.4,549,83395,46775982.2
2024-08-05,KRBL,538.1,589,538.1,584,92827,52496940.9
2024-08-06,KRBL,595,595,547.5,559.7,68700,38840943.3
2024-08-07,KRBL,570.8,615,540,615,89671,52244790.3
2024-08-08,KRBL,616,676.5,585,676.5,165897,103038775.2
2024-08-11,KRBL,663,700,615,673.2,208459,135756397.7
2024-08-12,KRBL,659.8,713,608.8,690,149573,98932983.4
2024-08-13,KRBL,676.2,713.9,621,670,106083,69729923.9
2024-08-14,KRBL,656.6,722,631,714,197205,134193786.1
2024-08-15,KRBL,699.8,769,672.2,760,123295,87343790
2024-08-18,KRBL,744.8,804,689,800,157625,112386542.2
2024-08-21,KRBL,784,784,720,720,133127,96952380.1
2024-08-22,KRBL,705.6,739.4,680,705,141590,101810835.9
2024-08-25,KRBL,704,728,672.1,677,83474,58303752.1
2024-08-27,KRBL,670.1,741,654.7,741,90538,61593587.6
2024-08-28,KRBL,726.2,726.2,682,690,71287,49971761.8
2024-08-29,KRBL,676.2,741,662,671,58566,40129432.1
2024-09-01,KRBL,668,710,660.6,662,30817,20700848.1
2024-09-02,KRBL,674.7,693,656.1,689,33012,22472223.5
2024-09-03,KRBL,700,751.1,677.1,720.5,201463,145372218.4
2024-09-04,KRBL,734.9,763,717.1,720,149125,110449425.7
2024-09-05,KRBL,710,720,700.1,703,58364,41329916.6
2024-09-08,KRBL,717,729,692,697.9,84032,59229222.5
2024-09-09,KRBL,705,705,667.1,667.2,41011,27910994.5
2024-09-10,KRBL,660,683.9,640,653,61846,40842092
2024-09-11,KRBL,652,665,635.2,649,29715,19294492
2024-09-12,KRBL,654.7,665,645,664,36290,23852192.8
2024-09-15,KRBL,665.4,671,637.2,650,44113,29014494.8
2024-09-16,KRBL,663,667,605,613,37201,23525587.1
2024-09-18,KRBL,603,615.1,588,610,35103,21062042.7
2024-09-22,KRBL,597.9,634,580,598,26211,15660022.5
2024-09-23,KRBL,586.1,595,555.2,565,22978,13133694.5
2024-09-24,KRBL,555.1,571,531,543,25679,14038014.3
2024-09-25,KRBL,545,572.2,532.3,570,18706,10369288.1
2024-09-26,KRBL,578,578,540.1,554,13769,7727795
2024-09-29,KRBL,558.9,565,526,536,10120,5482971.6
2024-09-30,KRBL,545.8,555,538.2,546,14244,7777074.6
2024-10-01,KRBL,556.9,595,554,594.9,33552,19401301.3
2024-10-02,KRBL,601,606.7,583,592.9,28766,17160037.3
2024-10-06,KRBL,604,616,590,615,29022,17643540.2
2024-10-07,KRBL,627,639.5,597.2,601,36783,22717330.6
2024-10-08,KRBL,613,622.8,595,597.9,26290,15912675.2
2024-10-09,KRBL,598,605,586.1,604,3365,2008704.1
2024-10-15,KRBL,615,631,610,629,14171,8873252
2024-10-16,KRBL,637.9,648,617,635,17029,10833038.1
2024-10-17,KRBL,645,646,625,633,33318,21077430.8
2024-10-20,KRBL,620.4,638.9,605,616.9,31718,19534048.4
2024-10-21,KRBL,606,624,600,609,30662,18674712.5
2024-10-22,KRBL,601,630,601,613,13771,8469997
2024-10-23,KRBL,620,624.8,601,613,13375,8128295.1
2024-10-24,KRBL,621,621.8,595,606,14724,8851517
2024-10-27,KRBL,597,619.1,597,616,16564,10072316.1
2024-10-28,KRBL,614.9,637,614.9,630.5,53455,33430445.5
2024-10-29,KRBL,635,665,631,655,41817,26928112.2
2024-10-30,KRBL,658.2,670,637,649.5,40609,26765122.8
2024-11-05,KRBL,651,670,651,661.9,29162,19304363.7
2024-11-06,KRBL,660.1,703,660,688.8,54372,36947250.6
2024-11-10,KRBL,701.9,711,688,703.1,47911,33651736.5
2024-11-11,KRBL,701.1,710,670,680,49635,33958397.2
2024-11-12,KRBL,683,719,683,695.4,80113,56428437
2024-11-13,KRBL,708,764,694,745,113395,82272329.4
2024-11-14,KRBL,745,770,735,740,77798,58576874.7
2024-11-17,KRBL,725.2,780,702.1,739,103925,76393607.7
2024-11-19,KRBL,724.3,750,710,712.9,70113,50914732.5
2024-11-20,KRBL,715,784.1,703.5,784.1,164976,126895618.9
2024-11-21,KRBL,799.7,838,799.7,811.1,201405,165086622.2
2024-11-24,KRBL,800,813.9,786.5,795,91036,72882321.5
2024-11-25,KRBL,785.1,870,785.1,840,123622,102785064.9
2024-11-26,KRBL,823.2,823.2,756,769,332475,256782567.4
2024-11-27,KRBL,753.7,845.9,728,845.9,250439,201338330.4
2024-11-28,KRBL,845.9,865,785.1,788,140129,114628930.6
2024-12-01,KRBL,772.3,846.6,772.3,814,250665,200515895.9
2024-12-02,KRBL,810.1,854,785,785.1,128034,104323704.8
2024-12-03,KRBL,790,841,785,823,93253,75757921.3
2024-12-04,KRBL,828.7,841.5,800.2,806,58342,47780244.2
2024-12-05,KRBL,796.3,824.9,796.2,811,65697,53446604
2024-12-08,KRBL,815,863,808.1,827,125668,104855541.2
2024-12-09,KRBL,829.3,845,819,832,52980,44108016.7
2024-12-10,KRBL,848,848,808,817,49467,40780520.82
2024-12-11,KRBL,817,828,817,826.9,50779,41748960.3
2024-12-12,KRBL,820,860,806.6,812,81169,66628940.5
2024-12-16,KRBL,799,815,775,776.3,56049,44484535.7
2024-12-17,KRBL,791.7,791.7,746,779.9,20910,16272321.6
2024-12-18,KRBL,795,816,775,790,45717,36394676.8
2024-12-19,KRBL,804,804,768.6,781,147038,114505731.5
2024-12-22,KRBL,796.6,796.6,767.5,777.99,22982,17800715.98
2024-12-23,KRBL,762.5,792.5,762.5,776.8,21582,16726223.3
2024-12-24,KRBL,792,834,780,810,92332,74624663.1
