date,symbol,open,high,low,close,volume,turnover
2017-09-12,KSBBL,248,261,224,224,7343,1655305
2017-09-13,KSBBL,224,220,202,203,93673,19241630
2017-09-14,KSBBL,203,213,201,212,17514,3655874
2017-09-17,KSBBL,212,218,208,214,12984,2744374
2017-09-18,KSBBL,214,216,210,211,16659,3559429
2017-09-20,KSBBL,211,215,209,214,9440,1998533
2017-09-24,KSBBL,214,218,211,213,5400,1155765
2017-09-25,KSBBL,213,217,211,216,4141,891059
2017-09-26,KSBBL,216,218,214,218,10633,2293346
2017-10-03,KSBBL,218,218,213,217,2751,590465
2017-10-04,KSBBL,217,222,215,215,6871,1497538
2017-10-08,KSBBL,215,212,203,211,12008,2473364
2017-10-09,KSBBL,211,212,204,206,7255,1502034
2017-10-10,KSBBL,206,211,205,207,5882,1227017
2017-10-11,KSBBL,207,210,204,207,5223,1084219
2017-10-12,KSBBL,207,209,207,209,2728,565819
2017-10-15,KSBBL,209,213,207,208,4111,856961
2017-10-16,KSBBL,208,217,208,217,6763,1440927
2017-10-17,KSBBL,217,221,212,213,3147,671575
2017-10-18,KSBBL,213,217,211,217,10641,2278447
2017-10-22,KSBBL,217,223,217,218,4750,1039752
2017-10-23,KSBBL,218,216,214,216,8048,1729656
2017-10-24,KSBBL,216,217,212,217,8416,1802507
2017-10-25,KSBBL,217,215,212,213,2494,533263
2017-10-29,KSBBL,213,215,211,211,4124,872310
2017-10-30,KSBBL,211,213,208,211,5957,1259017
2017-10-31,KSBBL,211,212,209,210,1228,257977
2017-11-01,KSBBL,210,209,206,208,8997,1867263
2017-11-02,KSBBL,208,209,206,208,6568,1363161
2017-11-05,KSBBL,208,208,203,205,11845,2426994
2017-11-06,KSBBL,205,209,200,202,16064,3266407
2017-11-07,KSBBL,202,207,201,202,7720,1565495
2017-11-08,KSBBL,202,203,200,200,10537,2119221
2017-11-09,KSBBL,200,204,197,200,12107,2415598
2017-11-12,KSBBL,200,205,200,205,6391,1284381
2017-11-13,KSBBL,205,206,200,203,3313,669171
2017-11-14,KSBBL,203,205,202,205,13191,2681645
2017-11-15,KSBBL,205,206,201,202,4215,852353
2017-11-16,KSBBL,202,202,199,199,7950,1590012
2017-11-19,KSBBL,199,197,195,195,6493,1269310
2017-11-20,KSBBL,195,197,195,195,3732,728340
2017-11-21,KSBBL,195,197,192,192,7785,1513554
2017-11-22,KSBBL,192,195,190,195,16639,3182135
2017-11-23,KSBBL,195,196,191,194,10125,1954708
2017-11-26,KSBBL,194,199,193,199,7093,1393589
2017-11-27,KSBBL,199,198,192,192,13620,2644781
2017-11-28,KSBBL,192,196,193,195,4445,862830
2017-11-29,KSBBL,195,201,193,193,12044,2352987
2017-11-30,KSBBL,193,196,191,193,11202,2181105
2017-12-04,KSBBL,193,197,193,196,4879,950476
2017-12-05,KSBBL,196,198,193,194,3183,617246
2017-12-06,KSBBL,194,199,194,199,6643,1304041
2017-12-10,KSBBL,199,202,191,194,19133,3748102
2017-12-11,KSBBL,194,195,192,193,7804,1508152
2017-12-12,KSBBL,193,194,190,194,13955,2673555
2017-12-13,KSBBL,194,195,191,192,2131,411138
2017-12-14,KSBBL,192,193,189,193,5148,978509
2017-12-17,KSBBL,193,196,191,195,10321,2005245
2017-12-18,KSBBL,195,194,191,191,6507,1255992
2017-12-19,KSBBL,191,192,189,190,14384,2729430
2017-12-20,KSBBL,190,191,187,190,1704,321327
2017-12-21,KSBBL,190,193,187,190,6024,1130482
2017-12-24,KSBBL,190,189,185,185,3509,654299
2017-12-26,KSBBL,185,188,183,185,17861,3299794
2017-12-27,KSBBL,185,185,177,177,17070,3073082
2017-12-28,KSBBL,177,178,173,174,12381,2164894
2017-12-31,KSBBL,174,177,172,177,6510,1128635
2018-01-01,KSBBL,177,183,172,182,14498,2560871
2018-01-02,KSBBL,182,183,176,179,9568,1728857
2018-01-03,KSBBL,179,179,174,177,6772,1193706
2018-01-04,KSBBL,177,179,174,175,7766,1364674
2018-01-07,KSBBL,175,176,173,174,11665,2031110
2018-01-08,KSBBL,174,180,176,179,8284,1470498
2018-01-09,KSBBL,179,182,177,178,8927,1600751
2018-01-10,KSBBL,178,179,174,179,12521,2216119
2018-01-14,KSBBL,179,179,173,175,12179,2129858
2018-01-16,KSBBL,175,175,168,175,51856,8826746
2018-01-17,KSBBL,165,168,156,161,12215,1942644
2018-01-21,KSBBL,161,162,156,158,4398,691568
2018-01-22,KSBBL,158,170,155,170,13749,2203272
2018-01-23,KSBBL,170,167,161,164,6111,994061
2018-01-24,KSBBL,164,163,160,161,7786,1256726
2018-01-25,KSBBL,161,165,161,164,7200,1173681
2018-01-28,KSBBL,164,167,162,162,16245,2673547
2018-01-29,KSBBL,162,167,161,165,15792,2612611
2018-01-31,KSBBL,165,166,163,166,3574,590505
2018-02-01,KSBBL,166,169,165,167,4312,718236
2018-02-04,KSBBL,167,168,165,166,4970,825604
2018-02-05,KSBBL,166,167,164,164,7246,1192062
2018-02-06,KSBBL,164,164,162,162,8133,1322592
2018-02-07,KSBBL,162,165,160,161,4684,758584
2018-02-08,KSBBL,161,163,161,162,3816,616868
2018-02-11,KSBBL,162,164,162,162,3559,577678
2018-02-12,KSBBL,162,165,161,165,5787,940670
2018-02-14,KSBBL,165,165,161,165,5939,967186
2018-02-15,KSBBL,165,170,165,170,15960,2685860
2018-02-18,KSBBL,173,173,167,167,12374,2077143
2018-02-20,KSBBL,170,173,164,164,4917,812955
2018-02-21,KSBBL,164,165,162,163,4196,683126
2018-02-22,KSBBL,162,165,162,164,10102,1648421
2018-02-25,KSBBL,164,165,162,162,3524,576195
2018-02-26,KSBBL,160,163,160,161,12149,1958192
2018-02-27,KSBBL,161,164,160,160,14687,2366458
2018-02-28,KSBBL,162,162,158,158,13147,2094072
2018-03-04,KSBBL,157,160,153,157,16652,2580433
2018-03-05,KSBBL,160,160,153,153,8549,1324192
2018-03-06,KSBBL,155,159,152,155,15596,2433638
2018-03-07,KSBBL,155,161,155,157,8461,1338222
2018-03-11,KSBBL,157,157,153,153,8722,1341158
2018-03-12,KSBBL,152,156,152,153,5064,778102
2018-03-13,KSBBL,152,154,152,152,5771,880783
2018-03-14,KSBBL,154,155,152,152,3266,499900
2018-03-15,KSBBL,152,155,152,154,6164,950210
2018-03-18,KSBBL,154,156,151,153,5494,838474
2018-03-19,KSBBL,152,153,150,151,9491,1437412
2018-03-20,KSBBL,151,152,149,150,6850,1030212
2018-03-21,KSBBL,150,153,146,147,13773,2032684
2018-03-22,KSBBL,147,151,147,148,3368,499771
2018-03-26,KSBBL,146,149,141,144,7627,1098168
2018-03-27,KSBBL,145,150,139,147,19831,2805822
2018-03-28,KSBBL,149,149,142,145,4110,592890
2018-03-29,KSBBL,147,153,145,153,9664,1427154
2018-04-01,KSBBL,150,150,145,149,4827,717062
2018-04-02,KSBBL,149,150,146,147,3043,448989
2018-04-03,KSBBL,147,150,145,149,2982,440896
2018-04-04,KSBBL,150,155,147,155,18059,2694340
2018-04-05,KSBBL,158,158,149,156,16538,2542415
2018-04-08,KSBBL,159,162,153,158,25851,4061318
2018-04-09,KSBBL,161,164,152,152,21365,3367535
2018-04-10,KSBBL,149,156,149,156,12966,1978709
2018-04-11,KSBBL,153,155,150,154,4098,624055
2018-04-12,KSBBL,151,155,151,153,22179,3396593
2018-04-15,KSBBL,151,154,151,152,6634,1005972
2018-04-16,KSBBL,152,158,152,154,6743,1045094
2018-04-17,KSBBL,155,159,154,157,11656,1820002
2018-04-18,KSBBL,157,172,155,165,22922,3741804
2018-04-19,KSBBL,165,170,162,170,25208,4232846
2018-04-22,KSBBL,173,180,168,180,29361,5074771
2018-04-23,KSBBL,179,180,169,170,25972,4523600
2018-04-24,KSBBL,168,169,165,165,7601,1271991
2018-04-25,KSBBL,165,172,164,167,9428,1596701
2018-04-26,KSBBL,165,168,162,162,13429,2197359
2018-04-29,KSBBL,162,169,161,164,19353,3201442
2018-05-02,KSBBL,165,167,160,166,7013,1143799
2018-05-03,KSBBL,167,172,167,170,27699,4725765
2018-05-06,KSBBL,173,173,170,171,17493,2979001
2018-05-07,KSBBL,173,173,166,167,4203,707493
2018-05-08,KSBBL,168,171,165,171,5413,910811
2018-05-09,KSBBL,171,172,169,170,8643,1469876
2018-05-10,KSBBL,170,170,167,167,14200,2384057
2018-05-14,KSBBL,164,167,164,165,9729,1612523
2018-05-15,KSBBL,165,165,162,162,7705,1249278
2018-05-16,KSBBL,161,167,161,166,3831,634984
2018-05-17,KSBBL,167,167,165,167,2310,383250
2018-05-20,KSBBL,165,168,163,168,4755,783166
2018-05-21,KSBBL,165,168,162,165,6687,1101467
2018-05-22,KSBBL,162,168,162,166,8368,1381577
2018-05-23,KSBBL,166,166,164,166,2903,480523
2018-05-24,KSBBL,168,168,162,162,8218,1342285
2018-05-27,KSBBL,161,163,158,160,13277,2123489
2018-05-28,KSBBL,160,166,158,165,17792,2844904
2018-05-29,KSBBL,168,168,161,163,9215,1503262
2018-05-30,KSBBL,165,168,163,164,7007,1153842
2018-05-31,KSBBL,165,165,161,162,2801,453785
2018-06-03,KSBBL,160,162,154,157,15912,2512655
2018-06-04,KSBBL,154,160,153,156,7558,1188958
2018-06-06,KSBBL,159,160,157,157,3050,485260
2018-06-07,KSBBL,159,159,155,156,15380,2415355
2018-06-10,KSBBL,157,157,153,156,13771,2124577
2018-06-11,KSBBL,155,157,153,154,7649,1185613
2018-06-12,KSBBL,154,156,154,155,4329,669846
2018-06-13,KSBBL,152,158,152,155,2044,318232
2018-06-14,KSBBL,158,161,156,156,9394,1484971
2018-06-17,KSBBL,154,157,154,155,13075,2017361
2018-06-18,KSBBL,155,156,154,156,11019,1706871
2018-06-19,KSBBL,153,155,153,154,1685,260632
2018-06-20,KSBBL,156,156,153,153,3319,510178
2018-06-21,KSBBL,152,155,152,154,5841,896152
2018-06-24,KSBBL,154,157,152,152,2738,422331
2018-06-25,KSBBL,155,157,148,150,8099,1229952
2018-06-26,KSBBL,150,155,149,152,6837,1040839
2018-06-27,KSBBL,153,154,152,152,2743,417869
2018-06-28,KSBBL,152,154,152,153,9678,1475481
2018-07-01,KSBBL,152,156,151,151,30209,4600628
2018-07-02,KSBBL,143,144,138,144,8151,1136975
2018-07-03,KSBBL,143,143,138,138,7821,1086249
2018-07-04,KSBBL,138,143,138,140,6890,964561
2018-07-05,KSBBL,140,144,139,144,11979,1701650
2018-07-08,KSBBL,143,145,140,143,7123,1017718
2018-07-09,KSBBL,143,144,140,144,18505,2627703
2018-07-10,KSBBL,144,144,142,142,7817,1114667
2018-07-11,KSBBL,142,144,140,141,8038,1146090
2018-07-12,KSBBL,142,143,139,140,5679,797090
2018-07-15,KSBBL,141,142,139,141,4356,610834
2018-07-16,KSBBL,143,145,142,144,3530,506548
2018-07-17,KSBBL,146,146,142,142,224,31886
2018-07-18,KSBBL,140,141,139,139,4264,595176
2018-07-19,KSBBL,139,141,139,139,3210,447321
2018-07-22,KSBBL,141,141,137,138,12608,1734025
2018-07-23,KSBBL,137,140,137,140,1845,255250
2018-07-24,KSBBL,142,143,139,141,4833,682647
2018-07-25,KSBBL,140,142,140,140,5570,783233
2018-07-26,KSBBL,140,140,138,140,3265,454988
2018-07-29,KSBBL,142,142,139,141,3005,419080
2018-07-30,KSBBL,140,141,139,140,3659,512109
2018-07-31,KSBBL,142,142,139,141,7276,1019936
2018-08-01,KSBBL,139,141,139,141,5859,820360
2018-08-02,KSBBL,140,142,140,142,3014,427082
2018-08-05,KSBBL,141,143,140,143,7462,1058814
2018-08-06,KSBBL,142,144,142,144,9856,1414175
2018-08-07,KSBBL,143,144,143,143,3851,550766
2018-08-08,KSBBL,141,144,141,143,4484,641607
2018-08-09,KSBBL,143,145,143,143,5306,759515
2018-08-12,KSBBL,143,143,140,140,15519,2199030
2018-08-13,KSBBL,140,142,140,141,1840,259750
2018-08-14,KSBBL,142,143,141,143,3115,443206
2018-08-15,KSBBL,145,145,142,144,8570,1234719
2018-08-16,KSBBL,145,146,144,144,14978,2175350
2018-08-19,KSBBL,142,145,142,144,9773,1411746
2018-08-20,KSBBL,143,143,140,141,10516,1486618
2018-08-21,KSBBL,142,143,141,142,2709,382878
2018-08-22,KSBBL,141,143,141,141,5037,711727
2018-08-23,KSBBL,140,142,140,142,2114,298777
2018-08-26,KSBBL,141,141,139,139,4134,579226
2018-08-28,KSBBL,141,141,140,140,4523,637259
2018-08-29,KSBBL,139,141,139,140,7247,1014969
2018-08-30,KSBBL,140,142,140,140,3228,452966
2018-09-02,KSBBL,142,143,141,143,10775,1534047
2018-09-03,KSBBL,143,146,142,146,25500,3648212
2018-09-04,KSBBL,145,146,143,146,17133,2477021
2018-09-05,KSBBL,146,152,146,150,55733,8334265
2018-09-06,KSBBL,152,152,147,147,43830,6511608
2018-09-09,KSBBL,145,148,144,145,13142,1921848
2018-09-10,KSBBL,143,146,143,143,1514,217985
2018-09-11,KSBBL,145,149,145,147,4165,615623
2018-09-12,KSBBL,147,149,145,149,16664,2446327
2018-09-13,KSBBL,151,151,145,145,13241,1965282
2018-09-16,KSBBL,147,157,147,149,26539,4048055
2018-09-17,KSBBL,151,154,150,150,15882,2417433
2018-09-18,KSBBL,151,154,150,152,15334,2332080
2018-09-20,KSBBL,152,154,151,153,7954,1205378
2018-09-23,KSBBL,151,155,151,154,19309,2935341
2018-09-25,KSBBL,157,161,155,161,60035,9502090
2018-09-26,KSBBL,160,164,156,160,29502,4711091
2018-09-27,KSBBL,159,159,156,157,12014,1891044
2018-09-30,KSBBL,158,157,154,154,14150,2192172
2018-10-01,KSBBL,155,155,152,152,8413,1285557
2018-10-02,KSBBL,150,154,150,154,13843,2105972
2018-10-03,KSBBL,152,153,151,152,6105,925702
2018-10-04,KSBBL,150,152,149,152,12475,1882376
2018-10-07,KSBBL,150,153,147,148,19391,2888974
2018-10-08,KSBBL,147,150,147,148,22926,3395659
2018-10-09,KSBBL,150,152,148,148,2487,370595
2018-10-10,KSBBL,150,151,148,148,10807,1605949
2018-10-11,KSBBL,147,151,147,151,2948,441514
2018-10-14,KSBBL,150,152,150,152,10837,1639284
2018-10-15,KSBBL,152,152,150,151,3421,516366
2018-10-21,KSBBL,148,150,148,150,437,65045
2018-10-22,KSBBL,150,151,150,151,2002,301380
2018-10-23,KSBBL,151,152,149,151,4040,606550
2018-10-24,KSBBL,153,153,149,151,4542,682046
2018-10-25,KSBBL,148,150,148,150,1089,162822
2018-10-28,KSBBL,150,150,147,148,6250,923387
2018-10-29,KSBBL,146,148,146,147,4741,699020
2018-10-30,KSBBL,148,151,148,148,3674,546531
2018-10-31,KSBBL,148,150,147,149,3666,542431
2018-11-01,KSBBL,151,151,148,150,1406,210180
2018-11-04,KSBBL,147,149,147,148,8339,1235045
2018-11-05,KSBBL,149,150,145,147,20248,2978904
2018-11-06,KSBBL,147,148,143,144,8373,1206096
2018-11-11,KSBBL,144,146,142,144,29876,4321844
2018-11-12,KSBBL,143,145,143,143,2140,306420
2018-11-13,KSBBL,143,145,143,145,8747,1267828
2018-11-14,KSBBL,143,145,143,143,4755,680442
2018-11-15,KSBBL,144,144,141,144,10662,1523148
2018-11-18,KSBBL,141,144,140,141,5402,764522
2018-11-19,KSBBL,141,142,140,140,10614,1488711
2018-11-20,KSBBL,139,140,138,139,5716,795135
2018-11-21,KSBBL,139,140,138,139,7493,1042274
2018-11-22,KSBBL,140,140,137,138,14022,1943448
2018-11-25,KSBBL,140,140,137,137,3897,538187
2018-11-26,KSBBL,137,138,136,138,2183,298985
2018-11-27,KSBBL,135,139,135,137,3082,424056
2018-11-28,KSBBL,137,138,136,138,3678,505243
2018-11-29,KSBBL,138,138,134,136,5290,716302
2018-12-02,KSBBL,137,137,134,134,6857,924142
2018-12-03,KSBBL,134,135,133,134,6002,803711
2018-12-04,KSBBL,132,136,132,136,1260,169354
2018-12-05,KSBBL,134,134,130,131,7436,972673
2018-12-06,KSBBL,129,135,129,132,4495,596688
2018-12-09,KSBBL,133,134,132,134,2924,391226
2018-12-10,KSBBL,136,138,135,137,4016,549628
2018-12-11,KSBBL,136,138,136,137,2609,356690
2018-12-12,KSBBL,136,140,136,137,1381,191675
2018-12-13,KSBBL,135,138,135,137,1793,245067
2018-12-16,KSBBL,139,144,138,139,5082,710551
2018-12-17,KSBBL,139,139,135,135,2564,351178
2018-12-18,KSBBL,136,137,135,135,4027,546125
2018-12-19,KSBBL,136,138,135,138,2614,356560
2018-12-20,KSBBL,138,140,136,140,1748,240576
2018-12-23,KSBBL,142,145,139,142,19489,2768476
2018-12-24,KSBBL,142,144,138,140,7870,1101821
2018-12-25,KSBBL,140,140,136,140,2162,298680
2018-12-26,KSBBL,142,144,140,142,12866,1820995
2018-12-27,KSBBL,143,143,138,138,23256,3233322
2018-12-30,KSBBL,138,141,135,140,8843,1229847
2018-12-31,KSBBL,140,140,137,137,3056,420730
2019-01-01,KSBBL,139,139,136,138,8872,1208262
2019-01-02,KSBBL,136,138,136,138,4232,579210
2019-01-03,KSBBL,140,140,136,137,7463,1020505
2019-01-06,KSBBL,136,139,135,135,14135,1925901
2019-01-07,KSBBL,137,137,136,136,2346,320186
2019-01-08,KSBBL,136,137,135,135,7241,983914
2019-01-09,KSBBL,135,139,135,136,6728,915752
2019-01-10,KSBBL,137,138,136,136,7929,1081275
2019-01-13,KSBBL,136,137,136,136,3735,510991
2019-01-14,KSBBL,137,138,136,138,3460,475670
2019-01-15,KSBBL,144,144,137,140,3226,445166
2019-01-16,KSBBL,139,142,138,142,12363,1727704
2019-01-17,KSBBL,144,144,139,140,5862,826094
2019-01-20,KSBBL,139,139,137,137,1491,206267
2019-01-21,KSBBL,136,138,135,135,9920,1355612
2019-01-22,KSBBL,135,139,135,137,2243,307295
2019-01-23,KSBBL,137,139,137,139,10596,1462857
2019-01-24,KSBBL,137,140,137,139,8318,1158783
2019-01-27,KSBBL,137,139,137,138,2045,282761
2019-01-28,KSBBL,139,140,137,139,2884,401996
2019-01-29,KSBBL,138,139,137,138,4078,561789
2019-01-30,KSBBL,137,138,136,137,7633,1046810
2019-01-31,KSBBL,139,139,136,136,2974,406660
2019-02-03,KSBBL,135,138,135,136,5691,778851
2019-02-04,KSBBL,136,137,135,136,3684,501336
2019-02-05,KSBBL,137,137,136,136,2677,364865
2019-02-06,KSBBL,135,136,135,136,5969,809523
2019-02-07,KSBBL,135,136,135,136,3916,529005
2019-02-10,KSBBL,135,136,133,134,7597,1020515
2019-02-11,KSBBL,134,136,134,135,6375,863759
2019-02-12,KSBBL,135,135,134,134,3601,482896
2019-02-13,KSBBL,134,136,133,133,3273,438200
2019-02-14,KSBBL,134,134,133,133,2539,340106
2019-02-17,KSBBL,134,134,133,133,1607,213971
2019-02-18,KSBBL,132,134,132,134,2841,378134
2019-02-19,KSBBL,135,138,133,138,4540,605673
2019-02-20,KSBBL,136,136,132,132,5255,697374
2019-02-21,KSBBL,132,134,132,134,4934,654099
2019-02-24,KSBBL,132,133,132,133,1982,262704
2019-02-25,KSBBL,133,134,132,134,4762,634162
2019-02-26,KSBBL,132,134,132,133,5196,688811
2019-02-27,KSBBL,131,134,131,132,3636,481894
2019-03-03,KSBBL,132,134,132,132,1449,192497
2019-03-05,KSBBL,133,135,133,135,2295,308467
2019-03-06,KSBBL,136,136,132,134,4935,657871
2019-03-07,KSBBL,136,137,134,135,4737,640624
2019-03-10,KSBBL,135,137,135,137,4746,648056
2019-03-11,KSBBL,136,139,136,138,7788,1071251
2019-03-12,KSBBL,138,143,138,142,13940,1969954
2019-03-13,KSBBL,146,146,139,140,16133,2268108
2019-03-14,KSBBL,139,144,139,143,10564,1498123
2019-03-17,KSBBL,142,143,140,140,6495,917326
2019-03-18,KSBBL,140,145,140,140,4424,624096
2019-03-19,KSBBL,142,142,140,140,4451,626240
2019-03-21,KSBBL,140,140,137,138,5846,808420
2019-03-24,KSBBL,139,139,136,137,7550,1034512
2019-03-25,KSBBL,136,139,136,139,6106,837625
2019-03-26,KSBBL,139,139,136,139,12360,1696048
2019-03-27,KSBBL,138,139,137,139,3883,535942
2019-03-28,KSBBL,140,141,138,140,8575,1198721
2019-03-31,KSBBL,140,140,138,139,5762,803494
2019-04-01,KSBBL,138,141,138,140,3275,458200
2019-04-02,KSBBL,142,143,139,141,11294,1590973
2019-04-03,KSBBL,141,144,141,141,16143,2293618
2019-04-04,KSBBL,141,143,139,141,7144,1011633
2019-04-07,KSBBL,143,144,140,144,11610,1646651
2019-04-08,KSBBL,146,148,141,143,25931,3734362
2019-04-09,KSBBL,145,147,142,144,61405,8894726
2019-04-11,KSBBL,146,147,143,143,10430,1497277
2019-04-15,KSBBL,143,145,142,143,6400,917667
2019-04-16,KSBBL,143,147,143,146,10940,1580732
2019-04-17,KSBBL,147,148,145,146,10855,1586929
2019-04-18,KSBBL,145,148,144,146,14629,2126326
2019-04-21,KSBBL,146,150,144,146,17326,2560036
2019-04-22,KSBBL,148,150,145,145,21299,3152543
2019-04-23,KSBBL,145,148,145,146,12828,1870192
2019-04-24,KSBBL,145,150,145,150,23919,3552418
2019-04-25,KSBBL,153,155,150,153,36052,5483614
2019-04-28,KSBBL,155,157,151,154,28546,4403882
2019-04-29,KSBBL,157,159,148,152,14413,2165988
2019-04-30,KSBBL,149,152,148,151,9005,1349603
2019-05-02,KSBBL,150,150,148,150,4892,730661
2019-05-05,KSBBL,151,151,146,147,8250,1220360
2019-05-06,KSBBL,145,148,145,148,9263,1352857
2019-05-07,KSBBL,150,151,148,148,8950,1338511
2019-05-08,KSBBL,148,150,147,148,8379,1243923
2019-05-09,KSBBL,148,149,148,149,5444,808121
2019-05-12,KSBBL,149,151,148,148,12790,1902684
2019-05-13,KSBBL,149,152,148,152,7617,1144521
2019-05-14,KSBBL,150,153,150,153,13101,1978863
2019-05-15,KSBBL,152,155,150,153,38785,5906852
2019-05-16,KSBBL,154,158,154,157,73454,11489128
2019-05-19,KSBBL,159,163,159,162,71987,11562913
2019-05-20,KSBBL,163,164,158,159,25009,4013182
2019-05-21,KSBBL,157,161,157,160,16484,2633575
2019-05-22,KSBBL,159,161,159,160,16248,2597366
2019-05-23,KSBBL,158,159,155,159,21114,3314179
2019-05-26,KSBBL,159,159,155,155,12225,1916310
2019-05-27,KSBBL,155,159,155,156,12172,1901410
2019-05-28,KSBBL,158,159,157,159,7634,1204078
2019-05-29,KSBBL,161,167,160,165,69795,11442681
2019-05-30,KSBBL,168,171,162,164,49653,8195182
2019-06-02,KSBBL,167,167,161,163,13268,2154403
2019-06-03,KSBBL,166,166,157,158,36824,5829415
2019-06-04,KSBBL,160,160,157,160,7324,1163028
2019-06-06,KSBBL,163,164,160,162,13930,2252671
2019-06-10,KSBBL,165,168,162,164,35089,5742772
2019-06-11,KSBBL,166,168,164,165,41706,6887942
2019-06-12,KSBBL,163,166,162,166,26245,4290918
2019-06-13,KSBBL,166,166,163,165,67378,11061349
2019-06-16,KSBBL,160,160,153,155,13538,2089890
2019-06-17,KSBBL,155,155,150,152,9178,1393709
2019-06-18,KSBBL,153,154,152,153,4220,648244
2019-06-19,KSBBL,156,156,152,154,6619,1020624
2019-06-20,KSBBL,152,155,152,155,2630,403367
2019-06-23,KSBBL,154,155,152,152,7138,1086283
2019-06-24,KSBBL,153,153,152,153,5857,891324
2019-06-25,KSBBL,154,155,153,154,2532,389926
2019-06-26,KSBBL,155,156,154,154,10738,1667352
2019-06-27,KSBBL,153,157,153,156,11333,1757729
2019-06-30,KSBBL,155,155,154,154,3436,531764
2019-07-01,KSBBL,154,155,153,154,10367,1593733
2019-07-02,KSBBL,153,154,153,154,8810,1355128
2019-07-03,KSBBL,152,158,152,157,9556,1487494
2019-07-04,KSBBL,156,157,154,157,17184,2666516
2019-07-07,KSBBL,157,162,157,161,34358,5493639
2019-07-08,KSBBL,160,160,156,156,17875,2835594
2019-07-09,KSBBL,155,158,155,157,14331,2247083
2019-07-10,KSBBL,157,160,157,159,19263,3053653
2019-07-11,KSBBL,159,160,157,159,16827,2680178
2019-07-14,KSBBL,159,162,159,162,14121,2268762
2019-07-15,KSBBL,160,162,159,159,14440,2311723
2019-07-16,KSBBL,156,161,156,160,1019,163497
2019-07-17,KSBBL,160,164,160,164,8318,1350010
2019-07-18,KSBBL,162,164,160,162,17391,2814673
2019-07-21,KSBBL,159,161,159,161,1558,248653
2019-07-22,KSBBL,158,162,158,160,9741,1568085
2019-07-23,KSBBL,159,161,159,160,5548,890563
2019-07-24,KSBBL,160,162,159,160,4632,740182
2019-07-25,KSBBL,160,161,156,157,10890,1726660
2019-07-28,KSBBL,156,157,154,156,13216,2057673
2019-07-29,KSBBL,156,158,153,154,12210,1899424
2019-07-30,KSBBL,157,157,154,154,3495,542315
2019-07-31,KSBBL,154,155,153,153,8946,1371625
2019-08-01,KSBBL,153,156,153,154,11213,1733438
2019-08-04,KSBBL,157,157,154,154,8486,1328599
2019-08-05,KSBBL,155,155,152,155,6671,1017659
2019-08-06,KSBBL,153,153,152,153,1703,259977
2019-08-07,KSBBL,152,153,150,150,4636,700920
2019-08-08,KSBBL,151,152,149,149,11641,1755332
2019-08-11,KSBBL,148,150,148,149,3644,543640
2019-08-12,KSBBL,150,152,148,150,8556,1282736
2019-08-13,KSBBL,149,152,149,150,2271,340653
2019-08-14,KSBBL,150,150,148,149,5776,858319
2019-08-15,KSBBL,149,151,148,148,1257,186822
2019-08-18,KSBBL,146,148,146,148,4097,601359
2019-08-19,KSBBL,148,153,147,151,2395,356415
2019-08-20,KSBBL,149,150,148,148,3100,461200
2019-08-21,KSBBL,147,147,145,145,8208,1196566
2019-08-22,KSBBL,145,146,142,142,17331,2491520
2019-08-25,KSBBL,144,144,142,143,9927,1414620
2019-08-26,KSBBL,145,145,145,145,1251,181395
2019-08-27,KSBBL,147,147,144,146,2703,391788
2019-08-28,KSBBL,146,146,143,143,4259,614845
2019-08-29,KSBBL,145,145,143,144,2645,379951
2019-09-01,KSBBL,143,145,142,142,1635,234225
2019-09-02,KSBBL,141,142,140,142,10286,1445580
2019-09-03,KSBBL,140,149,140,149,5376,768040
2019-09-04,KSBBL,147,147,144,145,1300,188510
2019-09-05,KSBBL,143,145,143,145,3321,476007
2019-09-08,KSBBL,145,145,141,141,1330,188730
2019-09-09,KSBBL,141,142,138,140,9571,1335853
2019-09-10,KSBBL,142,143,140,140,4624,647870
2019-09-11,KSBBL,141,141,140,140,3553,499900
2019-09-12,KSBBL,141,141,139,139,7643,1068876
2019-09-15,KSBBL,139,139,136,138,11198,1536874
2019-09-16,KSBBL,138,140,137,138,7686,1062404
2019-09-17,KSBBL,138,143,138,142,7318,1029506
2019-09-18,KSBBL,135,145,135,145,7799,1096408
2019-09-19,KSBBL,143,143,141,143,1367,193847
2019-09-22,KSBBL,138,139,138,139,1734,239692
2019-09-23,KSBBL,138,140,138,139,2522,352412
2019-09-24,KSBBL,138,139,138,139,3594,496926
2019-09-25,KSBBL,139,140,138,140,3190,443126
2019-09-26,KSBBL,138,140,138,138,3961,553708
2019-09-29,KSBBL,140,140,138,140,4613,645686
2019-09-30,KSBBL,138,142,137,142,2068,290676
2019-10-01,KSBBL,142,144,140,142,5293,752948
2019-10-02,KSBBL,142,142,140,140,12118,1713940
2019-10-03,KSBBL,142,145,142,145,5461,786183
2019-10-10,KSBBL,144,144,143,143,403,57832
2019-10-14,KSBBL,141,142,141,141,1900,268450
2019-10-15,KSBBL,140,142,140,142,3462,491112
2019-10-16,KSBBL,141,143,141,141,3461,489125
2019-10-17,KSBBL,140,142,140,141,5756,811396
2019-10-20,KSBBL,140,142,140,142,2851,402040
2019-10-21,KSBBL,144,144,141,141,3179,455238
2019-10-22,KSBBL,141,143,141,143,2002,284681
2019-10-23,KSBBL,141,144,141,144,3024,433730
2019-10-24,KSBBL,143,145,143,145,2590,374226
2019-10-31,KSBBL,145,145,144,145,1137,164835
2019-11-03,KSBBL,145,145,143,144,1413,202910
2019-11-04,KSBBL,143,145,143,145,3664,525659
2019-11-05,KSBBL,143,144,143,143,3447,493818
2019-11-06,KSBBL,141,144,141,144,1179,167139
2019-11-07,KSBBL,142,144,142,144,721,103092
2019-11-10,KSBBL,144,144,143,144,1988,285301
2019-11-11,KSBBL,144,146,141,143,6006,852846
2019-11-12,KSBBL,141,141,140,140,5041,710741
2019-11-13,KSBBL,139,142,138,138,12055,1676060
2019-11-14,KSBBL,138,138,137,137,5532,757999
2019-11-17,KSBBL,137,138,134,134,5958,809014
2019-11-18,KSBBL,135,136,133,134,6371,857370
2019-11-19,KSBBL,135,135,134,135,6919,932917
2019-11-20,KSBBL,135,135,135,135,4090,552150
2019-11-21,KSBBL,136,136,134,134,6504,873944
2019-11-24,KSBBL,132,135,132,132,8387,1113516
2019-11-25,KSBBL,134,136,133,133,1598,214801
2019-11-26,KSBBL,134,134,131,133,822,109535
2019-11-27,KSBBL,133,134,133,133,4921,656128
2019-11-28,KSBBL,135,135,131,131,12735,1682930
2019-12-01,KSBBL,131,133,131,132,11982,1582132
2019-12-02,KSBBL,132,133,131,132,2301,302890
2019-12-03,KSBBL,132,134,132,133,4704,625964
2019-12-04,KSBBL,134,134,133,133,2528,337134
2019-12-05,KSBBL,135,135,132,132,4587,609833
2019-12-08,KSBBL,132,134,132,133,2282,304243
2019-12-09,KSBBL,135,139,134,139,6895,942499
2019-12-10,KSBBL,140,140,136,137,1722,236506
2019-12-11,KSBBL,136,140,136,140,4113,572936
2019-12-12,KSBBL,139,140,136,138,12298,1697912
2019-12-15,KSBBL,140,142,140,141,24528,3451749
2019-12-16,KSBBL,139,139,136,136,9682,1322734
2019-12-17,KSBBL,135,136,134,135,5268,709363
2019-12-18,KSBBL,134,135,134,134,1015,136180
2019-12-19,KSBBL,134,135,133,134,3669,491857
2019-12-22,KSBBL,132,136,131,136,2280,307274
2019-12-23,KSBBL,135,137,135,137,3219,438619
2019-12-24,KSBBL,137,137,135,137,14488,1969811
2019-12-25,KSBBL,137,138,136,136,646,88516
2019-12-26,KSBBL,138,138,134,134,3310,445745
2019-12-29,KSBBL,134,136,133,133,4668,627023
2019-12-30,KSBBL,135,139,134,136,2872,389627
2019-12-31,KSBBL,134,136,134,134,4516,606139
2020-01-01,KSBBL,135,135,133,135,3828,513888
2020-01-02,KSBBL,137,137,134,134,7967,1075905
2020-01-05,KSBBL,132,139,132,135,41151,5548930
2020-01-06,KSBBL,136,140,136,139,41481,5685147
2020-01-07,KSBBL,140,141,138,141,17824,2500167
2020-01-08,KSBBL,140,143,138,138,9841,1370019
2020-01-09,KSBBL,140,140,138,138,712,98498
2020-01-12,KSBBL,138,145,138,142,20496,2920733
2020-01-13,KSBBL,144,152,143,145,33985,5008238
2020-01-14,KSBBL,145,145,142,144,6641,954244
2020-01-15,KSBBL,145,152,145,148,14525,2146595
2020-01-16,KSBBL,150,156,149,155,60145,9216463
2020-01-19,KSBBL,158,167,155,162,55796,8984152
2020-01-20,KSBBL,164,164,154,156,56373,8943517
2020-01-21,KSBBL,154,161,153,157,28985,4536925
2020-01-22,KSBBL,157,157,154,156,11324,1757041
2020-01-23,KSBBL,155,155,152,154,17992,2755692
2020-01-26,KSBBL,152,155,150,151,18791,2872408
2020-01-27,KSBBL,151,157,149,157,18583,2833963
2020-01-28,KSBBL,155,157,152,153,16305,2511105
2020-01-29,KSBBL,153,155,152,154,9795,1494608
2020-01-30,KSBBL,153,156,153,154,12042,1859302
2020-02-02,KSBBL,155,159,155,158,26364,4132290
2020-02-03,KSBBL,161,163,156,162,31405,5018700
2020-02-04,KSBBL,159,171,159,161,49995,8216727
2020-02-05,KSBBL,163,165,161,162,14981,2441776
2020-02-06,KSBBL,161,164,161,162,11445,1857557
2020-02-09,KSBBL,164,164,158,160,11835,1888408
2020-02-10,KSBBL,160,163,158,162,30001,4846076
2020-02-11,KSBBL,164,165,160,162,14308,2316537
2020-02-12,KSBBL,163,163,160,160,18800,3020999
2020-02-13,KSBBL,161,162,160,160,18577,2984808
2020-02-16,KSBBL,160,161,159,160,19356,3095544
2020-02-17,KSBBL,162,166,161,162,25586,4194320
2020-02-18,KSBBL,165,171,163,168,78813,13164265
2020-02-19,KSBBL,169,173,167,173,49743,8517680
2020-02-20,KSBBL,174,175,169,172,18588,3186630
2020-02-23,KSBBL,175,187,172,186,86856,15776901
2020-02-24,KSBBL,185,185,177,178,34528,6253209
2020-02-25,KSBBL,178,181,175,179,25573,4553669
2020-02-26,KSBBL,180,188,180,180,44397,8118854
2020-02-27,KSBBL,180,198,178,190,134163,25287192
2020-03-01,KSBBL,192,196,181,181,75055,14151131
2020-03-02,KSBBL,178,184,172,172,36329,6385930
2020-03-03,KSBBL,169,177,166,173,55370,9572733
2020-03-04,KSBBL,171,176,167,167,36897,6259065
2020-03-05,KSBBL,170,175,164,169,25224,4271255
2020-03-10,KSBBL,166,166,157,157,16850,2714450
2020-03-11,KSBBL,160,168,159,168,23159,3787515
2020-03-12,KSBBL,165,168,161,163,10818,1773558
2020-03-15,KSBBL,166,166,155,156,28780,4527997
2020-03-16,KSBBL,154,162,154,157,27046,4246010
2020-03-17,KSBBL,156,159,150,151,33573,5147651
2020-03-18,KSBBL,153,153,146,148,19199,2856192
2020-03-19,KSBBL,146,155,145,155,21633,3210082
2020-03-22,KSBBL,155,155,152,152,200,30700
2020-05-12,KSBBL,149,149,148,148,2010,299480
2020-06-29,KSBBL,146,146,136,139,18933,2602752
2020-06-30,KSBBL,140,144,140,144,960,135520
2020-07-01,KSBBL,144,146,144,145,1015,147860
2020-07-02,KSBBL,147,147,142,142,2419,347512
2020-07-05,KSBBL,140,142,136,139,12271,1723343
2020-07-06,KSBBL,140,143,139,143,6869,970949
2020-07-07,KSBBL,145,149,145,146,8842,1297694
2020-07-08,KSBBL,144,146,144,146,11918,1730469
2020-07-09,KSBBL,148,149,146,149,2991,441888
2020-07-12,KSBBL,151,151,146,148,14457,2127179
2020-07-13,KSBBL,147,149,146,147,5865,858981
2020-07-14,KSBBL,145,147,144,144,7058,1028048
2020-07-15,KSBBL,145,148,145,145,4977,727242
2020-07-16,KSBBL,146,156,146,153,9519,1446396
2020-07-19,KSBBL,159,165,159,165,140,22680
2020-07-20,KSBBL,173,176,161,161,22852,3850569
2020-07-21,KSBBL,158,163,155,155,10477,1655638
2020-07-22,KSBBL,158,161,154,157,7999,1245540
2020-07-23,KSBBL,160,160,155,156,3271,512053
2020-07-26,KSBBL,158,158,153,157,11526,1787915
2020-07-27,KSBBL,157,159,155,159,14769,2333962
2020-07-28,KSBBL,158,158,156,158,2154,338973
2020-07-29,KSBBL,155,158,153,154,8379,1301469
2020-07-30,KSBBL,151,159,151,155,6360,977459
2020-08-02,KSBBL,152,155,150,152,12989,1963038
2020-08-03,KSBBL,149,154,147,151,15874,2374554
2020-08-05,KSBBL,151,157,147,153,9785,1453348
2020-08-06,KSBBL,153,154,146,153,5975,893188
2020-08-09,KSBBL,150,153,147,153,7008,1052587
2020-08-10,KSBBL,153,155,151,155,6878,1054982
2020-08-11,KSBBL,156,156,150,154,15640,2388018
2020-08-12,KSBBL,151,155,151,153,2898,441417
2020-08-13,KSBBL,153,153,150,152,3107,470674
2020-08-16,KSBBL,149,149,142,145,31922,4574813
2020-08-17,KSBBL,143,145,143,145,4052,585602
2020-08-18,KSBBL,146,146,141,141,13962,1991810
2020-08-19,KSBBL,139,146,137,144,11349,1634782
2020-08-20,KSBBL,144,147,141,144,10541,1503318
2020-08-23,KSBBL,143,145,142,144,8611,1228162
2020-08-24,KSBBL,146,146,143,143,11503,1663013
2020-08-25,KSBBL,144,145,143,145,12344,1771159
2020-08-26,KSBBL,145,145,142,145,20701,2964326
2020-08-27,KSBBL,144,145,142,142,9026,1294470
2020-08-30,KSBBL,144,144,140,141,15283,2153055
2020-08-31,KSBBL,142,144,140,142,43866,6203080
2020-09-02,KSBBL,142,148,141,148,44436,6399537
2020-09-03,KSBBL,150,153,145,145,8711,1279216
2020-09-06,KSBBL,152,152,142,144,26578,3826518
2020-09-07,KSBBL,142,143,141,142,14706,2091250
2020-09-08,KSBBL,142,143,141,142,6481,919594
2020-09-09,KSBBL,149,149,140,140,11808,1669243
2020-09-10,KSBBL,142,143,140,143,12889,1824566
2020-09-13,KSBBL,142,144,141,143,16578,2354588
2020-09-14,KSBBL,143,145,143,144,18672,2679734
2020-09-15,KSBBL,145,145,141,142,16909,2403264
2020-09-16,KSBBL,149,149,141,143,14428,2045678
2020-09-17,KSBBL,144,157,142,154,97859,14721415
2020-09-20,KSBBL,161,165,154,154,66364,10434692
2020-09-21,KSBBL,155,157,149,151,21858,3317092
2020-09-22,KSBBL,150,153,148,150,22321,3359863
2020-09-23,KSBBL,147,153,147,152,14681,2208186
2020-09-24,KSBBL,152,156,152,156,42158,6497194
2020-09-27,KSBBL,158,161,154,156,54123,8504041
2020-09-28,KSBBL,156,164,156,162,92618,14918017
2020-09-29,KSBBL,160,172,159,170,115935,19371914
2020-09-30,KSBBL,178,187,170,187,273028,48998996
2020-10-01,KSBBL,195,205,188,205,336568,67280742
2020-10-04,KSBBL,200,214,199,200,205340,41987844
2020-10-05,KSBBL,196,220,194,220,366764,77987106
2020-10-06,KSBBL,218,224,207,213,189698,40911619
2020-10-07,KSBBL,210,234,210,229,269536,60725344
2020-10-08,KSBBL,233,235,221,223,133931,30350276
2020-10-11,KSBBL,224,231,214,219,301910,67441387
2020-10-12,KSBBL,219,232,217,229,303789,68881035
2020-10-13,KSBBL,232,234,226,228,180317,41502904
2020-10-14,KSBBL,239,239,221,224,108280,24305605
2020-10-15,KSBBL,235,235,221,223,99770,22408581
2020-10-18,KSBBL,227,230,215,217,89664,19668950
2020-10-19,KSBBL,217,226,217,224,53574,11921589
2020-10-20,KSBBL,226,229,224,228,75138,17002190
2020-10-21,KSBBL,227,228,224,224,56983,12878234
2020-10-22,KSBBL,228,236,224,225,35109,7923669
2020-10-28,KSBBL,228,244,222,234,67586,15536883
2020-10-29,KSBBL,230,242,229,232,71382,16569787
2020-11-01,KSBBL,232,234,226,230,65561,15077517
2020-11-02,KSBBL,233,239,231,236,206120,48427083
2020-11-03,KSBBL,236,239,233,238,84891,19987005
2020-11-04,KSBBL,239,239,229,229,74726,17351818
2020-11-05,KSBBL,227,239,227,235,108930,25578713
2020-11-08,KSBBL,238,239,232,235,76858,17992749
2020-11-09,KSBBL,239,239,231,236,66240,15590718
2020-11-10,KSBBL,247,250,232,233,700104,168782617
2020-11-11,KSBBL,244,244,226,228,135977,31186813
2020-11-12,KSBBL,231,231,220,224,115950,26077435
2020-11-18,KSBBL,213,236,213,220,107632,24196565
2020-11-19,KSBBL,224,232,219,226,103550,23100166
2020-11-22,KSBBL,230,234,221,226,88766,20012621
2020-11-23,KSBBL,230,230,221,222,73214,16413172
2020-11-24,KSBBL,222,227,222,224,70360,15803929
2020-11-25,KSBBL,227,233,224,225,131444,29865014
2020-11-26,KSBBL,236,236,222,223,98843,22241490
2020-11-29,KSBBL,227,245,227,241,274641,65291639
2020-11-30,KSBBL,250,250,233,235,132714,31678712
2020-12-01,KSBBL,242,242,228,229,58199,13440970
2020-12-02,KSBBL,229,232,226,227,61700,14083384
2020-12-03,KSBBL,231,235,225,228,78329,17822044
2020-12-06,KSBBL,230,236,222,222,74608,16804737
2020-12-07,KSBBL,222,231,222,231,84931,19334252
2020-12-08,KSBBL,235,239,226,228,54978,12625336
2020-12-09,KSBBL,231,231,225,229,85676,19566426
2020-12-10,KSBBL,231,231,225,227,30552,6922757
2020-12-13,KSBBL,226,228,223,227,44357,9962005
2020-12-14,KSBBL,227,231,226,230,47929,10913277
2020-12-15,KSBBL,230,233,225,225,23335,5306333
2020-12-16,KSBBL,225,229,222,223,31722,7104721
2020-12-17,KSBBL,223,228,223,223,29642,6646473
2020-12-20,KSBBL,234,234,215,217,146977,32486152
2020-12-21,KSBBL,215,224,206,224,52540,11264968
2020-12-22,KSBBL,227,230,220,225,66819,15104394
2020-12-23,KSBBL,228,229,218,220,34700,7735263
2020-12-24,KSBBL,220,226,218,218,16617,3668318
2020-12-27,KSBBL,222,223,217,220,34151,7484754
2020-12-28,KSBBL,221,222,218,219,40882,9010997
2020-12-29,KSBBL,216,222,215,218,28126,6096689
2020-12-30,KSBBL,218,225,216,225,55281,12136443
2020-12-31,KSBBL,219,219,212,217,28128,6079370
2021-01-03,KSBBL,220,220,216,220,45948,10033351
2021-01-04,KSBBL,224,224,218,220,44468,9773654
2021-01-05,KSBBL,217,222,216,218,19996,4342410
2021-01-06,KSBBL,216,221,216,221,41390,9067535
2021-01-07,KSBBL,222,222,215,219,60322,13154467
2021-01-10,KSBBL,222,229,222,228,125733,28397674
2021-01-11,KSBBL,229,243,226,239,221781,52483688
2021-01-12,KSBBL,241,245,236,237,111292,26655984
2021-01-13,KSBBL,238,246,238,245,148601,36223136
2021-01-17,KSBBL,248,269,248,269,182631,47997820
2021-01-18,KSBBL,282,295,282,295,142124,41843626
2021-01-19,KSBBL,309,320,284,288,421369,123379266
2021-01-20,KSBBL,290,292,270,277,183770,51218622
2021-01-21,KSBBL,290,290,269,275,170039,46404482
2021-01-24,KSBBL,275,285,272,274,117722,32359040
2021-01-25,KSBBL,277,284,269,284,125490,34610010
2021-01-26,KSBBL,298,298,277,283,141710,40331742
2021-01-27,KSBBL,297,297,279,283,83640,23581323
2021-01-28,KSBBL,280,284,278,278,86152,24228469
2021-01-31,KSBBL,280,285,275,278,160225,45004704
2021-02-01,KSBBL,276,293,276,290,128243,36434253
2021-02-02,KSBBL,290,298,285,293,110595,32339913
2021-02-03,KSBBL,294,298,287,289,99709,29026007
2021-02-04,KSBBL,284,292,284,288,71906,20804911
2021-02-07,KSBBL,293,295,287,290,55578,16140977
2021-02-08,KSBBL,294,310,290,309,277398,84209122
2021-02-09,KSBBL,315,333,305,330,311903,99114701
2021-02-10,KSBBL,330,336,317,325,150286,48887084
2021-02-11,KSBBL,341,341,319,321,107509,34589389
2021-02-14,KSBBL,320,324,310,314,148364,46772463
2021-02-15,KSBBL,320,333,320,332,125852,41143103
2021-02-16,KSBBL,334,339,325,325,110605,36706515
2021-02-17,KSBBL,330,330,320,326,66884,21608397
2021-02-18,KSBBL,327,333,323,330,74861,24600027
2021-02-21,KSBBL,335,335,323,324,61645,20063413
2021-02-22,KSBBL,322,323,312,315,118283,37539790
2021-02-23,KSBBL,330,330,301,311,114268,35208558
2021-02-24,KSBBL,312,322,310,316,59173,18731389
2021-02-25,KSBBL,312,316,307,309,64579,20007599
2021-02-28,KSBBL,309,310,301,303,95541,29001460
2021-03-01,KSBBL,308,314,295,308,58829,17964829
2021-03-02,KSBBL,306,309,295,297,78216,23486327
2021-03-03,KSBBL,296,297,290,295,80150,23453048
2021-03-04,KSBBL,299,310,295,305,57741,17459279
2021-03-07,KSBBL,308,310,300,301,43549,13209241
2021-03-09,KSBBL,303,303,298,300,30180,9033579
2021-03-10,KSBBL,306,306,296,297,33447,9938592
2021-03-14,KSBBL,299,302,290,294,33736,9923790
2021-03-15,KSBBL,289,298,289,293,48637,14202784
2021-03-16,KSBBL,293,298,291,295,22701,6676597
2021-03-17,KSBBL,298,302,295,302,38062,11384820
2021-03-18,KSBBL,305,311,301,310,61053,18811686
2021-03-21,KSBBL,315,317,308,316,62460,19559156
2021-03-22,KSBBL,312,316,310,311,60175,18797250
2021-03-23,KSBBL,311,313,307,310,21069,6519317
2021-03-24,KSBBL,313,314,308,313,33782,10492645
2021-03-25,KSBBL,312,321,307,308,62936,19714094
2021-03-29,KSBBL,314,314,307,308,16732,5160476
2021-03-30,KSBBL,309,311,307,309,22286,6882353
2021-03-31,KSBBL,314,328,310,326,93668,30047471
2021-04-01,KSBBL,326,350,322,339,319281,108098885
2021-04-04,KSBBL,342,348,338,339,124894,42693538
2021-04-05,KSBBL,344,348,333,334,125232,42388510
2021-04-06,KSBBL,332,338,330,336,109776,36837547
2021-04-07,KSBBL,336,346,335,341,128744,43961032
2021-04-08,KSBBL,345,345,338,340,78697,26846016
2021-04-12,KSBBL,345,346,339,340,48840,16649226
2021-04-13,KSBBL,341,356,341,352,213710,74852937
2021-04-15,KSBBL,354,379,354,368,285112,105172982
2021-04-18,KSBBL,385,385,368,374,661059,247250210
2021-04-19,KSBBL,380,382,360,362,250909,92150950
2021-04-20,KSBBL,365,372,360,363,96705,35309413
2021-04-21,KSBBL,370,370,350,352,105184,37452748
2021-04-22,KSBBL,369,369,348,353,88210,31106069
2021-04-25,KSBBL,353,359,338,340,127205,43895460
2021-04-26,KSBBL,340,347,328,331,100903,33719588
2021-04-27,KSBBL,331,350,331,345,81464,27951854
2021-04-28,KSBBL,350,350,340,343,38808,13355665
2021-04-29,KSBBL,343,347,340,343,35132,12077642
2021-05-02,KSBBL,346,360,344,351,83426,29304267
2021-05-03,KSBBL,355,359,345,349,55473,19462906
2021-05-04,KSBBL,349,354,338,348,83569,28697191
2021-05-05,KSBBL,355,355,341,343,41359,14210865
2021-05-06,KSBBL,348,348,341,344,32124,11022266
2021-05-09,KSBBL,347,347,337,341,81355,27654207
2021-05-10,KSBBL,339,346,339,341,27634,9483503
2021-05-11,KSBBL,340,347,340,345,33394,11525150
2021-05-12,KSBBL,346,347,343,344,26349,9067289
2021-05-13,KSBBL,347,356,345,356,99989,35098915
2021-05-16,KSBBL,360,378,360,377,254004,94167891
2021-05-17,KSBBL,385,385,370,374,146405,54789754
2021-05-18,KSBBL,379,384,372,382,126070,47654808
2021-05-19,KSBBL,395,395,372,377,127706,48431657
2021-05-20,KSBBL,359,387,359,386,185729,70855786
2021-05-23,KSBBL,375,417,373,417,474297,189977664
2021-05-24,KSBBL,421,441,407,416,353669,149010318
2021-05-25,KSBBL,420,425,406,410,313114,129465342
2021-05-27,KSBBL,410,445,394,433,370626,155405139
2021-05-30,KSBBL,440,471,428,464,529093,238768240
2021-05-31,KSBBL,473,479,446,446,325310,148193767
2021-06-01,KSBBL,446,455,433,440,177595,78409016
2021-06-02,KSBBL,455,463,432,459,297718,134535393
2021-06-03,KSBBL,468,485,463,467,462000,219029869
2021-06-06,KSBBL,467,487,460,471,319906,151696558
2021-06-07,KSBBL,450,518,450,518,572087,284673761
2021-06-08,KSBBL,530,569,528,569,422590,238005412
2021-06-09,KSBBL,575,617,539,551,512279,287756855
2021-06-10,KSBBL,550,580,534,577,448007,248316499
2021-06-13,KSBBL,577,633,570,632,505732,305135884
2021-06-14,KSBBL,663,663,607,624,379256,239595943
2021-06-15,KSBBL,624,626,579,593,455848,273562903
2021-06-16,KSBBL,593,620,545,573,295535,170282729
2021-06-17,KSBBL,573,601,550,580,190856,110132937
2021-06-20,KSBBL,585,591,541,558,270969,152621386
2021-06-21,KSBBL,532,565,530,531,259880,141005132
2021-06-22,KSBBL,531,574,513,572,230397,125955586
2021-06-23,KSBBL,575,578,543,547,169737,94411528
2021-06-24,KSBBL,551,551,532,536,119383,64439558
2021-06-27,KSBBL,539,550,525,527,91105,48390969
2021-06-28,KSBBL,527,537,511,517,114235,59551842
2021-06-29,KSBBL,492,521,492,498,149440,75244529
2021-06-30,KSBBL,485,525,480,514,185562,91664198
2021-07-01,KSBBL,523,543,510,528,194198,102532191
2021-07-04,KSBBL,537,547,526,526,127715,68096572
2021-07-05,KSBBL,519,525,511,513,65645,33882118
2021-07-06,KSBBL,505,525,505,515,45112,23315535
2021-07-07,KSBBL,510,523,510,516,40694,21037797
2021-07-08,KSBBL,520,530,510,528,90082,47236275
2021-07-11,KSBBL,532,580,532,577,272752,152581655
2021-07-12,KSBBL,588,590,548,563,320392,183144258
2021-07-13,KSBBL,563,590,563,585,173371,99805853
2021-07-14,KSBBL,595,600,574,581,91634,53532724
2021-07-15,KSBBL,581,590,576,580,113276,65898536
2021-07-18,KSBBL,591.6,629,591.6,619.5,551994,341108259
2021-07-19,KSBBL,631,635,601.8,606,249420,152809119.99
2021-07-20,KSBBL,593.9,613,593.9,603,117195,70624977.2
2021-07-22,KSBBL,605,610,590.1,592,148801,88400942.6
2021-07-25,KSBBL,592,592,580.2,587,185376,108402959.6
2021-07-26,KSBBL,595,595,580,581,92459,53907102.2
2021-07-27,KSBBL,575,585,567,581,137761,79702261.5
2021-07-28,KSBBL,592.6,599,581,584.5,89736,53057068.6
2021-07-29,KSBBL,590,593,577.3,581,116817,68426888.5
2021-08-01,KSBBL,590,595.7,580,582,109416,64230641.6
2021-08-02,KSBBL,587,591.6,575.2,576.6,62327,36127197
2021-08-03,KSBBL,584,584,573,577,80969,46837256.5
2021-08-04,KSBBL,585,585,575,582,73495,42595823.3
2021-08-05,KSBBL,589,603.7,582,590,165430,98215324.2
2021-08-08,KSBBL,600,600,590,591,98317,58332617.3
2021-08-09,KSBBL,597,597,584.6,587,76552,44975745.4
2021-08-10,KSBBL,590,645.7,588,645.7,550047,346796443.3
2021-08-11,KSBBL,658.6,685.1,637,648,411810,270257210.2
2021-08-12,KSBBL,655,712.8,655,712.8,854026,597444302.9
2021-08-15,KSBBL,698.6,740,656,700,724311,496596837.6
2021-08-16,KSBBL,710,745,685,745,517583,374069304.1
2021-08-17,KSBBL,759,796,737,790,327659,252548515.8
2021-08-18,KSBBL,805.8,866.9,770,845,677717,560843449.4
2021-08-19,KSBBL,845,860,801,808,517749,426187724.4
2021-08-24,KSBBL,810,814,765.1,784,429815,338864387
2021-08-25,KSBBL,768.4,779,735,745,389613,294585778.9
2021-08-26,KSBBL,740,795,740,776.2,389263,299533864.2
2021-08-29,KSBBL,791.7,791.7,753,756,223073,171002186.6
2021-08-31,KSBBL,756,758,715,718,308415,226155737.9
2021-09-01,KSBBL,725,740,710.2,718,190853,138040750.9
2021-09-02,KSBBL,718,730,682,694,174838,122856382.7
2021-09-05,KSBBL,699,699,625.2,652,337019,219060024.7
2021-09-06,KSBBL,652,717.2,630,717.2,248405,170172681.5
2021-09-07,KSBBL,730,731,685,702,177331,126219834.6
2021-09-08,KSBBL,711,711,675,686,123551,84710749.1
2021-09-09,KSBBL,686,699,675,683,101090,69479978.1
2021-09-12,KSBBL,696.6,737,683,731,234170,168578342.7
2021-09-13,KSBBL,745.6,755,722,725,181495,134200348
2021-09-14,KSBBL,732,739,709.5,719,98752,70852680.3
2021-09-15,KSBBL,722,725,697,705,163537,115529401.5
2021-09-16,KSBBL,700,700,670,683.2,206278,140931671.5
2021-09-20,KSBBL,683.2,686,635,640,211982,138771467.7
2021-09-21,KSBBL,628,672.1,619,645,168159,107940945
2021-09-22,KSBBL,657,703,657,694,137572,94088796.4
2021-09-23,KSBBL,707.8,715,677,678,126021,87322305.9
2021-09-26,KSBBL,691.5,733,685,691,293946,205862250.8
2021-09-27,KSBBL,704,704,657.1,660,137656,91960920
2021-09-28,KSBBL,647,673,637,645,102922,66527450.9
2021-09-29,KSBBL,643,670.1,634,663,104374,68308018
2021-09-30,KSBBL,665,677,645,646,78556,51918927.5
2021-10-03,KSBBL,649,659,634,636,94379,60793366.4
2021-10-04,KSBBL,638,645,627,630,67486,42760833.7
2021-10-05,KSBBL,642.5,655,630,645,56379,36331411.3
2021-10-06,KSBBL,657,667,646,666.9,75485,49664838.1
2021-10-10,KSBBL,680,681.5,655,660,64769,43305023.5
2021-10-11,KSBBL,670,670,632.2,655,47534,31022858.4
2021-10-17,KSBBL,668.1,683,658,682.9,62170,41812974
2021-10-18,KSBBL,690,690,656.6,661,72200,48073162.5
2021-10-19,KSBBL,651,660,625.5,635,83719,53294565.9
2021-10-20,KSBBL,647,668,647,660,61228,40259996.5
2021-10-21,KSBBL,665,666,643,648,42893,28018629.9
2021-10-24,KSBBL,660.9,660.9,646,651,32813,21335075.3
2021-10-25,KSBBL,662,710,652,710,144525,98862287.8
2021-10-26,KSBBL,724.2,770,710.6,719,617763,447457746.2
2021-10-27,KSBBL,607,646.6,595,613,129060,79435228.6
2021-10-28,KSBBL,625,663,605,663,107354,66418684
2021-10-31,KSBBL,663,729,624.3,729,246158,161561961.5
2021-11-01,KSBBL,729,729,669.5,680,367377,251444922.8
2021-11-02,KSBBL,680,735.9,650,670,330728,221680996.9
2021-11-03,KSBBL,670,675,647.8,652,173643,114226549.7
2021-11-08,KSBBL,650,660,639,640,72331,46647723.4
2021-11-09,KSBBL,640,640,602,607,160686,99544583.6
2021-11-11,KSBBL,607,615,583,593,156563,93909659
2021-11-14,KSBBL,590,608,585.1,595,78685,47037946.3
2021-11-15,KSBBL,606.9,626.8,606.9,617.5,82659,50934578.7
2021-11-16,KSBBL,620,625,610,616.2,72564,44795973.4
2021-11-17,KSBBL,628.5,628.5,608,608,77902,48134715
2021-11-18,KSBBL,608,618.8,594,595,71187,42718852.7
2021-11-21,KSBBL,605,605,585.1,590,52986,31323137.1
2021-11-22,KSBBL,590,600,577,580,88056,51454368.8
2021-11-23,KSBBL,580,587,555.7,564.9,66079,37461943.7
2021-11-24,KSBBL,556,583.7,546,583,60439,34406727.5
2021-11-25,KSBBL,588,588,570,570,43648,25121020.4
2021-11-28,KSBBL,560,570,539,541.9,108171,59253012.8
2021-11-29,KSBBL,536,558,530,533,83325,45127829.5
2021-11-30,KSBBL,543,553.8,525,532.9,53999,28775644.4
2021-12-01,KSBBL,538,549.7,533.1,542,45065,24402373.2
2021-12-02,KSBBL,545,547,519.4,520,46669,24637046
2021-12-05,KSBBL,510,528.1,495,500,64930,32656475.5
2021-12-06,KSBBL,500,520,471.5,510,89802,44321168.8
2021-12-07,KSBBL,519,526,485,485.2,70375,35219884.8
2021-12-08,KSBBL,476,498,470,474,44402,21322765.5
2021-12-09,KSBBL,474,478,464,465,43157,20284671
2021-12-12,KSBBL,462.2,467,431,432,46086,20671844.9
2021-12-13,KSBBL,426,430,398,400,94847,38701449.1
2021-12-14,KSBBL,408,440,404,440,31325,13266328.3
2021-12-15,KSBBL,448,480,434.2,446.1,105409,48514392.6
2021-12-16,KSBBL,445,446,426,430.6,39653,17321098
2021-12-20,KSBBL,435,435,418,423,23287,9853844.4
2021-12-21,KSBBL,431,439,423.5,437,26988,11626288.7
2021-12-22,KSBBL,445,473.7,445,469,67315,31009277.7
2021-12-23,KSBBL,478,478,453,463.7,48944,22934173.3
2021-12-26,KSBBL,472,472,460,461,50557,23580971.4
2021-12-27,KSBBL,470,470,440,441,67478,30446933.5
2021-12-28,KSBBL,432.2,442,426,436,46605,20166761.9
2021-12-29,KSBBL,438,444,427.3,435,29013,12649019.5
2022-01-02,KSBBL,440,450.8,430.1,448,44696,19810900.2
2022-01-03,KSBBL,456.9,469,449,459,57667,26522386.3
2022-01-04,KSBBL,467.9,491.6,452.1,489,102186,48641547.6
2022-01-05,KSBBL,495,504,474,474,84716,41381457.5
2022-01-06,KSBBL,474,491.6,466,486,84786,40726679
2022-01-09,KSBBL,490,515,490,515,136830,69707178.5
2022-01-10,KSBBL,525,530,514,521,78925,41234758.4
2022-01-11,KSBBL,521,567,510.1,558,149844,81926266.8
2022-01-12,KSBBL,558,565.7,535,540,152591,83964553.7
2022-01-13,KSBBL,539,569,533,563,117059,64764471.2
2022-01-16,KSBBL,574.2,590,568,575,158485,91879202.3
2022-01-17,KSBBL,580,584,562,578,126908,73037217.3
2022-01-18,KSBBL,577,578,546.9,555.1,165150,92849697.9
2022-01-19,KSBBL,560,566,540,541.5,84969,46539377.9
2022-01-20,KSBBL,540,578.2,535,574,97604,54226774.9
2022-01-23,KSBBL,585,585.4,556,559,100708,57246914.3
2022-01-24,KSBBL,559,559,530.1,533,162513,87812968.9
2022-01-25,KSBBL,543,546,519,527,143088,75898316.9
2022-01-26,KSBBL,521,532,510,514.5,88744,45955149.9
2022-01-27,KSBBL,514,525,510,511,56196,28966687.4
2022-01-30,KSBBL,521.2,550,521.2,550,109917,59579285.8
2022-01-31,KSBBL,552,560,537,538,58588,31907276.4
2022-02-01,KSBBL,530,551.5,530,549,76648,41697786.9
2022-02-03,KSBBL,555,565.9,538.1,539,99985,55390046.2
2022-02-06,KSBBL,530,544,529,530.1,51915,27747095.9
2022-02-07,KSBBL,530,542.9,529,534,47655,25557960.5
2022-02-08,KSBBL,544.6,560,529,530,70348,38136070.9
2022-02-09,KSBBL,539.9,539.9,520,525,32287,16945774.8
2022-02-10,KSBBL,525,530,516.2,521.5,32855,17121208.4
2022-02-13,KSBBL,522,522,493,499,79112,39734989.7
2022-02-14,KSBBL,498,507.9,498,498.1,41036,20623692
2022-02-15,KSBBL,508,516.8,500,516,34464,17486481
2022-02-16,KSBBL,517,525,501,505,28013,14250376.9
2022-02-17,KSBBL,501,509,500,504,18933,9552622.2
2022-02-20,KSBBL,494,505,481,498,48069,23840988.3
2022-02-21,KSBBL,500,504,497,499,22781,11379822.4
2022-02-22,KSBBL,508.9,509.9,502,505,36610,18561773.2
2022-02-23,KSBBL,510,511.9,498.2,500.5,26150,13130212.4
2022-02-24,KSBBL,495,500,485,487,37722,18483421.7
2022-02-27,KSBBL,490,490,474,480.2,34975,16867408.8
2022-02-28,KSBBL,489,498,472,474,44148,21214497.3
2022-03-02,KSBBL,471,472,454,457,41214,18995744.4
2022-03-06,KSBBL,458,475,455,462.5,46128,21329845.7
2022-03-07,KSBBL,465,473.9,458,459,23220,10778732.6
2022-03-09,KSBBL,460,466,448,448.1,33844,15318493.1
2022-03-10,KSBBL,444,476.4,444,476.4,32422,14956125.8
2022-03-13,KSBBL,480,508,480,500,70560,35122826.4
2022-03-14,KSBBL,505,509.9,491,500,16544,8291298
2022-03-15,KSBBL,503,503,490,497,35491,17580878.9
2022-03-16,KSBBL,497,505,488,490,30045,14814196.6
2022-03-20,KSBBL,499,500,484,485,20384,9997817.2
2022-03-21,KSBBL,492,507,482,502.1,36616,18133393.2
2022-03-22,KSBBL,506,515,505,507,42177,21527808.5
2022-03-23,KSBBL,500,506,498.3,502,25557,12829932.5
2022-03-24,KSBBL,510,510,490,493,29584,14648070.6
2022-03-27,KSBBL,495,495,473.9,474,45538,21857185.7
2022-03-28,KSBBL,467,485,467,471,26610,12604045.3
2022-03-29,KSBBL,474,480.4,463,467,24634,11556370.9
2022-03-30,KSBBL,475,486,464.2,486,24122,11517518.9
2022-03-31,KSBBL,488,491,467,471,23306,11085144.9
2022-04-03,KSBBL,472,472,463,465,19620,9118413.5
2022-04-04,KSBBL,466,474,463.2,465,20593,9605109.3
2022-04-05,KSBBL,460,465,450,457,51150,23274807.5
2022-04-06,KSBBL,451,461,439,449,30197,13613612.9
2022-04-07,KSBBL,450,460,448,456,20804,9452471.7
2022-04-11,KSBBL,465,473,446.1,446.9,27320,12511535.4
2022-04-12,KSBBL,447,447,438,439.1,22265,9820136.4
2022-04-13,KSBBL,440.5,452,434.9,447.5,18498,8214492.9
2022-04-17,KSBBL,454,455,440,440,14612,6512306.5
2022-04-18,KSBBL,443,443,428,430.1,22143,9556037
2022-04-19,KSBBL,438.6,439.9,417.7,430.3,16452,7089896.2
2022-04-20,KSBBL,438.9,438.9,413,413,19411,8140878.9
2022-04-21,KSBBL,413,425,402,420,21678,8867371.1
2022-04-24,KSBBL,428,462,420,455,35395,15539112.2
2022-04-25,KSBBL,461,464,441,441,25532,11530346.3
2022-04-26,KSBBL,448.5,448.5,430,435,12636,5528678.2
2022-04-27,KSBBL,435,445,428,445,18245,7975470.4
2022-04-28,KSBBL,445,451,432,432.3,23973,10540181.3
2022-05-02,KSBBL,424,431,414.8,421,17464,7353792.4
2022-05-04,KSBBL,421,424.8,410.5,412,22108,9162985.8
2022-05-05,KSBBL,409,417.1,401.8,408,24848,10082218.2
2022-05-08,KSBBL,408,414,394,413,38756,15510347.6
2022-05-09,KSBBL,416,420.9,405,410,27473,11403213
2022-05-10,KSBBL,409,425,409,422,24909,10353586.5
2022-05-11,KSBBL,422,437.9,422,435,28367,12208794.7
2022-05-12,KSBBL,430,443,421,422,32483,14006722.4
2022-05-17,KSBBL,414,421,405.8,405.8,21058,8682176.4
2022-05-18,KSBBL,401,415,400,410.6,18985,7726886.6
2022-05-19,KSBBL,404.5,415,403.1,405,17359,7083729
2022-05-20,KSBBL,403.3,409,398,401,22536,9036196.8
2022-05-23,KSBBL,399,407,393.5,396.2,17248,6856475.1
2022-05-24,KSBBL,400,410,398,402.5,23799,9577711.8
2022-05-25,KSBBL,410.5,413,400,404,11417,4630065.2
2022-05-26,KSBBL,407,410.1,398,401.8,17717,7107064
2022-05-27,KSBBL,405,405,396,398,13275,5286158.4
2022-05-30,KSBBL,398,398,383,385.2,28755,11148667.7
2022-05-31,KSBBL,385,389,374,374.1,24464,9294978.3
2022-06-01,KSBBL,380,385,375.1,380,15181,5745631.5
2022-06-02,KSBBL,373.1,388.9,373,377,10906,4139813.2
2022-06-03,KSBBL,380,380,372.4,373.6,25343,9491741.8
2022-06-06,KSBBL,380.9,388,370.5,376.2,16319,6168492.4
2022-06-07,KSBBL,379,379,356.8,362,43121,15647763.7
2022-06-08,KSBBL,366,382,360,370,24201,8979458.6
2022-06-09,KSBBL,374,380,359,359,57171,21052474.9
2022-06-10,KSBBL,354.2,361,352.2,357.1,18469,6598100.6
2022-06-13,KSBBL,364.2,370,351,352,12814,4546529.5
2022-06-14,KSBBL,355,358,341.1,342,24694,8539983.4
2022-06-15,KSBBL,338,344,330.9,336,36349,12216302.8
2022-06-16,KSBBL,336,349.9,335.2,338,18243,6212406.1
2022-06-17,KSBBL,333,343,333,338,8021,2723452.6
2022-06-19,KSBBL,338,339,325,325,17950,5920710.1
2022-06-20,KSBBL,320,322,310,314,40431,12694130.2
2022-06-21,KSBBL,314,330,313.4,324.1,26347,8502406.2
2022-06-22,KSBBL,324.1,324.1,313,319.9,9788,3110730.1
2022-06-23,KSBBL,315,315,304.1,308,19918,6120193.2
2022-06-24,KSBBL,308,320,296.1,315,36759,11387150.3
2022-06-26,KSBBL,321.3,341,318,339.5,33688,11142308.4
2022-06-27,KSBBL,344,350,326,328,49572,16707027.8
2022-06-28,KSBBL,321.5,328,320,324,14346,4636428
2022-06-29,KSBBL,330,347,320,341,35432,11896257.7
2022-06-30,KSBBL,337.8,363,337.8,362,49556,17708684
2022-07-01,KSBBL,365,369.2,350,355.8,28667,10359816.2
2022-07-03,KSBBL,350,370,348,369,40526,14754007.9
2022-07-04,KSBBL,370,389,350,362,72505,27246964.7
2022-07-05,KSBBL,355,373,346,348,50111,17768580.7
2022-07-06,KSBBL,345,356,338,355,34920,12129429.9
2022-07-07,KSBBL,362.1,369.3,349.7,352,29375,10456077.7
2022-07-08,KSBBL,352,353,340,342,13793,4742133.4
2022-07-11,KSBBL,337,337.1,326,327.9,126886,41756345
2022-07-12,KSBBL,331,333.9,314,324,54560,17805365.2
2022-07-13,KSBBL,329.5,344.9,329.5,343,35146,11830488.9
2022-07-14,KSBBL,348,358,339,349,39591,13858170.9
2022-07-15,KSBBL,342.1,355.9,339.1,349.9,105800,36800930.3
2022-07-17,KSBBL,356,356,344.2,351,26384,9246766.5
2022-07-18,KSBBL,351,358,346,356,13610,4808352.6
2022-07-19,KSBBL,360,367,353,360.9,32178,11623558.3
2022-07-20,KSBBL,361,365.8,355,359,31994,11541736
2022-07-21,KSBBL,360,362,353,354,29149,10373862.5
2022-07-22,KSBBL,350,356,343.1,346,13250,4606982.2
2022-07-24,KSBBL,352,365,348,365,87898,31488417.3
2022-07-25,KSBBL,372.3,392,368,392,80123,30527017.4
2022-07-26,KSBBL,391,398,376.6,378,74353,28734415.9
2022-07-27,KSBBL,371,390.6,365,385,78332,29466142.5
2022-07-28,KSBBL,392,400,370,390,93032,36461262
2022-07-29,KSBBL,384,415,382.2,408,91018,36706823.8
2022-07-31,KSBBL,413,424,405.1,412,123793,51491875.3
2022-08-01,KSBBL,417,417,401.2,403,77556,31536127.1
2022-08-02,KSBBL,404,411,396,400,66743,26737244.6
2022-08-03,KSBBL,401.4,412,397.1,399,43460,17599001.1
2022-08-04,KSBBL,400,403,385,386,64237,25232290.5
2022-08-05,KSBBL,386,390,374,378.9,45411,17267131.5
2022-08-07,KSBBL,378,390,375,378,55144,20935542.1
2022-08-08,KSBBL,385,386,367,371.9,43657,16541000.1
2022-08-09,KSBBL,371.9,373,354,354.1,66582,24137366.9
2022-08-10,KSBBL,350,358.9,346.6,352,51957,18334689.5
2022-08-11,KSBBL,353,358,343,343,31258,10957152.8
2022-08-14,KSBBL,348,349.7,337.5,338,22988,7872066.3
2022-08-15,KSBBL,340,363.9,340,363,47979,16934862.1
2022-08-16,KSBBL,366,370,351,351,57674,20927066.7
2022-08-17,KSBBL,352,360,347,354,24061,8549344.5
2022-08-18,KSBBL,360,370,354,367,47077,17131447.7
2022-08-21,KSBBL,372,379.4,363.1,363.1,37369,13795141.2
2022-08-22,KSBBL,360,368,357,361.5,44190,15956127
2022-08-23,KSBBL,367,367,356,360,17094,6142405
2022-08-24,KSBBL,361,367,360,361,19118,6922611.5
2022-08-25,KSBBL,360,366,353,355,24955,8917274.1
2022-08-26,KSBBL,355,355,345,347,21119,7360050.9
2022-08-28,KSBBL,347,347,333.2,334.1,45091,15235002.5
2022-08-29,KSBBL,334.3,342,332.3,342,21353,7206580.8
2022-08-30,KSBBL,348,348,341,346,26505,9123249.9
2022-08-31,KSBBL,351.9,351.9,335,336,17328,5862632.7
2022-09-01,KSBBL,336,346.8,331,339,17783,5970058.4
2022-09-02,KSBBL,340,344.9,334.1,336,9690,3266306.5
2022-09-04,KSBBL,340,342.7,336.5,339,15664,5322752.9
2022-09-05,KSBBL,344,344,335.2,337.9,11634,3940076.5
2022-09-06,KSBBL,340,340,332.1,336.5,6518,2182494.9
2022-09-07,KSBBL,334,334,328.5,330,21852,7203371.8
2022-09-08,KSBBL,330,336,325,332.5,22290,7348134
2022-09-11,KSBBL,339,339,325.9,325.9,9527,3141616.5
2022-09-12,KSBBL,325,330,323,327,11583,3763774.3
2022-09-13,KSBBL,328,338,328,333,17773,5911491.2
2022-09-14,KSBBL,333,350,333,347,32269,11081850.7
2022-09-15,KSBBL,347,350,327.5,329.4,36791,12356866.9
2022-09-16,KSBBL,322.9,326.9,312,325,40234,12807895.8
2022-09-18,KSBBL,320,322,313.6,314,26552,8398278.4
2022-09-20,KSBBL,313,315,301.9,303,27535,8397196.5
2022-09-21,KSBBL,309,316,305.8,310.9,15688,4880880.2
2022-09-22,KSBBL,310.5,315,302,303,17515,5334360
2022-09-25,KSBBL,300,310,300,301,18634,5637815.6
2022-09-27,KSBBL,306,313,301.1,308,8741,2690999.1
2022-09-28,KSBBL,310,314,306.1,307,6042,1868592.8
2022-09-29,KSBBL,312,312,306.3,309,11688,3616311
2022-10-09,KSBBL,315,325,315,323,18077,5803783.7
2022-10-10,KSBBL,324,327.9,310,313,21931,6989193.4
2022-10-11,KSBBL,317,317,308,310,10825,3372253.8
2022-10-12,KSBBL,310,321.5,305.2,320,23217,7311168
2022-10-13,KSBBL,324,326.4,320,321.9,10007,3233132.3
2022-10-16,KSBBL,328,328,312,313,9183,2905278.4
2022-10-17,KSBBL,312,313.5,309.6,312.9,10052,3126170.3
2022-10-19,KSBBL,316.5,316.5,303.9,306,13333,4078552.7
2022-10-20,KSBBL,303,309,301,305.6,10027,3058316.4
2022-10-23,KSBBL,311,311,306,310.1,4347,1344789.3
2022-10-31,KSBBL,310,310,300,301.1,27227,8218306.3
2022-11-01,KSBBL,306,319.9,299,319.9,25697,7931869.7
2022-11-02,KSBBL,321,324.5,313.6,319,22066,7058678.8
2022-11-03,KSBBL,320,320,310,311,13120,4100089.1
2022-11-06,KSBBL,312,321.3,310,321,19843,6306943.6
2022-11-07,KSBBL,325,326.4,315.8,315.8,28624,9197374.4
2022-11-08,KSBBL,319.5,319.5,311,312.1,15872,4995727.3
2022-11-09,KSBBL,311.5,317,303.8,303.8,19443,5992669.6
2022-11-10,KSBBL,309.8,309.8,299.3,300,37408,11300484.6
2022-11-13,KSBBL,300,306,297.3,298,20817,6244740.3
2022-11-14,KSBBL,302,306,298,305,12621,3825054.8
2022-11-15,KSBBL,306,307,300,302.9,13798,4184881.8
2022-11-16,KSBBL,308,309,304.1,307,10304,3155528.5
2022-11-17,KSBBL,310,315,310,312,20119,6297677.7
2022-11-22,KSBBL,315,316,306,308,8207,2551651.9
2022-11-23,KSBBL,301.9,308,301.9,307.5,8232,2510353.2
2022-11-24,KSBBL,305,315,304,315,10161,3146342.5
2022-11-27,KSBBL,321,321,312,318,29358,9281843.7
2022-11-28,KSBBL,315,321,312,313.9,17693,5597790.3
2022-11-29,KSBBL,309,316.3,308.9,316.3,13704,4294351.4
2022-11-30,KSBBL,319,319,309.1,312.5,10790,3354685.2
2022-12-01,KSBBL,313,317.9,310,312,17468,5468746.3
2022-12-04,KSBBL,313.1,318.8,310,311,27401,8616950.9
2022-12-05,KSBBL,311,317.2,307,309,19858,6166273.6
2022-12-06,KSBBL,305.1,312,305.1,309,11795,3645710.6
2022-12-07,KSBBL,308,309,305,305,13320,4073255.8
2022-12-11,KSBBL,303,305,300.4,302.9,18115,5476393.4
2022-12-12,KSBBL,302,308,302,307.9,15818,4829914
2022-12-13,KSBBL,306,310,305,307,6801,2091373.8
2022-12-14,KSBBL,306,307,304.2,306,4757,1454593.8
2022-12-15,KSBBL,301.3,305,301.3,302.9,6577,1991975
2022-12-18,KSBBL,300,304.8,297,297.5,15387,4599305.5
2022-12-19,KSBBL,295,302,292,296,14200,4232376.7
2022-12-20,KSBBL,295,305,295,300,12597,3782740
2022-12-21,KSBBL,300,302,297.1,299,13469,4037766.4
2022-12-22,KSBBL,295,298,295,296.5,7202,2136811
2022-12-26,KSBBL,301,309.7,298.2,308,53880,16345182
2022-12-27,KSBBL,314,318.9,308.7,312,48227,15146022.7
2022-12-28,KSBBL,312,316.8,306.2,309,24102,7527216.5
2022-12-29,KSBBL,315,324.1,305,322.5,54457,17261031.7
2023-01-01,KSBBL,328.9,339,317,324,84194,27682990.6
2023-01-02,KSBBL,321,330.1,321,328,31838,10432492.9
2023-01-03,KSBBL,328,334.2,322,324.3,34859,11422873.2
2023-01-04,KSBBL,327,342.7,325,340.5,54466,18161266
2023-01-05,KSBBL,347,347.2,328.3,337.3,65147,22124450.3
2023-01-08,KSBBL,339,360,331,343.1,91842,31862130
2023-01-09,KSBBL,342,360,342,359,81937,28930628.8
2023-01-10,KSBBL,365,381,351.9,358,146772,54403149.6
2023-01-12,KSBBL,365.1,372.5,340,343,101169,35898773.5
2023-01-17,KSBBL,345,360,339,351.1,55268,19337325.8
2023-01-18,KSBBL,358,368.2,351.1,366,175894,63734741.7
2023-01-19,KSBBL,365,374.9,360.7,365,80932,29778099.6
2023-01-23,KSBBL,357.7,364,347.1,349,125414,44301603.5
2023-01-24,KSBBL,342.3,352,339,350,51674,17774099.3
2023-01-25,KSBBL,345,356,339,344.1,69126,23983364.7
2023-01-26,KSBBL,350,350,338,339,36146,12326782.3
2023-01-29,KSBBL,338,345,333,335.3,40166,13568566.1
2023-01-30,KSBBL,332,338.5,323.1,325,48238,15872278.6
2023-01-31,KSBBL,320.1,330,320,323.5,45762,14904798.4
2023-02-01,KSBBL,324,333,324,328.9,23916,7852165.2
2023-02-02,KSBBL,328.9,328.9,319,322.9,32717,10539064.1
2023-02-05,KSBBL,322,327,317.1,324.5,37724,12139821.8
2023-02-06,KSBBL,318.7,327,318.7,324.5,18792,6068074
2023-02-07,KSBBL,326,343,326,343,45490,15234893
2023-02-08,KSBBL,348.9,351,336.2,336.3,47173,16232353.2
2023-02-09,KSBBL,336.3,343.9,335,342,26359,8913660.1
2023-02-12,KSBBL,336,341,325.1,326,48830,16114207.5
2023-02-14,KSBBL,329.9,330,325.1,326,13289,4340005.6
2023-02-15,KSBBL,326,329,322,324,20042,6504461.7
2023-02-16,KSBBL,321.1,326.9,318.4,318.5,27500,8816777.2
2023-02-20,KSBBL,319,321,316,317,14981,4755085.3
2023-02-22,KSBBL,318,329,318,329,17318,5612618.7
2023-02-23,KSBBL,322.5,335,317.1,320,21453,6889760.8
2023-02-26,KSBBL,319,327,308,323.9,35709,11198231.6
2023-02-27,KSBBL,330,330,314,322.9,20183,6436493.8
2023-02-28,KSBBL,323.5,324,319,320,5939,1908288.9
2023-03-01,KSBBL,319.1,320.9,315,315,6131,1940926.1
2023-03-02,KSBBL,315,316,310,311,15255,4750024.9
2023-03-05,KSBBL,310,314,308,309,19481,6042735.3
2023-03-07,KSBBL,314.9,319,309,316,13688,4293087.1
2023-03-09,KSBBL,322.3,325,317.1,323,22316,7150884.3
2023-03-12,KSBBL,327.9,327.9,315,315,22031,7029701.6
2023-03-13,KSBBL,318.9,318.9,311.2,315.8,2452,767639.4
2023-03-14,KSBBL,316,320,310.4,314,7329,2296946.6
2023-03-15,KSBBL,314.1,314.9,310,312,8315,2591236.3
2023-03-16,KSBBL,308.2,313.9,308,312.9,12195,3792307
2023-03-19,KSBBL,311,318,307.4,313.1,6171,1932690.6
2023-03-20,KSBBL,317,318.9,312,316,6480,2044298.5
2023-03-22,KSBBL,314,318.9,312,313,9668,3041056.2
2023-03-23,KSBBL,312,312.9,307,309,23397,7237502.1
2023-03-26,KSBBL,305,309.5,304.3,306,13918,4265896.8
2023-03-27,KSBBL,306,314,303,313,23343,7203283.2
2023-03-28,KSBBL,317,317,308,313,19984,6257721.8
2023-03-29,KSBBL,310,313,308,308.6,4962,1534741.3
2023-03-30,KSBBL,309.6,314,308.5,313,17538,5452607.9
2023-04-02,KSBBL,313,314,300,304,33862,10353405.5
2023-04-03,KSBBL,302,304.9,298,300.9,11768,3538761.6
2023-04-04,KSBBL,300,305,297,301,8251,2474444.7
2023-04-05,KSBBL,301,306,296,300,13508,4040818.4
2023-04-06,KSBBL,305,306,297,297,8760,2621514.8
2023-04-09,KSBBL,295.1,295.3,289,291.4,20138,5869615.3
2023-04-10,KSBBL,297.1,297.1,292,295,7233,2125571.3
2023-04-11,KSBBL,292,303,292,300,9555,2863090.3
2023-04-12,KSBBL,301,320,301,319,27652,8689175.4
2023-04-13,KSBBL,325,325,309.1,310,20206,6356112.5
2023-04-16,KSBBL,310,316,305.5,311,7717,2392228.2
2023-04-17,KSBBL,308,311,304,304,9658,2961824.5
2023-04-18,KSBBL,302,307.9,300,301,7511,2265514.9
2023-04-19,KSBBL,300,306,300,305,17787,5359140.4
2023-04-20,KSBBL,300,306,300,301,6824,2059532
2023-04-23,KSBBL,297.1,300,296.1,297,6157,1832279.7
2023-04-24,KSBBL,295.5,303,295,301,6767,2025147.4
2023-04-25,KSBBL,301.1,308,298,306,7660,2329375.9
2023-04-26,KSBBL,307,308,300,300,13396,4040603
2023-04-27,KSBBL,300,306,297,300.8,22469,6735692.1
2023-04-30,KSBBL,293.8,293.8,288.1,292,10092,2933745.2
2023-05-02,KSBBL,295.1,296,288,291.6,5344,1554912.3
2023-05-03,KSBBL,290,291.5,288,288.5,7280,2107614.2
2023-05-04,KSBBL,288,293,287,287.6,10470,3019197.5
2023-05-07,KSBBL,287,291,285,285,7519,2153488
2023-05-08,KSBBL,285,289,281.4,288,15375,4372958.1
2023-05-09,KSBBL,290,296.8,285,296.8,14309,4188391
2023-05-10,KSBBL,295,299.5,288,299.5,6518,1920288.8
2023-05-11,KSBBL,295,295,289.2,290,5121,1489323.9
2023-05-14,KSBBL,292,292,279.5,280,21387,6045561.6
2023-05-15,KSBBL,277.7,285.6,275,280,20282,5655927.7
2023-05-16,KSBBL,279,280,275.1,277,29254,8083050.4
2023-05-17,KSBBL,277,288,277,286,9381,2666622.5
2023-05-18,KSBBL,287,298.8,287,290,21672,6369295.5
2023-05-21,KSBBL,295.8,297,288,292.9,18693,5453714
2023-05-22,KSBBL,287.4,296.6,287.3,294,10901,3196913.6
2023-05-23,KSBBL,297.5,305,295.2,303,24687,7447943.9
2023-05-24,KSBBL,302.9,305.5,297,301,15184,4554325.5
2023-05-28,KSBBL,300,309,295,299,34836,10561845.1
2023-05-30,KSBBL,293.5,295,289,292.4,12632,3684904.5
2023-05-31,KSBBL,289.1,294,283,283,19317,5559948.5
2023-06-01,KSBBL,280.2,288,279,283,16641,4711005
2023-06-04,KSBBL,288.6,300,282.9,297.6,13081,3855816.5
2023-06-05,KSBBL,297,302.9,291.2,291.2,15978,4716293
2023-06-06,KSBBL,295,295,290.1,295,10947,3221396.9
2023-06-07,KSBBL,300,308,298.1,305,122482,36839426.7
2023-06-08,KSBBL,304,318,302,313.2,44499,13889334.4
2023-06-11,KSBBL,315,328,315,326,71322,23025055.9
2023-06-12,KSBBL,327,330,318,320,39727,12809604
2023-06-13,KSBBL,315.2,326,314.1,322,42458,13655104.2
2023-06-14,KSBBL,322.2,328,316.1,321.9,44740,14458119.1
2023-06-15,KSBBL,321.8,325,317,323,29735,9539133.5
2023-06-18,KSBBL,324,332,320,326.2,42167,13812098.1
2023-06-19,KSBBL,326.2,340.5,326.2,334,67201,22524113.9
2023-06-20,KSBBL,340,350,326,328,83267,28158010.2
2023-06-21,KSBBL,332,333.9,322,322.6,30678,10035024.5
2023-06-22,KSBBL,321.1,328,318,322,33360,10752159.8
2023-06-25,KSBBL,322,342,321.4,337,72461,24266490
2023-06-26,KSBBL,343,349,331,341.7,61494,20899864.6
2023-06-27,KSBBL,346,359.9,333,343,122561,42131164.4
2023-06-28,KSBBL,348,351.9,333.1,333.3,54805,18642288.4
2023-07-02,KSBBL,335,335,325,325,45229,14855225.5
2023-07-03,KSBBL,331,331,320,320.9,43154,13992533.3
2023-07-04,KSBBL,327,333.8,318.7,324.5,36903,11924139
2023-07-05,KSBBL,323,326,316,317,28327,9023262
2023-07-06,KSBBL,315.1,324.3,313.6,316,25358,8030272.3
2023-07-09,KSBBL,322.3,324.9,314.2,319,38658,12316236.8
2023-07-10,KSBBL,320,327,318,320,47646,15373994.7
2023-07-11,KSBBL,320,337.5,318,334,71437,23665041.5
2023-07-12,KSBBL,335,339,331,336,28294,9504466.6
2023-07-13,KSBBL,341.8,341.8,327,330,43541,14511949.1
2023-07-16,KSBBL,324.2,336.6,324.2,327,14094,4638194.1
2023-07-17,KSBBL,322,345,322,345,101357,34204071.9
2023-07-18,KSBBL,351,352,339,342,72520,24919408.8
2023-07-19,KSBBL,340.2,352,340.2,349,128346,44616428.2
2023-07-20,KSBBL,355,361.9,350,359.3,150982,53861724.8
2023-07-23,KSBBL,360,380,355,380,213038,78973531.1
2023-07-24,KSBBL,380,380,363.2,364,209585,77311039.4
2023-07-25,KSBBL,363,363,351.3,355,117393,41719701.2
2023-07-26,KSBBL,361.9,362,351.8,357.5,59442,21231058.8
2023-07-27,KSBBL,362,362,351.1,352.5,80546,28624044.3
2023-07-30,KSBBL,353,355,345.3,347.1,42026,14618866.4
2023-07-31,KSBBL,347,354.9,345,352,74887,26349573.1
2023-08-01,KSBBL,357.5,357.5,338.6,344,40929,14114159.3
2023-08-02,KSBBL,340,350,339,350,53562,18325356.9
2023-08-03,KSBBL,355,355,334,336,98784,33342610
2023-08-06,KSBBL,334,334,320,320,66578,21482929.7
2023-08-07,KSBBL,319,327,317,325,34390,11083194.8
2023-08-08,KSBBL,320.1,325,315.3,316.1,26725,8512149.8
2023-08-09,KSBBL,314,338.1,312,333,43432,13786335.1
2023-08-10,KSBBL,337,337,318.3,325,57554,18768404
2023-08-13,KSBBL,329.9,330,322,325,24114,7866314
2023-08-14,KSBBL,328,328,321,322,28431,9211621.6
2023-08-15,KSBBL,325,325,315,315,41027,13019790.6
2023-08-16,KSBBL,315.6,317.7,313,314,19228,6057348.2
2023-08-17,KSBBL,320,320,315,315,30887,9821944.6
2023-08-20,KSBBL,314,317,308.7,312.9,19024,5919743.4
2023-08-21,KSBBL,314,317,308.2,310.3,21498,6733476.9
2023-08-22,KSBBL,308.2,316,308.2,313.5,23826,7451879
2023-08-23,KSBBL,315,320.1,315,319,46496,14793622.1
2023-08-24,KSBBL,315,323.7,312,313,31400,9927255.6
2023-08-27,KSBBL,313,313,308.3,310,15348,4752689.6
2023-08-28,KSBBL,313.9,314,307.2,309,9035,2793629.8
2023-08-29,KSBBL,310,315,307.7,308.2,8649,2672384.6
2023-08-30,KSBBL,307.5,310,306.1,309.8,10145,3123100.3
2023-09-03,KSBBL,311,311,301,304,14509,4426966.4
2023-09-04,KSBBL,302.1,305,300,304.1,21614,6532684.8
2023-09-05,KSBBL,302,306,301.1,306,12715,3876022.4
2023-09-07,KSBBL,306,306,300,302,9298,2796158.5
2023-09-10,KSBBL,300,305,300,303,8832,2676596.4
2023-09-11,KSBBL,304,314.1,303,312,13457,4184854.7
2023-09-12,KSBBL,317.9,317.9,308,309.2,5511,1704499
2023-09-13,KSBBL,312,317,305.8,316,22786,7146803.7
2023-09-17,KSBBL,310,315,305,307,10553,3244015.2
2023-09-18,KSBBL,305.1,312.9,305.1,307.4,4283,1318913.9
2023-09-19,KSBBL,306.2,309.8,305.5,307,15524,4771068.8
2023-09-21,KSBBL,313,325,312.7,322,54793,17507082.3
2023-09-24,KSBBL,327,330,315,325,45913,14816571.1
2023-09-25,KSBBL,320,327,318.5,320.1,74230,24013451.6
2023-09-26,KSBBL,326,327,318,320,21067,6803487.6
2023-09-27,KSBBL,325,326,315,324,91325,29547593.4
2023-10-01,KSBBL,318,320,313.4,315.9,21641,6816482.9
2023-10-02,KSBBL,311,324,310.2,320.5,38461,12277296.6
2023-10-03,KSBBL,320,320,312,315,13508,4253400.4
2023-10-04,KSBBL,319,319,313.5,315,7530,2382002.4
2023-10-05,KSBBL,320,320,312.6,315,10339,3247389.7
2023-10-08,KSBBL,311,312.8,300,307,46955,14333104.1
2023-10-09,KSBBL,302.1,309,302,303,31562,9621196.5
2023-10-10,KSBBL,303,307,301.1,301.3,9888,2991464.5
2023-10-11,KSBBL,303,310,301.9,308,24541,7523885
2023-10-12,KSBBL,302,307,297,301,47513,14303316.5
2023-10-16,KSBBL,300,305,296.1,296.5,17017,5079675.3
2023-10-17,KSBBL,302,305,290.6,298.8,29512,8700845.8
2023-10-18,KSBBL,299,303.5,296,301,16241,4888937.6
2023-10-19,KSBBL,300,305,300,300.1,30944,9333093
2023-10-29,KSBBL,302,304.8,297.4,298.5,9951,2978494
2023-10-30,KSBBL,295.2,300,295,298,6130,1823812.4
2023-10-31,KSBBL,303.9,303.9,292,292,7898,2325428.7
2023-11-01,KSBBL,297.8,299,294,294,6439,1896437
2023-11-02,KSBBL,294,299.6,293,295,12549,3717264.4
2023-11-05,KSBBL,293,296,291.1,296,8557,2512069.7
2023-11-06,KSBBL,295.5,301,295.5,296.5,13977,4177751.1
2023-11-07,KSBBL,296,300,296,297.2,6074,1818209.9
2023-11-08,KSBBL,291.3,297.9,291.3,292,19282,5657089
2023-11-09,KSBBL,290.4,294,290.2,290.5,9355,2724581.3
2023-11-20,KSBBL,284.7,302,284.7,292,11330,3333877.8
2023-11-21,KSBBL,289,294,286,288,6639,1920192
2023-11-22,KSBBL,285.2,295,285.1,288.2,21033,6052198.2
2023-11-23,KSBBL,290,298,289,296,11979,3538865.3
2023-11-26,KSBBL,301,305,299.1,303,15315,4623079.2
2023-11-27,KSBBL,305,306.9,299.2,302,26152,7923570.9
2023-11-28,KSBBL,302,304.9,298,298,11803,3556144.9
2023-11-29,KSBBL,300,303,296.1,297.2,10824,3227867
2023-11-30,KSBBL,301,301,291.2,292,14649,4282145.1
2023-12-03,KSBBL,289,298.9,288.2,294.1,15818,4615605.6
2023-12-04,KSBBL,294,297.9,291.1,291.1,6291,1849899.4
2023-12-05,KSBBL,296.9,296.9,288,293.4,12169,3535138.4
2023-12-06,KSBBL,288.1,295,288.1,291,6596,1932606.9
2023-12-07,KSBBL,291,298,288.2,297,21795,6390986.1
2023-12-10,KSBBL,302.9,318,302.9,318,6054,1887431.8
2023-12-11,KSBBL,320,320,302,309.6,68362,21267188.7
2023-12-12,KSBBL,304.5,318,304.5,315.8,48123,15109510.3
2023-12-13,KSBBL,315.8,327.9,314.1,319.9,60206,19295149.4
2023-12-14,KSBBL,315,329.9,314,329.5,49847,16248981.6
2023-12-17,KSBBL,323,336,320,336,54052,17873704
2023-12-18,KSBBL,342,354.9,338,343,194763,67645951.6
2023-12-19,KSBBL,345,350,337.1,346,62622,21527923.1
2023-12-20,KSBBL,349,360.3,345,349,102261,35800985.4
2023-12-21,KSBBL,351.9,351.9,336,336.7,79341,27074899.9
2023-12-24,KSBBL,341,341,327.8,335,64340,21605552.6
2023-12-27,KSBBL,328.3,336,325,327,39049,12911716.5
2023-12-28,KSBBL,332,333,324,325,52393,17223571.8
2024-01-01,KSBBL,326.1,336.7,323,323,45340,14886201.9
2024-01-02,KSBBL,325,325,316.2,322,48467,15555015.5
2024-01-03,KSBBL,316,330,316,330,25721,8301075.3
2024-01-04,KSBBL,324,329.9,320,320,32842,10642844.7
2024-01-07,KSBBL,317,323,315.1,316,32693,10395280.2
2024-01-08,KSBBL,322.3,334.9,311,330,43633,14040858.4
2024-01-09,KSBBL,335,355,330,349.9,157874,54402762.9
2024-01-10,KSBBL,356.7,358,345,345,115594,40911867.2
2024-01-11,KSBBL,342,350,340.2,349.8,52478,18131477.5
2024-01-14,KSBBL,356.7,360,349.6,352.9,48336,17068855.7
2024-01-16,KSBBL,359.9,368,359.9,361.8,99684,36175391.3
2024-01-17,KSBBL,369,382,358,361,240257,88736922.1
2024-01-18,KSBBL,368.2,375.5,359.7,365,125666,45957430.9
2024-01-21,KSBBL,372.3,372.3,348,349.5,102150,36278911
2024-01-22,KSBBL,355,356.4,342,345,46845,16422294.2
2024-01-23,KSBBL,349,354,343.1,344.2,32305,11209063.2
2024-01-24,KSBBL,351,351,331,331,57415,19521414
2024-01-25,KSBBL,336,344,335,338,46979,15870699.3
2024-01-28,KSBBL,344,352,340,347,60846,21168424.4
2024-01-29,KSBBL,350.1,353.8,349,351,41564,14586634.8
2024-01-30,KSBBL,357.8,357.8,350.7,352,32401,11419827.4
2024-01-31,KSBBL,355,357.5,342.4,343.2,59064,20715609.2
2024-02-01,KSBBL,337.2,344,337.2,342,36270,12382765.2
2024-02-04,KSBBL,340.1,345.7,340,343.5,19397,6652115.3
2024-02-05,KSBBL,350.3,352,343.3,346,27248,9465001.4
2024-02-06,KSBBL,346,355,345.1,351,19168,6739954.1
2024-02-07,KSBBL,354.9,363,352.2,356,79525,28440817.2
2024-02-08,KSBBL,360,361,352.7,357.2,28396,10184191.1
2024-02-11,KSBBL,358,364,358,359.2,74352,26833445.9
2024-02-12,KSBBL,364,364,357.7,362,36456,13095172.8
2024-02-13,KSBBL,355.1,359,350.5,353.9,63523,22486566
2024-02-14,KSBBL,352,372,349,360,98182,35571012.5
2024-02-15,KSBBL,361,364.7,352,352.1,35318,12575643.6
2024-02-18,KSBBL,348.4,351.2,347,347.1,22411,7800348.9
2024-02-20,KSBBL,354,356.9,347.8,351.1,39484,13907420.8
2024-02-21,KSBBL,352.1,355,348,348.1,20209,7071387
2024-02-22,KSBBL,345,357.9,343,349.5,38593,13395083.6
2024-02-25,KSBBL,344.2,353,343,343,29863,10368975.7
2024-02-26,KSBBL,349,349,340,343.9,21064,7209604.3
2024-02-27,KSBBL,345,350,342.1,343,13994,4837659.3
2024-02-28,KSBBL,341.1,344.9,341,342,19455,6652992.9
2024-02-29,KSBBL,336.2,340,332.6,335,21860,7371339.6
2024-03-03,KSBBL,335,336,330,331.6,16678,5558019.1
2024-03-04,KSBBL,338.2,364.7,338.2,364.7,8984,3227788.6
2024-03-05,KSBBL,357.5,357.5,343,345,55508,19363834.6
2024-03-06,KSBBL,349,350,337,343,40520,13901766.2
2024-03-07,KSBBL,349.1,355,344.1,344.9,16460,5692761.2
2024-03-10,KSBBL,351.6,355,345.5,350,22484,7904590
2024-03-12,KSBBL,355,360,351.3,358,44384,15837030.3
2024-03-13,KSBBL,363,365,357.1,358,55582,20084544.4
2024-03-14,KSBBL,361.7,361.7,354.9,355,26235,9360120.1
2024-03-17,KSBBL,355,369,353.5,355.1,89384,32290554.7
2024-03-18,KSBBL,362,367.3,358,367.3,120890,43957965.6
2024-03-19,KSBBL,370,373.9,364,367,90384,33423751.2
2024-03-20,KSBBL,368,370,361,364,69494,25413364.6
2024-03-21,KSBBL,358,369.9,358,362,67791,24762410.5
2024-03-25,KSBBL,365,368,355,355.9,34377,12298600.7
2024-03-26,KSBBL,360,367,355,360,39572,14360155.5
2024-03-27,KSBBL,356.2,362,355,359,42447,15148157.5
2024-03-28,KSBBL,364.5,365,355,359,31337,11223080.6
2024-03-31,KSBBL,352,359.4,350,355,36223,12811071.2
2024-04-01,KSBBL,350,357,347,349.9,33752,11821349.2
2024-04-02,KSBBL,349,354,347,347,16253,5685087.5
2024-04-03,KSBBL,347.5,355.9,345.1,348.9,30198,10537757.7
2024-04-04,KSBBL,354,354,344.5,347.9,23924,8309969.2
2024-04-07,KSBBL,345,360,345,357.9,36099,12776723.9
2024-04-09,KSBBL,355,365.6,355,363.9,70365,25399876.4
2024-04-10,KSBBL,367.8,367.8,355,357,33066,11859438.7
2024-04-14,KSBBL,354.4,361,354.4,356.8,26801,9592691.6
2024-04-15,KSBBL,359.8,374,350,354.5,19921,7113803
2024-04-16,KSBBL,347.5,355,345.1,347.5,21904,7627570.1
2024-04-18,KSBBL,346.5,346.5,341,343.4,15426,5291526
2024-04-21,KSBBL,347,358,341.1,352.9,27987,9689849.4
2024-04-22,KSBBL,348,356.5,345,347.5,19092,6681741.4
2024-04-24,KSBBL,348,353.5,346,350,9754,3411436.5
2024-04-25,KSBBL,347,354.5,345,350,31822,11153175.8
2024-04-28,KSBBL,350,364,350,361,59668,21381422
2024-04-29,KSBBL,361,370,360.2,366,124832,45784848.7
2024-04-30,KSBBL,363,392,363,387,337394,129550183.3
2024-05-02,KSBBL,394.7,395,377.4,379,142184,54826391.4
2024-05-05,KSBBL,380,380,363,364,110027,40670950.9
2024-05-06,KSBBL,364,372,361,368.6,52438,19257716.1
2024-05-07,KSBBL,372,379.3,364.6,371.6,79784,29848222.3
2024-05-08,KSBBL,377.4,377.4,368.1,371,32299,11943295.9
2024-05-09,KSBBL,374,375.8,368,370,65481,24349870
2024-05-12,KSBBL,371,381,371,378,113173,42644313.8
2024-05-13,KSBBL,380,382.9,374,378,30318,11490583.2
2024-05-14,KSBBL,377.1,381,376,377.4,39121,14828907.2
2024-05-15,KSBBL,384.4,388,375,378,105335,40200364.4
2024-05-16,KSBBL,374.6,379.5,370.5,371,41011,15326321.6
2024-05-19,KSBBL,378.4,378.4,371.3,373.6,54174,20300109.7
2024-05-20,KSBBL,366.2,385,366.2,378,57482,21837809.2
2024-05-21,KSBBL,380,383,375,377.6,57803,21937190.3
2024-05-22,KSBBL,377.6,387,377.6,381.3,107355,41174969.2
2024-05-26,KSBBL,373.7,388,373.7,381,75027,28773330.7
2024-05-27,KSBBL,387.5,387.5,374,383,44740,17047980.2
2024-05-29,KSBBL,389,389,377.7,377.8,65040,24887354.2
2024-05-30,KSBBL,384,384,370,370,58971,22022421
2024-06-02,KSBBL,376.5,377.4,370,370.2,35154,13073909.2
2024-06-03,KSBBL,377,377,369.5,372,30143,11209130.3
2024-06-04,KSBBL,370,376.9,370,374.8,14257,5336169.7
2024-06-05,KSBBL,370,375,370,370.4,38385,14253021.3
2024-06-06,KSBBL,370,374.9,368.6,370,23358,8636952.7
2024-06-09,KSBBL,370,371.8,366.5,366.5,31358,11572284.7
2024-06-10,KSBBL,363.1,372.9,362,372.9,44682,16434947.7
2024-06-11,KSBBL,380.3,380.3,366,374,44496,16631980.6
2024-06-12,KSBBL,374,381,374,376.5,56946,21507868.6
2024-06-13,KSBBL,371.1,391,371,379,97452,37151401.4
2024-06-16,KSBBL,379,382,372,372,27293,10258812.7
2024-06-18,KSBBL,369.1,377.9,368,371,28904,10756319
2024-06-19,KSBBL,371,376.3,368.5,370,13649,5050886.1
2024-06-20,KSBBL,370,370.2,365,366.8,31573,11584239
2024-06-23,KSBBL,370,370,364.1,366,40333,14762067.7
2024-06-24,KSBBL,373.3,373.3,366,368,37534,13849405.1
2024-06-25,KSBBL,375,380,369.1,373,42967,16095006
2024-06-26,KSBBL,371.1,375,367.1,368,30888,11407581.4
2024-06-27,KSBBL,366,370,365,368.2,27476,10071746.8
2024-06-30,KSBBL,374.5,374.5,363.2,370,37906,13938559.9
2024-07-01,KSBBL,374,374,367,370,24555,9062514.1
2024-07-02,KSBBL,377.4,395,372.1,381,86982,33014155.6
2024-07-03,KSBBL,381,391,373.1,390.8,120269,46159402
2024-07-04,KSBBL,398.6,413,391,407.3,286687,116566177.3
2024-07-07,KSBBL,408,413.6,403,406,115834,47347366
2024-07-08,KSBBL,414.1,414.1,402.8,407.6,79396,32221333.4
2024-07-09,KSBBL,408,420.2,405.7,419,126765,52894153.7
2024-07-10,KSBBL,420,422,412.1,414.7,71513,29795432.3
2024-07-11,KSBBL,418,429,416,417.7,103250,43437228.7
2024-07-14,KSBBL,426,434,418.5,420,89950,38032118.1
2024-07-15,KSBBL,428.4,428.4,411,416,120148,50157402.9
2024-07-16,KSBBL,415,431,412,429.9,88075,37380409.9
2024-07-17,KSBBL,438.4,456,426,455,183323,81031977.8
2024-07-18,KSBBL,455.9,465.2,447,448,142792,65280486.1
2024-07-21,KSBBL,448.1,456,439.1,455,140476,63495478.8
2024-07-22,KSBBL,457,460,445,453.5,201280,91129860.6
2024-07-23,KSBBL,448.1,469,448,465.1,106985,49465747.2
2024-07-24,KSBBL,474.4,505,474.4,483,368450,179979256.5
2024-07-25,KSBBL,490,492,475.3,479,128156,61661841.3
2024-07-28,KSBBL,488.5,498.2,472.2,492,187990,91647403.1
2024-07-29,KSBBL,495,500,480,481,128321,62194865.2
2024-07-30,KSBBL,481,493.5,470.4,483,146696,70626897.9
2024-07-31,KSBBL,492.6,503,484.1,494,231826,114906918
2024-08-01,KSBBL,494,506,485.1,499,294250,147142498.5
2024-08-05,KSBBL,508.9,508.9,492.1,501,197226,98654388.4
2024-08-06,KSBBL,502,510,483,485,336947,167710980.1
2024-08-07,KSBBL,485,502,485,496,168913,83686567
2024-08-08,KSBBL,498,505.9,493,493,154680,77366429.9
2024-08-11,KSBBL,501,506,494,504,174980,87604256
2024-08-12,KSBBL,514,537.5,506,531,324104,168970758.5
2024-08-13,KSBBL,541,541,522,531.9,272873,144108300.3
2024-08-14,KSBBL,531.9,552,524,546,199488,107757643.8
2024-08-15,KSBBL,550,554.8,540,540.1,268744,147011466.6
2024-08-18,KSBBL,544,548,512,535,238271,127376209.5
2024-08-21,KSBBL,533.5,533.5,522,524,131677,69313523.7
2024-08-22,KSBBL,534,564.8,530,536,349504,192125792
2024-08-25,KSBBL,538,547,523.4,530,207994,110901151.7
2024-08-27,KSBBL,533,536,508.1,511,207508,107832713.8
2024-08-28,KSBBL,521,526,507,510.2,139087,71747495
2024-08-29,KSBBL,511.5,519,500,502,169417,86529862.3
2024-09-01,KSBBL,502,515,489,493,142855,71737594.7
2024-09-02,KSBBL,502.8,525.3,490,525.3,134143,68125085.6
2024-09-03,KSBBL,530,537.5,508,529,138616,72490218
2024-09-04,KSBBL,537.9,537.9,506,508,171356,89401962
2024-09-05,KSBBL,497.9,512,497,506,69313,34868513.5
2024-09-08,KSBBL,512,516,500.1,503,82689,41917207.4
2024-09-09,KSBBL,493.5,503,484,486,95687,47066815.1
2024-09-10,KSBBL,494,500,474,474,57554,27777011.1
2024-09-11,KSBBL,474,485,465.5,469,99767,47171442.8
2024-09-12,KSBBL,469,484.5,466,483,61153,28981529.8
2024-09-15,KSBBL,492.6,497,476,477,72491,35140098.2
2024-09-16,KSBBL,470,476,461,466,42231,19703558.6
2024-09-18,KSBBL,457,476.1,456.7,468.9,39751,18641791
2024-09-22,KSBBL,478.2,487.7,460,484.5,35609,16825346.6
2024-09-23,KSBBL,475,482,458,459,46295,21569768.8
2024-09-24,KSBBL,450.3,468,448.5,448.5,26731,12142842.2
2024-09-25,KSBBL,449,462.9,442.3,460,25156,11440128.7
2024-09-26,KSBBL,468,469,455.2,457.9,28885,13377719.3
2024-09-29,KSBBL,455,464,448.9,455.7,39749,18066173.3
2024-09-30,KSBBL,463,466.9,458.3,462.6,55459,25670759.1
2024-10-01,KSBBL,434.1,455,434.1,450,33567,15038338.7
2024-10-02,KSBBL,455,457,442,446,51697,23323235.5
2024-10-06,KSBBL,442,458,442,457,21215,9605132.7
2024-10-07,KSBBL,460,469.2,458,466,21413,9945890.1
2024-10-08,KSBBL,464,466,456.2,462.9,15283,7057016.9
2024-10-09,KSBBL,454,463,454,462,12201,5619221.3
2024-10-15,KSBBL,454,471,454,470,23105,10730274.9
2024-10-16,KSBBL,470,477,470,473.4,20621,9772054.4
2024-10-17,KSBBL,478,481.9,471,476.5,36122,17274895.5
2024-10-20,KSBBL,472,478,458,458,42699,20008372
2024-10-21,KSBBL,458,458,445.1,446.1,21709,9753915.7
2024-10-22,KSBBL,445,457.9,445,451,17514,7881966.2
2024-10-23,KSBBL,460,464.8,445,448,24223,10957705.6
2024-10-24,KSBBL,445,456,440.1,456,24007,10733625
2024-10-27,KSBBL,447.1,455,446.9,449.2,14437,6473851.5
2024-10-28,KSBBL,458,458,447.1,453,11268,5075295
2024-10-29,KSBBL,457,460.9,452.1,459,17261,7920891.5
2024-10-30,KSBBL,462,463,457.2,459,14473,6650982.7
2024-11-05,KSBBL,456,459.8,451.1,456,5727,2605867.5
2024-11-06,KSBBL,459,459.8,451.3,455,14163,6453648.5
2024-11-10,KSBBL,455.1,469,455.1,466.9,26223,12150268.3
2024-11-11,KSBBL,468.1,475,463.5,469,52489,24622688.3
2024-11-12,KSBBL,462,475,462,466,27927,13030726.7
2024-11-13,KSBBL,467.5,474,462.5,473.4,32344,15121586.5
2024-11-14,KSBBL,473,488.5,472,482,59107,28590720.9
2024-11-17,KSBBL,484,489,480,480,38964,18799528.9
2024-11-19,KSBBL,478.1,478.1,465,466.9,46906,21982672.2
2024-11-20,KSBBL,466.6,481,461,477,39819,18785726.5
2024-11-21,KSBBL,482,485,464,464,27269,12878449.7
2024-11-24,KSBBL,464.1,467,460,460,18702,8636567.4
2024-11-25,KSBBL,460,468,460,461,10065,4657614.2
2024-11-26,KSBBL,465,469,458.2,466,22045,10201559.7
2024-11-27,KSBBL,467.1,476,465,471,32734,15439523.3
2024-11-28,KSBBL,479,489.6,475,475,62848,30283565
2024-12-01,KSBBL,471,510,465.5,498,158817,78032083.1
2024-12-02,KSBBL,507.9,525,484,493,158031,79681451.7
2024-12-03,KSBBL,502,522,486,494,50257,24827744.2
2024-12-04,KSBBL,492,495,486,486,49513,24304858
2024-12-05,KSBBL,490,490,476.5,479,54126,26075860.7
2024-12-08,KSBBL,470,482.7,468,469,49973,23625493.7
2024-12-09,KSBBL,459.7,477,455,460,38622,17853081.9
2024-12-10,KSBBL,452.3,469,452.2,461,17831,8188605.4
2024-12-11,KSBBL,455,468,455,465,19054,8800052.7
2024-12-12,KSBBL,465.1,469,450,456,18708,8586853.8
2024-12-16,KSBBL,448.2,456,438.1,448.4,36511,16412555.4
2024-12-17,KSBBL,441.6,453,441,449,18643,8357060.9
2024-12-18,KSBBL,442.2,452.7,442.2,444,35168,15739264.8
2024-12-19,KSBBL,441.4,448,435.1,445,26642,11724749.5
2024-12-22,KSBBL,440,444,430,431.5,30721,13339448.8
2024-12-23,KSBBL,435,448,435,442.1,15919,7042533.6
2024-12-24,KSBBL,450,455,441,447.9,27393,12273161.1
2024-12-26,KSBBL,443.7,444,431.2,440,35258,15403106.5
2024-12-29,KSBBL,433,442,430,432.9,22772,9873256.9
2024-12-31,KSBBL,433,433,417,423,46050,19479797.3
2025-01-01,KSBBL,416,431,416,430,30194,12884801.8
2025-01-02,KSBBL,430,436,425,435,16647,7187372.4
2025-01-05,KSBBL,428,435,428,430,20402,8800513.1
2025-01-06,KSBBL,430,438.9,430,437,52333,22783659.1
2025-01-07,KSBBL,441.9,445,433.1,434,17704,7708654.8
2025-01-08,KSBBL,434.1,444.8,431.2,442,26506,11643127.7
2025-01-09,KSBBL,436,445,435.2,437,23717,10387026.8
2025-01-12,KSBBL,437,437,425.1,426.1,12925,5534526.2
2025-01-13,KSBBL,426,436,420,433,24588,10444057.6
2025-01-15,KSBBL,433,441,428.1,430,22618,9785402.1
2025-01-16,KSBBL,430,430,423,428.5,14061,5976817.2
2025-01-19,KSBBL,429.2,429.2,421.9,424.9,14970,6337545.5
2025-01-20,KSBBL,430,439,423,427.2,50906,21886747.6
2025-01-21,KSBBL,430,442,428,435,37068,16107898.9
2025-01-22,KSBBL,430.5,448.9,430.4,446,42827,18989083
2025-01-23,KSBBL,451,452,438.1,440,51246,22659155.3
2025-01-26,KSBBL,440,448,435.1,440,30107,13254162.6
2025-01-27,KSBBL,432.2,446,432.2,440,23640,10400053.2
2025-01-28,KSBBL,447,455,441.5,454,65077,29312972.2
2025-02-02,KSBBL,463,472,459,468,47766,22233121.5
2025-02-03,KSBBL,471,471,460.1,460.1,57717,26803367.1
2025-02-04,KSBBL,469,469,452.8,453,37070,17009025.9
2025-02-05,KSBBL,450,461,450,455,24198,11010344.2
2025-02-06,KSBBL,450,464,450,455,24849,11252990.7
2025-02-09,KSBBL,455,459,441,441,52475,23450607.2
2025-02-10,KSBBL,435.6,453.1,435.6,445,34570,15340874.6
2025-02-11,KSBBL,450,455,446.5,454,31137,14072728.9
2025-02-12,KSBBL,462.8,462.8,455,455,29037,13295777.4
2025-02-13,KSBBL,456.1,460,447.8,450,23939,10764523.3
2025-02-16,KSBBL,445,451,443,450.9,38082,17048117.9
2025-02-17,KSBBL,455,455,449,454,65239,29487162.7
2025-02-18,KSBBL,456,459,448.6,450,42638,19246779
2025-02-20,KSBBL,443,450,443,450,36348,16235533.6
2025-02-23,KSBBL,445,454.9,441,448,37461,16736127.2
2025-02-24,KSBBL,445.2,455.5,440,440,63552,28314743.8
2025-02-25,KSBBL,448,448.8,443.9,444.1,44622,19904301.1
2025-02-27,KSBBL,452.9,459,447,455,56663,25665664.3
2025-03-02,KSBBL,464,470,455.3,469,61483,28560527.8
2025-03-03,KSBBL,459.7,479.9,456.2,461.7,83210,38881027.8
2025-03-04,KSBBL,455.1,470,455.1,466,40384,18726921.6
2025-03-05,KSBBL,458,465,456,463,49032,22564339.4
2025-03-06,KSBBL,455,471.9,455,468,69792,32609290.5
2025-03-09,KSBBL,476.9,476.9,458.7,460,35922,16643981.4
2025-03-10,KSBBL,464,464,455,462.5,37395,17177909.1
2025-03-11,KSBBL,453.5,478,450,464,156099,73434940.2
2025-03-12,KSBBL,461.2,469.9,458,462,58894,27271977
2025-03-16,KSBBL,463,463,447.6,451,49532,22399823.9
2025-03-17,KSBBL,452,456.8,445.8,448,23700,10660971.1
2025-03-18,KSBBL,456.9,456.9,440.2,442.5,42551,18950252.6
2025-03-19,KSBBL,440.2,459,440,440.1,44877,19971709.5
2025-03-20,KSBBL,444.9,445,440,440.73,25689,11357284.4
2025-03-23,KSBBL,441,441,427.3,428.02,35197,15230819
2025-03-24,KSBBL,429,442,423.1,440.96,36163,15692435.1
2025-03-25,KSBBL,440,440,426,438.31,40694,17539492.3
2025-03-26,KSBBL,447,447,432.3,437.24,14713,6420648.3
2025-03-27,KSBBL,445.9,445.9,434.1,439.3,28602,12501468.9
2025-03-30,KSBBL,439.3,449,435.1,440.27,28640,12698946.5
2025-04-01,KSBBL,441,441,433,434.2,31749,13847934.5
2025-04-02,KSBBL,440,440,433,433.55,31551,13754467
2025-04-03,KSBBL,440,441,436.2,438.03,19179,8411879.8
2025-04-07,KSBBL,430,456,429.3,431.73,32324,13966522.1
2025-04-08,KSBBL,440,445,428,433.28,17188,7438694.4
2025-04-09,KSBBL,434,444.2,434,440.95,23583,10345943.3
2025-04-10,KSBBL,436,443,435.4,441.48,15124,6640367.7
2025-04-13,KSBBL,434.6,440.5,434.5,437.27,10341,4525804.3
2025-04-15,KSBBL,440,446.9,438.1,440.5,18058,8001918.1
2025-04-16,KSBBL,440.5,444.5,435.1,440.45,18882,8322038.7
2025-04-17,KSBBL,437.1,450,437.1,448.18,19218,8593399.5
2025-04-20,KSBBL,454,455,447.3,450.98,25533,11505319.5
2025-04-21,KSBBL,455,457.5,447.1,453.71,29812,13533075.6
2025-04-22,KSBBL,460,460,443.1,445.43,17548,7849483.3
2025-04-23,KSBBL,442,442.6,435,437.55,15597,6846959.1
2025-04-24,KSBBL,437,443,436,440.46,16225,7122985.9
2025-04-27,KSBBL,445,449.2,435.8,437.56,20378,8981777.8
2025-04-28,KSBBL,444.9,444.9,435,437.27,17641,7711636.6
2025-04-29,KSBBL,436,440,433.2,433.56,9021,3923405.3
2025-04-30,KSBBL,440,442,428,428.62,34725,15028930.6
2025-05-04,KSBBL,422,440,422,435.04,33670,14527884.9
2025-05-05,KSBBL,438.7,438.7,435,436.11,11702,5095793.1
2025-05-06,KSBBL,440,440,430.2,433.13,31280,13547055
2025-05-07,KSBBL,431.1,442,429.8,440.66,29090,12772632.4
2025-05-08,KSBBL,440.66,447.5,433,440.17,31814,14018846.1
2025-05-11,KSBBL,440,452,436,447.52,37818,16814762.7
2025-05-13,KSBBL,441,461,441,450.41,33982,15442339.3
2025-05-14,KSBBL,452,469,447,452.92,83190,38046362.2
2025-05-15,KSBBL,455,460,447,448.56,50108,22648586.6
2025-05-18,KSBBL,456,456,443.5,445.31,35550,15936356.5
2025-05-19,KSBBL,447,453,445,448.04,31857,14306266.3
2025-05-20,KSBBL,451,460,445,455.98,46326,20968631.3
2025-05-21,KSBBL,465,474,451.1,454.94,88758,40875831
2025-05-22,KSBBL,460,464,455,456.83,46131,21136258.7
2025-05-25,KSBBL,448,460,448,451.63,27991,12703346.6
2025-05-26,KSBBL,460.6,469.7,450.1,451.16,39638,18095092.2
2025-05-27,KSBBL,450,460,446.6,454.03,27593,12577554
2025-05-28,KSBBL,451,459,450.1,455.44,16570,7513917.8
2025-06-02,KSBBL,458.2,465,451.5,455.34,53785,24743413.6
2025-06-03,KSBBL,462.9,462.9,450,451.54,43595,19881185.1
2025-06-04,KSBBL,453,456.9,446.4,447.75,32347,14545402.5
2025-06-05,KSBBL,450,453,445.7,449.52,19807,8893201.1
2025-06-08,KSBBL,455,455,441.5,443.21,22975,10218537.7
2025-06-09,KSBBL,443.1,448,441.2,445.62,49168,21836717.7
2025-06-10,KSBBL,453,454,448,450.89,28178,12706655.8
2025-06-11,KSBBL,451.1,455,450,452.28,36456,16515261.4
2025-06-12,KSBBL,460.9,460.9,446.6,448.69,26510,11911889.8
2025-06-15,KSBBL,449,455,448,448.98,19287,8672788.7
2025-06-16,KSBBL,445,455,445,448.63,36316,16345635.7
2025-06-17,KSBBL,453.9,453.9,445.9,449.35,26223,11787971.5
2025-06-18,KSBBL,450,450,444.1,446.19,19287,8607553.8
2025-06-19,KSBBL,444,446.5,443,443.52,25230,11221254.8
2025-06-22,KSBBL,444,448,443.2,443.42,13417,5975743.4
2025-06-23,KSBBL,450,450,441,443.27,22026,9777707.4
2025-06-24,KSBBL,448.9,448.9,441,441.83,22434,9927483.6
2025-06-25,KSBBL,440.1,444.9,440.1,440.42,14601,6443878
2025-06-26,KSBBL,440,445,438,442.48,13635,6020530.8
2025-06-29,KSBBL,442,450,442,446.41,20088,8961902.3
2025-06-30,KSBBL,455.3,458,446,453.05,27988,12654760.7
2025-07-01,KSBBL,453,464,453,462.5,66169,30449940.9
2025-07-02,KSBBL,465,469.9,450,464.14,80908,37363190.3
2025-07-03,KSBBL,473.4,473.4,452.4,467.94,155448,72712906.5
2025-07-06,KSBBL,476,477.2,459,465.8,50624,23573379.6
2025-07-07,KSBBL,474.9,484,460,464.75,64668,29996460
2025-07-08,KSBBL,465,465,457.1,463.31,22917,10559354.2
2025-07-09,KSBBL,460,467.9,458,463.33,32623,15074564.9
2025-07-10,KSBBL,470,477,463.5,472.07,117105,55058193
2025-07-13,KSBBL,481.5,491,471.9,485.69,226053,108842316.1
2025-07-14,KSBBL,485.1,487,475.6,480.74,115480,55411724.8
2025-07-15,KSBBL,481.5,490.5,481.1,487.93,132321,64389083.4
2025-07-16,KSBBL,497,505,485,500.69,468917,232372450.3
2025-07-17,KSBBL,508.8,535,502,526.83,368891,191073681.6
2025-07-20,KSBBL,520,535.5,517.3,520.48,546123,286406812.9
2025-07-21,KSBBL,512,545.8,511.1,534.94,392376,209148997.5
2025-07-22,KSBBL,538,547,535,537.16,236718,128314891
2025-07-23,KSBBL,545,545,520,532.6,235974,124562895
2025-07-24,KSBBL,535,553,525,548.02,343930,185297304.7
2025-07-27,KSBBL,554,577,549,574.26,552834,313000640.4
2025-07-28,KSBBL,574,588,565.2,577.51,452455,261580167.2
2025-07-29,KSBBL,586,587,569.1,573.65,231783,133176738.4
2025-07-30,KSBBL,585,585,548.2,551.83,287285,160902473.4
2025-07-31,KSBBL,560,560,535,538.82,204769,111365697.1
2025-08-03,KSBBL,536,546,533,537.55,198937,107133964.4
2025-08-04,KSBBL,539,555.9,530,540.73,150783,81263515.2
2025-08-05,KSBBL,543,545.2,528.2,530.29,192094,102636454.6
2025-08-06,KSBBL,529.2,537,525.2,526.9,81545,43131786.9
2025-08-07,KSBBL,535,535,526.3,532.64,106759,56587126.7
2025-08-11,KSBBL,534,537.5,515,517.02,112669,59123940.9
2025-08-12,KSBBL,516.9,525,508,516.23,122047,62989659.5
2025-08-13,KSBBL,519.9,524.1,517,520.87,114328,59505763
2025-08-14,KSBBL,522,528,519.5,524.05,62546,32731069.9
2025-08-17,KSBBL,534.5,534.5,518.1,519.36,117941,61733078.4
2025-08-18,KSBBL,518,525.9,516.5,523.22,64274,33525070.4
2025-08-19,KSBBL,520.8,530,517,523.37,43249,22702527.8
2025-08-20,KSBBL,528,529,517.5,518.35,61691,32091452.1
2025-08-21,KSBBL,526,526,515.1,516.2,35301,18277766.7
2025-08-24,KSBBL,515,519.9,508,508.61,57503,29464898.1
2025-08-25,KSBBL,509,515.1,504,514.46,35493,18060090.4
2025-08-26,KSBBL,522.2,528.3,517,525.58,78884,41194253.9
2025-08-27,KSBBL,535,548,525,546.57,163944,88395789.1
2025-08-28,KSBBL,547,548,527,527.92,209893,113425194.9
2025-08-31,KSBBL,521.1,529.9,520.2,529.01,86557,45447550.2
2025-09-01,KSBBL,530,539.9,527,535.63,124106,66168440.6
2025-09-02,KSBBL,544.5,555.3,528.3,539.22,167333,90614361.5
2025-09-03,KSBBL,550,550,532.7,534.38,59844,32053926.8
2025-09-04,KSBBL,527.5,537.5,527.5,533.17,86970,46342557.2
2025-09-07,KSBBL,523.2,540.9,523.2,535.66,71734,38496105.7
2025-09-08,KSBBL,546.3,546.3,521.1,523.34,165506,87016451.3
2025-09-18,KSBBL,513.1,513.1,484,490,20599,10135598.8
2025-09-21,KSBBL,490,519,490,514.59,104692,53072099.6
2025-09-23,KSBBL,518,529.9,516.3,525.5,177163,92899331.4
2025-09-24,KSBBL,486.9,487.2,472,475,61814,29668838.1
2025-09-25,KSBBL,480,480,471.1,473.5,30828,14634746.1
2025-09-28,KSBBL,480,480,465,466,19736,9255160.8
2025-10-07,KSBBL,461,465,445,449,51542,23337659.2
2025-10-08,KSBBL,444,447,433.5,436,47258,20737942.7
2025-10-09,KSBBL,444.7,462,433.6,438,75245,33102091.5
2025-10-12,KSBBL,430.2,432.8,415.1,418.5,69548,29266114
2025-10-13,KSBBL,416,430,405,429.7,37994,16030567.3
2025-10-14,KSBBL,429.7,433.5,418.1,418.1,19962,8395455.3
2025-10-15,KSBBL,415,421,414,416.1,35709,14902794.8
2025-10-16,KSBBL,423,423,405.1,413,29581,12148008
2025-10-19,KSBBL,410,416,410,413.9,18341,7544071.7
2025-10-26,KSBBL,406.1,417.9,404.1,414,14934,6153948.6
2025-10-28,KSBBL,421.9,440,421,436,37160,15978337.2
2025-10-29,KSBBL,431,445,430,434.8,31483,13756069.5
2025-10-30,KSBBL,430.1,438,430.1,438,15209,6623126.4
2025-11-02,KSBBL,440,447,433,445.9,57079,25280830.1
2025-11-03,KSBBL,438.2,449.9,438.2,441.7,31973,14156506.1
2025-11-04,KSBBL,440,441,431,434,31486,13670489.4
2025-11-05,KSBBL,426.6,435,425.2,435,12971,5564854.4
2025-11-06,KSBBL,439,442.9,427,429.8,19588,8403205.3
2025-11-09,KSBBL,425.2,430,419,423,31185,13158175.5
2025-11-10,KSBBL,420,425,416,421,11650,4897854.2
2025-11-11,KSBBL,416.7,427,415,418,18535,7718958
2025-11-12,KSBBL,417,424,412,418,7329,3045443.1
2025-11-13,KSBBL,416,426.3,413.1,419,11758,4937191.2
2025-11-16,KSBBL,415.2,420,413,418.9,5960,2482370.5
2025-11-17,KSBBL,415,427,415,427,15102,6401346.3
2025-11-18,KSBBL,427,433.6,427,429.2,10711,4609979.5
2025-11-19,KSBBL,430,431,421,425,21632,9226259.9
2025-11-20,KSBBL,421.4,427,421.4,426.9,29164,12355206.1
2025-11-23,KSBBL,429.3,438,429.3,434,17208,7456232.1
2025-11-24,KSBBL,435,440.5,433.1,437.9,32739,14250126.7
2025-11-25,KSBBL,433.1,439.8,433,438.9,11732,5122948.5
2025-11-26,KSBBL,436,442,433.2,440,17794,7802121.2
2025-11-27,KSBBL,440,444,434,444,20058,8838317.8
2025-11-30,KSBBL,446.9,446.9,440.1,440.1,26863,11866446.1
2025-12-01,KSBBL,440,440.8,434.2,439,7030,3083585.1
2025-12-02,KSBBL,434,440,434,437,7866,3444786.1
2025-12-03,KSBBL,439,439,432.1,433.1,16185,7039812.5
2025-12-07,KSBBL,424.6,437,424.6,428,9015,3878342.3
2025-12-08,KSBBL,435,435,426.3,431.5,10600,4541121.6
2025-12-09,KSBBL,429,434,429,431.9,9081,3923236.4
2025-12-10,KSBBL,424.2,432.3,424.1,428,6243,2672901.5
2025-12-11,KSBBL,428.1,432.4,428.1,429,10170,4369358
2025-12-14,KSBBL,429,430,423,429.7,22051,9403403.2
2025-12-15,KSBBL,424,431.3,420,430.9,22207,9485098.8
2025-12-16,KSBBL,424.1,433.2,423,433.2,11994,5156588.7
2025-12-17,KSBBL,435,437,431,435,18331,7967363.1
2025-12-18,KSBBL,428,436,427.3,430,35210,15184956.6
2025-12-21,KSBBL,422.2,427.9,422.2,427.9,13279,5645325.9
2025-12-22,KSBBL,423.9,429,421,427,13863,5902550.9
2025-12-23,KSBBL,423.2,432,423.2,430,25233,10825207.5
2025-12-24,KSBBL,430,430,425,429.5,17366,7403310.5
2025-12-28,KSBBL,430,437.5,430,437,21304,9270972.5
2025-12-29,KSBBL,441.9,441.9,435.5,437,20397,8944766.6
2025-12-31,KSBBL,441,441,435.2,440.9,22177,9738367
2026-01-01,KSBBL,435,439,432.1,435,22327,9721378
2026-01-04,KSBBL,435,439.5,431,431.8,21479,9314557.8
2026-01-05,KSBBL,431,445,430.2,444,76908,33929325.5
2026-01-06,KSBBL,447,464,446,451,55306,25110783.6
2026-01-07,KSBBL,456,456,446.9,449,40806,18392212.3
2026-01-08,KSBBL,448,455,445.1,455,20212,9063638.2
2026-01-12,KSBBL,464.1,464.1,451.1,453.8,19598,8888853.8
2026-01-13,KSBBL,455,457,450,452,43856,19885613.7
2026-01-14,KSBBL,455,457,450.3,453,32716,14814699.2
2026-01-18,KSBBL,450.7,472,450,472,56819,26336383.3
2026-01-20,KSBBL,473.5,487,472,484.5,152071,72894076.5
2026-01-21,KSBBL,484,488,475.2,476,79601,38193566.9
2026-01-22,KSBBL,475,480,469,472.9,40338,19029212.7
2026-01-25,KSBBL,480,484.5,475,481.9,77913,37463495.5
2026-01-26,KSBBL,487,487.8,475.3,479,60656,29100499.7
2026-01-27,KSBBL,475.6,479,456.7,463,69439,32517963.5
2026-01-28,KSBBL,463,466,455.5,458.9,38639,17714198.2
2026-01-29,KSBBL,455.3,468.9,455.3,458,28253,13059192.2
2026-02-01,KSBBL,454,459.9,449,457,46780,21209993.7
2026-02-02,KSBBL,460,462,455,459,27424,12559560.3
2026-02-03,KSBBL,462,464,455,456.5,36798,16862657.2
2026-02-04,KSBBL,464,464,454.9,456.9,30428,13890796.1
2026-02-05,KSBBL,451.2,465,451.2,462,26959,12406163.3
2026-02-08,KSBBL,465,469,458,460,27668,12794523.4
2026-02-09,KSBBL,460,462.9,455.1,455.1,31587,14447895
2026-02-10,KSBBL,455.1,456,446.7,448,52551,23699550.6
2026-02-11,KSBBL,456.9,465,447,451,30566,13770417.8
2026-02-12,KSBBL,452.1,459.7,452.1,456.9,20797,9487641.1
2026-02-16,KSBBL,460,460,457.6,458,15531,7115174.6
2026-02-17,KSBBL,458,460,455,455.6,58147,26589816.6
2026-02-22,KSBBL,455,456,446.7,449.2,14140,6367700.1
2026-02-23,KSBBL,451,452,447,452,17700,7958858.2
2026-02-24,KSBBL,452,458,452,458,18427,8393462.8
2026-02-25,KSBBL,461,466,456,460,23165,10624798.1
2026-02-26,KSBBL,469.2,469.2,457,458,14232,6543513.3
2026-03-01,KSBBL,467.1,471.2,452.3,462,15816,7355739.7
2026-03-03,KSBBL,462,475.9,461.1,468,27792,13091200.9
2026-03-09,KSBBL,477.3,506.4,477.3,496,4971,2407246.5
2026-03-10,KSBBL,505.9,505.9,481,491.9,118686,58279893
2026-03-11,KSBBL,500,500,480.5,484,93239,45526240.8
2026-03-12,KSBBL,480,491,480,488,37996,18524523.3
2026-03-15,KSBBL,497.7,497.7,488.2,489,39497,19389747.9
2026-03-16,KSBBL,489,490.9,481.3,485,49335,24016229.3
2026-03-17,KSBBL,480,492,476.1,482.3,37097,17935803.9
2026-03-19,KSBBL,491,505,487.1,503,171152,85155753.4
2026-03-22,KSBBL,504,511,496,509.9,215996,108662025.1
2026-03-23,KSBBL,520,520,499.1,507,101213,50922269.5
2026-03-24,KSBBL,510.9,520,502,517,303323,155104650.5
2026-03-25,KSBBL,511,518,504.2,506,134747,68783445.7
2026-03-26,KSBBL,500,507.3,497.4,506,58050,29176718.9
2026-03-29,KSBBL,497.2,505,486,492,93446,46229638
2026-03-30,KSBBL,485.3,495.5,473.2,473.5,95370,46324883
2026-03-31,KSBBL,482,490,472,485,73513,35340095.4
2026-04-01,KSBBL,480,485,462.7,470.1,123354,58276530.9
2026-04-02,KSBBL,470,480,463.6,475,48468,22925225
2026-04-05,KSBBL,475.1,475.1,455,460,104661,48244268.1
2026-04-06,KSBBL,455,500,455,492,151427,72805822
2026-04-07,KSBBL,498,498.8,477,482,105054,50937824.4
2026-04-08,KSBBL,483.9,494.6,478.1,494.6,54752,26694247.9
2026-04-09,KSBBL,485.2,499,485,494.1,143102,70727135.2
2026-04-10,KSBBL,490.1,494,481,490,57844,28267976.2
2026-04-13,KSBBL,492.9,492.9,483.1,485.2,44855,21775361.2
2026-04-15,KSBBL,486.1,494,486.1,493.9,121226,59469017.2
2026-04-16,KSBBL,494,497.9,485,486,40342,19769040.7
2026-04-17,KSBBL,484,490,481.6,485,45087,21815370.9
2026-04-20,KSBBL,485,489.8,478,480,24101,11601455.1
2026-04-21,KSBBL,494.3,494.3,470.5,478.9,40125,19223721.5
2026-04-22,KSBBL,465,489,465,484,94160,45474529.9
2026-04-23,KSBBL,486,486,476.2,479.5,26605,12736655.6
2026-04-24,KSBBL,479.5,480,473.1,478,28261,13491031.2
2026-04-27,KSBBL,478,485,478,480,20989,10077081.2
2026-04-28,KSBBL,480,488.9,476,480,16655,8000641.8
2026-04-29,KSBBL,480,482,471.7,475,26122,12395696.4
2026-04-30,KSBBL,483.9,483.9,460,477.9,29763,13969319.5
2026-05-04,KSBBL,470.1,477.9,468,470,14706,6917387.4
2026-05-05,KSBBL,468.1,475.9,461,472,20003,9379323.2
2026-05-06,KSBBL,481.9,481.9,472,478.5,34405,16374341
2026-05-07,KSBBL,475,480,462,478,43870,20659636.2
2026-05-08,KSBBL,472,481,471.2,480,19183,9190250
2026-05-11,KSBBL,482,489,480,485,30553,14846195.4
2026-05-12,KSBBL,494,494,480,480,27460,13240818.4
2026-05-13,KSBBL,476,482,470.3,482,21671,10365294.1
2026-05-14,KSBBL,482,483,475.7,482,7830,3761698.6
2026-05-15,KSBBL,483,485,480,481,8602,4148637.2
2026-05-18,KSBBL,484,486,480,484,19421,9399921.6
2026-05-19,KSBBL,485,485,479.5,480,25668,12333969.5
2026-05-20,KSBBL,504,504,479,486,7520,3640978.4
2026-05-21,KSBBL,486.9,486.9,480,484,18360,8852654.8
2026-05-22,KSBBL,484,487,480,482.1,46749,22662080.6
2026-05-25,KSBBL,484,490,484,487,39948,19529020.4
2026-05-26,KSBBL,498.9,499,485,490,80891,39534764.6
2026-05-27,KSBBL,482.2,495,482.2,493,65923,32469151.8
2026-06-01,KSBBL,494.1,496,487.7,491,26761,13130217.2
2026-06-02,KSBBL,490,495,485.1,490,51196,25125937.3
2026-06-03,KSBBL,486.5,493,486.2,491,32131,15800832.9
2026-06-04,KSBBL,495,496,485.6,490,15941,7815238.6
2026-06-05,KSBBL,499.9,504.7,487,491,49124,24273012.1
2026-06-08,KSBBL,490,493,483.1,491.9,21172,10373894.8
2026-06-09,KSBBL,487,492,483,490,55117,26979801.6
2026-06-10,KSBBL,503,534,478,489,34624,17532024
2026-06-11,KSBBL,485.2,489,485.2,487,14287,6941171.5
2026-06-12,KSBBL,488,488,482,482,13132,6361556
2026-06-15,KSBBL,481.1,490,480.3,483,5249,2534597.5
2026-06-16,KSBBL,484.9,488.8,481.6,485,6556,3172115.2
2026-06-17,KSBBL,482,489.9,482,487,5458,2660166.7
2026-06-18,KSBBL,492,500,482,482,12686,6212827.9
2026-06-19,KSBBL,489.8,489.8,480.5,482,26913,12973022.7
2026-06-22,KSBBL,481,488.9,480.4,482.4,4101,1980020.6
2026-06-23,KSBBL,481.1,486.9,480,480,26442,12724319.1
2026-06-24,KSBBL,479.2,482,474,475,26732,12712163.8
2026-06-25,KSBBL,476.1,479.8,475,475.2,16131,7671832.4
2026-06-26,KSBBL,475.4,476,472,475,12549,5953600
2026-06-29,KSBBL,481,483,470.2,472,26250,12485036.3
2026-06-30,KSBBL,470.1,472,466.1,469,13598,6380469
2026-07-01,KSBBL,473,479.5,470.2,476.3,7679,3638063.6
2026-07-02,KSBBL,475,475,470,474,6323,2983108
2026-07-03,KSBBL,475,485,474.6,477,10575,5050064.8
2026-07-06,KSBBL,477,477,474,475,13948,6624822.1
2026-07-07,KSBBL,474,476.8,470.4,476,25657,12174422.8
2026-07-08,KSBBL,470.1,483.7,470,475,7425,3544206.4
2026-07-09,KSBBL,475,477,470,470,20163,9496598.3
2026-07-10,KSBBL,470,475,467.1,468.5,26190,12292181.6
2026-07-13,KSBBL,468.5,470,467,468,21045,9832422.2
2026-07-14,KSBBL,463,470,463,470,22414,10471769.5
2026-07-15,KSBBL,480,482,469,470,11263,5303436.7
2026-07-16,KSBBL,470.4,474,467,474,65907,30880614.7
2026-07-17,KSBBL,475,487.5,475,485.8,12637,6101704.4
2026-07-20,KSBBL,490,500,485.1,488.4,53127,26101284.2
2026-07-21,KSBBL,488,493,485,490,69100,33823969.8
2026-07-22,KSBBL,494,494.7,485.3,486,10178,4958766.7
2026-07-23,KSBBL,488.8,488.8,480,488,16398,7935303.2
2026-07-24,KSBBL,485,491,485,488.6,17265,8431286.9
2026-07-27,KSBBL,489,493,485,485.1,13245,6466828.9
2026-07-28,KSBBL,489.7,489.7,480.1,486,14418,6978027.9
2026-07-29,KSBBL,487.8,487.8,482.8,482.8,22894,11089340.8
2026-07-30,KSBBL,484.9,484.9,472,479,20940,9992417
2026-07-31,KSBBL,475.1,485,472.1,478,18173,8662239.3
2026-08-03,KSBBL,480,482,474.3,475,30231,14457138.4
2026-08-04,KSBBL,475.5,479,474.1,476,15433,7338867.7
2026-08-05,KSBBL,473.1,478,473.1,475,15768,7491808
2026-08-06,KSBBL,473.1,475,471.5,472,18622,8812359.5
2026-08-07,KSBBL,470.1,475.8,470,473.6,14143,6658386.5
2026-08-10,KSBBL,475,475,464.1,468,74163,34804857.4
2026-08-11,KSBBL,464,471.5,464,470.8,45848,21458396
2026-08-12,KSBBL,468,475,466.6,474.9,26203,12366546.9
2026-08-13,KSBBL,475,479,473.1,479,22050,10520943.5
2026-08-14,KSBBL,478,479.5,477.2,479.4,6615,3163244.8
2026-08-17,KSBBL,477,480,471,476,14115,6747874.7
2026-08-18,KSBBL,474.1,479,470.4,475,21887,10403454.2
2026-08-19,KSBBL,476.9,479,469.4,479,10045,4745650.1
2026-08-20,KSBBL,476,480,472.5,480,19586,9366869.4
2026-08-21,KSBBL,480,480,474,474,9433,4508092.5
2026-08-24,KSBBL,474,487,469.4,470,30491,14384749.8
2026-08-25,KSBBL,473.1,479,469.4,470,58122,27372257.8
2026-08-26,KSBBL,471,472,468,470,57511,26989071
2026-08-27,KSBBL,470,475,469,474,25087,11851028.2
2026-08-31,KSBBL,474,477.9,471,474,22039,10442106.7
2026-09-01,KSBBL,470.2,479.1,470.2,474.6,40097,19077929
2026-09-02,KSBBL,475,480,475,480,93966,44862747.3
2026-09-03,KSBBL,475,475,463,463,27883,13028239.7
2026-09-07,KSBBL,459,459,448,449.1,36919,16626035.9
2026-09-09,KSBBL,447,451,442,450.3,23904,10697529.6
2026-09-10,KSBBL,450,452.7,440,441.1,12539,5572238.3
2026-09-11,KSBBL,441,445,435.2,440.8,22088,9694067.6
2026-09-14,KSBBL,440,449,440,449,16228,7215590
2026-09-15,KSBBL,455,462,450,457,37632,17117484.5
2026-09-16,KSBBL,457.6,458.8,454.6,457,14902,6803424.8
2026-09-17,KSBBL,457,460,452,452,18618,8474189.3
2026-09-18,KSBBL,450,458,450,457.3,22168,10093208.3
2026-09-22,KSBBL,453.1,461,453,459,31385,14419948.4
2026-09-23,KSBBL,457.5,458,450.2,450.2,52464,23819234.7
2026-09-24,KSBBL,451.1,454,448,448,36298,16343579.3
2026-09-28,KSBBL,448.1,453.9,448.1,450,12916,5826919.8
2026-09-29,KSBBL,449,452,447.1,450.9,25627,11516153.5
2026-09-30,KSBBL,450,450,445.3,449.6,17940,8008748.3
2026-10-01,KSBBL,449.6,450,446,449,22045,9874829.7
2026-10-02,KSBBL,445.2,448,445.1,447,13054,5821434.4
2026-10-05,KSBBL,445.2,448,442.1,442.6,18783,8340730.3
2026-10-06,KSBBL,442.5,448.6,442.5,448.6,14854,6636202.6
2026-10-07,KSBBL,447.9,449,445,449,5988,2680458.7
2026-10-08,KSBBL,450,461,445,451,14736,6633340.3
