date,symbol,open,high,low,close,volume,turnover
2017-07-25,LBBL,168,184,171,184,60,10690
2017-07-26,LBBL,184,202,187,202,70,13690
2017-07-27,LBBL,202,222,206,222,30929,6865838
2017-07-30,LBBL,222,242,219,220,102185,23309364
2017-07-31,LBBL,220,230,213,217,24722,5398524
2017-08-01,LBBL,217,226,215,220,26324,5873683
2017-08-02,LBBL,220,224,215,220,20920,4565293
2017-08-03,LBBL,220,224,215,215,20630,4459434
2017-08-06,LBBL,215,219,211,214,25258,5430496
2017-08-07,LBBL,214,228,216,227,67466,15087087
2017-08-09,LBBL,227,238,224,228,58843,13540646
2017-08-10,LBBL,228,228,224,226,13085,2950858
2017-08-13,LBBL,226,225,217,222,19656,4303257
2017-08-15,LBBL,222,222,215,219,13441,2944542
2017-08-16,LBBL,219,224,213,215,31194,6722785
2017-08-17,LBBL,215,223,213,222,12938,2823607
2017-08-20,LBBL,222,223,215,218,6669,1455435
2017-08-21,LBBL,218,220,214,217,6370,1371726
2017-08-22,LBBL,217,221,215,216,4885,1062627
2017-08-23,LBBL,216,220,213,217,12790,2777309
2017-08-24,LBBL,217,218,215,217,8635,1868802
2017-08-27,LBBL,217,221,215,216,8827,1922042
2017-08-28,LBBL,216,220,214,216,11794,2547145
2017-08-30,LBBL,216,215,212,212,6034,1286220
2017-08-31,LBBL,212,215,210,211,4932,1046016
2017-09-04,LBBL,211,213,206,208,15033,3149767
2017-09-06,LBBL,208,215,207,210,8627,1803019
2017-09-07,LBBL,210,211,206,209,6117,1267427
2017-09-10,LBBL,209,208,203,204,17434,3562290
2017-09-11,LBBL,204,206,200,203,6218,1271241
2017-09-12,LBBL,203,202,199,201,5710,1144802
2017-09-13,LBBL,201,205,200,200,7189,1449754
2017-09-14,LBBL,200,208,201,208,3899,799703
2017-09-17,LBBL,208,211,207,208,6024,1254113
2017-09-18,LBBL,208,211,206,209,7145,1486227
2017-09-20,LBBL,209,212,206,212,7323,1530223
2017-09-24,LBBL,212,214,206,207,10056,2102020
2017-09-25,LBBL,207,214,208,212,2424,513626
2017-09-26,LBBL,212,215,210,212,2972,633988
2017-10-03,LBBL,212,217,213,213,909,195032
2017-10-04,LBBL,213,213,208,208,2312,483272
2017-10-08,LBBL,208,207,200,204,9664,1948916
2017-10-09,LBBL,204,208,200,205,8312,1689334
2017-10-10,LBBL,205,209,202,209,4627,957661
2017-10-11,LBBL,209,213,208,208,8138,1701955
2017-10-12,LBBL,208,209,206,208,2985,619672
2017-10-15,LBBL,208,212,207,212,4951,1036463
2017-10-16,LBBL,212,218,206,217,16004,3378890
2017-10-17,LBBL,217,218,210,215,21769,4625221
2017-10-18,LBBL,215,218,213,218,5821,1258787
2017-10-22,LBBL,218,220,214,216,4072,883444
2017-10-23,LBBL,216,219,213,214,7241,1551877
2017-10-24,LBBL,214,218,211,214,5290,1131302
2017-10-25,LBBL,214,214,211,212,6070,1291068
2017-10-29,LBBL,212,213,208,213,11218,2359162
2017-10-30,LBBL,213,211,207,208,16480,3444659
2017-10-31,LBBL,208,212,208,212,9957,2087151
2017-11-01,LBBL,212,210,206,206,12386,2565882
2017-11-02,LBBL,206,210,205,210,4795,992870
2017-11-05,LBBL,210,206,203,205,11688,2390839
2017-11-06,LBBL,205,205,196,201,19787,3968308
2017-11-07,LBBL,201,205,200,201,8564,1725300
2017-11-08,LBBL,201,199,196,197,3530,696682
2017-11-09,LBBL,197,202,197,198,3502,697810
2017-11-12,LBBL,198,202,198,201,3067,615152
2017-11-13,LBBL,201,203,199,200,3826,765366
2017-11-14,LBBL,200,208,198,200,10261,2064130
2017-11-15,LBBL,200,204,196,201,14949,2959090
2017-11-16,LBBL,201,199,197,197,3546,701087
2017-11-19,LBBL,197,198,195,197,6632,1298981
2017-11-20,LBBL,197,198,194,194,1521,296634
2017-11-21,LBBL,194,201,192,201,1224,240091
2017-11-22,LBBL,201,198,195,198,3874,758251
2017-11-23,LBBL,198,198,195,198,1328,262080
2017-11-26,LBBL,198,202,197,199,3732,742774
2017-11-27,LBBL,199,202,195,201,5642,1108699
2017-11-28,LBBL,201,198,196,196,3580,704844
2017-11-29,LBBL,196,204,194,199,23541,4722707
2017-11-30,LBBL,199,202,196,198,3596,718098
2017-12-04,LBBL,198,201,193,198,3953,775103
2017-12-05,LBBL,198,202,196,199,1379,273016
2017-12-06,LBBL,199,202,197,198,4100,813249
2017-12-10,LBBL,198,201,198,198,1200,240600
2017-12-11,LBBL,198,197,196,197,1701,333500
2017-12-12,LBBL,197,199,192,194,3344,654156
2017-12-13,LBBL,194,196,191,196,5626,1096009
2017-12-14,LBBL,196,196,193,195,3106,602123
2017-12-17,LBBL,195,196,193,193,2095,407820
2017-12-18,LBBL,193,194,191,192,3340,643805
2017-12-19,LBBL,192,193,191,191,15143,2901646
2017-12-20,LBBL,191,193,189,193,6611,1260685
2017-12-21,LBBL,193,191,188,188,4993,945977
2017-12-24,LBBL,188,191,186,190,374,70522
2017-12-26,LBBL,190,193,181,182,4380,812785
2017-12-27,LBBL,182,183,179,179,5953,1073567
2017-12-28,LBBL,179,180,173,177,7644,1339592
2017-12-31,LBBL,177,177,172,173,15182,2645526
2018-01-01,LBBL,173,180,173,180,6800,1202756
2018-01-02,LBBL,180,181,178,180,1545,278358
2018-01-03,LBBL,180,180,175,176,3272,582410
2018-01-04,LBBL,176,178,174,174,9933,1748426
2018-01-07,LBBL,167,170,164,167,5109,854021
2018-01-08,LBBL,167,170,163,169,4945,820060
2018-01-09,LBBL,169,172,165,167,2487,417492
2018-01-10,LBBL,167,170,165,167,1976,330458
2018-01-14,LBBL,167,167,164,167,104,17192
2018-01-16,LBBL,167,170,161,161,2420,394670
2018-01-17,LBBL,161,164,161,163,1966,319994
2018-01-21,LBBL,163,166,161,161,2149,349279
2018-01-22,LBBL,161,163,160,162,3074,493198
2018-01-23,LBBL,162,167,164,165,5260,871194
2018-01-24,LBBL,165,170,166,170,11524,1946076
2018-01-25,LBBL,170,172,169,170,15458,2629008
2018-01-28,LBBL,170,173,169,171,4434,752376
2018-01-29,LBBL,171,174,167,169,5062,857976
2018-01-31,LBBL,169,169,164,164,14565,2402314
2018-02-01,LBBL,164,168,164,165,12941,2132235
2018-02-04,LBBL,165,168,166,167,6578,1101788
2018-02-05,LBBL,167,167,164,164,6928,1145228
2018-02-06,LBBL,164,167,164,165,1335,221575
2018-02-07,LBBL,165,166,163,166,282,46320
2018-02-08,LBBL,166,166,163,164,2856,468918
2018-02-11,LBBL,164,164,162,163,4672,760068
2018-02-12,LBBL,163,166,164,165,3732,615898
2018-02-14,LBBL,165,165,164,164,4348,713188
2018-02-15,LBBL,164,174,165,174,5899,999813
2018-02-18,LBBL,175,175,168,169,18244,3104046
2018-02-20,LBBL,169,169,165,166,5198,861106
2018-02-21,LBBL,164,165,163,163,1196,196254
2018-02-22,LBBL,162,168,162,164,3348,552716
2018-02-25,LBBL,164,165,162,162,8078,1317516
2018-02-26,LBBL,163,164,162,163,4530,737666
2018-02-27,LBBL,164,167,162,164,13562,2215164
2018-02-28,LBBL,165,165,159,160,15009,2404111
2018-03-04,LBBL,158,158,151,152,16992,2622384
2018-03-05,LBBL,155,155,150,153,8266,1253644
2018-03-06,LBBL,151,158,150,157,10028,1544626
2018-03-07,LBBL,155,160,154,160,18974,2969940
2018-03-11,LBBL,157,159,154,154,2589,401695
2018-03-12,LBBL,152,157,151,155,3050,466410
2018-03-13,LBBL,153,157,152,157,6126,936744
2018-03-14,LBBL,156,157,155,157,1121,174857
2018-03-15,LBBL,156,160,156,156,4977,784913
2018-03-18,LBBL,156,156,154,154,2832,437028
2018-03-19,LBBL,152,155,152,154,2105,323082
2018-03-20,LBBL,152,153,151,153,2035,308666
2018-03-21,LBBL,152,154,150,152,3257,492182
2018-03-22,LBBL,150,151,145,150,9036,1334562
2018-03-26,LBBL,148,148,143,143,6980,1016380
2018-03-27,LBBL,141,142,136,142,7877,1095375
2018-03-28,LBBL,144,148,141,145,3669,528769
2018-03-29,LBBL,145,151,143,146,4120,603974
2018-04-01,LBBL,145,146,142,145,3052,441917
2018-04-02,LBBL,143,149,141,145,23224,3283312
2018-04-03,LBBL,147,148,145,148,546,80098
2018-04-04,LBBL,147,156,145,156,12549,1898812
2018-04-05,LBBL,153,159,153,159,16619,2607100
2018-04-08,LBBL,157,168,154,160,31289,4988430
2018-04-09,LBBL,163,164,153,153,10655,1703728
2018-04-10,LBBL,151,159,150,154,9646,1462836
2018-04-11,LBBL,151,155,151,154,1692,261856
2018-04-12,LBBL,152,158,152,155,9356,1454306
2018-04-15,LBBL,153,153,150,150,17332,2634894
2018-04-16,LBBL,153,157,147,152,17726,2667762
2018-04-17,LBBL,155,164,152,157,12129,1901843
2018-04-18,LBBL,159,172,155,169,26218,4216224
2018-04-19,LBBL,172,176,163,172,63199,10689128
2018-04-22,LBBL,175,184,175,179,45159,8090515
2018-04-23,LBBL,182,182,172,175,31437,5515084
2018-04-24,LBBL,175,175,166,169,21632,3692226
2018-04-25,LBBL,167,172,164,164,17030,2833772
2018-04-26,LBBL,162,170,159,159,13880,2258384
2018-04-29,LBBL,157,169,157,162,2949,474388
2018-05-02,LBBL,159,165,158,165,13700,2194372
2018-05-03,LBBL,168,169,163,166,14658,2434392
2018-05-06,LBBL,166,166,161,162,6495,1050495
2018-05-07,LBBL,165,165,161,162,2627,425558
2018-05-08,LBBL,163,168,161,168,4522,743200
2018-05-09,LBBL,170,170,163,163,3238,529826
2018-05-10,LBBL,166,169,160,163,3451,567467
2018-05-14,LBBL,160,164,160,162,1275,206043
2018-05-15,LBBL,160,160,160,160,32,5120
2018-05-16,LBBL,160,161,160,161,1298,208346
2018-05-17,LBBL,164,164,161,161,2118,341586
2018-05-20,LBBL,164,166,160,163,11006,1776398
2018-05-21,LBBL,160,160,157,160,7517,1190001
2018-05-22,LBBL,163,163,158,158,7345,1168874
2018-05-23,LBBL,158,159,156,159,1917,302675
2018-05-24,LBBL,162,162,157,157,2112,332414
2018-05-27,LBBL,154,158,154,155,5221,812042
2018-05-28,LBBL,153,161,153,160,5114,815410
2018-05-29,LBBL,160,160,156,157,5059,799033
2018-05-30,LBBL,155,160,155,158,2480,395502
2018-05-31,LBBL,155,158,155,158,2088,325684
2018-06-03,LBBL,155,158,153,153,4349,671413
2018-06-04,LBBL,152,152,149,150,2524,379364
2018-06-06,LBBL,153,153,150,150,2000,303520
2018-06-07,LBBL,151,152,149,149,14447,2172881
2018-06-10,LBBL,149,151,149,150,8292,1245404
2018-06-11,LBBL,147,150,147,150,1266,188716
2018-06-12,LBBL,150,152,150,150,1800,272600
2018-06-13,LBBL,147,152,147,150,5165,766506
2018-06-14,LBBL,151,152,149,150,12572,1901056
2018-06-17,LBBL,152,152,148,148,1667,248130
2018-06-18,LBBL,148,148,146,148,1524,223552
2018-06-19,LBBL,147,148,146,146,4221,618057
2018-06-20,LBBL,145,147,145,147,1877,275397
2018-06-21,LBBL,146,146,146,146,1105,161330
2018-06-24,LBBL,147,149,147,148,1284,191028
2018-06-25,LBBL,146,146,145,145,5316,772636
2018-06-26,LBBL,145,145,142,144,9886,1423434
2018-06-27,LBBL,144,148,144,144,2458,357528
2018-06-28,LBBL,144,144,143,143,580,83020
2018-07-01,LBBL,141,144,141,142,1718,244368
2018-07-02,LBBL,142,146,140,142,5420,771537
2018-07-03,LBBL,141,145,141,145,1984,285920
2018-07-04,LBBL,143,147,143,147,2422,351234
2018-07-05,LBBL,149,151,145,151,8352,1230231
2018-07-08,LBBL,150,152,147,147,3736,553644
2018-07-09,LBBL,145,146,145,145,200,29040
2018-07-10,LBBL,145,149,145,145,9048,1319516
2018-07-11,LBBL,147,149,146,146,2875,422130
2018-07-12,LBBL,146,146,144,145,7635,1107383
2018-07-15,LBBL,147,147,143,143,128,18560
2018-07-16,LBBL,145,147,145,146,612,89248
2018-07-17,LBBL,148,148,147,148,1809,267323
2018-07-18,LBBL,149,149,143,144,3641,522931
2018-07-19,LBBL,146,149,146,147,814,119634
2018-07-22,LBBL,146,148,146,148,424,62304
2018-07-23,LBBL,146,148,144,148,6140,895612
2018-07-24,LBBL,150,150,147,147,3536,523832
2018-07-25,LBBL,145,146,143,144,13012,1866470
2018-07-26,LBBL,144,146,143,144,4099,592460
2018-07-29,LBBL,144,146,143,145,3722,537364
2018-07-30,LBBL,145,145,143,143,18567,2661665
2018-07-31,LBBL,145,151,143,148,42426,6198280
2018-08-01,LBBL,150,156,150,155,38609,5891493
2018-08-02,LBBL,155,155,153,155,10749,1656300
2018-08-05,LBBL,153,156,153,155,7466,1158978
2018-08-06,LBBL,157,157,154,154,5058,781272
2018-08-07,LBBL,155,155,152,154,9934,1518867
2018-08-08,LBBL,155,155,153,153,3189,489021
2018-08-09,LBBL,155,155,152,153,6050,924336
2018-08-12,LBBL,151,151,147,150,24432,3657600
2018-08-13,LBBL,153,154,152,154,1808,275872
2018-08-14,LBBL,152,155,152,155,5114,787778
2018-08-15,LBBL,156,161,153,161,9731,1523820
2018-08-16,LBBL,158,160,157,158,15204,2407092
2018-08-19,LBBL,155,155,149,151,39258,5928596
2018-08-20,LBBL,152,152,146,150,19716,2918580
2018-08-21,LBBL,150,150,147,147,5329,786010
2018-08-22,LBBL,146,151,145,149,8880,1317167
2018-08-23,LBBL,148,150,147,150,7046,1049240
2018-08-26,LBBL,150,150,148,150,523,77892
2018-08-28,LBBL,147,149,147,149,4085,605657
2018-08-29,LBBL,147,149,147,147,10100,1490860
2018-08-30,LBBL,149,150,148,149,4106,613400
2018-09-02,LBBL,147,150,147,148,5151,767248
2018-09-03,LBBL,150,154,149,149,3473,521232
2018-09-04,LBBL,150,157,150,157,37962,5807980
2018-09-05,LBBL,160,160,153,156,31125,4867561
2018-09-06,LBBL,158,160,155,156,16660,2611806
2018-09-09,LBBL,155,157,153,153,11745,1808469
2018-09-10,LBBL,151,156,151,154,14580,2233689
2018-09-11,LBBL,155,157,153,153,11286,1746190
2018-09-12,LBBL,153,158,153,155,9521,1479747
2018-09-13,LBBL,156,158,155,155,15565,2436095
2018-09-16,LBBL,158,159,155,156,28539,4480004
2018-09-17,LBBL,157,161,157,157,28123,4461751
2018-09-18,LBBL,158,162,156,161,41432,6613996
2018-09-20,LBBL,161,163,159,162,24048,3875145
2018-09-23,LBBL,163,168,159,166,28800,4676571
2018-09-25,LBBL,165,170,165,168,30703,5170105
2018-09-26,LBBL,169,172,164,167,29209,4901202
2018-09-27,LBBL,164,169,164,166,14404,2402358
2018-09-30,LBBL,166,166,163,163,7561,1239314
2018-10-01,LBBL,160,162,160,161,11321,1825128
2018-10-02,LBBL,162,162,159,160,7872,1260853
2018-10-03,LBBL,162,163,157,159,16993,2709323
2018-10-04,LBBL,158,161,157,161,4092,647258
2018-10-07,LBBL,158,161,155,155,47331,7391960
2018-10-08,LBBL,158,161,157,161,6021,950750
2018-10-09,LBBL,161,165,160,163,27686,4507341
2018-10-10,LBBL,163,163,161,163,1774,288634
2018-10-11,LBBL,163,166,160,164,3721,601282
2018-10-14,LBBL,165,168,165,168,15794,2620239
2018-10-15,LBBL,166,167,163,163,13764,2279528
2018-10-21,LBBL,165,166,163,163,1055,173995
2018-10-22,LBBL,161,166,161,166,4845,794183
2018-10-23,LBBL,168,168,164,167,3300,546764
2018-10-24,LBBL,165,168,164,168,10195,1682205
2018-10-25,LBBL,165,165,164,164,3664,603441
2018-10-28,LBBL,161,164,161,163,3881,631583
2018-10-29,LBBL,163,163,159,159,12135,1950013
2018-10-30,LBBL,162,166,161,164,10840,1769489
2018-10-31,LBBL,162,165,160,162,6202,1000989
2018-11-01,LBBL,165,167,164,164,8443,1394546
2018-11-04,LBBL,163,166,160,163,31810,5107595
2018-11-05,LBBL,166,168,165,168,6167,1026304
2018-11-06,LBBL,168,169,163,169,6170,1041020
2018-11-11,LBBL,169,170,166,168,4947,832917
2018-11-12,LBBL,166,168,166,166,17769,2949960
2018-11-13,LBBL,169,172,166,168,4550,767876
2018-11-14,LBBL,166,170,166,168,19711,3302641
2018-11-15,LBBL,170,170,167,167,18850,3165000
2018-11-18,LBBL,168,168,164,166,3641,602596
2018-11-19,LBBL,163,166,162,164,9343,1535172
2018-11-20,LBBL,165,166,164,165,11255,1859923
2018-11-21,LBBL,164,168,164,165,3025,504381
2018-11-22,LBBL,164,167,162,165,5322,870009
2018-11-25,LBBL,163,165,161,161,7232,1175922
2018-11-26,LBBL,160,163,160,163,10364,1668904
2018-11-27,LBBL,161,166,160,166,3581,586903
2018-11-28,LBBL,164,164,162,163,5215,850236
2018-11-29,LBBL,165,165,161,161,6816,1100176
2018-12-02,LBBL,160,162,158,160,8085,1283830
2018-12-03,LBBL,160,162,158,160,16377,2631295
2018-12-04,LBBL,160,161,157,158,12112,1920067
2018-12-05,LBBL,160,162,156,157,8133,1284558
2018-12-06,LBBL,155,160,155,159,1998,315032
2018-12-09,LBBL,158,161,156,160,3406,535158
2018-12-10,LBBL,161,162,160,161,6621,1064440
2018-12-11,LBBL,159,162,159,160,5816,934354
2018-12-12,LBBL,162,162,160,160,687,110565
2018-12-13,LBBL,160,162,160,161,4886,787156
2018-12-16,LBBL,164,164,160,162,4018,652020
2018-12-17,LBBL,164,164,162,163,865,140844
2018-12-18,LBBL,162,163,161,161,7554,1224278
2018-12-19,LBBL,161,163,159,163,4525,728188
2018-12-20,LBBL,162,164,162,163,4669,761216
2018-12-23,LBBL,164,179,164,179,127604,22192828
2018-12-24,LBBL,182,184,176,176,51124,9146938
2018-12-25,LBBL,179,179,174,175,9926,1745508
2018-12-26,LBBL,177,181,174,176,25995,4582483
2018-12-27,LBBL,179,182,173,174,41725,7328120
2018-12-30,LBBL,176,178,173,175,17352,3034910
2018-12-31,LBBL,174,175,171,172,24268,4180807
2019-01-01,LBBL,172,173,170,171,33427,5723181
2019-01-02,LBBL,171,172,171,171,7701,1317171
2019-01-03,LBBL,170,172,170,172,4918,844666
2019-01-06,LBBL,172,172,169,169,22869,3902289
2019-01-07,LBBL,172,172,171,171,1415,242165
2019-01-08,LBBL,170,172,169,172,8433,1444494
2019-01-09,LBBL,172,173,171,171,4414,759124
2019-01-10,LBBL,173,174,171,171,7238,1240199
2019-01-13,LBBL,171,174,171,171,4276,733143
2019-01-14,LBBL,171,171,170,171,4013,685213
2019-01-15,LBBL,170,174,170,171,12333,2121969
2019-01-16,LBBL,171,173,170,171,6277,1074437
2019-01-17,LBBL,171,172,170,171,8324,1423039
2019-01-20,LBBL,171,173,171,173,5218,897188
2019-01-21,LBBL,170,171,170,170,12717,2162759
2019-01-22,LBBL,171,172,170,171,2636,450742
2019-01-23,LBBL,174,177,174,177,37179,6520701
2019-01-24,LBBL,177,178,174,174,16481,2902354
2019-01-27,LBBL,177,177,174,175,11658,2036988
2019-01-28,LBBL,174,177,174,176,5052,889393
2019-01-29,LBBL,176,177,175,176,10501,1847468
2019-01-30,LBBL,175,176,173,173,14453,2512094
2019-01-31,LBBL,174,176,174,174,10952,1917578
2019-02-03,LBBL,174,174,172,174,4584,793808
2019-02-04,LBBL,173,174,172,173,2175,376031
2019-02-05,LBBL,173,174,173,173,1540,266876
2019-02-06,LBBL,174,175,173,173,4880,848316
2019-02-07,LBBL,171,174,171,174,5317,920767
2019-02-10,LBBL,173,174,171,172,8603,1477844
2019-02-11,LBBL,171,174,171,174,6202,1073615
2019-02-12,LBBL,173,173,172,173,5480,943960
2019-02-13,LBBL,172,173,171,172,5322,914222
2019-02-14,LBBL,170,172,170,171,11771,2010272
2019-02-17,LBBL,173,173,170,171,7424,1266424
2019-02-18,LBBL,171,172,170,171,3911,669195
2019-02-19,LBBL,169,175,169,175,3999,684617
2019-02-20,LBBL,172,172,170,171,1234,211002
2019-02-21,LBBL,171,173,171,171,1030,176310
2019-02-24,LBBL,171,172,170,172,3012,512790
2019-02-25,LBBL,172,172,170,172,6743,1152579
2019-02-26,LBBL,169,172,169,172,3231,552323
2019-02-27,LBBL,170,172,169,169,33511,5681452
2019-03-03,LBBL,168,171,168,171,6493,1103672
2019-03-05,LBBL,169,172,169,170,7152,1215371
2019-03-06,LBBL,173,173,170,171,8064,1376514
2019-03-07,LBBL,172,173,171,173,4183,720580
2019-03-10,LBBL,173,173,170,172,12092,2088820
2019-03-11,LBBL,172,174,172,173,6224,1075652
2019-03-12,LBBL,175,175,173,175,11888,2068284
2019-03-13,LBBL,176,176,172,172,12179,2112040
2019-03-14,LBBL,173,173,170,173,13320,2284670
2019-03-17,LBBL,175,175,172,173,21666,3751848
2019-03-18,LBBL,171,173,171,172,1398,240691
2019-03-19,LBBL,172,172,172,172,104,17888
2019-03-21,LBBL,171,173,171,171,6184,1062318
2019-03-24,LBBL,170,172,169,169,4836,822682
2019-03-25,LBBL,170,172,170,170,4452,759253
2019-03-26,LBBL,170,171,169,169,7701,1307669
2019-03-27,LBBL,171,171,169,170,6591,1120414
2019-03-28,LBBL,170,172,169,169,11822,2006495
2019-03-31,LBBL,169,171,169,170,32095,5465374
2019-04-01,LBBL,170,173,170,172,9610,1657118
2019-04-02,LBBL,172,173,171,172,6405,1103670
2019-04-03,LBBL,173,174,171,171,13437,2310457
2019-04-04,LBBL,171,172,170,170,9065,1555668
2019-04-07,LBBL,171,173,170,173,11917,2043198
2019-04-08,LBBL,173,175,171,171,17751,3057556
2019-04-09,LBBL,173,173,170,171,5306,906749
2019-04-10,LBBL,170,174,170,174,8642,1491066
2019-04-11,LBBL,173,174,173,174,895,155105
2019-04-15,LBBL,171,172,171,172,3280,562490
2019-04-16,LBBL,173,175,173,175,9948,1732506
2019-04-17,LBBL,174,179,174,176,18377,3245427
2019-04-18,LBBL,176,177,174,177,8590,1513000
2019-04-21,LBBL,178,180,176,179,27741,4957099
2019-04-22,LBBL,181,181,177,179,27658,4953935
2019-04-23,LBBL,177,178,175,178,5922,1047512
2019-04-24,LBBL,181,188,181,186,76474,14122851
2019-04-25,LBBL,189,197,188,197,61540,11913406
2019-04-28,LBBL,200,207,198,203,73970,14988306
2019-04-29,LBBL,200,204,196,198,55478,11001051
2019-04-30,LBBL,200,200,195,198,10684,2100634
2019-05-02,LBBL,195,199,195,199,21633,4244720
2019-05-05,LBBL,196,199,192,194,32573,6310630
2019-05-06,LBBL,193,196,190,195,13808,2666720
2019-05-07,LBBL,197,198,194,195,9518,1858675
2019-05-08,LBBL,195,195,193,195,14536,2827823
2019-05-09,LBBL,193,196,193,193,4246,822372
2019-05-12,LBBL,193,193,190,193,12302,2365387
2019-05-13,LBBL,192,192,191,192,17111,3282959
2019-05-14,LBBL,192,197,191,196,22097,4287425
2019-05-15,LBBL,199,199,195,197,26786,5260948
2019-05-16,LBBL,196,203,196,198,26953,5344696
2019-05-19,LBBL,200,212,200,210,88090,18097364
2019-05-20,LBBL,214,214,205,205,32241,6694621
2019-05-21,LBBL,206,208,205,206,23473,4844145
2019-05-22,LBBL,204,207,204,206,15373,3154356
2019-05-23,LBBL,205,206,204,206,16492,3383924
2019-05-26,LBBL,206,206,197,201,47691,9604440
2019-05-27,LBBL,198,203,198,200,20552,4119502
2019-05-28,LBBL,200,203,199,203,33070,6639745
2019-05-29,LBBL,207,207,198,201,20417,4097063
2019-05-30,LBBL,205,209,202,202,40843,8343823
2019-06-02,LBBL,203,203,200,201,19285,3881590
2019-06-03,LBBL,205,205,198,198,21050,4210130
2019-06-04,LBBL,197,200,197,199,7425,1468637
2019-06-06,LBBL,198,200,196,198,15620,3096064
2019-06-10,LBBL,198,199,196,198,9592,1886413
2019-06-11,LBBL,198,200,196,199,3837,758842
2019-06-12,LBBL,198,198,195,197,27670,5421792
2019-06-13,LBBL,196,201,195,201,17421,3427834
2019-06-16,LBBL,201,201,196,197,18362,3632724
2019-06-17,LBBL,195,198,195,198,20571,4026342
2019-06-18,LBBL,198,198,197,197,5808,1145080
2019-06-19,LBBL,197,197,196,197,3142,617616
2019-06-20,LBBL,197,199,194,198,21002,4119579
2019-06-23,LBBL,201,201,197,198,5532,1095816
2019-06-24,LBBL,199,199,196,196,9130,1799676
2019-06-25,LBBL,195,197,195,196,9084,1781395
2019-06-26,LBBL,196,199,194,196,5602,1103855
2019-06-27,LBBL,197,197,195,195,7998,1566880
2019-06-30,LBBL,195,196,193,193,10857,2111906
2019-07-01,LBBL,193,196,193,194,7865,1525231
2019-07-02,LBBL,193,195,193,193,5926,1146512
2019-07-03,LBBL,195,198,193,198,13736,2678938
2019-07-04,LBBL,196,197,195,197,4047,793223
2019-07-07,LBBL,194,195,190,192,34831,6679878
2019-07-08,LBBL,191,191,189,190,19667,3735518
2019-07-09,LBBL,189,191,187,191,23130,4378735
2019-07-10,LBBL,190,194,189,194,9525,1820526
2019-07-11,LBBL,195,195,193,195,11385,2207745
2019-07-14,LBBL,192,197,192,193,3287,634998
2019-07-15,LBBL,193,194,191,193,18434,3544139
2019-07-16,LBBL,202,202,195,197,9146,1797208
2019-07-17,LBBL,194,207,194,207,69904,14094422
2019-07-18,LBBL,205,208,202,203,30195,6185760
2019-07-21,LBBL,203,209,202,209,26694,5474606
2019-07-22,LBBL,212,213,206,208,52360,10899504
2019-07-23,LBBL,210,210,206,208,37710,7830295
2019-07-24,LBBL,208,209,207,209,35957,7485195
2019-07-25,LBBL,207,208,205,206,71573,14758305
2019-07-28,LBBL,205,206,202,204,25263,5131470
2019-07-29,LBBL,204,207,204,207,8282,1696292
2019-07-30,LBBL,211,211,206,206,17730,3657175
2019-07-31,LBBL,210,210,206,207,7207,1488417
2019-08-01,LBBL,208,208,204,207,17075,3516650
2019-08-04,LBBL,207,210,205,208,53061,11036140
2019-08-05,LBBL,208,208,205,208,46788,9679188
2019-08-06,LBBL,209,209,204,205,57444,11803399
2019-08-07,LBBL,176,176,168,174,20397,3495033
2019-08-08,LBBL,173,173,170,171,5796,995045
2019-08-11,LBBL,171,172,170,171,7184,1226574
2019-08-12,LBBL,171,176,171,175,7049,1221327
2019-08-13,LBBL,178,190,178,180,36286,6586006
2019-08-14,LBBL,180,180,177,178,17573,3127764
2019-08-15,LBBL,180,180,176,178,10728,1899561
2019-08-18,LBBL,179,181,176,177,14087,2512142
2019-08-19,LBBL,176,180,175,180,11212,2001539
2019-08-20,LBBL,180,180,178,179,7285,1298412
2019-08-21,LBBL,181,181,178,179,9119,1627697
2019-08-22,LBBL,179,180,177,179,13673,2444962
2019-08-25,LBBL,177,179,175,179,7430,1308500
2019-08-26,LBBL,178,179,177,177,11576,2057682
2019-08-27,LBBL,178,178,175,177,8850,1560220
2019-08-28,LBBL,177,177,176,176,4405,775640
2019-08-29,LBBL,177,178,176,177,6686,1181037
2019-09-01,LBBL,177,178,176,176,9825,1733690
2019-09-02,LBBL,175,176,174,175,10915,1911884
2019-09-03,LBBL,174,178,171,177,10200,1776450
2019-09-04,LBBL,177,179,176,178,9887,1751328
2019-09-05,LBBL,179,179,176,176,5315,939135
2019-09-08,LBBL,178,178,175,175,8042,1424784
2019-09-09,LBBL,177,177,173,175,7470,1300934
2019-09-10,LBBL,174,175,172,173,8085,1401639
2019-09-11,LBBL,173,176,172,173,4980,861139
2019-09-12,LBBL,173,175,173,173,5988,1039049
2019-09-15,LBBL,173,173,170,172,9252,1580087
2019-09-16,LBBL,170,170,168,169,8850,1495714
2019-09-17,LBBL,167,174,166,174,4362,749038
2019-09-18,LBBL,177,178,174,176,12689,2216935
2019-09-19,LBBL,175,175,173,175,1351,234511
2019-09-22,LBBL,175,175,170,170,5034,863670
2019-09-23,LBBL,170,172,170,171,11433,1951671
2019-09-24,LBBL,169,172,169,171,3184,541854
2019-09-25,LBBL,170,171,170,170,5382,915520
2019-09-26,LBBL,170,170,169,169,5278,893282
2019-09-29,LBBL,167,171,167,170,1590,269733
2019-09-30,LBBL,170,171,169,171,2855,485457
2019-10-01,LBBL,171,174,171,174,3895,676164
2019-10-02,LBBL,173,174,172,173,6714,1161742
2019-10-03,LBBL,174,175,174,175,5326,930950
2019-10-10,LBBL,176,176,174,176,1093,191587
2019-10-14,LBBL,174,176,173,175,1390,242428
2019-10-15,LBBL,173,176,173,175,8622,1505164
2019-10-16,LBBL,172,175,172,175,525,91510
2019-10-17,LBBL,175,175,171,173,7200,1241844
2019-10-20,LBBL,171,175,171,175,1144,199018
2019-10-21,LBBL,175,175,172,172,1674,288823
2019-10-22,LBBL,170,173,170,172,4726,809489
2019-10-23,LBBL,175,175,172,172,2259,389286
2019-10-24,LBBL,172,175,172,173,5346,930804
2019-10-31,LBBL,170,175,170,172,4634,792946
2019-11-03,LBBL,172,173,170,172,2720,467256
2019-11-04,LBBL,170,173,170,173,7790,1331169
2019-11-05,LBBL,174,174,172,173,1643,283268
2019-11-06,LBBL,174,175,172,172,8953,1549856
2019-11-07,LBBL,172,172,171,172,2322,398815
2019-11-10,LBBL,171,172,170,171,4264,728168
2019-11-11,LBBL,171,174,170,174,5100,871756
2019-11-12,LBBL,172,173,172,173,244,42073
2019-11-13,LBBL,170,173,170,171,4644,796519
2019-11-14,LBBL,171,173,170,170,5942,1014988
2019-11-17,LBBL,171,172,170,171,2023,345770
2019-11-18,LBBL,170,171,170,170,6845,1163750
2019-11-19,LBBL,171,171,169,170,2397,407484
2019-11-20,LBBL,171,171,169,169,11031,1872581
2019-11-21,LBBL,169,169,168,169,4077,686079
2019-11-24,LBBL,168,169,167,168,3614,605426
2019-11-25,LBBL,170,170,166,169,10174,1702526
2019-11-26,LBBL,167,169,166,167,6717,1121639
2019-11-27,LBBL,168,170,168,170,7047,1196032
2019-11-28,LBBL,169,170,168,168,3230,545620
2019-12-01,LBBL,169,170,169,170,2339,397019
2019-12-02,LBBL,171,172,170,172,5915,1014079
2019-12-03,LBBL,172,172,170,171,2073,352900
2019-12-04,LBBL,170,171,168,171,2363,400702
2019-12-05,LBBL,171,172,170,170,1437,245618
2019-12-08,LBBL,173,175,172,175,17538,3046857
2019-12-09,LBBL,174,176,174,174,5393,943671
2019-12-10,LBBL,177,186,176,185,58614,10699831
2019-12-11,LBBL,188,198,187,197,149057,28704240
2019-12-12,LBBL,197,199,193,194,59479,11633027
2019-12-15,LBBL,194,194,189,190,55343,10556959
2019-12-16,LBBL,188,191,188,190,28590,5400884
2019-12-17,LBBL,187,190,187,190,13696,2588863
2019-12-18,LBBL,188,190,188,190,16408,3109191
2019-12-19,LBBL,189,190,188,189,7683,1451187
2019-12-22,LBBL,191,191,189,190,13667,2594709
2019-12-23,LBBL,190,194,190,194,24015,4601514
2019-12-24,LBBL,197,197,190,192,42572,8150186
2019-12-25,LBBL,193,194,192,193,25180,4861983
2019-12-26,LBBL,193,194,192,194,14419,2783329
2019-12-29,LBBL,194,195,192,193,8489,1643197
2019-12-30,LBBL,192,194,191,194,17031,3276564
2019-12-31,LBBL,198,198,192,193,19451,3770552
2020-01-01,LBBL,194,195,193,195,24840,4813942
2020-01-02,LBBL,198,198,193,195,38846,7562410
2020-01-05,LBBL,193,197,190,195,30546,5927871
2020-01-06,LBBL,197,199,196,198,75038,14838630
2020-01-07,LBBL,199,204,198,204,130860,26395544
2020-01-08,LBBL,191,191,178,180,54108,9795202
2020-01-09,LBBL,183,183,179,180,18514,3344903
2020-01-12,LBBL,183,185,180,182,29349,5365463
2020-01-13,LBBL,185,188,183,183,38792,7172248
2020-01-14,LBBL,183,188,182,184,18058,3328506
2020-01-15,LBBL,185,188,184,186,14433,2679228
2020-01-16,LBBL,188,191,186,189,30174,5704908
2020-01-19,LBBL,192,203,191,200,86329,17021274
2020-01-20,LBBL,201,203,193,195,80954,16044648
2020-01-21,LBBL,196,196,192,193,27470,5338059
2020-01-22,LBBL,192,197,192,194,25578,4956764
2020-01-23,LBBL,195,197,188,189,16648,3200628
2020-01-26,LBBL,188,190,185,185,16073,3015526
2020-01-27,LBBL,185,193,185,192,21382,4059421
2020-01-28,LBBL,191,192,189,191,16213,3094096
2020-01-29,LBBL,192,194,188,190,12053,2287020
2020-01-30,LBBL,190,193,189,193,14184,2719049
2020-02-02,LBBL,194,195,190,194,40658,7885034
2020-02-03,LBBL,197,197,193,195,24269,4712953
2020-02-04,LBBL,195,203,194,196,51726,10241972
2020-02-05,LBBL,196,197,193,197,7996,1567262
2020-02-06,LBBL,198,201,195,197,18490,3650327
2020-02-09,LBBL,194,195,193,193,12496,2421850
2020-02-10,LBBL,190,192,190,192,45944,8742835
2020-02-11,LBBL,191,196,191,196,15691,3051393
2020-02-12,LBBL,198,198,190,193,20538,3956820
2020-02-13,LBBL,194,194,191,193,19261,3697581
2020-02-16,LBBL,195,196,191,192,19925,3833124
2020-02-17,LBBL,195,198,193,195,17900,3489018
2020-02-18,LBBL,196,196,193,194,10771,2094772
2020-02-19,LBBL,195,201,195,196,23347,4581177
2020-02-20,LBBL,196,198,195,197,32132,6316074
2020-02-23,LBBL,199,211,198,210,106709,21937370
2020-02-24,LBBL,210,214,202,205,50080,10448588
2020-02-25,LBBL,205,211,145,211,34277,7112503
2020-02-26,LBBL,212,216,209,214,74433,15785145
2020-02-27,LBBL,211,227,207,218,68081,14648030
2020-03-01,LBBL,222,225,210,210,71666,15563285
2020-03-02,LBBL,209,212,198,200,39200,7993381
2020-03-03,LBBL,197,210,196,206,56183,11352642
2020-03-04,LBBL,202,203,188,191,58024,11443286
2020-03-05,LBBL,190,205,190,194,51921,10047230
2020-03-10,LBBL,192,192,183,183,18602,3506290
2020-03-11,LBBL,186,194,184,193,33956,6436942
2020-03-12,LBBL,190,191,185,189,33338,6264289
2020-03-15,LBBL,186,186,180,182,41477,7554229
2020-03-16,LBBL,179,186,177,185,21842,4022969
2020-03-17,LBBL,186,186,176,178,60189,10741575
2020-03-18,LBBL,175,183,173,177,34129,5986987
2020-03-19,LBBL,174,183,171,178,29391,5153321
2020-03-22,LBBL,175,178,175,178,2919,519285
2020-06-29,LBBL,175,175,172,169,5830,989366
2020-06-30,LBBL,167,179,167,179,2854,493563
2020-07-01,LBBL,182,186,182,186,951,173186
2020-07-02,LBBL,189,192,171,171,5268,946638
2020-07-05,LBBL,168,176,168,171,17050,2926521
2020-07-06,LBBL,171,177,171,175,15451,2679135
2020-07-07,LBBL,176,185,176,182,29714,5412197
2020-07-08,LBBL,183,185,180,180,17766,3201711
2020-07-09,LBBL,180,183,177,182,6222,1125821
2020-07-12,LBBL,185,187,180,181,10822,1968514
2020-07-13,LBBL,181,182,179,180,13283,2390929
2020-07-14,LBBL,180,183,179,180,5899,1064227
2020-07-15,LBBL,179,185,179,181,12077,2200921
2020-07-16,LBBL,184,189,182,188,30022,5609273
2020-07-19,LBBL,197,206,197,206,728,149628
2020-07-20,LBBL,210,218,194,197,76002,15318924
2020-07-21,LBBL,195,200,192,195,32089,6286860
2020-07-22,LBBL,197,198,190,195,12544,2440771
2020-07-23,LBBL,192,197,190,196,24629,4787890
2020-07-26,LBBL,198,199,192,195,36802,7168084
2020-07-27,LBBL,196,197,192,194,22523,4374844
2020-07-28,LBBL,194,197,191,194,16124,3133283
2020-07-29,LBBL,192,195,190,195,26312,5066299
2020-07-30,LBBL,195,195,192,194,18252,3529047
2020-08-02,LBBL,193,193,188,189,43626,8289547
2020-08-03,LBBL,189,192,186,188,19029,3615594
2020-08-05,LBBL,187,187,182,183,42514,7852654
2020-08-06,LBBL,183,185,180,185,13730,2501014
2020-08-09,LBBL,194,194,182,187,18229,3408098
2020-08-10,LBBL,190,192,188,191,20356,3870431
2020-08-11,LBBL,193,193,190,190,15687,3001751
2020-08-12,LBBL,188,192,188,190,5374,1022887
2020-08-13,LBBL,188,191,187,188,14095,2661645
2020-08-16,LBBL,185,185,177,182,18524,3377611
2020-08-17,LBBL,181,183,179,181,44243,7982335
2020-08-18,LBBL,182,184,181,184,11158,2041287
2020-08-19,LBBL,182,184,180,184,11477,2085645
2020-08-20,LBBL,181,184,181,181,5034,918782
2020-08-23,LBBL,180,182,180,181,10600,1915155
2020-08-24,LBBL,182,186,182,183,9359,1716133
2020-08-25,LBBL,182,185,181,182,13190,2396204
2020-08-26,LBBL,182,188,182,187,20529,3786826
2020-08-27,LBBL,184,190,183,183,12881,2377981
2020-08-30,LBBL,184,184,181,184,4981,912879
2020-08-31,LBBL,184,187,182,184,19110,3519244
2020-09-02,LBBL,183,188,183,187,23153,4308607
2020-09-03,LBBL,189,190,184,185,15167,2812393
2020-09-06,LBBL,194,194,183,185,15329,2835313
2020-09-07,LBBL,182,184,181,181,18460,3357202
2020-09-08,LBBL,181,185,179,183,14650,2661897
2020-09-09,LBBL,182,184,181,183,7594,1384170
2020-09-10,LBBL,186,188,182,184,5436,998761
2020-09-13,LBBL,193,193,181,181,33014,6013795
2020-09-14,LBBL,184,187,181,185,28590,5294303
2020-09-15,LBBL,187,188,183,184,12420,2286147
2020-09-16,LBBL,185,185,182,184,7949,1456178
2020-09-17,LBBL,185,197,183,190,77332,14752063
2020-09-20,LBBL,195,204,189,193,55291,10689287
2020-09-21,LBBL,191,196,187,192,58994,11363212
2020-09-22,LBBL,191,192,186,187,24340,4581518
2020-09-23,LBBL,187,189,185,189,11305,2119098
2020-09-24,LBBL,188,190,187,189,12006,2263895
2020-09-27,LBBL,190,192,188,190,32592,6204866
2020-09-28,LBBL,189,198,189,190,36709,7017547
2020-09-29,LBBL,189,192,189,191,14847,2834220
2020-09-30,LBBL,189,201,189,193,82133,15901100
2020-10-01,LBBL,196,201,196,200,107378,21368827
2020-10-04,LBBL,204,209,202,209,124544,25703056
2020-10-05,LBBL,212,224,207,223,261038,56165113
2020-10-06,LBBL,225,226,218,221,162012,35912379
2020-10-07,LBBL,222,230,221,229,160090,36021541
2020-10-08,LBBL,230,230,218,221,96562,21516389
2020-10-11,LBBL,221,224,218,219,62823,13868729
2020-10-12,LBBL,221,230,215,223,133138,29878064
2020-10-13,LBBL,234,234,220,222,80085,17883585
2020-10-14,LBBL,218,222,216,217,35383,7716764
2020-10-15,LBBL,217,222,214,217,36703,7935037
2020-10-18,LBBL,214,217,210,211,24003,5088849
2020-10-19,LBBL,212,218,211,218,26431,5660913
2020-10-20,LBBL,220,222,216,220,23989,5243288
2020-10-21,LBBL,220,222,219,220,14636,3223760
2020-10-22,LBBL,219,222,218,220,21957,4836675
2020-10-28,LBBL,221,229,217,228,50380,11372164
2020-10-29,LBBL,228,233,225,225,77103,17617955
2020-11-01,LBBL,222,229,221,226,36404,8170011
2020-11-02,LBBL,226,227,222,223,21271,4779793
2020-11-03,LBBL,221,223,220,220,46675,10320540
2020-11-04,LBBL,220,222,217,218,24527,5368422
2020-11-05,LBBL,221,221,214,218,38954,8445696
2020-11-08,LBBL,221,225,217,219,28431,6219090
2020-11-09,LBBL,223,223,216,217,27892,6062821
2020-11-10,LBBL,219,220,216,217,20151,4381232
2020-11-11,LBBL,217,222,217,220,29629,6512530
2020-11-12,LBBL,220,222,218,218,29348,6442652
2020-11-18,LBBL,217,221,217,218,17443,3812963
2020-11-19,LBBL,222,222,216,218,38052,8267776
2020-11-22,LBBL,217,226,216,219,36302,8011065
2020-11-23,LBBL,220,223,217,219,26349,5776633
2020-11-24,LBBL,220,224,218,218,35425,7782226
2020-11-25,LBBL,222,226,221,225,41500,9268425
2020-11-26,LBBL,228,236,220,223,48530,10996391
2020-11-29,LBBL,223,245,223,244,197029,47171000
2020-11-30,LBBL,244,251,233,234,134491,32477690
2020-12-01,LBBL,224,241,224,232,45217,10575082
2020-12-02,LBBL,234,245,230,243,98593,23459661
2020-12-03,LBBL,255,259,237,241,153597,37760858
2020-12-06,LBBL,240,240,229,229,61325,14333732
2020-12-07,LBBL,232,240,226,234,83528,19329345
2020-12-08,LBBL,245,245,226,228,60768,13932204
2020-12-09,LBBL,225,225,222,223,28591,6393570
2020-12-10,LBBL,225,225,221,222,47101,10489682
2020-12-13,LBBL,225,227,222,226,38738,8711966
2020-12-14,LBBL,226,235,226,235,103587,23946739
2020-12-15,LBBL,238,238,231,231,64508,15042999
2020-12-16,LBBL,228,233,228,231,27498,6341730
2020-12-17,LBBL,227,238,226,228,31687,7254415
2020-12-20,LBBL,225,226,218,219,56067,12413937
2020-12-21,LBBL,215,221,205,219,48308,10342673
2020-12-22,LBBL,222,236,219,230,69889,15582203
2020-12-23,LBBL,234,235,222,224,32559,7371735
2020-12-24,LBBL,228,228,220,221,24348,5399705
2020-12-27,LBBL,219,223,214,217,50453,10999195
2020-12-28,LBBL,218,222,216,218,54783,11976241
2020-12-29,LBBL,204,204,200,200,26882,5405865
2020-12-30,LBBL,200,201,198,198,13959,2777421
2020-12-31,LBBL,201,203,199,201,25899,5210329
2021-01-03,LBBL,205,208,202,207,44191,9096783
2021-01-04,LBBL,210,214,205,207,57324,12020265
2021-01-05,LBBL,210,215,205,207,14365,2980399
2021-01-06,LBBL,207,210,206,209,51106,10607012
2021-01-07,LBBL,212,212,208,208,46032,9631177
2021-01-10,LBBL,218,227,211,224,148268,32736387
2021-01-11,LBBL,228,232,222,229,148381,33683245
2021-01-12,LBBL,230,232,222,227,43250,9850073
2021-01-13,LBBL,230,241,228,238,147657,35041197
2021-01-17,LBBL,238,250,233,244,228448,54968825
2021-01-18,LBBL,245,250,242,245,103280,25427536
2021-01-19,LBBL,243,245,238,240,79363,19054320
2021-01-20,LBBL,237,241,232,240,105707,25256247
2021-01-21,LBBL,244,244,240,244,77740,18835763
2021-01-24,LBBL,245,250,244,247,103411,25563607
2021-01-25,LBBL,259,259,243,246,97050,23887881
2021-01-26,LBBL,246,246,240,240,64864,15694630
2021-01-27,LBBL,240,244,237,241,43585,10469833
2021-01-28,LBBL,238,242,232,235,60174,14249567
2021-01-31,LBBL,231,234,223,229,70609,16206684
2021-02-01,LBBL,232,233,227,230,40928,9416203
2021-02-02,LBBL,233,240,231,237,69324,16347663
2021-02-03,LBBL,240,246,237,239,94503,22860269
2021-02-04,LBBL,238,246,238,239,58315,14038325
2021-02-07,LBBL,242,244,238,239,53531,12848729
2021-02-08,LBBL,241,251,240,245,130318,32106200
2021-02-09,LBBL,248,252,245,250,139769,34743512
2021-02-10,LBBL,255,255,245,250,105706,26339101
2021-02-11,LBBL,252,272,250,260,208600,54277505
2021-02-14,LBBL,260,270,256,261,140713,36933855
2021-02-15,LBBL,266,276,262,264,146804,39178541
2021-02-16,LBBL,268,272,259,264,151131,39956996
2021-02-17,LBBL,265,267,261,266,84103,22163914
2021-02-18,LBBL,270,278,267,276,209533,57094833
2021-02-21,LBBL,277,280,273,273,135389,37455890
2021-02-22,LBBL,275,278,263,265,131869,35280373
2021-02-23,LBBL,263,264,252,259,110958,28618224
2021-02-24,LBBL,247,274,247,264,81578,21738200
2021-02-25,LBBL,263,265,259,259,38292,9983518
2021-02-28,LBBL,259,259,249,250,84773,21351175
2021-03-01,LBBL,250,260,245,257,55475,14052789
2021-03-02,LBBL,255,259,246,248,56663,14246449
2021-03-03,LBBL,260,260,240,245,51758,12577329
2021-03-04,LBBL,246,253,246,252,56200,14038800
2021-03-07,LBBL,255,256,247,247,21998,5515711
2021-03-09,LBBL,247,249,244,244,24939,6119562
2021-03-10,LBBL,241,248,239,242,37908,9166561
2021-03-14,LBBL,242,246,237,239,31538,7552153
2021-03-15,LBBL,236,244,233,240,44073,10516501
2021-03-16,LBBL,242,242,237,239,20480,4890611
2021-03-17,LBBL,242,246,238,242,44353,10693712
2021-03-18,LBBL,244,252,243,248,43240,10720351
2021-03-21,LBBL,248,254,247,253,41182,10345440
2021-03-22,LBBL,254,256,248,250,26824,6734654
2021-03-23,LBBL,245,248,245,246,24615,6061620
2021-03-24,LBBL,245,251,245,248,27944,6944233
2021-03-25,LBBL,250,253,245,246,47244,11772392
2021-03-29,LBBL,250,250,245,245,14409,3553342
2021-03-30,LBBL,249,253,245,247,36474,9003100
2021-03-31,LBBL,247,253,247,252,51512,12909867
2021-04-01,LBBL,253,275,252,263,145273,38097693
2021-04-04,LBBL,265,265,258,260,48042,12501229
2021-04-05,LBBL,257,266,256,257,52309,13626501
2021-04-06,LBBL,261,270,255,264,93529,24528468
2021-04-07,LBBL,264,275,264,266,109194,29277318
2021-04-08,LBBL,263,273,263,265,46307,12426740
2021-04-12,LBBL,260,270,260,268,94235,25169358
2021-04-13,LBBL,281,290,268,285,300845,83545488
2021-04-15,LBBL,290,299,287,291,222768,65387522
2021-04-18,LBBL,294,300,286,289,340480,100040997
2021-04-19,LBBL,289,292,282,282,130820,37546474
2021-04-20,LBBL,284,300,274,299,230020,66373163
2021-04-21,LBBL,305,305,287,290,93028,27069392
2021-04-22,LBBL,285,292,282,291,69631,20137737
2021-04-25,LBBL,305,305,278,282,85844,24112080
2021-04-26,LBBL,278,283,269,272,60722,16661541
2021-04-27,LBBL,271,282,270,278,50408,14048334
2021-04-28,LBBL,280,283,270,272,33123,9144008
2021-04-29,LBBL,275,278,274,278,50650,13997645
2021-05-02,LBBL,279,282,275,281,62656,17478227
2021-05-03,LBBL,284,285,275,276,54232,15116446
2021-05-04,LBBL,276,280,273,278,26903,7456992
2021-05-05,LBBL,282,282,275,278,28597,7893106
2021-05-06,LBBL,275,278,273,275,20711,5682461
2021-05-09,LBBL,275,279,272,274,53691,14712411
2021-05-10,LBBL,274,277,272,277,15785,4337623
2021-05-11,LBBL,277,282,275,281,46090,12929103
2021-05-12,LBBL,282,283,279,281,56181,15822933
2021-05-13,LBBL,290,290,280,288,124864,35916981
2021-05-16,LBBL,290,304,290,299,249862,73985249
2021-05-17,LBBL,300,303,292,297,127034,37570054
2021-05-18,LBBL,302,321,295,312,239813,72966856
2021-05-19,LBBL,314,314,300,300,142068,43382886
2021-05-20,LBBL,305,327,300,325,184321,57874842
2021-05-23,LBBL,322,353,310,346,291222,96547803
2021-05-24,LBBL,346,352,334,337,236082,80411640
2021-05-25,LBBL,353,353,325,329,163699,54139295
2021-05-27,LBBL,329,353,318,342,235197,78972127
2021-05-30,LBBL,350,376,346,376,651403,241411499
2021-05-31,LBBL,390,413,373,400,1009625,402169350
2021-06-01,LBBL,400,440,400,433,714587,303852155
2021-06-02,LBBL,440,476,425,476,658386,297939503
2021-06-03,LBBL,485,523,476,496,700809,350592602
2021-06-06,LBBL,496,545,496,545,1035538,547564347
2021-06-07,LBBL,550,599,541,593,754444,432400290
2021-06-08,LBBL,600,652,600,632,560172,357874496
2021-06-09,LBBL,663,663,594,597,789368,482898219
2021-06-10,LBBL,600,643,591,633,748400,459301907
2021-06-13,LBBL,645,696,640,696,860139,583950984
2021-06-14,LBBL,730,730,670,683,610284,424414314
2021-06-15,LBBL,696,696,647,655,489102,323577398
2021-06-16,LBBL,623,676,617,640,404066,258288326
2021-06-17,LBBL,640,665,628,655,352663,228895530
2021-06-20,LBBL,655,668,605,624,327164,205156633
2021-06-21,LBBL,655,655,600,600,340953,208251109
2021-06-22,LBBL,575,632,575,630,298689,184492539
2021-06-23,LBBL,661,661,606,610,160235,98727293
2021-06-24,LBBL,610,615,596,599,156922,94545322
2021-06-27,LBBL,600,605,580,585,143818,84426682
2021-06-28,LBBL,595,600,574,582,94214,55254289
2021-06-29,LBBL,582,582,543,543,233449,130400996
2021-06-30,LBBL,543,586,520,569,230314,125073143
2021-07-01,LBBL,575,597,560,578,199123,115681678
2021-07-04,LBBL,600,600,561,568,103314,58795376
2021-07-05,LBBL,560,567,551,552,87886,48844205
2021-07-06,LBBL,559,580,547,550,57304,31726316
2021-07-07,LBBL,550,570,541,546,57158,31284019
2021-07-08,LBBL,542,563,542,558,87414,48528523
2021-07-11,LBBL,585,605,552,603,174540,102966838
2021-07-12,LBBL,615,615,577,587,290999,173848812
2021-07-13,LBBL,596,609,572,586,104788,61836962
2021-07-14,LBBL,597,607,577,588,39853,23409212
2021-07-15,LBBL,600,600,580,585,86101,50607998
2021-07-18,LBBL,596,625,590,625,211393,128893883.1
2021-07-19,LBBL,630,640,606,611.5,195099,120718505.5
2021-07-20,LBBL,623,623,598.8,601,91418,55428601.6
2021-07-22,LBBL,603,605,590,595,163092,97217888.3
2021-07-25,LBBL,600,604,582,586.9,230382,135563356.8
2021-07-26,LBBL,598.6,598.6,574,582,119966,70024575.8
2021-07-27,LBBL,582,612,570,590,142541,83763007.6
2021-07-28,LBBL,595,608,580,580,193704,116110756
2021-07-29,LBBL,591,614,591,611,203198,123304713
2021-08-01,LBBL,623.2,640,622,626.9,422809,266960339.7
2021-08-02,LBBL,639.4,639.4,611,615,176658,110219610.2
2021-08-03,LBBL,620,627,610,615,80996,49908200
2021-08-04,LBBL,627,627,609,614.9,95309,58493337.8
2021-08-05,LBBL,622,635,610,621,220389,137693032.6
2021-08-08,LBBL,633.4,638,621,627,168267,106093996.5
2021-08-09,LBBL,630,638,615,622.9,87828,54564666.1
2021-08-10,LBBL,623,678.3,623,660,460653,302814061.3
2021-08-11,LBBL,673.2,699,643,651,244607,160482906.7
2021-08-12,LBBL,651,695.4,644,685,515417,350623568.7
2021-08-15,LBBL,685,685,637,653,394215,257968650.4
2021-08-16,LBBL,650,668.1,638,648,216762,141474361.7
2021-08-17,LBBL,655,682,645,668,358625,238832770.8
2021-08-18,LBBL,681.3,734.8,675,729,835074,597693976.1
2021-08-19,LBBL,743.5,774,700,730,570717,424885596.3
2021-08-24,LBBL,744.3,744.3,691,693,360065,254541399.2
2021-08-25,LBBL,693,714,662,665.5,224881,152268760.8
2021-08-26,LBBL,664,712,655,700,304837,209976065.6
2021-08-29,LBBL,714,742,685,699.2,391486,276517641.2
2021-08-31,LBBL,699.2,699.2,669.7,670,262787,178266453
2021-09-01,LBBL,673,688.9,660,667.9,242738,163224137.1
2021-09-02,LBBL,679.9,679.9,623,637,202466,131553165.1
2021-09-05,LBBL,637,637,573.3,578,338949,201300968.3
2021-09-06,LBBL,567,635.8,567,635.8,207366,127109832.7
2021-09-07,LBBL,640,652.8,611,632,195874,124360224.3
2021-09-08,LBBL,625.1,628,609.1,612,142508,87637081.6
2021-09-09,LBBL,612,623,599.8,606,112932,68699609
2021-09-12,LBBL,610,646,600,636,212771,133446375.5
2021-09-13,LBBL,648.7,669,642,645,194995,127794684.2
2021-09-14,LBBL,646,653,626,634,86847,55253944.9
2021-09-15,LBBL,634,635,611.1,617.9,111223,68900433.8
2021-09-16,LBBL,605.6,612,581.1,591,206196,122037978.1
2021-09-20,LBBL,588,598,552,556,174155,98553927.4
2021-09-21,LBBL,550,583.4,531,560,188843,105125194.3
2021-09-22,LBBL,571.2,604,571.2,604,110206,65431410.7
2021-09-23,LBBL,616,626,588,594.4,167907,101080434.9
2021-09-26,LBBL,606.2,622,575,576,116742,68306412.4
2021-09-27,LBBL,570,587,541,544.8,114264,63101775
2021-09-28,LBBL,534.09,564,526.3,535,104084,55965805
2021-09-29,LBBL,541,555,520,554.9,92440,49867593.5
2021-09-30,LBBL,554.9,560,530,531,64307,34984767.1
2021-10-03,LBBL,528,533,510,514,72603,37662923.8
2021-10-04,LBBL,514,519,491,494,79026,39567986.3
2021-10-05,LBBL,503,516,500,515,46286,23582003.8
2021-10-06,LBBL,524.5,539,506,537,50038,26368110.4
2021-10-10,LBBL,535,549,511,515,62450,33039255.9
2021-10-11,LBBL,516,516,499,510,43711,22087507.5
2021-10-17,LBBL,519,519,505,517,12901,6597181.7
2021-10-18,LBBL,507,512.9,491,494,53385,26624878.7
2021-10-19,LBBL,490,490,460,462,66330,31030876.2
2021-10-20,LBBL,471.2,499,471.2,482,42988,20716336.7
2021-10-21,LBBL,490,490,469,469,26979,12792194.7
2021-10-24,LBBL,465,485,461,477,44209,20987810.5
2021-10-25,LBBL,485.5,522.6,485.5,521,95074,48645019.2
2021-10-26,LBBL,515,550,505,540,199071,106351450.7
2021-10-27,LBBL,531.4,550,520,529.9,91695,49036487.3
2021-10-28,LBBL,530.9,539,515,527.1,94252,49664741.8
2021-10-31,LBBL,537,579.8,537,579.8,228580,129636731.5
2021-11-01,LBBL,591.3,630,581.3,608,260089,158308985.6
2021-11-02,LBBL,610,663,593,652,323163,207469824.3
2021-11-03,LBBL,652,678,639,641.4,159447,103582250.3
2021-11-08,LBBL,641,665,640,648.9,191841,124735182.5
2021-11-09,LBBL,640,651,606,619,272538,169878296.8
2021-11-11,LBBL,620,620,588,596,133825,80460680.3
2021-11-14,LBBL,596,639,596,626.1,259886,162386822.7
2021-11-15,LBBL,613.6,671.9,613.6,660,361029,237982101.2
2021-11-16,LBBL,673,676.2,656,670,272892,182483005.2
2021-11-17,LBBL,675,697,657,657,292680,196199421.8
2021-11-18,LBBL,660,673,640,644,144585,94668148.9
2021-11-21,LBBL,644,665,636.1,649.9,133688,87456658.7
2021-11-22,LBBL,660,662.8,640,643,105944,68471388.3
2021-11-23,LBBL,636,648.7,620.4,630,119489,75283914.9
2021-11-24,LBBL,618,642,610,624.1,87388,54637219.6
2021-11-25,LBBL,630,634,611,613,112947,69656366.1
2021-11-28,LBBL,616,616,580,581,137134,81745288.1
2021-11-29,LBBL,590,607,577.1,585,106292,62437856.3
2021-11-30,LBBL,596,607.9,575,590,71441,41650396
2021-12-01,LBBL,600,600,581.2,583,61732,36495654.7
2021-12-02,LBBL,594.6,594.6,561.1,562,63512,36161804.9
2021-12-05,LBBL,573.2,573.2,539,544,78949,43230026.4
2021-12-06,LBBL,553,565,524,563.9,144255,78390866.7
2021-12-07,LBBL,574,586,542,544,85318,48203017
2021-12-08,LBBL,549,550,520,524,65507,34767798
2021-12-09,LBBL,533,533,510,524,103959,53984139.6
2021-12-12,LBBL,519,520,485,485.5,131123,65803878.1
2021-12-13,LBBL,422,442,406,413,138847,57811099.4
2021-12-14,LBBL,421,451,416.5,451,40225,17565589.6
2021-12-15,LBBL,460,468,435,448,161402,73093240.2
2021-12-16,LBBL,439.1,448,424,426,47636,20622035.9
2021-12-20,LBBL,434.5,439,414,420,30313,12817681.5
2021-12-21,LBBL,425,435,415,430,47486,20231735.6
2021-12-22,LBBL,438.6,458.8,430,457,75390,33819586.6
2021-12-23,LBBL,466.1,468,441.1,451,74536,34006761.4
2021-12-26,LBBL,456,465,446,453,79223,36089623
2021-12-27,LBBL,461,461,427,429.9,86428,37957307.7
2021-12-28,LBBL,438,448,422,437,55587,24245227
2021-12-29,LBBL,445.7,445.7,427,430.2,37355,16232734.3
2022-01-02,LBBL,435,456.9,430,456,82207,36448928.5
2022-01-03,LBBL,456,479.5,451,470,111032,51959215.8
2022-01-04,LBBL,478,507,461,495,110308,53492440.3
2022-01-05,LBBL,495,508,485,486.7,105798,52134929.5
2022-01-06,LBBL,479,500,479,498,92490,45445688
2022-01-09,LBBL,507,540,507,528,128189,67477186.2
2022-01-10,LBBL,538,541,519,529.1,169708,90105720
2022-01-11,LBBL,534,550,526,547,117698,63348320.5
2022-01-12,LBBL,555,555,525,526.5,131829,70684109.2
2022-01-13,LBBL,517,546,517,545.1,114198,61233680
2022-01-16,LBBL,556,577,550.1,564,140732,79497444.5
2022-01-17,LBBL,564,573,542,561.5,92177,51516017.1
2022-01-18,LBBL,561.5,562,540,545,133975,74059311.7
2022-01-19,LBBL,550,554,533,533,73950,39891543
2022-01-20,LBBL,533,561,533,560,102523,55834176.5
2022-01-23,LBBL,571,571,539,548,80881,44485226.4
2022-01-24,LBBL,540,543,514,519.9,154746,81394000.3
2022-01-25,LBBL,515,533,506,516,75326,39210126.3
2022-01-26,LBBL,518,521,495,503,127688,64411834.1
2022-01-27,LBBL,506,512,500,502,55210,27878380.4
2022-01-30,LBBL,512,543,512,542,124814,66453680.7
2022-01-31,LBBL,542.3,547,526,530,65680,35008527.6
2022-02-01,LBBL,533,544.9,525,539.1,88228,47526253.3
2022-02-03,LBBL,549.8,555,532.1,538,122911,67170910.2
2022-02-06,LBBL,535,540,524,526,52516,27896578.1
2022-02-07,LBBL,530,536.5,524.8,529,33690,17829525.4
2022-02-08,LBBL,539,558,516.1,520,77525,41260520.6
2022-02-09,LBBL,520,523,513.3,519,36267,18750869.1
2022-02-10,LBBL,520,522,510.7,513.5,42870,22105671.3
2022-02-13,LBBL,508,508,485,488.3,95295,47042821.3
2022-02-14,LBBL,478.6,498,478.6,488.9,69233,33814912.3
2022-02-15,LBBL,485,507.9,481,507,85331,41777851.6
2022-02-16,LBBL,506,509.9,491,496,50971,25363203.3
2022-02-17,LBBL,487,499,487,491,23643,11613289.3
2022-02-20,LBBL,482,488,473,479.1,60264,28969569.2
2022-02-21,LBBL,478.1,489,478,482.2,36417,17572829
2022-02-22,LBBL,491,499.5,490,494,36006,17802799.5
2022-02-23,LBBL,498,498.7,488,488,26306,12911217.6
2022-02-24,LBBL,482.3,484,471,472,56336,26816475.3
2022-02-27,LBBL,480,480,462.1,473,42374,19979263.1
2022-02-28,LBBL,482,489,461.1,464,37769,17687896.1
2022-03-02,LBBL,460,464,443,445,60171,27122648
2022-03-06,LBBL,453.9,459,440,455,58081,26123950.6
2022-03-07,LBBL,464.1,464.1,448,450,45021,20397825.3
2022-03-09,LBBL,454,454,434,438,36436,16018695.7
2022-03-10,LBBL,430.1,461,430,460,36941,16605289.5
2022-03-13,LBBL,468,484,463,480,86004,40900094.9
2022-03-14,LBBL,485,488.8,470,482.9,37225,17941379.6
2022-03-15,LBBL,483,490,475,490,77681,37457876
2022-03-16,LBBL,482,490,476.5,482,39663,19073162.4
2022-03-20,LBBL,485,489.9,475.5,475.5,32884,15788776.4
2022-03-21,LBBL,475.5,493,469.1,490,57326,27472431.5
2022-03-22,LBBL,493.5,503,486,498,60688,30084159.5
2022-03-23,LBBL,493,499.8,487,494,49137,24186067.8
2022-03-24,LBBL,494,500,483,484.4,40255,19690608.3
2022-03-27,LBBL,475.2,481,461.7,470,44696,21066894.5
2022-03-28,LBBL,470,474,452.9,452.9,42587,19623645.1
2022-03-29,LBBL,456,463,445.1,454,32700,14761429.3
2022-03-30,LBBL,454,476,449,476,34136,15827681.6
2022-03-31,LBBL,480,480,455.3,460,46276,21490143.9
2022-04-03,LBBL,460,460,450,457.9,32234,14603182.7
2022-04-04,LBBL,451,464,450,450.5,19366,8788150
2022-04-05,LBBL,451,451,435,442,50736,22340805.4
2022-04-06,LBBL,436,447,433.3,440,28195,12336288.6
2022-04-07,LBBL,446,454,439.1,450,43248,19333400.4
2022-04-11,LBBL,459,465,444.1,444.1,36317,16393631.5
2022-04-12,LBBL,436.1,446,430.1,438,32051,13974612.8
2022-04-13,LBBL,438.9,447,430.4,440,31562,13904566.2
2022-04-17,LBBL,440,446,433,433,14810,6497647.3
2022-04-18,LBBL,430,441,425,427,26044,11120146.7
2022-04-19,LBBL,425,435.5,420,432,13003,5563572.4
2022-04-20,LBBL,432,435,418,419,14782,6308208.3
2022-04-21,LBBL,418,424,406.7,420.8,33663,14011141.8
2022-04-24,LBBL,428.9,456,420,445.1,38752,16945294.3
2022-04-25,LBBL,452,455,432.1,432.1,38233,17013626.8
2022-04-26,LBBL,424,444,424,427.2,15691,6781261.8
2022-04-27,LBBL,426,448.4,425,443,45226,19751004.7
2022-04-28,LBBL,450,451.6,431.3,436.8,39334,17454580
2022-05-02,LBBL,429,433,421,426,27667,11775799.4
2022-05-04,LBBL,420.1,431,410.1,414,37956,15797457.9
2022-05-05,LBBL,406,413,395,396.2,59856,24012543.2
2022-05-08,LBBL,396.2,415,384.2,415,29207,11493568.6
2022-05-09,LBBL,408,421,403,408,25658,10610343.3
2022-05-10,LBBL,400,422,400,420,29656,12393882.8
2022-05-11,LBBL,420,434.8,417,430,38739,16548223.1
2022-05-12,LBBL,434.8,441,423,425.5,27688,11952053.3
2022-05-17,LBBL,419,423,405,407,19652,8092396.6
2022-05-18,LBBL,401,419,400,406.7,25158,10194682.7
2022-05-19,LBBL,410,416,399,401.1,28500,11491142.2
2022-05-20,LBBL,398.1,407.8,395,395,17469,6985631.9
2022-05-23,LBBL,395,395,385,388.9,24165,9390827.4
2022-05-24,LBBL,396,402,386,396.8,16787,6684097.5
2022-05-25,LBBL,404,412,394.5,400,17849,7133728.5
2022-05-26,LBBL,392,405,392,395,7382,2938144.6
2022-05-27,LBBL,400,400,389,390,11770,4617723.9
2022-05-30,LBBL,391,391,374.6,374.6,44396,16871704.1
2022-05-31,LBBL,370.6,383,370,373.9,26908,10060909.8
2022-06-01,LBBL,375,379,371.7,378,13267,4978870.8
2022-06-02,LBBL,380,384,372,376,12850,4840759.6
2022-06-03,LBBL,375,379,362,370,38573,14238670.5
2022-06-06,LBBL,375,377,367,369,31528,11710958.2
2022-06-07,LBBL,370,373,355,355,27063,9765636.9
2022-06-08,LBBL,360,380,355,372,44612,16515306.2
2022-06-09,LBBL,375,377,356,356,37739,13869088.3
2022-06-10,LBBL,351.3,370,350,355,17459,6242794.3
2022-06-13,LBBL,347.9,362.1,347.9,356,9142,3245858.7
2022-06-14,LBBL,356,357,344,346.1,17469,6096010.4
2022-06-15,LBBL,341,351,333.3,341,26860,9118706.5
2022-06-16,LBBL,336,359,336,345,18099,6238968.8
2022-06-17,LBBL,349,349,339.1,339.1,4110,1405645
2022-06-19,LBBL,335,336,328,330,18313,6063903.9
2022-06-20,LBBL,323.4,324,311.7,315,46090,14581902.9
2022-06-21,LBBL,309,334,308.7,327,29247,9419516.1
2022-06-22,LBBL,320.5,322,313,315.5,27519,8714096.5
2022-06-23,LBBL,310,310,299,300.1,32068,9688208.5
2022-06-24,LBBL,295,318,290.1,307,24343,7350169.1
2022-06-26,LBBL,313,337.5,310,336,69038,22570821.7
2022-06-27,LBBL,340,341.9,323.1,325,41734,13950763.1
2022-06-28,LBBL,318.5,326.4,316,317,17911,5732795.1
2022-06-29,LBBL,311.2,341,311.2,337,57396,18917813.7
2022-06-30,LBBL,341,362,334.1,360,57773,20336598
2022-07-01,LBBL,363,365,350.1,351.1,33934,12140824.6
2022-07-03,LBBL,345,374,345,365,42482,15209875.1
2022-07-04,LBBL,370,382,350,360,108253,40106188.6
2022-07-05,LBBL,353,370,345,352,60796,21547867.6
2022-07-06,LBBL,349,358,335,355,62733,21786343.2
2022-07-07,LBBL,360,368,343,346,37061,13085821.9
2022-07-08,LBBL,349.2,349.2,330,330.1,36211,12203067.1
2022-07-11,LBBL,324,325.1,310,314.9,71293,22638919.6
2022-07-12,LBBL,321,329.4,310,315,52363,16549824.3
2022-07-13,LBBL,321,338.6,316,338,51519,17020345
2022-07-14,LBBL,344,350,332,344,52442,17887188.2
2022-07-15,LBBL,340.1,347.7,337,341,21063,7218634.5
2022-07-17,LBBL,340,346,338.1,338.1,20902,7139633.6
2022-07-18,LBBL,335.2,345,333,339,21072,7160868
2022-07-19,LBBL,344,352,342,346.9,42464,14723038.4
2022-07-20,LBBL,350,352,340,348.9,28436,9862795.6
2022-07-21,LBBL,343,348.9,341,344,29369,10106143.9
2022-07-22,LBBL,344,344,333,336.9,22199,7504486.7
2022-07-24,LBBL,343.6,364,337,363,106034,36840928.4
2022-07-25,LBBL,367.9,388,363,383.3,110228,41528759.4
2022-07-26,LBBL,385,386.5,367,370,103568,38972222.1
2022-07-27,LBBL,377.4,384,361,381,72714,27012226.2
2022-07-28,LBBL,385,408,378.4,395,156135,61330552.8
2022-07-29,LBBL,396,433,392,429.9,223452,93403844.4
2022-07-31,LBBL,430,440,422.4,425.1,116539,50251848.3
2022-08-01,LBBL,433.6,440.6,417,440,154461,65946648.2
2022-08-02,LBBL,446,446,425.5,442,144698,62940868.4
2022-08-03,LBBL,443,450,435,442,107918,47758952.8
2022-08-04,LBBL,433.2,440,422,422,171857,73915738
2022-08-05,LBBL,425,433,413,414.2,112496,47200696.5
2022-08-07,LBBL,414,427,411,425,54221,22843400.5
2022-08-08,LBBL,425,430,413,415,61956,25989795.4
2022-08-09,LBBL,417,419,394,398,110883,44689548
2022-08-10,LBBL,392,405,391,396.1,68344,27310891.3
2022-08-11,LBBL,396,403.8,385,386,41530,16365928.3
2022-08-14,LBBL,383.1,398,376,379,49064,18916270.7
2022-08-15,LBBL,373.4,407,373.4,407,87010,34480151.2
2022-08-16,LBBL,410,418,391.5,391.5,85120,34516279.7
2022-08-17,LBBL,399.3,408,390,399.9,49795,19929086.6
2022-08-18,LBBL,407.8,420,399.7,414,67396,27734200.8
2022-08-21,LBBL,422.2,422.2,405,407.1,52660,21804141.5
2022-08-22,LBBL,412,412,397,404,36124,14583944
2022-08-23,LBBL,404,411,400,400,26210,10530803.2
2022-08-24,LBBL,407,412,400,402.3,46549,18725914.1
2022-08-25,LBBL,407,409,394.2,395,49487,19776991.2
2022-08-26,LBBL,391,396.9,387,390,48250,18826009.8
2022-08-28,LBBL,386.1,391,375,378,89440,34015937.2
2022-08-29,LBBL,374.1,386.9,373.1,382,34754,13234428.3
2022-08-30,LBBL,389.6,390,381.2,385,25859,9978173.5
2022-08-31,LBBL,385.1,387.6,375,379,21612,8185071.5
2022-09-01,LBBL,380,387.5,369,377,33994,12774334
2022-09-02,LBBL,377,382.5,372,376.8,14343,5385805.3
2022-09-04,LBBL,379,391.7,379,390,40107,15434487.6
2022-09-05,LBBL,388,395.7,381,381,27820,10737406
2022-09-06,LBBL,381,382,372.4,374,26779,10066247
2022-09-07,LBBL,374,375,368,369,22908,8496716.3
2022-09-08,LBBL,368.1,380.4,366,377,25819,9665428.4
2022-09-11,LBBL,373,379.9,369,369,18703,6984810.7
2022-09-12,LBBL,370,373,367,369,28700,10606857.6
2022-09-13,LBBL,375,381,367.5,375,26582,10007108.4
2022-09-14,LBBL,380,406,378.1,393.1,62436,24416770.6
2022-09-15,LBBL,400,400,372,372,101938,38954575.5
2022-09-16,LBBL,369,377,358.8,370,39940,14747849.3
2022-09-18,LBBL,371.2,371.2,360,360.2,42626,15492363
2022-09-20,LBBL,360,365,348,349,55645,19630568.9
2022-09-21,LBBL,354,364,350.3,354,42331,15142450.8
2022-09-22,LBBL,358,362,349,350,20166,7123569
2022-09-25,LBBL,344,348,336.2,343.4,21880,7514061.1
2022-09-27,LBBL,348,355,341,346,29106,10099498.3
2022-09-28,LBBL,351,351,338,341,30520,10483489.5
2022-09-29,LBBL,339,350,339,345,25865,8886777.2
2022-10-09,LBBL,350,371,350,369,35633,12847097.6
2022-10-10,LBBL,372,376,354,357,57775,20939383.5
2022-10-11,LBBL,354,359,346,357,21640,7631692.6
2022-10-12,LBBL,360,367,350,365,45512,16484394.3
2022-10-13,LBBL,367,373.8,361.2,369,46228,17020513.3
2022-10-16,LBBL,370.5,372,360,363,29218,10645972.2
2022-10-17,LBBL,364,367,357.7,360,9505,3435390.9
2022-10-19,LBBL,360,360,350,350,31002,10940569.6
2022-10-20,LBBL,345.4,354.5,345.3,351.5,15955,5585094.6
2022-10-23,LBBL,348,360,348,356,15489,5498649.8
2022-10-31,LBBL,348.9,354,343.6,346.9,25626,8875290.7
2022-11-01,LBBL,350,359.5,340.4,357.9,25628,9094186.7
2022-11-02,LBBL,361,367,353.8,363,42189,15269150.2
2022-11-03,LBBL,363,370,353,357.5,23079,8323485.9
2022-11-06,LBBL,358,367,355,365,26841,9768316.8
2022-11-07,LBBL,365,374.5,362.1,366,47105,17348461.8
2022-11-08,LBBL,366,373,361.1,364.9,36898,13511723.8
2022-11-09,LBBL,360.1,365,350,353,49998,17758272.1
2022-11-10,LBBL,360,360,342.3,344.8,38200,13227161.9
2022-11-13,LBBL,344,349.9,340.1,342,14776,5080696.2
2022-11-14,LBBL,342,351,341.9,348.6,22094,7658711.9
2022-11-15,LBBL,355,355.4,340,341,18536,6423625.3
2022-11-16,LBBL,347.8,353.3,345,345,15542,5435046.6
2022-11-17,LBBL,350,357,350,356,16596,5891920.2
2022-11-22,LBBL,363.1,363.1,342.1,343.1,47500,16526905.7
2022-11-23,LBBL,345,345,336.6,340,31321,10621554
2022-11-24,LBBL,340,342,335.3,337,31838,10761831.3
2022-11-27,LBBL,341,344,336,341.8,30328,10343904.9
2022-11-28,LBBL,348,348.6,336.3,339,27318,9310206.7
2022-11-29,LBBL,344,344,334.7,342.4,17943,6088864.9
2022-11-30,LBBL,348,348,336.3,337,15467,5240710.8
2022-12-01,LBBL,336,340,336,336.1,19249,6507524.7
2022-12-04,LBBL,342.7,342.7,335,336.5,18167,6176130.4
2022-12-05,LBBL,341.9,341.9,329,329.1,27352,9110214.7
2022-12-06,LBBL,326,328.1,322.6,325.1,13638,4443408.2
2022-12-07,LBBL,322,325,320,324,14799,4765431
2022-12-11,LBBL,321,322,315,315.5,14596,4628721.9
2022-12-12,LBBL,314,322,312,322,15860,5053500.7
2022-12-13,LBBL,322,323.5,316,316,12113,3877254.9
2022-12-14,LBBL,314,322,314,317,3937,1251622
2022-12-15,LBBL,315.1,318,309,314,29505,9225668.9
2022-12-18,LBBL,314,314,307.8,310,16252,5022589.1
2022-12-19,LBBL,310,315.2,309.1,314,7513,2347776.8
2022-12-20,LBBL,314,316.7,310.1,313,15144,4727017.6
2022-12-21,LBBL,308.1,318,308.1,313,22755,7119523.7
2022-12-22,LBBL,311,314.8,307.2,314.7,14194,4431914.9
2022-12-26,LBBL,319.9,338.4,318,338.4,65410,21266674.4
2022-12-27,LBBL,345,352.5,335,347,104119,36103821.1
2022-12-28,LBBL,337,343,325,333,36900,12409572.2
2022-12-29,LBBL,330,348,329.3,345.3,47548,16221759.4
2023-01-01,LBBL,347,353,336,337.5,86304,29724878.2
2023-01-02,LBBL,335,345,335,342,36272,12390190.8
2023-01-03,LBBL,342,351.9,338.2,338.4,38682,13249316.2
2023-01-04,LBBL,339,356,336.1,356,42504,14791411.3
2023-01-05,LBBL,363.1,369,350,360,89637,31817125
2023-01-08,LBBL,360,372,352.8,360,89845,32451596.3
2023-01-09,LBBL,363,374.9,358.7,373,75352,27894022.5
2023-01-10,LBBL,378,392,363.3,364,161808,61287174.9
2023-01-12,LBBL,371.2,382,359.5,359.5,157810,58390944.2
2023-01-17,LBBL,364,375,360.8,373.5,54164,19960733.6
2023-01-18,LBBL,380,393.7,375,382,210896,81437335.8
2023-01-19,LBBL,389,389,376.3,380,56043,21358751.1
2023-01-23,LBBL,380,381,362,364,54989,20406125
2023-01-24,LBBL,365,369.9,357.7,367,33301,12044024
2023-01-25,LBBL,369,382,368,372.2,54777,20668723.2
2023-01-26,LBBL,379,379,365.1,376.9,38893,14403190.4
2023-01-29,LBBL,384.4,384.4,366,366.2,32567,12023885
2023-01-30,LBBL,367,367,356,358.7,56989,20522330.6
2023-01-31,LBBL,353,363.5,352,354,34553,12289532.1
2023-02-01,LBBL,351.3,360.8,351.3,359,24096,8585034.8
2023-02-02,LBBL,354,360,350.1,350.1,33949,11982003.5
2023-02-05,LBBL,356,362,349,352,19628,6972315.1
2023-02-06,LBBL,350,354.9,348,350.5,10170,3570202.4
2023-02-07,LBBL,352,368,352,367,24298,8820694.9
2023-02-08,LBBL,374.3,375,361,366,33697,12423464.2
2023-02-09,LBBL,365,372,363,372,30718,11330581.3
2023-02-12,LBBL,365,366,356,359.9,35054,12640118.5
2023-02-14,LBBL,359.9,362.8,353,358.9,20490,7299093.5
2023-02-15,LBBL,352,366,350,354,23853,8407024
2023-02-16,LBBL,351,355,347,348,29880,10449014.4
2023-02-20,LBBL,343,350,341.2,345,16007,5496952.5
2023-02-22,LBBL,345,353,343,347.3,33912,11852184.4
2023-02-23,LBBL,343.1,349.9,341,343.2,28633,9859572.6
2023-02-26,LBBL,336.5,347.8,332.2,347.8,26135,8833338.9
2023-02-27,LBBL,353.3,353.3,332,343.8,18993,6454874.5
2023-02-28,LBBL,337.2,348.9,337.2,342,4309,1473846.3
2023-03-01,LBBL,336.1,342,336,336,8381,2829701.3
2023-03-02,LBBL,335,335,328,333.8,14136,4670646.1
2023-03-05,LBBL,338,339,327.5,328,17364,5733902.2
2023-03-07,LBBL,334,339,327.5,335,10076,3358515.4
2023-03-09,LBBL,340,350,339,350,14768,5076514.7
2023-03-12,LBBL,354,354,338,341.9,14800,5097339.2
2023-03-13,LBBL,339,341.6,333.3,337.9,4102,1378288.6
2023-03-14,LBBL,335,340,333,337.2,13189,4436048.7
2023-03-15,LBBL,333.1,338,331.4,337.8,11710,3903777
2023-03-16,LBBL,336,337,326,332,16846,5546350.2
2023-03-19,LBBL,330,332,329,329.1,9518,3140718.8
2023-03-20,LBBL,335,335,330,334.5,10328,3432089.1
2023-03-22,LBBL,336,336,329.1,329.1,8501,2821608.2
2023-03-23,LBBL,334,334,324,328.9,6662,2176598.8
2023-03-26,LBBL,327,327,318,321.5,10246,3305134.6
2023-03-27,LBBL,321.5,331,318.1,331,20672,6707347.6
2023-03-28,LBBL,331,338,326.3,330,15761,5230721.4
2023-03-29,LBBL,324,330,324,326.1,3410,1113917.2
2023-03-30,LBBL,327,332,324,324,11158,3641607.6
2023-04-02,LBBL,327,330,320.8,322,4256,1385243.3
2023-04-03,LBBL,319,322,319,319.2,6242,1997641.1
2023-04-04,LBBL,325,325,316.5,318.4,7506,2393748.4
2023-04-05,LBBL,320,324.3,315,317,8456,2691449.9
2023-04-06,LBBL,316.2,320,316,316,4785,1517652.4
2023-04-09,LBBL,311,314,307,307,19730,6117256
2023-04-10,LBBL,313,313,305,305,15616,4791279.7
2023-04-11,LBBL,305,317,305,315,7606,2378249.4
2023-04-12,LBBL,321,335.5,317.2,334,34276,11168154.6
2023-04-13,LBBL,340,342.9,324,325,23178,7645358.7
2023-04-16,LBBL,321,330.9,321,323.2,7898,2570038
2023-04-17,LBBL,324,325,318.2,321.9,4619,1482244.6
2023-04-18,LBBL,317.1,322,316.3,318,7144,2276531.9
2023-04-19,LBBL,324.3,324.3,318,323.9,5459,1753350.3
2023-04-20,LBBL,330.3,331,325,328,29005,9525209.9
2023-04-23,LBBL,324,327,324,324.3,12902,4198902.9
2023-04-24,LBBL,326,330,325,328,5388,1768090.9
2023-04-25,LBBL,328,335,326.8,334,13067,4332679.9
2023-04-26,LBBL,330.1,336.5,327.4,333,9743,3230564.5
2023-04-27,LBBL,332,333.9,327,330,4376,1442358.1
2023-04-30,LBBL,331,331,320,321,7906,2559489.7
2023-05-02,LBBL,327,330,322.1,325,12795,4160785
2023-05-03,LBBL,325,330,324,330,8746,2853519.1
2023-05-04,LBBL,329,333,327,332,5787,1909982.7
2023-05-07,LBBL,329.2,331.9,320.4,329,5915,1940477.3
2023-05-08,LBBL,323.5,328,323.5,326,5559,1806827.1
2023-05-09,LBBL,327,332.4,326.1,331.7,4307,1417045
2023-05-10,LBBL,329,336,325.1,335.3,10437,3462955.1
2023-05-11,LBBL,334.9,334.9,327.4,327.4,3426,1125312.2
2023-05-14,LBBL,327,329,321.8,323,10146,3288762.9
2023-05-15,LBBL,316.7,329.3,316.7,329.3,6948,2271789.2
2023-05-16,LBBL,325,330,324,328,6127,2005687.3
2023-05-17,LBBL,327,336,326,330.6,20039,6656014.9
2023-05-18,LBBL,331,343,326.4,343,23183,7839350.4
2023-05-21,LBBL,345.7,348,337,341.9,16999,5824211.2
2023-05-22,LBBL,340,343.4,334,342,22152,7513578
2023-05-23,LBBL,342,354,342,353.5,32919,11550088.5
2023-05-24,LBBL,346.7,356.4,346.7,353,18740,6586360.5
2023-05-28,LBBL,359.8,359.8,343,345.9,23562,8227796.4
2023-05-30,LBBL,342,344.6,333.4,333.4,33996,11456559.6
2023-05-31,LBBL,328.9,337.6,327,328,14610,4835092.6
2023-06-01,LBBL,326,333.3,320,331,23216,7568920.2
2023-06-04,LBBL,335,347.8,331,341,13397,4603177.3
2023-06-05,LBBL,347,347,335,335.4,20071,6840964.7
2023-06-06,LBBL,341,347,335,341.4,13901,4752122
2023-06-07,LBBL,342,351.3,342,348,34482,12015914.7
2023-06-08,LBBL,343.2,353,343.2,353,26499,9264965.4
2023-06-11,LBBL,358,372.1,352,371.9,95734,35021814.5
2023-06-12,LBBL,375.8,377,361,367.9,64255,23653302.3
2023-06-13,LBBL,367,384,362.3,379.5,63725,23953139.3
2023-06-14,LBBL,377.8,383,367,373,82832,31174045.1
2023-06-15,LBBL,368,375,366.4,370,32708,12103033.5
2023-06-18,LBBL,370,381,365.1,375.1,50703,19051148.4
2023-06-19,LBBL,378,409,378,409,124884,48531580
2023-06-20,LBBL,405,416,392,394,178884,72806943.5
2023-06-21,LBBL,395,397,380.4,384.9,58665,22749342.9
2023-06-22,LBBL,385,392.5,377.5,380,54374,20807596.2
2023-06-25,LBBL,387.6,412,386,405,128598,51768162.1
2023-06-26,LBBL,409,422,402,422,186671,76732144.7
2023-06-27,LBBL,425,430,420.1,424,99517,42336737.2
2023-06-28,LBBL,430,430,411,412,89118,37083710.2
2023-07-02,LBBL,415.1,417,394,394.9,103791,41885979.7
2023-07-03,LBBL,393.1,404,390.3,394.9,74561,29566249.9
2023-07-04,LBBL,402,404,391,395,28165,11107863.1
2023-07-05,LBBL,400,400,382,386,61064,23804078.4
2023-07-06,LBBL,380.1,392,380,387,30900,11901270.1
2023-07-09,LBBL,393,399,390,395,30527,12022070.4
2023-07-10,LBBL,397,405,390,393,67451,26780394.4
2023-07-11,LBBL,393,416,393,407,111588,45520791.6
2023-07-12,LBBL,414,421,411,412,55635,23101215.5
2023-07-13,LBBL,419,420,405.3,405.3,46624,19246565.8
2023-07-16,LBBL,410,415.8,405,413,47334,19400194.1
2023-07-17,LBBL,414.9,435,406,434,104134,44403613.9
2023-07-18,LBBL,435,441.9,424.9,427,95976,41368608.9
2023-07-19,LBBL,426,436.7,420.5,430,150547,64756205.1
2023-07-20,LBBL,433,433,425,426.5,47255,20233044.4
2023-07-23,LBBL,429,454,426.2,451,157522,69218223.5
2023-07-24,LBBL,452,452,431.2,434.5,89304,39185380.1
2023-07-25,LBBL,439.9,439.9,420,423,59886,25488399.6
2023-07-26,LBBL,425,435,419,419.1,53374,22617390.9
2023-07-27,LBBL,425,428.4,412,415,60518,25367211
2023-07-30,LBBL,420,420,401,407,51896,21056695
2023-07-31,LBBL,413,413,405,411.5,54479,22310035.6
2023-08-01,LBBL,419,419,397,400,60382,24604866.7
2023-08-02,LBBL,400,405,397,405,30955,12397026.6
2023-08-03,LBBL,411,413.5,403.6,403.7,23821,9742758.6
2023-08-06,LBBL,405,407,385,390,57026,22380948.5
2023-08-07,LBBL,397,406.9,388.1,395.5,44109,17583780.1
2023-08-08,LBBL,402,403,392.1,395,31134,12351803.3
2023-08-09,LBBL,394,410,392,410,30725,12323514.4
2023-08-10,LBBL,406,416.1,400.3,410,35779,14718033.7
2023-08-13,LBBL,414,417,406,409.3,28311,11676232.3
2023-08-14,LBBL,416,416,404,407.7,28419,11550949.9
2023-08-15,LBBL,407.7,407.7,397,397.2,34320,13795622.3
2023-08-16,LBBL,403.9,406.5,393.3,397,32730,13126992.4
2023-08-17,LBBL,404.9,410,400,400.4,29969,12145197.7
2023-08-20,LBBL,405,406,395,395,15870,6346209.8
2023-08-21,LBBL,397,404.9,393.2,396,32171,12796076.4
2023-08-22,LBBL,401,403,393.2,403,19615,7841740.2
2023-08-23,LBBL,409.9,409.9,400.9,405,12903,5227677.5
2023-08-24,LBBL,413,413,393,395,24810,9868174.9
2023-08-27,LBBL,388.5,395,388.5,392,20428,7981830.1
2023-08-28,LBBL,399.8,399.8,389,393.7,25601,10031246.6
2023-08-29,LBBL,398,398,390,391,16107,6307790.5
2023-08-30,LBBL,397,397,390.1,392,16917,6642408.4
2023-09-03,LBBL,391.9,391.9,383.1,384,26914,10382244.2
2023-09-04,LBBL,382,391.5,378,385,15500,5958644.3
2023-09-05,LBBL,386,391.5,381,388,7809,3027964.3
2023-09-07,LBBL,387.9,387.9,378,380.5,22966,8754212.1
2023-09-10,LBBL,384,388,381,385.3,14205,5470553.3
2023-09-11,LBBL,382,399,382,396,28005,11045440.4
2023-09-12,LBBL,399,399,388.5,388.5,20152,7877861.9
2023-09-13,LBBL,396,400,389,397,21797,8629046.9
2023-09-17,LBBL,390,397.8,383.2,384,16980,6592629.9
2023-09-18,LBBL,391,391,384.2,390,17575,6844257.6
2023-09-19,LBBL,397,397,386,396.9,10679,4198759.5
2023-09-21,LBBL,404,415,399,411,123132,50394047.5
2023-09-24,LBBL,410,416,404.9,407.3,33273,13641616.7
2023-09-25,LBBL,405,410,403,408.9,29177,11817005.5
2023-09-26,LBBL,414.9,414.9,407,408,13862,5676076.5
2023-09-27,LBBL,404,405,398,399,20544,8229098.1
2023-10-01,LBBL,399,399.1,389,390,34704,13584228.1
2023-10-02,LBBL,390,400,390,400,30346,12075370.1
2023-10-03,LBBL,407,407,388.1,390.1,15241,5970497.2
2023-10-04,LBBL,397,404.9,392.5,394,12448,4928454.2
2023-10-05,LBBL,391,396,391,391,10772,4226802.6
2023-10-08,LBBL,386,390,382,383,26774,10312125.9
2023-10-09,LBBL,385.9,391,380.6,383.2,32094,12361207.9
2023-10-10,LBBL,380.4,388,379.8,380,22477,8556205.7
2023-10-11,LBBL,380,385,375.1,380,9701,3694094.4
2023-10-12,LBBL,387,387,370.1,375,23705,8926245.2
2023-10-16,LBBL,375,377.5,368.6,372.9,10052,3741972.8
2023-10-17,LBBL,380,380,370.5,373,17549,6556470.4
2023-10-18,LBBL,378,389,376,380,20013,7641373.9
2023-10-19,LBBL,385,385,378,381.6,3073,1171073
2023-10-29,LBBL,379,379.4,372,373.3,5822,2184662.3
2023-10-30,LBBL,368,375.9,368,375.9,9384,3496114.2
2023-10-31,LBBL,373.1,375.9,369.2,372.7,10163,3763806.8
2023-11-01,LBBL,366.2,380,366.2,374,6744,2509712
2023-11-02,LBBL,368.1,370,367,367.2,13978,5155496
2023-11-05,LBBL,369,369,362,362,21162,7695673.7
2023-11-06,LBBL,369,372.8,363.5,371,12607,4648361
2023-11-07,LBBL,366,381.9,366,381.9,19387,7348954.5
2023-11-08,LBBL,378,381,373.4,376.5,7179,2707715.6
2023-11-09,LBBL,371,377.9,371,374,2660,994487.1
2023-11-20,LBBL,375,386,371,377.9,21050,7965295.1
2023-11-21,LBBL,385,385,371.4,374,16021,5970696.1
2023-11-22,LBBL,370.9,378.9,370.5,378.9,5625,2101899.5
2023-11-23,LBBL,384.9,396,377.1,396,23847,9181199.7
2023-11-26,LBBL,392,400,391,398,24124,9537207.9
2023-11-27,LBBL,397,403,390.2,396.5,27301,10764667
2023-11-28,LBBL,399.6,399.6,388.6,392,26285,10303496
2023-11-29,LBBL,385.4,392.9,385,385.1,10376,4009449
2023-11-30,LBBL,392.8,392.8,380,388.9,15103,5793295
2023-12-03,LBBL,382,387.9,378,379.2,9497,3617452.5
2023-12-04,LBBL,379,386,379,380,13151,5033377.7
2023-12-05,LBBL,386,387.6,377,379.9,7601,2900225.8
2023-12-06,LBBL,387.4,387.4,375,381.6,14918,5645981.9
2023-12-07,LBBL,375,384.5,375,379,20922,7963414.5
2023-12-10,LBBL,386.5,408,386.5,408,1150,464441
2023-12-11,LBBL,415,415,392.2,398,55621,22226301.3
2023-12-12,LBBL,391,404.4,383.2,397.9,111328,43990742
2023-12-13,LBBL,394,413,394,402.5,58062,23457887.3
2023-12-14,LBBL,401.9,407.9,401,402,36661,14836518.1
2023-12-17,LBBL,394,407.8,388.1,407.8,41036,16485811.9
2023-12-18,LBBL,415.8,424,409,415,87741,36562389.9
2023-12-19,LBBL,415,422,403,416.8,48331,19840334.6
2023-12-20,LBBL,418,430,418,427,93587,39799263.9
2023-12-21,LBBL,419,425,408,408,50222,20806470.3
2023-12-24,LBBL,415,415,400,410,51896,21177929.1
2023-12-27,LBBL,408,410,398.1,402,50100,20183120.7
2023-12-28,LBBL,405,408,400,400,23851,9604754.9
2024-01-01,LBBL,408,414,401,402,45505,18372176.1
2024-01-02,LBBL,387,390,380.3,381,17507,6739900.5
2024-01-03,LBBL,380,387,376,383.9,17423,6636527.3
2024-01-04,LBBL,391,391.4,383.4,383.4,35292,13567454
2024-01-07,LBBL,389.8,389.8,375.8,378,24487,9266085.3
2024-01-08,LBBL,381.9,384.9,377,384,29549,11246732.6
2024-01-09,LBBL,388,410,386.1,404,62708,25127968.8
2024-01-10,LBBL,412,415,399,401.1,39874,16205476.4
2024-01-11,LBBL,401.1,401.1,395,395.1,27779,11041238.7
2024-01-14,LBBL,402.9,408,402.9,403,23363,9472275.3
2024-01-16,LBBL,411,419,405,416,69027,28537308
2024-01-17,LBBL,419,440.6,415,420,184930,79228791.2
2024-01-18,LBBL,419,426.9,414,424.1,73157,30927587.8
2024-01-21,LBBL,424.1,424.9,409,414,97025,40407777.4
2024-01-22,LBBL,410.1,414.9,402,404,38166,15590775.8
2024-01-23,LBBL,400.4,410,400.3,404,21993,8872369.1
2024-01-24,LBBL,410.5,410.5,397.1,402,58907,23654580.7
2024-01-25,LBBL,401,404,400,402.5,20514,8234083.2
2024-01-28,LBBL,394.5,410.9,394.5,406.7,24125,9833928.2
2024-01-29,LBBL,406,412,402,406,24849,10084950.1
2024-01-30,LBBL,400.5,412,400.5,409,24582,10029049.8
2024-01-31,LBBL,407,410,394,397.9,30628,12287637.7
2024-02-01,LBBL,400,400,392.7,393.9,17385,6852275.2
2024-02-04,LBBL,391,397.9,391,392.5,11893,4674807.7
2024-02-05,LBBL,400.3,400.3,392.4,393,13794,5438157.1
2024-02-06,LBBL,393,400,393,396,13964,5557721.4
2024-02-07,LBBL,395,403,395,400.1,22138,8865777.2
2024-02-08,LBBL,403,406,397,400,12490,5021375
2024-02-11,LBBL,402,410,399,399,18681,7516652.1
2024-02-12,LBBL,400,403,398,401,9044,3621453.3
2024-02-13,LBBL,395.1,398.7,391.1,392,21671,8530082
2024-02-14,LBBL,397.8,415,395.1,404,36885,14993916.4
2024-02-15,LBBL,409,409,397.2,398,7880,3156138.8
2024-02-18,LBBL,391.4,397,391.4,394,10165,3998684.8
2024-02-20,LBBL,392,398,392,395.9,18390,7274085.3
2024-02-21,LBBL,402.9,407.9,393,393,13093,5206169.6
2024-02-22,LBBL,393,400,385.1,387,14242,5574891
2024-02-25,LBBL,382.5,389,381.1,384,23890,9175036.6
2024-02-26,LBBL,388,388,378.5,385,7918,3025342
2024-02-27,LBBL,385,389.9,378,383,6893,2634452.8
2024-02-28,LBBL,386,386,376.1,376.5,12462,4722953
2024-02-29,LBBL,375,378,372.1,372.1,22989,8594255.8
2024-03-03,LBBL,368,378.6,365,371,10123,3736829.3
2024-03-04,LBBL,378,393.2,378,393.2,870,338315
2024-03-05,LBBL,395,398,375.2,380,28877,11035957.5
2024-03-06,LBBL,384.9,388,373.2,378,15785,6010695.7
2024-03-07,LBBL,385.5,393,380,385,4738,1815672.7
2024-03-10,LBBL,391.7,399,386.1,386.1,14924,5848705
2024-03-12,LBBL,393.8,399.6,388,392.1,15545,6116692.9
2024-03-13,LBBL,399,400,392.1,397,32462,12918494.4
2024-03-14,LBBL,403.9,403.9,390.1,390.1,17662,6947583.4
2024-03-17,LBBL,397,400.9,385,390,21082,8301151
2024-03-18,LBBL,390,399.9,390,394,13347,5274237.9
2024-03-19,LBBL,397,400,386.2,386.2,12853,5059907.5
2024-03-20,LBBL,392,392,384.6,388,16302,6298230
2024-03-21,LBBL,394,395,385.5,389,21349,8275578.4
2024-03-25,LBBL,385.1,387,381,384.1,9165,3510473.8
2024-03-26,LBBL,384,388,380,381,8355,3197886.6
2024-03-27,LBBL,381.1,385,374,374,13431,5070901.1
2024-03-28,LBBL,380,380,372.4,377,13316,4997157.4
2024-03-31,LBBL,383.7,383.7,370.1,371,15612,5824005.1
2024-04-01,LBBL,370,375,366.7,369.7,11365,4209158.8
2024-04-02,LBBL,370,377,368,377,18520,6856724.2
2024-04-03,LBBL,371.1,374,370,373,6509,2422622
2024-04-04,LBBL,380,380,368,369,14032,5208468.1
2024-04-07,LBBL,369,382,367.1,381.6,22808,8560085.6
2024-04-09,LBBL,383.2,388.9,382,383.1,17513,6738741
2024-04-10,LBBL,384.1,385,371,379,15064,5666195.8
2024-04-14,LBBL,381,381,373,374,12052,4522801.3
2024-04-15,LBBL,379.9,379.9,369,369.2,7180,2665063.5
2024-04-16,LBBL,376.5,376.5,366,368,15930,5879215.9
2024-04-18,LBBL,375,375,364.1,365.1,4563,1667412.3
2024-04-21,LBBL,366,370,363,369,7835,2870471.3
2024-04-22,LBBL,374.9,375,362,367,9388,3421507
2024-04-24,LBBL,365,371,363.8,363.8,9255,3400149.7
2024-04-25,LBBL,365,371.8,362.1,364,19619,7177529.1
2024-04-28,LBBL,371.2,377.4,361,375,21662,8002448.6
2024-04-29,LBBL,382.4,382.4,373,378,21053,7978332.1
2024-04-30,LBBL,379.9,402.7,379.9,394,121224,48008134.6
2024-05-02,LBBL,399.9,401.8,380.5,380.5,38399,14918367.5
2024-05-05,LBBL,387.9,387.9,371,374.8,38109,14311323.4
2024-05-06,LBBL,370,379.4,368,377,34284,12762493
2024-05-07,LBBL,377,381.8,372,372,26431,9902479.1
2024-05-08,LBBL,379.4,379.4,369.1,372,14929,5540302.2
2024-05-09,LBBL,372,379,370,375,13861,5171304.6
2024-05-12,LBBL,382,382,371.7,377,14676,5539408.3
2024-05-13,LBBL,374.5,380,370.2,377,23947,8985246.8
2024-05-14,LBBL,375.1,383.6,372,381,24439,9234002.2
2024-05-15,LBBL,388.6,388.6,375,376.4,11654,4408579.4
2024-05-16,LBBL,372.2,378.9,371,372,10935,4098283.8
2024-05-19,LBBL,379.4,385.5,372.2,385,37623,14321429.4
2024-05-20,LBBL,385,396.8,385,387,113878,44587015.9
2024-05-21,LBBL,392.9,394,387,390,26677,10433045
2024-05-22,LBBL,393,395,387,391.1,49890,19535367.6
2024-05-26,LBBL,385,392.7,384,388.7,41420,16119748.8
2024-05-27,LBBL,387.9,390,383.4,387.9,23569,9129243.3
2024-05-29,LBBL,392,392,381,384,16450,6326945
2024-05-30,LBBL,387,387,376.5,379,20474,7731282.3
2024-06-02,LBBL,375,383,375,380,38026,14425811.5
2024-06-03,LBBL,378.2,384.9,378.2,381,35896,13720162
2024-06-04,LBBL,382,390,382,386.3,25546,9871485.3
2024-06-05,LBBL,386,386,383,384,26314,10127849.1
2024-06-06,LBBL,384,385,376,380,16860,6430761.8
2024-06-09,LBBL,374.5,382,374.2,379,30186,11435585.1
2024-06-10,LBBL,378,383,375,379,31550,11922771.7
2024-06-11,LBBL,380,387,378.3,386.5,16816,6465887.4
2024-06-12,LBBL,389.9,389.9,383.3,384,18947,7315743.6
2024-06-13,LBBL,391.6,403,375,388,91641,35526086
2024-06-16,LBBL,388,390,381,384,24696,9515011.3
2024-06-18,LBBL,380,384,377,383.9,30167,11436141.5
2024-06-19,LBBL,379.2,383.5,377.5,382,26317,9955527.8
2024-06-20,LBBL,377,384,377,378.8,18227,6908674.3
2024-06-23,LBBL,378,379,374.2,375,11704,4401837.8
2024-06-24,LBBL,372,382,372,382,22748,8623934.3
2024-06-25,LBBL,382,388.5,382,382.5,16952,6517921.8
2024-06-26,LBBL,376.2,382.9,376.2,378,9804,3713785.2
2024-06-27,LBBL,375.1,379,372,374,21655,8090824.2
2024-06-30,LBBL,367,375,367,370.2,13956,5208129.9
2024-07-01,LBBL,370,377.5,370,377,18959,7116107.9
2024-07-02,LBBL,384.5,400,377,384,31930,12322868.5
2024-07-03,LBBL,377.1,397.4,377.1,390,37731,14699728.8
2024-07-04,LBBL,396,412.9,395,403,177984,72021276.1
2024-07-07,LBBL,404.1,410,403.1,405.1,90618,36835827.6
2024-07-08,LBBL,405,408,396,402,66866,26781042.2
2024-07-09,LBBL,404.9,418,404.9,416.8,105010,43330290.4
2024-07-10,LBBL,419,419,410.1,412,45419,18785731.1
2024-07-11,LBBL,418.9,418.9,413.6,414,120221,49917906.3
2024-07-14,LBBL,422.2,430,415,420.7,65207,27470336.1
2024-07-15,LBBL,420.7,421.5,413.5,416.6,120326,50064155.6
2024-07-16,LBBL,415,435.5,413.1,435,117296,50116190.3
2024-07-17,LBBL,443,465,438.2,462,177159,79732807.2
2024-07-18,LBBL,463,483,460,462.5,219625,103266308.2
2024-07-21,LBBL,464,475.2,452,465,223689,104803354.6
2024-07-22,LBBL,474,474,457.2,467.9,102653,47737554.6
2024-07-23,LBBL,462,494,460.1,482,129330,62237208.3
2024-07-24,LBBL,491,491,465,474,167819,80189350.4
2024-07-25,LBBL,472,478,457,469.7,96242,45075156.4
2024-07-28,LBBL,477,500,467.1,488,120789,58119666
2024-07-29,LBBL,496,496.8,472,473,133991,63991862.8
2024-07-30,LBBL,470,483.8,463,478,108608,51433213.4
2024-07-31,LBBL,487.5,501,480.5,492.5,239547,118584683.7
2024-08-01,LBBL,493,502,480.2,484,189387,93009717.1
2024-08-05,LBBL,484,500.8,476.2,487,191168,92872320.9
2024-08-06,LBBL,486,494,461.1,462,157473,74277969.5
2024-08-07,LBBL,460,487,460,479,98968,47101197.6
2024-08-08,LBBL,481,493,475,477,120056,58058867.3
2024-08-11,LBBL,480,495,477,494,159698,78056404.2
2024-08-12,LBBL,500.9,525.8,495,517.4,332398,170032243.4
2024-08-13,LBBL,527.7,534.9,509,510,234433,121770458.6
2024-08-14,LBBL,519,545,506.5,531.2,287156,149757464.9
2024-08-15,LBBL,540,550,535,535.5,160203,86417606.1
2024-08-18,LBBL,540,540,511,511,222914,116190712.3
2024-08-21,LBBL,520,520,504,508,102900,52569739.4
2024-08-22,LBBL,500,555.9,500,529,286404,154638212.5
2024-08-25,LBBL,539.5,539.5,521,524.5,228054,120125066.3
2024-08-27,LBBL,520,530,510,512,235239,121981701.4
2024-08-28,LBBL,522,529,510,510,141222,73407010.4
2024-08-29,LBBL,518,520,505.2,515.1,99542,51031923.3
2024-09-01,LBBL,505,519,498,500,68564,34765629
2024-09-02,LBBL,510,518,495.5,515,94621,48124614.6
2024-09-03,LBBL,517,528,510,523.1,178193,92222936.6
2024-09-04,LBBL,525,536,500.8,510,130220,67877567.2
2024-09-05,LBBL,500.1,512,496.1,510,58475,29400464.3
2024-09-08,LBBL,506,513,500,500,56493,28545533.6
2024-09-09,LBBL,495.3,503,482.4,489.9,70764,34816104.2
2024-09-10,LBBL,496,496,481.1,486,40731,19787252.8
2024-09-11,LBBL,486,486,472,479.9,44197,21094113.2
2024-09-12,LBBL,471.4,495,471,495,37922,18433661.6
2024-09-15,LBBL,492,499.8,471,488.5,44415,21499713.8
2024-09-16,LBBL,486,486,466,478,27876,13213988.7
2024-09-18,LBBL,470,482.4,461,479,31725,14993598
2024-09-22,LBBL,488.5,488.5,466,478,19864,9400640.7
2024-09-23,LBBL,478,478.4,460,468,35348,16382862.4
2024-09-24,LBBL,470,470,439,448,29419,13312878.9
2024-09-25,LBBL,456.9,456.9,439,454,14743,6602992.3
2024-09-26,LBBL,456,459,437,446,35349,15773248.4
2024-09-29,LBBL,437.2,449,435.1,443,31366,13795391.1
2024-09-30,LBBL,451,455,442.2,453.9,20205,9070324.6
2024-10-01,LBBL,453,477,453,474,30210,14196373.6
2024-10-02,LBBL,474.1,480.9,469,476,52549,24887899.1
2024-10-06,LBBL,472,487,467,486.2,20116,9677462.7
2024-10-07,LBBL,494.5,495,483,486,30040,14725759.8
2024-10-08,LBBL,485,486,474,482,16436,7914088.6
2024-10-09,LBBL,475,485,472.4,479,7144,3410887.8
2024-10-15,LBBL,487.5,492,480,492,10431,5078976.9
2024-10-16,LBBL,495.8,501.8,494,500.9,19869,9912954.1
2024-10-17,LBBL,510.9,510.9,491.2,495,32692,16368413.8
2024-10-20,LBBL,490,491,481.9,483,28148,13654370.4
2024-10-21,LBBL,482,483,473.4,473.4,17701,8413618.2
2024-10-22,LBBL,480,482.8,469,479.8,13976,6593194.7
2024-10-23,LBBL,478,485,475,475,10825,5180644.5
2024-10-24,LBBL,467.5,484.5,466.2,478.9,27155,12909029.4
2024-10-27,LBBL,471.5,477,470,473,6362,3014286.7
2024-10-28,LBBL,482.4,482.8,474.1,476,10580,5066966.7
2024-10-29,LBBL,466.5,488,466.5,484,14628,7083285.2
2024-10-30,LBBL,486.2,491,481,481,19430,9436169.1
2024-11-05,LBBL,475.2,489,475.1,483,10035,4814845.4
2024-11-06,LBBL,477,490.6,476,482,22071,10659366
2024-11-10,LBBL,491.5,499,484,497.9,39126,19265952.9
2024-11-11,LBBL,493.3,506.9,492.4,499.9,42663,21420052
2024-11-12,LBBL,496,504.8,495,499,22452,11219919.1
2024-11-13,LBBL,502.8,511,491.1,506.9,34941,17506732.1
2024-11-14,LBBL,502.3,514,502.2,507.3,47729,24283098.4
2024-11-17,LBBL,512,537,510,515,62633,32320892.5
2024-11-19,LBBL,522.9,535,502.1,502.2,55656,28321429.3
2024-11-20,LBBL,505,514,495.1,511,37390,18998390.3
2024-11-21,LBBL,521,521.2,500.1,510.9,47204,24146025.9
2024-11-24,LBBL,501,510,493,493,20496,10251206.5
2024-11-25,LBBL,490,499,488.2,493,20892,10314000.6
2024-11-26,LBBL,502.8,504,494,497,22090,11027200.8
2024-11-27,LBBL,493.3,509.9,493.3,508.8,30117,15165118.7
2024-11-28,LBBL,515,523,505,508.9,97272,50073250
2024-12-01,LBBL,499.9,540,498,535,251306,132002539.2
2024-12-02,LBBL,545.7,560,535.1,542,383045,210248916.4
2024-12-03,LBBL,552,552.8,531.2,542,93236,50239774.5
2024-12-04,LBBL,552.8,552.8,520.1,524,70811,37568721.4
2024-12-05,LBBL,513.6,540,507,509,109448,56358554.1
2024-12-08,LBBL,515,524,495.1,501,90588,45894195.2
2024-12-09,LBBL,491,520,491,498,42885,21367132.2
2024-12-10,LBBL,502,505,492.6,495,42399,21060932.4
2024-12-11,LBBL,499,507,490.2,507,122066,61103026.9
2024-12-12,LBBL,498,512.9,494,494,51281,25669152.4
2024-12-16,LBBL,500,500,481,486,70204,34177147.2
2024-12-17,LBBL,487,489,484,486.4,24281,11809327.9
2024-12-18,LBBL,496.1,500,481.1,482.4,19672,9600598.8
2024-12-19,LBBL,478,489,473.1,485,29869,14335059.7
2024-12-22,LBBL,487.8,487.9,474.1,481,26503,12710196.4
2024-12-23,LBBL,481,484,472,484,21416,10239773.2
2024-12-24,LBBL,481,499,480.2,488,25541,12536985
2024-12-26,LBBL,488,497,477.4,481,18952,9149656.2
2024-12-29,LBBL,485,485,473.7,473.7,35894,17161664.8
2024-12-31,LBBL,464.3,471,455,464,65302,30171623.9
2025-01-01,LBBL,473,473,464,472,23495,10945512.5
2025-01-02,LBBL,481.4,491,470.7,480,38162,18342318.3
2025-01-05,LBBL,462,471,460,465,14929,6979997
2025-01-06,LBBL,470,499,464.6,475,42561,20208841.4
2025-01-07,LBBL,482,482,470,474,15189,7201218.6
2025-01-08,LBBL,466.1,483.4,466.1,478,22393,10649295.8
2025-01-09,LBBL,487,487,460.2,466,45879,21502174.1
2025-01-12,LBBL,475.3,494.4,457,463,31284,14436936.6
2025-01-13,LBBL,454.1,463.1,453.1,456,32369,14785476.7
2025-01-15,LBBL,457.7,465,447.1,461.5,31246,14341348.9
2025-01-16,LBBL,465,488,452.3,459.8,23114,10571107.1
2025-01-19,LBBL,468.9,487,451.2,483,35483,16431307.8
2025-01-20,LBBL,473.4,473.4,456,461,62760,29067366.3
2025-01-21,LBBL,458.1,465,446,449.9,79089,35675045.5
2025-01-22,LBBL,458,464,446.9,464,77654,35094877.8
2025-01-23,LBBL,473,482,452.1,457.9,26655,12278826.5
2025-01-26,LBBL,465,466.9,441,446.9,70525,31417075.2
2025-01-27,LBBL,440,450,440,445,41155,18270699.2
2025-01-28,LBBL,440.3,460,440.3,455.1,59031,26834871.8
2025-02-02,LBBL,464,471.5,455.1,468,60746,28353222.2
2025-02-03,LBBL,459.2,475,459.2,461.7,73154,34221985.4
2025-02-04,LBBL,469.8,469.9,459.2,465,27414,12664151.2
2025-02-05,LBBL,458,467,457,464,25012,11505920.7
2025-02-06,LBBL,473,473,455,459,37057,17007616.1
2025-02-09,LBBL,450.1,460,446,447,35792,16201233.5
2025-02-10,LBBL,444,471,444,452,43922,19719662.1
2025-02-11,LBBL,455,458,445,454,14619,6599152.8
2025-02-12,LBBL,461.7,461.8,451,458,28423,12946377
2025-02-13,LBBL,466,476.4,448.2,454,20453,9233715.3
2025-02-16,LBBL,447.6,454,440,450,49985,22372884
2025-02-17,LBBL,459,459,432.2,455,42004,19015969.8
2025-02-18,LBBL,462.9,462.9,448.8,458,50504,22935517.7
2025-02-20,LBBL,460.9,460.9,450,454,28749,12979872
2025-02-23,LBBL,445,461,437.7,456,42783,19371530.2
2025-02-24,LBBL,464.9,464.9,451,456.5,33324,15115370.7
2025-02-25,LBBL,447.4,460,447.4,453.8,16172,7300925.4
2025-02-27,LBBL,460,462,451.1,459.9,44999,20510204.7
2025-03-02,LBBL,465,476.8,460,476.8,46119,21603967.3
2025-03-03,LBBL,480,481.3,463.1,466,35108,16518098.2
2025-03-04,LBBL,456.7,484,456.7,472,131066,61890496.6
2025-03-05,LBBL,472,479.9,463.1,470,53659,25213521.5
2025-03-06,LBBL,467.1,480.1,467.1,479,48474,23077226.2
2025-03-09,LBBL,477,477,465.3,469,28338,13330518.5
2025-03-10,LBBL,472,475,459.1,459.2,17239,8015944
2025-03-11,LBBL,468,483.3,453,466.9,138764,65880812.5
2025-03-12,LBBL,476.2,483,459.1,463,135906,64011719.4
2025-03-16,LBBL,462.2,467,454.9,459,34117,15640380
2025-03-17,LBBL,459,460,450,456,48207,21872194.3
2025-03-18,LBBL,465.1,465.1,447,448.9,27524,12418183.9
2025-03-19,LBBL,452,452,440,440,48341,21412156.2
2025-03-20,LBBL,439,444.7,424.6,436.41,68550,29730165.1
2025-03-23,LBBL,437,438,421,422.13,49120,21016740.9
2025-03-24,LBBL,415,430,414,423.76,31336,13222885.8
2025-03-25,LBBL,424.9,425,412.1,412.56,35373,14683408.6
2025-03-26,LBBL,420.8,421,410,417.68,19098,7943526.2
2025-03-27,LBBL,418,425,413,423.5,36535,15335145.6
2025-03-30,LBBL,426,434.9,424,428.95,32653,14015248.8
2025-04-01,LBBL,430,430,421.4,424.82,16615,7051297.6
2025-04-02,LBBL,428,428,423.5,424.49,21690,9222172.5
2025-04-03,LBBL,428,430,422,423.83,26900,11472666.6
2025-04-07,LBBL,418.3,425.9,415,417.53,20067,8395124.4
2025-04-08,LBBL,410,425,410,414.84,29860,12367965
2025-04-09,LBBL,406.6,431,406.6,422.1,11657,4928785.9
2025-04-10,LBBL,417,429.9,417,425.44,15826,6742072.5
2025-04-13,LBBL,429.5,429.5,417.1,421.41,5703,2405531.5
2025-04-15,LBBL,424,433,417.3,427.09,32068,13676506.3
2025-04-16,LBBL,434,434,419,423.94,12953,5492793.1
2025-04-17,LBBL,421.2,433.6,421.2,430.09,47140,20101737.6
2025-04-20,LBBL,430,430,398.6,411.65,89576,36871459.4
2025-04-21,LBBL,412,413.9,404.1,409.87,50414,20624255.4
2025-04-22,LBBL,406,410,402,402.55,37721,15274020.6
2025-04-23,LBBL,397.1,403.9,395,395.7,68175,27132550.6
2025-04-24,LBBL,395,402,387.9,389.4,107817,42165910.4
2025-04-27,LBBL,383.3,398,383.3,390.16,44251,17310081.6
2025-04-28,LBBL,393.2,393.5,384,384.77,48812,18808943.2
2025-04-29,LBBL,378,387,378,382.04,37308,14285061.5
2025-04-30,LBBL,382.3,383,379,379.9,33621,12785293.8
2025-05-04,LBBL,385,387.9,380.1,383.93,26401,10118942.9
2025-05-05,LBBL,376.5,390.5,376.5,388.72,50570,19603943.7
2025-05-06,LBBL,381,399,381,393.63,41786,16329840.9
2025-05-07,LBBL,390,413,385.8,409.09,65855,26492672.9
2025-05-08,LBBL,410,417.2,396,414.99,85660,35355612.6
2025-05-11,LBBL,420.2,450,419.1,442.18,190943,83057211.3
2025-05-13,LBBL,451,469.9,450,460.86,391735,181303351.3
2025-05-14,LBBL,465,490,458.1,480,742738,354172132.8
2025-05-15,LBBL,470.4,489,465.5,470.78,336917,160847280.1
2025-05-18,LBBL,474,485,452,457.89,400186,187853793.3
2025-05-19,LBBL,448.8,468.9,448.8,463.71,181195,83265502.1
2025-05-20,LBBL,454.6,487,454.6,478.69,246390,117098230.1
2025-05-21,LBBL,488.2,493,458,459.95,344131,162380743.6
2025-05-22,LBBL,452,469,452,459.5,168521,77461800.6
2025-05-25,LBBL,452,464.8,445,448,102626,46545210.4
2025-05-26,LBBL,456.9,466,442.1,444.31,125362,56346090.5
2025-05-27,LBBL,443,463,440,450.36,108463,49288910.9
2025-05-28,LBBL,445,465.9,445,460.97,116257,53011403.2
2025-06-02,LBBL,470.1,472,460,462.02,178173,83220456.9
2025-06-03,LBBL,453,468.3,453,457.38,95884,44055198.3
2025-06-04,LBBL,450.1,464,450.1,452.63,81669,37160308.1
2025-06-05,LBBL,445.1,459.9,442,444.45,101206,45302141.5
2025-06-08,LBBL,450,455,435.6,439.8,92391,40749210.5
2025-06-09,LBBL,432.2,445,432.2,438.24,95513,42017979.8
2025-06-10,LBBL,443.9,458,440.6,454.74,128339,57881396
2025-06-11,LBBL,445.7,462,443.3,446.01,97331,43895095.4
2025-06-12,LBBL,447.5,452.8,440,443.8,115160,51180173.9
2025-06-15,LBBL,452,452,440.4,440.94,74765,33123121.5
2025-06-16,LBBL,432.6,449,432.6,434.49,128252,56183556.8
2025-06-17,LBBL,432.9,441.9,432.9,435.27,35206,15367194.7
2025-06-18,LBBL,435,447.7,432.3,437.38,65753,28831785.9
2025-06-19,LBBL,437,445,430,433.05,103606,45015194
2025-06-22,LBBL,424.4,446.7,418,420.2,59673,25392772.8
2025-06-23,LBBL,413,428,413,421.61,25744,10796765.2
2025-06-24,LBBL,422.2,429,417,418.39,20579,8653766.3
2025-06-25,LBBL,413.9,426.7,413.9,422.93,29261,12292699.2
2025-06-26,LBBL,421,426,415.2,416.7,47651,20006170.5
2025-06-29,LBBL,415,426,413.2,423.64,34232,14407837.8
2025-06-30,LBBL,430,438.6,425,430.48,62455,27016298.5
2025-07-01,LBBL,428.5,440,428.5,435.95,39369,17060896
2025-07-02,LBBL,443,455,434,446.85,75984,33841646.6
2025-07-03,LBBL,448.9,459,441.5,444.4,87208,39216153.8
2025-07-06,LBBL,443,450,436.1,438.32,42651,18845906
2025-07-07,LBBL,438.5,443.8,431.1,431.65,30807,13413401.3
2025-07-08,LBBL,430,434.9,427.3,429.47,38815,16658656.7
2025-07-09,LBBL,438,444,429.3,431.43,24532,10603020.9
2025-07-10,LBBL,440,448.8,434,442.44,86537,38444970
2025-07-13,LBBL,451.2,460,444.1,453,130918,59369420.5
2025-07-14,LBBL,447,455,446.3,447.37,68332,30729281.5
2025-07-15,LBBL,455,455,446.5,452.36,77190,34968989.3
2025-07-16,LBBL,458,484,456,480.69,723255,342570559.9
2025-07-17,LBBL,490.3,500,475.3,492.67,282273,138070770.9
2025-07-20,LBBL,493,517,486.1,510.38,712130,362797453.7
2025-07-21,LBBL,500.2,554,500.2,549.69,779835,421784910.9
2025-07-22,LBBL,555,566,546,553.02,466880,260367222.8
2025-07-23,LBBL,564,564,542.1,550.55,486239,266196883.1
2025-07-24,LBBL,558,579,546,572.85,1228837,546527742.1
2025-07-27,LBBL,575,627,575,621.39,1256011,754559279.3
2025-07-28,LBBL,633,645,610,633.81,878200,555356710.8
2025-07-29,LBBL,640,646.3,623.2,635.68,458362,290572313.2
2025-07-30,LBBL,635,643,614,616.83,521491,327902614.8
2025-07-31,LBBL,617,628.8,600,610.66,672260,412750846.8
2025-08-03,LBBL,605,633,605,625.93,614665,381269261.4
2025-08-04,LBBL,613.5,638,612.4,614.96,457428,285342037.5
2025-08-05,LBBL,627.2,627.2,578.1,581.77,380973,226821952.8
2025-08-06,LBBL,581,592,565.5,567.87,364357,210668110.6
2025-08-07,LBBL,562.1,584.9,562.1,574.56,243764,140738332.8
2025-08-11,LBBL,576,579.8,548.1,551.03,310218,173464495.1
2025-08-12,LBBL,560,569,540,559.88,364104,202642070.1
2025-08-13,LBBL,548.7,575,548.7,560.08,167198,94465568
2025-08-14,LBBL,568.2,569.5,549.2,551.56,187650,104411425.1
2025-08-17,LBBL,546.1,561,531,535.06,216971,118178146.5
2025-08-18,LBBL,539,548.2,531,538.75,161987,87444810
2025-08-19,LBBL,548,551.8,534,535.4,116308,62981829.7
2025-08-20,LBBL,544,546.9,532.1,535.77,113713,61301911.3
2025-08-21,LBBL,531.8,545,531.8,535.41,95376,51193784.7
2025-08-24,LBBL,536.5,543.9,520.9,522.19,112554,59282054.2
2025-08-25,LBBL,522,539,511.8,536.14,203122,107524591.3
2025-08-26,LBBL,533,550,533,548.42,130093,70561259.4
2025-08-27,LBBL,550,579,550,577.1,337230,191458765.6
2025-08-28,LBBL,572,580,550,552.99,309487,173785033.7
2025-08-31,LBBL,550,554.6,526.5,535.38,203508,109394371.3
2025-09-01,LBBL,544.9,544.9,530,540.26,111120,59854620
2025-09-02,LBBL,551,551,533,534.4,93395,50306951.4
2025-09-03,LBBL,525.9,540,525.9,528.32,115314,61155728.2
2025-09-04,LBBL,536.9,536.9,521,528.5,109015,57350363.1
2025-09-07,LBBL,536,548,520,529.53,55765,29776571.2
2025-09-08,LBBL,519,534,519,522.27,126211,66314165.6
2025-09-18,LBBL,511.9,511.9,472,499,38125,18386381.7
2025-09-21,LBBL,489.1,522,482,514.71,344982,173446697.6
2025-09-23,LBBL,512,529,512,519.1,119641,62317373.8
2025-09-24,LBBL,513,526,501.2,511,119181,61158807.9
2025-09-25,LBBL,502.7,510,495,506,136389,68258497.5
2025-09-28,LBBL,514,514,498,503.9,69453,35088239.4
2025-10-07,LBBL,497,503,478.1,485,112530,54813867.5
2025-10-08,LBBL,494.7,494.7,460,466,214608,100525662.8
2025-10-09,LBBL,475,494,473,479.7,153262,73721926.4
2025-10-12,LBBL,481,481,440,454,229774,104846238.1
2025-10-13,LBBL,455,465,445.6,463.5,140104,64071982.3
2025-10-14,LBBL,463.5,468,445,454,77972,35474387.5
2025-10-15,LBBL,447,453,436,449,71917,31913701.1
2025-10-16,LBBL,455,455,435,443.9,72905,32018046.2
2025-10-19,LBBL,440,448,435.5,441.8,35757,15803404.8
2025-10-26,LBBL,433,449,433,449,38357,16962863.2
2025-10-28,LBBL,452,492,452,491,186814,89419454.8
2025-10-29,LBBL,492,505,473,479,281839,139331437
2025-10-30,LBBL,479,505,472,504,178373,88199030.8
2025-11-02,LBBL,503,518,497.1,497.1,236260,120201426.3
2025-11-03,LBBL,498,509,489,493,143701,71195740.3
2025-11-04,LBBL,492.2,500,481.4,482.1,76167,37305664.7
2025-11-05,LBBL,478.3,495.7,476.5,495,99267,48361835.3
2025-11-06,LBBL,504.9,504.9,482,486.8,93474,46124982.7
2025-11-09,LBBL,477.1,477.1,460,464,196579,91758880.3
2025-11-10,LBBL,465,470,449.1,454.9,97245,44433309.6
2025-11-11,LBBL,454.5,459.9,441,450.4,98331,44122578.1
2025-11-12,LBBL,455,455,446,447.3,34233,15380081.2
2025-11-13,LBBL,438.4,460,438.4,452,65070,29486098.1
2025-11-16,LBBL,459.5,459.5,442,446,58391,26072141.6
2025-11-17,LBBL,444,461,444,450.1,94864,43008520.3
2025-11-18,LBBL,453.2,469.5,452.1,458.9,114944,52995488.3
2025-11-19,LBBL,465,465,448,453,66021,29770302.1
2025-11-20,LBBL,444,454,444,447.1,69857,31376293.7
2025-11-23,LBBL,448,467.9,448,466,146758,67630310.3
2025-11-24,LBBL,457,477,457,473.5,123676,58226908.8
2025-11-25,LBBL,482,482,460.6,466,51737,24104927
2025-11-26,LBBL,465.7,472,458.1,463,66512,30838468.3
2025-11-27,LBBL,465,467,455,457,115175,52873148.2
2025-11-30,LBBL,458,460,447.3,449,54645,24733080.9
2025-12-01,LBBL,449,461,447.1,452.5,61734,27998049.9
2025-12-02,LBBL,450,458,450,450,50966,23090259.6
2025-12-03,LBBL,454,458,442,444.9,77423,34664688.8
2025-12-07,LBBL,443,452,441,445,79534,35339174.3
2025-12-08,LBBL,445,452.5,442.3,444.2,53366,23886314.7
2025-12-09,LBBL,450,450.9,445,450.8,86272,38679139.2
2025-12-10,LBBL,441.8,456.9,441.8,450,73125,32936618.9
2025-12-11,LBBL,450,452,446,448.9,46471,20837444.8
2025-12-14,LBBL,440,456,440,442.5,43198,19176645.1
2025-12-15,LBBL,444,448.7,440,446,63687,28284999
2025-12-16,LBBL,450.9,473,446.2,471.9,221803,103044215.2
2025-12-17,LBBL,472,479.8,466,469.8,170021,80527181.4
2025-12-18,LBBL,469,473,461,467.9,82417,38397426.1
2025-12-21,LBBL,465,477,460,474.5,231541,108880659.5
2025-12-22,LBBL,479,490,470,489,214366,103089114.1
2025-12-23,LBBL,489,489,475,479,145724,69640776
2025-12-24,LBBL,475,481,461.9,461.9,84716,39893881.7
2025-12-28,LBBL,468.5,479,464.2,476,101923,48279961.8
2025-12-29,LBBL,476,483,463.1,465,132258,62225435.3
2025-12-31,LBBL,466,474,458,458,84420,39256738.9
2026-01-01,LBBL,463.9,466,457,460,91145,42103223.1
2026-01-04,LBBL,456.2,464.9,453,455,80260,36745408.3
2026-01-05,LBBL,446,486,446,486,266832,126445832.4
2026-01-06,LBBL,495.6,502,482,487,196325,96400359.1
2026-01-07,LBBL,491,492,471.1,474,90646,43437264.5
2026-01-08,LBBL,479,480,469,474.4,100927,47903542.2
2026-01-12,LBBL,476.1,493,476.1,488,257595,125351266.5
2026-01-13,LBBL,490.1,505,489.2,496.5,317450,158284986.2
2026-01-14,LBBL,486.6,502,486.1,486.8,162085,79986891.4
2026-01-18,LBBL,487,509,487,495,337956,168647156
2026-01-20,LBBL,504.8,515,502,506,253034,128855098.8
2026-01-21,LBBL,515,515,495.1,500,222816,111982981.1
2026-01-22,LBBL,500,500,491,498,169497,83847521.7
2026-01-25,LBBL,488.1,525,488.1,523,307178,158543155.2
2026-01-26,LBBL,527.3,530,510,515,251990,130645888.5
2026-01-27,LBBL,523.7,555,500,505,400663,206958949.3
2026-01-28,LBBL,505,514.9,492.3,500.5,175432,87816144.2
2026-01-29,LBBL,508.9,508.9,486,486,249106,123096253.5
2026-02-01,LBBL,483,490,478,484,149155,72094196.2
2026-02-02,LBBL,484.1,490,483.8,486,106224,51654301.3
2026-02-03,LBBL,490,490,474,474,96035,46014482.3
2026-02-04,LBBL,481,483.4,473.1,480,109659,52223009.9
2026-02-05,LBBL,482.9,486.9,475,485,83073,40093410.4
2026-02-08,LBBL,493.8,493.9,479,480,76440,36993415.5
2026-02-09,LBBL,480,485,470.5,473,87812,41638784.5
2026-02-10,LBBL,482,492,467.1,472,65123,30616360.6
2026-02-11,LBBL,477,480,467.1,471,45891,21699219.4
2026-02-12,LBBL,480.4,487,470,476.9,81436,38770716
2026-02-16,LBBL,485.9,485.9,476,483,57040,27379218.4
2026-02-17,LBBL,478.3,478.3,472,474,70127,33278208.1
2026-02-22,LBBL,468.2,470,458.2,460,88565,40975820.3
2026-02-23,LBBL,460,467.5,459,464,42913,19789618
2026-02-24,LBBL,469.5,473,463,472,23070,10796413
2026-02-25,LBBL,471,472,465.3,467.8,61540,28824752.1
2026-02-26,LBBL,466,471.5,464,470,46435,21740835.4
2026-03-01,LBBL,465,474.9,461,474.9,42909,20156757
2026-03-03,LBBL,469,484.8,469,484.8,44008,21132504.9
2026-03-09,LBBL,494.4,524,494.4,524,15805,8225604
2026-03-10,LBBL,524,525,498.9,514.5,275342,139906588.9
2026-03-11,LBBL,505,515,492,495,110877,55643587.6
2026-03-12,LBBL,504,507.8,493,505.7,111838,55997832.2
2026-03-15,LBBL,497,512,495.7,504,102918,51657788.7
2026-03-16,LBBL,504,511.9,486.1,496,139340,68702993.5
2026-03-17,LBBL,495,497,487.2,496.8,77845,38514363
2026-03-19,LBBL,506,522.2,495,516.9,245321,125451996.8
2026-03-22,LBBL,522.9,535,518.6,528,351509,185385766.3
2026-03-23,LBBL,528,535,516.1,525,158252,82517002.6
2026-03-24,LBBL,535.5,539,522.1,535,207868,110044851.4
2026-03-25,LBBL,540,544.8,514,519,167124,87241724.5
2026-03-26,LBBL,510,524,505,524,122932,63415241.2
2026-03-29,LBBL,514,522,504,507,159663,81412767
2026-03-30,LBBL,506.9,511,496,498,147711,74179256.2
2026-03-31,LBBL,488.3,507.7,488.3,501.5,93798,46632522.5
2026-04-01,LBBL,500,500,482,486,73383,35944808.2
2026-04-02,LBBL,480,494.6,477,488,108526,52582119
2026-04-05,LBBL,479,479,465,467,120753,56681830.4
2026-04-06,LBBL,470,490,470,487,79281,38085788
2026-04-07,LBBL,494.9,494.9,479,484.8,64440,31177122.8
2026-04-08,LBBL,490,496,485,496,60881,29834311.6
2026-04-09,LBBL,490.1,507,490,502.9,155473,77490287.2
2026-04-10,LBBL,512,512,495,498,67640,33701564.6
2026-04-13,LBBL,498.9,500,492,496,38948,19258038.4
2026-04-15,LBBL,495,505,492.1,499.8,127286,63749734.6
2026-04-16,LBBL,500,508,495,504.9,178052,89374061
2026-04-17,LBBL,504.9,507,495,502.7,87082,43495739.4
2026-04-20,LBBL,502,503.9,493,493,32925,16317608
2026-04-21,LBBL,498,498,485.1,486,35525,17409330.4
2026-04-22,LBBL,485,495.4,476.1,494,54767,26424159
2026-04-23,LBBL,495,495,481.2,490,12842,6238807.9
2026-04-24,LBBL,480,490,480,487,31837,15408568.9
2026-04-27,LBBL,487,492,478,486,29199,14204198.1
2026-04-28,LBBL,486,491.9,485,487,36855,17977807.5
2026-04-29,LBBL,487,491,480,491,42662,20681479.8
2026-04-30,LBBL,490,494,480.1,492,33166,16138911.3
2026-05-04,LBBL,504,504,485.1,485.3,45100,22044996.6
2026-05-05,LBBL,497.6,497.6,482.7,491,37177,18108826.3
2026-05-06,LBBL,496.9,496.9,477.1,484,130387,62809465.2
2026-05-07,LBBL,481,484.9,477,484.9,22282,10716510.1
2026-05-08,LBBL,488,491.5,477.2,490,32046,15654797.7
2026-05-11,LBBL,490.5,496.3,489,492.9,69685,34271803.6
2026-05-12,LBBL,494.5,495,483.4,484.9,77657,37852152.2
2026-05-13,LBBL,483.1,485,478,484.6,16917,8144531.6
2026-05-14,LBBL,480.3,489.9,480.3,481,29865,14423545.2
2026-05-15,LBBL,481,488,480,485,36838,17811747.1
2026-05-18,LBBL,485,487.9,484.2,484.3,16079,7801009.3
2026-05-19,LBBL,486,488,484,487,22130,10760000.3
2026-05-20,LBBL,489.6,491.8,487,491,45981,22484714.6
2026-05-21,LBBL,492,492.3,485,487,26678,13023476.5
2026-05-22,LBBL,484,491.8,484,491,34246,16727245.8
2026-05-25,LBBL,498.1,498.1,491,494.5,40816,20222974.5
2026-05-26,LBBL,498.7,498.9,487.5,490.5,45007,22106331.3
2026-05-27,LBBL,491,493.7,485,490.8,54662,26668484.9
2026-06-01,LBBL,491,496,483,486,29017,14167277.6
2026-06-02,LBBL,491,495,483.1,494,33492,16486411.9
2026-06-03,LBBL,502,505,493,504,99843,50056686.4
2026-06-04,LBBL,508.8,509.2,495,500,84649,42657477.7
2026-06-05,LBBL,505,505,498.1,500,19221,9622598.7
2026-06-08,LBBL,501,501,485,495.9,125457,61252686.4
2026-06-09,LBBL,494,496,487,493,61938,30452323.8
2026-06-10,LBBL,494.2,498,490,493.4,45764,22599362.6
2026-06-11,LBBL,495,495,490,493,25743,12655598.1
2026-06-12,LBBL,492,495.2,491,493,38237,18866360
2026-06-15,LBBL,493,496,491,492.9,21722,10692398.4
2026-06-16,LBBL,485,493,485,487.2,45634,22287201.1
2026-06-17,LBBL,463,499,463,486,28831,14063747.2
2026-06-18,LBBL,485.4,490,483.1,485,29682,14395238.9
2026-06-19,LBBL,490.8,490.8,483.4,486,13061,6344981.7
2026-06-22,LBBL,489.9,497.9,485,485.5,18701,9139915.2
2026-06-23,LBBL,486,487,483.2,486.9,19154,9302395.3
2026-06-24,LBBL,489.6,489.6,476.3,482,45004,21595184.2
2026-06-25,LBBL,487,487,476,479,65764,31452000
2026-06-26,LBBL,477.4,484.9,477.4,479.9,121893,58238684.8
2026-06-29,LBBL,479,479,472.1,477,33789,16058920.5
2026-06-30,LBBL,475,475,472.3,473.9,29360,13911543.6
2026-07-01,LBBL,471,485,470,485,19750,9454499.2
2026-07-02,LBBL,494.9,494.9,476.4,488,19077,9164855.3
2026-07-03,LBBL,480.2,485,480,482.9,35483,17055098.2
2026-07-06,LBBL,459,500,459,478.9,32227,15616288.7
2026-07-07,LBBL,476,483,475,482,19959,9596562.1
2026-07-08,LBBL,484.9,484.9,471,477.5,25335,12026746.5
2026-07-09,LBBL,473.1,479,470,479,47958,22658662.3
2026-07-10,LBBL,484,484,473,477.9,9726,4624977.6
2026-07-13,LBBL,481.3,489,470,470.2,36405,17325488.7
2026-07-14,LBBL,480,480,469.1,479.9,21468,10147355.7
2026-07-15,LBBL,482,485.5,477.2,484,23861,11498896.7
2026-07-16,LBBL,508.2,508.2,474,483.4,31140,14859230.7
2026-07-17,LBBL,485,496,481.4,495,23295,11469817.1
2026-07-20,LBBL,494.9,505,487,500,57160,28544751.2
2026-07-21,LBBL,510,510,491,498,56618,28143614.7
2026-07-22,LBBL,494.2,498,493.5,495.5,37047,18366979.3
2026-07-23,LBBL,491.2,502,491,502,53082,26288817.5
2026-07-24,LBBL,497,515,497,510,137489,69903533
2026-07-27,LBBL,510,514.9,497,502.9,57304,28865297.5
2026-07-28,LBBL,498,504,492.4,499.9,27651,13754331.7
2026-07-29,LBBL,491.1,500.5,491.1,495,36458,18091461
2026-07-30,LBBL,488.3,499.8,488.3,490.2,36940,18131554
2026-07-31,LBBL,488,496,487,496,20417,10072529.1
2026-08-03,LBBL,499,500,494,497,19051,9476913.2
2026-08-04,LBBL,498,506,492,505,111896,55810534.4
2026-08-05,LBBL,505,510,496.1,500,107373,54020835.8
2026-08-06,LBBL,504,504,490,491,94128,46405748.1
2026-08-07,LBBL,486,492,486,491.9,27592,13495687.4
2026-08-10,LBBL,485.1,497,485,485,20953,10184057.6
2026-08-11,LBBL,485.1,491,483,484,26020,12618498.8
2026-08-12,LBBL,485,486,484,485,17555,8507509.2
2026-08-13,LBBL,484.1,488.4,484,487,14585,7103528
2026-08-14,LBBL,487,487,483.5,483.5,23176,11246245.5
2026-08-17,LBBL,483.5,486,481.4,482.9,25863,12490164.4
2026-08-18,LBBL,481,482,476.6,482,23734,11357273
2026-08-19,LBBL,477,482,477,480,15713,7523098.9
2026-08-20,LBBL,480,481,476.4,480,25054,11998716.4
2026-08-21,LBBL,481,481,475,475.1,26089,12448919.7
2026-08-24,LBBL,474.9,476.9,472.1,474.1,21638,10234004.6
2026-08-25,LBBL,476.9,479,473.1,479,9780,4647705
2026-08-26,LBBL,479,479,465,473,96154,45374708.4
2026-08-27,LBBL,462.3,474.9,462.3,473,10037,4723590.5
2026-08-31,LBBL,473,479,466,467.7,17234,8076014.3
2026-09-01,LBBL,479,479,466,468,17278,8081563.1
2026-09-02,LBBL,470,479,466,477.8,14679,6929481.4
2026-09-03,LBBL,473,483.9,470.7,482.8,17558,8416401.9
2026-09-07,LBBL,465,489.2,465,485,28681,13914380.6
2026-09-09,LBBL,480.2,485,472.1,476,18091,8655612.8
2026-09-10,LBBL,470.3,476,470,475,21494,10150121.6
2026-09-11,LBBL,473,479,469.2,479,38716,18240700.7
2026-09-14,LBBL,484.5,486.1,482.4,484,17004,8240585.9
2026-09-15,LBBL,508,508,483,487,47162,22937075.8
2026-09-16,LBBL,484,487,478,483.5,48158,23217966.8
2026-09-17,LBBL,462,493,462,488,87393,42475572.8
2026-09-18,LBBL,465,495,465,493.1,41600,20441794.5
2026-09-22,LBBL,485,497,484,490.8,59865,29365198.2
2026-09-23,LBBL,486.7,490,483,485.9,29729,14418599.6
2026-09-24,LBBL,482.2,489.5,480,484.4,33154,16067288.2
2026-09-28,LBBL,484.4,489.9,480.3,482.1,25187,12184240.6
2026-09-29,LBBL,480.1,481,475.1,476.7,12766,6101014.4
2026-09-30,LBBL,475,479.9,472,474,23437,11106904.9
2026-10-01,LBBL,473,479.8,471,478,16187,7705708.6
2026-10-02,LBBL,480,481.9,475,478,15785,7541333.4
2026-10-05,LBBL,473.1,476,470,473.9,26119,12325200.3
2026-10-06,LBBL,451,480,451,475.9,9348,4427094.9
2026-10-07,LBBL,472.1,477,472.1,476.4,17560,8337811
