date,symbol,open,high,low,close,volume,turnover
2011-04-04,MDB,148,148,148,148,20,2960
2011-04-06,MDB,148,148,148,148,20,2960
2011-04-19,MDB,148,148,148,148,40,5920
2011-04-20,MDB,148,150,147,147,60,8880
2011-04-21,MDB,147,140,140,140,20,2800
2011-04-28,MDB,140,140,138,140,250,34580
2011-05-03,MDB,140,140,140,140,40,5600
2011-05-05,MDB,140,140,138,138,60,8320
2011-05-11,MDB,138,138,136,138,420,57360
2011-05-12,MDB,138,136,136,136,130,17680
2011-05-22,MDB,136,134,132,132,80,10600
2011-05-25,MDB,132,132,132,132,40,5280
2011-05-26,MDB,132,138,134,134,160,21760
2011-05-30,MDB,134,132,132,132,10,1320
2011-05-31,MDB,132,130,130,130,10,1300
2011-06-01,MDB,130,136,136,136,40,5440
2011-06-05,MDB,136,135,135,135,10,1350
2011-06-09,MDB,135,135,135,135,10,1350
2011-07-04,MDB,135,133,131,131,70,9190
2011-07-11,MDB,131,125,121,121,100,12320
2011-07-13,MDB,121,128,127,128,70,8940
2011-07-14,MDB,128,128,128,128,10,1280
2011-07-25,MDB,128,126,126,126,40,5040
2011-07-28,MDB,126,126,126,126,40,5040
2011-08-01,MDB,126,124,122,122,120,14660
2011-08-03,MDB,122,122,120,120,270,32600
2011-08-04,MDB,120,120,120,120,40,4800
2011-08-11,MDB,120,122,122,122,220,26840
2011-08-16,MDB,122,124,120,122,510,62300
2011-08-18,MDB,122,120,112,112,270,31180
2011-08-22,MDB,112,110,101,103,430,44760
2011-08-23,MDB,103,101,99,99,310,31130
2011-08-24,MDB,99,100,98,100,750,74370
2011-08-25,MDB,100,102,100,101,80,8100
2011-08-28,MDB,101,100,99,100,520,51820
2011-08-29,MDB,100,102,101,102,80,8120
2011-08-30,MDB,102,100,100,100,640,64000
2011-09-01,MDB,100,104,99,104,110,11140
2011-09-04,MDB,104,102,101,101,40,4050
2011-09-05,MDB,101,101,100,101,130,13090
2011-09-06,MDB,101,103,103,103,20,2060
2011-09-07,MDB,103,105,102,102,530,54920
2011-09-08,MDB,102,102,100,102,770,78240
2011-09-12,MDB,102,102,100,102,360,36280
2011-09-13,MDB,102,104,102,102,310,31820
2011-09-14,MDB,102,106,104,104,130,13560
2011-09-15,MDB,104,106,103,106,120,12480
2011-09-18,MDB,106,106,102,103,400,41440
2011-09-19,MDB,103,101,101,101,30,3030
2011-09-20,MDB,101,100,100,100,20,2000
2011-09-21,MDB,100,103,102,102,260,26540
2011-09-25,MDB,102,102,101,101,110,11150
2011-10-02,MDB,101,99,99,99,200,19800
2011-10-13,MDB,99,98,98,98,40,3920
2011-10-16,MDB,98,99,99,99,30,2970
2011-10-17,MDB,99,100,99,100,120,11960
2011-10-18,MDB,100,101,100,101,170,17130
2011-10-19,MDB,101,101,101,101,80,8080
2011-10-20,MDB,101,101,101,101,80,8080
2011-10-23,MDB,101,101,101,101,40,4040
2011-10-24,MDB,101,102,100,102,170,17200
2011-10-31,MDB,102,103,103,103,40,4120
2011-11-02,MDB,103,105,104,105,80,8360
2011-11-03,MDB,105,107,106,106,90,9560
2011-11-06,MDB,106,108,107,107,80,8620
2011-11-08,MDB,107,105,105,105,60,6300
2011-11-09,MDB,105,105,105,105,100,10500
2011-11-10,MDB,105,107,102,102,240,25040
2011-11-13,MDB,102,102,102,102,180,18360
2011-11-14,MDB,102,106,104,106,70,7360
2011-11-15,MDB,106,108,108,108,140,15120
2011-11-16,MDB,108,107,107,107,60,6420
2011-11-17,MDB,107,105,105,105,720,75600
2011-11-20,MDB,105,105,104,104,940,98600
2011-11-21,MDB,104,103,103,103,100,10300
2011-11-22,MDB,103,105,103,103,120,12440
2011-11-23,MDB,103,103,102,102,220,22550
2011-11-24,MDB,102,102,102,102,150,15300
2011-11-27,MDB,102,104,103,104,820,85060
2011-11-28,MDB,104,103,103,103,190,19570
2011-12-01,MDB,100,101,100,100,230,23160
2011-12-06,MDB,100,100,99,99,300,29740
2011-12-08,MDB,99,98,98,98,20,1960
2011-12-11,MDB,98,97,96,96,140,13480
2011-12-18,MDB,96,97,97,97,30,2910
2011-12-19,MDB,97,98,93,93,280,26980
2011-12-20,MDB,93,95,94,95,260,24540
2011-12-27,MDB,95,98,96,98,180,17500
2011-12-29,MDB,98,97,96,96,320,30800
2012-01-09,MDB,96,95,95,95,300,28500
2012-01-11,MDB,95,94,93,93,360,33740
2012-01-12,MDB,93,92,91,91,330,30170
2012-01-16,MDB,91,90,89,89,230,20650
2012-01-17,MDB,89,92,90,92,270,24570
2012-01-18,MDB,92,93,91,91,130,11900
2012-01-19,MDB,91,90,90,90,80,7200
2012-01-22,MDB,90,93,91,92,550,50670
2012-01-23,MDB,92,93,93,93,20,1860
2012-01-25,MDB,93,94,93,94,200,18740
2012-01-26,MDB,94,95,94,94,160,15060
2012-01-29,MDB,94,97,95,97,140,13340
2012-01-31,MDB,97,97,95,97,170,16220
2012-02-01,MDB,97,97,96,97,230,22270
2012-02-02,MDB,97,98,96,98,550,53340
2012-02-05,MDB,98,100,98,100,580,57640
2012-02-06,MDB,100,99,99,99,170,16830
2012-02-07,MDB,99,100,99,99,280,27860
2012-02-08,MDB,99,100,98,98,250,24660
2012-02-09,MDB,98,99,99,99,20,1980
2012-02-12,MDB,99,100,98,98,340,33520
2012-02-13,MDB,98,100,99,99,670,66450
2012-02-14,MDB,99,101,100,101,80,8040
2012-02-15,MDB,101,101,98,98,540,53240
2012-02-16,MDB,98,100,99,100,440,43900
2012-02-21,MDB,100,100,99,100,320,31920
2012-02-26,MDB,100,100,98,98,200,19640
2012-02-27,MDB,98,100,98,99,660,64970
2012-02-28,MDB,99,99,97,97,960,94120
2012-02-29,MDB,97,97,97,97,240,23280
2012-03-01,MDB,97,98,98,98,120,11760
2012-03-04,MDB,98,99,98,99,200,19790
2012-03-05,MDB,99,100,99,99,100,9920
2012-03-06,MDB,99,100,99,100,60,5960
2012-03-11,MDB,100,104,102,102,120,12320
2012-03-12,MDB,102,104,104,104,20,2080
2012-03-13,MDB,104,104,104,104,40,4160
2012-03-14,MDB,104,102,102,102,140,14280
2012-03-15,MDB,102,100,100,100,140,14000
2012-03-18,MDB,100,99,98,98,460,45220
2012-03-27,MDB,98,97,95,95,110,10550
2012-03-28,MDB,95,95,94,94,290,27520
2012-03-29,MDB,94,97,95,96,160,15340
2012-04-01,MDB,96,95,95,95,50,4750
2012-04-02,MDB,95,95,95,95,140,13300
2012-04-03,MDB,95,94,94,94,60,5640
2012-04-04,MDB,94,95,94,94,210,19880
2012-04-08,MDB,94,95,94,95,220,20880
2012-04-11,MDB,95,95,94,95,40,3780
2012-04-17,MDB,95,96,96,96,80,7680
2012-04-19,MDB,96,97,97,97,60,5820
2012-04-30,MDB,97,106,98,106,100,10330
2012-05-02,MDB,106,114,108,112,570,62640
2012-05-03,MDB,112,114,114,114,30,3420
2012-05-07,MDB,114,122,116,122,40,4760
2012-05-08,MDB,122,124,124,124,30,3720
2012-05-09,MDB,124,126,122,126,430,53980
2012-05-10,MDB,126,132,126,132,960,122060
2012-05-13,MDB,132,136,128,134,870,115300
2012-05-15,MDB,134,136,136,136,20,2720
2012-05-17,MDB,136,140,138,138,600,83000
2012-05-20,MDB,138,140,138,138,600,83320
2012-05-21,MDB,138,146,136,146,560,76520
2012-05-22,MDB,146,150,148,150,20,2980
2012-05-27,MDB,150,147,147,147,50,7350
2012-06-11,MDB,147,145,133,133,660,88620
2012-06-12,MDB,133,131,120,120,970,117740
2012-06-13,MDB,120,120,118,120,1090,129670
2012-06-14,MDB,120,118,115,116,460,53400
2012-06-17,MDB,116,118,115,115,260,30100
2012-06-18,MDB,115,120,114,120,420,48700
2012-06-19,MDB,120,121,120,121,210,25260
2012-06-20,MDB,121,120,120,120,180,21600
2012-06-21,MDB,120,118,118,118,60,7080
2012-06-25,MDB,118,118,116,116,60,7000
2012-06-26,MDB,116,117,117,117,40,4680
2012-06-27,MDB,117,119,115,119,100,11620
2012-06-28,MDB,119,121,120,120,60,7230
2012-07-01,MDB,120,120,118,120,280,33080
2012-07-02,MDB,120,118,118,118,80,9440
2012-07-03,MDB,118,120,118,118,260,30840
2012-07-05,MDB,118,122,120,122,30,3620
2012-07-09,MDB,122,122,120,122,160,19480
2012-07-10,MDB,122,122,120,120,160,19440
2012-07-12,MDB,120,123,119,119,320,38720
2012-07-15,MDB,119,117,117,117,20,2340
2012-07-16,MDB,117,117,116,117,120,14020
2012-07-17,MDB,117,116,116,116,30,3480
2012-07-18,MDB,116,120,118,120,220,26000
2012-07-19,MDB,120,122,120,122,80,9680
2012-07-22,MDB,122,122,120,121,290,35110
2012-07-23,MDB,121,123,121,123,550,66570
2012-07-24,MDB,123,124,121,121,690,83820
2012-07-25,MDB,121,124,122,122,150,18400
2012-07-26,MDB,122,122,120,122,140,16940
2012-07-30,MDB,122,124,120,124,180,21920
2012-07-31,MDB,124,122,122,122,80,9760
2012-08-01,MDB,122,124,124,124,40,4960
2012-08-05,MDB,124,123,123,123,100,12300
2012-08-06,MDB,123,121,121,121,80,9680
2012-08-07,MDB,121,126,123,126,150,18720
2012-08-08,MDB,126,128,126,127,100,12720
2012-08-12,MDB,127,130,126,130,310,39440
2012-08-13,MDB,130,135,132,133,1030,137490
2012-08-14,MDB,133,134,133,133,270,36090
2012-08-15,MDB,133,131,131,131,40,5240
2012-08-16,MDB,131,133,131,132,260,34320
2012-08-19,MDB,132,134,132,132,50,6680
2012-08-21,MDB,132,130,124,125,620,77860
2012-08-22,MDB,125,126,121,124,2390,292350
2012-08-23,MDB,124,126,122,124,1140,141440
2012-08-26,MDB,124,126,123,124,350,43550
2012-08-27,MDB,124,126,126,126,60,7560
2012-08-28,MDB,126,127,125,125,700,87740
2012-08-29,MDB,125,127,127,127,250,31750
2012-08-30,MDB,127,135,127,135,230,29690
2012-09-02,MDB,135,135,135,135,40,5400
2012-09-03,MDB,135,130,128,128,110,14120
2012-09-04,MDB,128,130,128,128,100,12920
2012-09-05,MDB,128,127,126,126,400,50500
2012-09-06,MDB,126,131,126,131,1800,232800
2012-09-09,MDB,131,133,133,133,20,2660
2012-09-10,MDB,133,131,129,131,590,76970
2012-09-11,MDB,131,131,130,131,80,10440
2012-09-12,MDB,131,130,129,130,220,28440
2012-09-13,MDB,130,137,130,135,760,101390
2012-09-16,MDB,135,148,137,148,2870,416880
2012-09-17,MDB,148,148,144,144,170,24960
2012-09-18,MDB,144,150,144,144,900,132800
2012-09-19,MDB,144,144,141,141,920,131040
2012-09-20,MDB,141,142,140,142,250,35360
2012-09-23,MDB,142,140,140,140,210,29400
2012-09-24,MDB,140,139,139,139,180,25020
2012-09-26,MDB,139,137,135,135,180,24580
2012-09-30,MDB,137,135,135,135,220,29700
2012-10-01,MDB,135,137,136,137,100,13680
2012-10-03,MDB,137,139,137,139,140,19400
2012-10-04,MDB,139,139,139,139,50,6950
2012-10-08,MDB,139,137,135,135,100,13540
2012-10-09,MDB,135,134,132,134,200,26720
2012-10-10,MDB,134,135,133,135,340,45560
2012-10-11,MDB,135,133,133,133,40,5320
2012-10-14,MDB,133,137,135,137,220,30020
2012-10-18,MDB,137,138,135,135,270,36790
2012-10-30,MDB,135,133,133,133,190,25270
2012-10-31,MDB,133,135,135,135,190,25650
2012-11-04,MDB,135,139,137,139,240,33040
2012-11-05,MDB,139,140,138,138,90,12480
2012-11-06,MDB,138,138,137,138,660,91020
2012-11-07,MDB,138,140,140,140,30,4200
2012-11-08,MDB,140,153,142,153,770,116600
2012-11-11,MDB,153,153,150,150,510,76530
2012-11-12,MDB,150,147,147,147,220,32340
2012-11-18,MDB,147,149,148,148,160,23700
2012-11-20,MDB,148,152,147,152,2150,323700
2012-11-22,MDB,152,149,149,149,50,7450
2012-11-28,MDB,149,147,147,147,30,4410
2012-12-05,MDB,147,145,145,145,30,4350
2012-12-17,MDB,145,130,130,130,60,7800
2012-12-19,MDB,130,128,128,128,60,7680
2012-12-23,MDB,128,126,126,126,40,5040
2012-12-24,MDB,126,128,128,128,180,23040
2012-12-27,MDB,128,126,126,126,200,25200
2012-12-31,MDB,126,124,124,124,20,2480
2013-01-01,MDB,124,124,124,124,40,4960
2013-01-02,MDB,124,122,122,122,40,4880
2013-01-07,MDB,122,124,124,124,180,22320
2013-01-13,MDB,124,126,126,126,80,10080
2013-01-15,MDB,126,126,124,126,40,5000
2013-01-16,MDB,126,130,128,130,70,8980
2013-01-17,MDB,130,137,132,137,790,107080
2013-01-20,MDB,137,135,133,133,100,13400
2013-01-21,MDB,133,139,135,139,160,22000
2013-01-22,MDB,139,141,137,141,700,98040
2013-01-24,MDB,141,139,135,135,160,21840
2013-01-27,MDB,135,135,133,133,410,54630
2013-01-28,MDB,133,133,133,133,60,7980
2013-02-03,MDB,133,137,135,137,680,93080
2013-02-04,MDB,137,135,135,135,48,6480
2013-02-05,MDB,135,133,133,133,60,7980
2013-02-10,MDB,133,130,129,130,3110,401290
2013-02-13,MDB,130,136,132,136,190,25600
2013-02-14,MDB,136,135,135,135,20,2700
2013-02-20,MDB,135,137,135,137,80,10880
2013-02-27,MDB,137,135,135,135,390,52650
2013-02-28,MDB,135,137,137,137,30,4110
2013-03-04,MDB,135,137,137,137,270,36990
2013-03-05,MDB,137,140,138,140,288,40124
2013-03-07,MDB,140,142,136,136,90,12600
2013-03-11,MDB,136,136,134,136,2024,271264
2013-03-17,MDB,136,142,138,142,110,15430
2013-03-18,MDB,142,142,140,142,620,87340
2013-03-20,MDB,142,140,139,139,520,72780
2013-03-21,MDB,139,140,140,140,20,2800
2013-03-28,MDB,140,139,139,139,970,134830
2013-03-31,MDB,139,137,135,135,290,39270
2013-04-02,MDB,135,133,131,131,50,6570
2013-04-03,MDB,131,130,130,130,12,1560
2013-04-07,MDB,130,128,128,128,120,15360
2013-04-08,MDB,128,129,129,129,10,1290
2013-04-09,MDB,129,128,128,128,120,15360
2013-04-15,MDB,128,126,122,126,160,19940
2013-04-16,MDB,126,126,124,126,220,27576
2013-04-17,MDB,126,127,127,127,30,3810
2013-04-21,MDB,127,129,129,129,20,2580
2013-04-22,MDB,129,127,125,125,2100,262700
2013-04-23,MDB,125,129,127,129,180,22980
2013-04-25,MDB,129,127,127,127,100,12700
2013-04-30,MDB,127,129,129,129,20,2580
2013-05-02,MDB,129,132,129,130,594,77250
2013-05-06,MDB,130,132,132,132,100,13200
2013-05-07,MDB,132,132,130,132,200,26040
2013-05-08,MDB,132,134,132,133,380,50380
2013-05-12,MDB,133,132,130,130,580,75680
2013-05-14,MDB,130,129,129,129,48,6192
2013-05-15,MDB,129,131,131,131,60,7860
2013-05-20,MDB,131,140,133,140,1128,155340
2013-05-21,MDB,140,140,138,138,552,77000
2013-05-23,MDB,138,136,134,134,1060,142864
2013-05-26,MDB,134,134,134,134,72,9648
2013-05-27,MDB,134,136,134,136,84,11304
2013-05-28,MDB,136,137,135,135,372,50388
2013-06-02,MDB,135,135,135,135,72,9720
2013-06-03,MDB,135,139,137,139,100,13764
2013-06-04,MDB,139,138,138,138,96,13248
2013-06-05,MDB,138,140,138,140,180,24984
2013-06-06,MDB,140,140,140,140,48,6720
2013-06-09,MDB,140,142,140,142,238,33700
2013-06-10,MDB,142,142,142,142,24,3408
2013-06-11,MDB,142,145,139,139,160,22864
2013-06-12,MDB,139,143,140,141,760,107550
2013-06-13,MDB,141,142,138,142,344,48184
2013-06-16,MDB,142,140,139,139,296,41300
2013-06-17,MDB,139,139,139,139,12,1668
2013-06-18,MDB,139,138,137,138,140,19224
2013-06-20,MDB,138,145,136,145,2414,343668
2013-06-23,MDB,145,143,141,141,1252,176580
2013-06-24,MDB,141,139,139,139,24,3336
2013-06-25,MDB,139,137,136,137,232,31744
2013-06-26,MDB,137,140,138,138,264,36532
2013-06-27,MDB,138,140,140,140,114,15960
2013-06-30,MDB,140,139,139,139,24,3336
2013-07-01,MDB,139,141,139,141,1370,190838
2013-07-02,MDB,141,142,142,142,72,10224
2013-07-03,MDB,142,140,138,138,1478,204036
2013-07-04,MDB,138,139,136,139,528,72576
2013-07-07,MDB,139,138,138,138,188,25944
2013-07-08,MDB,138,138,138,138,216,29808
2013-07-14,MDB,138,138,136,138,60,8220
2013-07-15,MDB,138,137,137,137,96,13152
2013-07-16,MDB,137,140,138,138,264,36576
2013-07-17,MDB,138,138,138,138,72,9936
2013-07-18,MDB,138,142,140,142,352,49672
2013-07-22,MDB,142,144,144,144,290,41760
2013-07-24,MDB,144,144,144,144,16,2304
2013-07-25,MDB,144,145,143,143,152,21896
2013-07-28,MDB,143,147,143,147,382,55190
2013-07-29,MDB,147,150,149,150,2326,347850
2013-08-01,MDB,150,153,153,153,24,3672
2013-08-04,MDB,153,156,153,153,1162,178002
2013-08-05,MDB,153,150,150,150,48,7200
2013-08-07,MDB,150,147,147,147,112,16464
2013-08-08,MDB,147,150,149,149,264,39360
2013-08-11,MDB,149,151,149,151,192,28720
2013-08-12,MDB,151,157,153,157,360,56084
2013-08-13,MDB,157,158,154,157,484,75616
2013-08-14,MDB,157,166,160,166,392,64580
2013-08-15,MDB,166,168,163,168,392,65024
2013-08-18,MDB,168,184,169,183,1148,200664
2013-08-19,MDB,183,195,184,194,3396,647178
2013-08-20,MDB,194,204,197,204,282,56890
2013-08-25,MDB,204,205,200,204,426,85956
2013-08-26,MDB,204,208,196,196,320,64704
2013-08-27,MDB,196,193,188,191,1444,275984
2013-08-29,MDB,191,195,191,191,312,60120
2013-09-01,MDB,191,191,188,188,504,95064
2013-09-02,MDB,188,189,189,189,48,9072
2013-09-03,MDB,189,192,192,192,10,1920
2013-09-04,MDB,192,195,195,195,10,1950
2013-09-05,MDB,195,201,195,197,1336,263996
2013-09-08,MDB,197,197,194,196,500,97700
2013-09-09,MDB,196,197,194,194,216,42196
2013-09-10,MDB,194,191,185,188,240,45456
2013-09-11,MDB,188,191,191,191,24,4584
2013-09-12,MDB,191,196,190,193,1006,195520
2013-09-15,MDB,193,193,190,190,144,27432
2013-09-16,MDB,190,193,190,193,240,46248
2013-09-19,MDB,193,190,185,185,1158,214398
2013-09-22,MDB,185,185,181,185,230,42004
2013-09-23,MDB,185,185,177,177,324,58452
2013-09-24,MDB,177,180,180,180,10,1800
2013-09-25,MDB,180,181,178,181,58,10354
2013-09-26,MDB,181,184,181,184,152,27752
2013-09-29,MDB,184,193,187,190,260,49130
2013-09-30,MDB,190,204,190,204,538,107168
2013-10-01,MDB,204,200,195,195,330,65202
2013-10-02,MDB,195,198,190,190,282,54300
2013-10-20,MDB,158,155,155,155,100,15500
2013-10-21,MDB,155,155,155,155,10,1550
2013-10-24,MDB,155,152,152,152,24,3648
2013-10-27,MDB,152,150,149,149,120,17952
2013-10-29,MDB,149,149,149,149,24,3576
2013-10-31,MDB,149,147,147,147,48,7056
2013-11-06,MDB,147,145,145,145,24,3480
2013-11-11,MDB,145,145,145,145,24,3480
2013-11-25,MDB,145,149,147,149,150,22290
2013-12-03,MDB,149,151,151,151,24,3624
2013-12-08,MDB,151,166,154,166,1036,168508
2013-12-10,MDB,166,169,169,169,30,5070
2013-12-11,MDB,169,172,172,172,20,3440
2013-12-12,MDB,172,175,175,175,36,6300
2013-12-15,MDB,175,178,178,178,57,10146
2013-12-16,MDB,178,181,181,181,48,8688
2013-12-18,MDB,181,184,184,184,20,3680
2013-12-19,MDB,184,199,187,199,413,78845
2013-12-22,MDB,202,202,202,202,72,14544
2013-12-23,MDB,202,210,206,210,30,6260
2013-12-24,MDB,210,226,214,226,188,40968
2013-12-29,MDB,226,238,230,238,212,50096
2013-12-31,MDB,238,260,242,260,374,93786
2014-01-01,MDB,260,265,265,265,24,6360
2014-01-02,MDB,265,270,260,270,196,51648
2014-01-05,MDB,270,290,275,290,288,81220
2014-01-06,MDB,290,319,295,313,435,134904
2014-01-07,MDB,313,325,314,314,700,220640
2014-01-08,MDB,314,308,300,300,184,55616
2014-01-09,MDB,300,306,295,306,262,79140
2014-01-12,MDB,306,300,300,300,40,12000
2014-01-13,MDB,300,297,297,297,72,21384
2014-01-14,MDB,297,302,301,301,262,79084
2014-01-16,MDB,301,306,306,306,96,29376
2014-01-19,MDB,306,313,307,307,358,110438
2014-01-20,MDB,307,301,301,301,600,180600
2014-01-21,MDB,301,313,307,313,70,21730
2014-01-22,MDB,313,325,319,325,859,274363
2014-01-23,MDB,325,343,331,343,312,106008
2014-01-26,MDB,343,343,340,340,96,32856
2014-01-27,MDB,340,351,339,351,658,228704
2014-01-28,MDB,351,358,345,345,1174,412438
2014-01-29,MDB,345,362,350,360,506,179756
2014-02-02,MDB,360,382,367,382,1100,411852
2014-02-03,MDB,382,380,368,375,900,340080
2014-02-04,MDB,375,368,368,368,96,35328
2014-02-06,MDB,375,370,361,361,140,51468
2014-02-09,MDB,361,365,356,361,348,125700
2014-02-10,MDB,361,368,368,368,500,184000
2014-02-11,MDB,368,361,343,343,1278,448600
2014-02-12,MDB,343,371,345,361,1914,689580
2014-02-13,MDB,361,368,354,368,1670,608420
2014-02-16,MDB,368,369,360,367,1732,633264
2014-02-17,MDB,367,374,360,374,1701,626561
2014-02-18,MDB,374,377,370,370,154,57228
2014-02-20,MDB,370,377,370,377,172,64340
2014-02-23,MDB,377,391,370,384,3531,1340084
2014-02-24,MDB,384,384,377,380,356,135332
2014-02-25,MDB,380,380,374,374,196,73388
2014-02-26,MDB,374,375,368,375,764,284596
2014-03-03,MDB,375,382,368,368,508,192376
2014-03-04,MDB,368,361,361,361,288,103968
2014-03-05,MDB,361,369,355,362,108,39278
2014-03-06,MDB,362,358,353,358,553,196253
2014-03-09,MDB,358,355,355,355,302,107210
2014-03-10,MDB,355,355,348,350,150,52920
2014-03-11,MDB,350,349,337,349,132,45228
2014-03-12,MDB,349,343,340,340,196,66928
2014-03-17,MDB,340,335,334,334,196,65560
2014-03-18,MDB,334,330,322,322,240,78288
2014-03-19,MDB,322,331,325,331,620,204620
2014-03-20,MDB,331,337,336,337,144,48456
2014-03-23,MDB,337,333,333,333,40,13320
2014-03-24,MDB,333,345,339,345,216,74088
2014-03-25,MDB,345,355,348,348,216,76130
2014-03-26,MDB,348,354,354,354,50,17700
2014-03-27,MDB,354,368,361,368,180,66100
2014-03-31,MDB,368,365,365,365,28,10220
2014-04-01,MDB,365,372,365,365,1460,539162
2014-04-02,MDB,365,366,366,366,130,47580
2014-04-03,MDB,366,368,361,368,84,30492
2014-04-09,MDB,368,379,372,379,424,159509
2014-04-10,MDB,379,416,386,416,965,384941
2014-04-13,MDB,416,420,400,400,163,66744
2014-04-15,MDB,400,414,393,408,1682,678445
2014-04-16,MDB,408,400,400,400,85,34000
2014-04-17,MDB,400,405,392,400,368,146345
2014-04-20,MDB,400,406,400,400,470,188482
2014-04-21,MDB,400,401,390,395,745,292015
2014-04-22,MDB,395,388,381,385,1169,450132
2014-04-23,MDB,385,423,392,423,3804,1586824
2014-04-27,MDB,423,439,415,422,946,404760
2014-04-28,MDB,422,422,415,419,794,333414
2014-04-29,MDB,419,416,411,416,359,148144
2014-04-30,MDB,416,420,410,410,417,173574
2014-05-04,MDB,410,428,412,428,975,409459
2014-05-05,MDB,428,425,421,425,195,82647
2014-05-06,MDB,425,429,420,421,205,86880
2014-05-07,MDB,421,462,429,440,921,407881
2014-05-08,MDB,440,443,435,435,261,114253
2014-05-11,MDB,435,433,432,432,700,302600
2014-05-12,MDB,432,441,435,435,834,366583
2014-05-13,MDB,435,438,430,430,541,234318
2014-05-15,MDB,430,443,430,440,677,296591
2014-05-18,MDB,440,445,435,445,1416,629130
2014-05-19,MDB,445,458,435,455,6647,2907606
2014-05-20,MDB,455,455,432,455,6867,2990752
2014-05-21,MDB,455,460,451,451,1592,723425
2014-05-22,MDB,451,468,450,468,1857,864162
2014-05-25,MDB,468,475,451,470,438,204422
2014-05-26,MDB,470,486,476,485,376,180474
2014-05-27,MDB,485,490,472,490,145,69812
2014-05-28,MDB,490,504,491,500,700,349648
2014-06-01,MDB,500,510,491,500,978,489482
2014-06-02,MDB,500,510,490,495,935,471467
2014-06-03,MDB,495,505,491,492,1025,510892
2014-06-04,MDB,492,495,482,490,1077,526298
2014-06-05,MDB,490,485,483,484,808,390809
2014-06-08,MDB,484,486,477,477,1150,549819
2014-06-09,MDB,477,488,481,488,561,272818
2014-06-10,MDB,488,492,479,490,2334,1127962
2014-06-11,MDB,490,499,495,495,390,194014
2014-06-12,MDB,495,490,485,485,85,41524
2014-06-15,MDB,485,485,476,482,187,89732
2014-06-16,MDB,482,482,473,479,442,211493
2014-06-17,MDB,479,475,462,475,771,363232
2014-06-18,MDB,475,477,473,475,359,170411
2014-06-19,MDB,475,471,466,471,108,50428
2014-06-23,MDB,471,462,462,462,20,9240
2014-06-24,MDB,462,475,471,475,177,83847
2014-06-25,MDB,475,490,484,485,197,96048
2014-06-26,MDB,485,481,480,480,256,123050
2014-06-30,MDB,480,480,466,466,2329,1103770
2014-07-01,MDB,466,477,465,471,1056,495404
2014-07-02,MDB,471,489,475,489,1085,520767
2014-07-03,MDB,489,489,462,462,426,203296
2014-07-06,MDB,462,474,465,474,143,67008
2014-07-07,MDB,474,485,475,485,146,70534
2014-07-08,MDB,485,498,480,498,464,226232
2014-07-10,MDB,498,489,480,485,266,128616
2014-07-13,MDB,485,494,490,490,62,30492
2014-07-14,MDB,490,482,481,481,174,83782
2014-07-15,MDB,481,499,490,499,521,257657
2014-07-16,MDB,499,495,490,490,1385,685115
2014-07-20,MDB,490,510,490,500,575,287403
2014-07-21,MDB,500,529,505,529,428,217696
2014-07-22,MDB,529,529,519,525,882,461758
2014-07-23,MDB,525,536,506,536,570,297965
2014-07-24,MDB,536,556,530,530,944,514587
2014-07-27,MDB,530,545,530,545,229,122945
2014-07-28,MDB,545,577,555,577,177,100556
2014-07-30,MDB,577,602,574,574,2002,1181717
2014-07-31,MDB,574,585,565,575,562,323132
2014-08-03,MDB,575,564,532,535,502,273572
2014-08-04,MDB,535,538,530,530,656,350023
2014-08-05,MDB,530,551,525,551,239,128964
2014-08-06,MDB,551,566,540,550,359,199230
2014-08-07,MDB,550,545,540,545,224,122010
2014-08-12,MDB,545,549,540,540,66,36018
2014-08-14,MDB,540,530,519,530,1187,620130
2014-08-18,MDB,530,530,501,501,812,422828
2014-08-19,MDB,501,501,500,501,85,42520
2014-08-20,MDB,501,500,492,492,358,178404
2014-08-21,MDB,492,495,474,495,661,318351
2014-08-24,MDB,495,510,500,500,719,364468
2014-08-25,MDB,500,490,454,454,571,269332
2014-08-26,MDB,454,463,462,462,557,257391
2014-08-27,MDB,462,487,469,480,733,351671
2014-08-28,MDB,480,486,477,481,448,214028
2014-08-31,MDB,481,485,473,473,164,78364
2014-09-01,MDB,473,466,460,460,720,332520
2014-09-03,MDB,460,461,460,461,87,40064
2014-09-04,MDB,461,461,442,442,735,337026
2014-09-07,MDB,442,434,420,420,1051,449221
2014-09-09,MDB,420,445,421,445,458,198289
2014-09-10,MDB,445,450,441,441,66,29398
2014-09-11,MDB,441,435,411,423,831,351995
2014-09-14,MDB,423,423,413,413,209,87213
2014-09-15,MDB,413,452,421,452,486,212174
2014-09-16,MDB,452,483,461,483,230,107250
2014-09-17,MDB,483,510,465,500,946,463394
2014-09-18,MDB,500,492,480,483,254,122980
2014-09-21,MDB,483,474,460,460,410,190737
2014-09-22,MDB,460,460,451,455,456,206761
2014-09-23,MDB,455,464,455,455,220,101060
2014-09-24,MDB,455,455,454,455,291,132308
2014-09-28,MDB,455,452,445,452,328,147033
2014-09-29,MDB,452,452,445,452,313,141077
2014-09-30,MDB,452,461,455,460,242,111226
2014-10-08,MDB,460,461,452,461,138,63366
2014-10-09,MDB,461,464,460,464,85,39328
2014-10-12,MDB,464,510,455,510,452,227790
2014-10-14,MDB,510,500,490,490,24,11900
2014-10-15,MDB,490,481,472,472,307,147026
2014-10-16,MDB,472,475,457,470,601,281341
2014-10-19,MDB,470,470,461,461,114,53067
2014-10-20,MDB,461,461,461,461,75,34575
2014-10-21,MDB,461,470,470,470,28,13160
2014-10-22,MDB,470,465,460,460,122,56350
2014-10-26,MDB,460,451,451,451,86,38786
2014-10-27,MDB,451,460,460,460,74,34040
2014-11-02,MDB,460,460,451,460,125,56916
2014-11-03,MDB,460,451,445,445,71,31763
2014-11-04,MDB,445,454,452,454,900,407874
2014-11-05,MDB,454,463,463,463,31,14353
2014-11-06,MDB,463,455,450,450,566,256970
2014-11-09,MDB,450,455,445,455,486,218780
2014-11-10,MDB,455,455,446,446,70,31598
2014-11-12,MDB,446,453,446,453,141,63423
2014-11-13,MDB,453,451,445,446,100,44824
2014-11-16,MDB,446,438,430,431,1197,517279
2014-11-17,MDB,431,423,411,412,257,106489
2014-11-18,MDB,412,415,415,415,157,65155
2014-11-19,MDB,415,423,420,423,100,42258
2014-11-20,MDB,423,435,431,435,72,31112
2014-11-23,MDB,435,460,435,460,403,179841
2014-11-24,MDB,460,451,451,451,53,23903
2014-11-25,MDB,451,460,451,460,816,372570
2014-11-30,MDB,460,451,451,451,24,10824
2014-12-04,MDB,451,442,436,436,81,35658
2014-12-07,MDB,436,428,428,428,128,54784
2014-12-08,MDB,428,432,424,424,230,98148
2014-12-09,MDB,424,425,420,425,142,60037
2014-12-10,MDB,425,441,433,441,244,105780
2014-12-11,MDB,441,433,425,425,106,45442
2014-12-15,MDB,425,467,433,467,269,122899
2014-12-16,MDB,467,465,425,434,4801,2097440
2014-12-17,MDB,434,442,436,442,216,94332
2014-12-18,MDB,442,445,445,445,40,17800
2014-12-21,MDB,445,449,441,441,349,156477
2014-12-22,MDB,441,444,436,440,330,145096
2014-12-23,MDB,440,440,425,433,430,186314
2014-12-24,MDB,433,439,425,439,165,71195
2014-12-28,MDB,439,469,435,469,793,362762
2014-12-29,MDB,469,475,465,465,4057,1898154
2014-12-31,MDB,372,366,366,366,143,52338
2015-01-01,MDB,366,387,373,387,77,28931
2015-01-04,MDB,387,413,394,413,404,164620
2015-01-05,MDB,413,410,405,410,24,9790
2015-01-06,MDB,410,406,402,402,1074,432344
2015-01-07,MDB,402,410,410,410,88,36080
2015-01-08,MDB,410,426,418,426,50,21090
2015-01-11,MDB,426,430,426,430,126,54020
2015-01-12,MDB,430,426,425,425,1500,638000
2015-01-13,MDB,425,432,425,432,141,60624
2015-01-14,MDB,432,456,435,456,128,56340
2015-01-18,MDB,456,456,456,456,200,91200
2015-01-19,MDB,456,465,460,465,738,342570
2015-01-20,MDB,465,483,464,483,1224,579628
2015-01-22,MDB,483,474,474,474,87,41238
2015-01-25,MDB,474,501,474,501,968,461771
2015-01-26,MDB,501,491,482,482,78,38046
2015-01-27,MDB,482,500,491,492,1534,754405
2015-01-28,MDB,492,492,485,492,269,130821
2015-01-29,MDB,492,485,485,485,90,43650
2015-02-01,MDB,485,494,490,494,91,44743
2015-02-02,MDB,494,499,490,490,158,78530
2015-02-03,MDB,490,502,495,502,370,184438
2015-02-04,MDB,502,495,492,495,100,49290
2015-02-05,MDB,495,500,492,492,138,68208
2015-02-09,MDB,492,492,492,492,196,96432
2015-02-10,MDB,492,520,492,520,720,365087
2015-02-11,MDB,520,512,512,512,57,29184
2015-02-12,MDB,512,502,493,493,569,284189
2015-02-15,MDB,493,495,485,495,225,110235
2015-02-16,MDB,495,502,496,502,257,128443
2015-02-18,MDB,502,512,507,507,222,113284
2015-02-22,MDB,507,500,488,488,114,56352
2015-02-23,MDB,488,497,497,497,129,64113
2015-02-25,MDB,497,500,499,500,556,277540
2015-02-26,MDB,500,490,490,490,114,55860
2015-03-01,MDB,490,481,481,481,20,9620
2015-03-03,MDB,481,473,473,473,40,18920
2015-03-09,MDB,473,491,482,491,143,69700
2015-03-10,MDB,491,520,500,518,1719,883286
2015-03-11,MDB,518,508,508,508,216,109728
2015-03-12,MDB,508,540,515,540,914,489899
2015-03-15,MDB,540,530,530,530,1000,530000
2015-03-16,MDB,530,520,495,504,1875,953398
2015-03-17,MDB,504,515,504,515,521,266763
2015-03-18,MDB,515,510,506,510,1561,794910
2015-03-19,MDB,510,506,506,506,143,72358
2015-03-24,MDB,506,510,490,490,1246,627180
2015-03-25,MDB,490,499,481,499,748,370650
2015-03-26,MDB,499,490,490,490,28,13720
2015-03-29,MDB,490,490,490,490,190,93100
2015-03-30,MDB,490,490,485,490,1274,623129
2015-03-31,MDB,490,490,485,485,58,28200
2015-04-01,MDB,485,489,481,481,410,198810
2015-04-02,MDB,481,492,474,492,223,108268
2015-04-05,MDB,492,492,490,490,250,122600
2015-04-12,MDB,490,499,491,499,41,20267
2015-04-15,MDB,499,491,490,490,982,481318
2015-04-16,MDB,490,490,485,485,604,295870
2015-04-19,MDB,485,480,476,480,348,165936
2015-04-20,MDB,480,489,481,481,146,70614
2015-04-21,MDB,481,481,481,481,86,41366
2015-04-23,MDB,481,476,474,474,252,119676
2015-05-24,MDB,474,465,427,427,381,164355
2015-05-25,MDB,427,419,385,400,1493,586601
2015-05-26,MDB,400,408,401,402,343,139378
2015-05-27,MDB,402,400,400,400,38,15200
2015-05-31,MDB,400,416,408,416,306,126952
2015-06-01,MDB,416,449,424,449,614,273212
2015-06-02,MDB,449,441,441,441,24,10584
2015-06-07,MDB,441,449,449,449,18,8082
2015-06-08,MDB,449,493,457,493,690,330903
2015-06-09,MDB,493,521,502,520,1817,929860
2015-06-10,MDB,520,525,505,511,408,210508
2015-06-11,MDB,511,507,503,506,303,153072
2015-06-14,MDB,506,497,497,497,144,71568
2015-06-15,MDB,497,491,488,491,388,189476
2015-06-17,MDB,491,483,481,481,134,64553
2015-06-18,MDB,481,489,480,489,172,83334
2015-06-21,MDB,489,480,480,480,435,208800
2015-06-23,MDB,480,485,480,485,164,79316
2015-06-24,MDB,485,508,490,500,490,244384
2015-06-25,MDB,500,510,500,505,826,415207
2015-06-28,MDB,505,505,499,505,615,308538
2015-06-29,MDB,505,510,500,510,331,167025
2015-06-30,MDB,510,510,510,510,201,102510
2015-07-01,MDB,510,510,510,510,155,79050
2015-07-02,MDB,510,500,486,490,781,383166
2015-07-05,MDB,490,499,490,493,329,162380
2015-07-06,MDB,493,489,472,489,862,408958
2015-07-07,MDB,489,500,494,500,663,328766
2015-07-08,MDB,500,500,499,499,557,278090
2015-07-09,MDB,499,504,490,492,1650,814502
2015-07-13,MDB,492,490,490,490,22,10780
2015-07-14,MDB,490,507,486,499,915,455142
2015-07-15,MDB,499,500,495,500,499,248370
2015-07-16,MDB,500,500,491,500,1563,778075
2015-07-22,MDB,500,510,495,510,1118,562736
2015-07-23,MDB,510,520,513,514,464,238646
2015-07-26,MDB,514,534,524,534,46,24204
2015-07-27,MDB,534,544,534,534,246,131544
2015-07-28,MDB,534,530,510,510,107,55950
2015-07-29,MDB,510,500,487,495,785,385531
2015-07-30,MDB,495,499,490,492,401,199489
2015-08-02,MDB,492,501,500,500,164,82108
2015-08-03,MDB,500,500,490,490,114,56220
2015-08-04,MDB,490,500,481,487,603,293229
2015-08-05,MDB,487,490,483,490,529,256979
2015-08-06,MDB,490,500,485,490,576,284448
2015-08-09,MDB,490,498,486,486,1152,565924
2015-08-10,MDB,486,490,477,482,1089,523839
2015-08-11,MDB,482,482,473,482,536,255578
2015-08-12,MDB,482,480,473,475,1197,571204
2015-08-13,MDB,475,493,461,493,2307,1095004
2015-08-16,MDB,493,490,471,477,1119,535151
2015-08-17,MDB,477,491,480,491,402,194827
2015-08-18,MDB,491,525,490,525,2758,1415300
2015-08-19,MDB,525,525,515,520,1208,629807
2015-08-20,MDB,520,530,485,500,1467,744611
2015-08-23,MDB,500,500,470,499,4589,2234609
2015-08-24,MDB,499,548,508,548,60,31880
2015-08-26,MDB,548,551,541,548,446,244646
2015-08-31,MDB,548,566,558,566,161,90286
2015-09-01,MDB,566,560,560,560,54,30240
2015-09-02,MDB,560,571,571,571,50,28550
2015-09-03,MDB,571,572,571,571,150,85750
2015-09-06,MDB,571,560,560,560,50,28000
2015-09-07,MDB,560,570,570,570,72,41040
2015-09-08,MDB,570,572,572,572,72,41184
2015-09-09,MDB,572,628,583,627,899,561178
2015-09-10,MDB,627,664,639,655,920,601015
2015-09-13,MDB,655,651,650,650,683,444133
2015-09-14,MDB,650,660,650,650,728,474280
2015-09-15,MDB,650,650,640,648,1117,721241
2015-09-16,MDB,648,650,641,641,808,524095
2015-09-17,MDB,641,648,635,635,1625,1039900
2015-09-22,MDB,635,635,623,623,725,454815
2015-09-23,MDB,623,632,620,632,275,172200
2015-09-29,MDB,632,644,640,640,140,89960
2015-09-30,MDB,640,640,638,638,147,93986
2015-10-01,MDB,638,650,650,650,100,65000
2015-10-07,MDB,650,640,630,630,158,100656
2015-10-11,MDB,630,618,618,618,49,30282
2015-10-18,MDB,618,620,620,620,500,310000
2015-10-19,MDB,620,617,617,617,40,24680
2015-11-01,MDB,617,605,593,593,200,119850
2015-11-02,MDB,593,585,575,575,166,96710
2015-11-03,MDB,575,564,542,542,400,220100
2015-11-04,MDB,542,574,550,563,513,286287
2015-11-05,MDB,563,553,552,552,1000,552500
2015-11-08,MDB,552,545,542,542,800,433900
2015-11-09,MDB,542,562,550,562,3163,1754735
2015-11-10,MDB,562,562,562,562,121,68002
2015-11-15,MDB,562,560,549,549,200,110900
2015-11-18,MDB,549,560,559,560,163,91267
2015-11-22,MDB,560,550,522,522,1285,681750
2015-11-23,MDB,522,535,515,535,1402,739752
2015-11-24,MDB,535,525,525,525,100,52500
2015-11-25,MDB,525,525,521,521,952,499400
2015-11-26,MDB,521,511,510,510,700,357200
2015-11-29,MDB,510,510,472,472,532,256830
2015-11-30,MDB,472,482,481,481,107,51517
2015-12-01,MDB,481,508,490,508,60,29940
2015-12-02,MDB,508,505,500,505,180,90720
2015-12-03,MDB,505,535,510,535,444,232020
2015-12-06,MDB,535,555,545,555,381,211255
2015-12-07,MDB,555,577,566,577,500,286300
2015-12-08,MDB,577,588,588,588,100,58800
2015-12-09,MDB,588,599,577,577,827,487125
2015-12-10,MDB,577,584,560,560,1786,1015976
2015-12-13,MDB,560,597,571,597,1728,1024192
2015-12-14,MDB,597,656,608,638,6546,4216726
2015-12-15,MDB,638,656,640,650,4314,2798394
2015-12-16,MDB,650,651,646,648,1975,1283182
2015-12-17,MDB,648,650,633,633,1342,860621
2015-12-20,MDB,633,649,636,645,6081,3898349
2015-12-21,MDB,496,505,496,496,122,61412
2015-12-23,MDB,496,487,487,487,977,475799
2015-12-24,MDB,487,480,469,469,747,355643
2015-12-27,MDB,469,496,478,496,1163,561578
2015-12-28,MDB,496,501,500,500,300,150200
2015-12-29,MDB,500,515,505,505,1424,721910
2016-01-03,MDB,505,535,515,535,2400,1248040
2016-01-04,MDB,535,555,535,550,3168,1726818
2016-01-05,MDB,550,580,550,580,554,314250
2016-01-06,MDB,580,585,580,580,408,237640
2016-01-07,MDB,580,587,580,587,873,507194
2016-01-10,MDB,587,623,595,623,870,528270
2016-01-11,MDB,623,635,600,600,300,181540
2016-01-12,MDB,600,590,590,590,100,59000
2016-01-13,MDB,590,590,570,570,501,288679
2016-01-14,MDB,570,571,565,569,2250,1279750
2016-01-17,MDB,569,585,558,583,5783,3317922
2016-01-18,MDB,583,603,592,600,2824,1687902
2016-01-19,MDB,600,602,590,602,3865,2300333
2016-01-20,MDB,602,605,595,602,3493,2098097
2016-01-21,MDB,602,600,596,596,196,117016
2016-01-24,MDB,596,595,595,595,1100,654500
2016-01-25,MDB,595,625,605,610,2306,1413966
2016-01-26,MDB,610,615,610,615,2072,1271509
2016-01-27,MDB,615,612,605,606,1360,825780
2016-01-31,MDB,606,615,610,615,800,491000
2016-02-01,MDB,615,626,620,625,7042,4389848
2016-02-02,MDB,625,630,620,620,2220,1392490
2016-02-03,MDB,620,620,620,620,320,198400
2016-02-04,MDB,620,621,619,619,2640,1636760
2016-02-07,MDB,619,631,616,616,462,289824
2016-02-08,MDB,616,637,625,625,1183,741461
2016-02-11,MDB,625,619,619,619,43,26617
2016-02-14,MDB,619,620,610,610,120,73400
2016-02-15,MDB,610,620,609,610,652,397820
2016-02-17,MDB,610,646,610,622,940,580240
2016-02-18,MDB,622,611,610,610,300,183100
2016-02-21,MDB,610,622,610,622,733,454365
2016-02-22,MDB,622,645,620,640,1441,917474
2016-02-23,MDB,640,630,628,628,550,346400
2016-02-24,MDB,628,618,616,616,572,352496
2016-02-25,MDB,616,620,620,620,260,161200
2016-02-28,MDB,620,628,608,628,138,85324
2016-03-01,MDB,628,620,616,620,195,120720
2016-03-02,MDB,620,627,620,627,184,114780
2016-03-03,MDB,627,629,629,629,250,157250
2016-03-06,MDB,629,635,635,635,200,127000
2016-03-10,MDB,635,647,635,635,768,491746
2016-03-14,MDB,635,640,630,630,1000,638900
2016-03-15,MDB,630,620,615,615,208,128100
2016-03-16,MDB,615,627,605,627,349,213383
2016-03-17,MDB,627,630,620,620,892,556500
2016-03-20,MDB,620,620,608,615,1344,831056
2016-03-21,MDB,615,627,616,616,3931,2444449
2016-03-23,MDB,616,606,605,605,300,181700
2016-03-24,MDB,605,620,600,610,1872,1145200
2016-03-27,MDB,610,622,606,622,1668,1019672
2016-03-28,MDB,622,630,610,622,2158,1336131
2016-03-29,MDB,622,630,616,616,440,272200
2016-03-31,MDB,616,605,595,595,636,383028
2016-04-03,MDB,595,600,600,600,526,315600
2016-04-04,MDB,600,607,600,607,133,80556
2016-04-05,MDB,607,625,618,625,877,544506
2016-04-06,MDB,625,615,613,613,450,276150
2016-04-10,MDB,613,640,600,600,4106,2521140
2016-04-11,MDB,600,617,605,617,65,39925
2016-04-12,MDB,617,615,614,615,154,94656
2016-04-14,MDB,615,635,620,635,327,207217
2016-04-17,MDB,635,647,635,635,350,222640
2016-04-18,MDB,635,665,647,652,622,408314
2016-04-19,MDB,652,667,661,661,815,540253
2016-04-20,MDB,661,727,665,727,6668,4759676
2016-04-21,MDB,727,727,713,716,888,638338
2016-04-24,MDB,716,712,702,708,1039,736262
2016-04-25,MDB,708,709,702,705,1328,937630
2016-04-26,MDB,705,709,696,696,2076,1455852
2016-04-27,MDB,696,695,690,695,280,193700
2016-04-28,MDB,695,701,700,700,840,588200
2016-05-02,MDB,700,700,692,692,665,463670
2016-05-03,MDB,692,700,685,695,634,442560
2016-05-04,MDB,695,686,686,686,15,10290
2016-05-05,MDB,686,698,675,688,1332,918998
2016-05-08,MDB,688,690,688,690,485,334216
2016-05-09,MDB,690,715,680,715,1753,1225785
2016-05-10,MDB,715,720,706,706,1244,882488
2016-05-11,MDB,706,706,702,702,352,247392
2016-05-12,MDB,702,705,700,700,300,210600
2016-05-15,MDB,700,701,700,701,1099,769399
2016-05-16,MDB,701,705,700,701,878,615825
2016-05-17,MDB,701,715,701,715,298,211318
2016-05-18,MDB,715,738,710,738,1650,1193632
2016-05-19,MDB,738,770,740,745,2747,2051711
2016-05-22,MDB,745,797,750,793,4150,3254104
2016-05-23,MDB,793,800,786,796,1536,1215475
2016-05-24,MDB,796,857,811,857,2909,2405774
2016-05-25,MDB,857,942,853,870,5438,4747308
2016-05-26,MDB,870,904,836,895,4368,3743148
2016-05-29,MDB,895,910,870,870,1989,1753170
2016-05-30,MDB,870,884,857,857,2623,2271852
2016-05-31,MDB,857,887,854,878,2308,2024264
2016-06-01,MDB,878,865,865,865,294,254310
2016-06-02,MDB,865,881,848,881,1812,1563180
2016-06-05,MDB,881,864,825,826,1707,1432142
2016-06-06,MDB,826,875,842,858,759,652346
2016-06-07,MDB,858,873,852,873,3622,3112510
2016-06-08,MDB,873,897,873,888,1628,1439131
2016-06-09,MDB,888,880,870,875,865,755570
2016-06-12,MDB,875,872,858,860,1301,1124684
2016-06-13,MDB,860,865,850,850,1604,1370370
2016-06-14,MDB,850,877,860,861,2263,1958326
2016-06-15,MDB,861,880,860,865,1768,1533215
2016-06-16,MDB,865,882,860,877,1329,1158880
2016-06-19,MDB,877,890,860,890,693,608400
2016-06-20,MDB,890,895,878,879,509,449472
2016-06-21,MDB,879,896,896,896,20,17920
2016-06-22,MDB,896,898,890,890,715,638295
2016-06-23,MDB,890,890,873,875,795,698035
2016-06-26,MDB,875,865,848,860,740,634620
2016-06-27,MDB,860,877,865,865,536,465932
2016-06-28,MDB,865,887,866,870,1748,1529680
2016-06-29,MDB,870,872,850,872,2564,2199032
2016-06-30,MDB,872,875,860,874,2172,1878160
2016-07-03,MDB,874,887,875,875,1112,983380
2016-07-04,MDB,875,935,870,921,4914,4450027
2016-07-05,MDB,921,922,905,910,4548,4135906
2016-07-06,MDB,910,910,900,905,668,603415
2016-07-10,MDB,905,910,905,905,1200,1089900
2016-07-11,MDB,905,890,880,880,1360,1203118
2016-07-12,MDB,880,897,880,885,595,525375
2016-07-13,MDB,885,885,853,855,524,450940
2016-07-14,MDB,855,872,860,861,356,309604
2016-07-17,MDB,861,907,851,890,1616,1425852
2016-07-18,MDB,890,924,907,920,2018,1853453
2016-07-19,MDB,920,950,915,950,1804,1676894
2016-07-20,MDB,950,960,940,945,2294,2169901
2016-07-21,MDB,945,945,931,931,287,269875
2016-07-25,MDB,931,1024,940,1024,3699,3732506
2016-07-26,MDB,1024,1126,1044,1126,5076,5611614
2016-07-27,MDB,1126,1216,1148,1150,5253,6253720
2016-07-28,MDB,1150,1196,1170,1180,2219,2614125
2016-07-31,MDB,1180,1190,1145,1155,2486,2906406
2016-08-01,MDB,1155,1160,1110,1150,826,931316
2016-08-02,MDB,1150,1160,1100,1100,2650,3027655
2016-08-03,MDB,1100,1122,1079,1122,1328,1459868
2016-08-04,MDB,1122,1110,1057,1057,1341,1465037
2016-08-07,MDB,1057,1162,1060,1081,5446,6064427
2016-08-08,MDB,1081,1085,1050,1050,1703,1822895
2016-08-09,MDB,1050,1071,1071,1071,100,107100
2016-08-10,MDB,1071,1162,1092,1161,5876,6585638
2016-08-11,MDB,1161,1184,1103,1140,2048,2357580
2016-08-14,MDB,1140,1125,1100,1100,965,1073000
2016-08-15,MDB,1100,1080,1036,1050,3988,4244623
2016-08-16,MDB,1050,1090,1030,1090,3528,3748428
2016-08-17,MDB,1090,1132,1080,1095,1871,2072350
2016-08-21,MDB,1095,1090,1056,1065,1564,1662721
2016-08-22,MDB,1065,1050,1025,1025,4547,4714183
2016-08-23,MDB,1025,1050,1006,1025,3398,3482890
2016-08-24,MDB,1025,1059,1020,1059,1731,1799785
2016-08-28,MDB,1059,1071,1050,1071,4282,4522080
2016-08-29,MDB,1071,1100,1045,1080,5041,5420960
2016-08-30,MDB,1080,1110,1065,1088,1317,1423877
2016-08-31,MDB,1088,1115,1100,1100,1398,1550407
2016-09-01,MDB,1100,1187,1100,1176,11173,12990882
2016-09-03,MDB,1176,1215,1190,1190,4007,4793748
2016-09-05,MDB,1190,1213,1176,1176,4955,5934038
2016-09-06,MDB,1176,1199,1155,1180,3904,4612076
2016-09-07,MDB,1180,1203,1170,1190,3265,3880855
2016-09-08,MDB,1190,1188,1174,1174,735,866820
2016-09-11,MDB,1174,1240,1190,1227,14561,17717648
2016-09-12,MDB,1227,1264,1227,1263,14578,18237508
2016-09-14,MDB,1263,1287,1250,1260,7680,9733182
2016-09-18,MDB,1260,1285,1260,1283,16020,20396324
2016-09-20,MDB,1283,1326,1290,1294,20816,27038208
2016-09-21,MDB,1294,1320,1260,1297,13727,17761636
2016-09-22,MDB,898,953,911,919,5686,5251760
2016-09-25,MDB,919,921,873,875,358,318054
2016-09-26,MDB,875,860,841,841,1745,1477149
2016-09-27,MDB,841,855,840,840,1322,1117100
2016-09-28,MDB,840,827,820,823,700,576320
2016-09-29,MDB,823,830,814,829,3192,2615298
2016-10-02,MDB,829,831,831,831,20,16620
2016-10-03,MDB,831,870,831,870,2464,2096320
2016-10-04,MDB,870,877,860,865,480,415570
2016-10-05,MDB,865,870,866,870,250,217300
2016-10-06,MDB,870,904,870,870,760,662500
2016-10-16,MDB,870,863,836,836,352,299282
2016-10-17,MDB,836,860,852,860,150,128600
2016-10-18,MDB,860,861,855,861,621,534070
2016-10-19,MDB,861,855,845,855,430,365550
2016-10-20,MDB,855,854,838,845,1938,1637058
2016-10-23,MDB,845,898,841,880,3107,2687051
2016-10-24,MDB,880,887,860,887,2395,2075669
2016-10-25,MDB,887,887,863,865,1094,954100
2016-10-26,MDB,865,862,855,855,1900,1631800
2016-10-27,MDB,855,870,850,868,1030,887300
2016-11-03,MDB,723,723,673,673,1216,845880
2016-11-07,MDB,673,670,644,644,880,573240
2016-11-08,MDB,644,635,625,630,876,551742
2016-11-09,MDB,630,630,610,610,554,343340
2016-11-10,MDB,610,624,600,620,13939,8367820
2016-11-13,MDB,620,610,598,610,1010,608690
2016-11-14,MDB,610,602,587,600,880,523390
2016-11-15,MDB,600,600,590,590,93,55070
2016-11-16,MDB,590,585,570,570,310,178600
2016-11-17,MDB,570,570,548,548,1072,602377
2016-11-20,MDB,548,545,541,545,505,274550
2016-11-21,MDB,545,555,540,550,3777,2072555
2016-11-22,MDB,550,540,520,521,1716,902860
2016-11-23,MDB,521,511,483,492,1184,586365
2016-11-24,MDB,492,501,473,473,5460,2648850
2016-11-27,MDB,473,465,447,447,1390,637730
2016-11-28,MDB,447,455,423,455,733,320419
2016-11-29,MDB,455,500,464,500,2862,1420850
2016-11-30,MDB,500,550,510,550,3680,1985170
2016-12-01,MDB,550,605,561,605,4846,2897230
2016-12-04,MDB,605,625,571,585,4996,2982905
2016-12-05,MDB,585,596,568,568,1526,885756
2016-12-06,MDB,568,571,540,561,2718,1505930
2016-12-07,MDB,561,561,550,561,300,166100
2016-12-08,MDB,561,561,552,561,700,391610
2016-12-11,MDB,561,565,550,550,480,267950
2016-12-12,MDB,550,539,529,529,315,168035
2016-12-14,MDB,529,530,510,530,835,435185
2016-12-15,MDB,530,550,535,535,1220,658920
2016-12-18,MDB,535,537,524,525,1429,753036
2016-12-19,MDB,525,515,515,515,18,9270
2016-12-20,MDB,515,513,501,501,1380,698740
2016-12-21,MDB,501,510,500,510,145,73200
2016-12-22,MDB,510,530,510,510,1165,598800
2016-12-26,MDB,510,500,500,500,180,90000
2016-12-27,MDB,500,500,490,490,1800,887850
2016-12-28,MDB,490,508,490,508,1003,496897
2016-12-29,MDB,508,528,510,525,643,334989
2017-01-01,MDB,525,530,520,530,1386,731250
2017-01-02,MDB,530,540,520,540,1356,708018
2017-01-03,MDB,540,535,520,520,630,332270
2017-01-04,MDB,520,515,515,515,140,72100
2017-01-05,MDB,515,520,500,504,2914,1468884
2017-01-08,MDB,504,504,493,500,3429,1700842
2017-01-09,MDB,500,505,492,492,2514,1250580
2017-01-10,MDB,492,515,490,515,2100,1044440
2017-01-11,MDB,515,507,496,501,2359,1177595
2017-01-12,MDB,501,497,495,495,230,114050
2017-01-15,MDB,495,495,494,494,252,124525
2017-01-17,MDB,494,490,490,490,100,49000
2017-01-18,MDB,490,502,490,500,1558,779474
2017-01-22,MDB,500,510,490,490,732,365680
2017-01-23,MDB,490,490,485,485,980,477740
2017-01-24,MDB,485,480,477,480,694,331489
2017-01-25,MDB,480,475,457,457,1336,626647
2017-01-26,MDB,457,466,441,451,3351,1522471
2017-01-30,MDB,451,445,429,429,617,268623
2017-01-31,MDB,429,428,425,427,250,106480
2017-02-01,MDB,427,469,435,455,673,305805
2017-02-02,MDB,455,478,456,469,1005,466362
2017-02-05,MDB,469,478,470,470,110,52100
2017-02-06,MDB,470,475,448,470,565,262845
2017-02-07,MDB,470,465,465,465,88,40920
2017-02-08,MDB,465,460,460,460,10,4600
2017-02-12,MDB,460,451,430,438,675,298250
2017-02-13,MDB,438,446,435,445,811,357263
2017-02-14,MDB,445,453,440,440,1266,565688
2017-02-15,MDB,440,464,440,455,1400,630800
2017-02-16,MDB,455,469,447,469,3561,1616153
2017-02-19,MDB,469,488,470,488,892,429095
2017-02-20,MDB,488,490,473,473,475,227305
2017-02-21,MDB,473,485,464,473,1468,693922
2017-02-22,MDB,473,473,456,456,550,257140
2017-02-23,MDB,456,462,460,462,416,191520
2017-02-26,MDB,462,471,462,462,250,116400
2017-03-01,MDB,462,464,453,455,1717,780708
2017-03-02,MDB,455,460,455,455,400,182600
2017-03-05,MDB,455,470,460,470,865,400170
2017-03-06,MDB,470,470,461,461,375,174550
2017-03-07,MDB,461,465,460,460,875,403545
2017-03-09,MDB,460,464,455,460,287,131885
2017-03-14,MDB,460,460,446,456,4458,2027598
2017-03-16,MDB,456,450,442,444,1437,637788
2017-03-19,MDB,444,452,448,450,1561,704060
2017-03-20,MDB,450,479,450,479,4129,1935154
2017-03-21,MDB,479,526,461,513,4630,2241808
2017-03-22,MDB,513,540,485,485,7230,3716005
2017-03-23,MDB,485,514,485,514,5097,2524824
2017-03-26,MDB,514,540,515,530,8783,4658346
2017-03-28,MDB,530,569,535,558,7776,4279085
2017-03-29,MDB,558,580,537,537,10908,6120804
2017-03-30,MDB,537,556,525,541,4799,2603688
2017-04-02,MDB,541,561,550,561,2105,1177137
2017-04-03,MDB,561,598,570,570,8779,5109783
2017-04-04,MDB,570,580,569,569,5544,3174200
2017-04-06,MDB,569,570,551,565,5259,2952018
2017-04-09,MDB,565,570,565,565,2936,1670540
2017-04-10,MDB,565,608,562,594,5976,3483580
2017-04-11,MDB,594,610,595,600,5004,3016535
2017-04-12,MDB,600,652,612,618,7516,4683102
2017-04-13,MDB,618,633,605,630,6559,4052664
2017-04-16,MDB,630,625,589,589,4467,2708241
2017-04-18,MDB,589,581,560,570,2522,1443978
2017-04-19,MDB,570,621,565,621,951,553754
2017-04-20,MDB,621,630,608,608,1718,1064121
2017-04-23,MDB,608,654,620,621,3215,2040080
2017-04-24,MDB,621,631,610,631,2252,1400530
2017-04-25,MDB,631,625,607,621,1220,751180
2017-04-26,MDB,621,630,616,616,828,514332
2017-04-27,MDB,616,616,604,615,1265,770138
2017-04-30,MDB,615,606,595,600,597,358915
2017-05-02,MDB,600,608,574,585,4272,2500986
2017-05-03,MDB,585,601,575,586,2250,1327332
2017-05-04,MDB,586,585,583,585,550,321350
2017-05-07,MDB,585,580,565,576,1895,1092487
2017-05-08,MDB,576,590,580,590,2247,1308760
2017-05-09,MDB,590,601,590,599,2132,1274891
2017-05-11,MDB,599,595,580,584,582,342110
2017-05-15,MDB,584,595,592,592,230,136760
2017-05-16,MDB,592,587,585,587,2267,1330179
2017-05-17,MDB,587,585,580,585,268,155690
2017-05-18,MDB,585,579,575,578,950,547728
2017-05-21,MDB,578,580,571,571,622,357412
2017-05-22,MDB,571,567,565,567,660,374020
2017-05-23,MDB,567,589,566,570,3368,1934182
2017-05-24,MDB,570,579,560,579,550,311400
2017-05-28,MDB,579,579,569,569,376,214704
2017-05-30,MDB,569,567,556,567,934,523516
2017-05-31,MDB,567,571,555,571,2797,1570838
2017-06-01,MDB,571,582,551,571,804,454372
2017-06-04,MDB,571,562,560,560,93,52150
2017-06-05,MDB,560,572,561,561,940,535940
2017-06-06,MDB,561,577,560,577,438,250304
2017-06-07,MDB,577,580,549,549,4479,2517204
2017-06-08,MDB,549,562,555,555,788,440220
2017-06-11,MDB,555,560,540,540,1585,869058
2017-06-12,MDB,540,548,538,540,744,403090
2017-06-13,MDB,540,550,540,550,2508,1363740
2017-06-14,MDB,550,550,540,543,920,498380
2017-06-15,MDB,543,555,540,545,1435,785705
2017-06-18,MDB,545,541,541,541,140,75740
2017-06-19,MDB,541,540,531,540,502,268320
2017-06-20,MDB,540,535,530,530,611,324755
2017-06-21,MDB,530,550,535,550,162,87080
2017-06-22,MDB,550,561,545,545,581,318721
2017-06-25,MDB,545,544,530,534,990,531398
2017-06-27,MDB,534,533,524,524,2610,1379798
2017-06-28,MDB,524,531,516,516,747,391175
2017-07-02,MDB,516,510,500,501,779,392490
2017-07-03,MDB,501,515,510,515,90,46050
2017-07-04,MDB,515,515,510,515,540,277300
2017-07-05,MDB,515,513,508,513,60,30530
2017-07-06,MDB,513,519,513,519,1266,654092
2017-07-09,MDB,519,539,515,530,2940,1531340
2017-07-10,MDB,530,537,537,537,190,102030
2017-07-11,MDB,537,534,524,524,44,23286
2017-07-12,MDB,524,530,524,530,770,405580
2017-07-13,MDB,530,525,516,520,947,491320
2017-07-16,MDB,520,515,510,512,1056,540556
2017-07-17,MDB,512,531,515,531,470,247500
2017-07-18,MDB,531,559,533,559,3965,2179132
2017-07-19,MDB,559,582,560,560,2172,1224340
2017-07-20,MDB,560,550,540,550,506,276194
2017-07-23,MDB,550,550,533,533,1600,866430
2017-07-24,MDB,533,546,530,546,812,440232
2017-07-25,MDB,546,544,535,536,2306,1252166
2017-07-26,MDB,536,538,534,534,1100,588672
2017-07-27,MDB,534,550,540,546,1500,814096
2017-07-30,MDB,546,536,536,536,850,455600
2017-07-31,MDB,536,540,521,540,3345,1762587
2017-08-01,MDB,540,548,539,539,286,156278
2017-08-02,MDB,539,550,530,550,1993,1092666
2017-08-03,MDB,550,555,545,555,7902,4350984
2017-08-06,MDB,555,557,550,552,1974,1094048
2017-08-07,MDB,552,565,550,565,1714,956435
2017-08-09,MDB,565,559,554,554,1500,833700
2017-08-10,MDB,554,565,550,565,1933,1073802
2017-08-13,MDB,565,576,544,564,5732,3211575
2017-08-15,MDB,564,563,543,563,3126,1734970
2017-08-16,MDB,563,570,559,559,1588,896132
2017-08-17,MDB,559,555,548,548,7988,4395874
2017-08-20,MDB,548,560,552,560,1962,1091123
2017-08-21,MDB,560,560,550,560,7941,4413085
2017-08-22,MDB,560,557,555,555,713,396715
2017-08-23,MDB,555,566,555,557,1066,595860
2017-08-24,MDB,557,558,556,558,250,139200
2017-08-27,MDB,558,562,553,553,2107,1172684
2017-08-28,MDB,553,565,555,560,5342,2999134
2017-08-30,MDB,560,560,554,560,1787,997696
2017-08-31,MDB,560,556,542,543,690,379679
2017-09-04,MDB,543,536,526,527,1057,560812
2017-09-06,MDB,527,530,520,530,985,518144
2017-09-07,MDB,530,565,525,565,3670,1990207
2017-09-10,MDB,565,587,543,548,10731,6041706
2017-09-11,MDB,548,555,538,545,3041,1658971
2017-09-12,MDB,545,545,541,543,2380,1292490
2017-09-13,MDB,543,540,523,530,2109,1121575
2017-09-14,MDB,530,545,525,536,494,265287
2017-09-17,MDB,536,546,536,545,1329,719738
2017-09-18,MDB,545,555,540,545,1080,589000
2017-09-20,MDB,545,540,536,536,451,242240
2017-09-24,MDB,536,540,540,540,100,54000
2017-09-25,MDB,540,548,538,547,814,443732
2017-09-26,MDB,547,555,541,541,548,299116
2017-10-03,MDB,541,550,550,550,20,11000
2017-10-08,MDB,550,550,540,540,2061,1133450
2017-10-09,MDB,540,530,525,525,537,282240
2017-10-10,MDB,525,535,515,535,967,509014
2017-10-11,MDB,535,535,525,532,1350,716810
2017-10-12,MDB,532,535,526,526,1100,584240
2017-10-15,MDB,526,528,528,528,70,36960
2017-10-16,MDB,528,541,538,540,910,490780
2017-10-17,MDB,540,546,525,535,4499,2395028
2017-10-18,MDB,535,535,528,528,1118,591960
2017-10-22,MDB,528,540,535,535,953,510548
2017-10-23,MDB,535,535,535,535,70,37450
2017-10-24,MDB,535,535,528,535,419,223015
2017-10-25,MDB,535,540,520,520,561,296715
2017-10-29,MDB,520,517,515,517,123,63419
2017-10-30,MDB,517,528,510,511,2154,1112937
2017-10-31,MDB,511,511,505,511,449,228419
2017-11-01,MDB,511,525,510,525,353,180465
2017-11-02,MDB,525,525,513,513,1275,659631
2017-11-05,MDB,513,510,503,510,586,296824
2017-11-06,MDB,510,520,509,519,796,407600
2017-11-07,MDB,519,529,502,502,2895,1483939
2017-11-08,MDB,502,495,481,486,2511,1224551
2017-11-09,MDB,486,493,468,475,1236,593958
2017-11-12,MDB,475,483,465,483,2695,1267987
2017-11-13,MDB,483,492,490,490,335,164170
2017-11-14,MDB,490,504,491,500,2510,1247717
2017-11-15,MDB,500,499,485,485,1642,808880
2017-11-16,MDB,485,485,480,483,940,453730
2017-11-20,MDB,483,480,465,465,1505,703615
2017-11-21,MDB,465,482,456,482,483,223217
2017-11-22,MDB,482,484,470,470,2308,1090904
2017-11-23,MDB,470,488,474,488,2052,983204
2017-11-26,MDB,488,506,479,506,497,249072
2017-11-27,MDB,506,510,490,502,1701,846695
2017-11-28,MDB,502,505,500,500,1169,587495
2017-11-29,MDB,500,521,504,510,2606,1339482
2017-11-30,MDB,510,515,501,501,537,270041
2017-12-04,MDB,501,500,495,500,110,54500
2017-12-05,MDB,500,500,500,500,40,20000
2017-12-06,MDB,500,515,510,514,3039,1555395
2017-12-10,MDB,514,520,510,511,2107,1079617
2017-12-11,MDB,511,513,510,513,1386,707885
2017-12-12,MDB,513,516,496,515,1436,729457
2017-12-13,MDB,515,508,505,508,1833,927484
2017-12-14,MDB,508,509,500,505,1296,654660
2017-12-17,MDB,505,511,500,503,3059,1541694
2017-12-18,MDB,503,508,490,490,4944,2465879
2017-12-19,MDB,373,372,352,359,1248,457822
2017-12-20,MDB,359,358,345,345,3059,1068155
2017-12-21,MDB,345,350,344,348,865,301502
2017-12-24,MDB,348,346,346,346,39,13494
2017-12-26,MDB,346,350,335,340,2686,911982
2017-12-27,MDB,340,336,325,336,3492,1145311
2017-12-28,MDB,336,330,324,330,290,95400
2017-12-31,MDB,330,326,319,320,1108,358432
2018-01-01,MDB,320,332,322,332,1295,421250
2018-01-02,MDB,332,344,326,338,754,250692
2018-01-03,MDB,338,338,332,332,1550,519650
2018-01-04,MDB,332,329,329,329,18,5922
2018-01-07,MDB,329,336,330,336,389,129557
2018-01-08,MDB,336,340,334,340,978,330246
2018-01-09,MDB,340,345,337,339,514,174648
2018-01-10,MDB,339,336,336,336,217,72912
2018-01-14,MDB,336,331,325,326,1738,572158
2018-01-16,MDB,326,329,320,326,900,293810
2018-01-17,MDB,326,326,320,320,1000,322800
2018-01-21,MDB,320,318,315,315,1521,482478
2018-01-22,MDB,315,316,313,313,1800,565920
2018-01-23,MDB,313,317,314,314,200,63183
2018-01-24,MDB,314,320,311,316,1007,314247
2018-01-25,MDB,316,316,310,316,191,59948
2018-01-28,MDB,316,320,310,310,3041,945315
2018-01-29,MDB,310,310,300,306,5417,1645630
2018-01-31,MDB,306,312,310,310,1154,357760
2018-02-01,MDB,310,310,305,305,267,81810
2018-02-04,MDB,305,306,305,305,1250,381500
2018-02-05,MDB,305,307,304,304,910,278040
2018-02-06,MDB,304,305,305,305,56,17080
2018-02-07,MDB,305,309,295,296,1590,484490
2018-02-08,MDB,296,301,291,301,210,63060
2018-02-11,MDB,301,297,295,295,689,203575
2018-02-12,MDB,295,300,295,296,464,137684
2018-02-14,MDB,296,301,296,301,160,47860
2018-02-15,MDB,301,317,300,316,2192,676180
2018-02-18,MDB,320,326,309,309,2075,659905
2018-02-20,MDB,307,307,300,300,433,130431
2018-02-22,MDB,302,302,300,300,2260,678400
2018-02-25,MDB,300,306,300,300,375,112710
2018-02-26,MDB,296,296,294,294,1025,301650
2018-02-27,MDB,290,290,290,290,300,87000
2018-02-28,MDB,285,285,280,280,4040,1136900
2018-03-04,MDB,275,275,270,270,130,35600
2018-03-05,MDB,275,276,270,271,818,224284
2018-03-06,MDB,276,277,275,276,954,263504
2018-03-07,MDB,280,282,280,280,1612,452642
2018-03-11,MDB,275,275,270,270,2057,559365
2018-03-12,MDB,270,270,265,265,750,201250
2018-03-13,MDB,266,267,265,265,3300,877580
2018-03-14,MDB,263,263,263,263,28,7364
2018-03-15,MDB,268,268,268,268,100,26800
2018-03-18,MDB,268,273,268,273,352,94836
2018-03-19,MDB,277,277,277,277,120,33240
2018-03-20,MDB,272,272,265,265,1667,444155
2018-03-21,MDB,265,265,261,261,1930,506420
2018-03-22,MDB,260,260,260,260,92,23920
2018-03-26,MDB,255,256,250,250,1863,473715
2018-03-27,MDB,250,255,250,255,250,63000
2018-03-28,MDB,255,260,255,260,1893,486973
2018-03-29,MDB,260,270,255,269,1530,397000
2018-04-01,MDB,264,264,254,254,3628,942552
2018-04-02,MDB,259,259,254,254,1770,452680
2018-04-03,MDB,251,259,251,259,2107,542769
2018-04-04,MDB,262,270,259,270,7594,2005257
2018-04-05,MDB,275,280,271,280,4010,1104910
2018-04-08,MDB,275,300,275,300,5527,1604773
2018-04-09,MDB,295,300,291,291,2504,738015
2018-04-10,MDB,286,291,286,290,1504,434499
2018-04-11,MDB,290,294,290,294,951,276990
2018-04-12,MDB,298,298,289,289,3460,1014740
2018-04-15,MDB,285,285,284,284,338,96144
2018-04-17,MDB,289,310,289,300,1143,336421
2018-04-18,MDB,300,316,295,310,1446,450916
2018-04-19,MDB,310,328,306,319,6450,2039845
2018-04-22,MDB,325,350,325,350,7445,2553780
2018-04-23,MDB,355,368,337,343,7968,2814336
2018-04-24,MDB,337,345,335,339,2738,927264
2018-04-25,MDB,334,335,333,334,608,203224
2018-04-26,MDB,328,328,322,322,1696,550112
2018-04-29,MDB,320,320,314,320,1580,500000
2018-05-02,MDB,315,352,315,352,1788,578311
2018-05-03,MDB,359,359,333,334,2477,864371
2018-05-06,MDB,331,337,331,332,1309,437712
2018-05-07,MDB,326,330,321,321,174,57014
2018-05-08,MDB,325,334,325,334,630,208870
2018-05-09,MDB,335,339,333,335,1345,450850
2018-05-10,MDB,341,341,335,335,220,73760
2018-05-14,MDB,335,335,320,321,1337,435439
2018-05-15,MDB,319,319,317,317,295,94021
2018-05-16,MDB,320,325,320,325,464,149670
2018-05-17,MDB,321,321,321,321,30,9630
2018-05-21,MDB,320,320,320,320,300,96000
2018-05-22,MDB,324,324,320,320,188,60284
2018-05-23,MDB,314,314,308,314,762,237424
2018-05-24,MDB,312,312,308,308,616,190776
2018-05-27,MDB,308,308,299,299,4229,1276152
2018-05-28,MDB,295,315,295,315,4525,1407720
2018-05-29,MDB,315,321,309,310,2726,845959
2018-05-30,MDB,315,316,310,310,1718,537899
2018-05-31,MDB,311,311,302,311,1104,338148
2018-06-03,MDB,305,305,299,300,1881,566719
2018-06-06,MDB,305,311,305,305,706,215490
2018-06-07,MDB,306,306,291,292,1463,431598
2018-06-10,MDB,288,288,283,284,1464,416159
2018-06-11,MDB,280,291,276,290,1287,360650
2018-06-12,MDB,293,293,290,293,5731,1638326
2018-06-13,MDB,290,290,285,285,1799,512166
2018-06-14,MDB,290,290,285,290,428,122906
2018-06-17,MDB,295,295,285,285,743,214035
2018-06-18,MDB,281,285,280,285,222,62525
2018-06-19,MDB,280,280,280,280,1,280
2018-06-20,MDB,283,285,280,285,390,110567
2018-06-21,MDB,285,285,282,282,195,55368
2018-06-24,MDB,284,284,284,284,50,14200
2018-06-25,MDB,286,286,281,283,509,144133
2018-06-26,MDB,283,283,278,278,594,166427
2018-06-27,MDB,275,278,275,278,98,27007
2018-06-28,MDB,283,283,275,278,2579,722314
2018-07-01,MDB,275,276,275,275,732,201339
2018-07-02,MDB,270,280,270,280,343,94930
2018-07-03,MDB,280,280,280,280,259,72520
2018-07-04,MDB,280,280,275,277,961,266183
2018-07-05,MDB,280,280,276,276,170,47165
2018-07-08,MDB,281,285,281,284,330,93509
2018-07-09,MDB,287,287,287,287,220,63140
2018-07-10,MDB,284,295,283,295,1179,337679
2018-07-11,MDB,295,295,295,295,160,47200
2018-07-12,MDB,290,291,285,285,864,250616
2018-07-15,MDB,287,288,285,288,822,235680
2018-07-16,MDB,288,288,288,288,252,72576
2018-07-17,MDB,288,288,287,288,149,42812
2018-07-18,MDB,290,290,288,290,272,78736
2018-07-19,MDB,288,288,280,280,738,207750
2018-07-22,MDB,280,280,275,275,625,172400
2018-07-23,MDB,275,280,275,280,1128,312460
2018-07-24,MDB,285,285,281,281,1201,337712
2018-07-25,MDB,279,279,279,279,100,27900
2018-07-26,MDB,274,276,274,275,116,31919
2018-07-30,MDB,277,287,277,287,234,65568
2018-07-31,MDB,285,285,280,280,431,121825
2018-08-01,MDB,280,280,280,280,100,28000
2018-08-02,MDB,276,280,271,276,1561,430691
2018-08-05,MDB,275,279,275,276,567,156516
2018-08-06,MDB,280,281,276,276,907,251441
2018-08-07,MDB,274,276,274,274,1039,284756
2018-08-08,MDB,275,275,270,270,2654,718445
2018-08-09,MDB,270,274,270,270,114,30824
2018-08-12,MDB,265,265,260,260,1501,393037
2018-08-14,MDB,257,263,257,260,638,166149
2018-08-15,MDB,260,270,260,270,672,180030
2018-08-16,MDB,275,275,275,275,55,15125
2018-08-19,MDB,270,280,270,280,3415,946660
2018-08-20,MDB,280,280,275,275,310,85300
2018-08-21,MDB,275,275,270,270,442,120266
2018-08-23,MDB,270,270,269,270,1450,390500
2018-08-26,MDB,265,265,265,265,200,53000
2018-08-29,MDB,265,265,262,262,731,191940
2018-08-30,MDB,267,267,267,267,700,186900
2018-09-02,MDB,267,267,267,267,74,19758
2018-09-03,MDB,272,277,272,272,754,207078
2018-09-04,MDB,275,275,275,275,25,6875
2018-09-05,MDB,275,290,275,284,1430,405240
2018-09-06,MDB,286,292,285,288,2965,850878
2018-09-09,MDB,287,287,275,275,2932,816739
2018-09-10,MDB,277,277,275,275,592,163860
2018-09-11,MDB,280,280,280,280,235,65800
2018-09-12,MDB,281,281,275,275,447,123345
2018-09-13,MDB,280,287,280,286,1640,467095
2018-09-16,MDB,291,307,290,305,1547,456353
2018-09-17,MDB,299,306,295,300,1501,451382
2018-09-18,MDB,297,297,297,297,10,2970
2018-09-20,MDB,300,312,300,303,9362,2852025
2018-09-23,MDB,300,308,293,293,11315,3350933
2018-09-25,MDB,298,303,298,303,2991,898903
2018-09-26,MDB,306,307,299,299,1606,485269
2018-09-27,MDB,294,296,294,296,408,120267
2018-09-30,MDB,296,301,296,301,826,247470
2018-10-01,MDB,299,299,295,295,200,59400
2018-10-02,MDB,290,300,290,294,1630,483300
2018-10-03,MDB,299,304,296,304,2399,721968
2018-10-04,MDB,304,304,293,294,481,143064
2018-10-07,MDB,292,292,289,289,1860,538820
2018-10-08,MDB,290,290,289,289,160,46357
2018-10-09,MDB,286,286,286,286,100,28600
2018-10-10,MDB,285,285,281,281,237,66797
2018-10-14,MDB,286,296,286,296,331,97285
2018-10-15,MDB,296,298,295,296,1100,325600
2018-10-24,MDB,296,296,291,292,294,85854
2018-10-25,MDB,287,287,282,285,317,89835
2018-10-28,MDB,288,288,288,288,200,57600
2018-10-29,MDB,287,287,280,280,413,116831
2018-10-30,MDB,285,290,285,290,536,153130
2018-10-31,MDB,285,285,275,285,4937,1375720
2018-11-01,MDB,287,287,287,287,100,28700
2018-11-04,MDB,282,282,278,278,751,210554
2018-11-05,MDB,275,276,274,274,231,63414
2018-11-11,MDB,274,281,274,281,80,22230
2018-11-12,MDB,278,281,275,275,2672,738300
2018-11-14,MDB,277,277,275,277,128,35456
2018-11-15,MDB,282,285,282,285,174,49428
2018-11-18,MDB,285,285,282,282,420,119490
2018-11-19,MDB,285,285,279,281,14044,3976676
2018-11-21,MDB,276,276,276,276,150,41400
2018-11-25,MDB,276,276,276,276,70,19320
2018-11-26,MDB,275,280,275,276,238,65649
2018-11-27,MDB,275,275,275,275,125,34375
2018-11-29,MDB,276,276,270,270,1378,374553
2018-12-02,MDB,273,273,269,269,1213,328447
2018-12-03,MDB,274,274,274,274,100,27400
2018-12-04,MDB,270,271,269,271,650,175350
2018-12-05,MDB,270,272,269,272,1215,328550
2018-12-06,MDB,267,272,267,272,839,225403
2018-12-09,MDB,270,270,270,270,125,33750
2018-12-10,MDB,275,280,275,280,175,48625
2018-12-11,MDB,280,280,273,273,717,196860
2018-12-12,MDB,274,275,273,273,343,93939
2018-12-13,MDB,278,278,271,271,131,35806
2018-12-16,MDB,276,277,276,277,294,81238
2018-12-17,MDB,280,288,280,288,486,137488
2018-12-18,MDB,283,288,283,288,439,125432
2018-12-19,MDB,283,285,279,279,1810,509190
2018-12-20,MDB,280,280,275,275,69,19210
2018-12-23,MDB,280,299,280,295,3448,1009562
2018-12-24,MDB,296,296,292,292,720,211688
2018-12-25,MDB,290,290,286,286,798,228975
2018-12-26,MDB,289,300,289,300,378,110620
2018-12-27,MDB,306,310,294,294,2890,861400
2018-12-30,MDB,295,305,295,302,521,156154
2018-12-31,MDB,296,296,291,291,700,206200
2019-01-01,MDB,290,291,290,291,570,165400
2019-01-02,MDB,291,291,291,291,215,62565
2019-01-03,MDB,290,290,290,290,315,91350
2019-01-06,MDB,290,290,285,285,1897,542680
2019-01-07,MDB,281,281,281,281,10,2810
2019-01-08,MDB,285,287,285,287,300,85700
2019-01-09,MDB,292,295,292,295,300,87900
2019-01-10,MDB,296,296,295,295,110,32460
2019-01-13,MDB,291,296,291,291,1006,293966
2019-01-14,MDB,291,292,291,292,1132,330012
2019-01-15,MDB,295,295,290,290,124,36530
2019-01-16,MDB,290,290,286,286,353,100998
2019-01-17,MDB,281,286,281,286,240,67990
2019-01-20,MDB,281,285,281,285,308,86916
2019-01-21,MDB,290,296,290,296,932,274912
2019-01-22,MDB,297,300,297,300,500,149500
2019-01-23,MDB,294,294,294,294,1200,352800
2019-01-24,MDB,294,294,292,292,665,194300
2019-01-27,MDB,290,290,287,287,110,31660
2019-01-28,MDB,286,286,286,286,51,14586
2019-01-29,MDB,281,293,281,293,1610,466735
2019-01-30,MDB,290,290,282,282,2190,627185
2019-01-31,MDB,282,282,280,280,295,82803
2019-02-03,MDB,285,285,278,278,1864,520937
2019-02-04,MDB,275,278,274,275,1121,308600
2019-02-05,MDB,275,275,274,274,900,247400
2019-02-06,MDB,275,275,275,275,1200,330000
2019-02-07,MDB,275,280,275,275,1381,384580
2019-02-10,MDB,275,275,272,272,1509,411831
2019-02-11,MDB,267,276,267,275,521,142893
2019-02-13,MDB,275,275,271,271,130,35630
2019-02-14,MDB,270,270,270,270,250,67500
2019-02-17,MDB,267,275,267,275,220,59500
2019-02-18,MDB,270,274,270,270,1883,512600
2019-02-19,MDB,275,280,275,275,1170,322030
2019-02-20,MDB,280,280,275,275,2400,666100
2019-02-21,MDB,275,275,274,274,375,102850
2019-02-24,MDB,271,280,271,278,3593,992717
2019-02-25,MDB,275,280,275,280,2996,833040
2019-02-26,MDB,280,280,274,274,6281,1736990
2019-02-27,MDB,230,239,230,232,1660,387020
2019-03-03,MDB,230,230,226,226,1140,259240
2019-03-05,MDB,225,225,222,222,1031,230482
2019-03-06,MDB,220,224,219,224,652,144796
2019-03-07,MDB,228,228,225,225,1534,346156
2019-03-11,MDB,228,228,225,225,1245,281460
2019-03-12,MDB,225,225,225,225,13,2925
2019-03-13,MDB,225,229,225,229,400,90800
2019-03-14,MDB,230,236,229,236,2221,513972
2019-03-17,MDB,240,241,237,240,1996,478954
2019-03-18,MDB,240,245,240,245,1961,477604
2019-03-19,MDB,241,241,233,233,318,75734
2019-03-21,MDB,233,237,229,237,751,172995
2019-03-24,MDB,233,235,233,235,3382,794006
2019-03-25,MDB,235,236,232,232,1267,295916
2019-03-26,MDB,230,230,230,230,422,97060
2019-03-27,MDB,232,232,232,232,200,46400
2019-03-28,MDB,230,232,229,231,1165,267928
2019-03-31,MDB,230,230,230,230,40,9200
2019-04-01,MDB,231,233,231,233,239,55487
2019-04-02,MDB,233,233,231,233,1200,278600
2019-04-03,MDB,235,237,233,235,1651,388443
2019-04-04,MDB,236,240,236,240,2474,589764
2019-04-07,MDB,240,240,236,240,980,234320
2019-04-08,MDB,236,240,234,234,4670,1115708
2019-04-09,MDB,234,238,234,234,948,222002
2019-04-10,MDB,234,235,231,235,215,49985
2019-04-11,MDB,239,242,235,242,1900,455214
2019-04-15,MDB,242,242,240,240,252,60660
2019-04-16,MDB,238,242,238,242,89,21434
2019-04-17,MDB,242,245,242,243,188,45754
2019-04-18,MDB,242,243,242,242,416,100839
2019-04-21,MDB,242,255,239,255,995,243784
2019-04-22,MDB,250,252,250,250,320,80040
2019-04-23,MDB,250,250,243,243,563,138600
2019-04-24,MDB,245,247,242,242,738,180730
2019-04-25,MDB,245,255,245,255,3689,929746
2019-04-28,MDB,260,270,260,270,3416,900228
2019-04-29,MDB,274,283,273,274,1469,407150
2019-04-30,MDB,270,270,265,265,388,103820
2019-05-02,MDB,260,260,257,257,652,168114
2019-05-05,MDB,255,255,253,253,846,214664
2019-05-06,MDB,255,255,255,255,742,189210
2019-05-07,MDB,258,265,251,251,441,112940
2019-05-08,MDB,252,253,252,252,250,63050
2019-05-09,MDB,257,257,252,252,50,12700
2019-05-12,MDB,249,251,249,250,1270,318161
2019-05-13,MDB,255,255,255,255,200,51000
2019-05-14,MDB,260,260,255,259,90,23040
2019-05-15,MDB,255,262,254,261,1756,452592
2019-05-16,MDB,265,265,260,260,270,70250
2019-05-19,MDB,257,257,257,257,567,145719
2019-05-20,MDB,260,260,252,252,251,64512
2019-05-21,MDB,249,263,249,263,2698,681917
2019-05-22,MDB,266,266,258,259,1568,406242
2019-05-23,MDB,263,264,253,253,1250,318019
2019-05-27,MDB,248,250,244,249,203,50417
2019-05-28,MDB,247,257,247,257,964,242215
2019-05-29,MDB,262,262,257,257,230,59160
2019-05-30,MDB,260,267,255,255,2043,531894
2019-06-02,MDB,250,250,250,250,260,65000
2019-06-04,MDB,246,246,236,236,4151,997591
2019-06-06,MDB,240,246,238,242,1259,303111
2019-06-10,MDB,242,242,242,242,136,32912
2019-06-11,MDB,244,245,241,242,5071,1239407
2019-06-12,MDB,239,245,239,245,227,54837
2019-06-13,MDB,241,241,237,238,282,67236
2019-06-16,MDB,242,242,235,236,865,203880
2019-06-17,MDB,235,243,235,236,2821,672193
2019-06-18,MDB,240,240,237,240,128,30612
2019-06-19,MDB,240,240,238,240,615,146962
2019-06-20,MDB,244,255,243,252,4040,1011656
2019-06-23,MDB,257,263,257,258,5880,1531076
2019-06-24,MDB,258,258,256,258,1604,411288
2019-06-25,MDB,263,268,258,258,1030,266890
2019-06-26,MDB,253,255,253,254,2283,580764
2019-06-27,MDB,251,251,246,250,520,129675
2019-06-30,MDB,245,246,245,246,420,103230
2019-07-02,MDB,246,255,246,255,50,12430
2019-07-03,MDB,250,255,250,255,78,19750
2019-07-04,MDB,255,260,246,246,449,113845
2019-07-07,MDB,242,246,240,240,1217,293451
2019-07-08,MDB,239,241,239,240,1696,406770
2019-07-09,MDB,236,238,234,234,3068,725599
2019-07-10,MDB,232,236,228,235,1684,392024
2019-07-11,MDB,231,238,231,232,2656,620590
2019-07-14,MDB,236,237,235,235,420,99080
2019-07-15,MDB,235,235,235,235,20,4700
2019-07-16,MDB,239,239,234,234,1555,364775
2019-07-17,MDB,235,238,234,238,5306,1248212
2019-07-21,MDB,238,238,238,238,20,4760
2019-07-22,MDB,236,236,235,236,239,56385
2019-07-23,MDB,238,238,236,236,147,34752
2019-07-24,MDB,235,243,235,243,160,38450
2019-07-25,MDB,240,240,237,239,1051,250519
2019-07-28,MDB,236,236,236,236,367,86612
2019-07-29,MDB,235,240,235,240,420,99000
2019-07-30,MDB,237,241,237,241,265,63745
2019-07-31,MDB,240,245,240,245,831,203071
2019-08-01,MDB,241,247,241,244,1969,480835
2019-08-04,MDB,241,248,241,244,1292,315594
2019-08-05,MDB,240,240,234,236,874,206258
2019-08-06,MDB,236,238,236,237,303,71901
2019-08-07,MDB,238,245,237,245,143,34230
2019-08-08,MDB,241,241,235,235,1904,447680
2019-08-11,MDB,235,236,235,235,362,85170
2019-08-12,MDB,232,232,232,232,11,2552
2019-08-13,MDB,235,235,232,233,856,198858
2019-08-14,MDB,237,241,237,238,2318,551629
2019-08-15,MDB,237,238,237,237,630,149340
2019-08-18,MDB,235,236,234,234,2031,476775
2019-08-19,MDB,235,238,235,238,425,100679
2019-08-20,MDB,240,240,240,240,82,19680
2019-08-21,MDB,239,239,237,237,230,54630
2019-08-22,MDB,234,234,234,234,106,24804
2019-08-25,MDB,234,234,232,234,835,194220
2019-08-26,MDB,231,234,231,234,1010,234358
2019-08-27,MDB,235,235,232,232,1182,276440
2019-08-28,MDB,233,235,232,233,1291,300895
2019-08-29,MDB,233,238,230,238,359,83294
2019-09-02,MDB,234,235,228,228,1703,394632
2019-09-03,MDB,227,230,226,230,1319,300826
2019-09-04,MDB,230,238,230,238,197,45598
2019-09-05,MDB,240,240,238,238,1146,274748
2019-09-08,MDB,236,238,236,238,1046,247996
2019-09-09,MDB,239,239,236,236,594,140474
2019-09-10,MDB,236,243,235,243,2391,569153
2019-09-11,MDB,242,242,238,242,2276,546037
2019-09-12,MDB,240,246,240,243,1875,456430
2019-09-15,MDB,243,244,242,243,3134,762512
2019-09-16,MDB,240,243,240,240,2486,598793
2019-09-17,MDB,244,248,244,248,2399,586200
2019-09-18,MDB,248,252,246,252,6173,1535837
2019-09-19,MDB,247,255,246,255,2205,553677
2019-09-22,MDB,244,247,243,243,2017,494601
2019-09-23,MDB,239,246,231,246,2803,664946
2019-09-24,MDB,245,245,242,242,595,144150
2019-09-25,MDB,240,242,240,241,1152,278580
2019-09-26,MDB,237,241,237,241,160,38008
2019-09-29,MDB,239,243,239,242,408,98876
2019-09-30,MDB,242,242,242,242,157,37994
2019-10-01,MDB,243,251,243,251,1049,256367
2019-10-02,MDB,255,255,245,245,342,84890
2019-10-03,MDB,249,250,248,248,66,16428
2019-10-10,MDB,252,252,249,249,560,140940
2019-10-14,MDB,249,250,242,242,1769,430870
2019-10-15,MDB,246,246,246,246,100,24600
2019-10-16,MDB,245,248,244,246,804,197858
2019-10-17,MDB,245,245,245,245,498,122010
2019-10-20,MDB,245,245,245,245,75,18375
2019-10-21,MDB,249,252,249,252,80,20058
2019-10-22,MDB,247,253,247,252,12689,3191500
2019-10-23,MDB,247,251,247,247,2236,555480
2019-10-24,MDB,248,248,248,248,138,34224
2019-10-31,MDB,248,249,248,249,227,56396
2019-11-03,MDB,253,253,245,245,2354,582557
2019-11-04,MDB,241,245,241,242,486,117330
2019-11-05,MDB,240,244,238,238,2473,591790
2019-11-06,MDB,240,240,240,240,25,6000
2019-11-10,MDB,244,244,240,240,2600,624140
2019-11-11,MDB,243,243,243,243,19,4617
2019-11-12,MDB,240,243,240,243,1249,301757
2019-11-14,MDB,243,243,243,243,94,22842
2019-11-18,MDB,240,242,240,242,65,15674
2019-11-19,MDB,242,242,242,242,50,12100
2019-11-20,MDB,242,243,238,238,2340,563247
2019-11-21,MDB,239,239,238,238,1001,238268
2019-11-24,MDB,237,238,237,237,529,125497
2019-11-25,MDB,235,239,235,239,733,174727
2019-11-27,MDB,240,243,240,240,230,55524
2019-11-28,MDB,239,242,239,242,1672,401483
2019-12-02,MDB,242,246,242,246,35,8510
2019-12-03,MDB,242,246,242,246,356,86702
2019-12-04,MDB,242,250,242,244,2014,493162
2019-12-05,MDB,245,248,240,244,3212,781105
2019-12-08,MDB,244,244,244,244,109,26596
2019-12-09,MDB,240,247,240,247,3838,934750
2019-12-10,MDB,246,246,243,243,2474,603356
2019-12-11,MDB,247,250,245,245,1304,323607
2019-12-12,MDB,247,249,247,247,1317,325867
2019-12-15,MDB,249,251,247,247,3999,997830
2019-12-16,MDB,245,248,244,244,1886,462071
2019-12-17,MDB,243,251,243,251,320,79212
2019-12-18,MDB,247,247,246,246,106,26136
2019-12-19,MDB,247,248,247,248,274,67728
2019-12-22,MDB,247,247,247,247,93,22971
2019-12-23,MDB,249,250,246,250,5723,1429866
2019-12-24,MDB,250,250,247,247,294,72986
2019-12-25,MDB,245,245,245,245,80,19600
2019-12-29,MDB,244,244,243,243,2075,505783
2019-12-30,MDB,240,240,240,240,154,36960
2019-12-31,MDB,241,246,241,245,252,61420
2020-01-01,MDB,249,253,249,253,171,42807
2020-01-02,MDB,258,258,250,250,557,142402
2020-01-05,MDB,255,255,250,250,486,122550
2020-01-06,MDB,255,259,255,257,1008,258226
2020-01-07,MDB,262,267,262,267,9781,2590260
2020-01-08,MDB,262,272,262,268,6673,1803349
2020-01-09,MDB,270,272,270,270,1685,457050
2020-01-12,MDB,275,283,275,283,4859,1360478
2020-01-13,MDB,288,296,287,292,8053,2344564
2020-01-14,MDB,287,289,284,289,5150,1477325
2020-01-15,MDB,285,292,270,292,5157,1454740
2020-01-16,MDB,295,300,287,294,7491,2206349
2020-01-19,MDB,290,310,289,304,4269,1278130
2020-01-20,MDB,304,308,284,286,1117,329180
2020-01-21,MDB,291,295,281,293,5073,1445718
2020-01-22,MDB,288,290,283,283,1086,307753
2020-01-23,MDB,278,285,275,275,1823,506962
2020-01-26,MDB,275,290,275,280,6968,1943676
2020-01-27,MDB,280,292,280,292,2960,847010
2020-01-28,MDB,295,304,295,296,7194,2141949
2020-01-29,MDB,295,300,295,295,3830,1140859
2020-01-30,MDB,300,307,300,305,10684,3247411
2020-02-02,MDB,310,326,309,318,10879,3473735
2020-02-03,MDB,320,340,320,340,16911,5602707
2020-02-04,MDB,334,345,334,340,18548,6297175
2020-02-05,MDB,346,347,333,338,9040,3031291
2020-02-06,MDB,344,350,339,342,26587,9086304
2020-02-09,MDB,344,344,336,340,7377,2497151
2020-02-10,MDB,340,340,333,333,8747,2946101
2020-02-11,MDB,339,341,338,341,4387,1492750
2020-02-12,MDB,341,347,341,341,5256,1806654
2020-02-13,MDB,341,343,333,335,11570,3931052
2020-02-16,MDB,335,340,335,336,7316,2466646
2020-02-17,MDB,340,355,340,354,12828,4472438
2020-02-18,MDB,356,361,351,356,13886,4956078
2020-02-19,MDB,354,367,354,366,6590,2392284
2020-02-20,MDB,359,376,359,367,18175,6718783
2020-02-23,MDB,374,403,374,395,26031,10302732
2020-02-24,MDB,401,410,393,397,11472,4608838
2020-02-25,MDB,397,436,397,434,15075,6304563
2020-02-26,MDB,442,450,427,427,7410,3207648
2020-02-27,MDB,419,420,411,414,17123,7115674
2020-03-01,MDB,418,455,418,455,58568,26243408
2020-03-02,MDB,463,475,445,445,28070,12942976
2020-03-03,MDB,439,460,415,455,27652,12264521
2020-03-04,MDB,448,465,445,454,50704,23063350
2020-03-05,MDB,455,464,446,464,36551,16488262
2020-03-10,MDB,384,384,357,360,8330,3019908
2020-03-11,MDB,353,373,352,369,12844,4620811
2020-03-12,MDB,370,370,347,350,4130,1462319
2020-03-15,MDB,343,344,333,333,11876,4028190
2020-03-16,MDB,330,358,330,357,13899,4762615
2020-03-17,MDB,358,358,338,339,2020,698030
2020-03-18,MDB,333,334,321,328,4036,1334566
2020-03-19,MDB,328,338,322,332,4628,1509704
2020-06-29,MDB,332,332,332,326,116,37816
2020-06-30,MDB,332,332,332,332,200,66400
2020-07-02,MDB,348,354,330,330,688,233606
2020-07-05,MDB,324,324,312,312,3657,1157418
2020-07-06,MDB,311,312,311,312,100,31143
2020-07-07,MDB,310,330,308,330,2691,837630
2020-07-08,MDB,324,324,316,321,2094,673300
2020-07-09,MDB,321,323,317,318,1450,464082
2020-07-12,MDB,317,318,317,318,150,47590
2020-07-13,MDB,312,315,306,306,5241,1629864
2020-07-14,MDB,306,310,301,301,4893,1486223
2020-07-15,MDB,303,309,303,307,3320,1018580
2020-07-16,MDB,313,337,313,335,8464,2731999
2020-07-19,MDB,341,341,341,341,10,3410
2020-07-20,MDB,347,375,347,350,14766,5248902
2020-07-21,MDB,346,355,335,335,13587,4666002
2020-07-22,MDB,331,337,329,329,7996,2645759
2020-07-23,MDB,324,338,324,330,3478,1152927
2020-07-26,MDB,328,342,328,331,3002,1010197
2020-07-27,MDB,337,346,330,330,20406,6782663
2020-07-28,MDB,330,348,327,335,4398,1466827
2020-07-29,MDB,329,339,329,332,13785,4592678
2020-07-30,MDB,328,338,326,330,22704,7517156
2020-08-02,MDB,329,331,320,320,5698,1862112
2020-08-03,MDB,320,326,317,317,11419,3655324
2020-08-05,MDB,312,318,312,318,2379,745178
2020-08-06,MDB,315,329,312,318,1910,607980
2020-08-09,MDB,315,324,313,324,1469,465778
2020-08-10,MDB,321,332,319,328,3621,1187007
2020-08-11,MDB,334,334,324,326,2158,707125
2020-08-12,MDB,326,327,322,322,1760,573203
2020-08-13,MDB,317,327,317,322,1190,382533
2020-08-16,MDB,316,331,316,329,3720,1210792
2020-08-17,MDB,334,338,330,336,4804,1608264
2020-08-18,MDB,338,338,330,337,2320,777362
2020-08-19,MDB,331,334,326,326,3617,1197964
2020-08-20,MDB,332,332,327,328,1739,570808
2020-08-23,MDB,324,330,324,328,2223,729134
2020-08-24,MDB,333,337,329,337,10257,3407667
2020-08-25,MDB,340,342,330,336,6167,2075489
2020-08-26,MDB,339,342,335,337,7471,2538741
2020-08-27,MDB,340,340,332,340,5283,1786273
2020-08-30,MDB,336,345,336,344,2109,721097
2020-08-31,MDB,349,349,335,335,4522,1535920
2020-09-02,MDB,341,344,335,335,2746,935219
2020-09-03,MDB,346,351,340,341,6698,2300934
2020-09-06,MDB,347,353,338,338,2342,797546
2020-09-07,MDB,344,347,335,338,2316,783023
2020-09-08,MDB,343,343,335,337,4090,1380095
2020-09-09,MDB,342,342,334,336,3377,1134370
2020-09-10,MDB,340,350,340,350,16418,5640262
2020-09-13,MDB,350,365,350,365,16775,5992191
2020-09-14,MDB,381,381,360,365,8352,3042984
2020-09-15,MDB,378,378,362,368,6469,2374741
2020-09-16,MDB,374,374,361,364,1936,703872
2020-09-17,MDB,380,380,359,380,16720,6179156
2020-09-20,MDB,399,399,374,381,14445,5547604
2020-09-21,MDB,374,380,373,377,6783,2544069
2020-09-22,MDB,374,375,366,370,8964,3315315
2020-09-23,MDB,370,374,363,370,12489,4576720
2020-09-24,MDB,369,369,360,364,11855,4320110
2020-09-27,MDB,361,368,361,364,6480,2361011
2020-09-28,MDB,364,368,361,362,5439,1972560
2020-09-29,MDB,357,365,356,358,5965,2150526
2020-09-30,MDB,356,360,354,357,6957,2475384
2020-10-01,MDB,357,369,355,365,15438,5595509
2020-10-04,MDB,372,386,367,377,13931,5207027
2020-10-05,MDB,380,381,373,374,6921,2596859
2020-10-06,MDB,370,375,370,375,6425,2405066
2020-10-07,MDB,375,375,372,372,3978,1487700
2020-10-08,MDB,375,375,368,368,7622,2824289
2020-10-11,MDB,368,373,362,364,9106,3328156
2020-10-12,MDB,361,387,361,379,18331,6838132
2020-10-13,MDB,381,395,378,379,29825,11458864
2020-10-14,MDB,377,377,372,372,2849,1066918
2020-10-15,MDB,375,378,373,373,4959,1859417
2020-10-18,MDB,366,374,366,369,4168,1539968
2020-10-19,MDB,369,374,366,369,4085,1506530
2020-10-20,MDB,375,375,369,371,1318,488094
2020-10-21,MDB,360,381,360,375,2746,1028980
2020-10-22,MDB,375,380,375,379,5518,2086042
2020-10-28,MDB,384,398,378,392,9500,3688097
2020-10-29,MDB,390,395,385,389,17125,6678124
2020-11-01,MDB,395,396,387,387,10997,4301919
2020-11-02,MDB,388,389,385,385,2353,910097
2020-11-03,MDB,390,390,384,384,3215,1239413
2020-11-04,MDB,382,387,382,387,4594,1765159
2020-11-05,MDB,387,390,380,381,6277,2398126
2020-11-08,MDB,380,385,375,381,9128,3473596
2020-11-09,MDB,385,385,378,380,4077,1549651
2020-11-10,MDB,377,380,375,377,6466,2443779
2020-11-11,MDB,379,383,378,383,6050,2297460
2020-11-12,MDB,380,380,377,379,9924,3760859
2020-11-18,MDB,372,380,372,373,14978,5612032
2020-11-19,MDB,375,380,369,371,15227,5658939
2020-11-22,MDB,378,378,366,367,22280,8263648
2020-11-23,MDB,362,367,360,366,13544,4936661
2020-11-24,MDB,368,372,365,368,21253,7832603
2020-11-25,MDB,369,380,364,371,34453,12835390
2020-11-26,MDB,375,380,370,371,15065,5628727
2020-11-29,MDB,378,408,378,405,39295,15650088
2020-11-30,MDB,413,426,407,425,51657,21485333
2020-12-01,MDB,425,425,408,412,18345,7580225
2020-12-02,MDB,419,439,404,431,33987,14381235
2020-12-03,MDB,431,431,406,419,11590,4812124
2020-12-06,MDB,439,439,402,402,34535,14310950
2020-12-07,MDB,410,418,399,407,15048,6115791
2020-12-08,MDB,407,407,395,395,16071,6420142
2020-12-09,MDB,414,414,385,385,12923,5057035
2020-12-10,MDB,384,387,380,382,5823,2231405
2020-12-13,MDB,401,401,385,392,4837,1875327
2020-12-14,MDB,395,396,389,393,15025,5912507
2020-12-15,MDB,398,400,388,390,11449,4492871
2020-12-16,MDB,390,390,382,382,18556,7146174
2020-12-17,MDB,389,391,383,386,9764,3765373
2020-12-20,MDB,391,391,366,372,17411,6636147
2020-12-21,MDB,365,386,352,381,8420,3136470
2020-12-22,MDB,388,396,388,390,11223,4399870
2020-12-23,MDB,393,393,383,388,5457,2111281
2020-12-24,MDB,385,385,381,384,3995,1529372
2020-12-27,MDB,378,384,378,383,7332,2803101
2020-12-28,MDB,388,395,383,387,11479,4425080
2020-12-29,MDB,343,343,323,324,7771,2564119
2020-12-30,MDB,324,329,314,315,8806,2819357
2020-12-31,MDB,315,325,314,325,8763,2789930
2021-01-03,MDB,321,337,321,331,7664,2518645
2021-01-04,MDB,331,334,325,325,4768,1577155
2021-01-05,MDB,325,336,323,332,5714,1879270
2021-01-06,MDB,332,332,328,328,3098,1017068
2021-01-07,MDB,330,334,330,330,9770,3244891
2021-01-10,MDB,336,338,330,336,17377,5844540
2021-01-11,MDB,340,340,337,340,9019,3052252
2021-01-12,MDB,343,344,338,342,7004,2383728
2021-01-13,MDB,346,346,341,345,4493,1545283
2021-01-17,MDB,340,360,340,360,11673,4086554
2021-01-18,MDB,367,367,363,365,10056,3661026
2021-01-19,MDB,365,365,351,360,7962,2858294
2021-01-20,MDB,355,363,353,359,3800,1364674
2021-01-21,MDB,358,365,355,359,11250,4067962
2021-01-24,MDB,356,363,356,359,10879,3898703
2021-01-25,MDB,357,360,350,360,11572,4133074
2021-01-26,MDB,363,379,356,368,36731,13473786
2021-01-27,MDB,361,362,358,360,5632,2029945
2021-01-28,MDB,360,360,347,350,13704,4824823
2021-01-31,MDB,343,350,343,343,14925,5141369
2021-02-01,MDB,346,352,345,349,6704,2337580
2021-02-02,MDB,350,366,348,358,16467,5836123
2021-02-03,MDB,358,358,351,351,8761,3085621
2021-02-04,MDB,351,355,350,353,9970,3506356
2021-02-07,MDB,349,353,344,350,11174,3912639
2021-02-08,MDB,354,357,348,355,10851,3840118
2021-02-09,MDB,360,360,350,351,8497,3012799
2021-02-10,MDB,350,357,350,350,5929,2089926
2021-02-11,MDB,350,355,349,351,7524,2646696
2021-02-14,MDB,351,358,347,347,11900,4176077
2021-02-15,MDB,364,371,345,350,9796,3438115
2021-02-16,MDB,355,355,349,351,15276,5355410
2021-02-17,MDB,351,356,349,353,7267,2557119
2021-02-18,MDB,350,358,350,354,13529,4794116
2021-02-21,MDB,356,372,356,364,22343,8134619
2021-02-22,MDB,370,370,355,357,23118,8355479
2021-02-23,MDB,352,356,344,349,17697,6164449
2021-02-24,MDB,349,360,345,354,21116,7401534
2021-02-25,MDB,354,355,346,348,13587,4724973
2021-02-28,MDB,344,348,336,337,16198,5502637
2021-03-01,MDB,332,343,331,342,7320,2485379
2021-03-02,MDB,342,350,335,335,10342,3530982
2021-03-03,MDB,334,340,328,333,10666,3529422
2021-03-04,MDB,336,341,336,340,13467,4580095
2021-03-07,MDB,340,340,336,336,2121,714828
2021-03-09,MDB,330,339,330,339,4826,1611307
2021-03-10,MDB,344,344,334,337,2030,680669
2021-03-14,MDB,337,337,320,330,9958,3265945
2021-03-15,MDB,325,332,325,330,2401,787039
2021-03-16,MDB,325,330,325,330,3168,1037791
2021-03-17,MDB,326,333,326,328,3142,1033569
2021-03-18,MDB,329,336,329,334,4020,1342533
2021-03-21,MDB,340,345,333,337,4412,1489998
2021-03-22,MDB,336,337,333,334,2914,974055
2021-03-23,MDB,335,336,330,335,3199,1066297
2021-03-24,MDB,339,353,339,344,9046,3091032
2021-03-25,MDB,343,343,335,342,8254,2797738
2021-03-29,MDB,340,340,333,339,2387,799450
2021-03-30,MDB,335,338,331,338,8046,2687588
2021-03-31,MDB,338,342,332,338,8147,2749549
2021-04-01,MDB,340,342,335,337,14423,4862708
2021-04-04,MDB,335,342,332,341,14276,4840552
2021-04-05,MDB,342,347,338,340,5124,1752044
2021-04-06,MDB,335,340,335,340,5245,1772375
2021-04-07,MDB,341,346,341,342,10868,3738231
2021-04-08,MDB,345,350,342,348,7182,2497667
2021-04-12,MDB,350,380,350,374,62287,22812519
2021-04-13,MDB,380,406,368,390,60135,23128080
2021-04-15,MDB,390,398,379,380,27294,10601293
2021-04-18,MDB,387,390,370,377,21016,7864086
2021-04-19,MDB,370,376,360,369,32497,11913804
2021-04-20,MDB,369,376,363,372,16389,6068571
2021-04-21,MDB,370,375,360,364,8589,3138229
2021-04-22,MDB,364,378,358,378,38607,14342105
2021-04-25,MDB,385,390,363,365,19216,7191228
2021-04-26,MDB,365,365,351,351,21831,7782372
2021-04-27,MDB,357,379,351,377,12031,4355451
2021-04-28,MDB,378,378,360,363,6547,2387908
2021-04-29,MDB,356,383,356,374,30693,11328898
2021-05-02,MDB,378,382,371,375,19569,7346444
2021-05-03,MDB,374,379,365,367,21411,7951671
2021-05-04,MDB,370,379,363,366,9299,3390407
2021-05-05,MDB,366,372,362,363,6382,2332235
2021-05-06,MDB,359,368,356,364,10648,3839636
2021-05-09,MDB,365,379,362,367,19952,7399175
2021-05-10,MDB,370,374,367,367,5654,2087434
2021-05-11,MDB,367,372,365,368,17625,6513064
2021-05-12,MDB,368,372,365,365,9586,3531240
2021-05-13,MDB,371,375,368,375,16160,6012779
2021-05-16,MDB,378,394,378,387,50234,19420490
2021-05-17,MDB,387,425,387,420,179801,74002002
2021-05-18,MDB,431,450,429,447,88491,39182835
2021-05-19,MDB,462,462,423,428,48763,21038450
2021-05-20,MDB,421,470,418,468,154564,68909996
2021-05-23,MDB,468,514,452,499,167492,81829781
2021-05-24,MDB,499,504,475,482,121745,59102301
2021-05-25,MDB,485,486,468,469,66953,31750807
2021-05-27,MDB,460,500,455,482,45638,21924216
2021-05-30,MDB,490,512,478,502,124634,61980671
2021-05-31,MDB,510,520,478,483,47150,22909707
2021-06-01,MDB,483,483,465,474,53022,25170698
2021-06-02,MDB,473,518,472,505,134286,67104389
2021-06-03,MDB,515,555,515,537,222849,120386014
2021-06-06,MDB,563,585,515,585,104790,55671635
2021-06-07,MDB,585,585,545,582,97355,55795463
2021-06-08,MDB,611,637,588,620,183058,112061130
2021-06-09,MDB,651,651,573,585,127313,75749061
2021-06-10,MDB,610,625,561,611,142575,83743601
2021-06-13,MDB,619,672,603,672,191269,124885140
2021-06-14,MDB,705,705,651,671,92296,62967275
2021-06-15,MDB,700,700,623,636,88659,57143768
2021-06-16,MDB,624,640,581,610,69055,42275574
2021-06-17,MDB,600,628,580,613,86286,52631025
2021-06-20,MDB,613,613,570,584,38779,22786030
2021-06-21,MDB,584,600,546,555,49108,27905516
2021-06-22,MDB,555,593,544,589,41898,23993929
2021-06-23,MDB,590,599,555,561,28508,16458396
2021-06-24,MDB,560,574,550,555,25159,14029253
2021-06-27,MDB,566,566,540,540,21336,11655006
2021-06-28,MDB,550,550,530,535,10809,5830498
2021-06-29,MDB,532,532,508,510,23872,12297411
2021-06-30,MDB,535,545,495,530,37381,18901533
2021-07-01,MDB,556,567,528,559,55507,30746471
2021-07-04,MDB,565,577,544,544,33104,18395550
2021-07-05,MDB,517,550,517,537,12337,6651284
2021-07-06,MDB,539,543,527,535,12090,6463648
2021-07-07,MDB,530,540,530,535,7340,3921065
2021-07-08,MDB,535,550,535,547,15614,8466474
2021-07-11,MDB,550,594,550,592,39097,22555271
2021-07-12,MDB,597,613,570,579,47875,28273028
2021-07-13,MDB,607,607,577,590,20088,11803513
2021-07-14,MDB,591,591,580,582,13284,7751519
2021-07-15,MDB,590,593,583,586,13500,7951283
2021-07-18,MDB,575,627,575,620,44049,27219505
2021-07-19,MDB,632,644,608,612.9,24554,15223174.2
2021-07-20,MDB,606.1,615,606,612,18924,11553210.8
2021-07-22,MDB,624,624,604,605,18148,11045640
2021-07-25,MDB,610,615,604,607,24548,14935786.7
2021-07-26,MDB,605,610,595,607,31292,18897638
2021-07-27,MDB,596,615,595,611,38818,23500309
2021-07-28,MDB,623,635,613,618,24734,15351766.2
2021-07-29,MDB,624,663.5,614,638,63817,40783966.5
2021-08-01,MDB,645,650,626,628,38629,24547978.8
2021-08-02,MDB,635,635,610,618,17091,10556441.4
2021-08-03,MDB,620,629,610.2,622,20697,12836314.2
2021-08-04,MDB,625,638.4,616,624,37609,23458813.1
2021-08-05,MDB,636.4,660,627,646,100612,65086301
2021-08-08,MDB,655,703.8,655,683,127660,86634369.4
2021-08-09,MDB,690,690,668.1,675,57887,39067990.6
2021-08-10,MDB,688,737,680,727,167727,119578307.7
2021-08-11,MDB,741.5,788.4,706,729,103126,75254641
2021-08-12,MDB,742,785,729,765,112891,86209711.9
2021-08-15,MDB,750,760,706.6,735,115432,84058843.7
2021-08-16,MDB,740,749,706,744,72444,52809820.2
2021-08-17,MDB,758.8,805,750,780,108354,84387663.1
2021-08-18,MDB,795,837,790,823,107850,87962343.1
2021-08-19,MDB,835,873.2,790,795,100298,81546535.1
2021-08-24,MDB,796,810,759,760,65370,50869581.6
2021-08-25,MDB,746,760,730,735,59169,44016667.5
2021-08-26,MDB,740,780,723,780,122481,92250258.4
2021-08-29,MDB,795,858,768,822,164946,133805868.3
2021-08-31,MDB,822,845,789.9,836,181102,150264355.5
2021-09-01,MDB,852,860,810,811,65547,54218863.3
2021-09-02,MDB,823,843.5,795,799,103850,84385780.3
2021-09-05,MDB,787,799,719.1,726,130079,96934674.4
2021-09-06,MDB,715,798.6,711.5,798.6,96164,73482499.5
2021-09-07,MDB,814.5,814.5,757.4,779,44491,34837187.4
2021-09-08,MDB,770,780,746,780,38523,29197484
2021-09-09,MDB,780,793,749.7,773,45442,34900089
2021-09-12,MDB,780,795,770,789,93465,73216202
2021-09-13,MDB,804,810,768,775,53044,41529497.4
2021-09-14,MDB,780,785,750,762,34486,26192701.3
2021-09-15,MDB,760,762,739,747,29182,21838194.5
2021-09-16,MDB,733,733,700,703.1,56308,40206965.1
2021-09-20,MDB,700,714,655,655,52945,35868745.2
2021-09-21,MDB,642,693,606.4,647,68043,44091141.7
2021-09-22,MDB,659,710,659,700,61372,42106619.7
2021-09-23,MDB,710,720,680,694,40791,28593074.5
2021-09-26,MDB,700,714,668,670,31920,21880459.7
2021-09-27,MDB,657,670,631.1,643,37310,23855216.4
2021-09-28,MDB,631,665,610,620,20535,12907931
2021-09-29,MDB,630,640,585,635,40184,24598825
2021-09-30,MDB,635,640,612,620,11988,7450306
2021-10-03,MDB,615,632,588,595,33710,20292142.2
2021-10-04,MDB,590,600,572.4,576,21737,12650116.2
2021-10-05,MDB,587.5,609,575.9,600,23659,13988584.4
2021-10-06,MDB,612,618,577,606,38765,23279042.7
2021-10-10,MDB,618.1,632,606,610,31680,19483194.6
2021-10-11,MDB,605,607,590,605.9,23311,13968818.2
2021-10-17,MDB,618,618,603.4,607,6155,3735214.9
2021-10-18,MDB,595.2,604,585,585.1,18806,11116595.4
2021-10-19,MDB,573.4,575.3,545,556,31525,17556911.6
2021-10-20,MDB,567.1,590,560,579,32154,18639421.9
2021-10-21,MDB,587,587,562.6,562.6,11236,6437824
2021-10-24,MDB,572.9,576,565,570,7238,4142829.7
2021-10-25,MDB,581,616,577,613,32482,19500193.3
2021-10-26,MDB,625,644,615.1,638,41311,26182946.8
2021-10-27,MDB,650,673.2,625,673.2,39368,25439680.2
2021-10-28,MDB,660,670,645,662,16578,10937286
2021-10-31,MDB,669,705,656,696,37012,25270092.2
2021-11-01,MDB,690,709,662.5,670.1,50758,34771359.9
2021-11-02,MDB,665,701,660,694,42309,28810617.6
2021-11-03,MDB,707.8,707.8,672,681,27763,19129694.9
2021-11-08,MDB,693,694,665,668,12886,8688732.8
2021-11-09,MDB,660.1,670,637,649,41074,26698322
2021-11-11,MDB,636.1,647,614,619,25968,16215005.4
2021-11-14,MDB,611.2,637.2,607,633.8,9817,6095616.4
2021-11-15,MDB,646.4,660,643.1,660,29351,19085552.5
2021-11-16,MDB,660,678,647,670,27788,18503050
2021-11-17,MDB,670,683,654.7,655,66572,44112405.1
2021-11-18,MDB,652,658.9,639,639,20490,13219202.5
2021-11-21,MDB,626.3,651.5,626.3,640,13643,8727364
2021-11-22,MDB,649,651,639,643,11357,7304513.8
2021-11-23,MDB,635,645,620,645,37937,23871441.4
2021-11-24,MDB,632.1,647,621,638,10605,6703694.6
2021-11-25,MDB,638,649,630.7,640,4959,3149366
2021-11-28,MDB,628,633,606,618,18485,11348069.7
2021-11-29,MDB,620,621,597,612,11649,7057944.5
2021-11-30,MDB,623,623,582,595,17068,10165806
2021-12-01,MDB,586,619,586,608,9144,5508793.5
2021-12-02,MDB,598,600,576.1,579.9,15263,8932774.3
2021-12-05,MDB,570.1,585.9,548,560,20707,11622404
2021-12-06,MDB,571,572.2,516,568,35630,19213570.9
2021-12-07,MDB,579.3,586,540,541,15752,8825761.7
2021-12-08,MDB,549.5,549.5,513,527,13534,7146083.9
2021-12-09,MDB,518,524.1,499,514.9,21023,10726847.8
2021-12-12,MDB,509.6,509.6,477.3,477.3,23083,11297387.4
2021-12-13,MDB,468,477.8,442.1,453,19215,8711358.5
2021-12-14,MDB,462,497.7,460,497.7,8884,4285385.8
2021-12-15,MDB,507.6,536.5,487,509,20622,10633409.6
2021-12-16,MDB,501,510.8,482,482,11874,5827433.3
2021-12-20,MDB,482,487,465,468,7810,3687407
2021-12-21,MDB,477,486.5,472,485.1,7476,3590383.9
2021-12-22,MDB,494,525,490,525,28398,14347862.7
2021-12-23,MDB,527,534,507,526,14862,7745010
2021-12-26,MDB,525,525,509,521,43352,22229957.3
2021-12-27,MDB,521,530,496,518.2,19476,9899251.3
2021-12-28,MDB,507.9,518,494.3,502,35434,17758309.5
2021-12-29,MDB,434.3,451.9,434.3,448.8,11070,4903829.2
2022-01-02,MDB,451,457,440,457,15567,7009825
2022-01-03,MDB,450,477.4,450,470,11624,5404633
2022-01-04,MDB,478,490,460.6,490,21181,10186241.5
2022-01-05,MDB,492,517.4,485,498,34491,17186160.3
2022-01-06,MDB,488.1,504,478.4,504,15831,7817519.9
2022-01-09,MDB,514,531.4,503,531.4,25393,13253588.7
2022-01-10,MDB,542,559.9,532,555,53492,29201550.5
2022-01-11,MDB,548,605,546,605,78608,45965506
2022-01-12,MDB,606,617,576.5,585,74199,44379816.3
2022-01-13,MDB,574,595.5,574,594,44990,26353635.4
2022-01-16,MDB,600,609,595,599,72009,43349424.5
2022-01-17,MDB,592,604.9,590,593,13715,8130291.9
2022-01-18,MDB,584,599,575,584,26073,15342290
2022-01-19,MDB,595.6,595.6,558,569,26638,15195511
2022-01-20,MDB,560,588,558,585,23805,13740598
2022-01-23,MDB,596.7,605,564,576,30333,17588448.7
2022-01-24,MDB,572,572,545.6,556,37271,20768196.5
2022-01-25,MDB,556,566,544.9,548,23541,13096243.5
2022-01-26,MDB,554,555,530,537,15952,8575243.1
2022-01-27,MDB,547,547,535.1,535.6,9486,5097970.9
2022-01-30,MDB,546,570,546,570,25868,14485009.5
2022-01-31,MDB,572,575,558,560,11671,6556344.2
2022-02-01,MDB,559,569,551,562.1,11373,6369531.2
2022-02-03,MDB,570,576.9,559,559,25063,14244673.3
2022-02-06,MDB,548,559,545,546,6763,3709857
2022-02-07,MDB,550,555,540,549,9727,5304232.9
2022-02-08,MDB,559,569.5,538,538,13691,7458093.1
2022-02-09,MDB,536,536,523,536,15569,8253473.9
2022-02-10,MDB,536,537,525,527.3,8019,4248451.9
2022-02-13,MDB,516.8,520,495,497.9,27560,13865201.4
2022-02-14,MDB,490,507,490,500.2,6984,3499750.8
2022-02-15,MDB,507,517,501.1,515,5813,2953598.1
2022-02-16,MDB,510,525,505,505,8805,4495125
2022-02-17,MDB,500,513.7,500,513.7,5917,2993907.4
2022-02-20,MDB,513.7,513.7,495.1,500,9379,4721067.8
2022-02-21,MDB,505,508,500,501,2888,1448442.2
2022-02-22,MDB,510,517,505.1,512,9434,4802965.4
2022-02-23,MDB,512,515,501,505,5199,2624423
2022-02-24,MDB,500,503,485,486,9575,4703929.4
2022-02-27,MDB,492,493,475,493,7684,3717707.8
2022-02-28,MDB,495,495,465,473,9361,4460110.1
2022-03-02,MDB,470,470,460,461,15496,7173137
2022-03-06,MDB,463,477,460,469,12272,5743467.2
2022-03-07,MDB,478,478,460,460,7007,3267663.4
2022-03-09,MDB,467,467,439,439.1,17172,7639209.8
2022-03-10,MDB,435,463,432,463,11083,4982009.4
2022-03-13,MDB,470,500,465,500,25909,12575823.9
2022-03-14,MDB,505,505,482.2,488,8976,4440436.5
2022-03-15,MDB,489,502.8,484,501,24378,12039797.7
2022-03-16,MDB,510,511,495,499.8,13068,6509355.4
2022-03-20,MDB,508,508,488,498,13538,6666899.5
2022-03-21,MDB,505,515,490.3,511,20713,10429513.3
2022-03-22,MDB,518,525,510,524,25249,13107204.7
2022-03-23,MDB,514,521,512.2,517,9821,5055591.9
2022-03-24,MDB,510,510,497,499,20682,10422316.9
2022-03-27,MDB,502,502,480,482,13854,6777285.9
2022-03-28,MDB,480,486,467,470,21243,10079873.2
2022-03-29,MDB,469,479.4,464,470,7900,3711622
2022-03-30,MDB,479,492,464,487,7898,3799825.5
2022-03-31,MDB,480,489,473.1,473.1,8891,4259911.7
2022-04-03,MDB,466.1,469,466,469,6164,2876907.3
2022-04-04,MDB,470,475,461,463.5,4066,1899362.4
2022-04-05,MDB,456,465,447,451.1,15037,6820475.7
2022-04-06,MDB,443,458,443,455,7940,3583034.7
2022-04-07,MDB,459,471.9,451,466.9,9703,4471807.3
2022-04-11,MDB,470,477,459,472,10192,4769559
2022-04-12,MDB,462.6,462.6,450.8,453,3488,1582991.1
2022-04-13,MDB,461,461,436.2,461,6104,2771249.1
2022-04-17,MDB,451.8,459,444.1,445,5471,2456583.1
2022-04-18,MDB,438.5,451,430,445,16656,7383498.3
2022-04-19,MDB,452.9,462,436.1,453.9,7180,3215179
2022-04-20,MDB,455,455,438,439.1,2350,1039122.2
2022-04-21,MDB,432,445,425.1,445,6034,2632333.8
2022-04-24,MDB,453,479.1,445,471,9752,4496818.8
2022-04-25,MDB,470,475,455,461,9822,4579245.7
2022-04-26,MDB,461,461,443.1,447,1171,529572
2022-04-27,MDB,442.2,454.9,442,450,3563,1601899
2022-04-28,MDB,444,455,438.3,447,7071,3136725.5
2022-05-02,MDB,438.3,444,430,430,4885,2118875.7
2022-05-04,MDB,421.5,437,414,423,7479,3139051.7
2022-05-05,MDB,416,416,402,416,14419,5883452.2
2022-05-08,MDB,416,416,399.7,415,5832,2365746.3
2022-05-09,MDB,415,420,410,410,3682,1530479.5
2022-05-10,MDB,417.9,426.2,411,426.2,6121,2557692
2022-05-11,MDB,427,455,427,453,13258,5738225.5
2022-05-12,MDB,458,461,436.1,439,6184,2745088.1
2022-05-17,MDB,432,432,410,416,3320,1379777.7
2022-05-18,MDB,410,419.2,402.1,419.2,2984,1226789.9
2022-05-19,MDB,412,418,403.9,407,3872,1585293
2022-05-20,MDB,410,415,406,410,2868,1179749.6
2022-05-23,MDB,402,405,395.1,400,2528,1009922.8
2022-05-24,MDB,400,415.9,400,411,7943,3221241.1
2022-05-25,MDB,415,417,408,414,4189,1733435
2022-05-26,MDB,407,414,406.9,414,2637,1078799.6
2022-05-27,MDB,410,410,402.2,405,2305,936226.4
2022-05-30,MDB,400,400.2,389.2,397.6,9040,3533928
2022-05-31,MDB,390,391.8,385,389,3841,1488345
2022-06-01,MDB,382.2,392,381.3,385,7286,2807245.6
2022-06-02,MDB,389,389,381,386,3708,1425471
2022-06-03,MDB,383.6,386,378.2,385,3934,1502109
2022-06-06,MDB,386,386,378.3,384,3942,1503081.7
2022-06-07,MDB,377,377,367,375,5774,2141472.8
2022-06-08,MDB,375,390,367.5,381.1,13374,5073863
2022-06-09,MDB,385,398,371.1,381.5,10928,4216471.6
2022-06-10,MDB,374,378,365,378,5824,2159664.6
2022-06-13,MDB,375,375,362,369,6209,2276748.8
2022-06-14,MDB,362,364,357,364,3145,1135980
2022-06-15,MDB,356.8,371,349.7,371,8720,3085794.6
2022-06-16,MDB,364,376,356.4,367,3896,1429921.7
2022-06-17,MDB,361,367,361,367,50,18110
2022-06-19,MDB,359.7,360,337.2,338.8,14320,4934069.8
2022-06-20,MDB,333,333,315,323,15492,4988982.7
2022-06-21,MDB,323,341.7,323,338,7977,2666838.4
2022-06-22,MDB,333,333,314.1,322,3796,1231314.3
2022-06-23,MDB,318,318,308,314,8179,2534150
2022-06-24,MDB,315,325.2,312.7,318.7,6128,1957320.2
2022-06-26,MDB,325,346,312.5,346,10689,3582098
2022-06-27,MDB,348,349,332,342,13868,4684198.6
2022-06-28,MDB,340,340,320.1,336,7813,2555971.5
2022-06-29,MDB,336,345.7,336,341,7625,2590782
2022-06-30,MDB,345,375.1,338.1,373,33433,12182767.2
2022-07-01,MDB,366,378,363,372,10528,3886275.8
2022-07-03,MDB,374,382,358,381,11642,4345282.8
2022-07-04,MDB,387,408,362,362,29524,11330882.5
2022-07-05,MDB,362,383,356.1,364,18494,6708438.5
2022-07-06,MDB,364,374,351,374,13200,4745818.8
2022-07-07,MDB,381.4,389,360,369,10506,3860789.2
2022-07-08,MDB,362,362,348,358,13167,4623486
2022-07-11,MDB,350.9,350.9,331,335,13725,4624836.7
2022-07-12,MDB,335,341.2,322,337.9,15046,4960898.5
2022-07-13,MDB,340,355.5,329.3,355.5,22999,7943795.9
2022-07-14,MDB,360,362,350.1,359.9,12981,4631284.3
2022-07-15,MDB,353,360,346,347,4677,1645773.3
2022-07-17,MDB,345,355.2,341.5,350,5541,1938950
2022-07-18,MDB,346,356,344,355.8,5667,1993672
2022-07-19,MDB,356,369.9,356,360,18583,6728611.9
2022-07-20,MDB,360,372,355.1,365.1,13151,4761791.9
2022-07-21,MDB,358,364,357,363.9,11209,4022145.7
2022-07-22,MDB,357,360,350.3,359.9,9760,3463006.4
2022-07-24,MDB,355,377,347.9,377,29120,10535347.3
2022-07-25,MDB,382,414.7,377,410,46744,18484001.8
2022-07-26,MDB,402,414,390,390,37082,14799423
2022-07-27,MDB,396,405.6,381,405.6,26304,10311076.5
2022-07-28,MDB,410,430,401.8,420,62411,25994890.4
2022-07-29,MDB,420,438,404,438,51955,21941422.1
2022-07-31,MDB,438,447,430,441.5,27121,11834368.3
2022-08-01,MDB,435,442,427.9,428,39271,17038523.3
2022-08-02,MDB,435,435,415.8,429.4,32958,13923847.1
2022-08-03,MDB,428,438,423,431,22888,9855702.7
2022-08-04,MDB,435,435,415,418,22427,9412016.9
2022-08-05,MDB,418,420,403.6,403.6,9642,3948076
2022-08-07,MDB,405,418,400.9,412,13904,5695452.8
2022-08-08,MDB,417,420,400.1,408,9093,3717047.3
2022-08-09,MDB,400,403,388.1,388.2,15423,6073044.9
2022-08-10,MDB,383,394.9,382,385,12751,4927935.7
2022-08-11,MDB,389,391,378,380,11560,4439311.5
2022-08-14,MDB,380,387.6,367,367.1,9034,3415870.3
2022-08-15,MDB,368,396,368,396,15286,5897200.4
2022-08-16,MDB,403,404,382.2,383,20199,7974775
2022-08-17,MDB,390.6,399.9,385,390,13065,5133152.7
2022-08-18,MDB,397.8,407,391,402,19361,7761170.3
2022-08-21,MDB,405,415,401.8,404.5,15506,6292838
2022-08-22,MDB,400,407,394.5,396,9267,3690150.6
2022-08-23,MDB,397.2,401,395.2,395.2,5807,2308072.6
2022-08-24,MDB,402,403,392.1,401,6903,2742844.8
2022-08-25,MDB,402,408.7,391,391,14782,5847285
2022-08-26,MDB,391,391,385,385,5172,1999587
2022-08-28,MDB,378.1,385,370.5,372,10675,3999592.3
2022-08-29,MDB,370,378,369.9,377,6379,2392501
2022-08-30,MDB,384.5,388,374.6,374.6,1880,715822
2022-08-31,MDB,382,382,368,370,8934,3322937.5
2022-09-01,MDB,374,386,365.1,372.1,6638,2476845.9
2022-09-02,MDB,378,380,375,375,3242,1218237
2022-09-04,MDB,382,385.9,375,376.3,4199,1589657.5
2022-09-05,MDB,383.8,386,379.1,383,3779,1439641.1
2022-09-06,MDB,390,390,366,368,10351,3847114.6
2022-09-07,MDB,375,375,365,365,3842,1409921.6
2022-09-08,MDB,366,378.3,361,367.5,8825,3259704.6
2022-09-11,MDB,374.8,381,365.1,365.5,1986,732474
2022-09-12,MDB,365.6,365.6,361,361.5,1686,612072
2022-09-13,MDB,368.7,379.4,365.2,376.4,6434,2406508.9
2022-09-14,MDB,380,392,379,390,12749,4934654.1
2022-09-15,MDB,390,390,367,367.1,17158,6413732.2
2022-09-16,MDB,363,372,353,365,8355,3016743
2022-09-18,MDB,361.3,366,353,358,7725,2764891.2
2022-09-20,MDB,354,354,345,347.9,9953,3465519.2
2022-09-21,MDB,353,360,351,354,4495,1594818.9
2022-09-22,MDB,360,360,350.2,353.9,2410,846654.5
2022-09-25,MDB,347.5,351,347,350,4697,1634281.5
2022-09-27,MDB,356,357,351,355,6587,2338665
2022-09-28,MDB,355,355,352,352,414,146028
2022-09-29,MDB,359,359,353,358.5,705,252020.1
2022-10-09,MDB,365,390,362,388,9818,3675822.9
2022-10-10,MDB,380.3,385,367,371,6716,2505024.3
2022-10-11,MDB,363.8,366,360,360,2851,1037833.5
2022-10-12,MDB,360,380,360,370,3995,1485157.4
2022-10-13,MDB,364,375,364,374.8,8059,2994872.7
2022-10-16,MDB,373,380.4,371,372,9411,3513834
2022-10-17,MDB,368,375,368,372,1654,615685.2
2022-10-19,MDB,370,370,356,364.5,7409,2668994.8
2022-10-20,MDB,358,369.7,357.4,368,900,328479
2022-10-23,MDB,375,380,365,376,2738,1022395.4
2022-10-31,MDB,371,375,368.5,372,2034,757114.9
2022-11-01,MDB,379,386,374.5,385.5,10627,4038245.5
2022-11-02,MDB,383,394,379,385,14181,5495057.5
2022-11-03,MDB,380,385,376.2,382.7,4016,1523180
2022-11-06,MDB,386,393,383.9,393,9205,3575559.6
2022-11-07,MDB,399,399.9,380,385.9,16342,6373235.4
2022-11-08,MDB,384,390,384,388,2480,955639.5
2022-11-09,MDB,385,385,362,377.7,14081,5232230.7
2022-11-10,MDB,380,380,363.6,373,6036,2231800
2022-11-13,MDB,367,380,365.6,371.9,6261,2296580.8
2022-11-14,MDB,370.1,382.3,370,381.1,4115,1544859
2022-11-15,MDB,376,381,366,366,8679,3237914.1
2022-11-16,MDB,373.3,377,370,374,7998,2977124.4
2022-11-17,MDB,376.1,390,376.1,387,10747,4114371.5
2022-11-22,MDB,392,392,377.6,380,5628,2150594.2
2022-11-23,MDB,373,382,372.6,382,2237,850805
2022-11-24,MDB,375.2,397.8,375.2,391,12822,4996441.7
2022-11-27,MDB,391,396.9,389,395,15358,6038423.4
2022-11-28,MDB,398,398,384,387,7781,3014765.5
2022-11-29,MDB,381.5,390,381.5,385.1,3275,1260344.1
2022-11-30,MDB,381,389,377.9,384.8,4865,1868664.9
2022-12-01,MDB,389.5,392,383,386,6542,2541704
2022-12-04,MDB,390,397.7,386,388.9,13596,5312389.5
2022-12-05,MDB,396,396.6,383,388,15666,6106856.8
2022-12-06,MDB,392.9,393,382.1,386,10280,3966913.2
2022-12-07,MDB,392,392,383.2,383.5,6657,2576553.7
2022-12-11,MDB,380.7,380.7,377.1,377.1,7964,3012165.2
2022-12-12,MDB,377.1,382,371.4,382,15410,5771074.1
2022-12-13,MDB,375,381,375,376,1389,522135.6
2022-12-14,MDB,383,386,379,379,2457,942370.6
2022-12-15,MDB,372,377.9,372,377.9,4942,1848766.2
2022-12-18,MDB,380,380,372,372,10295,3842734.9
2022-12-19,MDB,370,382,369.1,376,2363,888091.3
2022-12-20,MDB,382,386,380,385.9,2770,1057225.5
2022-12-21,MDB,386,388.9,375.5,382,8465,3244569.2
2022-12-22,MDB,380,380,374.3,378,7612,2856961.5
2022-12-26,MDB,380,390,379,390,17855,6872182.8
2022-12-27,MDB,395,410.9,391.1,404.1,48662,19629174.3
2022-12-28,MDB,404,412.1,398,410,44273,18058125.5
2022-12-29,MDB,371,388,365,382,13048,4855931.2
2023-01-01,MDB,374.5,392,373,381,52184,20197175.7
2023-01-02,MDB,388,388,374.1,375,10192,3830702.8
2023-01-03,MDB,378,380,371,373,12081,4516213.1
2023-01-04,MDB,379,385,370.1,383,11972,4521215.8
2023-01-05,MDB,387,398,380,390.1,26382,10279368.3
2023-01-08,MDB,395,403,387.2,400,70406,27993996.6
2023-01-09,MDB,400,436,400,425,36344,15111516.2
2023-01-10,MDB,420,441,410,417,69083,29573725.9
2023-01-12,MDB,425,425,396,396,42934,17515259
2023-01-17,MDB,400,412,393,407,26393,10589244.9
2023-01-18,MDB,415,419.9,400.2,403,25988,10709540.6
2023-01-19,MDB,410,419.2,403.1,408,7776,3170633.8
2023-01-23,MDB,400.1,415,400,405.9,18785,7579184.7
2023-01-24,MDB,397.8,404,396.1,403,8151,3251503
2023-01-25,MDB,410.9,415,403,405.5,10120,4141171.2
2023-01-26,MDB,405.5,412,400.3,405,5816,2350885.3
2023-01-29,MDB,409.9,413,395,395,10292,4102061.7
2023-01-30,MDB,402.9,405,379,379,18459,7170714.4
2023-01-31,MDB,381,390.5,378,387,10061,3843213.7
2023-02-01,MDB,385,388,381,381,8033,3078604.4
2023-02-02,MDB,385,387,378,379,14829,5659676
2023-02-05,MDB,379,387.5,377,385,9180,3504344.3
2023-02-06,MDB,380,385,378.1,382,5865,2232793.6
2023-02-07,MDB,388,402.9,383,401.1,12776,5052910.9
2023-02-08,MDB,409,411,396,396,6851,2770749.8
2023-02-09,MDB,390.1,398.9,390.1,398,5678,2249424.8
2023-02-12,MDB,390.1,392.9,382.3,383,11477,4435224.2
2023-02-14,MDB,388,388,378,383.9,8745,3325831.9
2023-02-15,MDB,391,391,376.4,376.4,11394,4348583.5
2023-02-16,MDB,383.8,383.8,377.1,378.1,3629,1374883
2023-02-20,MDB,376.3,382,375,379.8,5655,2135265.3
2023-02-22,MDB,383,394.7,378,385,3551,1370059.8
2023-02-23,MDB,381.5,385,376,380,7846,2978272.3
2023-02-26,MDB,375,392,367.5,380,9278,3473737.7
2023-02-27,MDB,387.6,387.6,367,377,13360,5006332.5
2023-02-28,MDB,384.5,384.5,374,374.1,2557,964092
2023-03-01,MDB,371,379,371,373.2,1415,528396.7
2023-03-02,MDB,371,375,371,371.1,3966,1478228.4
2023-03-05,MDB,371,371,360,362,11063,4016977.5
2023-03-07,MDB,369,369.2,361,361,3795,1393295.4
2023-03-09,MDB,368,374,368,373,5027,1866204
2023-03-12,MDB,379.9,379.9,370,370,12061,4484968.2
2023-03-13,MDB,366.1,368,358,362.9,12508,4513667
2023-03-14,MDB,360,366,355,358,15131,5425300.2
2023-03-15,MDB,358,359,352,356,7732,2741992.2
2023-03-16,MDB,363,363,356,357.1,5535,1981708.2
2023-03-19,MDB,359,364.2,355.1,361,15242,5473748.7
2023-03-20,MDB,367,368,363.1,367.8,2310,846442
2023-03-22,MDB,373,373,360.5,365,2792,1015323.5
2023-03-23,MDB,358.9,368,358,368,12324,4478375.7
2023-03-26,MDB,361.1,368,361,367,14202,5187302.7
2023-03-27,MDB,370,381,363,377,17687,6561458.8
2023-03-28,MDB,380,381.9,368.6,368.9,8895,3336866.6
2023-03-29,MDB,361.6,380.9,361.6,374.9,3608,1333288.6
2023-03-30,MDB,379.7,379.7,368.3,375.1,1458,539933.3
2023-04-02,MDB,376,376,371,375,9994,3722997.7
2023-04-03,MDB,367.5,369,362.2,369,4001,1460841.5
2023-04-04,MDB,369.5,369.5,362.2,369,850,309731.2
2023-04-05,MDB,363,370,363,366,472,173755
2023-04-06,MDB,359.1,366.1,359,359,3306,1192755.6
2023-04-09,MDB,356.1,358,353,353,4088,1451960.6
2023-04-10,MDB,353,359.9,353,359.8,852,303106.6
2023-04-11,MDB,364.9,366.9,352.9,362,6375,2263042.8
2023-04-12,MDB,368,379,368,378.9,2483,933556.7
2023-04-13,MDB,373,380,366.1,366.1,4240,1589627
2023-04-16,MDB,373,373,362,363.5,508,184524.5
2023-04-17,MDB,360,365,360,360,1513,545832
2023-04-18,MDB,355,374.8,355,374,10832,4006534.2
2023-04-19,MDB,366.6,373.7,363,373.7,295,108344
2023-04-20,MDB,369,375,364.1,365.1,2958,1092378
2023-04-23,MDB,364,370.9,361.2,370.9,2532,927549.5
2023-04-24,MDB,374.6,374.6,364,365.1,4238,1557104.5
2023-04-25,MDB,370,370,365,367,555,203860
2023-04-26,MDB,374,374.3,365,366.1,1532,565550.2
2023-04-27,MDB,366,369,366,366.1,858,314723
2023-04-30,MDB,370,370,358,359,1614,583630.4
2023-05-02,MDB,365,365,352.1,353.1,1844,660355.8
2023-05-03,MDB,360,360,350.3,350.3,915,322764.6
2023-05-04,MDB,357.3,367,357.3,362,360,131178
2023-05-07,MDB,358,363,358,361.5,2324,840157.8
2023-05-08,MDB,361,361,357.1,357.2,2892,1033897.9
2023-05-09,MDB,364.3,364.3,355.2,356.1,1367,490841.5
2023-05-10,MDB,360,363.1,360,360,236,85270
2023-05-11,MDB,360,360,357,357,6044,2174389.8
2023-05-14,MDB,353,359,352,359,867,306787.1
2023-05-15,MDB,359.9,364,357,360,2488,894802.1
2023-05-16,MDB,362,364,359,364,632,228313.2
2023-05-17,MDB,365,370,364,370,3262,1194082
2023-05-18,MDB,370,382,365.1,375.1,7928,3016946.5
2023-05-21,MDB,370,385,370,375,10339,3923926.6
2023-05-22,MDB,373,380,371.2,377.5,2472,924092.5
2023-05-23,MDB,384,387.4,379,387.4,7259,2787000.8
2023-05-24,MDB,394.9,394.9,381.4,387,7297,2817324
2023-05-28,MDB,387,393.9,380.1,380.1,26950,10523429.6
2023-05-30,MDB,375,375,370,371,5065,1886758.5
2023-05-31,MDB,365,377,359.1,366,5615,2046862.4
2023-06-01,MDB,369,370,360.1,366,28362,10298702.9
2023-06-04,MDB,373,380,370,375,3444,1292269.3
2023-06-05,MDB,381,381,373.2,373.2,12941,4855755.4
2023-06-06,MDB,380,380,366,372.3,1677,618996.4
2023-06-07,MDB,372.1,378,372.1,374,2229,837263.1
2023-06-08,MDB,367.3,378,367.3,375.5,3645,1369218.2
2023-06-11,MDB,379,392,379,391.5,22306,8687796.7
2023-06-12,MDB,392,395.9,378.1,386,10012,3844989.7
2023-06-13,MDB,390.9,393.7,382,385.3,12701,4934131.1
2023-06-14,MDB,379.5,395,379.5,390,19095,7447723.3
2023-06-15,MDB,390,390,377,388.8,11526,4411840
2023-06-18,MDB,384.5,393,382,392,22451,8661027.5
2023-06-19,MDB,388.1,410,388.1,400,36867,14762840.7
2023-06-20,MDB,408,414,395,396.9,39632,16036343.5
2023-06-21,MDB,397,401,390.2,391,8586,3395411.5
2023-06-22,MDB,391.7,395,383,389.8,6208,2413004.8
2023-06-25,MDB,390.5,414,388,408.9,28288,11472292.3
2023-06-26,MDB,411,419.9,406.2,418.8,34109,14134721.9
2023-06-27,MDB,418,432,415.1,430,34959,14837192.9
2023-06-28,MDB,434,434,410,416,16814,7006292.1
2023-07-02,MDB,415,415,399,409,17189,7000070.4
2023-07-03,MDB,403,414,400,404.9,11245,4555207.4
2023-07-04,MDB,412.9,421,397,403,10951,4416623
2023-07-05,MDB,396.1,410,395,395,13144,5248516
2023-07-06,MDB,400,400,392,396,7753,3068745
2023-07-09,MDB,396,406,394.6,401,18388,7329494
2023-07-10,MDB,409,409,390,395,12290,4868886.6
2023-07-11,MDB,398.8,416.7,398.6,409.9,25701,10546925.2
2023-07-12,MDB,418,418,409.8,413,13776,5691801.8
2023-07-13,MDB,419.5,421.2,402,403,21359,8775887.4
2023-07-16,MDB,400.5,410,395.1,404.1,16883,6752094.9
2023-07-17,MDB,408,420,403,420,4705,1946088.3
2023-07-18,MDB,425,426.9,409,417,21086,8796862.1
2023-07-19,MDB,419,420,412.1,417.7,7992,3332573.9
2023-07-20,MDB,418,419,413,417.9,7604,3165825.5
2023-07-23,MDB,418.9,432,418.9,428.1,30164,12821247.4
2023-07-24,MDB,428,436,412,413,27199,11432562.4
2023-07-25,MDB,410.3,415,409,410,7057,2899070.1
2023-07-26,MDB,403.3,415,403.3,406.2,10149,4152850.5
2023-07-27,MDB,405,413,402,406,8114,3299372.4
2023-07-30,MDB,403,404,394,399.8,7771,3100581
2023-07-31,MDB,405,411.9,402.1,409,7054,2871410.1
2023-08-01,MDB,410,410,397.2,397.2,2742,1109318.7
2023-08-02,MDB,400,403.6,400,400,1850,743405.5
2023-08-03,MDB,407,408,396.1,396.1,4495,1801161.6
2023-08-06,MDB,404,410.9,388,393,13275,5251839.9
2023-08-07,MDB,392,402,388.2,393.1,4837,1917408.8
2023-08-08,MDB,400,400,388,388.2,6465,2531013.5
2023-08-09,MDB,390,404,388,403,8731,3435702
2023-08-10,MDB,405,405,396,402,4411,1765570.5
2023-08-13,MDB,404,405,400,402,8438,3398304.3
2023-08-14,MDB,409,409,397,402,9136,3658103.4
2023-08-15,MDB,400,405,392,392.1,12733,5054697.6
2023-08-16,MDB,391,395,390,390,3412,1339096
2023-08-17,MDB,397.8,405,392,400.8,8546,3412059.4
2023-08-20,MDB,400,406,395.5,397,5585,2230740
2023-08-21,MDB,391,411.9,391,395,6099,2429254
2023-08-22,MDB,395,402.5,394.1,402.4,6990,2786182.4
2023-08-23,MDB,407,408.6,403,405,11703,4735441.9
2023-08-24,MDB,405,408.5,399.1,403,24166,9759724.1
2023-08-27,MDB,402.8,402.8,397.1,397.1,7678,3070556.8
2023-08-28,MDB,400,406,397,402.5,7455,2996823.9
2023-08-29,MDB,396,403,396,401,2706,1081438.8
2023-08-30,MDB,401,402,398.3,398.3,2905,1160972
2023-09-03,MDB,395,400,380,394,9428,3675840.9
2023-09-04,MDB,390,399,388.3,399,2675,1051160.8
2023-09-05,MDB,395.2,399,395.2,397,3282,1305604.8
2023-09-07,MDB,394,394,391.1,392,2646,1038165
2023-09-10,MDB,390,403,390,400.9,3803,1519538.8
2023-09-11,MDB,403,405,402,405,6760,2730220.5
2023-09-12,MDB,398,413,398,401.9,4250,1716772
2023-09-13,MDB,403,415,400.2,414.9,7916,3245536.9
2023-09-17,MDB,415,415,399,399,6469,2612313.6
2023-09-18,MDB,403.8,410,403.8,410,4879,1982394.8
2023-09-19,MDB,418.2,418.2,402.9,411,5232,2126862.6
2023-09-21,MDB,419.2,425,415,420,9958,4172864
2023-09-24,MDB,428.4,428.4,412.6,412.6,12703,5341212.8
2023-09-25,MDB,418,418,414,417,5784,2400646
2023-09-26,MDB,414.1,425,414.1,425,7593,3210048.1
2023-09-27,MDB,418,419.1,415,418,5957,2487318.1
2023-10-01,MDB,411,411.2,407,408,5718,2338519.9
2023-10-02,MDB,400.6,415,400.6,415,1173,477109.7
2023-10-03,MDB,412,412,405,407,3152,1281893.5
2023-10-04,MDB,413,415,407.1,410,963,397043.3
2023-10-05,MDB,410,411,407.1,407.1,1918,782699.6
2023-10-08,MDB,401,403,398,402.7,6899,2763371.4
2023-10-09,MDB,410.7,410.7,395.1,398,6586,2632300.2
2023-10-10,MDB,396.2,402,396.2,398.4,8481,3382937.8
2023-10-11,MDB,400,405.5,400,400,1073,430093
2023-10-12,MDB,400,404,392,398.5,7782,3093784.4
2023-10-16,MDB,393.1,398.9,387,394,6302,2471746.9
2023-10-17,MDB,401,401,393.5,398,3238,1286817.5
2023-10-18,MDB,405.9,405.9,397.2,404,3131,1256157.9
2023-10-19,MDB,402,407,397,406,1715,690871
2023-10-29,MDB,398.1,404.9,392.1,397,1176,467706
2023-10-30,MDB,390,402,390,402,1331,527433.8
2023-10-31,MDB,402,402,396,397,286,114131
2023-11-01,MDB,402.2,402.2,394.2,401,2149,853148.7
2023-11-02,MDB,394.1,399,390,399,3043,1193716.1
2023-11-05,MDB,391.1,396,385,385,3943,1528474.5
2023-11-06,MDB,385,392.9,380.1,392.9,2879,1116203
2023-11-07,MDB,390.1,392,385,385.1,7090,2758945.7
2023-11-08,MDB,392,392.4,385.1,392.3,5285,2062415.4
2023-11-09,MDB,400,400,385,390,4914,1908990.6
2023-11-20,MDB,395,402,390,402,7697,3042963.2
2023-11-21,MDB,401.6,401.6,390,396.9,657,258055
2023-11-22,MDB,392,396.2,389,389,1575,615191
2023-11-23,MDB,386.2,394.8,381.5,385,9227,3554970
2023-11-26,MDB,392.1,420,385.2,420,11825,4808008
2023-11-27,MDB,413.5,421,406,421,18971,7886105.8
2023-11-28,MDB,424,424,400,409.9,6012,2428761.1
2023-11-29,MDB,402,402,394.1,395,4196,1659800.1
2023-11-30,MDB,390,395,390,393.8,1998,784022
2023-12-03,MDB,393,399.8,391,399.8,709,278941.8
2023-12-04,MDB,399,399,392,392,1206,477432
2023-12-05,MDB,399.8,399.8,393,396,550,216768.4
2023-12-06,MDB,398,399.5,393.5,398,1234,488323.4
2023-12-07,MDB,398,404.5,398,399.2,2026,809953.4
2023-12-10,MDB,407.1,425,407.1,425,1064,445227.4
2023-12-11,MDB,428,428,404,412.9,13047,5367562
2023-12-12,MDB,412,423,405.7,420,27211,11360559.9
2023-12-13,MDB,426.9,428,421,428,29946,12694877.2
2023-12-14,MDB,387,413.1,386.2,398.2,18242,7303433.4
2023-12-17,MDB,398.2,406.1,395,403.4,17982,7180084.5
2023-12-18,MDB,403.3,421,403.3,408.5,19423,8019173.1
2023-12-19,MDB,414,414,401.1,413,11513,4676199
2023-12-20,MDB,410,421.1,410,417,11522,4782566.2
2023-12-21,MDB,409,419.9,401,404,20915,8488960
2023-12-24,MDB,406,406,393,393.4,10239,4085253.9
2023-12-27,MDB,395,399.5,385.6,395,9116,3591238
2023-12-28,MDB,395,404.9,388,392.1,11445,4511245.4
2024-01-01,MDB,395,402.9,381.8,381.8,10801,4218185.1
2024-01-02,MDB,389.3,394.9,384,385.3,6054,2341520.3
2024-01-03,MDB,386.1,390.9,383.3,384.1,5367,2076987.5
2024-01-04,MDB,382,390.4,380.1,390,7292,2834240.9
2024-01-07,MDB,394.9,395,383,385,5328,2062439
2024-01-08,MDB,379,406.9,379,390,17687,6879529.2
2024-01-09,MDB,392.1,429,392.1,411,30885,12696972.5
2024-01-10,MDB,418,427,408,417.8,32481,13476616.6
2024-01-11,MDB,424.9,425,405,415,9417,3876854.6
2024-01-14,MDB,422.9,422.9,410,415,16911,7003435.8
2024-01-16,MDB,423.3,426.9,418,426,23036,9751564.2
2024-01-17,MDB,434.5,449.8,423,427.9,89902,39047267.1
2024-01-18,MDB,424.1,438.6,420,430,33064,14231643.9
2024-01-21,MDB,428,432,421.1,428,27808,11899907.2
2024-01-22,MDB,432,436.5,410,425.9,24986,10599586.9
2024-01-23,MDB,426,430,417,424,8726,3678793.3
2024-01-24,MDB,415.7,419,410.1,414,10790,4497378.3
2024-01-25,MDB,415,421,408,412.6,17751,7301427.3
2024-01-28,MDB,412,423,412,422,3475,1448890.5
2024-01-29,MDB,422,425.6,409.4,416,44431,18272770.8
2024-01-30,MDB,423.1,423.1,412.7,418.9,2890,1198106.4
2024-01-31,MDB,427,435.4,410.6,415,8939,3689496.8
2024-02-01,MDB,407.7,414.5,406.7,408.8,5927,2416297.3
2024-02-04,MDB,401,417.1,401,413,13261,5459975.9
2024-02-05,MDB,421.2,421.2,407,417.5,4105,1694762.6
2024-02-06,MDB,425,425,409.1,418,3657,1533014.2
2024-02-07,MDB,425,425,409.1,420,1493,618726.7
2024-02-08,MDB,420,424.8,412,423,9556,3997962
2024-02-11,MDB,417,422,415,415,6201,2585020.4
2024-02-12,MDB,420,420,409.1,416,2789,1150315.7
2024-02-13,MDB,418.6,418.6,405,413,3519,1438691.7
2024-02-14,MDB,408.3,429,408.3,420,6278,2637633
2024-02-15,MDB,420,420,408.1,410,15366,6298632.2
2024-02-18,MDB,402,407.5,401.8,403,9522,3850101.1
2024-02-20,MDB,400,409.9,399,405,5026,2028630.1
2024-02-21,MDB,405,408,398.1,400.9,14073,5625925
2024-02-22,MDB,406.7,406.7,393,393,11811,4665651.4
2024-02-25,MDB,395,395.7,385.5,392.5,6036,2355640.3
2024-02-26,MDB,392,394,386,391,5266,2054892.8
2024-02-27,MDB,396,396,388.1,395,5739,2245447.2
2024-02-28,MDB,388.1,400,388,390,5100,1998063.7
2024-02-29,MDB,386.5,390,380,389,10953,4204568.6
2024-03-03,MDB,381.3,389,375,388,2976,1135307.4
2024-03-04,MDB,395.7,395.7,395.7,395.7,10,3957
2024-03-05,MDB,403.6,407.9,390,399.7,15145,6060804.3
2024-03-06,MDB,393,409,388.2,392.1,13653,5444003.6
2024-03-07,MDB,399.8,407.8,393,394.1,1607,639681.7
2024-03-10,MDB,400,401,395,397.1,6508,2590598.3
2024-03-12,MDB,395,406,395,403,6442,2599440.1
2024-03-13,MDB,410,422,402.3,420,37286,15454331.6
2024-03-14,MDB,428,428,412.1,418.5,24147,10079373.6
2024-03-17,MDB,411,428,411,423.9,27247,11531974.2
2024-03-18,MDB,417,438.6,414,435,88264,37569813.3
2024-03-19,MDB,432,440,424,425.8,33824,14513235.8
2024-03-20,MDB,430,433,419.2,419.2,9950,4218228.5
2024-03-21,MDB,410.9,427.5,402.7,422,25685,10843894.5
2024-03-25,MDB,414.1,430,414.1,426.8,37292,15802798.4
2024-03-26,MDB,418.3,430.7,418.3,424,23474,10049484
2024-03-27,MDB,431,431,420,424.8,17406,7380454.7
2024-03-28,MDB,424,430,423,425.1,15766,6725286.8
2024-03-31,MDB,429,434.8,421,424,35418,15200600.9
2024-04-01,MDB,432,432,423.1,428,14773,6277342.3
2024-04-02,MDB,431.6,431.6,421,423,16450,6988125.6
2024-04-03,MDB,428.9,428.9,422.1,424,22560,9601522.1
2024-04-04,MDB,429,429,420,420,17197,7298966.1
2024-04-07,MDB,428.4,433,412.6,429.9,41104,17462196.1
2024-04-09,MDB,435,438,428,433,56180,24321021.2
2024-04-10,MDB,438.9,438.9,428.7,428.7,26314,11352681
2024-04-14,MDB,434,434,427,427,31042,13415792.3
2024-04-15,MDB,421.5,435,421.5,423.1,13059,5589308.4
2024-04-16,MDB,422.5,429.8,416.3,421,17970,7588913.6
2024-04-18,MDB,414.7,424.5,414.7,419.1,14656,6157689.9
2024-04-21,MDB,414,426.3,414,424.7,10152,4295162.8
2024-04-22,MDB,418,428,418,423,14458,6115759.6
2024-04-24,MDB,415,429.9,415,427,31493,13384633.2
2024-04-25,MDB,425,431.9,420.1,428,17026,7271625.2
2024-04-28,MDB,429.4,443,428.5,435.5,41659,18242254.6
2024-04-29,MDB,435.5,468,435,454.5,122621,55704319.7
2024-04-30,MDB,463.5,480,453.8,463,153168,71667780.1
2024-05-02,MDB,469.9,472,445,452,50740,22936921.2
2024-05-05,MDB,455,455,439.2,440,73559,32533643.5
2024-05-06,MDB,444,457.7,440,443,30629,13611020.7
2024-05-07,MDB,450,455,441,448,44461,19925884.1
2024-05-08,MDB,452,457.9,443,453.5,47152,21286554.1
2024-05-09,MDB,459.9,460,449,451,25333,11476590.9
2024-05-12,MDB,460,472,453,464,119457,55364342.3
2024-05-13,MDB,473,473,460,465,33170,15464864.1
2024-05-14,MDB,463,490,460,474.9,79052,36865750.7
2024-05-15,MDB,475,480,471.2,475,48856,23232729.7
2024-05-16,MDB,472,502.8,469.2,486.6,112929,54120830.4
2024-05-19,MDB,476.9,503.5,476.9,494,81828,40513016.2
2024-05-20,MDB,500,500,483.2,488,50153,24714863
2024-05-21,MDB,495,500,478,492.5,37493,18301313.4
2024-05-22,MDB,494.9,495,484,489,21143,10360838.5
2024-05-26,MDB,479.3,490,470,477.1,74385,35371851.9
2024-05-27,MDB,485,495,480,487,40624,19914547.7
2024-05-29,MDB,496.7,496.7,479,485,32324,15675108.6
2024-05-30,MDB,480,485,477.3,480,26289,12619565
2024-06-02,MDB,488.5,495,476.8,479.9,13308,6403033.6
2024-06-03,MDB,480,490,475,484,26708,12860063.9
2024-06-04,MDB,493,493,476.1,483,13062,6329641.7
2024-06-05,MDB,485,489.1,477.9,488,23527,11373145.2
2024-06-06,MDB,480.1,488,477.4,477.9,14531,7016504.1
2024-06-09,MDB,484,490,478.1,482.3,39753,19187209.7
2024-06-10,MDB,481.1,490,480,482,19479,9397144
2024-06-11,MDB,483.1,494,482,492.5,37984,18590624.4
2024-06-12,MDB,492,496,485,489,17076,8338099.6
2024-06-13,MDB,482,520,482,508.9,102761,51963889.9
2024-06-16,MDB,508,516,495,498.9,36485,18304524.3
2024-06-18,MDB,495,504.9,487,494.8,20636,10163344.7
2024-06-19,MDB,487.8,495,483,488,19761,9605623
2024-06-20,MDB,494,494,481,481,22747,11012466.6
2024-06-23,MDB,484,490,480,485,12486,6030111.8
2024-06-24,MDB,485,500,482,493,26881,13234263.3
2024-06-25,MDB,500,511,483.2,490,55921,27923591.7
2024-06-26,MDB,491,507.9,487,507.4,67213,33421070.7
2024-06-27,MDB,508,515,498.1,503,37611,18925586
2024-06-30,MDB,495.1,503,492.4,492.6,33791,16801851.1
2024-07-01,MDB,502.4,502.4,490.2,497,16241,8069528.4
2024-07-02,MDB,506.9,527.3,498,512,49923,25471879.7
2024-07-03,MDB,515,548,505.1,546,145468,76933440.5
2024-07-04,MDB,549.2,575,547.1,562.9,87252,48817164.5
2024-07-07,MDB,574.1,574.1,545,557,83433,46267112.2
2024-07-08,MDB,550.1,560,541,560,62725,34475268.2
2024-07-09,MDB,548.8,592,548.8,564.9,102831,57664659.9
2024-07-10,MDB,553.7,587.4,549,558,82756,45899411.7
2024-07-11,MDB,546.9,580.2,545,549,95701,52935938.6
2024-07-14,MDB,559,582.4,549,551,44102,24561970.9
2024-07-15,MDB,559,559,540,540,33621,18472513.1
2024-07-16,MDB,550,591,531,588,97769,55957950.2
2024-07-17,MDB,599.7,618,575,600,95321,56412160.1
2024-07-18,MDB,588,620,585,595.9,110187,65278176.6
2024-07-21,MDB,585,628.3,578.1,608.8,82076,49471590.7
2024-07-22,MDB,596.7,631.3,592.1,601,77125,46305024.8
2024-07-23,MDB,595,643.7,595,643.7,128450,80196250.9
2024-07-24,MDB,630.9,694,617,693,229860,145725882.5
2024-07-25,MDB,679.2,679.2,635,640,190757,122442651.8
2024-07-28,MDB,640,652.8,612.5,626,126964,79738611.3
2024-07-29,MDB,638.5,638.5,605,605.5,114129,69776913.8
2024-07-30,MDB,617.6,624,600,624,52954,32463169
2024-07-31,MDB,636.4,644,620,624,124578,78664136.6
2024-08-01,MDB,611.6,623.9,610,610,81019,49883964.9
2024-08-05,MDB,606.3,620,601.3,614.9,78404,47832072.3
2024-08-06,MDB,627.1,635,600.1,614,108909,67037896.4
2024-08-07,MDB,601.8,627,601.8,620,65177,40329669.7
2024-08-08,MDB,608,651,608,635,124576,79578630
2024-08-11,MDB,622.3,660,622.3,645,105977,68616332.7
2024-08-12,MDB,632.1,676,632.1,659.9,125501,81651730.74
2024-08-13,MDB,646.8,674,638,644,85851,55863639.1
2024-08-14,MDB,650,662,635,649.1,89035,57801630.6
2024-08-15,MDB,636.2,675,636.2,665,143177,95342425
2024-08-18,MDB,677,700,666.1,677,178086,121783308.4
2024-08-21,MDB,690.5,720,676.3,709,156053,108924563
2024-08-22,MDB,700,753,700,730,123069,90658279
2024-08-25,MDB,715.4,755.8,688,697.1,145841,104026289.2
2024-08-27,MDB,711,753.7,690,701,134314,94773290.4
2024-08-28,MDB,687,751,683,697,86683,60593535.1
2024-08-29,MDB,683.1,765,670,752,181114,127665153.8
2024-09-01,MDB,737,786,699,781,165204,119709534.5
2024-09-02,MDB,765.4,812.2,706,805,259761,194466232.6
2024-09-03,MDB,821.1,821.1,727.7,744.9,158598,118404751.7
2024-09-04,MDB,730.2,745,714.5,718,157808,114818243.8
2024-09-05,MDB,703.7,770,690,733,112170,81683088.9
2024-09-08,MDB,718.4,744,704.1,710,46419,33341886.9
2024-09-09,MDB,695.8,738,695.8,721.6,132642,93647185.8
2024-09-10,MDB,707.2,724,696,700.2,50502,35738335.2
2024-09-11,MDB,686.2,737,686.2,718,98300,70226866.7
2024-09-12,MDB,703.7,745,703.7,724,96397,69425116.1
2024-09-15,MDB,709.6,758,689,698.9,95318,67832522
2024-09-16,MDB,685,711,640,650,78598,52392573.5
2024-09-18,MDB,637,674,636,658,51572,33397487
2024-09-22,MDB,644.9,705,640,645,43737,28657151.9
2024-09-23,MDB,632.1,683,590.6,621,62068,38755878.4
2024-09-24,MDB,608.6,640,591,594.9,41340,25024637.2
2024-09-25,MDB,606.7,617,582.8,612,36204,21951949
2024-09-26,MDB,600,624,600,607.9,16114,9836490.3
2024-09-29,MDB,608,609,590,605,16438,9910007
2024-09-30,MDB,592.9,620,592.9,618.9,26548,16256428.3
2024-10-01,MDB,606.6,653,606.6,641.5,98091,62063381
2024-10-02,MDB,628.7,665,622.9,636,68281,43233854.3
2024-10-06,MDB,623.3,644,623.3,644,33938,21654249.8
2024-10-07,MDB,631.2,707,631.2,653,64287,41725015.3
2024-10-08,MDB,640,678,635,640,35745,22882586.4
2024-10-09,MDB,627.2,651,627.2,638.7,12003,7600530.4
2024-10-15,MDB,626,689,626,653.1,21608,13969331
2024-10-16,MDB,640.1,718,640.1,665,41348,27330169.3
2024-10-17,MDB,655,681,652.1,662,41064,27141952.5
2024-10-20,MDB,648.8,660,638.2,649,51584,33379113.7
2024-10-21,MDB,636.1,712,630.1,636,37566,23881890.4
2024-10-22,MDB,623.3,650,623.3,633.8,21090,13284445.7
2024-10-23,MDB,621.2,655,621.2,630,24597,15507569.8
2024-10-24,MDB,617.4,634,617.4,628.9,26700,16672234.1
2024-10-27,MDB,616.4,631.4,616.4,624.8,15988,9959208.2
2024-10-28,MDB,637.2,637.2,612.5,633.1,18210,11406865.4
2024-10-29,MDB,620.5,657,620.5,650,40136,25785537.3
2024-10-30,MDB,637,713,637,643,41610,26992270.6
2024-11-05,MDB,632.1,657.9,632.1,643,28779,18634208.4
2024-11-06,MDB,643,663,640,649,72097,46931244.5
2024-11-10,MDB,658,669,652.1,669,73599,48656130.5
2024-11-11,MDB,682,682,658.6,663,64598,43144691.9
2024-11-12,MDB,660,675,654,658,35471,23531719.5
2024-11-13,MDB,669,682.3,641,674.8,156794,104205653.5
2024-11-14,MDB,688.2,699.7,675,695,177208,122013014.6
2024-11-17,MDB,681.1,707,681.1,688,143607,100372293.1
2024-11-19,MDB,691.9,691.9,662,670,97828,65872052.6
2024-11-20,MDB,670,713,658.1,703.8,209515,145451136.1
2024-11-21,MDB,705,737,702.1,705,167150,120392953.5
2024-11-24,MDB,719.1,719.1,675.4,675.4,110247,76210442.7
2024-11-25,MDB,679.1,698,674.2,689.9,54464,37347885.9
2024-11-26,MDB,689.9,703,685,692,70437,48789074.2
2024-11-27,MDB,705.8,745,698,725,201522,144784804.6
2024-11-28,MDB,739,790,726,763.5,364049,279424594.3
2024-12-01,MDB,748.3,829.4,731,827,346736,273032517.2
2024-12-02,MDB,843.5,843.5,785,792.9,256723,208816070.9
2024-12-03,MDB,799.9,810,777.2,778,137964,108800213.2
2024-12-04,MDB,781,790,760,763,149748,115961880.5
2024-12-05,MDB,762,781,755,755,122006,93730656.2
2024-12-08,MDB,740.1,791,740.1,755,156975,120384510.8
2024-12-09,MDB,770.1,775,749.3,761.4,94800,71952387.8
2024-12-10,MDB,760,769.9,749,752,51883,39179078.3
2024-12-11,MDB,737,766,737,760,47810,36185494.8
2024-12-12,MDB,750,770,740,745,68979,51807283.3
2024-12-16,MDB,730.1,757.8,715,719,80232,58213603.4
2024-12-17,MDB,705,725,705,710,41868,29867549.9
2024-12-18,MDB,724,727,710.1,713,45722,32712377.2
2024-12-19,MDB,709,720,693.9,696,51689,36328751
2024-12-22,MDB,683.1,708,680.4,684.3,37618,25911021.6
2024-12-23,MDB,694,712,687.5,711,38892,27183528
2024-12-24,MDB,715,749,714,738,90272,66108692.9
2024-12-26,MDB,723.3,730,700.2,711.9,81793,58521356.8
2024-12-29,MDB,700,714,691,695.8,74439,52122193.6
2024-12-31,MDB,635,641,585,600,72706,43780457.3
2025-01-01,MDB,608.9,627.9,590.1,619.9,41016,25002558.6
2025-01-02,MDB,627.5,643,611,634,51434,32496995.7
2025-01-05,MDB,622,645,622,635,30120,19178970.3
2025-01-06,MDB,635,655,630,643,22590,14572334.2
2025-01-07,MDB,643,660.5,633.6,641,69814,45168029.9
2025-01-08,MDB,647,689,636,678,100999,67757171.2
2025-01-09,MDB,690.1,690.1,660.5,665,42479,28359127.1
2025-01-12,MDB,655,678.9,648.8,651.5,44966,29536782.2
2025-01-13,MDB,640,663,637,640,65511,42351814.6
2025-01-15,MDB,640,663,640,654.7,44869,29417135.7
2025-01-16,MDB,667.7,667.7,635.2,636,34746,22429671.8
2025-01-19,MDB,647,647,632,640,32749,20924927.7
2025-01-20,MDB,650,650,624.3,629.5,41426,26321420.3
2025-01-21,MDB,639,639,619.1,625,31291,19517488.9
2025-01-22,MDB,615,640,615,636,40931,25863748.1
2025-01-23,MDB,625,650,625,637.8,30810,19581967
2025-01-26,MDB,626,655,626,631,46435,29557788.2
2025-01-27,MDB,620,665,620,657,61907,39891634.3
2025-01-28,MDB,670,718,662.4,715,166474,115723329.5
2025-02-02,MDB,715,744,715,728,101839,74262508.3
2025-02-03,MDB,739,739,707,708,87190,62895261.9
2025-02-04,MDB,708,719,698,698,64522,45749739.4
2025-02-05,MDB,711.9,715,695,713,53260,37481782.6
2025-02-06,MDB,720,720,700,701.9,41351,29242057.1
2025-02-09,MDB,703.1,711.5,692,692,41036,28662350.3
2025-02-10,MDB,690.3,705.7,690.2,693.9,50648,35435529.6
2025-02-11,MDB,707.7,742,698.1,735,138619,100662189.4
2025-02-12,MDB,749.7,764,737,739,111329,83491247.1
2025-02-13,MDB,739,748,725.2,726.5,42709,31135092.8
2025-02-16,MDB,733.6,733.6,718.2,719,64444,46586010.5
2025-02-17,MDB,733.3,745,721,726.4,109940,80883850.9
2025-02-18,MDB,740.9,755,726,727,67719,49690996.2
2025-02-20,MDB,740,740,715,715,49126,35425824.4
2025-02-23,MDB,702,719,695,709,62697,44469157
2025-02-24,MDB,722,726,704.7,710.6,77579,55229751
2025-02-25,MDB,719,722,702,705,43221,30730166.6
2025-02-27,MDB,719,733,705,714,29477,21014618.5
2025-03-02,MDB,716,731,714,725,60505,43672204.1
2025-03-03,MDB,733,735,707,710,45729,32852000.5
2025-03-04,MDB,713,717,699,699,49996,35221957.6
2025-03-05,MDB,700,711,690.2,691.5,25974,18065999.1
2025-03-06,MDB,693,709.9,690,705.1,30062,21131206.7
2025-03-09,MDB,700,707,692,695,27594,19233450.2
2025-03-10,MDB,700,705.9,682.1,684,31248,21577614
2025-03-11,MDB,685,705,675,680,57193,39431836.5
2025-03-12,MDB,685,692,675,676.2,18371,12519824.2
2025-03-16,MDB,679,683,656,660.3,26872,17833130.1
2025-03-17,MDB,660,668,645,650,35309,23060172.6
2025-03-18,MDB,660,660,640,640,17782,11498578.6
2025-03-19,MDB,647,648.9,635,640,16988,10885798.4
2025-03-20,MDB,639,646,633.1,641.89,16054,10278450.1
2025-03-23,MDB,642,642,618,620.26,28292,17683288.6
2025-03-24,MDB,627,635,615,628.76,20374,12824900.2
2025-03-25,MDB,623,628,596,601.26,43988,26702153.7
2025-03-26,MDB,605,619.4,602.2,615.75,16702,10251251.9
2025-03-27,MDB,616,634,616,629.96,20910,13091823.4
2025-03-30,MDB,617.4,650,617.4,646.29,32854,21179766.1
2025-04-01,MDB,635,647.5,627,631.06,43511,27548546.9
2025-04-02,MDB,630,637,623.1,629.98,24020,15139013.2
2025-04-03,MDB,625,639.6,623,629.26,23374,14704526.7
2025-04-07,MDB,641.8,641.8,614.1,615.01,26643,16464103.2
2025-04-08,MDB,607.2,620,604,614.79,29166,17758729.2
2025-04-09,MDB,612,626,612,616.92,15142,9355462.3
2025-04-10,MDB,623,623,612,615.92,16804,10352611.1
2025-04-13,MDB,616,618,606.1,608.87,21252,12994559.2
2025-04-15,MDB,610,634.9,608.1,629.01,28929,18067866.3
2025-04-16,MDB,631,635,623,629.55,22504,14150106.8
2025-04-17,MDB,640,667.7,637,660.93,73759,48414076.1
2025-04-20,MDB,664.9,674,648,652.2,34670,22867657.9
2025-04-21,MDB,652,652,640,641.38,33729,21692634.6
2025-04-22,MDB,641,647.4,622,624.32,24557,15452894.2
2025-04-23,MDB,634,634,615.1,618.11,17169,10641414.3
2025-04-24,MDB,619,624.6,615,618.86,34250,21182012.9
2025-04-27,MDB,619,629,617,617.87,22045,13676235.1
2025-04-28,MDB,615.3,620,613.1,616.21,17542,10819758
2025-04-29,MDB,625,625,605,607.23,24844,15181978.9
2025-04-30,MDB,604.2,610,596,605.78,24657,14896689.8
2025-05-04,MDB,601.1,609.8,600,600.19,24794,14922368.7
2025-05-05,MDB,601.2,608,590,594.2,22593,13490364.1
2025-05-06,MDB,600,600,585.2,588.68,23419,13783842.7
2025-05-07,MDB,585.5,616,581,613.93,26657,16019590.6
2025-05-08,MDB,610.1,618,607,610.26,17276,10568456.4
2025-05-11,MDB,616,616,600,606.91,30980,18774752.1
2025-05-13,MDB,607,619.9,607,610.03,31080,19081487.8
2025-05-14,MDB,610,619.9,607.1,610.87,21652,13295337.5
2025-05-15,MDB,620,620,600,603.4,19678,11945149
2025-05-18,MDB,614.9,614.9,593.1,599.09,24067,14391918.5
2025-05-19,MDB,608.9,611,604,605.32,16176,9812370.5
2025-05-20,MDB,604,623,600.2,619.59,15420,9472242.6
2025-05-21,MDB,631,641,610.1,611.29,19649,12200217.9
2025-05-22,MDB,610.1,614,603,604.1,19243,11685249.5
2025-05-25,MDB,604.1,610,600,602.31,10371,6252708.1
2025-05-26,MDB,614.3,626,600.1,602.49,14910,9014647.8
2025-05-27,MDB,597.8,606,592.9,600.27,7443,4477958.4
2025-05-28,MDB,600,608.5,596,601.1,10035,6024224.3
2025-06-02,MDB,610,611,594,595.17,36761,22055015.3
2025-06-03,MDB,596,603,585,592.11,17136,10141477.2
2025-06-04,MDB,592.1,594.2,580.1,584.21,15328,8989349.9
2025-06-05,MDB,586,592.5,580.2,582.08,15280,8919773.6
2025-06-08,MDB,584,590,578,579.25,18483,10743666.1
2025-06-09,MDB,580,582,577,579.25,19486,11290426.1
2025-06-10,MDB,588,598.9,581,594.81,22521,13277056.1
2025-06-11,MDB,596,605,589.1,590.61,26624,15852458.4
2025-06-12,MDB,588.2,594,586,587.52,13950,8223024.7
2025-06-15,MDB,585.9,590,584,584.49,18336,10762239.2
2025-06-16,MDB,589,590,580,583.33,18292,10687448.2
2025-06-17,MDB,589,589,581,584.81,11622,6779803
2025-06-18,MDB,580,589,580,582.98,11849,6918107.6
2025-06-19,MDB,585,585,577,577.52,18633,10794165.3
2025-06-22,MDB,576.1,576.1,565.1,566.61,17559,10018649
2025-06-23,MDB,575,577.9,565,570.12,6843,3888210
2025-06-24,MDB,577.4,578,567.6,568.11,9038,5156694.7
2025-06-25,MDB,574,574,557,561.57,22894,12866043.9
2025-06-26,MDB,569,574.5,565.2,567.41,11701,6663840.3
2025-06-29,MDB,570,584.8,568.2,581.79,21565,12434696
2025-06-30,MDB,589.6,589.9,581.5,585.18,9952,5836199.1
2025-07-01,MDB,589,593,582,591.09,13409,7870369.8
2025-07-02,MDB,598.9,598.9,586,591.92,10644,6305449.9
2025-07-03,MDB,595,618,592,605.36,37101,22572164.8
2025-07-06,MDB,611,611,590.1,591.23,19810,11844926.3
2025-07-07,MDB,589,596.9,581,585.78,20846,12220095.1
2025-07-08,MDB,584,594,584,590.65,7810,4615617.2
2025-07-09,MDB,594.9,596.7,590.2,592.52,12392,7345304.8
2025-07-10,MDB,598.4,605,593,602.78,20690,12457087.1
2025-07-13,MDB,614.8,635,608.1,618.38,71816,44590704.1
2025-07-14,MDB,612,620,612,615.8,34078,20975443.5
2025-07-15,MDB,620,670,613.2,645.55,83119,53052486.2
2025-07-16,MDB,658.3,710.1,646.1,688.17,152231,102586499.3
2025-07-17,MDB,698,705,677,694.27,94363,65319098.3
2025-07-20,MDB,708.1,708.1,668,669.85,114743,78180635.1
2025-07-21,MDB,661.2,691,660.1,682.29,112740,76555699.2
2025-07-22,MDB,668.8,700.1,668.8,694.27,105789,73485319.9
2025-07-23,MDB,680.4,700,680.4,697.54,73667,51031732.2
2025-07-24,MDB,683.6,703,683.6,697.86,89470,62371798.3
2025-07-27,MDB,684,718,684,692.12,95674,67271195.2
2025-07-28,MDB,694,719,689,715.48,156893,111144597
2025-07-29,MDB,729.7,729.7,715,718.74,91317,65812348.3
2025-07-30,MDB,711,720,686,689.12,76369,53575558.9
2025-07-31,MDB,676,703,675.2,678.18,83393,56957142.1
2025-08-03,MDB,688,688,666,667.08,79569,53497442.7
2025-08-04,MDB,653.8,679,653.8,664.61,41777,27718543.1
2025-08-05,MDB,651.4,666,650.1,652.62,35387,23253343.2
2025-08-06,MDB,647.1,661,647.1,651.68,23123,15112324.9
2025-08-07,MDB,647,669,647,661.61,25644,16961533.5
2025-08-11,MDB,660,664,633.5,637.97,77471,49914532
2025-08-12,MDB,631,636,625,625.33,29418,18496527.2
2025-08-13,MDB,624,637,620.1,628.3,18589,11705974.1
2025-08-14,MDB,625,637,625,629.73,17628,11138720.2
2025-08-17,MDB,626,640,622,622.49,31857,19996226
2025-08-18,MDB,616.7,635,616.7,623.94,18232,11413668.7
2025-08-19,MDB,633,635,625.3,627.12,10813,6798501.8
2025-08-20,MDB,637.9,637.9,625,626.14,21195,13290556.2
2025-08-21,MDB,615.2,627,615.2,621.46,24718,15356295.2
2025-08-24,MDB,622,623,614.1,614.3,10590,6529932
2025-08-25,MDB,615,623,607,620.4,6509,4007826
2025-08-26,MDB,620,623,616.7,622.06,7983,4956947.2
2025-08-27,MDB,629,643.4,624,640.57,30152,19170803.5
2025-08-28,MDB,640,645,625,625.45,31236,19769569.8
2025-08-31,MDB,626,626.9,615,615.95,18730,11596711.2
2025-09-01,MDB,614,620,607.1,617.24,11468,7048253.5
2025-09-02,MDB,616.5,628,612.1,612.78,9780,6036888.2
2025-09-03,MDB,621.4,621.4,608.5,608.86,9896,6050788.5
2025-09-04,MDB,605.3,618.6,605.3,612.71,16098,9818057.1
2025-09-07,MDB,613,615,609,610.03,8015,4896874.3
2025-09-08,MDB,609,614,595,597.88,28149,16902298.5
2025-09-18,MDB,586,586,575,575,170,98850
2025-09-21,MDB,563.5,608.9,563.5,603.82,43228,25564764.7
2025-09-23,MDB,610,625,598.1,617,26424,16318432.5
2025-09-24,MDB,605.1,626.9,605,612,15855,9674678.5
2025-09-25,MDB,608,610,602.5,609,6223,3783199.2
2025-09-28,MDB,615,618,606,610,8294,5052348.4
2025-10-07,MDB,609,611,590,590,20836,12451447.5
2025-10-08,MDB,584,588,563.5,585,31713,18263120.1
2025-10-09,MDB,596.7,620,590,592.1,29592,17755191.8
2025-10-12,MDB,582,587.2,552,572,45161,25692751.1
2025-10-13,MDB,571.9,584.5,566,580,14280,8215270.2
2025-10-14,MDB,585,585,568,568,12623,7236923.6
2025-10-15,MDB,565,569,561,561,14692,8281594.9
2025-10-16,MDB,555,555,535,540,34584,18781955.1
2025-10-19,MDB,545,548,535,538,4366,2370439
2025-10-26,MDB,535,540,530.5,534,1461,783376
2025-10-28,MDB,544,560.9,542,560,10818,5986119
2025-10-29,MDB,570,579,555,559.2,22806,12953081.9
2025-10-30,MDB,560,576,560,572,8254,4715170.4
2025-11-02,MDB,572,602.8,570,596,17004,9994447.4
2025-11-03,MDB,596,602,585,585,22079,13034263.3
2025-11-04,MDB,590,592,575.2,581,20197,11770234.9
2025-11-05,MDB,580,592.5,580,590.2,20664,12148966
2025-11-06,MDB,595,597,589,590,21344,12634022.1
2025-11-09,MDB,579,580,565,566,17425,9901762.9
2025-11-10,MDB,566,570,560.2,560.3,5629,3167895
2025-11-11,MDB,560,570,560,560,5143,2885650
2025-11-12,MDB,560,565,556,564,12811,7158855
2025-11-13,MDB,555.1,564.3,553,558,6730,3769251.4
2025-11-16,MDB,555,562,555,556.5,4040,2261392.5
2025-11-17,MDB,560,563.9,557,563,2986,1674330.5
2025-11-18,MDB,567,583.9,567,569.8,4184,2388376.6
2025-11-19,MDB,570.5,574.9,562.5,564.1,5336,3022790.7
2025-11-20,MDB,559,566.9,559,560,5271,2954180.6
2025-11-23,MDB,563,573.9,563,571,9053,5164726.5
2025-11-24,MDB,573,594,573,590,18633,10946700.9
2025-11-25,MDB,590.2,595,574.1,590,19207,11252162.2
2025-11-26,MDB,590,590,580,583.1,8223,4812075.1
2025-11-27,MDB,581.5,590,580,582.1,11515,6728983
2025-11-30,MDB,588,593.7,571,572,11428,6625646.7
2025-12-01,MDB,573,579.9,560,562,15124,8596868.9
2025-12-02,MDB,573,573,564,573,14320,8135363.6
2025-12-03,MDB,573,583,571,578,22728,13122467.9
2025-12-07,MDB,578,578,564,564,17067,9740064.3
2025-12-08,MDB,573,573,555,569,27373,15286632
2025-12-09,MDB,580.3,580.3,563.7,564.3,6000,3410179.2
2025-12-10,MDB,569.8,575,564,565,7429,4211672.1
2025-12-11,MDB,566,570.8,560,570.8,9796,5512286.5
2025-12-14,MDB,561.5,570.8,555.1,568,12449,7021029.3
2025-12-15,MDB,560.6,568.9,560.3,562.2,1874,1057165.4
2025-12-16,MDB,563,570,561,570,5609,3183124.3
2025-12-17,MDB,579,581,573.3,577,16078,9278255.9
2025-12-18,MDB,575,580,570.1,571.6,11238,6438106.4
2025-12-21,MDB,571.4,577,558.6,577,20146,11294448.3
2025-12-22,MDB,565.5,571.9,555.4,563.5,10211,5721387.4
2025-12-23,MDB,565,568.9,559,560.1,3256,1828156.2
2025-12-24,MDB,561.1,564,561,562,5336,3000851.7
2025-12-28,MDB,570,586,566,586,13592,7820270.2
2025-12-29,MDB,586,598,582,591,36673,21678386.3
2025-12-31,MDB,596,599.8,588.5,593,10692,6314093.1
2026-01-01,MDB,594.5,594.5,580,580,5097,2970972.7
2026-01-04,MDB,578.5,581,573,579.5,6997,4038560.2
2026-01-05,MDB,578.9,594,578.9,594,29147,17131119.2
2026-01-06,MDB,600,605.8,594.1,600,50843,30654767.8
2026-01-07,MDB,600,607.9,598,605,26084,15691214.1
2026-01-08,MDB,605,609,598,609,27556,16612170.9
2026-01-12,MDB,610,613,604.2,605.1,12153,7360911
2026-01-13,MDB,601,605.9,600.1,600.2,18508,11171509.5
2026-01-14,MDB,593,603.9,593,600.5,5127,3071420.1
2026-01-18,MDB,589,616.9,589,616,29313,17894773.3
2026-01-20,MDB,628,642,617,634,55475,35126540.5
2026-01-21,MDB,635,639.9,625.5,632.6,54832,34539736
2026-01-22,MDB,630,638,622,638,43057,27216226
2026-01-25,MDB,639,663,639,663,76687,50030335.5
2026-01-26,MDB,670,673,651.1,658,66140,43531832.5
2026-01-27,MDB,645,668,645,655,192759,127293936.7
2026-01-28,MDB,658.5,678,653,668.9,94401,62821873.5
2026-01-29,MDB,680,680,655,660,27001,17842403.6
2026-02-01,MDB,660,671.9,647.2,650,69542,45852589.9
2026-02-02,MDB,637,660,637,650,23292,15221545.9
2026-02-03,MDB,645.6,656,635,640,27814,17850898.6
2026-02-04,MDB,629,650,629,640,23305,14925353.5
2026-02-05,MDB,629,641,628.1,638,30525,19368348.8
2026-02-08,MDB,638.2,640.2,627.2,634,25201,15998866.5
2026-02-09,MDB,625,636,624,629,12657,7944906.8
2026-02-10,MDB,618.2,679,618.2,631,23046,14562665.5
2026-02-11,MDB,643.6,643.6,623,630,15197,9654755.8
2026-02-12,MDB,630,640,620.5,632.9,16134,10164433.5
2026-02-16,MDB,621,637,621,628,17478,10942696.8
2026-02-17,MDB,620.1,625,616.2,619,16432,10198514.3
2026-02-22,MDB,615.5,616,603,614.5,23876,14553659.1
2026-02-23,MDB,609,615,607,613,6729,4109343.8
2026-02-24,MDB,612,629.8,610,629,27390,16873454
2026-02-25,MDB,617,639.9,617,629,10861,6834778
2026-02-26,MDB,631.5,640,620,637.5,20159,12734487.8
2026-03-01,MDB,624.8,633.5,624,632.8,8245,5194690.2
2026-03-03,MDB,632.8,666,629,666,55988,36078657.9
2026-03-09,MDB,679.3,705.8,679.3,700,5500,3847157
2026-03-10,MDB,700,700,655.1,658.9,118665,79025203.9
2026-03-11,MDB,672,672,650.1,651.2,35145,23191243
2026-03-12,MDB,650,662,642,661.9,28926,19007697.6
2026-03-15,MDB,660,673,657,665,37257,24684389
2026-03-16,MDB,665,667,651.7,654,13335,8747432.8
2026-03-17,MDB,646,658,646,650,12168,7922254.8
2026-03-19,MDB,662.9,682,650.5,666,60647,40460073.4
2026-03-22,MDB,675,675,663,666,49542,33092919
2026-03-23,MDB,663.4,669,655,659,22114,14576111
2026-03-24,MDB,666.6,666.6,657,665,7600,5028188.3
2026-03-25,MDB,670,670,651,655.9,18072,11845240.9
2026-03-26,MDB,646,659.5,645,650,18497,12060801.6
2026-03-29,MDB,647.2,647.2,628,633,39987,25417900.8
2026-03-30,MDB,633,639,616,621,27659,17361171.9
2026-03-31,MDB,633,633,616,628,12039,7524593.4
2026-04-01,MDB,634.8,634.8,610,614,19405,11992041.7
2026-04-02,MDB,607,633,603.1,617,25915,16080426.4
2026-04-05,MDB,615,615,591.2,597.9,19818,11817321.2
2026-04-06,MDB,595,618,595,617,11740,7150113.5
2026-04-07,MDB,606,620,600,603,24406,14782579.5
2026-04-08,MDB,615,620,605.2,616,8123,5007924.7
2026-04-09,MDB,616,629,612.1,628,21321,13328897
2026-04-10,MDB,622,625,605.3,618.9,10996,6767214.2
2026-04-13,MDB,619,623,616,621.9,4915,3035065.3
2026-04-15,MDB,622,630,616,626,12832,8023932.8
2026-04-16,MDB,623,626,613.4,619.9,8647,5336667.7
2026-04-17,MDB,620,620,608,611.2,11040,6754837.2
2026-04-20,MDB,611.2,613,600,609.8,11148,6702736.7
2026-04-21,MDB,609.8,609.8,601.1,605,8438,5084625
2026-04-22,MDB,592.3,610,592.2,610,15182,9076877
2026-04-23,MDB,600,605,595,598,8734,5227417.4
2026-04-24,MDB,598,600,590.2,593,6200,3679058.4
2026-04-27,MDB,593,600,593,597,3584,2146304
2026-04-28,MDB,597,607,595,595,7821,4672085.3
2026-04-29,MDB,595,595,586.1,591.5,8141,4789985.1
2026-04-30,MDB,586,589.9,581.2,585,6103,3564785.6
2026-05-04,MDB,588,588,577,578.1,6306,3656066.1
2026-05-05,MDB,578,585,575.2,580,4833,2798770.7
2026-05-06,MDB,588,590,581.1,583,2769,1618161
2026-05-07,MDB,580,588,580,588,837,487137.5
2026-05-08,MDB,589,598.8,589,598,6713,3990207.9
2026-05-11,MDB,595,631,595,605,3562,2168741.3
2026-05-12,MDB,605.5,607.1,596,600,7506,4511012.8
2026-05-13,MDB,590,604.7,588,595,6233,3698996
2026-05-14,MDB,582.2,600,582.2,600,2192,1307232.6
2026-05-15,MDB,586.2,604.9,586,595,6291,3772753.5
2026-05-18,MDB,600,602,595,596.1,21699,13024160
2026-05-19,MDB,591.1,602,591.1,600,2024,1210806.5
2026-05-20,MDB,605,605,595,602,4862,2928743
2026-05-21,MDB,610,614,600,606,25014,15119210.5
2026-05-22,MDB,613,614.6,599,614.6,10799,6583239.7
2026-05-25,MDB,615,618,612.2,614,13010,7990553.2
2026-05-26,MDB,611.2,613,611,611,2527,1544635.8
2026-05-27,MDB,610,612.4,606,612.4,4898,2985099
2026-06-01,MDB,602,609,600,603.8,3224,1937045.2
2026-06-02,MDB,605.1,612,605.1,610,5709,3476958.4
2026-06-03,MDB,611,622,608.1,618.1,20486,12587744.9
2026-06-04,MDB,615,620,612,618.4,5765,3552213.4
2026-06-05,MDB,618.4,630,616,620.4,6507,4048928.8
2026-06-08,MDB,618.5,620,607,611,10168,6212851.1
2026-06-09,MDB,611,614.9,597,608,19248,11640673.5
2026-06-10,MDB,603,610,603,605.1,2743,1664569.8
2026-06-11,MDB,605.1,616,605.1,608,3794,2302324.5
2026-06-12,MDB,606,607,601.9,606.9,3507,2118298.8
2026-06-15,MDB,600.3,606,596,606,3750,2251964.7
2026-06-16,MDB,634,634,590,601.9,13870,8373976
2026-06-17,MDB,590,605,575,603,3681,2175027.5
2026-06-18,MDB,603,603,595,595,6281,3752778
2026-06-19,MDB,604,604,595,600,5179,3099017.7
2026-06-22,MDB,600,614.9,598.4,602,9993,6061562.7
2026-06-23,MDB,629,629,592.5,598,4470,2705326.2
2026-06-24,MDB,627.9,627.9,582.1,590,7458,4375235.5
2026-06-25,MDB,589,591,583,590,3667,2151622
2026-06-26,MDB,590,590,580,587,5400,3150347
2026-06-29,MDB,587.5,587.5,577.2,582.9,5192,3006131.1
2026-06-30,MDB,582,584.9,578.6,580,14151,8212030.8
2026-07-01,MDB,597.4,597.4,571.1,582,6962,4053107
2026-07-02,MDB,593.4,599.4,580,582,8404,4910280.5
2026-07-03,MDB,580.4,589.9,578.1,579.3,25608,14852212.5
2026-07-06,MDB,572.1,589,571.6,577.9,6231,3589123.4
2026-07-07,MDB,579,584,575,584,4752,2756540.1
2026-07-08,MDB,588,588,570,575,5930,3397490.4
2026-07-09,MDB,571,573,565,573,6090,3454040
2026-07-10,MDB,573,573,565.2,567,3392,1929397
2026-07-13,MDB,566.2,574,565.2,572.5,5241,2975547.8
2026-07-14,MDB,561,583.5,558,583.5,6030,3399345.1
2026-07-15,MDB,578.3,579,572.7,575,4181,2410539.2
2026-07-16,MDB,568,582,568,582,7145,4080108.6
2026-07-17,MDB,583,596.6,583,596.6,5260,3104722.8
2026-07-20,MDB,600,602.9,590,600,8917,5323071.9
2026-07-21,MDB,594,600,591.5,594.2,8366,4990571.5
2026-07-22,MDB,590,594.8,585.5,587,2717,1603216.4
2026-07-23,MDB,600.5,600.5,585,593.9,2529,1488501.9
2026-07-24,MDB,612,635.5,583.1,602,29104,17791169.8
2026-07-27,MDB,601,602,586.1,595,6678,3973401
2026-07-28,MDB,595,595,580,593,4409,2580375
2026-07-29,MDB,570,598,570,590,2683,1583708.8
2026-07-30,MDB,570,640,570,584,4005,2342862
2026-07-31,MDB,580,589.9,580,586,4205,2459485.5
2026-08-03,MDB,595,595,584,588.5,2478,1452685
2026-08-04,MDB,580,589,580,583,1746,1017206
2026-08-05,MDB,589,589,578,587,853,495288.9
2026-08-06,MDB,588,588,578,578,1905,1105936
2026-08-07,MDB,576.2,583.7,576.2,578.2,3256,1888235.8
2026-08-10,MDB,571.2,578,570,578,3978,2276399.3
2026-08-11,MDB,570,580,570,576,1970,1129054
2026-08-12,MDB,571,579.8,570,579.8,2881,1645198
2026-08-13,MDB,575,583.7,575,583.7,864,501458.9
2026-08-14,MDB,579,580,573,579,16567,9516366.2
2026-08-17,MDB,575,579.9,572,572,936,537616.8
2026-08-18,MDB,570.2,579,568,579,2689,1536812.2
2026-08-19,MDB,568,572.9,568,570.5,3916,2230700.5
2026-08-20,MDB,570,577,565,566.2,15393,8739239.2
2026-08-21,MDB,566.5,568,566.4,567,9102,5159185
2026-08-24,MDB,560,568,560,563,5733,3231555
2026-08-25,MDB,563,565,559,561,6090,3414905.7
2026-08-26,MDB,577.5,577.5,557,562,5591,3133424.5
2026-08-27,MDB,555.2,564,555,557,9161,5094058.1
2026-08-31,MDB,551,559,550,554,8615,4752961.5
2026-09-01,MDB,562,562,550,555,8324,4650817
2026-09-02,MDB,550,557,550,553.5,6148,3393860.3
2026-09-03,MDB,554.3,559.9,553,553,7670,4258402.3
2026-09-07,MDB,550.8,562,550.8,559.7,10109,5641453
2026-09-09,MDB,556,567.5,550.1,556,10722,5932217.3
2026-09-10,MDB,550,558,550,550,5149,2836165
2026-09-11,MDB,551.1,559,548,551,3636,2001471.2
2026-09-14,MDB,551,566.9,551,565,7477,4198017.8
2026-09-15,MDB,575,592,566,572.9,15397,8805701.6
2026-09-16,MDB,582.5,582.5,566.3,570,2234,1275076
2026-09-17,MDB,580,580,568.2,568.5,6793,3868348.1
2026-09-18,MDB,564,573.9,563,567,4544,2584342
2026-09-22,MDB,579,579,568,570,6165,3507573.8
2026-09-23,MDB,565,569.3,555,555.1,9187,5160828.9
2026-09-24,MDB,560,563,554,560,4541,2528640
2026-09-28,MDB,566,579,563,566.8,26170,14861526.6
2026-09-29,MDB,571,571,561.1,563,2672,1507482
2026-09-30,MDB,574.6,574.6,556,559,9385,5230116.8
2026-10-01,MDB,558,563.9,550,557,9201,5126262.6
2026-10-02,MDB,556,560,556,558,13376,7477759.6
2026-10-05,MDB,572.5,572.5,555.7,557,5250,2925230
2026-10-06,MDB,557,561,557,561,2110,1178434.1
2026-10-07,MDB,561,563.2,557,560.8,1800,1007488.5
