date,symbol,open,high,low,close,volume,turnover
2011-03-20,NBB,156,154,150,150,290,44010
2011-03-24,NBB,145,145,141,141,750,107550
2011-03-25,NBB,141,147,139,142,3358,472103
2011-03-27,NBB,142,141,138,138,1120,155100
2011-03-28,NBB,138,137,132,132,2050,275150
2011-03-29,NBB,132,136,124,136,4168,532728
2011-03-30,NBB,136,143,134,143,350,47680
2011-03-31,NBB,143,141,134,139,15030,2032090
2011-04-04,NBB,139,147,141,145,300,43180
2011-04-05,NBB,145,149,138,146,20550,2846420
2011-04-06,NBB,146,144,134,135,900,125250
2011-04-07,NBB,135,133,129,129,900,118500
2011-04-10,NBB,129,137,131,137,630,83010
2011-04-11,NBB,137,148,139,148,240,34430
2011-04-17,NBB,148,153,149,150,140,21040
2011-04-18,NBB,150,155,145,155,283,41872
2011-04-19,NBB,155,166,152,166,165,26245
2011-04-20,NBB,166,169,169,169,40,6760
2011-04-27,NBB,169,181,166,181,470,79640
2011-04-28,NBB,181,193,184,193,120,22740
2011-05-02,NBB,193,190,187,187,20,3770
2011-05-04,NBB,187,184,184,184,10,1840
2011-05-09,NBB,184,181,181,181,10,1810
2011-05-10,NBB,181,178,163,163,1190,194420
2011-05-11,NBB,163,160,148,148,150,22845
2011-05-12,NBB,148,146,134,136,5400,730320
2011-05-15,NBB,136,144,134,134,863,119786
2011-05-16,NBB,134,136,134,134,780,104720
2011-05-18,NBB,134,132,130,130,440,57600
2011-05-19,NBB,130,133,130,132,1570,206250
2011-05-22,NBB,132,132,124,124,2280,294720
2011-05-23,NBB,124,131,120,131,5100,626505
2011-05-24,NBB,131,140,131,138,540,73040
2011-05-25,NBB,138,144,140,144,205,29050
2011-05-31,NBB,144,142,132,132,3553,473886
2011-06-01,NBB,132,134,134,134,20,2680
2011-06-02,NBB,134,132,129,129,600,78000
2011-06-06,NBB,129,127,125,125,160,20120
2011-06-07,NBB,125,127,125,125,502,62904
2011-06-08,NBB,125,127,121,121,190,23490
2011-06-09,NBB,121,127,113,113,610,73150
2011-06-12,NBB,113,111,102,102,2325,243225
2011-06-13,NBB,102,108,104,105,1100,116640
2011-06-14,NBB,105,115,107,115,1390,155970
2011-06-16,NBB,115,114,114,114,300,34200
2011-06-19,NBB,114,124,116,122,1410,171990
2011-06-21,NBB,130,143,130,142,11068,1546216
2011-06-23,NBB,142,156,144,145,7470,1121900
2011-06-26,NBB,145,154,147,147,810,121775
2011-06-27,NBB,147,145,133,133,3101,419067
2011-06-29,NBB,133,135,125,126,2900,368890
2011-06-30,NBB,126,130,126,126,2960,374540
2011-07-03,NBB,126,124,120,120,270,32580
2011-07-04,NBB,120,124,121,124,238,29358
2011-07-05,NBB,124,127,123,127,850,105430
2011-07-06,NBB,127,132,125,132,1980,252500
2011-07-10,NBB,132,136,132,132,260,34700
2011-07-11,NBB,132,130,127,127,888,114811
2011-07-12,NBB,127,125,125,125,350,43750
2011-07-13,NBB,125,132,127,132,2550,330720
2011-07-14,NBB,132,138,130,130,2275,299990
2011-07-17,NBB,130,143,132,143,5720,787450
2011-07-18,NBB,143,157,145,157,960,149910
2011-07-19,NBB,157,154,142,142,3601,518272
2011-07-20,NBB,142,147,143,147,3248,470636
2011-07-21,NBB,147,149,138,138,2740,391340
2011-07-24,NBB,138,142,140,140,200,28100
2011-07-25,NBB,140,138,132,132,800,108700
2011-07-27,NBB,132,135,130,130,1885,247010
2011-07-28,NBB,130,136,130,130,1270,168620
2011-07-31,NBB,130,130,126,127,2025,259200
2011-08-02,NBB,127,137,129,135,280,37600
2011-08-03,NBB,135,133,130,130,450,59500
2011-08-04,NBB,130,130,130,130,100,13000
2011-08-09,NBB,130,128,124,125,1703,214248
2011-08-10,NBB,125,127,121,121,3395,420795
2011-08-11,NBB,121,129,119,129,6245,754580
2011-08-15,NBB,129,132,129,131,535,69190
2011-08-17,NBB,131,133,131,131,270,35610
2011-08-18,NBB,131,135,129,135,80,10550
2011-08-22,NBB,135,137,137,137,100,13700
2011-08-23,NBB,137,139,139,139,30,4170
2011-08-24,NBB,139,137,126,126,3728,473531
2011-08-25,NBB,126,124,122,122,663,81886
2011-08-28,NBB,122,120,116,118,395,46040
2011-08-29,NBB,118,120,116,120,2855,335250
2011-08-30,NBB,120,126,122,123,1115,136730
2011-09-01,NBB,123,125,122,125,665,81895
2011-09-07,NBB,125,123,123,123,75,9225
2011-09-12,NBB,123,121,121,121,625,75625
2011-09-13,NBB,121,119,114,114,500,57955
2011-09-14,NBB,114,114,111,111,1625,182580
2011-09-15,NBB,111,112,108,112,531,58579
2011-09-18,NBB,112,111,102,106,3518,366800
2011-09-20,NBB,106,114,108,114,1445,159640
2011-09-21,NBB,114,117,116,117,185,21515
2011-09-22,NBB,117,119,115,115,295,34605
2011-09-25,NBB,115,118,115,118,1095,127095
2011-09-26,NBB,118,121,119,119,490,58350
2011-09-27,NBB,119,117,109,115,3065,341345
2011-09-29,NBB,115,116,115,115,2075,239125
2011-10-10,NBB,115,117,115,115,500,58100
2011-10-12,NBB,115,123,117,121,90,10840
2011-10-13,NBB,121,123,121,121,45,5475
2011-10-17,NBB,121,121,115,121,635,74730
2011-10-18,NBB,121,119,116,116,1575,183930
2011-10-19,NBB,116,118,117,118,590,69340
2011-10-20,NBB,118,118,116,116,5100,593310
2011-10-23,NBB,116,127,114,127,21785,2583805
2011-10-24,NBB,127,138,129,138,22223,3038444
2011-10-25,NBB,138,144,132,140,8285,1149365
2011-10-30,NBB,140,141,141,141,25,3525
2011-10-31,NBB,141,139,133,133,240,32070
2011-11-02,NBB,133,146,135,146,3710,533750
2011-11-03,NBB,146,154,136,154,12745,1858265
2011-11-06,NBB,154,151,139,141,7973,1129338
2011-11-08,NBB,141,142,133,135,4100,555980
2011-11-09,NBB,135,133,131,131,350,46150
2011-11-10,NBB,131,142,130,142,1673,220616
2011-11-13,NBB,142,140,136,137,1050,144750
2011-11-14,NBB,137,150,139,146,17495,2565930
2011-11-15,NBB,146,152,144,144,5940,864200
2011-11-16,NBB,144,146,138,138,1180,165165
2011-11-17,NBB,138,140,136,136,330,45540
2011-11-20,NBB,136,136,134,136,735,99050
2011-11-21,NBB,136,144,136,144,180,25080
2011-11-22,NBB,144,142,136,136,490,67710
2011-11-23,NBB,136,134,129,129,2153,280862
2011-11-24,NBB,129,131,129,131,90,11760
2011-11-27,NBB,131,139,132,139,1608,214036
2011-11-28,NBB,139,137,131,131,240,32010
2011-12-04,NBB,141,139,128,130,4053,520777
2011-12-05,NBB,130,130,126,126,1325,168690
2011-12-06,NBB,126,132,124,132,2066,259896
2011-12-07,NBB,132,131,126,128,786,100405
2011-12-08,NBB,128,140,126,140,1440,192610
2011-12-13,NBB,140,138,137,137,1030,141130
2011-12-18,NBB,137,135,124,124,5920,763845
2011-12-19,NBB,124,128,124,125,395,49450
2011-12-20,NBB,125,127,123,127,215,26735
2011-12-22,NBB,127,130,123,123,3875,483930
2011-12-26,NBB,123,122,121,121,20195,2462665
2011-12-27,NBB,121,123,119,120,4435,531415
2011-12-28,NBB,120,122,120,120,400,48390
2011-12-29,NBB,120,124,120,123,2435,293245
2012-01-01,NBB,123,126,122,126,1590,196220
2012-01-02,NBB,126,130,123,128,1105,140170
2012-01-03,NBB,128,129,122,127,430,54650
2012-01-04,NBB,127,125,120,120,2450,296160
2012-01-05,NBB,120,124,118,120,5920,710300
2012-01-08,NBB,120,124,122,123,845,103815
2012-01-09,NBB,123,122,122,122,945,115290
2012-01-11,NBB,122,122,120,122,760,92060
2012-01-12,NBB,122,122,120,120,1060,127480
2012-01-16,NBB,120,120,119,120,400,47755
2012-01-17,NBB,120,124,122,122,545,66550
2012-01-18,NBB,122,124,122,122,230,28120
2012-01-19,NBB,122,130,124,130,755,93760
2012-01-23,NBB,130,132,132,132,40,5280
2012-01-25,NBB,132,130,130,130,20,2600
2012-01-26,NBB,130,130,130,130,1000,130000
2012-01-29,NBB,130,128,120,120,1761,211777
2012-01-31,NBB,120,121,113,113,13700,1578665
2012-02-01,NBB,113,115,112,112,2605,292375
2012-02-02,NBB,112,117,113,117,300,34320
2012-02-05,NBB,117,115,111,111,1655,188265
2012-02-06,NBB,111,113,110,110,343,38069
2012-02-07,NBB,110,112,110,112,525,57950
2012-02-08,NBB,112,112,111,112,1460,162260
2012-02-12,NBB,112,112,111,112,6825,759475
2012-02-13,NBB,112,112,110,112,2080,231090
2012-02-14,NBB,112,112,111,111,573,63633
2012-02-15,NBB,111,112,109,111,745,82600
2012-02-16,NBB,111,113,110,113,1588,175480
2012-02-21,NBB,113,111,108,110,868,94569
2012-02-23,NBB,110,114,110,114,6510,716340
2012-02-26,NBB,114,115,112,112,6243,716275
2012-02-27,NBB,112,112,110,112,4070,447880
2012-02-28,NBB,112,114,112,112,1000,113160
2012-02-29,NBB,112,118,110,111,1688,188066
2012-03-01,NBB,111,113,112,112,693,77706
2012-03-04,NBB,112,110,108,108,2215,240650
2012-03-05,NBB,108,110,110,110,100,11000
2012-03-06,NBB,110,111,108,108,9600,1038100
2012-03-11,NBB,108,110,110,110,225,24750
2012-03-12,NBB,110,110,108,108,9290,1012430
2012-03-13,NBB,108,108,108,108,9000,972000
2012-03-14,NBB,108,108,107,107,9813,1059419
2012-03-15,NBB,107,111,109,111,2945,321125
2012-03-18,NBB,111,109,105,107,4025,428995
2012-03-19,NBB,107,107,105,105,4325,454615
2012-03-20,NBB,105,105,104,105,660,69190
2012-03-21,NBB,105,108,104,108,1840,193710
2012-03-25,NBB,108,107,107,107,150,16050
2012-03-26,NBB,107,106,106,106,38,4028
2012-03-27,NBB,106,105,104,104,2660,279140
2012-03-28,NBB,104,105,103,103,5245,541765
2012-03-29,NBB,103,103,103,103,45,4635
2012-04-01,NBB,103,105,105,105,250,26250
2012-04-02,NBB,105,105,103,104,685,70890
2012-04-03,NBB,104,103,101,103,4470,452410
2012-04-05,NBB,103,105,103,105,730,76190
2012-04-08,NBB,105,107,107,107,1250,133750
2012-04-09,NBB,107,107,107,107,150,16050
2012-04-10,NBB,107,109,105,107,2330,246565
2012-04-11,NBB,107,113,109,113,1440,157570
2012-04-12,NBB,113,124,109,124,2980,337410
2012-04-15,NBB,124,134,122,126,7285,919560
2012-04-16,NBB,126,132,128,132,120,15580
2012-04-17,NBB,132,136,119,119,4603,599278
2012-04-18,NBB,119,129,119,123,2747,340581
2012-04-19,NBB,123,127,111,117,24420,2792100
2012-04-22,NBB,117,128,118,128,5130,636595
2012-04-24,NBB,128,140,130,140,3160,439110
2012-04-25,NBB,140,144,142,144,1095,157630
2012-04-26,NBB,144,158,140,157,17205,2579765
2012-04-29,NBB,157,161,149,150,10830,1667820
2012-05-02,NBB,150,147,147,147,50,7350
2012-05-03,NBB,147,160,154,159,10622,1683131
2012-05-07,NBB,159,174,162,172,7335,1231410
2012-05-08,NBB,172,175,166,166,1700,291080
2012-05-09,NBB,166,163,150,150,2850,436845
2012-05-10,NBB,150,147,140,142,1180,167410
2012-05-14,NBB,142,140,128,128,9183,1183308
2012-05-15,NBB,128,140,130,140,3430,479700
2012-05-17,NBB,140,154,140,144,15263,2231451
2012-05-20,NBB,144,146,138,142,11765,1675685
2012-05-21,NBB,142,144,138,144,10090,1428155
2012-05-22,NBB,144,142,138,142,2840,398420
2012-05-23,NBB,142,140,132,134,4700,630200
2012-05-24,NBB,134,138,132,138,4435,599400
2012-05-27,NBB,138,149,140,147,7103,1039997
2012-05-30,NBB,147,145,143,143,60,8600
2012-05-31,NBB,143,141,141,141,10,1410
2012-06-03,NBB,141,141,132,134,3995,548380
2012-06-04,NBB,134,134,126,127,5305,683975
2012-06-05,NBB,127,127,124,125,3340,419635
2012-06-06,NBB,125,125,120,123,2810,342175
2012-06-07,NBB,123,129,125,127,1828,231676
2012-06-10,NBB,127,127,120,120,3102,387599
2012-06-12,NBB,120,127,121,121,4080,505160
2012-06-13,NBB,121,123,118,120,6810,816320
2012-06-14,NBB,120,122,116,120,26075,3067935
2012-06-17,NBB,120,121,116,116,6845,804155
2012-06-18,NBB,116,121,116,118,6400,750770
2012-06-19,NBB,118,121,118,119,9145,1091990
2012-06-20,NBB,119,127,120,121,4100,495070
2012-06-21,NBB,121,124,120,120,4675,566205
2012-06-25,NBB,120,129,121,128,605,74895
2012-06-26,NBB,128,126,121,121,770,93470
2012-06-27,NBB,121,125,118,122,4420,534470
2012-06-28,NBB,122,130,121,122,1775,221520
2012-07-01,NBB,122,123,122,123,970,119110
2012-07-02,NBB,123,123,120,123,1555,189070
2012-07-03,NBB,123,121,120,121,9615,1156915
2012-07-04,NBB,121,126,119,124,47835,5758390
2012-07-05,NBB,124,126,124,125,1220,152060
2012-07-08,NBB,125,127,123,125,1925,239685
2012-07-09,NBB,125,127,123,125,4200,522475
2012-07-10,NBB,125,127,123,127,4065,504415
2012-07-11,NBB,127,125,125,125,365,45625
2012-07-12,NBB,125,123,120,122,9776,1180911
2012-07-15,NBB,122,123,120,121,4422,534331
2012-07-16,NBB,121,128,120,126,15135,1865005
2012-07-17,NBB,126,126,124,124,2010,250310
2012-07-18,NBB,124,130,125,128,5690,731330
2012-07-19,NBB,128,136,129,136,14905,1975700
2012-07-22,NBB,136,143,138,143,16655,2340040
2012-07-23,NBB,143,150,144,147,11225,1661940
2012-07-24,NBB,147,145,135,141,4291,601356
2012-07-25,NBB,141,146,140,140,24791,3552162
2012-07-26,NBB,140,140,139,139,1975,274905
2012-07-29,NBB,139,140,133,133,2270,304935
2012-07-30,NBB,133,146,135,146,23541,3425136
2012-07-31,NBB,146,155,143,145,16124,2385138
2012-08-01,NBB,145,145,141,141,2755,395030
2012-08-05,NBB,141,139,134,137,7020,956090
2012-08-06,NBB,137,144,139,144,2300,323395
2012-08-07,NBB,144,142,137,139,2996,414233
2012-08-08,NBB,139,141,135,137,2723,369505
2012-08-12,NBB,137,139,133,134,3153,428702
2012-08-13,NBB,134,133,128,132,6360,829990
2012-08-14,NBB,132,130,124,127,3905,491735
2012-08-15,NBB,127,127,123,127,2475,309825
2012-08-16,NBB,127,130,125,130,5520,698735
2012-08-19,NBB,130,142,132,142,135,18200
2012-08-21,NBB,142,140,132,134,4670,623780
2012-08-22,NBB,134,137,135,135,3293,445255
2012-08-23,NBB,135,137,133,135,1985,266040
2012-08-26,NBB,135,133,122,125,11828,1464459
2012-08-27,NBB,125,137,127,137,6523,889851
2012-08-28,NBB,137,143,132,132,8713,1190560
2012-08-29,NBB,132,138,134,138,1755,238430
2012-08-30,NBB,138,147,136,147,7638,1051648
2012-09-02,NBB,147,145,135,138,1695,236060
2012-09-03,NBB,138,136,131,133,12295,1641775
2012-09-04,NBB,133,133,130,130,15850,2070460
2012-09-05,NBB,130,132,130,130,15491,2015812
2012-09-06,NBB,130,135,128,131,56785,7408110
2012-09-09,NBB,131,142,132,134,4360,603350
2012-09-10,NBB,134,138,133,133,5368,722497
2012-09-11,NBB,133,138,132,134,32825,4384725
2012-09-12,NBB,134,147,135,147,44676,6473463
2012-09-13,NBB,147,161,145,151,47011,7037879
2012-09-16,NBB,151,161,150,158,26770,4147950
2012-09-17,NBB,158,165,156,163,19725,3153975
2012-09-18,NBB,163,172,161,168,17988,2971463
2012-09-19,NBB,168,168,159,162,25128,4083433
2012-09-20,NBB,162,172,159,162,20298,3290425
2012-09-23,NBB,162,160,153,153,15831,2479349
2012-09-24,NBB,153,151,148,148,13000,1938900
2012-09-25,NBB,148,152,148,148,5400,803640
2012-09-26,NBB,148,148,148,148,193,28564
2012-09-30,NBB,151,158,145,158,11530,1741115
2012-10-01,NBB,158,166,156,159,24514,3933795
2012-10-02,NBB,159,158,152,155,8763,1356817
2012-10-03,NBB,155,161,155,157,27290,4300085
2012-10-04,NBB,157,159,155,159,14650,2319255
2012-10-07,NBB,159,160,155,155,42368,6683916
2012-10-08,NBB,155,162,158,162,18053,2886647
2012-10-09,NBB,162,162,158,158,14030,2220560
2012-10-10,NBB,158,161,157,160,14935,2373325
2012-10-11,NBB,160,160,159,160,8378,1340120
2012-10-14,NBB,160,169,162,166,23193,3827248
2012-10-15,NBB,166,169,166,166,8540,1419940
2012-10-17,NBB,166,172,166,172,5648,952391
2012-10-18,NBB,172,172,168,169,10979,1856159
2012-10-30,NBB,169,172,160,168,19698,3248828
2012-10-31,NBB,168,174,167,170,8758,1482280
2012-11-01,NBB,170,170,165,167,10285,1720055
2012-11-04,NBB,167,183,170,183,37286,6656272
2012-11-05,NBB,183,201,186,194,13780,2688415
2012-11-06,NBB,194,197,182,185,21400,4060170
2012-11-07,NBB,185,192,185,190,18405,3436730
2012-11-08,NBB,190,209,190,205,56473,11496974
2012-11-11,NBB,205,225,205,208,42648,9146554
2012-11-12,NBB,208,226,210,223,71330,15260050
2012-11-18,NBB,223,245,227,245,31551,7656095
2012-11-20,NBB,245,269,249,269,65695,17668230
2012-11-21,NBB,269,295,245,269,80316,21974196
2012-11-22,NBB,269,275,255,266,62133,16335259
2012-11-25,NBB,266,291,265,267,73030,19920796
2012-11-26,NBB,267,269,255,263,39311,10312929
2012-11-27,NBB,263,261,247,254,31828,8011506
2012-11-28,NBB,254,255,235,241,34568,8431586
2012-11-29,NBB,241,252,232,235,37501,8979228
2012-12-02,NBB,235,231,221,227,55820,12590680
2012-12-03,NBB,227,236,225,234,15749,3645277
2012-12-04,NBB,234,254,235,245,33630,8268030
2012-12-05,NBB,245,265,249,265,39670,10162580
2012-12-06,NBB,265,260,245,251,54845,13741315
2012-12-09,NBB,251,249,241,242,14476,3505935
2012-12-10,NBB,242,248,237,248,17960,4338675
2012-12-11,NBB,248,249,246,247,1893,467446
2012-12-12,NBB,247,256,240,256,46211,11228101
2012-12-13,NBB,256,252,246,249,34480,8585690
2012-12-16,NBB,249,267,253,259,37916,9741623
2012-12-17,NBB,259,269,255,260,69630,18111790
2012-12-18,NBB,260,258,246,250,28985,7345910
2012-12-19,NBB,250,262,248,260,26633,6800846
2012-12-20,NBB,260,261,251,261,34828,8879191
2012-12-23,NBB,261,262,250,253,27958,7081209
2012-12-24,NBB,253,261,253,255,21368,5467856
2012-12-26,NBB,255,266,258,261,33564,8732728
2012-12-27,NBB,261,264,259,259,42283,11016308
2012-12-31,NBB,259,277,259,275,54273,14351810
2013-01-01,NBB,275,280,265,274,25791,6989571
2013-01-02,NBB,274,275,258,269,24798,6583152
2013-01-03,NBB,269,273,263,267,32434,8653057
2013-01-06,NBB,267,270,258,264,30739,7988217
2013-01-07,NBB,264,267,257,260,12528,3254504
2013-01-08,NBB,260,262,255,262,3530,906460
2013-01-09,NBB,262,260,250,255,18910,4781910
2013-01-10,NBB,255,258,250,255,11920,2999325
2013-01-13,NBB,255,256,245,255,13692,3397518
2013-01-15,NBB,255,255,249,255,25838,6473605
2013-01-16,NBB,255,251,248,250,15170,3779120
2013-01-17,NBB,250,250,244,244,14375,3543660
2013-01-20,NBB,244,240,231,236,6208,1455715
2013-01-21,NBB,236,250,240,245,7280,1785455
2013-01-22,NBB,245,251,245,245,18680,4606970
2013-01-23,NBB,245,252,245,247,15275,3787308
2013-01-24,NBB,247,249,240,242,101705,25142444
2013-01-27,NBB,242,243,234,237,8288,1978796
2013-01-28,NBB,237,242,238,242,9970,2383830
2013-01-30,NBB,242,242,231,238,5780,1365355
2013-01-31,NBB,238,237,232,232,14590,3398140
2013-02-03,NBB,232,255,236,255,73625,18341704
2013-02-04,NBB,255,275,255,274,141811,37942904
2013-02-05,NBB,274,300,269,281,119252,33707088
2013-02-06,NBB,281,309,280,281,122044,35184460
2013-02-07,NBB,281,284,273,279,44537,12295651
2013-02-10,NBB,279,278,270,274,30913,8457202
2013-02-12,NBB,274,290,275,290,117063,32699544
2013-02-13,NBB,290,295,276,286,32468,9259328
2013-02-14,NBB,286,294,289,291,51246,14899734
2013-02-17,NBB,291,320,296,319,29686,9469825
2013-02-19,NBB,319,337,296,311,75376,23538888
2013-02-20,NBB,311,305,294,302,63608,19004724
2013-02-21,NBB,302,315,298,313,67998,20745830
2013-02-24,NBB,313,311,306,311,66693,20590348
2013-02-25,NBB,311,335,307,322,78696,24962288
2013-02-26,NBB,322,340,322,328,95775,31386652
2013-02-27,NBB,328,330,322,328,64829,21066866
2013-02-28,NBB,328,347,326,345,76945,25948976
2013-03-04,NBB,354,361,345,350,87863,31066972
2013-03-05,NBB,350,364,340,345,85583,29503304
2013-03-06,NBB,345,351,338,350,54610,18786540
2013-03-07,NBB,350,346,338,340,40038,13650755
2013-03-11,NBB,340,345,334,336,32763,11054997
2013-03-13,NBB,336,345,335,345,36435,12392592
2013-03-14,NBB,345,360,338,338,49133,16931530
2013-03-17,NBB,338,340,325,332,26726,8863980
2013-03-18,NBB,332,335,325,326,24140,7889150
2013-03-19,NBB,326,339,326,332,59910,19854550
2013-03-20,NBB,332,342,327,328,59971,19914588
2013-03-21,NBB,328,331,325,328,23738,7740008
2013-03-24,NBB,328,324,315,317,29198,9309348
2013-03-25,NBB,317,341,319,325,52172,16941608
2013-03-27,NBB,325,337,322,323,34671,11314419
2013-03-28,NBB,323,330,320,323,26108,8444850
2013-03-31,NBB,323,325,310,311,32643,10326244
2013-04-01,NBB,311,315,300,314,47585,14516210
2013-04-02,NBB,314,327,314,323,50383,16006921
2013-04-03,NBB,323,328,315,322,29883,9554318
2013-04-04,NBB,322,327,310,315,24970,7839710
2013-04-07,NBB,315,322,305,317,10578,3285760
2013-04-08,NBB,317,326,315,324,13875,4420740
2013-04-09,NBB,324,324,319,322,10335,3320050
2013-04-11,NBB,322,328,322,325,15935,5162095
2013-04-15,NBB,325,331,322,324,7814,2538455
2013-04-16,NBB,324,325,318,320,9393,3004730
2013-04-17,NBB,320,322,317,318,5800,1843970
2013-04-18,NBB,318,321,309,309,9445,2957180
2013-04-21,NBB,309,311,300,300,26703,8137616
2013-04-22,NBB,300,307,294,307,29538,8875133
2013-04-23,NBB,307,311,302,305,18748,5725043
2013-04-25,NBB,305,304,283,297,25048,7326842
2013-04-28,NBB,297,300,294,294,4605,1360345
2013-04-29,NBB,294,292,286,289,16010,4614595
2013-04-30,NBB,289,291,280,282,4973,1410472
2013-05-02,NBB,282,279,260,270,11515,3081645
2013-05-05,NBB,270,280,261,261,13254,3537413
2013-05-06,NBB,261,266,262,265,2460,651135
2013-05-07,NBB,265,290,270,282,6546,1849355
2013-05-08,NBB,282,278,277,278,325,90150
2013-05-09,NBB,278,277,269,277,1605,435125
2013-05-12,NBB,277,272,259,262,4757,1263113
2013-05-13,NBB,262,274,260,274,5868,1566490
2013-05-14,NBB,274,279,270,275,14105,3843620
2013-05-15,NBB,275,301,280,300,23188,6873155
2013-05-16,NBB,300,312,301,311,20663,6315080
2013-05-19,NBB,311,318,294,318,14095,4253640
2013-05-20,NBB,318,321,294,296,4660,1379380
2013-05-21,NBB,296,298,292,296,13854,4088992
2013-05-22,NBB,296,299,294,296,10393,3079349
2013-05-23,NBB,296,297,294,297,6710,1984365
2013-05-26,NBB,297,316,294,303,13789,4139564
2013-05-27,NBB,303,301,297,300,6793,2033442
2013-05-28,NBB,300,298,288,294,11299,3295942
2013-05-30,NBB,294,299,290,290,13633,3972421
2013-06-02,NBB,290,291,280,280,12213,3451088
2013-06-03,NBB,280,290,285,285,4546,1299547
2013-06-04,NBB,285,302,290,292,17623,5188357
2013-06-05,NBB,292,301,295,300,4138,1238393
2013-06-06,NBB,300,300,294,300,1765,526450
2013-06-09,NBB,300,306,295,295,23438,6978795
2013-06-10,NBB,295,304,290,293,14859,4365757
2013-06-11,NBB,293,293,290,293,7060,2050310
2013-06-12,NBB,293,296,289,291,8295,2406010
2013-06-13,NBB,291,300,292,299,19588,5773380
2013-06-16,NBB,299,309,295,299,11013,3281877
2013-06-17,NBB,299,296,294,294,7938,2336602
2013-06-18,NBB,294,298,294,298,13115,3870145
2013-06-19,NBB,298,301,294,301,11215,3322225
2013-06-20,NBB,301,298,295,297,9093,2691430
2013-06-23,NBB,297,296,286,290,9270,2697405
2013-06-24,NBB,290,290,284,290,30628,8744287
2013-06-25,NBB,290,300,288,297,5610,1644250
2013-06-26,NBB,297,306,300,301,9058,2733851
2013-06-27,NBB,301,296,294,295,1825,538200
2013-06-30,NBB,295,292,290,290,11400,3310840
2013-07-01,NBB,290,291,286,290,8835,2551350
2013-07-02,NBB,290,295,283,286,7678,2213207
2013-07-03,NBB,286,293,286,289,8028,2302840
2013-07-04,NBB,289,290,286,287,17615,5060615
2013-07-07,NBB,287,292,285,287,5700,1633050
2013-07-08,NBB,287,291,285,290,4560,1308530
2013-07-09,NBB,290,298,291,295,14219,4156589
2013-07-10,NBB,295,309,300,309,27885,8411900
2013-07-11,NBB,309,305,296,305,7980,2369235
2013-07-14,NBB,305,306,297,303,4530,1357905
2013-07-15,NBB,303,303,294,300,7930,2361085
2013-07-16,NBB,300,301,297,300,3030,903170
2013-07-17,NBB,300,298,294,295,3300,973300
2013-07-18,NBB,295,307,290,302,16393,4908697
2013-07-21,NBB,302,316,305,314,30476,9471729
2013-07-22,NBB,314,314,302,306,4540,1389610
2013-07-23,NBB,306,310,301,310,4701,1428210
2013-07-24,NBB,310,313,300,313,8921,2697912
2013-07-25,NBB,313,307,299,304,8885,2676720
2013-07-28,NBB,304,301,300,300,9903,2971300
2013-07-29,NBB,300,302,294,300,14993,4479947
2013-07-30,NBB,300,305,300,304,30215,9131405
2013-07-31,NBB,304,310,301,305,22913,6976989
2013-08-01,NBB,305,314,303,308,13140,4012170
2013-08-04,NBB,308,313,306,307,14250,4377675
2013-08-05,NBB,307,307,304,304,6475,1974390
2013-08-06,NBB,304,305,293,300,11052,3295514
2013-08-07,NBB,300,305,294,301,8388,2541792
2013-08-08,NBB,301,309,300,309,6811,2048190
2013-08-11,NBB,309,303,298,302,3320,996000
2013-08-12,NBB,302,307,296,300,4900,1457275
2013-08-13,NBB,300,298,297,298,630,187230
2013-08-14,NBB,298,316,299,300,26094,7862718
2013-08-15,NBB,300,302,296,298,5345,1596625
2013-08-18,NBB,298,303,295,299,10020,2975705
2013-08-19,NBB,299,297,288,296,20994,6128833
2013-08-20,NBB,296,304,294,301,9255,2769730
2013-08-25,NBB,301,331,307,331,107496,34908448
2013-08-26,NBB,331,364,331,364,161335,57306036
2013-08-27,NBB,364,400,367,375,126163,48099680
2013-08-29,NBB,375,378,349,365,94905,33732864
2013-09-01,NBB,365,391,358,387,143405,53399324
2013-09-02,NBB,387,394,365,373,83577,31396892
2013-09-03,NBB,373,370,360,370,29449,10664215
2013-09-04,NBB,370,383,356,362,8193,2954415
2013-09-05,NBB,362,373,360,370,27748,10132299
2013-09-08,NBB,370,370,361,370,32748,12002419
2013-09-09,NBB,370,370,364,367,25160,9221095
2013-09-10,NBB,367,370,363,365,29527,10794609
2013-09-11,NBB,365,372,365,369,19845,7297135
2013-09-12,NBB,369,369,365,368,15570,5702685
2013-09-15,NBB,368,370,367,369,17620,6494180
2013-09-16,NBB,369,375,368,372,10548,3897950
2013-09-17,NBB,372,375,369,373,28163,10431775
2013-09-19,NBB,373,378,370,378,28035,10437450
2013-09-22,NBB,375,375,370,370,25960,9654980
2013-09-23,NBB,370,373,367,370,23248,8585445
2013-09-24,NBB,370,373,367,373,24873,9183540
2013-09-25,NBB,373,375,370,375,14426,5356156
2013-09-26,NBB,375,373,370,372,14853,5517551
2013-09-29,NBB,372,372,365,368,21385,7858750
2013-09-30,NBB,368,369,364,369,18455,6765540
2013-10-01,NBB,369,369,367,367,23368,8591377
2013-10-02,NBB,367,369,366,369,11940,4387140
2013-10-03,NBB,369,382,370,375,35560,13268660
2013-10-06,NBB,375,396,380,389,33544,12931713
2013-10-07,NBB,389,395,390,394,38328,15028570
2013-10-08,NBB,394,398,390,398,19775,7756490
2013-10-09,NBB,398,405,375,375,44124,16756389
2013-10-10,NBB,375,392,382,392,19325,7445375
2013-10-17,NBB,392,405,390,392,4112,1612112
2013-10-20,NBB,392,408,390,400,26241,10394178
2013-10-21,NBB,400,408,395,399,31855,12680720
2013-10-22,NBB,399,399,386,393,11378,4467756
2013-10-23,NBB,393,399,385,390,5140,1990125
2013-10-24,NBB,390,390,381,384,17788,6830672
2013-10-27,NBB,384,392,382,392,16216,6227717
2013-10-28,NBB,392,390,383,386,19978,7684085
2013-10-29,NBB,386,389,383,389,13714,5283913
2013-10-30,NBB,389,399,388,399,24166,9416163
2013-10-31,NBB,399,393,386,388,11750,4565680
2013-11-06,NBB,388,388,384,388,10935,4210640
2013-11-07,NBB,388,394,385,386,12066,4678574
2013-11-10,NBB,386,394,380,394,5895,2260210
2013-11-11,NBB,394,395,380,390,22205,8559230
2013-11-12,NBB,390,408,394,400,62551,25123872
2013-11-13,NBB,400,406,397,399,34698,13893699
2013-11-14,NBB,399,403,394,400,45941,18230008
2013-11-21,NBB,400,440,408,440,48718,21428940
2013-11-24,NBB,440,484,448,459,69906,32662504
2013-11-25,NBB,459,460,429,438,34400,15083980
2013-11-26,NBB,437,461,430,444,32283,14459861
2013-11-27,NBB,444,448,438,439,16328,7191162
2013-11-28,NBB,439,447,434,440,34157,14902445
2013-12-01,NBB,440,445,440,442,28001,12362558
2013-12-02,NBB,442,454,430,449,45026,20220388
2013-12-03,NBB,449,464,441,455,65349,29666408
2013-12-04,NBB,455,490,455,472,43528,20829064
2013-12-05,NBB,472,507,470,482,48819,23784468
2013-12-08,NBB,482,505,478,486,46775,22718596
2013-12-09,NBB,486,499,478,490,37582,18447752
2013-12-10,NBB,490,493,485,490,42873,20937596
2013-12-11,NBB,490,500,492,498,87423,43472648
2013-12-12,NBB,498,512,496,512,80471,40656720
2013-12-15,NBB,512,563,513,563,97012,53343020
2013-12-16,NBB,563,619,574,619,75001,46307412
2013-12-18,NBB,619,675,625,670,31865,21216796
2013-12-19,NBB,670,683,615,660,151582,97419184
2013-12-22,NBB,658,670,635,658,89206,58352580
2013-12-23,NBB,665,660,620,625,43516,27813350
2013-12-24,NBB,625,652,598,637,115687,71589664
2013-12-26,NBB,636,699,648,670,68114,45787940
2013-12-29,NBB,670,675,655,659,55928,37060856
2013-12-31,NBB,659,660,635,635,24635,15870770
2014-01-01,NBB,635,630,603,611,65420,40027500
2014-01-02,NBB,611,635,600,624,65014,39805440
2014-01-05,NBB,624,640,630,635,29736,18809656
2014-01-06,NBB,635,637,615,636,30243,18901788
2014-01-07,NBB,636,640,620,636,36473,22898836
2014-01-08,NBB,636,660,626,660,37510,24114630
2014-01-09,NBB,660,660,640,641,20580,13306065
2014-01-12,NBB,641,655,635,645,59144,38159324
2014-01-13,NBB,645,645,608,621,54706,34109400
2014-01-14,NBB,621,640,610,625,40415,25114446
2014-01-16,NBB,625,645,620,634,24357,15509101
2014-01-19,NBB,634,645,630,639,9741,6191184
2014-01-20,NBB,639,640,623,623,12526,7904053
2014-01-21,NBB,623,628,615,622,12646,7874915
2014-01-22,NBB,622,640,616,637,27166,17173188
2014-01-23,NBB,637,664,641,664,40277,26079732
2014-01-26,NBB,664,671,643,646,34971,22999358
2014-01-27,NBB,646,665,635,638,11170,7257465
2014-01-28,NBB,638,649,621,636,8628,5457910
2014-01-29,NBB,636,640,627,630,8624,5437262
2014-02-02,NBB,630,631,619,621,9152,5693625
2014-02-03,NBB,621,625,608,613,12248,7527342
2014-02-04,NBB,613,630,601,618,23060,14159750
2014-02-06,NBB,646,642,620,639,18943,11816775
2014-02-09,NBB,639,630,615,615,18441,11375953
2014-02-10,NBB,615,664,618,626,47960,30604336
2014-02-11,NBB,626,631,616,620,19273,11995591
2014-02-12,NBB,620,634,608,634,28188,17304004
2014-02-13,NBB,634,622,610,614,12858,7902944
2014-03-03,NBB,614,618,602,616,10240,6272765
2014-03-04,NBB,616,616,594,606,9413,5646975
2014-03-05,NBB,606,613,600,600,10463,6328020
2014-03-06,NBB,600,612,598,605,16683,10060815
2014-03-09,NBB,600,610,590,595,12635,7516345
2014-03-10,NBB,595,600,595,600,2963,1765085
2014-03-11,NBB,600,599,582,586,10185,5983890
2014-03-12,NBB,586,586,570,575,5160,2957325
2014-03-17,NBB,587,580,560,568,4090,2327790
2014-03-18,NBB,568,576,550,558,5235,2942755
2014-03-19,NBB,558,571,558,558,7045,3972075
2014-03-20,NBB,558,569,551,565,6110,3406285
2014-03-23,NBB,565,580,570,580,1785,1032575
2014-03-24,NBB,580,573,556,570,2090,1186865
2014-03-25,NBB,570,569,565,569,985,557960
2014-03-26,NBB,569,590,565,579,1930,1101260
2014-03-27,NBB,579,590,565,590,9645,5533275
2014-03-31,NBB,590,605,586,591,16960,10127425
2014-04-01,NBB,591,602,591,600,4043,2406965
2014-04-02,NBB,600,593,585,592,4040,2376380
2014-04-03,NBB,592,610,590,600,33998,20417592
2014-04-06,NBB,600,624,611,614,14270,8771840
2014-04-07,NBB,614,611,599,606,6930,4188485
2014-04-09,NBB,606,605,597,600,8320,4988065
2014-04-10,NBB,600,610,600,604,6794,4099277
2014-04-13,NBB,604,605,596,601,11093,6655980
2014-04-15,NBB,601,605,600,601,12033,7227096
2014-04-16,NBB,601,601,592,592,3585,2140815
2014-04-17,NBB,592,599,581,599,20255,11841685
2014-04-20,NBB,599,600,592,600,10535,6308275
2014-04-21,NBB,600,600,590,600,17168,10200490
2014-04-22,NBB,600,611,595,611,31125,18869270
2014-04-23,NBB,611,620,604,605,12005,7305105
2014-04-27,NBB,605,608,590,595,13480,8062310
2014-04-28,NBB,595,606,585,585,7375,4345910
2014-04-29,NBB,585,600,586,600,13550,8026305
2014-04-30,NBB,600,613,599,602,24928,15059717
2014-05-04,NBB,602,602,590,600,12320,7354935
2014-05-05,NBB,600,611,592,610,32875,19817136
2014-05-06,NBB,610,640,613,624,22640,14094730
2014-05-07,NBB,624,647,621,632,13923,8755035
2014-05-08,NBB,632,640,616,630,23483,14629267
2014-05-11,NBB,630,638,619,622,21313,13270077
2014-05-12,NBB,622,638,616,625,19205,11974785
2014-05-13,NBB,625,633,620,628,30733,19242380
2014-05-15,NBB,628,641,620,641,31056,19453424
2014-05-18,NBB,641,670,635,670,33184,21587576
2014-05-19,NBB,670,670,649,663,85596,56006384
2014-05-20,NBB,663,665,640,649,32708,21245960
2014-05-21,NBB,649,660,649,660,20865,13571830
2014-05-22,NBB,660,660,647,649,25241,16474997
2014-05-25,NBB,649,660,649,655,21225,13907670
2014-05-26,NBB,655,655,647,653,17348,11300617
2014-05-27,NBB,653,660,650,651,16936,11042108
2014-05-28,NBB,651,662,650,661,26372,17300316
2014-06-01,NBB,661,688,664,688,29283,19815008
2014-06-02,NBB,688,692,667,686,25006,17136048
2014-06-03,NBB,686,700,680,681,20044,13777380
2014-06-04,NBB,681,689,672,685,21156,14376610
2014-06-05,NBB,685,698,675,685,29953,20446346
2014-06-08,NBB,685,702,685,695,31544,21996988
2014-06-09,NBB,695,722,700,715,33168,23520268
2014-06-10,NBB,715,728,709,715,22141,15867125
2014-06-11,NBB,715,722,701,720,25795,18373310
2014-06-12,NBB,720,724,700,706,34900,24617740
2014-06-15,NBB,706,735,710,725,45786,32967984
2014-06-16,NBB,725,740,720,726,35087,25538468
2014-06-17,NBB,726,735,711,725,28731,20747910
2014-06-18,NBB,725,739,705,720,16508,11822256
2014-06-19,NBB,720,720,696,707,15013,10567790
2014-06-23,NBB,707,710,700,704,16121,11311262
2014-06-24,NBB,704,715,698,713,29389,20734494
2014-06-25,NBB,713,715,703,708,43290,30667588
2014-06-26,NBB,708,722,704,712,66501,47011968
2014-06-30,NBB,647,672,657,665,20973,13931400
2014-07-01,NBB,665,671,655,668,11611,7690296
2014-07-02,NBB,668,670,660,664,7980,5298490
2014-07-03,NBB,664,668,655,660,11845,7829955
2014-07-06,NBB,660,666,657,660,23570,15565765
2014-07-07,NBB,660,679,661,675,21162,14194661
2014-07-08,NBB,675,702,671,700,13970,9722715
2014-07-09,NBB,700,705,688,700,12445,8694765
2014-07-10,NBB,700,699,688,691,16560,11503670
2014-07-13,NBB,691,743,700,710,19037,13529755
2014-07-14,NBB,710,710,695,704,15035,10540105
2014-07-15,NBB,704,710,691,691,8373,5841750
2014-07-16,NBB,691,707,695,700,16605,11585325
2014-07-17,NBB,700,715,701,715,26405,18654036
2014-07-20,NBB,715,743,710,741,26636,19407412
2014-07-21,NBB,741,770,727,727,21070,15806452
2014-07-22,NBB,727,735,705,722,21505,15310245
2014-07-23,NBB,722,745,725,745,19358,14188777
2014-07-24,NBB,745,755,738,740,34083,25329892
2014-07-27,NBB,740,745,725,740,10106,7421740
2014-07-28,NBB,740,750,715,730,7146,5197846
2014-07-30,NBB,730,730,712,715,12830,9206975
2014-07-31,NBB,715,722,708,712,17743,12594770
2014-08-03,NBB,712,720,700,708,13495,9526160
2014-08-04,NBB,708,705,690,691,10219,7099138
2014-08-05,NBB,691,720,694,696,15201,10682723
2014-08-06,NBB,696,693,682,686,7343,5042727
2014-08-07,NBB,686,693,668,685,9916,6723992
2014-08-12,NBB,685,710,670,678,29990,20273320
2014-08-13,NBB,678,704,660,690,16323,11027548
2014-08-14,NBB,690,691,685,690,5378,3694340
2014-08-18,NBB,690,697,661,663,21608,14578333
2014-08-19,NBB,663,691,662,672,17328,11619901
2014-08-20,NBB,672,670,650,666,22588,14801527
2014-08-21,NBB,666,675,640,675,26470,17422930
2014-08-24,NBB,675,675,657,670,10223,6771819
2014-08-25,NBB,670,657,613,649,19670,12277785
2014-08-26,NBB,649,673,590,612,28164,17168024
2014-08-27,NBB,612,659,620,659,28418,18004580
2014-08-28,NBB,659,660,615,634,26608,16740030
2014-08-31,NBB,634,646,600,601,27263,16565528
2014-09-01,NBB,601,625,575,625,29776,17368012
2014-09-03,NBB,625,619,600,608,17022,10283721
2014-09-04,NBB,608,612,575,612,32453,18973764
2014-09-07,NBB,612,601,551,555,43295,24141744
2014-09-09,NBB,555,610,560,609,26418,15265576
2014-09-10,NBB,609,621,567,585,25035,14904796
2014-09-11,NBB,585,605,552,605,24896,14074163
2014-09-14,NBB,605,600,579,590,22083,12886337
2014-09-15,NBB,590,601,575,579,10133,5901775
2014-09-16,NBB,579,613,568,613,12580,7315754
2014-09-17,NBB,613,618,579,600,32895,19541100
2014-09-18,NBB,600,590,571,579,9675,5590760
2014-09-21,NBB,579,575,540,558,18308,10143285
2014-09-22,NBB,558,569,549,555,10470,5791660
2014-09-23,NBB,555,588,566,570,5422,3111212
2014-09-24,NBB,570,600,572,590,9689,5650310
2014-09-28,NBB,590,591,568,579,13971,8098605
2014-09-29,NBB,579,595,579,595,2900,1684720
2014-09-30,NBB,595,603,580,580,11728,6911368
2014-10-08,NBB,580,584,570,576,1080,618780
2014-10-09,NBB,576,585,578,580,2155,1250690
2014-10-12,NBB,580,580,568,568,7210,4134068
2014-10-13,NBB,568,579,560,573,13444,7640702
2014-10-14,NBB,573,571,562,571,7335,4163700
2014-10-15,NBB,571,589,574,582,6056,3499468
2014-10-16,NBB,582,586,575,580,5368,3111668
2014-10-19,NBB,580,590,577,577,9144,5323404
2014-10-20,NBB,577,615,580,615,18540,10858595
2014-10-21,NBB,615,603,569,592,6760,3862880
2014-10-22,NBB,592,603,565,576,6078,3473828
2014-10-26,NBB,576,578,575,575,1650,950250
2014-10-27,NBB,575,580,575,575,3930,2271500
2014-10-28,NBB,575,580,571,571,293,168568
2014-10-30,NBB,571,575,560,562,3427,1930871
2014-11-02,NBB,562,571,550,552,7979,4418917
2014-11-03,NBB,552,550,540,546,10420,5655465
2014-11-04,NBB,546,572,526,572,10845,5755090
2014-11-05,NBB,572,562,545,552,13725,7582585
2014-11-06,NBB,552,569,540,569,7080,3888415
2014-11-09,NBB,569,563,535,538,6633,3588552
2014-11-10,NBB,538,533,526,530,11571,6119286
2014-11-11,NBB,530,560,522,540,8300,4399230
2014-11-12,NBB,540,548,515,520,18075,9517540
2014-11-13,NBB,520,549,510,520,23443,12073551
2014-11-16,NBB,520,520,477,494,32794,16193662
2014-11-17,NBB,494,523,459,463,25079,11649963
2014-11-18,NBB,463,472,433,452,27850,12443155
2014-11-19,NBB,452,461,436,451,8695,3948669
2014-11-20,NBB,451,467,451,463,12027,5522513
2014-11-23,NBB,463,489,466,466,16195,7733950
2014-11-24,NBB,466,481,459,477,14745,6966600
2014-11-25,NBB,477,486,461,469,9689,4524155
2014-11-30,NBB,469,480,460,472,37121,17444056
2014-12-01,NBB,429,425,405,405,4149,1707490
2014-12-02,NBB,405,421,400,415,3695,1500220
2014-12-03,NBB,415,435,407,414,2380,989790
2014-12-04,NBB,414,422,414,422,6766,2811712
2014-12-07,NBB,422,426,418,426,680,288065
2014-12-08,NBB,426,433,415,420,2569,1082577
2014-12-09,NBB,420,423,414,417,3240,1344360
2014-12-10,NBB,417,430,422,430,581,245982
2014-12-11,NBB,430,449,424,449,3418,1466690
2014-12-14,NBB,449,481,457,481,15663,7310175
2014-12-15,NBB,481,495,453,474,10331,4908123
2014-12-16,NBB,474,480,452,458,11097,5138654
2014-12-17,NBB,458,460,445,460,3165,1429077
2014-12-18,NBB,460,463,455,461,2961,1361246
2014-12-21,NBB,461,452,441,450,5806,2577000
2014-12-22,NBB,450,450,438,438,7920,3492127
2014-12-23,NBB,438,438,429,438,3672,1584905
2014-12-24,NBB,438,448,430,448,10671,4672293
2014-12-28,NBB,448,459,442,454,5177,2341287
2014-12-29,NBB,454,452,435,450,4268,1900555
2014-12-31,NBB,450,451,440,442,7645,3381433
2015-01-01,NBB,442,459,450,459,2323,1047027
2015-01-04,NBB,459,460,450,455,12019,5460486
2015-01-05,NBB,455,471,445,453,21052,9505602
2015-01-06,NBB,453,469,445,458,21491,9644564
2015-01-07,NBB,458,463,451,460,11203,5137474
2015-01-08,NBB,460,471,459,471,11661,5418358
2015-01-11,NBB,471,477,468,469,18348,8630447
2015-01-12,NBB,469,466,453,462,4270,1969018
2015-01-13,NBB,462,464,454,462,6974,3209282
2015-01-14,NBB,462,468,460,462,9174,4249824
2015-01-18,NBB,462,488,466,488,40679,19687688
2015-01-19,NBB,488,536,497,522,43156,22435308
2015-01-20,NBB,522,533,490,515,29889,15333045
2015-01-22,NBB,515,517,496,511,20581,10441643
2015-01-25,NBB,511,522,510,516,17787,9136848
2015-01-26,NBB,516,540,517,530,29138,15282546
2015-01-27,NBB,530,543,531,535,10760,5748658
2015-01-28,NBB,535,551,540,551,13356,7302776
2015-01-29,NBB,551,565,540,550,27989,15390757
2015-02-01,NBB,550,561,542,545,16219,8863419
2015-02-02,NBB,545,548,535,548,14082,7629051
2015-02-03,NBB,548,548,527,530,8469,4507670
2015-02-04,NBB,530,531,520,530,23928,12511278
2015-02-05,NBB,530,533,519,533,8021,4178890
2015-02-08,NBB,533,543,525,535,10982,5807098
2015-02-09,NBB,535,533,520,525,3045,1593737
2015-02-10,NBB,525,525,516,521,4052,2112592
2015-02-11,NBB,521,528,514,522,11919,6160090
2015-02-12,NBB,522,531,520,525,11769,6176138
2015-02-15,NBB,525,539,522,522,7840,4123559
2015-02-16,NBB,522,532,520,525,9901,5162856
2015-02-18,NBB,525,526,520,521,7760,4052452
2015-02-22,NBB,521,519,511,517,13208,6782338
2015-02-23,NBB,517,524,509,519,18509,9533344
2015-02-24,NBB,519,518,513,516,7820,4030569
2015-02-25,NBB,516,518,512,514,12136,6236788
2015-02-26,NBB,514,525,515,525,7693,3982215
2015-03-01,NBB,525,520,516,518,9262,4801059
2015-03-02,NBB,518,529,519,527,11464,5996414
2015-03-03,NBB,527,535,525,528,17877,9463476
2015-03-04,NBB,528,544,525,526,12198,6447179
2015-03-09,NBB,526,539,526,530,10716,5677050
2015-03-10,NBB,530,527,525,527,3563,1875359
2015-03-11,NBB,527,522,520,520,8940,4655200
2015-03-12,NBB,520,526,513,525,14194,7359590
2015-03-15,NBB,525,515,506,514,4450,2284050
2015-03-16,NBB,514,513,508,512,13032,6631721
2015-03-17,NBB,512,515,502,510,15011,7630021
2015-03-18,NBB,510,518,505,518,6247,3173827
2015-03-19,NBB,518,528,514,519,5860,3021835
2015-03-22,NBB,519,535,506,506,7218,3710614
2015-03-23,NBB,506,515,500,503,12524,6287176
2015-03-24,NBB,503,510,498,510,8366,4186785
2015-03-25,NBB,510,502,496,499,875,437100
2015-03-26,NBB,499,501,490,499,12717,6289375
2015-03-29,NBB,499,499,490,495,7214,3551967
2015-03-30,NBB,495,495,490,492,1331,652906
2015-03-31,NBB,492,507,490,500,8406,4173275
2015-04-01,NBB,500,499,493,494,1380,681745
2015-04-02,NBB,494,504,490,494,6594,3263990
2015-04-05,NBB,494,492,490,492,1703,835920
2015-04-06,NBB,492,490,485,488,2658,1295280
2015-04-07,NBB,488,497,495,495,1998,989626
2015-04-08,NBB,495,501,492,495,3767,1870168
2015-04-09,NBB,495,501,494,495,8166,4048963
2015-04-12,NBB,495,514,500,507,4079,2061421
2015-04-13,NBB,507,507,498,504,4285,2148342
2015-04-15,NBB,504,500,495,495,2255,1116475
2015-04-16,NBB,495,509,495,505,3522,1770429
2015-04-19,NBB,505,511,500,502,8018,4022923
2015-04-20,NBB,502,512,504,507,10953,5559332
2015-04-21,NBB,507,512,507,510,6289,3203762
2015-04-22,NBB,510,508,490,490,23512,11682649
2015-04-23,NBB,490,494,485,488,15663,7641023
2015-05-24,NBB,488,479,443,443,65,30100
2015-05-25,NBB,443,435,399,399,9265,3712973
2015-05-26,NBB,399,427,385,405,42436,17256866
2015-05-27,NBB,405,408,397,403,19302,7824323
2015-05-28,NBB,403,422,399,415,14705,6058412
2015-05-31,NBB,415,440,419,440,16569,7142541
2015-06-01,NBB,440,459,437,450,24009,10701372
2015-06-02,NBB,450,453,432,453,10640,4722903
2015-06-03,NBB,453,479,458,479,24364,11384757
2015-06-04,NBB,479,482,463,471,18909,8954566
2015-06-07,NBB,471,483,462,481,24589,11783786
2015-06-08,NBB,481,520,481,516,25282,12763349
2015-06-09,NBB,516,567,526,538,31846,17269752
2015-06-10,NBB,538,532,510,520,13904,7253431
2015-06-11,NBB,520,515,495,508,31452,15803327
2015-06-14,NBB,508,514,496,502,13770,6893283
2015-06-15,NBB,502,516,495,508,14626,7386703
2015-06-16,NBB,508,510,500,505,11035,5574289
2015-06-17,NBB,505,506,500,503,8529,4270402
2015-06-18,NBB,503,504,495,503,28669,14281497
2015-06-21,NBB,503,495,490,495,9582,4706866
2015-06-22,NBB,495,510,490,500,18792,9322191
2015-06-23,NBB,500,508,492,508,9028,4496290
2015-06-24,NBB,508,507,500,504,15792,7939589
2015-06-25,NBB,504,512,496,507,26300,13291794
2015-06-28,NBB,507,516,502,515,24310,12451650
2015-06-29,NBB,515,530,507,517,21668,11190064
2015-06-30,NBB,517,519,503,515,22299,11500769
2015-07-01,NBB,515,525,511,520,26515,13699828
2015-07-02,NBB,520,515,505,508,10843,5524549
2015-07-05,NBB,508,511,499,505,18495,9360595
2015-07-06,NBB,505,512,505,508,15058,7641605
2015-07-07,NBB,508,515,502,513,11175,5706752
2015-07-08,NBB,513,519,513,515,14136,7279064
2015-07-09,NBB,515,517,513,517,14006,7198558
2015-07-12,NBB,517,517,509,509,5073,2588430
2015-07-13,NBB,509,510,507,508,3457,1757102
2015-07-14,NBB,508,510,507,509,8529,4339036
2015-07-15,NBB,509,508,505,508,11156,5642771
2015-07-16,NBB,508,514,506,510,10368,5276970
2015-07-22,NBB,510,539,520,539,24307,12831075
2015-07-23,NBB,539,576,538,574,51666,28658010
2015-07-26,NBB,574,631,585,631,5203,3279655
2015-07-27,NBB,631,681,570,580,62222,38118368
2015-07-28,NBB,580,593,537,557,27069,15530993
2015-07-29,NBB,557,560,545,556,24228,13328134
2015-07-30,NBB,556,567,545,560,49500,27414424
2015-08-02,NBB,560,562,550,562,7389,4123567
2015-08-03,NBB,562,562,545,551,19507,10732332
2015-08-04,NBB,551,556,549,552,14674,8096440
2015-08-05,NBB,552,559,545,559,14851,8192224
2015-08-06,NBB,559,585,560,570,53401,30459614
2015-08-09,NBB,570,604,571,580,63028,36423132
2015-08-10,NBB,580,602,575,581,60159,35257884
2015-08-11,NBB,581,583,571,577,29175,16799256
2015-08-12,NBB,577,586,560,581,33337,19089412
2015-08-13,NBB,581,589,564,580,53647,30967424
2015-08-16,NBB,580,600,560,587,99311,58538740
2015-08-17,NBB,587,645,598,645,76682,49283684
2015-08-18,NBB,645,673,610,640,36277,23434120
2015-08-19,NBB,640,685,652,680,38097,25656108
2015-08-20,NBB,680,719,693,699,46188,32475296
2015-08-23,NBB,699,704,662,682,29494,20202144
2015-08-24,NBB,682,686,667,668,19151,12912835
2015-08-25,NBB,668,680,647,669,28751,19090228
2015-08-26,NBB,669,675,665,670,21968,14665253
2015-08-27,NBB,670,682,670,673,20545,13819780
2015-08-31,NBB,673,679,668,672,11521,7754913
2015-09-01,NBB,672,670,661,661,15875,10571221
2015-09-02,NBB,661,655,646,652,28066,18237142
2015-09-03,NBB,652,665,657,664,23633,15626026
2015-09-06,NBB,664,676,635,662,17996,11846480
2015-09-07,NBB,662,661,656,657,12205,8032069
2015-09-08,NBB,657,670,657,666,14862,9832906
2015-09-09,NBB,666,663,657,661,11024,7268546
2015-09-10,NBB,661,660,650,654,15942,10439260
2015-09-13,NBB,654,666,658,662,16054,10617859
2015-09-14,NBB,662,680,661,667,27154,18121478
2015-09-15,NBB,667,699,670,690,67788,46081676
2015-09-16,NBB,690,701,683,690,47726,32933456
2015-09-17,NBB,690,698,679,685,68713,46904428
2015-09-22,NBB,685,672,647,650,63819,42059720
2015-09-23,NBB,650,680,663,668,39492,26478180
2015-09-24,NBB,668,682,669,675,37682,25408776
2015-09-28,NBB,675,675,639,665,45271,30240420
2015-09-29,NBB,665,675,665,670,22091,14839326
2015-09-30,NBB,670,676,660,670,22361,14912376
2015-10-01,NBB,670,670,654,659,15647,10329167
2015-10-04,NBB,659,660,650,653,14310,9326371
2015-10-05,NBB,653,648,631,645,20585,13192646
2015-10-06,NBB,645,640,633,634,12485,7935416
2015-10-07,NBB,634,635,622,631,25108,15741536
2015-10-08,NBB,631,647,620,640,17034,10721837
2015-10-11,NBB,640,635,618,619,19256,11952842
2015-10-14,NBB,619,620,600,600,55205,33350160
2015-10-15,NBB,600,605,590,598,11615,6955956
2015-10-18,NBB,598,620,597,611,23279,14217930
2015-10-19,NBB,611,617,612,616,15141,9300044
2015-10-25,NBB,616,618,610,617,1800,1105400
2015-10-27,NBB,617,610,582,598,15187,9042855
2015-10-28,NBB,598,600,568,595,11957,6897303
2015-10-29,NBB,595,615,585,590,17865,10611873
2015-11-01,NBB,590,598,588,592,20666,12219352
2015-11-02,NBB,592,603,595,596,17660,10599113
2015-11-03,NBB,596,600,590,595,18908,11281662
2015-11-04,NBB,595,600,590,596,24885,14833693
2015-11-05,NBB,596,598,590,596,65012,38608680
2015-11-08,NBB,477,470,452,469,5730,2660672
2015-11-09,NBB,469,492,468,492,14533,6968854
2015-11-10,NBB,492,485,479,481,13238,6371869
2015-11-15,NBB,481,485,478,480,5585,2689810
2015-11-16,NBB,480,479,461,470,2582,1205911
2015-11-18,NBB,470,486,468,470,4300,2049150
2015-11-19,NBB,470,471,464,465,7855,3663329
2015-11-22,NBB,465,459,445,445,8492,3821810
2015-11-23,NBB,445,445,425,445,10559,4609126
2015-11-24,NBB,445,440,436,437,3204,1401247
2015-11-25,NBB,437,434,428,428,7047,3029031
2015-11-26,NBB,428,427,413,422,20171,8427097
2015-11-29,NBB,422,425,399,409,16243,6576944
2015-11-30,NBB,409,420,406,418,16256,6722275
2015-12-01,NBB,418,438,425,438,5941,2548952
2015-12-02,NBB,438,430,415,427,4598,1953712
2015-12-03,NBB,427,448,420,432,8314,3594022
2015-12-06,NBB,432,455,432,449,20851,9357508
2015-12-07,NBB,449,460,445,447,11736,5286682
2015-12-08,NBB,447,448,443,448,4147,1845727
2015-12-09,NBB,448,459,450,455,12220,5533709
2015-12-10,NBB,455,451,441,450,13670,6130758
2015-12-13,NBB,450,450,440,440,5787,2564850
2015-12-14,NBB,440,445,432,436,6322,2750155
2015-12-15,NBB,436,435,426,429,9581,4108117
2015-12-16,NBB,429,435,425,428,3866,1659182
2015-12-17,NBB,428,428,423,424,11504,4882772
2015-12-20,NBB,424,431,421,431,2467,1050149
2015-12-21,NBB,431,449,436,444,11078,4878794
2015-12-22,NBB,444,449,443,446,4847,2163906
2015-12-23,NBB,446,447,438,441,8068,3562870
2015-12-24,NBB,441,441,432,437,13632,5953664
2015-12-27,NBB,437,443,432,443,4110,1793776
2015-12-28,NBB,443,440,435,438,8104,3543060
2015-12-29,NBB,438,450,434,450,13196,5790176
2015-12-31,NBB,450,455,442,444,11996,5348889
2016-01-03,NBB,444,448,432,432,14439,6338287
2016-01-04,NBB,432,436,430,436,17799,7713258
2016-01-05,NBB,436,440,430,430,12380,5375163
2016-01-06,NBB,430,432,429,432,23416,10079352
2016-01-07,NBB,432,442,430,440,17182,7468446
2016-01-10,NBB,440,440,435,435,9301,4063851
2016-01-11,NBB,435,441,435,438,13007,5695581
2016-01-12,NBB,438,453,436,453,17086,7500238
2016-01-13,NBB,453,450,438,440,5744,2549686
2016-01-14,NBB,440,479,445,479,32794,15021273
2016-01-17,NBB,479,506,476,495,61017,29864560
2016-01-18,NBB,495,504,475,495,67718,33444526
2016-01-19,NBB,495,495,476,489,35100,17129900
2016-01-20,NBB,489,488,476,477,12417,5965173
2016-01-21,NBB,477,480,475,477,11425,5460479
2016-01-24,NBB,477,489,477,488,20010,9735416
2016-01-25,NBB,488,500,488,492,36121,17800328
2016-01-26,NBB,492,493,480,480,8359,4086149
2016-01-27,NBB,480,489,480,489,15465,7469460
2016-01-28,NBB,489,490,481,490,23354,11360419
2016-01-31,NBB,490,489,484,488,12235,5954758
2016-02-01,NBB,488,497,487,489,31092,15294790
2016-02-02,NBB,489,497,485,485,32872,16148971
2016-02-03,NBB,485,489,483,487,11158,5415974
2016-02-04,NBB,487,504,485,502,28294,13872492
2016-02-07,NBB,502,518,492,497,28616,14265872
2016-02-08,NBB,497,516,496,499,35444,17815472
2016-02-11,NBB,499,500,490,490,23143,11450026
2016-02-14,NBB,490,498,483,485,26813,13085503
2016-02-15,NBB,485,488,477,485,23303,11228027
2016-02-16,NBB,485,488,481,485,7175,3469473
2016-02-17,NBB,485,514,489,509,33732,16868736
2016-02-18,NBB,509,540,519,535,97817,51930772
2016-02-21,NBB,535,555,534,538,59246,32241594
2016-02-22,NBB,538,548,540,545,48692,26488014
2016-02-23,NBB,545,560,545,559,100687,55452704
2016-02-24,NBB,559,583,558,560,38709,21869334
2016-02-25,NBB,560,566,544,560,53829,29756324
2016-02-28,NBB,560,560,550,555,32023,17742020
2016-02-29,NBB,555,555,546,553,37476,20642302
2016-03-01,NBB,553,554,547,554,26876,14753165
2016-03-02,NBB,554,554,543,545,16106,8823568
2016-03-03,NBB,545,551,545,548,14441,7921634
2016-03-06,NBB,548,551,545,545,24401,13365064
2016-03-10,NBB,545,550,545,547,34395,18805320
2016-03-13,NBB,547,579,550,569,58169,32397564
2016-03-14,NBB,569,578,562,562,39946,22779320
2016-03-15,NBB,562,565,553,560,22798,12811519
2016-03-16,NBB,560,561,548,550,33919,18825120
2016-03-17,NBB,550,553,534,548,93562,50817248
2016-03-20,NBB,548,547,528,544,36692,19873348
2016-03-21,NBB,544,550,538,540,21973,11910589
2016-03-23,NBB,540,548,536,544,25448,13800021
2016-03-24,NBB,544,550,541,541,32749,17854036
2016-03-27,NBB,541,575,550,563,38076,21324400
2016-03-28,NBB,563,585,558,564,29391,16599163
2016-03-29,NBB,564,568,547,553,37075,20612472
2016-03-30,NBB,553,555,542,550,21241,11709104
2016-03-31,NBB,550,552,545,550,30024,16471436
2016-04-03,NBB,550,552,541,552,28589,15638417
2016-04-04,NBB,552,558,547,555,40604,22497430
2016-04-05,NBB,555,572,550,555,42638,23785216
2016-04-06,NBB,555,562,553,557,94502,52589780
2016-04-10,NBB,557,548,525,542,87972,47474452
2016-04-11,NBB,542,558,537,550,48494,26334352
2016-04-12,NBB,550,555,542,549,32523,17889212
2016-04-14,NBB,549,560,551,560,50814,28269360
2016-04-17,NBB,560,570,552,565,57337,32173410
2016-04-18,NBB,565,587,568,580,79605,45669336
2016-04-19,NBB,580,594,578,583,84007,49133448
2016-04-20,NBB,583,600,580,598,95788,57069684
2016-04-21,NBB,598,599,580,590,39140,23106556
2016-04-24,NBB,590,625,597,622,128640,78063752
2016-04-25,NBB,622,650,623,635,94337,59982720
2016-04-26,NBB,635,659,631,634,104788,67390000
2016-04-27,NBB,634,645,620,630,58338,36994052
2016-04-28,NBB,630,642,623,629,62842,39431272
2016-05-02,NBB,629,640,623,629,37597,23671376
2016-05-03,NBB,629,631,610,626,58076,35990224
2016-05-04,NBB,626,624,610,622,54770,33888384
2016-05-05,NBB,622,652,610,637,107766,67620736
2016-05-08,NBB,637,690,647,676,213250,141981920
2016-05-09,NBB,676,705,681,683,162500,112034000
2016-05-10,NBB,683,684,663,670,90458,60823164
2016-05-11,NBB,670,685,664,678,73744,49503872
2016-05-12,NBB,678,689,678,680,91309,62345008
2016-05-15,NBB,680,688,676,676,37768,25730816
2016-05-16,NBB,676,680,671,672,40863,27552702
2016-05-17,NBB,672,685,670,682,45857,31101622
2016-05-18,NBB,682,692,680,692,89766,61739028
2016-05-19,NBB,692,701,690,698,80912,56356636
2016-05-22,NBB,698,706,698,705,94361,66242704
2016-05-23,NBB,705,740,705,739,97200,70824736
2016-05-24,NBB,739,760,741,750,112982,84710080
2016-05-25,NBB,750,764,721,734,164030,121612464
2016-05-26,NBB,734,749,710,733,112795,82196824
2016-05-29,NBB,733,749,722,726,74685,54785316
2016-05-30,NBB,726,739,717,728,43337,31473696
2016-05-31,NBB,728,740,725,730,48935,35705280
2016-06-01,NBB,730,731,716,720,42056,30352136
2016-06-02,NBB,720,725,713,722,67328,48453388
2016-06-05,NBB,722,726,697,705,93342,65959772
2016-06-06,NBB,705,740,712,740,136022,98367912
2016-06-07,NBB,740,804,750,798,368955,289236256
2016-06-08,NBB,798,828,787,790,180766,144866272
2016-06-09,NBB,790,836,790,829,241520,195691184
2016-06-12,NBB,829,911,845,869,406111,355868192
2016-06-13,NBB,869,890,852,865,157803,137105568
2016-06-14,NBB,865,870,840,846,167906,142864352
2016-06-15,NBB,846,850,832,835,113147,94626024
2016-06-16,NBB,835,850,826,831,69436,57764692
2016-06-19,NBB,831,840,815,825,47172,39050096
2016-06-20,NBB,825,841,816,819,42006,34523380
2016-06-21,NBB,819,840,815,840,52379,43174260
2016-06-22,NBB,840,870,837,841,61295,51921648
2016-06-23,NBB,841,854,833,840,56950,47792256
2016-06-26,NBB,840,852,839,839,55213,46586124
2016-06-27,NBB,839,872,849,865,82294,70488096
2016-06-28,NBB,865,885,850,870,93919,81900880
2016-06-29,NBB,870,880,869,870,56493,49286232
2016-06-30,NBB,870,875,852,860,44443,38391080
2016-07-03,NBB,860,865,847,865,54237,46333192
2016-07-04,NBB,865,865,853,859,35494,30421080
2016-07-05,NBB,859,860,844,859,37063,31603824
2016-07-06,NBB,859,865,856,860,33256,28594190
2016-07-10,NBB,860,874,861,865,49119,42669876
2016-07-11,NBB,865,875,857,860,24456,21141838
2016-07-12,NBB,860,865,809,850,35118,29827396
2016-07-13,NBB,850,854,830,847,31297,26348444
2016-07-14,NBB,847,863,849,860,27099,23236096
2016-07-17,NBB,860,900,850,893,56450,49757040
2016-07-18,NBB,893,935,901,930,118319,108845384
2016-07-19,NBB,930,966,920,948,79409,74744936
2016-07-20,NBB,948,966,920,930,55798,52861688
2016-07-21,NBB,930,947,914,941,47416,44241648
2016-07-25,NBB,941,983,955,980,103468,100104288
2016-07-26,NBB,980,1010,987,1005,134693,134517088
2016-07-27,NBB,1005,1044,1008,1022,91208,93927016
2016-07-28,NBB,1022,1030,985,1020,79378,80499872
2016-07-31,NBB,1020,1020,1000,1010,58679,59317800
2016-08-01,NBB,1010,1050,1012,1038,154364,158784512
2016-08-02,NBB,1038,1045,1021,1025,71977,74196848
2016-08-03,NBB,1025,1043,1000,1030,89813,92252544
2016-08-04,NBB,1030,1030,998,1011,97281,98592928
2016-08-07,NBB,1011,1050,1019,1032,111157,115336664
2016-08-08,NBB,1032,1020,970,971,102469,102295832
2016-08-09,NBB,971,1049,990,1040,33689,34802028
2016-08-10,NBB,1040,1060,1016,1040,145109,150786160
2016-08-11,NBB,1040,1050,1025,1039,69288,71983864
2016-08-14,NBB,1039,1035,1019,1021,71984,73929840
2016-08-15,NBB,1021,1029,985,1010,93066,93410920
2016-08-16,NBB,1010,1034,998,1023,72241,73308984
2016-08-17,NBB,1023,1035,1024,1030,67963,69975992
2016-08-21,NBB,1030,1040,1020,1023,50299,51753672
2016-08-22,NBB,1023,1020,1000,1006,50631,51056168
2016-08-23,NBB,1006,1024,1003,1015,53452,54142484
2016-08-24,NBB,1015,1035,1011,1025,48343,49402848
2016-08-28,NBB,1025,1070,1026,1070,79630,83132864
2016-08-29,NBB,1070,1115,1070,1096,106073,115375504
2016-08-30,NBB,1096,1128,1085,1118,73058,81398992
2016-08-31,NBB,1118,1130,1096,1125,70903,79593152
2016-09-01,NBB,1125,1155,1131,1141,69215,79034536
2016-09-03,NBB,1141,1255,1163,1218,264788,322648800
2016-09-05,NBB,1218,1235,1200,1205,148262,180027792
2016-09-06,NBB,1205,1210,1180,1192,105993,127171712
2016-09-07,NBB,1192,1200,1170,1193,63293,75297984
2016-09-08,NBB,1193,1205,1180,1189,53735,63675036
2016-09-11,NBB,1189,1200,1182,1188,51073,60628320
2016-09-12,NBB,1188,1200,1182,1189,35436,42043248
2016-09-14,NBB,1189,1201,1175,1188,41202,48958504
2016-09-18,NBB,1188,1197,1170,1180,36970,43683356
2016-09-20,NBB,1180,1179,1155,1162,39467,45868176
2016-09-21,NBB,1162,1170,1146,1161,37796,43717764
2016-09-22,NBB,1161,1170,1152,1156,33699,39138192
2016-09-25,NBB,1156,1170,1123,1165,67879,77306824
2016-09-26,NBB,1165,1180,1150,1157,90391,104778272
2016-09-27,NBB,1157,1170,1157,1162,49018,57020304
2016-09-28,NBB,1162,1166,1159,1160,71008,82611920
2016-09-29,NBB,1160,1170,1153,1153,76519,88719936
2016-10-02,NBB,1153,1170,1157,1157,77897,90313904
2016-10-03,NBB,1157,1181,1160,1178,120946,141381984
2016-10-04,NBB,1178,1195,1170,1185,144760,171712256
2016-10-05,NBB,898,933,900,904,34392,31358554
2016-10-06,NBB,904,909,902,907,30794,27883638
2016-10-16,NBB,907,906,891,905,6588,5929927
2016-10-17,NBB,905,899,887,899,9934,8864164
2016-10-18,NBB,899,890,880,882,11426,10108151
2016-10-19,NBB,881,888,881,885,9016,7974297
2016-10-20,NBB,885,897,886,886,11426,10162596
2016-10-23,NBB,886,884,871,873,15173,13352708
2016-10-24,NBB,873,873,866,868,10561,9177881
2016-10-25,NBB,868,870,846,846,17490,14927174
2016-10-26,NBB,846,850,825,838,40074,33323848
2016-10-27,NBB,838,857,850,853,10931,9319801
2016-11-03,NBB,853,855,845,852,9229,7850687
2016-11-07,NBB,852,869,834,840,22264,19024772
2016-11-08,NBB,840,850,825,830,18758,15554949
2016-11-09,NBB,830,835,790,812,16663,13594936
2016-11-10,NBB,812,828,813,815,10361,8486797
2016-11-13,NBB,815,825,810,814,13608,11064015
2016-11-14,NBB,814,820,812,818,9026,7360809
2016-11-15,NBB,818,830,810,810,12093,9851136
2016-11-16,NBB,810,820,810,810,17245,14019989
2016-11-17,NBB,810,810,766,785,21808,17105694
2016-11-20,NBB,785,786,731,760,28880,21747788
2016-11-21,NBB,760,794,732,765,25377,19165122
2016-11-22,NBB,765,764,711,752,26660,20090060
2016-11-23,NBB,752,751,729,735,21311,15691375
2016-11-24,NBB,735,763,725,728,24162,17821470
2016-11-27,NBB,728,729,696,703,32858,23224724
2016-11-28,NBB,703,753,633,720,48294,32350480
2016-11-29,NBB,720,760,676,759,34699,25429942
2016-11-30,NBB,759,800,744,799,48934,38003944
2016-12-01,NBB,799,832,775,809,44104,35559704
2016-12-04,NBB,809,815,764,781,26282,20756674
2016-12-05,NBB,781,785,765,779,17138,13327800
2016-12-06,NBB,779,784,763,779,19408,15043396
2016-12-07,NBB,779,781,775,775,10614,8252570
2016-12-08,NBB,775,777,770,770,9673,7471688
2016-12-11,NBB,770,777,755,755,13887,10605804
2016-12-12,NBB,755,748,724,735,30690,22553980
2016-12-14,NBB,735,750,730,745,19374,14264827
2016-12-15,NBB,745,757,740,754,10392,7767202
2016-12-18,NBB,754,756,742,746,14391,10792585
2016-12-19,NBB,746,750,730,730,13798,10145785
2016-12-20,NBB,730,731,720,720,19545,14188547
2016-12-21,NBB,720,725,716,718,13564,9770408
2016-12-22,NBB,718,726,718,724,19928,14371862
2016-12-26,NBB,724,732,700,700,24545,17524408
2016-12-27,NBB,700,708,680,695,17211,11939805
2016-12-28,NBB,695,705,690,705,28561,19937724
2016-12-29,NBB,705,722,705,721,18228,13023622
2017-01-01,NBB,721,747,725,739,17259,12739745
2017-01-02,NBB,739,756,736,751,24691,18421726
2017-01-03,NBB,751,760,730,730,22131,16418972
2017-01-04,NBB,730,735,716,726,8377,6093503
2017-01-05,NBB,726,734,726,729,7205,5265798
2017-01-08,NBB,729,730,715,726,9225,6673626
2017-01-09,NBB,726,735,726,732,8524,6236104
2017-01-10,NBB,732,745,735,738,6035,4464426
2017-01-11,NBB,738,750,740,740,10218,7595088
2017-01-12,NBB,740,745,737,742,6938,5141075
2017-01-15,NBB,742,750,740,741,5958,4435340
2017-01-16,NBB,741,740,725,729,8365,6106040
2017-01-17,NBB,729,726,716,721,13613,9807725
2017-01-18,NBB,721,725,714,721,13551,9735514
2017-01-19,NBB,721,728,715,715,12215,8790996
2017-01-22,NBB,715,724,715,720,10987,7890771
2017-01-23,NBB,720,724,715,718,18576,13328846
2017-01-24,NBB,718,720,700,712,17437,12358771
2017-01-25,NBB,712,703,688,696,27594,19190664
2017-01-26,NBB,696,693,667,680,27910,18900716
2017-01-30,NBB,680,680,629,638,43838,28028056
2017-01-31,NBB,638,659,602,647,27125,16995688
2017-02-01,NBB,647,678,640,671,35126,23171464
2017-02-02,NBB,671,700,663,669,19914,13474798
2017-02-05,NBB,669,672,625,660,14172,9241580
2017-02-06,NBB,660,660,632,645,16708,10767027
2017-02-07,NBB,645,657,637,649,11854,7647279
2017-02-08,NBB,649,647,639,640,11079,7115764
2017-02-09,NBB,640,643,623,626,14169,8920568
2017-02-12,NBB,626,622,591,600,41372,24956296
2017-02-13,NBB,600,614,563,609,59817,34756716
2017-02-14,NBB,609,612,592,605,33823,20476732
2017-02-15,NBB,605,629,604,626,30802,18979396
2017-02-16,NBB,626,648,620,633,28720,18220368
2017-02-19,NBB,633,645,623,640,24289,15503904
2017-02-20,NBB,640,665,628,639,31644,20365918
2017-02-21,NBB,639,659,630,636,28556,18353156
2017-02-22,NBB,636,643,625,636,15044,9535142
2017-02-23,NBB,636,636,627,629,11190,7065996
2017-02-26,NBB,629,638,610,610,14980,9341127
2017-02-28,NBB,610,614,596,608,191351,114810648
2017-03-01,NBB,608,637,615,634,48397,30480064
2017-03-02,NBB,634,650,641,648,45993,29694384
2017-03-05,NBB,648,670,658,665,41449,27505092
2017-03-06,NBB,665,686,660,660,172802,115539200
2017-03-07,NBB,660,660,637,646,32507,21145824
2017-03-09,NBB,646,660,645,649,19397,12607392
2017-03-13,NBB,649,669,647,657,21369,14058882
2017-03-14,NBB,657,662,650,656,29347,19245864
2017-03-15,NBB,656,658,647,651,9486,6200255
2017-03-16,NBB,651,667,650,660,40259,26613032
2017-03-19,NBB,660,684,670,679,57906,39148984
2017-03-20,NBB,679,705,684,705,71461,49588744
2017-03-21,NBB,705,719,695,711,56138,39750988
2017-03-22,NBB,711,750,720,725,60222,44470336
2017-03-23,NBB,725,740,712,728,65491,47486284
2017-03-26,NBB,728,740,728,735,79395,58368940
2017-03-28,NBB,735,759,730,747,127414,94997512
2017-03-29,NBB,747,775,725,730,273979,204149888
2017-03-30,NBB,452,485,461,479,114789,54670720
2017-04-02,NBB,479,520,480,500,45615,22754182
2017-04-03,NBB,500,550,490,496,74585,38672152
2017-04-04,NBB,496,510,480,492,41493,20593416
2017-04-06,NBB,492,496,479,488,33404,16251084
2017-04-09,NBB,488,494,478,479,29825,14366059
2017-04-10,NBB,479,487,479,480,24241,11680719
2017-04-11,NBB,480,498,485,493,20232,9917204
2017-04-12,NBB,493,503,485,485,29474,14535774
2017-04-13,NBB,485,485,477,482,19957,9579000
2017-04-16,NBB,482,485,468,469,22426,10641162
2017-04-18,NBB,469,470,450,453,23978,11060504
2017-04-19,NBB,453,475,455,475,9678,4498576
2017-04-20,NBB,475,495,471,475,23003,11022397
2017-04-23,NBB,475,502,474,481,19744,9585027
2017-04-24,NBB,481,490,473,480,10845,5173743
2017-04-25,NBB,480,478,468,472,8330,3939581
2017-04-26,NBB,472,469,455,458,23354,10750473
2017-04-27,NBB,458,460,448,459,23076,10501459
2017-04-30,NBB,459,459,443,445,18542,8309105
2017-05-02,NBB,445,460,437,449,38642,17165032
2017-05-03,NBB,449,467,445,445,15948,7203756
2017-05-04,NBB,445,453,440,440,20468,9069913
2017-05-07,NBB,440,440,430,433,20042,8664366
2017-05-08,NBB,433,439,425,430,13153,5679113
2017-05-09,NBB,430,435,425,432,22653,9738028
2017-05-11,NBB,432,437,430,430,20647,8957717
2017-05-15,NBB,430,454,433,435,16968,7483926
2017-05-16,NBB,435,437,428,431,14731,6360695
2017-05-17,NBB,431,433,422,422,18787,8009519
2017-05-18,NBB,422,429,420,420,17343,7352338
2017-05-21,NBB,420,420,410,420,12605,5227383
2017-05-22,NBB,420,426,418,423,5788,2436709
2017-05-23,NBB,423,430,418,418,10741,4542543
2017-05-24,NBB,418,422,413,418,15384,6433269
2017-05-28,NBB,418,423,416,417,17292,7234298
2017-05-30,NBB,417,420,413,414,15148,6314317
2017-05-31,NBB,414,422,405,418,21900,9023763
2017-06-01,NBB,418,426,414,417,11546,4836505
2017-06-04,NBB,417,424,413,423,14230,5955451
2017-06-05,NBB,423,433,423,429,14544,6196995
2017-06-06,NBB,429,437,425,436,16441,7093566
2017-06-07,NBB,436,444,428,434,10748,4684705
2017-06-08,NBB,434,433,418,430,17930,7711276
2017-06-11,NBB,430,425,415,420,12799,5393084
2017-06-12,NBB,420,419,405,419,9208,3793103
2017-06-13,NBB,419,426,413,414,22319,9331365
2017-06-14,NBB,414,417,410,415,8832,3659617
2017-06-15,NBB,415,427,410,418,10513,4343080
2017-06-18,NBB,418,418,400,408,24320,9864115
2017-06-19,NBB,408,405,392,403,25522,10148973
2017-06-20,NBB,403,405,392,399,25498,10149836
2017-06-21,NBB,399,401,395,400,11113,4432631
2017-06-22,NBB,400,405,395,405,16132,6444375
2017-06-25,NBB,405,406,393,398,17662,7037953
2017-06-27,NBB,398,400,392,395,12961,5127131
2017-06-28,NBB,395,398,394,394,5934,2344370
2017-07-02,NBB,394,396,389,395,20882,8176238
2017-07-03,NBB,395,400,395,397,6467,2566535
2017-07-04,NBB,397,396,390,393,9569,3757368
2017-07-05,NBB,393,399,395,397,10222,4054738
2017-07-06,NBB,397,413,400,411,10653,4291046
2017-07-09,NBB,411,420,400,407,29100,12061178
2017-07-10,NBB,407,416,405,407,16242,6649424
2017-07-11,NBB,407,411,404,408,9794,3982090
2017-07-12,NBB,408,412,400,412,14766,5948835
2017-07-13,NBB,412,412,400,402,15742,6329638
2017-07-16,NBB,402,408,401,403,6758,2733900
2017-07-17,NBB,403,414,403,409,8119,3305249
2017-07-18,NBB,409,419,407,418,31016,12879117
2017-07-19,NBB,418,430,416,418,13652,5757675
2017-07-20,NBB,418,417,410,413,9075,3744479
2017-07-23,NBB,413,412,406,409,10542,4303337
2017-07-24,NBB,409,412,401,403,11451,4611989
2017-07-25,NBB,403,408,395,403,8470,3416296
2017-07-26,NBB,403,403,396,400,11673,4666880
2017-07-27,NBB,400,402,395,401,7803,3116121
2017-07-30,NBB,401,403,397,402,12217,4881367
2017-07-31,NBB,402,408,403,403,11969,4858303
2017-08-01,NBB,403,410,400,402,11549,4654836
2017-08-02,NBB,402,404,398,398,3310,1327580
2017-08-03,NBB,398,400,388,394,29033,11415170
2017-08-06,NBB,394,398,385,392,30104,11725343
2017-08-07,NBB,392,392,385,387,26051,10101438
2017-08-09,NBB,387,392,381,382,24652,9474109
2017-08-10,NBB,382,380,375,378,35940,13576748
2017-08-13,NBB,378,372,364,366,42755,15665696
2017-08-15,NBB,366,373,363,364,63024,23037400
2017-08-16,NBB,364,375,357,365,25195,9204223
2017-08-17,NBB,365,371,360,362,37372,13535687
2017-08-20,NBB,362,372,353,355,33084,11858772
2017-08-21,NBB,355,359,353,357,21413,7611887
2017-08-22,NBB,357,365,354,357,19445,6948788
2017-08-23,NBB,357,362,356,358,15828,5671015
2017-08-24,NBB,358,365,356,360,15371,5495816
2017-08-27,NBB,360,367,355,359,18569,6688257
2017-08-28,NBB,359,360,351,351,15881,5639324
2017-08-30,NBB,351,355,341,342,26014,8961662
2017-08-31,NBB,342,345,335,338,24127,8146864
2017-09-04,NBB,338,337,330,332,31999,10635627
2017-09-06,NBB,332,343,330,330,21238,7079819
2017-09-07,NBB,330,333,329,332,23559,7787667
2017-09-10,NBB,332,328,318,321,61003,19600884
2017-09-11,NBB,321,320,310,311,75221,23566690
2017-09-12,NBB,311,313,308,312,29378,9111552
2017-09-13,NBB,312,317,310,314,33545,10505894
2017-09-14,NBB,314,331,312,326,24923,8060940
2017-09-17,NBB,326,337,322,335,28429,9394699
2017-09-18,NBB,335,341,331,336,28046,9403376
2017-09-20,NBB,336,336,329,335,14113,4704485
2017-09-24,NBB,335,335,327,327,24496,8095847
2017-09-25,NBB,327,335,327,331,14030,4648808
2017-09-26,NBB,331,335,329,331,23569,7815588
2017-10-03,NBB,331,334,333,333,3006,1003386
2017-10-04,NBB,333,334,330,330,6022,1998691
2017-10-08,NBB,330,330,311,318,25794,8221781
2017-10-09,NBB,318,324,310,321,23948,7611398
2017-10-10,NBB,321,325,318,321,14652,4694243
2017-10-11,NBB,321,328,319,322,8898,2871332
2017-10-12,NBB,322,323,317,320,12004,3823506
2017-10-15,NBB,320,321,318,320,5566,1776011
2017-10-16,NBB,320,337,323,337,25824,8565926
2017-10-17,NBB,337,339,329,335,14586,4878762
2017-10-18,NBB,335,340,326,334,3141,1041141
2017-10-22,NBB,334,341,329,337,5586,1875863
2017-10-23,NBB,337,340,333,334,17055,5742211
2017-10-24,NBB,334,338,331,336,21564,7213671
2017-10-25,NBB,336,338,329,332,16044,5334459
2017-10-29,NBB,332,337,324,331,128367,42024572
2017-10-30,NBB,296,295,289,293,26405,7716514
2017-10-31,NBB,293,295,290,293,24284,7097141
2017-11-01,NBB,293,298,285,289,62325,17941808
2017-11-02,NBB,289,291,284,286,29744,8537296
2017-11-05,NBB,286,287,273,275,57163,15900383
2017-11-06,NBB,275,285,261,278,30807,8404600
2017-11-07,NBB,278,288,275,280,23931,6713561
2017-11-08,NBB,280,285,270,278,18783,5229315
2017-11-09,NBB,278,280,275,278,13762,3818594
2017-11-12,NBB,278,285,276,285,50704,14109696
2017-11-13,NBB,285,289,276,282,31270,8826107
2017-11-14,NBB,282,295,285,293,31345,9101117
2017-11-15,NBB,293,296,289,291,17013,4954196
2017-11-16,NBB,291,293,285,288,13763,3950468
2017-11-19,NBB,288,286,280,283,13923,3929035
2017-11-20,NBB,283,280,276,276,12962,3609237
2017-11-21,NBB,276,285,277,283,11565,3260461
2017-11-22,NBB,283,290,283,286,19196,5500542
2017-11-23,NBB,286,290,286,290,17490,5060159
2017-11-26,NBB,290,296,288,292,17540,5119170
2017-11-27,NBB,292,292,287,287,17579,5100825
2017-11-28,NBB,287,291,287,290,14583,4216328
2017-11-29,NBB,290,297,288,290,18644,5443647
2017-11-30,NBB,290,295,290,292,11352,3305119
2017-12-04,NBB,292,292,288,291,12328,3569387
2017-12-05,NBB,291,291,289,291,9433,2739204
2017-12-06,NBB,291,294,290,291,9066,2644112
2017-12-10,NBB,291,303,290,292,12028,3531094
2017-12-11,NBB,292,291,284,290,11642,3350658
2017-12-12,NBB,290,290,286,286,9981,2874495
2017-12-13,NBB,286,291,280,291,6971,1992663
2017-12-14,NBB,291,294,286,289,5667,1634087
2017-12-17,NBB,289,291,285,285,10307,2961392
2017-12-18,NBB,285,288,283,284,9510,2716374
2017-12-19,NBB,284,286,282,284,13344,3786618
2017-12-20,NBB,284,284,280,282,8970,2527422
2017-12-21,NBB,282,283,280,282,9263,2610365
2017-12-24,NBB,282,286,280,281,13371,3769471
2017-12-26,NBB,281,282,273,274,12244,3375227
2017-12-27,NBB,274,275,266,270,15681,4245381
2017-12-28,NBB,270,277,266,271,18731,5049773
2017-12-31,NBB,271,272,266,266,19835,5313989
2018-01-01,NBB,266,275,263,275,9581,2600721
2018-01-02,NBB,275,280,271,278,13258,3676536
2018-01-03,NBB,278,281,266,273,17260,4664325
2018-01-04,NBB,273,278,269,272,13279,3603518
2018-01-07,NBB,272,278,272,273,7407,2030926
2018-01-08,NBB,273,277,270,275,76773,20774468
2018-01-09,NBB,275,278,275,278,12767,3528526
2018-01-10,NBB,278,278,271,277,18701,5119284
2018-01-14,NBB,277,278,273,277,9061,2484808
2018-01-16,NBB,277,275,270,272,8447,2292173
2018-01-17,NBB,272,272,268,270,7458,2011167
2018-01-21,NBB,270,273,267,270,9077,2434662
2018-01-22,NBB,270,273,267,270,20904,5655563
2018-01-23,NBB,270,271,266,268,6177,1663407
2018-01-24,NBB,268,269,265,268,7728,2062962
2018-01-25,NBB,268,268,262,268,13340,3530520
2018-01-28,NBB,268,268,263,264,12594,3330220
2018-01-29,NBB,264,265,260,260,12627,3293189
2018-01-31,NBB,260,262,255,257,7771,2005984
2018-02-01,NBB,257,262,252,257,9146,2360617
2018-02-04,NBB,257,261,255,258,8821,2276266
2018-02-05,NBB,258,260,256,257,5329,1371748
2018-02-06,NBB,257,260,254,255,5513,1409409
2018-02-07,NBB,255,256,248,248,13894,3493372
2018-02-08,NBB,248,255,249,250,13405,3363630
2018-02-11,NBB,250,252,245,246,14682,3618452
2018-02-12,NBB,246,247,243,245,40230,9886083
2018-02-14,NBB,245,249,241,249,17604,4293532
2018-02-15,NBB,249,261,249,258,19332,4940266
2018-02-18,NBB,263,267,256,258,29940,7828523
2018-02-20,NBB,260,260,250,250,13369,3381528
2018-02-21,NBB,248,250,247,248,8931,2220314
2018-02-22,NBB,250,254,246,250,12978,3245400
2018-02-25,NBB,245,253,245,248,9641,2383334
2018-02-26,NBB,249,250,247,248,5141,1275776
2018-02-27,NBB,246,250,242,247,13863,3419547
2018-02-28,NBB,247,247,243,243,9884,2414350
2018-03-04,NBB,239,242,229,242,18711,4402121
2018-03-05,NBB,240,244,231,232,15106,3551126
2018-03-06,NBB,229,236,227,236,19407,4467077
2018-03-07,NBB,234,248,234,243,17593,4248932
2018-03-11,NBB,242,242,236,236,5914,1407314
2018-03-12,NBB,236,240,236,237,10185,2418564
2018-03-13,NBB,237,240,237,238,4085,975462
2018-03-14,NBB,237,238,235,235,6011,1420250
2018-03-15,NBB,233,239,233,235,8362,1976141
2018-03-18,NBB,235,236,233,233,9037,2119186
2018-03-19,NBB,233,235,230,234,12325,2855537
2018-03-20,NBB,234,234,223,230,13793,3130730
2018-03-21,NBB,226,228,222,222,8277,1856199
2018-03-22,NBB,218,228,217,220,15261,3372934
2018-03-26,NBB,218,221,209,211,56343,12097739
2018-03-27,NBB,215,230,204,229,18038,3879977
2018-03-28,NBB,233,238,218,227,20022,4598441
2018-03-29,NBB,229,229,222,229,17264,3916021
2018-04-01,NBB,228,228,218,223,41060,9079620
2018-04-02,NBB,223,225,220,221,6301,1394670
2018-04-03,NBB,217,223,215,221,16471,3608769
2018-04-04,NBB,223,228,219,224,28670,6405236
2018-04-05,NBB,228,231,224,231,54989,12555431
2018-04-08,NBB,231,244,225,237,97006,22508552
2018-04-09,NBB,241,247,234,236,74445,17827388
2018-04-10,NBB,236,239,227,233,20739,4820327
2018-04-11,NBB,230,237,226,237,18374,4223015
2018-04-12,NBB,238,240,233,234,9763,2299448
2018-04-15,NBB,230,248,228,248,31607,7378347
2018-04-16,NBB,246,246,237,240,31553,7604110
2018-04-17,NBB,240,246,238,241,31785,7645464
2018-04-18,NBB,244,258,237,250,64543,15923290
2018-04-19,NBB,255,258,243,255,55054,14006416
2018-04-22,NBB,260,270,258,266,53386,14063674
2018-04-23,NBB,271,274,252,255,78979,20883752
2018-04-24,NBB,254,260,248,256,20723,5266928
2018-04-25,NBB,251,255,250,250,17788,4475810
2018-04-26,NBB,252,254,241,245,26447,6493074
2018-04-29,NBB,245,246,235,235,25051,5960482
2018-05-02,NBB,235,237,230,237,20758,4825554
2018-05-03,NBB,240,240,234,236,26217,6174088
2018-05-06,NBB,233,236,232,233,16590,3877197
2018-05-07,NBB,233,235,231,232,18816,4376294
2018-05-08,NBB,234,237,232,237,17243,4037375
2018-05-09,NBB,237,238,235,236,16356,3857161
2018-05-10,NBB,232,236,230,235,25940,6036977
2018-05-14,NBB,232,234,231,232,6162,1429806
2018-05-15,NBB,235,235,228,228,3835,881520
2018-05-16,NBB,227,235,226,231,14917,3442415
2018-05-17,NBB,230,233,229,231,13099,3022835
2018-05-20,NBB,235,235,230,231,13262,3065907
2018-05-21,NBB,231,232,229,232,18801,4336570
2018-05-22,NBB,230,231,228,229,14103,3232579
2018-05-23,NBB,230,230,224,226,19684,4444989
2018-05-24,NBB,226,228,225,226,15129,3422343
2018-05-27,NBB,225,226,222,226,12397,2772971
2018-05-28,NBB,224,238,224,235,18737,4334700
2018-05-29,NBB,239,239,227,233,12706,2946042
2018-05-30,NBB,230,235,227,230,8220,1908795
2018-05-31,NBB,230,230,226,229,6647,1513350
2018-06-03,NBB,228,228,219,221,16652,3718922
2018-06-04,NBB,218,226,217,222,10783,2387283
2018-06-06,NBB,226,227,224,225,3242,731478
2018-06-07,NBB,228,228,218,218,20817,4585345
2018-06-10,NBB,222,222,210,212,21679,4608085
2018-06-11,NBB,210,218,210,214,15743,3358816
2018-06-12,NBB,212,216,212,213,5365,1147689
2018-06-13,NBB,215,218,214,218,6493,1405757
2018-06-14,NBB,220,221,216,219,8589,1868494
2018-06-17,NBB,223,223,212,214,8426,1815388
2018-06-18,NBB,214,216,211,214,11028,2350924
2018-06-19,NBB,213,214,212,212,9416,2004148
2018-06-20,NBB,213,213,211,211,3972,842500
2018-06-21,NBB,214,214,208,210,14767,3112615
2018-06-24,NBB,207,213,207,212,5213,1105557
2018-06-25,NBB,210,213,208,212,30749,6435970
2018-06-26,NBB,210,211,208,211,6321,1324594
2018-06-27,NBB,210,212,210,212,7432,1571459
2018-06-28,NBB,213,213,209,212,10526,2219651
2018-07-01,NBB,208,212,206,207,10575,2199125
2018-07-02,NBB,205,211,205,208,15038,3124297
2018-07-03,NBB,206,210,206,210,15786,3270335
2018-07-04,NBB,210,211,207,210,23795,4955675
2018-07-05,NBB,210,222,210,222,25123,5355374
2018-07-08,NBB,220,222,215,215,16831,3675255
2018-07-09,NBB,211,216,211,215,6625,1416903
2018-07-10,NBB,211,216,211,214,11252,2417303
2018-07-11,NBB,218,218,211,215,11621,2482646
2018-07-12,NBB,216,216,207,212,28124,5905700
2018-07-15,NBB,212,213,209,210,4081,859258
2018-07-16,NBB,214,214,210,214,9473,1997148
2018-07-17,NBB,215,215,210,210,3964,839388
2018-07-18,NBB,210,210,206,208,13671,2849056
2018-07-19,NBB,205,209,205,208,13372,2772400
2018-07-22,NBB,207,208,207,207,12002,2490157
2018-07-23,NBB,206,208,206,206,17335,3580636
2018-07-24,NBB,210,214,207,208,6381,1342091
2018-07-25,NBB,211,211,208,208,8249,1729275
2018-07-26,NBB,209,210,207,208,11361,2357739
2018-07-29,NBB,209,210,205,207,21730,4476705
2018-07-30,NBB,208,208,205,205,7452,1538350
2018-07-31,NBB,207,208,204,205,17080,3508932
2018-08-01,NBB,205,207,204,207,4742,973600
2018-08-02,NBB,210,210,205,207,3146,650031
2018-08-05,NBB,207,208,205,205,6265,1289030
2018-08-06,NBB,203,207,203,207,9982,2052873
2018-08-07,NBB,211,210,205,206,10145,2092128
2018-08-08,NBB,205,207,204,204,11049,2262881
2018-08-09,NBB,204,205,203,204,7521,1533469
2018-08-12,NBB,202,206,198,200,8661,1738961
2018-08-13,NBB,200,207,200,205,10904,2212475
2018-08-14,NBB,205,205,200,205,8988,1815535
2018-08-15,NBB,206,209,203,205,15278,3147655
2018-08-16,NBB,205,207,202,205,22415,4590605
2018-08-19,NBB,205,205,200,201,27669,5563304
2018-08-20,NBB,205,205,200,200,15107,3038060
2018-08-21,NBB,200,202,200,201,12980,2607627
2018-08-22,NBB,200,203,199,201,12128,2428334
2018-08-23,NBB,202,202,198,199,15009,2990769
2018-08-26,NBB,200,200,198,199,8573,1708588
2018-08-28,NBB,199,199,196,198,8240,1626652
2018-08-29,NBB,196,198,196,197,7090,1398120
2018-08-30,NBB,197,199,197,199,8836,1754109
2018-09-02,NBB,202,203,197,202,21765,4344951
2018-09-03,NBB,200,207,200,206,30713,6247507
2018-09-04,NBB,208,208,203,203,12230,2503257
2018-09-05,NBB,204,215,203,212,50377,10621688
2018-09-06,NBB,215,218,208,210,30410,6479896
2018-09-09,NBB,208,210,206,209,14728,3057624
2018-09-10,NBB,206,206,201,201,13212,2684263
2018-09-11,NBB,200,208,200,206,7285,1492206
2018-09-12,NBB,204,208,204,207,3539,731836
2018-09-13,NBB,211,216,210,215,109674,23398694
2018-09-16,NBB,219,224,216,218,87259,19156592
2018-09-17,NBB,218,219,213,213,28766,6186518
2018-09-18,NBB,215,217,210,215,22893,4877650
2018-09-20,NBB,213,216,212,213,21789,4662213
2018-09-23,NBB,215,218,212,215,13708,2945963
2018-09-25,NBB,216,230,216,229,116204,26002560
2018-09-26,NBB,231,234,224,228,55964,12786005
2018-09-27,NBB,226,232,223,223,31623,7160755
2018-09-30,NBB,220,222,219,220,25518,5625261
2018-10-01,NBB,216,218,213,213,29539,6368507
2018-10-02,NBB,212,218,212,214,39568,8496271
2018-10-03,NBB,212,214,212,212,13471,2867468
2018-10-04,NBB,212,215,210,214,21118,4484711
2018-10-07,NBB,211,213,210,211,23868,5043129
2018-10-08,NBB,211,214,210,213,26453,5601618
2018-10-09,NBB,215,216,212,213,16547,3521425
2018-10-10,NBB,210,210,206,209,22553,4715213
2018-10-11,NBB,212,215,212,214,4835,1032909
2018-10-14,NBB,215,216,213,216,13965,3007623
2018-10-15,NBB,216,217,214,216,18924,4083283
2018-10-21,NBB,217,218,216,216,7625,1654308
2018-10-22,NBB,216,216,212,212,8750,1874650
2018-10-23,NBB,212,216,212,214,4519,967728
2018-10-24,NBB,213,216,213,216,7205,1540737
2018-10-25,NBB,216,217,211,211,11285,2404777
2018-10-28,NBB,213,213,209,210,20830,4383260
2018-10-29,NBB,210,211,207,208,20786,4332043
2018-10-30,NBB,207,212,207,210,14623,3051434
2018-10-31,NBB,210,210,207,207,15785,3287014
2018-11-01,NBB,209,210,207,207,27281,5688434
2018-11-04,NBB,205,207,205,206,7443,1536331
2018-11-05,NBB,207,211,207,210,11206,2349899
2018-11-06,NBB,210,214,206,213,841,179128
2018-11-11,NBB,213,213,207,207,1544,323408
2018-11-12,NBB,206,207,201,202,19026,3857688
2018-11-13,NBB,204,210,203,209,5471,1136277
2018-11-14,NBB,206,210,205,210,5645,1175589
2018-11-15,NBB,210,212,204,206,21785,4516220
2018-11-18,NBB,204,205,201,204,13814,2811266
2018-11-19,NBB,200,205,203,204,4076,829197
2018-11-20,NBB,205,205,202,203,10142,2060226
2018-11-21,NBB,201,205,201,202,13740,2784238
2018-11-22,NBB,202,203,200,200,20372,4084634
2018-11-25,NBB,201,202,198,199,15335,3059442
2018-11-26,NBB,200,201,196,197,35443,7038523
2018-11-27,NBB,199,202,198,199,12661,2518566
2018-11-28,NBB,199,201,197,198,14885,2953910
2018-11-29,NBB,196,198,196,197,17467,3432567
2018-12-02,NBB,196,197,192,193,31331,6104279
2018-12-03,NBB,190,199,190,195,19001,3696130
2018-12-04,NBB,195,196,193,193,10180,1976957
2018-12-05,NBB,196,196,192,192,13994,2698521
2018-12-06,NBB,191,196,189,189,37342,7119040
2018-12-09,NBB,192,193,191,192,9687,1856160
2018-12-10,NBB,195,199,193,198,28112,5504662
2018-12-11,NBB,198,199,193,195,12252,2384273
2018-12-12,NBB,194,196,191,196,4072,787598
2018-12-13,NBB,195,199,193,196,9841,1925542
2018-12-16,NBB,199,200,197,200,24350,4827011
2018-12-17,NBB,204,205,199,205,22160,4463214
2018-12-18,NBB,207,208,200,200,26501,5371066
2018-12-19,NBB,200,200,196,198,20813,4128097
2018-12-20,NBB,201,201,197,198,13740,2729673
2018-12-23,NBB,201,205,200,205,51367,10347373
2018-12-24,NBB,205,205,200,200,35253,7103421
2018-12-25,NBB,200,201,199,201,18578,3715182
2018-12-26,NBB,199,207,199,207,46860,9570943
2018-12-27,NBB,210,210,206,207,79726,16573584
2018-12-30,NBB,203,207,197,198,21560,4290032
2018-12-31,NBB,201,201,194,194,9758,1924736
2019-01-01,NBB,193,195,193,194,11562,2248290
2019-01-02,NBB,194,194,190,191,15453,2957414
2019-01-03,NBB,193,194,190,192,14244,2722765
2019-01-06,NBB,194,194,190,190,12182,2318956
2019-01-07,NBB,190,193,189,191,13993,2662536
2019-01-08,NBB,191,191,189,189,11043,2092808
2019-01-09,NBB,189,191,189,190,19788,3815261
2019-01-10,NBB,192,193,190,193,22357,4276918
2019-01-13,NBB,190,192,190,191,19070,3629027
2019-01-14,NBB,190,190,188,189,11385,2154612
2019-01-15,NBB,190,190,188,190,10784,2042368
2019-01-16,NBB,190,191,189,191,21818,4139955
2019-01-17,NBB,190,190,188,188,17476,3304017
2019-01-20,NBB,188,189,187,188,13029,2447367
2019-01-21,NBB,186,187,183,185,21527,3991841
2019-01-22,NBB,186,191,186,186,10681,1998587
2019-01-23,NBB,186,188,186,187,6096,1139159
2019-01-24,NBB,187,190,187,188,6999,1313854
2019-01-27,NBB,188,188,184,185,16198,2998389
2019-01-28,NBB,185,187,185,185,12029,2235609
2019-01-29,NBB,186,186,183,185,11709,2163571
2019-01-30,NBB,184,185,183,185,10954,2017056
2019-01-31,NBB,183,185,183,184,15354,2816628
2019-02-03,NBB,183,185,181,182,9622,1752132
2019-02-04,NBB,181,181,178,178,28087,5021465
2019-02-05,NBB,181,185,181,185,21582,3954902
2019-02-06,NBB,185,185,182,182,12756,2343326
2019-02-07,NBB,181,187,181,186,10268,1898180
2019-02-10,NBB,186,186,182,184,8112,1488931
2019-02-11,NBB,181,185,181,183,9687,1783155
2019-02-12,NBB,184,185,184,185,8657,1594793
2019-02-13,NBB,184,185,182,182,12220,2241450
2019-02-14,NBB,182,183,181,181,11357,2061436
2019-02-17,NBB,183,183,180,181,13586,2469287
2019-02-18,NBB,181,184,180,183,13932,2530679
2019-02-19,NBB,184,186,183,185,14018,2589055
2019-02-20,NBB,185,185,182,184,7558,1384804
2019-02-21,NBB,183,185,182,183,10827,1987301
2019-02-24,NBB,184,184,181,182,7105,1294004
2019-02-25,NBB,181,184,181,184,3953,718357
2019-02-26,NBB,183,184,182,182,10335,1887787
2019-02-27,NBB,181,184,181,184,4463,816911
2019-03-03,NBB,182,185,182,184,13048,2392448
2019-03-05,NBB,184,186,183,184,11110,2048663
2019-03-06,NBB,184,185,183,185,19550,3599366
2019-03-07,NBB,185,187,183,187,18062,3361297
2019-03-10,NBB,188,188,184,188,8770,1632081
2019-03-11,NBB,188,195,188,195,27919,5361967
2019-03-12,NBB,198,203,194,200,41797,8246902
2019-03-13,NBB,205,205,194,195,25943,5122258
2019-03-14,NBB,195,198,194,198,17421,3422637
2019-03-17,NBB,195,202,195,197,12140,2409067
2019-03-18,NBB,197,199,195,196,12759,2504739
2019-03-19,NBB,197,198,194,194,4278,834276
2019-03-21,NBB,195,196,191,192,9627,1852585
2019-03-24,NBB,190,192,189,192,11448,2180970
2019-03-25,NBB,192,193,191,193,8404,1616670
2019-03-26,NBB,193,194,192,193,12100,2333857
2019-03-27,NBB,192,195,192,193,13937,2687969
2019-03-28,NBB,194,197,194,196,20294,3954679
2019-03-31,NBB,195,195,194,195,10337,2012462
2019-04-01,NBB,194,200,194,198,27506,5429044
2019-04-02,NBB,200,207,200,204,111817,22775220
2019-04-03,NBB,207,209,204,207,88240,18339740
2019-04-04,NBB,206,210,205,205,46433,9601081
2019-04-07,NBB,209,213,201,212,52269,10941684
2019-04-08,NBB,211,216,210,212,82776,17616132
2019-04-09,NBB,211,213,207,209,40067,8399519
2019-04-10,NBB,209,213,206,211,34322,7187394
2019-04-11,NBB,214,214,209,212,22404,4727025
2019-04-15,NBB,212,214,209,211,8899,1873762
2019-04-16,NBB,214,216,211,216,51113,10946419
2019-04-17,NBB,218,218,214,217,55869,12084604
2019-04-18,NBB,220,227,215,223,63353,13981657
2019-04-21,NBB,227,230,222,229,85007,19271936
2019-04-22,NBB,230,238,228,230,128183,29931718
2019-04-23,NBB,232,234,227,231,36258,8335094
2019-04-24,NBB,233,240,231,238,57981,13623626
2019-04-25,NBB,237,242,236,239,53319,12754262
2019-04-28,NBB,239,239,232,233,51142,12015808
2019-04-29,NBB,230,241,222,230,43952,10151625
2019-04-30,NBB,230,234,229,232,35568,8215875
2019-05-02,NBB,228,235,227,228,24792,5697480
2019-05-05,NBB,226,228,225,225,42125,9516631
2019-05-06,NBB,224,231,221,231,39708,8982801
2019-05-07,NBB,235,239,231,236,98288,23010752
2019-05-08,NBB,236,236,231,231,18904,4401944
2019-05-09,NBB,230,233,227,228,19881,4528922
2019-05-12,NBB,228,228,225,226,14892,3379246
2019-05-13,NBB,227,229,227,228,6338,1443365
2019-05-14,NBB,228,232,227,229,24123,5535653
2019-05-15,NBB,233,235,229,230,26908,6224920
2019-05-16,NBB,231,231,227,228,17405,3976729
2019-05-19,NBB,232,232,225,228,21742,4940405
2019-05-20,NBB,225,229,225,225,34074,7730856
2019-05-21,NBB,225,228,225,228,31477,7116262
2019-05-22,NBB,228,229,224,224,36034,8167312
2019-05-23,NBB,228,228,225,225,15128,3420836
2019-05-26,NBB,226,227,223,224,11735,2639760
2019-05-27,NBB,222,226,222,225,24428,5477597
2019-05-28,NBB,225,226,224,224,10720,2407445
2019-05-29,NBB,227,228,222,226,34850,7815395
2019-05-30,NBB,230,236,227,227,55238,12715618
2019-06-02,NBB,227,228,224,225,11022,2487181
2019-06-03,NBB,223,225,223,223,13331,2981005
2019-06-04,NBB,227,227,222,223,15906,3544289
2019-06-06,NBB,223,225,222,222,15884,3547363
2019-06-10,NBB,222,225,222,223,16138,3602691
2019-06-11,NBB,223,226,223,225,13989,3145298
2019-06-12,NBB,224,225,223,225,15035,3366544
2019-06-13,NBB,223,224,222,224,12763,2844371
2019-06-16,NBB,223,224,218,222,21340,4719327
2019-06-17,NBB,233,233,221,222,19739,4400219
2019-06-18,NBB,211,223,211,221,12541,2773509
2019-06-19,NBB,220,221,218,220,11697,2568717
2019-06-20,NBB,220,226,219,225,16482,3664242
2019-06-23,NBB,224,224,220,221,9307,2066931
2019-06-24,NBB,221,222,220,222,14744,3264312
2019-06-25,NBB,223,223,221,221,19762,4371556
2019-06-26,NBB,223,223,219,222,21141,4667984
2019-06-27,NBB,222,223,221,221,20316,4502499
2019-06-30,NBB,225,225,219,220,38946,8593457
2019-07-01,NBB,221,221,217,218,21504,4698831
2019-07-02,NBB,228,228,218,221,12987,2853804
2019-07-03,NBB,222,228,220,227,39833,8871013
2019-07-04,NBB,228,228,221,224,29446,6602956
2019-07-07,NBB,235,235,220,222,37778,8379256
2019-07-08,NBB,222,222,219,219,39469,8698899
2019-07-09,NBB,219,222,218,218,33683,7400160
2019-07-10,NBB,218,220,218,219,25729,5625032
2019-07-11,NBB,219,220,219,220,9502,2085406
2019-07-14,NBB,221,222,219,219,4987,1097185
2019-07-15,NBB,219,222,218,222,11403,2522041
2019-07-16,NBB,233,233,221,222,4942,1096239
2019-07-17,NBB,224,226,222,225,9739,2179869
2019-07-18,NBB,228,228,226,226,8953,2027084
2019-07-21,NBB,226,226,223,225,5510,1233113
2019-07-22,NBB,225,227,225,227,16379,3699263
2019-07-23,NBB,229,229,225,227,14466,3276267
2019-07-24,NBB,231,231,226,228,32567,7424337
2019-07-25,NBB,228,228,224,225,36879,8320659
2019-07-28,NBB,222,223,220,221,34609,7676754
2019-07-29,NBB,223,223,221,222,13814,3062446
2019-07-30,NBB,222,225,222,223,15417,3445041
2019-07-31,NBB,223,225,222,223,15090,3364094
2019-08-01,NBB,223,224,221,222,25601,5676787
2019-08-04,NBB,220,222,219,220,12210,2685247
2019-08-05,NBB,218,221,217,219,13279,2913974
2019-08-06,NBB,219,220,217,219,20151,4390683
2019-08-07,NBB,216,220,216,219,13380,2918828
2019-08-08,NBB,218,218,216,216,17686,3834209
2019-08-11,NBB,217,218,215,218,21185,4587855
2019-08-12,NBB,217,218,216,216,14133,3067513
2019-08-13,NBB,216,219,216,217,8117,1760463
2019-08-14,NBB,217,217,216,217,18316,3972710
2019-08-15,NBB,221,221,216,217,8898,1930521
2019-08-18,NBB,214,219,214,216,23792,5154648
2019-08-19,NBB,215,219,215,218,27490,5957599
2019-08-20,NBB,218,218,215,217,25383,5482213
2019-08-21,NBB,214,216,214,215,17146,3682912
2019-08-22,NBB,214,216,213,213,28052,6009800
2019-08-25,NBB,215,215,211,214,15936,3384392
2019-08-26,NBB,213,214,211,212,15394,3268069
2019-08-27,NBB,213,215,212,213,18531,3957490
2019-08-28,NBB,213,213,211,211,9464,2004749
2019-08-29,NBB,211,213,209,211,13342,2825548
2019-09-01,NBB,211,213,210,210,28661,6047028
2019-09-02,NBB,209,210,208,208,25312,5282039
2019-09-03,NBB,207,213,206,213,32152,6708932
2019-09-04,NBB,217,217,210,216,18615,3999116
2019-09-05,NBB,216,216,213,213,24710,5308586
2019-09-08,NBB,211,213,210,211,27246,5747714
2019-09-09,NBB,211,211,208,209,36955,7745308
2019-09-10,NBB,209,211,207,208,18894,3932432
2019-09-11,NBB,207,209,207,208,9044,1883296
2019-09-12,NBB,207,210,207,210,22584,4693583
2019-09-15,NBB,209,209,206,207,18379,3814938
2019-09-16,NBB,208,209,205,208,24723,5123880
2019-09-17,NBB,208,213,208,213,15221,3202707
2019-09-18,NBB,216,217,211,213,17754,3798310
2019-09-19,NBB,214,215,211,213,6459,1372502
2019-09-22,NBB,210,210,208,208,14438,3016194
2019-09-23,NBB,208,210,207,210,28546,5968501
2019-09-24,NBB,210,210,207,210,17862,3717634
2019-09-25,NBB,209,209,206,208,14959,3097313
2019-09-26,NBB,207,209,206,206,11494,2380498
2019-09-29,NBB,207,207,204,205,14442,2965455
2019-09-30,NBB,206,210,205,210,10388,2148377
2019-10-01,NBB,211,213,207,211,14714,3105198
2019-10-02,NBB,211,211,209,210,13394,2811500
2019-10-03,NBB,210,212,209,211,6988,1469210
2019-10-10,NBB,210,210,209,210,778,162772
2019-10-14,NBB,214,214,207,210,10365,2162173
2019-10-15,NBB,210,211,210,211,4788,1007445
2019-10-16,NBB,212,213,210,213,19569,4134768
2019-10-17,NBB,213,213,209,211,12260,2584627
2019-10-20,NBB,211,212,210,210,5568,1170996
2019-10-21,NBB,210,211,209,210,11324,2378323
2019-10-22,NBB,213,213,210,211,12827,2699714
2019-10-23,NBB,210,214,210,211,6010,1267449
2019-10-24,NBB,215,215,213,213,11221,2396912
2019-10-31,NBB,213,213,209,211,12390,2610544
2019-11-03,NBB,210,211,208,210,19194,4019301
2019-11-04,NBB,210,210,206,207,12020,2500624
2019-11-05,NBB,207,207,205,206,11853,2441887
2019-11-06,NBB,207,207,205,207,12821,2640728
2019-11-07,NBB,208,208,206,206,8187,1689231
2019-11-10,NBB,206,206,203,205,9837,2014479
2019-11-11,NBB,205,209,202,205,22461,4573182
2019-11-12,NBB,204,205,202,205,13156,2673914
2019-11-13,NBB,203,205,202,205,4818,979307
2019-11-14,NBB,205,205,201,205,12132,2453555
2019-11-17,NBB,208,208,204,206,11093,2280344
2019-11-18,NBB,206,206,204,205,8821,1809256
2019-11-19,NBB,204,206,204,206,4209,861445
2019-11-20,NBB,208,208,203,203,4670,953840
2019-11-21,NBB,202,205,201,202,14406,2912520
2019-11-24,NBB,201,201,198,198,15016,2992394
2019-11-25,NBB,197,200,197,198,8277,1638031
2019-11-26,NBB,199,200,199,200,10370,2072936
2019-11-27,NBB,200,202,200,201,6264,1256307
2019-11-28,NBB,205,205,199,199,20792,4155645
2019-12-01,NBB,200,200,198,198,12481,2473788
2019-12-02,NBB,198,200,198,200,8921,1782399
2019-12-03,NBB,200,200,199,200,8335,1661944
2019-12-04,NBB,201,201,199,201,15844,3169740
2019-12-05,NBB,202,202,199,200,45074,9017539
2019-12-08,NBB,202,202,199,200,8784,1758238
2019-12-09,NBB,200,203,199,201,24676,4959713
2019-12-10,NBB,205,206,202,202,16624,3383490
2019-12-11,NBB,202,207,202,205,51633,10579918
2019-12-12,NBB,201,204,191,194,26611,5130576
2019-12-15,NBB,195,197,192,193,25283,4921466
2019-12-16,NBB,194,194,190,191,10996,2100934
2019-12-17,NBB,191,192,188,190,4316,821020
2019-12-18,NBB,190,190,188,188,9579,1807385
2019-12-19,NBB,190,190,187,189,5922,1112524
2019-12-22,NBB,187,187,185,187,12983,2405117
2019-12-23,NBB,190,190,185,189,13276,2481607
2019-12-24,NBB,190,191,188,190,7560,1426377
2019-12-25,NBB,190,190,187,188,3443,647324
2019-12-26,NBB,188,188,186,187,3866,725740
2019-12-29,NBB,187,187,186,187,7351,1369746
2019-12-30,NBB,185,186,184,185,16037,2957763
2019-12-31,NBB,185,189,185,185,9286,1727978
2020-01-01,NBB,185,187,185,186,4493,836045
2020-01-02,NBB,185,189,185,188,12907,2416732
2020-01-05,NBB,190,194,189,192,41070,7861877
2020-01-06,NBB,195,198,192,196,39180,7646270
2020-01-07,NBB,199,201,196,201,54851,10929624
2020-01-08,NBB,198,202,196,196,38388,7608254
2020-01-09,NBB,196,199,196,198,40174,7931791
2020-01-12,NBB,200,204,198,204,60404,12135254
2020-01-13,NBB,208,210,201,203,49253,10116842
2020-01-14,NBB,201,204,199,203,16530,3345324
2020-01-15,NBB,205,211,204,209,21019,4358202
2020-01-16,NBB,212,214,208,214,72608,15336507
2020-01-19,NBB,217,218,213,215,57120,12311683
2020-01-20,NBB,217,219,204,206,53312,11202385
2020-01-21,NBB,206,210,204,206,25689,5301809
2020-01-22,NBB,205,206,203,203,13745,2804508
2020-01-23,NBB,203,205,200,201,20883,4218426
2020-01-26,NBB,197,199,194,195,31218,6145063
2020-01-27,NBB,196,202,195,201,14465,2876717
2020-01-28,NBB,200,206,200,201,12912,2611842
2020-01-29,NBB,201,202,198,200,16087,3222061
2020-01-30,NBB,199,207,199,204,30629,6219885
2020-02-02,NBB,208,216,207,214,94588,20028136
2020-02-03,NBB,217,217,211,213,37701,8029880
2020-02-04,NBB,213,213,206,208,29032,6114256
2020-02-05,NBB,211,211,207,208,27174,5657060
2020-02-06,NBB,208,211,208,209,29654,6204732
2020-02-09,NBB,207,207,205,205,14679,3017904
2020-02-10,NBB,203,208,203,207,18708,3838370
2020-02-11,NBB,209,212,208,210,48558,10213297
2020-02-12,NBB,209,210,206,206,22704,4696624
2020-02-13,NBB,205,206,204,204,32956,6741694
2020-02-16,NBB,205,206,202,206,66429,13511226
2020-02-17,NBB,208,216,208,211,81406,17157970
2020-02-18,NBB,215,219,208,212,57254,12113790
2020-02-19,NBB,211,213,209,212,37623,7936343
2020-02-20,NBB,210,212,209,211,47142,9934120
2020-02-23,NBB,214,232,211,224,173928,38186564
2020-02-24,NBB,227,233,224,225,205595,46872176
2020-02-25,NBB,228,229,219,226,95654,21394410
2020-02-26,NBB,230,237,225,232,121177,28083820
2020-02-27,NBB,230,250,224,250,193954,46813956
2020-03-01,NBB,255,270,248,250,293863,75481856
2020-03-02,NBB,249,250,231,231,101131,24498150
2020-03-03,NBB,231,249,219,237,127606,30073008
2020-03-04,NBB,237,241,224,226,148913,33984044
2020-03-05,NBB,229,233,219,222,97387,21916418
2020-03-10,NBB,219,219,210,212,25449,5467592
2020-03-11,NBB,214,224,210,224,89797,19517680
2020-03-12,NBB,221,226,212,215,90423,19683340
2020-03-15,NBB,213,214,205,205,107267,22342808
2020-03-16,NBB,205,212,201,206,86011,17542960
2020-03-17,NBB,204,204,198,200,87528,17512224
2020-03-18,NBB,198,201,194,198,76379,15020685
2020-03-19,NBB,195,203,191,199,73097,14390636
2020-03-22,NBB,202,203,194,197,2912,575428
2020-05-12,NBB,194,194,192,192,58,11176
2020-05-13,NBB,189,189,187,187,30,5650
2020-06-29,NBB,184,184,169,178,21932,3790493
2020-06-30,NBB,180,189,180,189,2420,445563
2020-07-01,NBB,189,205,189,205,2440,474960
2020-07-02,NBB,205,210,185,185,10827,2168434
2020-07-05,NBB,185,194,184,185,28249,5311617
2020-07-06,NBB,183,190,183,190,33542,6276691
2020-07-07,NBB,193,204,193,198,34226,6738829
2020-07-08,NBB,197,200,192,198,16807,3285876
2020-07-09,NBB,199,199,194,198,15955,3117493
2020-07-12,NBB,199,201,195,198,22814,4470160
2020-07-13,NBB,197,198,194,198,28773,5633195
2020-07-14,NBB,196,197,193,195,17050,3323841
2020-07-15,NBB,197,209,195,209,73393,14665555
2020-07-16,NBB,205,214,203,213,35117,7392771
2020-07-19,NBB,217,221,217,221,20,4380
2020-07-20,NBB,232,243,215,218,99565,22257448
2020-07-21,NBB,218,221,213,215,112524,24255852
2020-07-22,NBB,215,218,209,209,46206,9863166
2020-07-23,NBB,213,213,206,210,33539,7030729
2020-07-26,NBB,211,217,210,216,49395,10587478
2020-07-27,NBB,217,218,211,214,62732,13434904
2020-07-28,NBB,212,213,209,212,41688,8809329
2020-07-29,NBB,210,211,207,210,37976,7913878
2020-07-30,NBB,210,211,207,208,19447,4043340
2020-08-02,NBB,205,207,200,201,42954,8661608
2020-08-03,NBB,198,204,198,200,30530,6132748
2020-08-05,NBB,200,200,196,198,39297,7770178
2020-08-06,NBB,200,200,195,196,24894,4897242
2020-08-09,NBB,194,202,194,200,22259,4398517
2020-08-10,NBB,204,209,201,208,37234,7620945
2020-08-11,NBB,210,210,202,203,27980,5714164
2020-08-12,NBB,204,209,200,209,31207,6327389
2020-08-13,NBB,205,205,201,203,29904,6046203
2020-08-16,NBB,199,199,193,197,63253,12431523
2020-08-17,NBB,199,199,195,198,20858,4108210
2020-08-18,NBB,200,201,195,195,33727,6633398
2020-08-19,NBB,194,195,192,193,32143,6208022
2020-08-20,NBB,190,195,190,193,14568,2826188
2020-08-23,NBB,193,196,193,195,13709,2659250
2020-08-24,NBB,197,199,196,198,28479,5618878
2020-08-25,NBB,198,198,196,197,34856,6869386
2020-08-26,NBB,200,208,197,199,67334,13466201
2020-08-27,NBB,202,205,198,201,46956,9423512
2020-08-30,NBB,200,200,197,199,17179,3412400
2020-08-31,NBB,197,202,196,199,71719,14270024
2020-09-02,NBB,202,204,200,201,76080,15399796
2020-09-03,NBB,205,205,200,200,46628,9386030
2020-09-06,NBB,210,210,200,201,77720,15741991
2020-09-07,NBB,203,203,197,198,43272,8624899
2020-09-08,NBB,197,200,196,199,29774,5916436
2020-09-09,NBB,200,201,197,198,37785,7525683
2020-09-10,NBB,200,201,197,197,20899,4142256
2020-09-13,NBB,197,203,197,199,54759,10877376
2020-09-14,NBB,199,205,199,202,84416,17042135
2020-09-15,NBB,205,207,202,204,61373,12517683
2020-09-16,NBB,204,204,201,203,24977,5043521
2020-09-17,NBB,204,212,201,211,140126,29013666
2020-09-20,NBB,215,220,212,216,93490,20064782
2020-09-21,NBB,214,216,208,212,75415,16000711
2020-09-22,NBB,222,222,204,206,113173,23521061
2020-09-23,NBB,196,211,196,209,91445,19000588
2020-09-24,NBB,211,211,206,207,49079,10207712
2020-09-27,NBB,217,217,207,214,116648,24816284
2020-09-28,NBB,215,217,212,213,72463,15504232
2020-09-29,NBB,215,215,210,212,40600,8600187
2020-09-30,NBB,212,215,209,212,50561,10724260
2020-10-01,NBB,202,221,202,220,224691,49105793
2020-10-04,NBB,231,231,219,226,169768,38038700
2020-10-05,NBB,228,229,222,224,75374,16856057
2020-10-06,NBB,235,235,221,223,54819,12188813
2020-10-07,NBB,220,230,220,226,89037,20050711
2020-10-08,NBB,227,229,222,223,88670,19995947
2020-10-11,NBB,223,223,217,219,74452,16323846
2020-10-12,NBB,217,220,215,220,53428,11618783
2020-10-13,NBB,222,222,216,217,52670,11465938
2020-10-14,NBB,216,217,214,215,43988,9461010
2020-10-15,NBB,218,219,213,216,57134,12313593
2020-10-18,NBB,217,217,214,215,27358,5868355
2020-10-19,NBB,215,218,214,217,36777,7927434
2020-10-20,NBB,218,221,217,219,32871,7191214
2020-10-21,NBB,222,223,219,223,62648,13815444
2020-10-22,NBB,234,234,221,226,116443,26162997
2020-10-28,NBB,230,240,228,240,215330,50250132
2020-10-29,NBB,236,248,234,236,180653,43029175
2020-11-01,NBB,247,247,229,230,122680,28492434
2020-11-02,NBB,229,232,227,229,88280,20236221
2020-11-03,NBB,228,231,226,227,68041,15540478
2020-11-04,NBB,216,232,216,227,92159,20902752
2020-11-05,NBB,238,238,225,227,58083,13146078
2020-11-08,NBB,229,229,226,227,61668,14011576
2020-11-09,NBB,230,230,225,225,107417,24270345
2020-11-10,NBB,225,228,225,227,77610,17555012
2020-11-11,NBB,229,230,228,230,59274,13567482
2020-11-12,NBB,234,235,230,231,112253,26012260
2020-11-18,NBB,240,240,234,238,223998,53206815
2020-11-19,NBB,238,243,238,240,205091,49311437
2020-11-22,NBB,245,249,241,243,217285,53142160
2020-11-23,NBB,247,248,243,243,181779,44370963
2020-11-24,NBB,245,246,242,244,113632,27683664
2020-11-25,NBB,248,249,243,249,180412,44314898
2020-11-26,NBB,249,265,249,263,408036,106725226
2020-11-29,NBB,266,289,266,289,221631,63723907
2020-11-30,NBB,303,317,303,317,1056517,333327784
2020-12-01,NBB,317,330,293,299,830433,252624596
2020-12-02,NBB,313,313,280,289,424549,122136399
2020-12-03,NBB,294,294,278,281,270385,76228365
2020-12-06,NBB,281,281,262,262,226286,60936502
2020-12-07,NBB,275,275,253,265,185495,48718423
2020-12-08,NBB,278,278,262,263,125729,33312143
2020-12-09,NBB,265,269,258,259,156691,40735021
2020-12-10,NBB,260,264,255,260,107269,27839563
2020-12-13,NBB,273,280,261,278,146173,39525181
2020-12-14,NBB,283,289,274,275,214005,59332102
2020-12-15,NBB,285,285,269,270,126768,34464957
2020-12-16,NBB,283,283,266,273,86830,23508338
2020-12-17,NBB,286,286,267,269,114652,30995579
2020-12-20,NBB,265,270,258,261,167629,43931388
2020-12-21,NBB,258,262,243,259,158450,40221741
2020-12-22,NBB,264,280,261,269,175913,47499819
2020-12-23,NBB,282,282,267,268,142239,38775484
2020-12-24,NBB,280,280,263,265,154353,41073306
2020-12-27,NBB,262,262,246,247,88404,21993322
2020-12-28,NBB,243,255,243,247,52788,13072458
2020-12-29,NBB,250,251,243,245,73294,17981701
2020-12-30,NBB,249,249,241,246,127962,31124327
2020-12-31,NBB,243,259,243,253,150906,38185856
2021-01-03,NBB,256,274,256,267,223195,59188470
2021-01-04,NBB,271,279,268,270,171190,46681176
2021-01-05,NBB,270,271,263,266,80311,21406664
2021-01-06,NBB,262,272,262,269,83153,22337323
2021-01-07,NBB,260,275,260,269,169848,45984267
2021-01-10,NBB,282,284,272,282,327937,91375871
2021-01-11,NBB,290,295,277,280,199649,56689333
2021-01-12,NBB,282,285,275,280,120213,33614000
2021-01-13,NBB,284,288,280,282,137614,38902751
2021-01-17,NBB,287,305,284,303,531764,158493614
2021-01-18,NBB,307,310,298,299,192749,58052613
2021-01-19,NBB,303,310,291,295,178441,53105010
2021-01-20,NBB,295,300,293,298,187324,55949670
2021-01-21,NBB,303,306,296,300,389926,117421877
2021-01-24,NBB,300,306,298,304,258068,77874108
2021-01-25,NBB,306,309,299,309,437867,133019279
2021-01-26,NBB,311,311,303,304,194399,59651492
2021-01-27,NBB,304,304,298,299,206083,61908106
2021-01-28,NBB,300,303,288,288,256300,75564781
2021-01-31,NBB,288,295,278,287,165467,47240559
2021-02-01,NBB,290,292,285,288,135562,38957881
2021-02-02,NBB,302,302,285,293,138191,40105300
2021-02-03,NBB,295,301,290,296,258282,76663765
2021-02-04,NBB,310,310,290,292,88045,25929622
2021-02-07,NBB,278,301,278,292,125898,37118621
2021-02-08,NBB,300,306,292,306,366171,110172898
2021-02-09,NBB,310,314,298,299,198443,60524140
2021-02-10,NBB,304,308,296,307,190128,57894158
2021-02-11,NBB,309,313,306,306,235224,72760869
2021-02-14,NBB,309,310,302,304,150333,45863283
2021-02-15,NBB,310,316,306,310,171178,52756914
2021-02-16,NBB,311,319,310,314,315684,99284280
2021-02-17,NBB,314,329,312,327,372291,118899629
2021-02-18,NBB,343,343,325,329,301070,100100733
2021-02-21,NBB,335,340,325,325,338764,111698690
2021-02-22,NBB,328,330,314,317,277376,88380339
2021-02-23,NBB,321,321,305,316,212570,66066113
2021-02-24,NBB,321,330,316,322,229300,74243340
2021-02-25,NBB,322,326,313,315,160640,51223216
2021-02-28,NBB,315,315,303,306,206205,63309928
2021-03-01,NBB,320,320,298,309,167550,51634080
2021-03-02,NBB,312,313,300,301,156640,47614862
2021-03-03,NBB,298,302,295,296,133935,39837849
2021-03-04,NBB,301,309,300,307,129749,39405640
2021-03-07,NBB,309,310,302,308,118658,36511489
2021-03-09,NBB,310,310,300,305,81119,24588669
2021-03-10,NBB,300,306,300,304,47492,14436892
2021-03-14,NBB,305,305,297,298,115951,34635254
2021-03-15,NBB,295,301,293,298,135304,40277735
2021-03-16,NBB,302,307,296,302,110373,33205517
2021-03-17,NBB,317,323,300,318,327733,103170425
2021-03-18,NBB,324,349,324,349,2234273,770318790
2021-03-21,NBB,349,360,325,355,1152372,399022006
2021-03-22,NBB,355,367,350,353,877034,314389539
2021-03-23,NBB,350,371,347,369,795663,287106302
2021-03-24,NBB,380,393,366,391,901451,345883371
2021-03-25,NBB,405,405,365,367,610314,229249642
2021-03-29,NBB,367,378,356,363,400001,146949263
2021-03-30,NBB,381,381,361,368,245154,89873153
2021-03-31,NBB,370,376,369,373,251916,93762636
2021-04-01,NBB,391,391,369,377,407036,152292206
2021-04-04,NBB,377,385,370,371,259066,96848143
2021-04-05,NBB,371,375,365,369,308061,113160012
2021-04-06,NBB,375,375,365,366,175962,64630955
2021-04-07,NBB,370,372,364,367,224799,82695771
2021-04-08,NBB,368,371,367,368,198168,73106879
2021-04-12,NBB,386,386,365,379,249394,93679119
2021-04-13,NBB,385,392,376,392,476248,183885203
2021-04-15,NBB,399,410,394,403,615629,247937257
2021-04-18,NBB,413,413,390,390,266269,105486932
2021-04-19,NBB,390,397,380,384,157517,60915538
2021-04-20,NBB,386,387,378,382,156998,59860147
2021-04-21,NBB,401,401,375,377,128571,48789383
2021-04-22,NBB,377,396,376,386,258087,99990158
2021-04-25,NBB,390,390,365,368,173179,63973001
2021-04-26,NBB,365,370,358,359,161041,58293061
2021-04-27,NBB,365,378,360,374,226723,84225067
2021-04-28,NBB,376,378,372,377,108284,40640680
2021-04-29,NBB,380,384,373,379,226070,85744149
2021-05-02,NBB,390,390,379,380,267368,102539634
2021-05-03,NBB,387,388,378,379,165820,63591049
2021-05-04,NBB,379,383,377,380,160277,60922857
2021-05-05,NBB,380,383,377,378,74020,28074928
2021-05-06,NBB,373,379,373,376,116197,43634594
2021-05-09,NBB,375,380,371,376,173830,65516927
2021-05-10,NBB,379,379,372,375,65137,24393301
2021-05-11,NBB,376,379,370,373,72507,26984058
2021-05-12,NBB,390,390,370,371,59833,22224184
2021-05-13,NBB,371,378,371,375,88057,33087210
2021-05-16,NBB,381,389,377,382,186415,71026213
2021-05-17,NBB,385,385,376,384,136581,52176776
2021-05-18,NBB,385,385,380,384,141521,54044543
2021-05-19,NBB,387,389,381,384,348082,134671395
2021-05-20,NBB,388,389,383,385,139325,53671129
2021-05-23,NBB,385,391,375,391,243025,93762549
2021-05-24,NBB,398,405,390,392,525122,208639383
2021-05-25,NBB,399,399,384,388,189564,73672535
2021-05-27,NBB,369,390,369,383,127685,48994348
2021-05-30,NBB,385,391,383,388,294244,114099569
2021-05-31,NBB,392,399,383,384,328724,127835743
2021-06-01,NBB,385,388,375,379,199649,75914798
2021-06-02,NBB,397,397,377,387,127557,48836601
2021-06-03,NBB,387,397,387,397,844987,332270736
2021-06-06,NBB,410,436,405,433,965471,412244221
2021-06-07,NBB,440,445,419,423,609152,258498185
2021-06-08,NBB,423,435,417,430,451990,193503890
2021-06-09,NBB,442,442,418,420,327405,138781457
2021-06-10,NBB,435,435,412,415,202898,84261300
2021-06-13,NBB,435,435,408,417,391905,161847525
2021-06-14,NBB,418,435,417,426,394818,168432552
2021-06-15,NBB,430,435,419,420,309683,131890121
2021-06-16,NBB,409,430,409,418,206877,86873841
2021-06-17,NBB,415,422,414,415,147584,61379598
2021-06-20,NBB,419,420,403,407,264177,108344114
2021-06-21,NBB,413,413,397,398,289684,116392535
2021-06-22,NBB,401,411,392,410,205248,82759930
2021-06-23,NBB,410,413,402,403,115171,46561450
2021-06-24,NBB,403,403,396,397,120693,48125882
2021-06-27,NBB,400,411,397,408,172617,69890697
2021-06-28,NBB,410,415,408,408,142620,58516581
2021-06-29,NBB,410,410,399,400,100750,40542285
2021-06-30,NBB,406,408,394,405,156475,62588651
2021-07-01,NBB,406,410,402,403,138907,56299403
2021-07-04,NBB,403,403,399,400,58027,23282407
2021-07-05,NBB,398,403,392,396,116515,46103932
2021-07-06,NBB,400,402,395,397,106571,42398392
2021-07-07,NBB,397,401,397,400,89567,35780005
2021-07-08,NBB,380,404,380,401,149224,59788409
2021-07-11,NBB,416,416,405,414,143680,59190672
2021-07-12,NBB,417,422,407,415,240642,100054281
2021-07-13,NBB,418,456,415,439,1048605,454747188
2021-07-14,NBB,450,452,432,435,304333,133755412
2021-07-15,NBB,456,456,427,436,238772,103230703
2021-07-18,NBB,444.7,453.8,438,453,590606,264329578.3
2021-07-19,NBB,445,472.5,445,460,675825,312921900.4
2021-07-20,NBB,461,466,453,460,225542,103546051.5
2021-07-22,NBB,458,468,457,465,227494,105433899.8
2021-07-25,NBB,469,477,465,477,357392,168502360.5
2021-07-26,NBB,486.5,486.5,465,465,305874,143677540.5
2021-07-27,NBB,456,470,452,466.6,383731,176288678.6
2021-07-28,NBB,470,481,464,468,252683,118198284.1
2021-07-29,NBB,468.1,470,461,463.6,92509,43117634.9
2021-08-01,NBB,467,472,462.1,463,167641,78175950.2
2021-08-02,NBB,470,470,463,464.9,162172,75537779.2
2021-08-03,NBB,467,485,466,483,398665,189128131.5
2021-08-04,NBB,485,497,484,493,392730,193377652.4
2021-08-05,NBB,495.1,504.8,488,497,407239,202373509.8
2021-08-08,NBB,506.9,515,493,495,458505,229199542.8
2021-08-09,NBB,499,499,487,487.1,227698,111590641.8
2021-08-10,NBB,490,500,485,493,417462,206003666
2021-08-11,NBB,500,502,488,491,195483,96100819.3
2021-08-12,NBB,494.9,496.5,488,493,197917,97420571.1
2021-08-15,NBB,493,510,485.1,498.9,421603,210482899.2
2021-08-16,NBB,500,502,493,497,269049,133971261.3
2021-08-17,NBB,506.9,506.9,490.1,491.1,197632,97332124.9
2021-08-18,NBB,490.6,500,486.4,495,273083,134869388.8
2021-08-19,NBB,500,502,485,485.2,252768,123831862.7
2021-08-24,NBB,493,494,478.5,480,256740,124097657.4
2021-08-25,NBB,480,480,468,470,219493,104065104.5
2021-08-26,NBB,465.5,476,464,469,217387,101581614.4
2021-08-29,NBB,478,478,454.8,456,244009,112070142.7
2021-08-31,NBB,459.1,459.1,443,447,252958,113174282.7
2021-09-01,NBB,445,460,445,453,199956,90646363.7
2021-09-02,NBB,460,462,444.9,446,169776,76477183.5
2021-09-05,NBB,446,449,425,435,254385,110432054.3
2021-09-06,NBB,430,455,428.5,452.8,283715,125955750
2021-09-07,NBB,453,453,440.1,444,96816,43119218.5
2021-09-08,NBB,440,448,435,436.8,85475,37396602.2
2021-09-09,NBB,440,443.9,435,437,98780,43257012.4
2021-09-12,NBB,440,444.1,435,442,119705,52657331.6
2021-09-13,NBB,450,452,440,445,116060,51678602
2021-09-14,NBB,446,449.9,437.6,443,97368,43022542.4
2021-09-15,NBB,448,448,433.8,436.5,99653,43502280.4
2021-09-16,NBB,434.5,434.5,420,425,182725,77504816.4
2021-09-20,NBB,425,431,418,420,161336,67919611.9
2021-09-21,NBB,419.9,433,406.1,422.1,146274,61244165.3
2021-09-22,NBB,429,437.9,425,434,138627,59792904.5
2021-09-23,NBB,442.6,477,442.6,457,434359,198602266.4
2021-09-26,NBB,460,476,456,457,247848,114768003.3
2021-09-27,NBB,457,457,440,441,119391,52993125.8
2021-09-28,NBB,445,447,428,430,121282,52562665.2
2021-09-29,NBB,430,448.9,424,448.9,132275,57801160.6
2021-09-30,NBB,456,456,435.5,438,108644,47848152.5
2021-10-03,NBB,443,446,426,427,88843,38310630.7
2021-10-04,NBB,422,430,421,425.9,115303,49162960
2021-10-05,NBB,428.1,435,426.5,433.8,53907,23326840.7
2021-10-06,NBB,441,444,433,439,65141,28572450.8
2021-10-10,NBB,445,445,417.7,417.8,358811,152735926.6
2021-10-11,NBB,417.8,421,408,416,76663,31580488.5
2021-10-17,NBB,424,424,410,412,22504,9252183.7
2021-10-18,NBB,405,412,402,403,49026,19826576.4
2021-10-19,NBB,402,402,382.3,386.5,107086,41435061
2021-10-20,NBB,394.2,410,388,390.1,59726,23552201.4
2021-10-21,NBB,394.9,394.9,382,386,76582,29629969.2
2021-10-24,NBB,386,395.5,383,393.2,58351,22769950.4
2021-10-25,NBB,395,405,390,405,99354,40000758.5
2021-10-26,NBB,409,425,406,420.5,67324,28136032.1
2021-10-27,NBB,428,436,412.6,430,121478,51997542.5
2021-10-28,NBB,434,434,427,430,79071,34014119.9
2021-10-31,NBB,435,435,422,425.8,295888,126265581.6
2021-11-01,NBB,380,380,365.1,366.9,150604,55574150.1
2021-11-02,NBB,360,367,355,356.8,73319,26276746.6
2021-11-03,NBB,360,365,357,357.1,67905,24457804.2
2021-11-08,NBB,356.1,372.4,356,356,69406,25028547.6
2021-11-09,NBB,363,363.1,344,344,60478,21071149.3
2021-11-11,NBB,344,350,331,335.1,49935,16764901.8
2021-11-14,NBB,330,333,326,328.7,51481,16971993.4
2021-11-15,NBB,335.2,335.2,325,326,39735,13006376.1
2021-11-16,NBB,332.5,358.6,332.5,358.6,221034,78348179.4
2021-11-17,NBB,365,394.4,365,394.4,461290,180995022.9
2021-11-18,NBB,402.2,408.5,372,383,298399,116953843.4
2021-11-21,NBB,390.6,390.6,367.2,374,128540,47819992.6
2021-11-22,NBB,379.9,380,368,369,61531,22961814.1
2021-11-23,NBB,375,376,362,364,55968,20442288.7
2021-11-24,NBB,360,369,357.1,365,61841,22470065.1
2021-11-25,NBB,372,372,357.7,360,52068,18832781.6
2021-11-28,NBB,360,360,343,346,112898,39497304.7
2021-11-29,NBB,350,358,345.1,349,72901,25656064
2021-11-30,NBB,349,360,344.3,360,73923,25753343.8
2021-12-01,NBB,367.2,373,361.1,369.8,81842,30093810.3
2021-12-02,NBB,372,381,362.7,365,129851,48283361.3
2021-12-05,NBB,369.9,371,357,360,143547,52369449.6
2021-12-06,NBB,360,361,343.3,359,82415,29094750.1
2021-12-07,NBB,361.1,367,350,351,30470,10771604.1
2021-12-08,NBB,351,351,344.1,345,34072,11772734.3
2021-12-09,NBB,346,346,336.1,337.1,42617,14444637
2021-12-12,NBB,335,335.1,325.4,327,82215,27129674
2021-12-13,NBB,321,324,312,315,78901,25012042.4
2021-12-14,NBB,320,332.5,320,326,25367,8255468.3
2021-12-15,NBB,328.9,335.5,321,322.4,67462,22134231.9
2021-12-16,NBB,323,354.6,320,354.6,203425,70843300.1
2021-12-20,NBB,360,367.2,354.8,356.1,136629,49220484.2
2021-12-21,NBB,361.9,377.4,355,375,176225,64568098.8
2021-12-22,NBB,382.5,390,375,377.8,164774,62809348.3
2021-12-23,NBB,380,390,377,378.1,216726,82867512.4
2021-12-26,NBB,385,390,370,373,105948,40103942
2021-12-27,NBB,380,385,366,370.9,164764,61210526.9
2021-12-28,NBB,378.3,378.3,363.1,369,68062,25214680.9
2021-12-29,NBB,376,402.5,369,402.5,525944,206392474.1
2022-01-02,NBB,410.5,426.8,402.5,408,456727,189215827.4
2022-01-03,NBB,416,416,392,398,312095,124894817
2022-01-04,NBB,405,407,395.3,405.4,367258,147754550.9
2022-01-05,NBB,411,411,396,396.5,194032,77577403.9
2022-01-06,NBB,404,404,392.3,399,104973,41948309.8
2022-01-09,NBB,405,410,399,399.5,171653,68876825.9
2022-01-10,NBB,400,405,387,390.1,229336,89997866.7
2022-01-11,NBB,397,397,385,389.5,170334,66162858.8
2022-01-12,NBB,397.2,404,389,400,721055,286999385.6
2022-01-13,NBB,405,405,394,399,254583,101499736.3
