date,symbol,open,high,low,close,volume,turnover
2011-03-20,NMB,251,251,247,250,599,148965
2011-03-24,NMB,260,255,254,254,344,87406
2011-03-25,NMB,254,249,249,249,88,21912
2011-03-27,NMB,249,245,245,245,636,155820
2011-03-28,NMB,245,244,226,228,1951,458706
2011-03-29,NMB,228,233,225,232,1017,232392
2011-03-30,NMB,232,235,228,235,250,57260
2011-03-31,NMB,235,231,231,231,1000,231000
2011-04-04,NMB,231,227,225,226,190,42871
2011-04-06,NMB,226,225,225,225,100,22500
2011-04-07,NMB,225,229,225,229,753,171203
2011-04-10,NMB,229,233,229,233,235,54379
2011-04-11,NMB,233,233,229,233,356,81860
2011-04-17,NMB,233,229,229,229,100,22900
2011-04-19,NMB,229,225,215,215,1430,309952
2011-04-20,NMB,215,215,211,211,1273,272171
2011-04-21,NMB,211,215,211,211,64,13660
2011-04-25,NMB,211,210,206,206,837,172863
2011-04-26,NMB,206,210,198,198,306,61540
2011-04-27,NMB,198,198,192,195,1039,202919
2011-04-28,NMB,195,207,193,196,1481,294587
2011-05-05,NMB,196,182,176,176,1066,190034
2011-05-08,NMB,176,175,172,172,350,60650
2011-05-09,NMB,172,174,169,172,1475,250245
2011-05-10,NMB,172,181,175,178,735,130935
2011-05-11,NMB,178,182,181,182,294,53450
2011-05-16,NMB,182,185,185,185,7236,1338660
2011-05-18,NMB,185,190,188,190,171,32390
2011-05-19,NMB,190,187,182,185,732,135241
2011-05-23,NMB,185,194,188,192,196,37532
2011-05-24,NMB,192,198,195,198,83,16335
2011-05-25,NMB,198,217,201,217,335,69883
2011-05-30,NMB,217,228,221,228,78,17559
2011-05-31,NMB,228,224,212,212,1043,229420
2011-06-01,NMB,212,224,208,224,521,111428
2011-06-02,NMB,224,220,204,204,96,20236
2011-06-05,NMB,204,200,190,190,259,50335
2011-06-06,NMB,190,193,178,181,3223,584227
2011-06-07,NMB,181,184,172,172,249,44856
2011-06-08,NMB,172,175,158,161,1132,183524
2011-06-09,NMB,161,167,159,160,1004,162869
2011-06-12,NMB,160,160,150,150,3304,505988
2011-06-13,NMB,150,159,145,145,1363,204080
2011-06-14,NMB,145,147,135,135,2671,373235
2011-06-15,NMB,135,135,129,129,3076,404728
2011-06-16,NMB,129,141,130,141,817,108402
2011-06-19,NMB,141,154,143,154,187,27944
2011-06-21,NMB,169,185,172,185,793,145363
2011-06-23,NMB,185,203,188,203,2417,487738
2011-06-26,NMB,203,223,185,185,5727,1188911
2011-06-27,NMB,185,182,167,167,1162,200618
2011-06-29,NMB,167,182,160,182,1448,240181
2011-06-30,NMB,182,185,169,173,4805,843561
2011-07-03,NMB,173,176,169,176,4582,786048
2011-07-04,NMB,176,183,176,180,4344,781004
2011-07-05,NMB,180,186,172,180,4554,811328
2011-07-06,NMB,180,188,180,184,5823,1079265
2011-07-07,NMB,184,181,178,178,231,41631
2011-07-10,NMB,178,184,179,183,2579,467086
2011-07-11,NMB,183,183,175,183,6669,1192852
2011-07-12,NMB,183,194,186,190,2177,414301
2011-07-13,NMB,190,206,193,198,4597,920064
2011-07-14,NMB,198,201,192,195,2976,580428
2011-07-17,NMB,195,198,198,198,69,13662
2011-07-18,NMB,198,209,197,197,5931,1194181
2011-07-19,NMB,197,208,191,208,2235,444554
2011-07-20,NMB,208,215,205,207,1929,402570
2011-07-21,NMB,207,213,205,209,1365,284879
2011-07-24,NMB,209,209,200,204,1027,208632
2011-07-25,NMB,204,200,200,200,222,44400
2011-07-26,NMB,200,197,190,190,1866,359674
2011-07-27,NMB,190,196,193,196,1113,214908
2011-07-28,NMB,196,199,196,199,730,144170
2011-07-31,NMB,199,199,196,199,165,32535
2011-08-01,NMB,199,196,193,196,719,139576
2011-08-02,NMB,196,196,190,190,636,122340
2011-08-03,NMB,190,192,190,190,389,74361
2011-08-04,NMB,190,191,190,191,1177,224047
2011-08-08,NMB,191,190,184,184,385,72406
2011-08-09,NMB,184,183,175,183,2171,384859
2011-08-10,NMB,183,186,180,183,749,136974
2011-08-11,NMB,183,195,186,195,1396,265948
2011-08-15,NMB,195,192,187,190,2010,379985
2011-08-16,NMB,190,187,171,185,9864,1709103
2011-08-17,NMB,185,182,182,182,129,23478
2011-08-18,NMB,182,188,185,188,179,33515
2011-08-22,NMB,188,188,186,188,341,63536
2011-08-23,NMB,188,188,185,188,5536,1024776
2011-08-24,NMB,188,188,185,188,5318,984582
2011-08-25,NMB,188,185,182,182,5430,992550
2011-08-28,NMB,182,180,177,178,337,59833
2011-08-29,NMB,178,180,180,180,15,2700
2011-08-30,NMB,180,186,183,185,801,148573
2011-09-04,NMB,185,185,182,182,94,17348
2011-09-05,NMB,182,182,180,180,1236,222952
2011-09-06,NMB,180,179,174,174,241,42363
2011-09-07,NMB,174,174,168,174,4265,724836
2011-09-08,NMB,174,177,174,174,115,20307
2011-09-12,NMB,174,177,173,177,204,35796
2011-09-13,NMB,177,174,169,169,415,71002
2011-09-14,NMB,169,169,166,169,1714,286216
2011-09-18,NMB,169,166,163,164,1842,303977
2011-09-19,NMB,164,167,165,166,830,137917
2011-09-20,NMB,166,172,168,170,541,92057
2011-09-21,NMB,170,178,173,178,660,116700
2011-09-22,NMB,178,186,181,186,3603,661248
2011-09-25,NMB,186,183,183,183,200,36600
2011-09-26,NMB,183,182,182,182,34,6188
2011-09-27,NMB,182,182,179,180,146,26306
2011-09-29,NMB,180,180,180,180,70,12600
2011-10-09,NMB,180,178,178,178,2000,356000
2011-10-10,NMB,178,178,173,175,1299,230728
2011-10-12,NMB,175,175,175,175,1586,277550
2011-10-13,NMB,175,172,172,172,186,31992
2011-10-16,NMB,172,170,164,170,6412,1056138
2011-10-17,NMB,170,170,170,170,17,2890
2011-10-18,NMB,170,167,163,166,4351,716123
2011-10-19,NMB,166,169,160,163,1819,297611
2011-10-20,NMB,163,165,165,165,500,82500
2011-10-23,NMB,165,165,162,162,1444,234250
2011-10-24,NMB,162,162,160,162,425,68516
2011-10-25,NMB,162,162,157,158,2079,330640
2011-10-30,NMB,158,164,155,164,292,46298
2011-10-31,NMB,164,167,164,167,3328,545822
2011-11-02,NMB,167,183,170,183,2120,383680
2011-11-03,NMB,183,181,169,169,2505,432695
2011-11-06,NMB,169,173,169,172,4012,681940
2011-11-08,NMB,172,178,169,169,1877,328192
2011-11-09,NMB,169,172,169,170,640,108660
2011-11-10,NMB,170,175,170,174,313,54177
2011-11-13,NMB,174,174,174,174,34,5916
2011-11-14,NMB,174,171,168,169,3869,650961
2011-11-16,NMB,169,171,167,167,1415,237091
2011-11-17,NMB,167,171,169,171,2016,343541
2011-11-20,NMB,171,168,163,165,2018,332234
2011-11-21,NMB,165,169,166,166,675,112080
2011-11-22,NMB,166,167,167,167,200,33400
2011-11-23,NMB,167,170,167,167,1971,330878
2011-11-24,NMB,167,170,166,170,2645,444018
2011-11-27,NMB,170,170,167,170,931,156976
2011-11-28,NMB,170,170,170,170,100,17000
2011-12-01,NMB,163,166,161,163,3402,552525
2011-12-04,NMB,163,160,157,157,160,25300
2011-12-05,NMB,157,163,160,163,214,34840
2011-12-08,NMB,163,171,165,171,63,10590
2011-12-11,NMB,171,168,165,165,93,15537
2011-12-14,NMB,165,162,156,156,100243,15639195
2011-12-15,NMB,156,154,150,151,2189,332516
2011-12-18,NMB,151,151,150,150,1390,209690
2011-12-19,NMB,150,152,152,152,2140,325280
2011-12-20,NMB,152,158,155,158,298,46784
2011-12-21,NMB,158,161,158,161,66,10530
2011-12-22,NMB,161,163,154,163,51093,7870625
2011-12-26,NMB,163,165,162,162,332,54384
2011-12-27,NMB,162,159,156,156,50178,7828302
2011-12-28,NMB,156,156,154,154,470,72514
2011-12-29,NMB,154,155,155,155,20,3100
2012-01-01,NMB,155,155,155,155,100,15500
2012-01-02,NMB,155,167,158,167,235,38780
2012-01-03,NMB,167,179,167,167,2686,463195
2012-01-04,NMB,167,164,164,164,50,8200
2012-01-05,NMB,164,161,161,161,1250,201250
2012-01-08,NMB,161,162,160,161,844,135536
2012-01-09,NMB,161,163,158,161,3559,568853
2012-01-10,NMB,161,167,163,163,414,67931
2012-01-11,NMB,163,164,164,164,236,38704
2012-01-12,NMB,164,161,155,157,937,147437
2012-01-16,NMB,157,160,151,160,2376,361206
2012-01-18,NMB,160,163,161,161,2603,419783
2012-01-22,NMB,161,158,153,153,4227,652285
2012-01-23,NMB,153,161,154,161,1628,252304
2012-01-25,NMB,161,158,155,155,258,40164
2012-01-26,NMB,155,153,153,153,553,84609
2012-01-29,NMB,153,159,156,159,573,90175
2012-02-01,NMB,159,156,152,156,1905,291543
2012-02-02,NMB,156,158,152,155,725,111498
2012-02-05,NMB,155,157,150,154,5961,903407
2012-02-06,NMB,154,153,150,153,13376,2007305
2012-02-07,NMB,153,154,148,150,3631,546906
2012-02-08,NMB,150,152,152,152,120,18240
2012-02-09,NMB,152,151,149,151,1224,183699
2012-02-12,NMB,151,152,149,149,313,46760
2012-02-13,NMB,149,150,148,150,546,81598
2012-02-14,NMB,150,152,150,152,457,69264
2012-02-15,NMB,152,153,150,151,763,114895
2012-02-16,NMB,151,150,147,149,653,97466
2012-02-21,NMB,149,150,148,149,1263,188187
2012-02-23,NMB,149,149,148,148,341,50575
2012-02-26,NMB,148,150,148,150,331,49385
2012-02-27,NMB,150,150,150,150,667,100050
2012-02-28,NMB,150,153,149,153,537,80629
2012-02-29,NMB,153,159,153,156,1487,228762
2012-03-01,NMB,156,158,154,156,1919,297746
2012-03-04,NMB,156,154,153,154,1220,187165
2012-03-05,NMB,154,159,155,158,2915,458379
2012-03-06,NMB,158,159,157,158,1240,195520
2012-03-12,NMB,158,155,153,153,653,100551
2012-03-13,NMB,153,155,154,154,2664,410520
2012-03-14,NMB,154,155,154,154,922,142810
2012-03-15,NMB,154,154,154,154,100,15400
2012-03-18,NMB,154,157,152,152,3873,589902
2012-03-19,NMB,152,153,152,153,1287,196124
2012-03-20,NMB,153,154,153,154,432,66292
2012-03-25,NMB,154,153,151,151,328,50013
2012-03-26,NMB,151,152,148,148,1645,245292
2012-03-27,NMB,148,148,146,146,1336,195256
2012-03-28,NMB,146,149,145,149,1178,172106
2012-03-29,NMB,149,149,147,147,696,102458
2012-04-01,NMB,147,147,144,147,5184,757559
2012-04-02,NMB,147,153,147,153,3769,560637
2012-04-03,NMB,153,152,150,152,2848,430048
2012-04-04,NMB,152,155,152,152,712,109627
2012-04-08,NMB,152,155,152,152,937,144095
2012-04-09,NMB,152,154,154,154,79,12166
2012-04-10,NMB,154,154,151,154,770,117152
2012-04-11,NMB,154,163,152,152,2767,434554
2012-04-12,NMB,152,167,153,167,5232,863371
2012-04-15,NMB,167,183,170,183,1974,360137
2012-04-16,NMB,183,186,186,186,107,19902
2012-04-17,NMB,186,195,168,168,9024,1685589
2012-04-18,NMB,168,184,165,184,2661,479417
2012-04-19,NMB,184,202,185,189,5224,1022339
2012-04-22,NMB,189,207,192,207,9545,1964553
2012-04-24,NMB,207,227,211,227,1660,376060
2012-04-25,NMB,227,235,231,235,612,143780
2012-04-26,NMB,235,258,229,255,20246,4992016
2012-04-29,NMB,255,267,236,240,9887,2483350
2012-04-30,NMB,240,238,225,227,6256,1421547
2012-05-03,NMB,227,237,231,237,1189,276635
2012-05-07,NMB,237,253,241,253,1712,425728
2012-05-08,NMB,253,266,253,260,23993,6179536
2012-05-09,NMB,260,255,242,245,8787,2175852
2012-05-10,NMB,245,245,230,237,10371,2450107
2012-05-13,NMB,237,233,214,216,5013,1093568
2012-05-14,NMB,216,212,196,204,1589,320310
2012-05-15,NMB,204,224,208,224,1976,441716
2012-05-16,NMB,224,228,228,228,10,2280
2012-05-17,NMB,228,244,232,243,14497,3421542
2012-05-20,NMB,243,239,227,235,8161,1911109
2012-05-21,NMB,235,243,228,235,5557,1308345
2012-05-22,NMB,235,232,223,226,2571,585011
2012-05-23,NMB,226,222,207,208,4243,897838
2012-05-24,NMB,208,228,206,227,4151,900116
2012-05-27,NMB,227,242,227,238,10497,2468097
2012-06-03,NMB,238,238,222,226,3680,840778
2012-06-04,NMB,226,223,210,220,2544,548707
2012-06-05,NMB,220,216,204,204,5794,1205631
2012-06-06,NMB,204,204,193,194,3672,721482
2012-06-07,NMB,194,210,191,194,3479,683174
2012-06-11,NMB,194,200,195,198,3369,663883
2012-06-12,NMB,198,199,192,192,2033,399410
2012-06-13,NMB,192,193,188,188,3083,585569
2012-06-14,NMB,188,189,186,188,1718,320604
2012-06-17,NMB,188,188,180,180,2026,368010
2012-06-18,NMB,180,185,181,182,3209,589465
2012-06-19,NMB,182,185,182,182,1531,279942
2012-06-20,NMB,182,185,182,185,2179,400115
2012-06-21,NMB,185,186,186,186,79,14694
2012-06-25,NMB,186,198,186,192,3765,728553
2012-06-26,NMB,192,190,188,188,648,122850
2012-06-27,NMB,188,193,186,188,2935,553980
2012-06-28,NMB,188,198,191,195,2615,509056
2012-07-01,NMB,195,193,190,192,955,182205
2012-07-02,NMB,192,190,180,180,6024,1100303
2012-07-03,NMB,180,191,180,191,1804,329559
2012-07-04,NMB,191,190,188,189,2743,517215
2012-07-05,NMB,189,189,186,189,1723,324566
2012-07-08,NMB,189,188,185,186,1221,227443
2012-07-09,NMB,186,186,181,182,1823,333024
2012-07-10,NMB,182,189,185,189,1520,282513
2012-07-11,NMB,189,190,188,190,770,145591
2012-07-12,NMB,190,187,181,181,1326,242056
2012-07-15,NMB,181,181,178,180,2300,410900
2012-07-16,NMB,180,180,175,179,2888,510378
2012-07-17,NMB,179,179,173,179,1241,216992
2012-07-18,NMB,179,178,176,178,657,116232
2012-07-19,NMB,178,181,169,171,7243,1262660
2012-07-22,NMB,171,180,174,178,1646,293295
2012-07-23,NMB,178,187,181,184,4745,873898
2012-07-24,NMB,184,183,180,183,1170,211835
2012-07-25,NMB,183,182,180,180,1051,189922
2012-07-26,NMB,180,177,171,177,3871,664539
2012-07-29,NMB,177,177,172,174,1682,291238
2012-07-30,NMB,174,180,176,180,2282,408415
2012-07-31,NMB,180,183,180,180,1613,293053
2012-08-01,NMB,180,181,178,180,4535,816286
2012-08-05,NMB,180,180,179,179,731,131480
2012-08-06,NMB,179,177,174,177,3860,678877
2012-08-07,NMB,177,181,177,177,600,107800
2012-08-08,NMB,177,177,176,177,282,49814
2012-08-12,NMB,177,174,166,170,2155,364411
2012-08-13,NMB,170,168,166,167,1341,223816
2012-08-14,NMB,167,164,158,164,5362,863262
2012-08-15,NMB,164,161,151,153,5796,896779
2012-08-16,NMB,153,161,152,161,2407,374874
2012-08-19,NMB,161,159,153,155,1376,213548
2012-08-21,NMB,155,158,152,158,1307,200176
2012-08-22,NMB,158,160,158,158,250,39700
2012-08-23,NMB,158,161,154,154,808,127467
2012-08-26,NMB,154,155,154,154,1220,187980
2012-08-27,NMB,154,160,155,155,1838,286765
2012-08-28,NMB,155,159,156,156,530,82710
2012-08-29,NMB,156,156,155,155,881,137136
2012-08-30,NMB,155,158,155,156,1177,184512
2012-09-02,NMB,156,153,150,152,1144,172270
2012-09-03,NMB,152,167,155,163,1763,288100
2012-09-04,NMB,163,163,160,162,5945,952783
2012-09-05,NMB,162,167,159,161,448,72457
2012-09-06,NMB,161,160,157,157,2031,321106
2012-09-09,NMB,157,159,152,159,1678,257380
2012-09-10,NMB,159,165,162,165,324,53238
2012-09-11,NMB,165,165,161,164,1165,188977
2012-09-12,NMB,164,168,165,165,2014,334062
2012-09-13,NMB,165,168,166,168,3645,607809
2012-09-16,NMB,168,171,167,167,2630,445130
2012-09-17,NMB,167,170,170,170,395,67150
2012-09-18,NMB,170,176,172,176,4782,829702
2012-09-19,NMB,176,174,168,168,1118,189406
2012-09-20,NMB,168,171,165,165,2503,416973
2012-09-23,NMB,165,162,157,159,1277,203116
2012-09-24,NMB,159,158,156,158,1528,239424
2012-09-25,NMB,158,159,156,158,10084,1579109
2012-09-26,NMB,158,160,157,157,661,104260
2012-09-30,NMB,163,160,158,160,892,142600
2012-10-01,NMB,160,160,156,160,2794,438337
2012-10-02,NMB,160,162,162,162,44,7128
2012-10-03,NMB,162,163,161,162,3073,497176
2012-10-04,NMB,162,165,161,165,2050,332120
2012-10-07,NMB,165,168,164,166,5279,875596
2012-10-08,NMB,166,168,166,166,3137,523242
2012-10-09,NMB,166,169,163,169,4428,732695
2012-10-10,NMB,169,170,167,168,1383,232640
2012-10-11,NMB,168,168,166,166,2025,338100
2012-10-14,NMB,166,172,167,170,950,160852
2012-10-15,NMB,170,178,172,175,576,100701
2012-10-17,NMB,175,184,177,184,2010,365409
2012-10-18,NMB,184,187,181,182,2680,495446
2012-10-30,NMB,182,185,185,185,1000,185000
2012-10-31,NMB,185,197,187,193,9065,1725212
2012-11-01,NMB,193,195,189,194,23435,4489733
2012-11-04,NMB,194,198,192,196,5671,1103555
2012-11-05,NMB,196,204,194,196,10288,2034404
2012-11-06,NMB,196,204,196,201,8854,1764591
2012-11-07,NMB,201,214,205,214,8724,1824554
2012-11-08,NMB,214,234,218,230,18236,4188123
2012-11-11,NMB,230,244,217,230,7494,1742692
2012-11-12,NMB,230,234,220,228,8594,1968549
2012-11-18,NMB,228,250,230,243,5281,1271183
2012-11-20,NMB,243,262,245,246,10169,2548715
2012-11-21,NMB,246,248,234,238,10459,2534157
2012-11-22,NMB,238,246,234,243,10373,2504660
2012-11-25,NMB,243,253,241,249,11633,2904994
2012-11-26,NMB,249,247,245,245,1581,389037
2012-11-27,NMB,245,249,242,244,4822,1177563
2012-11-28,NMB,244,243,238,242,3519,849078
2012-11-29,NMB,242,238,233,237,3500,824426
2012-12-02,NMB,237,237,235,236,460,108410
2012-12-03,NMB,236,233,228,229,6900,1585776
2012-12-04,NMB,229,243,232,239,7714,1826711
2012-12-05,NMB,239,253,242,250,9172,2258995
2012-12-06,NMB,250,249,241,249,3631,885890
2012-12-09,NMB,249,246,235,235,4778,1142505
2012-12-10,NMB,235,236,236,236,1000,236000
2012-12-11,NMB,236,240,236,238,4670,1112617
2012-12-12,NMB,238,245,240,245,971,236946
2012-12-13,NMB,245,243,240,242,2430,584325
2012-12-16,NMB,242,258,245,255,4859,1222121
2012-12-17,NMB,255,270,250,258,12475,3232000
2012-12-18,NMB,258,258,250,256,5805,1474842
2012-12-19,NMB,256,266,254,257,3192,822237
2012-12-20,NMB,257,261,255,256,4420,1138385
2012-12-23,NMB,256,256,252,252,10050,2541373
2012-12-24,NMB,252,270,255,270,10266,2699881
2012-12-26,NMB,270,293,275,281,12849,3616225
2012-12-27,NMB,281,291,275,281,9184,2598669
2012-12-31,NMB,281,290,271,280,3233,889349
2013-01-01,NMB,280,275,268,270,6092,1640278
2013-01-02,NMB,270,274,264,267,8346,2248057
2013-01-03,NMB,267,279,266,276,9018,2468976
2013-01-06,NMB,276,275,270,275,2526,689195
2013-01-07,NMB,275,270,265,265,3022,808948
2013-01-08,NMB,265,265,261,262,1806,473662
2013-01-09,NMB,262,264,258,261,5134,1334191
2013-01-10,NMB,261,267,256,264,6508,1693838
2013-01-13,NMB,264,269,259,269,4613,1207644
2013-01-15,NMB,269,274,265,274,5891,1585765
2013-01-16,NMB,274,269,264,264,1522,404624
2013-01-17,NMB,264,262,257,257,6560,1701405
2013-01-20,NMB,257,252,241,246,2566,628550
2013-01-21,NMB,246,261,250,256,7252,1850549
2013-01-22,NMB,256,264,261,264,2481,652250
2013-01-23,NMB,264,268,260,262,4557,1192037
2013-01-24,NMB,262,260,250,260,2374,600161
2013-01-27,NMB,260,261,255,259,3813,983364
2013-01-28,NMB,259,264,259,259,3867,1009454
2013-01-30,NMB,259,263,261,261,957,250263
2013-01-31,NMB,261,257,253,254,2524,642473
2013-02-03,NMB,254,272,250,254,9241,2387433
2013-02-04,NMB,254,270,259,267,3090,821918
2013-02-05,NMB,267,267,265,267,1715,455605
2013-02-06,NMB,267,272,264,268,5477,1453580
2013-02-07,NMB,268,264,262,264,2136,562008
2013-02-10,NMB,264,267,264,267,2185,578597
2013-02-12,NMB,267,290,270,290,7204,1970388
2013-02-13,NMB,290,285,275,275,1942,540177
2013-02-14,NMB,275,285,270,278,8880,2461100
2013-02-17,NMB,278,305,278,305,7234,2146480
2013-02-19,NMB,305,311,290,292,9736,2932709
2013-02-20,NMB,292,292,280,283,3705,1057026
2013-02-21,NMB,283,296,275,287,2450,705691
2013-02-24,NMB,287,286,277,283,3537,994131
2013-02-25,NMB,283,295,280,281,19224,5442199
2013-02-26,NMB,281,291,282,286,7752,2211107
2013-02-27,NMB,286,284,284,284,191,54244
2013-02-28,NMB,284,285,280,282,5814,1643450
2013-03-04,NMB,285,285,280,280,3799,1076388
2013-03-05,NMB,280,283,257,280,37562,9818844
2013-03-06,NMB,280,287,285,285,1567,447243
2013-03-07,NMB,285,285,280,281,4969,1401157
2013-03-11,NMB,281,283,278,283,4052,1137262
2013-03-13,NMB,283,291,284,291,2206,636713
2013-03-14,NMB,291,309,287,289,5649,1673380
2013-03-17,NMB,289,284,279,279,4748,1343775
2013-03-18,NMB,279,280,270,276,1917,524042
2013-03-19,NMB,276,280,275,279,1883,524021
2013-03-20,NMB,279,282,282,282,157,44274
2013-03-21,NMB,282,277,275,276,1881,519165
2013-03-24,NMB,276,272,271,271,429,116359
2013-03-25,NMB,271,273,266,271,3002,812876
2013-03-27,NMB,271,280,265,280,10450,2795062
2013-03-28,NMB,280,280,271,275,1303,358435
2013-03-31,NMB,275,270,261,265,2327,610578
2013-04-01,NMB,265,272,261,268,1425,379543
2013-04-02,NMB,268,270,268,270,1371,369636
2013-04-03,NMB,270,271,266,269,2560,691216
2013-04-04,NMB,269,268,266,268,953,254431
2013-04-07,NMB,268,269,268,269,600,161200
2013-04-08,NMB,269,274,267,272,2008,543477
2013-04-09,NMB,272,273,269,273,1207,326650
2013-04-11,NMB,273,276,270,270,5995,1622218
2013-04-15,NMB,270,280,272,273,4424,1214412
2013-04-16,NMB,273,272,267,267,4241,1137374
2013-04-17,NMB,267,270,264,264,4580,1220720
2013-04-18,NMB,264,270,265,270,573,152800
2013-04-21,NMB,270,265,255,265,5158,1335806
2013-04-23,NMB,265,269,257,257,2847,749180
2013-04-25,NMB,257,260,252,254,2714,693940
2013-04-28,NMB,254,262,255,260,13831,3547528
2013-04-29,NMB,260,259,253,255,2956,754711
2013-04-30,NMB,255,257,252,255,5609,1422420
2013-05-02,NMB,255,255,250,250,1502,376474
2013-05-05,NMB,250,253,249,249,1013,253961
2013-05-06,NMB,249,249,241,247,1751,425965
2013-05-07,NMB,247,258,244,253,4635,1174510
2013-05-08,NMB,253,251,246,250,1941,481491
2013-05-09,NMB,250,252,247,248,1331,330946
2013-05-12,NMB,248,250,248,248,3191,794940
2013-05-13,NMB,248,252,248,252,5516,1379519
2013-05-14,NMB,252,253,246,253,4249,1062202
2013-05-15,NMB,253,255,252,252,7507,1902175
2013-05-16,NMB,252,253,253,253,1200,303600
2013-05-19,NMB,253,250,250,250,96,24000
2013-05-20,NMB,250,251,250,250,1017,254270
2013-05-21,NMB,250,251,250,250,773,193574
2013-05-22,NMB,250,252,248,250,792,197248
2013-05-23,NMB,250,250,244,244,856,211316
2013-05-26,NMB,244,246,242,246,3064,745128
2013-05-27,NMB,246,250,246,249,5578,1383947
2013-05-28,NMB,249,252,247,250,7686,1923074
2013-05-30,NMB,250,248,245,246,2655,653354
2013-06-02,NMB,246,248,240,240,3041,735639
2013-06-03,NMB,240,248,242,248,1920,466902
2013-06-04,NMB,248,249,244,244,2617,648041
2013-06-05,NMB,244,250,244,247,1118,275852
2013-06-06,NMB,247,247,247,247,500,123500
2013-06-09,NMB,247,250,245,246,1210,299888
2013-06-10,NMB,246,250,246,250,4373,1084202
2013-06-12,NMB,250,250,247,249,845,210339
2013-06-13,NMB,249,246,242,246,1907,466787
2013-06-16,NMB,246,246,246,246,96,23616
2013-06-17,NMB,246,246,244,244,1132,276738
2013-06-18,NMB,244,245,242,242,854,208311
2013-06-19,NMB,242,242,240,241,1767,426394
2013-06-20,NMB,241,241,239,240,4409,1058995
2013-06-23,NMB,240,240,240,240,100,24000
2013-06-24,NMB,240,245,240,245,1277,308586
2013-06-25,NMB,245,252,243,252,2322,570590
2013-06-26,NMB,252,255,250,253,7635,1925859
2013-06-27,NMB,253,255,245,245,1894,477420
2013-06-30,NMB,245,245,241,241,770,186450
2013-07-01,NMB,241,245,245,245,50,12250
2013-07-02,NMB,245,244,243,244,897,218485
2013-07-03,NMB,244,245,243,245,445,108495
2013-07-04,NMB,245,245,240,243,2527,612694
2013-07-07,NMB,243,243,237,242,2211,530121
2013-07-08,NMB,242,246,243,246,552,135673
2013-07-09,NMB,246,253,249,252,1402,352543
2013-07-10,NMB,252,256,252,255,3384,858801
2013-07-11,NMB,255,254,251,254,841,211895
2013-07-14,NMB,254,258,255,255,606,154782
2013-07-15,NMB,255,255,250,252,1362,342022
2013-07-16,NMB,252,252,248,252,560,140412
2013-07-17,NMB,252,261,253,261,732,186840
2013-07-18,NMB,261,264,257,264,6046,1569855
2013-07-21,NMB,264,279,265,275,9298,2540550
2013-07-22,NMB,275,280,265,270,5532,1503691
2013-07-23,NMB,270,275,268,273,3392,921020
2013-07-24,NMB,273,270,268,268,209,56221
2013-07-25,NMB,268,265,265,265,191,50615
2013-07-28,NMB,265,269,261,264,5278,1392470
2013-07-29,NMB,264,266,262,264,5994,1579580
2013-07-30,NMB,264,269,262,265,7464,1965335
2013-07-31,NMB,265,272,265,265,1990,534438
2013-08-01,NMB,265,266,262,262,4688,1235608
2013-08-04,NMB,262,274,263,268,2695,726174
2013-08-05,NMB,268,266,260,261,2271,594587
2013-08-06,NMB,261,262,253,260,3233,829312
2013-08-07,NMB,260,268,256,256,6545,1715231
2013-08-08,NMB,256,256,250,250,3317,835435
2013-08-11,NMB,250,260,253,253,2384,606409
2013-08-12,NMB,253,251,249,250,1594,398425
2013-08-13,NMB,250,250,248,248,2064,512390
2013-08-14,NMB,248,250,243,247,6514,1598064
2013-08-15,NMB,247,248,246,248,486,119961
2013-08-18,NMB,248,252,248,250,3589,897565
2013-08-19,NMB,250,256,251,256,2328,590108
2013-08-20,NMB,256,260,255,258,6881,1769891
2013-08-25,NMB,258,256,254,254,929,236802
2013-08-26,NMB,254,253,247,247,3132,780923
2013-08-27,NMB,247,252,246,250,5267,1304589
2013-08-29,NMB,250,251,246,248,5195,1285288
2013-09-01,NMB,248,250,245,246,3632,892249
2013-09-02,NMB,246,248,240,245,11536,2800119
2013-09-03,NMB,245,245,239,243,9537,2304684
2013-09-04,NMB,243,241,235,241,18092,4270798
2013-09-05,NMB,241,243,235,242,37264,8774048
2013-09-08,NMB,242,244,235,239,20639,4885232
2013-09-09,NMB,239,244,237,244,6195,1490440
2013-09-10,NMB,244,245,244,244,1591,388412
2013-09-11,NMB,244,247,240,244,3468,838774
2013-09-12,NMB,244,245,244,245,844,206132
2013-09-15,NMB,245,246,239,244,2496,602688
2013-09-16,NMB,244,244,240,241,1118,270472
2013-09-17,NMB,241,248,240,248,1612,392348
2013-09-19,NMB,248,245,243,243,795,194037
2013-09-22,NMB,243,243,240,242,1804,434297
2013-09-23,NMB,242,242,240,240,1037,249290
2013-09-24,NMB,240,243,240,243,758,182838
2013-09-25,NMB,243,243,237,242,14358,3425701
2013-09-26,NMB,242,243,243,243,233,56619
2013-09-29,NMB,243,247,235,247,56969,13523235
2013-09-30,NMB,247,247,236,245,14534,3460890
2013-10-01,NMB,245,244,235,244,11001,2596176
2013-10-02,NMB,244,244,241,241,671,162044
2013-10-03,NMB,241,243,241,243,695,168135
2013-10-06,NMB,243,241,237,240,2800,671480
2013-10-07,NMB,240,250,244,247,1640,407063
2013-10-08,NMB,247,252,245,248,2473,610929
2013-10-09,NMB,248,255,247,255,1392,346908
2013-10-10,NMB,255,260,254,260,3241,828742
2013-10-20,NMB,260,263,260,261,6968,1817166
2013-10-21,NMB,261,270,261,264,5057,1337941
2013-10-22,NMB,264,260,255,255,579,150145
2013-10-23,NMB,255,255,250,255,2486,630135
2013-10-24,NMB,255,253,250,253,4242,1068785
2013-10-27,NMB,253,251,249,250,2131,532940
2013-10-28,NMB,250,250,247,247,543,134700
2013-10-29,NMB,247,251,247,249,3232,803496
2013-10-30,NMB,249,254,253,253,1125,285196
2013-10-31,NMB,253,252,250,250,2191,548787
2013-11-06,NMB,250,255,253,255,427,108463
2013-11-07,NMB,255,254,250,254,2362,594586
2013-11-10,NMB,254,259,253,256,2565,657055
2013-11-11,NMB,256,264,258,264,7542,1971360
2013-11-12,NMB,264,277,264,268,7733,2073414
2013-11-13,NMB,268,276,264,264,11824,3158593
2013-11-14,NMB,264,267,258,260,24212,6323739
2013-11-21,NMB,260,270,260,270,10240,2663300
2013-11-24,NMB,270,297,275,297,64132,18414242
2013-11-25,NMB,297,307,285,298,75881,22220146
2013-11-26,NMB,298,310,297,304,31218,9507877
2013-11-27,NMB,304,305,298,305,15650,4719241
2013-11-28,NMB,305,310,298,303,50599,15285511
2013-12-01,NMB,303,300,294,294,2637,780612
2013-12-02,NMB,294,300,290,295,5420,1595801
2013-12-03,NMB,295,317,295,317,4604,1398919
2013-12-04,NMB,317,348,315,348,115112,37743816
2013-12-05,NMB,348,372,342,360,58150,20238820
2013-12-08,NMB,360,360,340,345,3811,1323582
2013-12-09,NMB,345,351,339,339,4423,1525910
2013-12-10,NMB,339,341,334,335,4929,1662735
2013-12-11,NMB,335,360,341,355,7487,2649296
2013-12-12,NMB,355,385,360,373,4505,1687493
2013-12-15,NMB,373,400,373,397,8969,3464575
2013-12-16,NMB,397,432,398,432,4553,1871304
2013-12-18,NMB,432,475,440,475,27711,13074729
2013-12-19,NMB,475,466,448,460,6038,2742214
2013-12-22,NMB,460,455,422,430,4651,2006479
2013-12-23,NMB,430,424,387,388,2363,948141
2013-12-24,NMB,388,410,381,395,11157,4382719
2013-12-26,NMB,395,423,402,405,13158,5415979
2013-12-29,NMB,405,405,395,398,6106,2453401
2013-12-31,NMB,398,402,395,395,3159,1257821
2014-01-01,NMB,395,388,372,378,3818,1443632
2014-01-02,NMB,378,399,361,395,1657,621286
2014-01-05,NMB,395,394,388,394,4326,1683352
2014-01-06,NMB,394,390,385,390,2269,879148
2014-01-07,NMB,390,396,386,394,4680,1823763
2014-01-08,NMB,394,411,393,402,6090,2467657
2014-01-09,NMB,402,402,398,402,1663,664626
2014-01-12,NMB,402,410,400,410,3948,1602008
2014-01-13,NMB,410,418,410,410,5931,2453110
2014-01-14,NMB,410,425,404,420,13752,5682843
2014-01-16,NMB,420,442,412,420,6222,2644645
2014-01-19,NMB,420,415,408,412,3208,1323240
2014-01-20,NMB,412,415,405,407,5788,2354772
2014-01-21,NMB,407,430,408,410,4578,1901044
2014-01-22,NMB,410,410,403,408,6104,2484768
2014-01-23,NMB,408,412,406,406,3626,1482072
2014-01-26,NMB,406,408,400,401,20675,8299725
2014-01-27,NMB,401,400,390,393,8510,3358526
2014-01-28,NMB,393,410,393,403,10034,4028383
2014-01-29,NMB,403,405,400,405,2909,1167954
2014-02-02,NMB,405,405,393,396,5756,2286356
2014-02-03,NMB,396,395,383,383,2270,889468
2014-02-04,NMB,383,402,380,396,8903,3503579
2014-02-06,NMB,399,404,395,400,5959,2376524
2014-02-09,NMB,400,400,392,395,5217,2060174
2014-02-10,NMB,395,420,402,408,23803,9751058
2014-02-11,NMB,408,408,400,400,9858,3961457
2014-02-12,NMB,400,405,396,401,14712,5903034
2014-02-13,NMB,401,406,400,405,4200,1695200
2014-02-16,NMB,405,405,391,399,2866,1145450
2014-02-17,NMB,399,400,387,400,1853,732013
2014-02-18,NMB,400,401,396,398,5013,2000249
2014-02-20,NMB,398,405,400,404,4351,1751081
2014-02-23,NMB,404,418,400,414,99421,40176468
2014-02-24,NMB,414,426,406,420,47094,19653988
2014-02-25,NMB,420,427,415,426,20573,8627066
2014-02-26,NMB,426,435,414,422,14612,6166216
2014-03-03,NMB,422,421,405,405,9653,3992831
2014-03-04,NMB,405,400,391,400,9326,3674554
2014-03-05,NMB,400,415,395,410,6133,2475984
2014-03-06,NMB,410,412,400,400,5739,2319216
2014-03-09,NMB,400,400,390,390,7805,3074159
2014-03-10,NMB,390,393,385,387,97794,37696092
2014-03-11,NMB,387,394,383,388,6946,2701425
2014-03-12,NMB,388,395,373,379,6362,2429184
2014-03-17,NMB,390,390,370,370,1819,687484
2014-03-18,NMB,370,370,353,364,4409,1579785
2014-03-19,NMB,364,383,370,371,7089,2643372
2014-03-20,NMB,371,379,365,379,5339,1994359
2014-03-23,NMB,379,380,374,376,3129,1178311
2014-03-24,NMB,376,380,375,379,7968,2997085
2014-03-25,NMB,379,376,370,376,3332,1241291
2014-03-26,NMB,376,378,372,378,1499,563985
2014-03-27,NMB,378,382,375,380,4881,1841399
2014-03-31,NMB,380,385,377,385,4878,1849457
2014-04-01,NMB,385,396,389,395,5403,2119266
2014-04-02,NMB,395,399,381,381,2980,1144706
2014-04-03,NMB,381,399,382,386,5062,1969624
2014-04-06,NMB,386,385,371,371,3178,1189522
2014-04-07,NMB,371,377,370,377,1461,547119
2014-04-09,NMB,377,385,377,385,2247,851410
2014-04-10,NMB,385,392,386,388,2769,1078715
2014-04-13,NMB,388,400,388,397,9058,3606619
2014-04-15,NMB,397,401,395,395,4083,1620232
2014-04-16,NMB,395,395,387,390,3280,1277751
2014-04-17,NMB,390,387,383,385,1189,457351
2014-04-20,NMB,385,385,376,385,2930,1112163
2014-04-21,NMB,385,385,378,382,2309,879024
2014-04-22,NMB,382,389,376,387,4739,1823826
2014-04-23,NMB,387,396,386,390,5727,2230817
2014-04-27,NMB,390,397,390,394,8331,3263047
2014-04-28,NMB,394,398,383,383,4110,1613992
2014-04-29,NMB,383,387,380,384,3377,1299091
2014-04-30,NMB,384,385,377,381,6985,2660351
2014-05-04,NMB,381,394,380,384,8910,3428585
2014-05-05,NMB,384,416,385,416,8410,3384165
2014-05-06,NMB,416,435,408,427,29813,12752765
2014-05-07,NMB,427,435,425,426,31221,13474104
2014-05-08,NMB,426,427,414,420,5603,2346736
2014-05-11,NMB,420,420,400,407,7899,3212646
2014-05-12,NMB,407,415,399,410,17220,7050016
2014-05-13,NMB,410,416,408,413,7105,2928573
2014-05-15,NMB,413,417,406,412,8050,3317715
2014-05-18,NMB,412,414,408,413,6940,2857288
2014-05-19,NMB,413,417,411,415,21264,8808660
2014-05-20,NMB,415,420,412,418,15969,6645057
2014-05-21,NMB,418,426,415,422,16411,6891875
2014-05-22,NMB,422,430,424,430,5600,2393616
2014-05-25,NMB,430,437,425,430,17997,7734274
2014-05-26,NMB,430,429,422,425,7207,3057421
2014-05-27,NMB,425,425,420,425,7844,3323531
2014-05-28,NMB,425,430,422,426,20770,8853125
2014-06-01,NMB,426,436,424,434,12090,5212038
2014-06-02,NMB,434,448,435,448,20582,9073992
2014-06-03,NMB,448,460,445,446,14944,6742456
2014-06-04,NMB,446,452,445,448,8647,3872107
2014-06-05,NMB,448,445,439,443,13789,6096527
2014-06-08,NMB,443,453,445,445,9505,4260855
2014-06-09,NMB,445,454,445,451,16815,7578109
2014-06-10,NMB,451,480,456,460,23576,10971776
2014-06-11,NMB,460,490,463,470,27520,13010639
2014-06-12,NMB,470,480,470,474,17451,8288423
2014-06-15,NMB,474,510,479,495,20062,9895755
2014-06-16,NMB,495,504,491,498,18878,9409753
2014-06-17,NMB,498,505,485,496,19310,9606287
2014-06-18,NMB,496,504,491,491,10192,5081606
2014-06-19,NMB,491,497,482,486,6653,3236505
2014-06-23,NMB,486,490,478,480,4611,2215218
2014-06-24,NMB,480,489,476,485,11804,5697048
2014-06-25,NMB,485,492,480,483,12097,5824454
2014-06-26,NMB,483,489,475,482,13393,6464199
2014-06-29,NMB,482,503,478,500,12118,6006313
2014-06-30,NMB,500,495,490,494,4331,2134802
2014-07-01,NMB,494,500,490,495,7540,3732194
2014-07-02,NMB,495,493,478,478,11572,5644944
2014-07-03,NMB,478,498,475,491,14430,7035839
2014-07-06,NMB,491,493,489,491,5279,2590635
2014-07-07,NMB,491,505,494,500,14913,7425782
2014-07-08,NMB,500,524,500,522,18557,9499622
2014-07-09,NMB,522,518,508,517,12053,6174486
2014-07-10,NMB,517,540,500,530,8641,4501462
2014-07-13,NMB,530,560,520,550,9388,5080953
2014-07-14,NMB,550,540,510,526,11825,6183145
2014-07-15,NMB,526,526,516,517,3848,2001423
2014-07-16,NMB,517,527,512,515,11446,5931525
2014-07-17,NMB,515,530,505,525,16536,8602364
2014-07-20,NMB,525,545,525,534,18470,9833727
2014-07-21,NMB,534,547,535,542,20865,11253197
2014-07-22,NMB,542,540,515,520,9621,5021983
2014-07-23,NMB,520,540,527,528,18221,9677202
2014-07-24,NMB,528,548,529,537,13364,7181888
2014-07-27,NMB,537,555,540,545,14216,7734316
2014-07-28,NMB,545,554,535,540,3428,1858866
2014-07-30,NMB,540,540,520,520,7023,3729794
2014-07-31,NMB,520,536,510,524,12933,6779074
2014-08-03,NMB,524,534,515,519,7373,3856097
2014-08-04,NMB,519,520,505,505,8492,4368574
2014-08-05,NMB,505,538,515,531,13020,6860559
2014-08-06,NMB,531,539,516,521,6437,3375422
2014-08-07,NMB,521,522,500,517,13084,6664901
2014-08-12,NMB,517,512,505,510,4982,2530638
2014-08-13,NMB,510,527,500,518,16912,8652412
2014-08-14,NMB,518,524,514,518,9429,4873241
2014-08-18,NMB,518,518,505,505,3523,1793149
2014-08-19,NMB,505,520,502,505,8247,4188318
2014-08-20,NMB,505,505,490,494,9735,4818544
2014-08-21,NMB,494,505,476,501,11669,5733065
2014-08-24,NMB,501,503,480,489,6789,3308300
2014-08-25,NMB,489,480,463,470,2228,1046082
2014-08-26,NMB,470,499,452,455,6166,2928164
2014-08-27,NMB,455,499,464,486,15575,7534166
2014-08-28,NMB,486,500,481,484,11393,5583177
2014-08-31,NMB,484,484,468,477,4671,2208389
2014-09-01,NMB,477,475,461,475,4378,2045769
2014-09-03,NMB,475,472,466,469,2113,989378
2014-09-04,NMB,469,469,458,465,7189,3322065
2014-09-07,NMB,465,463,436,444,5711,2542704
2014-09-09,NMB,444,488,452,488,8043,3768609
2014-09-10,NMB,488,505,460,468,9582,4546514
2014-09-11,NMB,468,483,441,466,6897,3189102
2014-09-14,NMB,466,467,453,453,4792,2196800
2014-09-15,NMB,453,489,459,489,5918,2791925
2014-09-16,NMB,489,499,460,490,14629,7026290
2014-09-17,NMB,490,510,475,490,7319,3575280
2014-09-18,NMB,490,487,450,468,7626,3526945
2014-09-21,NMB,468,465,445,455,3586,1621258
2014-09-22,NMB,455,462,450,462,3337,1515081
2014-09-23,NMB,462,491,463,475,15280,7314594
2014-09-24,NMB,475,502,482,500,45026,22126728
2014-09-28,NMB,500,515,500,503,13131,6628224
2014-09-29,NMB,503,507,495,507,16580,8358594
2015-11-18,NMB,476,488,479,479,21302,10258629
2015-11-19,NMB,479,476,470,473,9782,4627896
2015-11-22,NMB,473,466,455,455,3936,1816015
2015-11-23,NMB,455,460,441,460,4257,1912161
2015-11-24,NMB,460,453,440,444,28692,12684568
2015-11-25,NMB,444,440,437,437,2902,1270781
2015-11-26,NMB,437,430,415,425,3370,1426355
2015-11-29,NMB,425,417,404,415,8963,3104379
2015-11-30,NMB,415,422,389,396,16884,6641515
2015-12-01,NMB,396,408,400,405,5401,2170316
2015-12-02,NMB,405,412,393,405,12111,4897849
2015-12-03,NMB,405,420,402,408,44604,18103716
2015-12-06,NMB,408,432,415,416,8447,3531688
2015-12-07,NMB,416,422,413,417,5957,2483073
2015-12-08,NMB,417,415,408,415,2264,929520
2015-12-09,NMB,415,428,417,428,16533,6938165
2015-12-10,NMB,428,422,416,420,3303,1386590
2015-12-13,NMB,420,424,417,417,6805,2863360
2015-12-14,NMB,417,425,413,413,1803,751221
2015-12-15,NMB,413,415,410,410,4184,1723668
2015-12-16,NMB,410,414,408,414,3628,1491668
2015-12-17,NMB,414,410,409,410,1090,446700
2015-12-20,NMB,410,410,405,410,251,102742
2015-12-21,NMB,410,420,411,420,3745,1555136
2015-12-22,NMB,420,421,415,420,7202,3016322
2015-12-23,NMB,420,419,415,415,2521,1048419
2015-12-24,NMB,415,417,410,412,1867,772013
2015-12-27,NMB,412,416,412,416,750,311100
2015-12-28,NMB,416,421,414,417,14456,6013287
2015-12-29,NMB,417,420,415,419,9050,3769898
2015-12-31,NMB,419,435,421,428,6454,2746373
2016-01-03,NMB,428,425,416,416,8946,3760166
2016-01-04,NMB,416,424,416,421,2559,1078416
2016-01-05,NMB,421,425,417,421,16049,6781286
2016-01-06,NMB,421,424,420,421,3648,1538718
2016-01-07,NMB,421,439,421,435,6039,2584937
2016-01-10,NMB,435,440,431,438,7792,3398718
2016-01-11,NMB,438,439,432,432,10454,4563224
2016-01-12,NMB,432,439,428,439,16525,7169925
2016-01-13,NMB,439,452,436,445,12678,5599086
2016-01-14,NMB,445,466,449,460,24660,11286858
2016-01-17,NMB,460,478,465,465,13070,6159126
2016-01-18,NMB,465,490,458,468,9627,4569897
2016-01-19,NMB,468,476,452,471,28309,13281233
2016-01-20,NMB,471,475,467,471,8650,4067567
2016-01-21,NMB,471,475,470,472,14019,6628438
2016-01-24,NMB,472,490,467,485,40765,19408990
2016-01-25,NMB,485,503,490,499,59476,29437684
2016-01-26,NMB,462,475,466,466,11103,5214697
2016-01-27,NMB,466,470,455,460,14989,6915482
2016-01-28,NMB,460,463,450,451,12607,5744254
2016-01-31,NMB,451,454,449,454,18267,8230166
2016-02-01,NMB,454,477,463,477,22370,10589059
2016-02-02,NMB,477,491,475,485,21542,10407504
2016-02-03,NMB,485,488,477,487,7675,3709133
2016-02-04,NMB,487,490,479,482,21254,10236560
2016-02-07,NMB,482,500,480,480,22897,11120969
2016-02-08,NMB,480,494,480,485,15360,7439822
2016-02-11,NMB,485,505,485,504,56076,27956808
2016-02-14,NMB,504,516,498,511,48114,24553968
2016-02-15,NMB,511,514,500,510,40191,20388424
2016-02-16,NMB,510,527,512,520,46071,23995392
2016-02-17,NMB,520,550,518,537,71382,38326856
2016-02-18,NMB,537,555,537,541,34207,18606700
2016-02-21,NMB,541,547,532,537,34695,18693862
2016-02-22,NMB,537,547,531,547,54898,29633100
2016-02-23,NMB,547,551,538,543,41233,22464330
2016-02-24,NMB,543,549,536,539,42215,22830840
2016-02-25,NMB,539,542,530,538,55984,29950524
2016-02-28,NMB,538,543,528,534,28693,15337605
2016-02-29,NMB,534,537,530,537,16809,8983036
2016-03-01,NMB,537,539,534,539,15831,8494793
2016-03-02,NMB,539,548,529,535,25417,13706372
2016-03-03,NMB,535,545,535,537,15854,8543307
2016-03-06,NMB,537,541,533,534,19864,10656847
2016-03-10,NMB,534,540,531,532,28465,15285274
2016-03-13,NMB,532,543,530,540,24873,13340897
2016-03-14,NMB,540,545,537,540,18217,9841243
2016-03-15,NMB,540,543,535,542,29401,15836978
2016-03-16,NMB,542,545,536,542,22337,12096888
2016-03-17,NMB,542,554,532,548,28729,15690800
2016-03-20,NMB,548,565,553,561,52346,29330208
2016-03-21,NMB,561,599,570,576,72490,42022024
2016-03-23,NMB,576,599,579,587,59664,35067112
2016-03-24,NMB,587,603,590,596,74822,44604608
2016-03-27,NMB,596,610,591,607,60865,36728048
2016-03-28,NMB,607,609,597,601,44659,26898104
2016-03-29,NMB,601,607,590,604,46013,27597388
2016-03-30,NMB,604,605,595,596,32854,19655770
2016-03-31,NMB,596,595,586,590,33572,19820916
2016-04-03,NMB,590,600,572,585,29949,17495584
2016-04-04,NMB,585,590,582,589,16707,9827770
2016-04-05,NMB,589,598,588,598,8614,5134836
2016-04-06,NMB,598,600,593,598,14651,8755329
2016-04-10,NMB,598,602,595,598,38460,22996604
2016-04-11,NMB,598,605,600,605,37663,22624930
2016-04-12,NMB,605,609,600,609,28522,17210338
2016-04-14,NMB,609,614,600,614,20590,12506174
2016-04-17,NMB,614,623,611,622,32426,20061264
2016-04-18,NMB,622,638,620,637,29379,18471328
2016-04-19,NMB,637,652,633,635,13803,8802728
2016-04-20,NMB,635,645,635,635,27534,17557308
2016-04-21,NMB,635,637,623,632,15560,9817493
2016-04-24,NMB,632,640,630,636,23174,14729395
2016-04-25,NMB,636,642,635,640,61555,39319880
2016-04-26,NMB,640,670,640,650,71208,46970948
2016-04-27,NMB,650,670,637,664,53125,34902440
2016-04-28,NMB,664,663,653,657,26453,17405592
2016-05-02,NMB,657,665,650,655,20876,13708500
2016-05-03,NMB,655,667,660,665,61892,41015016
2016-05-04,NMB,665,665,648,659,26420,17368360
2016-05-05,NMB,659,659,640,657,36073,23551612
2016-05-08,NMB,657,669,657,666,25676,17014888
2016-05-09,NMB,666,690,664,687,35896,24440076
2016-05-10,NMB,687,696,667,680,28403,19329810
2016-05-11,NMB,680,685,665,670,24820,16656105
2016-05-12,NMB,670,673,662,670,29942,19997796
2016-05-15,NMB,670,675,652,665,35057,23400994
2016-05-16,NMB,665,667,660,662,22127,14679711
2016-05-17,NMB,662,670,660,667,29614,19696470
2016-05-18,NMB,667,683,670,675,67235,45509712
2016-05-19,NMB,675,690,680,685,38380,26203206
2016-05-22,NMB,685,694,675,685,20791,14263143
2016-05-23,NMB,685,710,680,697,44347,30701424
2016-05-24,NMB,697,719,700,719,69458,49379948
2016-05-25,NMB,719,718,680,697,83949,58673320
2016-05-26,NMB,697,701,671,685,60687,41601084
2016-05-29,NMB,685,695,652,673,39873,26958094
2016-05-30,NMB,673,681,661,665,26227,17562316
2016-05-31,NMB,665,680,652,665,28353,18904620
2016-06-01,NMB,665,670,651,665,25590,16847688
2016-06-02,NMB,665,670,645,660,20452,13457111
2016-06-05,NMB,660,659,632,635,33947,21857244
2016-06-06,NMB,635,672,640,652,33184,21715874
2016-06-07,NMB,652,677,655,675,34887,23383308
2016-06-08,NMB,675,690,677,690,32414,22120806
2016-06-09,NMB,690,690,670,685,30965,21265386
2016-06-12,NMB,685,708,686,702,54711,38259672
2016-06-13,NMB,702,738,700,725,70252,50417116
2016-06-14,NMB,725,735,719,719,52700,38471344
2016-06-15,NMB,719,731,712,725,33720,24379752
2016-06-16,NMB,725,735,715,715,31855,23063744
2016-06-19,NMB,715,734,700,708,33023,23553796
2016-06-20,NMB,708,717,705,711,27121,19256928
2016-06-21,NMB,711,729,709,729,33780,24311852
2016-06-22,NMB,729,757,728,740,73412,53910824
2016-06-23,NMB,740,753,735,739,54489,40355152
2016-06-26,NMB,739,770,745,770,65408,49440384
2016-06-27,NMB,770,814,776,796,73738,58480928
2016-06-28,NMB,796,821,795,820,110316,89275168
2016-06-29,NMB,820,833,810,816,50009,40986936
2016-06-30,NMB,816,811,797,806,26632,21429252
2016-07-03,NMB,806,810,784,800,26050,20717708
2016-07-04,NMB,800,800,789,790,21718,17094640
2016-07-05,NMB,790,795,776,792,28581,22493724
2016-07-06,NMB,792,807,795,801,33550,26880838
2016-07-10,NMB,801,810,797,797,26070,20944192
2016-07-11,NMB,797,798,790,795,11683,9277320
2016-07-12,NMB,795,795,755,780,35722,27883196
2016-07-13,NMB,780,780,755,779,17631,13647914
2016-07-14,NMB,779,794,776,788,49393,38663140
2016-07-17,NMB,788,815,775,808,43879,35186744
2016-07-18,NMB,808,845,813,821,27427,22539968
2016-07-19,NMB,821,851,812,838,29176,24193818
2016-07-20,NMB,838,850,815,822,37917,31434794
2016-07-21,NMB,822,823,810,810,19256,15717572
2016-07-25,NMB,810,860,810,855,76807,64630368
2016-07-26,NMB,855,900,850,890,82065,72742000
2016-07-27,NMB,890,912,880,886,51996,46818056
2016-07-28,NMB,886,902,870,890,90622,80997696
2016-07-31,NMB,890,907,873,879,53303,47063456
2016-08-01,NMB,879,888,860,866,32348,28234382
2016-08-02,NMB,866,870,851,859,37834,32632108
2016-08-03,NMB,859,869,835,854,46959,40056768
2016-08-04,NMB,854,854,822,826,57187,47683684
2016-08-07,NMB,826,860,820,823,81581,68843920
2016-08-08,NMB,823,820,752,752,47205,37450376
2016-08-09,NMB,752,827,767,827,10651,8778116
2016-08-10,NMB,827,893,820,853,71202,60053236
2016-08-11,NMB,853,870,851,855,44946,38649376
2016-08-14,NMB,855,855,826,830,41864,35038008
2016-08-15,NMB,830,836,787,814,39982,32316004
2016-08-16,NMB,814,841,794,830,38558,31352988
2016-08-17,NMB,830,834,821,825,28741,23838282
2016-08-21,NMB,825,830,803,815,17065,13920559
2016-08-22,NMB,815,805,783,790,33657,26631264
2016-08-23,NMB,790,805,775,790,24827,19591966
2016-08-24,NMB,790,810,790,810,14909,11893598
2016-08-28,NMB,810,840,790,835,41915,34210292
2016-08-29,NMB,835,903,835,900,93824,80576352
2016-08-30,NMB,900,918,873,893,64649,57702672
2016-08-31,NMB,893,899,882,892,73032,64985188
2016-09-01,NMB,892,907,885,889,61054,54597288
2016-09-03,NMB,889,922,900,919,84273,76544152
2016-09-05,NMB,919,940,920,927,82839,77206128
2016-09-06,NMB,927,936,900,917,75501,69679264
2016-09-07,NMB,917,920,882,900,45047,40676016
2016-09-08,NMB,900,910,891,891,25664,23055662
2016-09-11,NMB,891,909,881,891,20836,18582636
2016-09-12,NMB,891,885,878,883,22653,19959552
2016-09-14,NMB,883,890,870,875,41950,36748916
2016-09-18,NMB,875,888,860,866,44523,38810564
2016-09-20,NMB,866,895,855,866,48920,42564344
2016-09-21,NMB,866,863,839,855,29639,25106766
2016-09-22,NMB,855,870,838,842,27002,22791896
2016-09-25,NMB,842,850,807,810,26134,21275988
2016-09-26,NMB,810,825,808,817,25579,20928072
2016-09-27,NMB,817,840,820,825,18441,15248413
2016-09-28,NMB,825,827,801,802,18873,15412520
2016-09-29,NMB,802,830,795,820,35999,29105244
2016-10-02,NMB,820,830,800,810,21143,17096986
2016-10-03,NMB,810,822,813,817,18176,14855253
2016-10-04,NMB,817,823,811,820,22434,18366348
2016-10-05,NMB,820,825,813,815,15902,13010102
2016-10-06,NMB,815,825,812,815,16350,13373938
2016-10-16,NMB,815,824,807,813,4316,3502242
2016-10-17,NMB,813,814,800,814,13733,11063212
2016-10-18,NMB,814,810,803,804,9737,7841620
2016-10-19,NMB,804,806,800,804,18981,15256100
2016-10-20,NMB,804,810,793,800,24274,19434990
2016-10-23,NMB,800,807,793,793,14378,11468701
2016-10-24,NMB,793,785,764,774,39888,30849824
2016-10-25,NMB,774,761,722,727,38957,28570992
2016-10-26,NMB,727,735,700,717,26810,19000428
2016-10-27,NMB,717,724,714,718,10563,7586536
2016-11-03,NMB,718,730,704,704,6334,4496946
2016-11-07,NMB,704,719,704,707,16526,11736278
2016-11-08,NMB,707,707,690,698,16574,11533757
2016-11-09,NMB,698,703,670,683,19153,13129545
2016-11-10,NMB,683,696,670,679,28813,19537696
2016-11-13,NMB,679,691,675,687,27774,18938874
2016-11-14,NMB,687,711,690,699,36940,25707316
2016-11-15,NMB,699,710,699,707,29778,20958220
2016-11-16,NMB,707,708,691,700,27167,18947504
2016-11-17,NMB,700,695,675,684,25873,17780874
2016-11-20,NMB,684,690,647,669,25857,17059328
2016-11-21,NMB,669,679,619,675,30478,19888842
2016-11-22,NMB,675,668,625,645,30745,19882770
2016-11-23,NMB,645,645,620,635,17338,11001032
2016-11-24,NMB,635,672,630,645,33917,21620762
2016-11-27,NMB,645,645,613,625,27085,17048296
2016-11-28,NMB,625,667,580,653,27312,16658576
2016-11-29,NMB,653,666,605,665,19614,12698331
2016-11-30,NMB,665,714,667,700,44119,30435374
2016-12-01,NMB,700,715,680,697,26630,18667920
2016-12-04,NMB,697,700,675,678,18143,12390406
2016-12-05,NMB,678,680,652,656,6260,4112968
2016-12-06,NMB,656,678,649,655,13852,9147668
2016-12-07,NMB,655,668,660,665,4768,3162816
2016-12-08,NMB,665,665,660,660,5826,3857670
2016-12-11,NMB,660,665,648,648,8199,5376084
2016-12-12,NMB,648,650,636,640,23867,15367509
2016-12-14,NMB,640,664,641,657,12540,8146725
2016-12-15,NMB,657,673,657,671,7659,5114441
2016-12-18,NMB,671,665,651,660,7297,4803525
2016-12-19,NMB,660,656,649,650,11383,7418887
2016-12-20,NMB,650,650,638,640,11858,7648256
2016-12-21,NMB,640,642,613,620,40645,25470804
2016-12-22,NMB,521,511,500,503,11464,5790616
2016-12-26,NMB,503,500,485,485,7798,3831073
2016-12-27,NMB,485,492,474,481,10556,5072435
2016-12-28,NMB,481,490,475,489,6545,3152401
2016-12-29,NMB,489,504,488,499,8932,4452587
2017-01-01,NMB,499,516,501,513,6252,3191997
2017-01-02,NMB,513,524,505,520,3921,2020120
2017-01-03,NMB,520,515,503,503,4863,2480390
2017-01-04,NMB,503,504,486,500,10629,5266871
2017-01-05,NMB,500,510,499,500,10683,5384040
2017-01-08,NMB,500,500,495,499,7878,3921384
2017-01-09,NMB,499,505,496,503,9804,4908746
2017-01-10,NMB,503,509,500,508,3048,1540725
2017-01-11,NMB,508,517,506,511,5515,2803836
2017-01-12,NMB,511,512,505,510,9711,4944378
2017-01-15,NMB,510,510,500,508,3205,1613361
2017-01-16,NMB,508,510,503,504,1013,515231
2017-01-17,NMB,504,515,493,514,3211,1627051
2017-01-18,NMB,514,509,500,505,7043,3540362
2017-01-19,NMB,505,510,500,500,8493,4266050
2017-01-22,NMB,500,510,500,507,4273,2162265
2017-01-23,NMB,507,502,498,500,3278,1638914
2017-01-24,NMB,500,500,487,487,13207,6499496
2017-01-25,NMB,487,496,470,472,9778,4648761
2017-01-26,NMB,472,484,450,460,15765,7218491
2017-01-30,NMB,460,460,440,448,12136,5397821
2017-01-31,NMB,448,465,428,458,14269,6344698
2017-02-01,NMB,458,484,455,483,16513,7778693
2017-02-02,NMB,483,492,470,483,8359,4018298
2017-02-05,NMB,483,483,466,475,4034,1910948
2017-02-06,NMB,475,476,467,467,9297,4372549
2017-02-07,NMB,467,466,454,465,2049,946526
2017-02-08,NMB,465,470,455,460,7900,3665499
2017-02-09,NMB,460,462,445,447,25538,11499893
2017-02-12,NMB,447,452,427,435,18631,8141605
2017-02-13,NMB,435,454,413,446,15659,6723312
2017-02-14,NMB,446,455,432,450,8912,3968990
2017-02-15,NMB,450,469,442,463,16433,7462476
2017-02-16,NMB,463,484,461,478,20575,9779821
2017-02-19,NMB,478,490,465,484,11530,5524835
2017-02-20,NMB,484,507,473,475,11144,5430096
2017-02-21,NMB,475,492,461,474,14411,6812819
2017-02-22,NMB,474,480,460,472,3579,1665845
2017-02-23,NMB,472,475,465,468,2331,1091879
2017-02-26,NMB,468,460,450,450,5816,2641805
2017-02-28,NMB,450,445,430,445,17909,7821392
2017-03-01,NMB,445,455,443,454,6724,3022511
2017-03-02,NMB,454,469,448,454,5332,2423864
2017-03-05,NMB,454,471,455,471,5575,2566612
2017-03-06,NMB,471,475,461,461,6729,3145151
2017-03-07,NMB,461,460,450,457,14584,6616148
2017-03-09,NMB,457,468,457,461,4004,1850881
2017-03-13,NMB,461,470,455,456,4313,1978736
2017-03-14,NMB,456,461,451,455,7299,3328809
2017-03-15,NMB,455,463,451,460,5816,2665706
2017-03-16,NMB,460,464,457,458,4035,1856386
2017-03-19,NMB,458,468,460,463,16399,7586390
2017-03-20,NMB,463,490,463,473,18743,8957562
2017-03-21,NMB,473,495,471,491,15047,7269276
2017-03-22,NMB,491,527,490,505,29378,15033306
2017-03-23,NMB,505,518,500,511,9340,4751257
2017-03-26,NMB,511,551,510,539,23518,12425983
2017-03-28,NMB,539,582,547,576,23850,13395531
2017-03-29,NMB,576,602,568,578,32073,18639832
2017-03-30,NMB,578,578,560,568,17496,9958606
2017-04-02,NMB,568,620,575,620,17493,10340015
2017-04-03,NMB,620,669,596,596,24220,15391782
2017-04-04,NMB,596,620,589,594,31520,18966460
2017-04-06,NMB,594,605,590,592,17687,10527919
2017-04-09,NMB,592,625,602,620,26423,16239312
2017-04-10,NMB,620,669,620,667,50634,32627052
2017-04-11,NMB,667,678,651,660,41284,27392142
2017-04-12,NMB,660,670,645,650,23128,15318481
2017-04-13,NMB,650,659,637,643,14226,9181465
2017-04-16,NMB,643,648,610,620,21841,13695786
2017-04-18,NMB,620,625,593,605,27003,16389035
2017-04-19,NMB,605,631,610,631,23771,14714633
2017-04-20,NMB,631,640,622,627,27136,17107432
2017-04-23,NMB,627,655,630,647,57086,36378572
2017-04-24,NMB,647,648,630,636,18589,11876291
2017-04-25,NMB,636,641,625,627,17996,11341637
2017-04-26,NMB,627,630,620,620,14642,9132155
2017-04-27,NMB,620,631,604,607,13313,8199501
2017-04-30,NMB,607,615,594,607,16513,9977179
2017-05-02,NMB,607,620,600,620,24704,15045665
2017-05-03,NMB,620,632,610,620,17563,10855673
2017-05-04,NMB,620,629,610,616,14331,8835833
2017-05-07,NMB,616,609,594,599,12595,7586730
2017-05-08,NMB,599,612,600,607,7535,4555691
2017-05-09,NMB,607,616,604,607,6175,3748293
2017-05-11,NMB,607,610,600,604,18997,11434927
2017-05-15,NMB,604,623,603,604,10839,6653495
2017-05-16,NMB,604,610,600,605,4410,2656789
2017-05-17,NMB,605,606,595,595,7893,4728228
2017-05-18,NMB,595,596,580,590,31431,18367196
2017-05-21,NMB,590,591,576,576,6693,3909860
2017-05-22,NMB,576,590,570,590,7271,4197230
2017-05-23,NMB,590,600,579,590,3791,2247137
2017-05-24,NMB,590,590,575,585,10297,5995562
2017-05-28,NMB,585,585,572,576,8354,4802274
2017-05-30,NMB,576,585,565,565,7093,4064980
2017-05-31,NMB,565,569,550,560,29005,16218161
2017-06-01,NMB,560,566,558,558,20334,11432244
2017-06-04,NMB,558,560,550,554,12660,6997079
2017-06-05,NMB,554,563,552,558,9387,5242465
2017-06-06,NMB,558,595,565,594,34088,19804622
2017-06-07,NMB,594,608,583,583,18015,10728176
2017-06-08,NMB,583,582,573,576,6317,3645739
2017-06-11,NMB,576,587,565,567,36850,21182844
2017-06-12,NMB,567,571,556,566,14492,8176382
2017-06-13,NMB,566,572,562,568,5572,3159412
2017-06-14,NMB,568,569,560,565,8700,4925094
2017-06-15,NMB,565,574,554,563,10662,6016114
2017-06-18,NMB,563,565,551,551,7603,4222972
2017-06-19,NMB,551,549,543,543,13637,7440596
2017-06-20,NMB,543,550,540,545,6017,3287494
2017-06-21,NMB,545,546,530,543,8777,4767101
2017-06-22,NMB,543,545,541,543,9977,5422516
2017-06-25,NMB,543,550,543,547,5224,2854527
2017-06-27,NMB,547,547,540,544,9724,5275918
2017-06-28,NMB,544,549,538,540,6559,3556439
2017-07-02,NMB,540,540,530,530,8005,4254012
2017-07-03,NMB,530,537,530,531,9042,4818026
2017-07-04,NMB,531,532,526,526,5806,3074254
2017-07-05,NMB,526,532,520,532,6232,3276685
2017-07-06,NMB,532,549,538,543,15255,8254677
2017-07-09,NMB,543,564,528,555,14587,8050481
2017-07-10,NMB,555,560,526,536,8157,4475085
2017-07-11,NMB,536,554,540,552,10846,5966265
2017-07-12,NMB,552,552,546,550,5741,3092056
2017-07-13,NMB,550,555,540,545,11036,6008611
2017-07-16,NMB,545,545,540,545,6607,3576007
2017-07-17,NMB,545,553,540,551,8427,4622090
2017-07-18,NMB,551,578,558,578,12104,6857708
2017-07-19,NMB,578,580,565,565,18836,10722583
2017-07-20,NMB,565,564,556,559,6683,3751876
2017-07-23,NMB,559,566,546,552,13420,7467407
2017-07-24,NMB,552,552,537,550,19509,10621449
2017-07-25,NMB,550,555,543,543,10604,5812233
2017-07-26,NMB,543,544,538,541,17041,9210839
2017-07-27,NMB,541,559,544,553,19026,10466660
2017-07-30,NMB,553,560,545,552,6616,3651638
2017-07-31,NMB,552,565,550,554,15503,8627655
2017-08-01,NMB,554,559,552,554,6343,3515028
2017-08-02,NMB,554,557,550,555,3839,2123108
2017-08-03,NMB,555,557,553,556,9984,5542829
2017-08-06,NMB,556,557,550,552,8858,4888909
2017-08-07,NMB,552,560,551,552,9131,5046700
2017-08-09,NMB,552,553,546,548,5811,3189685
2017-08-10,NMB,548,548,540,544,9234,5014581
2017-08-13,NMB,544,542,534,538,14171,7591832
2017-08-15,NMB,538,541,532,533,5525,2950969
2017-08-16,NMB,533,543,526,531,6203,3319865
2017-08-17,NMB,531,534,529,531,6015,3200925
2017-08-20,NMB,531,531,523,525,5409,2843835
2017-08-21,NMB,525,528,520,523,3251,1700840
2017-08-22,NMB,523,535,514,526,4098,2148296
2017-08-23,NMB,526,528,516,521,4859,2540863
2017-08-24,NMB,521,522,511,522,5456,2831930
2017-08-27,NMB,522,540,523,523,5300,2804022
2017-08-28,NMB,523,524,514,517,7136,3695003
2017-08-30,NMB,517,513,505,506,10529,5366790
2017-08-31,NMB,506,508,498,500,11312,5664929
2017-09-04,NMB,500,500,478,478,15259,7373332
2017-09-06,NMB,478,491,483,488,10724,5223978
2017-09-07,NMB,488,492,484,485,7211,3514222
2017-09-10,NMB,485,480,470,470,16947,8046715
2017-09-11,NMB,470,483,461,470,5991,2827194
2017-09-12,NMB,470,477,467,472,9233,4330303
2017-09-13,NMB,472,472,450,464,8205,3770292
2017-09-14,NMB,464,477,464,477,5839,2741616
2017-09-17,NMB,477,486,475,480,8061,3863332
2017-09-18,NMB,480,487,478,487,3075,1486811
2017-09-20,NMB,487,487,475,482,5776,2792812
2017-09-24,NMB,482,483,480,480,1390,667546
2017-09-25,NMB,480,488,475,488,3199,1534706
2017-09-26,NMB,488,494,482,494,3008,1462292
2017-10-03,NMB,494,494,494,494,169,83486
2017-10-04,NMB,494,497,481,481,3611,1772718
2017-10-08,NMB,481,472,455,470,4675,2154085
2017-10-09,NMB,470,475,460,465,11468,5309969
2017-10-10,NMB,465,470,460,470,3155,1461633
2017-10-11,NMB,470,474,465,467,4347,2034208
2017-10-12,NMB,467,471,463,470,7788,3636314
2017-10-15,NMB,470,479,465,476,14124,6718129
2017-10-16,NMB,476,494,480,494,4979,2423396
2017-10-17,NMB,494,505,485,485,7491,3700369
2017-10-18,NMB,485,495,480,490,4213,2048972
2017-10-22,NMB,490,495,490,492,2355,1158436
2017-10-23,NMB,492,488,480,488,5706,2761926
2017-10-24,NMB,488,491,483,487,3723,1813709
2017-10-25,NMB,487,487,484,485,2121,1028153
2017-10-29,NMB,485,486,480,485,14379,6970747
2017-10-30,NMB,485,488,478,484,3162,1525917
2017-10-31,NMB,484,482,478,480,6232,2987969
2017-11-01,NMB,480,479,475,478,6165,2937573
2017-11-02,NMB,478,490,479,485,7590,3684119
2017-11-05,NMB,485,482,470,473,11638,5537827
2017-11-06,NMB,473,480,466,474,7939,3770029
2017-11-07,NMB,474,477,470,471,8477,4018099
2017-11-08,NMB,471,473,453,464,8499,3936311
2017-11-09,NMB,464,470,463,468,4745,2209388
2017-11-12,NMB,468,471,466,471,7484,3508986
2017-11-13,NMB,471,480,473,474,9283,4414203
2017-11-14,NMB,474,487,474,479,6223,2971629
2017-11-15,NMB,479,490,478,483,6895,3322661
2017-11-16,NMB,483,480,472,480,12019,5690872
2017-11-19,NMB,480,480,453,470,12507,5861837
2017-11-20,NMB,470,470,465,465,6428,3000043
2017-11-21,NMB,465,474,466,466,1744,822572
2017-11-22,NMB,466,470,465,466,2932,1368324
2017-11-23,NMB,466,475,470,472,4785,2256448
2017-11-26,NMB,472,484,472,480,4437,2126965
2017-11-27,NMB,480,489,479,479,4879,2351654
2017-11-28,NMB,479,487,479,485,18281,8832051
2017-11-29,NMB,485,491,487,487,9059,4436097
2017-11-30,NMB,487,490,480,490,7639,3717573
2017-12-04,NMB,490,491,486,490,22202,10847617
2017-12-05,NMB,490,487,483,484,7749,3761290
2017-12-06,NMB,484,493,488,491,10114,4969887
2017-12-10,NMB,491,494,490,491,12108,5947221
2017-12-11,NMB,491,490,488,489,3268,1600986
2017-12-12,NMB,489,490,481,481,7084,3438785
2017-12-13,NMB,481,482,476,480,3566,1706600
2017-12-14,NMB,480,486,479,480,3252,1559318
2017-12-17,NMB,480,480,475,477,6141,2926571
2017-12-18,NMB,477,477,468,469,8158,3853805
2017-12-19,NMB,469,475,472,474,3723,1763380
2017-12-20,NMB,474,472,468,470,5311,2494826
2017-12-21,NMB,470,472,468,469,3477,1633819
2017-12-24,NMB,469,473,468,468,6357,2993283
2017-12-26,NMB,468,469,460,465,6883,3200466
2017-12-27,NMB,465,465,454,456,4897,2237766
2017-12-28,NMB,456,461,455,460,6172,2821391
2017-12-31,NMB,460,459,445,453,12451,5633058
2018-01-01,NMB,453,464,450,464,20444,9333555
2018-01-02,NMB,464,472,460,465,10550,4895782
2018-01-03,NMB,465,460,455,458,10244,4689261
2018-01-04,NMB,458,460,454,456,2741,1248720
2018-01-07,NMB,456,458,447,452,5604,2545594
2018-01-08,NMB,452,460,452,458,1992,906592
2018-01-09,NMB,458,464,457,464,7457,3432907
2018-01-10,NMB,464,465,460,460,3277,1510225
2018-01-14,NMB,460,460,456,457,1751,801501
2018-01-16,NMB,457,455,451,454,6698,3028096
2018-01-17,NMB,454,453,447,450,4694,2111977
2018-01-21,NMB,450,454,443,443,15918,7099645
2018-01-22,NMB,443,450,440,450,15413,6892366
2018-01-23,NMB,450,450,440,446,6593,2914502
2018-01-24,NMB,446,450,444,447,6249,2782716
2018-01-25,NMB,447,449,433,447,10116,4507307
2018-01-28,NMB,447,465,447,463,28166,12921370
2018-01-29,NMB,463,470,461,464,18395,8549845
2018-01-31,NMB,464,474,465,474,19377,9062345
2018-02-01,NMB,474,479,466,472,19718,9359582
2018-02-04,NMB,472,477,473,476,33882,16099425
2018-02-05,NMB,476,480,470,474,23034,10885484
2018-02-06,NMB,474,471,466,466,8936,4191790
2018-02-07,NMB,466,467,462,463,4212,1956240
2018-02-08,NMB,463,470,465,468,2790,1302641
2018-02-11,NMB,468,474,466,468,3093,1449534
2018-02-12,NMB,468,470,460,460,14560,6777230
2018-02-14,NMB,460,467,459,466,13269,6140347
2018-02-15,NMB,466,492,462,481,32657,15261813
2018-02-18,NMB,490,490,475,475,17687,8486619
2018-02-20,NMB,483,484,465,465,24369,11421445
2018-02-21,NMB,461,465,460,465,4777,2207011
2018-02-22,NMB,470,470,462,462,8172,3804058
2018-02-25,NMB,460,463,458,460,7549,3477722
2018-02-26,NMB,460,463,453,453,7378,3358226
2018-02-27,NMB,453,464,453,460,6705,3079272
2018-02-28,NMB,456,459,451,455,14739,6689349
2018-03-04,NMB,450,450,424,440,10971,4808324
2018-03-05,NMB,445,450,430,435,15661,6820856
2018-03-06,NMB,435,438,420,432,32814,14085011
2018-03-07,NMB,439,441,435,441,14773,6466064
2018-03-11,NMB,440,440,432,433,7761,3370907
2018-03-12,NMB,433,438,431,436,7224,3144158
2018-03-13,NMB,436,439,431,439,5894,2563461
2018-03-14,NMB,438,439,431,439,8840,3845577
2018-03-15,NMB,435,441,435,440,3363,1477343
2018-03-18,NMB,440,441,433,436,10435,4542043
2018-03-19,NMB,436,439,433,433,5900,2560301
2018-03-20,NMB,433,433,420,424,7288,3097613
2018-03-21,NMB,420,425,416,420,7025,2947732
2018-03-22,NMB,413,420,410,412,18850,7787493
2018-03-26,NMB,406,406,393,395,17197,6826750
2018-03-27,NMB,391,410,384,410,12758,5091215
2018-03-28,NMB,410,423,402,420,12649,5264774
2018-03-29,NMB,418,430,418,421,7500,3168006
2018-04-01,NMB,421,421,410,414,4613,1907048
2018-04-02,NMB,414,420,413,413,3514,1456555
2018-04-03,NMB,410,418,410,416,2804,1165880
2018-04-04,NMB,416,426,416,425,5028,2120672
2018-04-05,NMB,433,444,426,441,11937,5193583
2018-04-08,NMB,441,455,438,453,13817,6194865
2018-04-09,NMB,462,462,448,448,6869,3112492
2018-04-10,NMB,440,450,440,446,6729,2994617
2018-04-11,NMB,438,444,431,435,17387,7578851
2018-04-12,NMB,440,445,438,445,13223,5831878
2018-04-15,NMB,440,445,434,440,4663,2035689
2018-04-16,NMB,440,446,439,444,5964,2640295
2018-04-17,NMB,451,461,445,456,9962,4532864
2018-04-18,NMB,453,479,450,457,16845,7736729
2018-04-19,NMB,456,480,456,479,31030,14539450
2018-04-22,NMB,482,490,476,486,35631,17251306
2018-04-23,NMB,495,502,477,478,35071,17160648
2018-04-24,NMB,476,485,474,479,13367,6421016
2018-04-25,NMB,475,479,470,472,13223,6262317
2018-04-26,NMB,481,481,466,473,14450,6833740
2018-04-29,NMB,475,475,465,466,4650,2175340
2018-05-02,NMB,467,469,452,469,6375,2964749
2018-05-03,NMB,477,477,469,470,9608,4516473
2018-05-06,NMB,476,476,466,466,4645,2175949
2018-05-07,NMB,465,468,460,463,18538,8583558
2018-05-08,NMB,469,469,462,469,11667,5413690
2018-05-09,NMB,465,470,460,463,35837,16600362
2018-05-10,NMB,462,466,462,463,25579,11874662
2018-05-14,NMB,460,462,458,460,11526,5305645
2018-05-15,NMB,460,461,460,461,2935,1350630
2018-05-16,NMB,464,464,459,460,10975,5048465
2018-05-17,NMB,460,465,458,465,13794,6331901
2018-05-20,NMB,471,471,458,465,17259,7942291
2018-05-21,NMB,460,461,458,460,4432,2036162
2018-05-22,NMB,455,460,451,458,2770,1268698
2018-05-23,NMB,456,456,453,455,10050,4573700
2018-05-24,NMB,452,453,450,450,7374,3324383
2018-05-27,NMB,445,445,437,437,9758,4276246
2018-05-28,NMB,430,452,430,444,12893,5684770
2018-05-29,NMB,436,436,413,419,71425,30208458
2018-05-30,NMB,412,420,411,414,25450,10535714
2018-05-31,NMB,414,415,405,405,13468,5511090
2018-06-03,NMB,397,413,390,397,14422,5786974
2018-06-04,NMB,395,401,395,395,14887,5911265
2018-06-06,NMB,395,410,395,395,5153,2054057
2018-06-07,NMB,392,392,380,380,18666,7181137
2018-06-10,NMB,375,375,366,370,28282,10436554
2018-06-11,NMB,369,378,363,371,14404,5339330
2018-06-12,NMB,370,371,366,367,5902,2173425
2018-06-13,NMB,365,371,362,368,14440,5319437
2018-06-14,NMB,370,382,368,372,28450,10573599
2018-06-17,NMB,365,365,355,355,54367,19498440
2018-06-18,NMB,350,353,349,351,31970,11187293
2018-06-19,NMB,357,357,349,350,20717,7254096
2018-06-20,NMB,352,366,351,351,12642,4466685
2018-06-21,NMB,358,358,345,349,12027,4219594
2018-06-24,NMB,355,355,349,349,8269,2896783
2018-06-25,NMB,349,349,344,348,7154,2468135
2018-06-26,NMB,349,349,342,346,8852,3054092
2018-06-27,NMB,345,347,342,346,3093,1067196
2018-06-28,NMB,347,347,344,346,8967,3088379
2018-07-01,NMB,345,347,342,342,8686,2995463
2018-07-02,NMB,339,345,339,340,1603,545107
2018-07-03,NMB,342,343,338,339,10252,3495438
2018-07-04,NMB,339,344,338,344,6609,2254334
2018-07-05,NMB,344,354,341,352,13376,4631304
2018-07-08,NMB,355,360,349,349,5432,1911776
2018-07-09,NMB,345,346,341,343,5778,1983924
2018-07-10,NMB,342,349,342,345,3010,1035773
2018-07-11,NMB,351,358,351,354,14091,5007849
2018-07-12,NMB,360,361,352,354,15943,5638163
2018-07-15,NMB,350,354,350,351,8501,2989518
2018-07-16,NMB,353,364,353,358,10405,3720548
2018-07-17,NMB,360,360,353,355,11362,4030034
2018-07-18,NMB,355,358,354,358,10586,3780758
2018-07-19,NMB,356,360,355,358,7413,2658251
2018-07-22,NMB,355,356,353,354,4968,1760506
2018-07-23,NMB,353,357,352,354,8746,3098052
2018-07-24,NMB,354,362,353,355,16560,5931154
2018-07-25,NMB,357,357,354,354,7583,2694846
2018-07-26,NMB,354,359,354,354,14723,5246730
2018-07-29,NMB,360,362,356,361,23014,8254823
2018-07-30,NMB,360,368,360,364,29197,10572369
2018-07-31,NMB,371,371,364,364,21554,7878844
2018-08-01,NMB,367,369,365,365,78789,28899826
2018-08-02,NMB,323,328,316,318,7604,2420094
2018-08-05,NMB,317,318,316,317,5941,1881800
2018-08-06,NMB,317,317,314,315,6278,1981819
2018-08-07,NMB,315,316,313,316,9910,3118515
2018-08-08,NMB,315,319,314,316,15347,4840317
2018-08-09,NMB,318,320,311,313,9044,2839147
2018-08-12,NMB,318,318,307,307,8808,2712834
2018-08-13,NMB,305,313,305,311,7615,2355029
2018-08-14,NMB,314,320,311,320,12295,3878180
2018-08-15,NMB,324,326,318,323,28492,9158620
2018-08-16,NMB,329,335,320,332,51341,16791704
2018-08-19,NMB,328,331,325,328,11354,3723491
2018-08-20,NMB,332,332,323,325,14521,4717542
2018-08-21,NMB,322,325,322,323,9433,3050968
2018-08-22,NMB,319,319,315,318,16189,5133516
2018-08-23,NMB,312,313,303,310,161413,49533812
2018-08-26,NMB,308,310,306,308,25943,7999391
2018-08-28,NMB,308,312,303,312,46421,14271286
2018-08-29,NMB,318,318,308,311,28137,8728159
2018-08-30,NMB,315,316,310,316,31183,9751029
2018-09-02,NMB,317,326,315,324,65508,20946920
2018-09-03,NMB,328,329,322,325,76056,24764136
2018-09-04,NMB,325,331,323,325,78790,25780660
2018-09-05,NMB,325,337,325,333,135629,45112432
2018-09-06,NMB,338,342,332,336,308143,103444152
2018-09-09,NMB,333,339,331,334,62496,20923108
2018-09-10,NMB,335,335,330,331,29571,9800915
2018-09-11,NMB,332,335,331,334,47395,15811814
2018-09-12,NMB,335,340,333,338,89009,30023704
2018-09-13,NMB,338,359,337,352,172322,59987648
2018-09-16,NMB,356,372,352,360,203588,73810592
2018-09-17,NMB,365,365,355,357,172901,62176528
2018-09-18,NMB,357,360,355,358,69287,24753340
2018-09-20,NMB,360,363,356,361,106780,38312304
2018-09-23,NMB,362,372,358,368,107016,38967092
2018-09-25,NMB,368,380,368,377,126992,47650336
2018-09-26,NMB,377,377,367,373,162596,60696020
2018-09-27,NMB,377,377,369,370,57983,21487464
2018-09-30,NMB,366,371,363,364,72493,26511890
2018-10-01,NMB,361,364,355,356,78213,28099094
2018-10-02,NMB,354,360,353,357,46909,16700041
2018-10-03,NMB,355,358,349,350,74537,26267936
2018-10-04,NMB,350,354,345,350,91385,31913712
2018-10-07,NMB,347,350,345,345,58212,20185828
2018-10-08,NMB,346,352,346,350,25561,8915765
2018-10-09,NMB,350,354,346,348,34322,11987799
2018-10-10,NMB,347,350,347,348,12623,4395331
2018-10-11,NMB,348,356,348,356,39258,13836938
2018-10-14,NMB,363,364,358,362,68134,24555536
2018-10-15,NMB,364,365,359,360,61656,22351976
2018-10-21,NMB,359,366,359,363,28624,10410120
2018-10-22,NMB,365,365,361,362,10989,3987527
2018-10-23,NMB,362,363,359,362,16420,5928784
2018-10-24,NMB,362,362,359,360,22081,7956217
2018-10-25,NMB,359,363,355,355,21059,7535425
2018-10-28,NMB,355,361,351,352,28925,10239263
2018-10-29,NMB,352,352,347,349,23255,8105158
2018-10-30,NMB,346,353,346,353,23401,8206743
2018-10-31,NMB,354,354,351,353,13920,4898875
2018-11-01,NMB,353,354,350,351,24500,8614033
2018-11-04,NMB,349,350,344,347,19436,6747677
2018-11-05,NMB,347,353,347,351,17500,6157250
2018-11-06,NMB,351,356,347,354,3741,1323123
2018-11-11,NMB,354,354,349,349,5503,1928827
2018-11-12,NMB,348,350,345,346,6971,2418546
2018-11-13,NMB,344,351,344,349,11755,4101990
2018-11-14,NMB,349,350,347,349,16276,5677203
2018-11-15,NMB,349,352,345,345,17565,6108748
2018-11-18,NMB,343,345,342,343,9826,3376422
2018-11-19,NMB,343,345,341,344,8350,2866398
2018-11-20,NMB,343,345,341,342,18053,6200651
2018-11-21,NMB,340,344,337,344,52506,17852280
2018-11-22,NMB,347,362,347,356,219694,78576360
2018-11-25,NMB,355,360,355,356,102174,36537896
2018-11-26,NMB,357,358,355,357,63797,22765370
2018-11-27,NMB,360,360,357,358,54285,19434004
2018-11-28,NMB,358,360,357,360,58465,20993212
2018-11-29,NMB,360,363,359,360,74131,26745732
2018-12-02,NMB,361,361,355,357,96983,34609348
2018-12-03,NMB,355,362,355,358,39922,14291098
2018-12-04,NMB,357,360,357,359,59267,21255572
2018-12-05,NMB,359,359,351,351,67092,23758234
2018-12-06,NMB,348,357,347,356,126543,44637964
2018-12-09,NMB,356,359,355,359,41526,14863636
2018-12-10,NMB,360,363,359,363,52419,18988920
2018-12-11,NMB,363,368,360,363,69343,25260144
2018-12-12,NMB,363,365,362,363,42441,15414693
2018-12-13,NMB,363,372,363,370,45063,16568635
2018-12-16,NMB,377,377,371,374,49299,18389652
2018-12-17,NMB,375,384,374,375,81010,30773340
2018-12-18,NMB,385,391,375,378,114723,43660016
2018-12-19,NMB,374,383,374,380,93014,35270060
2018-12-20,NMB,381,388,379,381,148662,56753436
2018-12-23,NMB,388,395,385,392,185289,71984496
2018-12-24,NMB,398,398,385,387,255737,99558920
2018-12-25,NMB,365,365,335,336,68089,23110104
2018-12-26,NMB,337,347,335,343,56139,19178372
2018-12-27,NMB,345,345,335,337,47419,16088195
2018-12-30,NMB,337,339,333,335,24462,8184123
2018-12-31,NMB,332,335,329,329,41159,13644235
2019-01-01,NMB,328,332,325,325,21531,7039287
2019-01-02,NMB,323,329,320,320,31098,9982843
2019-01-03,NMB,323,325,321,323,19534,6310975
2019-01-06,NMB,324,324,318,319,13603,4345590
2019-01-07,NMB,315,325,315,324,15486,4986555
2019-01-08,NMB,328,329,324,326,20069,6528402
2019-01-09,NMB,330,330,326,326,10488,3431475
2019-01-10,NMB,326,328,325,325,19545,6372928
2019-01-13,NMB,321,326,321,326,13010,4217355
2019-01-14,NMB,326,326,322,325,16856,5461244
2019-01-15,NMB,329,329,325,325,8855,2898640
2019-01-16,NMB,325,328,322,323,15916,5166418
2019-01-17,NMB,323,324,321,324,8437,2724312
2019-01-20,NMB,321,323,320,321,3310,1064505
2019-01-21,NMB,321,323,318,319,19465,6228355
2019-01-22,NMB,319,323,317,317,28442,9062828
2019-01-23,NMB,318,320,318,320,14725,4695167
2019-01-24,NMB,322,322,317,319,19202,6137403
2019-01-27,NMB,323,323,315,316,32446,10272044
2019-01-28,NMB,320,320,316,317,26798,8477954
2019-01-29,NMB,316,318,315,316,12095,3825075
2019-01-30,NMB,316,317,315,317,12242,3875329
2019-01-31,NMB,317,318,316,317,9956,3157109
2019-02-03,NMB,316,319,315,316,42639,13485227
2019-02-04,NMB,315,318,314,316,19122,6028647
2019-02-05,NMB,314,317,312,315,26733,8434334
2019-02-06,NMB,315,317,312,312,20208,6343191
2019-02-07,NMB,312,315,312,313,16558,5197766
2019-02-10,NMB,312,314,310,310,22620,7049837
2019-02-11,NMB,308,314,307,311,26558,8252639
2019-02-12,NMB,313,313,310,311,15882,4931704
2019-02-13,NMB,312,317,309,311,17557,5481991
2019-02-14,NMB,310,311,307,308,30824,9480102
2019-02-17,NMB,309,311,306,309,23812,7326226
2019-02-18,NMB,309,309,304,306,34435,10563087
2019-02-19,NMB,308,309,305,309,12380,3800233
2019-02-20,NMB,310,310,305,305,19783,6052757
2019-02-21,NMB,308,308,301,301,21119,6422750
2019-02-24,NMB,301,307,300,302,23498,7092195
2019-02-25,NMB,302,306,300,302,22112,6685844
2019-02-26,NMB,302,305,302,304,19594,5956166
2019-02-27,NMB,303,307,302,303,33696,10229368
2019-03-03,NMB,302,307,302,307,31553,9603243
2019-03-05,NMB,307,307,303,306,25718,7864053
2019-03-06,NMB,306,308,304,306,37701,11546131
2019-03-07,NMB,308,315,307,315,18431,5729608
2019-03-10,NMB,317,320,311,318,15296,4811440
2019-03-11,NMB,320,322,316,322,30794,9839441
2019-03-12,NMB,323,327,320,325,39242,12731960
2019-03-13,NMB,328,330,319,324,44594,14494255
2019-03-14,NMB,321,326,319,325,27872,8998977
2019-03-17,NMB,325,328,325,326,28877,9420348
2019-03-18,NMB,325,329,323,325,29983,9799513
2019-03-19,NMB,325,330,322,322,7431,2414089
2019-03-21,NMB,322,325,321,321,12394,3994013
2019-03-24,NMB,317,324,317,318,24543,7848845
2019-03-25,NMB,321,325,317,322,13920,4483894
2019-03-26,NMB,319,327,319,325,29747,9644794
2019-03-27,NMB,325,326,323,325,29980,9737627
2019-03-28,NMB,324,327,324,327,26581,8646525
2019-03-31,NMB,327,330,326,328,16376,5356491
2019-04-01,NMB,323,332,323,331,49552,16359410
2019-04-02,NMB,333,339,332,335,80947,27159192
2019-04-03,NMB,336,340,331,338,63376,21420896
2019-04-04,NMB,337,339,334,336,37453,12600385
2019-04-07,NMB,337,352,335,349,96825,33174930
2019-04-08,NMB,353,364,346,357,152538,54201656
2019-04-09,NMB,364,364,351,351,95391,33851336
2019-04-10,NMB,351,357,347,355,72189,25281172
2019-04-11,NMB,355,358,352,356,86342,30708584
2019-04-15,NMB,356,362,356,362,45727,16428148
2019-04-16,NMB,360,377,360,377,185038,68919520
2019-04-17,NMB,377,390,373,389,189582,72615152
2019-04-18,NMB,389,390,384,385,93648,36132168
2019-04-21,NMB,385,390,379,388,96067,36966236
2019-04-22,NMB,388,389,377,382,92343,35433688
2019-04-23,NMB,383,386,378,380,76009,29060266
2019-04-24,NMB,380,391,380,390,102457,39599256
2019-04-25,NMB,390,400,390,396,134958,53415696
2019-04-28,NMB,394,398,389,389,135953,53290232
2019-04-29,NMB,383,391,383,386,76279,29603282
2019-04-30,NMB,386,390,380,386,42185,16221194
2019-05-02,NMB,381,386,379,383,42074,16095915
2019-05-05,NMB,385,385,375,376,56175,21217418
2019-05-06,NMB,382,386,374,386,81644,31094556
2019-05-07,NMB,385,391,385,387,68794,26669640
2019-05-08,NMB,383,386,382,383,28675,10991099
2019-05-09,NMB,384,385,376,380,98484,37627164
2019-05-12,NMB,375,382,375,381,22299,8475307
2019-05-13,NMB,378,381,378,381,21419,8139023
2019-05-14,NMB,381,388,380,388,76797,29516928
2019-05-15,NMB,388,392,385,387,81993,31889296
2019-05-16,NMB,385,385,380,382,48836,18672588
2019-11-07,NMB,345,350,333,347,328151,112643272
2019-11-10,NMB,353,360,347,356,162209,57431720
2019-11-11,NMB,363,390,363,383,367157,139210192
2019-11-12,NMB,388,388,378,380,169096,64558900
2019-11-13,NMB,380,380,376,378,82679,31298596
2019-11-14,NMB,378,381,376,380,113239,42968036
2019-11-17,NMB,383,386,381,385,84288,32352436
2019-11-18,NMB,386,387,381.6,386,95670,36881620
2019-11-19,NMB,386,387,384,384,83147,32048052
2019-11-20,NMB,385,390,385,386,91627,35499956
2019-11-21,NMB,385,386,381,382,112465,43067656
2019-11-24,NMB,385,385,378,378,55696,21159400
2019-11-25,NMB,378,381,375,379,54533,20628812
2019-11-26,NMB,379,382,378,380,35062,13308061
2019-11-27,NMB,380,384,379,383,72063,27519392
2019-11-28,NMB,385,385,383,383,41618,15976703
2019-12-01,NMB,385,385,383,385,45092,17325748
2019-12-02,NMB,385,385,383,385,50456,19396452
2019-12-03,NMB,388,388,384,385,49590,19069072
2019-12-04,NMB,386,387,385,387,44700,17250400
2019-12-05,NMB,387,388,386,388,57511,22248520
2019-12-08,NMB,388,389,385,388,41612,16100775
2019-12-09,NMB,388,390,386,388,49463,19201900
2019-12-10,NMB,388,392,372,391,99238,38555648
2019-12-11,NMB,386,397,385,395,69169,27236640
2019-12-12,NMB,397,399,395,397,96469,38255444
2019-12-15,NMB,397,407,397,403,158040,63715952
2019-12-16,NMB,404,405,400,400,113564,45660820
2019-12-17,NMB,403,403,397,401,86445,34628644
2019-12-18,NMB,401,403,399,400,122451,49023236
2019-12-19,NMB,400,402,400,402,307226,123193272
2019-12-22,NMB,332,332,322,326,102132,33366462
2019-12-23,NMB,325,327,324,327,98291,31976184
2019-12-24,NMB,328,330,325,325,56332,18440352
2019-12-25,NMB,330,330,323,324,30314,9864852
2019-12-26,NMB,329,329,323,325,41536,13457767
2019-12-29,NMB,325,325,322,323,17853,5771963
2019-12-30,NMB,321,324,321,324,78507,25410370
2019-12-31,NMB,324,324,322,324,32462,10494389
2020-01-01,NMB,323,324,322,323,23763,7675941
2020-01-02,NMB,324,324,322,323,27521,8895531
2020-01-05,NMB,323,329,322,329,54331,17715160
2020-01-06,NMB,332,336,330,334,68334,22767880
2020-01-07,NMB,336,341,334,340,79407,26874956
2020-01-08,NMB,342,346,335,337,57283,19488664
2020-01-09,NMB,335,340,334,335,28036,9439133
2020-01-12,NMB,337,368,337,361,75020,25889482
2020-01-13,NMB,364,371,356,362,116507,42330368
2020-01-14,NMB,363,363,354,359,50061,18022824
2020-01-15,NMB,360,372,359,367,87561,31882820
2020-01-16,NMB,374,381,373,375,91468,34496708
2020-01-19,NMB,379,381,376,376,82278,31172754
2020-01-20,NMB,381,383,366,368,101949,38005732
2020-01-21,NMB,369,373,365,368,55039,20291824
2020-01-22,NMB,369,369,362,362,49584,18096844
2020-01-23,NMB,361,364,352,355,53615,19110470
2020-01-26,NMB,353,358,350,350,40888,14406724
2020-01-27,NMB,348,360,346,357,55255,19514768
2020-01-28,NMB,363,364,358,360,55136,19929660
2020-01-29,NMB,360,361,355,358,37059,13269304
2020-01-30,NMB,358,367,354,366,59668,21560260
2020-02-02,NMB,366,374,366,370,85366,31718844
2020-02-03,NMB,377,377,370,370,79966,29808504
2020-02-04,NMB,370,374,366,366,42203,15575013
2020-02-05,NMB,367,368,364,367,29230,10696681
2020-02-06,NMB,366,369,365,366,26157,9611294
2020-02-09,NMB,373,373,365,368,63312,23303414
2020-02-10,NMB,370,373,369,372,51686,19122340
2020-02-11,NMB,376,380,372,380,92952,35109368
2020-02-12,NMB,380,388,380,384,113683,43716700
2020-02-13,NMB,386,386,380,380,72585,27743524
2020-02-16,NMB,383,383,377,380,46674,17722156
2020-02-17,NMB,384,400,384,399,192370,75587376
2020-02-18,NMB,403,415,403,410,234055,95916072
2020-02-19,NMB,412,417,407,409,61581,25213600
2020-02-20,NMB,411,415,408,413,76737,31481312
2020-02-23,NMB,413,454,413,454,284029,125621768
2020-02-24,NMB,466,499,465,474,424714,204334080
2020-02-25,NMB,471,487,462,477,196613,93509664
2020-02-26,NMB,482,495,480,484,148457,72196432
2020-02-27,NMB,484,504,466,498,318594,157061232
2020-03-01,NMB,505,517,490,498,529912,266374192
2020-03-02,NMB,499,501,463,463,184765,89523616
2020-03-03,NMB,454,494,445,479,531054,251414048
2020-03-04,NMB,479,481,460,460,297065,138937120
2020-03-05,NMB,453,470,451,460,275113,126592024
2020-03-10,NMB,451,454,419,423,154625,67964488
2020-03-11,NMB,430,451,420,448,276505,122184152
2020-03-12,NMB,449,455,432,437,213976,94165264
2020-03-15,NMB,430,431,409,414,252241,105661800
2020-03-16,NMB,414,420,400,408,235808,96691784
2020-03-17,NMB,408,409,383,388,235439,92473368
2020-03-18,NMB,394,397,373,385,155135,59096312
2020-03-19,NMB,378,398,366,386,186484,71857296
2020-03-22,NMB,384,393,375,377,51747,19686264
2020-05-12,NMB,370,370,366,366,160,58600
2020-05-13,NMB,359,359,356,356,110,39190
2020-06-29,NMB,349,349,321,345,68746,22770584
2020-06-30,NMB,340,372,340,365,17394,6343697
2020-07-01,NMB,372,401,372,399,44805,17661942
2020-07-02,NMB,406,426,365,365,51529,19690136
2020-07-05,NMB,365,378,355,369,111039,41164972
2020-07-06,NMB,372,381,366,381,69440,26024034
2020-07-07,NMB,385,399,384,392,129940,50923160
2020-07-08,NMB,397,398,380,389,115813,44418936
2020-07-09,NMB,388,389,380,385,72260,27760608
2020-07-12,NMB,387,395,380,383,65612,25280336
2020-07-13,NMB,383,390,380,382,94276,36187800
2020-07-14,NMB,385,389,379,387,179009,68688176
2020-07-15,NMB,394,401,389,397,217337,86063256
2020-07-16,NMB,404,415,404,413,201806,82757504
2020-07-19,NMB,433,454,433,454,6361,2851274
2020-07-20,NMB,470,499,430,443,441191,201499520
2020-07-21,NMB,446,451,432,437,316083,139752832
2020-07-22,NMB,445,447,426,429,187887,81373344
2020-07-23,NMB,431,435,423,431,147191,63222068
2020-07-26,NMB,431,445,427,439,152742,66735144
2020-07-27,NMB,442,449,435,438,132399,58417792
2020-07-28,NMB,444,444,433,437,146800,64191456
2020-07-29,NMB,435,435,428,430,131183,56518692
2020-07-30,NMB,428,434,422,430,107799,46157872
2020-08-02,NMB,425,432,413,415,200556,84172864
2020-08-03,NMB,410,425,407,419,109441,45579348
2020-08-05,NMB,419,420,407,410,175316,71906816
2020-08-06,NMB,410,412,400,409,88592,36010256
2020-08-09,NMB,406,412,400,411,78628,32050682
2020-08-10,NMB,412,432,411,429,184024,77938776
2020-08-11,NMB,433,437,422,427,106033,45564776
2020-08-12,NMB,432,432,423,428,42064,17910228
2020-08-13,NMB,424,427,417,417,97693,41129195
2020-08-16,NMB,405,415,402,410,151362,62194154
2020-08-17,NMB,412,414,408,411,92115,37800581
2020-08-18,NMB,415,418,410,413,56122,23197661
2020-08-19,NMB,410,413,403,409,64888,26562564
2020-08-20,NMB,408,414,405,410,30416,12505152
2020-08-23,NMB,410,413,409,413,45095,18490827
2020-08-24,NMB,416,423,415,421,129693,54364202
2020-08-25,NMB,437,437,419,421,89663,37830566
2020-08-26,NMB,442,442,420,433,185649,79681503
2020-08-27,NMB,440,440,426,426,161170,69553515
2020-08-30,NMB,425,428,420,424,65622,27858352
2020-08-31,NMB,424,433,424,428,230120,98622049
2020-09-02,NMB,434,437,429,435,186415,80786688
2020-09-03,NMB,435,437,428,432,102243,44244298
2020-09-06,NMB,450,450,425,427,142996,61762791
2020-09-07,NMB,429,429,419,419,93941,39545010
2020-09-08,NMB,421,423,415,420,100359,42001547
2020-09-09,NMB,412,421,412,420,121594,50961500
2020-09-10,NMB,417,426,416,421,77534,32598391
2020-09-13,NMB,422,423,417,422,81927,34368792
2020-09-14,NMB,424,431,422,424,158797,67404896
2020-09-15,NMB,428,429,419,421,89839,37937598
2020-09-16,NMB,427,427,412,419,44561,18682736
2020-09-17,NMB,437,437,419,425,177572,75318831
2020-09-20,NMB,430,432,424,426,102521,43746066
2020-09-21,NMB,426,427,419,422,112661,47623465
2020-09-22,NMB,420,422,412,416,178294,74200249
2020-09-23,NMB,416,418,413,417,74417,30912973
2020-09-24,NMB,415,417,414,417,83439,34682947
2020-09-27,NMB,418,421,413,419,120737,50240177
2020-09-28,NMB,419,420,414,415,59279,24707666
2020-09-29,NMB,418,418,413,414,41491,17206361
2020-09-30,NMB,414,415,412,415,116461,48126518
2020-10-01,NMB,435,435,412,416,89254,37200566
2020-10-04,NMB,430,430,417,417,86015,36050490
2020-10-05,NMB,417,424,413,415,140499,58436931
2020-10-06,NMB,435,435,411,415,162936,67415975
2020-10-07,NMB,416,417,412,417,110503,45794025
2020-10-08,NMB,415,420,413,414,93780,38918311
2020-10-11,NMB,412,415,410,411,128177,52662493
2020-10-12,NMB,417,417,408,412,81820,33540192
2020-10-13,NMB,411,412,408,409,90290,37025510
2020-10-14,NMB,412,412,408,410,56646,23166764
2020-10-15,NMB,414,417,408,408,37831,15509225
2020-10-18,NMB,410,410,405,408,43817,17807225
2020-10-19,NMB,406,409,405,408,41725,17008334
2020-10-20,NMB,408,411,408,410,40447,16557797
2020-10-21,NMB,415,423,414,418,98551,41014871
2020-10-22,NMB,421,424,419,421,116378,49100170
2020-10-28,NMB,430,432,424,432,179025,76913162
2020-10-29,NMB,440,440,431,433,284334,123675339
2020-11-01,NMB,441,441,425,426,110211,47034586
2020-11-02,NMB,426,426,420,423,129530,54654918
2020-11-03,NMB,424,424,420,422,82561,34878865
2020-11-04,NMB,430,430,419,421,54797,23033967
2020-11-05,NMB,421,424,420,421,59701,25132344
2020-11-08,NMB,420,424,418,419,86825,36544055
2020-11-09,NMB,399,422,399,415,125672,52286894
2020-11-10,NMB,413,420,412,417,175699,72896796
2020-11-11,NMB,419,431,419,426,188385,80010478
2020-11-12,NMB,430,434,427,428,248456,106883090
2020-11-18,NMB,436,436,425,427,124249,53298985
2020-11-19,NMB,427,432,426,430,167844,71866509
2020-11-22,NMB,451,451,426,436,266471,116240812
2020-11-23,NMB,437,438,429,432,119303,51634868
2020-11-24,NMB,437,437,430,430,163542,70677959
2020-11-25,NMB,445,445,434,438,231704,101430413
2020-11-26,NMB,445,450,439,444,311506,138461437
2020-11-29,NMB,450,484,448,479,460172,215263989
2020-11-30,NMB,488,505,459,464,472431,225441086
2020-12-01,NMB,464,470,450,456,237708,108425564
2020-12-02,NMB,459,471,448,461,197191,90367762
2020-12-03,NMB,470,485,460,467,256063,119499057
2020-12-06,NMB,467,474,442,445,207676,94913605
2020-12-07,NMB,426,459,426,450,185378,82913133
2020-12-08,NMB,459,464,447,451,140780,63783319
2020-12-09,NMB,473,473,442,443,117324,52151395
2020-12-10,NMB,465,465,438,442,107388,47422026
2020-12-13,NMB,464,464,445,454,246575,110699847
2020-12-14,NMB,454,469,453,456,115113,52541546
2020-12-15,NMB,460,462,452,454,115112,52477832
2020-12-16,NMB,452,462,449,457,141784,64556832
2020-12-17,NMB,479,479,450,452,145867,66199339
2020-12-20,NMB,452,452,433,435,271243,119314860
2020-12-21,NMB,427,442,411,433,255964,109127169
2020-12-22,NMB,440,441,427,436,282250,123156164
2020-12-23,NMB,442,450,431,433,167601,72996483
2020-12-24,NMB,439,439,427,428,110812,47598003
2020-12-27,NMB,432,433,424,426,172515,73765514
2020-12-28,NMB,429,429,420,423,70074,29688035
2020-12-29,NMB,428,429,421,422,127605,54052641
2020-12-30,NMB,428,430,420,427,213444,90972864
2020-12-31,NMB,390,391,379,388,218544,84460167
2021-01-03,NMB,392,412,392,407,330742,132276230
2021-01-04,NMB,415,422,406,411,243148,100357915
2021-01-05,NMB,408,416,401,409,181295,74608054
2021-01-06,NMB,413,417,407,409,162719,66932721
2021-01-07,NMB,411,416,408,408,226348,93255300
2021-01-10,NMB,412,424,412,423,318095,133407703
2021-01-11,NMB,423,450,423,437,427211,186904071
2021-01-12,NMB,444,445,431,437,180534,78956177
2021-01-13,NMB,443,446,439,444,284054,125901358
2021-01-17,NMB,440,451,440,446,271617,121279881
2021-01-18,NMB,448,449,438,439,197747,87147625
2021-01-19,NMB,441,445,433,436,169492,74160748
2021-01-20,NMB,457,457,431,437,186008,81172804
2021-01-21,NMB,437,443,434,435,193265,84627308
2021-01-24,NMB,437,442,430,433,260333,112883737
2021-01-25,NMB,454,454,427,431,248911,107222835
2021-01-26,NMB,433,435,423,426,227451,97142016
2021-01-27,NMB,430,430,423,425,155397,66276920
2021-01-28,NMB,430,438,423,425,265321,113659242
2021-01-31,NMB,425,432,419,421,197295,83533365
2021-02-01,NMB,429,434,417,426,106287,44984188
2021-02-02,NMB,430,436,427,434,191450,82485931
2021-02-03,NMB,438,445,430,432,228356,99528906
2021-02-04,NMB,411,438,411,428,143800,61744345
2021-02-07,NMB,407,440,407,427,173363,74227338
2021-02-08,NMB,406,445,406,442,367537,160670534
2021-02-09,NMB,450,453,439,440,264381,117396434
2021-02-10,NMB,442,447,435,443,282311,125009834
2021-02-11,NMB,440,449,440,441,239598,106604608
2021-02-14,NMB,425,450,425,440,195794,86692493
2021-02-15,NMB,445,452,443,450,260034,116020514
2021-02-16,NMB,450,481,450,469,527060,247027721
2021-02-17,NMB,475,484,471,474,319668,152065320
2021-02-18,NMB,485,485,473,474,258073,123103896
2021-02-21,NMB,480,480,466,473,271841,128418158
2021-02-22,NMB,473,474,455,457,260937,119914050
2021-02-23,NMB,479,479,441,450,283469,126603034
2021-02-24,NMB,455,469,450,456,204434,94083030
2021-02-25,NMB,475,475,444,446,167029,74717543
2021-02-28,NMB,440,444,428,430,243519,105781106
2021-03-01,NMB,450,450,422,435,162226,70297566
2021-03-02,NMB,437,440,421,423,188354,80346528
2021-03-03,NMB,425,426,416,421,157553,66061731
2021-03-04,NMB,422,432,420,429,120249,51393385
2021-03-07,NMB,436,436,424,426,104756,44833142
2021-03-09,NMB,425,427,422,425,90773,38475779
2021-03-10,NMB,425,425,419,421,102913,43398965
2021-03-14,NMB,426,426,410,412,192454,79741719
2021-03-15,NMB,400,418,400,410,117920,48572320
2021-03-16,NMB,410,414,406,409,144694,59219885
2021-03-17,NMB,414,415,408,412,77720,31994265
2021-03-18,NMB,416,420,413,415,103683,43119240
2021-03-21,NMB,416,428,416,428,211184,89085898
2021-03-22,NMB,430,430,422,423,126669,53679836
2021-03-23,NMB,420,424,417,422,91811,38481332
2021-03-24,NMB,430,430,420,427,128160,54273275
2021-03-25,NMB,430,430,420,421,104590,44125081
2021-03-29,NMB,421,428,417,422,108675,45587504
2021-03-30,NMB,423,425,419,421,89740,37764219
2021-03-31,NMB,421,431,420,428,150069,64078003
2021-04-01,NMB,432,432,425,426,109706,46785739
2021-04-04,NMB,405,435,405,427,124196,53203849
2021-04-05,NMB,430,432,423,425,96013,40815629
2021-04-06,NMB,425,427,421,424,81414,34497945
2021-04-07,NMB,445,445,422,425,136765,58318244
2021-04-08,NMB,426,430,423,424,112006,47677687
2021-04-12,NMB,421,433,421,431,167216,71651354
2021-04-13,NMB,432,439,428,437,164812,71185019
2021-04-15,NMB,441,447,437,440,238956,105588488
2021-04-18,NMB,444,445,431,432,171867,74795566
2021-04-19,NMB,432,432,423,424,138455,58968007
2021-04-20,NMB,431,431,422,426,118952,50513905
2021-04-21,NMB,428,430,420,421,101360,42902830
2021-04-22,NMB,442,442,417,421,102241,42971051
2021-04-25,NMB,421,425,411,413,207673,85958939
2021-04-26,NMB,410,414,402,403,164932,67084498
2021-04-27,NMB,423,423,402,411,133908,54890247
2021-04-28,NMB,425,425,410,412,117707,48762243
2021-04-29,NMB,414,418,412,414,69138,28685483
2021-05-02,NMB,395,423,395,421,122228,51307777
2021-05-03,NMB,442,442,415,417,92854,38862237
2021-05-04,NMB,421,421,413,416,63482,26377197
2021-05-05,NMB,436,436,411,414,61603,25494357
2021-05-06,NMB,415,417,410,412,102514,42268313
2021-05-09,NMB,413,417,410,413,125202,51831875
2021-05-10,NMB,413,416,410,414,56168,23266230
2021-05-11,NMB,417,419,416,418,63188,26334352
2021-05-12,NMB,420,420,415,416,59730,24855872
2021-05-13,NMB,420,420,415,415,89463,37223677
2021-05-16,NMB,420,424,416,423,167954,70502131
2021-05-17,NMB,430,430,421,425,150610,64015238
2021-05-18,NMB,430,430,423,425,151670,64412605
2021-05-19,NMB,429,433,425,427,211175,90618985
2021-05-20,NMB,430,434,428,429,100987,43412258
2021-05-23,NMB,429,436,417,436,208985,89974690
2021-05-24,NMB,438,451,433,437,342503,150674499
2021-05-25,NMB,440,440,431,431,144849,62922292
2021-05-27,NMB,426,434,422,430,166463,71434416
2021-05-30,NMB,430,441,430,438,242012,105627844
2021-05-31,NMB,441,444,433,434,195829,85803243
2021-06-01,NMB,436,437,428,430,145225,62602014
2021-06-02,NMB,433,433,429,432,129625,55864956
2021-06-03,NMB,435,449,431,442,457880,201942356
2021-06-06,NMB,450,472,450,461,640308,295722892
2021-06-07,NMB,461,470,447,452,476187,216423356
2021-06-08,NMB,460,460,448,456,285798,129736898
2021-06-09,NMB,465,465,450,452,213775,96979338
2021-06-10,NMB,455,455,446,447,224442,100692552
2021-06-13,NMB,450,452,444,448,278933,124560260
2021-06-14,NMB,452,469,450,458,441744,202409195
2021-06-15,NMB,464,468,457,458,274450,126397991
2021-06-16,NMB,450,466,450,456,204408,93777793
2021-06-17,NMB,457,460,451,451,176663,80133361
2021-06-20,NMB,455,455,438,441,241771,107773115
2021-06-21,NMB,445,451,434,434,226120,98956724
2021-06-22,NMB,434,445,432,445,152975,67489154
2021-06-23,NMB,445,450,436,437,128900,56725466
2021-06-24,NMB,416,445,416,436,138120,60268734
2021-06-27,NMB,437,446,435,443,168912,74634708
2021-06-28,NMB,450,451,443,445,140799,62866292
2021-06-29,NMB,423,447,423,440,90235,39762872
2021-06-30,NMB,440,441,435,441,85430,37320574
2021-07-01,NMB,441,447,438,439,79717,35110373
2021-07-04,NMB,444,444,436,437,64672,28353249
2021-07-05,NMB,437,440,432,436,72802,31685412
2021-07-06,NMB,434,437,433,436,55218,24067657
2021-07-07,NMB,440,440,435,435,65430,28531099
2021-07-08,NMB,435,442,434,436,117018,50957994
2021-07-11,NMB,444,445,436,445,165440,72979901
2021-07-12,NMB,448,451,439,441,141553,62731765
2021-07-13,NMB,450,450,436,443,71742,31647703
2021-07-14,NMB,445,445,440,442,66406,29291848
2021-07-15,NMB,442,444,435,440,147573,64931969
2021-07-18,NMB,446,469,444,463,356221,162812799.7
2021-07-19,NMB,472,490,468,479,575062,276339649.8
2021-07-20,NMB,488,488,473,480,219942,105354247
2021-07-22,NMB,482,495,478,492,397006,193765825.4
2021-07-25,NMB,498,513,498,510.8,499345,253314148.8
2021-07-26,NMB,517,517,495.9,499,388580,194705457.3
2021-07-27,NMB,490,497,472,495.5,372228,182401938.5
2021-07-28,NMB,496,503,487.3,490,164021,80710384
2021-07-29,NMB,490,493,485.5,485.5,131486,64188038
2021-08-01,NMB,485,494.7,485,487.8,116366,56627941.7
2021-08-02,NMB,487.8,490,484,484,112338,54603250.4
2021-08-03,NMB,488,488,477.3,481,175589,84323542.4
2021-08-04,NMB,483,487.9,480,481.9,108354,52212064.2
2021-08-05,NMB,485,485,479,481,133529,64279982.2
2021-08-08,NMB,485,485,480,481,134664,64896330.4
2021-08-09,NMB,484,484,477,477.5,124556,59629257
2021-08-10,NMB,475,495.1,475,488,228883,110974463.3
2021-08-11,NMB,495,500,482,484.1,197219,96306374.7
2021-08-12,NMB,481,490,481,485.1,181474,87992439
2021-08-15,NMB,494,494,480,483.5,309794,150368684.8
2021-08-16,NMB,490,490,478,479,159892,76792262.1
2021-08-17,NMB,482,482,470,473,170349,80496845.5
2021-08-18,NMB,475,482,465,474.9,176978,83373217.9
2021-08-19,NMB,475,480,468,468,170403,80134791.5
2021-08-24,NMB,470,475,460.2,462,111029,51533709.6
2021-08-25,NMB,463,463,455,456,111112,50866736.8
2021-08-26,NMB,458,461,448.4,453,187783,84904943.9
2021-08-29,NMB,455,460,446,449,195353,87966002.9
2021-08-31,NMB,449,449,440,444,143720,63769364.3
2021-09-01,NMB,448,452,439.1,446.5,112030,50060116.4
2021-09-02,NMB,449.9,451,439,441,130405,57590413.9
2021-09-05,NMB,441,441,422.1,428,172437,74058329.3
2021-09-06,NMB,428,448,425,448,121636,53371997.8
2021-09-07,NMB,452,452,438,440,77053,34027909.2
2021-09-08,NMB,440,441,425,430.9,132390,56966293.4
2021-09-09,NMB,438.1,439,427,432,84672,36468638.8
2021-09-12,NMB,440,441,428,432,102331,44254164.9
2021-09-13,NMB,432,440,432,438,77215,33722585.5
2021-09-14,NMB,440,445,432.9,433.5,78115,34003087.5
2021-09-15,NMB,433,433,428,430,62318,26828644.2
2021-09-16,NMB,430,430,420.1,421.3,142013,59948404.5
2021-09-20,NMB,425,428,410,410.3,141745,58597355.3
2021-09-21,NMB,408,428,395,411,111562,45522876.6
2021-09-22,NMB,419,425,417,424,78257,32920459.5
2021-09-23,NMB,432.4,449,432,434.2,187872,82452221.8
2021-09-26,NMB,442,450,430,432,117308,51118877.9
2021-09-27,NMB,432,432,416.1,418,90612,38068865.9
2021-09-28,NMB,419,420,407,409,88646,36459211.1
2021-09-29,NMB,415,418,400,416,88535,36115830.3
2021-09-30,NMB,416,418,409,409,57577,23727372.4
2021-10-03,NMB,415,415,399,402,77945,31420048.8
2021-10-04,NMB,405,408.9,395,400,81606,32706619.9
2021-10-05,NMB,407,410,402.6,405,37896,15356293.7
2021-10-06,NMB,412,412,405,409,71209,29010697.3
2021-10-10,NMB,410,419.4,409,409.9,53200,21979558
2021-10-11,NMB,410,410,401,410,45430,18366885.8
2021-10-17,NMB,410,412,403,410,25763,10515677.9
2021-10-18,NMB,406.1,408,399,401,53068,21322540.3
2021-10-19,NMB,405,405,388,390,82549,32260386.4
2021-10-20,NMB,397,405,395,397,46384,18438199.8
2021-10-21,NMB,400,400,390,390,56513,22181942.2
2021-10-24,NMB,385.1,395,385.1,394.5,40832,16051039.8
2021-10-25,NMB,400,404,399,404,51482,20664642.7
2021-10-26,NMB,408.5,416.9,408,416.8,68914,28519424
2021-10-27,NMB,412,420,411,415,76003,31535045.9
2021-10-28,NMB,414,415,411,413,37540,15512156.8
2021-10-31,NMB,421,427,413.6,414,176901,73660017.8
2021-11-01,NMB,422.2,422.2,411.6,414.8,133800,55809888.5
2021-11-02,NMB,415,418,414.7,415,60246,25062043.8
2021-11-03,NMB,417,418,413,416.1,78596,32648367.3
2021-11-08,NMB,420,424.4,412.5,414,46299,19236918.9
2021-11-09,NMB,413,414,404,404.1,77287,31502138.1
2021-11-11,NMB,405,405,393,399,58943,23521701.4
2021-11-14,NMB,398,399,392,394.5,46955,18543431
2021-11-15,NMB,395,400,394,394.8,51694,20515631.1
2021-11-16,NMB,398.8,399,395,399,68996,27374896.8
2021-11-17,NMB,404.9,405,396,398.5,47947,19150013.8
2021-11-18,NMB,399,400,393.8,394,49610,19659771.1
2021-11-21,NMB,394,397,393,393,24380,9607137.8
2021-11-22,NMB,395,397,390,391.5,38405,15047383.8
2021-11-23,NMB,394,394,388.7,389.7,40645,15863646.8
2021-11-24,NMB,394.9,395,383.1,387,38419,14882756.9
2021-11-25,NMB,386,392,386,388,49647,19251490.9
2021-11-28,NMB,388,388,377.4,379,78205,29816727.5
2021-11-29,NMB,379,383,373.4,374,71430,26910681.1
2021-11-30,NMB,374.1,381,370.1,376,106155,39801677.5
2021-12-01,NMB,376,379,374,374,65797,24745137.7
2021-12-02,NMB,381.4,383,375,377.4,87242,33040616.5
2021-12-05,NMB,378,383.8,365.1,369,94079,34891000.6
2021-12-06,NMB,370,373,357,370,98163,35831339.9
2021-12-07,NMB,370,377.9,370,372,59150,22148362.5
2021-12-08,NMB,371,373.9,365,365.5,51458,18968102.3
2021-12-09,NMB,363,368,362.2,367,39811,14524833
2021-12-12,NMB,370,370,360,362,48455,17603621.5
2021-12-13,NMB,361,363,346.5,352,109886,38646939.4
2021-12-14,NMB,359,370.7,356,369.7,48816,17741097.6
2021-12-15,NMB,370.9,377,365,369,81540,30227599.9
2021-12-16,NMB,369,369,362,367.8,45412,16616153.4
2021-12-20,NMB,375.1,375.1,364.5,368,103629,38102504.7
2021-12-21,NMB,373,380,371,378.4,172280,64825214.4
2021-12-22,NMB,333,343,330,340,76814,26070241.4
2021-12-23,NMB,340,342,335,337.1,39561,13379593.4
2021-12-26,NMB,341,341,335,337,89358,30139844.8
2021-12-27,NMB,340,340.9,331,332,62944,21114756.6
2021-12-28,NMB,332,332,326,328,50081,16441063
2021-12-29,NMB,334,334,326.5,329,49340,16185208.9
2022-01-02,NMB,330,332,326,329.5,55759,18378241.5
2022-01-03,NMB,335,338,329,335,61935,20685566.4
2022-01-04,NMB,330.1,359,330.1,358,122527,42437676.4
2022-01-05,NMB,360,363,348.1,349,61584,21868463.6
2022-01-06,NMB,349,354,345.5,352,71121,24894084.5
2022-01-09,NMB,355.5,365,354,364,138572,49751965.7
2022-01-10,NMB,371.2,371.2,358,358.5,89810,32449203.6
2022-01-11,NMB,362,362,355,359,81984,29399781.3
2022-01-12,NMB,359,361,353,353.1,80396,28686740.9
2022-01-13,NMB,352,357,352,353.4,57431,20361770.7
2022-01-16,NMB,360,367,356.5,362,98299,35477045.1
2022-01-17,NMB,369,370,361,365.1,61957,22649882.6
2022-01-18,NMB,367,387.6,363,377.9,134459,50157754.7
2022-01-19,NMB,373.5,378,367.4,370,82644,30688774.2
2022-01-20,NMB,367,372,366.5,369,39556,14576159.1
2022-01-23,NMB,371,371,359,362,72095,26199979.4
2022-01-24,NMB,360,361,347,349,76337,26843788.8
2022-01-25,NMB,355.9,355.9,345,350,54720,19046754.9
2022-01-26,NMB,345,349,342,343.1,44525,15324667.2
2022-01-27,NMB,345,349,339,340.1,37922,12977412.9
2022-01-30,NMB,346.9,360,346.9,352,45647,15994786.8
2022-01-31,NMB,352,355,346.5,347,28505,9948886.7
2022-02-01,NMB,347,349,343,347.5,46912,16201146.9
2022-02-03,NMB,353,354,345,347,55570,19362552.5
2022-02-06,NMB,345,350,340,342,52586,18108772.1
2022-02-07,NMB,341,344,338.3,340.7,50996,17357453.3
2022-02-08,NMB,347,355.5,339,340,62268,21429264.7
2022-02-09,NMB,340,342,337,338,36942,12501455.6
2022-02-10,NMB,339,339,334.5,335,46342,15565077.7
2022-02-13,NMB,330,334,324,324.4,98866,32360561.1
2022-02-14,NMB,328,330.9,321,324,90724,29390866.1
2022-02-15,NMB,325.1,328,322.5,327,62430,20236588.6
2022-02-16,NMB,327,328.5,325,326,39665,12929656.5
2022-02-17,NMB,327,330,326,326.5,19827,6495030.7
2022-02-20,NMB,324,326,319,322.8,40760,13129720.5
2022-02-21,NMB,323,326,320,325,43544,14101549.9
2022-02-22,NMB,325,330,322.5,325.2,34205,11139766.5
2022-02-23,NMB,327,327,323,324,32142,10420826.6
2022-02-24,NMB,322,322.1,316,317.1,75064,23936781.7
2022-02-27,NMB,320,320,314,314.5,34905,11022802.6
2022-02-28,NMB,320.7,324,313,313.8,41040,12932209.1
2022-03-02,NMB,310,315,308,309.1,52893,16377648.2
2022-03-06,NMB,312,315,308.7,309.1,44259,13724024.1
2022-03-07,NMB,309,315,309,309,22309,6929458
2022-03-09,NMB,312,313.7,305,307,48000,14752268.2
2022-03-10,NMB,307,311,305,310.9,19182,5919855.4
2022-03-13,NMB,317,325,310,322.8,42573,13560358.1
2022-03-14,NMB,323,326.9,316.5,316.5,20253,6515761.5
2022-03-15,NMB,317,320,315.3,317.9,28534,9041709.6
2022-03-16,NMB,318.1,318.7,315.1,316,20388,6444984.8
2022-03-20,NMB,315.5,316,310,314.5,21991,6876541.3
2022-03-21,NMB,315,318,309.1,316,50637,15860833.3
2022-03-22,NMB,317,320,315.7,316.1,38548,12213245.8
2022-03-23,NMB,317,317.1,311,314.9,37611,11780433.7
2022-03-24,NMB,310,315,310,312,32775,10260897.2
2022-03-27,NMB,315,315,308,309.2,66245,20505484.5
2022-03-28,NMB,309,311,305,307.9,45565,13980594.56
2022-03-29,NMB,309,310,302.3,304.9,40283,12260795.9
2022-03-30,NMB,305,306,300,304,45545,13801059.5
2022-03-31,NMB,310,310,303,304,29850,9077005.5
2022-04-03,NMB,306,306,300,303.5,32112,9704287
2022-04-04,NMB,303,307,301,306,49325,14971642.1
2022-04-05,NMB,306,306,298,301,72788,21800644.8
2022-04-06,NMB,300,300,295,297,50955,15123358.3
2022-04-07,NMB,302,302.9,294.1,297,79585,23624378.9
2022-04-11,NMB,301,305,294,295,42419,12592761.8
2022-04-12,NMB,295,298,290,291,36014,10503377.2
2022-04-13,NMB,291,294.9,290,293,28247,8250419.1
2022-04-17,NMB,297,300,292,294,35265,10385309.1
2022-04-18,NMB,290,294,290,293.5,28035,8196187.3
2022-04-19,NMB,295,299,286,293,32995,9606414.3
2022-04-20,NMB,293,297,290.3,292.9,30230,8875271.6
2022-04-21,NMB,296,297,287,289,37519,10844871.8
2022-04-24,NMB,293.9,301,290.5,299.9,35293,10457617.8
2022-04-25,NMB,304.9,305,296,296,25030,7498889.3
2022-04-26,NMB,295,300,293,297,27948,8272659.4
2022-04-27,NMB,297,298,294,294.2,19611,5792118.7
2022-04-28,NMB,295,295,292,293,25873,7578511.7
2022-05-02,NMB,293,294,289,291,27499,7972402
2022-05-04,NMB,287,290.9,285.2,286,26156,7507900.2
2022-05-05,NMB,290,290,281,281.5,33439,9459638.3
2022-05-08,NMB,281.9,283,277,279,33057,9248472.3
2022-05-09,NMB,284,290,281.4,285,31437,9000101.3
2022-05-10,NMB,287,294.5,285,290.9,26916,7806191.9
2022-05-11,NMB,296,296.5,292,294.6,18753,5508679.8
2022-05-12,NMB,298,300,293,296.9,32610,9645923.1
2022-05-17,NMB,298,299,287,288,18997,5495800.9
2022-05-18,NMB,287,290,283,288.4,16563,4745651.3
2022-05-19,NMB,290,290,286,288,18632,5355583.2
2022-05-20,NMB,286,288,283,283.1,20893,5935525.2
2022-05-23,NMB,286,286,280,280,22294,6261801.3
2022-05-24,NMB,280,285,280,282,22025,6212284.1
2022-05-25,NMB,285,286,281,282.8,18363,5195269.1
2022-05-26,NMB,285,285,281,284.9,23601,6683926.9
2022-05-27,NMB,287,287,282.5,285.9,32991,9379346.5
2022-05-30,NMB,289.9,289.9,278,279,28175,7895089.4
2022-05-31,NMB,280,282,271,272,31231,8532926.2
2022-06-01,NMB,275,278,270,273,17677,4825607.7
2022-06-02,NMB,273.1,276,270,271.3,17865,4859589
2022-06-03,NMB,269.5,273,266,269,26798,7186698.8
2022-06-06,NMB,270.1,273,260,264,37197,9832388.2
2022-06-07,NMB,264,264,258.1,258.1,35120,9126899.9
2022-06-08,NMB,260,269,260,267.4,32014,8447620.1
2022-06-09,NMB,272.5,275.2,269,270.8,42161,11432930.3
2022-06-10,NMB,274.9,274.9,262,268,31416,8449735.8
2022-06-13,NMB,268,268,263,264.5,25913,6833699.1
2022-06-14,NMB,263,266,260.5,262.2,21077,5535026
2022-06-15,NMB,258,260,255,256.7,49181,12633172.1
2022-06-16,NMB,253,264,251.6,264,39007,10120161.1
2022-06-17,NMB,264,272,264,267,34708,9254855
2022-06-19,NMB,265.2,270,262,262.9,31938,8415427
2022-06-20,NMB,267,268,254.3,256,43981,11267218.6
2022-06-21,NMB,253,262.1,252,258,31684,8091091
2022-06-22,NMB,260,260,252.9,255,35992,9185699.6
2022-06-23,NMB,250,255,248,250,60116,15057374
2022-06-24,NMB,250,251,240,249.9,38218,9334957.9
2022-06-26,NMB,250.1,260,250.1,257.2,41691,10656773.7
2022-06-27,NMB,262,262,253,255,22906,5851669.9
2022-06-28,NMB,250,255,249,254,27958,7036408.3
2022-06-29,NMB,251,256,251,256,26210,6665680
2022-06-30,NMB,255,262.1,255,262,39723,10299748
2022-07-01,NMB,265.1,266,259.1,260,18894,4944266.8
2022-07-03,NMB,260,260,255.1,260,45552,11768046.6
2022-07-04,NMB,261.5,267.5,258.1,258.4,71547,18884983.1
2022-07-05,NMB,257,261,255,258,93016,24044653.7
2022-07-06,NMB,260,260,255,257.1,78518,20138181.1
2022-07-07,NMB,262.2,263,256,257,83273,21517655.4
2022-07-08,NMB,254,256.9,254,256,58995,15083343.5
2022-07-11,NMB,254,254,245,247,46135,11408822
2022-07-12,NMB,247,251.8,245,249.3,86608,21530293.1
2022-07-13,NMB,248,258,247.1,258,77928,19637779.7
2022-07-14,NMB,262,263,256,258,22474,5801460.8
2022-07-15,NMB,261.9,262,258,261,23894,6213645.2
2022-07-17,NMB,263,264.7,260.4,263,18810,4931492.7
2022-07-18,NMB,268,268,260,265.9,15538,4111559.1
2022-07-19,NMB,270,270,265,267.9,14780,3955360
2022-07-20,NMB,267,268.1,265,266.4,14994,3988628.8
2022-07-21,NMB,266,272,264,265.1,29627,7952040.1
2022-07-22,NMB,263.1,264,257.1,258.6,15718,4077342.8
2022-07-24,NMB,263,264,259,262,17733,4632713.3
2022-07-25,NMB,267.2,270,262.4,265,30012,7960841.3
2022-07-26,NMB,266,267,260,260.1,24462,6408160.3
2022-07-27,NMB,264,264,257.2,258,24772,6414714.7
2022-07-28,NMB,261,261,256,258,52551,13596235.2
2022-07-29,NMB,263,263,255,258,15734,4043684.9
2022-07-31,NMB,263,267.7,257,266.9,54953,14429103.1
2022-08-01,NMB,270,277,267.1,272,54534,14833410.7
2022-08-02,NMB,270,275,266.1,269,24149,6507498.1
2022-08-03,NMB,273.2,273.2,266,269.9,39081,10521682.7
2022-08-04,NMB,274,275,265,268.9,70344,18934832.9
2022-08-05,NMB,265,268,260,260.6,39936,10504711
2022-08-07,NMB,255.4,264.9,255.4,260,31446,8198420.7
2022-08-08,NMB,264,264,259,261,39890,10416713
2022-08-09,NMB,260,260,255,256,36926,9461905.1
2022-08-10,NMB,256,257,250,255.1,27734,7050811.9
2022-08-11,NMB,255,259,251,254.2,25733,6513256.1
2022-08-14,NMB,252,257,249.5,250.9,34444,8665755.3
2022-08-15,NMB,251,254,250,253,17395,4379230.3
2022-08-16,NMB,253,263.1,252,254,24975,6381412.9
2022-08-17,NMB,254,258.9,251.5,253,28085,7130286
2022-08-18,NMB,253,255,251.4,252,48355,12235974.4
2022-08-21,NMB,257,259,252,252,29978,7605887.7
2022-08-22,NMB,257,257,252,254,18178,4611063.5
2022-08-23,NMB,254,256.8,253.4,254.7,22013,5614573.1
2022-08-24,NMB,256,257.8,254,255,21891,5589186.7
2022-08-25,NMB,253.3,257.8,253.1,254,17766,4511570.3
2022-08-26,NMB,250.9,253,250,252,18641,4670873
2022-08-28,NMB,249,251,246,249,25195,6257774.3
2022-08-29,NMB,249,250,245.1,248.8,28587,7103968.1
2022-08-30,NMB,250,251,247,248,10174,2528647.7
2022-08-31,NMB,248,249,245.1,247.9,15427,3812741.5
2022-09-01,NMB,244,247.9,243,246.9,23454,5747464.1
2022-09-02,NMB,248,248,243.7,244,9339,2283760.2
2022-09-04,NMB,248,248,243.1,246,26064,6388134.2
2022-09-05,NMB,244,248,244,247,12747,3136793.8
2022-09-06,NMB,245,246.9,244.5,244.5,18774,4605001.7
2022-09-07,NMB,245,248.7,242,243.1,17856,4347391.1
2022-09-08,NMB,242,244,241.1,242,15192,3677642.1
2022-09-11,NMB,240.4,243.1,240,241.1,18482,4457705.5
2022-09-12,NMB,240,240,236.9,237,31371,7455604.2
2022-09-13,NMB,240,240,237.1,238,12617,3003667
2022-09-14,NMB,239.9,242.7,238,240.9,21555,5188852.9
2022-09-15,NMB,244,244,235.1,238,46594,11076672.5
2022-09-16,NMB,235,237.9,231.3,237.4,18591,4335567.2
2022-09-18,NMB,233,236.5,229,235.4,45605,10534544.4
2022-09-20,NMB,232,234.9,228,230,31286,7173578.3
2022-09-21,NMB,233.9,234.6,228,229,15903,3649673.8
2022-09-22,NMB,230,233,228.1,230.9,16104,3699552.9
2022-09-25,NMB,231,231,226.4,228,17585,4016335.3
2022-09-27,NMB,227.1,231,226.5,229,14567,3338310.3
2022-09-28,NMB,231.5,232,228,230,14894,3427966.3
2022-09-29,NMB,227,234,227,232,27080,6222235.2
2022-10-09,NMB,235,239,230.1,238,12426,2938487.4
2022-10-10,NMB,240,240,234,235.6,10333,2442648.8
2022-10-11,NMB,235,235.6,230.3,234,13708,3176580.6
2022-10-12,NMB,238,238,233.3,235.9,27483,6472256.4
2022-10-13,NMB,237.7,238,229,238,46288,10699411.6
2022-10-16,NMB,234,237,232,232.1,18406,4318173.9
2022-10-17,NMB,234,236,234,235,9152,2149825
2022-10-19,NMB,235,236,232.1,236,15500,3629051.4
2022-10-20,NMB,237,237,231.3,234.9,8916,2077998.6
2022-10-23,NMB,235,238,235,237.5,10105,2392618
2022-10-31,NMB,239,241.9,235.2,238.5,17333,4141645
2022-11-01,NMB,239,250,239,249,29369,7210014.7
2022-11-02,NMB,249.5,251,241,247,29667,7336496.6
2022-11-03,NMB,247,247,243,244,19597,4801872.7
2022-11-06,NMB,246,248.3,242.3,248,27429,6712643.7
2022-11-07,NMB,249,252.5,247.5,247.8,30701,7631443.7
2022-11-08,NMB,245.4,248,244.3,245,18018,4432979.6
2022-11-09,NMB,245,246,237.5,241,38799,9317708.8
2022-11-10,NMB,239.4,242,238.6,239,15835,3794929.7
2022-11-13,NMB,240,240,236,236.1,9257,2196059.4
2022-11-14,NMB,238,238,233.6,235,31347,7348778.7
2022-11-15,NMB,239.5,239.5,234,235,23444,5507175.8
2022-11-16,NMB,236.2,237,232.3,236,16942,3982218.6
2022-11-17,NMB,239.8,240,236.1,240,17325,4140941.2
2022-11-22,NMB,244.5,244.5,238,241,17690,4256106.9
2022-11-23,NMB,244,245.8,238,243,14169,3434149.6
2022-11-24,NMB,240,246.7,240,245,21347,5187916.1
2022-11-27,NMB,241,249.5,241,249.5,25124,6175971.6
2022-11-28,NMB,248.1,250.9,247.7,248,30667,7612261.6
2022-11-29,NMB,247,250,241,250,36930,9121761.1
2022-11-30,NMB,250.7,254.9,246,253.9,36084,9023970.7
2022-12-01,NMB,251,258.6,248.9,255,49007,12475315.2
2022-12-04,NMB,258,259,253,257.9,28836,7396051.6
2022-12-05,NMB,263,263,252,252,58210,14805831.1
2022-12-06,NMB,247,248,233.3,236.7,110192,26275390.4
2022-12-07,NMB,241.4,241.4,232.6,234.5,50940,11913300.4
2022-12-11,NMB,234,234,230,232,43742,10096642.2
2022-12-12,NMB,230,231.5,225.6,230,60300,13821666.9
2022-12-13,NMB,231,232.5,229.4,232,11453,2637764.7
2022-12-14,NMB,230,233,228.3,230,20869,4804066
2022-12-15,NMB,229,232,228,230.4,20588,4736375.9
2022-12-18,NMB,228,231,226.7,229.9,36667,8392888.1
2022-12-19,NMB,229.9,230,226.5,228,19234,4386673.6
2022-12-20,NMB,230,232,227.1,231,27152,6246873.3
2022-12-21,NMB,227.2,231,227.2,230.8,13481,3097515.5
2022-12-22,NMB,228,233.9,228,233,27822,6432733.7
2022-12-26,NMB,232,234,229,234,39542,9164199.9
2022-12-27,NMB,238,240,232.2,235.4,68568,16158133.3
2022-12-28,NMB,236,237,232,232.5,34737,8143654.9
2022-12-29,NMB,230.1,234.9,228,232.6,35990,8360246.7
2023-01-01,NMB,236,246.8,232.4,233.3,59109,13994955.7
2023-01-02,NMB,232.2,241.5,232.1,238.9,43136,10295323.4
2023-01-03,NMB,237,240,233,236,43145,10203103.1
2023-01-04,NMB,235,241.2,234.2,240,46503,11043561
2023-01-05,NMB,243,245,236.5,238.1,36274,8690895.6
2023-01-08,NMB,240,241.9,235.1,237.3,57693,13734178.1
2023-01-09,NMB,235,249,234.1,249,103395,24780768
2023-01-10,NMB,251,268.2,246,252,139095,35807298.4
2023-01-12,NMB,254,264,245,246,70807,17758252.3
2023-01-17,NMB,248.8,249,241.2,245,49910,12209409.7
2023-01-18,NMB,243.1,248,241.7,242,68116,16662686
2023-01-19,NMB,240.1,244,240,242,53929,13036447.3
2023-01-23,NMB,245,254,245,245.7,87172,21643192.4
2023-01-24,NMB,242.5,255.6,242.5,247.9,53484,13145352.8
2023-01-25,NMB,252,252,245,248,108753,26927835.6
2023-01-26,NMB,246,249.8,244.5,245,42617,10486478.6
2023-01-29,NMB,245,245,240,243,41562,10033530.5
2023-01-30,NMB,239,240,236.2,236.2,51037,12160219.2
2023-01-31,NMB,240,240,232.3,234.1,42708,10005897.5
2023-02-01,NMB,234.9,235,232,233,39313,9163443.9
2023-02-02,NMB,230,237,230,232.5,32012,7465817.3
2023-02-05,NMB,232.5,235,230.4,231,49241,11448815.7
2023-02-06,NMB,231.5,234.4,230.6,234,23794,5528241.5
2023-02-07,NMB,238,251,235.2,251,54758,13064733.3
2023-02-08,NMB,247,251,241.4,245,81454,19983793.4
2023-02-09,NMB,240.2,246.8,240.2,246,37191,9039002.3
2023-02-12,NMB,241.5,244.8,236.7,238,41303,9884327
2023-02-14,NMB,238,238,234.2,234.3,27997,6586271
2023-02-15,NMB,235,236,232,232.9,23395,5456265.5
2023-02-16,NMB,231.5,232,229.7,229.9,55960,12887814.8
2023-02-20,NMB,229,230,225.5,228,111150,25227548.1
2023-02-22,NMB,232.5,244.4,228,244.4,37875,8843736.5
2023-02-23,NMB,245,245,229,232,159136,36747595.2
2023-02-26,NMB,227.5,231,226.1,229.1,43470,9905141.8
2023-02-27,NMB,232,232,227.6,232,74966,17172177.6
2023-02-28,NMB,232,232,227.8,228,31982,7317747.9
2023-03-01,NMB,232,232,226,226,30685,6972715.4
2023-03-02,NMB,229,229,225,225.5,22841,5162064.9
2023-03-05,NMB,225.3,227.9,223.6,225,33396,7503515.5
2023-03-07,NMB,227,229,225,226.5,23977,5453901
2023-03-09,NMB,225.6,232.5,225.6,231,32747,7522666.7
2023-03-12,NMB,235,235,223.1,224,56015,12656453.8
2023-03-13,NMB,223,225,220.5,221.3,67770,15024202.7
2023-03-14,NMB,222,223,219,220.7,63535,14026011.3
2023-03-15,NMB,219,220.9,217.9,219,51000,11161223.6
2023-03-16,NMB,219,222,218,221,32636,7169440.9
2023-03-19,NMB,220,222,219,220.9,47758,10501218.1
2023-03-20,NMB,221,224,220,222,26799,5962842.8
2023-03-22,NMB,225,226,220.2,222,21734,4812979.9
2023-03-23,NMB,221,238.6,220,229.9,91433,20678202.6
2023-03-26,NMB,234,234,224,226,47037,10620026.2
2023-03-27,NMB,223,226,221,226,28974,6450339.1
2023-03-28,NMB,229.9,229.9,222,223,31475,7072904.7
2023-03-29,NMB,220.1,224,220.1,223.8,17194,3836251.5
2023-03-30,NMB,226.9,226.9,223,223.1,13294,2974036.2
2023-04-02,NMB,223.2,226.8,220,220,34052,7558327.8
2023-04-03,NMB,220,221,217,219.8,36234,7934891.7
2023-04-04,NMB,218,219.9,215,218,34718,7533469
2023-04-05,NMB,218,219,216,217.5,26723,5795446.6
2023-04-06,NMB,220,221,217,218,36962,8053601.8
2023-04-09,NMB,216.1,219,215,219,42893,9347605.3
2023-04-10,NMB,221,227.9,216.6,227,48581,10739356.3
2023-04-11,NMB,231,231,223.5,227.6,47241,10754749.2
2023-04-12,NMB,231.9,239,229.1,239,64098,15086677.7
2023-04-13,NMB,236.7,239,231.4,235,61719,14542960.9
2023-04-16,NMB,233,236,232,235,15615,3655398.1
2023-04-17,NMB,232,235,227.5,228.1,45894,10547127.1
2023-04-18,NMB,228,234,228,234,33044,7666002
2023-04-19,NMB,232.6,240,232,239,38472,9086053.6
2023-04-20,NMB,243,243.7,232.9,236.9,47590,11208213.5
2023-04-23,NMB,234.1,238,234,235,49216,11608041.7
2023-04-24,NMB,231,239,231,235,37291,8781200.1
2023-04-25,NMB,237,239,233.1,239,48939,11600795.5
2023-04-26,NMB,239.1,239.1,235,239,33751,7992909.6
2023-04-27,NMB,234.5,239.6,232.3,239,22462,5314076.6
2023-04-30,NMB,235,239,233,234.5,39278,9251178.1
2023-05-02,NMB,234.5,238,231,234,23939,5642954
2023-05-03,NMB,234,236.9,232,232.8,25301,5928914.7
2023-05-04,NMB,237.2,238,232.5,236,22148,5214780.9
2023-05-07,NMB,236,236.5,232.3,235,25325,5944005.5
2023-05-08,NMB,232,236,231,234,34426,8048062.5
2023-05-09,NMB,235,236,231,235,26604,6213930.3
2023-05-10,NMB,239.7,239.7,231.3,235,32827,7686166.5
2023-05-11,NMB,232,238.7,231,235,21735,5093093.3
2023-05-14,NMB,237,237,232.8,236.8,28955,6786547.6
2023-05-15,NMB,236,236.4,232.4,236,27421,6401788
2023-05-16,NMB,237.9,237.9,230,235,28676,6692857.5
2023-05-17,NMB,231.6,236.3,231.6,236.3,33096,7780898.6
2023-05-18,NMB,233,237.5,231.6,234,31399,7398834.3
2023-05-21,NMB,234,238.5,233.8,233.8,25218,5940670
2023-05-22,NMB,232,234,231.5,231.7,25656,5980223.8
2023-05-23,NMB,231.8,238,230.6,236,32178,7599824
2023-05-24,NMB,233.1,240,233.1,235.5,29542,6988184.7
2023-05-28,NMB,235.2,239.8,234.2,234.2,61630,14635983
2023-05-30,NMB,231,234,227,228,63581,14645144.7
2023-05-31,NMB,228,228,220,221,76508,16962837.3
2023-06-01,NMB,222,224,217,220.1,72745,16107459.2
2023-06-04,NMB,215.7,230.6,215.7,230.6,32332,7342407.9
2023-06-05,NMB,235,235,226,226.8,37741,8649295.6
2023-06-06,NMB,223,229,222.7,228.9,45046,10125774.4
2023-06-07,NMB,228,229.9,224.4,229.4,38569,8742721.5
2023-06-08,NMB,225,228,223,228,32988,7440434.6
2023-06-11,NMB,230,230,226,227,28089,6379841
2023-06-12,NMB,228.5,229.8,226,227.5,18267,4163848.3
2023-06-13,NMB,225.2,229.9,225.2,227.5,36204,8231696.2
2023-06-14,NMB,229.9,231.9,226.5,229,74639,17103233
2023-06-15,NMB,228,230,227,228,23090,5273057.8
2023-06-18,NMB,223.6,228.9,223.6,226,70113,15861795.5
2023-06-19,NMB,228,230.5,223.6,223.7,85899,19292174
2023-06-20,NMB,221.5,230.5,221.5,229,115964,26192240.3
2023-06-21,NMB,227,229,224.5,226.5,83469,18839210.8
2023-06-22,NMB,226.5,228,222.2,222.3,43989,9841254
2023-06-25,NMB,220.2,225,220.2,223,98814,22005532.1
2023-06-26,NMB,223,227,221.5,224,113243,25344671.7
2023-06-27,NMB,225.5,232.3,223.1,232,74083,17013725.8
2023-06-28,NMB,234,236.6,228,229,69435,16060260.1
2023-07-02,NMB,226,230,221.5,226,48874,11026397.1
2023-07-03,NMB,229.5,229.5,223,223.7,35265,7925781.3
2023-07-04,NMB,223.7,226,220.4,226,50284,11217399.3
2023-07-05,NMB,225,225,222,223,33548,7486886.9
2023-07-06,NMB,221,223,220,221.9,33843,7486145.1
2023-07-09,NMB,222,227,220.1,226,393197,87735162.8
2023-07-10,NMB,226,229,222,224.5,339164,75924205.9
2023-07-11,NMB,225,225.9,222.1,225.8,54191,12123664.5
2023-07-12,NMB,225,228,222.4,223,50705,11354877.7
2023-07-13,NMB,226,226,222.2,224,43973,9832983.8
2023-07-16,NMB,225,227.9,224,226,47698,10750790.5
2023-07-17,NMB,228.9,236,225.1,234,76129,17654854.3
2023-07-18,NMB,234.9,237.8,232,235.6,65540,15419751.6
2023-07-19,NMB,234,244.8,233,242,126285,30402153.3
2023-07-20,NMB,245,246,239.2,239.6,97009,23475847.1
2023-07-23,NMB,242.9,251.9,240,251.9,124235,30562323.2
2023-07-24,NMB,251.9,252,240.2,243,178398,43696853.5
2023-07-25,NMB,241,241,236.5,236.6,48038,11433359.3
2023-07-26,NMB,236.7,240,235.2,237,47892,11365159.7
2023-07-27,NMB,238,238,232.5,233.1,49882,11683375
2023-07-30,NMB,234,235.9,230.1,232,52688,12209082.2
2023-07-31,NMB,235.9,237.7,230.1,234.9,94668,22147125.4
2023-08-01,NMB,239.5,239.5,232,233.5,23606,5514895.7
2023-08-02,NMB,232.1,237.8,232,236.2,47315,11137095.4
2023-08-03,NMB,239,243,236,239,62826,15057310.4
2023-08-06,NMB,240,243,229.5,231,81590,18947256
2023-08-07,NMB,229.1,231,226.4,228.8,33296,7594060.6
2023-08-08,NMB,226.3,229,225,227,25710,5811658.6
2023-08-09,NMB,223,229,221.4,228.1,36060,8087114.1
2023-08-10,NMB,228.2,229,223.7,226,21931,4956978.3
2023-08-13,NMB,226,230,224,228,20552,4666374.9
2023-08-14,NMB,230,230.4,226.3,230.3,21616,4958465.4
2023-08-15,NMB,230.6,232.5,225.8,226,19589,4442928.8
2023-08-16,NMB,226,229,222.6,227,40284,9041728.6
2023-08-17,NMB,227,227,224.1,226,33630,7572224.6
2023-08-20,NMB,224,225.7,223,224,17213,3864267.1
2023-08-21,NMB,222.5,228,222.5,223,37128,8318512.2
2023-08-22,NMB,222,227.9,221.1,227.9,38096,8583156.7
2023-08-23,NMB,227,229.7,225.2,226,20675,4680769.5
2023-08-24,NMB,228,230,225,226,52219,11795382.9
2023-08-27,NMB,226.1,226.5,223.2,223.2,14027,3141301
2023-08-28,NMB,223,226,223,224,17317,3883312.4
2023-08-29,NMB,225,225,221,224,17626,3926516.4
2023-08-30,NMB,228.3,228.3,222,223,22627,5039318.3
2023-09-03,NMB,222.2,223.5,221.3,221.3,21914,4860761.6
2023-09-04,NMB,221,224,218.1,220.1,26587,5863033.3
2023-09-05,NMB,220,222,219.4,219.5,18538,4075270.9
2023-09-07,NMB,220,220,216,217,33962,7383217.2
2023-09-10,NMB,216.1,219,215.7,216,34177,7409522.1
2023-09-11,NMB,219,223,217,220,29684,6515949.7
2023-09-12,NMB,223,223,219,219.9,14278,3150200.3
2023-09-13,NMB,219.1,221,217,218.9,60115,13129212.6
2023-09-17,NMB,218,221.8,216,217.8,42264,9185865.4
2023-09-18,NMB,217,218.9,215.7,216,19124,4135697.4
2023-09-19,NMB,216,217,215.9,216.2,23680,5123551
2023-09-21,NMB,220.5,221,218.1,219,53318,11706151.4
2023-09-24,NMB,219,221,218,218,23695,5188448.9
2023-09-25,NMB,219,220.9,217.1,217.1,20532,4487047.3
2023-09-26,NMB,220.9,220.9,217.5,217.7,25539,5568954.6
2023-09-27,NMB,218,219.5,217,217.2,12362,2695833.4
2023-10-01,NMB,217.1,218,215.1,216.3,28295,6127563.7
2023-10-02,NMB,217,217,215.4,215.6,20886,4514571.6
2023-10-03,NMB,215.2,216.5,215,215.1,22558,4858313.9
2023-10-04,NMB,215.1,217,215,216,28315,6101667.1
2023-10-05,NMB,218,218,214.6,215,14466,3112869.3
2023-10-08,NMB,215,217,212,212,36655,7817171.7
2023-10-09,NMB,215,215,211.1,212.1,39214,8329779.8
2023-10-10,NMB,211,212.5,209.3,209.3,40439,8503281.3
2023-10-11,NMB,209,212,208.6,212,25549,5367183.9
2023-10-12,NMB,214,214,208,208.7,40038,8355975
2023-10-16,NMB,207,208.9,206,206.8,25722,5314977.7
2023-10-17,NMB,207,210,207,208.5,21092,4400516.8
2023-10-18,NMB,210.9,212.8,209,212,20709,4366037.1
2023-10-19,NMB,214.9,214.9,200.9,209,46766,9642151.5
2023-10-29,NMB,207.4,210,206,206.5,15376,3191763.4
2023-10-30,NMB,204,208.4,204,207,18675,3846045.6
2023-10-31,NMB,210,210,205.8,206,10621,2194298.6
2023-11-01,NMB,203,208.9,203,208,21930,4519628.9
2023-11-02,NMB,205,207,205,205.4,12966,2664034.9
2023-11-05,NMB,202.1,205.8,202.1,203,41623,8469871.6
2023-11-06,NMB,201.5,205.9,201.2,205.9,28527,5800660.6
2023-11-07,NMB,204,210,203,207.2,21004,4342855.7
2023-11-08,NMB,206,209.7,206,207.6,6277,1304326.9
2023-11-09,NMB,205.5,206.5,204.5,205.1,15797,3247545.5
2023-11-20,NMB,208,209.7,205.4,207,16861,3507823.3
2023-11-21,NMB,205.2,208.8,204.2,204.5,16966,3479872.8
2023-11-22,NMB,204.5,207,204.2,204.3,10209,2092749.9
2023-11-23,NMB,204.5,206,202.5,205,7964,1628911.1
2023-11-26,NMB,208,209.9,204.9,208.9,22763,4710802.8
2023-11-27,NMB,209,210.9,206,207,16144,3365389.4
2023-11-28,NMB,204.7,207.8,204.7,205,20011,4120304.5
2023-11-29,NMB,202.2,207,202.2,204.3,13075,2682036.8
2023-11-30,NMB,200.3,200.3,196,198.5,60404,11936144.6
2023-12-03,NMB,197.1,197.1,195.2,196.1,36956,7244056.3
2023-12-04,NMB,197,197,194.9,195,40730,7970050.3
2023-12-05,NMB,195,195.4,194.5,194.7,26490,5160172.5
2023-12-06,NMB,195,195,194,194.3,39066,7597233.8
2023-12-07,NMB,193.1,197,193,196.2,60864,11857862.8
2023-12-10,NMB,200.1,208.1,200.1,208,2445,497625
2023-12-11,NMB,212,215,200.4,211.5,115415,24150569.8
2023-12-12,NMB,210,211,207.2,208,57875,12078962.4
2023-12-13,NMB,208,211.2,208,209.2,100545,21104914.9
2023-12-14,NMB,210,211,206,208.2,74281,15475131.2
2023-12-17,NMB,204.1,204.1,192.5,203,81185,16324549.2
2023-12-18,NMB,203,209,203,209,75100,15555062.3
2023-12-19,NMB,210,214.2,208.8,214.2,68768,14563605.8
2023-12-20,NMB,210,216.9,210,213,58663,12554326.4
2023-12-21,NMB,214,215,208.9,208.9,66169,14019217.7
2023-12-24,NMB,209,214,209,209.1,67715,14293659.3
2023-12-27,NMB,209,213,205,206,32083,6641778.9
2023-12-28,NMB,204,205.8,203,203.7,43116,8789449.9
2024-01-01,NMB,203.7,205,202,202.5,35429,7193822.6
2024-01-02,NMB,202,202,200.2,200.2,26890,5405245.4
2024-01-03,NMB,200,201.9,199.7,201,30974,6205387.7
2024-01-04,NMB,201,202,196.2,197.6,76900,15223461.7
2024-01-07,NMB,197,198.5,195.1,195.5,102281,20104993.5
2024-01-08,NMB,197,199.3,194.6,197.1,64697,12686900.6
2024-01-09,NMB,200.9,200.9,196.1,196.6,56073,11103978.4
2024-01-10,NMB,200.5,204.5,197.7,199.5,46642,9336206.2
2024-01-11,NMB,199.5,201.8,198,199,27103,5399817
2024-01-14,NMB,200,203,199,201.5,45910,9199416.5
2024-01-16,NMB,202,206.4,202,205.9,77569,15879917.8
2024-01-17,NMB,210,214,204,209.1,89869,18932939.1
2024-01-18,NMB,208,209,205.1,208,42137,8738299.1
2024-01-21,NMB,208,208,198.1,198.1,102264,20472206.7
2024-01-22,NMB,198.1,201,194,195.9,99015,19361275.8
2024-01-23,NMB,196,197.9,195,196.7,28254,5530996.6
2024-01-24,NMB,197,198,195.2,197,44157,8681596.1
2024-01-25,NMB,196.1,199,194.1,197.5,59418,11674098.4
2024-01-28,NMB,201,201,195,196,35363,6935204.2
2024-01-29,NMB,196,213,194.2,197.4,39031,7685428.6
2024-01-30,NMB,196,200.9,193.9,196,70800,13804996.1
2024-01-31,NMB,198,198,192.2,195,69374,13422454
2024-02-01,NMB,193,194,192,192.5,39663,7641781.4
2024-02-04,NMB,192,193,189.1,191,37772,7231016.7
2024-02-05,NMB,192,192.9,191,192,24977,4792843.2
2024-02-06,NMB,192,193,190.5,192,30292,5806765
2024-02-07,NMB,195,195,190.6,192,42571,8188419.4
2024-02-08,NMB,192,193,190.1,192.8,34850,6668101
2024-02-11,NMB,192,194,191.1,191.7,22302,4287477.3
2024-02-12,NMB,191,193.8,190.1,191,20060,3836891.9
2024-02-13,NMB,191,192.1,190,190.1,28834,5504824.6
2024-02-14,NMB,191,191,189,190,23683,4485843.8
2024-02-15,NMB,188,190,187,189.2,24895,4703515.5
2024-02-18,NMB,186,189,186,186.5,38124,7142905.4
2024-02-20,NMB,189,189,185.9,186.3,21364,3982116.7
2024-02-21,NMB,186.5,188.9,182.2,182.8,62612,11518523.7
2024-02-22,NMB,182,183.8,180,180.1,55479,10044609.5
2024-02-25,NMB,182,182,177.6,177.6,52044,9295958.6
2024-02-26,NMB,177,179,175.6,177,38267,6767401
2024-02-27,NMB,179,179,176.4,177.5,43476,7700487
2024-02-28,NMB,177.1,179,176.2,177,20132,3577201.9
2024-02-29,NMB,177,180,176,177.2,75077,13312018.8
2024-03-03,NMB,175.4,179,174.6,177.8,34213,6041226.1
2024-03-04,NMB,180.4,184.9,180.4,184.9,2112,382223.8
2024-03-05,NMB,188.5,188.5,179,180,45753,8271108.1
2024-03-06,NMB,182,182,178,181.4,22357,4029618.1
2024-03-07,NMB,184,187,180,181.6,21752,3955058.2
2024-03-10,NMB,180,183.9,179.3,183.7,18422,3372110
2024-03-12,NMB,186.1,197.7,183,197.7,45284,8557720.8
2024-03-13,NMB,201.6,201.6,190.5,195.9,40827,7955217.3
2024-03-14,NMB,192.4,195.8,188.5,189.8,28396,5418685.6
2024-03-17,NMB,186.7,199.1,186.7,194.3,76029,14443377.5
2024-03-18,NMB,191,192,187.7,189,31055,5877449.7
2024-03-19,NMB,189,189.8,187,188.5,18140,3416635.5
2024-03-20,NMB,189.9,191,187,188,28406,5359492.6
2024-03-21,NMB,190.6,190.6,186,186.1,10308,1921905
2024-03-25,NMB,187,187,181.2,183,30112,5501780.9
2024-03-26,NMB,181,182.5,180.1,181,20379,3695092.8
2024-03-27,NMB,180,188.2,179.5,180.3,23458,4256266
2024-03-28,NMB,179.3,191.2,178,180,24036,4326151
2024-03-31,NMB,180,191,179.6,179.6,23028,4175836.8
2024-04-01,NMB,179,180,178,178,26641,4753723.7
2024-04-02,NMB,178,179.9,176.2,178.2,30530,5446972.1
2024-04-03,NMB,179,179,175.7,176,44907,7948839.6
2024-04-04,NMB,175,178,175,177,15096,2675942.3
2024-04-07,NMB,177,177,172.5,175.9,72850,12711339.9
2024-04-09,NMB,177,178.5,175.7,177.2,29320,5189715.8
2024-04-10,NMB,177,179,174,177.1,37688,6671737.4
2024-04-14,NMB,179,179,175,176,33351,5889814.7
2024-04-15,NMB,175,177,173.2,176,28531,4994498.4
2024-04-16,NMB,179,179,171,174,10573,1832376.5
2024-04-18,NMB,174,175,172,174.5,19212,3334191
2024-04-21,NMB,174,174,170.7,173.7,26556,4564463.6
2024-04-22,NMB,171,174,171,172.9,23281,4008477.8
2024-04-24,NMB,173,173,170.1,172.3,29271,5038822
2024-04-25,NMB,172.5,174,170.1,171,26965,4635553.9
2024-04-28,NMB,170.1,172,167.6,169.7,44389,7501805.7
2024-04-29,NMB,171,171,169,170.5,33983,5767560.4
2024-04-30,NMB,171,175,167.1,173.4,29924,5134864
2024-05-02,NMB,176.8,176.8,170.6,173.6,36576,6344821
2024-05-05,NMB,171,172.5,170,170.4,45859,7839851.7
2024-05-06,NMB,168.8,172.2,168,169.4,22662,3833729.2
2024-05-07,NMB,171.5,171.5,168.2,170.8,22827,3863637.6
2024-05-08,NMB,171.1,171.1,162,170.5,50303,8359041.3
2024-05-09,NMB,169.9,171,168.6,169.7,16448,2783170.3
2024-05-12,NMB,169,172,168.2,171,26882,4588191.6
2024-05-13,NMB,173,187,170,176.9,50556,8930684.4
2024-05-14,NMB,180,180,173,179.9,45568,8043138.4
2024-05-15,NMB,182.9,182.9,178,178.1,34026,6116892.6
2024-05-16,NMB,181.6,181.6,176.1,179.6,20948,3736347.9
2024-05-19,NMB,183.1,186,180.1,183,59340,10879545.6
2024-05-20,NMB,186,195,185.5,189.1,129611,24710012.1
2024-05-21,NMB,189.2,191.8,186.1,189,42591,8060624.2
2024-05-22,NMB,191,207.9,191,205,305166,61640376.5
2024-05-26,NMB,207,218,202,211,294670,62346842.7
2024-05-27,NMB,214.9,218,208.1,212.5,131194,27889051.6
2024-05-29,NMB,216.7,221,198,199,126241,25972352.1
2024-05-30,NMB,198,205,195,197,59163,11692282.6
2024-06-02,NMB,200,212,199,201,57774,11596340.6
2024-06-03,NMB,205,209.1,199.1,200,39769,8015412.3
2024-06-04,NMB,204,204,198,200,41757,8339565.8
2024-06-05,NMB,200,204,198,198,51675,10303060
2024-06-06,NMB,201.9,201.9,196.6,197.9,40516,8003319.8
2024-06-09,NMB,201.8,205.8,191.6,193,54425,10541878.1
2024-06-10,NMB,196.8,196.8,190,193,25144,4810485.6
2024-06-11,NMB,196.8,199.9,189.5,197,57035,10965462
2024-06-12,NMB,198,203,195,197,74758,14869708.6
2024-06-13,NMB,200.9,200.9,194.5,194.9,44550,8704504.2
2024-06-16,NMB,196,197,192.6,193,24476,4739822.8
2024-06-18,NMB,193,195,190,190.2,24719,4731213
2024-06-19,NMB,194,194,190.1,193.7,23032,4415189.1
2024-06-20,NMB,197.5,197.5,188.2,191,22301,4244961.4
2024-06-23,NMB,190,193,189,190,16273,3093301
2024-06-24,NMB,189,191.9,187.2,190,26841,5103055.2
2024-06-25,NMB,189,193.5,189,189.8,20899,3971243
2024-06-26,NMB,193.4,193.4,186.3,186.3,30469,5722929.9
2024-06-27,NMB,185,189.6,184.6,185,16616,3081589.9
2024-06-30,NMB,184,186,180.4,182.2,41536,7580393.7
2024-07-01,NMB,180,191,179.3,191,33988,6201411.6
2024-07-02,NMB,194.8,206,194.1,195,88941,17599589.3
2024-07-03,NMB,191.5,198,191.5,196.2,47010,9187779
2024-07-04,NMB,200,202,196,197.9,51925,10326145.8
2024-07-07,NMB,199.5,201.9,196.5,200,59035,11782766.4
2024-07-08,NMB,201,203,197.1,198,36820,7311959.6
2024-07-09,NMB,198,204,198,202,32352,6489674.9
2024-07-10,NMB,206,206.9,201.8,206.9,81179,16532730.3
2024-07-11,NMB,211,212,205,212,141057,29344595.8
2024-07-14,NMB,216.2,224.3,212,217.9,106849,23182747.8
2024-07-15,NMB,220,226.4,212,218,138716,30174991.1
2024-07-16,NMB,213.9,222,213.9,222,124086,26999689.1
2024-07-17,NMB,222.1,225,213.8,222,180845,40011623.8
2024-07-18,NMB,225,244,220.1,235,336191,78357253.6
2024-07-21,NMB,239.7,249,235,248,328079,79994149.2
2024-07-22,NMB,250,251.9,237.2,241.8,267928,64707780.1
2024-07-23,NMB,241,265,238,252.9,253696,61403651
2024-07-24,NMB,257.9,257.9,245.1,247.9,240234,59821764.7
2024-07-25,NMB,248,252.8,245,250,231456,57589159.5
2024-07-28,NMB,255,275,255,275,455185,124670100
2024-07-29,NMB,280.5,295.7,271.1,277.3,583851,164736378.9
2024-07-30,NMB,277,277,260,270.6,332635,89006435.5
2024-07-31,NMB,275,286,269,276.2,410788,113582584.2
2024-08-01,NMB,276,280,270,271.5,195269,53530546.9
2024-08-05,NMB,272,272,254.1,259.1,333244,86368533
2024-08-06,NMB,259,259,237,238,313150,76467051.6
2024-08-07,NMB,233.3,252,225,241,186870,44271081.6
2024-08-08,NMB,244,244,234.5,236.9,162026,38446802.7
2024-08-11,NMB,240,249.7,238,249.1,268794,65767292.3
2024-08-12,NMB,244.3,265,244.3,258,214293,55241034.5
2024-08-13,NMB,258.2,263.9,255,255.1,247482,64021788.2
2024-08-14,NMB,257.2,258,251,257,171856,43849168.1
2024-08-15,NMB,262.1,282.7,258,281.2,712865,196839279
2024-08-18,NMB,282.7,300,279.6,280.6,643941,187017228.8
2024-08-21,NMB,286,286,272,279.1,285821,79489203.2
2024-08-22,NMB,274,287,274,283,285473,80727985.1
2024-08-25,NMB,285,285,270,273,262950,72019351.7
2024-08-27,NMB,268,270,258.8,261.9,244794,64287288.7
2024-08-28,NMB,264.1,269.9,257,262,156620,41293118.3
2024-08-29,NMB,263,263,250.9,258.8,103397,26334057.5
2024-09-01,NMB,258,258,247.1,249,125932,31602154.3
2024-09-02,NMB,250,261.6,245.1,261.6,124140,31586007.6
2024-09-03,NMB,266.8,269.5,258.3,259.5,106970,28077718.7
2024-09-04,NMB,264.6,264.6,250,250.5,68610,17358837
2024-09-05,NMB,250.5,251,245,250,83521,20661476.1
2024-09-08,NMB,250,251,245,245.1,77725,19258688.3
2024-09-09,NMB,245,245.1,236,239.9,108903,25988191.6
2024-09-10,NMB,240,250,238,244.9,211295,51790987.1
2024-09-11,NMB,247.6,247.6,239,240,114097,27761243.3
2024-09-12,NMB,244.8,250.9,240,250,113008,27764810.9
2024-09-15,NMB,250.3,257,247,248.5,164609,41611467.2
2024-09-16,NMB,249,249,243.1,244.3,156894,38482751.2
2024-09-18,NMB,245,251.5,241.3,250,114697,28461795.1
2024-09-22,NMB,255,260.1,248.3,253,99851,25112460.6
2024-09-23,NMB,258,258,246,247.8,85246,21227619.1
2024-09-24,NMB,252,252,243,243.2,68093,16819518
2024-09-25,NMB,243.2,252,241,250,79900,19765548.2
2024-09-26,NMB,252,252,245.4,245.6,36044,8947343.4
2024-09-29,NMB,241.1,246.5,241,245,61423,14972340.1
2024-09-30,NMB,242.5,252.9,242.5,251.5,59124,14684997.3
2024-10-01,NMB,254.5,258,252.3,258,113202,28921672.7
2024-10-02,NMB,260,263.1,256,260,130990,34149646.5
2024-10-06,NMB,259,269.5,255,267.5,111109,29388432.2
2024-10-07,NMB,267.6,273.5,267.6,272,89183,24197866.6
2024-10-08,NMB,275,276,267.5,270.8,78846,21352606.1
2024-10-09,NMB,270.8,270.9,265.5,269.2,63479,17064716.3
2024-10-15,NMB,272,276.5,268,275.4,61137,16664373.7
2024-10-16,NMB,275,282.5,275,280,121312,33961884.38
2024-10-17,NMB,281,288,274.5,284.3,224299,63548005.8
2024-10-20,NMB,280,285.6,270,280.1,226052,63745425.8
2024-10-21,NMB,278.4,280.2,272.1,274,140505,38702237
2024-10-22,NMB,270.1,275.4,266,271,106557,28824716.5
2024-10-23,NMB,271,271.9,260.3,263.9,212587,56632544.9
2024-10-24,NMB,268,268,259,259,58296,15238138
2024-10-27,NMB,264,264,256,260,42221,10931272.3
2024-10-28,NMB,260,262,258,260.9,60713,15737294.9
2024-10-29,NMB,263,263,259.1,262,104544,27298599.1
2024-10-30,NMB,266,266,258,260,82943,21626203.2
2024-11-05,NMB,260,262.8,257,258,31228,8075446.8
2024-11-06,NMB,262,262,258,259.5,32442,8409405.2
2024-11-10,NMB,258,265,258,264,112535,29489436.7
2024-11-11,NMB,265,274.5,262,268,144968,38769895.1
2024-11-12,NMB,270.5,271,266,268,48741,13071005.7
2024-11-13,NMB,271,271,261,261,46383,12259078.6
2024-11-14,NMB,266.2,266.2,259,260,59115,15407550.3
2024-11-17,NMB,264,270,262.2,263.3,78449,20874594.6
2024-11-19,NMB,267,267,258.8,258.8,98669,25925260.4
2024-11-20,NMB,258.79,259,255,257,38707,9957508.21
2024-11-21,NMB,257,260.9,255,255,48916,12538521.3
2024-11-24,NMB,260.1,260.1,251.3,254.9,59608,15095776.4
2024-11-25,NMB,259.9,259.9,251,258.5,54387,13913104.6
2024-11-26,NMB,263.6,263.6,257,261,96873,25187354.1
2024-11-27,NMB,262,264,260,261.2,50334,13201789.4
2024-11-28,NMB,261.2,263,259,259,51976,13537870.2
2024-12-01,NMB,259,259,253,253.1,45517,11597151.5
2024-12-02,NMB,258.1,258.1,250.2,253,79666,20106204.3
2024-12-03,NMB,258,258,250,255,42833,10797773.6
2024-12-04,NMB,260.1,260.1,251,253,71165,18110778.8
2024-12-05,NMB,248.1,254,248.1,250.2,51189,12835534.3
2024-12-08,NMB,250.2,250.2,241.1,243,131274,32025016.7
2024-12-09,NMB,243,244.2,239,241.9,47823,11555030.4
2024-12-10,NMB,242,242,237,238,54148,12907790
2024-12-11,NMB,242.7,249,237.9,248,65123,15879046.9
2024-12-12,NMB,252.9,252.9,242.2,247,92372,22981890.8
2024-12-16,NMB,249,249,240.1,241.6,62995,15243876.9
2024-12-17,NMB,237.1,244.4,237.1,243,23698,5739090.3
2024-12-18,NMB,243,247.5,240.1,240.1,56194,13651387.7
2024-12-19,NMB,240,244.6,238.2,239,94199,22629964.1
2024-12-22,NMB,237,240,235.4,239,63660,15099872.8
2024-12-23,NMB,239,240,235.1,239,26186,6210020.2
2024-12-24,NMB,241.5,248,236.7,247,66351,16185550.7
2024-12-26,NMB,247,251,241,248.8,77229,19114160
2024-12-29,NMB,253,253,245,246,53794,13365781.3
2024-12-31,NMB,241.2,248,239.5,245.4,73136,17719393.9
2025-01-01,NMB,248,248,242.5,243.2,22273,5458487.4
2025-01-02,NMB,242,247,241,246,30400,7426154.6
2025-01-05,NMB,242,244,241,244,27452,6635438.3
2025-01-06,NMB,240,246,240,243.6,76560,18640483.4
2025-01-07,NMB,248,248,241,242.5,58797,14260456.7
2025-01-08,NMB,241,242,238.1,240,67113,16074902.4
2025-01-09,NMB,238.2,244.9,237,239.8,82734,19796453.1
2025-01-12,NMB,244,244,237.5,238,17238,4105174
2025-01-13,NMB,237,239.9,236,238.8,33053,7841772.8
2025-01-15,NMB,237,239,234.2,237.1,17173,4066423.4
2025-01-16,NMB,236,236,233,234.5,41457,9712791.9
2025-01-19,NMB,234.6,235,230,235,41728,9697735.1
2025-01-20,NMB,238,244.4,238,239.3,92842,22455165
2025-01-21,NMB,241.5,242,239.6,240,33599,8086210.2
2025-01-22,NMB,237,246,237,244.1,65121,15806624.2
2025-01-23,NMB,242.2,246.9,240,240.1,39448,9570586.4
2025-01-26,NMB,240,242.9,237,240,57261,13699422.8
2025-01-27,NMB,244.8,249.6,235.3,240,45883,11000667.3
2025-01-28,NMB,242.8,242.8,238.3,240,44918,10775507.7
2025-02-02,NMB,240,246.8,238,245,126958,30851790.7
2025-02-03,NMB,248,252,245,245,83555,20772839.3
2025-02-04,NMB,242.3,248,240,245.9,46518,11332050.5
2025-02-05,NMB,242,246,241.3,245,39246,9571800
2025-02-06,NMB,242.2,244.5,241.1,244.5,56325,13663832.8
2025-02-09,NMB,239.7,248,239.7,242.1,36321,8799149.4
2025-02-10,NMB,238,245.9,238,241,52276,12611656.8
2025-02-11,NMB,240,242,240,241,51701,12433927.6
2025-02-12,NMB,242,245,238.2,241,25980,6241210.4
2025-02-13,NMB,242.9,242.9,239.1,239.8,40186,9642403.5
2025-02-16,NMB,238.2,245.4,238.2,245,90438,21920479.9
2025-02-17,NMB,248,251.9,242.4,250.2,106444,26353062.6
2025-02-18,NMB,255.2,264.9,250.2,253.4,154242,39373337.3
2025-02-20,NMB,254,258.8,250.3,250.8,63279,15930507.4
2025-02-23,NMB,248,252,246,250.4,78075,19512006.6
2025-02-24,NMB,245.4,259,245.4,251,142318,36239926
2025-02-25,NMB,251,255.8,251,253,135293,34300201.8
2025-02-27,NMB,258,273,258,263,179624,47105609.8
2025-03-02,NMB,268.2,268.2,262,267.5,310389,82251805.6
2025-03-03,NMB,269,273,265,265.1,226954,60959380.1
2025-03-04,NMB,260,268,260,264.8,124295,32951115
2025-03-05,NMB,265,270,262.1,262.2,120798,31869339.5
2025-03-06,NMB,266.9,266.9,260.5,261,50326,13204320.6
2025-03-09,NMB,258,263,256,257,71820,18598383.3
2025-03-10,NMB,257.1,260,254.5,259,52771,13554039.6
2025-03-11,NMB,255.1,260,255.1,256,69774,17970690.7
2025-03-12,NMB,257.1,259,256,256,35686,9174082
2025-03-16,NMB,256,256,251,254,58655,14844406.7
2025-03-17,NMB,250.1,255,250.1,254,31215,7916196.6
2025-03-18,NMB,258.1,258.1,252,254,38941,9896902.1
2025-03-19,NMB,253,265,250,252,89133,22609891.9
2025-03-20,NMB,249.1,252.5,248,249.72,73871,18461925.9
2025-03-23,NMB,247.1,248,241.9,243.09,79586,19499724.9
2025-03-24,NMB,241.5,246,240,245.32,70901,17310526.4
2025-03-25,NMB,250.2,250.2,240.2,241.2,60464,14703521.7
2025-03-26,NMB,245,250,240.1,247.7,64718,15937075.7
2025-03-27,NMB,252.6,253.8,247.7,252.66,76107,19127962.9
2025-03-30,NMB,254,260,254,257.24,103952,26749312.9
2025-04-01,NMB,258,258,253.2,255.42,43085,10987625.4
2025-04-02,NMB,260.5,260.5,253.1,254.88,31485,8015460.5
2025-04-03,NMB,252.1,260.2,252.1,255.71,114700,29466138.1
2025-04-07,NMB,260.5,260.5,253,256.34,47336,12074015.4
2025-04-08,NMB,259,259,249,252.13,109299,27393957.3
2025-04-09,NMB,257,257,251.2,251.73,93787,23712091.7
2025-04-10,NMB,256.7,256.7,250,251.52,71961,18125801.7
2025-04-13,NMB,256,256,248.1,251.13,94702,23651496.3
2025-04-15,NMB,256,256,248,252.34,36938,9301980.7
2025-04-16,NMB,254,256,251.3,254.39,37015,9409425.8
2025-04-17,NMB,259.4,259.5,254.1,258.18,55373,14239407.1
2025-04-20,NMB,259,259,252,253.39,62621,15919993.4
2025-04-21,NMB,254.1,254.1,249.1,249.79,78395,19678054.9
2025-04-22,NMB,249,252,247,247.57,46137,11455238.8
2025-04-23,NMB,249,249,243.5,243.82,53667,13137483.5
2025-04-24,NMB,245,245,239,242.06,62000,14929802.7
2025-04-27,NMB,239,242.6,238,239.36,97195,23308170.2
2025-04-28,NMB,236.3,239.9,236.2,237.95,68965,16446167.1
2025-04-29,NMB,240,240,236,237.53,27874,6612879.7
2025-04-30,NMB,235.3,236.5,234,235.06,50855,11946589.8
2025-05-04,NMB,232,236.5,232,233.1,68133,15946861.32
2025-05-05,NMB,231.1,234.7,231,233.06,19983,4656556.3
2025-05-06,NMB,231.3,233.9,231.3,232.65,30617,7123801.3
2025-05-07,NMB,231.6,244,231.3,240.7,87995,20904036.4
2025-05-08,NMB,240,241,236,239.03,31007,7389994.4
2025-05-11,NMB,240,245,238.1,238.74,38785,9328162.5
2025-05-13,NMB,237.1,239,235,236.36,32934,7817091.7
2025-05-14,NMB,234,237.8,232,235.86,16850,3967352.5
2025-05-15,NMB,236,237,233,234.78,50679,11899721.4
2025-05-18,NMB,233.1,235.5,232.1,233.63,23464,5481661.2
2025-05-19,NMB,232.5,239.7,232.5,238.14,46289,10873278.7
2025-05-20,NMB,235,245.8,235,244.63,45792,11035586.2
2025-05-21,NMB,249.5,259,241.3,242,64606,15989381
2025-05-22,NMB,242,254,242,251.38,108506,27107536.6
2025-05-25,NMB,252,254,244.5,247.29,81757,20271628
2025-05-26,NMB,252.2,257.2,246,249.87,126602,31594740
2025-05-27,NMB,246,252,244,251.39,49823,12424265.7
2025-05-28,NMB,250,255,246.2,254.05,83855,20980399
2025-06-02,NMB,259,259.1,249.4,250.52,64906,16482641.8
2025-06-03,NMB,251.9,251.9,246,246.26,78525,19485117.7
2025-06-04,NMB,246,246.9,240,241.48,52225,12677393.1
2025-06-05,NMB,245,245,238,240.71,36286,8738657.8
2025-06-08,NMB,245.5,245.5,235.8,240.06,20871,4996233.5
2025-06-09,NMB,240.06,242.7,239.1,241.62,21357,5140397.8
2025-06-10,NMB,240,251.9,238.2,241.97,83888,20323727.3
2025-06-11,NMB,240,245,238,243.48,55979,13497248.5
2025-06-12,NMB,245,245,238.7,241.82,32334,7794713.9
2025-06-15,NMB,237,245,237,240.67,43308,10479462.1
2025-06-16,NMB,238.1,243.4,237.1,240.26,52527,12615877.1
2025-06-17,NMB,239.1,243,239.1,240.4,40235,9687470.9
2025-06-18,NMB,236.2,240.9,236.2,238.41,35036,8377281.6
2025-06-19,NMB,238.5,238.7,236.1,236.6,51081,12128681.1
2025-06-22,NMB,240,241.3,234,235.23,49896,11765441.8
2025-06-23,NMB,234,237.9,234,235.25,27645,6498710.6
2025-06-24,NMB,239.9,243,235.2,235.72,60961,14428652.3
2025-06-25,NMB,235,240,233.1,234.9,20505,4812531.8
2025-06-26,NMB,233,236.9,233,235.39,29936,7050368.2
2025-06-29,NMB,233.1,258,233.1,243.23,45056,10740407.9
2025-06-30,NMB,248,248,240,243.95,43275,10525844.9
2025-07-01,NMB,240,247,239.4,246.61,48863,11955558.7
2025-07-02,NMB,247,251,245.1,250.08,77153,19232741.3
2025-07-03,NMB,255,256,246,253.3,132713,33485531.7
2025-07-06,NMB,252,255.7,250,253.27,62281,15771668.8
2025-07-07,NMB,258.3,258.3,248.2,249.22,73853,18506130.8
2025-07-08,NMB,245.1,249.8,245.1,247.27,46876,11618385.3
2025-07-09,NMB,245,253.8,245,252.61,51660,12919575.5
2025-07-10,NMB,255,264,255,258.85,199250,51769353.8
2025-07-13,NMB,264,273,262.2,264.44,297593,79145602.5
2025-07-14,NMB,264,264.9,259.5,260.25,140358,36655979.4
2025-07-15,NMB,261,266.6,260,265.68,129554,34135456.2
2025-07-16,NMB,269,271.5,265.5,269.72,281194,75847156.6
2025-07-17,NMB,273,274.9,269.1,272.05,169128,46064999.2
2025-07-20,NMB,266.7,276,266.7,267.89,173643,47291665.8
2025-07-21,NMB,270,270.3,265.3,269.4,186919,50037879.5
2025-07-22,NMB,269.4,274.9,268.1,273.52,221271,60227877.8
2025-07-23,NMB,268.1,278.4,268.1,277.03,263082,72329915.4
2025-07-24,NMB,276,277,271.7,274.48,147958,40512833.4
2025-07-27,NMB,273,278,272,272.51,152544,41977624
2025-07-28,NMB,270,275,268,270.66,149373,40490408.2
2025-07-29,NMB,270,275.5,270,272.5,183131,50114167.8
2025-07-30,NMB,273,274.9,268,268.3,150660,40726795.5
2025-07-31,NMB,271,271,264.3,264.88,122833,32727018.8
2025-08-03,NMB,263,263,257.3,257.61,85195,22158212.8
2025-08-04,NMB,259.9,283,256.1,263.19,91719,23954877
2025-08-05,NMB,265.9,269,261.7,262.47,81419,21601423.9
2025-08-06,NMB,260.3,263,259.5,261.71,35272,9223742
2025-08-07,NMB,265.9,265.9,261.1,263.24,59848,15757453.9
2025-08-11,NMB,265.5,268.5,260.5,260.95,132566,34937287.8
2025-08-12,NMB,266.1,266.1,258,259.27,51937,13457896.6
2025-08-13,NMB,261,261,254,254.15,80894,20684232.3
2025-08-14,NMB,255,255.5,251.2,252.33,39553,10005383.5
2025-08-17,NMB,254,254,246,246.41,78582,19555486.8
2025-08-18,NMB,246,248.5,245.5,246.36,59074,14574440.9
2025-08-19,NMB,249.9,250.9,247,248.05,43314,10782314.4
2025-08-20,NMB,250.9,252,246.2,251.52,27558,6905232.8
2025-08-21,NMB,249.1,252.1,248,249.51,42919,10744254.5
2025-08-24,NMB,245.2,252,245,249.27,34120,8469212.2
2025-08-25,NMB,248.1,251,248,249.79,22666,5649025.7
2025-08-26,NMB,250,252.4,248,249.92,19420,4848471
2025-08-27,NMB,254.9,254.9,249.2,253.27,89528,22593629.8
2025-08-28,NMB,251.6,278,249.1,250.61,81745,20730968.8
2025-08-31,NMB,252,252,249,249.32,54946,13739947.9
2025-09-01,NMB,254.3,255,248.7,253.45,59786,15062939.5
2025-09-02,NMB,258.5,258.5,250.2,253.8,63662,16093963.4
2025-09-03,NMB,258,258,249.3,251.96,37153,9341808.9
2025-09-04,NMB,252.5,252.5,247.5,249.85,23737,5917590.2
2025-09-07,NMB,253.9,253.9,249,249.68,34487,8627360
2025-09-08,NMB,247.5,252,245.5,245.86,37696,9317789.5
2025-09-18,NMB,248,248,239,239,75,18101
2025-09-21,NMB,239,246.9,238.9,245.9,103111,25067419.1
2025-09-23,NMB,247,250.8,246,249,41458,10300005.5
2025-09-24,NMB,252,252,245,247.9,14717,3626143.4
2025-09-25,NMB,250,250,243.6,248.4,20443,5010340.6
2025-09-28,NMB,248.4,250,245,248.5,35996,8924993.2
2025-10-07,NMB,245,248.8,240,243.4,56294,13622160.2
2025-10-08,NMB,240.2,245,236.6,238.1,88717,21167333.3
2025-10-09,NMB,242,255,239.1,240.9,53553,12981883.6
2025-10-12,NMB,237.1,243,234.6,239,109136,25851757
2025-10-13,NMB,243,245,236.3,239.1,39824,9517667.5
2025-10-14,NMB,241.9,241.9,238,239,40770,9742347.4
2025-10-15,NMB,241.7,241.7,236,237.9,58863,13967435.3
2025-10-16,NMB,239.9,240,234,235,149580,35438219
2025-10-19,NMB,237.9,239.7,235,238.3,22837,5428896.6
2025-10-26,NMB,234.3,238,233.8,237,23502,5523378.6
2025-10-28,NMB,238.7,242,236.1,242,22791,5449839
2025-10-29,NMB,238.7,243.5,238.7,240,16950,4073582.1
2025-10-30,NMB,236,240.7,236,240.6,40871,9768378
2025-11-02,NMB,243.9,244.4,240,242,53253,12845663.7
2025-11-03,NMB,244.7,244.7,240.5,241,32308,7815771.6
2025-11-04,NMB,239.4,243,239.4,243,33288,8011171.3
2025-11-05,NMB,243.8,243.8,239.3,242.5,46092,11081649.8
2025-11-06,NMB,247.3,247.3,240.2,242.6,26056,6303608
2025-11-09,NMB,238.1,240,235,235.4,49135,11652676.1
2025-11-10,NMB,236,239.7,234,234.9,32011,7532270.9
2025-11-11,NMB,234.9,234.9,232.2,232.8,31698,7390774.4
2025-11-12,NMB,233,233,231.8,232.5,18453,4288415.2
2025-11-13,NMB,231.4,253,231.3,237.6,60592,14135228.5
2025-11-16,NMB,238.1,238.1,234.5,236,30101,7088828.7
2025-11-17,NMB,237.7,238,234.1,235.5,13796,3257318.3
2025-11-18,NMB,237,237.9,235,236,50700,11962714.9
2025-11-19,NMB,234.8,238.2,234.1,234.6,24865,5845943.7
2025-11-20,NMB,235,238,234.5,237,34574,8162411.5
2025-11-23,NMB,241,243.9,239.5,243,96470,23279553.3
2025-11-24,NMB,244.5,247.2,243.1,247,60547,14866183.5
2025-11-25,NMB,248.9,248.9,245,247.9,65545,16158909.7
2025-11-26,NMB,249.7,252,247.1,251.8,52101,13039566.8
2025-11-27,NMB,255,260,250.4,260,123600,31669317.2
2025-11-30,NMB,256.8,260,250,253.8,83622,21384602.8
2025-12-01,NMB,253,254.7,249.3,251.4,60782,15295384.5
2025-12-02,NMB,255,255,248,249.8,57920,14503838.8
2025-12-03,NMB,254.7,254.7,247.9,247.9,66108,16522600.6
2025-12-07,NMB,248.7,249.8,245,249.6,49642,12266093.1
2025-12-08,NMB,248,249.2,245.3,248.1,41229,10217427.6
2025-12-09,NMB,246,249.8,244.8,247.3,25459,6284857.7
2025-12-10,NMB,250,250,245.5,247,19906,4908921.9
2025-12-11,NMB,245,247,245,245.9,26472,6509686.3
2025-12-14,NMB,247,248,244.8,247,37716,9267521.7
2025-12-15,NMB,249,250,245.5,248,63396,15693951.5
2025-12-16,NMB,250,254.9,248,252.1,65886,16572304.7
2025-12-17,NMB,253.9,256.5,252.2,256.1,66790,17007529.5
2025-12-18,NMB,255,257.1,254.5,255.6,110162,28181680.4
2025-12-21,NMB,257.29,257.29,254,255.1,68744,17516884
2025-12-22,NMB,260,260,253.5,253.6,77228,19644289.5
2025-12-23,NMB,256,256,253,254.9,128592,32670952
2025-12-24,NMB,239,239,233.5,235.1,63953,15020041.5
2025-12-28,NMB,239,240,233,240,85741,20342834.3
2025-12-29,NMB,243,243.8,236,237,57270,13684182
2025-12-31,NMB,240,243.9,238.2,238.2,47350,11377339.7
2026-01-01,NMB,242.9,242.9,237.1,238.8,28358,6742556.2
2026-01-04,NMB,242,242,235,235.1,44500,10533516.4
2026-01-05,NMB,235,238.9,235,236.1,34799,8239372.9
2026-01-06,NMB,235.3,240.6,235.3,240,61193,14668473.5
2026-01-07,NMB,239,241,235.6,237.2,28233,6715851.4
2026-01-08,NMB,237,239.6,237,239,36916,8799140.6
2026-01-12,NMB,243.7,243.7,239,239.9,31489,7542354.1
2026-01-13,NMB,239.9,240,237,239,35305,8421264
2026-01-14,NMB,239,240,237.2,239,21475,5131967.9
2026-01-18,NMB,238,240.9,237,238.8,51713,12313325.4
2026-01-20,NMB,237.2,244,237.2,240.5,67016,16131921
2026-01-21,NMB,238,242.5,238,242.5,65927,15910667.3
2026-01-22,NMB,241.8,243,240,241.5,31063,7482045.6
2026-01-25,NMB,242,246.7,240,246.4,56349,13701367.3
2026-01-26,NMB,246.4,247.9,242.7,244,45281,11093505.4
2026-01-27,NMB,242.2,245,240,240.1,62320,15083198.9
2026-01-28,NMB,240,244,240,240.1,46367,11169575.7
2026-01-29,NMB,240,241.9,239.2,239.5,53461,12824266.6
2026-02-01,NMB,237,240,237,237.2,32424,7715937
2026-02-02,NMB,240,240,236.1,238,27764,6580587.5
2026-02-03,NMB,237.5,240,235.9,235.9,39727,9434138.3
2026-02-04,NMB,231.2,239,231.2,233,69194,16190713.2
2026-02-05,NMB,233.1,235.8,233,234.1,74262,17406225.4
2026-02-08,NMB,236,242,234.2,234.3,27583,6502066.2
2026-02-09,NMB,234.4,234.4,232.2,232.7,39501,9216046.6
2026-02-10,NMB,232.5,236,232.5,234,33042,7726921.5
2026-02-11,NMB,237,237,233,233.3,16034,3751119.2
2026-02-12,NMB,235,235,233,234,22160,5177121
2026-02-16,NMB,237,237,234,235,32445,7639093.4
2026-02-17,NMB,233,236,233,235,43208,10149805.4
2026-02-22,NMB,232.3,235,232.1,234,25804,6025004.2
2026-02-23,NMB,233.1,235,232.4,233,43924,10246388.8
2026-02-24,NMB,235,235,232.4,234.8,11140,2599408.1
2026-02-25,NMB,236,236,233.1,234.5,22338,5227786.5
2026-02-26,NMB,239.1,239.1,234,238.5,40152,9509203.6
2026-03-01,NMB,234.2,238.8,234.1,238.8,39746,9406032.3
2026-03-03,NMB,243.5,243.5,235.4,241.9,31533,7592467.4
2026-03-09,NMB,246.7,251.6,246.7,246.7,5010,1256203
2026-03-10,NMB,251.6,265.2,249.9,253.1,296164,75183115
2026-03-11,NMB,255,255,250,252.7,88823,22344853.5
2026-03-12,NMB,257.7,259.9,249,257,106910,27158415.9
2026-03-15,NMB,258,259,253.1,256,53671,13668409.9
2026-03-16,NMB,254,255,251.2,253,57351,14494104
2026-03-17,NMB,248.1,254.7,248.1,254,36068,9114391.2
2026-03-19,NMB,249,262.9,249,260.9,221234,57349524.8
2026-03-22,NMB,264.9,271.4,261,269.8,290873,77669038.6
2026-03-23,NMB,268,269,264.5,269,101193,26913887.1
2026-03-24,NMB,270.8,270.8,263.8,269,170744,45514946.7
2026-03-25,NMB,264,272,262.2,265.7,142378,37786971
2026-03-26,NMB,268.8,268.8,261.2,265,96756,25457713.5
2026-03-29,NMB,265.5,267,257,257,155938,40509236.9
2026-03-30,NMB,260,260,247,248.6,124263,31111094.2
2026-03-31,NMB,251,254.5,246.5,254,92630,23114264.6
2026-04-01,NMB,257.9,257.9,247.1,248.1,69545,17345756.7
2026-04-02,NMB,243.2,252,243.2,249,40655,10079893
2026-04-05,NMB,249,249,239.5,240,88847,21518332
2026-04-06,NMB,244.8,247,240.1,244.2,54907,13397071.5
2026-04-07,NMB,246,249,242.1,242.2,35655,8758441.4
2026-04-08,NMB,245,249.9,244,248.9,69279,17025364.8
2026-04-09,NMB,252.7,263,248,252,58876,14878335.5
2026-04-10,NMB,257,257,250,251,24529,6171164.9
2026-04-13,NMB,252,254,248.4,248.4,20999,5244161
2026-04-15,NMB,253,253,249,252,47809,12026629.2
2026-04-16,NMB,249.4,251,247,250,31666,7878080.2
2026-04-17,NMB,253.9,253.9,245,248.5,35272,8707994.8
2026-04-20,NMB,236.1,257,236.1,245.6,15882,3902357.7
2026-04-21,NMB,241.2,248,241.2,243,31857,7770112.9
2026-04-22,NMB,247.8,247.8,240.5,245,34106,8242069.6
2026-04-23,NMB,246.8,246.8,241,242.9,15968,3864940.1
2026-04-24,NMB,252,252,240.1,244.9,27487,6643858.5
2026-04-27,NMB,257,257,240.6,245,13292,3244815.1
2026-04-28,NMB,245,250,241,242.9,37387,9070325.5
2026-04-29,NMB,242.9,247.9,240.1,241,23206,5590025.8
2026-04-30,NMB,246,246,239,240.4,25770,6172401.2
2026-05-04,NMB,252.4,252.4,237,238,41572,9893601
2026-05-05,NMB,242,242,236.1,241.7,30990,7395221.5
2026-05-06,NMB,245,245,237.7,240.9,20401,4889994.6
2026-05-07,NMB,243.9,243.9,238.6,242.3,23523,5655364.4
2026-05-08,NMB,244.8,244.8,239,242,26100,6296025.5
2026-05-11,NMB,245,245,242,244,29676,7204699
2026-05-12,NMB,246,248.5,243,244.2,48470,11885584.7
2026-05-13,NMB,241,246,240.2,244.1,32321,7859025.5
2026-05-14,NMB,240.1,244,240,244,24809,5990037.6
2026-05-15,NMB,246.9,246.9,242,244.2,28199,6900245.6
2026-05-18,NMB,244,247,241,245,16198,3952829.2
2026-05-19,NMB,247.9,247.9,243,246,25395,6237069.5
2026-05-20,NMB,243.3,247.5,243.3,247.5,26197,6450115.4
2026-05-21,NMB,247.5,247.5,244,246,12988,3182968.6
2026-05-22,NMB,246,251.9,244.1,248.6,46126,11474861.8
2026-05-25,NMB,248,251,247,248.2,18784,4673809.8
2026-05-26,NMB,248,249.9,243.7,248,138942,34098304.2
2026-05-27,NMB,251,251,245,249.4,43585,10804689.5
2026-06-01,NMB,249.4,249.4,243.1,246,56086,13740665.2
2026-06-02,NMB,244.7,248.1,244.1,245.4,41711,10298274.1
2026-06-03,NMB,245,247,243.2,244,30657,7498232.1
2026-06-04,NMB,248.9,249.7,242.1,245.9,33438,8204873.6
2026-06-05,NMB,244,246,242.7,243.2,16458,4015950.6
2026-06-08,NMB,243,246,240.3,244,55117,13362758.5
2026-06-09,NMB,241.2,245.8,241.2,244.8,29019,7065787.7
2026-06-10,NMB,242,246.9,242,245,14769,3609405.7
2026-06-11,NMB,245,246,241.3,245.9,36015,8796422.5
2026-06-12,NMB,245,245.5,243,245.4,14771,3610009.6
2026-06-15,NMB,245,246.9,242.2,244.5,22375,5439837.2
2026-06-16,NMB,244.9,244.9,242.3,242.3,22188,5384130.7
2026-06-17,NMB,242,245,241.1,242.1,17486,4244249.8
2026-06-18,NMB,230,243.9,230,242.9,26596,6388278.4
2026-06-19,NMB,244.5,245,240.3,241.2,18075,4376802.7
2026-06-22,NMB,246.4,246.4,240,241.8,15677,3772172.6
2026-06-23,NMB,241,241.9,238.5,240.5,24656,5911559.9
2026-06-24,NMB,241,241,237.8,239.3,31810,7576255
2026-06-25,NMB,240,241,237.5,238.1,11803,2816508.1
2026-06-26,NMB,241.5,241.5,237.5,237.9,9709,2312409.9
2026-06-29,NMB,238,239,234,237.9,33682,7944268.3
2026-06-30,NMB,240,240,235,235.5,28083,6614964.2
2026-07-01,NMB,230,239.9,230,238.2,24489,5823789.7
2026-07-02,NMB,238.5,241,236,241,38113,9083872.9
2026-07-03,NMB,240,241.9,239.2,239.2,27440,6598456.3
2026-07-06,NMB,241.5,241.5,236.3,236.4,16948,4020402.6
2026-07-07,NMB,238,240,235.2,239,60096,14255086.9
2026-07-08,NMB,237.2,239,236.1,237,15811,3748950.3
2026-07-09,NMB,235,239.9,235,235.6,38267,9028790
2026-07-10,NMB,240,240,235.2,236.5,19929,4703168.2
2026-07-13,NMB,240,240,235,235.9,24649,5805835.1
2026-07-14,NMB,235,238.4,234,235,29198,6873442.6
2026-07-15,NMB,237,239.8,235.3,236.6,115664,27455144.6
2026-07-16,NMB,241.5,241.5,236.1,239.5,13630,3239543.4
2026-07-17,NMB,241.6,245.9,237,245,24088,5863204.6
2026-07-20,NMB,233,247,233,246,52880,12928566.8
2026-07-21,NMB,246,247.3,243.2,244.9,45808,11230280.3
2026-07-22,NMB,243,245.7,240.7,243.9,31540,7687434.1
2026-07-23,NMB,232,245,232,243.1,26596,6467159.2
2026-07-24,NMB,241.8,249,241.8,247.1,60861,15022524.2
2026-07-27,NMB,235,268,235,250.2,178915,45956878.6
2026-07-28,NMB,237.9,251,237.9,249.2,33409,8316922.3
2026-07-29,NMB,247,252,247,248,45491,11326413.5
2026-07-30,NMB,246,253,246,248.6,29716,7359724.2
2026-07-31,NMB,250,250,245.1,249.9,31804,7898569.7
2026-08-03,NMB,237.5,253,237.5,248,85413,21306777.1
2026-08-04,NMB,253,253,245,247,85512,21171147.2
2026-08-05,NMB,252,252,245.5,246.5,31890,7858034.8
2026-08-06,NMB,247.1,247.1,241.1,243.9,67206,16390657.5
2026-08-07,NMB,242,245,240.1,243.1,49980,12156268.2
2026-08-10,NMB,243.1,247,241.2,243,21182,5137675.4
2026-08-11,NMB,243,243.4,242,243.3,19775,4801715.7
2026-08-12,NMB,251,251,241.3,242.9,34208,8290214.4
2026-08-13,NMB,243,243.5,241.4,242.5,24299,5896616.3
2026-08-14,NMB,254.6,254.6,240,242.8,35249,8526625.2
2026-08-17,NMB,254,254,238,240,112321,26983067
2026-08-18,NMB,241,241,238.1,239,37538,8976664.8
2026-08-19,NMB,239,239.8,236,238.7,42441,10084626.8
2026-08-20,NMB,239.9,240.3,237.2,240,38559,9216763.7
2026-08-21,NMB,239,241,238.9,240.8,52872,12690867.8
2026-08-24,NMB,241,241,238.8,240,38854,9312044.8
2026-08-25,NMB,240.9,241,238.4,239,38691,9276741
2026-08-26,NMB,239,240,236.6,237.5,27838,6600757.2
2026-08-27,NMB,236.2,237.9,235.5,236.8,22851,5414688.8
2026-08-31,NMB,236,237,235,235.3,44597,10504083.3
2026-09-01,NMB,247,247,235,235.8,29655,6985589.1
2026-09-02,NMB,235,239.6,235,239.6,56136,13292011.2
2026-09-03,NMB,239,240.9,238.1,238.5,26122,6239323.4
2026-09-07,NMB,250.4,250.4,238.1,239.9,45643,10959990.3
2026-09-09,NMB,251.8,251.8,239,242.3,28107,6787899.4
2026-09-10,NMB,243,243,239,239.4,49794,11968746.9
2026-09-11,NMB,251.3,251.3,238,242,32518,7825311.3
2026-09-14,NMB,244,245,242,243,34167,8318974.6
2026-09-15,NMB,255,260,245.5,252.6,125430,31405040.7
2026-09-16,NMB,247.5,251.7,247.5,249,53847,13407027.8
2026-09-17,NMB,250,252,249.1,251.5,71314,17870990.2
2026-09-18,NMB,251,258.7,251,257.9,158905,40556285
2026-09-22,NMB,258.2,262,256,259,140317,36283533.6
2026-09-23,NMB,255,258.8,251.3,253.7,111849,28318758.8
2026-09-24,NMB,266.3,266.3,251.3,257.1,78733,20069677
2026-09-28,NMB,256,258.8,255,257,91677,23581520.2
2026-09-29,NMB,255,258,254.1,257,97465,24957022
2026-09-30,NMB,252.2,257,252,254.3,63153,16108463.9
2026-10-01,NMB,254,257,254,255.5,107408,27404379
2026-10-02,NMB,265,265,252.4,253,67586,17171082.7
2026-10-05,NMB,250.1,254,248.3,251.8,98808,24731272.1
2026-10-06,NMB,240,254,240,252.7,71750,18141959.4
2026-10-07,NMB,265,265,249,255.2,142472,36283527.4
2026-10-08,NMB,255,255,251.3,254.8,125294,31735282.3
