date,symbol,open,high,low,close,volume,turnover
2016-05-08,NMBMF,1090,1144,1144,1144,40,45760
2016-05-11,NMBMF,1144,1166,1166,1166,10,11660
2016-05-17,NMBMF,1166,1224,1224,1224,10,12240
2016-05-18,NMBMF,1224,1285,1285,1285,10,12850
2016-05-22,NMBMF,1285,1375,1349,1375,20,27240
2016-05-23,NMBMF,1375,1500,1443,1500,40,59140
2016-05-24,NMBMF,1500,1638,1575,1638,40,63940
2016-05-25,NMBMF,1638,1703,1670,1703,30,50760
2016-05-31,NMBMF,1703,1806,1737,1806,30,53140
2016-06-02,NMBMF,1806,1842,1842,1842,10,18420
2016-06-08,NMBMF,1842,1855,1855,1855,10,18550
2016-06-13,NMBMF,1855,2024,1947,2024,30,59560
2016-06-14,NMBMF,2024,2105,2064,2105,20,41690
2016-06-15,NMBMF,2105,2315,2147,2315,70,157890
2016-06-16,NMBMF,2315,2361,2361,2361,10,23610
2016-06-19,NMBMF,2361,2578,2479,2578,30,75850
2016-06-20,NMBMF,2578,2681,2629,2681,60,160340
2016-06-21,NMBMF,2681,2949,2734,2949,50,142130
2016-06-22,NMBMF,2949,3243,3007,3243,160,513080
2016-06-23,NMBMF,3243,3567,3307,3567,950,3379650
2016-06-26,NMBMF,3567,3923,3540,3600,2847,10686681
2016-06-27,NMBMF,3600,3550,3500,3500,210,737220
2016-06-28,NMBMF,3500,3551,3450,3551,1740,6101190
2016-06-29,NMBMF,3551,3695,3536,3635,960,3476300
2016-06-30,NMBMF,3635,3835,3650,3790,500,1875500
2016-07-03,NMBMF,3790,4130,3781,4130,1655,6684830
2016-07-04,NMBMF,4130,4136,4025,4136,980,3995840
2016-07-05,NMBMF,4136,4145,4070,4108,320,1312010
2016-07-06,NMBMF,4108,4180,4000,4151,470,1934070
2016-07-10,NMBMF,4151,4220,4140,4152,720,2996780
2016-07-11,NMBMF,4152,4070,4015,4040,380,1535850
2016-07-12,NMBMF,4040,4039,4000,4030,360,1442830
2016-07-13,NMBMF,4030,3953,3800,3902,160,620750
2016-07-14,NMBMF,3902,4124,3980,4100,320,1299320
2016-07-17,NMBMF,4100,4018,3690,3690,250,931070
2016-07-18,NMBMF,3690,3748,3333,3711,1220,4406000
2016-07-19,NMBMF,3711,3835,3650,3835,590,2229880
2016-07-20,NMBMF,3835,3800,3701,3800,490,1845760
2016-07-21,NMBMF,3800,3750,3640,3640,150,555400
2016-07-25,NMBMF,3640,3800,3570,3800,140,507700
2016-07-26,NMBMF,3800,4180,3870,4180,1153,4748548
2016-07-27,NMBMF,4180,4434,4200,4298,720,3109450
2016-07-28,NMBMF,4298,4380,4132,4380,820,3490350
2016-07-31,NMBMF,4380,4350,4260,4316,460,1979360
2016-08-01,NMBMF,4316,4299,4250,4275,200,853650
2016-08-02,NMBMF,4275,4300,4230,4238,210,891620
2016-08-03,NMBMF,4238,4456,4155,4456,890,3746970
2016-08-04,NMBMF,4456,4400,4400,4400,50,220000
2016-08-07,NMBMF,4400,4350,4155,4161,454,1906895
2016-08-08,NMBMF,4161,4161,4100,4100,443,1820629
2016-08-10,NMBMF,4100,4200,4067,4105,292,1206789
2016-08-11,NMBMF,4105,4299,4152,4155,200,838342
2016-08-14,NMBMF,4155,4220,4102,4200,275,1146310
2016-08-15,NMBMF,4200,4120,4031,4035,180,728440
2016-08-16,NMBMF,4035,4060,4035,4045,126,509652
2016-08-17,NMBMF,4045,4161,4053,4161,252,1034681
2016-08-21,NMBMF,4161,4160,4038,4038,305,1261357
2016-08-22,NMBMF,4038,4118,3960,3965,116,468624
2016-08-23,NMBMF,3965,4010,3950,4010,180,716115
2016-08-24,NMBMF,4010,4010,4000,4010,53,212310
2016-08-28,NMBMF,4010,4050,3950,4050,272,1083348
2016-08-29,NMBMF,4050,4050,3950,4000,468,1869890
2016-08-30,NMBMF,4000,4100,4050,4060,295,1197450
2016-08-31,NMBMF,4060,4005,4005,4005,31,124155
2016-09-01,NMBMF,4005,4100,4024,4024,250,1015060
2016-09-03,NMBMF,4024,4130,4026,4130,96,389271
2016-09-05,NMBMF,4130,4400,4140,4205,211,893552
2016-09-06,NMBMF,4205,4300,4165,4250,308,1310211
2016-09-07,NMBMF,4250,4275,4260,4275,32,136470
2016-09-08,NMBMF,4275,4340,4250,4250,281,1204604
2016-09-11,NMBMF,4250,4360,4250,4360,1197,5139359
2016-09-12,NMBMF,4360,4488,4350,4480,505,2240845
2016-09-14,NMBMF,4480,4692,4470,4601,572,2608551
2016-09-18,NMBMF,4601,4600,4500,4501,305,1384970
2016-09-20,NMBMF,4501,4570,4410,4520,1330,6028662
2016-09-21,NMBMF,4520,4540,4402,4440,835,3738844
2016-09-22,NMBMF,4440,4528,4425,4490,413,1845982
2016-09-25,NMBMF,4490,4401,4110,4155,743,3141732
2016-09-26,NMBMF,4155,4348,4051,4170,289,1219268
2016-09-27,NMBMF,4170,4233,4100,4232,399,1673175
2016-09-28,NMBMF,4232,4200,4170,4170,114,478470
2016-09-29,NMBMF,4170,4406,4232,4300,465,1993318
2016-10-02,NMBMF,4300,4350,4250,4260,415,1784335
2016-10-03,NMBMF,4260,4345,4095,4176,319,1331360
2016-10-04,NMBMF,4176,4170,4096,4170,195,802162
2016-10-05,NMBMF,4170,4200,4120,4200,398,1655377
2016-10-06,NMBMF,4200,4190,4149,4190,320,1332669
2016-10-16,NMBMF,4190,4190,4134,4136,99,411456
2016-10-17,NMBMF,4136,4120,4060,4060,88,360140
2016-10-18,NMBMF,4060,4050,4030,4030,76,307600
2016-10-19,NMBMF,4030,4031,4000,4030,103,414181
2016-10-20,NMBMF,4030,4100,4010,4100,118,478775
2016-10-23,NMBMF,4100,4180,4100,4120,728,2994309
2016-10-24,NMBMF,4120,4222,4095,4200,1449,5960034
2016-10-25,NMBMF,4200,4260,4100,4215,791,3310040
2016-10-26,NMBMF,4215,4160,4100,4125,343,1420299
2016-10-27,NMBMF,4125,4250,4180,4222,482,2035381
2016-11-03,NMBMF,1772,1949,1800,1949,2129,4087074
2016-11-07,NMBMF,1949,2143,1912,2143,454,958694
2016-11-08,NMBMF,2143,2357,2143,2145,1334,2976523
2016-11-09,NMBMF,2145,2140,2096,2096,179,379151
2016-11-10,NMBMF,2096,2137,2090,2090,64,134778
2016-11-13,NMBMF,2090,2090,2070,2070,330,686200
2016-11-14,NMBMF,2070,2029,2000,2020,71,142639
2016-11-15,NMBMF,2020,2065,2060,2060,165,340005
2016-11-16,NMBMF,2060,2050,2040,2040,92,188400
2016-11-17,NMBMF,2040,2000,1920,1920,70,136810
2016-11-20,NMBMF,1920,1958,1958,1958,64,125312
2016-11-21,NMBMF,1958,1940,1905,1905,353,673515
2016-11-22,NMBMF,1905,1892,1892,1892,20,37840
2016-11-24,NMBMF,1892,1900,1860,1863,181,337402
2016-11-29,NMBMF,1863,1826,1826,1826,11,20086
2016-11-30,NMBMF,1826,1826,1795,1795,71,128157
2016-12-01,NMBMF,1795,1830,1680,1680,621,1080711
2016-12-04,NMBMF,1680,1707,1680,1680,656,1113273
2016-12-05,NMBMF,1680,1690,1647,1647,384,637340
2016-12-06,NMBMF,1647,1645,1620,1645,335,545055
2016-12-07,NMBMF,1645,1625,1600,1600,47,75640
2016-12-08,NMBMF,1600,1632,1632,1632,11,17952
2016-12-11,NMBMF,1632,1600,1600,1600,31,49600
2016-12-12,NMBMF,1600,1580,1507,1565,163,253951
2016-12-14,NMBMF,1565,1565,1565,1565,10,15650
2016-12-15,NMBMF,1565,1565,1522,1522,160,244870
2016-12-18,NMBMF,1522,1552,1495,1495,33,50292
2016-12-19,NMBMF,1495,1523,1466,1523,62,92390
2016-12-20,NMBMF,1523,1520,1485,1495,199,298365
2016-12-21,NMBMF,1495,1524,1450,1490,908,1347884
2016-12-22,NMBMF,1490,1505,1471,1490,166,246230
2016-12-26,NMBMF,1490,1490,1431,1459,786,1129245
2016-12-27,NMBMF,1459,1430,1402,1414,387,550510
2016-12-28,NMBMF,1414,1451,1395,1451,318,450641
2016-12-29,NMBMF,1451,1480,1470,1480,144,212098
2017-01-01,NMBMF,1480,1494,1494,1494,50,74700
2017-01-02,NMBMF,1494,1615,1500,1615,576,888588
2017-01-03,NMBMF,1615,1630,1600,1600,130,211000
2017-01-04,NMBMF,1600,1570,1539,1539,110,169600
2017-01-05,NMBMF,1539,1510,1491,1491,500,746650
2017-01-08,NMBMF,1491,1493,1465,1475,246,365127
2017-01-10,NMBMF,1475,1555,1504,1555,170,263100
2017-01-17,NMBMF,1555,1525,1525,1525,20,30500
2017-01-18,NMBMF,1525,1500,1500,1500,11,16500
2017-01-19,NMBMF,1500,1485,1477,1485,71,105097
2017-01-22,NMBMF,1485,1472,1470,1470,120,176460
2017-01-23,NMBMF,1470,1470,1465,1470,22,32285
2017-01-24,NMBMF,1470,1465,1441,1441,83,120023
2017-01-25,NMBMF,1441,1450,1440,1450,21,30340
2017-01-26,NMBMF,1450,1455,1421,1421,47,67506
2017-01-30,NMBMF,1421,1420,1420,1420,11,15620
2017-01-31,NMBMF,1420,1420,1420,1420,70,99400
2017-02-01,NMBMF,1420,1485,1444,1485,308,451318
2017-02-02,NMBMF,1485,1496,1480,1496,91,135006
2017-02-06,NMBMF,1496,1500,1500,1500,11,16500
2017-02-07,NMBMF,1500,1505,1500,1502,92,138301
2017-02-08,NMBMF,1502,1502,1445,1445,133,193209
2017-02-09,NMBMF,1445,1417,1366,1372,117,161636
2017-02-12,NMBMF,1372,1345,1293,1293,44,57750
2017-02-13,NMBMF,1293,1315,1239,1264,206,260578
2017-02-14,NMBMF,1264,1289,1266,1270,125,159200
2017-02-15,NMBMF,1270,1360,1295,1360,62,82025
2017-02-16,NMBMF,1360,1414,1315,1414,291,393917
2017-02-19,NMBMF,1414,1470,1390,1470,51,73050
2017-02-20,NMBMF,1470,1525,1470,1470,380,565430
2017-02-21,NMBMF,1470,1499,1445,1445,41,60060
2017-02-22,NMBMF,1445,1465,1420,1465,73,104641
2017-02-26,NMBMF,1465,1436,1380,1380,33,46464
2017-03-01,NMBMF,1380,1400,1350,1399,332,458393
2017-03-02,NMBMF,1399,1426,1416,1426,94,133736
2017-03-05,NMBMF,1426,1410,1400,1410,5,7040
2017-03-07,NMBMF,1426,1440,1412,1412,21,29960
2017-03-13,NMBMF,1412,1428,1400,1428,21,29680
2017-03-14,NMBMF,1428,1450,1450,1450,20,29000
2017-03-15,NMBMF,1450,1452,1452,1452,61,88572
2017-03-16,NMBMF,1452,1481,1480,1481,41,60691
2017-03-19,NMBMF,1481,1510,1510,1510,54,81540
2017-03-20,NMBMF,1510,1610,1540,1610,94,149820
2017-03-21,NMBMF,1610,1706,1600,1706,310,510250
2017-03-22,NMBMF,1706,1876,1740,1876,275,492442
2017-03-23,NMBMF,1876,1899,1794,1794,333,611317
2017-03-26,NMBMF,1794,1880,1800,1842,359,668432
2017-03-28,NMBMF,1842,1806,1806,1806,44,79464
2017-03-29,NMBMF,1806,1825,1806,1825,394,714981
2017-03-30,NMBMF,1825,1820,1800,1800,115,207880
2017-04-02,NMBMF,1800,1947,1836,1947,244,457276
2017-04-03,NMBMF,1947,1985,1910,1910,415,800569
2017-04-04,NMBMF,1910,1948,1900,1900,324,627044
2017-04-06,NMBMF,1900,1863,1826,1826,33,60929
2017-04-09,NMBMF,1826,1890,1850,1890,545,1022138
2017-04-10,NMBMF,1890,2079,1860,2079,484,961173
2017-04-11,NMBMF,2079,2249,2114,2215,552,1216499
2017-04-12,NMBMF,2215,2436,2259,2400,1283,3105367
2017-04-13,NMBMF,2400,2409,2320,2340,613,1447646
2017-04-16,NMBMF,2340,2505,2350,2352,1141,2744643
2017-04-18,NMBMF,2352,2400,2300,2315,864,2031035
2017-04-19,NMBMF,2315,2455,2360,2455,301,722984
2017-04-20,NMBMF,2455,2455,2410,2410,62,149926
2017-04-23,NMBMF,2410,2458,2409,2409,644,1576046
2017-04-24,NMBMF,2409,2409,2361,2400,231,550561
2017-04-25,NMBMF,2400,2452,2399,2450,484,1180756
2017-04-26,NMBMF,2450,2695,2452,2695,3048,8011591
2017-04-27,NMBMF,2695,2858,2738,2772,1152,3223798
2017-04-30,NMBMF,2772,2922,2727,2922,1260,3554611
2017-05-02,NMBMF,2922,3182,2808,3182,1582,4727299
2017-05-03,NMBMF,3182,3245,2950,3020,945,2932987
2017-05-04,NMBMF,3020,3030,2901,3000,374,1111233
2017-05-07,NMBMF,3000,2950,2790,2870,145,415240
2017-05-08,NMBMF,2870,2968,2852,2930,709,2069048
2017-05-09,NMBMF,2930,2932,2851,2880,411,1187370
2017-05-11,NMBMF,2880,2975,2841,2975,159,464580
2017-05-15,NMBMF,2975,2975,2845,2845,190,555910
2017-05-16,NMBMF,2845,2892,2811,2892,150,427696
2017-05-17,NMBMF,2892,2896,2855,2896,61,175080
2017-05-18,NMBMF,2896,2920,2750,2920,602,1699724
2017-05-21,NMBMF,2920,2972,2913,2915,133,388180
2017-05-22,NMBMF,2915,2900,2857,2861,314,907820
2017-05-23,NMBMF,2861,3025,2915,2930,1396,4122341
2017-05-24,NMBMF,2930,2988,2830,2988,349,1015008
2017-05-28,NMBMF,2988,2988,2985,2985,36,107449
2017-05-30,NMBMF,2985,2926,2850,2880,274,789346
2017-05-31,NMBMF,2880,2935,2880,2910,389,1134355
2017-06-01,NMBMF,2910,2945,2855,2855,214,616142
2017-06-04,NMBMF,2855,2845,2799,2815,133,374049
2017-06-05,NMBMF,2815,2876,2820,2852,283,806635
2017-06-06,NMBMF,2852,2949,2900,2900,417,1222617
2017-06-07,NMBMF,2900,3017,2901,2903,964,2837234
2017-06-08,NMBMF,2903,3029,2878,3029,1689,4968483
2017-06-11,NMBMF,3029,3070,2921,2921,364,1084548
2017-06-12,NMBMF,2921,2920,2851,2862,129,371353
2017-06-13,NMBMF,2862,2860,2780,2860,510,1428411
2017-06-14,NMBMF,2860,2900,2730,2772,905,2517290
2017-06-15,NMBMF,2772,2826,2731,2770,1598,4432963
2017-06-18,NMBMF,2770,2740,2700,2700,835,2275632
2017-06-19,NMBMF,2700,2700,2648,2661,517,1384671
2017-06-20,NMBMF,2661,2824,2610,2667,1421,3832495
2017-06-21,NMBMF,2667,2720,2645,2720,557,1500609
2017-06-22,NMBMF,2720,2715,2700,2700,324,875304
2017-06-25,NMBMF,2700,2754,2700,2739,507,1385623
2017-06-27,NMBMF,2739,2750,2690,2730,1898,5186247
2017-06-28,NMBMF,2730,2728,2661,2700,1206,3255878
2017-07-02,NMBMF,2700,2675,2653,2653,1136,3021165
2017-07-03,NMBMF,2653,2720,2650,2670,209,560472
2017-07-04,NMBMF,2670,2723,2660,2714,1167,3131963
2017-07-05,NMBMF,2714,2700,2666,2700,333,891924
2017-07-06,NMBMF,2700,2790,2700,2740,1453,3981524
2017-07-09,NMBMF,2740,2765,2690,2740,2368,6459851
2017-07-10,NMBMF,2740,2806,2745,2759,2481,6891737
2017-07-11,NMBMF,2759,2840,2705,2800,6931,19533572
2017-07-12,NMBMF,2800,2856,2793,2810,875,2465247
2017-07-13,NMBMF,2810,2846,2765,2846,727,2044904
2017-07-16,NMBMF,2846,2920,2815,2905,1808,5182046
2017-07-17,NMBMF,2905,2998,2905,2960,2419,7110890
2017-07-18,NMBMF,2960,3019,2915,2980,2167,6430027
2017-07-19,NMBMF,2980,2970,2910,2912,2825,8244638
2017-07-20,NMBMF,2912,2947,2865,2901,3574,10403275
2017-07-23,NMBMF,2901,2979,2940,2944,1756,5187458
2017-07-24,NMBMF,2944,2950,2895,2929,458,1340222
2017-07-25,NMBMF,2929,2950,2900,2900,1161,3398068
2017-07-26,NMBMF,2900,2958,2900,2931,843,2475419
2017-07-27,NMBMF,2931,3060,2921,2950,1572,4686002
2017-07-30,NMBMF,2950,3039,2921,2960,2262,6702727
2017-07-31,NMBMF,2960,3001,2950,3000,3101,9281170
2017-08-01,NMBMF,3000,3203,3020,3203,3448,10685727
2017-08-02,NMBMF,3203,3266,3090,3140,1098,3456592
2017-08-03,NMBMF,3140,3100,3020,3038,823,2529071
2017-08-06,NMBMF,3038,3030,2995,3010,1306,3932484
2017-08-07,NMBMF,3010,3010,2941,2990,1671,4958243
2017-08-09,NMBMF,2990,3045,2950,2980,1126,3357187
2017-08-10,NMBMF,2980,2999,2970,2972,2407,7178276
2017-08-13,NMBMF,2972,3031,2940,2960,575,1699665
2017-08-15,NMBMF,2960,2908,2851,2908,2155,6199384
2017-08-16,NMBMF,2908,2958,2842,2875,822,2367480
2017-08-17,NMBMF,2875,2820,2800,2805,1421,3999869
2017-08-20,NMBMF,2805,2800,2760,2800,651,1805481
2017-08-21,NMBMF,2800,2800,2789,2800,133,370691
2017-08-22,NMBMF,2800,2810,2770,2798,200,560602
2017-08-23,NMBMF,2798,2780,2756,2760,407,1123671
2017-08-24,NMBMF,2760,2800,2736,2800,769,2128439
2017-08-27,NMBMF,2800,2890,2840,2890,730,2091620
2017-08-28,NMBMF,2890,2975,2889,2975,1443,4221102
2017-08-30,NMBMF,2975,2999,2900,2972,3666,10805804
2017-08-31,NMBMF,2972,2980,2870,2870,975,2846315
2017-09-04,NMBMF,2870,2850,2813,2830,819,2315540
2017-09-06,NMBMF,2830,2895,2850,2895,798,2288029
2017-09-07,NMBMF,2895,2950,2786,2786,983,2808727
2017-09-10,NMBMF,2786,2825,2785,2785,789,2202592
2017-09-11,NMBMF,2785,2839,2760,2810,861,2406715
2017-09-12,NMBMF,2810,2810,2700,2760,1141,3161860
2017-09-13,NMBMF,2760,2720,2672,2672,948,2555888
2017-09-14,NMBMF,2672,2740,2700,2713,674,1833497
2017-09-17,NMBMF,2713,2760,2686,2730,704,1926669
2017-09-18,NMBMF,2730,2730,2703,2720,384,1044763
2017-09-20,NMBMF,2720,2748,2676,2701,637,1736719
2017-09-24,NMBMF,2701,2805,2700,2794,193,534531
2017-09-25,NMBMF,2794,2799,2764,2764,179,495794
2017-09-26,NMBMF,2764,2817,2757,2757,359,996955
2017-10-03,NMBMF,2757,2757,2715,2715,2,5404
2017-10-04,NMBMF,2715,2715,2710,2710,73,197980
2017-10-08,NMBMF,2710,2700,2690,2710,6,16150
2017-10-09,NMBMF,2710,2660,2615,2615,188,495320
2017-10-10,NMBMF,2615,2645,2606,2625,401,1053170
2017-10-11,NMBMF,2625,2605,2602,2602,113,294136
2017-10-12,NMBMF,2602,2650,2597,2630,158,411962
2017-10-15,NMBMF,2630,2652,2630,2652,107,282420
2017-10-16,NMBMF,2652,2800,2600,2800,449,1241739
2017-10-17,NMBMF,2800,2800,2798,2798,3,8235
2017-10-18,NMBMF,2798,2798,2700,2794,702,1940984
2017-10-22,NMBMF,2794,2794,2794,2794,28,78232
2017-10-23,NMBMF,2794,2800,2790,2790,537,1500095
2017-10-24,NMBMF,2790,2760,2725,2725,258,710524
2017-10-25,NMBMF,2725,2715,2690,2690,179,484395
2017-10-29,NMBMF,2690,2690,2641,2641,403,1073086
2017-10-30,NMBMF,2641,2641,2601,2610,212,556728
2017-10-31,NMBMF,2610,2662,2620,2620,324,854466
2017-11-01,NMBMF,2620,2600,2568,2600,259,667972
2017-11-02,NMBMF,2600,2610,2548,2575,407,1051449
2017-11-05,NMBMF,2575,2524,2474,2520,360,903288
2017-11-06,NMBMF,2520,2500,2450,2450,1471,3637323
2017-11-07,NMBMF,2450,2430,2370,2371,727,1746455
2017-11-08,NMBMF,2371,2335,2325,2335,184,428178
2017-11-09,NMBMF,2335,2400,2250,2345,1829,4241045
2017-11-12,NMBMF,1876,1875,1834,1834,195,359395
2017-11-13,NMBMF,1834,1829,1742,1829,919,1629165
2017-11-14,NMBMF,1829,1902,1850,1864,160,299738
2017-11-15,NMBMF,1864,1850,1828,1828,81,149542
2017-11-16,NMBMF,1828,1810,1780,1780,154,276800
2017-11-19,NMBMF,1780,1755,1745,1754,116,203002
2017-11-20,NMBMF,1754,1754,1720,1720,156,270474
2017-11-21,NMBMF,1720,1725,1700,1725,257,441900
2017-11-22,NMBMF,1725,1750,1715,1715,1147,1976799
2017-11-23,NMBMF,1715,1765,1715,1765,1407,2450276
2017-11-26,NMBMF,1765,1800,1765,1790,802,1436882
2017-11-27,NMBMF,1790,1855,1805,1855,626,1140990
2017-11-28,NMBMF,1855,1850,1850,1850,58,107300
2017-11-29,NMBMF,1850,1958,1850,1920,549,1036337
2017-11-30,NMBMF,1920,1999,1882,1999,1207,2357646
2017-12-04,NMBMF,1999,2015,1965,2015,346,690133
2017-12-05,NMBMF,2015,2050,2015,2050,974,1970943
2017-12-06,NMBMF,2050,2149,2040,2103,491,1027827
2017-12-10,NMBMF,2103,2180,2050,2050,540,1157913
2017-12-11,NMBMF,2050,2010,1995,2000,477,953285
2017-12-12,NMBMF,2000,2000,1960,1960,510,1001070
2017-12-13,NMBMF,1960,2038,1921,2038,489,959762
2017-12-14,NMBMF,2038,2020,2000,2020,167,334620
2017-12-17,NMBMF,2020,2009,1981,2009,223,446971
2017-12-18,NMBMF,2009,1973,1935,1973,93,181315
2017-12-19,NMBMF,1973,1970,1921,1963,909,1773621
2017-12-20,NMBMF,1963,1949,1915,1949,235,452583
2017-12-21,NMBMF,1949,1957,1911,1957,243,469706
2017-12-24,NMBMF,1957,1999,1954,1999,303,598857
2017-12-26,NMBMF,1999,1987,1905,1905,615,1193220
2017-12-27,NMBMF,1905,1907,1847,1907,746,1403380
2017-12-28,NMBMF,1907,1900,1865,1890,405,764709
2017-12-31,NMBMF,1890,1860,1835,1840,411,758238
2018-01-01,NMBMF,1840,1970,1845,1970,98,184760
2018-01-02,NMBMF,1970,2009,1940,1940,213,418915
2018-01-03,NMBMF,1940,1902,1866,1900,637,1203655
2018-01-04,NMBMF,1900,1901,1864,1900,84,157314
2018-01-07,NMBMF,1900,1930,1920,1925,193,371051
2018-01-08,NMBMF,1925,1929,1855,1929,136,257470
2018-01-09,NMBMF,1929,1967,1928,1928,47,91975
2018-01-10,NMBMF,1928,1900,1865,1865,63,118364
2018-01-14,NMBMF,1865,1870,1800,1870,1083,1976445
2018-01-16,NMBMF,1870,1833,1800,1800,657,1189150
2018-01-17,NMBMF,1800,1825,1764,1825,352,622128
2018-01-21,NMBMF,1825,1830,1800,1800,100,180320
2018-01-22,NMBMF,1800,1810,1770,1770,56,100280
2018-01-23,NMBMF,1770,1805,1770,1770,178,316060
2018-01-24,NMBMF,1770,1770,1760,1764,79,139245
2018-01-25,NMBMF,1764,1810,1764,1810,384,682322
2018-01-28,NMBMF,1810,1818,1783,1785,437,783121
2018-01-29,NMBMF,1785,1784,1749,1757,222,392739
2018-01-31,NMBMF,1757,1819,1792,1813,88,159366
2018-02-01,NMBMF,1813,1820,1810,1815,199,361491
2018-02-04,NMBMF,1815,1796,1791,1795,260,466710
2018-02-05,NMBMF,1795,1819,1750,1750,274,483843
2018-02-06,NMBMF,1750,1774,1740,1750,384,672392
2018-02-07,NMBMF,1750,1750,1715,1715,605,1047200
2018-02-08,NMBMF,1715,1749,1714,1749,541,940041
2018-02-11,NMBMF,1749,1720,1715,1720,112,192208
2018-02-12,NMBMF,1720,1691,1691,1691,20,33820
2018-02-14,NMBMF,1691,1705,1690,1691,263,444895
2018-02-15,NMBMF,1691,1792,1705,1792,241,428985
2018-02-18,NMBMF,1757,1757,1757,1757,27,47439
2018-02-20,NMBMF,1726,1726,1726,1726,150,258900
2018-02-21,NMBMF,1726,1726,1726,1726,32,55096
2018-02-22,NMBMF,1708,1711,1704,1704,494,843611
2018-02-25,NMBMF,1738,1738,1700,1700,111,190916
2018-02-26,NMBMF,1670,1670,1640,1640,349,576740
2018-02-27,NMBMF,1670,1680,1637,1669,792,1307002
2018-02-28,NMBMF,1640,1640,1611,1630,163,264510
2018-03-04,NMBMF,1598,1598,1539,1539,371,573533
2018-03-05,NMBMF,1516,1516,1480,1480,190,284860
2018-03-06,NMBMF,1452,1452,1395,1395,485,689670
2018-03-07,NMBMF,1422,1479,1405,1470,2032,2920198
2018-03-11,NMBMF,1450,1450,1400,1400,357,503767
2018-03-12,NMBMF,1424,1456,1381,1408,728,1034574
2018-03-13,NMBMF,1386,1420,1386,1418,106,148482
2018-03-14,NMBMF,1400,1420,1400,1400,250,351000
2018-03-15,NMBMF,1375,1426,1372,1400,383,533274
2018-03-18,NMBMF,1380,1380,1360,1360,273,374390
2018-03-19,NMBMF,1351,1360,1350,1360,71,96028
2018-03-20,NMBMF,1360,1360,1316,1316,875,1165575
2018-03-21,NMBMF,1335,1335,1266,1267,1063,1368523
2018-03-22,NMBMF,1243,1300,1172,1250,1301,1601236
2018-03-26,NMBMF,1230,1230,1170,1170,134,160120
2018-03-27,NMBMF,1147,1287,1125,1287,1120,1337271
2018-03-28,NMBMF,1287,1300,1240,1240,770,993525
2018-03-29,NMBMF,1217,1245,1217,1245,600,740720
2018-04-01,NMBMF,1269,1270,1245,1245,87,110112
2018-04-02,NMBMF,1230,1230,1230,1230,99,121770
2018-04-03,NMBMF,1212,1212,1210,1210,138,167122
2018-04-04,NMBMF,1234,1326,1234,1326,706,913063
2018-04-05,NMBMF,1352,1379,1324,1350,964,1300512
2018-04-08,NMBMF,1377,1442,1305,1430,2110,2902139
2018-04-09,NMBMF,1402,1458,1350,1350,1825,2599654
2018-04-10,NMBMF,1325,1377,1325,1354,1149,1546204
2018-04-11,NMBMF,1340,1380,1327,1339,997,1353100
2018-04-12,NMBMF,1313,1375,1307,1343,1882,2604161
2018-04-15,NMBMF,1318,1372,1300,1372,1895,2514243
2018-04-16,NMBMF,1397,1454,1360,1454,2524,3556758
2018-04-17,NMBMF,1426,1598,1426,1549,3040,4607732
2018-04-18,NMBMF,1579,1605,1518,1568,4704,7363638
2018-04-19,NMBMF,1565,1575,1520,1550,1948,3021545
2018-04-22,NMBMF,1580,1705,1550,1705,1808,2938617
2018-04-23,NMBMF,1739,1740,1635,1635,6728,11408833
2018-04-24,NMBMF,1605,1702,1600,1631,1066,1748478
2018-04-25,NMBMF,1630,1647,1601,1647,274,443629
2018-04-26,NMBMF,1625,1630,1584,1600,1216,1948200
2018-04-29,NMBMF,1625,1632,1568,1599,814,1305733
2018-05-02,NMBMF,1568,1690,1568,1690,376,604326
2018-05-03,NMBMF,1723,1760,1698,1740,4521,7822457
2018-05-06,NMBMF,1720,1722,1673,1699,3538,5980889
2018-05-07,NMBMF,1699,1699,1620,1650,881,1440311
2018-05-08,NMBMF,1683,1695,1655,1695,702,1171467
2018-05-09,NMBMF,1700,1700,1660,1660,494,830860
2018-05-10,NMBMF,1693,1693,1632,1655,702,1179045
2018-05-14,NMBMF,1622,1625,1600,1600,120,193039
2018-05-15,NMBMF,1570,1601,1570,1576,80,126120
2018-05-16,NMBMF,1607,1629,1607,1618,195,315120
2018-05-17,NMBMF,1615,1615,1586,1592,1073,1708202
2018-05-20,NMBMF,1580,1610,1575,1610,313,496625
2018-05-21,NMBMF,1578,1674,1570,1674,462,755245
2018-05-22,NMBMF,1650,1700,1630,1697,899,1502997
2018-05-23,NMBMF,1665,1705,1640,1698,637,1075797
2018-05-24,NMBMF,1689,1689,1635,1635,776,1294632
2018-05-27,NMBMF,1625,1625,1603,1603,700,1123014
2018-05-28,NMBMF,1630,1662,1610,1662,592,969556
2018-05-29,NMBMF,1635,1635,1615,1615,75,121729
2018-05-30,NMBMF,1640,1640,1620,1620,1070,1738520
2018-05-31,NMBMF,1600,1647,1598,1647,490,795195
2018-06-03,NMBMF,1615,1615,1571,1571,1028,1619550
2018-06-04,NMBMF,1540,1545,1499,1540,395,602685
2018-06-07,NMBMF,1511,1520,1480,1510,384,576112
2018-06-10,NMBMF,1480,1480,1455,1461,397,581982
2018-06-11,NMBMF,1450,1508,1450,1489,973,1434958
2018-06-12,NMBMF,1460,1498,1403,1488,807,1169819
2018-06-13,NMBMF,1459,1470,1430,1460,522,758484
2018-06-14,NMBMF,1460,1479,1435,1479,421,614960
2018-06-17,NMBMF,1453,1453,1453,1453,40,58120
2018-06-18,NMBMF,1426,1426,1425,1425,110,156850
2018-06-19,NMBMF,1425,1450,1411,1425,378,541291
2018-06-20,NMBMF,1425,1430,1425,1430,47,66940
2018-06-21,NMBMF,1435,1449,1410,1424,1594,2290687
2018-06-24,NMBMF,1402,1455,1402,1430,769,1101295
2018-06-25,NMBMF,1408,1412,1408,1410,115,162189
2018-06-26,NMBMF,1390,1400,1387,1387,321,447687
2018-06-27,NMBMF,1360,1420,1360,1420,110,152600
2018-06-28,NMBMF,1401,1401,1380,1380,84,117438
2018-07-01,NMBMF,1360,1382,1355,1382,380,519232
2018-07-02,NMBMF,1376,1382,1360,1360,534,732112
2018-07-03,NMBMF,1350,1367,1341,1360,146,197461
2018-07-04,NMBMF,1380,1387,1380,1387,175,242127
2018-07-05,NMBMF,1414,1450,1395,1450,1648,2342822
2018-07-08,NMBMF,1445,1508,1392,1392,376,543575
2018-07-09,NMBMF,1390,1443,1390,1435,267,380861
2018-07-10,NMBMF,1407,1440,1400,1400,682,970040
2018-07-11,NMBMF,1428,1540,1428,1540,288,440438
2018-07-12,NMBMF,1570,1690,1570,1636,9759,16104595
2018-07-15,NMBMF,1636,1660,1627,1636,1735,2847468
2018-07-16,NMBMF,1655,1655,1620,1620,425,697410
2018-07-17,NMBMF,1647,1647,1616,1644,120,195410
2018-07-18,NMBMF,1612,1620,1588,1588,456,732670
2018-07-19,NMBMF,1561,1585,1550,1558,1215,1894445
2018-07-22,NMBMF,1540,1540,1500,1500,506,765880
2018-07-23,NMBMF,1505,1554,1500,1554,1033,1572852
2018-07-24,NMBMF,1575,1624,1561,1561,416,655111
2018-07-25,NMBMF,1561,1570,1545,1569,375,583121
2018-07-26,NMBMF,1538,1555,1520,1555,1007,1541812
2018-07-29,NMBMF,1555,1555,1525,1530,199,306921
2018-07-30,NMBMF,1540,1550,1512,1515,639,975143
2018-07-31,NMBMF,1516,1545,1516,1516,810,1241005
2018-08-01,NMBMF,1520,1520,1504,1516,583,879316
2018-08-02,NMBMF,1520,1520,1515,1520,620,942350
2018-08-05,NMBMF,1503,1505,1500,1500,218,327679
2018-08-06,NMBMF,1500,1500,1490,1500,122,182650
2018-08-07,NMBMF,1515,1515,1496,1496,340,509605
2018-08-08,NMBMF,1505,1535,1501,1501,284,428543
2018-08-09,NMBMF,1501,1505,1500,1505,85,127665
2018-08-12,NMBMF,1485,1485,1460,1460,246,362070
2018-08-13,NMBMF,1431,1459,1430,1442,226,325499
2018-08-14,NMBMF,1442,1498,1442,1498,317,463663
2018-08-15,NMBMF,1515,1585,1513,1585,975,1490423
2018-08-16,NMBMF,1579,1579,1530,1530,115,179045
2018-08-19,NMBMF,1530,1535,1500,1500,807,1225570
2018-08-20,NMBMF,1500,1500,1500,1500,5,7500
2018-08-21,NMBMF,1500,1500,1475,1475,363,541203
2018-08-22,NMBMF,1484,1484,1484,1484,10,14840
2018-08-23,NMBMF,1472,1490,1470,1490,430,636242
2018-08-26,NMBMF,1490,1490,1411,1411,1878,2703210
2018-08-28,NMBMF,1439,1465,1411,1425,429,616924
2018-08-29,NMBMF,1430,1482,1426,1482,147,211346
2018-08-30,NMBMF,1490,1490,1488,1490,50,74460
2018-09-02,NMBMF,1490,1495,1462,1462,184,271270
2018-09-03,NMBMF,1465,1510,1465,1475,559,831127
2018-09-04,NMBMF,1475,1475,1475,1475,35,51625
2018-09-05,NMBMF,1504,1610,1474,1600,1971,3004403
2018-09-06,NMBMF,1632,1632,1540,1541,1765,2778968
2018-09-09,NMBMF,1535,1535,1521,1521,327,499628
2018-09-10,NMBMF,1551,1551,1515,1515,405,614895
2018-09-11,NMBMF,1545,1574,1545,1570,748,1169021
2018-09-12,NMBMF,1570,1570,1539,1569,198,310539
2018-09-13,NMBMF,1580,1600,1568,1585,72,113730
2018-09-16,NMBMF,1600,1616,1560,1560,1043,1655447
2018-09-17,NMBMF,1570,1580,1551,1580,299,467509
2018-09-18,NMBMF,1611,1611,1553,1560,373,584825
2018-09-20,NMBMF,1535,1535,1529,1530,355,543390
2018-09-23,NMBMF,1550,1560,1550,1560,55,85600
2018-09-25,NMBMF,1565,1591,1565,1570,354,559660
2018-09-26,NMBMF,1560,1560,1551,1551,957,1488997
2018-09-27,NMBMF,1550,1560,1541,1541,1500,2318817
2018-09-30,NMBMF,1550,1550,1550,1550,335,519250
2018-10-01,NMBMF,1520,1540,1501,1501,887,1341390
2018-10-02,NMBMF,1500,1579,1500,1579,171,260460
2018-10-03,NMBMF,1550,1550,1548,1548,68,105276
2018-10-04,NMBMF,1548,1548,1500,1500,1621,2454510
2018-10-07,NMBMF,1471,1473,1471,1473,32,47114
2018-10-08,NMBMF,1447,1504,1447,1488,179,265632
2018-10-09,NMBMF,1517,1547,1487,1487,1147,1763412
2018-10-10,NMBMF,1487,1500,1487,1500,55,82045
2018-10-11,NMBMF,1470,1501,1470,1500,1092,1636939
2018-10-14,NMBMF,1500,1548,1500,1548,206,311295
2018-10-15,NMBMF,1545,1545,1520,1520,45,68702
2018-10-23,NMBMF,1500,1500,1473,1480,1009,1493915
2018-10-24,NMBMF,1480,1485,1472,1472,366,540370
2018-10-25,NMBMF,1501,1501,1480,1480,473,701560
2018-10-28,NMBMF,1480,1480,1461,1461,105,154385
2018-10-29,NMBMF,1433,1460,1420,1445,185,266480
2018-10-30,NMBMF,1473,1473,1400,1407,1825,2575380
2018-10-31,NMBMF,1401,1410,1401,1405,323,453997
2018-11-01,NMBMF,1400,1400,1400,1400,57,79800
2018-11-04,NMBMF,1380,1380,1380,1380,55,75875
2018-11-05,NMBMF,1405,1420,1400,1415,570,802100
2018-11-11,NMBMF,1415,1415,1387,1387,50,69350
2018-11-13,NMBMF,1360,1387,1268,1270,1247,1599696
2018-11-15,NMBMF,1270,1281,1256,1256,286,363430
2018-11-18,NMBMF,1281,1281,1262,1262,220,278469
2018-11-19,NMBMF,1238,1262,1230,1240,176,217810
2018-11-20,NMBMF,1240,1240,1225,1216,189,231737
2018-11-21,NMBMF,1220,1220,1210,1210,227,275370
2018-11-22,NMBMF,1186,1190,1166,1166,137,162232
2018-11-25,NMBMF,1152,1152,1082,1082,1578,1740052
2018-11-26,NMBMF,1062,1066,1021,1021,1841,1912470
2018-11-27,NMBMF,1041,1082,1041,1045,658,686438
2018-11-28,NMBMF,1065,1065,1036,1036,987,1030597
2018-11-29,NMBMF,1045,1055,1025,1030,543,562328
2018-12-02,NMBMF,1036,1036,988,988,967,971990
2018-12-03,NMBMF,988,1000,988,1000,688,687400
2018-12-04,NMBMF,1010,1011,992,1010,430,432570
2018-12-05,NMBMF,990,1009,990,1009,110,110315
2018-12-06,NMBMF,989,1010,976,1005,238,234847
2018-12-09,NMBMF,1005,1010,1000,1001,828,832045
2018-12-10,NMBMF,1019,1040,1019,1040,200,206110
2018-12-11,NMBMF,1045,1045,1041,1041,150,156550
2018-12-12,NMBMF,1021,1021,1001,1001,164,165184
2018-12-13,NMBMF,1010,1030,1010,1011,410,416450
2018-12-16,NMBMF,1031,1051,1020,1051,324,334170
2018-12-17,NMBMF,1072,1140,1072,1120,1040,1151782
2018-12-18,NMBMF,1100,1122,1100,1122,152,168258
2018-12-19,NMBMF,1100,1100,1059,1059,175,187880
2018-12-20,NMBMF,1060,1099,1060,1099,381,410437
2018-12-23,NMBMF,1120,1208,1120,1208,1065,1262881
2018-12-24,NMBMF,1232,1316,1210,1285,1731,2164473
2018-12-25,NMBMF,1285,1286,1250,1250,1702,2156575
2018-12-26,NMBMF,1250,1300,1250,1290,1052,1348860
2018-12-27,NMBMF,1315,1355,1295,1336,3425,4540048
2018-12-30,NMBMF,1150,1173,1150,1173,20,23230
2018-12-31,NMBMF,1160,1160,1116,1116,140,160730
2019-01-01,NMBMF,1120,1140,1120,1125,875,983480
2019-01-02,NMBMF,1125,1125,1115,1115,617,688875
2019-01-03,NMBMF,1120,1137,1120,1137,145,164100
2019-01-06,NMBMF,1158,1158,1158,1158,10,11580
2019-01-07,NMBMF,1181,1181,1181,1181,10,11810
2019-01-08,NMBMF,1175,1175,1100,1100,520,588550
2019-01-09,NMBMF,1122,1144,1122,1122,64,72194
2019-01-13,NMBMF,1120,1120,1100,1110,110,121730
2019-01-14,NMBMF,1132,1154,1110,1149,327,369429
2019-01-15,NMBMF,1160,1214,1150,1214,857,1004671
2019-01-16,NMBMF,1190,1190,1096,1123,2214,2450091
2019-01-17,NMBMF,1116,1120,1115,1120,666,743160
2019-01-20,NMBMF,1100,1100,1080,1090,536,585310
2019-01-21,NMBMF,1110,1111,1069,1069,450,489230
2019-01-22,NMBMF,1090,1090,1080,1087,103,111595
2019-01-23,NMBMF,1100,1120,1100,1119,361,398938
2019-01-24,NMBMF,1105,1105,1090,1100,190,208200
2019-01-27,NMBMF,1080,1098,1080,1090,377,410429
2019-01-28,NMBMF,1090,1109,1090,1109,175,192650
2019-01-29,NMBMF,1131,1131,1100,1129,203,225650
2019-01-30,NMBMF,1120,1125,1120,1125,77,86320
2019-01-31,NMBMF,1125,1125,1110,1122,195,218570
2019-02-03,NMBMF,1100,1117,1100,1117,271,302350
2019-02-04,NMBMF,1095,1101,1095,1100,154,169165
2019-02-05,NMBMF,1100,1115,1100,1115,160,176300
2019-02-06,NMBMF,1120,1120,1120,1120,18,20164
2019-02-07,NMBMF,1098,1098,1098,1098,17,18670
2019-02-10,NMBMF,1081,1081,1065,1065,219,235830
2019-02-11,NMBMF,1065,1070,1061,1065,251,267255
2019-02-12,NMBMF,1065,1077,1057,1077,457,486754
2019-02-13,NMBMF,1080,1080,1065,1067,391,417180
2019-02-14,NMBMF,1051,1051,1040,1050,292,305465
2019-02-17,NMBMF,1050,1050,1032,1040,119,123710
2019-02-18,NMBMF,1020,1045,1020,1045,114,117670
2019-02-19,NMBMF,1045,1100,1045,1100,578,611440
2019-02-20,NMBMF,1091,1091,1049,1068,239,255772
2019-02-21,NMBMF,1070,1070,1050,1065,185,195900
2019-02-24,NMBMF,1045,1045,1024,1024,216,222494
2019-02-25,NMBMF,1028,1044,1027,1044,274,283180
2019-02-26,NMBMF,1064,1064,1010,1010,288,298666
2019-02-27,NMBMF,1030,1030,1016,1016,92,93612
2019-03-03,NMBMF,1020,1020,1005,1008,270,272203
2019-03-05,NMBMF,1009,1025,1009,1025,234,237682
2019-03-06,NMBMF,1044,1064,1044,1050,285,298585
2019-03-07,NMBMF,1060,1060,1060,1060,135,143100
2019-03-11,NMBMF,1050,1081,1030,1081,293,305695
2019-03-12,NMBMF,1090,1090,1090,1090,10,10900
2019-03-13,NMBMF,1100,1100,1056,1056,82,88295
2019-03-14,NMBMF,1035,1035,1015,1026,156,160198
2019-03-17,NMBMF,1020,1046,1020,1030,138,142824
2019-03-18,NMBMF,1029,1030,1020,1020,244,249497
2019-03-21,NMBMF,1010,1010,1009,1010,104,104990
2019-03-24,NMBMF,992,995,1000,1000,209,207953
2019-03-25,NMBMF,990,1019,990,1019,393,395545
2019-03-26,NMBMF,1019,1019,990,990,78,77664
2019-03-27,NMBMF,982,995,982,990,264,261120
2019-03-28,NMBMF,1004,1008,1004,1008,270,271550
2019-03-31,NMBMF,1000,1000,990,990,277,276125
2019-04-01,NMBMF,991,992,1000,1010,214,214193
2019-04-02,NMBMF,1000,1001,990,1000,591,587290
2019-04-03,NMBMF,983,1000,983,1000,161,160711
2019-04-04,NMBMF,1000,1000,975,1000,418,414843
2019-04-07,NMBMF,1000,1005,985,985,380,379340
2019-04-08,NMBMF,986,1065,986,1065,463,465019
2019-04-09,NMBMF,1050,1050,990,990,534,536840
2019-04-10,NMBMF,990,1021,990,1021,122,123105
2019-04-11,NMBMF,1002,1021,1001,1001,364,367254
2019-04-15,NMBMF,1021,1030,1015,1015,77,78680
2019-04-16,NMBMF,1015,1053,1015,1053,404,416682
2019-04-17,NMBMF,1053,1053,1032,1032,80,82770
2019-04-18,NMBMF,1012,1018,999,1010,438,441303
2019-04-21,NMBMF,1012,1012,1000,1000,920,923830
2019-04-22,NMBMF,1020,1040,1015,1015,579,592500
2019-04-23,NMBMF,1020,1020,1001,1001,513,516988
2019-04-24,NMBMF,1000,1015,1000,1014,826,832114
2019-04-25,NMBMF,1034,1034,1005,1005,143,144705
2019-04-28,NMBMF,1025,1057,1025,1036,207,213800
2019-04-29,NMBMF,1020,1036,1016,1016,187,190732
2019-04-30,NMBMF,1000,1000,996,996,200,199550
2019-05-02,NMBMF,985,990,980,981,449,440985
2019-05-05,NMBMF,964,965,960,960,340,327285
2019-05-06,NMBMF,955,960,955,960,140,134155
2019-05-07,NMBMF,962,998,962,998,72,70357
2019-05-08,NMBMF,981,981,970,970,717,697239
2019-05-09,NMBMF,957,985,957,985,250,243000
2019-05-12,NMBMF,1004,1004,995,995,200,200350
2019-05-13,NMBMF,980,980,976,976,30,29360
2019-05-14,NMBMF,970,999,966,985,346,340179
2019-05-15,NMBMF,985,1000,973,980,398,392651
2019-05-16,NMBMF,980,1030,980,1030,3556,3550496
2019-05-19,NMBMF,1040,1050,1010,1029,3730,3843368
2019-05-20,NMBMF,1010,1010,1010,1010,35,35350
2019-05-21,NMBMF,1010,1035,991,991,536,538085
2019-05-22,NMBMF,1000,1000,975,975,69,68235
2019-05-23,NMBMF,994,1072,980,1072,3954,4061682
2019-05-26,NMBMF,1093,1179,1092,1164,7238,8237239
2019-05-27,NMBMF,1187,1187,1119,1119,1640,1845400
2019-05-28,NMBMF,1101,1137,1080,1125,992,1095444
2019-05-29,NMBMF,1130,1152,1125,1125,950,1075700
2019-05-30,NMBMF,1147,1150,1103,1103,1060,1184650
2019-06-02,NMBMF,1100,1110,1069,1110,1205,1309851
2019-06-03,NMBMF,1132,1154,1087,1087,540,607660
2019-06-04,NMBMF,1108,1108,1066,1066,122,130734
2019-06-06,NMBMF,1045,1046,1025,1039,1045,1081975
2019-06-10,NMBMF,1040,1050,1030,1030,695,721830
2019-06-11,NMBMF,1020,1020,1010,1010,137,138808
2019-06-12,NMBMF,1030,1030,1000,1000,364,366750
2019-06-13,NMBMF,1000,1005,1000,1000,513,513645
2019-06-16,NMBMF,980,980,960,969,806,778499
2019-06-17,NMBMF,951,970,945,953,1020,977746
2019-06-18,NMBMF,955,955,950,950,77,73300
2019-06-19,NMBMF,950,951,942,951,378,356908
2019-06-20,NMBMF,952,1007,952,1007,105,101880
2019-06-23,NMBMF,987,999,980,986,275,272405
2019-06-24,NMBMF,967,987,967,987,74,71787
2019-06-25,NMBMF,1006,1006,995,1005,527,527132
2019-06-27,NMBMF,1000,1005,1000,1005,220,220450
2019-06-30,NMBMF,985,985,970,970,115,111940
2019-07-01,NMBMF,951,956,951,954,234,222947
2019-07-02,NMBMF,973,973,956,958,303,290840
2019-07-03,NMBMF,956,995,956,995,149,145085
2019-07-04,NMBMF,1010,1014,976,976,177,177938
2019-07-07,NMBMF,970,976,967,976,118,114571
2019-07-08,NMBMF,961,966,961,965,140,134718
2019-07-09,NMBMF,975,976,975,976,360,350935
2019-07-10,NMBMF,980,992,980,988,705,696890
2019-07-11,NMBMF,988,988,971,972,74,72374
2019-07-15,NMBMF,971,991,971,990,158,156026
2019-07-17,NMBMF,1005,1009,1005,1009,165,166125
2019-07-18,NMBMF,1029,1029,1029,1029,225,231525
2019-07-21,NMBMF,1011,1019,1010,1010,1051,1062990
2019-07-22,NMBMF,1012,1080,1010,1080,983,1032428
2019-07-23,NMBMF,1100,1114,1075,1075,1367,1494173
2019-07-24,NMBMF,1096,1107,1095,1100,1196,1318556
2019-07-25,NMBMF,1091,1100,1070,1070,1063,1155623
2019-07-28,NMBMF,1049,1059,1030,1059,351,364529
2019-07-29,NMBMF,1055,1061,1041,1061,234,245764
2019-07-30,NMBMF,1052,1082,1052,1055,284,302840
2019-07-31,NMBMF,1075,1114,1075,1114,447,486923
2019-08-01,NMBMF,1092,1135,1086,1095,2781,3085335
2019-08-04,NMBMF,1075,1075,1075,1075,187,200990
2019-08-05,NMBMF,1090,1090,1055,1055,425,451945
2019-08-06,NMBMF,1034,1040,1022,1040,153,158440
2019-08-07,NMBMF,1050,1081,1050,1063,231,246717
2019-08-08,NMBMF,1080,1080,1043,1043,174,184145
2019-08-11,NMBMF,1025,1052,1025,1052,159,165941
2019-08-12,NMBMF,1051,1055,1045,1045,255,267107
2019-08-13,NMBMF,1045,1045,1028,1040,631,653209
2019-08-14,NMBMF,1040,1040,1035,1035,97,100445
2019-08-15,NMBMF,1024,1024,1023,1023,35,35815
2019-08-18,NMBMF,1043,1050,1032,1050,492,512179
2019-08-19,NMBMF,1031,1071,1031,1050,155,163060
2019-08-20,NMBMF,1055,1071,1049,1054,624,660905
2019-08-21,NMBMF,1056,1056,1052,1055,323,340472
2019-08-22,NMBMF,1076,1076,1056,1056,616,653558
2019-08-25,NMBMF,1060,1060,1047,1047,180,189456
2019-08-26,NMBMF,1050,1071,1041,1071,257,271290
2019-08-27,NMBMF,1071,1110,1063,1063,311,336169
2019-08-28,NMBMF,1063,1063,1056,1056,165,174805
2019-08-29,NMBMF,1057,1065,1055,1065,123,130495
2019-09-01,NMBMF,1066,1066,1056,1056,310,329800
2019-09-02,NMBMF,1041,1041,1035,1040,149,154901
2019-09-03,NMBMF,1020,1043,1020,1043,245,255030
2019-09-04,NMBMF,1023,1065,1004,1065,581,613877
2019-09-05,NMBMF,1045,1070,1045,1070,594,631974
2019-09-08,NMBMF,1070,1070,1060,1060,511,546320
2019-09-09,NMBMF,1040,1061,1040,1053,112,117983
2019-09-10,NMBMF,1059,1074,1059,1060,151,160542
2019-09-12,NMBMF,1051,1051,1035,1040,579,602445
2019-09-15,NMBMF,1025,991,1000,991,381,384221
2019-09-16,NMBMF,991,1020,991,1020,105,104686
2019-09-17,NMBMF,1040,1060,1030,1060,226,236865
2019-09-18,NMBMF,1040,1055,1040,1055,135,141075
2019-09-22,NMBMF,1028,1075,1026,1041,2021,2132920
2019-09-23,NMBMF,1030,1050,1027,1050,228,237965
2019-09-24,NMBMF,1035,1055,1035,1055,1008,1061910
2019-09-25,NMBMF,1034,1034,1034,1034,15,15510
2019-09-26,NMBMF,1031,1044,1030,1044,735,765872
2019-09-29,NMBMF,1024,1031,1004,1031,134,137002
2019-09-30,NMBMF,1011,1022,1002,1022,60,60970
2019-10-01,NMBMF,1025,1043,1025,1042,100,103954
2019-10-02,NMBMF,1050,1070,1050,1060,837,883640
2019-10-03,NMBMF,1039,1098,1039,1098,994,1066149
2019-10-10,NMBMF,1119,1140,1119,1140,20,22590
2019-10-14,NMBMF,1140,1150,1101,1105,464,522333
2019-10-15,NMBMF,1110,1110,1069,1100,553,602292
2019-10-16,NMBMF,1090,1090,1065,1085,938,1012487
2019-10-17,NMBMF,1105,1105,1070,1077,831,898162
2019-10-20,NMBMF,1090,1091,1080,1083,580,629307
2019-10-21,NMBMF,1085,1085,1072,1075,1630,1755847
2019-10-22,NMBMF,1080,1102,1075,1090,2996,3260092
2019-10-23,NMBMF,1100,1105,1091,1105,5798,6370302
2019-10-24,NMBMF,510,543,510,535,3008,1606341
2019-10-31,NMBMF,529,529,516,516,1116,584387
2019-11-03,NMBMF,510,515,495,495,2251,1128606
2019-11-04,NMBMF,503,512,490,490,1609,801925
2019-11-05,NMBMF,487,494,485,485,1125,547080
2019-11-06,NMBMF,494,503,494,503,22,10958
2019-11-07,NMBMF,496,496,495,495,41,20305
2019-11-10,NMBMF,495,495,487,488,600,294100
2019-11-11,NMBMF,488,515,488,505,515,261560
2019-11-12,NMBMF,496,497,488,497,446,220070
2019-11-13,NMBMF,489,490,480,488,282,137424
2019-11-14,NMBMF,489,497,483,483,341,165473
2019-11-18,NMBMF,485,485,485,485,10,4850
2019-11-19,NMBMF,486,486,485,485,212,102870
2019-11-20,NMBMF,479,479,479,479,70,33530
2019-11-21,NMBMF,480,482,480,481,473,227381
2019-11-24,NMBMF,480,480,476,476,351,167508
2019-11-25,NMBMF,480,490,479,489,305,147220
2019-11-26,NMBMF,497,497,481,481,899,434945
2019-11-27,NMBMF,481,481,481,481,150,72150
2019-11-28,NMBMF,481,481,480,480,600,288020
2019-12-01,NMBMF,475,475,475,475,111,52730
2019-12-02,NMBMF,480,480,480,480,70,33600
2019-12-03,NMBMF,480,495,480,490,126,61720
2019-12-04,NMBMF,485,501,485,492,561,277528
2019-12-05,NMBMF,501,510,500,510,595,300269
2019-12-08,NMBMF,510,520,510,520,211,108392
2019-12-09,NMBMF,529,550,528,549,9037,4883264
2019-12-10,NMBMF,559,576,549,567,2431,1369746
2019-12-11,NMBMF,578,612,578,598,4374,2606038
2019-12-12,NMBMF,598,609,576,587,4256,2505838
2019-12-15,NMBMF,598,600,544,565,1454,826809
2019-12-16,NMBMF,576,576,545,545,431,239262
2019-12-17,NMBMF,555,565,543,565,1630,895755
2019-12-18,NMBMF,575,575,550,560,600,334210
2019-12-19,NMBMF,560,565,549,565,542,302210
2019-12-22,NMBMF,556,556,554,554,35,19420
2019-12-23,NMBMF,560,565,560,565,369,207786
2019-12-24,NMBMF,565,569,560,569,661,372414
2019-12-25,NMBMF,569,569,547,560,625,346690
2019-12-26,NMBMF,570,571,560,560,381,215795
2019-12-29,NMBMF,549,549,549,549,102,55998
2019-12-30,NMBMF,540,541,540,540,173,93461
2019-12-31,NMBMF,550,565,550,555,390,216745
2020-01-01,NMBMF,548,575,546,575,889,491023
2020-01-02,NMBMF,580,580,565,573,622,352160
2020-01-05,NMBMF,581,608,575,588,1867,1098895
2020-01-06,NMBMF,599,630,599,630,4001,2441557
2020-01-07,NMBMF,640,640,616,632,4045,2524052
2020-01-08,NMBMF,621,682,621,644,3987,2565464
2020-01-09,NMBMF,635,689,635,685,4523,3019290
2020-01-12,NMBMF,698,753,698,753,5954,4404883
2020-01-13,NMBMF,768,827,760,808,5815,4625675
2020-01-14,NMBMF,792,810,762,800,7455,5909824
2020-01-15,NMBMF,800,805,775,800,2778,2190534
2020-01-16,NMBMF,800,840,790,819,3109,2532879
2020-01-19,NMBMF,835,883,835,867,7627,6552605
2020-01-20,NMBMF,870,870,816,849,3774,3177903
2020-01-21,NMBMF,833,865,830,850,2779,2327774
2020-01-22,NMBMF,866,866,817,830,1605,1333550
2020-01-23,NMBMF,830,835,798,813,1708,1405466
2020-01-26,NMBMF,829,861,819,819,10473,8798881
2020-01-27,NMBMF,820,848,809,846,2632,2191237
2020-01-28,NMBMF,858,860,842,850,5448,4629380
2020-01-29,NMBMF,859,904,852,904,9834,8541129
2020-01-30,NMBMF,915,939,905,928,6075,5635567
2020-02-02,NMBMF,915,924,900,924,6331,5769204
2020-02-03,NMBMF,932,932,890,910,1350,1228838
2020-02-04,NMBMF,892,895,883,883,2782,2471972
2020-02-05,NMBMF,880,900,872,900,1530,1355077
2020-02-06,NMBMF,890,893,882,889,1394,1235962
2020-02-09,NMBMF,889,890,860,888,1795,1569218
2020-02-10,NMBMF,871,885,861,885,1292,1119234
2020-02-11,NMBMF,886,921,886,916,3491,3159870
2020-02-12,NMBMF,934,935,900,900,3870,3528227
2020-02-13,NMBMF,918,936,912,935,4876,4506968
2020-02-16,NMBMF,950,953,925,941,6689,6301531
2020-02-17,NMBMF,959,968,941,943,6726,6420101
2020-02-18,NMBMF,950,961,909,943,2293,2165119
2020-02-19,NMBMF,943,973,940,962,4306,4124567
2020-02-20,NMBMF,981,1058,966,1058,11345,11633204
2020-02-23,NMBMF,1079,1163,1079,1112,4680,5241601
2020-02-24,NMBMF,1112,1134,1078,1100,5820,6451475
2020-02-25,NMBMF,1100,1166,1079,1160,3397,3821808
2020-02-26,NMBMF,1160,1182,1136,1160,7944,9168060
2020-02-27,NMBMF,1137,1141,1115,1116,3766,4237179
2020-03-01,NMBMF,1116,1135,1031,1042,3427,3607467
2020-03-02,NMBMF,1040,1040,1010,1011,2148,2199234
2020-03-03,NMBMF,991,991,910,910,27297,24933576
2020-03-04,NMBMF,892,909,820,823,13576,11519993
2020-03-05,NMBMF,807,905,776,823,9294,7671579
2020-03-10,NMBMF,808,825,791,793,5864,4751055
2020-03-11,NMBMF,808,850,800,829,9110,7475258
2020-03-12,NMBMF,835,835,796,796,9636,7799621
2020-03-15,NMBMF,792,792,746,760,7698,5884549
2020-03-16,NMBMF,746,800,735,793,10007,7818422
2020-03-17,NMBMF,790,790,730,730,14588,10962526
2020-03-18,NMBMF,721,782,705,751,5249,3849802
2020-03-19,NMBMF,748,770,728,770,11642,8757516
2020-03-22,NMBMF,784,784,755,755,4295,3287071
2020-06-30,NMBMF,661,700,661,700,181,124503
2020-07-01,NMBMF,695,750,695,740,445,321775
2020-07-02,NMBMF,754,769,684,684,479,345831
2020-07-05,NMBMF,684,697,658,680,2926,1998708
2020-07-06,NMBMF,685,706,681,700,5205,3608584
2020-07-07,NMBMF,714,757,714,740,7192,5400068
2020-07-08,NMBMF,740,769,730,743,3739,2767711
2020-07-09,NMBMF,736,800,736,790,4049,3143036
2020-07-12,NMBMF,804,821,790,790,7680,6162379
2020-07-13,NMBMF,800,805,785,804,14693,11719406
2020-07-14,NMBMF,810,834,800,823,11839,9660516
2020-07-15,NMBMF,823,840,805,808,4842,3962924
2020-07-16,NMBMF,824,838,794,800,3009,2425364
2020-07-19,NMBMF,805,805,805,805,250,201250
2020-07-20,NMBMF,845,861,780,798,6505,5229832
2020-07-21,NMBMF,798,813,786,795,3059,2445827
2020-07-22,NMBMF,781,795,766,780,5085,3955848
2020-07-23,NMBMF,780,790,769,780,2324,1818325
2020-07-26,NMBMF,788,788,765,770,8330,6425964
2020-07-27,NMBMF,785,800,770,771,6063,4747554
2020-07-28,NMBMF,786,786,769,780,5072,3930022
2020-07-29,NMBMF,785,785,740,750,9297,6960815
2020-07-30,NMBMF,765,765,724,759,3412,2571740
2020-08-02,NMBMF,760,760,731,733,5307,3926054
2020-08-03,NMBMF,735,748,715,725,4897,3537761
2020-08-05,NMBMF,718,726,702,715,6228,4420051
2020-08-06,NMBMF,715,728,705,710,1292,918782
2020-08-09,NMBMF,715,724,705,724,435,308932
2020-08-10,NMBMF,736,741,710,737,1873,1369059
2020-08-11,NMBMF,730,745,728,737,3127,2295717
2020-08-12,NMBMF,733,734,715,715,3100,2242957
2020-08-13,NMBMF,710,730,706,715,3412,2433189
2020-08-16,NMBMF,705,725,705,718,4122,2956320
2020-08-17,NMBMF,710,719,708,714,7911,5656199
2020-08-18,NMBMF,709,723,709,723,1866,1341335
2020-08-19,NMBMF,715,720,713,713,2348,1682210
2020-08-20,NMBMF,703,720,703,719,1254,897920
2020-08-23,NMBMF,724,733,717,733,2613,1891398
2020-08-24,NMBMF,740,763,740,762,3738,2815378
2020-08-25,NMBMF,777,790,755,788,5370,4155333
2020-08-26,NMBMF,827,827,778,787,7025,5516410
2020-08-27,NMBMF,802,802,760,779,2656,2081925
2020-08-30,NMBMF,766,770,753,769,1010,773733
2020-08-31,NMBMF,780,785,768,775,6112,4761038
2020-09-02,NMBMF,785,805,780,786,6959,5498934
2020-09-03,NMBMF,778,793,778,790,5136,4039345
2020-09-06,NMBMF,829,829,778,782,8885,7069530
2020-09-07,NMBMF,770,784,770,779,1116,867682
2020-09-08,NMBMF,775,805,770,793,7709,6139579
2020-09-09,NMBMF,800,835,797,827,13141,10781967
2020-09-10,NMBMF,843,860,827,838,7927,6633835
2020-09-13,NMBMF,851,852,838,839,11455,9651536
2020-09-14,NMBMF,849,853,816,822,9443,7865239
2020-09-15,NMBMF,807,849,807,828,15937,13176856
2020-09-16,NMBMF,835,840,823,835,5428,4511315
2020-09-17,NMBMF,850,858,834,843,11157,9423072
2020-09-20,NMBMF,859,860,824,837,3691,3103250
2020-09-21,NMBMF,825,851,825,839,8246,6934929
2020-09-22,NMBMF,835,840,830,838,7781,6500207
2020-09-23,NMBMF,823,836,820,831,2577,2126767
2020-09-24,NMBMF,830,854,830,835,2861,2394572
2020-09-27,NMBMF,832,851,832,841,6346,5364307
2020-09-28,NMBMF,841,842,836,838,4505,3784943
2020-09-29,NMBMF,837,840,822,830,4903,4057801
2020-09-30,NMBMF,826,832,825,832,2182,1806785
2020-10-01,NMBMF,830,840,828,834,2235,1855897
2020-10-04,NMBMF,832,832,814,814,9684,7929532
2020-10-05,NMBMF,801,820,800,809,5387,4357223
2020-10-06,NMBMF,802,809,797,800,4369,3503684
2020-10-07,NMBMF,795,810,791,810,3708,2973533
2020-10-08,NMBMF,824,824,796,814,3295,2643728
2020-10-11,NMBMF,800,813,798,810,3028,2441800
2020-10-12,NMBMF,801,805,794,796,3315,2648888
2020-10-13,NMBMF,782,803,782,792,3916,3106690
2020-10-14,NMBMF,784,805,784,784,1865,1474460
2020-10-15,NMBMF,799,800,786,791,2553,2032605
2020-10-18,NMBMF,791,791,780,780,1368,1076091
2020-10-19,NMBMF,785,801,785,801,1307,1041436
2020-10-20,NMBMF,810,810,800,805,2197,1776522
2020-10-21,NMBMF,808,810,805,810,3223,2604994
2020-10-22,NMBMF,820,820,801,809,1739,1407336
2020-10-28,NMBMF,800,819,796,819,2938,2375635
2020-10-29,NMBMF,829,835,815,824,7093,5877837
2020-11-01,NMBMF,812,830,812,829,2345,1935047
2020-11-02,NMBMF,835,854,827,849,15071,12740979
2020-11-03,NMBMF,864,870,852,854,5533,4737649
2020-11-04,NMBMF,855,860,845,845,2505,2138744
2020-11-05,NMBMF,861,861,839,839,1362,1146596
2020-11-08,NMBMF,838,844,830,832,2559,2140172
2020-11-09,NMBMF,835,846,835,837,4324,3629897
2020-11-10,NMBMF,878,878,853,869,20698,17928509
2020-11-11,NMBMF,873,900,853,900,15096,13399687
2020-11-12,NMBMF,899,900,889,900,7287,6521586
2020-11-18,NMBMF,900,904,881,885,2745,2441379
2020-11-19,NMBMF,899,900,875,897,4807,4240047
2020-11-22,NMBMF,910,910,885,896,11382,10217141
2020-11-23,NMBMF,896,900,879,890,7621,6783784
2020-11-24,NMBMF,891,918,882,900,14186,12745771
2020-11-25,NMBMF,930,990,930,990,5767,5701010
2020-11-26,NMBMF,1039,1089,1039,1089,7410,8061514
2020-11-29,NMBMF,1143,1143,1034,1060,27299,28920674
2020-11-30,NMBMF,1065,1084,1050,1060,18084,19297904
2020-12-01,NMBMF,1042,1069,1039,1040,18650,19501817
2020-12-02,NMBMF,1061,1144,1060,1144,22101,24436965
2020-12-03,NMBMF,1166,1212,1165,1166,22887,27045038
2020-12-06,NMBMF,1143,1148,1059,1059,15097,16747349
2020-12-07,NMBMF,1038,1120,1038,1120,18249,20113753
2020-12-08,NMBMF,1142,1187,1100,1103,16155,18161843
2020-12-09,NMBMF,1114,1114,1061,1070,8587,9185792
2020-12-10,NMBMF,1050,1091,1030,1079,6467,6948807
2020-12-13,NMBMF,1085,1110,1083,1110,7334,8055612
2020-12-14,NMBMF,1132,1144,1120,1142,14692,16676455
2020-12-15,NMBMF,1164,1187,1130,1137,12738,14627608
2020-12-16,NMBMF,1117,1184,1117,1155,16083,18671830
2020-12-17,NMBMF,1150,1226,1150,1190,32216,38564402
2020-12-20,NMBMF,1167,1170,1108,1125,27473,31461313
2020-12-21,NMBMF,1125,1215,1066,1195,20485,23214940
2020-12-22,NMBMF,1218,1229,1195,1220,15023,18272495
2020-12-23,NMBMF,1244,1244,1190,1200,8797,10640488
2020-12-24,NMBMF,1190,1194,1170,1175,6190,7284580
2020-12-27,NMBMF,1160,1189,1155,1167,6468,7559197
2020-12-28,NMBMF,1185,1186,1153,1171,30400,35621467
2020-12-29,NMBMF,1033,1033,993,999,9894,9969482
2020-12-30,NMBMF,991,1009,988,991,5518,5483014
2020-12-31,NMBMF,1005,1014,981,981,6651,6627263
2021-01-03,NMBMF,1000,1000,981,990,7955,7914051
2021-01-04,NMBMF,995,1005,990,990,5940,5908594
2021-01-05,NMBMF,990,990,968,975,7764,7591997
2021-01-06,NMBMF,985,1009,984,991,12022,11917594
2021-01-07,NMBMF,1010,1045,1000,1021,16609,16986799
2021-01-10,NMBMF,1041,1050,1031,1039,8528,8885649
2021-01-11,NMBMF,1022,1058,1020,1030,5418,5603528
2021-01-12,NMBMF,1040,1055,1032,1042,8634,9037158
2021-01-13,NMBMF,1059,1140,1059,1138,24634,27155588
2021-01-17,NMBMF,1144,1181,1144,1179,11464,13438537
2021-01-18,NMBMF,1188,1200,1180,1193,11453,13646458
2021-01-19,NMBMF,1194,1200,1150,1177,14123,16526672
2021-01-20,NMBMF,1154,1188,1154,1160,6465,7532925
2021-01-21,NMBMF,1180,1225,1180,1207,22836,27447395
2021-01-24,NMBMF,1231,1320,1231,1252,16481,20902161
2021-01-25,NMBMF,1253,1255,1218,1233,17260,21308123
2021-01-26,NMBMF,1220,1225,1189,1200,18063,21821430
2021-01-27,NMBMF,1224,1245,1200,1208,27716,33548193
2021-01-28,NMBMF,1268,1268,1202,1214,23630,28926173
2021-01-31,NMBMF,1195,1200,1170,1170,15940,18931253
2021-02-01,NMBMF,1148,1200,1148,1150,14396,16707197
2021-02-02,NMBMF,1173,1210,1160,1188,14647,17396390
2021-02-03,NMBMF,1190,1215,1160,1184,19358,23053027
2021-02-04,NMBMF,1175,1228,1175,1215,16364,19803396
2021-02-07,NMBMF,1238,1336,1238,1336,36319,47659508
2021-02-08,NMBMF,1402,1469,1283,1300,32686,44382327
2021-02-09,NMBMF,1300,1300,1240,1270,18600,23673208
2021-02-10,NMBMF,1256,1274,1245,1252,17543,22002596
2021-02-11,NMBMF,1275,1277,1225,1225,13105,16265219
2021-02-14,NMBMF,1249,1249,1200,1220,8737,10573309
2021-02-15,NMBMF,1244,1342,1244,1342,27069,35607917
2021-02-16,NMBMF,1367,1373,1290,1300,25163,33137403
2021-02-17,NMBMF,1300,1300,1275,1284,5722,7368647
2021-02-18,NMBMF,1299,1299,1266,1267,4583,5824165
2021-02-21,NMBMF,1256,1264,1248,1248,6373,7983217
2021-02-22,NMBMF,1270,1272,1228,1236,5306,6567305
2021-02-23,NMBMF,1228,1228,1178,1218,10401,12435589
2021-02-24,NMBMF,1242,1266,1222,1240,5118,6337177
2021-02-25,NMBMF,1240,1241,1199,1222,5488,6634843
2021-02-28,NMBMF,1200,1200,1172,1172,6448,7614397
2021-03-01,NMBMF,1170,1249,1160,1225,8158,9730311
2021-03-02,NMBMF,1186,1235,1171,1188,10142,12063323
2021-03-03,NMBMF,1165,1188,1133,1185,7246,8337457
2021-03-04,NMBMF,1180,1243,1180,1242,13913,16931957
2021-03-07,NMBMF,1265,1265,1220,1228,14483,17873390
2021-03-09,NMBMF,1229,1229,1197,1220,6134,7402866
2021-03-10,NMBMF,1197,1230,1197,1218,4094,4925420
2021-03-14,NMBMF,1198,1207,1186,1207,9692,11537481
2021-03-15,NMBMF,1185,1205,1183,1200,4846,5809250
2021-03-16,NMBMF,1214,1215,1176,1195,4793,5702361
2021-03-17,NMBMF,1192,1218,1192,1218,6644,8011919
2021-03-18,NMBMF,1158,1252,1158,1230,4821,5970116
2021-03-21,NMBMF,1240,1319,1240,1307,24742,31699060
2021-03-22,NMBMF,1242,1313,1242,1268,15297,19650788
2021-03-23,NMBMF,1243,1289,1243,1275,15983,20337051
2021-03-24,NMBMF,1338,1355,1280,1346,27574,36454203
2021-03-25,NMBMF,1413,1413,1307,1320,18011,23847426
2021-03-29,NMBMF,1300,1359,1300,1350,17801,23770387
2021-03-30,NMBMF,1377,1456,1330,1412,27466,38579799
2021-03-31,NMBMF,1440,1440,1412,1412,19328,27597344
2021-04-01,NMBMF,1420,1420,1351,1376,18619,25769424
2021-04-04,NMBMF,1400,1400,1364,1376,10672,14682998
2021-04-05,NMBMF,1376,1376,1349,1360,10455,14225955
2021-04-06,NMBMF,1340,1428,1338,1404,23673,33187362
2021-04-07,NMBMF,1425,1444,1410,1424,24681,35197396
2021-04-08,NMBMF,1410,1521,1410,1493,33106,48885338
2021-04-12,NMBMF,1522,1630,1510,1584,45419,71344709
2021-04-13,NMBMF,1661,1661,1533,1550,30463,47519843
2021-04-15,NMBMF,1550,1567,1518,1523,17066,26169811
2021-04-18,NMBMF,1447,1610,1447,1492,18924,28798259
2021-04-19,NMBMF,1480,1518,1450,1451,16653,24477722
2021-04-20,NMBMF,1480,1509,1440,1460,19950,29202597
2021-04-21,NMBMF,1460,1489,1435,1445,21619,31448022
2021-04-22,NMBMF,1434,1512,1434,1505,23793,35344290
2021-04-25,NMBMF,1460,1490,1440,1460,14953,21907074
2021-04-26,NMBMF,1436,1465,1415,1422,18014,25844736
2021-04-27,NMBMF,1422,1471,1395,1469,7848,11371819
2021-04-28,NMBMF,1452,1519,1450,1470,14904,22155595
2021-04-29,NMBMF,1498,1499,1455,1487,7109,10522897
2021-05-02,NMBMF,1480,1509,1471,1508,13024,19521473
2021-05-03,NMBMF,1530,1591,1520,1546,51856,80390023
2021-05-04,NMBMF,1491,1590,1491,1590,27714,43282547
2021-05-05,NMBMF,1565,1596,1557,1557,14080,22120207
2021-05-06,NMBMF,1535,1549,1510,1514,12218,18640205
2021-05-09,NMBMF,1501,1515,1488,1491,9686,14531392
2021-05-10,NMBMF,1471,1524,1471,1510,9974,14961386
2021-05-11,NMBMF,1530,1535,1506,1526,6293,9581763
2021-05-12,NMBMF,1510,1526,1496,1510,4868,7349996
2021-05-13,NMBMF,1500,1520,1500,1509,7293,10995142
2021-05-16,NMBMF,1520,1539,1516,1530,13473,20588938
2021-05-17,NMBMF,1560,1560,1531,1533,8918,13725588
2021-05-18,NMBMF,1534,1585,1534,1573,29207,45603371
2021-05-19,NMBMF,1600,1642,1571,1585,43066,69135889
2021-05-20,NMBMF,1595,1599,1565,1568,10996,17308309
2021-05-23,NMBMF,1537,1564,1537,1556,11232,17482440
2021-05-24,NMBMF,1600,1600,1565,1574,21585,34176045
2021-05-25,NMBMF,1580,1595,1565,1570,8081,12717961
2021-05-27,NMBMF,1492,1550,1463,1494,35117,52706982
2021-05-30,NMBMF,1495,1500,1445,1450,22457,32955749
2021-05-31,NMBMF,1480,1509,1435,1439,11304,16460571
2021-06-01,NMBMF,1431,1459,1420,1430,7436,10670787
2021-06-02,NMBMF,1415,1500,1415,1475,14706,21329733
2021-06-03,NMBMF,1502,1521,1480,1499,16499,24785299
2021-06-06,NMBMF,1437,1505,1437,1472,9579,14164622
2021-06-07,NMBMF,1472,1475,1446,1455,6002,8738392
2021-06-08,NMBMF,1527,1527,1430,1440,17085,24673129
2021-06-09,NMBMF,1442,1460,1435,1444,10439,15063163
2021-06-10,NMBMF,1444,1450,1431,1440,7635,10986268
2021-06-13,NMBMF,1451,1468,1420,1439,14007,20061140
2021-06-14,NMBMF,1441,1450,1425,1425,13562,19492298
2021-06-15,NMBMF,1425,1448,1417,1418,8263,11773920
2021-06-16,NMBMF,1430,1530,1420,1460,25675,37845082
2021-06-17,NMBMF,1489,1518,1440,1440,5785,8405195
2021-06-20,NMBMF,1432,1435,1410,1415,6650,9423225
2021-06-21,NMBMF,1413,1430,1388,1390,7182,10038676
2021-06-22,NMBMF,1405,1430,1395,1408,3570,5028454
2021-06-23,NMBMF,1420,1420,1365,1366,3593,4963338
2021-06-24,NMBMF,1360,1369,1331,1346,8865,11945861
2021-06-27,NMBMF,1349,1371,1332,1347,4153,5617035
2021-06-28,NMBMF,1372,1415,1350,1389,8608,11968098
2021-06-29,NMBMF,1416,1472,1410,1416,10183,14593698
2021-06-30,NMBMF,1440,1461,1380,1399,3823,5322305
2021-07-01,NMBMF,1415,1415,1390,1392,5637,7869967
2021-07-04,NMBMF,1415,1415,1370,1375,2349,3255218
2021-07-05,NMBMF,1400,1400,1360,1361,2771,3780038
2021-07-06,NMBMF,1365,1370,1354,1362,2468,3361008
2021-07-07,NMBMF,1370,1395,1370,1381,4617,6388298
2021-07-08,NMBMF,1357,1405,1357,1404,5348,7463173
2021-07-11,NMBMF,1429,1446,1411,1446,7601,10912115
2021-07-12,NMBMF,1474,1474,1414,1430,9611,13843744
2021-07-13,NMBMF,1440,1450,1421,1422,4930,7060840
2021-07-14,NMBMF,1422,1447,1414,1414,1264,1805891
2021-07-15,NMBMF,1420,1440,1420,1429,7354,10533170
2021-07-18,NMBMF,1452,1500,1452,1490,9320,13842293
2021-07-19,NMBMF,1504,1530,1470,1496,7726,11557262.5
2021-07-20,NMBMF,1477,1500,1477,1488,3285,4874090
2021-07-22,NMBMF,1487,1490,1471,1471,6140,9105575
2021-07-25,NMBMF,1479,1499,1475.1,1489,8164,12115743.4
2021-07-26,NMBMF,1498,1540,1498,1523.5,18909,28747627.5
2021-07-27,NMBMF,1495,1496,1452,1495,17674,26182384.4
2021-07-28,NMBMF,1510,1519,1496,1498,4560,6853088.1
2021-07-29,NMBMF,1510,1527,1492,1496,7980,11958034.2
2021-08-01,NMBMF,1510,1539,1499,1511,4784,7234356.8
2021-08-02,NMBMF,1530,1550,1510,1536,16073,24601245.6
2021-08-03,NMBMF,1566.7,1621,1566,1597.8,33629,53722427.9
2021-08-04,NMBMF,1625,1657,1535,1551,29009,45798000.3
2021-08-05,NMBMF,1560,1580,1525,1555,21525,33385349.1
2021-08-08,NMBMF,1580,1580,1525,1529,8100,12416784.8
2021-08-09,NMBMF,1520,1520,1500,1505,6379,9595049.4
2021-08-10,NMBMF,1480,1564,1480,1522,2664,4082982.3
2021-08-11,NMBMF,1530,1530,1500,1520,6459,9780734.6
2021-08-12,NMBMF,1495,1520,1495,1507,5792,8725846
2021-08-15,NMBMF,1536,1595,1501,1553,18965,29314122
2021-08-16,NMBMF,1550,1599,1550,1560,12135,19041141.9
2021-08-17,NMBMF,1589,1589,1530,1539,10224,15804922.3
2021-08-18,NMBMF,1550,1555.5,1500,1530,12612,19281695
2021-08-19,NMBMF,1530,1547,1523,1528,6207,9517766.7
2021-08-24,NMBMF,1528,1528,1500,1519,6611,10002631.1
2021-08-25,NMBMF,1501,1510,1489,1491,7221,10838508.5
2021-08-26,NMBMF,1491,1509,1480,1485,6927,10334279.9
2021-08-29,NMBMF,1483,1485,1455,1460,5917,8717138.6
2021-08-31,NMBMF,1431,1473,1430,1430,7038,10118839.7
2021-09-01,NMBMF,1401.4,1448,1401.4,1425.2,10020,14374301.5
2021-09-02,NMBMF,1416.9,1465,1410,1429,6438,9256172.3
2021-09-05,NMBMF,1402,1429,1385,1399,6702,9374029.3
2021-09-06,NMBMF,1395,1445,1392,1440,6485,9183813.5
2021-09-07,NMBMF,1412.5,1435,1395,1418,5391,7597394
2021-09-08,NMBMF,1415,1428,1397,1400,7684,10805495
2021-09-09,NMBMF,1402,1430,1399.9,1409.8,9471,13276282.3
2021-09-12,NMBMF,1409,1435,1400,1425,5937,8392343.5
2021-09-13,NMBMF,1408,1434,1408,1420,7649,10904998
2021-09-14,NMBMF,1402,1428,1402,1427,2193,3110185.8
2021-09-15,NMBMF,1434,1434,1402.2,1403.1,2197,3097829.1
2021-09-16,NMBMF,1376.2,1383,1353,1360,4617,6303109.2
2021-09-20,NMBMF,1370,1370,1289,1315,9549,12612170
2021-09-21,NMBMF,1291,1365,1266,1320,4733,6230299.1
2021-09-22,NMBMF,1346,1360,1330.1,1360,3189,4307815
2021-09-23,NMBMF,1385,1390,1350,1357,3923,5343837
2021-09-26,NMBMF,1345,1345,1305.4,1315,4053,5364516.8
2021-09-27,NMBMF,1300,1303,1275,1277,2860,3665931.5
2021-09-28,NMBMF,1252,1280,1226.6,1235,5799,7245900.1
2021-09-29,NMBMF,1255,1274.8,1230,1265,2654,3308239.8
2021-09-30,NMBMF,1288,1288,1240,1240,2272,2844761
2021-10-03,NMBMF,1222,1223.1,1200.1,1216,1304,1578724.2
2021-10-04,NMBMF,1201,1236.5,1192,1236.5,3136,3809567.5
2021-10-05,NMBMF,1261,1325,1261,1320,3947,5165873.9
2021-10-06,NMBMF,1346,1436,1346,1424,9414,13183584.1
2021-10-10,NMBMF,1440,1460,1368,1380,6524,9152014
2021-10-11,NMBMF,1354,1360,1333,1351,2459,3316921.1
2021-10-17,NMBMF,1325,1370,1325,1370,1533,2073487
2021-10-18,NMBMF,1384.5,1384.5,1300,1300,3374,4444882.2
2021-10-19,NMBMF,1280,1300,1242,1267,5204,6604457.2
2021-10-20,NMBMF,1292.3,1318,1292.3,1300,3997,5216256.7
2021-10-21,NMBMF,1326,1326,1280,1283.1,1508,1938742.5
2021-10-24,NMBMF,1261.1,1335,1261.1,1326,4018,5328405.6
2021-10-25,NMBMF,1351.9,1371,1323,1370,5696,7666513
2021-10-26,NMBMF,1392,1395,1375,1385,4086,5639444.8
2021-10-27,NMBMF,1386,1430,1360.2,1400,5258,7411261.8
2021-10-28,NMBMF,1404,1469.8,1400,1469.8,7502,10776748
2021-10-31,NMBMF,1499.1,1525,1455.3,1479,22600,33393513.5
2021-11-01,NMBMF,1479,1498,1435,1440.1,8378,12174124.9
2021-11-02,NMBMF,1436,1449,1421,1449,3240,4662182
2021-11-03,NMBMF,1459,1459,1425.1,1428.6,3077,4409066.5
2021-11-08,NMBMF,1414,1423,1400,1400,3634,5124423.1
2021-11-09,NMBMF,1390,1402,1350,1364,5671,7748925.5
2021-11-11,NMBMF,1382,1382,1337,1351,1775,2403365.6
2021-11-14,NMBMF,1350,1370,1350,1365,3751,5088825.8
2021-11-15,NMBMF,1390,1410,1375,1381,2785,3873046.5
2021-11-16,NMBMF,1398.9,1407.1,1381,1405,3966,5547201.5
2021-11-17,NMBMF,1405,1415,1385,1390,4189,5839199.4
2021-11-18,NMBMF,1417.8,1417.8,1377,1377,2096,2901460.2
2021-11-21,NMBMF,1376,1390.6,1363.4,1390,1346,1841582
2021-11-22,NMBMF,1385,1394.5,1376,1376,1836,2533181
2021-11-23,NMBMF,1368.2,1371,1350,1355,3881,5275708.6
2021-11-24,NMBMF,1346,1360,1330,1351,4711,6341876
2021-11-25,NMBMF,1351,1369,1333.2,1333.2,3039,4078221.4
2021-11-28,NMBMF,1310,1321,1300,1319,2460,3221206.5
2021-11-29,NMBMF,1319.5,1320,1300,1302,2026,2644202
2021-11-30,NMBMF,1302,1325,1277,1282,4837,6222722
2021-12-01,NMBMF,1300,1300,1279,1279,1156,1490708
2021-12-02,NMBMF,1275,1279,1250,1255,6833,8604021.6
2021-12-05,NMBMF,1240,1270,1200,1200,9986,12117423.6
2021-12-06,NMBMF,1178,1224,1177,1205,4886,5810528.6
2021-12-07,NMBMF,1229.1,1244.4,1201.1,1201.5,3263,3968270.7
2021-12-08,NMBMF,1215,1215,1176,1180,1948,2313318.5
2021-12-09,NMBMF,1180,1198.9,1158,1194.8,941,1102492
2021-12-12,NMBMF,1177,1199.5,1124.1,1124.1,4457,5107221.2
2021-12-13,NMBMF,1103,1166,1080,1101,5502,6087089.8
2021-12-14,NMBMF,1123,1198,1120,1194,2373,2743871
2021-12-15,NMBMF,1217,1220,1170,1180,4841,5762399.4
2021-12-16,NMBMF,1160,1185,1150.1,1162,919,1074408
2021-12-20,NMBMF,1160,1160,1120,1132,4087,4627636.9
2021-12-21,NMBMF,1133,1192.4,1133,1192.4,3878,4513308.4
2021-12-22,NMBMF,1200,1220,1185.8,1220,5649,6823683
2021-12-23,NMBMF,1240,1280,1230,1280,17275,21725449.5
2021-12-26,NMBMF,1055,1090,1032.5,1067,5661,6004013.1
2021-12-27,NMBMF,1087,1088,1026.2,1027.1,4249,4483816.8
2021-12-28,NMBMF,1015,1035,1000,1000,2549,2569090
2021-12-29,NMBMF,1000,1025,1000,1010,2642,2684122.4
2022-01-02,NMBMF,1010,1054.2,1010,1048,3279,3392213
2022-01-03,NMBMF,1055,1110,1055,1077,5378,5855843.5
2022-01-04,NMBMF,1077,1130,1077,1110,5078,5644283.4
2022-01-05,NMBMF,1132,1132,1074,1090,2771,3039818.5
2022-01-06,NMBMF,1089,1116,1070,1100,2046,2236950.4
2022-01-09,NMBMF,1111,1115,1101.1,1103,2759,3060040.7
2022-01-10,NMBMF,1103,1147,1090,1121.2,5004,5595324.1
2022-01-11,NMBMF,1139,1198.5,1130,1178,6200,7189947.4
2022-01-12,NMBMF,1156,1201,1155.1,1160,6275,7429222.2
2022-01-13,NMBMF,1141,1200,1136.8,1200,7736,9090745.4
2022-01-16,NMBMF,1220,1240,1190,1208,9222,11243989.6
2022-01-17,NMBMF,1208,1225,1190,1200,8301,9984119.5
2022-01-18,NMBMF,1186,1219,1176,1185,5836,6963010
2022-01-19,NMBMF,1195,1195,1163,1165,1809,2115831
2022-01-20,NMBMF,1170,1198,1156,1198,3132,3703756
2022-01-23,NMBMF,1183,1190,1172.1,1180,2991,3531198.4
2022-01-24,NMBMF,1158,1158.1,1117.2,1120,5835,6633156.8
2022-01-25,NMBMF,1101,1135,1100.1,1108,4661,5203227.1
2022-01-26,NMBMF,1087,1114,1087,1091,3955,4341712.8
2022-01-27,NMBMF,1105,1105,1061.1,1061.2,11404,12334910.9
2022-01-30,NMBMF,1082.4,1135,1082.4,1135,4538,5097206.1
2022-01-31,NMBMF,1135,1135,1105,1106.1,3692,4136930.9
2022-02-01,NMBMF,1122,1122,1099,1105,4364,4823131
2022-02-03,NMBMF,1126,1127,1100,1100,3751,4166997
2022-02-06,NMBMF,1081,1120,1080,1100,2617,2851472.3
2022-02-07,NMBMF,1079,1109,1079,1091,3078,3375692.7
2022-02-08,NMBMF,1112,1112,1082,1083.6,5494,5984531.7
2022-02-09,NMBMF,1081,1085,1062,1066.2,3885,4178430.4
2022-02-10,NMBMF,1060,1080.9,1060,1075,2632,2815352.8
2022-02-13,NMBMF,1055,1058,1033,1038,4243,4404637.7
2022-02-14,NMBMF,1024.1,1050,1024.1,1030,1010,1047097.1
2022-02-15,NMBMF,1030,1090,1030,1090,1920,2007958
2022-02-16,NMBMF,1090,1090,1060,1060,397,424046
2022-02-17,NMBMF,1050,1060,1050,1051,1031,1084878
2022-02-20,NMBMF,1030,1041,1012,1018,4329,4431085.5
2022-02-21,NMBMF,1034,1035,1008,1035,3047,3129946.2
2022-02-22,NMBMF,1055,1055.7,1025,1032,2715,2816501
2022-02-23,NMBMF,1013.4,1045,1011.1,1012.7,3430,3478504.1
2022-02-24,NMBMF,1015,1032,1002.3,1002.3,2608,2628888.5
2022-02-27,NMBMF,1000,1014,987.1,987.1,1484,1481864.4
2022-02-28,NMBMF,998,1000,975,977,2822,2776466.9
2022-03-02,NMBMF,975,975,947,948,4304,4128951
2022-03-06,NMBMF,931,966,930.1,947,961,911201
2022-03-07,NMBMF,965,965,947,955,669,638456.6
2022-03-09,NMBMF,971.9,971.9,936,955,1432,1344679.5
2022-03-10,NMBMF,941,973,940.3,972,1520,1465912.5
2022-03-13,NMBMF,985,1020,976,1016,6256,6268409.8
2022-03-14,NMBMF,996,1015.9,996,1015,721,719601
2022-03-15,NMBMF,1000,1000,970,997,8084,7907326.7
2022-03-16,NMBMF,978,995,975,980,2665,2611560
2022-03-20,NMBMF,972,984,965.1,978.9,2745,2660345.5
2022-03-21,NMBMF,978.9,988,969,974,991,966379.3
2022-03-22,NMBMF,990,991,977,979,1169,1152886
2022-03-23,NMBMF,990,990,970,975,1499,1461615
2022-03-24,NMBMF,972.2,989,970,970,2886,2802524
2022-03-27,NMBMF,960,960,935,940,2080,1972987.6
2022-03-28,NMBMF,938,950,925.1,927,2728,2540338.9
2022-03-29,NMBMF,920,925,904.1,925,2454,2241824.5
2022-03-30,NMBMF,910,942.9,905,942.9,2263,2065789.2
2022-03-31,NMBMF,957,957,925.4,930,478,447751
2022-04-03,NMBMF,916,925,915,925,920,843372
2022-04-04,NMBMF,942,942,920,920,1570,1450624
2022-04-05,NMBMF,905,905,897,900,2029,1827820.2
2022-04-06,NMBMF,900,900,884,890.1,1821,1617370
2022-04-07,NMBMF,898,900,885,886,2744,2444792
2022-04-11,NMBMF,903,910,861,870,2284,2025287.5
2022-04-12,NMBMF,855,867,847,847,2418,2058388
2022-04-13,NMBMF,863.9,882,850,865,1362,1179029.2
2022-04-17,NMBMF,870,875,850,852,1304,1120961.5
2022-04-18,NMBMF,852.4,860,848,852,812,691700.3
2022-04-19,NMBMF,852,865,845,858,857,736000.2
2022-04-20,NMBMF,874,874,842.8,854,1062,905836.6
2022-04-21,NMBMF,845,860,837,855,1585,1340798
2022-04-24,NMBMF,855,925,855,924,2102,1849233.2
2022-04-25,NMBMF,924,924,887.3,887.3,2023,1821900
2022-04-26,NMBMF,875,894,869.6,870,1088,956416.4
2022-04-27,NMBMF,887.4,887.4,852.6,866,666,573663.8
2022-04-28,NMBMF,850,876,850,860,1226,1059319
2022-05-02,NMBMF,851,851,845,847.2,970,822312.5
2022-05-04,NMBMF,840,850,826,827,2900,2424157.1
2022-05-05,NMBMF,825,830,811.2,811.2,1815,1480385
2022-05-08,NMBMF,818,826,818,826,1056,870384.5
2022-05-09,NMBMF,839,859.3,826,830,1424,1196338.9
2022-05-10,NMBMF,825,859,823,847,1658,1392983
2022-05-11,NMBMF,855,874.1,855,874.1,1972,1697156
2022-05-12,NMBMF,874,891,860,869.9,1592,1383041
2022-05-17,NMBMF,855,855,832,832,1033,865435.8
2022-05-18,NMBMF,834,835,822.1,822.1,1377,1139168
2022-05-19,NMBMF,812,826.9,812,816,636,519624.6
2022-05-20,NMBMF,814,814,809,811,401,325070.2
2022-05-23,NMBMF,806,806,785,788,1558,1233006
2022-05-24,NMBMF,800,832,800,804,968,784298.2
2022-05-25,NMBMF,818,818,802.2,815,446,360893.4
2022-05-26,NMBMF,824,824,805,805.2,957,778376.7
2022-05-27,NMBMF,805,809,799,809,605,484332
2022-05-30,NMBMF,816,816,771.1,785,925,728890.1
2022-05-31,NMBMF,783,785,775,775,870,679490
2022-06-01,NMBMF,762,767,751,765,1192,905879
2022-06-02,NMBMF,770,770,760,760,1319,1013647
2022-06-03,NMBMF,745,755,744.9,754,686,515699
2022-06-06,NMBMF,750,784.3,750,768,731,555709.1
2022-06-07,NMBMF,760,772.1,751,760,1735,1313199.6
2022-06-08,NMBMF,769.9,819,769.9,796.5,1557,1226466.7
2022-06-09,NMBMF,800,824,779.1,780,1147,911275.1
2022-06-10,NMBMF,770,777,760,760,477,364549
2022-06-13,NMBMF,751.1,766.1,745,746,1281,960085.7
2022-06-14,NMBMF,741,741,732,734,635,466220
2022-06-15,NMBMF,719.4,725,686,711,3707,2597762.8
2022-06-16,NMBMF,710,730,710,715,786,562871.2
2022-06-17,NMBMF,715,715,700,710,1460,1027245.5
2022-06-19,NMBMF,696,702,688,688,1155,801676.2
2022-06-20,NMBMF,676.1,687.5,663,673,3862,2601557
2022-06-21,NMBMF,673,708,663.1,701,1071,735754.6
2022-06-22,NMBMF,700,710,691,704,676,473228.8
2022-06-23,NMBMF,690,690,665,675.1,2268,1533544.5
2022-06-24,NMBMF,664,689,663,670.3,887,594617
2022-06-26,NMBMF,683.7,722,674,720,1796,1271562.5
2022-06-27,NMBMF,710,740.5,707,707,1868,1346446.4
2022-06-28,NMBMF,707,715,703,715,162,114707
2022-06-29,NMBMF,715,731.5,709,731,1660,1198876.8
2022-06-30,NMBMF,745,798,745,793,4091,3179457.4
2022-07-01,NMBMF,790,808,774.2,780.2,2298,1805587
2022-07-03,NMBMF,795,822,765,822,2115,1684826.5
2022-07-04,NMBMF,815,867,795,810.9,5377,4464095.9
2022-07-05,NMBMF,795,810,771,772,2432,1924331.5
2022-07-06,NMBMF,757,790,755,775.1,1618,1239449.7
2022-07-07,NMBMF,790.6,790.6,759.7,765,935,713369.7
2022-07-08,NMBMF,765,765,750,752,1064,800313.5
2022-07-11,NMBMF,740,740,715,720,1762,1269080.3
2022-07-12,NMBMF,719,730,716,724,674,488607
2022-07-13,NMBMF,712.1,753,709.7,747,452,329531
2022-07-14,NMBMF,761.9,770,754.6,761,413,314514.7
2022-07-15,NMBMF,746,750.2,746,750.1,250,186838.5
2022-07-17,NMBMF,765.1,782,765.1,770,1363,1051425.5
2022-07-18,NMBMF,760,785,760,785,659,512439
2022-07-19,NMBMF,800.7,815.9,790,794,1664,1333174.5
2022-07-20,NMBMF,809.8,809.8,793.7,804,2109,1691502.1
2022-07-21,NMBMF,788,802,786,787,1042,824057.5
2022-07-22,NMBMF,772.1,780,772,777,834,646592.5
2022-07-24,NMBMF,790,830,761.5,830,3664,2934128.1
2022-07-25,NMBMF,815,909,815,883,11690,9958443
2022-07-26,NMBMF,883,883,843,843,4114,3532232.3
2022-07-27,NMBMF,829,894,822,879,4173,3524286
2022-07-28,NMBMF,890,910,873,900,7320,6535429
2022-07-29,NMBMF,885,900.9,885,890,1044,929894
2022-07-31,NMBMF,891,910,885,895,2471,2216031.4
2022-08-01,NMBMF,890,904,875,890,3097,2742892.9
2022-08-02,NMBMF,872.2,888,867,883,3925,3432111.5
2022-08-03,NMBMF,870,890,870,885,4211,3694376.4
2022-08-04,NMBMF,869,885,855,870,3841,3324925.1
2022-08-05,NMBMF,852.6,855,835.2,838,3439,2894003.8
2022-08-07,NMBMF,849,850,813,830,3743,3103777
2022-08-08,NMBMF,831,844,810,810,3544,2934087.6
2022-08-09,NMBMF,800,812,781.1,783,3297,2612354.9
2022-08-10,NMBMF,770,785.4,768,774,2314,1805574.8
2022-08-11,NMBMF,774,802.9,772.3,772.3,1860,1456232
2022-08-14,NMBMF,782,782,759,759,1243,950103.9
2022-08-15,NMBMF,760,800,749,792,6415,4926943.8
2022-08-16,NMBMF,807,807,780,780,6244,4931006.5
2022-08-17,NMBMF,775,793.9,774.5,790,647,505256
2022-08-18,NMBMF,780,796.8,759,790,5445,4191629.1
2022-08-21,NMBMF,790,796,780,780,2332,1832083
2022-08-22,NMBMF,781,781,773.1,780,701,546442.2
2022-08-23,NMBMF,789,790,774,784,870,677689.4
2022-08-24,NMBMF,789.7,789.7,775,785,1238,969276
2022-08-25,NMBMF,785,793.9,756,775,5423,4189187.4
2022-08-26,NMBMF,779,785,757,757,2308,1766311.9
2022-08-28,NMBMF,742,750,727.2,731,3242,2385814.3
2022-08-29,NMBMF,730,744.6,725,728.2,2236,1642148.3
2022-08-30,NMBMF,740,748,726,738,1216,889087.7
2022-08-31,NMBMF,724,725.1,714,714,2551,1833789.6
2022-09-01,NMBMF,725,737,703,719,2442,1746263.4
2022-09-02,NMBMF,730,730,711,712,921,658128
2022-09-04,NMBMF,721,730,721,730,1462,1065118
2022-09-05,NMBMF,720,735,720,735,390,283840
2022-09-06,NMBMF,725,725,711.3,713.4,936,669509
2022-09-07,NMBMF,709,714,701.2,714,1398,984238.2
2022-09-08,NMBMF,706,721,705,720,1036,742250.5
2022-09-11,NMBMF,720,720,700,700.1,2195,1549258.5
2022-09-12,NMBMF,705,706,702.1,705,1001,704248
2022-09-13,NMBMF,705,720,705,720,1869,1335717.1
2022-09-14,NMBMF,729,738,729,738,2577,1889403.3
2022-09-15,NMBMF,730,740,705,705,2835,2049382
2022-09-16,NMBMF,705,709.9,693.1,696,1748,1227614.3
2022-09-18,NMBMF,682.1,690,675,675,3206,2184521.4
2022-09-20,NMBMF,675,678,663,665,1740,1162525
2022-09-21,NMBMF,678,681,666,675,1453,978137
2022-09-22,NMBMF,675,675,661,670,1336,891668.2
2022-09-25,NMBMF,663,669,656.6,657,1400,922589.7
2022-09-27,NMBMF,665,667,653,666,2811,1864088.2
2022-09-28,NMBMF,667,675,655,675,1856,1226523.9
2022-09-29,NMBMF,675,680,669,679,673,454432
2022-10-09,NMBMF,689,704,685,704,868,603391.5
2022-10-10,NMBMF,704,704,680,680,1205,835949.7
2022-10-11,NMBMF,680,682,667,673.1,2215,1483473.7
2022-10-12,NMBMF,686,689,680,688.9,847,580429
2022-10-13,NMBMF,680,700,680,694,1755,1208522
2022-10-16,NMBMF,680.3,692,667.1,692,1933,1305647.6
2022-10-17,NMBMF,680,685,672,672,722,490989
2022-10-19,NMBMF,672,682,660.1,660.1,1793,1194783.5
2022-10-20,NMBMF,657.1,668,657.1,668,193,127174.3
2022-10-23,NMBMF,668,673,665,673,150,100215
2022-10-31,NMBMF,680,683,667,683,880,594696
2022-11-01,NMBMF,670.6,701.7,670.3,701.7,1439,993890
2022-11-02,NMBMF,710,714,700,708.4,1263,893899.7
2022-11-03,NMBMF,716,716,693,696,312,218128
2022-11-06,NMBMF,707,720,703,720,2930,2095032.4
2022-11-07,NMBMF,730,730,700,701,6153,4383869.1
2022-11-08,NMBMF,695,700,688.5,697,1430,989952.8
2022-11-09,NMBMF,684,695.9,684,688,1779,1220928.1
2022-11-10,NMBMF,688,688,670,680,1772,1195648.5
2022-11-13,NMBMF,668,680,653.1,665,8584,5650428.2
2022-11-14,NMBMF,651.7,652,635,652,5767,3687062.6
2022-11-15,NMBMF,652,660,641,641,1270,823504
2022-11-16,NMBMF,640,650,640,650,1619,1046129
2022-11-17,NMBMF,660,672,652,660,1684,1111815
2022-11-22,NMBMF,668,671,645,657,2509,1639498
2022-11-23,NMBMF,645,649,637,648,3353,2151572.6
2022-11-24,NMBMF,636,648.6,636,648,378,243672.4
2022-11-27,NMBMF,660,668,640,660,864,568434.4
2022-11-28,NMBMF,661,669.1,655.2,655.2,823,541527
2022-11-29,NMBMF,646,681.5,643,663,1106,727946.8
2022-11-30,NMBMF,653,670,653,666,792,526243.8
2022-12-01,NMBMF,665,667,655,662,1245,823219.6
2022-12-04,NMBMF,669,675,662,670,2666,1788247.1
2022-12-05,NMBMF,662.2,673,649,672,6134,4023665.4
2022-12-06,NMBMF,660.2,675,659,675,4324,2894318.4
2022-12-07,NMBMF,675,675,666,666.1,1286,861539.5
2022-12-11,NMBMF,658,658,652,652,714,466844.3
2022-12-12,NMBMF,650,665,643,665,858,562081.5
2022-12-13,NMBMF,664.9,664.9,655,655.1,409,267967.1
2022-12-14,NMBMF,650,660,650,657,769,501928.5
2022-12-15,NMBMF,645,655,633,655,1173,751818
2022-12-18,NMBMF,643,643,630,640,1332,849789
2022-12-19,NMBMF,631.1,645,631,645,843,539958.1
2022-12-20,NMBMF,650,653,650,650,477,310310
2022-12-21,NMBMF,659,659,639.3,639.3,899,576695.1
2022-12-22,NMBMF,636.2,652,636.1,645,2295,1469317
2022-12-26,NMBMF,651,668,632.1,668,2989,1957406.8
2022-12-27,NMBMF,681.3,682,656,682,5207,3506677.4
2022-12-28,NMBMF,672,674,656.2,669.9,2576,1710376.8
2022-12-29,NMBMF,662,707.4,654.1,707.4,6014,4040699.8
2023-01-01,NMBMF,706.9,719.9,681,705,7156,5018114
2023-01-02,NMBMF,692.1,716,692.1,710,3181,2238481
2023-01-03,NMBMF,716,735,710,724,9278,6688091.6
2023-01-04,NMBMF,738.3,780,720.2,780,7773,5877824.9
2023-01-05,NMBMF,795.5,812,755,785,9523,7534165.9
2023-01-08,NMBMF,770.1,809,769.4,798,8363,6611761.5
2023-01-09,NMBMF,812,830,795,810,8024,6461667.4
2023-01-10,NMBMF,816,829.9,778,814.9,11026,8952756
2023-01-12,NMBMF,799,799,755,761,13694,10586709.8
2023-01-17,NMBMF,746.5,774.9,745,774.9,5177,3924222.9
2023-01-18,NMBMF,777,784,768,779,5191,4019481.5
2023-01-19,NMBMF,775,782,761,779,2437,1884784
2023-01-23,NMBMF,771,780,762,770,2027,1566246.5
2023-01-24,NMBMF,756,763.9,741.7,763.9,2624,1974745.6
2023-01-25,NMBMF,769,780,762.1,770,4652,3600166.5
2023-01-26,NMBMF,779,779,764,770,1685,1292090.8
2023-01-29,NMBMF,765,775,749,760,2288,1739542.2
2023-01-30,NMBMF,750,755,725,743,5512,4055920
2023-01-31,NMBMF,729.1,740,720,730,3119,2257133.6
2023-02-01,NMBMF,718,729,716,729,2122,1525083.5
2023-02-02,NMBMF,730,730,703,728,1541,1100335.7
2023-02-05,NMBMF,728,728,720,724.9,349,252180
2023-02-06,NMBMF,712.1,735,712.1,735,1875,1358342
2023-02-07,NMBMF,721,759,721,759,3290,2453699.5
2023-02-08,NMBMF,760,769,745,754,3266,2472931.8
2023-02-09,NMBMF,740,753,730.1,735,2943,2176853.4
2023-02-12,NMBMF,721,734.9,707,728,5312,3797470.2
2023-02-14,NMBMF,713.5,724,700,720,5653,4021815.2
2023-02-15,NMBMF,709,709,695,703,2160,1509684
2023-02-16,NMBMF,691,716,690.9,700,968,680146.7
2023-02-20,NMBMF,709,709,680,682,1414,967266.1
2023-02-22,NMBMF,671,675,657,665,5664,3765372.5
2023-02-23,NMBMF,652,654,598.5,598.5,16782,10205816.7
2023-02-26,NMBMF,586.6,620,556.1,620,5027,2990397.1
2023-02-27,NMBMF,610,629.9,600,625,1559,945850.6
2023-02-28,NMBMF,612.6,619,602.1,605,3358,2060698.5
2023-03-01,NMBMF,598,598.6,582,594,4448,2626972.6
2023-03-02,NMBMF,585,587,576,587,1473,855706.3
2023-03-05,NMBMF,577,577,561.2,571.9,3880,2196895.9
2023-03-07,NMBMF,576,588,570,581,1522,883345
2023-03-09,NMBMF,590,592.6,580,592,848,498535
2023-03-12,NMBMF,590,592,578,589.5,1973,1150689
2023-03-13,NMBMF,578,580,568,580,1559,891298.2
2023-03-14,NMBMF,570.1,589,570,570,3297,1894733.7
2023-03-15,NMBMF,559,565,548.2,557,6098,3368261.4
2023-03-16,NMBMF,547.1,557.1,543,545,2161,1180487.3
2023-03-19,NMBMF,536,555.9,535.5,548,1610,879752.2
2023-03-20,NMBMF,557,569,552,560,2810,1568358.2
2023-03-22,NMBMF,561,561,555,555,1205,672962.5
2023-03-23,NMBMF,546,552.9,544.2,545.1,2720,1484899.8
2023-03-26,NMBMF,538,538,528.2,536,3277,1748067.9
2023-03-27,NMBMF,525.3,535,518.1,529,5378,2822064.8
2023-03-28,NMBMF,535,576,535,560,5155,2866684.4
2023-03-29,NMBMF,552,559.9,550.5,558,1487,825935.8
2023-03-30,NMBMF,558.2,568.9,555,560,9636,5424180.1
2023-04-02,NMBMF,515,516.2,510,510,1272,653839.6
2023-04-03,NMBMF,507,507,497,499,3166,1584241.1
2023-04-04,NMBMF,505,507,494,500,2838,1416302.9
2023-04-05,NMBMF,495,510,495,509.9,1254,630953.2
2023-04-06,NMBMF,509,509,503,503,512,258175
2023-04-09,NMBMF,503,509,495,495,409,204825.7
2023-04-10,NMBMF,501,507,495.1,500,1126,564531.4
2023-04-11,NMBMF,500,505,492.1,501,675,336001.2
2023-04-12,NMBMF,509.8,531,502,530,3698,1927714
2023-04-13,NMBMF,521,531,515.7,525,2756,1428189
2023-04-16,NMBMF,515.1,519,510,519,1263,648603.3
2023-04-17,NMBMF,510,514.9,505.1,510,1674,851556.6
2023-04-18,NMBMF,501.1,510,500.3,510,1020,511075
2023-04-19,NMBMF,500,516.8,500,510,183,93141
2023-04-20,NMBMF,510,511,505.1,511,1478,748486.7
2023-04-23,NMBMF,502,506,495,506,1061,530520.2
2023-04-24,NMBMF,497,507,497,506,686,343989
2023-04-25,NMBMF,505.8,511.4,504.1,510,691,349494.8
2023-04-26,NMBMF,510,511.9,495,509,1284,643353.7
2023-04-27,NMBMF,500,508,496.3,508,1174,584861.3
2023-04-30,NMBMF,500,506.7,498,506.7,1335,666070.6
2023-05-02,NMBMF,498,498.9,490,498.9,1260,621458.5
2023-05-03,NMBMF,492,497.8,489.3,496,1209,594309.2
2023-05-04,NMBMF,490,498,488,490,1855,909944
2023-05-07,NMBMF,490,491.1,484,484.9,3246,1587171
2023-05-08,NMBMF,484.9,484.9,472.1,482.9,2187,1043190.7
2023-05-09,NMBMF,477.1,492,477.1,492,1507,731789.2
2023-05-10,NMBMF,483,499.3,480,488.7,507,249636.6
2023-05-11,NMBMF,480.2,490,480.2,485,80,38782
2023-05-14,NMBMF,476,490,475.3,490,652,313232
2023-05-15,NMBMF,480.2,494.7,480.2,490,549,268361
2023-05-16,NMBMF,490,500,490,500,1130,560952
2023-05-17,NMBMF,500.2,505,500,505,1718,862368.7
2023-05-18,NMBMF,507,514,502,513,866,441384.7
2023-05-21,NMBMF,511,513.9,510,513.9,511,261433
2023-05-22,NMBMF,505.8,521.9,500.1,518.8,2219,1132186.6
2023-05-23,NMBMF,518.2,534,518,531,3683,1943222
2023-05-24,NMBMF,521,563,520.6,553,5572,3046639
2023-05-28,NMBMF,564,564,537,540,4155,2288940
2023-05-30,NMBMF,529.2,529.2,516,524,1217,631552.8
2023-05-31,NMBMF,513.6,529,504.3,517,1590,830453.5
2023-06-01,NMBMF,526,526,515,522,630,326220
2023-06-04,NMBMF,515,532.4,515,531,1120,592527.6
2023-06-05,NMBMF,531,541.6,525.1,528,2450,1305326
2023-06-06,NMBMF,530,535,530,535,1890,1006574
2023-06-07,NMBMF,543.9,556,535,535,3867,2108635.5
2023-06-08,NMBMF,535,549,535,549,1500,813368.4
2023-06-11,NMBMF,559,559,546,558,3505,1929240
2023-06-12,NMBMF,568,568,550,552,1434,798280.8
2023-06-13,NMBMF,563,580.1,558.1,570,6679,3803363
2023-06-14,NMBMF,581,591,573.1,587,6944,4049625.7
2023-06-15,NMBMF,597.9,597.9,563,567,3218,1829703
2023-06-18,NMBMF,578.3,601.8,567,601.8,9781,5752062.3
2023-06-19,NMBMF,603,630,603,610.3,12991,7991843.8
2023-06-20,NMBMF,621.9,622.4,590,604,4956,3023264.5
2023-06-21,NMBMF,609,616,586,616,1193,716111.1
2023-06-22,NMBMF,616,616,579,590,3575,2146732
2023-06-25,NMBMF,580.1,605,580.1,598,3640,2161379.2
2023-06-26,NMBMF,608.5,627,597.1,621,3309,2026144.5
2023-06-27,NMBMF,633,683.1,632,683,18316,12283668.8
2023-06-28,NMBMF,689,689,645,645,8935,5872391.6
2023-07-02,NMBMF,632.6,642,609,609.2,4798,3014945.6
2023-07-03,NMBMF,609,633,607,607,2500,1539786.8
2023-07-04,NMBMF,619,619.1,596,619,2541,1544290.6
2023-07-05,NMBMF,631,631,599.2,619,1537,939252.9
2023-07-06,NMBMF,631.3,631.3,590,617,3601,2157132.6
2023-07-09,NMBMF,629.3,629.3,598,600,2170,1310512.7
2023-07-10,NMBMF,612,628.9,608.3,610,2879,1770847.2
2023-07-11,NMBMF,610,616.9,600.2,616.9,3006,1814140.8
2023-07-12,NMBMF,629.2,640.5,609.1,640.5,5963,3782771.3
2023-07-13,NMBMF,641,660,635,643,2279,1477333.4
2023-07-16,NMBMF,650,650,619,640,1096,695768
2023-07-17,NMBMF,635,660,624,660,2638,1701846.9
2023-07-18,NMBMF,650,680.3,647,670,6666,4435226.1
2023-07-19,NMBMF,657,670,644.1,670,2996,1972422
2023-07-20,NMBMF,683.4,683.4,651.1,673,3734,2452906.1
2023-07-23,NMBMF,673,674.1,647.6,668,2674,1793218.2
2023-07-24,NMBMF,655,669,645,659.9,7600,5032647.7
2023-07-25,NMBMF,646.8,658,635,641,3269,2098019
2023-07-26,NMBMF,653,655,630,635,1958,1255511.8
2023-07-27,NMBMF,635,635,623,623,2979,1863658
2023-07-30,NMBMF,611,618,599,601.6,4015,2419478.5
2023-07-31,NMBMF,601.6,622,599,610,2080,1267493.5
2023-08-01,NMBMF,610,610,590,590,2810,1692665.6
2023-08-02,NMBMF,586,590,573.3,590,2049,1192204
2023-08-03,NMBMF,600,600,588.7,588.7,918,546039
2023-08-06,NMBMF,578.1,585,561,581,1620,929895
2023-08-07,NMBMF,569.4,585,560,582,1319,758532
2023-08-08,NMBMF,575,576,561.1,564,1584,897255.5
2023-08-09,NMBMF,554,573,552.8,573,593,332038.4
2023-08-10,NMBMF,579,579,563,579,1324,757138.9
2023-08-13,NMBMF,569,580,569,570,527,302265
2023-08-14,NMBMF,560,574,560,560.3,1121,633091.8
2023-08-15,NMBMF,560.2,560.2,540.1,545,2773,1519965.5
2023-08-16,NMBMF,555,555,533,535,3652,1958818.4
2023-08-17,NMBMF,530.2,540,527.3,527.3,4264,2260547.8
2023-08-20,NMBMF,517,529,508.1,529,1933,1009506.9
2023-08-21,NMBMF,518.5,525.9,513.1,515,2142,1106517.6
2023-08-22,NMBMF,517,525,507,525,1621,829211.7
2023-08-23,NMBMF,515,525,514.5,522,1173,610277
2023-08-24,NMBMF,515,530,514,515,1330,693440.5
2023-08-27,NMBMF,511.6,511.6,490,490,4176,2080573.8
2023-08-28,NMBMF,493,509.7,493,502,2895,1451220
2023-08-29,NMBMF,494.2,520,494.2,515,971,492295.9
2023-08-30,NMBMF,505,532,500,521.4,3651,1886278.1
2023-09-03,NMBMF,515,516,500,507,2583,1304561.6
2023-09-04,NMBMF,515,515,497.3,510,817,412453.5
2023-09-05,NMBMF,499.8,561,491,561,2584,1315101.5
2023-09-07,NMBMF,572.2,572.2,508.1,522.4,570,300043
2023-09-10,NMBMF,512,532,512,518,490,252502.1
2023-09-11,NMBMF,507.7,569.7,507.7,534.9,4458,2312256.2
2023-09-12,NMBMF,539,539,506.8,515.9,524,267944.8
2023-09-13,NMBMF,507.5,525,507.5,524,1271,657021.3
2023-09-17,NMBMF,532,532,506,506,744,387314
2023-09-18,NMBMF,516.1,516.1,506,506,1889,958859
2023-09-19,NMBMF,500,514,500,507.1,1340,676954.7
2023-09-21,NMBMF,517,531.4,511,520.6,3453,1807944
2023-09-24,NMBMF,511,538.5,500,523.9,10375,5338504.7
2023-09-25,NMBMF,514,534,503.9,503.9,3282,1679417
2023-09-26,NMBMF,513.9,529.9,513.9,516,3167,1648155.9
2023-09-27,NMBMF,526,526.3,510,515,1220,633500.9
2023-10-01,NMBMF,521,526,508.2,508.2,3307,1703198.5
2023-10-02,NMBMF,501.5,519,501.5,519,875,445252.3
2023-10-03,NMBMF,529.3,529.3,504.1,504.4,3849,1954577.5
2023-10-04,NMBMF,505,520,505,520,1198,618630.8
2023-10-05,NMBMF,510.3,516,510.3,510.4,690,354417.1
2023-10-08,NMBMF,510.4,510.4,500,508.1,2973,1494073.4
2023-10-09,NMBMF,499,505,498.3,505,686,343274.4
2023-10-10,NMBMF,501,510,495.5,507,1828,914502
2023-10-11,NMBMF,507,507,502,502,321,161743
2023-10-12,NMBMF,500,500,490,495,8672,4259474
2023-10-16,NMBMF,489,495,488,491,461,225721
2023-10-17,NMBMF,500.5,500.8,491,496,1079,536986
2023-10-18,NMBMF,503,510.8,503,505.2,3009,1526239.1
2023-10-19,NMBMF,507,510,500,500,1029,519048.1
2023-10-29,NMBMF,494,502,492.1,492.1,1094,540850.5
2023-10-30,NMBMF,494,499,492,499,646,321523.4
2023-10-31,NMBMF,490,493,490,493,307,150864
2023-11-01,NMBMF,490.1,494,485,485,2277,1112030
2023-11-02,NMBMF,493.5,497,490,497,4002,1978038
2023-11-05,NMBMF,487.5,490,485,485,637,310226.1
2023-11-06,NMBMF,494,494.7,477.3,477.3,778,376981.4
2023-11-07,NMBMF,485,486,477.1,480.3,1139,549538
2023-11-08,NMBMF,485,498.6,485,490,690,336642.4
2023-11-09,NMBMF,486.1,490,482,490,620,301809.8
2023-11-20,NMBMF,490,495,481,481,1531,742726.7
2023-11-21,NMBMF,471.4,480,470.1,470.1,689,326038.2
2023-11-22,NMBMF,479,480,472.1,473,875,414925
2023-11-23,NMBMF,475,480,471.1,472,1373,656443
2023-11-26,NMBMF,470,495,468,495,1556,746194.4
2023-11-27,NMBMF,488,488,471.1,480,628,301027.2
2023-11-28,NMBMF,480,485.2,475.1,475.4,1210,579526.4
2023-11-29,NMBMF,475,500,467,480.1,311,150328.9
2023-11-30,NMBMF,470.5,475,470,475,1651,778899
2023-12-03,NMBMF,468.1,484,468.1,484,269,127872.2
2023-12-04,NMBMF,476,476,467,467,1250,587432.3
2023-12-05,NMBMF,476.3,485.8,463.6,471,860,407676.3
2023-12-06,NMBMF,471,474,465.1,474,218,101681.5
2023-12-07,NMBMF,466,477,466,477,440,206719.1
2023-12-10,NMBMF,486.5,486.5,486.5,486.5,10,4865
2023-12-11,NMBMF,495,500,488,499,3269,1604736.3
2023-12-12,NMBMF,507,516.9,496.9,516.9,2333,1179337.8
2023-12-13,NMBMF,522,556.6,518,556.6,6322,3353293.4
2023-12-14,NMBMF,545.5,595.6,515.1,595,9786,5462984.7
2023-12-17,NMBMF,583.1,583.1,552.2,565,2720,1522836.2
2023-12-18,NMBMF,554,585,532.4,584.9,14926,8533700.6
2023-12-19,NMBMF,589,590,552.1,578,2752,1587598.5
2023-12-20,NMBMF,588,588,565,565,5086,2913371.3
2023-12-21,NMBMF,556,565,550,563,5860,3248979.6
2023-12-24,NMBMF,552,580,545,563,5013,2793319.4
2023-12-27,NMBMF,570,570,530.2,549.9,2554,1381768.6
2023-12-28,NMBMF,548,548,538,547,3388,1848704.1
2024-01-01,NMBMF,554,554,536.1,536.1,1710,921231.6
2024-01-02,NMBMF,535,536,505.7,512.1,7177,3737627.7
2024-01-03,NMBMF,505.1,517.1,505.1,510,4288,2189276.8
2024-01-04,NMBMF,512,520,510,519,3154,1621809
2024-01-07,NMBMF,529.3,549.7,511,515,1965,1023768.4
2024-01-08,NMBMF,517,534,517,525,5662,2984504
2024-01-09,NMBMF,530,544,528,535,3293,1767690.4
2024-01-10,NMBMF,545.6,555,545.6,554,3927,2165227.5
2024-01-11,NMBMF,545.1,552,535,547,2012,1093216.4
2024-01-14,NMBMF,547,569.8,537,556,5212,2893109.5
2024-01-16,NMBMF,566.8,573,555.5,562.2,3692,2092051.3
2024-01-17,NMBMF,572,612,551,580,16470,9588746.2
2024-01-18,NMBMF,568.4,584.3,558,572.6,4789,2745232
2024-01-21,NMBMF,569.9,576,558.1,558.4,6304,3570411.5
2024-01-22,NMBMF,550.3,558,541.3,543.1,7665,4189759.6
2024-01-23,NMBMF,553,597,538.2,597,2021,1129403.7
2024-01-24,NMBMF,585.1,585.1,552,560,3752,2104430.7
2024-01-25,NMBMF,550,552,538.2,548,3263,1768726
2024-01-28,NMBMF,542,542,530.1,531,3395,1815899.7
2024-01-29,NMBMF,541,549.8,528.5,538,6348,3388687.7
2024-01-30,NMBMF,548.5,557.6,537.8,545,2186,1191622.4
2024-01-31,NMBMF,545,549.6,537,537,1051,571084
2024-02-01,NMBMF,537,537,523,527.1,1110,585959.9
2024-02-04,NMBMF,530,534.4,521.2,534.4,3851,2015998.6
2024-02-05,NMBMF,534,534,523.6,524.5,2740,1439037.5
2024-02-06,NMBMF,517.5,530,517.5,529,3377,1771372.4
2024-02-07,NMBMF,534.7,537,527.1,529.2,1320,705037.6
2024-02-08,NMBMF,527.6,532.9,524,532.9,2693,1415305.9
2024-02-11,NMBMF,530,532,515.5,528,3970,2079370.3
2024-02-12,NMBMF,520,538,520,521.2,2588,1368685.1
2024-02-13,NMBMF,515.2,530.5,515.2,529.9,2132,1120226
2024-02-14,NMBMF,529,535,513,535,7163,3730890.1
2024-02-15,NMBMF,524.3,533,505.1,533,1415,738000.1
2024-02-18,NMBMF,522.6,522.6,515.1,517.5,1453,752211
2024-02-20,NMBMF,508,548,497.1,527.3,2295,1178604.9
2024-02-21,NMBMF,516.8,522,510,510,5880,3019875.5
2024-02-22,NMBMF,507.7,516,507.7,516,1653,841442.5
2024-02-25,NMBMF,520,520,500,500,2961,1494455.6
2024-02-26,NMBMF,509.9,510,501.2,509.9,767,389940.4
2024-02-27,NMBMF,509,520,507,520,1881,963370.9
2024-02-28,NMBMF,509.6,511,499.6,510,2062,1045154.6
2024-02-29,NMBMF,503,508,500,500,3041,1529245.5
2024-03-03,NMBMF,491,493,482,490.6,1109,539416
2024-03-05,NMBMF,500.4,505,495,495,2728,1372047.5
2024-03-06,NMBMF,500,505,495.5,505,1882,941886
2024-03-07,NMBMF,497,511,480,511,2010,1001785
2024-03-10,NMBMF,510,550,510,535,9548,5094519.4
2024-03-12,NMBMF,545,569,537,565,10031,5551902.5
2024-03-13,NMBMF,576,576.3,553.9,557,7632,4323494.1
2024-03-14,NMBMF,545.9,563,540.1,550,4761,2619386.3
2024-03-17,NMBMF,544,558.5,544,553,4586,2522394
2024-03-18,NMBMF,545,553.6,542,546.2,2882,1580115.1
2024-03-19,NMBMF,554,576,554,565,11835,6719603.8
2024-03-20,NMBMF,576,620,575,608,58189,35337227
2024-03-21,NMBMF,610,614,592.2,597,16319,9782653.9
2024-03-25,NMBMF,597,597,571.6,572,17751,10276938.2
2024-03-26,NMBMF,576.5,585,576.5,582,17243,10008729.9
2024-03-27,NMBMF,582,589,571.2,581,3171,1830520.4
2024-03-28,NMBMF,570.5,581,570.5,581,2624,1508706.9
2024-03-31,NMBMF,571,577,565,569.7,3144,1790478
2024-04-01,NMBMF,565,573,563,567.2,3799,2161637
2024-04-02,NMBMF,564,596,560.1,585,12964,7569894.7
2024-04-03,NMBMF,589.9,619,578.3,610,25750,15597551.4
2024-04-04,NMBMF,618.7,636.5,606,628,28977,18143657.9
2024-04-07,NMBMF,640,640.5,615,619.6,20036,12517100.2
2024-04-09,NMBMF,620,620,602.7,602.7,11570,7064714.8
2024-04-10,NMBMF,600,605,585,587,12325,7292377.1
2024-04-14,NMBMF,590,622,586.5,615,12751,7767893.4
2024-04-15,NMBMF,619,632,605,605,16752,10373703.4
2024-04-16,NMBMF,605,607,595,605.9,3613,2166980.8
2024-04-18,NMBMF,609,609,585,592,4017,2363269
2024-04-21,NMBMF,581.4,601,581,599.9,2606,1536889.7
2024-04-22,NMBMF,610.9,610.9,582,582,3504,2063295.1
2024-04-24,NMBMF,583.3,597.6,583.3,596,3038,1804541.8
2024-04-25,NMBMF,591,591,586.2,589,1839,1084183.1
2024-04-28,NMBMF,583.1,598.8,581,595,5842,3449465.3
2024-04-29,NMBMF,599.7,607,590.3,595,5605,3349305.7
2024-04-30,NMBMF,585.1,622.2,585,597,10323,6242511.9
2024-05-02,NMBMF,602,650,602,635,36163,23067389.6
2024-05-05,NMBMF,647,675.2,625,643,35306,22945697
2024-05-06,NMBMF,650,650,612,614.7,13930,8643647
2024-05-07,NMBMF,626,652,626,640,20620,13181861
2024-05-08,NMBMF,628,688,616,684,51858,33957661
2024-05-09,NMBMF,675,679,656,660,20805,13795525
2024-05-12,NMBMF,647.1,660,634.1,645,10901,7027302.2
2024-05-13,NMBMF,650,651.9,639,649,7220,4647071.7
2024-05-14,NMBMF,659.8,683,650,669.8,34479,23158910.8
2024-05-15,NMBMF,672.1,674,645,645,21153,13948467
2024-05-16,NMBMF,636.1,698.6,636.1,677,39796,26975735
2024-05-19,NMBMF,690,700.8,665.3,696.9,30419,20884856.4
2024-05-20,NMBMF,710,724,680.1,685,29285,20518069.8
2024-05-21,NMBMF,697,716,678,698.5,26341,18307005.4
2024-05-22,NMBMF,692,700,681,682,15281,10495709.6
2024-05-26,NMBMF,672,674,660.1,663,14726,9818773.4
2024-05-27,NMBMF,676,716,665,670,7008,4714729.8
2024-05-29,NMBMF,670,677.8,660.6,663,8797,5873971.5
2024-05-30,NMBMF,676.2,676.2,642,642,10441,6785421.3
2024-06-02,NMBMF,630,664.9,630,658.9,4669,3034496.1
2024-06-03,NMBMF,672,691.5,656,680,11606,7847492.3
2024-06-04,NMBMF,670.2,693.9,670.2,685,11570,7953621.4
2024-06-05,NMBMF,685,698.7,675,692,15634,10769418.5
2024-06-06,NMBMF,692,743,687.6,720,51037,36672469.6
2024-06-09,NMBMF,730,754,718.1,719,26652,19565572.1
2024-06-10,NMBMF,732.5,732.5,715.1,715.5,12651,9086414.6
2024-06-11,NMBMF,722,741,715.6,726.2,12329,8958286.8
2024-06-12,NMBMF,735,760.5,726.5,745,26946,19984815.5
2024-06-13,NMBMF,759,759,731.1,740,19026,14184023
2024-06-16,NMBMF,725.3,740,715.6,718,11617,8380269
2024-06-18,NMBMF,704.2,715,692,709.9,10369,7304022.8
2024-06-19,NMBMF,709.9,719,704.7,711,4678,3322135
2024-06-20,NMBMF,725,725,700,701.2,12509,8776982.6
2024-06-23,NMBMF,701.2,701.2,690,690,9202,6371249.3
2024-06-24,NMBMF,699,716.9,699,712,9777,6943476.9
2024-06-25,NMBMF,724.8,725,708,711,6920,4928621.3
2024-06-26,NMBMF,724,724,705,705,5996,4263940.9
2024-06-27,NMBMF,715.9,715.9,692.2,700,5619,3945972.9
2024-06-30,NMBMF,710.9,710.9,678.2,683,4439,3040683.5
2024-07-01,NMBMF,675,688,675,687.9,5930,4059170.4
2024-07-02,NMBMF,701.6,729,690,700,5788,4077252
2024-07-03,NMBMF,714,714,686,697,10999,7620609.5
2024-07-04,NMBMF,708.8,708.9,691.2,696.3,6996,4885318.9
2024-07-07,NMBMF,697.2,710,695.1,703,4521,3177663.4
2024-07-08,NMBMF,713.9,718.9,705,718.9,9449,6708136.8
2024-07-09,NMBMF,733,779.7,718.4,777,45257,33592971.3
2024-07-10,NMBMF,792.5,798,770,777,22451,17574150.6
2024-07-11,NMBMF,792.5,792.5,769,779,11272,8752744.9
2024-07-14,NMBMF,794.5,794.5,762,765,14617,11326758.8
2024-07-15,NMBMF,780.3,780.3,750,760,10086,7656465.5
2024-07-16,NMBMF,775,785,755,780,6664,5126886.4
2024-07-17,NMBMF,794,795.6,770,780.1,15430,12118272.4
2024-07-18,NMBMF,781.2,825,781.2,809,28573,23271831.3
2024-07-21,NMBMF,824.9,830,806,813.9,16750,13715367
2024-07-22,NMBMF,810,810,790.1,800,13849,11070129
2024-07-23,NMBMF,816,825,789,820,26744,21756006.7
2024-07-24,NMBMF,820,824.9,790.1,799,16983,13662334.3
2024-07-25,NMBMF,814.9,867,792,867,47710,40412753.8
2024-07-28,NMBMF,884.3,918,822.3,850,32728,28104395.2
2024-07-29,NMBMF,852,852,808,811,30010,24795483.9
2024-07-30,NMBMF,827.2,827.2,804,819.1,18478,15129034.4
2024-07-31,NMBMF,835,869.7,820.1,831,20141,16887310.8
2024-08-01,NMBMF,831,853,821,827.8,22923,19189765.8
2024-08-05,NMBMF,816.5,830,811,813.5,11600,9478109.5
2024-08-06,NMBMF,813,819,765,765,20036,15747609.1
2024-08-07,NMBMF,780.3,795,772,794,12404,9750435.8
2024-08-08,NMBMF,805,809,769.3,788.9,13580,10704152.4
2024-08-11,NMBMF,800,834,800,830,31675,26137560
2024-08-12,NMBMF,846,863.5,830,834.9,19358,16360998.9
2024-08-13,NMBMF,820.1,820.1,800,807,26845,21673713.4
2024-08-14,NMBMF,794,805.2,786,804,20382,16234827
2024-08-15,NMBMF,814.8,820,795.5,799,21683,17470048
2024-08-18,NMBMF,805,814.9,775,780,25183,20036665.5
2024-08-21,NMBMF,781.1,795.6,766.6,770,17420,13482810.4
2024-08-22,NMBMF,785.4,801,761,776,8943,6930765.8
2024-08-25,NMBMF,791,822,771,801,33259,26550483.3
2024-08-27,NMBMF,817,819.9,775,775,10776,8541670.1
2024-08-28,NMBMF,790,795,764,785,10130,7858212.9
2024-08-29,NMBMF,773.2,779.9,757,769,9758,7433740.3
2024-09-01,NMBMF,784,784,741.1,741.1,10766,8150453.4
2024-09-02,NMBMF,727.1,770,727.1,759.9,9148,6825499.7
2024-09-03,NMBMF,760,764,745,757,5171,3912187.3
2024-09-04,NMBMF,771,771.9,745.2,758.8,13365,10174773.9
2024-09-05,NMBMF,760,795.5,735,768,16595,12612867
2024-09-08,NMBMF,783.3,805.8,763,763,23214,18306863.2
2024-09-09,NMBMF,747.8,765,740.5,744,8352,6268046.8
2024-09-10,NMBMF,740,753,736,749.5,8326,6156586.1
2024-09-11,NMBMF,764.3,764.3,735.1,745,4271,3170645.2
2024-09-12,NMBMF,750,751,730,739,15607,11523612.5
2024-09-15,NMBMF,724.3,768,724.3,740,6605,4852886.5
2024-09-16,NMBMF,726.1,745,707,720,7533,5423480.2
2024-09-18,NMBMF,733,733,710,722,4207,3007901
2024-09-22,NMBMF,735.9,735.9,700,701,4869,3442758.6
2024-09-23,NMBMF,701,710,665.4,670,4414,3021106.1
2024-09-24,NMBMF,683,683.4,662,662.7,6438,4304374.7
2024-09-25,NMBMF,655,673,655,670,4477,2978323.2
2024-09-26,NMBMF,670,679.9,654,663,2966,1961655
2024-09-29,NMBMF,650.5,660,650,659.9,1864,1222549
2024-09-30,NMBMF,649,670,646.8,670,6353,4147993.9
2024-10-01,NMBMF,670,701.9,669,699.8,6763,4652073.1
2024-10-02,NMBMF,686,707,686,691,5704,3945127.5
2024-10-06,NMBMF,677.2,710,677.2,705,3043,2127557.1
2024-10-07,NMBMF,705,717.9,705,713.7,4214,3006821.4
2024-10-08,NMBMF,700,713,690.1,706.8,2239,1564243.5
2024-10-09,NMBMF,695,706,693,701.9,2027,1413932.1
2024-10-15,NMBMF,701.9,714,701.9,710,1491,1059914.5
2024-10-16,NMBMF,705,723.8,705,722,2673,1917709.4
2024-10-17,NMBMF,719.3,735,719.3,725,6109,4467217.2
2024-10-20,NMBMF,710.5,718,701.8,709,5109,3627005.1
2024-10-21,NMBMF,721,721,693,700,2852,1984385.8
2024-10-22,NMBMF,705,705,693,705,1635,1139109.8
2024-10-23,NMBMF,695,706,695,700,4039,2824492.8
2024-10-24,NMBMF,714,716,688.1,696,2594,1801239.3
2024-10-27,NMBMF,705,705,680,680,1822,1255909.8
2024-10-28,NMBMF,693.6,702,680.2,700,1839,1271839.8
2024-10-29,NMBMF,705,713,700,713,3835,2710995.4
2024-10-30,NMBMF,711.2,723.9,704.1,710,2386,1693810.6
2024-11-05,NMBMF,710,714.9,707.1,714.9,370,262498.7
2024-11-06,NMBMF,713,724,712,712,1510,1083664.2
2024-11-10,NMBMF,726,730,714,729,5564,4021852.4
2024-11-11,NMBMF,740,779.9,733,752,15456,11641059.7
2024-11-12,NMBMF,767,777,756,756,15024,11529672
2024-11-13,NMBMF,760,760,745,754,3367,2535440.4
2024-11-14,NMBMF,745,760,739,755,5677,4270984.9
2024-11-17,NMBMF,765.8,799.9,760,764.9,13830,10706344.9
2024-11-19,NMBMF,770,811,755.2,755.2,14326,11030519.3
2024-11-20,NMBMF,750,774,749,774,7056,5299803
2024-11-21,NMBMF,759.1,788,740,750,24170,18247691.9
2024-11-24,NMBMF,740.1,769.9,726.1,740,2392,1767922.8
2024-11-25,NMBMF,740,753,736,746.9,1831,1362855.7
2024-11-26,NMBMF,761,761,740,755,2964,2219935.3
2024-11-27,NMBMF,754,761.9,745,760,9158,6928529.3
2024-11-28,NMBMF,747,762,746.2,747,5532,4155420
2024-12-01,NMBMF,755,755,728,732,2689,1968584.7
2024-12-02,NMBMF,740,740,728.8,729,8818,6468882.2
2024-12-03,NMBMF,743.5,773,733,733.5,4353,3218062.3
2024-12-04,NMBMF,730,740,722,730,6512,4733365.1
2024-12-05,NMBMF,719,730,719,722,2852,2068924.4
2024-12-08,NMBMF,736.4,748,694,708,6564,4598962.9
2024-12-09,NMBMF,722.1,736,692.9,700,1880,1317022
2024-12-10,NMBMF,714,770,700,718.9,7334,5210705.8
2024-12-11,NMBMF,731.9,731.9,706,722,104,74039
2024-12-12,NMBMF,735.8,735.8,702.2,708,1887,1339808.7
2024-12-16,NMBMF,700,705,697.1,705,1225,858923.7
2024-12-17,NMBMF,718,718,695,707,2007,1408906.9
2024-12-18,NMBMF,721.1,735.5,698,707.9,1032,724806
2024-12-19,NMBMF,722,722,686,699.7,1414,980506.7
2024-12-22,NMBMF,712.9,712.9,672,700,1307,900166.4
2024-12-23,NMBMF,700,700,686,694.5,1151,796133
2024-12-24,NMBMF,708.3,763,681,707.8,3446,2409836.5
2024-12-26,NMBMF,694,700,686.6,686.6,395,274121.3
2024-12-29,NMBMF,686.6,734.4,680,708.5,4585,3292324.6
2024-12-31,NMBMF,701,701,682.2,695.9,1637,1129159.3
2025-01-01,NMBMF,695.9,696,695.9,696,69,47980.2
2025-01-02,NMBMF,686,696,685,694,383,263880.3
2025-01-05,NMBMF,685,695,681.2,690,2078,1427185
2025-01-06,NMBMF,697,703,690.1,695,4301,2996511.3
2025-01-07,NMBMF,695,723,686,700,2906,2050280
2025-01-08,NMBMF,713.9,726.9,710.3,718.9,6850,4940155.7
2025-01-09,NMBMF,733,733,700.7,714,2541,1786733.4
2025-01-12,NMBMF,700,714,687.1,711,1538,1073919.5
2025-01-13,NMBMF,700,700,688.1,692,2680,1853720.5
2025-01-15,NMBMF,700,700,678,695.9,2690,1837560.9
2025-01-16,NMBMF,682,690,668.9,680,4914,3318063.2
2025-01-19,NMBMF,672.5,687,667.1,686.9,3897,2627310.3
2025-01-20,NMBMF,677.5,690,667,680,2150,1449564
2025-01-21,NMBMF,675,687.9,668,680,2764,1862119.2
2025-01-22,NMBMF,680,698,671.4,695,4204,2892455
2025-01-23,NMBMF,685,702,685,702,2047,1419929.2
2025-01-26,NMBMF,701.3,719,695.3,707,10749,7639884.1
2025-01-27,NMBMF,719.8,719.8,694.5,694.5,5024,3525310.9
2025-01-28,NMBMF,700,708.3,691.1,701,8437,5907710.1
2025-02-02,NMBMF,709,771.1,709,771.1,33968,25728357.3
2025-02-03,NMBMF,785,800,760,778,22523,17709223.1
2025-02-04,NMBMF,780,785,760,764.1,8291,6376768.8
2025-02-05,NMBMF,778.9,790,769.9,772.1,17314,13456898.9
2025-02-06,NMBMF,770,784.9,741.1,764.8,19417,14712920.4
2025-02-09,NMBMF,780,795.6,755,755,14698,11373960.8
2025-02-10,NMBMF,770,780,760,772,12933,9934027.9
2025-02-11,NMBMF,762,784,762,775,5365,4171426.3
2025-02-12,NMBMF,776,801.9,775.1,791,23181,18394927.6
2025-02-13,NMBMF,806,806,780,785,11172,8856642.3
2025-02-16,NMBMF,799.8,820,775,820,25533,20496647.6
2025-02-17,NMBMF,820,876,816.1,864.9,46911,40161150.1
2025-02-18,NMBMF,870,870.9,830.2,832,20300,17129519.3
2025-02-20,NMBMF,838.5,844,818.3,830,13327,11044269.4
2025-02-23,NMBMF,831,840,814,835,17155,14235968.8
2025-02-24,NMBMF,840,840,797,805,12392,10103149.3
2025-02-25,NMBMF,801,829,795,811,8547,6924083.8
2025-02-27,NMBMF,827,842,810,810.1,8372,6852469.5
2025-03-02,NMBMF,826,826,810.2,810.2,12921,10533592
2025-03-03,NMBMF,826,826.3,803.6,803.6,6447,5257833.2
2025-03-04,NMBMF,801,816,772,785,15578,12226126.2
2025-03-05,NMBMF,769.4,815,769.4,779,4203,3280247
2025-03-06,NMBMF,780,793.9,775,775.2,6130,4784857.6
2025-03-09,NMBMF,760.5,775.1,760.5,768.8,7053,5404961.6
2025-03-10,NMBMF,759.7,773,757.1,762.9,2854,2179349.6
2025-03-11,NMBMF,778,778,746,754,2117,1609599.7
2025-03-12,NMBMF,740.1,799,740.1,747.1,2194,1670854.5
2025-03-16,NMBMF,732.2,776,725.3,726.3,4713,3487652.9
2025-03-17,NMBMF,711.8,770,711.8,731.3,2758,2028221
2025-03-18,NMBMF,716.7,780,716.7,745,2284,1695962.5
2025-03-19,NMBMF,743,745,711,739.5,4198,3052859.3
2025-03-20,NMBMF,726.1,739,726.1,730.77,2117,1551553.6
2025-03-23,NMBMF,744.9,744.9,701,714,5188,3695743.1
2025-03-24,NMBMF,717,725,717,719.17,1564,1127591.7
2025-03-25,NMBMF,705.1,719.2,692.8,701.71,5950,4183654
2025-03-26,NMBMF,710,734.8,702.1,724.35,4930,3542434.3
2025-03-27,NMBMF,738.8,760,709.7,758.14,7676,5740902.9
2025-03-30,NMBMF,743,770,743,748.75,8924,6704613.7
2025-04-01,NMBMF,763.7,763.7,727.1,742.01,4514,3328593.1
2025-04-02,NMBMF,727.2,755.9,671,735.3,3796,2801899
2025-04-03,NMBMF,750,750,721,732.01,9122,6656106.7
2025-04-07,NMBMF,721,744.9,721,726.01,2019,1486118.7
2025-04-08,NMBMF,716,735,712.2,724.25,5350,3834424.5
2025-04-09,NMBMF,737,737,720,721.73,1319,951974
2025-04-10,NMBMF,734,736.1,711,716.98,3500,2523664
2025-04-13,NMBMF,731.3,770,703,740.5,3417,2498762.9
2025-04-15,NMBMF,755.3,755.3,690,742.36,4664,3429047
2025-04-16,NMBMF,757.2,757.2,712.8,734.2,3212,2344942.9
2025-04-17,NMBMF,719.6,770,719.6,734.24,3164,2332837.8
2025-04-20,NMBMF,722.5,756.9,716,721,2022,1467349.4
2025-04-21,NMBMF,716,770,716,732.5,4144,2999942.7
2025-04-22,NMBMF,743.9,743.9,719.1,720.47,2595,1878674.8
2025-04-23,NMBMF,720,737,707,707.82,4834,3445479.3
2025-04-24,NMBMF,700,730,694,710.26,3116,2199566.6
2025-04-27,NMBMF,698.2,713.9,694.7,696.03,10826,7568036.9
2025-04-28,NMBMF,687,705,683,686.18,6860,4730054
2025-04-29,NMBMF,699.9,700,687,696.82,1784,1236995.1
2025-04-30,NMBMF,703.8,703.8,684.1,684.61,2093,1435483.8
2025-05-04,NMBMF,695,707.8,680,681.86,3567,2451117.1
2025-05-05,NMBMF,691,704,667,680.12,6718,4522080
2025-05-06,NMBMF,670.5,682.9,670.5,676.46,4437,2987139.5
2025-05-07,NMBMF,686,715,675,713.57,7128,4959525.3
2025-05-08,NMBMF,724,724,697,704,4110,2901941.4
2025-05-11,NMBMF,704.1,714,681.2,686.82,1905,1319137.8
2025-05-13,NMBMF,685,696,678,694.47,3015,2053356.6
2025-05-14,NMBMF,705,705,681,690,507,346984
2025-05-15,NMBMF,690.1,699.8,679,686.8,898,619458
2025-05-18,NMBMF,686.8,720,678.2,702.53,6728,4721447
2025-05-19,NMBMF,708,709,690.1,705.37,1190,832845
2025-05-20,NMBMF,709,710,696.2,702.65,1858,1300354.1
2025-05-21,NMBMF,716.7,716.7,690.2,693.53,5451,3841511.6
2025-05-22,NMBMF,707.4,734.9,698,729.83,17968,12989920.8
2025-05-25,NMBMF,742,750,720,739.34,16811,12418764
2025-05-26,NMBMF,754,754,716.1,729.65,6337,4627029.6
2025-05-27,NMBMF,720,729,711,720,5187,3710995
2025-05-28,NMBMF,713.1,726,713,715.36,3364,2415111.2
2025-06-02,NMBMF,728,728,710,711.2,3052,2177798.3
2025-06-03,NMBMF,707.7,713,703,712.56,1318,928433.5
2025-06-04,NMBMF,700,706,693,699.21,5761,4010585.5
2025-06-05,NMBMF,690,702.9,690,699.3,1920,1330600.8
2025-06-08,NMBMF,686,692,684,684.29,3334,2289875.3
2025-06-09,NMBMF,680,689.5,680,685.14,2210,1508188
2025-06-10,NMBMF,693.9,695,680,685.2,8121,5593299.2
2025-06-11,NMBMF,695,700,686.1,692.03,2395,1663546.5
2025-06-12,NMBMF,699,699,678.2,684.45,5882,4022780
2025-06-15,NMBMF,680.1,696,680.1,682.83,7651,5230780.8
2025-06-16,NMBMF,681,698.9,681,692.2,4725,3263064.3
2025-06-17,NMBMF,693,717,692,702.76,8292,5849331.4
2025-06-18,NMBMF,708,710,690,690.48,8268,5742839
2025-06-19,NMBMF,686.1,689.9,681.4,684.13,4350,2976876
2025-06-22,NMBMF,680.1,680.1,667.1,668.86,5659,3807834.2
2025-06-23,NMBMF,681.8,682,668.4,672.89,2647,1782960.9
2025-06-24,NMBMF,685,685,672,672.01,2880,1951597
2025-06-25,NMBMF,666.6,679,665,665.61,4358,2911480
2025-06-26,NMBMF,671.9,671.9,660,662.07,5255,3494442.8
2025-06-29,NMBMF,672,680,665,677.73,2517,1696742.4
2025-06-30,NMBMF,677,693,675,685.09,6314,4324343
2025-07-01,NMBMF,689,712,686,706.24,11964,8423685.9
2025-07-02,NMBMF,709,719,705,705.61,5084,3610020.4
2025-07-03,NMBMF,694.5,714,694.5,709.78,3498,2459553.8
2025-07-06,NMBMF,711,715,696,705.06,4792,3369380.5
2025-07-07,NMBMF,714,718.8,694,694.18,3481,2431999.1
2025-07-08,NMBMF,708,708,694,701.7,2205,1541099.3
2025-07-09,NMBMF,709,709,698.3,703.38,1948,1371781.7
2025-07-10,NMBMF,712,728.9,701,724.89,15194,10926076.9
2025-07-13,NMBMF,739,755,736,742.93,19891,14863445.9
2025-07-14,NMBMF,748,749,730,731.51,4776,3508456
2025-07-15,NMBMF,730,745,730,740.57,7917,5833836.3
2025-07-16,NMBMF,755,755,742.1,745.13,8562,6387060.1
2025-07-17,NMBMF,750,783.4,743,765.53,16277,12452857.9
2025-07-20,NMBMF,779,780,760,762.58,20821,16052174.4
2025-07-21,NMBMF,760,795,751.3,788.48,38666,30125626.1
2025-07-22,NMBMF,804.2,835,800,807.84,44483,36421493.5
2025-07-23,NMBMF,822,822,790,792.42,13315,10622005.2
2025-07-24,NMBMF,792,795,775,785.7,16960,13336127.6
2025-07-27,NMBMF,786,817.9,775,788.51,36382,29127292.8
2025-07-28,NMBMF,788.5,797,772.9,794.19,14716,11491253.7
2025-07-29,NMBMF,805,826,804.9,812.2,39338,32104885.7
2025-07-30,NMBMF,800,815,773,776.52,17345,13750564.1
2025-07-31,NMBMF,790,797,772,773.31,14391,11246939.1
2025-08-03,NMBMF,758,785,740.7,742.76,14594,10978475.9
2025-08-04,NMBMF,757.6,772.7,732,753.42,10047,7520407.4
2025-08-05,NMBMF,765,773,741.1,755.92,6476,4897696.3
2025-08-06,NMBMF,762.5,780,749,764.24,17190,13221061
2025-08-07,NMBMF,767,780,758,760.08,10991,8400025.4
2025-08-11,NMBMF,761,787.9,737,738.63,9706,7282548.6
2025-08-12,NMBMF,740,745,726.2,733.24,5351,3931350
2025-08-13,NMBMF,727.5,740,722.1,726.68,5313,3863952.8
2025-08-14,NMBMF,738,738,725,732.76,3376,2471091.8
2025-08-17,NMBMF,736,736,720,720.11,3426,2471563.4
2025-08-18,NMBMF,720,725,715,718.55,2784,2010832.1
2025-08-19,NMBMF,717,725,716.5,720,6363,4587857.5
2025-08-20,NMBMF,727,727,713.6,717.51,1490,1070872.8
2025-08-21,NMBMF,726,726,711.1,712.81,2858,2041619
2025-08-24,NMBMF,702.1,713,702.1,705.65,3451,2437424.1
2025-08-25,NMBMF,719.7,733,706.6,717.61,5885,4222823.8
2025-08-26,NMBMF,715,715,701,706.41,4442,3148170.1
2025-08-27,NMBMF,715.9,719,705,714,3181,2262854.7
2025-08-28,NMBMF,702,715,700,701.85,4003,2822587.8
2025-08-31,NMBMF,692,705,692,694,1628,1129782.6
2025-09-01,NMBMF,700,704.4,699,701.7,1247,874283
2025-09-02,NMBMF,692.2,705,690.1,691.6,2620,1816548.7
2025-09-03,NMBMF,694,694,680,681.18,6687,4575073.5
2025-09-04,NMBMF,685,685,674.3,675.6,3261,2205717.5
2025-09-07,NMBMF,685,685,671.3,678.51,1088,737162.4
2025-09-08,NMBMF,678.51,685,675.1,677.29,826,558697
2025-09-18,NMBMF,663.8,663.8,663.8,663.8,10,6638
2025-09-21,NMBMF,677,712,664,693.45,3549,2414113
2025-09-23,NMBMF,703,719.9,700,701,2550,1796224.1
2025-09-24,NMBMF,693,696.2,691.3,693,826,574198
2025-09-25,NMBMF,690,694,686,687.3,794,547625
2025-09-28,NMBMF,682,694,677.1,694,2143,1465560.8
2025-10-07,NMBMF,681.1,681.3,675,680,1248,849135.8
2025-10-08,NMBMF,674.1,675,657.1,670,3220,2153879.5
2025-10-09,NMBMF,683.4,709.9,670,670,1697,1155221.3
2025-10-12,NMBMF,658.1,659,637,650,12533,8121758.8
2025-10-13,NMBMF,655,660,640.1,652,1971,1282448.3
2025-10-14,NMBMF,645,648,635.3,648,2029,1300958.7
2025-10-15,NMBMF,636.1,640,630,630.2,2278,1447669
2025-10-16,NMBMF,626,635,613.6,617.1,6097,3776698.5
2025-10-19,NMBMF,614,620,605,620,2161,1316137.7
2025-10-26,NMBMF,608,626.9,596,626.9,2509,1506839.3
2025-10-28,NMBMF,634.9,673,626.1,659.9,4696,3045821.5
2025-10-29,NMBMF,668,668,647,648,2590,1685490
2025-10-30,NMBMF,655,691,652,691,2053,1364660.6
2025-11-02,NMBMF,690,691.9,681.1,687,5630,3862954.9
2025-11-03,NMBMF,674.1,678,665,670.4,1683,1126817.2
2025-11-04,NMBMF,670.1,670.1,660,660.2,919,606913
2025-11-05,NMBMF,656.1,670,650,670,2525,1652307.7
2025-11-06,NMBMF,658,665,658,665,82,54386
2025-11-09,NMBMF,655.2,667,653.7,660,1259,824369.4
2025-11-10,NMBMF,651,664,651,664,73,48173
2025-11-11,NMBMF,651,663,646,663,530,349452
2025-11-12,NMBMF,663,663,655,655.5,1041,682214.3
2025-11-13,NMBMF,662,662,642,654,2333,1514007.8
2025-11-16,NMBMF,648.2,660,643.1,654.9,3394,2203489.6
2025-11-17,NMBMF,663,669,655.7,661,922,613324.5
2025-11-18,NMBMF,669,669,657,667,362,240742.8
2025-11-19,NMBMF,654,656.8,644,653,540,351895.1
2025-11-20,NMBMF,662,677.9,654.5,673,3336,2220363.9
2025-11-23,NMBMF,675,687.1,675,685,4671,3196877.8
2025-11-24,NMBMF,692,708,692,692.5,4335,3028623
2025-11-25,NMBMF,706,720,686,687,1131,783353
2025-11-26,NMBMF,699,699,674,680,2990,2038621
2025-11-27,NMBMF,680,692,678.4,688.9,981,669634.1
2025-11-30,NMBMF,691,702,679.1,685,3917,2692131.8
2025-12-01,NMBMF,698,724,674.2,700.9,10989,7754206.3
2025-12-02,NMBMF,710,720,686.9,703,3220,2247815.6
2025-12-03,NMBMF,710,717,695,704,3713,2618673.2
2025-12-07,NMBMF,690.1,704.1,686,691,7435,5186024.9
2025-12-08,NMBMF,678.6,747,678.6,698,5711,4000614.8
2025-12-09,NMBMF,690.3,712,690.3,709.9,6187,4359754.9
2025-12-10,NMBMF,695.8,723,695.8,710,8722,6165993.3
2025-12-11,NMBMF,695.8,737,695.8,713,11228,7896154
2025-12-14,NMBMF,698.8,750,692,750,8142,5707087.8
2025-12-15,NMBMF,735,735,678,707,9821,6948164
2025-12-16,NMBMF,696,709.8,696,704,4246,2976911.8
2025-12-17,NMBMF,695,714,693.1,695,6287,4419761
2025-12-18,NMBMF,690.5,690.5,685.3,689,2582,1774304.2
2025-12-21,NMBMF,676.2,692,675.3,688,2654,1805388.3
2025-12-22,NMBMF,676.5,685,676.4,685,1387,941575
2025-12-23,NMBMF,686,693,678.3,691.8,945,649415.5
2025-12-24,NMBMF,704,719.1,678,688,1235,847819.1
2025-12-28,NMBMF,685.1,741.5,675.1,707,7916,5552888.4
2025-12-29,NMBMF,715,721.1,693,707.6,10678,7508372.2
2025-12-31,NMBMF,707.6,707.6,685,697.6,4031,2797256.4
2026-01-01,NMBMF,711,711,680,694,3074,2104728.8
2026-01-04,NMBMF,680.3,690,680.3,689.9,1317,901216
2026-01-05,NMBMF,676.2,730,671,692,12640,8866574.2
2026-01-06,NMBMF,705.8,715,686.7,689,1132,781828.3
2026-01-07,NMBMF,700,702.7,684,684,2608,1787902.7
2026-01-08,NMBMF,680,691.9,680,685,3035,2067122.3
2026-01-12,NMBMF,698.7,698.7,680,683.9,3394,2313518.3
2026-01-13,NMBMF,673.7,687,673.7,681,1510,1033244.2
2026-01-14,NMBMF,688,731,675.5,731,4384,3002004.5
2026-01-18,NMBMF,745.6,745.6,690.6,709,21075,14713487.4
2026-01-20,NMBMF,710,714.5,701,706.2,5952,4207686.3
2026-01-21,NMBMF,719.7,719.7,696,696,2095,1462898.4
2026-01-22,NMBMF,690,699.9,680,684.1,7053,4862337.7
2026-01-25,NMBMF,697,714,688,704,8696,6071145.5
2026-01-26,NMBMF,718,718,691,692.1,7023,4928244.8
2026-01-27,NMBMF,705,705.9,684.1,685.6,11879,8239246.3
2026-01-28,NMBMF,699,699,683.1,687.1,1689,1161337.8
2026-01-29,NMBMF,695,697,681.6,681.6,5095,3515160.3
2026-02-01,NMBMF,695,695,680,684,5280,3618422.3
2026-02-02,NMBMF,684,689.8,681,681.4,2281,1559258.9
2026-02-03,NMBMF,681.4,683.8,675.2,675.2,4091,2780728.7
2026-02-04,NMBMF,683,685,675.6,677.1,1770,1203727.5
2026-02-05,NMBMF,685,690,677,677,7471,5075042.9
2026-02-08,NMBMF,677.1,682,668.1,669.3,8331,5602796.7
2026-02-09,NMBMF,670.3,675,665,665,5717,3822142.9
2026-02-10,NMBMF,665,674.8,663,665,2175,1447265.4
2026-02-11,NMBMF,677,677,663,663,4060,2697338
2026-02-12,NMBMF,670.9,670.9,656,658.9,6897,4563322.5
2026-02-16,NMBMF,650.1,663.1,650.1,657,629,414660.6
2026-02-17,NMBMF,652,665.1,652,660,2723,1794488.5
2026-02-22,NMBMF,651.2,651.8,647.1,648,5243,3402079.9
2026-02-23,NMBMF,650,655,646,646,2017,1311779.5
2026-02-24,NMBMF,640.3,651.9,640.3,651.9,1540,996097.3
2026-02-25,NMBMF,652,652,645.5,650,2502,1622673
2026-02-26,NMBMF,650,656.9,650,656.9,1513,991298.4
2026-03-01,NMBMF,645,660,645,660,2855,1861703.9
2026-03-03,NMBMF,657,680,657,675,3041,2035940
2026-03-09,NMBMF,688,701,688,701,260,179530
2026-03-10,NMBMF,715,715,688,688,13961,9693211.9
2026-03-11,NMBMF,685,700,685,690,9268,6452409.5
2026-03-12,NMBMF,677.1,700,677.1,696,9181,6383153.5
2026-03-15,NMBMF,700,704,691.4,700,9835,6863614.6
2026-03-16,NMBMF,693.4,699,682.3,690,6283,4362948.6
2026-03-17,NMBMF,683,687,682.1,687,1590,1088068.1
2026-03-19,NMBMF,690,704,684.1,696.1,6021,4205536.8
2026-03-22,NMBMF,708.9,748.9,700,738.8,32163,23444438.1
2026-03-23,NMBMF,740,741,718,727,4730,3448604
2026-03-24,NMBMF,725,725,713,723,6014,4321275.9
2026-03-25,NMBMF,712,719.9,700,706.3,6457,4589514.6
2026-03-26,NMBMF,700,711,698.1,706,8067,5685871.3
2026-03-29,NMBMF,710,710,687.1,687.1,8103,5597190.9
2026-03-30,NMBMF,687,698,674.5,678,6010,4109007.2
2026-03-31,NMBMF,677,690,669.1,690,2452,1657797.6
2026-04-01,NMBMF,680,680,665,677,2741,1843410.3
2026-04-02,NMBMF,664,677,650,674,5756,3822690.2
2026-04-05,NMBMF,669,669,634.5,637.3,7973,5126934.8
2026-04-06,NMBMF,650,669,640,669,16302,10608299.6
2026-04-07,NMBMF,669,669,652.2,660,1560,1027220
2026-04-08,NMBMF,664,672,663,668,1348,899134
2026-04-09,NMBMF,675,678.9,672,677,6353,4278448.9
2026-04-10,NMBMF,685,685,666.5,668.5,2824,1888285.5
2026-04-13,NMBMF,668,668,663.2,664.2,1046,694935.2
2026-04-15,NMBMF,660.1,675,660,672,928,623708.3
2026-04-16,NMBMF,665,672,663,663,2469,1642853.5
2026-04-17,NMBMF,657,668.9,657,658,1508,994984.9
2026-04-20,NMBMF,660,666,650,655,1989,1296086.6
2026-04-21,NMBMF,658,658,650,657.9,3968,2587542.2
2026-04-22,NMBMF,645.8,660,645.8,659,2795,1830399
2026-04-23,NMBMF,648.1,660,648,659.9,2045,1339356.5
2026-04-24,NMBMF,692.8,692.8,652,652,559,365815
2026-04-27,NMBMF,652,659,650.1,650.1,422,275115.8
2026-04-28,NMBMF,650.1,655,647.1,655,1381,896008.1
2026-04-29,NMBMF,655,646.2,646,646,280,180900
2026-04-30,NMBMF,613.7,638,613.7,636.2,2132,1349647.9
2026-05-04,NMBMF,627.5,645,627.5,636,1256,800672
2026-05-05,NMBMF,641,641,630,639,2923,1853145
2026-05-06,NMBMF,637,642,633,633,845,537138
2026-05-07,NMBMF,633,639.5,633,639.5,2593,1645329.1
2026-05-08,NMBMF,635,644,635,644,2399,1529067
2026-05-11,NMBMF,640,657,640,657,2474,1604279
2026-05-12,NMBMF,663.6,663.6,637,639,1613,1036133
2026-05-13,NMBMF,626,643.7,626,636,742,471743
2026-05-14,NMBMF,627.3,632,626,629,2523,1588353.2
2026-05-15,NMBMF,635,642,620.1,624,4172,2625841
2026-05-18,NMBMF,624,638,624,626,1005,634882
2026-05-19,NMBMF,627,635,626,628.3,1310,828643
2026-05-20,NMBMF,638,642,636,636,1522,972756
2026-05-21,NMBMF,645,645,628,628,1641,1044557.7
2026-05-22,NMBMF,639.9,640,630,632,1357,859134.7
2026-05-25,NMBMF,633.1,655,633.1,650,2747,1788234.5
2026-05-26,NMBMF,640,657,640,647,1407,904584
2026-05-27,NMBMF,635,646.8,628,637,2557,1619311.7
2026-06-01,NMBMF,637,648.2,630,648.2,938,592986.4
2026-06-02,NMBMF,635,647.9,635,647.9,307,196433
2026-06-03,NMBMF,642,656,642,645,1226,797124.5
2026-06-04,NMBMF,650,655,649,653.9,2402,1568212.9
2026-06-05,NMBMF,641.1,652,640.1,642,2065,1328155.5
2026-06-08,NMBMF,641.1,645.1,641,645,1216,780265.7
2026-06-09,NMBMF,639,644,635.1,636.3,1207,770692.5
2026-06-10,NMBMF,650.9,650.9,636.8,636.8,711,455738
2026-06-11,NMBMF,640,645,635.9,635.9,2130,1365171
2026-06-12,NMBMF,622,639,622,639,1141,719076.2
2026-06-15,NMBMF,630,638,629.4,638,272,171352
2026-06-16,NMBMF,640,643,636,636,1006,644937.1
2026-06-17,NMBMF,636,640,631,640,858,545305.4
2026-06-18,NMBMF,635,638,635,635.3,229,145866
2026-06-19,NMBMF,627.4,643.9,626.1,642,2313,1454718.2
2026-06-22,NMBMF,609.9,644,609.9,642,383,245515
2026-06-23,NMBMF,635,640,631,640,128,81138
2026-06-24,NMBMF,633,636.9,622.4,636.9,1395,881616.2
2026-06-25,NMBMF,630,634,622,634,529,331109
2026-06-26,NMBMF,622.3,623,622,622,1722,1071542
2026-06-29,NMBMF,620,620,616.1,616.1,917,565537.7
2026-06-30,NMBMF,616,619.9,605.4,619.9,1101,669082.9
2026-07-01,NMBMF,614.9,629.7,614.9,628.7,930,574559
2026-07-02,NMBMF,616,626.9,610,626.9,1543,946644.5
2026-07-03,NMBMF,610,620,610,617,1248,769095
2026-07-06,NMBMF,606.1,610,600.2,610,2838,1710592.5
2026-07-07,NMBMF,611,618,608.1,609,2227,1358240.7
2026-07-08,NMBMF,601.2,611,600,611,718,432165.1
2026-07-09,NMBMF,601,610,598,608,1163,697336.5
2026-07-10,NMBMF,596.4,605,596.1,599,266,159036.7
2026-07-13,NMBMF,595,604.9,595,595,1265,756136.7
2026-07-14,NMBMF,588,601,585,599.9,900,531893.9
2026-07-15,NMBMF,582,610,582,595.3,808,483340
2026-07-16,NMBMF,606.6,606.6,590,593,1175,695347
2026-07-17,NMBMF,605,630,605,626,4156,2566690.6
2026-07-20,NMBMF,630,630,622.1,629,896,561568
2026-07-21,NMBMF,620,629,620,629,1560,973407
2026-07-22,NMBMF,615.1,633.5,615.1,621,3344,2101937.2
2026-07-23,NMBMF,612.4,635,612.4,635,2174,1371295.7
2026-07-24,NMBMF,622,642.9,622,640,4969,3154380.4
2026-07-27,NMBMF,625,639.5,625,636,747,467612
2026-07-28,NMBMF,624,633.9,620,633.9,910,566153
2026-07-29,NMBMF,630,635.5,616.5,631,228,141636.5
2026-07-30,NMBMF,622,628,620,627.9,279,173539
2026-07-31,NMBMF,610.2,623.9,610.1,616,430,264232
2026-08-03,NMBMF,626,626,616,625,510,316273
2026-08-04,NMBMF,607.1,619.9,606.3,619,760,461641
2026-08-05,NMBMF,610,617.9,602.6,617.9,1535,929593.7
2026-08-06,NMBMF,601,614.7,600.2,614.7,96,57812.2
2026-08-07,NMBMF,600.4,616.9,600.3,616,707,425077.5
2026-08-10,NMBMF,607,615,602.5,602.5,296,180429
2026-08-11,NMBMF,602.5,612.9,601.1,601.2,565,341119.2
2026-08-12,NMBMF,600,610,599,599,1699,1024588
2026-08-13,NMBMF,600.1,605,600.1,605,51,30801.1
2026-08-14,NMBMF,610,610,600,609.9,721,433226.9
2026-08-17,NMBMF,600,604.9,596.1,600,1194,715389.9
2026-08-18,NMBMF,595.7,603,593,595.5,3198,1903934.8
2026-08-19,NMBMF,595.5,601.9,590,590,1250,744718.6
2026-08-20,NMBMF,600,600,592,599.8,1330,792488.3
2026-08-21,NMBMF,600,600,589,600,710,423980
2026-08-24,NMBMF,590.1,597.8,582.1,597.8,2277,1339566.3
2026-08-25,NMBMF,590,595,585,594,999,585639.9
2026-08-26,NMBMF,581.1,584,576.2,578,1863,1078866.6
2026-08-27,NMBMF,590,590,573,590,867,503034.8
2026-08-31,NMBMF,590,590,572,589,2365,1353704.6
2026-09-01,NMBMF,580,590,580,589.9,442,257471.5
2026-09-02,NMBMF,581,581,580,580,36,20848
2026-09-03,NMBMF,580,580,580,580,230,133400
2026-09-07,NMBMF,580,589.9,570,589,1126,653334
2026-09-09,NMBMF,594,594,575,583,1110,640200
2026-09-10,NMBMF,575,580,574,574,970,557050
2026-09-11,NMBMF,584,584.9,573.1,575.1,935,538242.3
2026-09-14,NMBMF,580,590,580,588,989,579412
2026-09-15,NMBMF,617,617,590.3,605,2724,1645080.9
2026-09-16,NMBMF,600.1,605,600,600,1292,775504.9
2026-09-17,NMBMF,615,615,602,602.5,1135,690528.5
2026-09-18,NMBMF,603,615,597.2,615,7828,4717633
2026-09-22,NMBMF,597,627.9,597,613,3081,1864373.7
2026-09-23,NMBMF,609.6,624,602,603,5101,3091655
2026-09-24,NMBMF,597,612.8,597,612.8,726,436857
2026-09-28,NMBMF,602,606.9,600.2,606.9,5660,3398946
2026-09-29,NMBMF,600,600,590,599.9,668,395366
2026-09-30,NMBMF,609.9,609.9,587.3,594,1192,703628.2
2026-10-01,NMBMF,586.1,592.2,586,592.1,766,451967.9
2026-10-02,NMBMF,592.1,595,590,590,460,271337.7
2026-10-05,NMBMF,580.1,597,580.1,581.3,512,298176.2
2026-10-06,NMBMF,580.6,590,580.6,590,412,239442.7
2026-10-07,NMBMF,590,590,585,590,387,227173
2026-10-08,NMBMF,579,591.8,575,591.8,3689,2131077.5
