date,symbol,open,high,low,close,volume,turnover
2017-02-08,NMFBS,0,506,506,506,10,5060
2017-02-14,NMFBS,506,516,516,516,10,5160
2017-02-19,NMFBS,516,567,526,567,1000,565960
2017-02-23,NMFBS,567,600,578,600,40,23670
2017-03-14,NMFBS,600,612,612,612,10,6120
2017-03-20,NMFBS,612,624,624,624,10,6240
2017-03-21,NMFBS,624,648,636,648,30,19380
2017-04-09,NMFBS,648,660,660,660,19,12540
2017-04-11,NMFBS,648,680,680,680,29,19837
2017-04-13,NMFBS,680,693,693,693,10,6930
2017-05-02,NMFBS,693,706,706,706,10,7060
2017-05-18,NMFBS,706,741,741,741,20,14820
2017-05-22,NMFBS,741,815,755,815,70,55550
2017-05-24,NMFBS,815,863,831,863,30,25410
2017-05-30,NMFBS,863,914,880,914,30,26910
2017-06-06,NMFBS,914,932,932,932,40,37280
2017-06-08,NMFBS,914,932,932,932,10,9320
2017-06-12,NMFBS,932,997,978,997,29,28723
2017-06-13,NMFBS,997,1036,1016,1036,20,20520
2017-06-14,NMFBS,1036,1056,1056,1056,10,10560
2017-06-15,NMFBS,1036,1119,1056,1119,58,63453
2017-06-20,NMFBS,1119,1186,1141,1186,30,34900
2017-06-21,NMFBS,1186,1233,1209,1233,30,36510
2017-06-27,NMFBS,1233,1294,1294,1294,10,12940
2017-07-03,NMFBS,1294,1345,1319,1345,39,52195
2017-07-04,NMFBS,1345,1371,1371,1371,39,54009
2017-07-05,NMFBS,1371,1425,1398,1425,20,28230
2017-07-06,NMFBS,1425,1453,1453,1453,10,14530
2017-07-10,NMFBS,1453,1511,1482,1511,20,29930
2017-07-12,NMFBS,1511,1571,1541,1571,30,46830
2017-07-13,NMFBS,1571,1714,1649,1714,50,84423
2017-07-16,NMFBS,1714,1782,1748,1782,20,35300
2017-07-17,NMFBS,1782,1927,1817,1927,140,264240
2017-07-19,NMFBS,1927,1965,1965,1965,10,19650
2017-07-20,NMFBS,1965,2004,2004,2004,20,40080
2017-07-25,NMFBS,2004,2084,2044,2084,20,41280
2017-07-26,NMFBS,2084,2167,2125,2167,30,64590
2017-07-27,NMFBS,2167,2299,2210,2299,30,67630
2017-07-30,NMFBS,2299,2528,2344,2528,123,306384
2017-07-31,NMFBS,2528,2780,2578,2780,80,217420
2017-08-01,NMFBS,2780,3058,2919,3058,152,462396
2017-08-02,NMFBS,3058,3363,3119,3363,1369,4595567
2017-08-03,NMFBS,3363,3699,3430,3699,8523,31516170
2017-08-06,NMFBS,3699,3855,3650,3855,11155,41897148
2017-08-07,NMFBS,3855,3860,3761,3795,5405,20483052
2017-08-09,NMFBS,3795,3805,3750,3761,3152,11897619
2017-08-10,NMFBS,3761,3761,3723,3725,2559,9556008
2017-08-13,NMFBS,3725,3798,3561,3580,1769,6378356
2017-08-15,NMFBS,3580,3630,3500,3630,1928,6859059
2017-08-16,NMFBS,3630,3695,3562,3660,1838,6673308
2017-08-17,NMFBS,3660,3651,3600,3643,1551,5638969
2017-08-20,NMFBS,3643,3635,3600,3601,2129,7705022
2017-08-21,NMFBS,3601,3600,3550,3571,835,2990431
2017-08-22,NMFBS,3571,3600,3510,3570,1476,5271060
2017-08-23,NMFBS,3570,3570,3512,3565,542,1926495
2017-08-24,NMFBS,3565,3595,3511,3580,1072,3821961
2017-08-27,NMFBS,3580,3650,3565,3582,1155,4139895
2017-08-28,NMFBS,3582,3635,3515,3635,1980,7144787
2017-08-30,NMFBS,3635,3683,3611,3650,2153,7818759
2017-08-31,NMFBS,3650,3650,3606,3619,658,2386493
2017-09-04,NMFBS,3619,3630,3595,3612,1114,4017610
2017-09-06,NMFBS,3612,3670,3555,3630,645,2334990
2017-09-07,NMFBS,3630,3710,3630,3644,758,2771924
2017-09-10,NMFBS,3644,3620,3581,3587,2231,8031892
2017-09-11,NMFBS,3587,3660,3520,3660,1368,4963578
2017-09-12,NMFBS,3660,3660,3587,3650,1675,6090550
2017-09-13,NMFBS,3650,3690,3582,3582,1415,5119200
2017-09-14,NMFBS,3582,3560,3224,3224,1914,6231230
2017-09-17,NMFBS,3224,3280,3097,3260,3981,12817065
2017-09-18,NMFBS,3260,3391,3261,3350,1253,4179895
2017-09-20,NMFBS,3350,3370,3235,3301,253,841006
2017-09-24,NMFBS,3301,3320,3260,3320,256,840548
2017-09-25,NMFBS,3320,3350,3287,3350,233,774790
2017-09-26,NMFBS,3350,3350,3349,3350,62,207688
2017-10-03,NMFBS,3350,3350,3320,3350,259,867010
2017-10-04,NMFBS,3350,3360,3330,3345,317,1059830
2017-10-08,NMFBS,3345,3305,3250,3255,551,1805919
2017-10-09,NMFBS,3255,3275,3250,3255,644,2095072
2017-10-10,NMFBS,3255,3250,3220,3220,195,629395
2017-10-11,NMFBS,3220,3264,3201,3222,580,1874835
2017-10-12,NMFBS,3222,3222,3191,3200,1176,3763718
2017-10-15,NMFBS,3200,3250,3185,3200,339,1092800
2017-10-16,NMFBS,3200,3264,3200,3220,366,1176681
2017-10-17,NMFBS,3220,3240,3160,3166,768,2455739
2017-10-22,NMFBS,3166,3210,3160,3205,805,2569751
2017-10-23,NMFBS,3205,3245,3200,3245,80,256750
2017-10-24,NMFBS,3245,3240,3182,3184,76,243020
2017-10-25,NMFBS,3184,3184,3101,3149,1809,5668481
2017-10-29,NMFBS,3149,3130,3115,3115,332,1037002
2017-10-30,NMFBS,3115,3070,3040,3041,2646,8084657
2017-10-31,NMFBS,3041,3110,3000,3110,141,427710
2017-11-01,NMFBS,3110,3049,3000,3020,186,563089
2017-11-02,NMFBS,3020,3025,2960,2960,925,2764683
2017-11-05,NMFBS,2960,2910,2890,2910,970,2818328
2017-11-06,NMFBS,2910,2960,2852,2900,1621,4739791
2017-11-07,NMFBS,2900,2900,2855,2855,379,1084200
2017-11-08,NMFBS,2855,2890,2815,2890,726,2077929
2017-11-09,NMFBS,2890,2938,2875,2889,638,1851225
2017-11-12,NMFBS,2889,2900,2880,2900,115,332879
2017-11-13,NMFBS,2900,2898,2854,2890,315,908224
2017-11-14,NMFBS,2890,3000,2890,2980,230,684030
2017-11-15,NMFBS,2980,3000,2975,2975,441,1317480
2017-11-16,NMFBS,2975,2943,2930,2942,379,1114720
2017-11-19,NMFBS,2942,2941,2884,2941,272,786811
2017-11-20,NMFBS,2941,2950,2870,2870,120,347320
2017-11-21,NMFBS,2870,2900,2815,2837,117,333753
2017-11-22,NMFBS,2837,2860,2830,2853,147,417390
2017-11-23,NMFBS,2853,2910,2801,2910,150,429180
2017-11-26,NMFBS,2910,2950,2910,2950,69,202580
2017-11-27,NMFBS,2950,2999,2930,2930,274,811315
2017-11-28,NMFBS,2930,3020,2930,3020,2298,6854874
2017-11-29,NMFBS,3020,3140,3021,3078,1513,4686986
2017-11-30,NMFBS,3078,3186,3041,3145,3035,9469635
2017-12-04,NMFBS,2621,2602,2600,2600,494,1284696
2017-12-05,NMFBS,2600,2615,2590,2600,142,368907
2017-12-06,NMFBS,2600,2705,2652,2705,30,80090
2017-12-10,NMFBS,2705,2810,2759,2810,69,191391
2017-12-11,NMFBS,2810,2810,2647,2647,583,1550090
2017-12-12,NMFBS,2647,2615,2600,2614,220,573830
2017-12-13,NMFBS,2614,2629,2570,2629,209,547169
2017-12-14,NMFBS,2629,2628,2573,2628,160,417880
2017-12-17,NMFBS,2628,2674,2628,2674,29,77086
2017-12-19,NMFBS,2674,2675,2675,2675,10,26750
2017-12-20,NMFBS,2675,2622,2530,2560,704,1792110
2017-12-21,NMFBS,2560,2580,2522,2540,368,939010
2017-12-24,NMFBS,2540,2550,2505,2505,628,1578050
2017-12-26,NMFBS,2505,2470,2455,2455,368,905604
2017-12-27,NMFBS,2455,2445,2358,2445,79,189820
2017-12-28,NMFBS,2445,2435,2387,2387,502,1207535
2017-12-31,NMFBS,2387,2340,2294,2294,239,551050
2018-01-01,NMFBS,2294,2397,2310,2397,314,732310
2018-01-02,NMFBS,2397,2400,2353,2353,339,799730
2018-01-03,NMFBS,2353,2330,2271,2271,208,479339
2018-01-04,NMFBS,2271,2277,2251,2251,576,1304110
2018-01-07,NMFBS,2251,2305,2290,2305,310,711200
2018-01-08,NMFBS,2305,2300,2270,2270,490,1116310
2018-01-09,NMFBS,2270,2360,2305,2360,354,826966
2018-01-10,NMFBS,2360,2352,2350,2350,80,188070
2018-01-14,NMFBS,2350,2305,2251,2251,310,703600
2018-01-16,NMFBS,2251,2250,2221,2230,186,417370
2018-01-17,NMFBS,2230,2243,2200,2220,210,465870
2018-01-21,NMFBS,2220,2280,2210,2270,460,1038790
2018-01-22,NMFBS,2270,2235,2220,2220,410,912620
2018-01-23,NMFBS,2220,2235,2210,2210,390,864590
2018-01-24,NMFBS,2210,2230,2210,2230,348,774740
2018-01-25,NMFBS,2230,2245,2230,2245,461,1031855
2018-01-28,NMFBS,2245,2240,2220,2226,238,530967
2018-01-29,NMFBS,2226,2270,2183,2226,329,739224
2018-01-31,NMFBS,2226,2285,2240,2240,511,1157725
2018-02-01,NMFBS,2240,2294,2255,2294,487,1106327
2018-02-04,NMFBS,2294,2300,2271,2300,435,995145
2018-02-05,NMFBS,2300,2288,2255,2255,384,877280
2018-02-06,NMFBS,2255,2240,2226,2226,420,939520
2018-02-07,NMFBS,2226,2226,2190,2190,229,505410
2018-02-08,NMFBS,2190,2233,2160,2200,130,288800
2018-02-11,NMFBS,2200,2173,2161,2161,220,476870
2018-02-12,NMFBS,2161,2173,2125,2173,50,106910
2018-02-14,NMFBS,2173,2180,2141,2180,428,928449
2018-02-15,NMFBS,2180,2358,2186,2358,363,817456
2018-02-18,NMFBS,2400,2400,2320,2320,372,876634
2018-02-20,NMFBS,2300,2300,2210,2210,90,203850
2018-02-21,NMFBS,2210,2210,2170,2176,176,387080
2018-02-22,NMFBS,2219,2219,2150,2170,512,1109810
2018-02-25,NMFBS,2130,2160,2130,2150,449,965928
2018-02-26,NMFBS,2121,2130,2115,2120,519,1100835
2018-02-27,NMFBS,2090,2150,2090,2150,49,103810
2018-02-28,NMFBS,2111,2111,2091,2096,272,570462
2018-03-04,NMFBS,2061,2061,1975,2000,524,1056025
2018-03-05,NMFBS,2030,2030,1941,1941,317,633978
2018-03-06,NMFBS,1910,1969,1885,1969,412,787368
2018-03-07,NMFBS,1965,2025,1965,2025,129,257785
2018-03-11,NMFBS,1985,1985,1946,1946,50,97700
2018-03-12,NMFBS,1950,1950,1950,1950,70,136500
2018-03-13,NMFBS,1921,1921,1921,1921,10,19210
2018-03-14,NMFBS,1920,1920,1900,1900,120,229700
2018-03-15,NMFBS,1938,1938,1938,1938,10,19380
2018-03-18,NMFBS,1918,1918,1918,1918,10,19180
2018-03-19,NMFBS,1900,1925,1895,1905,180,342510
2018-03-20,NMFBS,1885,1920,1880,1920,499,952183
2018-03-21,NMFBS,1885,1885,1814,1860,376,690930
2018-03-22,NMFBS,1823,1823,1753,1766,695,1240120
2018-03-26,NMFBS,1731,1731,1633,1633,155,260745
2018-03-27,NMFBS,1605,1731,1601,1731,425,712235
2018-03-28,NMFBS,1731,1750,1664,1664,333,570926
2018-03-29,NMFBS,1670,1697,1650,1697,210,352230
2018-04-01,NMFBS,1667,1667,1667,1667,10,16670
2018-04-02,NMFBS,1700,1700,1665,1670,142,237880
2018-04-03,NMFBS,1645,1660,1645,1651,91,149959
2018-04-04,NMFBS,1650,1750,1640,1750,945,1576950
2018-04-05,NMFBS,1750,1856,1750,1790,524,932039
2018-04-08,NMFBS,1825,1934,1819,1865,2114,3890048
2018-04-09,NMFBS,1902,1980,1825,1980,5959,11056950
2018-04-10,NMFBS,1941,1941,1841,1885,1395,2584235
2018-04-11,NMFBS,1848,1890,1830,1890,3929,7277845
2018-04-12,NMFBS,1913,1913,1877,1900,1018,1929983
2018-04-15,NMFBS,1870,1938,1863,1938,390,742650
2018-04-16,NMFBS,1976,2119,1940,2060,726,1472920
2018-04-17,NMFBS,2099,2214,2022,2214,1669,3535531
2018-04-18,NMFBS,2170,2320,2156,2156,1443,3226528
2018-04-19,NMFBS,2199,2218,2113,2217,1235,2671591
2018-04-22,NMFBS,2260,2438,2260,2438,2428,5695870
2018-04-23,NMFBS,2438,2500,2352,2360,1947,4747238
2018-04-24,NMFBS,2313,2514,2300,2514,1004,2385814
2018-04-25,NMFBS,2464,2478,2416,2416,806,1967571
2018-04-26,NMFBS,2420,2439,2243,2287,755,1765301
2018-04-29,NMFBS,2280,2324,2190,2288,1335,3014520
2018-05-02,NMFBS,2333,2329,2283,2328,261,602675
2018-05-03,NMFBS,2374,2421,2347,2380,1671,3975910
2018-05-06,NMFBS,2380,2420,2360,2394,1046,2505445
2018-05-07,NMFBS,2348,2370,2316,2323,620,1445550
2018-05-08,NMFBS,2323,2416,2323,2416,128,303904
2018-05-09,NMFBS,2375,2415,2330,2400,255,611265
2018-05-10,NMFBS,2400,2400,2360,2399,651,1547504
2018-05-14,NMFBS,2365,2390,2360,2366,152,360570
2018-05-15,NMFBS,2350,2366,2335,2355,280,658660
2018-05-16,NMFBS,2370,2400,2360,2400,355,844300
2018-05-17,NMFBS,2400,2470,2400,2405,494,1196880
2018-05-20,NMFBS,2450,2450,2390,2390,1236,2987500
2018-05-21,NMFBS,2385,2499,2365,2499,985,2388002
2018-05-22,NMFBS,2452,2520,2434,2520,829,2052970
2018-05-23,NMFBS,2480,2620,2480,2595,1824,4607177
2018-05-24,NMFBS,2544,2570,2510,2510,1893,4804923
2018-05-27,NMFBS,2470,2470,2421,2440,475,1160348
2018-05-28,NMFBS,2468,2600,2440,2600,953,2388638
2018-05-29,NMFBS,2646,2646,2500,2540,816,2061791
2018-05-30,NMFBS,2490,2587,2461,2511,405,1026095
2018-05-31,NMFBS,2500,2510,2465,2498,889,2209344
2018-06-03,NMFBS,2450,2455,2380,2381,1226,2943093
2018-06-04,NMFBS,2334,2421,2323,2365,1445,3441736
2018-06-06,NMFBS,2412,2450,2412,2412,425,1031504
2018-06-07,NMFBS,2370,2370,2306,2330,1320,3076046
2018-06-10,NMFBS,2285,2350,2275,2350,1013,2314841
2018-06-11,NMFBS,2304,2397,2304,2304,609,1427217
2018-06-12,NMFBS,2280,2330,2268,2290,565,1299084
2018-06-13,NMFBS,2310,2310,2280,2300,329,753345
2018-06-14,NMFBS,2300,2330,2254,2315,277,635745
2018-06-17,NMFBS,2300,2300,2272,2295,201,460107
2018-06-18,NMFBS,2251,2300,2234,2300,122,275187
2018-06-19,NMFBS,2270,2270,2270,2270,14,31958
2018-06-20,NMFBS,2251,2265,2251,2254,298,672333
2018-06-21,NMFBS,2254,2299,2253,2260,148,334470
2018-06-24,NMFBS,2240,2279,2235,2250,574,1291817
2018-06-25,NMFBS,2250,2259,2215,2259,106,235722
2018-06-26,NMFBS,2215,2230,2147,2147,1142,2495948
2018-06-27,NMFBS,2110,2230,2070,2186,422,896644
2018-06-28,NMFBS,2155,2200,2113,2113,302,648660
2018-07-01,NMFBS,2100,2125,2088,2088,189,395744
2018-07-02,NMFBS,2053,2131,2050,2089,256,530532
2018-07-03,NMFBS,2130,2160,2115,2150,360,771088
2018-07-04,NMFBS,2150,2193,2110,2110,627,1347995
2018-07-05,NMFBS,2120,2290,2120,2250,885,1982959
2018-07-08,NMFBS,2205,2289,2205,2210,1190,2662133
2018-07-09,NMFBS,2175,2229,2171,2229,222,487197
2018-07-10,NMFBS,2230,2250,2176,2195,1443,3155962
2018-07-11,NMFBS,2238,2350,2238,2239,1434,3259127
2018-07-12,NMFBS,2195,2195,2116,2122,317,675238
2018-07-15,NMFBS,2130,2170,2128,2164,119,254255
2018-07-16,NMFBS,2180,2214,2180,2214,113,247756
2018-07-17,NMFBS,2220,2220,2152,2152,1592,3443755
2018-07-18,NMFBS,2116,2150,2116,2150,269,574506
2018-07-19,NMFBS,2150,2180,2150,2155,521,1130855
2018-07-22,NMFBS,2155,2180,2118,2118,622,1328460
2018-07-23,NMFBS,2120,2205,2120,2205,284,609671
2018-07-24,NMFBS,2205,2269,2205,2219,543,1214209
2018-07-25,NMFBS,2200,2200,2158,2158,635,1373708
2018-07-26,NMFBS,2160,2160,2160,2160,88,189994
2018-07-29,NMFBS,2145,2145,2145,2145,20,42900
2018-07-30,NMFBS,2110,2165,2110,2165,166,357364
2018-07-31,NMFBS,2151,2184,2151,2155,116,250226
2018-08-01,NMFBS,2140,2160,2140,2156,168,361476
2018-08-02,NMFBS,2121,2199,2121,2161,90,194370
2018-08-05,NMFBS,2161,2165,2132,2133,174,372686
2018-08-06,NMFBS,2115,2175,2115,2175,130,277581
2018-08-07,NMFBS,2174,2174,2141,2141,302,650181
2018-08-08,NMFBS,2130,2132,2121,2130,862,1833431
2018-08-09,NMFBS,2140,2140,2120,2120,330,700050
2018-08-12,NMFBS,2120,2120,2083,2083,580,1224372
2018-08-13,NMFBS,2083,2100,2051,2100,224,464233
2018-08-14,NMFBS,2100,2109,2080,2109,386,809768
2018-08-15,NMFBS,2090,2162,2090,2162,676,1419689
2018-08-16,NMFBS,2190,2190,2120,2163,357,760370
2018-08-19,NMFBS,2155,2155,2122,2122,397,850696
2018-08-20,NMFBS,2120,2122,2100,2100,358,757652
2018-08-21,NMFBS,2070,2082,2070,2082,152,316104
2018-08-22,NMFBS,2080,2085,2065,2081,132,274280
2018-08-23,NMFBS,2095,2122,2095,2122,72,151724
2018-08-26,NMFBS,2080,2080,2041,2041,312,644858
2018-08-28,NMFBS,2040,2070,2028,2070,146,299808
2018-08-29,NMFBS,2040,2070,2040,2043,36,73836
2018-08-30,NMFBS,2083,2083,2050,2060,66,136056
2018-09-02,NMFBS,2025,2070,2025,2070,77,158055
2018-09-03,NMFBS,2099,2136,2090,2090,239,501087
2018-09-04,NMFBS,2060,2065,2060,2065,25,51560
2018-09-05,NMFBS,2106,2167,2105,2125,219,465767
2018-09-06,NMFBS,2154,2160,2100,2148,1540,3268330
2018-09-09,NMFBS,2106,2125,2106,2125,225,476178
2018-09-10,NMFBS,2091,2091,2090,2090,362,756880
2018-09-11,NMFBS,2100,2170,2100,2170,355,757012
2018-09-12,NMFBS,2170,2170,2127,2169,64,138347
2018-09-13,NMFBS,2140,2225,2140,2188,351,768443
2018-09-16,NMFBS,2145,2200,2135,2200,167,363230
2018-09-17,NMFBS,2157,2244,2157,2215,186,413742
2018-09-18,NMFBS,2203,2225,2192,2225,190,418388
2018-09-20,NMFBS,2250,2250,2190,2220,379,838817
2018-09-23,NMFBS,2264,2264,2151,2200,1398,3050922
2018-09-25,NMFBS,2200,2264,2200,2264,751,1669441
2018-09-26,NMFBS,2290,2299,2210,2290,707,1592912
2018-09-27,NMFBS,2245,2245,2201,2245,112,248223
2018-09-30,NMFBS,2201,2201,2157,2157,347,751077
2018-10-01,NMFBS,2135,2190,2121,2121,375,800502
2018-10-02,NMFBS,2124,2140,2124,2140,47,100208
2018-10-03,NMFBS,2100,2100,2098,2098,60,125904
2018-10-04,NMFBS,2100,2110,2069,2069,545,1132628
2018-10-07,NMFBS,2060,2060,2020,2024,119,241520
2018-10-08,NMFBS,2030,2030,2020,2026,229,463938
2018-10-09,NMFBS,2030,2030,1991,2001,54,108514
2018-10-10,NMFBS,2010,2010,1985,1985,250,498690
2018-10-11,NMFBS,1990,1990,1965,1965,84,165695
2018-10-14,NMFBS,1990,2034,1990,2030,80,161186
2018-10-15,NMFBS,2030,2030,2030,2030,12,24360
2018-10-23,NMFBS,2001,2005,2001,2005,62,124262
2018-10-24,NMFBS,2005,2005,1971,1971,87,172498
2018-10-25,NMFBS,2010,2050,2009,2009,215,437790
2018-10-28,NMFBS,1970,1971,1969,1971,94,185172
2018-10-29,NMFBS,1970,1970,1951,1965,68,133392
2018-10-30,NMFBS,1978,1978,1950,1950,274,535338
2018-10-31,NMFBS,1930,1930,1930,1930,99,191070
2018-11-01,NMFBS,1930,1950,1950,1950,104,202640
2018-11-04,NMFBS,1949,1949,1925,1925,33,64077
2018-11-05,NMFBS,1900,1900,1900,1900,152,288800
2018-11-11,NMFBS,1900,1935,1900,1915,126,243390
2018-11-12,NMFBS,1880,1915,1849,1849,77,144440
2018-11-13,NMFBS,1852,1889,1849,1889,34,63374
2018-11-15,NMFBS,1852,1852,1852,1852,2,3704
2018-11-18,NMFBS,1861,1865,1850,1850,132,245600
2018-11-20,NMFBS,1865,1902,1865,1835,165,309869
2018-11-21,NMFBS,1867,1870,1860,1870,97,180907
2018-11-22,NMFBS,1885,1890,1860,1883,74,139234
2018-11-25,NMFBS,1880,1884,1848,1848,82,153056
2018-11-26,NMFBS,1820,1850,1789,1789,284,515776
2018-11-27,NMFBS,1790,1800,1790,1793,305,547797
2018-11-28,NMFBS,1760,1790,1760,1770,241,426863
2018-11-29,NMFBS,1774,1792,1715,1785,1169,2059575
2018-12-02,NMFBS,1430,1430,1420,1420,34,48520
2018-12-03,NMFBS,1400,1400,1370,1395,105,144750
2018-12-04,NMFBS,1395,1400,1395,1395,81,113135
2018-12-05,NMFBS,1395,1395,1381,1381,83,114913
2018-12-06,NMFBS,1380,1381,1350,1350,305,415133
2018-12-09,NMFBS,1323,1323,1300,1300,24,31476
2018-12-10,NMFBS,1326,1326,1326,1326,10,13260
2018-12-11,NMFBS,1320,1336,1310,1336,46,60760
2018-12-12,NMFBS,1362,1362,1362,1362,26,35412
2018-12-13,NMFBS,1379,1379,1379,1379,12,16548
2018-12-16,NMFBS,1405,1430,1405,1430,40,56460
2018-12-17,NMFBS,1445,1475,1445,1475,159,230953
2018-12-18,NMFBS,1450,1450,1445,1445,55,79700
2018-12-19,NMFBS,1425,1425,1397,1397,104,147000
2018-12-20,NMFBS,1400,1424,1400,1405,160,227082
2018-12-23,NMFBS,1430,1470,1430,1470,267,383504
2018-12-24,NMFBS,1485,1500,1450,1500,359,530173
2018-12-25,NMFBS,1499,1499,1470,1499,195,287578
2018-12-26,NMFBS,1528,1575,1528,1575,1416,2183102
2018-12-27,NMFBS,1606,1606,1544,1544,220,344050
2018-12-30,NMFBS,1514,1514,1514,1514,24,36396
2018-12-31,NMFBS,1490,1490,1484,1484,110,163704
2019-01-01,NMFBS,1510,1543,1510,1543,86,130814
2019-01-02,NMFBS,1500,1500,1500,1500,116,173864
2019-01-03,NMFBS,1500,1530,1500,1530,347,530550
2019-01-06,NMFBS,1500,1500,1476,1476,74,110712
2019-01-07,NMFBS,1500,1525,1480,1480,94,142298
2019-01-08,NMFBS,1509,1529,1509,1529,36,54804
2019-01-09,NMFBS,1521,1521,1515,1515,164,249092
2019-01-10,NMFBS,1515,1570,1515,1570,432,665040
2019-01-13,NMFBS,1570,1570,1570,1570,10,15700
2019-01-14,NMFBS,1600,1600,1541,1541,68,106620
2019-01-15,NMFBS,1555,1618,1555,1618,96,153820
2019-01-16,NMFBS,1650,1650,1617,1645,538,879355
2019-01-17,NMFBS,1626,1630,1626,1626,155,252230
2019-01-20,NMFBS,1650,1734,1650,1734,307,525314
2019-01-21,NMFBS,1718,1753,1710,1730,155,267173
2019-01-22,NMFBS,1700,1735,1675,1735,284,483790
2019-01-23,NMFBS,1734,1735,1734,1735,22,38160
2019-01-24,NMFBS,1706,1707,1706,1707,24,40956
2019-01-27,NMFBS,1676,1677,1676,1676,65,108950
2019-01-28,NMFBS,1676,1720,1676,1720,180,307912
2019-01-29,NMFBS,1700,1705,1690,1700,287,487860
2019-01-30,NMFBS,1700,1734,1700,1729,134,230620
2019-01-31,NMFBS,1759,1768,1714,1750,1149,2008103
2019-02-03,NMFBS,1785,1785,1721,1726,566,987446
2019-02-04,NMFBS,1707,1707,1671,1676,603,1021680
2019-02-05,NMFBS,1675,1698,1661,1695,412,692112
2019-02-06,NMFBS,1695,1695,1595,1650,260,431480
2019-02-07,NMFBS,1617,1649,1617,1649,32,52448
2019-02-10,NMFBS,1660,1680,1653,1653,567,942019
2019-02-11,NMFBS,1653,1670,1645,1670,71,117476
2019-02-12,NMFBS,1665,1675,1665,1675,381,637319
2019-02-13,NMFBS,1656,1670,1656,1670,168,278736
2019-02-14,NMFBS,1637,1658,1627,1658,207,340866
2019-02-17,NMFBS,1658,1658,1626,1626,38,62120
2019-02-18,NMFBS,1632,1664,1632,1655,118,195506
2019-02-19,NMFBS,1650,1719,1650,1715,147,246016
2019-02-20,NMFBS,1681,1681,1648,1648,132,220794
2019-02-21,NMFBS,1638,1640,1637,1637,136,222836
2019-02-24,NMFBS,1635,1635,1613,1613,469,757913
2019-02-25,NMFBS,1600,1600,1600,1600,25,39962
2019-02-26,NMFBS,1570,1600,1570,1600,22,34840
2019-02-27,NMFBS,1610,1642,1600,1600,322,520734
2019-03-03,NMFBS,1570,1625,1570,1600,252,407250
2019-03-05,NMFBS,1600,1631,1600,1602,76,122180
2019-03-06,NMFBS,1602,1634,1602,1634,192,310224
2019-03-07,NMFBS,1650,1683,1630,1683,192,319557
2019-03-10,NMFBS,1655,1688,1655,1688,33,55374
2019-03-11,NMFBS,1665,1699,1656,1687,264,441545
2019-03-12,NMFBS,1690,1690,1690,1690,12,20280
2019-03-13,NMFBS,1690,1690,1675,1675,22,36970
2019-03-14,NMFBS,1627,1655,1627,1655,65,106761
2019-03-17,NMFBS,1688,1688,1637,1637,251,415196
2019-03-18,NMFBS,1620,1630,1620,1622,155,252070
2019-03-19,NMFBS,1603,1603,1603,1603,12,19236
2019-03-21,NMFBS,1600,1610,1564,1610,296,471151
2019-03-24,NMFBS,1604,1605,1590,1590,201,320649
2019-03-25,NMFBS,1600,1620,1580,1620,584,930029
2019-03-26,NMFBS,1600,1638,1600,1638,70,113046
2019-03-27,NMFBS,1665,1670,1581,1581,337,544762
2019-03-28,NMFBS,1600,1612,1570,1610,1529,2412291
2019-03-31,NMFBS,1589,1589,1578,1578,266,420132
2019-04-01,NMFBS,1600,1664,1575,1664,926,1475770
2019-04-02,NMFBS,1631,1669,1601,1659,538,887258
2019-04-03,NMFBS,1660,1665,1626,1626,164,268040
2019-04-04,NMFBS,1645,1645,1613,1626,158,255880
2019-04-07,NMFBS,1627,1627,1585,1585,300,478992
2019-04-08,NMFBS,1554,1601,1554,1601,809,1276328
2019-04-09,NMFBS,1573,1599,1541,1599,1468,2285684
2019-04-10,NMFBS,1568,1570,1568,1570,53,83492
2019-04-11,NMFBS,1575,1575,1564,1564,348,545362
2019-04-15,NMFBS,1550,1584,1550,1584,221,345094
2019-04-16,NMFBS,1599,1630,1595,1620,277,446015
2019-04-17,NMFBS,1591,1600,1591,1600,43,68593
2019-04-18,NMFBS,1592,1649,1592,1649,1079,1749019
2019-04-21,NMFBS,1681,1782,1680,1754,1584,2753694
2019-04-22,NMFBS,1740,1821,1706,1745,934,1623434
2019-04-23,NMFBS,1711,1790,1678,1715,699,1200666
2019-04-24,NMFBS,1740,1800,1706,1800,509,881933
2019-04-25,NMFBS,1800,1800,1666,1685,816,1412930
2019-04-28,NMFBS,1710,1820,1710,1809,745,1307106
2019-04-29,NMFBS,1782,1808,1740,1740,396,704784
2019-04-30,NMFBS,1769,1769,1700,1739,746,1285584
2019-05-02,NMFBS,1720,1720,1700,1701,264,450320
2019-05-05,NMFBS,1704,1735,1672,1675,359,604125
2019-05-06,NMFBS,1675,1730,1621,1728,476,796888
2019-05-07,NMFBS,1728,1750,1698,1700,199,340408
2019-05-08,NMFBS,1700,1725,1680,1725,341,579665
2019-05-09,NMFBS,1700,1700,1666,1666,387,647526
2019-05-12,NMFBS,1689,1747,1656,1691,184,312426
2019-05-13,NMFBS,1666,1700,1666,1690,152,257168
2019-05-14,NMFBS,1670,1737,1650,1703,531,884458
2019-05-15,NMFBS,1700,1700,1670,1680,181,303725
2019-05-16,NMFBS,1651,1651,1650,1650,500,825015
2019-05-19,NMFBS,1650,1650,1650,1650,15,24750
2019-05-20,NMFBS,1650,1655,1630,1630,70,114815
2019-05-21,NMFBS,1610,1610,1602,1602,280,449610
2019-05-22,NMFBS,1600,1610,1590,1602,260,416470
2019-05-23,NMFBS,1571,1599,1571,1599,107,169330
2019-05-26,NMFBS,1568,1580,1568,1571,84,132055
2019-05-27,NMFBS,1560,1587,1556,1587,514,807235
2019-05-28,NMFBS,1556,1565,1552,1560,339,529046
2019-05-29,NMFBS,1550,1622,1550,1622,168,263325
2019-05-30,NMFBS,1654,1686,1540,1540,1053,1664846
2019-06-02,NMFBS,1540,1540,1522,1522,213,326770
2019-06-03,NMFBS,1515,1520,1492,1492,1018,1532275
2019-06-04,NMFBS,1477,1530,1477,1530,703,1057281
2019-06-06,NMFBS,1500,1500,1490,1500,88,131460
2019-06-10,NMFBS,1490,1500,1471,1500,455,672440
2019-06-11,NMFBS,1481,1500,1478,1500,172,255051
2019-06-12,NMFBS,1471,1471,1441,1468,293,428213
2019-06-13,NMFBS,1468,1490,1460,1478,986,1446756
2019-06-16,NMFBS,1449,1449,1380,1390,1373,1920257
2019-06-17,NMFBS,1367,1400,1367,1376,738,1020329
2019-06-18,NMFBS,1380,1439,1380,1439,267,379095
2019-06-19,NMFBS,1411,1411,1388,1400,166,233485
2019-06-20,NMFBS,1400,1427,1400,1400,239,335668
2019-06-23,NMFBS,1400,1411,1400,1405,317,445235
2019-06-24,NMFBS,1377,1438,1376,1438,590,840085
2019-06-25,NMFBS,1445,1478,1427,1478,369,532094
2019-06-26,NMFBS,1490,1490,1430,1465,454,655426
2019-06-27,NMFBS,1436,1460,1412,1460,328,467651
2019-06-30,NMFBS,1450,1450,1405,1420,400,571195
2019-07-01,NMFBS,1430,1435,1420,1435,293,419611
2019-07-02,NMFBS,1449,1463,1449,1463,89,129536
2019-07-03,NMFBS,1440,1485,1440,1485,85,124561
2019-07-04,NMFBS,1500,1500,1456,1456,123,179668
2019-07-07,NMFBS,1427,1455,1427,1455,167,239634
2019-07-08,NMFBS,1455,1455,1428,1450,73,105627
2019-07-09,NMFBS,1421,1430,1400,1400,602,848215
2019-07-10,NMFBS,1400,1453,1400,1453,602,848898
2019-07-11,NMFBS,1424,1455,1405,1455,256,363194
2019-07-14,NMFBS,1470,1480,1440,1480,156,227030
2019-07-15,NMFBS,1480,1480,1480,1480,32,47276
2019-07-21,NMFBS,1509,1509,1397,1424,1170,1661630
2019-07-22,NMFBS,1435,1475,1435,1475,638,924979
2019-07-23,NMFBS,1504,1591,1500,1560,482,741861
2019-07-24,NMFBS,1591,1591,1535,1579,331,517405
2019-07-25,NMFBS,1548,1548,1470,1499,1561,2334983
2019-07-28,NMFBS,1500,1515,1476,1478,194,290145
2019-07-29,NMFBS,1470,1515,1465,1500,134,199235
2019-07-30,NMFBS,1510,1530,1484,1486,163,245510
2019-07-31,NMFBS,1500,1560,1500,1560,936,1449019
2019-08-01,NMFBS,1581,1609,1535,1570,1160,1828506
2019-08-04,NMFBS,1601,1601,1545,1545,905,1413675
2019-08-05,NMFBS,1543,1545,1500,1517,1293,1963494
2019-08-06,NMFBS,1500,1501,1500,1500,135,202525
2019-08-07,NMFBS,1480,1515,1480,1515,307,460684
2019-08-08,NMFBS,1500,1500,1485,1485,115,170976
2019-08-11,NMFBS,1475,1475,1470,1470,460,676940
2019-08-12,NMFBS,1470,1482,1470,1471,225,332215
2019-08-13,NMFBS,1475,1487,1475,1480,100,148070
2019-08-14,NMFBS,1480,1480,1470,1470,428,629307
2019-08-15,NMFBS,1471,1471,1470,1470,100,147030
2019-08-18,NMFBS,1465,1465,1465,1465,30,43950
2019-08-19,NMFBS,1465,1490,1465,1477,149,220445
2019-08-20,NMFBS,1471,1490,1471,1490,208,308945
2019-08-21,NMFBS,1495,1499,1482,1482,55,82090
2019-08-22,NMFBS,1500,1500,1477,1481,232,346585
2019-08-25,NMFBS,1481,1481,1475,1475,248,366580
2019-08-26,NMFBS,1466,1480,1466,1475,324,477089
2019-08-27,NMFBS,1475,1490,1475,1490,58,86150
2019-08-28,NMFBS,1477,1490,1476,1490,70,103595
2019-08-29,NMFBS,1471,1490,1470,1490,285,419460
2019-09-01,NMFBS,1461,1462,1432,1440,584,841020
2019-09-02,NMFBS,1440,1460,1435,1460,109,157090
2019-09-03,NMFBS,1460,1493,1460,1493,123,182322
2019-09-04,NMFBS,1475,1558,1465,1558,1192,1777535
2019-09-05,NMFBS,1527,1651,1500,1651,1980,3122295
2019-09-08,NMFBS,1618,1618,1557,1590,1243,1966630
2019-09-09,NMFBS,1564,1575,1553,1575,675,1052710
2019-09-10,NMFBS,1555,1570,1539,1539,463,714772
2019-09-11,NMFBS,1568,1569,1541,1550,115,179055
2019-09-12,NMFBS,1560,1560,1530,1555,1109,1700680
2019-09-15,NMFBS,1524,1524,1494,1494,320,479530
2019-09-16,NMFBS,1510,1510,1500,1501,154,231076
2019-09-17,NMFBS,1501,1545,1500,1545,348,529780
2019-09-18,NMFBS,1575,1650,1515,1650,1213,1887463
2019-09-19,NMFBS,1682,1800,1640,1775,7796,13411234
2019-09-22,NMFBS,1770,1770,1671,1673,2399,4047467
2019-09-23,NMFBS,1675,1700,1646,1685,823,1384074
2019-09-24,NMFBS,1685,1685,1654,1660,173,289875
2019-09-25,NMFBS,1657,1689,1657,1685,398,670802
2019-09-26,NMFBS,1685,1685,1666,1685,1104,1858699
2019-09-29,NMFBS,1685,1685,1665,1680,573,956480
2019-09-30,NMFBS,1655,1680,1651,1680,189,313712
2019-10-01,NMFBS,1699,1699,1665,1666,767,1289635
2019-10-02,NMFBS,1680,1680,1680,1680,29,48720
2019-10-03,NMFBS,1680,1730,1667,1730,1026,1729910
2019-10-10,NMFBS,1759,1759,1724,1750,229,399661
2019-10-14,NMFBS,1760,1760,1682,1712,315,538635
2019-10-15,NMFBS,1710,1710,1680,1709,535,909180
2019-10-16,NMFBS,1700,1700,1700,1700,20,34000
2019-10-17,NMFBS,1700,1700,1686,1700,115,194520
2019-10-20,NMFBS,1701,1701,1676,1690,397,671480
2019-10-21,NMFBS,1695,1695,1680,1680,100,168320
2019-10-22,NMFBS,1675,1705,1675,1696,286,484217
2019-10-23,NMFBS,1700,1720,1691,1720,567,972286
2019-10-24,NMFBS,1691,1749,1691,1749,428,735998
2019-10-31,NMFBS,1780,1780,1720,1720,119,208140
2019-11-03,NMFBS,1722,1722,1700,1701,826,1406765
2019-11-04,NMFBS,1700,1700,1680,1691,170,287710
2019-11-05,NMFBS,1710,1744,1710,1710,136,233309
2019-11-06,NMFBS,1710,1710,1710,1710,97,165780
2019-11-07,NMFBS,1700,1700,1690,1690,698,1183419
2019-11-10,NMFBS,1685,1701,1685,1700,76,128956
2019-11-11,NMFBS,1700,1760,1690,1760,686,1187548
2019-11-12,NMFBS,1793,1793,1730,1730,35,61460
2019-11-13,NMFBS,1705,1730,1700,1715,1112,1909305
2019-11-14,NMFBS,1701,1710,1700,1700,430,731815
2019-11-17,NMFBS,1710,1725,1702,1702,225,386665
2019-11-18,NMFBS,1703,1729,1702,1720,459,787345
2019-11-19,NMFBS,1705,1730,1705,1715,275,472745
2019-11-20,NMFBS,1720,1783,1720,1721,673,1179336
2019-11-21,NMFBS,1715,1715,1706,1706,300,513610
2019-11-24,NMFBS,1740,1784,1740,1750,2261,3967166
2019-11-25,NMFBS,1747,1783,1743,1780,784,1378686
2019-11-26,NMFBS,1785,1800,1780,1790,822,1472400
2019-11-27,NMFBS,1808,1808,1795,1802,1397,2517251
2019-11-28,NMFBS,1810,1821,1768,1798,2818,5066040
2019-12-01,NMFBS,1798,1810,1785,1800,5293,9528867
2019-12-02,NMFBS,1049,1131,1049,1131,2675,2961995
2019-12-03,NMFBS,1131,1189,1115,1180,2472,2873808
2019-12-04,NMFBS,1200,1269,1200,1260,1654,2057833
2019-12-05,NMFBS,1280,1320,1250,1275,1281,1653075
2019-12-08,NMFBS,1283,1283,1226,1226,995,1258560
2019-12-09,NMFBS,1230,1264,1230,1262,685,846822
2019-12-10,NMFBS,1275,1280,1227,1273,1271,1587960
2019-12-11,NMFBS,1285,1307,1261,1298,1106,1416547
2019-12-12,NMFBS,1315,1315,1261,1261,220,283917
2019-12-15,NMFBS,1259,1259,1225,1250,678,838442
2019-12-16,NMFBS,1225,1249,1219,1249,874,1070803
2019-12-17,NMFBS,1260,1260,1260,1260,40,50400
2019-12-18,NMFBS,1260,1265,1260,1265,39,49190
2019-12-19,NMFBS,1242,1242,1218,1218,480,593405
2019-12-22,NMFBS,1215,1242,1200,1210,404,489709
2019-12-23,NMFBS,1211,1254,1211,1254,230,282257
2019-12-24,NMFBS,1231,1240,1225,1240,373,459410
2019-12-25,NMFBS,1225,1226,1220,1220,356,435843
2019-12-26,NMFBS,1244,1244,1244,1244,19,23420
2019-12-29,NMFBS,1223,1223,1221,1221,151,184510
2019-12-30,NMFBS,1221,1246,1221,1246,332,409497
2019-12-31,NMFBS,1254,1270,1254,1270,135,170120
2020-01-01,NMFBS,1251,1290,1251,1290,844,1068799
2020-01-05,NMFBS,1270,1300,1270,1300,715,922500
2020-01-06,NMFBS,1307,1345,1307,1345,241,318052
2020-01-07,NMFBS,1320,1324,1283,1324,931,1218504
2020-01-08,NMFBS,1330,1330,1279,1280,1563,2007360
2020-01-09,NMFBS,1305,1331,1302,1328,1279,1694279
2020-01-12,NMFBS,1340,1460,1340,1460,989,1406329
2020-01-13,NMFBS,1489,1489,1402,1402,1668,2395065
2020-01-14,NMFBS,1374,1397,1340,1383,599,819243
2020-01-15,NMFBS,1362,1428,1362,1428,714,997727
2020-01-16,NMFBS,1428,1570,1400,1570,577,851590
2020-01-19,NMFBS,1571,1601,1568,1570,2477,3914270
2020-01-20,NMFBS,1560,1570,1479,1480,1038,1578620
2020-01-21,NMFBS,1480,1539,1480,1539,487,727115
2020-01-22,NMFBS,1510,1550,1452,1550,727,1073315
2020-01-23,NMFBS,1580,1580,1521,1570,674,1039668
2020-01-26,NMFBS,1539,1594,1539,1594,423,660547
2020-01-27,NMFBS,1590,1656,1562,1656,1831,2937675
2020-01-28,NMFBS,1664,1695,1617,1647,438,722825
2020-01-29,NMFBS,1640,1649,1600,1649,629,1020818
2020-01-30,NMFBS,1656,1690,1626,1626,1746,2882759
2020-02-02,NMFBS,1601,1640,1595,1601,1109,1790021
2020-02-03,NMFBS,1603,1603,1570,1602,844,1343073
2020-02-04,NMFBS,1586,1608,1586,1600,335,536050
2020-02-05,NMFBS,1576,1600,1576,1582,75,118690
2020-02-06,NMFBS,1572,1585,1571,1571,946,1488577
2020-02-09,NMFBS,1576,1600,1576,1600,65,102800
2020-02-10,NMFBS,1568,1580,1544,1580,261,408618
2020-02-11,NMFBS,1590,1620,1590,1620,2700,4317606
2020-02-12,NMFBS,1652,1685,1611,1650,2383,3944539
2020-02-13,NMFBS,1650,1708,1650,1660,1464,2449552
2020-02-16,NMFBS,1693,1695,1629,1684,627,1045053
2020-02-17,NMFBS,1715,1745,1685,1722,1561,2682505
2020-02-18,NMFBS,1700,1700,1688,1688,484,819639
2020-02-19,NMFBS,1690,1800,1690,1790,1644,2863798
2020-02-20,NMFBS,1824,1897,1800,1883,1590,2954006
2020-02-23,NMFBS,1920,2036,1885,2036,2882,5567929
2020-02-24,NMFBS,2075,2116,1980,2030,1010,2068705
2020-02-25,NMFBS,1990,2060,1949,2050,652,1315466
2020-02-26,NMFBS,2070,2152,2030,2108,1210,2512270
2020-02-27,NMFBS,2066,2090,1950,2090,1136,2307721
2020-03-01,NMFBS,2100,2225,1905,2181,2785,5693316
2020-03-02,NMFBS,2138,2138,1963,1970,510,1025995
2020-03-03,NMFBS,1931,1931,1774,1930,2784,5090100
2020-03-04,NMFBS,1892,1892,1737,1737,957,1681733
2020-03-05,NMFBS,1703,1799,1620,1744,1813,3036293
2020-03-10,NMFBS,1744,1744,1710,1710,24,41516
2020-03-11,NMFBS,1714,1734,1650,1680,2785,4681609
2020-03-12,NMFBS,1680,1680,1630,1631,1403,2304187
2020-03-15,NMFBS,1601,1601,1550,1550,2426,3828454
2020-03-16,NMFBS,1530,1610,1530,1610,859,1346124
2020-03-17,NMFBS,1642,1642,1546,1546,1031,1617080
2020-03-18,NMFBS,1550,1570,1516,1570,308,475090
2020-03-19,NMFBS,1539,1581,1509,1581,368,566815
2020-07-01,NMFBS,1550,1550,1519,1519,39,59985
2020-07-02,NMFBS,1490,1490,1489,1489,80,119130
2020-07-05,NMFBS,1480,1480,1373,1376,1452,2044167
2020-07-06,NMFBS,1361,1495,1350,1490,1354,1911655
2020-07-07,NMFBS,1485,1526,1485,1523,2493,3765297
2020-07-08,NMFBS,1500,1523,1465,1515,1202,1802186
2020-07-09,NMFBS,1512,1512,1485,1504,430,644062
2020-07-12,NMFBS,1530,1570,1511,1570,1580,2418388
2020-07-13,NMFBS,1560,1642,1535,1640,1394,2196954
2020-07-14,NMFBS,1722,1722,1630,1669,1644,2698729
2020-07-15,NMFBS,1650,1682,1618,1650,1413,2326700
2020-07-16,NMFBS,1618,1734,1618,1734,1878,3118602
2020-07-19,NMFBS,1820,1820,1784,1784,160,285800
2020-07-20,NMFBS,1800,1800,1666,1666,1837,3130636
2020-07-21,NMFBS,1635,1665,1580,1620,2141,3474834
2020-07-22,NMFBS,1650,1653,1605,1621,856,1401826
2020-07-23,NMFBS,1606,1680,1606,1680,2196,3621364
2020-07-26,NMFBS,1713,1714,1663,1708,1362,2307731
2020-07-27,NMFBS,1730,1730,1690,1720,1393,2376975
2020-07-28,NMFBS,1686,1716,1675,1694,772,1303345
2020-07-29,NMFBS,1661,1662,1573,1645,2389,3862428
2020-07-30,NMFBS,1640,1660,1585,1632,857,1387094
2020-08-02,NMFBS,1610,1610,1550,1553,1549,2428889
2020-08-03,NMFBS,1575,1575,1523,1540,1702,2628388
2020-08-05,NMFBS,1510,1559,1480,1559,3700,5570583
2020-08-06,NMFBS,1539,1575,1530,1566,971,1514442
2020-08-09,NMFBS,1536,1597,1536,1597,1142,1788728
2020-08-10,NMFBS,1625,1635,1593,1633,2140,3461948
2020-08-11,NMFBS,1620,1620,1592,1603,517,829556
2020-08-12,NMFBS,1605,1610,1590,1600,1927,3074458
2020-08-13,NMFBS,1584,1602,1584,1602,1403,2232002
2020-08-16,NMFBS,1570,1570,1480,1528,2441,3716326
2020-08-17,NMFBS,1500,1530,1500,1520,467,707988
2020-08-18,NMFBS,1506,1520,1506,1520,230,347912
2020-08-19,NMFBS,1515,1527,1500,1505,441,665159
2020-08-20,NMFBS,1500,1524,1500,1524,94,141820
2020-08-23,NMFBS,1506,1524,1505,1515,221,334079
2020-08-24,NMFBS,1515,1565,1510,1545,1995,3048296
2020-08-25,NMFBS,1545,1565,1530,1544,553,849407
2020-08-26,NMFBS,1544,1604,1544,1586,1346,2122648
2020-08-27,NMFBS,1580,1580,1556,1563,591,925300
2020-08-30,NMFBS,1563,1563,1550,1563,1533,2382973
2020-08-31,NMFBS,1540,1558,1540,1558,767,1188665
2020-09-02,NMFBS,1565,1588,1556,1560,453,708044
2020-09-03,NMFBS,1560,1576,1560,1561,3300,5151049
2020-09-06,NMFBS,1538,1545,1503,1530,713,1092396
2020-09-07,NMFBS,1545,1545,1535,1535,1479,2275977
2020-09-08,NMFBS,1525,1545,1516,1532,895,1366072
2020-09-09,NMFBS,1526,1583,1526,1554,1194,1860806
2020-09-10,NMFBS,1566,1589,1566,1572,1455,2293345
2020-09-13,NMFBS,1603,1603,1572,1580,825,1304769
2020-09-14,NMFBS,1580,1599,1580,1586,1948,3082010
2020-09-15,NMFBS,1558,1580,1556,1580,1681,2646857
2020-09-16,NMFBS,1555,1584,1555,1584,2267,3567793
2020-09-17,NMFBS,1561,1584,1550,1576,1410,2198920
2020-09-20,NMFBS,1565,1565,1551,1560,172,267676
2020-09-21,NMFBS,1550,1550,1520,1520,2212,3393279
2020-09-22,NMFBS,1510,1520,1506,1512,1444,2187633
2020-09-23,NMFBS,1530,1530,1500,1512,999,1508581
2020-09-24,NMFBS,1487,1542,1487,1542,1573,2373357
2020-09-27,NMFBS,1515,1542,1514,1539,408,621670
2020-09-28,NMFBS,1510,1535,1510,1513,520,788582
2020-09-29,NMFBS,1490,1542,1489,1542,805,1214484
2020-09-30,NMFBS,1512,1575,1512,1544,985,1519380
2020-10-01,NMFBS,1515,1570,1515,1570,1440,2222985
2020-10-04,NMFBS,1565,1565,1529,1559,711,1102981
2020-10-05,NMFBS,1550,1550,1517,1520,295,449485
2020-10-06,NMFBS,1511,1534,1511,1533,992,1506356
2020-10-07,NMFBS,1506,1594,1504,1563,840,1282884
2020-10-08,NMFBS,1540,1561,1510,1550,1253,1928819
2020-10-11,NMFBS,1530,1548,1510,1510,1354,2059203
2020-10-12,NMFBS,1520,1535,1510,1530,645,979921
2020-10-13,NMFBS,1511,1525,1509,1510,735,1113006
2020-10-14,NMFBS,1500,1510,1500,1502,518,778238
2020-10-15,NMFBS,1500,1515,1499,1515,119,178858
2020-10-18,NMFBS,1515,1515,1499,1499,634,953001
2020-10-19,NMFBS,1525,1525,1525,1525,10,15250
2020-10-20,NMFBS,1500,1555,1500,1535,735,1128970
2020-10-21,NMFBS,1544,1545,1512,1519,174,266178
2020-10-22,NMFBS,1505,1579,1505,1550,444,684923
2020-10-28,NMFBS,1550,1579,1550,1579,526,818717
2020-10-29,NMFBS,1548,1585,1548,1580,830,1295912
2020-11-01,NMFBS,1550,1605,1550,1598,840,1333570
2020-11-02,NMFBS,1620,1620,1588,1609,1625,2596839
2020-11-03,NMFBS,1635,1635,1590,1614,2818,4536276
2020-11-04,NMFBS,1590,1610,1590,1609,607,973941
2020-11-05,NMFBS,1610,1650,1610,1650,3804,6167269
2020-11-08,NMFBS,1650,1659,1634,1634,2447,4032149
2020-11-09,NMFBS,1620,1670,1620,1633,860,1415766
2020-11-10,NMFBS,1633,1640,1625,1640,986,1607533
2020-11-11,NMFBS,1661,1699,1661,1675,5110,8586088
2020-11-12,NMFBS,1690,1723,1652,1689,2267,3791881
2020-11-18,NMFBS,1665,1710,1656,1699,2019,3381345
2020-11-19,NMFBS,1728,1800,1700,1750,3164,5490488
2020-11-22,NMFBS,1750,1785,1683,1768,2050,3552908
2020-11-23,NMFBS,1760,1760,1700,1700,1107,1905825
2020-11-24,NMFBS,1700,1851,1686,1850,3735,6710762
2020-11-25,NMFBS,1886,1950,1850,1935,4677,8934494
2020-11-26,NMFBS,1973,1999,1848,1860,3946,7477796
2020-11-29,NMFBS,1890,1895,1824,1895,2419,4473402
2020-11-30,NMFBS,1890,1918,1826,1900,5602,10494833
2020-12-01,NMFBS,1900,1915,1877,1900,3756,7075310
2020-12-02,NMFBS,1995,1995,1781,1955,6960,13426822
2020-12-03,NMFBS,2052,2052,1921,1935,7406,14458960
2020-12-06,NMFBS,1897,1897,1825,1825,1888,3476282
2020-12-07,NMFBS,1820,1893,1775,1893,2039,3719999
2020-12-08,NMFBS,1893,1905,1880,1882,1969,3714261
2020-12-09,NMFBS,1856,1856,1790,1810,1497,2695707
2020-12-10,NMFBS,1838,1838,1790,1792,2007,3618056
2020-12-13,NMFBS,1800,1830,1774,1827,1720,3088003
2020-12-14,NMFBS,1850,2009,1850,2009,7016,13699519
2020-12-15,NMFBS,2049,2200,2049,2200,8161,17334574
2020-12-16,NMFBS,2240,2280,2110,2275,7816,17183303
2020-12-17,NMFBS,2300,2310,2153,2189,2923,6519692
2020-12-20,NMFBS,2146,2230,2001,2007,6351,13228573
2020-12-21,NMFBS,1990,2080,1951,2070,4494,8991213
2020-12-22,NMFBS,2100,2267,2100,2192,6093,13342209
2020-12-23,NMFBS,2235,2323,2181,2210,3976,8828166
2020-12-24,NMFBS,2176,2176,2124,2174,1999,4278705
2020-12-27,NMFBS,2132,2173,2089,2100,1863,3948156
2020-12-28,NMFBS,2000,2121,2000,2092,2562,5316541
2020-12-29,NMFBS,2100,2132,2090,2106,1707,3606726
2020-12-30,NMFBS,2110,2222,2100,2219,4939,10664896
2020-12-31,NMFBS,2263,2300,2200,2229,2605,5812099
2021-01-03,NMFBS,2272,2441,2272,2432,8371,19687918
2021-01-04,NMFBS,2450,2550,2250,2290,11184,25861210
2021-01-05,NMFBS,2290,2290,2210,2231,6156,13766025
2021-01-06,NMFBS,2275,2275,2240,2260,2379,5363017
2021-01-07,NMFBS,2304,2305,2258,2300,3187,7236203
2021-01-10,NMFBS,2335,2350,2301,2340,3369,7824092
2021-01-11,NMFBS,2350,2360,2301,2359,3637,8508355
2021-01-12,NMFBS,2316,2379,2315,2374,2085,4888531
2021-01-13,NMFBS,2345,2412,2331,2412,3119,7441302
2021-01-17,NMFBS,2420,2460,2372,2460,5550,13470115
2021-01-18,NMFBS,2480,2485,2420,2468,1857,4562027
2021-01-19,NMFBS,2498,2515,2421,2434,2506,6170930
2021-01-20,NMFBS,2479,2499,2392,2499,4395,10783316
2021-01-21,NMFBS,2623,2748,2450,2690,6439,16997117
2021-01-24,NMFBS,2743,2750,2637,2699,2766,7429244
2021-01-25,NMFBS,2646,2708,2622,2700,5694,15195253
2021-01-26,NMFBS,2725,2750,2637,2637,2757,7319381
2021-01-27,NMFBS,2586,2699,2585,2698,3374,8943893
2021-01-28,NMFBS,2740,2920,2699,2741,7476,20636960
2021-01-31,NMFBS,2710,2720,2640,2660,3826,10220291
2021-02-01,NMFBS,2698,2779,2661,2700,4078,10986343
2021-02-02,NMFBS,2754,2920,2754,2920,9575,27604106
2021-02-03,NMFBS,2978,3096,2915,2989,7130,21291598
2021-02-04,NMFBS,2930,3287,2930,3287,10934,33747440
2021-02-07,NMFBS,3451,3451,3237,3300,6875,22526938
2021-02-08,NMFBS,3234,3366,3110,3366,10335,32857467
2021-02-11,NMFBS,3534,3702,3196,3295,20491,71671341
2021-02-14,NMFBS,3295,3295,3112,3137,5955,18821788
2021-02-15,NMFBS,3199,3393,3199,3350,14456,48282378
2021-02-16,NMFBS,3400,3415,3271,3355,3940,13156980
2021-02-17,NMFBS,3520,3592,3340,3457,10954,37445612
2021-02-18,NMFBS,3500,3595,3400,3495,7821,27315496
2021-02-21,NMFBS,3520,3520,3400,3425,5973,20564426
2021-02-22,NMFBS,3425,3440,3310,3315,4548,15300794
2021-02-23,NMFBS,3256,3353,3206,3353,6084,19869769
2021-02-24,NMFBS,3420,3450,3325,3375,3609,12209804
2021-02-25,NMFBS,3385,3420,3301,3325,13478,45126323
2021-02-28,NMFBS,2800,2800,2581,2600,4799,12556932
2021-03-01,NMFBS,2550,2652,2502,2618,2915,7545369
2021-03-02,NMFBS,2600,2600,2496,2505,3304,8372180
2021-03-03,NMFBS,2456,2539,2412,2460,6323,15544441
2021-03-04,NMFBS,2500,2601,2500,2552,2599,6622731
2021-03-07,NMFBS,2560,2598,2505,2518,1200,3039976
2021-03-09,NMFBS,2471,2518,2471,2499,1298,3242102
2021-03-10,NMFBS,2480,2520,2460,2513,2617,6533147
2021-03-14,NMFBS,2475,2485,2360,2445,2470,6036600
2021-03-15,NMFBS,2397,2440,2397,2425,1038,2515880
2021-03-16,NMFBS,2425,2499,2425,2499,2890,7079358
2021-03-17,NMFBS,2623,2623,2450,2600,2677,6889802
2021-03-18,NMFBS,2730,2730,2573,2650,3396,9032893
2021-03-21,NMFBS,2782,2820,2678,2808,5601,15512796
2021-03-22,NMFBS,2948,2948,2745,2849,4475,12456992
2021-03-23,NMFBS,2991,2991,2765,2940,5613,16247429
2021-03-24,NMFBS,3020,3099,2960,3056,9827,29707927
2021-03-25,NMFBS,3147,3147,3000,3040,7189,21831119
2021-03-29,NMFBS,3100,3100,3000,3070,4652,14185923
2021-03-30,NMFBS,3200,3250,3101,3155,6878,21690712
2021-03-31,NMFBS,3280,3300,3130,3160,5141,16304836
2021-04-01,NMFBS,3100,3200,3090,3120,5748,17885835
2021-04-04,NMFBS,3250,3250,3112,3148,7166,22394289
2021-04-05,NMFBS,3113,3120,3090,3090,6203,19258715
2021-04-06,NMFBS,3091,3150,3090,3140,4200,13145570
2021-04-07,NMFBS,3202,3260,3085,3173,2920,9313276
2021-04-08,NMFBS,3115,3300,3115,3221,4803,15491221
2021-04-12,NMFBS,3279,3433,3240,3348,7268,24386814
2021-04-13,NMFBS,3400,3435,3238,3348,3229,10773665
2021-04-15,NMFBS,3284,3335,3216,3230,3587,11702510
2021-04-18,NMFBS,3294,3294,3155,3200,2117,6734762
2021-04-19,NMFBS,3150,3209,3147,3150,3357,10646140
2021-04-20,NMFBS,3150,3274,3150,3209,1995,6373763
2021-04-21,NMFBS,3269,3270,3093,3150,8363,26117626
2021-04-22,NMFBS,3100,3200,3100,3101,4915,15436013
2021-04-25,NMFBS,3101,3145,3045,3099,5606,17369797
2021-04-26,NMFBS,3042,3160,3042,3068,4056,12468329
2021-04-27,NMFBS,3100,3225,3050,3225,3962,12504554
2021-04-28,NMFBS,3289,3350,3161,3197,6504,20754831
2021-04-29,NMFBS,3150,3260,3150,3260,3370,10833673
2021-05-02,NMFBS,3260,3365,3259,3364,7062,23335871
2021-05-03,NMFBS,3532,3700,3507,3700,37199,134836187
2021-05-04,NMFBS,3885,4025,3803,3900,17147,67476525
2021-05-05,NMFBS,4080,4080,3765,3798,9009,34274585
2021-05-06,NMFBS,3774,3774,3690,3690,10677,39642408
2021-05-09,NMFBS,3690,3690,3610,3610,7335,26676287
2021-05-10,NMFBS,3560,3700,3560,3675,4652,16977607
2021-05-11,NMFBS,3744,3860,3744,3850,9824,37287794
2021-05-12,NMFBS,3880,3900,3780,3800,2795,10640102
2021-05-13,NMFBS,3771,3808,3765,3770,4046,15309708
2021-05-16,NMFBS,3775,3818,3773,3795,3136,11903104
2021-05-17,NMFBS,3795,3850,3760,3779,4813,18184545
2021-05-18,NMFBS,3779,3795,3745,3793,7288,27444650
2021-05-19,NMFBS,3800,3839,3752,3779,3812,14394514
2021-05-20,NMFBS,3741,3750,3726,3726,2642,9860066
2021-05-23,NMFBS,3706,3800,3705,3750,7009,26095127
2021-05-24,NMFBS,3755,3800,3670,3725,5261,19543219
2021-05-25,NMFBS,3701,3738,3665,3686,2495,9241140
2021-05-27,NMFBS,3502,3680,3432,3563,11626,41557961
2021-05-30,NMFBS,3600,3600,3556,3568,2921,10412275
2021-05-31,NMFBS,3561,3571,3510,3510,3229,11473164
2021-06-01,NMFBS,3545,3550,3480,3502,4383,15370619
2021-06-02,NMFBS,3569,3569,3510,3566,1690,5994635
2021-06-03,NMFBS,3590,3700,3590,3670,5083,18647347
2021-06-06,NMFBS,3720,3743,3681,3705,2786,10343221
2021-06-07,NMFBS,3700,3714,3676,3676,891,3289011
2021-06-08,NMFBS,3735,3749,3533,3675,5010,18053777
2021-06-09,NMFBS,3698,3700,3600,3619,1744,6315766
2021-06-10,NMFBS,3572,3672,3571,3667,3288,11884021
2021-06-13,NMFBS,3740,3740,3600,3650,2475,8986606
2021-06-14,NMFBS,3582,3697,3582,3600,2251,8134148
2021-06-15,NMFBS,3590,3600,3567,3585,2628,9427791
2021-06-16,NMFBS,3650,3774,3588,3620,7222,26563986
2021-06-17,NMFBS,3801,3801,3590,3592,2567,9299499
2021-06-20,NMFBS,3576,3580,3535,3551,3278,11669343
2021-06-21,NMFBS,3551,3600,3480,3481,4424,15503684
2021-06-22,NMFBS,3550,3570,3486,3540,3419,12053426
2021-06-23,NMFBS,3580,3580,3455,3475,2926,10171694
2021-06-24,NMFBS,3480,3482,3450,3450,2243,7751833
2021-06-27,NMFBS,3420,3499,3420,3499,864,2999741
2021-06-28,NMFBS,3565,3619,3498,3570,5211,18440174
2021-06-29,NMFBS,3748,3748,3550,3560,5734,20948072
2021-06-30,NMFBS,3560,3631,3490,3525,865,3057807
2021-07-01,NMFBS,3575,3580,3500,3549,2511,8848833
2021-07-04,NMFBS,3551,3575,3470,3535,2799,9845470
2021-07-05,NMFBS,3535,3575,3491,3549,689,2416539
2021-07-06,NMFBS,3549,3550,3480,3525,1348,4712695
2021-07-07,NMFBS,3555,3560,3495,3525,1992,6984486
2021-07-08,NMFBS,3525,3619,3500,3619,2140,7611065
2021-07-11,NMFBS,3688,3688,3570,3644,5115,18592170
2021-07-12,NMFBS,3699,3716,3581,3595,4149,15095668
2021-07-13,NMFBS,3635,3666,3595,3620,3040,10988064
2021-07-14,NMFBS,3620,3620,3600,3603,900,3244681
2021-07-15,NMFBS,3600,3634,3590,3603,2570,9267371
2021-07-18,NMFBS,3650,3790,3650,3750,4138,15394420.8
2021-07-19,NMFBS,3760,3798,3715,3749.9,1606,6007863.6
2021-07-20,NMFBS,3749,3749,3665,3705,1281,4754243
2021-07-22,NMFBS,3705,3720,3660,3699,2273,8423073
2021-07-25,NMFBS,3711,3775,3710.2,3769,3287,12316855.4
2021-07-26,NMFBS,3770,3840,3755,3795,5055,19236533
2021-07-27,NMFBS,3720,3724,3644.8,3681,8428,31113704.8
2021-07-28,NMFBS,3650,3745,3615,3681,1549,5699371.4
2021-07-29,NMFBS,3740,3754,3641,3690,2444,9004154
2021-08-01,NMFBS,3663,3736,3663,3730,3602,13294601.1
2021-08-02,NMFBS,3735,3775,3702.1,3775,3076,11520965
2021-08-03,NMFBS,3800,3850.5,3781,3849,6059,23191070.6
2021-08-04,NMFBS,3900,3925.9,3770,3770,5104,19651545.2
2021-08-05,NMFBS,3770,3840,3742,3775,4650,17572181.1
2021-08-08,NMFBS,3755,3755,3667,3677,3021,11195048.5
2021-08-09,NMFBS,3680,3750,3610,3650,2512,9156121.5
2021-08-10,NMFBS,3640,3699.9,3640,3694,1439,5273793.7
2021-08-11,NMFBS,3635,3750,3635,3750,2342,8579086.5
2021-08-12,NMFBS,3800,3800,3660,3698,3247,11922269.8
2021-08-15,NMFBS,3770,3770,3580,3610,7662,27727699
2021-08-16,NMFBS,3614,3630,3540,3540,3745,13338619.8
2021-08-17,NMFBS,3610.8,3610.8,3450,3457,18148,62902367.5
2021-08-18,NMFBS,3450,3520,3390,3450,6047,20981892.8
2021-08-19,NMFBS,3500,3500,3455.1,3455.1,3662,12701994.8
2021-08-24,NMFBS,3501,3501,3390,3401.6,5931,20255334.6
2021-08-25,NMFBS,3380,3420,3352.1,3352.1,3247,10967338.2
2021-08-26,NMFBS,3385,3390,3300,3320,4753,15839626.8
2021-08-29,NMFBS,3330,3370,3197.3,3249,8944,29251705.9
2021-08-31,NMFBS,3200,3250,3149,3160,7279,23121655.1
2021-09-01,NMFBS,3222,3285,3060,3200,6605,21050857.8
2021-09-02,NMFBS,3263,3263,3100,3160,2283,7221728.2
2021-09-05,NMFBS,3100,3150,3012.1,3080,3759,11526420.1
2021-09-06,NMFBS,3130,3190,3070,3190,4993,15596800
2021-09-07,NMFBS,3200,3200,3065,3130,1928,6010464.8
2021-09-08,NMFBS,3070,3070,2990,3010,5552,16745931.1
2021-09-09,NMFBS,3070.2,3070.2,2987,3000,1894,5686388
2021-09-12,NMFBS,3050,3050,2960,3001,6863,20565488.1
2021-09-13,NMFBS,3055,3121,2990.1,2990.1,6072,18279456.6
2021-09-14,NMFBS,3049.9,3110,2962,3045,3831,11641626.5
2021-09-15,NMFBS,3100,3100,3000,3010,1592,4809868.8
2021-09-16,NMFBS,3001,3025,2881,2910,5870,17102110.9
2021-09-20,NMFBS,2950,2950,2735,2783,6198,17438521.5
2021-09-21,NMFBS,2729,2880,2680,2765,4444,12296339.6
2021-09-22,NMFBS,2820.3,2929.9,2770,2825,5297,14882899.9
2021-09-23,NMFBS,2830,2860,2750,2800,6986,19492723.5
2021-09-26,NMFBS,2750.6,2774,2720,2725,2256,6201484.4
2021-09-27,NMFBS,2700,2723,2620,2650,3415,9127992.8
2021-09-28,NMFBS,2700,2700,2570,2625,4895,12745358
2021-09-29,NMFBS,2592,2735,2579,2700,3088,8134096
2021-09-30,NMFBS,2735,2735,2601,2602,3636,9669693.6
2021-10-03,NMFBS,2653,2705,2500,2585,5398,13893691
2021-10-04,NMFBS,2550,2699.9,2550,2670,2748,7295766.2
2021-10-05,NMFBS,2720,2800,2720,2795,6690,18450295.9
2021-10-06,NMFBS,2845,3040,2845,3000,7521,22295116.8
2021-10-10,NMFBS,3060,3140,2965,2990,6555,19902246
2021-10-11,NMFBS,2950,2985,2900,2964,3623,10594491.4
2021-10-17,NMFBS,2999,2999,2909,2963,1025,3005544.9
2021-10-18,NMFBS,2910,2910,2791,2840,4227,12099869.8
2021-10-19,NMFBS,2896,2896,2695,2750,4121,11323040
2021-10-20,NMFBS,2805,2914,2768,2815,1429,4013883
2021-10-21,NMFBS,2840,2854,2755,2853,2257,6320707.8
2021-10-24,NMFBS,2910,2974.9,2799,2933,2817,8150625.1
2021-10-25,NMFBS,2910,3000,2890.1,2999,4000,11780490.9
2021-10-26,NMFBS,3034,3170,2984,3050,6866,20967734.8
2021-10-27,NMFBS,2990.1,3120,2990,3098,5695,17506539.8
2021-10-28,NMFBS,3098,3149,3051.1,3140,3248,9995058.1
2021-10-31,NMFBS,3202.8,3266.8,3152.1,3250,6837,21962658.4
2021-11-01,NMFBS,3299,3300,3165.1,3211,7663,24534218.2
2021-11-02,NMFBS,3200,3244,3162,3216,5524,17762282.9
2021-11-03,NMFBS,3265,3300,3229,3249,4042,13201308.1
2021-11-08,NMFBS,3200,3306.8,3200,3300,8638,28138693.2
2021-11-09,NMFBS,3249,3295,3166,3262,8547,27424431.7
2021-11-11,NMFBS,3197,3209,3135,3180,8896,28224512.5
2021-11-14,NMFBS,3121,3279.9,3121,3270,9456,30087054
2021-11-15,NMFBS,3335.4,3488,3335,3401,14575,49376261.3
2021-11-16,NMFBS,3401,3610,3371.3,3596,18255,64222677.7
2021-11-17,NMFBS,3650,3650,3545,3588.8,8514,30500746.2
2021-11-18,NMFBS,3660.5,3876,3640,3660,27421,101898370.4
2021-11-21,NMFBS,3730,3730,3500,3540,11108,39625047.3
2021-11-22,NMFBS,3540,3570,3470,3525,7006,24663620.5
2021-11-23,NMFBS,3467,3524,3420,3459,3795,13126431
2021-11-24,NMFBS,3396,3465,3390.1,3445,5566,19017826.4
2021-11-25,NMFBS,3499,3499,3402,3410.1,2827,9751175
2021-11-28,NMFBS,3400,3400,3250,3250,9608,31758623.5
2021-11-29,NMFBS,3250,3300,3176,3199,7696,24698782
2021-11-30,NMFBS,3250,3250,3161,3190,4372,13975418.7
2021-12-01,NMFBS,3200,3218,3170,3175,6666,21264246
2021-12-02,NMFBS,3180,3210,3141,3170,14870,47108692.4
2021-12-05,NMFBS,3171,3200,3117,3117,5114,16068441.8
2021-12-06,NMFBS,3100,3149,3040,3120,7887,24386645.1
2021-12-07,NMFBS,3130,3181,3088,3088.2,4291,13381221.9
2021-12-08,NMFBS,3040,3070,2990,2996,5664,17111094.9
2021-12-09,NMFBS,2941,3024.3,2903,2990,6100,18024857.5
2021-12-12,NMFBS,2990,2990,2845,2850,5591,16167972.4
2021-12-13,NMFBS,2801,2835,2696,2745,8877,24318324.4
2021-12-14,NMFBS,2799,3019,2751,2989,2435,7088211
2021-12-15,NMFBS,3048,3150,2887,2938,5867,17531481.4
2021-12-16,NMFBS,2880,2890,2837.1,2855,2232,6390623.8
2021-12-20,NMFBS,2810,2905,2800,2855,3595,10280988.2
2021-12-21,NMFBS,2912.1,2915,2857,2911,2065,5988764
2021-12-22,NMFBS,2960,3111,2950,3111,8158,24574889.8
2021-12-23,NMFBS,3111,3165,3055,3066,5588,17325821.8
2021-12-26,NMFBS,3110,3223,3098,3179,8900,27997667.3
2021-12-27,NMFBS,3234,3234,3093,3100,5875,18405018
2021-12-28,NMFBS,3162,3165,3093,3128,4365,13684491
2021-12-29,NMFBS,3135,3229.9,3130,3218,6019,19257846.2
2022-01-02,NMFBS,3270,3445,3250,3415,11085,37516288.9
2022-01-03,NMFBS,3483,3483,3430,3444,11192,38650618.7
2022-01-04,NMFBS,3375.2,3503,3350,3490,12930,44697559.4
2022-01-05,NMFBS,3522,3530,3460,3470,8592,29848181.3
2022-01-06,NMFBS,3466,3625,3466,3599.5,28133,100036251
2022-01-09,NMFBS,3650,3675,3588,3620,19531,71064652.8
2022-01-10,NMFBS,3692,3700,3625,3660,44658,163213481.6
2022-01-11,NMFBS,2666.5,2849,2666.5,2753,24572,67853173.9
2022-01-12,NMFBS,2800,2800,2700,2700.1,10889,29896925.4
2022-01-13,NMFBS,2680,2730,2650,2705,7620,20653827.1
2022-01-16,NMFBS,2758,2813,2690,2720.5,14629,39981734
2022-01-17,NMFBS,2732.1,2768,2713.1,2731,3962,10811099.7
2022-01-18,NMFBS,2746,2746,2670,2685,5532,14935305
2022-01-19,NMFBS,2700,2702,2650,2661,6062,16236317.2
2022-01-20,NMFBS,2625,2699,2625,2686,4823,12885689
2022-01-23,NMFBS,2700,2729,2680,2681,5105,13798749.5
2022-01-24,NMFBS,2734,2734,2580.1,2590,9507,24887653
2022-01-25,NMFBS,2590,2670,2550,2600,5837,15192524.1
2022-01-26,NMFBS,2600,2610,2560,2571,2285,5885861
2022-01-27,NMFBS,2600,2713.2,2571,2700,9460,25226002.6
2022-01-30,NMFBS,2754,2800,2700,2727.9,4953,13524398.2
2022-01-31,NMFBS,2770,2782.4,2677,2714,8485,23149233.4
2022-02-01,NMFBS,2701,2730,2686,2705,3916,10572824.8
2022-02-03,NMFBS,2710,2749,2675,2680,4689,12705572.5
2022-02-06,NMFBS,2700,2700,2628,2630.5,2295,6073803
2022-02-07,NMFBS,2640,2647,2627,2640,1204,3173929
2022-02-08,NMFBS,2692.8,2730,2622,2625,2067,5499344.5
2022-02-09,NMFBS,2620,2620,2595,2601,1966,5120489.5
2022-02-10,NMFBS,2610,2630,2548,2584,7049,18159126.1
2022-02-13,NMFBS,2580,2580,2482,2500,4767,11970203.7
2022-02-14,NMFBS,2550,2550,2456,2470,5067,12553183.2
2022-02-15,NMFBS,2470,2550,2470,2550,1878,4738585
2022-02-16,NMFBS,2550,2590,2525,2538,3828,9739476
2022-02-17,NMFBS,2549,2550,2499,2531,1256,3177741.1
2022-02-20,NMFBS,2480.4,2529,2420,2500,3234,8037007.2
2022-02-21,NMFBS,2500,2500,2475,2490,1454,3621132
2022-02-22,NMFBS,2495,2530,2485,2500,1144,2854904.2
2022-02-23,NMFBS,2500,2510,2470,2484,1121,2788384.5
2022-02-24,NMFBS,2451,2490,2436,2442,3329,8180581.4
2022-02-27,NMFBS,2420,2465,2395,2442,1134,2754649
2022-02-28,NMFBS,2490,2490,2402,2407.7,2338,5639196
2022-03-02,NMFBS,2408,2408,2271,2345,3300,7687578.5
2022-03-06,NMFBS,2391,2395,2346,2377,1384,3280078.8
2022-03-07,NMFBS,2370,2400,2330,2350,3152,7413898
2022-03-09,NMFBS,2395,2396,2305,2340,1734,4051974.5
2022-03-10,NMFBS,2370,2385,2367,2385,1407,3342745
2022-03-13,NMFBS,2432,2489,2400,2470,1433,3513403.5
2022-03-14,NMFBS,2475,2490,2445.1,2445.1,575,1418230
2022-03-15,NMFBS,2471,2471,2444,2450,1851,4532664.4
2022-03-16,NMFBS,2485,2485,2404,2445,797,1947640
2022-03-20,NMFBS,2415,2425,2415,2417,641,1551148.8
2022-03-21,NMFBS,2464,2464,2409,2425,847,2049067.5
2022-03-22,NMFBS,2426,2440,2426,2426,889,2161876.6
2022-03-23,NMFBS,2426,2450,2375,2406,3156,7581625
2022-03-24,NMFBS,2407,2407,2370,2380,1137,2713421.6
2022-03-27,NMFBS,2345.1,2400,2340.5,2365,1882,4435816.3
2022-03-28,NMFBS,2335,2365,2326,2327,1849,4333926.2
2022-03-29,NMFBS,2327,2355,2307,2330,607,1413236.6
2022-03-30,NMFBS,2365,2376,2336,2360,729,1715623
2022-03-31,NMFBS,2315,2359,2300,2314,4505,10453617.8
2022-04-03,NMFBS,2298,2299.8,2261,2270,2987,6799548
2022-04-04,NMFBS,2251,2285,2200,2232,7457,16589108.4
2022-04-05,NMFBS,2220,2220,2180,2199,3614,7914071.2
2022-04-06,NMFBS,2184,2198,2100,2152.1,5129,11035235.3
2022-04-07,NMFBS,2111,2195.1,2110,2195,7026,15128048.7
2022-04-11,NMFBS,2238,2238,2137.1,2141,6581,14181132.6
2022-04-12,NMFBS,2110,2111,2081.1,2081.1,3658,7665970.6
2022-04-13,NMFBS,2040,2150,2040,2125,2820,5948402
2022-04-17,NMFBS,2127,2145,2090,2100,2899,6133545.3
2022-04-18,NMFBS,2100,2110,2065,2088,2196,4562696.5
2022-04-19,NMFBS,2060,2128,2050,2120,2798,5865462
2022-04-20,NMFBS,2162,2162,2060,2087,2095,4377332.1
2022-04-21,NMFBS,2046.5,2080,2046.5,2080,1928,3981880.8
2022-04-24,NMFBS,2121.6,2171,2081,2171,2935,6229263.9
2022-04-25,NMFBS,2150,2193,2100,2120,3027,6474694.3
2022-04-26,NMFBS,2090,2131.7,2090,2120,1029,2168092
2022-04-27,NMFBS,2090,2125,2078,2101,1221,2560324
2022-04-28,NMFBS,2110,2139,2090,2095,1526,3212539.1
2022-05-02,NMFBS,2135.9,2135.9,2040,2051,2893,5953184.9
2022-05-04,NMFBS,2051,2091,1990,2000,2754,5552395
2022-05-05,NMFBS,2000,2001,1945.4,1946,3646,7181877
2022-05-08,NMFBS,1915.1,1970,1912,1970,2048,3962237
2022-05-09,NMFBS,1970,1997,1966.1,1988,2260,4488291.8
2022-05-10,NMFBS,1995,2070,1950,2030,4234,8418740.7
2022-05-11,NMFBS,2050,2131,2030,2127,3227,6719998.9
2022-05-12,NMFBS,2140,2140,2045,2050,4003,8307398.4
2022-05-17,NMFBS,2045,2045,1965,1970,3018,6017659.5
2022-05-18,NMFBS,1936,2020,1936,1989,1000,1982414.6
2022-05-19,NMFBS,1989,2019,1960,1965,950,1882817
2022-05-20,NMFBS,2003,2003,1935,1950,1467,2855504
2022-05-23,NMFBS,1950,1950,1911,1928,1691,3257226.9
2022-05-24,NMFBS,1945,1983,1926,1965,9470,18484538.8
2022-05-25,NMFBS,1966,1999,1966,1989,491,972689.3
2022-05-26,NMFBS,1989,1997,1950,1971,1412,2773169.2
2022-05-27,NMFBS,1990,1990,1961,1967,525,1034377.5
2022-05-30,NMFBS,1999,1999,1932,1951,1336,2598360.4
2022-05-31,NMFBS,1950,1977,1915,1916,2813,5437241
2022-06-01,NMFBS,1912,1954,1901,1902,2465,4725206.3
2022-06-02,NMFBS,1939,1939,1877,1877,2580,4884866
2022-06-03,NMFBS,1850,1850,1820.1,1849,2926,5380411.1
2022-06-06,NMFBS,1885.9,1922,1848,1888,2000,3752762
2022-06-07,NMFBS,1861,1891,1835,1850,3358,6242018.5
2022-06-08,NMFBS,1881,1932.9,1855,1932,1956,3710301.4
2022-06-09,NMFBS,1965,1970,1910,1945,2997,5829682.4
2022-06-10,NMFBS,1910,1935,1880,1910,1480,2818725.5
2022-06-13,NMFBS,1885,1922,1885,1910,1655,3157568.8
2022-06-14,NMFBS,1895,1905,1880,1894,2507,4730749
2022-06-15,NMFBS,1900,1900,1830,1875,2762,5092256.6
2022-06-16,NMFBS,1900,1912,1869,1869,1237,2324342.5
2022-06-17,NMFBS,1850,1890,1850,1860,385,717943.6
2022-06-19,NMFBS,1850,1850,1826,1827,1620,2970514.5
2022-06-20,NMFBS,1810,1820,1765,1765,3155,5627167.1
2022-06-21,NMFBS,1745,1847,1745,1820,1583,2864471.9
2022-06-22,NMFBS,1820,1851,1785,1790,1732,3130807.5
2022-06-23,NMFBS,1795,1795,1745.1,1770,1889,3319534.1
2022-06-24,NMFBS,1805.3,1819,1755,1792,2075,3710613.6
2022-06-26,NMFBS,1827.8,1930,1820,1909.9,4289,8123736.7
2022-06-27,NMFBS,1947.9,1947.9,1880,1880,3230,6154671.1
2022-06-28,NMFBS,1917.5,1917.5,1832.6,1850,2605,4816174.8
2022-06-29,NMFBS,1886.9,1935,1865,1930,1594,3045211.5
2022-06-30,NMFBS,1967,1999,1960,1999,3423,6803772.1
2022-07-01,NMFBS,2038.7,2038.7,1995,1999,1666,3346824
2022-07-03,NMFBS,2010,2081,1975,2081,2902,5885566
2022-07-04,NMFBS,2122.4,2190,2039,2050,7912,16720266.9
2022-07-05,NMFBS,2089.9,2089.9,1995,2006,3014,6139023
2022-07-06,NMFBS,2046,2046,1960,2020,2400,4800076.3
2022-07-07,NMFBS,2060.4,2080,1986,1999,1997,4005900.6
2022-07-08,NMFBS,2038.8,2038.8,1950,1950,1896,3741990.1
2022-07-11,NMFBS,1920,1920,1855,1860,2997,5610085
2022-07-12,NMFBS,1850,1900,1841,1889,1725,3241300.3
2022-07-13,NMFBS,1925,1940,1920,1933,2599,5010915.3
2022-07-14,NMFBS,1969,1977,1925,1935.1,1664,3239289.6
2022-07-15,NMFBS,1920,1935,1915,1935,1422,2741094
2022-07-17,NMFBS,1916,1979.8,1915,1979.8,1982,3884245.5
2022-07-18,NMFBS,1986,2025,1970,2020,1694,3395343.7
2022-07-19,NMFBS,2020,2085,2015,2055,2621,5376204.2
2022-07-20,NMFBS,2071,2120,2021,2095,7517,15678563
2022-07-21,NMFBS,2136,2155,2100,2148.8,7376,15780641.3
2022-07-22,NMFBS,2170,2170,2082.1,2125,5792,12298727.3
2022-07-24,NMFBS,2167.5,2210,2125,2210,4985,10824667.2
2022-07-25,NMFBS,2250,2290,2225.1,2285,7240,16397186.2
2022-07-26,NMFBS,2285,2290,2205,2234,8295,18598785.8
2022-07-27,NMFBS,2243,2281,2190,2281,6780,15185640.8
2022-07-28,NMFBS,2326,2498,2326,2390,15762,38071652.7
2022-07-29,NMFBS,2390,2437.8,2390,2420,4907,11851892.2
2022-07-31,NMFBS,2460,2467,2401,2402.3,5651,13714080.5
2022-08-01,NMFBS,2430,2434,2370,2375,4498,10772186.9
2022-08-02,NMFBS,2380,2468.4,2355,2460,6249,15037304.1
2022-08-03,NMFBS,2509,2580,2476.1,2476.1,13092,33078807.1
2022-08-04,NMFBS,2480,2515,2430,2443,8798,21828935
2022-08-05,NMFBS,2400,2435,2360,2362,5891,14013915.7
2022-08-07,NMFBS,2400,2405,2365.1,2395,5067,12080790.7
2022-08-08,NMFBS,2440,2468,2391,2405,10677,25978636.3
2022-08-09,NMFBS,2405,2415,2351,2354,7728,18396430.2
2022-08-10,NMFBS,2311,2380,2311,2342,4942,11594483.2
2022-08-11,NMFBS,2388.8,2388.8,2307,2307,7732,18083314.7
2022-08-14,NMFBS,2315,2335,2294,2301,7094,16359343.5
2022-08-15,NMFBS,2327.8,2375,2290,2375,4711,10952080.5
2022-08-16,NMFBS,2388.2,2403,2310.1,2310.1,3339,7860580.8
2022-08-17,NMFBS,2270,2343.8,2270,2325,3147,7280236.3
2022-08-18,NMFBS,2349,2371,2326,2350,3318,7791771.6
2022-08-21,NMFBS,2395,2395,2317,2320,2197,5129318.8
2022-08-22,NMFBS,2310,2335,2303,2325,1341,3110676
2022-08-23,NMFBS,2320,2329.9,2300,2308.5,2911,6719838.8
2022-08-24,NMFBS,2349,2350,2300,2305,2848,6581848
2022-08-25,NMFBS,2283,2319,2283,2290,2382,5479026.6
2022-08-26,NMFBS,2290,2290,2255,2269,1092,2471428
2022-08-28,NMFBS,2255,2280,2225,2225,3399,7632738
2022-08-29,NMFBS,2226,2226,2199,2201,3315,7308009.6
2022-08-30,NMFBS,2244,2244,2180,2200,1495,3298845
2022-08-31,NMFBS,2200,2200,2150,2159,2390,5177714.2
2022-09-01,NMFBS,2150,2188,2122,2150,1669,3558849
2022-09-02,NMFBS,2187,2188,2141,2145,330,711395
2022-09-04,NMFBS,2180,2180,2139,2140,1730,3716223.5
2022-09-05,NMFBS,2179,2179,2130,2140,1636,3502028
2022-09-06,NMFBS,2182.8,2182.8,2100,2118,2164,4567151.6
2022-09-07,NMFBS,2100,2135,2090,2099,1095,2304502.7
2022-09-08,NMFBS,2128.9,2130,2086.4,2096,1604,3379891
2022-09-11,NMFBS,2097.1,2119.9,2090.1,2090.1,1136,2386866.1
2022-09-12,NMFBS,2090.1,2100,2080,2080,1161,2424676.2
2022-09-13,NMFBS,2120,2120,2080,2100,1684,3540728.6
2022-09-14,NMFBS,2138,2180,2130,2163.9,2316,4993648.5
2022-09-15,NMFBS,2164,2164,2087.4,2100,3246,6872590.5
2022-09-16,NMFBS,2060,2093,2056,2067,754,1560316.4
2022-09-18,NMFBS,2026,2070,2000,2000,3376,6824135.2
2022-09-20,NMFBS,1965,2000,1929,1939,3544,6935109
2022-09-21,NMFBS,1977,1977.7,1928.7,1939.9,2354,4582487.2
2022-09-22,NMFBS,1931,1935,1900,1900,2404,4604290.5
2022-09-25,NMFBS,1867,1889.9,1830,1862,3547,6608558.8
2022-09-27,NMFBS,1862,1929.8,1842,1893,1634,3094780.2
2022-09-28,NMFBS,1930,1950,1920,1925,1154,2228243
2022-09-29,NMFBS,1963.5,2000,1963.5,1990,1762,3501168.9
2022-10-09,NMFBS,2019.6,2083,2019.6,2083,2539,5223111.6
2022-10-10,NMFBS,2090,2090,2051,2052,1474,3051651.9
2022-10-11,NMFBS,2045,2050,2012,2045,1370,2780005.6
2022-10-12,NMFBS,2021,2050,2000,2000,3420,6899184.4
2022-12-07,NMFBS,2040,2162,1983,2060,9808,20377926.8
2022-12-11,NMFBS,2100,2100,2010,2028,4733,9581279.3
2022-12-12,NMFBS,1990.1,2020,1990,2000,3508,7038516.6
2022-12-13,NMFBS,2000.1,2069,1995,2000,1571,3164772.1
2022-12-14,NMFBS,1999,2018,1995.2,1995.5,2551,5114922.3
2022-12-15,NMFBS,1996,2000,1965,1971,2121,4197495
2022-12-18,NMFBS,1950,1950,1915,1924,1892,3659939.6
2022-12-19,NMFBS,1926,1928,1889.5,1900,1437,2736392
2022-12-20,NMFBS,1905,1943,1905,1911,2655,5097652.5
2022-12-21,NMFBS,1930,1930,1895,1915,1795,3425413
2022-12-22,NMFBS,1940,1950,1877,1888,1608,3056270.6
2022-12-26,NMFBS,1925,1940,1901,1931,3340,6417718.2
2022-12-27,NMFBS,1966,1986.9,1933,1933,4789,9387837.5
2022-12-28,NMFBS,1900,1944,1900,1917,2732,5235538.6
2022-12-29,NMFBS,1917,1977,1911,1977,2287,4446451.3
2023-01-01,NMFBS,1980,2019,1957,2000,4907,9755204.6
2023-01-02,NMFBS,2014.9,2050,1985,2030,2806,5657458.4
2023-01-03,NMFBS,2070,2070,2000,2018,6290,12803737.6
2023-01-04,NMFBS,2049,2129,2000,2120,5316,10897392.1
2023-01-05,NMFBS,2162,2244,2150,2229,12176,26726061.2
2023-01-08,NMFBS,2186,2260,2175,2200,5488,12162132
2023-01-09,NMFBS,2157,2243,2157,2200,4615,10195130.2
2023-01-10,NMFBS,2200,2233,2150,2150,6659,14651453
2023-01-12,NMFBS,2190,2230,2125,2125,6848,14943140.6
2023-01-17,NMFBS,2148,2150,2107,2113,2702,5731721.5
2023-01-18,NMFBS,2120,2155,2102,2120,2110,4493632.7
2023-01-19,NMFBS,2137,2203,2111,2199,6150,13309949.1
2023-01-23,NMFBS,2200,2200,2200,2200,146,321200
2023-01-25,NMFBS,2244,2420,2244,2344,27217,64651485.4
2023-01-26,NMFBS,2390.8,2390.8,2304,2311,6890,16053060.8
2023-01-29,NMFBS,2330,2330,2280,2289,8487,19454836.1
2023-01-30,NMFBS,2314.9,2314.9,2241,2241,5360,12075407.3
2023-01-31,NMFBS,2205,2270,2195,2229,4233,9420785.5
2023-02-01,NMFBS,2225,2229,2215,2215,2021,4488606
2023-02-02,NMFBS,2215,2250,2186.1,2186.1,3302,7264708.3
2023-02-05,NMFBS,2180.1,2200,2165,2172,3506,7654149.3
2023-02-06,NMFBS,2197,2199,2175,2190,1808,3948046
2023-02-07,NMFBS,2200,2249.9,2195,2240,2901,6467033.8
2023-02-08,NMFBS,2248,2300,2225,2259,3708,8348317.6
2023-02-09,NMFBS,2287,2287,2238,2265,1542,3476126.9
2023-02-12,NMFBS,2259,2259,2205,2205,3528,7832737
2023-02-14,NMFBS,2244.9,2244.9,2187,2194,1893,4166861.9
2023-02-15,NMFBS,2195,2210,2165,2175,2174,4739499.4
2023-02-16,NMFBS,2153,2173.1,2132.5,2132.5,3503,7527909.5
2023-02-20,NMFBS,2120,2158,2100,2117,3242,6843542.6
2023-02-22,NMFBS,2130,2158.5,2111.5,2118,2328,4948909.8
2023-02-23,NMFBS,2075.7,2077.6,1906.2,1906.2,14056,27041053.4
2023-02-26,NMFBS,1868.1,1955,1730,1938,13752,24897912.5
2023-02-27,NMFBS,1970.9,1971,1877,1940,4357,8364417.5
2023-02-28,NMFBS,1940,1945.9,1914,1927.8,1211,2329484.7
2023-03-01,NMFBS,1945,1945,1840.4,1850,4436,8236098
2023-03-02,NMFBS,1813,1813,1765,1772,2920,5205823
2023-03-05,NMFBS,1800,1800,1737,1740,5774,10211289.2
2023-03-07,NMFBS,1741,1810,1740.1,1765,3028,5357646.4
2023-03-09,NMFBS,1799.9,1835,1790,1804,2120,3814431.8
2023-03-12,NMFBS,1801,1815,1796.2,1802,1456,2625214
2023-03-13,NMFBS,1805,1805,1742.1,1782,2245,3974152.5
2023-03-14,NMFBS,1750,1785,1750,1777,654,1151446
2023-03-15,NMFBS,1760,1760,1717.3,1726.1,2324,4032480.7
2023-03-16,NMFBS,1711.1,1720,1706,1710,1629,2787425.4
2023-03-19,NMFBS,1744,1744,1700,1700,1251,2135787.3
2023-03-20,NMFBS,1700,1720,1690.2,1690.2,1892,3233647.8
2023-03-22,NMFBS,1690.3,1700,1682,1682,2621,4423143.2
2023-03-23,NMFBS,1682,1682,1661,1670,1090,1815797.5
2023-03-26,NMFBS,1660.1,1660.1,1530,1535,5517,8631468.1
2023-03-27,NMFBS,1504.3,1504.3,1381.5,1381.5,3830,5353702
2023-03-28,NMFBS,1353.9,1424,1300.5,1395,12305,16604955
2023-03-29,NMFBS,1400,1411,1375,1407,1707,2382869.9
2023-03-30,NMFBS,1430,1435,1383,1383,1026,1442851.5
2023-04-02,NMFBS,1400,1409.7,1333,1333,2813,3845799
2023-04-03,NMFBS,1320,1343.5,1320,1322,1369,1813336.3
2023-04-04,NMFBS,1301,1324,1300,1320,969,1275852.6
2023-04-05,NMFBS,1320,1330,1300,1330,1741,2277426.1
2023-04-06,NMFBS,1312,1349.9,1312,1325.1,1287,1715783.9
2023-04-09,NMFBS,1335,1350,1305.2,1323,1967,2607106.3
2023-04-10,NMFBS,1345,1345,1308.1,1320,1898,2498413.1
2023-04-11,NMFBS,1340,1341,1313.1,1325,1147,1522827
2023-04-12,NMFBS,1351.5,1433.1,1342.1,1424,2458,3416743.7
2023-04-13,NMFBS,1428,1465,1395.6,1448.9,4620,6665226.7
2023-04-16,NMFBS,1460,1460,1430,1435,13294,19335252.8
2023-04-17,NMFBS,1272.7,1297,1232.4,1232.4,3850,4822317.9
2023-04-18,NMFBS,1240,1240,1215.6,1231,1769,2158936.1
2023-04-19,NMFBS,1254,1254,1235,1249,896,1110768.2
2023-04-20,NMFBS,1231,1231,1226,1226,632,776390
2023-04-23,NMFBS,1221,1221.1,1198,1204.1,988,1195547
2023-04-24,NMFBS,1184.1,1212.2,1184.1,1210,488,585515.2
2023-04-25,NMFBS,1200,1224,1200,1210,973,1178935.3
2023-04-26,NMFBS,1200,1206,1200,1201,619,744919.6
2023-04-27,NMFBS,1201,1210,1190,1204,1197,1434774.7
2023-04-30,NMFBS,1204,1204,1190,1190.2,769,916404.1
2023-05-02,NMFBS,1173,1190,1166.4,1166.4,1962,2303313.6
2023-05-03,NMFBS,1189,1189,1163.1,1167,729,850749.3
2023-05-04,NMFBS,1167,1178.9,1150,1171,528,613176.3
2023-05-07,NMFBS,1171,1176,1158,1162,435,506798.5
2023-05-08,NMFBS,1139.1,1162.8,1135,1138,1127,1286128.1
2023-05-09,NMFBS,1142,1168,1142,1165,545,630032.5
2023-05-10,NMFBS,1145,1164,1145,1150,569,655968
2023-05-11,NMFBS,1130,1150,1128,1134,603,685275
2023-05-14,NMFBS,1132,1139,1101,1123.2,1503,1687697
2023-05-15,NMFBS,1145.6,1145.6,1125,1126,1040,1180117.4
2023-05-16,NMFBS,1147,1189,1145,1150,1318,1520908
2023-05-17,NMFBS,1131,1166.5,1131,1148,474,546902.5
2023-05-18,NMFBS,1169.9,1181,1147,1166,1082,1259656.4
2023-05-21,NMFBS,1180,1180,1162,1162,1342,1572867.5
2023-05-22,NMFBS,1165,1179.9,1160,1165.3,514,599406
2023-05-23,NMFBS,1187,1245,1180,1245,3458,4214020
2023-05-24,NMFBS,1250,1283,1220.1,1282,2152,2722536
2023-05-28,NMFBS,1271,1288.9,1221.3,1221.3,4413,5619631.1
2023-05-30,NMFBS,1215,1215,1173,1173,2570,3040218.5
2023-05-31,NMFBS,1191,1196,1150,1150,2355,2759216.6
2023-06-01,NMFBS,1135,1196,1115,1169,1851,2140809.1
2023-06-04,NMFBS,1192.3,1195.4,1172,1195,1273,1516767.6
2023-06-05,NMFBS,1200,1223,1190,1195,3827,4611895.7
2023-06-06,NMFBS,1203,1230,1190,1222,2237,2714989.2
2023-06-07,NMFBS,1246,1264.8,1230,1245,3241,4035885.5
2023-06-08,NMFBS,1244,1275,1244,1265,1861,2348867.5
2023-06-11,NMFBS,1265,1339,1251,1339,4170,5320839.9
2023-06-12,NMFBS,1339,1340,1314,1322.5,2553,3398408.8
2023-06-13,NMFBS,1302,1365,1302,1345,2789,3738409.5
2023-06-14,NMFBS,1345,1409,1345,1400,3846,5355605.8
2023-06-15,NMFBS,1375,1400,1350,1390,4227,5789945
2023-06-18,NMFBS,1395,1410,1373,1400,2144,2999659
2023-06-19,NMFBS,1381,1410,1381,1407,2912,4080458.5
2023-06-20,NMFBS,1407,1420,1352,1352.1,3236,4506116.9
2023-06-21,NMFBS,1331,1384,1331,1339,1870,2520120
2023-06-22,NMFBS,1365,1365,1335,1344,2111,2829094
2023-06-25,NMFBS,1344,1378,1320,1376.2,4659,6220182.4
2023-06-26,NMFBS,1398,1448.3,1377.2,1402.1,3435,4886719.3
2023-06-27,NMFBS,1430,1542,1430,1541.9,5003,7539026.7
2023-06-28,NMFBS,1572,1573,1484,1510,3821,5792105.8
2023-07-02,NMFBS,1510,1537.9,1450,1450.1,2211,3230632
2023-07-03,NMFBS,1451,1470,1422,1422,2616,3753627.5
2023-07-04,NMFBS,1410,1435,1410,1435,1952,2759985
2023-07-05,NMFBS,1430,1430,1400,1407,4278,6025551.6
2023-07-06,NMFBS,1380,1400.1,1378.9,1400,1683,2342690.5
2023-07-09,NMFBS,1428,1428,1404,1405,965,1361948
2023-07-10,NMFBS,1429,1433,1403.5,1405,2525,3564609.3
2023-07-11,NMFBS,1405,1405,1349.4,1375,1856,2546096.4
2023-07-12,NMFBS,1400,1402,1353,1353,1898,2597398
2023-07-13,NMFBS,1380,1407,1366,1366,1422,1969200.6
2023-08-16,NMFBS,1200,1200,1110,1171.9,9379,10702218.1
2023-08-17,NMFBS,1160,1168,1148.6,1148.6,2573,2963909.7
2023-08-20,NMFBS,1171.5,1171.5,1111,1119.9,4848,5481379.7
2023-08-21,NMFBS,1115,1125,1110,1115,1136,1264680.5
2023-08-22,NMFBS,1137.2,1159.9,1094,1106,1550,1713545.2
2023-08-23,NMFBS,1110,1157.7,1100,1157.7,14087,15665901.6
2023-08-24,NMFBS,1180,1180,1112.5,1140,15345,17465620.8
2023-08-27,NMFBS,1118,1156,1109.3,1140,4443,5014101.2
2023-08-28,NMFBS,1162.8,1162.8,1110,1110,2577,2887532
2023-08-29,NMFBS,1132.2,1132.2,1109,1115,2704,3002619.8
2023-08-30,NMFBS,1105,1122.9,1080,1100,4479,4905981.2
2023-09-03,NMFBS,1099,1115,1060,1072,3396,3658010.4
2023-09-04,NMFBS,1051.2,1075,1034,1075,4655,4920619.7
2023-09-05,NMFBS,1055,1088,1050,1088,1072,1137947
2023-09-07,NMFBS,1067,1068,1026,1030,2753,2858359
2023-09-10,NMFBS,1030,1063.5,1030,1058,5502,5741598.7
2023-09-11,NMFBS,1079.1,1091,1045,1089.8,1668,1793117
2023-09-12,NMFBS,1080,1099.9,1041,1067,2555,2720890
2023-09-13,NMFBS,1050,1086,1050,1072,1890,2033185.5
2023-09-17,NMFBS,1057.1,1059,1036,1056.7,3994,4162070.4
2023-09-18,NMFBS,1040,1049,1036,1036,940,977428
2023-09-19,NMFBS,1030,1060,1030,1040,1359,1416340.5
2023-09-21,NMFBS,1060.8,1110,1056.6,1056.6,3312,3546737.5
2023-09-24,NMFBS,1077.7,1137,1071,1102,5328,5866471.1
2023-09-25,NMFBS,1086.1,1114.9,1069,1098.9,4429,4797989.2
2023-09-26,NMFBS,1120,1140.5,1081,1132.9,3262,3641834.9
2023-09-27,NMFBS,1145,1145,1101,1115,3248,3613457
2023-10-01,NMFBS,1100,1110,1090.3,1093.3,3649,4014033.5
2023-10-02,NMFBS,1095,1110,1090,1098,2501,2746367.2
2023-10-03,NMFBS,1090,1100,1087,1095,558,610132.9
2023-10-04,NMFBS,1081,1109.9,1081,1094.5,2467,2710945
2023-10-05,NMFBS,1103,1103,1094,1095,2351,2582697.9
2023-10-08,NMFBS,1095,1095,1055,1074.4,3509,3772201.6
2023-10-09,NMFBS,1053.2,1066.9,1053,1055,4278,4514611.3
2023-10-10,NMFBS,1040,1055,1040,1055,1324,1383777.4
2023-10-11,NMFBS,1041,1070,1041,1070,2031,2131644
2023-10-12,NMFBS,1060,1070,1032.2,1040,1427,1487715.1
2023-10-16,NMFBS,1032.1,1050,1030,1033.1,1155,1197071.7
2023-10-17,NMFBS,1032,1049,1010,1043,4680,4786900
2023-10-18,NMFBS,1060,1060,1009.4,1035,4220,4315027
2023-10-19,NMFBS,1035,1035,1010,1010,1692,1729057.8
2023-10-29,NMFBS,1020,1020,990.3,994,3000,3001232.7
2023-10-30,NMFBS,985.1,1001.9,985.1,989.1,2585,2568072.6
2023-10-31,NMFBS,988,1008.8,975.1,994.6,2440,2400990.4
2023-11-01,NMFBS,980,999,980,991.3,823,811884.9
2023-11-02,NMFBS,980,1000,974,974,1321,1310253.1
2023-11-05,NMFBS,981,999,970,999,4531,4414414
2023-11-06,NMFBS,990,1000,983,985.5,1928,1912464
2023-11-07,NMFBS,1000,1000,980.1,980.1,1667,1644860
2023-11-08,NMFBS,968.1,990,968.1,970,1286,1253754.5
2023-11-09,NMFBS,980,989.4,980,989.4,101,99754.6
2023-11-20,NMFBS,989,990,951,958,1571,1519780
2023-11-21,NMFBS,940,950,926,926,1365,1275287
2023-11-22,NMFBS,910,928,901,915,6045,5533139.5
2023-11-23,NMFBS,915,919.9,909,910,1632,1490313
2023-11-26,NMFBS,925,943,918,943,915,847736
2023-11-27,NMFBS,940,940,912,923,4965,4649205
2023-11-28,NMFBS,916,941.2,915.2,922,12988,11924539.1
2023-11-29,NMFBS,922,958.8,920,937,1582,1480574.6
2023-11-30,NMFBS,953,955,919,950,5129,4857001.4
2023-12-03,NMFBS,965,966,936,945,14306,13750587.9
2023-12-04,NMFBS,927.1,945,927,935,1706,1592693.3
2023-12-05,NMFBS,921,934,905,906,1259,1155539.1
2023-12-06,NMFBS,924.1,930,910,915,332,305346.2
2023-12-07,NMFBS,925,940,908.5,908.5,1268,1170064.2
2023-12-10,NMFBS,926.6,926.6,926.6,926.6,10,9266
2023-12-11,NMFBS,944.9,992.4,944.9,975,4472,4334197.7
2023-12-12,NMFBS,980,1049.6,970.1,1045,4925,4955903.8
2023-12-13,NMFBS,1065.9,1080,1020,1065,3334,3469093.7
2023-12-14,NMFBS,1043.7,1060,1025.1,1025.1,2759,2879859.9
2023-12-17,NMFBS,1004.6,1030,1004.6,1029,2163,2208758.5
2023-12-18,NMFBS,1049.5,1120,1049.5,1120,5124,5591550.4
2023-12-19,NMFBS,1141,1157.9,1101.1,1121,3724,4161669.3
2023-12-20,NMFBS,1143,1165,1123,1164.5,7329,8402538.9
2023-12-21,NMFBS,1141.3,1185,1117.2,1150,5161,5865495.9
2023-12-24,NMFBS,1170,1170,1125,1143,4135,4713292.4
2023-12-27,NMFBS,1125,1153,1102,1120,5198,5800744
2023-12-28,NMFBS,1142,1142,1071,1100,2169,2341542
2024-01-01,NMFBS,1100,1120,1062,1065,3261,3512480.6
2024-01-02,NMFBS,1085,1085,1048,1060,5148,5466805.7
2024-01-03,NMFBS,1041.1,1070,1041.1,1056,1652,1740762.2
2024-01-04,NMFBS,1069,1111,1051,1111,3811,4098627.4
2024-01-07,NMFBS,1120,1130,1061,1080,6456,7058170.7
2024-01-08,NMFBS,1096,1115,1074.1,1100,4469,4861648.8
2024-01-09,NMFBS,1079,1122,1061,1115,3669,4013165.8
2024-01-10,NMFBS,1093,1137,1092.1,1106,3253,3634780.4
2024-01-11,NMFBS,1107,1110,1086,1097,1108,1217835.9
2024-01-14,NMFBS,1118,1169,1118,1168.8,7165,8188349.4
2024-01-16,NMFBS,1184.9,1215,1166.2,1215,8260,9834040.7
2024-01-17,NMFBS,1217.8,1255,1205,1214,8429,10382750.8
2024-01-18,NMFBS,1214,1220,1190,1209,5200,6279014.3
2024-01-21,NMFBS,1184.9,1227,1161.3,1209,5528,6641230.4
2024-01-22,NMFBS,1184.9,1189,1163.1,1182.9,5684,6651850.9
2024-01-23,NMFBS,1185,1185,1149.1,1170,5510,6454925.4
2024-01-24,NMFBS,1165,1180,1165,1170,1703,1997797.2
2024-01-25,NMFBS,1170,1170,1147,1147,1641,1888010.4
2024-01-28,NMFBS,1125,1169.9,1125,1169.9,3747,4252907.3
2024-01-29,NMFBS,1150,1172,1147,1151,3567,4110555
2024-01-30,NMFBS,1151,1155,1132,1145,1184,1354730.5
2024-01-31,NMFBS,1135,1144.9,1116.1,1127,788,887386.1
2024-02-01,NMFBS,1108,1108,1100,1101,1620,1785615.6
2024-02-04,NMFBS,1081,1119,1081,1118.9,612,673998.4
2024-02-05,NMFBS,1115,1115,1076.1,1111,1310,1433481.3
2024-02-06,NMFBS,1111,1155,1110,1143,1935,2176727.2
2024-02-07,NMFBS,1143,1143,1122,1130,2382,2697245.6
2024-02-08,NMFBS,1110,1140,1110,1125,1020,1152741.4
2024-02-11,NMFBS,1105,1127,1105,1117,2330,2605626.5
2024-02-12,NMFBS,1129,1129,1101,1101,790,876992.7
2024-02-13,NMFBS,1105,1125,1092,1106,2453,2720323.4
2024-02-14,NMFBS,1106,1125,1093,1101,653,719386.4
2024-02-15,NMFBS,1081.3,1100,1081.3,1082,2800,3046063.2
2024-02-18,NMFBS,1080,1086.3,1065,1065.1,1173,1253440.7
2024-02-20,NMFBS,1046,1084.9,1046,1084.9,1038,1112861
2024-02-21,NMFBS,1064,1080,1059,1059.1,1927,2047687.6
2024-02-22,NMFBS,1065,1080,1053,1070,557,588893.3
2024-02-25,NMFBS,1050,1075,1050,1075,2313,2449434.8
2024-02-26,NMFBS,1060,1081.2,1039,1081.2,1806,1895950.2
2024-02-27,NMFBS,1071,1092,1071,1089,354,379888
2024-02-28,NMFBS,1082,1082,1062,1062,665,707498
2024-02-29,NMFBS,1070,1070,1043,1046,2249,2352478.1
2024-03-03,NMFBS,1046,1049.6,1027,1044,895,925826.1
2024-03-05,NMFBS,1064.8,1086,1063,1064.1,3502,3744907.9
2024-03-06,NMFBS,1070,1070,1056.4,1064.2,2283,2429128.8
2024-03-07,NMFBS,1085.4,1085.4,1064,1072,2852,3039687.8
2024-03-10,NMFBS,1085,1136,1085,1134.2,4925,5507273.3
2024-03-12,NMFBS,1145,1230.9,1140,1220,25205,30098523.3
2024-03-13,NMFBS,1157.5,1180.6,1157.5,1158.5,2194,2562017.4
2024-03-14,NMFBS,1156,1156,1118,1121,3070,3455259.5
2024-03-17,NMFBS,1112,1120,1080,1094,4778,5249854.8
2024-03-18,NMFBS,1080.1,1113,1080.1,1107,2726,3024058.2
2024-03-19,NMFBS,1087,1145,1085,1142.2,4909,5476926.7
2024-03-20,NMFBS,1160,1192,1143.1,1177,8450,9899985.7
2024-03-21,NMFBS,1198,1198,1140.1,1160,2909,3389346.5
2024-03-25,NMFBS,1158,1158,1115.3,1129,2312,2584088.8
2024-03-26,NMFBS,1112,1137.9,1111,1133,2267,2564029.8
2024-03-27,NMFBS,1115.5,1140,1094.7,1140,3778,4209287.9
2024-03-28,NMFBS,1160,1161,1107.5,1129,1159,1298475.5
2024-03-31,NMFBS,1107,1129,1085.1,1100,2181,2402983.9
2024-04-01,NMFBS,1095,1120.7,1091,1101,2303,2529556.3
2024-04-02,NMFBS,1101,1125,1100,1116,2312,2573370.3
2024-04-03,NMFBS,1095,1134,1095,1130,4303,4816441.6
2024-04-04,NMFBS,1130,1165,1117,1151,5635,6461463.5
2024-04-07,NMFBS,1173,1198.9,1163,1195,9368,11039576.2
2024-04-09,NMFBS,1217.9,1217.9,1158.1,1158.2,3461,4059164.7
2024-04-10,NMFBS,1140.1,1162.9,1120,1123,6247,7129967.7
2024-04-14,NMFBS,1145.4,1165,1115,1165,4064,4672212.6
2024-04-15,NMFBS,1152,1190,1151,1180,8987,10537900.5
2024-04-16,NMFBS,1180,1180,1140,1149,1989,2296889.3
2024-04-18,NMFBS,1127,1158.7,1127,1130,23507,26515637.3
2024-04-21,NMFBS,1130,1142,1115.5,1142,1527,1721955.6
2024-04-22,NMFBS,1160,1183.2,1132,1139,22139,25644770.3
2024-04-24,NMFBS,1150,1170,1147,1147,1394,1607592.3
2024-04-25,NMFBS,1158,1158,1130,1140,1459,1665794.1
2024-04-28,NMFBS,1120.1,1165,1120.1,1163.9,7670,8905392.1
2024-04-29,NMFBS,1141,1163,1131,1140,1962,2241981.3
2024-04-30,NMFBS,1123,1160,1123,1150,4851,5537642.4
2024-05-02,NMFBS,1173,1224,1148,1198,20332,24285942.8
2024-05-05,NMFBS,1190,1264,1190,1220,13218,16354319
2024-05-06,NMFBS,1201,1250,1193,1224.1,11720,14291511.1
2024-05-07,NMFBS,1220.2,1263,1220.2,1250,8358,10427732.2
2024-05-08,NMFBS,1232.3,1299,1232.3,1299,11050,14030073.9
2024-05-09,NMFBS,1274,1299.4,1241,1272,4212,5318755.3
2024-05-12,NMFBS,1248,1250,1233.2,1250,3032,3767354.7
2024-05-13,NMFBS,1249,1283,1240,1282,2908,3660935.5
2024-05-14,NMFBS,1275,1320,1273,1320,6488,8432929.9
2024-05-15,NMFBS,1344,1344,1292.7,1296,9519,12481355.4
2024-05-16,NMFBS,1296,1340,1287.8,1334.9,6262,8291197.8
2024-05-19,NMFBS,1334,1349,1314,1340,4584,6085690.7
2024-05-20,NMFBS,1349.9,1390,1345,1380,9634,13134359.3
2024-05-21,NMFBS,1407,1423,1352,1410,5247,7339709.2
2024-05-22,NMFBS,1405,1434,1355,1382.1,4016,5490743
2024-05-26,NMFBS,1392,1400,1325.1,1325.2,5109,6979374.9
2024-05-27,NMFBS,1320,1340,1307,1339,2650,3506936.8
2024-05-29,NMFBS,1315.5,1341.3,1291.1,1299,1496,1960374.6
2024-05-30,NMFBS,1300,1300,1250,1260,3811,4796389.9
2024-06-02,NMFBS,1246.2,1246.2,1235,1235,1808,2238753.4
2024-06-03,NMFBS,1234,1325,1220,1309.7,4909,6144214.6
2024-06-04,NMFBS,1311.1,1370,1311.1,1360,7805,10443701.8
2024-06-05,NMFBS,1360,1360.6,1334,1358.5,3081,4145738.5
2024-06-06,NMFBS,1370,1400,1352,1370,10924,15012473.1
2024-06-09,NMFBS,1396.5,1417.4,1350,1350,15925,21970617.3
2024-06-10,NMFBS,1350,1374,1326.1,1370,10963,14815255.6
2024-06-11,NMFBS,1346,1390,1345.4,1378,2573,3517339.5
2024-06-12,NMFBS,1400,1400,1356.1,1384,9554,13188293.6
2024-06-13,NMFBS,1398,1409,1360,1365,14751,20406440.7
2024-06-16,NMFBS,1356,1375,1340.2,1365,10657,14432222.7
2024-06-18,NMFBS,1338,1365.8,1313,1359,2013,2704790.9
2024-06-19,NMFBS,1340.2,1350,1335,1339,1910,2556123
2024-06-20,NMFBS,1330,1355,1319,1330,6584,8799669.8
2024-06-23,NMFBS,1308,1339,1303.4,1303.4,3760,4938396.9
2024-06-24,NMFBS,1300,1355.7,1290.1,1311.1,3734,4907950.6
2024-06-25,NMFBS,1310,1334,1309.1,1309.1,6578,8634557.3
2024-06-26,NMFBS,1328.8,1328.8,1290,1307,1849,2404137.5
2024-06-27,NMFBS,1322,1322,1287,1294,3257,4205329.4
2024-06-30,NMFBS,1294,1295,1269.5,1269.5,8228,10531896.6
2024-07-01,NMFBS,1270,1292,1266.2,1274,2611,3323258.8
2024-07-02,NMFBS,1299.4,1351.5,1299.4,1305,2613,3416685.3
2024-07-03,NMFBS,1300,1309,1284.1,1308.9,4177,5433276.7
2024-07-04,NMFBS,1315,1317.8,1290.2,1294.1,3958,5148467
2024-07-07,NMFBS,1310,1362.8,1293.3,1360,10426,13896415.4
2024-07-08,NMFBS,1365,1380,1346,1355,5470,7441662.6
2024-07-09,NMFBS,1336.1,1389.9,1336.1,1378.1,4291,5879613.2
2024-07-10,NMFBS,1397,1433,1397,1414.1,12722,18035928.6
2024-07-11,NMFBS,1430,1430,1406,1413,7823,11039296.2
2024-07-14,NMFBS,1441.2,1450,1406.3,1419,6048,8584545.1
2024-07-15,NMFBS,1440,1440,1400,1409,4626,6539122.5
2024-07-16,NMFBS,1402,1470,1400,1470,9557,13782653.3
2024-07-17,NMFBS,1480,1584,1464.1,1568,10542,15822305.5
2024-07-18,NMFBS,1538.2,1630,1538.2,1599.4,11306,18131797
2024-07-21,NMFBS,1630,1655,1587.6,1620,16083,25994740.9
2024-07-22,NMFBS,1623,1623,1561.4,1600,7117,11289671.2
2024-07-23,NMFBS,1568,1630,1568,1627,7220,11619642.2
2024-07-24,NMFBS,1650,1654,1581,1604,12926,20836543
2024-07-25,NMFBS,1625,1693.2,1600,1693.2,22160,36771134.9
2024-07-28,NMFBS,1727,1727,1600,1727,12411,20849365.8
2024-07-29,NMFBS,1700,1700,1620.1,1650,14831,24632743
2024-07-30,NMFBS,1680,1680,1597,1648.1,8971,14572495
2024-07-31,NMFBS,1622,1649,1621,1621,10113,16554176.9
2024-08-01,NMFBS,1627,1653,1589,1646,10709,17510048
2024-08-05,NMFBS,1665,1665,1551,1620,10706,17462928.2
2024-08-06,NMFBS,1588,1615,1525,1525,9157,14233299.4
2024-08-07,NMFBS,1553,1595,1525,1525.1,7188,11061016.3
2024-08-08,NMFBS,1555,1620.2,1505,1610,17953,27665119.5
2024-08-11,NMFBS,1642.2,1670,1620,1665,23195,38361279.4
2024-08-12,NMFBS,1695,1696,1637,1640,12932,21529590.7
2024-08-13,NMFBS,1621,1655,1610,1610,9934,16138859.4
2024-08-14,NMFBS,1577.9,1599,1550,1562,10068,15759930.9
2024-08-15,NMFBS,1590,1620,1556,1556,13114,20806949.3
2024-08-18,NMFBS,1556,1650,1540,1595,19956,32172066.1
2024-08-21,NMFBS,1566,1586,1550.1,1575,6827,10678447
2024-08-22,NMFBS,1585,1590,1544,1569,7185,11278447.4
2024-08-25,NMFBS,1600,1629,1540,1551,20486,32586682.7
2024-08-27,NMFBS,1551,1579,1520.1,1520.1,7318,11338276
2024-08-28,NMFBS,1550.5,1550.5,1520,1550,7407,11395151.5
2024-08-29,NMFBS,1525,1545,1480.2,1502,11695,17593529
2024-09-01,NMFBS,1475.1,1562.1,1475.1,1519,78283,116072833.7
2024-09-02,NMFBS,1549.3,1579,1518.5,1549.9,2779,4271079.7
2024-09-03,NMFBS,1522.1,1559,1522,1550,15997,24493941.4
2024-09-04,NMFBS,1540,1610,1520,1532,83797,128055229.5
2024-09-05,NMFBS,1522,1574,1505,1545,6084,9396822.3
2024-09-08,NMFBS,1570,1580,1518,1540,11268,17477752.1
2024-09-09,NMFBS,1525,1533,1510.1,1530,3418,5202273.2
2024-09-10,NMFBS,1559.9,1559.9,1481,1499.9,4235,6368109.5
2024-09-11,NMFBS,1515,1515,1461,1461,5306,7900393.3
2024-09-12,NMFBS,1462,1462,1437,1458,5575,8067985.1
2024-09-15,NMFBS,1457.5,1458,1437,1445,4868,7056100.4
2024-09-16,NMFBS,1445,1445,1392,1412,2780,3917761.6
2024-09-18,NMFBS,1385,1405,1382,1383,3182,4426954.9
2024-09-22,NMFBS,1385,1444,1366,1392,1859,2578388.7
2024-09-23,NMFBS,1366,1389,1351.2,1369.9,1378,1872042.4
2024-09-24,NMFBS,1370,1370,1330,1349,3836,5133858
2024-09-25,NMFBS,1349,1363,1326,1363,2744,3698556.2
2024-09-26,NMFBS,1363,1364,1320.1,1320.1,1958,2622062
2024-09-29,NMFBS,1306,1340,1300,1320,1020,1341049.9
2024-09-30,NMFBS,1315,1389.9,1315,1365,1665,2222860.7
2024-10-01,NMFBS,1392,1416,1366,1416,2834,3960705.9
2024-10-02,NMFBS,1395,1420,1390,1390,3209,4498826.3
2024-10-06,NMFBS,1396,1427,1376.1,1427,1935,2710875.4
2024-10-07,NMFBS,1455,1484,1443,1480,7275,10627440.4
2024-10-08,NMFBS,1480,1480,1451,1473,1633,2377254
2024-10-09,NMFBS,1468,1497,1450,1479.9,2123,3107353.3
2024-10-15,NMFBS,1480,1500,1465.1,1500,5050,7545522
2024-10-16,NMFBS,1522.9,1522.9,1475.5,1475.5,1396,2082273.7
2024-10-17,NMFBS,1475,1500,1468,1468,3733,5525995.6
2024-10-20,NMFBS,1441,1478.5,1440,1475,2251,3282001.2
2024-10-21,NMFBS,1503,1503,1419,1450,8409,12119934.2
2024-10-22,NMFBS,1450,1450,1423,1434,759,1084775.9
2024-10-23,NMFBS,1416,1441,1406,1435,4296,6093890.9
2024-10-24,NMFBS,1407,1432,1380,1432,1080,1529283.8
2024-10-27,NMFBS,1404,1432,1398,1424.9,5376,7557701.1
2024-10-28,NMFBS,1400.2,1438.3,1400,1438,4359,6182446
2024-10-29,NMFBS,1465,1465,1446,1448,1634,2370775.6
2024-10-30,NMFBS,1430.1,1458,1430.1,1436.5,2789,4021386.4
2024-11-05,NMFBS,1465,1465,1427,1427,1605,2307108.9
2024-11-06,NMFBS,1428.1,1448,1428,1442.9,497,711634.3
2024-11-10,NMFBS,1471,1471,1442.1,1469,3948,5771420.6
2024-11-11,NMFBS,1452,1549,1450.1,1530,10791,16220999.8
2024-11-12,NMFBS,1560,1560,1500.2,1500.2,2874,4351298.4
2024-11-13,NMFBS,1530,1530,1471.1,1485,2749,4070924.3
2024-11-14,NMFBS,1458,1530,1458,1528,10648,16080020.7
2024-11-17,NMFBS,1558,1558.5,1532,1550,7339,11333587.4
2024-11-19,NMFBS,1580,1580,1541.4,1542,12450,19356531.5
2024-11-20,NMFBS,1542,1558,1531.3,1538,2136,3293760.3
2024-11-21,NMFBS,1536,1564,1536,1538,8317,12869412.2
2024-11-24,NMFBS,1531.2,1551,1525.2,1538,4025,6203294.5
2024-11-25,NMFBS,1538,1570,1538,1541.9,6971,10869894.1
2024-11-26,NMFBS,1542,1568.3,1542,1547,3037,4713904.1
2024-11-27,NMFBS,1570,1639.5,1555,1608,10641,16830261
2024-11-28,NMFBS,1590,1625,1590,1605,11099,17820532.7
2024-12-01,NMFBS,1610,1615,1575.1,1588,4215,6687323.2
2024-12-02,NMFBS,1590,1613,1545.2,1549,19988,31353002.7
2024-12-03,NMFBS,1382.9,1391,1355,1359,2708,3711236.4
2024-12-04,NMFBS,1359,1482,1359,1397,23686,32706593.7
2024-12-05,NMFBS,1410,1420,1369.1,1370,8594,11996858.6
2024-12-08,NMFBS,1370,1370,1326,1330,1309,1749292.7
2024-12-09,NMFBS,1310,1350,1306.2,1330,4360,5744042.6
2024-12-10,NMFBS,1312.1,1356.6,1304,1310,2182,2893000.9
2024-12-11,NMFBS,1310,1319.9,1302,1305,2075,2711121.6
2024-12-12,NMFBS,1331,1331,1280.4,1281.1,8851,11397228.7
2024-12-16,NMFBS,1259,1270,1230.4,1237,3846,4804534.1
2024-12-17,NMFBS,1230,1328,1230,1261.1,1376,1747086
2024-12-18,NMFBS,1255,1275,1250,1255,1055,1330089.8
2024-12-19,NMFBS,1237,1259,1235.2,1256,2580,3208843.9
2024-12-22,NMFBS,1250,1260,1225,1235,1155,1430302.9
2024-12-23,NMFBS,1259,1259,1240.1,1255,1655,2067638.2
2024-12-24,NMFBS,1280,1280,1240.2,1241,1510,1886101.5
2024-12-26,NMFBS,1260,1282,1246,1246,2170,2720136.6
2024-12-29,NMFBS,1270,1295,1250.1,1265,2617,3329708.5
2024-12-31,NMFBS,1240,1258,1232.9,1240,1935,2401067.3
2025-01-01,NMFBS,1245,1264.8,1231,1238,1897,2361702
2025-01-02,NMFBS,1240,1260,1227,1260,3020,3742611.8
2025-01-05,NMFBS,1265,1265,1242,1247.1,494,618355
2025-01-06,NMFBS,1270,1270,1250,1260,2835,3571777
2025-01-07,NMFBS,1285,1386,1260.2,1333,14642,19449167.7
2025-01-08,NMFBS,1359.6,1456,1359.6,1395,8091,11362254.1
2025-01-09,NMFBS,1395,1395,1315.2,1322,6300,8439947.7
2025-01-12,NMFBS,1325,1335,1306.8,1329,1143,1501694.8
2025-01-13,NMFBS,1330,1389,1305,1323,2796,3724601
2025-01-15,NMFBS,1298,1348,1298,1311,1480,1966118.3
2025-01-16,NMFBS,1320,1320,1300.5,1306.9,1543,2011247.1
2025-01-19,NMFBS,1333,1333,1306.5,1310,281,369496.7
2025-01-20,NMFBS,1301,1321,1284.6,1286,1732,2260746.7
2025-01-21,NMFBS,1281,1304,1265,1291,1830,2339604.4
2025-01-22,NMFBS,1271.2,1310,1271.2,1299,913,1181441.1
2025-01-23,NMFBS,1321,1321,1281,1294,2416,3118202.3
2025-01-26,NMFBS,1282.1,1315.8,1281.2,1310,4653,6040382.6
2025-01-27,NMFBS,1300,1309,1284,1295,7088,9175413.1
2025-01-28,NMFBS,1280,1305.6,1280,1305,1566,2035980.3
2025-02-02,NMFBS,1305,1363,1305,1348.1,9880,13168876.1
2025-02-03,NMFBS,1375,1375,1320,1321,6227,8304811.4
2025-02-04,NMFBS,1347,1347,1305.5,1308.5,3064,4049836.4
2025-02-05,NMFBS,1320,1334,1309,1314.9,12232,16216969.6
2025-02-06,NMFBS,1313,1320,1293.6,1293.8,3682,4797713
2025-02-09,NMFBS,1295,1301,1279,1280,5001,6437399
2025-02-10,NMFBS,1305,1307.9,1280,1285,9487,12259096.2
2025-02-11,NMFBS,1285,1309,1285,1291.2,4637,6024017.6
2025-02-12,NMFBS,1310,1314,1291.5,1300,4351,5670207.9
2025-02-13,NMFBS,1300,1300,1286.7,1287.1,2924,3781778.4
2025-02-16,NMFBS,1311.9,1312,1288,1300,4375,5689121.7
2025-02-17,NMFBS,1300,1388,1300,1345.1,15709,21304343.8
2025-02-18,NMFBS,1372,1372,1342,1365,7443,10063992.3
2025-02-20,NMFBS,1370,1389,1341,1342,3455,4655445
2025-02-23,NMFBS,1320,1336.2,1310,1330,8772,11609622.8
2025-02-24,NMFBS,1310,1325,1300,1302.3,6718,8807307.3
2025-02-25,NMFBS,1300,1323,1300,1300.1,4549,5962028.9
2025-02-27,NMFBS,1310,1331,1300,1318,7057,9267549
2025-03-02,NMFBS,1310,1325,1303,1318,7904,10423357.9
2025-03-03,NMFBS,1321,1339.9,1300,1321.1,24177,32027712.3
2025-03-04,NMFBS,1335,1340,1308.3,1327.5,20897,27800278.2
2025-03-05,NMFBS,1339,1360,1315.1,1339,13319,17856416.7
2025-03-06,NMFBS,1337,1350,1330,1343.5,8118,10864803.9
2025-03-09,NMFBS,1320,1339,1311,1311,6451,8519086.1
2025-03-10,NMFBS,1310,1325,1287.2,1291.7,7703,10032493.8
2025-03-11,NMFBS,1291,1291,1282.4,1290,4301,5533683.1
2025-03-12,NMFBS,1280,1294.9,1270,1291.5,4541,5804590.1
2025-03-16,NMFBS,1290,1300,1270.3,1277,8074,10341179.2
2025-03-17,NMFBS,1290,1299,1276,1276,5157,6621934.9
2025-03-18,NMFBS,1276,1277,1260,1270,4575,5788727.8
2025-03-19,NMFBS,1260,1320,1250.1,1265,21015,26547428.8
2025-03-20,NMFBS,1278,1280,1248,1250.29,8447,10611475.2
2025-03-23,NMFBS,1250.29,1250.29,1217,1219.33,6539,8036062.3
2025-03-24,NMFBS,1220,1229.9,1215,1226.8,3221,3933990.3
2025-03-25,NMFBS,1203.2,1210,1195,1195.91,4231,5082707.9
2025-03-26,NMFBS,1185,1200,1185,1195.54,4022,4802602.2
2025-03-27,NMFBS,1195,1230,1195,1228.88,3817,4610438.8
2025-03-30,NMFBS,1240,1244,1228.9,1238.52,6749,8310987.9
2025-04-01,NMFBS,1220.3,1224,1214.4,1224,1627,1983907.5
2025-04-02,NMFBS,1220,1224,1206.1,1209.13,3931,4769847.2
2025-04-03,NMFBS,1211.4,1215,1199,1200.94,5317,6425803.8
2025-04-07,NMFBS,1195,1205,1195,1200.53,2133,2559803.8
2025-04-08,NMFBS,1190,1200,1180,1191.29,2883,3414527.9
2025-04-09,NMFBS,1215.1,1215.1,1196,1196.09,1891,2269047
2025-04-10,NMFBS,1182.2,1205.7,1182.1,1197.66,1523,1823412.8
2025-04-13,NMFBS,1194,1248.2,1194,1232.19,9091,10939063.4
2025-04-15,NMFBS,1211,1234.9,1211,1224,3458,4225306.4
2025-04-16,NMFBS,1217.1,1230,1217.1,1220.14,3163,3859528.1
2025-04-17,NMFBS,1211,1244,1210,1226.19,4474,5530337.5
2025-04-20,NMFBS,1208,1232,1208,1222.69,1163,1416146.1
2025-04-21,NMFBS,1216,1230,1215.7,1226.42,2934,3575924.7
2025-04-22,NMFBS,1225,1229,1205.2,1216.84,743,904186.5
2025-04-23,NMFBS,1199,1220,1199,1211.59,1191,1434020.2
2025-04-24,NMFBS,1191,1212,1190,1205.39,3168,3802469.6
2025-04-27,NMFBS,1191,1200,1184.2,1188.65,4518,5383209.9
2025-04-28,NMFBS,1185,1188,1170,1176.94,4401,5188272.8
2025-04-29,NMFBS,1168,1183,1167,1176,4390,5156485.7
2025-04-30,NMFBS,1161,1190,1161,1175.1,12940,15351190.3
2025-05-04,NMFBS,1175,1184,1171.2,1179.19,4081,4790928
2025-05-05,NMFBS,1200,1200,1177,1182.35,13246,15848682.3
2025-05-06,NMFBS,1191,1199,1175.2,1177.19,1074,1266927.3
2025-05-07,NMFBS,1162,1200.7,1162,1188.3,2329,2770149.3
2025-05-08,NMFBS,1182,1248.4,1180,1188.88,6083,7414585.9
2025-05-11,NMFBS,1175,1220,1175,1198.79,5338,6435996.4
2025-05-13,NMFBS,1222,1260,1192.1,1204.12,10239,12322019.4
2025-05-14,NMFBS,1228.2,1228.2,1210,1218.45,3178,3879693.9
2025-05-15,NMFBS,1201,1218,1201,1211.11,1374,1663204
2025-05-18,NMFBS,1211.11,1239.4,1211.1,1223.52,3842,4695744.2
2025-05-19,NMFBS,1245,1245.5,1200.1,1216.47,9476,11577759.6
2025-05-20,NMFBS,1200.9,1260,1200.9,1231.22,1416,1743766.5
2025-05-21,NMFBS,1255.7,1280,1200,1204,11366,13839278.4
2025-05-22,NMFBS,1224,1239,1206,1234.68,3312,4064895.8
2025-05-25,NMFBS,1254.5,1280,1250,1271.89,6597,8352293.6
2025-05-26,NMFBS,1280,1281,1237.1,1238,9125,11522085.7
2025-05-27,NMFBS,1238,1248.9,1235.1,1236.79,3423,4246577.3
2025-05-28,NMFBS,1220.3,1240.7,1220.3,1240.13,1358,1676594.2
2025-06-02,NMFBS,1248,1249,1228,1243.66,3965,4916526.3
2025-06-03,NMFBS,1233,1234,1220,1222.79,2075,2538759.1
2025-06-04,NMFBS,1225,1230,1212,1217.84,544,662438.9
2025-06-05,NMFBS,1240,1240,1207,1222.26,4277,5190604.5
2025-06-08,NMFBS,1210,1230,1208,1223.37,3187,3900220.4
2025-06-09,NMFBS,1207,1229.6,1205.5,1228.4,1194,1453114.9
2025-06-10,NMFBS,1207,1239.9,1207,1232.75,2659,3278260.8
2025-06-11,NMFBS,1233,1248.9,1232.7,1232.87,2259,2789314.3
2025-06-12,NMFBS,1233.1,1235,1232,1232.18,6372,7853221.4
2025-06-15,NMFBS,1232.18,1248.9,1228,1232.96,4331,5343993.3
2025-06-16,NMFBS,1244,1244,1223,1238.16,3648,4491197.4
2025-06-17,NMFBS,1239,1255,1230,1240.54,3979,4952464.3
2025-06-18,NMFBS,1240,1240,1220,1227.26,4613,5665321
2025-06-19,NMFBS,1234,1234,1223.1,1224.04,8813,10802620.8
2025-06-22,NMFBS,1224,1236,1207.1,1209.53,5884,7189584.5
2025-06-23,NMFBS,1201,1219,1201,1210.15,2947,3568379.3
2025-06-24,NMFBS,1210,1218,1205.2,1205.51,4943,5973172.1
2025-06-25,NMFBS,1205.51,1210,1202.2,1205,2961,3565200.1
2025-06-26,NMFBS,1200.5,1208,1200.5,1204.69,2869,3457298.1
2025-06-29,NMFBS,1205,1247,1200,1224.28,5222,6324326.9
2025-06-30,NMFBS,1243,1243.5,1230.1,1237.97,6425,7949643.6
2025-07-01,NMFBS,1254,1269.9,1238,1263.26,7119,8924179.7
2025-07-02,NMFBS,1275,1284,1265,1273.4,9539,12148039.5
2025-07-03,NMFBS,1263,1290,1260,1285.42,6529,8363088.3
2025-07-06,NMFBS,1285,1285,1275,1277.28,7662,9792304.3
2025-07-07,NMFBS,1256.8,1294,1256.8,1265.61,11017,14044535.6
2025-07-08,NMFBS,1262,1279,1256,1263.18,5745,7265262.5
2025-07-09,NMFBS,1270,1270,1253.2,1266.98,24997,31639876.8
2025-07-10,NMFBS,1280,1309.8,1279,1291.92,22150,28779285.5
2025-07-13,NMFBS,1317.7,1380,1317.7,1370.32,16004,21630115.3
2025-07-14,NMFBS,1372,1395,1350,1371.63,21962,30056964.2
2025-07-15,NMFBS,1370,1396.8,1361,1389.6,11262,15516220.9
2025-07-16,NMFBS,1403,1410,1385,1400.05,52958,74181713.6
2025-07-17,NMFBS,1406,1460,1400,1438.33,24426,34832146
2025-07-20,NMFBS,1414,1493,1410,1444.19,25279,36528825.8
2025-07-21,NMFBS,1445,1458,1426,1436.8,16136,23216453.3
2025-07-22,NMFBS,1426,1494.9,1426,1475.58,17422,25777659.2
2025-07-23,NMFBS,1500,1504,1450,1472.86,14816,21955354.6
2025-07-24,NMFBS,1445.5,1470,1445,1448.32,7497,10865483.8
2025-07-27,NMFBS,1455,1477,1422.2,1443.78,18465,26867541.5
2025-07-28,NMFBS,1443.78,1443.78,1416.1,1434.75,7812,11118228.7
2025-07-29,NMFBS,1463,1484,1435,1450.91,11241,16386786.3
2025-07-30,NMFBS,1450,1450,1390,1399.44,17881,25405898.5
2025-07-31,NMFBS,1418,1418,1386.1,1402.64,7785,10913429
2025-08-03,NMFBS,1387,1390,1365,1369.71,12768,17530253.3
2025-08-04,NMFBS,1365,1374.9,1307.5,1333.12,11706,15582615.3
2025-08-05,NMFBS,1340,1432,1329,1357.92,10108,13689882.1
2025-08-06,NMFBS,1385,1385,1355,1378.18,7124,9777525.2
2025-08-07,NMFBS,1400,1400,1373,1384.7,6661,9210796.4
2025-08-11,NMFBS,1405,1405,1365.5,1365.75,9931,13629509.2
2025-08-12,NMFBS,1365.75,1365.75,1335,1340.47,2908,3904716
2025-08-13,NMFBS,1366,1366,1318.2,1322.24,3988,5327156.4
2025-08-14,NMFBS,1330,1356,1305.2,1312.59,8068,10685910.3
2025-08-17,NMFBS,1316,1337.9,1290,1312.44,11077,14462821.8
2025-08-18,NMFBS,1336,1337,1296,1311.17,5109,6677842.1
2025-08-19,NMFBS,1325,1325,1304.1,1309.5,2872,3758401.8
2025-08-20,NMFBS,1290,1325,1290,1316.26,2098,2751119.9
2025-08-21,NMFBS,1312,1315,1305,1305,2414,3159096.4
2025-08-24,NMFBS,1305,1315,1290,1299.42,6504,8435779.9
2025-08-25,NMFBS,1325.4,1346,1306.4,1320.92,3927,5177665.8
2025-08-26,NMFBS,1321.1,1323,1286.9,1289.26,9356,12173205.9
2025-08-27,NMFBS,1289.26,1313.6,1289.26,1312.61,9387,12215056.2
2025-08-28,NMFBS,1309.7,1309.7,1287,1288.77,10847,14080851.7
2025-08-31,NMFBS,1280.5,1295,1260,1262.34,7430,9477680
2025-09-01,NMFBS,1257.1,1279,1257.1,1268.06,4620,5848198.9
2025-09-02,NMFBS,1262.2,1274,1262.2,1267.32,1698,2149993.6
2025-09-03,NMFBS,1260,1276,1257,1257.99,2113,2661467.2
2025-09-04,NMFBS,1257.99,1272,1256,1263,2887,3635332.6
2025-09-07,NMFBS,1265,1267,1253,1263.27,1907,2406075.5
2025-09-08,NMFBS,1260.1,1283,1256.2,1267.85,2508,3157988.6
2025-09-18,NMFBS,1243,1293,1243,1293,1396,1795723.6
2025-09-21,NMFBS,1267.2,1309.9,1241.9,1303.77,21173,27073559.4
2025-09-23,NMFBS,1300,1315,1290.5,1294.5,2841,3685544.3
2025-09-24,NMFBS,1296,1305,1270.1,1270.1,8682,11181983
2025-09-25,NMFBS,1265.2,1289,1245,1260.2,6918,8727788.6
2025-09-28,NMFBS,1265,1280,1260.1,1268.3,2697,3416359.8
2025-10-07,NMFBS,1268.3,1293.6,1228,1230,6463,8025498.5
2025-10-08,NMFBS,1253,1253,1211,1221.3,5822,7104264.8
2025-10-09,NMFBS,1245.7,1269,1225,1240,4965,6161356.7
2025-10-12,NMFBS,1217,1230,1205,1206,8713,10552598.3
2025-10-13,NMFBS,1200,1220.9,1187,1216,1684,2031520.2
2025-10-14,NMFBS,1216,1218,1211,1216,1627,1975762.7
2025-10-15,NMFBS,1216,1217,1202,1216,1293,1564044.9
2025-10-16,NMFBS,1218,1220,1201,1218,2804,3392778.3
2025-10-19,NMFBS,1218,1223,1198,1223,686,829461.5
2025-10-26,NMFBS,1205,1225,1205,1210,731,891331
2025-10-28,NMFBS,1220,1230,1213.1,1230,869,1061336.9
2025-10-29,NMFBS,1213,1261.7,1213,1231,1961,2445731.3
2025-10-30,NMFBS,1221.1,1250,1221.1,1236.2,1312,1631204.9
2025-11-02,NMFBS,1240.1,1269.9,1230,1269.9,1706,2135826.1
2025-11-03,NMFBS,1270,1285,1261,1270,2466,3124074.1
2025-11-04,NMFBS,1265,1270,1261.2,1261.2,697,883137.5
2025-11-05,NMFBS,1261.3,1262.7,1251,1262.7,2021,2531669.6
2025-11-06,NMFBS,1270,1270,1253,1260,2100,2649113
2025-11-09,NMFBS,1260,1270,1258,1258,1171,1476700
2025-11-10,NMFBS,1279.9,1283,1237,1261.7,21358,27361641.4
2025-11-11,NMFBS,1265,1265,1240,1251,813,1020862
2025-11-12,NMFBS,1232,1270,1232,1251,2580,3226722
2025-11-13,NMFBS,1275,1300,1251,1270,22470,29153990.5
2025-11-16,NMFBS,1289,1289,1264,1274,2676,3389826.5
2025-11-17,NMFBS,1274,1275,1265,1275,3322,4224047.2
2025-11-18,NMFBS,1275,1300,1256,1285,741,942012.2
2025-11-19,NMFBS,1260.1,1310,1260.1,1289,11046,14145025
2025-11-20,NMFBS,1265,1290,1264.2,1290,3283,4194667.6
2025-11-23,NMFBS,1297,1330,1297,1310,10807,14181049.1
2025-11-24,NMFBS,1331,1347,1310,1347,14090,18651586.9
2025-11-25,NMFBS,1368.9,1370,1330,1344.8,8215,11004361.5
2025-11-26,NMFBS,1331,1370,1331,1347,11828,15938749
2025-11-27,NMFBS,1347,1351.9,1340,1351.9,4249,5719464.2
2025-11-30,NMFBS,1335.1,1345,1310,1310,6541,8713214
2025-12-01,NMFBS,1319.5,1331,1300,1328,2695,3540341.7
2025-12-02,NMFBS,1320,1330,1300,1300,4301,5612127.1
2025-12-03,NMFBS,1274,1324,1274,1290.2,1799,2333925.3
2025-12-07,NMFBS,1290.2,1290.2,1269,1279,1540,1964933.2
2025-12-08,NMFBS,1304,1304,1279.1,1285,1874,2403624.2
2025-12-09,NMFBS,1280.2,1336,1280.2,1295,983,1276982.9
2025-12-10,NMFBS,1275,1300,1270,1281,2874,3713763.5
2025-12-11,NMFBS,1281,1281,1278,1280,2671,3418925
2025-12-14,NMFBS,1266,1295,1265,1295,1589,2026726.6
2025-12-15,NMFBS,1295,1295,1269.1,1280,10297,13112261.3
2025-12-16,NMFBS,1280,1290,1280,1290,412,528241.1
2025-12-17,NMFBS,1315,1319.9,1304,1318.8,5274,6934185.6
2025-12-18,NMFBS,1320,1329,1295,1300,7646,9983454
2025-12-21,NMFBS,1300,1315,1276.1,1288,7801,9988708.5
2025-12-22,NMFBS,1290,1290,1267,1275,2795,3561895.5
2025-12-23,NMFBS,1275,1295,1275,1291.5,229,292790
2025-12-24,NMFBS,1273,1292,1266,1275,7531,9682390.9
2025-12-28,NMFBS,1299,1313,1280,1310,3014,3919835
2025-12-29,NMFBS,1293.2,1330,1293.2,1317,2392,3151699.7
2025-12-31,NMFBS,1336,1336.9,1315.1,1319.1,3398,4490102.2
2026-01-01,NMFBS,1305.9,1318.9,1296.2,1310,4193,5459246.9
2026-01-04,NMFBS,1310,1317,1304,1310,3290,4320179
2026-01-05,NMFBS,1329,1329,1299,1305,31925,41825629.8
2026-01-06,NMFBS,1164,1173,1150.1,1150.1,6053,7006432.6
2026-01-07,NMFBS,1154,1158,1143.2,1147.8,5298,6093826.9
2026-01-08,NMFBS,1150,1150,1111,1136.9,9377,10635628.9
2026-01-12,NMFBS,1125,1140,1125,1137,3780,4287206
2026-01-13,NMFBS,1137,1137,1094,1115,8859,9798391
2026-01-14,NMFBS,1129,1129,1096.1,1096.2,5930,6559001.6
2026-01-18,NMFBS,1118.1,1118.1,1086,1092,11469,12572318.3
2026-01-20,NMFBS,1113.8,1136,1113.8,1130.8,5115,5739608.9
2026-01-21,NMFBS,1147.9,1147.9,1125.2,1131,2451,2767796.9
2026-01-22,NMFBS,1143.5,1143.5,1115,1130,4149,4662590.7
2026-01-25,NMFBS,1130,1145,1120,1135,6548,7439845.7
2026-01-26,NMFBS,1148,1150,1135.2,1136.1,6885,7867223.8
2026-01-27,NMFBS,1125,1143,1113.5,1117.2,5180,5833986
2026-01-28,NMFBS,1117.2,1131.8,1117.2,1126,1093,1232922.2
2026-01-29,NMFBS,1120,1121,1103.2,1105.1,3430,3814539.9
2026-02-01,NMFBS,1106,1111,1096,1105.2,7226,7976760
2026-02-02,NMFBS,1108,1116,1105,1107,4088,4520992.3
2026-02-03,NMFBS,1125,1125,1106.8,1106.8,6700,7419366
2026-02-04,NMFBS,1106,1107.1,1106,1106.3,1183,1308831.1
2026-02-05,NMFBS,1110,1125,1106,1106.6,4453,4940466.3
2026-02-08,NMFBS,1110.5,1124.9,1110,1111,1375,1531666.6
2026-02-09,NMFBS,1116,1124.9,1111,1111,2691,2994748.7
2026-02-10,NMFBS,1090,1114,1090,1110,2121,2349261.4
2026-02-11,NMFBS,1115.9,1126.8,1108,1120,3140,3511421.3
2026-02-12,NMFBS,1121,1134.5,1114,1114,3495,3914897.9
2026-02-16,NMFBS,1110,1130,1110,1125,4565,5126655.3
2026-02-17,NMFBS,1112.5,1128,1112.5,1119,3853,4329863.5
2026-02-22,NMFBS,1100,1125,1100,1123,2286,2551059
2026-02-23,NMFBS,1116.2,1126,1116.2,1122.2,1639,1839083.2
2026-02-24,NMFBS,1108.8,1135,1108.8,1130,760,853444.6
2026-02-25,NMFBS,1130,1130,1120.5,1125,1631,1836197.5
2026-02-26,NMFBS,1120.4,1130,1120.3,1122.7,1105,1245036.9
2026-03-01,NMFBS,1122.69,1130,1115,1130,1537,1726872.43
2026-03-03,NMFBS,1128,1145,1126,1145,2310,2625234
2026-03-09,NMFBS,1167.9,1167.9,1167.9,1167.9,10,11679
2026-03-10,NMFBS,1191.2,1214.9,1180,1187,14402,17178828.7
2026-03-11,NMFBS,1190,1200,1181,1183,8599,10236417.1
2026-03-12,NMFBS,1180,1198,1178,1183,1348,1596965.7
2026-03-15,NMFBS,1185,1190,1183,1185,3073,3643048.7
2026-03-16,NMFBS,1177.5,1185,1177,1180,4709,5562399
2026-03-17,NMFBS,1181,1192,1175.1,1185,3444,4061997.5
2026-03-19,NMFBS,1190,1197,1169.1,1190,6481,7679658.8
2026-03-22,NMFBS,1167,1230,1167,1215,22022,26725101.1
2026-03-23,NMFBS,1208.5,1230,1208.5,1221,6974,8488985.9
2026-03-24,NMFBS,1206.1,1242,1202,1207,6859,8331060
2026-03-25,NMFBS,1200,1208.8,1195,1199,5247,6294648.5
2026-03-26,NMFBS,1185.1,1220,1185.1,1205,4013,4835716.6
2026-03-29,NMFBS,1205,1206,1190,1190,13587,16231081.7
2026-03-30,NMFBS,1182,1188,1172,1180,10403,12288330.7
2026-03-31,NMFBS,1203,1225,1160,1182.9,9702,11455792.2
2026-04-01,NMFBS,1182.9,1182.9,1163,1165,8038,9414738.9
2026-04-02,NMFBS,1162.19,1183,1137,1160,3072,3548112.3
2026-04-05,NMFBS,1137,1142,1114,1114,8272,9254770.7
2026-04-06,NMFBS,1115.2,1155,1114,1135,11682,13138005.5
2026-04-07,NMFBS,1140,1150,1122.1,1137,4308,4887704.4
2026-04-08,NMFBS,1126,1155,1126,1150,7382,8376541.4
2026-04-09,NMFBS,1130,1164,1130,1150.3,5947,6853747.7
2026-04-10,NMFBS,1151,1164,1147,1150,6038,6944369.7
2026-04-13,NMFBS,1150,1168.7,1146,1146,3037,3497079.3
2026-04-15,NMFBS,1168,1170,1132,1145,5978,6842247.9
2026-04-16,NMFBS,1145,1154,1131,1147,4689,5331913.9
2026-04-17,NMFBS,1131.1,1153.7,1131.1,1153.7,2154,2466597.3
2026-04-20,NMFBS,1153.7,1153.7,1122.3,1125,2408,2723883.5
2026-04-21,NMFBS,1116.1,1125,1105,1120,7980,8884543.8
2026-04-22,NMFBS,1120,1120,1100,1100,9295,10253375.9
2026-04-23,NMFBS,1100,1120,1096.5,1100.2,6528,7182078.6
2026-04-24,NMFBS,1100.2,1108,1090,1098.2,7214,7899611.5
2026-04-27,NMFBS,1098.2,1117,1090.2,1105,4853,5318469.1
2026-04-28,NMFBS,1105,1130,1105,1109.9,1577,1744990.3
2026-04-29,NMFBS,1109.9,1110,1097,1110,4752,5237543.7
2026-04-30,NMFBS,1095,1111,1090,1097.1,2094,2298949.7
2026-05-04,NMFBS,1051.9,1110,1051.9,1107,532,579936.7
2026-05-05,NMFBS,1090.1,1095,1089,1092,4065,4434721.6
2026-05-06,NMFBS,1090,1117.6,1088,1092,2973,3244600.3
2026-05-07,NMFBS,1092,1104,1085,1090,4323,4715984.1
2026-05-08,NMFBS,1119,1119,1083,1106.9,2613,2868506.8
2026-05-11,NMFBS,1120,1130,1095,1120,18801,20750084.4
2026-05-12,NMFBS,1120,1122,1106,1115,10667,11857640.5
2026-05-13,NMFBS,1115,1122,1106,1115,3622,4025098.1
2026-05-14,NMFBS,1125,1126,1110,1120,2096,2344637.2
2026-05-15,NMFBS,1120,1124.9,1113.2,1120,1435,1606127.4
2026-05-18,NMFBS,1120,1130,1118,1130,1931,2170993.5
2026-05-19,NMFBS,1118,1147,1118,1146,3964,4515998.5
2026-05-20,NMFBS,1131,1148.9,1131,1140.2,2520,2885190.1
2026-05-21,NMFBS,1141,1144,1132.3,1144,2391,2715884.1
2026-05-22,NMFBS,1131.1,1146,1124,1140,5602,6388218.6
2026-05-25,NMFBS,1117,1155,1117,1150,8343,9543208.5
2026-05-26,NMFBS,1150,1150,1139.8,1140.2,7426,8494505
2026-05-27,NMFBS,1155,1155,1137.1,1140,3403,3886725.6
2026-06-01,NMFBS,1149,1149,1130,1136,3711,4225590.8
2026-06-02,NMFBS,1133,1141,1122.3,1141,9325,10595160.1
2026-06-03,NMFBS,1162.9,1162.9,1132.2,1145,2340,2676665.7
2026-06-04,NMFBS,1134.1,1147,1134.1,1140,1060,1207689.8
2026-06-05,NMFBS,1140,1146,1136,1146,6038,6870022.8
2026-06-08,NMFBS,1146,1146,1132.6,1136,3963,4514530.5
2026-06-09,NMFBS,1140,1140,1130,1130.2,9187,10406876.7
2026-06-10,NMFBS,1125.2,1141,1125.2,1140,4059,4595700.4
2026-06-11,NMFBS,1140,1140,1126.3,1138,1369,1549228.5
2026-06-12,NMFBS,1135,1138.8,1127,1135,2796,3176931.2
2026-06-15,NMFBS,1135,1135,1122.1,1134.3,2771,3136862.7
2026-06-16,NMFBS,1137,1140,1127,1133,5709,6459069.1
2026-06-17,NMFBS,1125.3,1139.5,1121,1130,1586,1787724.8
2026-06-18,NMFBS,1130,1135,1105,1124,3395,3806149.9
2026-06-19,NMFBS,1110.3,1125,1110.3,1120.1,9102,10231341.9
2026-06-22,NMFBS,1117,1139.5,1115,1128,4591,5181637.7
2026-06-23,NMFBS,1148.5,1148.5,1121,1126,5458,6151975.3
2026-06-24,NMFBS,1130,1130,1100,1106.2,6881,7615672.8
2026-06-25,NMFBS,1135,1135,1106.1,1115,2230,2479350.7
2026-06-26,NMFBS,1115,1125,1106,1115,3526,3926092.2
2026-06-29,NMFBS,1098.1,1115,1098,1115,1809,2006163.4
2026-06-30,NMFBS,1101.2,1115,1101,1114,2620,2892350.5
2026-07-01,NMFBS,1111,1125,1111,1120.1,785,878741.8
2026-07-02,NMFBS,1112,1120,1112,1116,2569,2863346.2
2026-07-03,NMFBS,1116,1125,1115,1116,4895,5466522.5
2026-07-06,NMFBS,1106,1120,1105.3,1119,1503,1675525.1
2026-07-07,NMFBS,1119,1119,1108.1,1114,2844,3167269.8
2026-07-08,NMFBS,1129.5,1129.5,1107.5,1110.1,3268,3635942.5
2026-07-09,NMFBS,1108,1110.5,1102,1104.2,6014,6663072.2
2026-07-10,NMFBS,1104.2,1111,1104.2,1106.1,4215,4677753.6
2026-07-13,NMFBS,1110,1110,1102.6,1104.1,966,1066960.7
2026-07-14,NMFBS,1100,1109.9,1086.5,1107,6851,7529982.9
2026-07-15,NMFBS,1145,1153,1101.1,1107,1724,1910490.1
2026-07-16,NMFBS,1109,1110,1101,1102,1333,1472905.7
2026-07-17,NMFBS,1105.1,1129.7,1102,1128,3343,3727339.6
2026-07-20,NMFBS,1140,1140,1130,1139,4192,4754999.6
2026-07-21,NMFBS,1140,1140,1124,1130,1814,2053209.3
2026-07-22,NMFBS,1130,1130.1,1121.3,1130,2452,2768200.9
2026-07-23,NMFBS,1125,1140,1125,1130,7064,7985370.4
2026-07-24,NMFBS,1117.5,1145,1117.5,1131,1642,1868546
2026-07-27,NMFBS,1131,1150,1121.8,1126,4027,4576502
2026-07-28,NMFBS,1130,1130,1120,1125,1845,2079118.9
2026-07-29,NMFBS,1120,1130,1117.1,1120,2307,2585062.6
2026-07-30,NMFBS,1115,1120,1115,1116,1277,1424570.5
2026-07-31,NMFBS,1116,1125,1111.1,1120,2463,2756646.2
2026-08-03,NMFBS,1120,1120,1113,1113.4,4457,4980451
2026-08-04,NMFBS,1113.4,1119.9,1110,1110,1425,1585878.78
2026-08-05,NMFBS,1110,1110,1102.1,1107.8,1913,2116429.4
2026-08-06,NMFBS,1105.1,1115,1104.5,1105,3282,3629409.9
2026-08-07,NMFBS,1106,1111,1101.3,1101.4,7110,7846058.6
2026-08-10,NMFBS,1098,1104.5,1091.3,1104,1058,1162536.9
2026-08-11,NMFBS,1127.9,1127.9,1100,1104,1893,2089730.3
2026-08-12,NMFBS,1101,1125,1101,1115,3265,3629734.5
2026-08-13,NMFBS,1106,1122,1106,1108.8,2053,2274450.4
2026-08-14,NMFBS,1125,1136,1116.2,1135,6426,7254888
2026-08-17,NMFBS,1135,1140,1128.1,1128.5,3849,4361397.7
2026-08-18,NMFBS,1128.5,1128.5,1117,1128.5,2833,3182504.7
2026-08-19,NMFBS,1120,1125,1116.2,1120,688,770820
2026-08-20,NMFBS,1120,1132,1105,1118,5949,6641378.2
2026-08-21,NMFBS,1125,1129,1117,1117,5971,6688365.7
2026-08-24,NMFBS,1110.1,1117,1102.6,1116,3471,3851260.1
2026-08-25,NMFBS,1116,1116,1106,1110,1542,1710671.5
2026-08-26,NMFBS,1110,1110,1101.3,1110,2423,2676190.5
2026-08-27,NMFBS,1082,1117.5,1082,1105.2,978,1080685.8
2026-08-31,NMFBS,1105.2,1110,1091.5,1108,1645,1800578.8
2026-09-01,NMFBS,1108,1108,1095.1,1100,3379,3720602.1
2026-09-02,NMFBS,1100,1110,1097.6,1097.6,2582,2851239.8
2026-09-03,NMFBS,1097.6,1115,1097.6,1112,1694,1882401.8
2026-09-07,NMFBS,1120,1138.9,1120,1135,2127,2403676.4
2026-09-09,NMFBS,1137,1137,1121,1130,3794,4285312.4
2026-09-10,NMFBS,1120,1135,1115.1,1130.7,1508,1701709.2
2026-09-11,NMFBS,1125,1137,1121,1125,2813,3177173.4
2026-09-14,NMFBS,1125,1136,1120,1120,2227,2512946
2026-09-15,NMFBS,1175,1175,1140,1150.9,15401,17647187.2
2026-09-16,NMFBS,1151.4,1161,1142.1,1148,13433,15470720.6
2026-09-17,NMFBS,1150,1179.5,1145.3,1179,12850,14919929
2026-09-18,NMFBS,1180,1190,1163,1190,4567,5393917.4
2026-09-22,NMFBS,1195,1220,1186.5,1190,4635,5553096.1
2026-09-23,NMFBS,1206,1220,1180.1,1181,21461,25753849.4
2026-09-24,NMFBS,1172.1,1209,1172.1,1200,9522,11425849.9
2026-09-28,NMFBS,1220,1235,1190.1,1208,4774,5764006.4
2026-09-29,NMFBS,1200,1200,1190.1,1196,2509,2993040.7
2026-09-30,NMFBS,1195,1195,1180.2,1181.2,4737,5626138.7
2026-10-01,NMFBS,1182,1199,1182,1195,4491,5351108.4
2026-10-02,NMFBS,1198.9,1200,1183,1186,8183,9729998.9
2026-10-05,NMFBS,1186,1186.9,1165,1178,8457,9945260.1
2026-10-06,NMFBS,1168,1188,1165,1179,2559,2989168.4
2026-10-07,NMFBS,1180,1180,1168,1168.2,1760,2062859.4
2026-10-08,NMFBS,1166,1188,1166,1181.9,3667,4295099.1
2026-10-09,NMFBS,1175,1196,1175,1179,2417,2855012.7
