date,symbol,open,high,low,close,volume,turnover
2011-03-20,PLIC,188,194,190,192,2330,445800
2011-03-24,PLIC,190,199,187,190,1680,322220
2011-03-25,PLIC,190,189,185,187,1030,192990
2011-03-27,PLIC,187,188,181,181,1820,336480
2011-03-28,PLIC,181,180,177,179,1370,245080
2011-03-29,PLIC,179,180,180,180,60,10800
2011-03-30,PLIC,180,183,180,180,230,41460
2011-03-31,PLIC,180,194,182,194,970,183940
2011-04-04,PLIC,194,196,194,196,520,101680
2011-04-05,PLIC,196,197,184,184,2060,400670
2011-04-06,PLIC,184,185,179,181,840,152930
2011-04-07,PLIC,181,184,176,180,1920,348000
2011-04-10,PLIC,180,180,176,176,1110,199280
2011-04-11,PLIC,176,178,175,176,530,93310
2011-04-17,PLIC,176,174,170,170,750,129190
2011-04-18,PLIC,170,173,168,173,650,109950
2011-04-19,PLIC,173,172,168,172,640,108560
2011-04-20,PLIC,172,174,166,170,910,154740
2011-04-21,PLIC,170,173,168,169,940,160220
2011-04-25,PLIC,169,170,164,164,150,24720
2011-04-27,PLIC,164,166,162,162,330,53700
2011-04-28,PLIC,162,169,160,169,450,74240
2011-05-02,PLIC,169,169,157,163,670,108600
2011-05-03,PLIC,163,162,148,151,980,149750
2011-05-04,PLIC,151,162,154,162,550,86650
2011-05-05,PLIC,162,162,159,162,80,12780
2011-05-08,PLIC,162,169,163,166,390,64200
2011-05-10,PLIC,166,166,155,159,1590,252310
2011-05-11,PLIC,159,162,160,161,470,75750
2011-05-12,PLIC,161,160,152,156,580,90680
2011-05-15,PLIC,156,156,150,155,1060,163130
2011-05-16,PLIC,155,158,152,158,410,63180
2011-05-18,PLIC,158,159,155,158,310,48680
2011-05-19,PLIC,158,157,154,155,360,55820
2011-05-22,PLIC,155,154,151,151,180,27420
2011-05-23,PLIC,151,151,151,151,10,1510
2011-05-24,PLIC,151,159,151,159,460,72700
2011-05-25,PLIC,159,159,154,156,650,102190
2011-05-26,PLIC,156,160,155,160,2230,348110
2011-05-30,PLIC,160,160,157,157,80,12620
2011-05-31,PLIC,157,163,160,163,390,63000
2011-06-01,PLIC,163,160,148,150,500,76050
2011-06-02,PLIC,150,151,147,151,430,64360
2011-06-05,PLIC,151,150,149,150,120,17940
2011-06-06,PLIC,150,153,150,153,220,33540
2011-06-07,PLIC,153,150,144,144,1300,190020
2011-06-08,PLIC,144,142,134,135,1710,233300
2011-06-09,PLIC,135,145,137,145,520,72580
2011-06-12,PLIC,145,145,143,143,1440,208740
2011-06-13,PLIC,143,142,140,140,240,33680
2011-06-15,PLIC,140,140,140,140,240,33600
2011-06-16,PLIC,140,139,134,138,960,132890
2011-06-19,PLIC,138,142,140,142,3100,434160
2011-06-21,PLIC,156,171,159,171,190,31830
2011-06-23,PLIC,171,188,174,188,930,173100
2011-06-26,PLIC,188,191,191,191,20,3820
2011-06-29,PLIC,191,182,182,182,80,14560
2011-06-30,PLIC,182,173,164,164,1420,242180
2011-07-04,PLIC,164,156,150,154,330,50360
2011-07-05,PLIC,154,156,151,156,370,56990
2011-07-06,PLIC,156,156,153,153,760,118410
2011-07-07,PLIC,153,153,153,153,60,9180
2011-07-10,PLIC,153,168,150,168,850,132700
2011-07-11,PLIC,168,168,168,168,20,3360
2011-07-12,PLIC,168,165,165,165,290,47850
2011-07-13,PLIC,165,177,167,174,560,96080
2011-07-14,PLIC,174,171,171,171,50,8550
2011-07-17,PLIC,171,174,174,174,160,27840
2011-07-18,PLIC,174,177,171,171,280,48580
2011-07-19,PLIC,171,168,162,162,520,86040
2011-07-20,PLIC,162,163,158,161,1100,176710
2011-07-21,PLIC,161,158,155,158,400,62120
2011-07-24,PLIC,158,165,159,160,1060,169850
2011-07-25,PLIC,160,160,151,151,1140,175860
2011-07-26,PLIC,151,151,151,151,40,6040
2011-07-27,PLIC,151,152,150,150,270,40530
2011-07-28,PLIC,150,153,149,153,1610,240850
2011-07-31,PLIC,153,159,150,159,820,124610
2011-08-01,PLIC,159,158,156,157,810,127730
2011-08-02,PLIC,157,166,157,166,360,58590
2011-08-03,PLIC,166,171,165,170,1060,178200
2011-08-04,PLIC,170,170,164,164,830,140260
2011-08-07,PLIC,164,161,158,161,550,87440
2011-08-08,PLIC,161,161,161,161,20,3220
2011-08-09,PLIC,161,164,161,161,1490,244090
2011-08-10,PLIC,161,164,163,164,110,18010
2011-08-11,PLIC,164,161,154,155,1980,310540
2011-08-15,PLIC,155,158,155,155,60,9450
2011-08-17,PLIC,155,156,153,154,480,74330
2011-08-18,PLIC,154,155,151,155,140,21380
2011-08-22,PLIC,155,157,151,157,380,58650
2011-08-23,PLIC,157,157,151,151,1410,218510
2011-08-24,PLIC,151,151,148,148,300,44720
2011-08-28,PLIC,148,150,146,150,480,71170
2011-08-29,PLIC,150,153,148,149,1120,166490
2011-09-01,PLIC,149,153,150,153,670,101240
2011-09-04,PLIC,153,153,149,149,1190,180350
2011-09-05,PLIC,149,152,147,148,1510,225560
2011-09-06,PLIC,148,150,142,143,1090,156810
2011-09-07,PLIC,143,141,139,140,340,47600
2011-09-08,PLIC,140,144,138,144,1330,186210
2011-09-12,PLIC,144,144,141,141,590,84430
2011-09-13,PLIC,141,142,139,141,640,89830
2011-09-14,PLIC,141,147,137,147,1020,144100
2011-09-15,PLIC,147,145,141,141,160,22840
2011-09-18,PLIC,141,143,139,143,240,33850
2011-09-19,PLIC,143,147,141,147,750,107350
2011-09-20,PLIC,147,149,147,147,320,47470
2011-09-21,PLIC,147,146,143,146,400,58120
2011-09-22,PLIC,146,151,146,151,690,102140
2011-09-25,PLIC,151,150,148,150,300,44700
2011-09-26,PLIC,150,153,147,153,520,78280
2011-09-27,PLIC,153,155,153,153,150,23010
2011-09-29,PLIC,153,168,156,160,4080,665840
2011-10-02,PLIC,160,160,160,160,1060,169600
2011-10-09,PLIC,160,164,160,164,40,6510
2011-10-10,PLIC,164,164,164,164,30,4920
2011-10-12,PLIC,164,168,162,167,290,47870
2011-10-13,PLIC,167,168,162,162,910,151200
2011-10-16,PLIC,162,165,160,164,1290,207710
2011-10-17,PLIC,164,167,167,167,10,1670
2011-10-18,PLIC,167,164,161,164,350,56850
2011-10-19,PLIC,164,164,161,164,160,26120
2011-10-20,PLIC,164,166,155,155,2270,356960
2011-10-23,PLIC,155,160,155,159,5790,909440
2011-10-24,PLIC,159,160,157,158,810,128600
2011-10-25,PLIC,158,164,158,164,540,86900
2011-10-30,PLIC,164,164,161,161,340,55640
2011-10-31,PLIC,161,176,161,166,4890,815380
2011-11-02,PLIC,166,172,169,172,20,3410
2011-11-03,PLIC,172,178,172,172,840,148080
2011-11-06,PLIC,172,175,169,172,750,128770
2011-11-08,PLIC,172,171,167,169,800,135650
2011-11-09,PLIC,169,170,168,168,690,116360
2011-11-10,PLIC,168,168,165,165,270,44900
2011-11-13,PLIC,165,167,162,164,160,26220
2011-11-14,PLIC,164,169,164,165,850,140720
2011-11-15,PLIC,165,165,162,162,2070,335700
2011-11-16,PLIC,162,170,159,170,2190,362010
2011-11-17,PLIC,170,171,168,171,520,88490
2011-11-20,PLIC,171,171,166,166,700,117870
2011-11-21,PLIC,166,166,163,163,480,78740
2011-11-22,PLIC,163,163,160,162,2470,398420
2011-11-23,PLIC,162,163,160,163,140,22550
2011-11-24,PLIC,163,168,162,166,1250,205310
2011-11-27,PLIC,166,163,162,163,760,123560
2011-11-28,PLIC,163,165,163,165,80,13100
2011-12-01,PLIC,169,166,163,165,410,67230
2011-12-04,PLIC,165,163,160,163,320,51870
2011-12-05,PLIC,163,166,160,166,270,43940
2011-12-06,PLIC,166,165,165,165,110,18150
2011-12-07,PLIC,165,167,167,167,30,5010
2011-12-08,PLIC,167,168,165,165,470,78280
2011-12-11,PLIC,165,167,163,163,690,114110
2011-12-12,PLIC,163,165,161,165,340,55440
2011-12-13,PLIC,165,166,162,164,770,126540
2011-12-14,PLIC,164,164,161,164,150,24420
2011-12-15,PLIC,164,169,165,169,450,75730
2011-12-19,PLIC,169,170,169,169,490,83260
2011-12-20,PLIC,169,173,165,173,420,70700
2011-12-21,PLIC,173,173,167,170,2690,456910
2011-12-22,PLIC,170,169,166,169,850,143020
2011-12-26,PLIC,169,168,168,168,140,23520
2011-12-27,PLIC,168,165,161,162,590,95720
2011-12-28,PLIC,162,164,161,161,440,71510
2011-12-29,PLIC,161,165,164,164,340,55790
2012-01-01,PLIC,164,164,164,164,70,11480
2012-01-02,PLIC,164,170,165,170,510,85360
2012-01-03,PLIC,170,171,167,167,110,18560
2012-01-04,PLIC,167,164,162,162,160,26000
2012-01-05,PLIC,162,165,162,162,200,32710
2012-01-08,PLIC,162,165,164,165,600,98990
2012-01-09,PLIC,165,169,168,169,20,3370
2012-01-10,PLIC,162,168,159,167,1080,176910
2012-01-11,PLIC,167,168,165,165,690,114880
2012-01-12,PLIC,165,170,166,166,700,117300
2012-01-16,PLIC,166,169,166,166,90,15000
2012-01-17,PLIC,166,169,163,166,1120,188710
2012-01-18,PLIC,166,168,165,166,470,77720
2012-01-22,PLIC,166,169,164,166,1640,273230
2012-01-23,PLIC,166,167,164,166,440,72990
2012-01-25,PLIC,166,169,165,168,200,33580
2012-01-26,PLIC,168,169,166,169,820,136730
2012-01-29,PLIC,169,167,161,162,1040,169700
2012-01-31,PLIC,162,167,162,167,750,123910
2012-02-01,PLIC,167,168,164,168,310,51570
2012-02-02,PLIC,168,166,164,165,360,59590
2012-02-05,PLIC,165,168,165,165,130,21480
2012-02-06,PLIC,165,165,165,165,70,11550
2012-02-07,PLIC,165,166,163,164,1460,240330
2012-02-08,PLIC,164,168,164,167,1040,172390
2012-02-09,PLIC,167,170,165,166,1270,213000
2012-02-12,PLIC,166,170,163,164,700,117160
2012-02-13,PLIC,164,168,164,166,2170,359200
2012-02-14,PLIC,166,167,163,167,770,127660
2012-02-15,PLIC,167,177,165,177,1970,332500
2012-02-16,PLIC,177,177,165,165,270,45990
2012-02-23,PLIC,165,162,162,162,60,9720
2012-02-26,PLIC,162,145,138,143,1730,241720
2012-02-27,PLIC,143,146,145,145,260,37730
2012-03-01,PLIC,145,145,145,145,20,2900
2012-03-04,PLIC,145,143,141,141,30,4270
2012-03-06,PLIC,141,141,138,138,180,24950
2012-03-11,PLIC,138,140,138,138,60,8340
2012-03-12,PLIC,138,139,137,139,30,4150
2012-03-13,PLIC,139,137,137,137,80,10960
2012-03-14,PLIC,137,140,139,140,1100,153900
2012-03-18,PLIC,140,142,138,142,360,50640
2012-03-19,PLIC,142,142,140,142,30,4240
2012-03-20,PLIC,142,140,139,139,90,12570
2012-03-21,PLIC,139,139,139,139,20,2780
2012-03-25,PLIC,139,137,137,137,90,12330
2012-03-26,PLIC,137,140,136,138,980,136770
2012-03-27,PLIC,138,140,140,140,10,1400
2012-03-28,PLIC,140,141,139,141,880,124060
2012-03-29,PLIC,141,143,143,143,210,30030
2012-04-01,PLIC,143,144,141,144,500,71520
2012-04-02,PLIC,144,145,145,145,510,73950
2012-04-05,PLIC,145,145,145,145,120,17400
2012-04-09,PLIC,145,147,147,147,90,13230
2012-04-10,PLIC,147,149,147,149,200,29600
2012-04-11,PLIC,149,157,151,152,990,149960
2012-04-12,PLIC,152,158,152,158,280,42940
2012-04-16,PLIC,158,161,161,161,20,3220
2012-04-17,PLIC,161,161,157,157,620,97900
2012-04-18,PLIC,157,157,154,157,140,21770
2012-04-19,PLIC,157,172,160,172,1320,222110
2012-04-22,PLIC,172,184,175,184,340,61020
2012-04-24,PLIC,184,184,184,184,5900,1085600
2012-04-25,PLIC,184,187,187,187,40,7480
2012-04-26,PLIC,187,202,195,201,1080,214220
2012-04-29,PLIC,201,218,201,218,2270,473980
2012-04-30,PLIC,218,221,220,221,100,22090
2012-05-03,PLIC,221,225,225,225,180,40500
2012-05-07,PLIC,225,229,229,229,20,4580
2012-05-08,PLIC,229,225,225,225,126,28350
2012-05-09,PLIC,225,221,203,203,1960,405984
2012-05-10,PLIC,203,202,196,197,1552,308960
2012-05-15,PLIC,197,212,194,212,1014,207000
2012-05-17,PLIC,212,224,199,202,2158,451428
2012-05-20,PLIC,202,198,189,196,468,90448
2012-05-21,PLIC,196,205,189,201,2220,446226
2012-05-22,PLIC,201,204,194,204,572,115216
2012-05-24,PLIC,204,201,196,200,2680,533974
2012-05-27,PLIC,200,197,197,197,30,5910
2012-05-29,PLIC,197,194,178,178,356,63878
2012-05-30,PLIC,178,175,161,161,4468,726518
2012-05-31,PLIC,161,170,158,170,3092,520644
2012-06-03,PLIC,170,176,173,176,82,14402
2012-06-04,PLIC,176,182,176,176,3130,560116
2012-06-05,PLIC,176,177,170,177,498,86460
2012-06-06,PLIC,177,178,172,174,790,137454
2012-06-07,PLIC,174,185,173,183,5042,914952
2012-06-10,PLIC,183,181,180,180,858,154572
2012-06-11,PLIC,180,183,177,180,156,27924
2012-06-12,PLIC,180,177,174,174,132,23256
2012-06-13,PLIC,174,176,170,174,758,131286
2012-06-14,PLIC,174,177,173,173,852,148362
2012-06-17,PLIC,173,175,171,175,720,124512
2012-06-18,PLIC,175,172,167,172,778,132892
2012-06-19,PLIC,172,175,170,175,456,78696
2012-06-20,PLIC,175,178,172,172,694,121178
2012-06-21,PLIC,172,175,170,173,332,57556
2012-06-25,PLIC,173,173,173,173,68,11764
2012-06-26,PLIC,173,174,171,174,318,54648
2012-06-28,PLIC,174,174,168,174,504,85032
2012-07-01,PLIC,174,177,171,175,600,104008
2012-07-02,PLIC,175,180,175,180,702,125120
2012-07-03,PLIC,180,182,180,180,272,49234
2012-07-04,PLIC,180,189,177,186,914,165426
2012-07-05,PLIC,186,189,186,187,688,129144
2012-07-08,PLIC,187,189,185,185,506,94050
2012-07-09,PLIC,185,189,184,189,186,34482
2012-07-10,PLIC,189,192,180,186,1600,300216
2012-07-11,PLIC,186,191,180,190,1526,287218
2012-07-12,PLIC,190,192,187,187,340,64932
2012-07-15,PLIC,187,190,189,190,252,47820
2012-07-16,PLIC,190,196,192,196,996,193308
2012-07-17,PLIC,196,200,194,195,1736,345280
2012-07-18,PLIC,195,204,198,204,1614,322982
2012-07-19,PLIC,204,218,204,218,4314,927984
2012-07-22,PLIC,218,237,221,232,4344,999348
2012-07-23,PLIC,232,232,229,230,5914,1368032
2012-07-24,PLIC,230,232,222,232,1216,273348
2012-07-25,PLIC,232,236,226,233,4860,1123826
2012-07-26,PLIC,233,230,226,229,3016,688910
2012-07-29,PLIC,229,225,217,222,2106,468060
2012-07-30,PLIC,222,232,225,232,2394,549092
2012-07-31,PLIC,232,232,230,231,1570,363546
2012-08-01,PLIC,231,236,224,235,2184,511488
2012-08-05,PLIC,235,258,231,258,5868,1471572
2012-08-06,PLIC,258,273,245,252,4090,1059988
2012-08-07,PLIC,252,270,256,265,8574,2265866
2012-08-08,PLIC,265,260,250,252,1974,501984
2012-08-12,PLIC,252,257,249,249,806,203162
2012-08-13,PLIC,249,250,241,241,2910,711716
2012-08-14,PLIC,241,263,245,258,916,236254
2012-08-15,PLIC,258,253,240,240,304,74870
2012-08-16,PLIC,240,247,235,247,3178,765074
2012-08-19,PLIC,247,248,244,245,992,243156
2012-08-21,PLIC,245,246,241,246,868,211484
2012-08-22,PLIC,246,251,239,251,1222,300776
2012-08-23,PLIC,251,253,247,251,1772,444952
2012-08-26,PLIC,251,250,243,245,4492,1099232
2012-08-27,PLIC,245,250,245,249,4296,1060362
2012-08-28,PLIC,249,257,251,252,1624,412158
2012-08-29,PLIC,252,260,245,260,656,166976
2012-08-30,PLIC,260,261,253,261,1372,353940
2012-09-02,PLIC,261,261,254,261,1016,262308
2012-09-03,PLIC,261,268,253,256,6326,1625542
2012-09-04,PLIC,256,264,255,264,5672,1481532
2012-09-05,PLIC,264,266,259,262,6176,1618274
2012-09-06,PLIC,262,281,262,281,18718,5015510
2012-09-09,PLIC,281,291,268,275,9860,2691800
2012-09-10,PLIC,275,280,260,266,3466,914682
2012-09-11,PLIC,266,271,265,271,3396,903060
2012-09-12,PLIC,271,285,263,285,4704,1249800
2012-09-13,PLIC,285,290,272,274,2726,763812
2012-09-16,PLIC,274,295,275,279,1424,397684
2012-09-17,PLIC,279,278,272,276,7934,2180752
2012-09-18,PLIC,276,281,278,280,4338,1212778
2012-09-19,PLIC,280,285,275,284,4252,1184260
2012-09-20,PLIC,284,279,276,279,1626,450152
2012-09-23,PLIC,279,286,274,286,272,75436
2012-09-24,PLIC,286,281,271,278,4982,1365508
2012-09-25,PLIC,278,282,274,280,3478,966732
2012-09-26,PLIC,280,300,280,300,16342,4659114
2012-09-30,PLIC,304,298,281,281,2158,621290
2012-10-01,PLIC,281,290,278,286,4450,1269306
2012-10-02,PLIC,286,295,280,293,5192,1492328
2012-10-03,PLIC,293,292,287,292,2978,862036
2012-10-04,PLIC,292,310,290,310,10298,3015150
2012-10-07,PLIC,310,316,304,311,12144,3769652
2012-10-08,PLIC,311,315,300,306,3456,1050950
2012-10-09,PLIC,306,300,294,296,924,274644
2012-10-10,PLIC,296,316,292,305,3624,1069894
2012-10-11,PLIC,305,304,285,304,1266,374284
2012-10-14,PLIC,304,324,295,324,7660,2322570
2012-10-15,PLIC,324,336,306,312,998,313448
2012-10-17,PLIC,312,310,299,304,278,84056
2012-10-18,PLIC,304,315,302,315,1076,329608
2012-10-30,PLIC,315,310,310,310,420,130200
2012-10-31,PLIC,310,316,310,310,722,225690
2012-11-01,PLIC,310,305,299,300,996,299166
2012-11-04,PLIC,300,310,300,304,2428,734912
2012-11-05,PLIC,304,309,304,306,1888,581016
2012-11-06,PLIC,306,315,303,308,4124,1267516
2012-11-07,PLIC,308,310,302,308,4234,1297904
2012-11-08,PLIC,308,308,300,300,2826,857174
2012-11-11,PLIC,300,300,294,299,3220,949584
2012-11-12,PLIC,299,305,294,305,490,146030
2012-11-18,PLIC,305,305,299,301,356,108172
2012-11-20,PLIC,301,301,295,300,1346,399320
2012-11-21,PLIC,300,310,294,302,1234,373252
2012-11-22,PLIC,302,305,295,300,3868,1159230
2012-11-25,PLIC,300,306,296,296,1468,440208
2012-11-26,PLIC,296,306,291,305,6330,1886676
2012-11-27,PLIC,305,304,300,300,874,264688
2012-11-28,PLIC,300,300,297,297,756,225888
2012-11-29,PLIC,297,300,296,298,1176,352456
2012-12-02,PLIC,298,300,294,300,360,107220
2012-12-03,PLIC,300,302,298,302,1730,519600
2012-12-04,PLIC,302,300,293,300,1848,549004
2012-12-05,PLIC,300,307,300,306,1156,350076
2012-12-06,PLIC,306,302,297,298,1848,553372
2012-12-09,PLIC,298,300,291,300,1820,540036
2012-12-10,PLIC,300,299,293,299,3194,949148
2012-12-11,PLIC,299,301,293,293,13210,3903142
2012-12-12,PLIC,293,308,294,308,1336,401572
2012-12-13,PLIC,308,302,280,300,14672,4155972
2012-12-16,PLIC,300,310,296,307,1480,448764
2012-12-17,PLIC,307,312,300,312,3850,1167214
2012-12-18,PLIC,312,312,304,304,1378,420532
2012-12-19,PLIC,304,305,300,301,520,156464
2012-12-20,PLIC,301,306,300,302,1142,343596
2012-12-23,PLIC,302,304,300,301,1028,311516
2012-12-24,PLIC,301,306,295,306,3516,1073520
2012-12-26,PLIC,306,310,295,300,728,220228
2012-12-27,PLIC,300,306,299,304,1756,527780
2012-12-31,PLIC,304,306,300,304,240,72636
2013-01-01,PLIC,304,304,300,303,2446,739438
2013-01-02,PLIC,303,306,295,304,2104,639436
2013-01-03,PLIC,304,306,299,300,3146,945936
2013-01-06,PLIC,300,305,300,300,336,101412
2013-01-07,PLIC,300,300,295,297,898,266522
2013-01-08,PLIC,297,306,294,306,768,227988
2013-01-09,PLIC,306,310,298,309,3996,1211384
2013-01-10,PLIC,309,316,300,314,8028,2424652
2013-01-13,PLIC,314,311,302,311,1596,488640
2013-01-15,PLIC,311,307,300,303,1360,411000
2013-01-16,PLIC,303,308,300,301,4802,1458112
2013-01-17,PLIC,301,310,294,300,2630,786764
2013-01-20,PLIC,300,301,294,298,570,168320
2013-01-21,PLIC,298,299,299,299,108,32292
2013-01-22,PLIC,299,298,295,298,688,203452
2013-01-23,PLIC,298,303,297,298,1262,377500
2013-01-24,PLIC,298,298,295,296,1076,318790
2013-01-27,PLIC,296,300,296,297,2170,646594
2013-01-28,PLIC,297,295,291,294,2358,691498
2013-01-30,PLIC,294,292,288,290,2112,612824
2013-01-31,PLIC,290,291,287,290,852,245904
2013-02-03,PLIC,290,296,285,294,290,84500
2013-02-04,PLIC,294,295,294,295,108,31812
2013-02-05,PLIC,295,299,291,299,528,156132
2013-02-06,PLIC,299,296,290,295,704,207840
2013-02-07,PLIC,295,290,287,290,780,226128
2013-02-10,PLIC,290,292,288,288,1044,302864
2013-02-12,PLIC,288,293,290,290,172,50180
2013-02-13,PLIC,290,291,290,290,514,149430
2013-02-14,PLIC,290,290,290,290,434,125860
2013-02-17,PLIC,290,312,295,312,820,252300
2013-02-19,PLIC,312,312,300,300,656,198816
2013-02-20,PLIC,300,295,295,295,100,29500
2013-02-21,PLIC,295,300,294,296,628,186544
2013-02-24,PLIC,296,295,288,288,2592,751258
2013-02-25,PLIC,288,292,287,292,746,217328
2013-02-26,PLIC,292,290,290,290,168,48720
2013-02-27,PLIC,290,292,288,288,1052,304900
2013-02-28,PLIC,288,293,289,293,818,237700
2013-03-04,PLIC,292,296,290,296,500,146440
2013-03-05,PLIC,296,300,289,300,3632,1059274
2013-03-06,PLIC,300,295,293,293,120,35268
2013-03-07,PLIC,293,295,289,291,204,59616
2013-03-11,PLIC,291,291,291,291,48,13968
2013-03-13,PLIC,291,300,293,298,2806,831100
2013-03-14,PLIC,298,303,291,291,1736,511336
2013-03-17,PLIC,291,295,280,290,1052,305920
2013-03-18,PLIC,290,290,286,290,384,111036
2013-03-19,PLIC,290,295,292,293,384,112960
2013-03-20,PLIC,293,295,292,295,240,70464
2013-03-21,PLIC,295,294,290,294,204,59304
2013-03-24,PLIC,294,290,278,278,274,77806
2013-03-25,PLIC,278,288,278,280,652,184300
2013-03-27,PLIC,280,280,276,280,224,61872
2013-03-28,PLIC,280,285,275,285,430,119856
2013-03-31,PLIC,285,286,284,284,520,148376
2013-04-01,PLIC,284,288,282,288,1556,442400
2013-04-02,PLIC,288,288,278,278,1024,287388
2013-04-03,PLIC,278,293,276,293,1678,478764
2013-04-04,PLIC,293,295,284,285,1128,321724
2013-04-07,PLIC,285,299,289,299,892,260220
2013-04-08,PLIC,299,300,291,295,488,143480
2013-04-09,PLIC,295,296,290,296,456,134224
2013-04-11,PLIC,296,311,297,304,2804,847874
2013-04-15,PLIC,304,304,293,293,804,238188
2013-04-16,PLIC,293,298,289,291,1618,475830
2013-04-17,PLIC,291,300,294,300,412,121540
2013-04-18,PLIC,300,300,290,292,5112,1500648
2013-04-21,PLIC,292,295,283,284,2756,797988
2013-04-22,PLIC,284,288,283,288,728,207712
2013-04-23,PLIC,288,316,285,316,4390,1270988
2013-05-08,PLIC,316,280,274,274,46,12808
2013-05-09,PLIC,274,269,255,258,1262,322984
2013-05-12,PLIC,258,259,254,254,1060,269540
2013-05-13,PLIC,254,254,254,254,2000,508000
2013-05-14,PLIC,254,258,249,250,3282,827996
2013-05-15,PLIC,250,252,250,250,774,194304
2013-05-16,PLIC,250,255,250,255,2655,663850
2013-05-19,PLIC,255,259,250,251,2814,708616
2013-05-20,PLIC,251,250,248,248,2208,550000
2013-05-21,PLIC,248,252,245,245,2300,567100
2013-05-22,PLIC,245,246,241,242,8806,2139692
2013-05-23,PLIC,242,245,242,245,674,165074
2013-05-26,PLIC,245,252,248,252,282,70776
2013-05-27,PLIC,252,260,251,260,1760,451390
2013-05-28,PLIC,260,264,258,264,6700,1740832
2013-05-30,PLIC,264,271,260,260,1142,298772
2013-06-02,PLIC,260,257,254,256,1650,420486
2013-06-03,PLIC,256,260,255,260,656,169180
2013-06-04,PLIC,260,266,260,260,1078,282384
2013-06-05,PLIC,260,260,257,258,904,232912
2013-06-06,PLIC,258,259,252,252,1624,417096
2013-06-09,PLIC,252,254,250,253,481,121749
2013-06-10,PLIC,253,251,248,250,804,201148
2013-06-11,PLIC,250,246,243,245,1054,257514
2013-06-12,PLIC,245,254,248,254,390,97576
2013-06-13,PLIC,254,259,253,253,938,239742
2013-06-16,PLIC,253,250,250,250,72,18000
2013-06-17,PLIC,250,254,250,250,1580,396420
2013-06-18,PLIC,250,253,249,252,568,142176
2013-06-19,PLIC,252,253,250,250,152,38060
2013-06-20,PLIC,250,253,248,250,162,40494
2013-06-23,PLIC,250,252,247,247,1697,421947
2013-06-24,PLIC,247,250,247,250,1759,439277
2013-06-25,PLIC,250,254,250,252,853,214914
2013-06-27,PLIC,252,250,245,246,3575,884168
2013-06-30,PLIC,246,246,245,245,1234,303208
2013-07-01,PLIC,245,247,246,246,1231,303978
2013-07-02,PLIC,246,250,245,247,1261,311874
2013-07-03,PLIC,247,251,246,246,2700,667868
2013-07-04,PLIC,246,249,245,245,795,196020
2013-07-07,PLIC,245,249,243,248,1489,366724
2013-07-08,PLIC,248,252,250,250,1206,302740
2013-07-09,PLIC,250,255,250,254,575,145552
2013-07-10,PLIC,254,251,247,250,1881,467971
2013-07-11,PLIC,250,250,250,250,100,25000
2013-07-14,PLIC,250,261,255,261,973,251240
2013-07-15,PLIC,261,270,260,270,931,246381
2013-07-16,PLIC,270,270,265,265,76,20340
2013-07-17,PLIC,265,260,252,255,781,199099
2013-07-18,PLIC,255,265,251,260,1310,339429
2013-07-21,PLIC,260,265,265,265,484,128260
2013-07-22,PLIC,265,265,257,260,2890,753903
2013-07-23,PLIC,260,264,255,264,640,165793
2013-07-24,PLIC,264,272,256,272,3738,972909
2013-07-25,PLIC,272,277,263,275,3188,859842
2013-07-28,PLIC,275,295,270,295,8122,2313292
2013-07-29,PLIC,295,300,287,295,18047,5280728
2013-07-30,PLIC,295,301,290,300,11890,3511097
2013-07-31,PLIC,300,301,294,300,5688,1689813
2013-08-01,PLIC,300,295,290,293,2106,617793
2013-08-04,PLIC,293,293,288,290,2269,659506
2013-08-05,PLIC,290,285,271,275,1733,480983
2013-08-06,PLIC,275,288,268,288,940,260146
2013-08-07,PLIC,288,295,290,295,10423,3039165
2013-08-08,PLIC,295,304,290,301,59674,17641690
2013-08-11,PLIC,301,313,300,311,19374,5961642
2013-08-12,PLIC,311,325,309,325,22822,7157033
2013-08-13,PLIC,325,357,328,344,17958,6101342
2013-08-14,PLIC,344,360,347,350,10665,3763300
2013-08-15,PLIC,350,351,333,345,8373,2852758
2013-08-18,PLIC,345,369,341,367,11179,4041196
2013-08-19,PLIC,367,365,343,365,7685,2725349
2013-08-20,PLIC,365,379,361,361,12997,4756430
2013-08-25,PLIC,361,374,359,367,7958,2904979
2013-08-26,PLIC,367,378,370,378,22274,8251044
2013-08-27,PLIC,378,392,378,382,13429,5160920
2013-08-29,PLIC,382,393,375,378,11447,4388620
2013-09-01,PLIC,378,381,369,369,9462,3553613
2013-09-02,PLIC,369,383,369,380,9131,3423387
2013-09-03,PLIC,380,386,380,381,13331,5069418
2013-09-04,PLIC,381,378,373,374,569,213389
2013-09-05,PLIC,374,380,373,375,8673,3247318
2013-09-08,PLIC,375,376,372,372,6420,2406665
2013-09-09,PLIC,372,386,370,380,5410,2052042
2013-09-10,PLIC,380,408,370,408,4699,1775222
2013-09-11,PLIC,408,400,383,390,5949,2318473
2013-09-12,PLIC,390,408,384,408,10796,4207963
2013-09-15,PLIC,408,400,392,397,15166,6015189
2013-09-16,PLIC,397,400,383,400,4390,1725640
2013-09-17,PLIC,400,429,392,425,10836,4381443
2013-09-19,PLIC,425,417,390,402,3042,1216446
2013-09-22,PLIC,402,405,395,402,4942,1967058
2013-09-23,PLIC,402,398,383,398,9326,3603513
2013-09-24,PLIC,398,400,385,386,3348,1311447
2013-09-25,PLIC,386,390,380,384,6291,2405753
2013-09-26,PLIC,384,382,374,380,1916,725255
2013-09-29,PLIC,380,379,374,377,970,366013
2013-09-30,PLIC,377,378,373,374,3121,1171427
2013-10-01,PLIC,374,377,369,370,8781,3258663
2013-10-02,PLIC,370,377,368,373,2195,820085
2013-10-03,PLIC,373,388,371,388,1882,718438
2013-10-06,PLIC,388,394,372,372,1308,505505
2013-10-07,PLIC,372,387,365,387,1287,489788
2013-10-08,PLIC,387,391,385,386,1677,646800
2013-10-09,PLIC,386,395,390,391,1791,701231
2013-10-10,PLIC,391,390,384,390,2348,907384
2013-10-17,PLIC,390,392,390,392,2492,973864
2013-10-20,PLIC,392,393,385,393,6958,2715682
2013-10-21,PLIC,393,400,388,400,1493,587166
2013-10-22,PLIC,400,392,392,392,27,10584
2013-10-23,PLIC,392,388,383,383,727,278506
2013-10-24,PLIC,383,384,376,381,1426,543869
2013-10-27,PLIC,381,380,375,379,1949,739479
2013-10-28,PLIC,379,375,370,375,575,213977
2013-10-29,PLIC,375,375,370,373,399,148359
2013-10-30,PLIC,373,372,370,372,951,353224
2013-10-31,PLIC,372,374,372,374,283,105788
2013-11-06,PLIC,374,367,364,364,303,111063
2013-11-07,PLIC,364,371,370,371,139,51493
2013-11-10,PLIC,371,371,370,370,39,14443
2013-11-11,PLIC,370,377,370,377,508,188887
2013-11-12,PLIC,377,388,380,388,2328,890757
2013-11-13,PLIC,388,397,386,388,2754,1084048
2013-11-14,PLIC,388,402,390,400,5953,2383923
2013-11-24,PLIC,400,440,408,440,7995,3498929
2013-11-25,PLIC,440,484,445,484,3664,1725968
2013-11-26,PLIC,484,532,493,532,6027,3148057
2013-11-27,PLIC,532,585,522,546,20151,11186265
2013-11-28,PLIC,546,561,540,552,9622,5238365
2013-12-01,PLIC,552,603,542,580,9693,5602674
2013-12-02,PLIC,580,602,580,600,12006,7067627
2013-12-03,PLIC,600,633,598,633,21108,12908226
2013-12-04,PLIC,633,675,645,660,2341,1557893
2013-12-05,PLIC,660,705,635,657,15338,10122683
2013-12-08,PLIC,657,650,630,630,619,393327
2013-12-10,PLIC,630,618,567,568,3902,2219530
2013-12-11,PLIC,568,561,536,545,10336,5623158
2013-12-12,PLIC,545,566,535,550,11376,6152420
2013-12-15,PLIC,550,553,532,544,10330,5583685
2013-12-16,PLIC,544,598,554,598,441,249066
2013-12-18,PLIC,598,632,609,625,4540,2822798
2013-12-19,PLIC,625,630,603,625,3761,2313192
2013-12-22,PLIC,625,625,580,590,3828,2275842
2013-12-23,PLIC,590,580,560,571,1520,861926
2013-12-24,PLIC,571,560,550,552,5976,3297445
2013-12-26,PLIC,552,574,550,574,1080,603459
2013-12-29,PLIC,574,572,531,572,4316,2343403
2013-12-31,PLIC,572,575,535,535,1774,956515
2014-01-01,PLIC,535,545,510,531,3570,1855254
2014-01-02,PLIC,531,561,535,561,1500,811700
2014-01-05,PLIC,561,590,550,550,422,239053
2014-01-06,PLIC,550,540,520,530,663,353237
2014-01-07,PLIC,530,540,520,523,879,465080
2014-01-08,PLIC,523,526,500,526,9540,4929943
2014-01-09,PLIC,526,521,507,512,3277,1683815
2014-01-12,PLIC,512,540,512,517,3899,2024435
2014-01-13,PLIC,517,555,527,550,1349,723244
2014-01-14,PLIC,550,565,535,560,6286,3468084
2014-01-16,PLIC,560,581,557,560,2568,1440631
2014-01-19,PLIC,560,571,550,557,5813,3219816
2014-01-20,PLIC,557,558,540,540,5998,3298644
2014-01-21,PLIC,540,552,520,550,6117,3316820
2014-01-22,PLIC,550,545,526,540,2251,1198971
2014-01-23,PLIC,540,539,520,530,13699,7199190
2014-01-26,PLIC,530,535,525,526,1411,746591
2014-01-27,PLIC,526,536,520,530,856,451462
2014-01-28,PLIC,530,547,532,540,2820,1516417
2014-01-29,PLIC,540,555,533,539,4600,2503554
2014-02-02,PLIC,539,540,520,525,919,491682
2014-02-03,PLIC,525,530,515,520,709,368244
2014-02-04,PLIC,520,530,520,521,1398,738571
2014-02-06,PLIC,525,555,522,555,448,240465
2014-02-09,PLIC,555,549,530,530,1965,1056720
2014-02-10,PLIC,530,555,530,532,3883,2075671
2014-02-11,PLIC,532,565,530,554,5729,3092981
2014-02-12,PLIC,554,570,535,570,17518,9737994
2014-02-13,PLIC,570,624,559,624,15543,9341841
2014-02-16,PLIC,624,655,621,655,22079,14295166
2014-02-17,PLIC,655,693,642,693,20115,13428816
2014-02-18,PLIC,693,750,696,740,29342,21419032
2014-02-20,PLIC,740,762,697,724,10908,8054879
2014-02-23,PLIC,724,711,690,690,10291,7226862
2014-02-24,PLIC,690,710,660,660,5298,3621560
2014-02-25,PLIC,660,680,630,680,2358,1521094
2014-02-26,PLIC,680,693,663,674,1294,871033
2014-03-03,PLIC,674,665,641,645,5018,3258096
2014-03-04,PLIC,645,657,615,657,6148,3848030
2014-03-05,PLIC,657,687,660,664,5788,3886966
2014-03-06,PLIC,664,665,651,653,3199,2105918
2014-03-09,PLIC,653,650,628,636,3837,2441024
2014-03-10,PLIC,636,650,626,638,5237,3330630
2014-03-11,PLIC,638,649,633,640,5990,3841496
2014-03-12,PLIC,640,642,620,630,5834,3652182
2014-03-17,PLIC,630,636,624,635,2893,1817019
2014-03-18,PLIC,635,644,613,614,2652,1669920
2014-03-19,PLIC,614,637,602,637,3766,2349282
2014-03-20,PLIC,637,650,630,647,2156,1389379
2014-03-23,PLIC,647,650,620,620,1884,1189100
2014-03-24,PLIC,620,644,621,640,1783,1133153
2014-03-25,PLIC,640,655,633,647,13587,8800643
2014-03-26,PLIC,647,641,635,640,821,525403
2014-03-27,PLIC,640,660,640,660,1838,1199046
2014-03-31,PLIC,660,695,660,695,5582,3771299
2014-04-01,PLIC,695,710,690,693,3734,2604288
2014-04-02,PLIC,693,699,680,687,13901,9537759
2014-04-03,PLIC,687,700,675,675,1735,1197419
2014-04-06,PLIC,675,680,660,675,2588,1739799
2014-04-07,PLIC,675,690,665,680,3496,2388110
2014-04-09,PLIC,680,700,671,682,7484,5169178
2014-04-10,PLIC,682,738,685,733,25973,18907656
2014-04-13,PLIC,733,769,733,747,15822,11978540
2014-04-15,PLIC,747,765,750,759,5458,4145462
2014-04-16,PLIC,759,770,755,766,12772,9695886
2014-04-17,PLIC,766,757,745,746,4863,3639870
2014-04-20,PLIC,746,745,730,733,5553,4086829
2014-04-21,PLIC,733,735,721,733,4206,3076236
2014-04-22,PLIC,733,759,725,759,1942,1436455
2014-04-23,PLIC,759,768,750,760,5192,3942077
2014-04-27,PLIC,760,770,757,765,3818,2909855
2014-04-28,PLIC,765,780,755,773,12049,9216957
2014-04-29,PLIC,773,816,772,808,18090,14576119
2014-04-30,PLIC,808,865,810,846,19100,16066923
2014-05-04,PLIC,846,930,862,930,36773,33218730
2014-05-05,PLIC,930,1000,844,895,33303,31275836
2014-05-06,PLIC,895,878,812,878,4768,4071527
2014-05-07,PLIC,878,890,848,870,5885,5124681
2014-05-08,PLIC,870,860,834,851,7412,6272643
2014-05-11,PLIC,851,845,836,842,6101,5128998
2014-05-12,PLIC,842,863,842,852,5739,4879623
2014-05-13,PLIC,852,886,860,870,5640,4892998
2014-05-15,PLIC,870,877,849,875,2900,2498932
2014-05-18,PLIC,875,870,836,855,3148,2682040
2014-05-19,PLIC,855,840,826,830,4959,4128068
2014-05-20,PLIC,830,820,806,820,7291,5909904
2014-05-21,PLIC,820,828,803,822,2470,2006238
2014-05-22,PLIC,822,838,815,815,2701,2220778
2014-05-25,PLIC,815,851,815,829,2854,2378535
2014-05-26,PLIC,829,840,830,840,867,723230
2014-05-27,PLIC,840,871,835,863,10012,8588060
2014-05-28,PLIC,863,880,860,880,6277,5483711
2014-06-01,PLIC,880,885,865,865,8454,7388398
2014-06-02,PLIC,865,856,835,844,7808,6584129
2014-06-03,PLIC,844,867,830,865,4847,4070039
2014-06-04,PLIC,865,855,835,840,4153,3525080
2014-06-05,PLIC,840,850,825,842,3907,3295773
2014-06-08,PLIC,842,845,820,830,2060,1715982
2014-06-09,PLIC,830,855,825,845,4161,3458438
2014-06-10,PLIC,845,850,832,841,5807,4866403
2014-06-11,PLIC,841,855,830,840,7149,6014698
2014-06-12,PLIC,840,843,830,840,1181,982804
2014-06-15,PLIC,840,860,840,850,4109,3494723
2014-06-16,PLIC,850,879,845,860,4760,4099585
2014-06-17,PLIC,860,915,855,915,14121,12432450
2014-06-18,PLIC,915,954,897,934,19682,18227092
2014-06-19,PLIC,934,950,912,920,6320,5832523
2014-06-23,PLIC,920,932,910,912,4054,3728165
2014-06-24,PLIC,912,940,900,940,12849,11931440
2014-06-25,PLIC,940,950,930,940,6130,5752575
2014-06-26,PLIC,940,945,926,932,4856,4537579
2014-06-29,PLIC,932,962,930,960,10463,10002892
2014-06-30,PLIC,960,977,951,974,9069,8711618
2014-07-01,PLIC,974,1040,965,1040,15254,15410390
2014-07-02,PLIC,1040,1102,1058,1092,30570,33230130
2014-07-03,PLIC,1092,1106,1030,1060,10739,11355530
2014-07-06,PLIC,1060,1102,1060,1097,15816,16913344
2014-07-07,PLIC,1097,1160,1095,1100,13802,15646367
2014-07-08,PLIC,1100,1150,1098,1100,18829,20964172
2014-07-09,PLIC,1100,1130,1060,1111,10107,11108919
2014-07-10,PLIC,1111,1130,1085,1095,8273,9101302
2014-07-13,PLIC,1095,1155,1060,1080,5760,6298480
2014-07-14,PLIC,1080,1100,1070,1090,6332,6888181
2014-07-15,PLIC,1090,1100,1055,1099,2528,2739081
2014-07-16,PLIC,1099,1120,1091,1102,3143,3480553
2014-07-17,PLIC,1102,1115,1100,1112,4536,5035652
2014-07-20,PLIC,1112,1156,1105,1134,4847,5456231
2014-07-21,PLIC,1134,1150,1125,1135,7984,9063636
2014-07-22,PLIC,1135,1141,1110,1141,8842,9918579
2014-07-23,PLIC,1141,1152,1116,1152,8392,9512318
2014-07-24,PLIC,1152,1198,1125,1140,22535,25917850
2014-07-27,PLIC,1140,1150,1108,1120,4820,5450000
2014-07-28,PLIC,1120,1120,1100,1120,2226,2463292
2014-07-30,PLIC,1120,1119,1055,1066,2500,2713940
2014-07-31,PLIC,1066,1091,1060,1075,2743,2946339
2014-08-03,PLIC,1075,1089,1070,1075,4647,5008365
2014-08-04,PLIC,1075,1066,1065,1065,1393,1484911
2014-08-05,PLIC,1065,1070,1050,1060,3266,3468571
2014-08-06,PLIC,1060,1060,1040,1040,3316,3492617
2014-08-07,PLIC,1040,1050,1010,1034,4391,4499981
2014-08-12,PLIC,1034,1035,1005,1020,1086,1107110
2014-08-13,PLIC,1020,1040,972,1040,3408,3463878
2014-08-14,PLIC,1040,1055,1025,1026,1048,1094680
2014-08-18,PLIC,1026,1035,1020,1035,1032,1063335
2014-08-19,PLIC,1035,1071,1010,1040,4272,4450121
2014-08-20,PLIC,1040,1030,990,1020,2855,2905273
2014-08-21,PLIC,1020,1000,940,940,6657,6347889
2014-08-24,PLIC,940,925,900,905,4423,4013932
2014-08-25,PLIC,905,887,815,821,3063,2620984
2014-08-26,PLIC,821,903,830,830,2807,2418861
2014-08-27,PLIC,830,913,846,913,4317,3854894
2014-08-28,PLIC,913,1000,925,990,8869,8607793
2014-08-31,PLIC,990,1000,911,933,3921,3772100
2014-09-01,PLIC,933,945,905,945,3612,3340388
2014-09-03,PLIC,945,946,920,924,2200,2046655
2014-09-04,PLIC,924,915,871,911,2966,2635743
2014-09-07,PLIC,911,905,835,840,2608,2271339
2014-09-09,PLIC,840,924,840,924,1327,1158652
2014-09-10,PLIC,924,960,885,902,7122,6599499
2014-09-11,PLIC,902,920,884,920,2187,1993423
2014-09-14,PLIC,920,920,887,897,2065,1859841
2014-09-15,PLIC,897,905,894,904,2692,2417211
2014-09-16,PLIC,904,922,895,904,8051,7243838
2014-09-17,PLIC,904,922,900,910,1515,1375832
2014-09-18,PLIC,910,902,895,901,2108,1895450
2014-09-21,PLIC,901,915,883,890,1500,1334815
2014-09-22,PLIC,890,876,860,867,395,342579
2014-09-23,PLIC,867,919,880,914,1290,1159773
2014-09-24,PLIC,914,936,900,936,3094,2832987
2014-09-28,PLIC,936,1000,940,999,5186,5119674
2014-09-29,PLIC,999,1025,995,1020,7147,7226990
2014-09-30,PLIC,1020,1030,990,1005,5471,5561143
2014-10-08,PLIC,1005,1000,945,954,2538,2455452
2014-10-09,PLIC,954,973,965,972,596,578093
2014-10-12,PLIC,972,980,953,970,951,918292
2014-10-13,PLIC,970,999,965,980,7088,6903370
2014-10-14,PLIC,980,1005,977,1000,3385,3384123
2014-10-15,PLIC,1000,1044,1000,1022,9212,9371797
2014-10-16,PLIC,1022,1042,1000,1026,12616,12985014
2014-10-19,PLIC,1026,1025,1010,1025,1528,1558396
2014-10-20,PLIC,1025,1028,1010,1020,2807,2855018
2014-10-21,PLIC,1020,1025,1015,1024,7118,7245245
2014-10-22,PLIC,1024,1051,1018,1045,10271,10605596
2014-10-26,PLIC,1045,1070,1040,1062,2360,2493954
2014-10-27,PLIC,1062,1076,1041,1071,4554,4835958
2014-10-28,PLIC,1071,1071,1030,1070,3620,3841595
2014-10-30,PLIC,1070,1061,1045,1049,1121,1178444
2014-11-02,PLIC,1049,1040,990,1004,3983,4057655
2014-11-03,PLIC,1004,1019,999,1005,3246,3253399
2014-11-04,PLIC,1005,1042,1000,1015,3600,3622468
2014-11-05,PLIC,1015,1036,1010,1030,4583,4709569
2014-11-06,PLIC,1030,1035,1010,1035,1706,1733201
2014-11-09,PLIC,1035,1020,995,995,2956,2972722
2014-11-10,PLIC,995,1000,980,983,1735,1711517
2014-11-11,PLIC,983,1005,956,1004,1640,1617202
2014-11-12,PLIC,1004,1024,994,1000,2142,2139146
2014-11-13,PLIC,1000,1025,1000,1010,869,874672
2014-11-16,PLIC,1010,990,954,957,1935,1861402
2014-11-17,PLIC,957,976,935,976,2747,2584175
2014-11-18,PLIC,976,984,930,960,2522,2417036
2014-11-19,PLIC,960,979,959,979,3635,3516634
2014-11-20,PLIC,979,1013,975,1013,2674,2628176
2014-11-23,PLIC,1013,1030,990,990,1622,1647191
2014-11-25,PLIC,990,971,945,970,1736,1671182
2014-11-30,PLIC,970,969,945,969,2322,2205293
2014-12-01,PLIC,969,970,941,945,2082,1980975
2014-12-02,PLIC,945,945,919,922,911,844312
2014-12-03,PLIC,922,945,915,939,5759,5356036
2014-12-04,PLIC,939,957,940,941,1699,1612251
2014-12-07,PLIC,941,941,935,940,774,727279
2014-12-08,PLIC,940,945,920,935,1087,1017546
2014-12-09,PLIC,935,940,921,940,938,868663
2014-12-10,PLIC,940,945,923,934,1388,1301409
2014-12-11,PLIC,934,940,930,940,1413,1324661
2014-12-14,PLIC,940,993,958,993,541,529545
2014-12-15,PLIC,993,1015,990,990,882,889625
2014-12-16,PLIC,990,976,961,961,1320,1279822
2014-12-17,PLIC,961,970,951,951,191,182667
2014-12-18,PLIC,951,964,941,964,617,587806
2014-12-21,PLIC,964,955,937,945,906,855123
2014-12-22,PLIC,945,940,931,940,1008,944157
2014-12-23,PLIC,940,950,920,921,584,546505
2014-12-24,PLIC,921,974,921,968,4601,4349592
2014-12-28,PLIC,968,980,955,978,1245,1198886
2014-12-29,PLIC,978,975,953,955,2244,2155651
2014-12-31,PLIC,955,993,925,993,1697,1591580
2015-01-01,PLIC,993,974,960,960,2652,2560895
2015-01-04,PLIC,960,980,950,980,3491,3389982
2015-01-05,PLIC,980,1015,972,978,6392,6313575
2015-01-06,PLIC,978,995,976,980,845,829361
2015-01-07,PLIC,980,984,961,981,821,803627
2015-01-08,PLIC,981,1025,962,1012,8367,8404085
2015-01-11,PLIC,1012,1040,1009,1035,11522,11892216
2015-01-12,PLIC,1035,1030,1006,1030,4449,4541369
2015-01-13,PLIC,1030,1079,1010,1062,7123,7490389
2015-01-14,PLIC,1062,1070,1048,1056,7971,8434322
2015-01-18,PLIC,1056,1077,1055,1075,4616,4932071
2015-01-19,PLIC,1075,1139,1054,1095,11499,12740938
2015-01-20,PLIC,1095,1122,1053,1070,9696,10582469
2015-01-22,PLIC,1070,1106,1049,1090,6298,6835946
2015-01-25,PLIC,1090,1130,1085,1130,9121,10090568
2015-01-26,PLIC,1130,1138,1090,1105,7939,8777335
2015-01-27,PLIC,1105,1125,1096,1100,3487,3839078
2015-01-28,PLIC,1100,1120,1090,1115,18427,20145098
2015-01-29,PLIC,1115,1103,1080,1095,2869,3121993
2015-02-01,PLIC,1095,1095,1075,1075,807,880089
2015-02-02,PLIC,1075,1094,1072,1094,3131,3380986
2015-02-03,PLIC,1094,1090,1075,1089,7784,8450578
2015-02-04,PLIC,1089,1094,1075,1094,5675,6159570
2015-02-05,PLIC,1094,1101,1080,1086,1973,2147004
2015-02-08,PLIC,1086,1095,1075,1095,3253,3544788
2015-02-09,PLIC,1095,1138,1100,1132,17255,19354890
2015-02-10,PLIC,1132,1152,1126,1130,14059,15955335
2015-02-11,PLIC,1130,1145,1120,1145,4234,4769492
2015-02-12,PLIC,1145,1145,1127,1139,6529,7402772
2015-02-15,PLIC,1139,1167,1139,1167,1796,2056941
2015-02-16,PLIC,1167,1165,1150,1160,3498,4033332
2015-02-18,PLIC,1160,1154,1137,1137,589,676392
2015-02-22,PLIC,1137,1134,1100,1100,2333,2616127
2015-02-23,PLIC,1100,1120,1100,1120,1057,1175715
2015-02-24,PLIC,1120,1111,1100,1100,1236,1364897
2015-02-25,PLIC,1100,1115,1095,1110,2241,2486172
2015-02-26,PLIC,1110,1150,1090,1145,1229,1389214
2015-03-01,PLIC,1145,1165,1140,1145,4150,4759921
2015-03-02,PLIC,1145,1150,1140,1150,1466,1684373
2015-03-03,PLIC,1150,1153,1125,1149,2215,2519278
2015-03-04,PLIC,1149,1225,1141,1225,2475,2846085
2015-03-09,PLIC,1225,1201,1180,1180,7726,9185118
2015-03-10,PLIC,1180,1182,1153,1180,5714,6655741
2015-03-11,PLIC,1180,1171,1163,1163,1881,2194589
2015-03-12,PLIC,1163,1154,1140,1154,849,972770
2015-03-15,PLIC,1154,1141,1116,1141,1950,2205665
2015-03-16,PLIC,1141,1129,1110,1120,1650,1839052
2015-03-17,PLIC,1120,1130,1120,1130,1570,1763073
2015-03-18,PLIC,1130,1134,1125,1134,630,711940
2015-03-19,PLIC,1134,1156,1125,1136,2876,3254182
2015-03-22,PLIC,1136,1141,1125,1125,727,820357
2015-03-23,PLIC,1125,1120,1100,1105,1071,1186025
2015-03-24,PLIC,1105,1127,1100,1110,379,419076
2015-03-25,PLIC,1110,1125,1100,1110,2954,3274992
2015-03-26,PLIC,1110,1093,1090,1093,162,176770
2015-03-29,PLIC,1093,1105,1100,1105,88,97000
2015-03-30,PLIC,1105,1100,1090,1100,220,240740
2015-03-31,PLIC,1100,1119,1100,1110,1017,1130064
2015-04-01,PLIC,1110,1105,1091,1105,6124,6720199
2015-04-02,PLIC,1105,1115,1090,1099,3288,3606879
2015-04-05,PLIC,1099,1078,1078,1078,13,14014
2015-04-06,PLIC,1078,1080,1045,1070,1274,1361646
2015-04-07,PLIC,1070,1093,1060,1072,4735,5082975
2015-04-08,PLIC,1072,1105,1075,1100,2268,2475524
2015-04-09,PLIC,1100,1105,1083,1084,2384,2593180
2015-04-12,PLIC,1084,1105,1070,1070,120,131250
2015-04-13,PLIC,1070,1067,1040,1067,2593,2732223
2015-04-15,PLIC,1067,1095,1069,1080,3465,3763090
2015-04-16,PLIC,1080,1095,1085,1085,2108,2300612
2015-04-19,PLIC,1085,1090,1076,1085,332,359920
2015-04-20,PLIC,1085,1085,1070,1070,2084,2249015
2015-04-21,PLIC,1070,1080,1070,1080,496,534965
2015-04-22,PLIC,1080,1081,1070,1070,1107,1195187
2015-04-23,PLIC,1070,1061,1060,1060,214,226960
2015-05-28,PLIC,1060,1039,954,954,1338,1309842
2015-05-31,PLIC,954,935,891,901,2611,2355176
2015-06-01,PLIC,901,935,917,925,1844,1701627
2015-06-02,PLIC,925,961,933,958,573,538698
2015-06-03,PLIC,958,1050,977,1050,2853,2853254
2015-06-04,PLIC,1050,1115,1050,1064,1566,1699262
2015-06-07,PLIC,1064,1080,1074,1076,824,885797
2015-06-08,PLIC,1076,1115,1062,1082,927,1013556
2015-06-09,PLIC,1082,1147,1080,1088,4624,5087773
2015-06-10,PLIC,1088,1107,1067,1090,2061,2243114
2015-06-11,PLIC,1090,1105,1074,1098,11806,12820109
2015-06-14,PLIC,1098,1115,1082,1082,3742,4088429
2015-06-15,PLIC,1082,1090,1066,1085,1063,1150630
2015-06-16,PLIC,1085,1090,1071,1071,530,573200
2015-06-17,PLIC,1071,1075,1055,1075,870,929581
2015-06-18,PLIC,1075,1075,1054,1074,1436,1541742
2015-06-21,PLIC,1074,1075,1050,1051,924,973042
2015-06-22,PLIC,1051,1085,1060,1065,3827,4085206
2015-06-23,PLIC,1065,1130,1065,1099,8111,8808814
2015-06-24,PLIC,1099,1100,1090,1092,2172,2372753
2015-06-25,PLIC,1092,1113,1100,1111,9004,9957526
2015-06-28,PLIC,1111,1155,1108,1140,6357,7228618
2015-06-29,PLIC,1140,1206,1141,1206,11830,13843684
2015-06-30,PLIC,1206,1200,1160,1180,15602,18306944
2015-07-01,PLIC,1180,1190,1160,1172,7309,8581612
2015-07-02,PLIC,1172,1170,1150,1160,6280,7288056
2015-07-05,PLIC,1160,1162,1146,1151,1802,2080193
2015-07-06,PLIC,1151,1150,1130,1130,351,398250
2015-07-07,PLIC,1130,1164,1129,1164,5037,5763243
2015-07-08,PLIC,1164,1170,1160,1160,3657,4251048
2015-07-09,PLIC,1160,1166,1140,1162,2949,3423992
2015-07-12,PLIC,1162,1158,1150,1156,3120,3601656
2015-07-13,PLIC,1156,1145,1140,1145,1244,1419488
2015-07-14,PLIC,1145,1156,1150,1150,432,498280
2015-07-15,PLIC,1150,1155,1148,1148,237,272751
2015-07-16,PLIC,1148,1159,1136,1159,2459,2804991
2015-07-22,PLIC,1159,1160,1145,1150,3773,4341257
2015-07-23,PLIC,1150,1160,1140,1150,3998,4600262
2015-07-26,PLIC,1150,1219,1173,1219,676,802585
2015-07-27,PLIC,1219,1210,1145,1147,6717,7767238
2015-07-28,PLIC,1147,1168,1135,1135,2008,2314034
2015-07-29,PLIC,1135,1140,1120,1130,3355,3789470
2015-07-30,PLIC,1130,1175,1125,1160,2076,2387021
2015-08-02,PLIC,1160,1155,1140,1150,376,433035
2015-08-03,PLIC,1150,1165,1145,1152,2243,2596177
2015-08-04,PLIC,1152,1165,1150,1151,4801,5548780
2015-08-05,PLIC,1151,1211,1142,1211,4466,5175732
2015-08-06,PLIC,1211,1203,1176,1176,8863,10583814
2015-08-09,PLIC,1176,1222,1160,1185,3316,3904329
2015-08-10,PLIC,1185,1199,1163,1180,2914,3463708
2015-08-11,PLIC,1180,1195,1160,1195,3749,4421623
2015-08-12,PLIC,1195,1190,1170,1185,3917,4619958
2015-08-13,PLIC,1185,1202,1161,1184,4666,5527996
2015-08-16,PLIC,1184,1200,1184,1200,6529,7786335
2015-08-17,PLIC,1200,1190,1170,1190,1245,1477173
2015-08-18,PLIC,1190,1200,1181,1190,6300,7520425
2015-08-19,PLIC,1190,1210,1185,1205,10616,12752526
2015-08-20,PLIC,1205,1215,1195,1215,8969,10819899
2015-08-23,PLIC,1215,1211,1182,1190,11225,13430758
2015-08-24,PLIC,1190,1284,1213,1255,8151,10295666
2015-08-25,PLIC,1255,1315,1240,1289,3181,4071501
2015-08-26,PLIC,1289,1385,1314,1362,6297,8547934
2015-08-27,PLIC,1362,1480,1388,1480,4751,6827709
2015-08-31,PLIC,1480,1560,1482,1504,9339,14065041
2015-09-01,PLIC,1504,1534,1480,1495,8702,13041140
2015-09-02,PLIC,1495,1466,1465,1465,54,79120
2015-09-03,PLIC,1465,1460,1366,1390,1792,2515180
2015-09-06,PLIC,1390,1428,1364,1400,2426,3360265
2015-09-07,PLIC,1400,1415,1400,1400,1354,1905410
2015-09-08,PLIC,1400,1420,1400,1410,2139,3010470
2015-09-09,PLIC,1410,1410,1395,1401,661,924345
2015-09-10,PLIC,1401,1390,1350,1360,697,949850
2015-09-13,PLIC,1360,1408,1375,1385,1518,2105951
2015-09-14,PLIC,1385,1390,1380,1385,2027,2810510
2015-09-15,PLIC,1385,1409,1365,1370,3282,4504730
2015-09-16,PLIC,1370,1400,1376,1377,4716,6530142
2015-09-17,PLIC,1377,1380,1370,1380,1363,1875227
2015-09-22,PLIC,1380,1407,1333,1333,3888,5240046
2015-09-23,PLIC,1333,1386,1350,1386,1008,1378488
2015-09-24,PLIC,1386,1379,1355,1370,2178,2982131
2015-09-28,PLIC,1370,1355,1330,1331,3360,4522250
2015-09-29,PLIC,1331,1355,1320,1350,3346,4486578
2015-09-30,PLIC,1350,1340,1324,1340,168,222848
2015-10-01,PLIC,1340,1350,1340,1350,1263,1699915
2015-10-04,PLIC,1350,1369,1350,1365,1809,2456359
2015-10-05,PLIC,1365,1370,1352,1352,113,153010
2015-10-06,PLIC,1352,1355,1342,1350,1139,1538018
2015-10-07,PLIC,1350,1360,1330,1360,3453,4653540
2015-10-08,PLIC,1360,1397,1335,1397,1245,1690002
2015-10-11,PLIC,1397,1370,1370,1370,700,959000
2015-10-14,PLIC,1370,1350,1343,1343,220,296300
2015-10-15,PLIC,1343,1330,1320,1330,732,972773
2015-10-18,PLIC,1330,1316,1300,1300,2511,3278890
2015-10-19,PLIC,1300,1310,1300,1310,1481,1932900
2015-10-25,PLIC,1310,1310,1284,1310,989,1288126
2015-10-27,PLIC,1310,1290,1266,1270,911,1160164
2015-10-28,PLIC,1270,1250,1221,1250,856,1064854
2015-10-29,PLIC,1250,1290,1275,1290,364,466120
2015-11-01,PLIC,1290,1266,1240,1260,477,601120
2015-11-02,PLIC,1260,1280,1250,1250,1902,2400798
2015-11-03,PLIC,1250,1245,1212,1245,2189,2674968
2015-11-04,PLIC,1245,1269,1255,1262,815,1028114
2015-11-05,PLIC,1262,1260,1245,1245,1404,1754910
2015-11-08,PLIC,1245,1260,1235,1260,4182,5208290
2015-11-09,PLIC,1260,1295,1270,1275,315,404865
2015-11-10,PLIC,1275,1300,1285,1290,2148,2765260
2015-11-15,PLIC,1290,1305,1299,1300,3342,4347392
2015-11-16,PLIC,1300,1298,1276,1290,2984,3826740
2015-11-18,PLIC,1290,1300,1290,1300,1763,2285910
2015-11-19,PLIC,1300,1300,1280,1300,1422,1838696
2015-11-22,PLIC,1300,1300,1235,1250,3107,3897301
2015-11-23,PLIC,1250,1252,1225,1244,1543,1912016
2015-11-24,PLIC,1244,1245,1230,1245,319,394226
2015-11-25,PLIC,1245,1264,1250,1251,1356,1695578
2015-11-26,PLIC,1251,1245,1202,1230,5288,6485700
2015-11-29,PLIC,1230,1208,1175,1176,3465,4098988
2015-11-30,PLIC,1176,1200,1176,1200,3715,4428377
2015-12-01,PLIC,1200,1247,1200,1247,6087,7515810
2015-12-02,PLIC,1247,1244,1220,1239,2015,2485829
2015-12-03,PLIC,1239,1285,1235,1245,6788,8515062
2015-12-06,PLIC,1245,1303,1269,1300,3312,4257484
2015-12-07,PLIC,1300,1344,1300,1310,7040,9295898
2015-12-08,PLIC,1310,1349,1312,1340,6869,9181741
2015-12-09,PLIC,1340,1393,1355,1365,1262,1725769
2015-12-10,PLIC,1365,1380,1340,1347,6472,8770858
2015-12-13,PLIC,1347,1370,1340,1360,6944,9427132
2015-12-14,PLIC,1360,1392,1362,1390,4562,6299841
2015-12-15,PLIC,1390,1529,1417,1444,29661,43150972
2015-12-16,PLIC,1444,1470,1373,1435,16057,22728628
2015-12-17,PLIC,1435,1435,1380,1400,5871,8198733
2015-12-20,PLIC,1400,1456,1373,1456,3291,4619652
2015-12-21,PLIC,1456,1485,1390,1450,12497,17741956
2015-12-22,PLIC,1450,1500,1436,1450,11237,16331956
2015-12-23,PLIC,1450,1467,1449,1450,9835,14307827
2015-12-24,PLIC,1450,1476,1450,1470,4636,6779108
2015-12-27,PLIC,1470,1473,1445,1450,2418,3526108
2015-12-28,PLIC,1450,1451,1436,1436,2708,3909632
2015-12-29,PLIC,1436,1500,1440,1479,8878,13118411
2015-12-31,PLIC,1479,1514,1488,1510,17943,26909420
2016-01-03,PLIC,1510,1570,1526,1555,15632,24158542
2016-01-04,PLIC,1555,1595,1550,1565,12795,20032092
2016-01-05,PLIC,1565,1556,1516,1516,8983,13843881
2016-01-06,PLIC,1516,1538,1500,1538,6289,9504123
2016-01-07,PLIC,1538,1567,1540,1541,8366,12940013
2016-01-10,PLIC,1541,1550,1520,1540,1913,2945075
2016-01-11,PLIC,1540,1550,1537,1537,4862,7507348
2016-01-12,PLIC,1537,1535,1525,1525,1727,2642937
2016-01-13,PLIC,1525,1550,1541,1541,1080,1670610
2016-01-14,PLIC,1541,1570,1525,1570,10927,16972184
2016-01-17,PLIC,1570,1695,1585,1660,23767,38942968
2016-01-18,PLIC,1660,1640,1580,1634,22058,35589772
2016-01-19,PLIC,1634,1660,1584,1655,13431,21856410
2016-01-20,PLIC,1655,1670,1650,1670,13019,21619782
2016-01-21,PLIC,1670,1668,1640,1662,7745,12848317
2016-01-24,PLIC,1662,1670,1637,1652,7551,12517532
2016-01-25,PLIC,1652,1645,1633,1635,3250,5326360
2016-01-26,PLIC,1635,1635,1616,1632,2462,3999453
2016-01-27,PLIC,1632,1635,1620,1634,3037,4946943
2016-01-28,PLIC,1634,1635,1618,1618,5484,8894864
2016-01-31,PLIC,1618,1620,1610,1619,1828,2950975
2016-02-01,PLIC,1619,1645,1620,1627,2104,3434271
2016-02-02,PLIC,1627,1627,1613,1626,1286,2087895
2016-02-03,PLIC,1626,1630,1625,1625,399,649759
2016-02-04,PLIC,1625,1638,1618,1629,3051,4975217
2016-02-07,PLIC,1629,1660,1616,1632,4605,7494825
2016-02-08,PLIC,1632,1660,1625,1640,4873,7997789
2016-02-11,PLIC,1640,1650,1620,1630,4645,7594787
2016-02-14,PLIC,1630,1655,1615,1625,3528,5760760
2016-02-15,PLIC,1625,1645,1618,1635,4711,7680337
2016-02-16,PLIC,1635,1630,1622,1623,1062,1725230
2016-02-17,PLIC,1623,1635,1623,1630,1448,2356580
2016-02-18,PLIC,1630,1647,1617,1647,7346,11968687
2016-02-21,PLIC,1647,1650,1633,1635,3242,5317871
2016-02-22,PLIC,1635,1682,1646,1646,2567,4248520
2016-02-23,PLIC,1646,1650,1640,1650,1027,1693230
2016-02-24,PLIC,1650,1650,1626,1626,865,1418030
2016-02-25,PLIC,1626,1631,1594,1620,1816,2934582
2016-02-28,PLIC,1620,1620,1603,1605,1144,1838552
2016-02-29,PLIC,1605,1625,1602,1620,440,708890
2016-03-01,PLIC,1620,1630,1600,1605,2478,3987509
2016-03-02,PLIC,1605,1630,1605,1620,1787,2890973
2016-03-03,PLIC,1620,1625,1600,1622,5050,8161230
2016-03-06,PLIC,1622,1681,1620,1681,5946,9733988
2016-03-10,PLIC,1681,1750,1690,1750,7540,12958138
2016-03-13,PLIC,1750,1785,1653,1763,5772,9990290
2016-03-14,PLIC,1763,1750,1681,1681,4660,7975187
2016-03-15,PLIC,1681,1732,1699,1712,5214,8912813
2016-03-16,PLIC,1712,1735,1700,1713,4842,8305504
2016-03-17,PLIC,1713,1740,1701,1735,3626,6242571
2016-03-20,PLIC,1735,1770,1715,1760,2759,4848590
2016-03-21,PLIC,1760,1790,1750,1750,4906,8665516
2016-03-23,PLIC,1750,1740,1715,1720,920,1584006
2016-03-24,PLIC,1720,1720,1700,1700,3469,5924188
2016-03-27,PLIC,1700,1715,1680,1715,3406,5791706
2016-03-28,PLIC,1715,1707,1670,1685,4639,7821435
2016-03-29,PLIC,1685,1710,1690,1704,1674,2843968
2016-03-30,PLIC,1704,1710,1695,1710,1912,3254463
2016-03-31,PLIC,1710,1704,1677,1700,3247,5470100
2016-04-03,PLIC,1700,1690,1668,1690,450,755200
2016-04-04,PLIC,1690,1695,1665,1676,2761,4629856
2016-04-05,PLIC,1676,1692,1684,1687,2494,4211924
2016-04-06,PLIC,1687,1690,1670,1670,689,1152330
2016-04-10,PLIC,1670,1670,1660,1660,2160,3599240
2016-04-11,PLIC,1660,1675,1660,1674,2948,4908242
2016-04-12,PLIC,1674,1685,1655,1655,594,993970
2016-04-14,PLIC,1655,1680,1675,1675,714,1198375
2016-04-17,PLIC,1675,1675,1661,1675,2652,4430010
2016-04-18,PLIC,1675,1680,1675,1676,2473,4147545
2016-04-19,PLIC,1676,1690,1645,1670,3431,5735562
2016-04-20,PLIC,1670,1755,1670,1755,3150,5343441
2016-04-21,PLIC,1755,1731,1691,1700,5006,8561933
2016-04-24,PLIC,1700,1723,1690,1716,4640,7902704
2016-04-25,PLIC,1716,1753,1717,1740,4804,8340789
2016-04-26,PLIC,1740,1760,1740,1740,3683,6447964
2016-04-27,PLIC,1740,1760,1735,1760,4412,7706608
2016-04-28,PLIC,1760,1800,1736,1779,5340,9401761
2016-05-02,PLIC,1779,1785,1755,1768,4490,7943485
2016-05-03,PLIC,1768,1805,1760,1784,6820,12068534
2016-05-04,PLIC,1784,1810,1752,1801,6627,11850581
2016-05-05,PLIC,1801,1805,1765,1780,4934,8806769
2016-05-08,PLIC,1780,1815,1770,1780,5300,9459886
2016-05-09,PLIC,1780,1780,1730,1764,3757,6642256
2016-05-10,PLIC,1764,1777,1762,1770,9098,16116360
2016-05-11,PLIC,1770,1779,1762,1767,5183,9176340
2016-05-12,PLIC,1767,1775,1763,1770,10731,19004764
2016-05-15,PLIC,1770,1767,1750,1765,7313,12846356
2016-05-16,PLIC,1765,1760,1750,1753,2418,4247899
2016-05-17,PLIC,1753,1775,1760,1765,2528,4473281
2016-05-18,PLIC,1765,1820,1795,1820,8134,14698522
2016-05-19,PLIC,1820,1861,1820,1820,10193,18767076
2016-05-22,PLIC,1820,1900,1820,1900,7030,13176146
2016-05-23,PLIC,1900,1921,1850,1900,7897,14857241
2016-05-24,PLIC,1900,1920,1885,1910,7232,13768453
2016-05-25,PLIC,1910,1890,1862,1875,4245,7955378
2016-05-26,PLIC,1875,1872,1830,1870,2502,4652986
2016-05-29,PLIC,1870,1905,1850,1850,2889,5414555
2016-05-30,PLIC,1850,1870,1851,1851,2615,4858551
2016-05-31,PLIC,1851,1855,1800,1820,9808,17810484
2016-06-01,PLIC,1820,1830,1785,1800,3169,5734666
2016-06-02,PLIC,1800,1795,1731,1780,6112,10869354
2016-06-05,PLIC,1780,1815,1691,1700,4663,8211823
2016-06-06,PLIC,1700,1768,1725,1740,6146,10665881
2016-06-07,PLIC,1740,1790,1735,1789,2018,3558424
2016-06-08,PLIC,1789,1830,1788,1820,2991,5422210
2016-06-09,PLIC,1820,1900,1850,1875,12979,24413980
2016-06-12,PLIC,1875,1940,1860,1910,9583,18212868
2016-06-13,PLIC,1910,1920,1881,1900,10848,20563978
2016-06-14,PLIC,1900,1979,1891,1979,17202,33329876
2016-06-15,PLIC,1979,2176,1970,2176,21903,45340800
2016-06-16,PLIC,2176,2393,2219,2380,28831,68108248
2016-06-19,PLIC,2380,2450,2171,2280,22209,52145536
2016-06-20,PLIC,2280,2325,2230,2230,13605,30815560
2016-06-21,PLIC,2230,2274,2181,2205,8993,20038072
2016-06-22,PLIC,2205,2227,2190,2227,17033,37542540
2016-06-23,PLIC,2227,2349,2205,2205,6650,14982219
2016-06-26,PLIC,2205,2285,2206,2260,9728,21860026
2016-06-27,PLIC,2260,2305,2270,2271,12497,28554480
2016-06-28,PLIC,2271,2366,2280,2366,20618,47502528
2016-06-29,PLIC,2366,2585,2400,2490,20121,49717048
2016-06-30,PLIC,2490,2545,2450,2495,14930,37326320
2016-07-03,PLIC,2495,2499,2401,2405,6285,15429600
2016-07-04,PLIC,2405,2400,2350,2379,2946,7008689
2016-07-05,PLIC,2379,2370,2321,2350,4014,9419454
2016-07-06,PLIC,2350,2350,2316,2326,9258,21606660
2016-07-10,PLIC,2326,2397,2266,2310,11943,27809678
2016-07-11,PLIC,2310,2270,2206,2220,12887,28720946
2016-07-12,PLIC,2220,2250,2039,2201,9355,20431018
2016-07-13,PLIC,2201,2160,2080,2113,5933,12545441
2016-07-14,PLIC,2113,2200,2113,2200,3831,8242603
2016-07-17,PLIC,2200,2200,2113,2200,4189,9087892
2016-07-18,PLIC,2200,2408,2156,2408,6182,14259017
2016-07-19,PLIC,2408,2494,2290,2400,30153,72832904
2016-07-20,PLIC,2400,2450,2335,2335,9296,22265028
2016-07-21,PLIC,2335,2371,2292,2345,3228,7534640
2016-07-25,PLIC,2345,2370,2300,2344,6770,15815080
2016-07-26,PLIC,2344,2372,2330,2333,6481,15209713
2016-07-27,PLIC,2333,2370,2340,2357,6206,14649319
2016-07-28,PLIC,2357,2410,2310,2406,4507,10767232
2016-07-31,PLIC,2406,2400,2305,2366,2002,4724935
2016-08-01,PLIC,2366,2360,2300,2345,4090,9494830
2016-08-02,PLIC,2345,2330,2290,2292,1176,2709088
2016-08-03,PLIC,2292,2310,2203,2289,2358,5347281
2016-08-04,PLIC,2289,2245,2130,2130,4268,9302714
2016-08-07,PLIC,2130,2227,2100,2107,3518,7642258
2016-08-08,PLIC,2107,2149,1966,1966,747,1541284
2016-08-09,PLIC,1966,2162,2005,2162,600,1293280
2016-08-10,PLIC,2162,2205,2103,2149,6099,13091374
2016-08-11,PLIC,2149,2189,2100,2170,2398,5120334
2016-08-14,PLIC,2170,2254,2132,2165,7877,17199888
2016-08-15,PLIC,2165,2151,2070,2076,4914,10361256
2016-08-16,PLIC,2076,2104,2005,2104,3532,7311696
2016-08-17,PLIC,2104,2228,2120,2190,3322,7254410
2016-08-21,PLIC,2190,2193,2119,2125,2573,5574517
2016-08-22,PLIC,2125,2100,2040,2059,3513,7289674
2016-08-23,PLIC,2059,2100,2000,2050,1946,3983033
2016-08-24,PLIC,2050,2230,2075,2230,6388,13694174
2016-08-28,PLIC,2230,2325,2200,2300,15022,33751456
2016-08-29,PLIC,2300,2346,2256,2270,5844,13436467
2016-08-30,PLIC,2270,2231,2215,2230,2064,4596885
2016-08-31,PLIC,2230,2296,2230,2268,1833,4165735
2016-09-01,PLIC,2268,2320,2250,2320,4073,9273935
2016-09-03,PLIC,2320,2300,2275,2281,2831,6481857
2016-09-05,PLIC,2281,2255,2215,2215,1110,2481690
2016-09-06,PLIC,2215,2288,2172,2230,7033,15781366
2016-09-07,PLIC,2230,2295,2249,2261,2708,6136964
2016-09-08,PLIC,2261,2360,2250,2330,12109,27863060
2016-09-11,PLIC,2330,2376,2287,2311,3564,8280770
2016-09-12,PLIC,2311,2310,2272,2272,2908,6653339
2016-09-14,PLIC,2272,2280,2250,2280,2610,5915020
2016-09-18,PLIC,2280,2300,2240,2300,5222,11891926
2016-09-20,PLIC,2300,2320,2240,2276,4610,10529632
2016-09-21,PLIC,2276,2340,2250,2311,8381,19244456
2016-09-22,PLIC,2311,2328,2290,2300,5102,11771870
2016-09-25,PLIC,2300,2310,2230,2250,4660,10534898
2016-09-26,PLIC,2250,2274,2210,2250,1329,2999476
2016-09-27,PLIC,2250,2250,2205,2250,1767,3918860
2016-09-28,PLIC,2250,2248,2220,2225,927,2061822
2016-09-29,PLIC,2225,2250,2185,2220,1604,3561068
2016-10-02,PLIC,2220,2264,2200,2260,1763,3920220
2016-10-03,PLIC,2260,2320,2260,2305,2082,4785786
2016-10-04,PLIC,2305,2312,2276,2295,2096,4825769
2016-10-05,PLIC,2295,2346,2271,2271,4900,11326022
2016-10-06,PLIC,2271,2348,2300,2322,6013,13908357
2016-10-16,PLIC,2322,2276,2276,2276,300,682800
2016-10-17,PLIC,2276,2298,2240,2298,822,1857738
2016-10-18,PLIC,2298,2343,2255,2271,3031,6887610
2016-10-19,PLIC,2271,2295,2265,2275,4380,10021637
2016-10-20,PLIC,2275,2300,2270,2298,2795,6396064
2016-10-23,PLIC,2298,2320,2235,2251,1995,4521754
2016-10-24,PLIC,2251,2285,2228,2228,1458,3265659
2016-10-25,PLIC,2228,2265,2221,2230,1311,2923744
2016-10-26,PLIC,2230,2250,2220,2250,1063,2372445
2016-10-27,PLIC,2250,2270,2252,2270,439,991569
2016-11-03,PLIC,2270,2260,2231,2260,400,895300
2016-11-07,PLIC,2260,2260,2240,2260,922,2078016
2016-11-08,PLIC,2260,2250,2200,2201,705,1559638
2016-11-09,PLIC,2201,2210,2157,2165,2132,4638712
2016-11-10,PLIC,2165,2202,2134,2145,4264,9181578
2016-11-13,PLIC,2145,2200,2130,2200,462,998456
2016-11-14,PLIC,2200,2180,2161,2180,467,1012590
2016-11-15,PLIC,2180,2195,2161,2165,661,1439669
2016-11-16,PLIC,2165,2258,2200,2249,2873,6415482
2016-11-17,PLIC,2249,2231,2148,2148,2064,4537792
2016-11-20,PLIC,2148,2106,1960,2000,6356,12814101
2016-11-21,PLIC,2000,2050,1964,2010,2178,4328920
2016-11-22,PLIC,2010,2030,1980,1980,2398,4792084
2016-11-23,PLIC,1980,1972,1815,1815,4657,8743290
2016-11-24,PLIC,1815,1958,1700,1775,7142,12832008
2016-11-27,PLIC,1775,1800,1639,1639,4358,7470652
2016-11-28,PLIC,1639,1734,1476,1667,8803,13638012
2016-11-29,PLIC,1667,1774,1635,1774,5474,9369575
2016-11-30,PLIC,1774,1909,1775,1900,7596,13942733
2016-12-01,PLIC,1900,1940,1834,1875,6183,11692723
2016-12-04,PLIC,1875,1890,1800,1810,5948,10886863
2016-12-05,PLIC,1810,1812,1762,1763,3008,5341904
2016-12-06,PLIC,1763,1840,1765,1840,1957,3516682
2016-12-07,PLIC,1840,1860,1785,1830,1656,3033396
2016-12-08,PLIC,1830,1840,1730,1840,1953,3537850
2016-12-11,PLIC,1840,1835,1803,1803,496,897250
2016-12-12,PLIC,1803,1825,1733,1789,1571,2783960
2016-12-14,PLIC,1789,1790,1754,1790,1114,1967840
2016-12-15,PLIC,1790,1829,1764,1800,3540,6368810
2016-12-18,PLIC,1800,1835,1785,1820,1488,2702326
2016-12-19,PLIC,1820,1810,1790,1797,1677,3017650
2016-12-20,PLIC,1797,1786,1762,1762,1110,1965830
2016-12-21,PLIC,1762,1750,1727,1728,1702,2947415
2016-12-22,PLIC,1728,1730,1694,1711,1731,2970400
2016-12-26,PLIC,1711,1700,1627,1627,2056,3451701
2016-12-27,PLIC,1627,1619,1515,1515,4774,7379290
2016-12-28,PLIC,1515,1580,1486,1535,2584,3966091
2016-12-29,PLIC,1535,1658,1545,1599,6406,10249643
2017-01-01,PLIC,1599,1661,1600,1625,4274,6920740
2017-01-02,PLIC,1625,1657,1595,1600,4688,7580360
2017-01-03,PLIC,1600,1629,1570,1587,2745,4366677
2017-01-04,PLIC,1587,1606,1570,1606,3204,5120362
2017-01-05,PLIC,1606,1625,1593,1593,701,1132154
2017-01-08,PLIC,1593,1605,1576,1576,986,1564720
2017-01-09,PLIC,1576,1630,1563,1630,2187,3519030
2017-01-10,PLIC,1630,1655,1598,1649,2376,3872549
2017-01-11,PLIC,1649,1681,1637,1645,1190,1965490
2017-01-12,PLIC,1645,1700,1640,1690,3994,6693590
2017-01-15,PLIC,1690,1658,1620,1622,2978,4864136
2017-01-16,PLIC,1622,1640,1590,1605,884,1419930
2017-01-17,PLIC,1605,1624,1600,1606,1237,1993420
2017-01-18,PLIC,1606,1638,1613,1638,1851,3008509
2017-01-19,PLIC,1638,1660,1632,1654,2342,3860248
2017-01-22,PLIC,1654,1687,1645,1645,2252,3718961
2017-01-23,PLIC,1645,1677,1617,1630,1217,2000270
2017-01-24,PLIC,1630,1662,1600,1620,2024,3263753
2017-01-25,PLIC,1620,1615,1540,1541,2741,4301535
2017-01-26,PLIC,1541,1555,1470,1495,4607,6943825
2017-01-30,PLIC,1495,1495,1346,1360,8526,11683306
2017-01-31,PLIC,1360,1380,1299,1365,3568,4758048
2017-02-01,PLIC,1365,1484,1389,1484,2550,3599170
2017-02-02,PLIC,1484,1530,1432,1480,3921,5876792
2017-02-05,PLIC,1480,1480,1422,1422,1447,2081458
2017-02-06,PLIC,1422,1400,1355,1400,662,916944
2017-02-07,PLIC,1400,1400,1370,1399,1665,2293864
2017-02-08,PLIC,1399,1380,1350,1375,1399,1900728
2017-02-09,PLIC,1375,1348,1275,1300,2784,3665146
2017-02-12,PLIC,1300,1274,1170,1170,5406,6410443
2017-02-13,PLIC,1170,1192,1060,1170,3533,3856686
2017-02-14,PLIC,1170,1190,1114,1140,1992,2305487
2017-02-15,PLIC,1140,1254,1150,1250,4503,5429679
2017-02-16,PLIC,1250,1370,1250,1350,8464,11014961
2017-02-19,PLIC,1350,1410,1296,1370,6761,9231390
2017-02-20,PLIC,1370,1481,1371,1428,5444,7738598
2017-02-21,PLIC,1428,1485,1335,1335,13011,17994280
2017-02-22,PLIC,1335,1380,1315,1325,5137,6847900
2017-02-23,PLIC,1325,1340,1314,1324,1030,1366817
2017-02-26,PLIC,1324,1300,1270,1270,1584,2024035
2017-02-28,PLIC,1270,1245,1180,1205,5289,6345343
2017-03-01,PLIC,1205,1253,1200,1253,5704,6936779
2017-03-02,PLIC,1253,1303,1231,1290,3018,3874122
2017-03-05,PLIC,1290,1370,1285,1320,4370,5826134
2017-03-06,PLIC,1320,1366,1325,1355,9212,12406562
2017-03-07,PLIC,1355,1382,1302,1368,4389,5912739
2017-03-09,PLIC,1368,1450,1346,1440,11751,16531898
2017-03-13,PLIC,1440,1485,1448,1448,4465,6549631
2017-03-14,PLIC,1448,1465,1420,1421,3130,4508340
2017-03-15,PLIC,1421,1479,1400,1435,4950,7140071
2017-03-16,PLIC,1435,1488,1450,1461,3674,5366582
2017-03-19,PLIC,1461,1607,1452,1607,14527,22552270
2017-03-20,PLIC,1607,1723,1611,1723,21150,35326264
2017-03-21,PLIC,1723,1759,1653,1710,24756,42540564
2017-03-22,PLIC,1710,1744,1675,1698,15579,26646718
2017-03-23,PLIC,1698,1725,1665,1700,8162,13809447
2017-03-26,PLIC,1700,1820,1720,1780,15463,27331548
2017-03-28,PLIC,1780,1889,1800,1850,7843,14486032
2017-03-29,PLIC,1850,1875,1770,1795,12003,21769668
2017-03-30,PLIC,1795,1840,1740,1801,7157,12866999
2017-04-02,PLIC,1801,1981,1837,1981,70,135110
2017-04-03,PLIC,1981,2179,2020,2060,26202,56539084
2017-04-04,PLIC,2060,2210,2078,2197,24092,51977452
2017-04-06,PLIC,2197,2230,2118,2205,8607,18757808
2017-04-09,PLIC,2205,2320,2200,2298,11649,26378894
2017-04-10,PLIC,2298,2370,2301,2360,8888,20753252
2017-04-11,PLIC,2360,2400,2310,2325,12273,28644372
2017-04-12,PLIC,2325,2385,2295,2300,16536,38726892
2017-04-13,PLIC,2300,2354,2261,2329,9844,22666622
2017-04-16,PLIC,2329,2370,2250,2316,20185,46495552
2017-04-18,PLIC,2316,2340,2190,2298,26287,60207884
2017-04-19,PLIC,2298,2390,2265,2390,14782,34279488
2017-04-20,PLIC,2390,2400,2335,2369,18294,43294176
2017-04-23,PLIC,2369,2563,2416,2480,20678,51137888
2017-04-24,PLIC,2480,2480,2410,2435,17039,41681016
2017-04-25,PLIC,2435,2525,2400,2518,33887,84284056
2017-04-26,PLIC,2518,2525,2490,2515,9640,24160184
2017-04-27,PLIC,2515,2513,2445,2510,14104,35147904
2017-04-30,PLIC,2510,2519,2460,2488,13925,34546964
2017-05-02,PLIC,2488,2530,2465,2498,7964,19852590
2017-05-03,PLIC,2498,2519,2490,2504,8884,22263788
2017-05-04,PLIC,2504,2520,2480,2488,8118,20222252
2017-05-07,PLIC,2488,2490,2432,2432,6508,15973223
2017-05-08,PLIC,2432,2470,2403,2432,2985,7281855
2017-05-09,PLIC,2432,2550,2459,2550,11711,29354296
2017-05-11,PLIC,2550,2578,2525,2578,11573,29479052
2017-05-15,PLIC,2578,2571,2540,2570,4765,12163384
2017-05-16,PLIC,2570,2550,2515,2522,3919,9928026
2017-05-17,PLIC,2522,2545,2515,2515,3001,7586394
2017-05-18,PLIC,2515,2538,2505,2510,7406,18678496
2017-05-21,PLIC,2510,2560,2520,2530,3710,9390686
2017-05-22,PLIC,2530,2510,2482,2510,723,1800627
2017-05-23,PLIC,2510,2540,2509,2515,3424,8639465
2017-05-24,PLIC,2515,2525,2500,2525,2238,5618319
2017-05-28,PLIC,2525,2530,2481,2500,3357,8426866
2017-05-30,PLIC,2500,2500,2460,2472,6073,15052150
2017-05-31,PLIC,2472,2500,2426,2482,2472,6086398
2017-06-01,PLIC,2482,2485,2440,2485,1678,4147595
2017-06-04,PLIC,2485,2490,2435,2460,4734,11594039
2017-06-05,PLIC,2460,2465,2435,2450,3775,9246555
2017-06-06,PLIC,2450,2501,2470,2480,1926,4797135
2017-06-07,PLIC,2480,2529,2465,2480,4792,11923044
2017-06-08,PLIC,2480,2480,2450,2450,3905,9612571
2017-06-11,PLIC,2450,2455,2430,2445,3334,8114370
2017-06-12,PLIC,2445,2460,2397,2420,4110,9961535
2017-06-13,PLIC,2420,2445,2401,2401,1592,3861291
2017-06-14,PLIC,2401,2440,2425,2440,2301,5600230
2017-06-15,PLIC,2440,2465,2440,2465,4198,10308140
2017-06-18,PLIC,2465,2682,2500,2644,28670,74616144
2017-06-19,PLIC,2644,2622,2532,2549,11993,30758112
2017-06-20,PLIC,2549,2600,2480,2518,10193,25808912
2017-06-21,PLIC,2518,2565,2511,2560,6846,17438868
2017-06-22,PLIC,2560,2573,2545,2566,10750,27478564
2017-06-25,PLIC,2566,2595,2560,2570,5780,14839368
2017-06-27,PLIC,2570,2584,2550,2550,3968,10187560
2017-06-28,PLIC,2550,2560,2510,2560,7866,19995104
2017-07-02,PLIC,2560,2565,2530,2548,5017,12746079
2017-07-03,PLIC,2548,2555,2525,2526,1267,3215713
2017-07-04,PLIC,2526,2530,2510,2520,2507,6310809
2017-07-05,PLIC,2520,2530,2515,2530,2750,6934757
2017-07-06,PLIC,2530,2595,2545,2575,3107,7949133
2017-07-09,PLIC,2575,2610,2490,2560,6118,15464850
2017-07-10,PLIC,2560,2560,2540,2545,3280,8374541
2017-07-11,PLIC,2545,2580,2535,2565,6473,16625400
2017-07-12,PLIC,2565,2583,2525,2557,2745,7012795
2017-07-13,PLIC,2557,2562,2536,2555,4759,12146155
2017-07-16,PLIC,2555,2699,2555,2699,17520,46534504
2017-07-17,PLIC,2699,2714,2666,2675,10294,27710884
2017-07-18,PLIC,2675,2696,2650,2683,8777,23429464
2017-07-19,PLIC,2683,2710,2660,2667,8356,22424738
2017-07-20,PLIC,2667,2685,2667,2671,7473,19994692
2017-07-23,PLIC,2671,2720,2675,2700,10067,27179844
2017-07-24,PLIC,2700,2725,2680,2725,9813,26503642
2017-07-25,PLIC,2725,2740,2700,2740,9025,24595044
2017-07-26,PLIC,2740,2840,2755,2825,12276,34308308
2017-07-27,PLIC,2825,2895,2799,2895,18348,51954608
2017-07-30,PLIC,2895,2838,2652,2724,20954,57344480
2017-07-31,PLIC,2724,2730,2702,2704,13431,36450620
2017-08-01,PLIC,2704,2725,2672,2700,7517,20337364
2017-08-02,PLIC,2700,2754,2680,2715,9630,26024898
2017-08-03,PLIC,2715,2720,2680,2700,5904,15990761
2017-08-06,PLIC,2700,2719,2681,2700,3345,9029247
2017-08-07,PLIC,2700,2703,2680,2695,1876,5057745
2017-08-09,PLIC,2695,2730,2690,2700,3865,10476835
2017-08-10,PLIC,2700,2715,2680,2704,7916,21315796
2017-08-13,PLIC,2704,2720,2676,2685,6354,17111512
2017-08-15,PLIC,2685,2705,2685,2685,2092,5641196
2017-08-16,PLIC,2685,2715,2688,2699,4281,11553199
2017-08-17,PLIC,2699,2710,2650,2682,5853,15657596
2017-08-20,PLIC,2682,2774,2720,2774,19750,54319108
2017-08-21,PLIC,2774,2900,2710,2720,26264,72161944
2017-08-22,PLIC,2720,2738,2670,2670,14488,39117112
2017-08-23,PLIC,2670,2680,2660,2665,6892,18378766
2017-08-24,PLIC,2665,2700,2670,2695,5080,13599678
2017-08-27,PLIC,2695,2711,2660,2674,15978,42623984
2017-08-28,PLIC,2674,2700,2655,2684,16551,44313312
2017-08-30,PLIC,2147,2189,2092,2092,6069,12804896
2017-08-31,PLIC,2092,2071,2000,2037,3047,6198747
2017-09-04,PLIC,2037,2054,1922,1979,7491,14816291
2017-09-06,PLIC,1979,2018,1955,1975,2062,4054431
2017-09-07,PLIC,1975,1960,1900,1920,1475,2831430
2017-09-10,PLIC,1920,1920,1860,1861,2797,5249520
2017-09-11,PLIC,1861,1930,1854,1880,4618,8699172
2017-09-12,PLIC,1880,1870,1800,1800,2734,5021356
2017-09-13,PLIC,1800,1885,1825,1830,9648,17762008
2017-09-14,PLIC,1830,1891,1835,1880,7800,14440805
2017-09-17,PLIC,1880,1928,1817,1925,6680,12653140
2017-09-18,PLIC,1925,1950,1900,1916,1706,3265909
2017-09-20,PLIC,1916,1920,1890,1900,1880,3578760
2017-09-24,PLIC,1900,1900,1890,1899,260,492410
2017-09-25,PLIC,1899,1892,1875,1880,1323,2484955
2017-09-26,PLIC,1880,1900,1875,1880,1380,2599925
2017-10-03,PLIC,1880,1880,1875,1880,20,37550
2017-10-04,PLIC,1880,1888,1851,1888,1134,2119029
2017-10-08,PLIC,1888,1852,1815,1825,2315,4228515
2017-10-09,PLIC,1825,1825,1800,1825,2655,4809620
2017-10-10,PLIC,1825,1835,1801,1801,711,1292771
2017-10-11,PLIC,1801,1830,1810,1818,1445,2620065
2017-10-12,PLIC,1818,1835,1820,1820,2436,4454480
2017-10-15,PLIC,1820,1850,1795,1830,1065,1929050
2017-10-16,PLIC,1830,1900,1831,1900,2930,5427600
2017-10-17,PLIC,1900,1905,1862,1890,1620,3057720
2017-10-18,PLIC,1890,1885,1861,1880,717,1347187
2017-10-22,PLIC,1880,1875,1863,1863,975,1820850
2017-10-23,PLIC,1863,1870,1855,1855,2721,5060945
2017-10-24,PLIC,1855,1870,1850,1855,1200,2223155
2017-10-25,PLIC,1855,1855,1835,1846,1099,2030610
2017-10-29,PLIC,1846,1835,1815,1820,1688,3072340
2017-10-30,PLIC,1820,1845,1811,1811,3542,6461977
2017-10-31,PLIC,1811,1820,1811,1811,233,422189
2017-11-01,PLIC,1811,1810,1790,1795,2775,4988940
2017-11-02,PLIC,1795,1800,1783,1800,1440,2575610
2017-11-05,PLIC,1800,1780,1740,1760,3855,6754135
2017-11-06,PLIC,1760,1767,1730,1765,3544,6192835
2017-11-07,PLIC,1765,1770,1732,1732,1191,2071865
2017-11-08,PLIC,1732,1723,1677,1720,2363,4024870
2017-11-09,PLIC,1720,1745,1688,1720,1741,3005156
2017-11-12,PLIC,1720,1735,1718,1735,350,602100
2017-11-13,PLIC,1735,1820,1750,1820,2476,4361524
2017-11-14,PLIC,1820,1840,1770,1840,4029,7295755
2017-11-15,PLIC,1840,1874,1830,1830,10540,19546024
2017-11-16,PLIC,1830,1860,1828,1840,3939,7234804
2017-11-19,PLIC,1840,1830,1790,1790,4301,7733093
2017-11-20,PLIC,1790,1815,1770,1770,2038,3651275
2017-11-21,PLIC,1770,1805,1782,1805,6575,11788384
2017-11-22,PLIC,1805,1822,1795,1813,3361,6083357
2017-11-23,PLIC,1813,1835,1800,1800,4993,9089251
2017-11-26,PLIC,1800,1833,1800,1829,4701,8545774
2017-11-27,PLIC,1829,1830,1803,1821,4327,7845236
2017-11-28,PLIC,1821,1840,1810,1825,2715,4959125
2017-11-29,PLIC,1825,1890,1835,1850,8598,15978315
2017-11-30,PLIC,1850,1900,1850,1875,7413,13939596
2017-12-04,PLIC,1875,1885,1851,1862,1643,3067540
2017-12-05,PLIC,1862,1885,1848,1874,1388,2597261
2017-12-06,PLIC,1874,1898,1880,1895,4235,7996729
2017-12-10,PLIC,1895,1902,1865,1865,3959,7415937
2017-12-11,PLIC,1865,1865,1855,1865,2284,4249660
2017-12-12,PLIC,1865,1870,1840,1840,1969,3648360
2017-12-13,PLIC,1840,1863,1840,1858,1313,2432229
2017-12-14,PLIC,1858,1858,1845,1856,2157,3983654
2017-12-17,PLIC,1856,1850,1840,1845,313,577735
2017-12-18,PLIC,1845,1849,1835,1849,4156,7663970
2017-12-19,PLIC,1849,1840,1829,1840,1131,2074253
2017-12-20,PLIC,1840,1828,1815,1815,1237,2254100
2017-12-21,PLIC,1815,1810,1790,1790,1938,3480214
2017-12-24,PLIC,1790,1800,1780,1785,2145,3845481
2017-12-26,PLIC,1785,1785,1751,1760,1920,3391728
2017-12-27,PLIC,1760,1765,1732,1750,2234,3906296
2017-12-28,PLIC,1750,1775,1746,1750,948,1674950
2017-12-31,PLIC,1750,1750,1716,1721,2597,4502230
2018-01-01,PLIC,1721,1789,1745,1789,1648,2915043
2018-01-02,PLIC,1789,1824,1779,1779,1620,2911890
2018-01-03,PLIC,1779,1780,1745,1745,846,1482546
2018-01-04,PLIC,1745,1742,1713,1742,1142,1968335
2018-01-07,PLIC,1742,1770,1742,1769,330,580296
2018-01-08,PLIC,1769,1763,1760,1761,240,422698
2018-01-09,PLIC,1761,1798,1766,1798,3904,6939353
2018-01-10,PLIC,1798,1781,1752,1760,1016,1795482
2018-01-14,PLIC,1760,1740,1706,1730,1055,1826550
2018-01-16,PLIC,1730,1734,1696,1715,1507,2590112
2018-01-17,PLIC,1715,1733,1692,1694,4646,7887696
2018-01-21,PLIC,1694,1700,1694,1695,1005,1705335
2018-01-22,PLIC,1695,1704,1681,1681,1036,1759065
2018-01-23,PLIC,1681,1670,1650,1655,1336,2212909
2018-01-24,PLIC,1655,1670,1655,1655,269,446015
2018-01-25,PLIC,1655,1710,1650,1710,2858,4769904
2018-01-28,PLIC,1710,1700,1690,1700,1995,3389400
2018-01-29,PLIC,1700,1693,1663,1693,3219,5391373
2018-01-31,PLIC,1693,1700,1690,1700,810,1375550
2018-02-01,PLIC,1700,1705,1700,1705,678,1154400
2018-02-04,PLIC,1705,1730,1700,1700,1091,1859134
2018-02-05,PLIC,1700,1698,1680,1680,434,735472
2018-02-06,PLIC,1680,1675,1647,1675,1209,2018050
2018-02-07,PLIC,1675,1685,1650,1660,3504,5831069
2018-02-08,PLIC,1660,1710,1670,1707,7968,13428848
2018-02-11,PLIC,1707,1740,1690,1700,3732,6368013
2018-02-12,PLIC,1700,1700,1690,1690,3264,5530856
2018-02-14,PLIC,1690,1690,1680,1690,1715,2889755
2018-02-15,PLIC,1690,1718,1695,1709,6024,10257109
2018-02-18,PLIC,1711,1715,1685,1690,5987,10160917
2018-02-20,PLIC,1722,1722,1635,1636,9807,16319251
2018-02-21,PLIC,1650,1650,1610,1619,10207,16548109
2018-02-22,PLIC,1620,1628,1590,1600,10302,16562394
2018-02-25,PLIC,1605,1605,1570,1570,4614,7305457
2018-02-26,PLIC,1571,1571,1527,1530,7689,11876766
2018-02-27,PLIC,1530,1550,1500,1500,13486,20553432
2018-02-28,PLIC,1481,1510,1465,1483,31510,46651392
2018-03-04,PLIC,632,655,602,620,3413,2117446
2018-03-05,PLIC,632,634,610,610,4127,2551247
2018-03-06,PLIC,610,644,599,628,5421,3315038
2018-03-07,PLIC,635,650,630,650,5598,3595900
2018-03-11,PLIC,643,645,632,643,4255,2718743
2018-03-12,PLIC,635,640,632,637,2736,1738311
2018-03-13,PLIC,640,640,617,620,2489,1555341
2018-03-14,PLIC,542,562,542,562,4354,2411217
2018-03-15,PLIC,564,598,564,578,4788,2785590
2018-03-18,PLIC,580,589,575,575,4835,2794122
2018-03-19,PLIC,575,585,571,571,3614,2074032
2018-03-20,PLIC,573,573,558,570,3541,1995304
2018-03-21,PLIC,565,568,544,564,2676,1497332
2018-03-22,PLIC,560,571,545,549,2851,1587735
2018-03-26,PLIC,540,540,512,512,3530,1860085
2018-03-27,PLIC,505,561,480,561,3375,1708621
2018-03-28,PLIC,571,571,530,543,9273,5123649
2018-03-29,PLIC,552,564,546,550,8093,4486584
2018-04-01,PLIC,550,558,539,545,2869,1561073
2018-04-02,PLIC,554,554,545,545,1698,929900
2018-04-03,PLIC,551,555,545,545,1266,697067
2018-04-04,PLIC,555,565,555,565,1666,937640
2018-04-05,PLIC,576,592,565,585,8699,5075676
2018-04-08,PLIC,596,643,592,642,15693,9672968
2018-04-09,PLIC,654,682,645,645,20526,13647716
2018-04-10,PLIC,645,657,625,635,6154,3921615
2018-04-11,PLIC,623,647,623,640,3233,2063700
2018-04-12,PLIC,645,656,635,639,5265,3386336
2018-04-15,PLIC,641,645,618,645,4781,3033909
2018-04-16,PLIC,636,694,636,694,16295,11027041
2018-04-17,PLIC,707,752,707,751,23765,17468844
2018-04-18,PLIC,766,784,735,745,17186,13045875
2018-04-19,PLIC,745,757,725,740,15537,11489143
2018-04-22,PLIC,735,763,731,746,6644,4973578
2018-04-23,PLIC,760,770,736,745,12527,9433069
2018-04-24,PLIC,731,745,731,739,2515,1857951
2018-04-25,PLIC,726,731,725,728,2969,2157760
2018-04-26,PLIC,730,730,701,701,4827,3450333
2018-04-29,PLIC,715,715,700,705,7356,5200130
2018-05-02,PLIC,701,714,690,714,2560,1790863
2018-05-03,PLIC,725,735,720,720,6934,5030733
2018-05-06,PLIC,706,734,706,711,2427,1759096
2018-05-07,PLIC,717,717,700,700,3675,2594073
2018-05-08,PLIC,710,715,700,715,4011,2831037
2018-05-09,PLIC,715,725,710,714,1707,1224854
2018-05-10,PLIC,706,712,705,710,3904,2768306
2018-05-14,PLIC,703,705,701,702,813,571143
2018-05-15,PLIC,700,700,691,691,608,421921
2018-05-16,PLIC,703,703,690,690,1146,793840
2018-05-17,PLIC,690,692,687,692,2386,1644830
2018-05-20,PLIC,700,702,684,684,2773,1930022
2018-05-21,PLIC,681,685,681,685,755,516265
2018-05-22,PLIC,684,684,681,681,830,566030
2018-05-23,PLIC,680,681,675,676,1249,847145
2018-05-24,PLIC,676,676,655,656,667,443165
2018-05-27,PLIC,656,656,645,645,1827,1182897
2018-05-28,PLIC,645,682,645,682,2329,1543568
2018-05-29,PLIC,676,702,670,690,8516,5814153
2018-05-30,PLIC,690,703,677,685,12166,8385870
2018-05-31,PLIC,690,690,664,665,5373,3601105
2018-06-03,PLIC,678,678,643,643,2373,1558638
2018-06-04,PLIC,635,655,634,638,970,625585
2018-06-06,PLIC,645,683,641,652,2849,1869505
2018-06-07,PLIC,655,660,640,640,3840,2502661
2018-06-10,PLIC,628,630,607,608,1945,1195475
2018-06-11,PLIC,610,641,605,620,3212,1980142
2018-06-12,PLIC,620,621,615,620,1335,827195
2018-06-13,PLIC,625,632,625,625,1140,715532
2018-06-14,PLIC,627,634,626,633,1571,991268
2018-06-17,PLIC,621,621,585,590,20115,12016510
2018-06-18,PLIC,580,597,572,597,4206,2440234
2018-06-19,PLIC,590,595,571,580,3309,1922600
2018-06-20,PLIC,591,591,570,570,7330,4199905
2018-06-21,PLIC,581,581,559,567,9606,5467041
2018-06-24,PLIC,563,579,558,567,3920,2228700
2018-06-25,PLIC,567,568,556,556,6094,3407891
2018-06-26,PLIC,567,567,550,550,4891,2713371
2018-06-27,PLIC,561,561,547,548,5044,2784014
2018-06-28,PLIC,558,558,543,545,1739,952145
2018-07-01,PLIC,540,540,531,531,3437,1838172
2018-07-02,PLIC,530,530,510,517,4903,2550486
2018-07-03,PLIC,519,524,510,511,6717,3482081
2018-07-04,PLIC,520,540,510,540,5460,2852771
2018-07-05,PLIC,532,572,532,570,12565,6947543
2018-07-08,PLIC,581,595,560,561,10967,6276011
2018-07-09,PLIC,571,571,535,541,13653,7453654
2018-07-10,PLIC,551,554,541,543,14170,7743925
2018-07-11,PLIC,550,556,534,543,11079,6074916
2018-07-12,PLIC,545,546,527,537,9679,5187868
2018-07-15,PLIC,547,547,525,533,11933,6322381
2018-07-16,PLIC,530,538,522,530,20244,10718674
2018-07-17,PLIC,540,542,528,530,7641,4070585
2018-07-18,PLIC,520,530,520,530,3713,1958460
2018-07-19,PLIC,535,535,520,527,5310,2795384
2018-07-22,PLIC,525,527,515,516,3336,1737139
2018-07-23,PLIC,516,535,516,530,3516,1844994
2018-07-24,PLIC,532,548,530,530,6782,3653846
2018-07-25,PLIC,532,540,525,525,2864,1513560
2018-07-26,PLIC,525,526,520,520,4173,2182173
2018-07-29,PLIC,520,528,520,523,2607,1362795
2018-07-30,PLIC,526,526,518,520,1748,909560
2018-07-31,PLIC,521,523,519,519,4387,2281490
2018-08-01,PLIC,519,521,510,518,12533,6494038
2018-08-02,PLIC,520,521,516,516,6908,3580445
2018-08-05,PLIC,519,519,514,514,437,225796
2018-08-06,PLIC,515,517,515,516,1751,903482
2018-08-07,PLIC,516,520,513,513,4402,2272447
2018-08-08,PLIC,507,513,503,506,6755,3439921
2018-08-09,PLIC,506,509,502,505,5918,2987923
2018-08-12,PLIC,501,507,492,507,4458,2216518
2018-08-13,PLIC,510,510,500,501,3083,1549394
2018-08-14,PLIC,501,510,501,510,1948,981969
2018-08-15,PLIC,510,530,508,518,6643,3444009
2018-08-16,PLIC,510,530,510,517,8496,4403270
2018-08-19,PLIC,520,522,507,507,6222,3191092
2018-08-20,PLIC,503,504,500,500,11069,5554058
2018-08-21,PLIC,501,509,500,502,4396,2211090
2018-08-22,PLIC,500,502,500,500,7372,3688192
2018-08-23,PLIC,502,504,497,501,6816,3404387
2018-08-26,PLIC,505,505,494,494,2392,1195854
2018-08-28,PLIC,495,500,493,500,2801,1390743
2018-08-29,PLIC,500,500,491,497,2231,1105497
2018-08-30,PLIC,498,506,496,496,1886,940412
2018-09-02,PLIC,495,501,495,496,4032,2011000
2018-09-03,PLIC,500,512,500,510,5218,2646768
2018-09-04,PLIC,518,518,508,508,4070,2085454
2018-09-05,PLIC,514,527,510,526,8040,4160324
2018-09-06,PLIC,535,535,512,530,12842,6738442
2018-09-09,PLIC,520,520,510,515,3909,2011718
2018-09-10,PLIC,522,522,505,510,2958,1499512
2018-09-11,PLIC,515,518,511,517,2913,1498577
2018-09-12,PLIC,516,516,516,516,225,116100
2018-09-13,PLIC,520,520,511,515,4335,2231811
2018-09-16,PLIC,515,527,514,515,10490,5455471
2018-09-17,PLIC,513,540,512,530,12309,6409632
2018-09-18,PLIC,530,547,528,542,32175,17313830
2018-09-20,PLIC,545,545,528,529,5329,2835826
2018-09-23,PLIC,532,532,520,520,9230,4862215
2018-09-25,PLIC,527,538,521,531,8273,4366062
2018-09-26,PLIC,535,535,524,526,8889,4703997
2018-09-27,PLIC,535,535,516,516,4424,2314230
2018-09-30,PLIC,515,520,511,520,5246,2704238
2018-10-01,PLIC,528,528,503,503,3360,1737377
2018-10-02,PLIC,505,519,505,512,4646,2365936
2018-10-03,PLIC,507,510,505,509,2882,1464308
2018-10-04,PLIC,503,510,502,505,6929,3496314
2018-10-07,PLIC,500,503,499,499,4284,2142112
2018-10-08,PLIC,499,515,498,499,3384,1701981
2018-10-09,PLIC,500,503,495,495,2335,1165635
2018-10-10,PLIC,495,495,490,490,2022,993356
2018-10-11,PLIC,490,500,490,500,1490,736110
2018-10-14,PLIC,510,510,506,510,1350,685430
2018-10-15,PLIC,510,510,502,508,1625,823000
2018-10-21,PLIC,512,512,505,507,250,126980
2018-10-22,PLIC,504,504,495,500,5433,2709358
2018-10-23,PLIC,500,500,490,490,2576,1272499
2018-10-24,PLIC,490,495,490,490,7817,3832851
2018-10-25,PLIC,490,493,484,490,3418,1668110
2018-10-28,PLIC,482,490,482,485,1334,648465
2018-10-29,PLIC,485,486,482,482,1675,811776
2018-10-30,PLIC,490,490,484,489,1642,799251
2018-10-31,PLIC,489,489,484,487,3585,1739496
2018-11-01,PLIC,487,488,486,487,1321,642736
2018-11-04,PLIC,484,484,475,475,2156,1035185
2018-11-05,PLIC,475,485,475,475,2200,1052952
2018-11-11,PLIC,475,481,472,473,250,119000
2018-11-12,PLIC,470,473,465,465,1482,694244
2018-11-13,PLIC,474,474,465,470,1370,644370
2018-11-14,PLIC,476,479,470,475,1549,736592
2018-11-15,PLIC,479,480,465,465,2082,985085
2018-11-18,PLIC,465,466,463,463,1322,613480
2018-11-19,PLIC,454,463,456,457,1545,707522
2018-11-20,PLIC,452,459,451,454,2683,1221316
2018-11-21,PLIC,450,458,448,458,4770,2149411
2018-11-22,PLIC,450,450,448,448,955,428690
2018-11-25,PLIC,444,444,439,444,1932,851593
2018-11-26,PLIC,444,444,429,429,8378,3625148
2018-11-27,PLIC,430,434,422,422,6314,2694014
2018-11-28,PLIC,420,424,415,415,5781,2411540
2018-11-29,PLIC,410,415,403,409,4850,1975638
2018-12-02,PLIC,400,406,390,391,6111,2411717
2018-12-03,PLIC,385,415,385,395,5380,2148430
2018-12-04,PLIC,398,409,398,406,1923,776990
2018-12-05,PLIC,405,405,388,390,4967,1956307
2018-12-06,PLIC,386,410,386,402,3631,1435043
2018-12-09,PLIC,403,410,400,410,2514,1015777
2018-12-10,PLIC,408,420,408,414,3748,1549934
2018-12-11,PLIC,416,416,406,406,2982,1218392
2018-12-12,PLIC,410,410,403,405,1584,642580
2018-12-13,PLIC,397,410,397,408,1917,777606
2018-12-16,PLIC,416,419,410,419,1425,591839
2018-12-17,PLIC,422,450,415,422,6775,2939126
2018-12-18,PLIC,450,458,427,436,15571,6899159
2018-12-19,PLIC,428,444,420,435,5107,2195972
2018-12-20,PLIC,440,443,425,437,11125,4793795
2018-12-23,PLIC,445,480,444,472,16175,7366358
2018-12-24,PLIC,481,498,466,475,40088,19420244
2018-12-25,PLIC,472,489,467,489,6562,3119884
2018-12-26,PLIC,495,520,491,518,24986,12674797
2018-12-27,PLIC,528,545,515,527,46466,24834180
2018-12-30,PLIC,535,540,514,520,18754,9849693
2018-12-31,PLIC,516,519,490,490,15986,8051820
2019-01-01,PLIC,502,510,492,500,5292,2653840
2019-01-02,PLIC,494,497,493,496,7735,3828162
2019-01-03,PLIC,505,520,495,500,7828,3934153
2019-01-06,PLIC,510,510,493,494,3550,1755720
2019-01-07,PLIC,503,510,500,505,5590,2826903
2019-01-08,PLIC,515,515,501,507,5230,2646758
2019-01-09,PLIC,516,516,500,505,3011,1512510
2019-01-10,PLIC,513,513,503,503,6194,3123674
2019-01-13,PLIC,501,501,493,497,4940,2446268
2019-01-14,PLIC,506,506,495,500,3160,1570652
2019-01-15,PLIC,500,520,499,520,7826,4017442
2019-01-16,PLIC,520,520,503,505,8393,4271412
2019-01-17,PLIC,503,510,495,501,4857,2445323
2019-01-20,PLIC,500,500,495,495,173,85860
2019-01-21,PLIC,492,496,490,492,2733,1345583
2019-01-22,PLIC,501,505,492,496,2368,1173312
2019-01-23,PLIC,496,500,494,500,3109,1543466
2019-01-24,PLIC,496,502,496,497,1844,920344
2019-01-27,PLIC,491,492,487,487,3581,1754649
2019-01-28,PLIC,490,495,488,494,2098,1032180
2019-01-29,PLIC,501,501,487,490,2998,1464598
2019-01-30,PLIC,490,492,486,492,3730,1824536
2019-01-31,PLIC,488,488,483,487,7569,3675662
2019-02-03,PLIC,484,484,478,479,5026,2411587
2019-02-04,PLIC,471,477,465,477,3085,1453420
2019-02-05,PLIC,475,480,475,476,2287,1089815
2019-02-06,PLIC,471,472,467,468,3421,1600008
2019-02-07,PLIC,460,469,459,460,5005,2315037
2019-02-10,PLIC,455,459,448,456,3517,1591558
2019-02-11,PLIC,454,462,445,450,10027,4535695
2019-02-12,PLIC,455,455,444,450,2154,963219
2019-02-13,PLIC,450,459,438,438,5835,2582077
2019-02-14,PLIC,432,437,426,428,12775,5490284
2019-02-17,PLIC,435,440,425,425,7880,3396698
2019-02-18,PLIC,425,426,420,423,9031,3819171
2019-02-19,PLIC,431,450,423,450,7319,3178108
2019-02-20,PLIC,459,459,430,430,6692,2924632
2019-02-21,PLIC,438,446,430,440,3938,1715334
2019-02-24,PLIC,435,435,430,430,2082,899340
2019-02-25,PLIC,432,446,432,443,1625,713382
2019-02-26,PLIC,440,440,430,439,3266,1427825
2019-02-27,PLIC,439,446,436,437,2372,1044282
2019-03-03,PLIC,436,436,430,431,7685,3325196
2019-03-05,PLIC,430,439,430,438,5316,2295927
2019-03-06,PLIC,443,443,435,437,1560,681684
2019-03-07,PLIC,442,450,442,450,7833,3506996
2019-03-10,PLIC,442,453,438,453,2705,1197870
2019-03-11,PLIC,450,459,450,453,3312,1501685
2019-03-12,PLIC,460,480,455,457,4792,2202706
2019-03-13,PLIC,454,465,448,451,3826,1746203
2019-03-14,PLIC,448,458,446,458,6782,3068920
2019-03-17,PLIC,460,464,454,457,6832,3125298
2019-03-18,PLIC,460,463,450,450,5910,2695976
2019-03-19,PLIC,451,453,445,450,2610,1167195
2019-03-21,PLIC,446,447,438,445,4725,2084663
2019-03-24,PLIC,440,440,436,436,2513,1101741
2019-03-25,PLIC,435,445,435,440,1825,804586
2019-03-26,PLIC,445,447,438,441,9207,4058707
2019-03-27,PLIC,437,441,437,441,2969,1299574
2019-03-28,PLIC,435,453,435,453,4529,2017450
2019-03-31,PLIC,444,456,444,450,2632,1187828
2019-04-01,PLIC,450,450,445,447,2539,1140477
2019-04-02,PLIC,450,451,445,447,5396,2413412
2019-04-03,PLIC,446,455,446,450,16395,7401825
2019-04-04,PLIC,449,450,441,447,2708,1204183
2019-04-07,PLIC,446,446,441,444,609,270170
2019-04-08,PLIC,449,480,449,470,13691,6354030
2019-04-09,PLIC,479,479,460,465,4904,2287423
2019-04-10,PLIC,456,463,456,460,1576,725116
2019-04-11,PLIC,455,460,450,460,4317,1951804
2019-04-15,PLIC,456,457,450,457,1584,715190
2019-04-16,PLIC,460,465,454,465,4045,1866352
2019-04-17,PLIC,470,479,457,473,14424,6791721
2019-04-18,PLIC,466,469,461,463,3449,1603859
2019-04-21,PLIC,460,470,460,464,4752,2212365
2019-04-22,PLIC,473,490,468,479,25999,12393688
2019-04-23,PLIC,485,488,467,479,10924,5250442
2019-04-24,PLIC,487,487,468,470,13527,6370577
2019-04-25,PLIC,479,486,470,473,7453,3541634
2019-04-28,PLIC,482,520,482,520,32916,16688888
2019-04-29,PLIC,530,535,500,513,54597,28253924
2019-04-30,PLIC,508,513,495,495,12028,6066220
2019-05-02,PLIC,490,504,490,497,10100,5019400
2019-05-05,PLIC,495,504,482,483,5171,2531114
2019-05-06,PLIC,475,494,474,492,4384,2113704
2019-05-07,PLIC,500,507,483,490,3588,1762478
2019-05-08,PLIC,490,490,482,482,2407,1163625
2019-05-09,PLIC,491,492,483,483,2813,1368811
2019-05-12,PLIC,478,490,478,486,4081,1987815
2019-05-13,PLIC,487,493,485,489,2617,1276471
2019-05-14,PLIC,490,496,488,489,5769,2830853
2019-05-15,PLIC,489,490,486,486,3766,1837389
2019-05-16,PLIC,484,489,482,483,5567,2697145
2019-05-19,PLIC,489,489,475,483,5432,2597403
2019-05-20,PLIC,475,475,470,472,2963,1403905
2019-05-21,PLIC,480,480,471,472,8600,4068999
2019-05-22,PLIC,481,481,468,472,6971,3295073
2019-05-23,PLIC,474,474,467,467,5767,2707530
2019-05-26,PLIC,467,467,460,467,6191,2866608
2019-05-27,PLIC,460,470,457,460,7221,3329784
2019-05-28,PLIC,463,472,463,471,1914,895718
2019-05-29,PLIC,480,480,465,478,1965,932650
2019-05-30,PLIC,501,510,472,478,7966,3833621
2019-06-02,PLIC,475,475,469,470,1090,512420
2019-06-03,PLIC,470,470,457,466,2313,1064645
2019-06-04,PLIC,460,463,453,460,2199,1002491
2019-06-06,PLIC,460,465,454,460,5280,2425558
2019-06-10,PLIC,483,483,446,446,992,452266
2019-06-11,PLIC,446,450,442,447,3798,1701377
2019-06-12,PLIC,443,450,443,448,3442,1533880
2019-06-13,PLIC,448,454,445,450,2795,1251953
2019-06-16,PLIC,444,449,430,435,4403,1933895
2019-06-17,PLIC,430,440,428,440,13131,5665030
2019-06-18,PLIC,436,444,436,437,1000,438820
2019-06-19,PLIC,444,444,437,437,505,220820
2019-06-20,PLIC,445,445,435,440,3968,1737162
2019-06-23,PLIC,434,435,429,430,5584,2411123
2019-06-24,PLIC,430,436,429,436,7860,3392564
2019-06-25,PLIC,433,433,433,433,160,69280
2019-06-26,PLIC,434,440,433,439,567,247015
2019-06-27,PLIC,435,435,424,427,6098,2613630
2019-06-30,PLIC,430,430,422,430,1928,817098
2019-07-01,PLIC,423,434,423,428,2822,1213951
2019-07-02,PLIC,430,440,428,440,1650,714756
2019-07-03,PLIC,436,445,433,445,2525,1108262
2019-07-04,PLIC,445,445,433,441,2908,1273959
2019-07-07,PLIC,440,440,433,434,2140,930184
2019-07-08,PLIC,430,440,430,435,2614,1136628
2019-07-09,PLIC,435,440,431,432,4948,2145507
2019-07-10,PLIC,440,440,433,433,1214,528332
2019-07-11,PLIC,435,435,430,433,1044,451393
2019-07-14,PLIC,429,434,429,431,1827,788103
2019-07-15,PLIC,435,438,433,438,2603,1129792
2019-07-16,PLIC,437,439,430,439,1087,473334
2019-07-17,PLIC,442,446,440,446,1615,713086
2019-07-18,PLIC,447,447,439,439,2606,1147948
2019-07-21,PLIC,439,439,431,431,1062,460579
2019-07-22,PLIC,431,439,431,434,2177,939597
2019-07-23,PLIC,432,433,430,430,2066,890166
2019-07-24,PLIC,431,437,431,437,2424,1051769
2019-07-25,PLIC,435,435,430,430,2793,1205524
2019-07-28,PLIC,427,428,420,422,6766,2871848
2019-07-29,PLIC,422,425,414,422,3403,1421840
2019-07-30,PLIC,423,423,421,421,259,109239
2019-07-31,PLIC,422,430,422,423,1715,730295
2019-08-01,PLIC,421,431,421,429,4015,1706150
2019-08-04,PLIC,437,437,425,425,3619,1547336
2019-08-05,PLIC,430,430,417,425,2615,1101505
2019-08-06,PLIC,433,433,420,421,2240,951917
2019-08-07,PLIC,416,424,415,424,4451,1862200
2019-08-08,PLIC,424,424,416,422,2307,963741
2019-08-11,PLIC,419,419,415,419,1702,710563
2019-08-12,PLIC,420,420,415,415,4524,1890432
2019-08-13,PLIC,415,415,414,414,2585,1072391
2019-08-14,PLIC,418,418,414,414,570,236550
2019-08-15,PLIC,414,414,411,411,1236,510269
2019-08-18,PLIC,415,415,405,407,5436,2213087
2019-08-19,PLIC,408,415,404,410,3898,1596032
2019-08-20,PLIC,408,415,403,415,2517,1018208
2019-08-21,PLIC,407,415,405,415,1393,571406
2019-08-22,PLIC,418,418,410,418,2020,839608
2019-08-25,PLIC,426,426,410,414,359,148774
2019-08-26,PLIC,410,412,408,412,430,176560
2019-08-27,PLIC,415,415,412,413,613,253295
2019-08-28,PLIC,408,408,406,406,1812,738215
2019-08-29,PLIC,407,410,405,410,1937,788323
2019-09-01,PLIC,410,410,400,400,2530,1018620
2019-09-02,PLIC,400,400,394,399,2184,869986
2019-09-03,PLIC,399,409,390,409,6182,2452682
2019-09-04,PLIC,410,411,405,411,1873,763811
2019-09-05,PLIC,407,416,400,416,4214,1695759
2019-09-08,PLIC,424,424,402,402,2535,1050506
2019-09-09,PLIC,401,401,392,397,2469,977548
2019-09-10,PLIC,395,402,394,394,2623,1042545
2019-09-11,PLIC,394,394,394,394,488,192272
2019-09-12,PLIC,390,391,388,390,4219,1645451
2019-09-15,PLIC,390,396,378,380,3408,1306748
2019-09-16,PLIC,380,380,359,361,14340,5252837
2019-09-17,PLIC,316,333,315,333,9980,3182582
2019-09-18,PLIC,337,355,328,348,8665,2951166
2019-09-19,PLIC,350,352,334,342,1411,488251
2019-09-22,PLIC,332,332,320,324,1609,525372
2019-09-23,PLIC,325,330,319,330,584,188295
2019-09-24,PLIC,324,324,312,318,6260,1983075
2019-09-25,PLIC,320,324,318,318,520,165980
2019-09-26,PLIC,321,323,318,320,3907,1254779
2019-09-29,PLIC,325,325,318,319,3362,1075814
2019-09-30,PLIC,314,325,314,324,1551,497249
2019-10-01,PLIC,325,330,324,330,2025,663304
2019-10-02,PLIC,331,331,325,325,4196,1378428
2019-10-03,PLIC,325,331,325,331,210,68310
2019-10-10,PLIC,336,336,324,324,90,29820
2019-10-14,PLIC,320,321,319,321,1394,445519
2019-10-15,PLIC,321,321,315,321,8024,2545228
2019-10-16,PLIC,316,320,316,320,100,31840
2019-10-17,PLIC,326,326,322,322,550,177400
2019-10-20,PLIC,323,323,310,311,4573,1451662
2019-10-21,PLIC,313,324,313,324,270,85290
2019-10-22,PLIC,320,321,315,321,1360,431757
2019-10-23,PLIC,321,321,316,320,464,148744
2019-10-24,PLIC,320,323,317,317,935,299491
2019-10-31,PLIC,312,315,312,314,4564,1432538
2019-11-03,PLIC,312,314,309,309,3271,1017687
2019-11-04,PLIC,310,310,308,308,5657,1747734
2019-11-05,PLIC,309,320,309,310,1840,573699
2019-11-06,PLIC,310,316,310,316,1930,607788
2019-11-07,PLIC,315,316,313,313,5153,1614908
2019-11-10,PLIC,313,313,310,311,1189,370529
2019-11-11,PLIC,310,326,310,326,2341,738815
2019-11-13,PLIC,320,325,315,315,1187,379075
2019-11-14,PLIC,315,326,309,309,5267,1646610
2019-11-17,PLIC,311,312,309,309,3783,1173297
2019-11-18,PLIC,309,312,300,312,4213,1286410
2019-11-19,PLIC,310,310,304,310,594,181536
2019-11-20,PLIC,313,313,306,307,7167,2210548
2019-11-21,PLIC,305,309,299,303,5290,1599580
2019-11-24,PLIC,302,310,297,310,3995,1224060
2019-11-25,PLIC,304,307,301,304,1678,508031
2019-11-26,PLIC,305,305,301,303,1134,343272
2019-11-27,PLIC,305,308,305,306,2224,681192
2019-11-28,PLIC,306,309,303,303,1372,420125
2019-12-01,PLIC,303,307,297,307,5360,1605391
2019-12-02,PLIC,307,307,304,305,2518,770602
2019-12-03,PLIC,304,312,304,311,1728,530861
2019-12-04,PLIC,311,322,310,313,6969,2201589
2019-12-05,PLIC,319,329,318,327,16941,5502798
2019-12-08,PLIC,330,330,322,324,4595,1495713
2019-12-09,PLIC,327,348,326,348,23924,8145667
2019-12-10,PLIC,348,351,335,345,12070,4155170
2019-12-11,PLIC,340,359,339,357,11944,4221569
2019-12-12,PLIC,360,391,357,376,28688,10717543
2019-12-15,PLIC,381,382,343,354,12042,4395180
2019-12-16,PLIC,361,368,341,346,10153,3531427
2019-12-17,PLIC,344,359,337,353,7495,2606030
2019-12-18,PLIC,355,355,346,346,2559,894429
2019-12-19,PLIC,343,350,341,345,5657,1954472
2019-12-22,PLIC,345,345,342,342,3076,1055052
2019-12-23,PLIC,348,367,346,362,5082,1823197
2019-12-24,PLIC,365,366,348,359,14048,5072157
2019-12-25,PLIC,364,364,353,358,7266,2608290
2019-12-26,PLIC,357,358,354,357,6841,2432824
2019-12-29,PLIC,359,359,350,356,8546,3024287
2019-12-30,PLIC,353,372,353,369,21781,7978441
2019-12-31,PLIC,367,377,366,369,11881,4402024
2020-01-01,PLIC,372,373,368,368,6709,2477688
2020-01-02,PLIC,368,373,361,367,7968,2908884
2020-01-05,PLIC,370,376,369,370,8368,3115890
2020-01-06,PLIC,376,379,370,374,9393,3516070
2020-01-07,PLIC,370,386,370,376,9307,3530575
2020-01-08,PLIC,380,380,373,374,6355,2385189
2020-01-09,PLIC,374,378,373,378,8923,3345902
2020-01-12,PLIC,380,413,380,413,34971,14038125
2020-01-13,PLIC,421,434,408,418,41450,17579214
2020-01-14,PLIC,411,421,403,415,13150,5447284
2020-01-15,PLIC,420,429,418,421,4553,1920337
2020-01-16,PLIC,428,447,421,440,37854,16332037
2020-01-19,PLIC,448,484,448,484,64616,30654856
2020-01-20,PLIC,493,502,471,480,98445,47637168
2020-01-21,PLIC,482,520,475,500,68866,34253208
2020-01-22,PLIC,510,544,501,541,103264,54127112
2020-01-23,PLIC,532,547,520,520,66992,35972316
2020-01-26,PLIC,520,520,503,503,44398,22704976
2020-01-27,PLIC,496,532,496,526,44866,23339424
2020-01-28,PLIC,536,550,529,540,74873,40532648
2020-01-29,PLIC,544,550,533,543,38845,21058156
2020-01-30,PLIC,550,590,540,570,126816,72014216
2020-02-02,PLIC,561,583,560,570,52918,30256310
2020-02-03,PLIC,580,580,558,565,32773,18518160
2020-02-04,PLIC,561,576,560,561,41297,23471460
2020-02-05,PLIC,560,570,558,566,30879,17422288
2020-02-06,PLIC,566,583,566,573,57306,32911074
2020-02-09,PLIC,566,572,556,565,33977,19174796
2020-02-10,PLIC,565,575,552,567,16041,9029924
2020-02-11,PLIC,578,582,570,573,18361,10539263
2020-02-12,PLIC,575,581,572,577,22182,12792431
2020-02-13,PLIC,585,595,580,587,49521,29196430
2020-02-16,PLIC,590,625,590,624,65474,39930960
2020-02-17,PLIC,626,650,608,610,60026,37773464
2020-02-18,PLIC,600,615,596,615,47824,28982182
2020-02-19,PLIC,620,622,603,622,21496,13164723
2020-02-20,PLIC,633,647,618,638,50533,32107832
2020-02-23,PLIC,641,660,629,659,60640,39401420
2020-02-24,PLIC,670,671,640,650,47346,30985260
2020-02-25,PLIC,663,700,637,690,52724,35209920
2020-02-26,PLIC,690,728,690,715,70021,50105936
2020-02-27,PLIC,701,718,675,687,84332,59089188
2020-03-01,PLIC,690,690,654,655,112145,74431928
2020-03-02,PLIC,643,686,631,633,49886,32107940
2020-03-03,PLIC,621,660,594,634,71779,45028140
2020-03-04,PLIC,628,633,585,595,63196,38145524
2020-03-05,PLIC,595,622,573,597,46822,27827828
2020-03-10,PLIC,608,611,555,555,23596,13640244
2020-03-11,PLIC,566,606,547,604,39055,22822792
2020-03-12,PLIC,634,634,570,588,50499,29978168
2020-03-15,PLIC,577,577,530,533,37693,20751348
2020-03-16,PLIC,530,564,517,540,20619,11071547
2020-03-17,PLIC,550,550,492,505,24887,12736790
2020-03-18,PLIC,515,515,478,500,22701,11213171
2020-03-19,PLIC,490,536,473,520,20237,10085041
2020-03-22,PLIC,510,515,490,499,4996,2489110
2020-06-29,PLIC,490,490,450,498,9281,4457032
2020-06-30,PLIC,507,527,507,525,600,310000
2020-07-01,PLIC,535,576,535,565,964,545024
2020-07-02,PLIC,576,587,530,530,7178,3941390
2020-07-05,PLIC,471,489,462,464,15215,7165891
2020-07-06,PLIC,468,500,468,500,15620,7652920
2020-07-07,PLIC,510,550,510,532,24566,13162852
2020-07-08,PLIC,541,547,525,529,15719,8429205
2020-07-09,PLIC,529,546,520,530,13149,7006231
2020-07-12,PLIC,540,560,530,541,8233,4492961
2020-07-13,PLIC,551,551,533,545,8065,4374612
2020-07-14,PLIC,535,544,534,535,9023,4846769
2020-07-15,PLIC,540,550,530,531,8720,4709474
2020-07-16,PLIC,532,549,530,549,9624,5180895
2020-07-19,PLIC,559,559,559,559,10,5590
2020-07-20,PLIC,586,614,557,561,31306,18192996
2020-07-21,PLIC,550,579,550,550,22623,12646819
2020-07-22,PLIC,553,558,546,546,13583,7495289
2020-07-23,PLIC,546,558,536,555,14978,8235707
2020-07-26,PLIC,564,575,550,575,24301,13770758
2020-07-27,PLIC,586,586,568,568,24155,13850115
2020-07-28,PLIC,574,574,561,571,25655,14583717
2020-07-29,PLIC,564,566,556,559,19245,10801368
2020-07-30,PLIC,570,580,558,569,32030,18171372
2020-08-02,PLIC,558,558,537,538,37187,20326652
2020-08-03,PLIC,529,545,519,540,13330,7138517
2020-08-05,PLIC,530,539,524,532,15505,8211321
2020-08-06,PLIC,532,535,516,535,9388,4950803
2020-08-09,PLIC,526,540,520,540,9940,5268200
2020-08-10,PLIC,550,565,538,559,18659,10294613
2020-08-11,PLIC,570,570,540,554,16046,8829507
2020-08-12,PLIC,550,557,546,547,6738,3708315
2020-08-13,PLIC,539,545,537,537,11060,5991515
2020-08-16,PLIC,527,542,527,535,3716,1992572
2020-08-17,PLIC,536,552,535,547,6267,3400237
2020-08-18,PLIC,557,557,546,550,9829,5408188
2020-08-19,PLIC,540,546,530,536,7358,3971044
2020-08-20,PLIC,534,546,534,544,1067,580122
2020-08-23,PLIC,536,570,536,569,27835,15511425
2020-08-24,PLIC,580,591,569,591,48149,28068775
2020-08-25,PLIC,597,638,580,619,57002,34221905
2020-08-26,PLIC,630,630,609,620,117838,73306774
2020-08-27,PLIC,620,620,604,610,44430,27188609
2020-08-30,PLIC,600,625,598,618,46665,28600700
2020-08-31,PLIC,625,669,622,649,112591,73288522
2020-09-02,PLIC,660,678,634,635,80183,52356003
2020-09-03,PLIC,647,651,622,643,62631,39926528
2020-09-06,PLIC,675,675,632,639,51353,33179855
2020-09-07,PLIC,648,648,621,636,55209,35117333
2020-09-08,PLIC,631,644,630,638,36337,23113421
2020-09-09,PLIC,640,657,635,653,46442,30151598
2020-09-10,PLIC,653,680,653,680,92114,61625284
2020-09-13,PLIC,693,700,675,693,96921,66839837
2020-09-14,PLIC,704,704,673,675,79451,54061838
2020-09-15,PLIC,675,684,662,672,45948,30942260
2020-09-16,PLIC,672,690,660,683,35640,24303325
2020-09-17,PLIC,689,692,670,678,61849,42219817
2020-09-20,PLIC,690,691,673,675,18716,12702525
2020-09-21,PLIC,670,681,667,672,21599,14567668
2020-09-22,PLIC,667,672,659,664,39863,26439314
2020-09-23,PLIC,650,670,645,664,23212,15379030
2020-09-24,PLIC,675,675,662,663,23895,15893323
2020-09-27,PLIC,688,688,657,658,20838,13782252
2020-09-28,PLIC,664,664,652,654,12008,7870695
2020-09-29,PLIC,646,658,645,645,13349,8639390
2020-09-30,PLIC,637,656,633,646,24362,15618822
2020-10-01,PLIC,640,670,640,668,38158,25238610
2020-10-04,PLIC,680,680,666,672,23750,15981389
2020-10-05,PLIC,666,675,666,666,12634,8456775
2020-10-06,PLIC,666,670,661,665,22818,15170273
2020-10-07,PLIC,690,690,659,662,18910,12509457
2020-10-08,PLIC,660,665,653,656,33784,22333348
2020-10-11,PLIC,667,667,650,656,11133,7306155
2020-10-12,PLIC,651,658,651,653,17427,11411370
2020-10-13,PLIC,655,655,647,647,11927,7769810
2020-10-14,PLIC,640,657,636,641,6184,3990665
2020-10-15,PLIC,673,673,637,641,18558,11893241
2020-10-18,PLIC,632,643,632,641,7433,4762960
2020-10-19,PLIC,640,655,639,655,9927,6438366
2020-10-20,PLIC,658,666,657,660,6832,4510595
2020-10-21,PLIC,656,662,656,658,5175,3414278
2020-10-22,PLIC,667,670,650,656,8442,5561904
2020-10-28,PLIC,659,667,651,666,6423,4245739
2020-10-29,PLIC,656,675,656,668,11810,7899204
2020-11-01,PLIC,668,669,662,662,10150,6769202
2020-11-02,PLIC,674,674,661,669,20460,13693415
2020-11-03,PLIC,680,680,666,671,25426,17105618
2020-11-04,PLIC,684,684,669,676,18567,12563276
2020-11-05,PLIC,669,686,669,680,50987,34736264
2020-11-08,PLIC,681,695,681,694,39007,26912564
2020-11-09,PLIC,696,702,682,689,71332,49423663
2020-11-10,PLIC,690,715,690,714,145601,102712790
2020-11-11,PLIC,714,715,704,709,51555,36579969
2020-11-12,PLIC,710,712,700,704,32357,22861102
2020-11-18,PLIC,706,738,705,733,71754,51938483
2020-11-19,PLIC,733,787,733,765,104560,79456094
2020-11-22,PLIC,765,785,735,744,74153,55774941
2020-11-23,PLIC,745,745,725,734,45777,33489069
2020-11-24,PLIC,725,752,725,745,51055,37958609
2020-11-25,PLIC,759,780,753,765,102398,78654691
2020-11-26,PLIC,770,779,736,749,54837,41552058
2020-11-29,PLIC,786,786,740,755,85890,64297462
2020-11-30,PLIC,760,813,755,795,122218,95843905
2020-12-01,PLIC,805,817,779,788,54983,43504777
2020-12-02,PLIC,788,840,785,830,103724,84731225
2020-12-03,PLIC,830,843,803,809,59990,48998271
2020-12-06,PLIC,793,796,756,756,55494,43081339
2020-12-07,PLIC,756,801,742,790,37675,29239883
2020-12-08,PLIC,829,829,770,779,45881,36271532
2020-12-09,PLIC,766,780,764,770,46164,35558820
2020-12-10,PLIC,770,784,762,771,25953,20049157
2020-12-13,PLIC,770,801,770,780,27224,21249447
2020-12-14,PLIC,795,858,795,858,172664,143513724
2020-12-15,PLIC,900,900,866,875,115676,101548235
2020-12-16,PLIC,863,879,858,863,36945,31851140
2020-12-17,PLIC,863,875,814,845,87728,74030593
2020-12-20,PLIC,850,850,795,802,139859,112954343
2020-12-21,PLIC,786,835,756,804,68619,54449043
2020-12-22,PLIC,820,849,816,830,79369,66153715
2020-12-23,PLIC,846,869,825,834,90426,76326918
2020-12-24,PLIC,821,835,810,821,40523,33195093
2020-12-27,PLIC,810,819,800,804,33667,27240061
2020-12-28,PLIC,800,820,800,810,24138,19478260
2020-12-29,PLIC,801,811,799,801,15353,12321741
2020-12-30,PLIC,840,840,794,808,27470,22114601
2020-12-31,PLIC,848,848,808,820,53626,43583483
2021-01-03,PLIC,804,804,770,782,30321,23595144
2021-01-04,PLIC,797,800,770,775,20378,15966009
2021-01-05,PLIC,767,781,766,775,17936,13903745
2021-01-06,PLIC,766,783,766,769,15043,11609078
2021-01-07,PLIC,777,784,767,769,19920,15406723
2021-01-10,PLIC,807,807,767,769,17767,13704449
2021-01-11,PLIC,807,807,768,780,15046,11685513
2021-01-12,PLIC,745,809,745,808,38613,30912279
2021-01-13,PLIC,815,824,809,811,25190,20570646
2021-01-17,PLIC,827,827,801,809,22970,18544581
2021-01-18,PLIC,849,849,810,830,49268,40705359
2021-01-19,PLIC,830,851,820,825,52702,43723030
2021-01-20,PLIC,825,830,815,825,40891,33609163
2021-01-21,PLIC,830,864,830,856,81509,69102773
2021-01-24,PLIC,865,905,860,895,105662,94122693
2021-01-25,PLIC,903,905,865,885,64956,57635869
2021-01-26,PLIC,900,900,858,861,48571,42287408
2021-01-27,PLIC,870,875,855,870,47187,40884460
2021-01-28,PLIC,875,905,875,880,89869,80197741
2021-01-31,PLIC,900,900,856,858,49678,42945551
2021-02-01,PLIC,850,895,850,883,35872,31557945
2021-02-02,PLIC,899,944,895,935,129944,119851818
2021-02-03,PLIC,953,990,910,925,78002,73415620
2021-02-04,PLIC,920,941,915,927,36039,33359921
2021-02-07,PLIC,945,1006,927,994,76300,72138256
2021-02-08,PLIC,994,1034,968,970,60016,59642314
2021-02-09,PLIC,1018,1018,936,943,51065,48324905
2021-02-10,PLIC,932,951,930,931,25879,24241420
2021-02-11,PLIC,932,940,915,916,39210,36382810
2021-02-14,PLIC,925,927,893,904,32581,29478697
2021-02-15,PLIC,922,969,922,960,80474,76378803
2021-02-16,PLIC,961,973,930,940,60415,56963598
2021-02-17,PLIC,940,948,922,930,23261,21546969
2021-02-18,PLIC,925,932,917,927,33524,30942262
2021-02-21,PLIC,927,940,902,905,23212,21161150
2021-02-22,PLIC,920,920,885,889,39007,34892597
2021-02-23,PLIC,845,895,845,885,33259,29097953
2021-02-24,PLIC,890,925,890,905,29215,26481676
2021-02-25,PLIC,890,900,880,887,26107,23229377
2021-02-28,PLIC,890,899,855,856,48470,41936719
2021-03-01,PLIC,856,887,840,880,31331,27244661
2021-03-02,PLIC,882,885,840,853,49282,42464926
2021-03-03,PLIC,840,840,818,825,37842,31183577
2021-03-04,PLIC,835,860,830,860,28238,23963745
2021-03-07,PLIC,850,864,835,840,17624,14817580
2021-03-09,PLIC,882,882,824,827,11678,9747956
2021-03-10,PLIC,825,839,813,818,12950,10626665
2021-03-14,PLIC,815,815,785,791,24436,19414417
2021-03-15,PLIC,781,806,776,790,13483,10651475
2021-03-16,PLIC,780,831,776,793,18236,14420028
2021-03-17,PLIC,808,810,801,810,15220,12279820
2021-03-18,PLIC,825,825,811,822,11618,9532927
2021-03-21,PLIC,823,878,823,868,35877,30738498
2021-03-22,PLIC,885,885,850,859,23834,20468641
2021-03-23,PLIC,844,865,843,850,12802,10962658
2021-03-24,PLIC,851,864,850,854,17037,14595760
2021-03-25,PLIC,871,871,840,842,13963,11879760
2021-03-29,PLIC,835,840,827,835,5662,4722836
2021-03-30,PLIC,836,849,836,849,14427,12205728
2021-03-31,PLIC,891,891,850,873,25030,21811602
2021-04-01,PLIC,873,907,873,900,50088,44610400
2021-04-04,PLIC,945,945,891,909,48352,43998937
2021-04-05,PLIC,922,944,891,905,55497,50267401
2021-04-06,PLIC,950,950,882,889,43707,39056681
2021-04-07,PLIC,893,893,877,880,11687,10300706
2021-04-08,PLIC,890,890,869,872,23420,20463120
2021-04-12,PLIC,877,888,873,888,14629,12879451
2021-04-13,PLIC,900,905,871,875,22894,20096189
2021-04-15,PLIC,872,889,870,875,24934,21904010
2021-04-18,PLIC,866,880,863,872,17627,15290878
2021-04-19,PLIC,870,870,857,858,8050,6937022
2021-04-20,PLIC,847,875,847,861,16885,14516646
2021-04-21,PLIC,860,865,838,845,40781,34548777
2021-04-22,PLIC,840,870,830,865,27185,23210481
2021-04-25,PLIC,865,870,830,838,33831,28482858
2021-04-26,PLIC,823,850,807,812,26854,21982783
2021-04-27,PLIC,812,848,812,840,18017,14968832
2021-04-28,PLIC,848,856,825,836,14133,11921617
2021-04-29,PLIC,850,850,835,846,8290,6974340
2021-05-02,PLIC,860,886,844,884,50442,43912168
2021-05-03,PLIC,890,907,875,881,47128,41884164
2021-05-04,PLIC,884,886,871,880,21439,18849366
2021-05-05,PLIC,895,895,876,876,35817,31687145
2021-05-06,PLIC,876,877,863,864,11935,10376651
2021-05-09,PLIC,850,860,846,846,10628,9051194
2021-05-10,PLIC,852,860,847,850,8235,7036258
2021-05-11,PLIC,860,867,854,863,8333,7177258
2021-05-12,PLIC,863,865,855,858,6412,5516322
2021-05-13,PLIC,874,874,855,868,18496,16011899
2021-05-16,PLIC,883,914,874,908,66908,60072059
2021-05-17,PLIC,915,925,893,901,45141,40729887
2021-05-18,PLIC,900,920,879,914,74260,67095606
2021-05-19,PLIC,920,937,904,909,57295,52779520
2021-05-20,PLIC,909,916,898,905,27430,24871506
2021-05-23,PLIC,890,939,873,923,50001,45642940
2021-05-24,PLIC,928,933,915,928,60117,55581966
2021-05-25,PLIC,882,999,882,977,202819,196019840
2021-05-27,PLIC,970,997,931,975,124978,121217387
2021-05-30,PLIC,1000,1029,981,1007,209056,211372338
2021-05-31,PLIC,1015,1025,981,984,127967,128670747
2021-06-01,PLIC,981,997,959,977,90646,88556264
2021-06-02,PLIC,976,1012,971,1006,121637,121239759
2021-06-03,PLIC,1018,1041,1010,1024,225962,231420816
2021-06-06,PLIC,1012,1040,999,1007,82591,83717238
2021-06-07,PLIC,1008,1024,1004,1015,88375,89436310
2021-06-08,PLIC,1065,1088,1016,1088,194436,204174221
2021-06-09,PLIC,1100,1133,1057,1072,103615,113412583
2021-06-10,PLIC,1025,1079,1025,1045,69236,73192780
2021-06-13,PLIC,1050,1060,1031,1040,72461,75446761
2021-06-14,PLIC,1055,1080,1045,1064,96604,102849262
2021-06-15,PLIC,1050,1113,1050,1062,77439,82879647
2021-06-16,PLIC,1050,1081,1022,1038,68866,72163482
2021-06-17,PLIC,1058,1060,1027,1041,55904,58269359
2021-06-20,PLIC,1041,1045,990,1002,62215,63140084
2021-06-21,PLIC,1052,1052,961,978,74409,73123632
2021-06-22,PLIC,978,1010,965,1000,49774,49475576
2021-06-23,PLIC,1010,1015,970,985,46130,45325062
2021-06-24,PLIC,1034,1034,956,975,55388,54967691
2021-06-27,PLIC,1023,1023,970,980,21644,21162146
2021-06-28,PLIC,980,1000,978,985,10961,10803554
2021-06-29,PLIC,1000,1000,960,967,22168,21499317
2021-06-30,PLIC,986,986,950,964,24355,23267977
2021-07-01,PLIC,980,980,960,972,30500,29574824
2021-07-04,PLIC,972,972,954,956,17997,17276846
2021-07-05,PLIC,1003,1003,950,950,17153,16416518
2021-07-06,PLIC,997,997,946,947,12095,11486544
2021-07-07,PLIC,979,979,945,950,21906,20777788
2021-07-08,PLIC,950,959,942,945,40484,38379819
2021-07-11,PLIC,990,990,943,975,23081,22243896
2021-07-12,PLIC,975,989,951,956,21480,20742716
2021-07-13,PLIC,956,970,947,960,12521,12007420
2021-07-14,PLIC,949,970,949,965,9192,8774916
2021-07-15,PLIC,984,1000,950,954,25019,23943434
2021-07-18,PLIC,970,1013,965,990,25671,25157543.4
2021-07-19,PLIC,1000,1009,982,983,29320,29177036
2021-07-20,PLIC,996,996,978,978,5709,5607348
2021-07-22,PLIC,997,997,972.3,972.5,13279,13005909.5
2021-07-25,PLIC,990,990,970,974,21373,20765022
2021-07-26,PLIC,974,990,974,986,24149,23748326
2021-07-27,PLIC,986,1029,975,1026,68526,69078052.4
2021-07-28,PLIC,1030,1064,1030,1060,65659,69194927
2021-07-29,PLIC,1060,1079,1030,1031,36080,37934594.8
2021-08-01,PLIC,1048,1048,1011.1,1013,21468,21817229.6
2021-08-02,PLIC,1033.2,1033.2,1000,1003,20999,21110291
2021-08-03,PLIC,1003,1030,999,1022.5,36430,37115136.6
2021-08-04,PLIC,1022.5,1040,1020,1026,43031,44339523.8
2021-08-05,PLIC,1029,1035,1020,1021,33098,33938977.1
2021-08-08,PLIC,1030,1030,1002,1007.9,26984,27189987.8
2021-08-09,PLIC,1018,1018,998,1008,25844,25987364.5
2021-08-10,PLIC,1008,1030,1008,1030,43741,44844617.4
2021-08-11,PLIC,1040,1071,1021,1024.2,45501,46990069.4
2021-08-12,PLIC,1030,1050,1025,1037,52046,53973070
2021-08-15,PLIC,1016.3,1050,983.2,1015.1,53426,54061412.4
2021-08-16,PLIC,997,1025,995,1004,10962,11016818.1
2021-08-17,PLIC,995,1004,978.1,978.1,35053,34853981.5
2021-08-18,PLIC,997.6,1046,977,1015,31365,31674904.1
2021-08-19,PLIC,1025,1070,1014,1019,77297,80082574.8
2021-08-24,PLIC,1037.9,1037.9,1009,1009,21007,21491465.7
2021-08-25,PLIC,995,1010,980,990,49281,49231183.8
2021-08-26,PLIC,980,1009.8,979,999,19813,19680757.1
2021-08-29,PLIC,998,998,961,961,26666,25944145.8
2021-08-31,PLIC,961,961,922,927,33412,31313975.1
2021-09-01,PLIC,940,963,927,928,26182,24610608.5
2021-09-02,PLIC,945,945,897,899,26311,24048108
2021-09-05,PLIC,885,906,866.2,884,48831,42943240.8
2021-09-06,PLIC,895,934,882,934,20708,19013224
2021-09-07,PLIC,920,926,895.1,906,28003,25386920.6
2021-09-08,PLIC,895,897,875,880.1,22138,19525043.8
2021-09-09,PLIC,890,915,867,885,15966,14193579.7
2021-09-12,PLIC,885,909,875,902,12423,11072632
2021-09-13,PLIC,910,917,899,900,16332,14743718.7
2021-09-14,PLIC,901,908,879,885,9985,8888248
2021-09-15,PLIC,881,890,872,880,12879,11339380.8
2021-09-16,PLIC,867,868,830,848,40957,34719718.6
2021-09-20,PLIC,832,842,800,805,25051,20540547
2021-09-21,PLIC,800,840,791,815,30166,24684910.5
2021-09-22,PLIC,831,851,830.1,848,12042,10111531.1
2021-09-23,PLIC,864.1,900,855,900,44264,39283533.7
2021-09-26,PLIC,918,936,876.1,883,52285,46872809.3
2021-09-27,PLIC,870,870,851.7,865.9,17841,15399188.2
2021-09-28,PLIC,848.6,861,816.4,839,14398,12073100.8
2021-09-29,PLIC,855,867,823.1,856,28578,23994797
2021-09-30,PLIC,842,857.9,835,840,8977,7558251.8
2021-10-03,PLIC,847,849,810,812,21795,17927073.2
2021-10-04,PLIC,810,826,798,819,12935,10523801
2021-10-05,PLIC,835.3,860,822,850,8408,7061595.6
2021-10-06,PLIC,866,867,846,861,13327,11433850
2021-10-10,PLIC,861,870,844,844,10186,8713594.1
2021-10-11,PLIC,828.5,840,820,835,11371,9468219.1
2021-10-17,PLIC,820,855,820,838,4357,3627011.1
2021-10-18,PLIC,835,835,813,824,13218,10835044.7
2021-10-19,PLIC,835,835,799,810,16795,13550529
2021-10-20,PLIC,826.2,841,825,830,2843,2357234.4
2021-10-21,PLIC,829,829,813.4,818,6423,5246895.6
2021-10-24,PLIC,801.9,822.1,801.9,819,12897,10443925.1
2021-10-25,PLIC,825,850,822,840,9845,8257920.2
2021-10-26,PLIC,845,865,842,858.9,21537,18391255.7
2021-10-27,PLIC,875,944.7,849,894,40995,36833718.8
2021-10-28,PLIC,877,900,875,894.9,18089,16050245
2021-10-31,PLIC,877.1,930,862,921,30485,27803524
2021-11-01,PLIC,910,923,886.1,896,16262,14684477.2
2021-11-02,PLIC,880,920,860.6,920,14794,13304071.4
2021-11-03,PLIC,902,937,892,912.9,17388,15746010.1
2021-11-08,PLIC,931.1,931.1,898,898,6591,5998877.7
2021-11-09,PLIC,898,900,880,890,19546,17317920.6
2021-11-11,PLIC,873.1,900,873,887,6861,6049403.5
2021-11-14,PLIC,871,888,865.1,888,6911,6063449.7
2021-11-15,PLIC,901,906,886,895,6433,5769143.6
2021-11-16,PLIC,890,913.9,888,906,10900,9832563.1
2021-11-17,PLIC,922,922,895,896,13293,11996355.6
2021-11-18,PLIC,888,899,882,886.2,7994,7110405
2021-11-21,PLIC,888.2,900,881,887,9696,8591385.4
2021-11-22,PLIC,903.9,903.9,885,886,7820,6973633.3
2021-11-23,PLIC,875.2,891,871.1,871.1,8546,7485192
2021-11-24,PLIC,871,875.9,859,873.5,9174,7941795.2
2021-11-25,PLIC,890,890,844.9,870,57524,49834875.2
2021-11-28,PLIC,765,765,699,701,22416,16203628.1
2021-11-29,PLIC,701,738,701,715,9281,6638787.4
2021-11-30,PLIC,715,729,700,708.9,10660,7488244.3
2021-12-01,PLIC,705,710.1,705,705,4086,2885882.1
2021-12-02,PLIC,704.9,705,680,682.9,6069,4199968
2021-12-05,PLIC,670,677,643,651,16866,10995059.8
2021-12-06,PLIC,650,670,630,662,13320,8643792.3
2021-12-07,PLIC,675.2,688,641,653.8,8171,5390703.2
2021-12-08,PLIC,650,650,635,639,6783,4339125.9
2021-12-09,PLIC,640,645,626.3,632,8820,5615916.9
2021-12-12,PLIC,632,639,612.3,612.3,12138,7576235.7
2021-12-13,PLIC,600.1,620,580,582,8557,5065694
2021-12-14,PLIC,593,612,590,612,5426,3267440.1
2021-12-15,PLIC,624,648,588,595,12285,7551575
2021-12-16,PLIC,595,598,586,588,2563,1516699
2021-12-20,PLIC,578,587,570,573.1,10537,6067566.9
2021-12-21,PLIC,584.5,593,584,587,4595,2698166.2
2021-12-22,PLIC,586.5,632.4,586.5,619,7746,4793609
2021-12-23,PLIC,625.1,640,615,637,26458,16659728.3
2021-12-26,PLIC,649,700.7,637,700.7,48962,33758662.6
2021-12-27,PLIC,714,742,669,679,56873,39916143.4
2021-12-28,PLIC,671,690,666,686,7229,4930833.2
2021-12-29,PLIC,686,696.6,676,695.9,8259,5682387.3
2022-01-02,PLIC,700,721,690,720,13043,9292237.5
2022-01-03,PLIC,720,733,711,715.1,10386,7488268
2022-01-04,PLIC,716,731,701,731,12809,9220758.4
2022-01-05,PLIC,731,737,702.1,702.1,22315,16022178.6
2022-01-06,PLIC,716,716,705,713.9,7340,5226458.1
2022-01-09,PLIC,726,737,723,726,17072,12445088.1
2022-01-10,PLIC,727,760,725,753,37383,27685969.5
2022-01-11,PLIC,742,808.7,740.1,787,26512,20756157
2022-01-12,PLIC,773,789,758,758,24302,18857060.7
2022-01-13,PLIC,758,786,755.1,780,27534,21252986.5
2022-01-16,PLIC,795.6,800,780,785,27888,21935037.3
2022-01-17,PLIC,785,823,771,800,35623,28256402.4
2022-01-18,PLIC,800,800,777,785,20480,16109701
2022-01-19,PLIC,778,794,774,779,18236,14246833.6
2022-01-20,PLIC,775,820,775,815,31117,24841077.2
2022-01-23,PLIC,815,848,815,827,70466,58914468.1
2022-01-24,PLIC,815,826,792,795,52903,42836827.9
2022-01-25,PLIC,780,816,779.1,797,25275,20240511.4
2022-01-26,PLIC,800,800,775,780.1,14208,11164209.6
2022-01-27,PLIC,794,800,781,781,9027,7124304.4
2022-01-30,PLIC,796,827,796,815,26012,20962444
2022-01-31,PLIC,800,815,795,799,4877,3896597
2022-02-01,PLIC,790.1,805,789.7,804,7216,5772863.8
2022-02-03,PLIC,804,815,788,793,20473,16325841.8
2022-02-06,PLIC,790,790,777.3,777.3,8639,6750743.3
2022-02-07,PLIC,763,795,763,784.1,14856,11623320
2022-02-08,PLIC,799,805,769,772.1,13615,10665740.4
2022-02-09,PLIC,767,770,759.3,768.9,7356,5643017.1
2022-02-10,PLIC,757.1,776,757.1,775,7873,6052434.2
2022-02-13,PLIC,760,760,733,740,14205,10483506
2022-02-14,PLIC,727,766,726,741,10566,7822111.1
2022-02-15,PLIC,755.8,757,741,755,7523,5612255
2022-02-16,PLIC,755,770,744,759,5323,4002878.5
2022-02-17,PLIC,750,755,746,751,2762,2076587
2022-02-20,PLIC,742,763,724,730.1,5165,3791462.7
2022-02-21,PLIC,731,750,715,739,11183,8099357.3
2022-02-22,PLIC,750,750,725.1,725.1,3066,2247920.3
2022-02-23,PLIC,739.5,739.5,713,720,8982,6446132.5
2022-02-24,PLIC,710,720,700,702,10923,7728799
2022-02-27,PLIC,700,715,691,694,5828,4088902.5
2022-02-28,PLIC,696,696,667.2,671,8003,5430350
2022-03-02,PLIC,671,683,646.8,660,8949,5882298.5
2022-03-06,PLIC,673,673,650,655,4248,2785882.5
2022-03-07,PLIC,668,668,640,643.9,7638,4944983
2022-03-09,PLIC,640,646.7,625,625,7315,4623339
2022-03-10,PLIC,613.5,655,613,655,6298,4010663.1
2022-03-13,PLIC,661,700,661,699.9,8785,6059094.3
2022-03-14,PLIC,690,724,686,709,7212,5088049.5
2022-03-15,PLIC,722,736.4,711,736.4,23524,17016029.4
2022-03-16,PLIC,744.9,750,727.1,734,16298,12060637.1
2022-03-20,PLIC,722,733.9,716,716,16985,12355604.3
2022-03-21,PLIC,716,739,705,734,4153,3000495.8
2022-03-22,PLIC,737,744,725,734,5594,4128502.6
2022-03-23,PLIC,721.2,730,715.2,730,18561,13424749.3
2022-03-24,PLIC,717,765,715.6,755,46351,34313839.7
2022-03-27,PLIC,770.1,801,750,758,97935,76054402.8
2022-03-28,PLIC,762,762,735,737,25102,18661496
2022-03-29,PLIC,745,745,730,733,4378,3210370.5
2022-03-30,PLIC,720,749.7,720,747,13512,9902012.3
2022-03-31,PLIC,748,748,730,742.8,7710,5658568.3
2022-04-03,PLIC,740,740,729,729.1,9556,6995578.4
2022-04-04,PLIC,735,740,709.6,718,15437,11147182.2
2022-04-05,PLIC,707,707,686,690,30354,21070403.9
2022-04-06,PLIC,700,700,671,685,11020,7527601.7
2022-04-07,PLIC,690,711,686,709,17671,12441470.6
2022-04-11,PLIC,706,725,690,690,17960,12621022.7
2022-04-12,PLIC,677,700,671.1,671.1,8928,6054737.1
2022-04-13,PLIC,665,696,660,675.1,4868,3297762
2022-04-17,PLIC,663,680,651,662,4930,3276176.4
2022-04-18,PLIC,655,656,642.9,645,12995,8409563.8
2022-04-19,PLIC,640,666.5,636.5,649,7917,5160495.4
2022-04-20,PLIC,654,654,633,633,4342,2762725.9
2022-04-21,PLIC,630,647.7,626.3,630.2,12185,7672391.7
2022-04-24,PLIC,641,677.8,638,666.1,8417,5519759.5
2022-04-25,PLIC,679.4,690,654,655,11387,7564495.3
2022-04-26,PLIC,654,664.1,651.1,655,9230,6066349.9
2022-04-27,PLIC,668.1,668.1,640,655,4196,2722168.4
2022-04-28,PLIC,662.9,662.9,643.1,655,3206,2070333.4
2022-05-02,PLIC,645,645,623.2,631.8,24630,15557031.9
2022-05-04,PLIC,621,641,613,620,8932,5556447.9
2022-05-05,PLIC,615,625,595,600,15579,9408362.7
2022-05-08,PLIC,598,599,570,593,15752,9110297.4
2022-05-09,PLIC,582.2,599,578,580,10495,6153391.3
2022-05-10,PLIC,590,603,585.1,599,2631,1566778.6
2022-05-11,PLIC,610,616,600,616,6510,3959073.9
2022-05-12,PLIC,616,627,569,569,134602,78390792.3
2023-01-31,PLIC,513.6,533,477.3,477.3,57575,28535241.3
2023-02-01,PLIC,485,487,477,477.7,13917,6674984
2023-02-02,PLIC,486.9,490,459,466,10335,4846678
2023-02-05,PLIC,466,470,448.1,448.1,20028,9121175.1
2023-02-06,PLIC,448,461,441,449,20845,9410341.6
2023-02-07,PLIC,450,468,450,468,22980,10552852.9
2023-02-08,PLIC,477.3,486.8,468,480,48666,23252604.1
2023-02-09,PLIC,476,504.9,475,504,24539,11952013
2023-02-12,PLIC,494,494,468,475,55100,26284819.7
2023-02-14,PLIC,470,481,465.4,465.4,15362,7250345
2023-02-15,PLIC,473,474.1,460,460,9534,4420909.1
2023-02-16,PLIC,452.2,461,452.2,453,8355,3807075.7
2023-02-20,PLIC,448,452,439,439.1,13463,5984315.6
2023-02-22,PLIC,447.8,454,440.3,449.2,10161,4554429.2
2023-02-23,PLIC,447,448,436,436,8832,3877690.5
2023-02-26,PLIC,428,444.5,420.2,443.7,6821,2971800.6
2023-02-27,PLIC,440,461.5,430.3,439,13033,5726861.3
2023-02-28,PLIC,442,447.7,437,440,1677,741640.2
2023-03-01,PLIC,433.3,441,430,431.2,5956,2583761.8
2023-03-02,PLIC,426,430.9,423,423,4703,1998330.8
2023-03-05,PLIC,422,425,403.7,404,15157,6211201.2
2023-03-07,PLIC,412,420,410,414.9,7762,3213937.2
2023-03-09,PLIC,423.1,425,417,422,6216,2621110.4
2023-03-12,PLIC,423.1,426.2,415,418,8119,3431380.9
2023-03-13,PLIC,411,418,406.1,407,5879,2402897.8
2023-03-14,PLIC,407,418,406,413,14339,5869149.1
2023-03-15,PLIC,405.1,411.9,405.1,407,7936,3238660.3
2023-03-16,PLIC,400.4,408,400.4,401.3,7542,3045216.4
2023-03-19,PLIC,400,406.9,400,401,6760,2713615.9
2023-03-20,PLIC,407.9,409,401.4,408,3485,1415166.8
2023-03-22,PLIC,407,415.9,403,410,8444,3464132.5
2023-03-23,PLIC,405,410,402,405,3426,1382357.3
2023-03-26,PLIC,405,405.1,395.5,397,12923,5154679
2023-03-27,PLIC,393,411.9,392.3,411.9,18962,7584062.1
2023-03-28,PLIC,405,420,405,414,16042,6633377.3
2023-03-29,PLIC,413,413,405.4,406,7559,3088378.6
2023-03-30,PLIC,407,413,403,403,7359,2983644
2023-04-02,PLIC,411,411,400,400,7154,2879629.9
2023-04-03,PLIC,396,405,394.2,397,9003,3576775.6
2023-04-04,PLIC,395,399,392,395,6626,2614411
2023-04-05,PLIC,395,395,381.3,387,18138,7024737
2023-04-06,PLIC,392,392,381,381,12123,4646974.6
2023-04-09,PLIC,377.1,380,367,368,8651,3220271.6
2023-04-10,PLIC,375,375,362.2,365,9459,3471769.7
2023-04-11,PLIC,363.1,372.3,363.1,371.9,8813,3262182.6
2023-04-12,PLIC,375,390,375,389.9,12348,4753332.3
2023-04-13,PLIC,385.1,405,385,388.9,18756,7379104
2023-04-16,PLIC,384,390,381.2,386,3927,1515420
2023-04-17,PLIC,389,389,378.8,386,6127,2328519.6
2023-04-18,PLIC,386,387,378.8,381,3011,1144734.6
2023-04-19,PLIC,388,388,375.2,381.9,2314,878516.2
2023-04-20,PLIC,375,389.9,375,376.2,4167,1583253.1
2023-04-23,PLIC,376,376,369.1,370,10348,3850604.1
2023-04-24,PLIC,362.6,372.9,362.6,372,2983,1105249.1
2023-04-25,PLIC,374.3,378,373,374,3992,1500981.9
2023-04-26,PLIC,372.1,381.4,360.1,366.9,19093,7011333.3
2023-04-27,PLIC,372.8,372.8,362.3,371.9,3235,1186376.4
2023-04-30,PLIC,367,367,364,364,4482,1635775.5
2023-05-02,PLIC,366,367,362,365.7,3493,1271961.5
2023-05-03,PLIC,360.2,365.8,355,362,8435,3027650.5
2023-05-04,PLIC,358,359.3,351,359.3,12067,4289026.2
2023-05-07,PLIC,352.2,355,347,353.7,8720,3064356.5
2023-05-08,PLIC,350,352,340,340,18155,6262238.6
