date,symbol,open,high,low,close,volume,turnover
2017-02-08,RSDC,0,346,334,346,30,10200
2017-02-21,RSDC,346,352,352,352,10,3520
2017-02-23,RSDC,352,380,359,380,50,18370
2017-02-26,RSDC,380,401,387,401,30,11820
2017-03-01,RSDC,401,441,409,441,72,30792
2017-03-02,RSDC,441,484,449,484,58,27146
2017-03-05,RSDC,484,532,493,532,90,46650
2017-03-06,RSDC,532,574,542,574,54,30412
2017-03-07,RSDC,574,631,585,631,236,147606
2017-03-09,RSDC,631,694,643,694,58,38806
2017-03-13,RSDC,694,763,728,763,182,137606
2017-03-21,RSDC,663,689,676,689,50,33982
2017-03-22,RSDC,689,702,702,702,14,9884
2017-03-29,RSDC,702,737,737,737,14,10318
2017-04-04,RSDC,737,751,751,751,14,10514
2017-04-10,RSDC,737,751,751,751,10,7510
2017-04-13,RSDC,751,766,766,766,10,7660
2017-04-18,RSDC,766,796,781,796,20,15770
2017-04-24,RSDC,796,811,811,811,10,8110
2017-04-25,RSDC,811,859,827,859,38,32098
2017-04-26,RSDC,859,893,876,893,28,24766
2017-04-27,RSDC,893,910,910,910,10,9100
2017-04-30,RSDC,893,910,910,910,20,18200
2017-05-02,RSDC,910,983,928,983,44,42066
2017-05-04,RSDC,983,1002,1002,1002,10,10020
2017-05-08,RSDC,1002,1022,1022,1022,10,10220
2017-05-09,RSDC,1022,1042,1042,1042,10,10420
2017-05-11,RSDC,1022,1094,1073,1094,24,25962
2017-05-16,RSDC,1094,1094,1094,1094,10,10940
2017-05-21,RSDC,1094,1159,1115,1159,30,34110
2017-05-22,RSDC,1159,1205,1182,1205,20,23870
2017-05-23,RSDC,1205,1278,1229,1278,38,47528
2017-05-24,RSDC,1278,1405,1303,1405,80,108908
2017-05-28,RSDC,1405,1519,1433,1519,40,59030
2017-05-30,RSDC,1519,1579,1549,1579,20,31280
2017-05-31,RSDC,1579,1707,1610,1707,54,89840
2017-06-01,RSDC,1707,1775,1741,1775,20,35160
2017-06-04,RSDC,1775,1952,1810,1952,58,109574
2017-06-05,RSDC,1952,2147,1991,2147,60,124960
2017-06-06,RSDC,2147,2361,2189,2361,60,137430
2017-06-07,RSDC,2361,2597,2408,2597,68,171956
2017-06-08,RSDC,2597,2856,2648,2856,178,498974
2017-06-11,RSDC,2856,3141,2913,3141,4040,12684335
2017-06-12,RSDC,3141,3455,2956,3070,17573,54493512
2017-06-13,RSDC,3070,3035,2950,3000,6005,18041242
2017-06-14,RSDC,3000,2998,2882,2893,2670,7738952
2017-06-15,RSDC,2893,3009,2840,2901,3317,9650718
2017-06-18,RSDC,2901,2890,2850,2861,1279,3664695
2017-06-19,RSDC,2861,2864,2830,2839,910,2595253
2017-06-20,RSDC,2839,2880,2815,2840,1464,4146884
2017-06-21,RSDC,2840,2927,2821,2856,702,2014898
2017-06-22,RSDC,2856,2890,2821,2890,1405,4042099
2017-06-25,RSDC,2890,2990,2833,2960,1034,3047856
2017-06-27,RSDC,2960,2990,2900,2900,1136,3329363
2017-06-28,RSDC,2900,2955,2900,2926,1203,3523409
2017-07-02,RSDC,2926,2955,2900,2930,898,2616970
2017-07-03,RSDC,2930,2920,2900,2915,522,1520788
2017-07-04,RSDC,2915,2930,2892,2910,358,1042082
2017-07-05,RSDC,2910,3019,2910,3019,617,1805526
2017-07-06,RSDC,3019,3030,2970,3025,1798,5410748
2017-07-09,RSDC,3025,3085,2905,2935,1222,3658338
2017-07-10,RSDC,2935,2980,2934,2950,861,2544783
2017-07-11,RSDC,2950,3000,2944,2980,1698,5038000
2017-07-12,RSDC,2980,2980,2950,2975,993,2937956
2017-07-13,RSDC,2975,2950,2885,2950,898,2626119
2017-07-16,RSDC,2950,2923,2903,2920,1030,3001349
2017-07-17,RSDC,2920,2980,2901,2941,1115,3284541
2017-07-18,RSDC,2941,3000,2950,3000,1985,5905831
2017-07-19,RSDC,3000,3010,2940,3000,2010,5988472
2017-07-20,RSDC,3000,3180,2940,3140,6474,19980220
2017-07-23,RSDC,3140,3233,3095,3110,5689,17899208
2017-07-24,RSDC,3110,3150,2843,3042,1723,5258642
2017-07-25,RSDC,3042,3102,3040,3081,1914,5863312
2017-07-26,RSDC,3081,3120,3050,3091,1592,4928533
2017-07-27,RSDC,3091,3213,3035,3090,1750,5476314
2017-07-30,RSDC,3090,3131,3030,3090,2152,6660595
2017-07-31,RSDC,3090,3120,3081,3100,2068,6407444
2017-08-01,RSDC,3100,3225,3100,3214,3326,10492254
2017-08-02,RSDC,3214,3240,3150,3172,2762,8764035
2017-08-03,RSDC,3172,3235,3155,3174,2575,8206238
2017-08-06,RSDC,3174,3209,3150,3151,2167,6855452
2017-08-07,RSDC,3151,3175,3120,3150,1874,5887696
2017-08-09,RSDC,3150,3179,3100,3156,1613,5085120
2017-08-10,RSDC,3156,3190,3101,3151,2598,8184543
2017-08-13,RSDC,3151,3151,3090,3100,1314,4099419
2017-08-15,RSDC,3100,3150,3010,3025,1269,3877946
2017-08-16,RSDC,3025,3100,3000,3012,1433,4337911
2017-08-17,RSDC,3012,3040,3000,3020,902,2723173
2017-08-20,RSDC,3020,3025,2985,3015,1137,3407728
2017-08-21,RSDC,3015,3019,2962,2962,680,2041871
2017-08-22,RSDC,2962,3060,2960,3005,1045,3137048
2017-08-23,RSDC,3005,3200,3005,3060,2601,7971411
2017-08-24,RSDC,3060,3150,3075,3145,4736,14759454
2017-08-27,RSDC,3145,3200,3150,3200,7842,24909224
2017-08-28,RSDC,3200,3250,3155,3180,4654,14862659
2017-08-30,RSDC,3180,3200,3130,3150,4061,12815389
2017-08-31,RSDC,3150,3168,3121,3121,12169,38245752
2017-09-04,RSDC,1107,1217,1129,1217,1741,2113639
2017-09-06,RSDC,1217,1338,1241,1338,1051,1402857
2017-09-07,RSDC,1338,1471,1364,1410,19724,28106620
2017-09-10,RSDC,1410,1407,1320,1333,4520,6091591
2017-09-11,RSDC,1333,1333,1280,1285,2356,3053433
2017-09-12,RSDC,1285,1310,1265,1294,1650,2135008
2017-09-13,RSDC,1294,1327,1265,1305,1649,2155833
2017-09-14,RSDC,1305,1335,1295,1335,1407,1850217
2017-09-17,RSDC,1335,1360,1300,1320,1330,1776468
2017-09-18,RSDC,1320,1350,1320,1325,1706,2274528
2017-09-20,RSDC,1325,1325,1280,1280,1123,1451216
2017-09-24,RSDC,1280,1366,1305,1320,1188,1581146
2017-09-25,RSDC,1320,1350,1340,1340,190,255632
2017-09-26,RSDC,1340,1364,1340,1349,960,1298125
2017-10-03,RSDC,1349,1332,1330,1330,171,227460
2017-10-04,RSDC,1330,1313,1300,1301,537,700112
2017-10-08,RSDC,1301,1285,1265,1265,548,703372
2017-10-09,RSDC,1265,1270,1241,1269,520,656366
2017-10-10,RSDC,1269,1280,1260,1260,383,485979
2017-10-11,RSDC,1260,1295,1252,1253,515,650795
2017-10-12,RSDC,1253,1253,1235,1240,238,295526
2017-10-15,RSDC,1240,1264,1250,1255,194,242790
2017-10-16,RSDC,1255,1295,1250,1295,589,748034
2017-10-17,RSDC,1295,1291,1276,1280,456,585626
2017-10-18,RSDC,1280,1332,1240,1330,601,765703
2017-10-22,RSDC,1330,1335,1320,1325,338,448883
2017-10-23,RSDC,1325,1325,1300,1300,751,977621
2017-10-24,RSDC,1300,1278,1265,1278,63,80121
2017-10-25,RSDC,1278,1280,1256,1280,680,859443
2017-10-29,RSDC,1280,1270,1231,1255,502,631504
2017-10-30,RSDC,1255,1257,1239,1255,752,943570
2017-10-31,RSDC,1255,1305,1250,1305,182,232135
2017-11-01,RSDC,1305,1300,1254,1299,663,854332
2017-11-02,RSDC,1299,1290,1274,1275,523,668638
2017-11-05,RSDC,1275,1345,1300,1332,3723,4935276
2017-11-06,RSDC,1332,1351,1323,1345,2075,2787936
2017-11-07,RSDC,1345,1355,1340,1341,1028,1386388
2017-11-08,RSDC,1341,1340,1315,1325,880,1168062
2017-11-09,RSDC,1325,1348,1320,1348,3311,4418051
2017-11-12,RSDC,1292,1272,1240,1244,738,918891
2017-11-13,RSDC,1244,1265,1251,1256,324,407648
2017-11-14,RSDC,1256,1292,1260,1263,631,808125
2017-11-15,RSDC,1263,1280,1250,1250,1057,1339781
2017-11-16,RSDC,1250,1260,1250,1252,750,939920
2017-11-19,RSDC,1252,1250,1236,1236,627,778815
2017-11-20,RSDC,1236,1250,1235,1240,216,267335
2017-11-21,RSDC,1240,1250,1231,1240,470,583110
2017-11-22,RSDC,1240,1240,1230,1236,213,262638
2017-11-23,RSDC,1236,1240,1215,1215,998,1221848
2017-11-26,RSDC,1215,1265,1221,1250,511,630846
2017-11-27,RSDC,1250,1266,1250,1260,1821,2294713
2017-11-28,RSDC,1260,1280,1265,1270,285,362780
2017-11-29,RSDC,1270,1361,1285,1337,2333,3086893
2017-11-30,RSDC,1337,1335,1300,1319,1171,1544945
2017-12-04,RSDC,1319,1305,1295,1295,668,866500
2017-12-05,RSDC,1295,1305,1287,1300,266,345842
2017-12-06,RSDC,1300,1326,1281,1296,546,714747
2017-12-10,RSDC,1296,1285,1278,1278,111,142208
2017-12-11,RSDC,1278,1275,1265,1275,54,68609
2017-12-12,RSDC,1275,1280,1261,1266,360,456958
2017-12-13,RSDC,1266,1290,1260,1290,197,250375
2017-12-14,RSDC,1290,1300,1270,1300,175,225414
2017-12-17,RSDC,1300,1300,1264,1285,180,228936
2017-12-18,RSDC,1285,1285,1240,1264,276,346780
2017-12-19,RSDC,1264,1264,1243,1245,565,704643
2017-12-20,RSDC,1245,1250,1240,1243,61,75918
2017-12-21,RSDC,1243,1245,1238,1238,128,158907
2017-12-24,RSDC,1238,1245,1238,1239,473,586720
2017-12-26,RSDC,1239,1240,1225,1230,176,217675
2017-12-27,RSDC,1230,1230,1210,1212,186,227199
2017-12-28,RSDC,1212,1220,1180,1185,411,493854
2017-12-31,RSDC,1185,1168,1163,1168,42,48908
2018-01-01,RSDC,1168,1168,1160,1165,78,90680
2018-01-02,RSDC,1165,1235,1142,1213,700,849745
2018-01-03,RSDC,1213,1200,1180,1200,254,302401
2018-01-04,RSDC,1200,1190,1176,1190,148,175076
2018-01-07,RSDC,1190,1176,1170,1176,27,31686
2018-01-08,RSDC,1176,1185,1180,1180,176,208259
2018-01-09,RSDC,1180,1198,1175,1185,83,98705
2018-01-10,RSDC,1185,1195,1168,1180,511,600878
2018-01-14,RSDC,1180,1161,1158,1161,119,137921
2018-01-16,RSDC,1161,1149,1138,1138,351,401354
2018-01-17,RSDC,1138,1198,1116,1198,338,395934
2018-01-21,RSDC,1198,1175,1132,1132,34,39201
2018-01-22,RSDC,1132,1137,1115,1137,83,93450
2018-01-23,RSDC,1137,1140,1130,1130,173,195961
2018-01-24,RSDC,1130,1122,1110,1119,137,153228
2018-01-25,RSDC,1119,1141,1115,1140,196,220337
2018-01-28,RSDC,1140,1122,1120,1122,115,128926
2018-01-29,RSDC,1122,1122,1100,1120,224,248892
2018-01-31,RSDC,1120,1130,1111,1115,255,285458
2018-02-01,RSDC,1115,1121,1102,1102,341,380308
2018-02-04,RSDC,1102,1124,1106,1124,44,48953
2018-02-05,RSDC,1124,1124,1102,1105,118,130333
2018-02-06,RSDC,1105,1110,1097,1097,54,59622
2018-02-07,RSDC,1097,1100,1091,1092,286,313875
2018-02-08,RSDC,1092,1080,983,983,3152,3102281
2018-02-11,RSDC,983,964,885,885,973,863727
2018-02-12,RSDC,885,868,802,840,9145,7557061
2018-02-14,RSDC,840,924,839,924,4555,3946311
2018-02-15,RSDC,924,939,885,927,6702,6137707
2018-02-18,RSDC,945,950,884,884,6278,5678954
2018-02-20,RSDC,901,901,853,870,7120,6192115
2018-02-21,RSDC,880,881,863,867,1414,1229119
2018-02-22,RSDC,851,875,850,858,1466,1255432
2018-02-25,RSDC,860,875,843,845,4597,3906930
2018-02-26,RSDC,845,845,830,833,3747,3140603
2018-02-27,RSDC,825,867,824,840,1480,1241944
2018-02-28,RSDC,838,838,820,820,1505,1242472
2018-03-04,RSDC,804,804,751,765,2859,2205190
2018-03-05,RSDC,780,795,734,752,3452,2623194
2018-03-06,RSDC,737,769,717,769,3396,2480685
2018-03-07,RSDC,784,799,750,775,2344,1822758
2018-03-11,RSDC,775,775,735,735,2266,1698069
2018-03-12,RSDC,733,740,721,726,1189,868293
2018-03-13,RSDC,735,739,730,730,1528,1116608
2018-03-14,RSDC,731,754,731,740,707,525979
2018-03-15,RSDC,754,754,741,743,653,486410
2018-03-18,RSDC,742,750,735,740,2015,1491623
2018-03-19,RSDC,740,750,735,739,1211,895584
2018-03-20,RSDC,731,731,724,726,1014,737170
2018-03-21,RSDC,712,714,702,714,1000,705897
2018-03-22,RSDC,700,734,695,696,1108,782242
2018-03-26,RSDC,708,708,640,650,2461,1611632
2018-03-27,RSDC,645,715,607,705,2504,1623012
2018-03-28,RSDC,719,732,687,687,2746,1922143
2018-03-29,RSDC,687,690,675,682,4143,3483137
2018-04-01,RSDC,682,682,650,660,1727,1140535
2018-04-02,RSDC,660,670,660,660,2028,1346752
2018-04-03,RSDC,652,662,652,658,2449,1614348
2018-04-04,RSDC,661,705,660,695,5043,3370597
2018-04-05,RSDC,690,708,683,700,6201,4330866
2018-04-08,RSDC,695,770,695,753,5150,3713958
2018-04-09,RSDC,756,780,728,735,7711,5885818
2018-04-10,RSDC,730,754,715,720,4423,3206849
2018-04-11,RSDC,710,740,695,735,4416,3113763
2018-04-12,RSDC,730,744,730,730,4091,3004673
2018-04-15,RSDC,716,728,710,728,3477,2502490
2018-04-16,RSDC,730,784,730,765,4912,3722932
2018-04-17,RSDC,780,841,770,841,13192,10760488
2018-04-18,RSDC,857,918,835,875,12212,10565185
2018-04-19,RSDC,870,884,850,867,8090,7033244
2018-04-22,RSDC,880,900,863,887,7224,6343438
2018-04-23,RSDC,904,922,859,877,9309,8271023
2018-04-24,RSDC,870,873,828,869,4423,3807255
2018-04-25,RSDC,860,886,852,855,2464,2120584
2018-04-26,RSDC,838,860,831,838,5393,4547969
2018-04-29,RSDC,840,840,815,823,5365,4443281
2018-05-02,RSDC,820,846,815,846,2266,1882340
2018-05-03,RSDC,860,870,847,870,6311,5415537
2018-05-06,RSDC,875,890,857,858,3272,2826503
2018-05-07,RSDC,845,856,833,849,625,529952
2018-05-08,RSDC,840,875,836,875,969,822785
2018-05-09,RSDC,860,887,855,859,1110,969975
2018-05-10,RSDC,876,876,850,850,5098,4386019
2018-05-14,RSDC,867,868,850,860,3576,3070898
2018-05-15,RSDC,865,865,855,855,2044,1756778
2018-05-16,RSDC,850,860,840,850,1704,1438615
2018-05-17,RSDC,838,862,838,850,2141,1817406
2018-05-20,RSDC,867,879,841,846,2035,1823054
2018-05-21,RSDC,845,861,840,861,1444,1223788
2018-05-22,RSDC,869,869,850,859,1116,955604
2018-05-23,RSDC,855,855,842,850,665,563270
2018-05-24,RSDC,850,850,830,830,1554,1303773
2018-05-27,RSDC,840,860,814,850,4286,3611876
2018-05-28,RSDC,852,873,851,873,8098,6983269
2018-05-29,RSDC,876,885,867,871,6335,5517005
2018-05-30,RSDC,870,875,860,867,2191,1903384
2018-05-31,RSDC,868,875,850,851,4575,3930689
2018-06-03,RSDC,850,855,817,821,7801,6520696
2018-06-04,RSDC,837,837,805,810,12152,9955546
2018-06-06,RSDC,554,576,554,571,3069,1755202
2018-06-07,RSDC,572,588,565,569,5805,3334188
2018-06-10,RSDC,575,575,546,549,1427,789022
2018-06-11,RSDC,550,560,539,550,1836,1016777
2018-06-12,RSDC,551,555,546,552,1421,780958
2018-06-13,RSDC,550,552,540,540,2277,1241384
2018-06-14,RSDC,545,550,543,549,717,392258
2018-06-17,RSDC,540,543,535,543,1244,673558
2018-06-18,RSDC,540,550,540,550,1101,598805
2018-06-19,RSDC,550,561,549,550,655,362681
2018-06-20,RSDC,546,549,545,548,367,200395
2018-06-21,RSDC,550,555,544,544,710,388356
2018-06-24,RSDC,540,554,540,544,461,252686
2018-06-25,RSDC,544,548,540,545,385,209229
2018-06-26,RSDC,540,540,530,530,1312,704018
2018-06-27,RSDC,523,530,523,530,398,210550
2018-06-28,RSDC,528,540,525,525,1044,556410
2018-07-01,RSDC,516,518,516,517,644,333114
2018-07-02,RSDC,510,523,505,505,782,400976
2018-07-03,RSDC,510,510,500,500,2468,1243032
2018-07-04,RSDC,500,515,493,515,1719,867327
2018-07-05,RSDC,515,550,515,540,3071,1638114
2018-07-08,RSDC,550,561,542,555,2663,1469961
2018-07-09,RSDC,555,555,540,542,1156,630165
2018-07-10,RSDC,542,550,535,538,1405,760196
2018-07-11,RSDC,540,570,540,540,2337,1290083
2018-07-12,RSDC,550,550,541,542,1275,693606
2018-07-15,RSDC,550,550,544,550,685,375020
2018-07-16,RSDC,550,555,539,555,1071,584000
2018-07-17,RSDC,546,554,546,548,603,330970
2018-07-18,RSDC,545,545,538,538,133,71807
2018-07-19,RSDC,530,540,530,535,656,351240
2018-07-22,RSDC,535,535,520,521,830,438820
2018-07-23,RSDC,520,530,520,530,924,484558
2018-07-24,RSDC,530,549,530,540,760,411575
2018-07-25,RSDC,530,542,530,542,559,299466
2018-07-26,RSDC,536,539,522,522,515,272460
2018-07-29,RSDC,530,538,530,530,879,468440
2018-07-30,RSDC,536,538,523,523,359,188939
2018-07-31,RSDC,521,525,520,525,1029,535895
2018-08-01,RSDC,520,533,518,523,1442,753267
2018-08-02,RSDC,523,530,523,524,671,352871
2018-08-05,RSDC,534,534,519,520,1233,643156
2018-08-06,RSDC,520,520,515,520,383,197972
2018-08-07,RSDC,519,520,510,510,1749,899491
2018-08-08,RSDC,507,507,493,502,851,426353
2018-08-09,RSDC,500,505,492,495,1160,578520
2018-08-12,RSDC,490,498,485,485,1961,958126
2018-08-13,RSDC,485,489,480,489,668,323000
2018-08-14,RSDC,498,498,490,493,1236,608430
2018-08-15,RSDC,498,520,490,520,721,359196
2018-08-16,RSDC,530,530,500,510,1885,975600
2018-08-19,RSDC,503,511,495,500,541,271833
2018-08-20,RSDC,493,500,493,500,910,452603
2018-08-21,RSDC,490,495,490,493,196,96525
2018-08-22,RSDC,501,505,495,498,931,466536
2018-08-23,RSDC,492,500,489,500,1166,576216
2018-08-26,RSDC,490,504,490,500,336,166606
2018-08-28,RSDC,490,494,485,485,647,316345
2018-08-29,RSDC,480,485,479,480,789,379040
2018-08-30,RSDC,485,488,482,485,254,123107
2018-09-02,RSDC,490,494,485,493,897,437121
2018-09-03,RSDC,500,509,496,496,3018,1516612
2018-09-04,RSDC,503,505,500,504,496,249572
2018-09-05,RSDC,514,514,507,507,1154,588164
2018-09-06,RSDC,510,528,510,510,1836,950680
2018-09-09,RSDC,500,501,490,492,901,446121
2018-09-10,RSDC,492,495,485,495,865,424660
2018-09-11,RSDC,500,510,493,493,371,185811
2018-09-12,RSDC,500,500,490,490,640,316617
2018-09-13,RSDC,491,504,487,494,906,448321
2018-09-16,RSDC,490,499,490,493,1247,617695
2018-09-17,RSDC,493,502,491,493,2364,1174077
2018-09-18,RSDC,500,501,495,496,1542,768390
2018-09-20,RSDC,492,495,492,494,594,293465
2018-09-23,RSDC,490,494,484,485,2339,1142517
2018-09-25,RSDC,494,494,486,494,1050,514576
2018-09-26,RSDC,490,494,490,494,442,216928
2018-09-27,RSDC,485,491,485,488,807,394270
2018-09-30,RSDC,497,497,475,476,1417,678985
2018-10-01,RSDC,470,475,465,470,791,371455
2018-10-02,RSDC,465,471,465,471,1463,686684
2018-10-03,RSDC,465,473,462,468,616,288413
2018-10-04,RSDC,460,464,451,451,3711,1695281
2018-10-07,RSDC,458,458,422,431,2906,1251571
2018-10-08,RSDC,432,435,422,432,3513,1504078
2018-10-09,RSDC,428,440,424,425,3054,1309576
2018-10-10,RSDC,425,434,422,434,1099,466972
2018-10-11,RSDC,426,434,426,434,773,333326
2018-10-14,RSDC,441,454,433,445,2452,1083029
2018-10-15,RSDC,453,454,443,443,2094,935617
2018-10-24,RSDC,451,460,446,450,1480,665149
2018-10-25,RSDC,445,445,440,445,1019,451948
2018-10-28,RSDC,444,444,436,440,657,287899
2018-10-29,RSDC,440,440,430,432,1422,617034
2018-10-30,RSDC,430,433,425,430,924,395415
2018-10-31,RSDC,426,431,426,427,985,422258
2018-11-01,RSDC,425,430,424,425,804,343272
2018-11-04,RSDC,426,429,421,428,306,130301
2018-11-05,RSDC,420,425,412,425,703,295963
2018-11-11,RSDC,425,425,417,419,39,16377
2018-11-12,RSDC,411,419,406,407,927,378688
2018-11-13,RSDC,411,425,407,414,564,234554
2018-11-14,RSDC,413,415,411,411,920,379280
2018-11-15,RSDC,410,414,410,410,480,196858
2018-11-18,RSDC,402,410,397,400,1407,567233
2018-11-19,RSDC,400,402,394,399,389,155612
2018-11-20,RSDC,400,405,399,405,1303,526935
2018-11-21,RSDC,410,410,403,409,234,94835
2018-11-22,RSDC,401,404,395,404,1126,447765
2018-11-25,RSDC,398,400,397,399,846,337017
2018-11-26,RSDC,392,395,384,384,2442,953016
2018-11-27,RSDC,384,388,384,388,380,147056
2018-11-28,RSDC,385,400,385,398,889,351650
2018-11-29,RSDC,396,399,380,382,2652,1031710
2018-12-02,RSDC,380,380,371,372,2326,875249
2018-12-03,RSDC,375,381,370,379,1723,646001
2018-12-04,RSDC,373,385,373,382,1538,584716
2018-12-05,RSDC,381,385,375,378,1629,613797
2018-12-06,RSDC,375,383,372,375,831,313770
2018-12-09,RSDC,380,381,375,377,1309,493763
2018-12-10,RSDC,383,383,372,372,1138,429686
2018-12-11,RSDC,373,379,373,378,1411,531335
2018-12-12,RSDC,379,381,374,379,1003,379918
2018-12-13,RSDC,380,392,380,392,311,119433
2018-12-16,RSDC,395,410,395,405,2886,1164919
2018-12-17,RSDC,413,430,405,430,1477,613320
2018-12-18,RSDC,430,438,412,414,2669,1129718
2018-12-19,RSDC,402,404,391,404,1293,514619
2018-12-20,RSDC,408,420,407,407,1290,532017
2018-12-23,RSDC,406,433,406,433,4365,1851472
2018-12-24,RSDC,440,449,425,430,3608,1559349
2018-12-25,RSDC,436,436,420,425,1190,509352
2018-12-26,RSDC,417,435,417,435,1988,855400
2018-12-27,RSDC,443,451,430,438,5718,2532901
2018-12-30,RSDC,395,425,395,410,6118,2521012
2018-12-31,RSDC,403,415,399,405,2070,833992
2019-01-01,RSDC,399,406,397,406,1324,527972
2019-01-02,RSDC,400,405,395,400,1276,511686
2019-01-03,RSDC,402,403,394,394,1885,752622
2019-01-06,RSDC,390,392,385,389,1277,499119
2019-01-07,RSDC,390,395,390,391,1402,549381
2019-01-08,RSDC,388,400,388,390,1505,589316
2019-01-09,RSDC,390,394,390,394,333,130472
2019-01-10,RSDC,396,396,393,393,733,289089
2019-01-13,RSDC,395,395,387,387,1110,431820
2019-01-14,RSDC,387,394,387,394,649,253378
2019-01-15,RSDC,397,400,395,400,1531,608988
2019-01-16,RSDC,408,408,392,392,981,386875
2019-01-17,RSDC,399,399,389,396,1503,589469
2019-01-20,RSDC,400,400,395,395,443,176024
2019-01-21,RSDC,400,400,391,392,1584,627471
2019-01-22,RSDC,392,392,386,386,555,215585
2019-01-23,RSDC,387,390,387,390,609,236773
2019-01-24,RSDC,390,390,384,389,1622,629066
2019-01-27,RSDC,382,395,381,395,389,150373
2019-01-28,RSDC,400,400,380,391,1199,462734
2019-01-29,RSDC,391,391,384,388,367,142203
2019-01-30,RSDC,382,389,382,388,382,146856
2019-01-31,RSDC,383,389,383,387,660,254146
2019-02-03,RSDC,380,385,380,385,726,277295
2019-02-04,RSDC,392,395,387,394,4209,1644358
2019-02-05,RSDC,390,395,387,392,1659,650371
2019-02-06,RSDC,388,394,388,390,869,339336
2019-02-07,RSDC,390,392,389,391,680,265319
2019-02-10,RSDC,390,390,380,380,1797,689345
2019-02-11,RSDC,387,393,380,380,1674,644722
2019-02-12,RSDC,385,385,382,384,591,226342
2019-02-13,RSDC,380,382,374,374,1474,558790
2019-02-14,RSDC,371,372,371,371,612,227587
2019-02-17,RSDC,372,375,368,375,1063,394839
2019-02-18,RSDC,375,375,365,370,873,321739
2019-02-19,RSDC,363,377,363,377,1310,485790
2019-02-20,RSDC,377,380,372,377,2130,796019
2019-02-21,RSDC,370,380,370,376,617,231620
2019-02-24,RSDC,382,382,369,370,1439,534708
2019-02-25,RSDC,370,375,366,375,901,334725
2019-02-26,RSDC,375,378,370,370,933,348828
2019-02-27,RSDC,370,370,368,368,561,206913
2019-03-03,RSDC,368,372,368,370,923,341340
2019-03-05,RSDC,370,377,370,375,308,114600
2019-03-06,RSDC,375,387,375,380,580,220597
2019-03-07,RSDC,376,380,376,380,118,44714
2019-03-10,RSDC,380,384,380,383,322,123282
2019-03-11,RSDC,383,387,380,381,1595,609969
2019-03-12,RSDC,388,388,375,380,1243,474972
2019-03-13,RSDC,376,385,375,376,1044,394235
2019-03-14,RSDC,372,377,370,377,749,279743
2019-03-17,RSDC,378,379,375,378,1391,524308
2019-03-18,RSDC,374,378,372,373,621,232248
2019-03-19,RSDC,367,370,367,368,449,165487
2019-03-21,RSDC,368,372,361,363,2432,889226
2019-03-24,RSDC,363,367,363,365,1450,528647
2019-03-25,RSDC,359,370,359,365,1666,609816
2019-03-26,RSDC,361,365,360,365,2223,808382
2019-03-27,RSDC,372,372,364,365,801,292585
2019-03-28,RSDC,369,369,364,369,495,181645
2019-03-31,RSDC,365,370,361,361,1292,470041
2019-04-01,RSDC,368,368,361,362,1185,429292
2019-04-02,RSDC,361,370,361,362,1331,487192
2019-04-03,RSDC,360,366,360,363,1510,548609
2019-04-04,RSDC,361,372,358,358,1444,521960
2019-04-07,RSDC,360,365,358,362,1736,626331
2019-04-08,RSDC,362,370,360,365,1064,387674
2019-04-09,RSDC,365,367,361,367,1027,374579
2019-04-10,RSDC,365,365,361,365,2312,840070
2019-04-11,RSDC,365,365,361,361,2364,855904
2019-04-15,RSDC,355,372,355,365,1942,712808
2019-04-16,RSDC,372,385,372,380,3672,1402836
2019-04-17,RSDC,387,395,383,385,3488,1357549
2019-04-18,RSDC,390,392,373,374,3864,1475723
2019-04-21,RSDC,381,381,377,380,1628,617542
2019-04-22,RSDC,387,394,380,380,2296,892402
2019-04-23,RSDC,380,380,373,376,946,356640
2019-04-24,RSDC,372,385,372,385,2177,821725
2019-04-25,RSDC,389,402,386,395,3712,1453646
2019-04-28,RSDC,402,425,394,421,7794,3176827
2019-04-29,RSDC,429,445,413,419,6989,2952476
2019-04-30,RSDC,423,431,402,413,2999,1248540
2019-05-02,RSDC,410,411,402,408,1723,701165
2019-05-05,RSDC,408,408,395,395,3804,1513480
2019-05-06,RSDC,395,399,391,399,2290,901657
2019-05-07,RSDC,406,406,393,397,1889,753600
2019-05-08,RSDC,397,400,394,394,810,320711
2019-05-09,RSDC,390,391,389,389,1378,537232
2019-05-12,RSDC,389,389,385,387,968,373831
2019-05-13,RSDC,384,390,380,385,1456,556923
2019-05-14,RSDC,385,397,385,397,2123,824931
2019-05-15,RSDC,398,400,390,395,3172,1253500
2019-05-16,RSDC,400,400,383,391,2138,834606
2019-05-19,RSDC,385,395,385,389,912,355095
2019-05-20,RSDC,382,385,381,381,1857,708453
2019-05-21,RSDC,381,394,380,381,1926,741783
2019-05-22,RSDC,385,393,385,386,1760,685619
2019-05-23,RSDC,380,384,380,384,2055,786382
2019-05-26,RSDC,380,385,378,383,1100,418650
2019-05-27,RSDC,383,388,382,383,1410,542538
2019-05-28,RSDC,380,390,380,390,1712,655475
2019-05-29,RSDC,383,388,383,386,1593,615388
2019-05-30,RSDC,393,400,379,386,6134,2370780
2019-06-02,RSDC,385,385,375,380,1688,638854
2019-06-03,RSDC,375,383,373,380,2190,828378
2019-06-04,RSDC,375,376,374,374,1502,562834
2019-06-06,RSDC,375,376,369,372,3198,1186800
2019-06-10,RSDC,366,367,364,364,1144,418526
2019-06-11,RSDC,371,375,364,370,1080,397468
2019-06-12,RSDC,364,375,363,375,1376,504529
2019-06-13,RSDC,368,372,366,370,775,285074
2019-06-16,RSDC,363,363,349,357,2489,884350
2019-06-17,RSDC,350,355,344,355,2686,938866
2019-06-18,RSDC,355,355,349,350,1070,376063
2019-06-19,RSDC,349,354,349,354,433,152237
2019-06-20,RSDC,355,356,345,356,2059,724660
2019-06-23,RSDC,353,353,349,352,537,188535
2019-06-24,RSDC,346,351,345,350,927,322673
2019-06-25,RSDC,355,355,350,350,704,247743
2019-06-26,RSDC,350,351,347,348,1124,392437
2019-06-27,RSDC,345,350,345,350,1013,353838
2019-06-30,RSDC,349,349,341,343,2038,702089
2019-07-01,RSDC,340,344,340,342,966,330076
2019-07-02,RSDC,340,345,338,345,1255,427478
2019-07-03,RSDC,345,351,345,351,657,229047
2019-07-04,RSDC,351,353,346,347,1429,499615
2019-07-07,RSDC,348,348,342,346,554,190665
2019-07-08,RSDC,340,345,336,341,2270,773518
2019-07-09,RSDC,341,345,339,341,645,220285
2019-07-10,RSDC,337,343,332,337,1669,564925
2019-07-11,RSDC,331,338,331,338,2398,805754
2019-07-14,RSDC,337,344,337,338,1847,624981
2019-07-15,RSDC,335,345,333,340,598,201634
2019-07-16,RSDC,357,357,339,343,898,308432
2019-07-17,RSDC,349,350,343,345,1215,419442
2019-07-18,RSDC,350,354,348,348,404,141372
2019-07-21,RSDC,350,350,340,341,595,203506
2019-07-22,RSDC,342,342,341,341,390,133291
2019-07-23,RSDC,358,358,344,344,956,330274
2019-07-24,RSDC,350,360,348,350,2275,799144
2019-07-25,RSDC,345,349,344,344,552,190650
2019-07-28,RSDC,338,343,338,338,1272,431960
2019-07-29,RSDC,334,346,334,346,1137,386084
2019-07-30,RSDC,346,352,346,348,4004,1396899
2019-07-31,RSDC,348,377,348,377,7316,2672232
2019-08-01,RSDC,384,403,375,392,22747,8919908
2019-08-04,RSDC,392,411,381,383,16164,6388992
2019-08-05,RSDC,390,390,370,371,2879,1092912
2019-08-06,RSDC,365,365,353,358,5019,1792978
2019-08-07,RSDC,351,391,350,373,5169,1916141
2019-08-08,RSDC,370,375,365,365,1699,626204
2019-08-11,RSDC,372,372,357,357,3793,1382287
2019-08-12,RSDC,352,367,352,361,4327,1564217
2019-08-13,RSDC,368,374,359,359,1309,473538
2019-08-14,RSDC,360,366,356,356,2614,940772
2019-08-15,RSDC,358,360,355,360,246,87910
2019-08-18,RSDC,358,358,350,351,2117,747219
2019-08-19,RSDC,347,365,347,358,2597,918313
2019-08-20,RSDC,351,358,351,358,420,148610
2019-08-21,RSDC,365,365,351,351,1219,432999
2019-08-22,RSDC,349,355,349,354,554,195719
2019-08-25,RSDC,355,357,349,357,1653,579513
2019-08-26,RSDC,357,357,350,352,952,334523
2019-08-27,RSDC,350,355,350,355,1020,360325
2019-08-28,RSDC,362,362,355,355,420,149240
2019-08-29,RSDC,350,354,347,349,2572,899096
2019-09-01,RSDC,345,353,344,350,900,312995
2019-09-02,RSDC,349,349,338,338,1922,661280
2019-09-03,RSDC,338,354,338,354,1961,672431
2019-09-04,RSDC,353,356,353,353,1353,480437
2019-09-05,RSDC,350,350,343,349,287,98935
2019-09-08,RSDC,355,355,342,343,2404,825938
2019-09-09,RSDC,339,341,335,341,1251,422633
2019-09-10,RSDC,340,340,331,338,2138,719949
2019-09-11,RSDC,337,341,337,339,762,258694
2019-09-12,RSDC,340,340,334,335,1186,397608
2019-09-15,RSDC,331,333,330,333,829,274176
2019-09-16,RSDC,327,339,321,321,2314,753110
2019-09-17,RSDC,327,345,327,335,2385,804514
2019-09-18,RSDC,341,346,329,339,2749,919574
2019-09-19,RSDC,345,349,335,335,1652,561603
2019-09-22,RSDC,330,330,330,330,679,224100
2019-09-23,RSDC,324,331,324,326,1095,360174
2019-09-24,RSDC,326,332,320,323,1400,454498
2019-09-25,RSDC,328,329,321,326,990,320940
2019-09-26,RSDC,322,328,321,323,1035,335582
2019-09-29,RSDC,323,328,320,328,1385,446609
2019-09-30,RSDC,334,334,324,327,384,125776
2019-10-01,RSDC,331,331,321,324,475,155185
2019-10-02,RSDC,329,329,323,323,329,106723
2019-10-03,RSDC,329,329,328,328,70,23020
2019-10-10,RSDC,328,333,328,328,76,24993
2019-10-14,RSDC,322,327,322,322,196,63277
2019-10-15,RSDC,321,323,321,323,261,84001
2019-10-16,RSDC,324,324,320,320,1110,357120
2019-10-17,RSDC,317,320,315,315,1394,442656
2019-10-22,RSDC,315,320,311,320,489,154121
2019-10-23,RSDC,326,330,315,330,985,315971
2019-10-24,RSDC,324,327,320,327,93,30122
2019-10-31,RSDC,322,333,318,333,685,219150
2019-11-03,RSDC,339,339,321,325,318,103560
2019-11-04,RSDC,322,331,322,323,1555,505342
2019-11-05,RSDC,320,326,320,325,992,317918
2019-11-06,RSDC,330,330,319,325,794,257763
2019-11-07,RSDC,320,324,319,320,298,95555
2019-11-10,RSDC,317,325,315,325,725,232254
2019-11-11,RSDC,325,330,324,324,958,312978
2019-11-12,RSDC,328,328,317,319,2630,840250
2019-11-13,RSDC,319,325,319,321,1157,372859
2019-11-14,RSDC,324,326,322,326,4303,1394973
2019-11-17,RSDC,305,305,295,296,1725,513547
2019-11-18,RSDC,292,296,292,293,904,265230
2019-11-19,RSDC,295,296,294,294,309,91150
2019-11-20,RSDC,296,299,284,284,794,230875
2019-11-21,RSDC,284,285,282,282,150,42375
2019-11-24,RSDC,282,282,276,277,1479,410916
2019-11-25,RSDC,282,282,273,278,937,259142
2019-11-26,RSDC,277,277,274,275,808,222597
2019-11-27,RSDC,280,285,280,282,801,226533
2019-11-28,RSDC,287,287,280,284,1340,379900
2019-12-01,RSDC,285,288,284,286,478,136549
2019-12-02,RSDC,284,284,277,280,1593,446074
2019-12-03,RSDC,285,288,282,282,597,169514
2019-12-04,RSDC,284,292,284,291,2663,769286
2019-12-05,RSDC,296,301,287,294,1858,546710
2019-12-08,RSDC,294,296,290,296,2027,594800
2019-12-09,RSDC,301,318,301,308,6762,2112031
2019-12-10,RSDC,306,330,306,324,4440,1414604
2019-12-11,RSDC,330,347,322,340,8523,2851310
2019-12-12,RSDC,342,358,330,346,6282,2153327
2019-12-15,RSDC,347,347,319,320,1415,469210
2019-12-16,RSDC,320,326,314,314,2664,846176
2019-12-17,RSDC,308,326,308,312,4217,1337218
2019-12-18,RSDC,317,317,311,315,898,281420
2019-12-19,RSDC,310,314,309,309,1846,575535
2019-12-22,RSDC,312,312,312,312,230,71760
2019-12-23,RSDC,314,331,314,322,1362,435301
2019-12-24,RSDC,328,328,318,318,2748,882292
2019-12-25,RSDC,320,324,318,319,1119,359546
2019-12-26,RSDC,319,320,316,316,2094,666214
2019-12-29,RSDC,318,318,315,315,1281,405457
2019-12-30,RSDC,312,317,312,317,946,297170
2019-12-31,RSDC,314,320,314,316,3757,1189633
2020-01-01,RSDC,322,324,316,322,2406,772425
2020-01-02,RSDC,320,328,320,322,962,313867
2020-01-05,RSDC,326,345,326,336,13811,4641683
2020-01-06,RSDC,342,354,342,349,15569,5421005
2020-01-07,RSDC,355,355,348,352,8993,3149123
2020-01-08,RSDC,348,352,345,345,4639,1614526
2020-01-09,RSDC,345,368,345,367,17577,6351299
2020-01-12,RSDC,374,403,374,403,26563,10460396
2020-01-13,RSDC,411,440,403,403,24354,10364694
2020-01-14,RSDC,410,423,400,410,8145,3350968
2020-01-15,RSDC,410,420,410,419,5280,2200522
2020-01-16,RSDC,415,440,415,424,16969,7175927
2020-01-19,RSDC,432,446,429,435,12483,5484364
2020-01-20,RSDC,443,443,415,416,11746,5035858
2020-01-21,RSDC,416,425,410,420,6873,2855408
2020-01-22,RSDC,415,420,410,415,2937,1215598
2020-01-23,RSDC,415,423,410,413,8861,3691498
2020-01-26,RSDC,406,415,400,400,12432,5051370
2020-01-27,RSDC,402,422,398,422,13499,5573406
2020-01-28,RSDC,430,439,427,432,24448,10578742
2020-01-29,RSDC,440,459,426,455,34448,15375625
2020-01-30,RSDC,455,479,455,472,46125,21687196
2020-02-02,RSDC,479,495,472,489,27382,13278822
2020-02-03,RSDC,492,501,472,490,23481,11543381
2020-02-04,RSDC,485,490,478,480,11492,5561551
2020-02-05,RSDC,480,489,473,477,6415,3064538
2020-02-06,RSDC,475,484,467,478,8343,3948426
2020-02-09,RSDC,475,475,460,462,3210,1499085
2020-02-10,RSDC,460,476,454,472,6232,2893585
2020-02-11,RSDC,475,482,471,482,9462,4512795
2020-02-12,RSDC,491,492,475,480,11576,5604388
2020-02-13,RSDC,489,498,482,482,9557,4630690
2020-02-16,RSDC,482,487,471,486,15482,7436513
2020-02-17,RSDC,495,505,490,490,19003,9423654
2020-02-18,RSDC,499,499,480,484,7608,3723567
2020-02-19,RSDC,477,515,477,515,31447,15842770
2020-02-20,RSDC,522,566,520,566,84941,47100356
2020-02-23,RSDC,577,622,577,622,34653,21367352
2020-02-24,RSDC,634,684,634,664,49932,33781628
2020-02-25,RSDC,665,693,635,669,31255,20825152
2020-02-26,RSDC,682,703,672,675,17473,11883879
2020-02-27,RSDC,662,670,646,650,22265,14687524
2020-03-01,RSDC,660,660,618,618,23037,14368095
2020-03-02,RSDC,610,610,557,557,13180,7749590
2020-03-03,RSDC,546,600,502,557,30798,16568777
2020-03-04,RSDC,567,567,502,509,22879,11800038
2020-03-05,RSDC,499,550,480,510,27582,13958592
2020-03-10,RSDC,510,510,476,480,3156,1530978
2020-03-11,RSDC,475,523,466,520,20811,10363580
2020-03-12,RSDC,520,530,490,495,20561,10421962
2020-03-15,RSDC,487,493,454,454,12760,5974870
2020-03-16,RSDC,445,475,430,466,11254,5176236
2020-03-17,RSDC,460,460,425,442,6063,2660015
2020-03-18,RSDC,435,450,409,434,10098,4276060
2020-03-19,RSDC,426,448,410,440,12384,5242728
2020-03-22,RSDC,448,456,441,441,256,113816
2020-05-12,RSDC,433,433,433,433,10,4330
2020-06-29,RSDC,433,433,433,417,200,83800
2020-06-30,RSDC,409,424,393,424,1119,456394
2020-07-01,RSDC,432,456,432,456,1249,557160
2020-07-02,RSDC,460,465,432,432,1736,791970
2020-07-05,RSDC,424,448,400,427,2069,871751
2020-07-06,RSDC,427,459,418,459,5748,2520750
2020-07-07,RSDC,451,504,451,501,9920,4821554
2020-07-08,RSDC,493,517,480,498,7981,3981024
2020-07-09,RSDC,489,507,478,498,3235,1606428
2020-07-12,RSDC,492,524,492,517,8051,4111151
2020-07-13,RSDC,517,530,515,524,6628,3445158
2020-07-14,RSDC,533,558,525,546,15571,8351049
2020-07-15,RSDC,556,560,542,542,8365,4599450
2020-07-16,RSDC,550,552,534,540,2954,1592296
2020-07-20,RSDC,567,589,525,527,13358,7237583
2020-07-21,RSDC,517,545,507,528,10615,5643578
2020-07-22,RSDC,528,528,513,514,6372,3306486
2020-07-23,RSDC,520,522,510,521,7121,3688065
2020-07-26,RSDC,515,529,515,529,9640,5054081
2020-07-27,RSDC,534,536,520,525,6550,3455166
2020-07-28,RSDC,519,525,517,517,5402,2811383
2020-07-29,RSDC,515,516,500,504,15570,7910407
2020-07-30,RSDC,499,518,494,505,6776,3399952
2020-08-02,RSDC,495,500,475,476,11679,5682632
2020-08-03,RSDC,467,503,465,483,6117,2972538
2020-08-05,RSDC,483,483,464,467,9274,4342088
2020-08-06,RSDC,476,476,456,470,4444,2067415
2020-08-09,RSDC,493,493,460,475,6143,2880763
2020-08-10,RSDC,484,510,480,510,13530,6720491
2020-08-11,RSDC,515,524,495,503,14986,7602907
2020-08-12,RSDC,501,511,496,504,5866,2942166
2020-08-13,RSDC,509,509,490,492,5412,2685282
2020-08-16,RSDC,483,491,483,488,2811,1371663
2020-08-17,RSDC,490,495,487,494,1980,970550
2020-08-18,RSDC,500,503,485,489,2925,1435791
2020-08-19,RSDC,480,490,480,489,1874,915102
2020-08-20,RSDC,482,495,481,491,2772,1364183
2020-08-23,RSDC,491,494,485,492,2556,1255516
2020-08-24,RSDC,500,517,500,516,17976,9180130
2020-08-25,RSDC,541,541,512,533,22113,11608294
2020-08-26,RSDC,540,545,530,533,20989,11315094
2020-08-27,RSDC,532,536,516,522,8132,4275949
2020-08-30,RSDC,515,528,512,526,6456,3369137
2020-08-31,RSDC,530,535,520,533,16752,8882432
2020-09-02,RSDC,540,540,531,533,11932,6379075
2020-09-03,RSDC,535,535,515,526,12474,6550572
2020-09-06,RSDC,536,541,514,525,13256,6986720
2020-09-07,RSDC,525,526,506,514,9359,4875282
2020-09-08,RSDC,523,528,511,522,9482,4921490
2020-09-09,RSDC,525,551,525,546,30075,16277477
2020-09-10,RSDC,556,600,556,584,50455,29236684
2020-09-13,RSDC,600,622,590,600,54522,32953326
2020-09-14,RSDC,600,610,583,588,35535,21078276
2020-09-15,RSDC,580,587,573,577,17159,9934762
2020-09-16,RSDC,571,580,560,577,12345,7091653
2020-09-17,RSDC,605,605,578,581,9792,5689429
2020-09-20,RSDC,610,610,567,573,5000,2871633
2020-09-21,RSDC,573,573,556,562,12771,7234295
2020-09-22,RSDC,590,590,557,563,13627,7641250
2020-09-23,RSDC,591,591,549,562,10048,5619785
2020-09-24,RSDC,556,564,555,560,5291,2960537
2020-09-27,RSDC,560,564,550,552,6920,3843193
2020-09-28,RSDC,550,557,549,555,6433,3548131
2020-09-29,RSDC,545,556,544,550,6553,3606741
2020-09-30,RSDC,540,549,539,545,4010,2181208
2020-10-01,RSDC,535,566,535,556,7123,3949118
2020-10-04,RSDC,563,565,555,555,5869,3278094
2020-10-05,RSDC,546,557,546,553,8222,4548466
2020-10-06,RSDC,559,559,546,548,5521,3028234
2020-10-07,RSDC,549,550,540,545,13515,7343315
2020-10-08,RSDC,555,568,548,550,14793,8256773
2020-10-11,RSDC,560,571,545,564,22634,12690845
2020-10-12,RSDC,565,574,555,559,11058,6210361
2020-10-13,RSDC,563,563,551,551,5096,2826494
2020-10-14,RSDC,562,562,547,547,2671,1467471
2020-10-15,RSDC,555,555,540,543,3903,2120500
2020-10-18,RSDC,545,552,535,538,2537,1367166
2020-10-19,RSDC,533,544,533,542,1869,1010255
2020-10-20,RSDC,542,560,542,553,3894,2156775
2020-10-21,RSDC,553,554,545,545,3481,1905259
2020-10-22,RSDC,547,554,542,545,3016,1648732
2020-10-28,RSDC,545,552,540,552,4808,2624396
2020-10-29,RSDC,562,562,547,551,5955,3278496
2020-11-01,RSDC,550,562,545,556,8073,4491387
2020-11-02,RSDC,560,585,560,579,44928,25907867
2020-11-03,RSDC,590,598,570,576,16947,9859599
2020-11-04,RSDC,585,585,573,573,16075,9266564
2020-11-05,RSDC,573,575,568,569,6051,3455890
2020-11-08,RSDC,562,579,562,579,10133,5781163
2020-11-09,RSDC,575,587,574,585,22624,13190346
2020-11-10,RSDC,600,605,577,584,14297,8337983
2020-11-11,RSDC,590,595,577,583,12467,7243454
2020-11-12,RSDC,590,590,574,583,12403,7206596
2020-11-18,RSDC,580,583,574,583,5004,2890641
2020-11-19,RSDC,590,610,575,610,46328,27682289
2020-11-22,RSDC,620,637,588,612,53605,33179643
2020-11-23,RSDC,618,618,591,591,17510,10530538
2020-11-24,RSDC,594,610,594,605,18064,10887599
2020-11-25,RSDC,606,630,606,623,40725,25234729
2020-11-26,RSDC,654,654,609,610,18899,11753757
2020-11-29,RSDC,610,620,601,611,17267,10486752
2020-11-30,RSDC,620,645,612,645,58905,36956278
2020-12-01,RSDC,677,677,627,630,18778,11870255
2020-12-02,RSDC,623,690,623,690,57405,38246306
2020-12-03,RSDC,715,715,647,664,48568,32576888
2020-12-06,RSDC,651,651,613,613,29823,18703761
2020-12-07,RSDC,615,648,610,648,19927,12469792
2020-12-08,RSDC,659,660,628,630,32322,20524712
2020-12-09,RSDC,621,628,618,620,20290,12594080
2020-12-10,RSDC,609,640,609,620,17627,10983520
2020-12-13,RSDC,625,642,620,639,14425,9114824
2020-12-14,RSDC,651,663,633,648,22970,14776139
2020-12-15,RSDC,650,660,637,650,28969,18817447
2020-12-16,RSDC,645,686,641,665,61792,41111767
2020-12-17,RSDC,635,697,635,669,46809,31703535
2020-12-20,RSDC,682,682,630,632,36478,23740841
2020-12-21,RSDC,620,638,590,625,30749,19052647
2020-12-22,RSDC,637,663,635,663,18185,11775983
2020-12-23,RSDC,676,676,639,641,15986,10403046
2020-12-24,RSDC,640,652,629,633,15748,10006874
2020-12-27,RSDC,585,595,575,577,16814,9798138
2020-12-28,RSDC,572,580,571,572,8967,5153740
2020-12-29,RSDC,581,581,567,567,8005,4568707
2020-12-30,RSDC,575,575,562,574,7669,4370974
2020-12-31,RSDC,564,585,564,567,7438,4276313
2021-01-03,RSDC,566,590,566,586,13072,7622853
2021-01-04,RSDC,615,615,580,585,9843,5818745
2021-01-05,RSDC,614,614,580,586,7520,4395132
2021-01-06,RSDC,576,591,576,591,9297,5463003
2021-01-07,RSDC,620,620,596,607,23550,14277616
2021-01-10,RSDC,615,629,613,621,40125,24793449
2021-01-11,RSDC,633,635,625,631,25823,16280065
2021-01-12,RSDC,631,694,631,677,86749,57462078
2021-01-13,RSDC,690,720,690,705,76509,54030451
2021-01-17,RSDC,715,715,691,710,26950,18956372
2021-01-18,RSDC,710,710,693,702,32420,22698419
2021-01-19,RSDC,700,700,673,682,42624,29201307
2021-01-20,RSDC,690,690,667,679,17264,11616043
2021-01-21,RSDC,675,718,668,711,55051,38899783
2021-01-24,RSDC,746,746,709,713,49309,35357764
2021-01-25,RSDC,720,720,697,700,33948,24019013
2021-01-26,RSDC,701,707,694,695,29538,20651939
2021-01-27,RSDC,700,707,687,705,24096,16888088
2021-01-28,RSDC,719,744,706,725,71997,52212022
2021-01-31,RSDC,760,760,706,720,37783,27231420
2021-02-01,RSDC,720,735,708,717,42845,30889358
2021-02-02,RSDC,704,783,704,780,58613,43662002
2021-02-03,RSDC,795,858,770,800,68535,55381711
2021-02-04,RSDC,800,868,785,860,84356,71197125
2021-02-07,RSDC,877,946,860,946,57746,53446517
2021-02-08,RSDC,993,1040,885,923,130728,126522037
2021-02-09,RSDC,945,945,861,881,69284,61286131
2021-02-10,RSDC,925,925,878,880,35505,31679792
2021-02-11,RSDC,866,895,853,853,28589,24763171
2021-02-14,RSDC,870,870,800,820,30684,25233838
2021-02-15,RSDC,836,902,836,902,20897,18669318
2021-02-16,RSDC,947,992,888,896,84307,78462481
2021-02-17,RSDC,901,920,878,883,28778,25567278
2021-02-18,RSDC,899,899,868,875,14267,12487756
2021-02-21,RSDC,870,875,850,865,18895,16304230
2021-02-22,RSDC,870,870,835,845,24832,21000167
2021-02-23,RSDC,845,846,797,840,29208,24120930
2021-02-24,RSDC,882,886,846,865,17923,15577184
2021-02-25,RSDC,840,890,840,850,7603,6535309
2021-02-28,RSDC,850,851,804,812,24100,19652742
2021-03-01,RSDC,798,856,798,837,19648,16213603
2021-03-02,RSDC,796,842,796,806,18780,15333828
2021-03-03,RSDC,808,816,795,807,25324,20346548
2021-03-04,RSDC,823,841,812,840,20815,17344889
2021-03-07,RSDC,842,845,817,821,8028,6623159
2021-03-09,RSDC,807,819,806,813,5390,4377087
2021-03-10,RSDC,800,813,800,805,6308,5088154
2021-03-14,RSDC,807,807,770,774,13536,10603954
2021-03-15,RSDC,765,785,730,750,12003,9075911
2021-03-16,RSDC,752,790,752,779,14090,10955113
2021-03-17,RSDC,794,800,779,786,6877,5428648
2021-03-18,RSDC,800,825,777,800,14220,11479268
2021-03-21,RSDC,816,868,816,858,27575,23379299
2021-03-22,RSDC,857,878,828,831,23369,19840034
2021-03-23,RSDC,816,843,816,835,8440,7062792
2021-03-24,RSDC,876,918,860,918,94656,85242311
2021-03-25,RSDC,963,963,895,899,55869,51257652
2021-03-29,RSDC,887,900,870,900,19719,17556683
2021-03-30,RSDC,908,919,894,916,28917,26316087
2021-03-31,RSDC,920,938,920,920,38358,35656737
2021-04-01,RSDC,940,940,900,903,21440,19449612
2021-04-04,RSDC,921,921,886,893,23049,20549484
2021-04-05,RSDC,899,899,880,885,20728,18384589
2021-04-06,RSDC,885,895,878,892,20913,18582440
2021-04-07,RSDC,885,910,885,890,21377,19245285
2021-04-08,RSDC,891,905,889,892,21779,19444887
2021-04-12,RSDC,892,937,892,914,46086,42142117
2021-04-13,RSDC,869,939,869,913,32268,29705005
2021-04-15,RSDC,929,929,898,901,19076,17230723
2021-04-18,RSDC,902,905,890,894,21284,19089469
2021-04-19,RSDC,894,895,875,879,15780,13942536
2021-04-20,RSDC,866,896,866,880,11816,10426557
2021-04-21,RSDC,885,893,859,867,20405,17778326
2021-04-22,RSDC,861,880,851,880,14052,12257716
2021-04-25,RSDC,880,880,845,849,16225,13861946
2021-04-26,RSDC,840,865,805,821,23195,19160292
2021-04-27,RSDC,825,869,825,864,16651,14186297
2021-04-28,RSDC,870,870,843,859,9792,8423427
2021-04-29,RSDC,852,865,850,860,5462,4696257
2021-05-02,RSDC,860,882,855,880,15366,13425105
2021-05-03,RSDC,880,895,870,880,20823,18400664
2021-05-04,RSDC,881,894,881,890,19762,17554795
2021-05-05,RSDC,930,930,890,898,29837,26952560
2021-05-06,RSDC,899,899,876,879,13623,12022041
2021-05-09,RSDC,879,879,862,867,9551,8279757
2021-05-10,RSDC,870,882,860,878,8751,7654995
2021-05-11,RSDC,875,892,873,880,8298,7302155
2021-05-12,RSDC,870,895,870,873,6949,6101577
2021-05-13,RSDC,873,880,872,873,10970,9600430
2021-05-16,RSDC,916,916,881,892,27536,24541172
2021-05-17,RSDC,902,908,892,892,31500,28305360
2021-05-18,RSDC,930,930,890,906,33405,30085221
2021-05-19,RSDC,920,938,911,920,61909,57178348
2021-05-20,RSDC,920,928,910,912,18127,16604613
2021-05-23,RSDC,912,912,879,904,23878,21549704
2021-05-24,RSDC,918,918,900,902,17801,16152020
2021-05-25,RSDC,905,917,903,909,20715,18851379
2021-05-27,RSDC,909,909,830,876,51882,45230775
2021-05-30,RSDC,876,876,860,861,29905,25884389
2021-05-31,RSDC,860,885,851,874,21524,18774362
2021-06-01,RSDC,870,878,860,865,11375,9854987
2021-06-02,RSDC,870,873,858,866,15343,13280682
2021-06-03,RSDC,866,880,866,870,15379,13434449
2021-06-06,RSDC,870,875,853,860,18286,15687052
2021-06-07,RSDC,855,865,850,852,21304,18223200
2021-06-08,RSDC,853,859,848,853,25923,22032435
2021-06-09,RSDC,860,889,856,860,13669,11833761
2021-06-10,RSDC,902,902,857,859,15349,13257747
2021-06-13,RSDC,880,880,850,856,20449,17487474
2021-06-14,RSDC,856,870,854,860,22201,19124273
2021-06-15,RSDC,903,903,853,854,25152,21623348
2021-06-16,RSDC,896,928,850,900,106362,95843978
2021-06-17,RSDC,915,932,880,889,28781,25943031
2021-06-20,RSDC,901,925,868,880,68951,61954580
2021-06-21,RSDC,900,900,857,857,16484,14360759
2021-06-22,RSDC,868,892,858,882,15014,13170077
2021-06-23,RSDC,882,884,856,856,18381,15898559
2021-06-24,RSDC,856,865,848,848,21177,18130633
2021-06-27,RSDC,850,850,840,844,11898,10031994
2021-06-28,RSDC,830,890,830,860,12576,10768254
2021-06-29,RSDC,877,894,862,863,16330,14238676
2021-06-30,RSDC,860,864,846,850,7609,6479679
2021-07-01,RSDC,851,863,846,849,7459,6355092
2021-07-04,RSDC,849,864,849,852,5459,4650859
2021-07-05,RSDC,852,852,840,845,6879,5817375
2021-07-06,RSDC,845,850,840,840,4650,3922916
2021-07-07,RSDC,845,852,835,837,6704,5623688
2021-07-08,RSDC,841,857,841,843,8021,6786842
2021-07-11,RSDC,850,872,850,869,7442,6428753
2021-07-12,RSDC,876,885,850,855,11948,10306465
2021-07-13,RSDC,849,870,849,870,8013,6906446
2021-07-14,RSDC,860,870,854,860,2646,2283274
2021-07-15,RSDC,877,877,860,867,11129,9598685
2021-07-18,RSDC,870,899.8,870,896,29768,26571288.9
2021-07-19,RSDC,910,920,888,891,24615,22165037.6
2021-07-20,RSDC,895,899,888,889,17754,15865413.7
2021-07-22,RSDC,880,889,875,875.1,8671,7630200.4
2021-07-25,RSDC,875,884.5,865,878,13451,11778608.4
2021-07-26,RSDC,875,898.6,875,890,18609,16550379.7
2021-07-27,RSDC,895,895,863,881,20086,17559332.2
2021-07-28,RSDC,898.6,898.6,868,879,8394,7387133.5
2021-07-29,RSDC,880,885,870,877,8371,7347257.2
2021-08-01,RSDC,872,900,866,892,20905,18507439.1
2021-08-02,RSDC,892,968,880,950,106216,97352657.6
2021-08-03,RSDC,965,1029.9,955,1014.3,158976,158782581.9
2021-08-04,RSDC,1034.5,1050,979.1,981,79320,79018005.3
2021-08-05,RSDC,981,981,938.2,970,72820,69439406.6
2021-08-08,RSDC,970,1010,955,967,73581,72611188.5
2021-08-09,RSDC,985,995,941.9,947,34737,33093596.7
2021-08-10,RSDC,960,979,940,952,42763,40791149.9
2021-08-11,RSDC,954,1014.9,952,1000,132538,132031526.9
2021-08-12,RSDC,1020,1025.5,1000,1002,66692,67586171.1
2021-08-15,RSDC,1022,1055,955.5,1022,109001,109401899.4
2021-08-16,RSDC,1025,1060.8,1002,1060,89283,93288686.2
2021-08-17,RSDC,1080,1165,1080,1164,124615,141060504.2
2021-08-18,RSDC,1171,1194.4,1110,1125,95094,108082540.4
2021-08-19,RSDC,1130,1135,1102.5,1113.9,58702,65617530.5
2021-08-24,RSDC,1100,1110,1061,1067,62933,67903194.1
2021-08-25,RSDC,1067,1067,1012.4,1033,51779,54169521.7
2021-08-26,RSDC,1053,1100,1030,1061,40293,42763245.2
2021-08-29,RSDC,1082.2,1091,1025.2,1031,20962,21727168.6
2021-08-31,RSDC,1031,1040,985,989.1,27406,27322358.1
2021-09-01,RSDC,999,1035,970,984,40690,40180270.5
2021-09-02,RSDC,966,995,945.1,960,26210,25394881.5
2021-09-05,RSDC,965,966,865.1,905,20138,18318808.3
2021-09-06,RSDC,888,995.5,886.9,995,34818,32614215.2
2021-09-07,RSDC,995,995,938,942,23255,22263722
2021-09-08,RSDC,960,960,907,943,18900,17398330.3
2021-09-09,RSDC,961,961,915,925,12151,11269981
2021-09-12,RSDC,925,998,925,990,18874,18151972.1
2021-09-13,RSDC,1009.8,1009.8,960,969,12997,12763163.7
2021-09-14,RSDC,988,988,938,957,11250,10719266.7
2021-09-15,RSDC,940,958,930,930,9328,8732819.4
2021-09-16,RSDC,920,925,861,887,26830,23924381.6
2021-09-20,RSDC,869.3,912,846,856,19373,16779500.4
2021-09-21,RSDC,840,908,809.5,880,18823,16115762.6
2021-09-22,RSDC,897.6,930,883,930,15816,14322895.7
2021-09-23,RSDC,948,948,890,918,13992,12774700.1
2021-09-26,RSDC,900,900,865,899,13503,11839111
2021-09-27,RSDC,916.9,916.9,845,850,9194,7888006.4
2021-09-28,RSDC,833,900,818,839,7896,6583429.6
2021-09-29,RSDC,839,908,825,860,5070,4328081.5
2021-09-30,RSDC,845,871,841,845,3492,2975889
2021-10-03,RSDC,861.9,861.9,818.3,843,12308,10189212
2021-10-04,RSDC,827,838.9,791.2,812,6478,5275378
2021-10-05,RSDC,826,840.9,805.5,830,4653,3858678.8
2021-10-06,RSDC,846.5,900,846.5,899,12118,10747505
2021-10-10,RSDC,916.9,934,858,858,7031,6231313.1
2021-10-11,RSDC,875.1,892,830,840,4871,4077216.9
2021-10-17,RSDC,856,856,833,853.8,1409,1188499.6
2021-10-18,RSDC,837,865,822,827,3716,3093754.6
2021-10-19,RSDC,843.5,843.5,784,806,7465,5975726.3
2021-10-20,RSDC,822.1,842,808,840,3737,3067379
2021-10-21,RSDC,856.8,856.8,805.9,808,4386,3558185.9
2021-10-24,RSDC,824,840,800,816,3098,2510586
2021-10-25,RSDC,832,849,814,841,5302,4413736.3
2021-10-26,RSDC,856,890.5,856,879.1,14218,12488752
2021-10-27,RSDC,896,900,861.6,875,9296,8204747.5
2021-10-28,RSDC,866,890,861,890,9245,8102475
2021-10-31,RSDC,900,928,871,928,10669,9659339.8
2021-11-01,RSDC,928,940,888,899.5,13179,12003438.9
2021-11-02,RSDC,917.4,917.4,877,890,4501,4013665
2021-11-03,RSDC,886,924,885,899.8,7062,6296323.5
2021-11-08,RSDC,917.7,917.7,886,900,6226,5587656.8
2021-11-09,RSDC,918,918,850,880,12623,10972636.1
2021-11-11,RSDC,879,879,850,860,4852,4153997.1
2021-11-14,RSDC,847.7,876,842,868,6978,5938105.4
2021-11-15,RSDC,885,885,841,872,20777,17859873.7
2021-11-16,RSDC,808.5,819,798.7,814.9,13492,10952839.7
2021-11-17,RSDC,831.1,831.1,806,820,8758,7167272.2
2021-11-18,RSDC,836.4,836.4,800,805,6545,5277669.5
2021-11-21,RSDC,821.1,821.1,790.2,800,4798,3831886.8
2021-11-22,RSDC,801,815,791,796,2950,2353637
2021-11-23,RSDC,799.9,799.9,780,786,3222,2530900
2021-11-24,RSDC,801.7,801.7,763,773,3955,3060211.2
2021-11-25,RSDC,788.4,788.4,765,775,6506,5001776.4
2021-11-28,RSDC,790,805,745,754,5430,4091742.4
2021-11-29,RSDC,750,755.5,740,753,6122,4569971.1
2021-11-30,RSDC,768,768,731,759,3471,2572706.5
2021-12-01,RSDC,774.1,789.4,744.8,759,4233,3191709.5
2021-12-02,RSDC,771,771,728,737,5299,3912079
2021-12-05,RSDC,751.7,751.7,694,695,8096,5691190.4
2021-12-06,RSDC,708.9,723,658,720,6592,4528078.7
2021-12-07,RSDC,734.4,749,695,695,4842,3475128.6
2021-12-08,RSDC,705,705,654,682,4454,3005313.5
2021-12-09,RSDC,690,690,660,669,4699,3129978.1
2021-12-12,RSDC,668.4,668.4,625,625,11163,7085234.4
2021-12-13,RSDC,612.5,612.5,584,604,9930,5947015.7
2021-12-14,RSDC,616,647,604,647,4105,2577576
2021-12-15,RSDC,659.9,685,646,646,8347,5607614
2021-12-16,RSDC,650,650,625,625,2214,1389044
2021-12-20,RSDC,613.5,649.7,606,637,4308,2658634
2021-12-21,RSDC,635,647,623,647,4214,2666578
2021-12-22,RSDC,659.9,711.7,659.9,710,7427,5004978
2021-12-23,RSDC,724.2,724.2,695,696,8391,5879311.4
2021-12-26,RSDC,696,739,687,736,8816,6313648.4
2021-12-27,RSDC,750,765,697,700,9036,6430146
2021-12-28,RSDC,714,714,680,694,3459,2393538.7
2021-12-29,RSDC,695,707,687,689,4225,2923338.8
2022-01-02,RSDC,690,757,690,730.1,9096,6496745.4
2022-01-03,RSDC,744.7,780.3,729.9,770,21344,16337992
2022-01-04,RSDC,785.4,847,775,829,33341,27123037.6
2022-01-05,RSDC,845.5,845.5,788,800,16914,13548142.5
2022-01-06,RSDC,816,816,780,810,11270,8965488.4
2022-01-09,RSDC,824.9,825,800,819,15887,12884064.3
2022-01-10,RSDC,835,835,797,801,14578,11736013.5
2022-01-11,RSDC,817,856,800,853,48892,40891410.9
2022-01-12,RSDC,870,870,820,822,22122,18803784.7
2022-01-13,RSDC,838.4,846.6,815,845,16116,13498411.7
2022-01-16,RSDC,861.9,875,845,855,22151,19042799.3
2022-01-17,RSDC,872.1,872.1,835,855,18589,15751472.9
2022-01-18,RSDC,845.1,855,826,830,12325,10342535
2022-01-19,RSDC,846.6,846.6,807,807,18482,15045960.2
2022-01-20,RSDC,823.1,826,795,826,19046,15390636.5
2022-01-23,RSDC,830,837,806,816,9620,7846338.8
2022-01-24,RSDC,814,814,778.1,796,20824,16379974.8
2022-01-25,RSDC,783,801,778,780,10577,8331320
2022-01-26,RSDC,795.6,795.6,760,765,9125,7015415.8
2022-01-27,RSDC,780,780,765,765,4887,3759911.8
2022-01-30,RSDC,780.3,827.2,780.3,796,8138,6458806.4
2022-01-31,RSDC,805,805,776,780,9712,7654114.5
2022-02-01,RSDC,795.6,810,765.4,785,5935,4665205.7
2022-02-03,RSDC,800,800,777,778,12800,10064971.4
2022-02-06,RSDC,772,795,768,768,4606,3576453.5
2022-02-07,RSDC,755,803.9,755,774,3642,2831560.7
2022-02-08,RSDC,789.4,800,767,775,8567,6704547.6
2022-02-09,RSDC,775,780,761,779,4002,3075618.6
2022-02-10,RSDC,789.9,789.9,770,770,2262,1756372.6
2022-02-13,RSDC,754.6,761,727,731,6315,4678352.8
2022-02-14,RSDC,731,745,730,738,3538,2610301
2022-02-15,RSDC,738,767.7,738,754.9,2285,1709719.5
2022-02-16,RSDC,764,764,743,743,2125,1590598.8
2022-02-17,RSDC,757.8,757.8,736.2,736.3,1931,1433345.2
2022-02-20,RSDC,721.6,730,707.2,723,6388,4588935.1
2022-02-21,RSDC,737.4,752,730,735,1926,1415508.7
2022-02-22,RSDC,735,749,731.6,746.5,4286,3152503.8
2022-02-23,RSDC,745,749.7,735,739,1356,1003139.2
2022-02-24,RSDC,725.1,735,712,720,6308,4540399.4
2022-02-27,RSDC,720,725,705.6,715,5893,4179588.9
2022-02-28,RSDC,729.3,729.3,700,714,4907,3470641.9
2022-03-02,RSDC,728.2,728.2,680,680,4157,2876064.6
2022-03-06,RSDC,693.6,693.6,668,678,2679,1825091
2022-03-07,RSDC,691.5,705.3,672,673,2530,1721144.5
2022-03-09,RSDC,685,685,648,654,8293,5415238
2022-03-10,RSDC,645,678,645,678,10124,6649282
2022-03-13,RSDC,691.5,712,691.5,706.1,4079,2876608.7
2022-03-14,RSDC,707,717,692.9,704.1,1625,1147919.5
2022-03-15,RSDC,718,718,696,707,4118,2894395.4
2022-03-16,RSDC,706,706,700,700,4102,2881172
2022-03-20,RSDC,700,714,687.1,693.9,2243,1559997.9
2022-03-21,RSDC,684,710,684,710,2761,1922895
2022-03-22,RSDC,715,720,700.1,710,2341,1664922.3
2022-03-23,RSDC,704,710,692.1,700,3127,2180674.6
2022-03-24,RSDC,714,728.2,687,687,2975,2076916.2
2022-03-27,RSDC,687,687,665,665,6194,4155274.5
2022-03-28,RSDC,661,684,653.5,661.9,3190,2119793.6
2022-03-29,RSDC,662,670,660,665,1694,1124313.2
2022-03-30,RSDC,666,684,655,680,2210,1486189
2022-03-31,RSDC,693.6,693.6,669,677,1565,1057824.7
2022-04-03,RSDC,677,677,650,656,3758,2472691
2022-04-04,RSDC,645,663,645,646.7,3763,2443942.9
2022-04-05,RSDC,640.1,640.1,630,635,4271,2721983.4
2022-04-06,RSDC,635,647,627.1,640,4541,2873409.6
2022-04-07,RSDC,650,659,631.1,644.1,3860,2486823.1
2022-04-11,RSDC,656,669,637,637,2112,1371470.6
2022-04-12,RSDC,649.7,661.9,610.2,634,5476,3416789.6
2022-04-13,RSDC,622.1,645,614,640,3687,2342609
2022-04-17,RSDC,640,652,628,628,2578,1637126
2022-04-18,RSDC,640.5,640.5,610,612,2050,1264556.3
2022-04-19,RSDC,604,620,603.2,614,746,458071
2022-04-20,RSDC,626,626,596,596,2445,1473200.5
2022-04-21,RSDC,600,617,588,617,6207,3706260.1
2022-04-24,RSDC,626,659,621,659,4221,2665209
2022-04-25,RSDC,660,665,632.1,643,4526,2925304.1
2022-04-26,RSDC,644,650,634,635,1457,931651
2022-04-27,RSDC,633,638,623,629,2047,1288492
2022-04-28,RSDC,630,640,616,616,4572,2845201.4
2022-05-02,RSDC,604,608.9,604,604.3,2216,1341918.6
2022-05-04,RSDC,592.3,610,586.4,594.1,1694,1009148.9
2022-05-05,RSDC,595,597,583,584,2342,1373804.2
2022-05-08,RSDC,575,584,572.5,583,2536,1463673.7
2022-05-09,RSDC,590,615,590,614,4812,2907379.7
2022-05-10,RSDC,621.9,630,618,620,3946,2451225
2022-05-11,RSDC,631,639,628,634,4745,3000314.7
2022-05-12,RSDC,646.6,646.6,626.3,634,3795,2406737.5
2022-05-17,RSDC,621.4,621.4,603,603,3723,2261842.5
2022-05-18,RSDC,592,610,591,603,1269,763705.5
2022-05-19,RSDC,615,615,594,594,1492,896483
2022-05-20,RSDC,590,598,590,598,757,450680
2022-05-23,RSDC,590,597,580,580,4299,2518288.5
2022-05-24,RSDC,585,598,584.1,598,2387,1407206
2022-05-25,RSDC,603,603,589,596,1468,877687.8
2022-05-26,RSDC,607.9,607.9,590,599.3,1935,1148350
2022-05-27,RSDC,595,597,586.5,588,3508,2066849.8
2022-05-30,RSDC,588,588,566,570,9324,5340377.7
2022-05-31,RSDC,566,572,557,563,3788,2129645.1
2022-06-01,RSDC,563,574,557,565,1323,742135.8
2022-06-02,RSDC,565,565,555.1,557,1846,1031255.6
2022-06-03,RSDC,560,560,540,544,3412,1860913.2
2022-06-06,RSDC,554,554.8,535,538,2978,1608375.2
2022-06-07,RSDC,535.9,536,510,511,7224,3737443.9
2022-06-08,RSDC,521,539,520,538,2703,1432228.1
2022-06-09,RSDC,540,556.8,525,544,5256,2839993.4
2022-06-10,RSDC,535,539.9,522,539,4575,2412075.2
2022-06-13,RSDC,530.1,539,528,530,575,304578.6
2022-06-14,RSDC,530,530,509.1,518,5501,2838477.8
2022-06-15,RSDC,520,520,502,514,1507,764417
2022-06-16,RSDC,510,524,507.3,507.3,2587,1332076.9
2022-06-17,RSDC,515,515,504,514,1065,540340
2022-06-19,RSDC,504,512.8,500,500,1246,627599
2022-06-20,RSDC,492,500,473,473,5178,2504691
2022-06-21,RSDC,482,500,475,499.9,1673,817945.1
2022-06-22,RSDC,505,505,485.1,495,1633,804599.2
2022-06-23,RSDC,486,490,472.2,486.9,2961,1421117.3
2022-06-24,RSDC,480,513.9,461.6,500,4315,2113878.7
2022-06-26,RSDC,502,540,500,531,8278,4285392.9
2022-06-27,RSDC,541.5,543,512,522.2,1969,1040769.4
2022-06-28,RSDC,532.6,532.6,501.8,510,3082,1562747.5
2022-06-29,RSDC,520,530,499.8,530,4079,2122833
2022-06-30,RSDC,540,568,525,562,11072,6133200.1
2022-07-01,RSDC,565,576.3,540,554.1,7182,4057936
2022-07-03,RSDC,565.1,597.7,543.3,593,10010,5786756.7
2022-07-04,RSDC,583,610,575,585.9,12333,7380808.3
2022-07-05,RSDC,575,589.5,555,568,12187,6933268.7
2022-07-06,RSDC,560,570,549,567,4534,2527863.9
2022-07-07,RSDC,578,585,560,569,5856,3355154.6
2022-07-08,RSDC,575,579.8,559,559,18487,10598896
2022-07-11,RSDC,548,548,523,523,6192,3280293.9
2022-07-12,RSDC,532.5,558.9,523,525.1,1863,991307.5
2022-07-13,RSDC,530,550.9,530,549,4116,2242709.4
2022-07-14,RSDC,558,560,542,555,1876,1036852.8
2022-07-15,RSDC,563,563,545.3,554.8,546,300495.3
2022-07-17,RSDC,565,576,544,555,2743,1511327.2
2022-07-18,RSDC,565,576.3,545,572,10032,5709668.1
2022-07-19,RSDC,583.4,629,583.4,592,22123,13171475.6
2022-07-20,RSDC,603.8,616,593,607,10248,6206537.5
2022-07-21,RSDC,607,607,590,602,12162,7240106.8
2022-07-22,RSDC,600,600,590,598,3697,2191731.7
2022-07-24,RSDC,600,625,590,620,13863,8472891.4
2022-07-25,RSDC,630,655,620,647.1,14509,9320279.5
2022-07-26,RSDC,659,659.9,619,620,8815,5563556.7
2022-07-27,RSDC,625,636,605,632,11740,7283245.5
2022-07-28,RSDC,644,649,626.3,627,15116,9684943.6
2022-07-29,RSDC,630,640,615.4,634,6453,4067280
2022-07-31,RSDC,635,655,635,650,12732,8245399.5
2022-08-01,RSDC,652,657.9,635,638.9,7947,5111250.4
2022-08-02,RSDC,639,639,624,635,7428,4676827.6
2022-08-03,RSDC,647.7,650,635,635,4399,2807678.7
2022-08-04,RSDC,636,640,615,621.9,5304,3326480.3
2022-08-05,RSDC,609.7,619.9,600,601,4856,2945428.3
2022-08-07,RSDC,613,625,602,604,4067,2466247.9
2022-08-08,RSDC,600,618,599,600,5788,3517328.6
2022-08-09,RSDC,600,602,575,584,8301,4893967.3
2022-08-10,RSDC,573,592,573,575,5466,3182324.5
2022-08-11,RSDC,585,596.7,576,576,2453,1427872
2022-08-14,RSDC,566.1,577,564.5,564.5,2274,1293006.2
2022-08-15,RSDC,561,584,556,584,3328,1911535.2
2022-08-16,RSDC,595,595,576,576,3631,2125648
2022-08-17,RSDC,577,582,566,571.1,1215,698149.5
2022-08-18,RSDC,582.5,594,581.3,582.2,2876,1682671.7
2022-08-21,RSDC,593.8,604.6,583.2,590,2952,1738344.1
2022-08-22,RSDC,585,588,578.3,582,2159,1257066.5
2022-08-23,RSDC,575,585,575,580,4653,2695786.8
2022-08-24,RSDC,588,590,576.8,590,5907,3456284.8
2022-08-25,RSDC,600,600,579,585,9756,5746380.6
2022-08-26,RSDC,585,599.9,577,577,3045,1781914.2
2022-08-28,RSDC,588,599.7,557,559,3707,2097188
2022-08-29,RSDC,551,564,551,555,1975,1095891.2
2022-08-30,RSDC,566,566,550,550,3821,2128428.5
2022-08-31,RSDC,551,555,545,545,2487,1362601
2022-09-01,RSDC,541,550,540,548.9,2703,1468330.1
2022-09-02,RSDC,550,550.5,540.1,540.1,1582,862528.7
2022-09-04,RSDC,535,553.9,535,540,1495,812354.6
2022-09-05,RSDC,542,570,542,545.3,1902,1042332.8
2022-09-06,RSDC,546,551,542,544.3,4422,2420312.4
2022-09-07,RSDC,544,547,536.1,542,1919,1036639.9
2022-09-08,RSDC,535,546,533,542,1701,919979.5
2022-09-11,RSDC,545,545,534.1,534.1,1413,757266.5
2022-09-12,RSDC,544.7,566.6,524,526,2794,1473701.3
2022-09-13,RSDC,536,540,528,534.9,1281,682329.9
2022-09-14,RSDC,537,550,536,550,2558,1386774
2022-09-15,RSDC,555,555,525,537,5222,2830566.2
2022-09-16,RSDC,527,534,519,530,1111,583640.1
2022-09-18,RSDC,530,530,505,514,3176,1623302.1
2022-09-20,RSDC,504,505,490,494,4936,2441320.6
2022-09-21,RSDC,501,502,485,485,4595,2252577
2022-09-22,RSDC,490,490,465,465,5286,2497965.6
2022-09-25,RSDC,474,479.9,450,464,6305,2959605
2022-09-27,RSDC,473.2,510.4,456.1,470.1,5644,2691919.3
2022-09-28,RSDC,475,507,470.2,486.9,1765,854382.9
2022-09-29,RSDC,486.9,500,484,485.7,1777,872995.7
2022-10-09,RSDC,495,504.6,488.1,502,2560,1272072.2
2022-10-10,RSDC,510.9,510.9,487,487,1899,937660.3
2022-10-11,RSDC,496,499,480.5,487,955,465104.4
2022-10-12,RSDC,496,496,482,490,1469,719714.4
2022-10-13,RSDC,499.8,505,489,489.1,2380,1173680.9
2022-10-16,RSDC,485,492,484.6,485,861,419355.7
2022-10-17,RSDC,485,486,477.2,486,953,460777.5
2022-10-19,RSDC,490,492,480.2,484,1501,732642.7
2022-10-20,RSDC,493,512,491,491,7689,3830259.2
2022-10-23,RSDC,491,499,491,497,1153,571583
2022-10-31,RSDC,504,504,494,494,1849,915468.3
2022-11-01,RSDC,490,514.9,490,514.9,3291,1661673.3
2022-11-02,RSDC,505.1,528.3,505.1,526,5568,2880211
2022-11-03,RSDC,520,535,516,518,1292,673666.3
2022-11-06,RSDC,518,541,518,540.8,5786,3092615.6
2022-11-07,RSDC,548,550.2,535.1,535.1,3536,1922986.5
2022-11-08,RSDC,540,540,526,535,2091,1114091.2
2022-11-09,RSDC,525,540.8,515,515,1515,787022.5
2022-11-10,RSDC,525,525,503,509,4164,2133548.5
2022-11-13,RSDC,501,512.1,500.1,505,2590,1316237.3
2022-11-14,RSDC,515,515,505,510,1053,533386
2022-11-15,RSDC,519.9,520,500.1,507,1985,1009152
2022-11-16,RSDC,510,539,508.3,522,3529,1821474.1
2022-11-17,RSDC,532.4,540.6,520,529.2,5944,3182570.4
2022-11-22,RSDC,539.7,558,513,513,7767,4101857
2022-11-23,RSDC,523.2,553,515.1,525,2254,1187530.3
2022-11-24,RSDC,530,544,520,529.9,2535,1339338.1
2022-11-27,RSDC,540.4,545,510,544.8,16150,8580702.7
2022-11-28,RSDC,554,554,525,525,4406,2353740
2022-11-29,RSDC,535.5,546.2,521,530,1647,876556.1
2022-11-30,RSDC,539,539,526.5,528,3055,1619374.7
2022-12-01,RSDC,535,545,527,530.1,7238,3890432.3
2022-12-04,RSDC,540.6,560,538,542,12248,6656279.5
2022-12-05,RSDC,550,552.8,535,540,3363,1824625.5
2022-12-06,RSDC,550,550,537,546,3976,2159972
2022-12-07,RSDC,535.5,545,528.1,528.1,1629,871605.5
2022-12-11,RSDC,520,520,510,513,2285,1173789
2022-12-12,RSDC,505,523,505,520,3080,1582384.6
2022-12-13,RSDC,525,540,525,529,350,185767.5
2022-12-14,RSDC,529,534,526,531,3160,1674046.3
2022-12-15,RSDC,537,537,517,517,645,338621.5
2022-12-18,RSDC,520,520,502.5,502.5,1695,865387.4
2022-12-19,RSDC,510,519,505,519,1266,644233.1
2022-12-20,RSDC,518.6,526.9,518.6,526,479,250646.9
2022-12-21,RSDC,516.1,525,510.1,520,1619,832129
2022-12-22,RSDC,510,512,505,509.1,1576,801898.4
2022-12-26,RSDC,519.2,540,515.3,534.9,2361,1248039.3
2022-12-27,RSDC,545.1,551,540,549,6548,3576135.5
2022-12-28,RSDC,540,548.9,535,545,4761,2577345.1
2022-12-29,RSDC,545,567.9,545,567.9,8735,4872734
2023-01-01,RSDC,536,550,536,538,3660,1973770
2023-01-02,RSDC,548,548,530,543,4253,2304739.5
2023-01-03,RSDC,553.8,597.3,540.2,565,17229,9731239.9
2023-01-04,RSDC,575.2,621.5,566.2,621.4,25785,15451438.8
2023-01-05,RSDC,633.8,659,622,648,36411,23557285.5
2023-01-08,RSDC,648,648,625.5,629,13920,8854298.1
2023-01-09,RSDC,630,691.9,625,675,30397,20436237.4
2023-01-10,RSDC,688.5,693,631,640,33608,22488106.5
2023-01-12,RSDC,652,673.2,600.1,611,17436,11024701.4
2023-01-17,RSDC,619,635,610,631,8181,5111912.5
2023-01-18,RSDC,640,651.5,628.1,637.9,13241,8509636.7
2023-01-19,RSDC,650,650,630,632.1,12103,7711995.4
2023-01-23,RSDC,640,640,620,620,4736,2981990
2023-01-24,RSDC,618,642,608,622,4235,2623193.1
2023-01-25,RSDC,624,646.6,624,640,13415,8591204.6
2023-01-26,RSDC,650,653,640,640,5745,3714982.9
2023-01-29,RSDC,628.2,639,628.1,636,4381,2766830.8
2023-01-30,RSDC,623.3,636,615,620,6266,3903337.8
2023-01-31,RSDC,611,614,602,606,5088,3093905.3
2023-02-01,RSDC,596,603,595.1,602,6544,3924687.7
2023-02-02,RSDC,600,605,597,604,5988,3596016.4
2023-02-05,RSDC,592.1,609,592.1,605,4131,2496650.8
2023-02-06,RSDC,593,608.9,593,608.9,2812,1693590
2023-02-07,RSDC,615.5,640,615,640,4716,2959957.7
2023-02-08,RSDC,645,657.7,640,646.2,29612,19230139.7
2023-02-09,RSDC,637.2,649,631,642,2768,1769252.3
2023-02-12,RSDC,629.2,629.2,613,615,3547,2192937.8
2023-02-14,RSDC,602.7,626,602,617,4227,2598531
2023-02-15,RSDC,617,617,609,609.6,3295,2018730.3
2023-02-16,RSDC,601,620,598,605,5012,3008769.8
2023-02-20,RSDC,593,604.8,587,597,4582,2715805.9
2023-02-22,RSDC,598,608.8,593,596,3148,1882684.4
2023-02-23,RSDC,584.1,584.1,536.4,536.4,15767,8590319.1
2023-02-26,RSDC,526,572,483,555,16798,8745611
2023-02-27,RSDC,566,577.3,531,554.9,4747,2621474.4
2023-02-28,RSDC,550,561,539,540.1,2176,1182367.6
2023-03-01,RSDC,535,535,520.5,521,3791,1990089.4
2023-03-02,RSDC,515.1,517,505,512.9,3898,1981758.8
2023-03-05,RSDC,510,510.1,490.2,496,3739,1851401.6
2023-03-07,RSDC,495,533.6,490,508,2972,1496899.3
2023-03-09,RSDC,518,530,506,525,8314,4312142.8
2023-03-12,RSDC,533,535.5,516,520,4813,2527817.1
2023-03-13,RSDC,520,520,499,509,4500,2262404.1
2023-03-14,RSDC,505,515,505,512.9,1686,861033.2
2023-03-15,RSDC,505,510,493,508.9,2654,1322255
2023-03-16,RSDC,500,500.9,491,497,3112,1545925.9
2023-03-19,RSDC,500,500,492,492,2825,1396023
2023-03-20,RSDC,498,502,493,500,1385,691768
2023-03-22,RSDC,509.8,509.8,496,499,1237,618261
2023-03-23,RSDC,491,495,479.5,480,3092,1498428.8
2023-03-26,RSDC,482,486,476.3,476.3,4782,2291542.1
2023-03-27,RSDC,485.8,489,467.6,485,2955,1411168
2023-03-28,RSDC,494.7,506,493,504.9,5697,2847837.2
2023-03-29,RSDC,496,505,492,494,2152,1068752
2023-03-30,RSDC,502.8,508,496,506.7,3817,1918758.3
2023-04-02,RSDC,516,516,499,499,4345,2202452.3
2023-04-03,RSDC,490,500.8,485.3,491.9,2903,1425694.1
2023-04-04,RSDC,486,501,486,498,2184,1079523.6
2023-04-05,RSDC,492,500,491.1,498.2,1206,599045.8
2023-04-06,RSDC,498.2,501,491,495,3808,1889230.4
2023-04-09,RSDC,487,490,478,480,4166,2016748.7
2023-04-10,RSDC,487.9,490,480,481.1,2273,1106555.9
2023-04-11,RSDC,487,490,485,488,1477,720128.5
2023-04-12,RSDC,497.7,522,497.7,522,5641,2898312
2023-04-13,RSDC,531,531,505.7,508,5249,2713479.6
2023-04-16,RSDC,501,517,500,510,2294,1155505.3
2023-04-17,RSDC,500,509,492,508,2721,1352603.5
2023-04-18,RSDC,501,505,493,495,2840,1406570.9
2023-04-19,RSDC,499,512,495,500.3,1529,763915.4
2023-04-20,RSDC,508,508.7,490,490,2043,1008295.7
2023-04-23,RSDC,490,494,484.2,489,3798,1851644
2023-04-24,RSDC,483.1,494.1,483,490,2707,1314714.8
2023-04-25,RSDC,490,499.7,490,495,1346,663117
2023-04-26,RSDC,502,502,489,495,742,366732
2023-04-27,RSDC,487,494.5,487,487.1,1099,538584.4
2023-04-30,RSDC,487,487,478.3,479,2254,1083869.9
2023-05-02,RSDC,480,486,477,483,548,262157.4
2023-05-03,RSDC,480,485,478,485,1578,761199
2023-05-04,RSDC,478,485,475.4,484,1882,903880.2
2023-05-07,RSDC,477,484,476.1,484,1009,480846.3
2023-05-08,RSDC,484,484,475.3,477.9,1704,811342.2
2023-05-09,RSDC,470.3,489.9,469,475.1,1857,880811.7
2023-05-10,RSDC,484.4,484.4,470.2,479,1717,812126.5
2023-05-11,RSDC,471,475,461,475,1399,657826.5
2023-05-14,RSDC,483,484,463,471,2611,1222274.1
2023-05-15,RSDC,470,479.9,466,479.9,1012,476345.8
2023-05-16,RSDC,475,481,474.1,481,1187,566918.6
2023-05-17,RSDC,481,488,475,486,3748,1812893.8
2023-05-18,RSDC,487,499.8,486,495.7,3360,1656398.7
2023-05-21,RSDC,505.5,526,495,495,4894,2455979.4
2023-05-22,RSDC,489,509.4,489,496,5457,2741505.7
2023-05-23,RSDC,486.1,519,486.1,518,5339,2734616.3
2023-05-24,RSDC,528,535,511,530,8354,4394378
2023-05-28,RSDC,540,550.8,520,526,8165,4375345.1
2023-05-30,RSDC,520,521,504,504,8134,4163691
2023-05-31,RSDC,494,514,485,497.1,3805,1912996
2023-06-01,RSDC,507,517.1,488,500.9,4005,1991266.3
2023-06-04,RSDC,510,535,510,529.8,4248,2230879.9
2023-06-05,RSDC,535,538.1,510,515,5104,2663125.8
2023-06-06,RSDC,506,525,506,518.1,2944,1526454.6
2023-06-07,RSDC,510,546.9,510,527.5,4979,2653055.7
2023-06-08,RSDC,538,538,513.6,530,3519,1846604
2023-06-11,RSDC,525,548.7,525,545,7943,4275345.8
2023-06-12,RSDC,555.9,555.9,531,544.5,4166,2241531.3
2023-06-13,RSDC,540,570,538,561.8,13097,7281000.3
2023-06-14,RSDC,572,580,541,564,9645,5420185
2023-06-15,RSDC,554.1,560,547.9,547.9,4280,2361975.5
2023-06-18,RSDC,537,580,537,579,9294,5242064.3
2023-06-19,RSDC,568,585,564,571,9985,5698128
2023-06-20,RSDC,561,575,558,558,4646,2620550.7
2023-06-21,RSDC,547,565,543,543,4660,2558486.9
2023-06-22,RSDC,543,564.8,540,548,3479,1902911.1
2023-06-25,RSDC,540.1,592,540.1,566,11313,6371248.5
2023-06-26,RSDC,557,602,557,602,26533,15624544
2023-06-27,RSDC,605,662,605,662,35249,22707319.4
2023-06-28,RSDC,666,676,633,635,15794,10220426
2023-07-02,RSDC,622.3,625,600,600.2,13635,8305755.5
2023-07-03,RSDC,588.3,610,581.3,582.1,15065,8936320.6
2023-07-04,RSDC,593,610,585,600,6551,3876348.9
2023-07-05,RSDC,600,600,588,588,5077,3001716.8
2023-07-06,RSDC,589,597,575,593,9248,5415652.2
2023-07-09,RSDC,582,605,582,602,5691,3415761.3
2023-07-10,RSDC,603,621,603,617.9,13267,8170928.6
2023-07-11,RSDC,608,627.5,608,617.9,6189,3825223.4
2023-07-12,RSDC,618,640,618,631,10711,6778112.7
2023-07-13,RSDC,631.2,655,618,621,12199,7735184.2
2023-07-16,RSDC,628,630,611,613.1,5263,3259779.7
2023-07-17,RSDC,602.1,645,602.1,642.8,23398,14655264.3
2023-07-18,RSDC,655,655,632,639.9,6951,4452705.3
2023-07-19,RSDC,650,650,617.4,628.3,13081,8198996.2
2023-07-20,RSDC,625,629.9,606,615,16374,10062745.8
2023-07-23,RSDC,615,630,613,625,11034,6866439.5
2023-07-24,RSDC,627,627,610,615.9,11086,6815068
2023-07-25,RSDC,619.9,619.9,603,603,4082,2474857.4
2023-07-26,RSDC,594.1,613,594.1,601,4316,2611041.2
2023-07-27,RSDC,600,608,590.1,594,4662,2789698.6
2023-07-30,RSDC,586,588.5,573.3,580.2,9555,5567106.1
2023-07-31,RSDC,580,599.9,572.1,582.4,2572,1507242.8
2023-08-01,RSDC,580,600,577.6,580,7417,4327249.6
2023-08-02,RSDC,575.1,583,573,579.9,1905,1097762.5
2023-08-03,RSDC,570,591.4,570,581,4445,2597742.7
2023-08-06,RSDC,577,577,556,556.4,4688,2640711.1
2023-08-07,RSDC,552,568.9,552,560,1415,792599.7
2023-08-08,RSDC,551,554,543.1,543.1,1900,1043002.6
2023-08-09,RSDC,543,580,540,580,2557,1394486.4
2023-08-10,RSDC,569,584,558.6,573,3824,2179349.6
2023-08-13,RSDC,563,580,550.5,572,3018,1726344.5
2023-08-14,RSDC,561.2,583.4,550.1,566,2929,1643121.4
2023-08-15,RSDC,557,561,553,558,3055,1700594.2
2023-08-16,RSDC,551,552,545,545,2301,1258944.7
2023-08-17,RSDC,555.8,559.9,537.1,545.3,1742,956596.7
2023-08-20,RSDC,545,567.1,536.2,567.1,12992,7152681
2023-08-21,RSDC,557,565.9,545,552,2784,1536117.5
2023-08-22,RSDC,552,555,543.1,555,1399,770173.8
2023-08-23,RSDC,562,571.2,560,570,2268,1279922
2023-08-24,RSDC,558.7,572,550,550,6268,3494309.9
2023-08-27,RSDC,547.5,554,538,553.9,2315,1262593.7
2023-08-28,RSDC,544,570,544,570,3106,1727333.2
2023-08-29,RSDC,569,569.9,558.7,563.6,2781,1562943.4
2023-08-30,RSDC,563,565,552.5,563,855,477200.3
2023-09-03,RSDC,552.1,559,548,550,2300,1265461
2023-09-04,RSDC,539,560.6,539,550,1722,935598.5
2023-09-05,RSDC,561,561,539.7,540.3,2605,1416643.5
2023-09-07,RSDC,536.3,544,532.2,539,1791,959236
2023-09-10,RSDC,530.1,549.6,530,532.8,668,357438.3
2023-09-11,RSDC,532,553,532,553,571,311459.6
2023-09-12,RSDC,555,555,542.1,549,1532,838417.5
2023-09-13,RSDC,550,594.2,547,594.2,4043,2277507.4
2023-09-17,RSDC,594.2,594.2,550,563.9,10845,6044776.8
2023-09-18,RSDC,553,597,553,581,4817,2705595.3
2023-09-19,RSDC,570,579.9,560.1,572,2792,1588974.1
2023-09-21,RSDC,560.6,596,560.6,596,20015,11732492.7
2023-09-24,RSDC,584.1,645,584.1,602,22412,13527769.8
2023-09-25,RSDC,590.1,597.6,581,585,12208,7149513.9
2023-09-26,RSDC,596,605,586.1,599,7545,4498127.8
2023-09-27,RSDC,590,594.9,586.1,594.9,8148,4788216.7
2023-10-01,RSDC,584,595,579,586.5,7673,4490907.9
2023-10-02,RSDC,588,588,574.9,585,2029,1171525.4
2023-10-03,RSDC,575,580,573.4,577,2972,1709715.8
2023-10-04,RSDC,586,588.5,577.2,577.9,2606,1513820.3
2023-10-05,RSDC,589.3,589.3,576.2,585,1222,705079.6
2023-10-08,RSDC,574,584.6,562.5,564,5994,3398747
2023-10-09,RSDC,561,565,556.1,564,2272,1272196.2
2023-10-10,RSDC,556,557,550.1,553,2254,1250358.7
2023-10-11,RSDC,553,560,551.7,551.7,1404,780353.9
2023-10-12,RSDC,547,552,545,550,2851,1561376
2023-10-16,RSDC,549,555,536,550,7757,4212773
2023-10-17,RSDC,559.9,559.9,539.1,557,10097,5493947.6
2023-10-18,RSDC,545.9,571,545.9,564,417,232820.4
2023-10-19,RSDC,552.9,567,552.9,555,2782,1555481.7
2023-10-29,RSDC,543.9,567,532.2,567,4642,2552314.9
2023-10-30,RSDC,570,570,550,563,2771,1533244.4
2023-10-31,RSDC,556,571.2,544,571.2,5772,3172008.4
2023-11-01,RSDC,560,565,553.8,565,965,539815
2023-11-02,RSDC,567.9,568,550,550,1960,1085432.7
2023-11-05,RSDC,539.1,549,530,549,3867,2080137.9
2023-11-06,RSDC,559.9,603,540.1,560,4552,2538933.8
2023-11-07,RSDC,555,558,544,558,2632,1449314.4
2023-11-08,RSDC,552,561,550,551,2080,1148953.1
2023-11-09,RSDC,545,545,518,542,5114,2734262.4
2023-11-20,RSDC,542,544.8,532,535,4757,2543142
2023-11-21,RSDC,525,535,520.3,520.3,7004,3692141.1
2023-11-22,RSDC,517,529.8,517,529.7,1759,922672.6
2023-11-23,RSDC,488,499.8,482,499.8,6746,3296193.1
2023-11-26,RSDC,498,518.5,490,516,3039,1535850.6
2023-11-27,RSDC,509,520,505.7,519.4,2139,1087115.3
2023-11-28,RSDC,510,510,507,509,1140,580306.8
2023-11-29,RSDC,503,511,502.1,508.8,3164,1601615.6
2023-11-30,RSDC,509,511,500.2,500.9,3318,1677449.3
2023-12-03,RSDC,510.9,510.9,495,497,185,92399
2023-12-04,RSDC,490.7,505,490,505,1889,937550.5
2023-12-05,RSDC,510,510,490,498.9,1373,679660
2023-12-06,RSDC,490.1,499,482.3,499,5351,2620523.7
2023-12-07,RSDC,500,501.1,490.1,497,6737,3362431.3
2023-12-10,RSDC,506.9,534.9,506.9,534,80,42221
2023-12-11,RSDC,523.4,527,512,517,7914,4092460.7
2023-12-12,RSDC,527.3,527.3,507,519.1,5972,3092336.4
2023-12-13,RSDC,514,542,514,530,6844,3607989
2023-12-14,RSDC,530,530,520,530,4051,2127382.1
2023-12-17,RSDC,520,537.5,520,529.9,4478,2365767
2023-12-18,RSDC,540,570,537.1,552,20400,11301674.2
2023-12-19,RSDC,560,571,555,567.5,8620,4861207.4
2023-12-20,RSDC,578.8,578.8,562,564,9464,5376579.4
2023-12-21,RSDC,560,560,542,543,9998,5462044.4
2023-12-24,RSDC,550,552,535,535.3,7342,3984478.2
2023-12-27,RSDC,539,544,525,525,8063,4295156.8
2023-12-28,RSDC,525,540.6,525,531,6777,3607902.5
2024-01-01,RSDC,540,545.7,531.1,535.1,3419,1840759
2024-01-02,RSDC,544.8,544.8,527,529,8726,4644578.7
2024-01-03,RSDC,529,540,523,540,3834,2024636.8
2024-01-04,RSDC,540,544.9,529.2,534,5657,3019482.1
2024-01-07,RSDC,525.1,540.8,525,530,7257,3843098.6
2024-01-08,RSDC,530,550,530,550,8121,4387763.4
2024-01-09,RSDC,560,569,551,558.9,8327,4649213.3
2024-01-10,RSDC,570,575,560,572,17771,10133097.4
2024-01-11,RSDC,570,575,560,561,4730,2683751
2024-01-14,RSDC,570,581,567,575,11418,6568064.4
2024-01-16,RSDC,586,595,584,595,14210,8353753.1
2024-01-17,RSDC,588,606.9,582,587,15220,9058358.1
2024-01-18,RSDC,580,580,555,567,16714,9496158.7
2024-01-21,RSDC,560,569,550,550.2,12337,6905850.7
2024-01-22,RSDC,550,555,539.3,540,5458,2977178.5
2024-01-23,RSDC,550.8,559,541,559,4535,2490097.8
2024-01-24,RSDC,560.1,565,552.2,559.9,8245,4589159.2
2024-01-25,RSDC,552,563,552,559,4765,2661019.8
2024-01-28,RSDC,548,568,548,564,4702,2636039.7
2024-01-29,RSDC,565,569,557.7,565.5,2529,1422196.3
2024-01-30,RSDC,574,574,557,562,3313,1859135.8
2024-01-31,RSDC,571,571,550,554,1236,683736.3
2024-02-01,RSDC,544.2,549.8,541.2,549.8,4250,2316157.3
2024-02-04,RSDC,549.8,549.8,540.3,544.7,2084,1132873.5
2024-02-05,RSDC,555.3,565,538,555,6597,3634627.8
2024-02-06,RSDC,546,566,545.1,560,2581,1438152.1
2024-02-07,RSDC,571,571,560,560,3452,1937633.8
2024-02-08,RSDC,555,560,548.9,557,4299,2389635
2024-02-11,RSDC,565,565,550,550,3297,1831404.9
2024-02-12,RSDC,541,570,540.3,553.4,3704,2064984.6
2024-02-13,RSDC,550,560,543.2,546.1,3080,1689402.1
2024-02-14,RSDC,554,557,546.1,554.9,1968,1087839.6
2024-02-15,RSDC,554.1,561,547.3,550,6428,3554658.6
2024-02-18,RSDC,540.1,549,540,544,1879,1017718.2
2024-02-20,RSDC,534.3,553.7,534.2,540,3657,1972716.7
2024-02-21,RSDC,540,548,535,538,3750,2012221.1
2024-02-22,RSDC,545,545,525,525,6791,3606389.2
2024-02-25,RSDC,518,525.1,518,524.9,5720,2985362.7
2024-02-26,RSDC,535,535,515.2,524.9,2133,1107577.4
2024-02-27,RSDC,520,530,519.7,521,2461,1285249.7
2024-02-28,RSDC,519.1,524,518,518,1269,658994.1
2024-02-29,RSDC,518,520,508,516.6,2182,1122710.5
2024-03-03,RSDC,507.2,515,503,514,1394,708694.5
2024-03-04,RSDC,517.09,517.09,517.09,517.09,250,129272.5
2024-03-05,RSDC,527.4,537.9,522,528,5437,2874041
2024-03-06,RSDC,528,537.9,523.1,533,3488,1851544
2024-03-07,RSDC,530,536,526,534.9,1087,577563
2024-03-10,RSDC,537.8,575,536,565,20875,11747329
2024-03-12,RSDC,576,596,570,596,24745,14392297.4
2024-03-13,RSDC,597,600,581,582,16391,9674160.2
2024-03-14,RSDC,580,584.9,565.1,575,9986,5717741.9
2024-03-17,RSDC,570.1,588,562.2,568,5599,3212906.3
2024-03-18,RSDC,578.9,580,564,579,9686,5545439.8
2024-03-19,RSDC,579,594.8,577,586,14867,8678983.7
2024-03-20,RSDC,590,620.8,580,612,65578,39963719.5
2024-03-21,RSDC,618,623.9,600,604,15316,9344913.7
2024-03-25,RSDC,600,600,590,592,11782,6989878.8
2024-03-26,RSDC,595,600,587,590,10947,6495621.9
2024-03-27,RSDC,590,601,579.3,579.3,7610,4469209.1
2024-03-28,RSDC,580,583,570.3,581.9,7028,4070567.1
2024-03-31,RSDC,580,591,573.5,578,5876,3388943.2
2024-04-01,RSDC,572,583,572,575.1,2350,1355779
2024-04-02,RSDC,584,597,574,588,9401,5491811.8
2024-04-03,RSDC,594,598,580.1,592.5,16008,9514677.3
2024-04-04,RSDC,599,620,595.1,613.8,45269,27659950.9
2024-04-07,RSDC,620,639.8,615.3,628.2,38042,23833516
2024-04-09,RSDC,630,630,609.1,610,30066,18603432.7
2024-04-10,RSDC,610,616,601.2,603.1,14701,8907703.9
2024-04-14,RSDC,597,622,596.1,618.8,11339,6965376.1
2024-04-15,RSDC,631.1,643,615,615,36853,22946370
2024-04-16,RSDC,620,624,602.3,605,9000,5476517.8
2024-04-18,RSDC,600.5,607,598,599,8656,5203385.2
2024-04-21,RSDC,597,610,594,607.9,5697,3410105.4
2024-04-22,RSDC,608.5,616,601.2,601.8,11565,7027072
2024-04-24,RSDC,613.4,613.4,596,598.5,4364,2617833
2024-04-25,RSDC,606.9,606.9,597,599.9,2656,1591432.5
2024-04-28,RSDC,599,609.9,590.3,603.4,9685,5837201.7
2024-04-29,RSDC,610,610,602,607,5293,3208051.9
2024-04-30,RSDC,615,644,603,643.9,49908,31536904.4
2024-05-02,RSDC,656.7,708,645.1,700,83667,56528108.3
2024-05-05,RSDC,700,726,698,726,107440,76689269.6
2024-05-06,RSDC,711.5,722,704.2,710,72994,52072023.3
2024-05-07,RSDC,724.2,759.7,700.2,746.9,88911,65746742.9
2024-05-08,RSDC,750,760,736,760,64695,48383455.7
2024-05-09,RSDC,760,813.5,750,758.4,85552,65339365
2024-05-12,RSDC,744,749,718.1,724.9,66430,48446572.9
2024-05-13,RSDC,739.3,739.3,708,712,48297,34711450.6
2024-05-14,RSDC,698,739,698,716,109763,79523016.7
2024-05-15,RSDC,721,723.1,695,704,81691,57513566
2024-05-16,RSDC,700,725.9,691,712,53861,38367982.2
2024-05-19,RSDC,712,715,692,705,58706,41298492.7
2024-05-20,RSDC,719.1,719.1,700,706,45212,31987105.4
2024-05-21,RSDC,693.1,706,685,695,55950,38952836.4
2024-05-22,RSDC,708.9,714,687.5,692,37581,26297051.2
2024-05-26,RSDC,705.8,705.8,682,682,29305,20136316.8
2024-05-27,RSDC,695.6,695.6,675.5,679,30127,20524771.8
2024-05-29,RSDC,691,692,668,669,26025,17604615.7
2024-05-30,RSDC,682.3,682.3,660,663,19139,12724091.5
2024-06-02,RSDC,668,676,659.1,671,18129,12087171.1
2024-06-03,RSDC,662.5,695.6,662.5,692,34851,23896697.5
2024-06-04,RSDC,697.6,708,688,695,43496,30449848.6
2024-06-05,RSDC,688.2,699,685,690,20289,14016777.5
2024-06-06,RSDC,697.8,702.5,680,688,26762,18570201.3
2024-06-09,RSDC,684.1,690,675,675.1,24064,16356550.9
2024-06-10,RSDC,680,683,670,673,22680,15327131.9
2024-06-11,RSDC,676.7,685,671.1,678,32372,22016831.6
2024-06-12,RSDC,680.5,699,680.5,690,17066,11747841.9
2024-06-13,RSDC,695,695,681.2,681.4,26729,18342536.8
2024-06-16,RSDC,681,688,676,677,19426,13212407.1
2024-06-18,RSDC,664,680,663.5,675,10720,7199444
2024-06-19,RSDC,667.1,679,667.1,672.2,6630,4466661.9
2024-06-20,RSDC,670,670,662,662,13871,9219897.5
2024-06-23,RSDC,670,670,657.1,657.1,12779,8436593.7
2024-06-24,RSDC,660,673,660,662.5,19101,12763154.8
2024-06-25,RSDC,656,705,641,696,224992,148308016.6
2024-06-26,RSDC,701,703,678,680,19138,13154066.8
2024-06-27,RSDC,668.1,675,667,669,15344,10270111
2024-06-30,RSDC,656,668.1,645.1,650,63936,41752397.4
2024-07-01,RSDC,663,663,645,649.9,23017,14922518.5
2024-07-02,RSDC,662.8,689,658,668,34418,22991386.7
2024-07-03,RSDC,680,680,657.6,667,22261,14794430.8
2024-07-04,RSDC,677,677,660,662,23089,15360905.1
2024-07-07,RSDC,673.9,674,665,667,16013,10729688.2
2024-07-08,RSDC,669.9,674,668.5,670,25158,16879974.7
2024-07-09,RSDC,680,690.7,670,686,24680,16858262.6
2024-07-10,RSDC,696.9,704.7,689.1,697.1,56216,39181686.9
2024-07-11,RSDC,711,711,698,707.5,45372,32022438.6
2024-07-14,RSDC,721.6,721.6,707,707.7,29794,21184383.4
2024-07-15,RSDC,712,712,692,692,48067,33661403.8
2024-07-16,RSDC,700,718,685.3,711,33279,23372951.1
2024-07-17,RSDC,720,730,710,730,56278,40553814.8
2024-07-18,RSDC,744,775,736.4,760.2,124711,95265648.5
2024-07-21,RSDC,775.4,788,751,785,91625,71250976.8
2024-07-22,RSDC,795,795,760,777.5,57566,44546363.8
2024-07-23,RSDC,773.2,790,773,788.1,42967,33660115.7
2024-07-24,RSDC,800,803,766.1,770,47245,36988999
2024-07-25,RSDC,785,845,771,845,129903,105776819.2
2024-07-28,RSDC,860,890,825,836.1,85712,72003377.9
2024-07-29,RSDC,836.1,836.1,804,806,82068,66907739.2
2024-07-30,RSDC,810,822,792.9,814.9,49239,39730058.7
2024-07-31,RSDC,820,834,807.7,823,51139,41971569.1
2024-08-01,RSDC,823,854,823,830.2,62204,52223638
2024-08-05,RSDC,836,846,820,827,34744,28792437.9
2024-08-06,RSDC,840,840,752,784.9,41923,33648064
2024-08-07,RSDC,798,810,783,808,31691,25406710.4
2024-08-08,RSDC,824.1,824.1,798,798,34542,27945969.3
2024-08-11,RSDC,813,851.7,813,849.9,74091,62443967.1
2024-08-12,RSDC,866.8,866.8,830,844,60208,51176459
2024-08-13,RSDC,845,859,827.2,837,35246,29510324.9
2024-08-14,RSDC,830,835,812.5,827.9,32972,27145932.9
2024-08-15,RSDC,828,842.9,815.3,822.9,47176,38861505.3
2024-08-18,RSDC,834.9,852,811,821,64794,54156530.8
2024-08-21,RSDC,837,837,813,816,25596,21030984.5
2024-08-22,RSDC,824,825,810,812.9,32457,26485809.7
2024-08-25,RSDC,814,855,800.1,822,63771,52841788.5
2024-08-27,RSDC,834.9,834.9,788,788.5,29135,23576386.8
2024-08-28,RSDC,804.2,830,774,784,25395,20201841.8
2024-08-29,RSDC,799,799,770,772,24176,18761396.3
2024-09-01,RSDC,784.9,785,740,745,17636,13367403.6
2024-09-02,RSDC,734.3,781,734.3,779,22421,17009961.7
2024-09-03,RSDC,764,794.5,764,777,26024,20187693.2
2024-09-04,RSDC,765,794,751.1,757.9,17424,13320950
2024-09-05,RSDC,770,780,740,762,21345,16123525
2024-09-08,RSDC,761,786,760,767.8,25438,19740633.6
2024-09-09,RSDC,779,779,745,745,11091,8381875.3
2024-09-10,RSDC,748,758.4,740,740,13170,9813633.8
2024-09-11,RSDC,754.7,754.7,735.5,736,17930,13310591.4
2024-09-12,RSDC,750,754.8,735,754,13523,10044598.2
2024-09-15,RSDC,768,768,730,730,9309,6958750.7
2024-09-16,RSDC,744,744,700,702,27346,19267964.5
2024-09-18,RSDC,690,710,690,699.9,7163,5002712.4
2024-09-22,RSDC,713.8,728,699.6,702,6551,4636622.4
2024-09-23,RSDC,712,712,680.1,682,6510,4492379.4
2024-09-24,RSDC,695,707,655.1,665,6383,4281778.6
2024-09-25,RSDC,678.3,678.3,655.1,676.9,7093,4752746.8
2024-09-26,RSDC,690.4,690.4,662.6,662.6,9409,6340509.5
2024-09-29,RSDC,650,675,650,665,9167,6054761.3
2024-09-30,RSDC,665,677.9,665,675.6,5174,3484508.1
2024-10-01,RSDC,685,727,671,714,14827,10391141.7
2024-10-02,RSDC,714,718,695,702.8,9994,7036122.4
2024-10-06,RSDC,702,720,702,716,7107,5069655.2
2024-10-07,RSDC,725,730.3,716,720,7315,5276899.3
2024-10-08,RSDC,734,734,710,710,4630,3318953
2024-10-09,RSDC,708,716,700,705.5,2064,1459429
2024-10-15,RSDC,705,725,705,725,2219,1595772.1
2024-10-16,RSDC,721,750,720,749,10235,7575527.5
2024-10-17,RSDC,760,763.9,745.3,758,8422,6369320.5
2024-10-20,RSDC,750,775,743,753.4,23069,17475737.9
2024-10-21,RSDC,753,753,722,726,12538,9232198.8
2024-10-22,RSDC,740,740,730,735,4310,3159385.2
2024-10-23,RSDC,735,749,731,735,3467,2559219.1
2024-10-24,RSDC,725,730,716.2,721.5,9982,7185388.7
2024-10-27,RSDC,710.1,718,708,714,7075,5029064.3
2024-10-28,RSDC,728,728,714,724.9,1972,1415056.2
2024-10-29,RSDC,739,747,722.2,747,7126,5253514.1
2024-10-30,RSDC,761,761,730.1,730.2,9395,6924283.1
2024-11-05,RSDC,740,740,728,735,4369,3196718.8
2024-11-06,RSDC,745,745,730.2,738,5945,4378492
2024-11-10,RSDC,751,752.7,736,751,8355,6247531.1
2024-11-11,RSDC,766,779,750,768,25370,19398090.7
2024-11-12,RSDC,779,780,761.4,761.4,8650,6661768
2024-11-13,RSDC,775,775,750.5,760,6724,5121987
2024-11-14,RSDC,751.2,784.7,751.2,772.1,49535,38148293.5
2024-11-17,RSDC,787,787,760.5,768,12922,10004515.8
2024-11-19,RSDC,783,783,750,754,21678,16386525.9
2024-11-20,RSDC,769,769,742,751,20665,15498643.3
2024-11-21,RSDC,765.9,765.9,740,752,13947,10439898.2
2024-11-24,RSDC,767,767,748,752,9707,7280522.6
2024-11-25,RSDC,754.9,760,742.5,760,5198,3914132
2024-11-26,RSDC,760,764,740,755,15055,11222496.9
2024-11-27,RSDC,765,770,750,759,11121,8407159.1
2024-11-28,RSDC,748,762.9,748,751.3,8626,6513210.7
2024-12-01,RSDC,750,760,740.1,751,9412,7020808.6
2024-12-02,RSDC,762.2,762.2,747.2,753,11456,8617082.1
2024-12-03,RSDC,764,764,739,739,9205,6839101.3
2024-12-04,RSDC,741,745,730,730,18531,13698149.7
2024-12-05,RSDC,730,741,725,735,10136,7381476.8
2024-12-08,RSDC,730.1,744,719.1,723,14671,10648253.5
2024-12-09,RSDC,733.9,733.9,720,723.3,5204,3768211.4
2024-12-10,RSDC,725,730,715,730,5986,4327308.2
2024-12-11,RSDC,741,741,718,730,6472,4713537.8
2024-12-12,RSDC,736.9,744,726.2,733.5,7704,5659074.7
2024-12-16,RSDC,723.1,726,713.1,721,6890,4952899.2
2024-12-17,RSDC,709,732,706.6,712,7011,5004845.8
2024-12-18,RSDC,713,725.9,710.1,718,9212,6608698.6
2024-12-19,RSDC,715,720,703,703.2,8598,6108202
2024-12-22,RSDC,711,725.2,707.6,712.5,6374,4547260.6
2024-12-23,RSDC,709,724,709,720,8341,5994539.9
2024-12-24,RSDC,727,738.8,727,737,18073,13271247.7
2024-12-26,RSDC,675,685,671.5,674,6133,4161713.4
2024-12-29,RSDC,674,685,662.5,675,11478,7749315.4
2024-12-31,RSDC,665,675,653,675,8723,5817515.2
2025-01-01,RSDC,678,678,666,674,3022,2030091.1
2025-01-02,RSDC,671,678,666,678,7063,4740851.9
2025-01-05,RSDC,677,680,665,679.9,5959,4010836.3
2025-01-06,RSDC,667,685,667,685,6946,4694180.2
2025-01-07,RSDC,685,696,679,682,9357,6401290.6
2025-01-08,RSDC,689,708,688,697,16714,11671649.5
2025-01-09,RSDC,686.1,697,685,692,3887,2672308.3
2025-01-12,RSDC,705.8,705.8,679,687,2910,1982926.4
2025-01-13,RSDC,674.4,685,670,670.1,1679,1130028.9
2025-01-15,RSDC,670,679,657.1,661.1,1821,1212910
2025-01-16,RSDC,671,674.3,652,652,4405,2900342.9
2025-01-19,RSDC,645,656.9,645,650.1,5483,3575987.9
2025-01-20,RSDC,651,663,646,648,8704,5684431.1
2025-01-21,RSDC,658,660,639,644.9,9878,6342134.1
2025-01-22,RSDC,650,660,641,655,6336,4148324.5
2025-01-23,RSDC,668.1,668.1,653,659,3561,2341286.4
2025-01-26,RSDC,659,660,650,655,3550,2329534.5
2025-01-27,RSDC,658,662.9,650,657.8,3351,2194463.1
2025-01-28,RSDC,667,670,652,660,13217,8694597.1
2025-02-02,RSDC,660,710,660,709,43623,30047268.4
2025-02-03,RSDC,712,720,694,694,23139,16349626.6
2025-02-04,RSDC,687,700,680,684.9,8347,5720475.6
2025-02-05,RSDC,690,703,675.1,702,10298,7082949.8
2025-02-06,RSDC,690.1,712,688,700,17820,12472216
2025-02-09,RSDC,711,714,689,694,11877,8296043.4
2025-02-10,RSDC,701,707,685.1,691.5,9669,6688859.2
2025-02-11,RSDC,700.5,711,697,706,19352,13655296.5
2025-02-12,RSDC,706,734.9,705.1,730,50461,36474785.2
2025-02-13,RSDC,735,746,733,745.9,50354,37286437.6
2025-02-16,RSDC,745.9,760.8,740.3,748.6,32245,24235960.5
2025-02-17,RSDC,740,765,740,761,46705,35527448.2
2025-02-18,RSDC,765,776,735,735,74194,56188879.1
2025-02-20,RSDC,745,745,730,739,18614,13728794.7
2025-02-23,RSDC,726,753,725,740,29044,21459297.1
2025-02-24,RSDC,742,750,728.2,730,12810,9434798.8
2025-02-25,RSDC,744,744,721,731.5,7610,5584065.4
2025-02-27,RSDC,746,746,726,732,16762,12352138.2
2025-03-02,RSDC,746,746.6,732,744,16335,12035571.2
2025-03-03,RSDC,750,755.9,730,738.9,16870,12451498.9
2025-03-04,RSDC,742.2,742.2,724,724,14542,10606259.6
2025-03-05,RSDC,712.1,737.9,710,717,13767,9878651
2025-03-06,RSDC,729,735,716.1,723,13976,10135389.6
2025-03-09,RSDC,730,730,707,708,21164,15053324.3
2025-03-10,RSDC,718,718,700,702,6842,4822413.4
2025-03-11,RSDC,700,726.9,692,700,9806,6893772
2025-03-12,RSDC,708.9,708.9,695.1,700,9657,6804374.8
2025-03-16,RSDC,700,731,688,731,20258,14166479.5
2025-03-17,RSDC,716.4,758,689,719.9,23488,16944823.6
2025-03-18,RSDC,719.9,719.9,705,705,9301,6612842.4
2025-03-19,RSDC,695.3,713,695,713,35856,25161008
2025-03-20,RSDC,713,717,700,714.07,17907,12765037.8
2025-03-23,RSDC,701.1,714,695,700.36,19193,13501017.3
2025-03-24,RSDC,690,717,688,712.6,25342,17825593.9
2025-03-25,RSDC,700,708,688,690.25,13645,9472151.7
2025-03-26,RSDC,690,708,688,703.78,18149,12615628.8
2025-03-27,RSDC,695,715,695,713.44,15267,10813529.5
2025-03-30,RSDC,715,718,706,717.04,39663,28328286.8
2025-04-01,RSDC,720,726.8,711,723.66,34869,25130826.2
2025-04-02,RSDC,732,734,713,729.58,36414,26444054.5
2025-04-03,RSDC,715,739,715,730.79,38978,28517879.4
2025-04-07,RSDC,721,734,720,720.83,19595,14150556.2
2025-04-08,RSDC,712,719.9,710,714.74,11105,7906980
2025-04-09,RSDC,714,720,712.5,714.21,7764,5552799.2
2025-04-10,RSDC,711,724,702.1,717.87,57015,40848425
2025-04-13,RSDC,720,720,700,704.52,29288,20597526.6
2025-04-15,RSDC,700.1,710,697,700.96,21796,15278887.9
2025-04-16,RSDC,711.8,711.8,695.2,695.94,11177,7815954.2
2025-04-17,RSDC,709.7,709.7,688,691.66,43826,30567316.1
2025-04-20,RSDC,692,694,685.2,688.7,19853,13685049.7
2025-04-21,RSDC,698,698,682.1,686.29,9284,6371540.4
2025-04-22,RSDC,688,694.9,683.2,684.75,4402,3029375.4
2025-04-23,RSDC,685,685,666,668.77,12268,8247335.8
2025-04-24,RSDC,669,681.3,667.1,668.01,3334,2232701.5
2025-04-27,RSDC,675,675,662.1,662.79,6357,4221949.9
2025-04-28,RSDC,657,669,656,663,32162,21311244.7
2025-04-29,RSDC,662,663,642.1,643.27,10645,6912047.3
2025-04-30,RSDC,653,656.1,644,649.48,14693,9545590.6
2025-05-04,RSDC,659,659,642.9,644.22,11542,7448391.7
2025-05-05,RSDC,650,665,644.2,650.06,4909,3202967.7
2025-05-06,RSDC,645,655,643.1,644.1,7185,4641930.8
2025-05-07,RSDC,656,669,645,666.72,16282,10697113.8
2025-05-08,RSDC,675,676,653.1,657.55,13704,9069093.9
2025-05-11,RSDC,657,661,647.1,650.5,10134,6605387.8
2025-05-13,RSDC,651,660,642.1,644.61,13902,9033461.9
2025-05-14,RSDC,643,648,640,644.97,7869,5073417.2
2025-05-15,RSDC,644,652.7,641.2,650.66,7731,5024022.8
2025-05-18,RSDC,650.66,685,650.66,659.99,32811,21797184.2
2025-05-19,RSDC,659.99,672.5,658,658.56,17797,11821165.7
2025-05-20,RSDC,658,675,655,670.3,10942,7308004.1
2025-05-21,RSDC,683.5,708,667.2,671.6,29988,20239276.1
2025-05-22,RSDC,680,692.5,670,686.72,30820,21107371.6
2025-05-25,RSDC,680,703.8,680,696.89,26038,18074524.8
2025-05-26,RSDC,705,711,683,684.88,29119,20137029.9
2025-05-27,RSDC,686,686,676,677.46,7180,4876901.5
2025-05-28,RSDC,666.5,683,666.5,675.53,15168,10256700.1
2025-06-02,RSDC,686,686,677.3,678.08,21185,14411043.2
2025-06-03,RSDC,678.1,678.1,664.6,665.58,17321,11545798.9
2025-06-04,RSDC,678.8,678.8,650,655.79,8697,5740101.4
2025-06-05,RSDC,646,664.9,646,650.06,21010,13719670.9
2025-06-08,RSDC,650.06,671.5,645.5,666.68,11206,7332082.1
2025-06-09,RSDC,678.3,678.3,659.2,662.54,7161,4756389
2025-06-10,RSDC,674.1,728.7,660,671.79,14843,10198007.1
2025-06-11,RSDC,679.6,679.6,658,659.18,18028,11924419
2025-06-12,RSDC,669,669,656,660.85,3887,2568750
2025-06-15,RSDC,660,665,651,653.26,6331,4144038.5
2025-06-16,RSDC,653.26,666.3,652.1,661.25,14101,9304210.4
2025-06-17,RSDC,668.9,680,661.1,665.22,33211,22192349.7
2025-06-18,RSDC,671.8,671.8,658,663.05,18782,12452067.3
2025-06-19,RSDC,656,672,653,655.35,10593,6982919.1
2025-06-22,RSDC,653,653,642.3,648.01,11428,7394876.2
2025-06-23,RSDC,644,670,638,652.95,12420,8032187.5
2025-06-24,RSDC,664,664,648,648.56,6398,4172914.3
2025-06-25,RSDC,660,660,646.8,648.36,10161,6652421.6
2025-06-26,RSDC,648.36,663,645.1,655.51,7957,5197184.9
2025-06-29,RSDC,649,665,647,663.54,7696,5057794.8
2025-06-30,RSDC,656,672.9,653,665.56,15590,10411497.5
2025-07-01,RSDC,665.56,678,660.1,670.43,19673,13196776.2
2025-07-02,RSDC,671,688,668,676.96,35343,23939086
2025-07-03,RSDC,684,688.7,671,681.61,17786,12046166.6
2025-07-06,RSDC,685,685,663,669.46,23181,15539280.4
2025-07-07,RSDC,679,679,660.6,662.01,18379,12204450.8
2025-07-08,RSDC,674,674,660,661.18,8077,5361440.2
2025-07-09,RSDC,670,671,663,664.11,9940,6604765.6
2025-07-10,RSDC,668,681,668,679.02,16044,10861180.7
2025-07-13,RSDC,692.6,713,684,695.38,43937,30613737.7
2025-07-14,RSDC,687,690,675,680.13,23980,16336927.3
2025-07-15,RSDC,685,690.9,675,689.62,12205,8348363.4
2025-07-16,RSDC,699.8,704.8,693.4,701.19,22205,15544168.9
2025-07-17,RSDC,709,715,697.9,711.27,38563,27293640
2025-07-20,RSDC,716,759,702.1,738.21,162584,120174870.4
2025-07-21,RSDC,740,802,740,795.98,237565,184974665.8
2025-07-22,RSDC,780.1,860,780.1,848.44,166112,140080718.4
2025-07-23,RSDC,860,860,800,813.64,166359,136065151.3
2025-07-24,RSDC,815,855,790,836.34,213309,173762344.2
2025-07-27,RSDC,853,880,840,843.72,193067,165685531.1
2025-07-28,RSDC,833,845,820.5,834.82,75708,62926333.1
2025-07-29,RSDC,850,860,834,846.23,107542,91243741
2025-07-30,RSDC,830,845,802,805.68,78800,64746757.4
2025-07-31,RSDC,811,820,787.2,792.23,61547,49402828.8
2025-08-03,RSDC,790,790,749,750.36,89462,68088643
2025-08-04,RSDC,743,765,735,748.67,47946,35804086.4
2025-08-05,RSDC,750,770,728,746.37,50683,37780076.2
2025-08-06,RSDC,761,761,740,743.66,33189,24879573.5
2025-08-07,RSDC,750,750,739.2,745.68,25483,19000785.5
2025-08-11,RSDC,759,759.9,728,730.91,34369,25510128.8
2025-08-12,RSDC,735,735,703,708.43,33616,24061541.9
2025-08-13,RSDC,710,715,701.1,701.59,21650,15285567.8
2025-08-14,RSDC,715,715,698,700.93,21177,14892892.9
2025-08-17,RSDC,696,704,686,689.71,23832,16567374
2025-08-18,RSDC,699,700,686.1,689.76,14557,10063605.6
2025-08-19,RSDC,690.1,702,690.1,691.52,9058,6305958.8
2025-08-20,RSDC,692,699,688,691.84,10176,7041992
2025-08-21,RSDC,689.1,694,685.1,686.3,10783,7422579.3
2025-08-24,RSDC,681,690,681,681.69,10964,7498186.2
2025-08-25,RSDC,695.3,720,690,696.13,24006,16758502.5
2025-08-26,RSDC,696.13,703,691.1,692.36,15856,11064508.5
2025-08-27,RSDC,687.1,710,687,708.62,20265,14241295.9
2025-08-28,RSDC,700.1,709,688,689.88,24325,16963304.6
2025-08-31,RSDC,689.88,689.88,676.1,678.39,12241,8343235.4
2025-09-01,RSDC,678.39,686,673,681.07,8518,5783793.2
2025-09-02,RSDC,690,690,676,677.49,8087,5490737.3
2025-09-03,RSDC,675,684,675,675.59,6242,4226698.1
2025-09-04,RSDC,676,684,673.2,681.18,20635,13965402.4
2025-09-07,RSDC,667.9,687.7,667.9,683.8,8442,5763358.1
2025-09-08,RSDC,673.3,680,670,671.72,8127,5472158.9
2025-09-18,RSDC,658.3,659,633,633,1181,754365
2025-09-21,RSDC,625,671,625,655.47,28227,18514779
2025-09-23,RSDC,650,683,650,683,35831,23995072.8
2025-09-24,RSDC,670,685,660,670,19368,12898585
2025-09-25,RSDC,660,665,652,659.9,15547,10219436.7
2025-09-28,RSDC,660,660,637.4,649,16766,10874171.7
2025-10-07,RSDC,648,648,622,629,16174,10189275.5
2025-10-08,RSDC,625,625,601,614,15532,9480989.9
2025-10-09,RSDC,626.2,651,620,634,16595,10456027.4
2025-10-12,RSDC,622,629,602.4,605,7958,4858046.2
2025-10-13,RSDC,605.1,621,600,610,10434,6378515.1
2025-10-14,RSDC,615,615,602.7,603,9235,5584580.6
2025-10-15,RSDC,615,627,598,598,8302,4998536
2025-10-16,RSDC,596,602,590,596.5,3461,2061651.5
2025-10-19,RSDC,600,604.7,593,597,4810,2882289
2025-10-26,RSDC,596,596,586,595,3386,2008266.8
2025-10-28,RSDC,606,648,595,638,12596,7880451.6
2025-10-29,RSDC,645,649.7,626,630,9290,5910961.9
2025-10-30,RSDC,635,655.9,621,650,28510,18317235
2025-11-02,RSDC,650,672,650,659,15876,10479541.2
2025-11-03,RSDC,659,659,637,641,16476,10588798.5
2025-11-04,RSDC,641,641,630,630.1,16594,10520179.8
2025-11-05,RSDC,639,639,623,629.1,4880,3061719.3
2025-11-06,RSDC,640,645,628,633.5,8234,5229322.1
2025-11-09,RSDC,633.5,633.5,615,617.4,6957,4305123.7
2025-11-10,RSDC,613.1,629,613.1,622.9,8752,5429428.4
2025-11-11,RSDC,620,625,611,619.9,8261,5074876.8
2025-11-12,RSDC,632,632,606,606,7823,4785691.4
2025-11-13,RSDC,617.8,617.8,600,607,10365,6289988.2
2025-11-16,RSDC,608.2,611,589.2,602.7,14595,8694853.8
2025-11-17,RSDC,601.1,609,601.1,608,6761,4097662.5
2025-11-18,RSDC,619,620,611,611,7279,4474949.9
2025-11-19,RSDC,598.8,620,598.8,611.4,1842,1118797.8
2025-11-20,RSDC,610,615,600,613.9,10302,6284598.6
2025-11-23,RSDC,625,645,615.3,642.9,30310,19265687.4
2025-11-24,RSDC,655.7,659.5,629.8,658,25375,16493680.3
2025-11-25,RSDC,660,660,645.1,650,12414,8069314
2025-11-26,RSDC,642,668,641,660,54476,35595335.2
2025-11-27,RSDC,660,685,660,679.9,38330,25890165.1
2025-11-30,RSDC,666.5,683,653.2,658,26104,17427512.9
2025-12-01,RSDC,655,665,650.1,659.9,12283,8104634.4
2025-12-02,RSDC,659.8,668.5,651,659,6532,4294243.4
2025-12-03,RSDC,650,670,641.1,648,11298,7361091
2025-12-07,RSDC,645,645,630,634.9,9270,5891894
2025-12-08,RSDC,647.1,660,623.2,631.9,12310,7803517.2
2025-12-09,RSDC,644,644,627,634.8,11481,7261664.9
2025-12-10,RSDC,643,643,615,634,11570,7238904.3
2025-12-11,RSDC,628,652.6,622,628,19822,12627257.5
2025-12-14,RSDC,639.9,639.9,618,628,5826,3634234.9
2025-12-15,RSDC,620,637,620,623,10005,6233804.4
2025-12-16,RSDC,620,644,620,644,7389,4691466.5
2025-12-17,RSDC,632,664,632,661,41769,27379601.6
2025-12-18,RSDC,655,668,640,647.8,14456,9390626.7
2025-12-21,RSDC,635,652,633.2,634,7961,5088028.9
2025-12-22,RSDC,626,646.5,625.3,629.9,3795,2383288.6
2025-12-23,RSDC,620.1,642.4,620.1,627.7,10742,6737857.4
2025-12-24,RSDC,617,634,617,634,7238,4548623.1
2025-12-28,RSDC,646,646,626.2,642,6208,3959135.3
2025-12-29,RSDC,631,665,631,639.7,12445,7982393
2025-12-31,RSDC,627,652,627,639.9,9739,6181185.3
2026-01-01,RSDC,630,643,630,643,12911,8166212.2
2026-01-04,RSDC,630.2,649.9,578.7,632.5,7405,4691606
2026-01-05,RSDC,632.7,643,627.2,639.8,19280,12169402.1
2026-01-06,RSDC,635,649,630,637.9,17306,10959668.1
2026-01-07,RSDC,628.2,645.2,628.2,640,10090,6444848.5
2026-01-08,RSDC,633,650,633,642,14461,9289334.8
2026-01-12,RSDC,633.1,641,631.3,635,7937,5024336.7
2026-01-13,RSDC,640,645.9,628.2,635,10951,6907230.2
2026-01-14,RSDC,626,698.5,626,639.9,7484,4766194.7
2026-01-18,RSDC,643,650,635,645,15687,10056392.4
2026-01-20,RSDC,645,665,642.3,651.9,50111,32753107.6
2026-01-21,RSDC,662,664.9,645.2,655,40590,26531248.9
2026-01-22,RSDC,650,675,650,665,47006,31177664
2026-01-25,RSDC,666,700.7,666,689,47011,32315306.3
2026-01-26,RSDC,690,695,665.2,676,40007,27077458.8
2026-01-27,RSDC,685,685,645.9,657,49033,32670043.2
2026-01-28,RSDC,643.9,672,643.9,656.4,19513,12841652.1
2026-01-29,RSDC,650.1,664,650.1,657.9,28029,18447648
2026-02-01,RSDC,646.1,662,646.1,657,15761,10360602.7
2026-02-02,RSDC,668.8,668.8,651.3,661.5,9983,6532067.3
2026-02-03,RSDC,652.1,660,652,653.1,24480,16055648.1
2026-02-04,RSDC,660,666,656.5,662,11464,7572808
2026-02-05,RSDC,665,674,652.1,670.5,16369,10857723.9
2026-02-08,RSDC,671,680,662,662,27676,18557605
2026-02-09,RSDC,662,667,656.1,658,13445,8853791.8
2026-02-10,RSDC,651,660.5,650,654,28859,18940694.5
2026-02-11,RSDC,667,667,652,656,31844,20937872.2
2026-02-12,RSDC,650.2,660,650.2,654.1,14480,9489081.8
2026-02-16,RSDC,665,665,651,651,10664,6976340.5
2026-02-17,RSDC,659,659,641,641,18647,12084108.7
2026-02-22,RSDC,653,653,630,634.4,8638,5486311.3
2026-02-23,RSDC,634.4,645,634.4,635.1,3761,2393309.6
2026-02-24,RSDC,635.1,651,628.8,651,9202,5907536.3
2026-02-25,RSDC,655,655,641,651,2196,1417561.1
2026-02-26,RSDC,664,664,641,641.1,5299,3429591.2
2026-03-01,RSDC,628.3,672,628.3,658.9,10373,6781364.8
2026-03-03,RSDC,650.1,672,650.1,670,18352,12196252.6
2026-03-09,RSDC,683.4,710,683.4,710,50,34572
2026-03-10,RSDC,724.2,724.2,680,689,57251,39740485.1
2026-03-11,RSDC,675.3,692,670.1,675.3,13826,9380144.1
2026-03-12,RSDC,666,724,662,679.9,25126,16951836
2026-03-15,RSDC,666.4,691.5,666.4,683,11614,7870832.5
2026-03-16,RSDC,673.1,682,671.2,674,18633,12573395.3
2026-03-17,RSDC,669,675,669,670,10680,7182147.2
2026-03-19,RSDC,668,688.5,668,687,36401,24776862.3
2026-03-22,RSDC,696,741.5,690,733.9,106345,77061333.5
2026-03-23,RSDC,740.1,763,740,747.5,72131,53847459.3
2026-03-24,RSDC,747.5,750,733,735,31791,23463811.4
2026-03-25,RSDC,735,735,696.8,726,75711,54296739.1
2026-03-26,RSDC,734,735,697.7,730,46327,33781189.3
2026-03-29,RSDC,732,739.9,716,728.9,63151,45848435.7
2026-03-30,RSDC,728.9,740,718,723,58607,42670908.7
2026-03-31,RSDC,723,735,707,728.5,28981,20977161.2
2026-04-01,RSDC,717.5,729,701,709,43447,30696323.2
2026-04-02,RSDC,696.1,714,690,696,23222,16276178.7
2026-04-05,RSDC,683,687,672,672,45735,31084040.4
2026-04-06,RSDC,680,699,680,693,17149,11795154.4
2026-04-07,RSDC,706.7,706.7,685,685,12369,8551206
2026-04-08,RSDC,680,707,678,702,21744,15169463.4
2026-04-09,RSDC,710,714,700.2,705,14519,10294159.5
2026-04-10,RSDC,717,717,695,703.1,7725,5437432.7
2026-04-13,RSDC,705,705,690,702,9170,6379436.4
2026-04-15,RSDC,700,715,700,713,17804,12658149.8
2026-04-16,RSDC,719,719,691,700,10367,7247877.6
2026-04-17,RSDC,689,690,675.5,688,11325,7751922.5
2026-04-20,RSDC,671,697,671,692.9,11218,7618856.8
2026-04-21,RSDC,712,712,683,684.9,8194,5611351.3
2026-04-22,RSDC,691.9,691.9,670,675,7704,5204401.9
2026-04-23,RSDC,675,685,667.2,672,4594,3088366.6
2026-04-24,RSDC,672,685,668,674,4041,2728380.7
2026-04-27,RSDC,674,679.9,670.2,679.7,3258,2202611.4
2026-04-28,RSDC,679.7,680,671.5,672.2,6138,4132078
2026-04-29,RSDC,672.2,672.2,660.1,663,3608,2397775.6
2026-04-30,RSDC,664,679,660,665,4978,3323958.2
2026-05-04,RSDC,665,665,651,651.1,6457,4249085.7
2026-05-05,RSDC,647,656.8,640,651.1,4376,2852961
2026-05-06,RSDC,651.1,660,651.1,652,2395,1565307.7
2026-05-07,RSDC,645.1,661,645.1,657.6,6834,4469721.7
2026-05-08,RSDC,676.9,676.9,655,668,1488,985997.3
2026-05-11,RSDC,680,680,671.3,675,2777,1873058.2
2026-05-12,RSDC,695,710,671.1,674,7240,4938702.5
2026-05-13,RSDC,674,675,665,666,3341,2225813
2026-05-14,RSDC,660.3,665,660,661,1974,1304383.6
2026-05-15,RSDC,680,699,661.1,661.1,779,519911.7
2026-05-18,RSDC,665,665,659.1,660.1,1849,1222022.5
2026-05-19,RSDC,660,668.9,658,662,2533,1670070
2026-05-20,RSDC,629.5,668,629.5,666,3005,1995861.2
2026-05-21,RSDC,684.9,685,659,664,3717,2458846.5
2026-05-22,RSDC,657.2,668,657,667.8,6967,4597590.6
2026-05-25,RSDC,674,681,665,681,4363,2946733.8
2026-05-26,RSDC,670,675,665,675,3200,2144658.5
2026-05-27,RSDC,675.2,676,665,665,3529,2364444.9
2026-06-01,RSDC,650.1,691,650.1,659.2,4612,3136523.1
2026-06-02,RSDC,659.2,665,659.2,665,4630,3064450.3
2026-06-03,RSDC,665,683.9,665,680,13250,8983689.7
2026-06-04,RSDC,680,685,672.2,678.6,2683,1829527.5
2026-06-05,RSDC,698,698,661.8,671,1971,1324696.8
2026-06-08,RSDC,665,670,665,665,4248,2835063.8
2026-06-09,RSDC,655.1,666.6,655.1,664,3823,2512823.6
2026-06-10,RSDC,675,675,658,665,3920,2589734.8
2026-06-11,RSDC,665,665,660,660,2556,1688417.4
2026-06-12,RSDC,660,670,655.1,657,3001,1976767
2026-06-15,RSDC,657,662.9,655.8,658.3,1459,960988.9
2026-06-16,RSDC,658.2,668,652,656,1732,1137575.1
2026-06-17,RSDC,656,675,655,655.1,2369,1560535.6
2026-06-18,RSDC,656.5,663,653.1,660,2167,1421259.2
2026-06-19,RSDC,655.3,670,655.3,658,811,533736.4
2026-06-22,RSDC,660,676.6,656,665,5137,3393209.3
2026-06-23,RSDC,651,662,651,655,1396,915422.8
2026-06-24,RSDC,655,655,645.1,652.9,8568,5560112.4
2026-06-25,RSDC,645.1,655,638,654,4402,2831694.7
2026-06-26,RSDC,655,662,640.2,640.2,5284,3392433.5
2026-06-29,RSDC,640.2,645,631.1,640,1964,1249165.4
2026-06-30,RSDC,632.4,640,632,638,4298,2721648.1
2026-07-01,RSDC,627,659,627,648,3409,2181697.9
2026-07-02,RSDC,664,664,631.3,652,2719,1734435.6
2026-07-03,RSDC,670,670,635.2,658,4700,3013947.8
2026-07-06,RSDC,670,670,635,650,3177,2033638.4
2026-07-07,RSDC,669,669,640,647,2326,1498376.9
2026-07-08,RSDC,640.5,648,631.1,645.9,3429,2184869.4
2026-07-09,RSDC,645.9,645.9,632,643,4094,2599146.3
2026-07-10,RSDC,654,654,635,643,3140,2003388.8
2026-07-13,RSDC,632.1,639,625,627,4118,2583771
2026-07-14,RSDC,620,639,610,632,3869,2419899.3
2026-07-15,RSDC,638,649,630,645.9,560,355885.7
2026-07-16,RSDC,661,661,640,649.8,841,541607.5
2026-07-17,RSDC,649.8,664.5,649.8,664,4400,2898255.1
2026-07-20,RSDC,666,674,655.9,673.9,5985,4003154.9
2026-07-21,RSDC,679,686,665,668,16999,11505256.1
2026-07-22,RSDC,672,677,663,677,6228,4153168
2026-07-23,RSDC,676,677,663,675,1340,896965
2026-07-24,RSDC,641.3,681,641.3,670.1,4871,3296498.7
2026-07-27,RSDC,668,668,641,642,6409,4192609.5
2026-07-28,RSDC,660,660,643,647.6,1371,889131.7
2026-07-29,RSDC,643.5,650.1,642.2,643,5340,3451113.7
2026-07-30,RSDC,641.2,645,637,640.1,1502,962779.7
2026-07-31,RSDC,642.1,645,638,638.2,4291,2740902.5
2026-08-03,RSDC,642,645,640.2,640.5,1446,928280.5
2026-08-04,RSDC,641,641,637,640,1859,1188110.5
2026-08-05,RSDC,640,650,637,637.1,2874,1833453.2
2026-08-06,RSDC,637.1,645,633,635,2729,1737407.5
2026-08-07,RSDC,630.1,640,630.1,638,2369,1498057.2
2026-08-10,RSDC,636,663,630,657,8214,5321329.3
2026-08-11,RSDC,669,669,640,649,4373,2820148.3
2026-08-12,RSDC,637.1,639.5,637.1,638.4,492,314050.8
2026-08-13,RSDC,655.5,655.5,634.5,645,1674,1065992.8
2026-08-14,RSDC,637.1,644,631.1,632,3919,2483122.8
2026-08-17,RSDC,640,640,627.1,632,2044,1288992.3
2026-08-18,RSDC,650,650,623,633,2101,1317397.7
2026-08-19,RSDC,630,639.9,620,628.3,2279,1427707.5
2026-08-20,RSDC,621,634.9,621,626.7,903,564499
2026-08-21,RSDC,621,634.8,621,627,2516,1574775.9
2026-08-24,RSDC,621,625,619,619.1,2462,1530844
2026-08-25,RSDC,637,637,618,619.1,1184,733324.4
2026-08-26,RSDC,611,627,610.1,613,2913,1794348.1
2026-08-27,RSDC,613,614,609.9,611.2,1229,753158.5
2026-08-31,RSDC,611,613,603.1,610,1674,1014371.2
2026-09-01,RSDC,605,620,605,614,968,592545.9
2026-09-02,RSDC,615,617,611,615,384,235240.1
2026-09-03,RSDC,615,620,612,619.9,1542,948456.6
2026-09-07,RSDC,615,636,612.3,628,5199,3249408.6
2026-09-09,RSDC,628,628,615,623,1118,689971
2026-09-10,RSDC,591.9,628,591.9,615,557,344555.4
2026-09-11,RSDC,613,629.9,613,625,2068,1280278
2026-09-14,RSDC,627,628.9,622,622,2581,1614286.2
2026-09-15,RSDC,640,653,632.5,642.9,5124,3265857.2
2026-09-16,RSDC,641.9,644,630,630,1769,1120713
2026-09-17,RSDC,640,640,628,628,2181,1380824.9
2026-09-18,RSDC,635,637,626.3,632.6,8483,5340795.5
2026-09-22,RSDC,635,645,625.1,640,6415,4071601.3
2026-09-23,RSDC,640,640,628,631,1181,745609.8
2026-09-24,RSDC,632,632.5,625,628,1356,854952.9
2026-09-28,RSDC,621.1,634.9,618,624.9,5472,3402652.8
2026-09-29,RSDC,625,628,615,615,3721,2299425.6
2026-09-30,RSDC,625,633,615,615,2963,1825694.9
2026-10-01,RSDC,612,621,612,616,2287,1408036.2
2026-10-02,RSDC,613,615.2,612,615,2772,1698761.1
2026-10-05,RSDC,610,616,608,616,1142,697582.2
2026-10-06,RSDC,615,618,613,615,5457,3355727.4
2026-10-07,RSDC,615,619,613.1,619,5634,3463577.6
2026-10-08,RSDC,619,619,609,612.1,2172,1330516.4
2026-10-09,RSDC,612.5,621,612.5,616.6,2752,1692900.2
