date,symbol,open,high,low,close,volume,turnover
2011-03-20,SCB,1779,1770,1770,1770,34,60180
2011-03-24,SCB,1785,1760,1700,1700,1140,1955010
2011-03-25,SCB,1700,1734,1676,1734,1252,2127708
2011-03-27,SCB,1734,1714,1690,1690,157,266300
2011-03-28,SCB,1690,1680,1627,1627,270,445201
2011-03-29,SCB,1627,1625,1568,1570,1150,1825717
2011-03-30,SCB,1570,1581,1521,1581,743,1142522
2011-03-31,SCB,1581,1683,1552,1622,1040,1654238
2011-04-04,SCB,1622,1645,1625,1630,504,823760
2011-04-05,SCB,1630,1626,1570,1601,969,1536818
2011-04-06,SCB,1601,1610,1585,1610,328,523980
2011-04-07,SCB,1610,1661,1630,1635,263,429585
2011-04-10,SCB,1635,1635,1620,1625,325,527750
2011-04-11,SCB,1625,1646,1605,1640,1891,3082209
2011-04-13,SCB,1640,1730,1610,1730,233,384544
2011-04-17,SCB,1730,1696,1695,1696,284,481514
2011-04-18,SCB,1696,1695,1653,1655,274,456384
2011-04-19,SCB,1655,1655,1635,1655,1588,2620830
2011-04-20,SCB,1655,1658,1610,1625,747,1214885
2011-04-21,SCB,1625,1615,1598,1600,707,1132021
2011-04-25,SCB,1600,1581,1550,1575,170,267120
2011-04-26,SCB,1575,1551,1551,1551,25,38775
2011-04-27,SCB,1551,1581,1520,1581,935,1436374
2011-04-28,SCB,1581,1555,1550,1555,467,725001
2011-05-02,SCB,1555,1580,1550,1550,856,1333545
2011-05-03,SCB,1550,1559,1539,1555,743,1149850
2011-05-04,SCB,1555,1560,1540,1540,1867,2886818
2011-05-05,SCB,1540,1555,1539,1540,1143,1761320
2011-05-08,SCB,1540,1550,1540,1544,886,1368044
2011-05-10,SCB,1544,1580,1550,1580,359,557050
2011-05-11,SCB,1580,1600,1590,1590,396,632277
2011-05-12,SCB,1590,1647,1605,1647,389,626780
2011-05-15,SCB,1647,1664,1600,1664,828,1332910
2011-05-16,SCB,1664,1677,1631,1677,442,725732
2011-05-18,SCB,1677,1683,1623,1683,1111,1827328
2011-05-19,SCB,1683,1688,1650,1683,1424,2368331
2011-05-22,SCB,1683,1715,1680,1680,208,350160
2011-05-23,SCB,1680,1690,1680,1680,795,1336860
2011-05-24,SCB,1680,1690,1662,1672,1151,1929190
2011-05-25,SCB,1672,1682,1670,1682,308,515568
2011-05-26,SCB,1682,1685,1656,1668,842,1404986
2011-05-30,SCB,1668,1662,1620,1662,1415,2312420
2011-05-31,SCB,1662,1660,1550,1600,1244,1975945
2011-06-01,SCB,1600,1632,1551,1551,388,607850
2011-06-02,SCB,1551,1586,1550,1557,1379,2143240
2011-06-05,SCB,1557,1560,1490,1560,3508,5284380
2011-06-06,SCB,1560,1541,1490,1541,1182,1772096
2011-06-07,SCB,1541,1511,1452,1474,420,619870
2011-06-08,SCB,1474,1475,1400,1400,1764,2504733
2011-06-09,SCB,1400,1428,1347,1351,2003,2730544
2011-06-12,SCB,1351,1368,1340,1368,1468,1975016
2011-06-13,SCB,1368,1356,1340,1355,1453,1956459
2011-06-14,SCB,1355,1340,1315,1334,1120,1483752
2011-06-15,SCB,1334,1315,1280,1300,1151,1488985
2011-06-16,SCB,1300,1430,1290,1430,1596,2116874
2011-06-19,SCB,1430,1573,1458,1573,2217,3342556
2011-06-21,SCB,1698,1750,1700,1750,4412,7590665
2011-06-23,SCB,1750,1801,1750,1801,6599,11685109
2011-06-26,SCB,1801,1836,1620,1620,4486,7872459
2011-06-27,SCB,1620,1588,1458,1458,1941,2883720
2011-06-29,SCB,1458,1576,1370,1570,506,729616
2011-06-30,SCB,1570,1561,1513,1560,1381,2117377
2011-07-03,SCB,1560,1559,1520,1559,573,875682
2011-07-04,SCB,1559,1570,1535,1550,1354,2100950
2011-07-05,SCB,1550,1590,1550,1580,3419,5322479
2011-07-06,SCB,1580,1620,1575,1615,1721,2728010
2011-07-07,SCB,1615,1632,1585,1600,1477,2352831
2011-07-10,SCB,1600,1650,1570,1640,1426,2293069
2011-07-11,SCB,1640,1675,1649,1649,1019,1695313
2011-07-12,SCB,1649,1720,1670,1671,1431,2410793
2011-07-13,SCB,1671,1740,1672,1700,973,1647801
2011-07-14,SCB,1700,1800,1690,1800,999,1710007
2011-07-17,SCB,1800,1980,1836,1980,655,1289391
2011-07-18,SCB,1980,2019,1800,1846,1273,2391289
2011-07-19,SCB,1846,1895,1842,1885,1716,3215121
2011-07-20,SCB,1885,1960,1880,1948,2432,4658279
2011-07-21,SCB,1948,1994,1905,1955,1729,3362006
2011-07-24,SCB,1955,1954,1820,1876,883,1645573
2011-07-25,SCB,1876,1839,1800,1809,427,776258
2011-07-26,SCB,1809,1801,1795,1800,1638,2940950
2011-07-27,SCB,1800,1876,1800,1839,854,1554951
2011-07-28,SCB,1839,1860,1815,1840,569,1047479
2011-07-31,SCB,1840,1841,1800,1832,331,601072
2011-08-01,SCB,1832,1829,1785,1825,429,770368
2011-08-02,SCB,1825,1830,1790,1830,540,970910
2011-08-03,SCB,1830,1818,1790,1800,435,782060
2011-08-04,SCB,1800,1805,1790,1796,585,1050148
2011-08-07,SCB,1796,1805,1805,1805,30,54150
2011-08-08,SCB,1805,1815,1780,1780,121,216255
2011-08-09,SCB,1780,1745,1659,1680,1468,2472270
2011-08-10,SCB,1680,1777,1690,1740,312,535688
2011-08-11,SCB,1740,1750,1695,1702,1013,1725100
2011-08-15,SCB,1702,1740,1698,1734,1356,2315385
2011-08-16,SCB,1734,1745,1734,1739,395,686285
2011-08-17,SCB,1739,1743,1665,1690,1746,2958900
2011-08-18,SCB,1690,1721,1700,1721,1061,1806235
2011-08-22,SCB,1721,1715,1680,1691,404,684757
2011-08-23,SCB,1691,1710,1691,1700,586,995942
2011-08-24,SCB,1700,1703,1671,1700,263,444554
2011-08-25,SCB,1700,1705,1700,1705,618,1050880
2011-08-28,SCB,1705,1671,1534,1550,3311,5113992
2011-08-29,SCB,1550,1611,1520,1611,687,1062307
2011-08-30,SCB,1611,1611,1568,1600,1331,2103331
2011-09-01,SCB,1600,1629,1570,1590,1761,2803447
2011-09-04,SCB,1590,1600,1570,1592,653,1031190
2011-09-05,SCB,1592,1584,1555,1555,1579,2474710
2011-09-06,SCB,1555,1549,1524,1525,1371,2098888
2011-09-07,SCB,1525,1535,1492,1510,1132,1707814
2011-09-08,SCB,1510,1505,1480,1480,670,998735
2011-09-12,SCB,1480,1484,1455,1460,724,1056377
2011-09-13,SCB,1460,1470,1440,1465,1317,1911525
2011-09-14,SCB,1465,1440,1319,1325,3561,4728155
2011-09-15,SCB,1325,1395,1340,1360,385,520891
2011-09-18,SCB,1360,1365,1328,1365,698,933195
2011-09-19,SCB,1365,1365,1365,1365,100,136500
2011-09-20,SCB,1365,1392,1360,1392,217,295804
2011-09-21,SCB,1392,1425,1400,1415,409,578972
2011-09-22,SCB,1415,1495,1430,1489,300,440399
2011-09-25,SCB,1489,1490,1470,1485,517,763900
2011-09-26,SCB,1485,1501,1488,1488,160,238210
2011-09-27,SCB,1488,1489,1480,1487,281,416255
2011-09-29,SCB,1487,1500,1489,1489,81,120729
2011-10-02,SCB,1489,1497,1488,1488,286,425871
2011-10-09,SCB,1488,1480,1480,1480,100,148000
2011-10-12,SCB,1480,1500,1480,1480,559,829910
2011-10-13,SCB,1480,1480,1480,1480,43,63640
2011-10-16,SCB,1480,1481,1480,1480,60,88830
2011-10-17,SCB,1480,1485,1452,1470,437,641124
2011-10-18,SCB,1470,1470,1445,1450,316,457824
2011-10-19,SCB,1450,1465,1435,1440,648,932858
2011-10-20,SCB,1440,1453,1430,1450,773,1111071
2011-10-23,SCB,1450,1445,1400,1415,385,544155
2011-10-24,SCB,1415,1412,1395,1406,860,1202064
2011-10-25,SCB,1406,1401,1391,1399,921,1286143
2011-10-30,SCB,1399,1400,1398,1400,381,532912
2011-10-31,SCB,1400,1400,1399,1400,803,1124100
2011-11-02,SCB,1400,1540,1428,1540,193,293445
2011-11-03,SCB,1540,1601,1510,1569,1320,2028137
2011-11-06,SCB,1569,1565,1491,1495,1381,2088302
2011-11-08,SCB,1495,1490,1470,1470,807,1191435
2011-11-09,SCB,1470,1492,1441,1469,986,1429340
2011-11-10,SCB,1469,1476,1425,1447,886,1279791
2011-11-13,SCB,1447,1428,1390,1428,2180,3062349
2011-11-14,SCB,1428,1428,1400,1400,712,998500
2011-11-15,SCB,1400,1414,1370,1371,2514,3494806
2011-11-16,SCB,1371,1352,1325,1350,1415,1893150
2011-11-17,SCB,1350,1348,1347,1347,210,282980
2011-11-20,SCB,1347,1371,1341,1371,755,1015520
2011-11-21,SCB,1371,1350,1340,1344,695,932660
2011-11-22,SCB,1344,1344,1340,1344,525,704870
2011-11-23,SCB,1344,1352,1340,1350,358,481380
2011-11-24,SCB,1350,1349,1340,1349,440,591066
2011-11-27,SCB,1349,1351,1339,1339,1269,1703861
2011-11-28,SCB,1339,1345,1340,1340,818,1096620
2011-12-01,SCB,1341,1346,1340,1346,553,741870
2011-12-04,SCB,1346,1345,1336,1340,947,1268418
2011-12-05,SCB,1340,1345,1331,1345,1078,1442634
2011-12-06,SCB,1345,1348,1339,1339,690,925260
2011-12-07,SCB,1339,1345,1338,1342,361,483788
2011-12-08,SCB,1342,1342,1323,1328,1752,2325945
2011-12-11,SCB,1328,1328,1304,1304,1841,2433280
2011-12-12,SCB,1304,1305,1290,1290,1126,1461548
2011-12-13,SCB,1290,1309,1290,1300,287,372299
2011-12-14,SCB,1300,1344,1326,1344,163,217172
2011-12-15,SCB,1344,1336,1318,1318,922,1226266
2011-12-18,SCB,1318,1305,1298,1300,159,206665
2011-12-19,SCB,1300,1326,1300,1300,322,421584
2011-12-20,SCB,1300,1320,1300,1320,1033,1343855
2011-12-21,SCB,1320,1330,1300,1300,375,490510
2011-12-22,SCB,1300,1319,1306,1306,180,236000
2011-12-26,SCB,1306,1310,1300,1306,1002,1303340
2011-12-27,SCB,1306,1315,1300,1315,1470,1916200
2011-12-28,SCB,1315,1330,1306,1330,466,613854
2011-12-29,SCB,1330,1350,1331,1340,223,298850
2012-01-01,SCB,1340,1370,1340,1355,1155,1552005
2012-01-02,SCB,1355,1400,1382,1390,455,631224
2012-01-03,SCB,1390,1427,1390,1390,1351,1891112
2012-01-04,SCB,1390,1385,1349,1375,657,894349
2012-01-05,SCB,1375,1384,1350,1384,1204,1633769
2012-01-08,SCB,1384,1360,1325,1344,2337,3124446
2012-01-09,SCB,1344,1360,1300,1334,2110,2794935
2012-01-10,SCB,1384,1375,1300,1352,1520,1995686
2012-01-11,SCB,1352,1399,1305,1399,904,1200342
2012-01-12,SCB,1399,1410,1340,1410,437,592255
2012-01-16,SCB,1410,1387,1341,1370,960,1304710
2012-01-17,SCB,1370,1397,1370,1397,100,138300
2012-01-18,SCB,1397,1370,1343,1348,212,285455
2012-01-19,SCB,1348,1374,1347,1350,375,506308
2012-01-22,SCB,1350,1350,1332,1340,1022,1369552
2012-01-23,SCB,1340,1350,1320,1330,1716,2281659
2012-01-25,SCB,1330,1345,1315,1345,637,840130
2012-01-26,SCB,1345,1330,1302,1330,1732,2269648
2012-01-29,SCB,1330,1322,1320,1322,578,763085
2012-01-31,SCB,1322,1336,1308,1336,1887,2473740
2012-02-01,SCB,1336,1325,1325,1325,36,47700
2012-02-02,SCB,1325,1325,1310,1325,643,843723
2012-02-05,SCB,1325,1338,1325,1338,75,99557
2012-02-06,SCB,1338,1344,1330,1344,379,506650
2012-02-07,SCB,1344,1345,1338,1345,420,563147
2012-02-08,SCB,1345,1345,1340,1345,200,268500
2012-02-09,SCB,1345,1344,1320,1324,1695,2245577
2012-02-12,SCB,1324,1332,1322,1332,2039,2700440
2012-02-13,SCB,1332,1344,1325,1331,575,764784
2012-02-14,SCB,1331,1336,1331,1335,571,761627
2012-02-15,SCB,1335,1350,1345,1350,61,82100
2012-02-16,SCB,1350,1345,1330,1331,5547,7449520
2012-02-21,SCB,1331,1335,1325,1333,908,1205994
2012-02-23,SCB,1333,1340,1334,1340,112,149662
2012-02-26,SCB,1340,1365,1345,1352,202,272524
2012-02-27,SCB,1352,1350,1340,1345,1113,1495287
2012-02-28,SCB,1345,1360,1350,1360,639,865866
2012-02-29,SCB,1360,1375,1360,1366,213,290680
2012-03-01,SCB,1366,1398,1368,1398,924,1267142
2012-03-04,SCB,1398,1395,1380,1384,186,257713
2012-03-05,SCB,1384,1396,1370,1370,710,975440
2012-03-06,SCB,1370,1383,1370,1383,220,302691
2012-03-11,SCB,1383,1375,1368,1375,421,576770
2012-03-12,SCB,1375,1375,1375,1375,50,68750
2012-03-13,SCB,1375,1388,1375,1380,390,537689
2012-03-14,SCB,1380,1379,1365,1379,736,1006852
2012-03-15,SCB,1379,1375,1352,1352,919,1245002
2012-03-18,SCB,1352,1372,1360,1368,603,821765
2012-03-19,SCB,1368,1375,1350,1375,220,298770
2012-03-20,SCB,1375,1375,1360,1360,323,440145
2012-03-21,SCB,1360,1387,1355,1387,639,868455
2012-03-25,SCB,1387,1380,1351,1378,858,1165093
2012-03-26,SCB,1378,1377,1340,1377,1414,1906043
2012-03-27,SCB,1377,1404,1350,1377,310,419990
2012-03-28,SCB,1377,1360,1350,1360,212,287000
2012-03-29,SCB,1360,1382,1342,1382,212,286110
2012-04-01,SCB,1382,1356,1338,1350,327,439290
2012-04-02,SCB,1350,1382,1348,1382,564,763062
2012-04-03,SCB,1382,1360,1350,1350,938,1267045
2012-04-04,SCB,1350,1377,1350,1377,951,1285860
2012-04-05,SCB,1377,1371,1345,1371,150,202510
2012-04-08,SCB,1371,1377,1365,1377,609,836457
2012-04-09,SCB,1377,1380,1375,1380,318,437970
2012-04-10,SCB,1380,1399,1388,1399,656,912973
2012-04-11,SCB,1399,1430,1400,1424,1858,2638562
2012-04-12,SCB,1424,1455,1400,1450,1560,2218306
2012-04-15,SCB,1450,1581,1479,1581,535,806420
2012-04-16,SCB,1581,1709,1612,1709,350,578650
2012-04-17,SCB,1709,1848,1585,1585,2734,4775713
2012-04-18,SCB,1585,1740,1560,1690,1282,2141875
2012-04-19,SCB,1690,1740,1660,1720,2261,3821563
2012-04-22,SCB,1720,1804,1749,1800,2364,4224210
2012-04-24,SCB,1800,1980,1836,1980,1191,2337428
2012-04-25,SCB,1980,2178,2019,2178,2301,4995030
2012-04-26,SCB,2178,2279,1968,2200,5867,12792444
2012-04-29,SCB,2200,2215,2112,2193,2982,6427606
2012-04-30,SCB,2193,2180,2035,2037,3263,6724302
2012-05-02,SCB,2037,1997,1834,1845,1101,2083991
2012-05-03,SCB,1845,1956,1881,1956,532,1029366
2012-05-07,SCB,1956,2074,1995,2074,669,1369427
2012-05-08,SCB,2074,2200,2060,2200,3667,7721003
2012-05-09,SCB,2200,2210,2061,2100,6406,13419123
2012-05-10,SCB,2100,2091,1960,2050,3831,7788179
2012-05-13,SCB,2050,2009,1900,1902,1623,3112284
2012-05-14,SCB,1902,1880,1712,1740,2897,5024698
2012-05-15,SCB,1740,1914,1774,1914,913,1741402
2012-05-16,SCB,1914,1991,1952,1991,30,59340
2012-05-17,SCB,1991,2190,2000,2050,5152,10585478
2012-05-20,SCB,2050,2025,1960,1995,1391,2769901
2012-05-21,SCB,1995,2058,2000,2010,1681,3396420
2012-05-22,SCB,2010,1999,1960,1975,1365,2692620
2012-05-23,SCB,1975,1936,1860,1863,679,1275853
2012-05-24,SCB,1863,1990,1813,1912,2004,3813980
2012-05-27,SCB,1912,2020,1915,1988,2131,4173972
2012-05-29,SCB,1988,1949,1873,1873,30,57330
2012-05-30,SCB,1873,1836,1686,1686,860,1454465
2012-05-31,SCB,1686,1685,1518,1663,2945,4769346
2012-06-03,SCB,1663,1829,1696,1829,1155,2081737
2012-06-04,SCB,1829,1816,1705,1780,1566,2779293
2012-06-05,SCB,1780,1754,1705,1730,1870,3216930
2012-06-06,SCB,1730,1730,1702,1730,1406,2402254
2012-06-07,SCB,1730,1780,1700,1740,1457,2542627
2012-06-10,SCB,1740,1706,1700,1700,259,440600
2012-06-11,SCB,1700,1768,1700,1700,1726,2953439
2012-06-12,SCB,1700,1711,1698,1710,1479,2515493
2012-06-13,SCB,1710,1740,1705,1720,316,541695
2012-06-14,SCB,1720,1728,1695,1700,1463,2488209
2012-06-17,SCB,1700,1709,1682,1709,698,1182900
2012-06-18,SCB,1709,1714,1699,1705,1101,1872510
2012-06-19,SCB,1705,1703,1691,1699,341,577455
2012-06-20,SCB,1699,1723,1685,1710,2270,3849938
2012-06-21,SCB,1710,1715,1695,1715,1687,2866226
2012-06-25,SCB,1715,1784,1696,1784,472,815013
2012-06-26,SCB,1784,1749,1716,1725,500,861085
2012-06-27,SCB,1725,1764,1728,1762,895,1558154
2012-06-28,SCB,1762,1800,1750,1760,1478,2605545
2012-07-01,SCB,1760,1775,1754,1766,469,825696
2012-07-02,SCB,1766,1765,1724,1724,961,1670785
2012-07-03,SCB,1724,1730,1697,1719,8194,13965790
2012-07-04,SCB,1719,1765,1730,1740,2013,3516602
2012-07-05,SCB,1740,1752,1712,1747,1478,2541442
2012-07-08,SCB,1747,1750,1720,1725,825,1423400
2012-07-09,SCB,1725,1770,1725,1760,601,1051524
2012-07-10,SCB,1760,1794,1781,1788,1387,2480178
2012-07-11,SCB,1788,1790,1775,1775,1039,1850681
2012-07-12,SCB,1775,1803,1767,1803,877,1554479
2012-07-15,SCB,1803,1810,1776,1799,2070,3704931
2012-07-16,SCB,1799,1788,1780,1781,293,522419
2012-07-17,SCB,1781,1790,1780,1790,436,778200
2012-07-18,SCB,1790,1800,1770,1800,1728,3087004
2012-07-19,SCB,1800,1860,1810,1810,1702,3091857
2012-07-22,SCB,1810,1856,1805,1852,1609,2960131
2012-07-23,SCB,1852,1900,1875,1881,807,1521527
2012-07-24,SCB,1881,1925,1850,1865,1380,2584585
2012-07-25,SCB,1865,1924,1878,1890,1434,2729910
2012-07-26,SCB,1890,1864,1845,1852,995,1841278
2012-07-29,SCB,1852,1854,1837,1840,589,1083183
2012-07-30,SCB,1840,1831,1831,1831,15,27465
2012-07-31,SCB,1831,1850,1825,1850,1723,3153499
2012-08-01,SCB,1850,1852,1830,1840,590,1083975
2012-08-05,SCB,1840,1860,1840,1840,891,1641118
2012-08-06,SCB,1840,1870,1855,1869,558,1040415
2012-08-07,SCB,1869,1878,1860,1872,854,1596868
2012-08-08,SCB,1872,1865,1837,1837,687,1273313
2012-08-12,SCB,1837,1836,1822,1830,2010,3674283
2012-08-13,SCB,1830,1830,1820,1830,422,768640
2012-08-14,SCB,1830,1821,1812,1820,1177,2139369
2012-08-15,SCB,1820,1790,1752,1752,726,1283060
2012-08-16,SCB,1752,1856,1745,1856,1062,1867078
2012-08-19,SCB,1856,1819,1771,1776,261,465416
2012-08-21,SCB,1776,1778,1741,1772,5003,8748346
2012-08-22,SCB,1772,1775,1756,1775,558,982875
2012-08-23,SCB,1775,1780,1765,1780,318,562701
2012-08-26,SCB,1780,1780,1745,1755,882,1548022
2012-08-27,SCB,1755,1770,1752,1761,614,1080790
2012-08-28,SCB,1761,1760,1745,1745,844,1476580
2012-08-29,SCB,1745,1779,1745,1764,823,1443395
2012-08-30,SCB,1764,1755,1740,1740,2074,3618635
2012-09-02,SCB,1740,1807,1769,1800,523,930045
2012-09-03,SCB,1800,1800,1771,1790,1330,2368230
2012-09-04,SCB,1790,1789,1755,1771,1083,1912640
2012-09-05,SCB,1771,1766,1766,1766,403,711698
2012-09-06,SCB,1766,1785,1760,1780,479,849245
2012-09-09,SCB,1780,1760,1750,1750,269,471178
2012-09-10,SCB,1750,1756,1742,1742,207,362174
2012-09-11,SCB,1742,1840,1751,1810,1956,3511568
2012-09-12,SCB,1810,1846,1790,1800,998,1797444
2012-09-13,SCB,1800,1850,1800,1829,5011,9173885
2012-09-16,SCB,1829,1840,1818,1840,1321,2412425
2012-09-17,SCB,1840,1835,1804,1807,694,1263017
2012-09-18,SCB,1807,1825,1800,1809,1930,3486519
2012-09-19,SCB,1809,1800,1790,1790,347,622060
2012-09-20,SCB,1790,1790,1740,1764,1235,2173075
2012-09-23,SCB,1764,1762,1730,1745,647,1127230
2012-09-24,SCB,1745,1735,1711,1711,965,1656160
2012-09-25,SCB,1711,1710,1677,1710,1068,1809130
2012-09-26,SCB,1710,1719,1706,1706,1075,1841684
2012-09-30,SCB,1715,1725,1700,1703,1021,1736778
2012-10-01,SCB,1703,1732,1700,1705,1538,2621166
2012-10-02,SCB,1705,1720,1705,1710,440,752393
2012-10-03,SCB,1710,1716,1690,1708,1259,2143051
2012-10-04,SCB,1708,1713,1700,1700,1129,1926129
2012-10-07,SCB,1700,1749,1700,1749,212,363554
2012-10-08,SCB,1749,1751,1718,1740,816,1412045
2012-10-09,SCB,1740,1721,1715,1718,600,1030400
2012-10-10,SCB,1718,1740,1715,1724,430,741990
2012-10-11,SCB,1724,1725,1721,1725,262,451902
2012-10-14,SCB,1725,1735,1720,1735,354,611390
2012-10-15,SCB,1735,1755,1750,1755,82,143660
2012-10-17,SCB,1755,1789,1760,1789,169,299040
2012-10-18,SCB,1789,1770,1755,1770,270,474375
2012-10-30,SCB,1770,1830,1785,1816,758,1374407
2012-10-31,SCB,1816,1850,1824,1841,1542,2831662
2012-11-01,SCB,1841,1831,1812,1820,454,826697
2012-11-04,SCB,1820,1871,1820,1865,2766,5089373
2012-11-05,SCB,1865,1915,1870,1904,3766,7161764
2012-11-06,SCB,1904,2000,1940,2000,2606,5118112
2012-11-07,SCB,2000,2130,2014,2130,4941,10271503
2012-11-08,SCB,2130,2190,2075,2180,7281,15527358
2012-11-11,SCB,2180,2000,1910,1930,2126,4112364
2012-11-12,SCB,1930,1967,1930,1950,1499,2913462
2012-11-18,SCB,1950,2023,1975,2023,1513,3032470
2012-11-20,SCB,2023,2090,2040,2040,1985,4136422
2012-11-21,SCB,2040,2050,2010,2018,2606,5279213
2012-11-22,SCB,2018,2015,1948,2008,968,1928299
2012-11-25,SCB,2008,2021,1970,2003,1006,2011678
2012-11-26,SCB,2003,1975,1960,1972,1194,2346621
2012-11-27,SCB,1972,1978,1935,1978,161,312258
2012-11-28,SCB,1978,1980,1900,1930,818,1570674
2012-11-29,SCB,1930,1912,1900,1910,709,1349964
2012-12-02,SCB,1910,1905,1900,1905,404,768425
2012-12-03,SCB,1905,1925,1895,1925,686,1312077
2012-12-04,SCB,1925,1952,1915,1930,430,826298
2012-12-05,SCB,1930,1994,1968,1994,3804,7520787
2012-12-06,SCB,1994,1993,1955,1980,1461,2876520
2012-12-09,SCB,1980,1950,1915,1945,980,1894125
2012-12-10,SCB,1945,1945,1945,1945,35,68075
2012-12-11,SCB,1945,1958,1935,1950,495,961315
2012-12-12,SCB,1950,1962,1945,1952,1472,2873577
2012-12-13,SCB,1952,1978,1921,1978,125,242120
2012-12-16,SCB,1978,2109,1990,2045,3502,7094016
2012-12-17,SCB,2045,2099,2059,2065,2031,4209024
2012-12-18,SCB,2065,2050,2000,2024,674,1356360
2012-12-19,SCB,2024,2049,1985,2030,1741,3514935
2012-12-20,SCB,2030,2050,2000,2000,1495,3018813
2012-12-23,SCB,2000,2050,2000,2014,3097,6266531
2012-12-24,SCB,2014,2100,2000,2020,2275,4654709
2012-12-26,SCB,2020,2120,2035,2120,5188,10718379
2012-12-27,SCB,2120,2141,2100,2130,5832,12337105
2012-12-31,SCB,2130,2145,2061,2115,2438,5115600
2013-01-01,SCB,2115,2151,2095,2105,1609,3426519
2013-01-02,SCB,2105,2120,2000,2081,3375,6974704
2013-01-03,SCB,2081,2110,2085,2101,896,1878701
2013-01-06,SCB,2101,2100,2059,2084,1233,2559324
2013-01-07,SCB,2084,2092,2054,2056,772,1592112
2013-01-08,SCB,2056,2050,2039,2050,116,237624
2013-01-09,SCB,2050,2090,2050,2050,410,853990
2013-01-10,SCB,2050,2049,2000,2049,2181,4429471
2013-01-13,SCB,2049,2065,2020,2065,781,1587615
2013-01-15,SCB,2065,2053,2004,2053,1500,3039678
2013-01-16,SCB,2053,2084,2018,2040,1802,3699311
2013-01-17,SCB,2040,2019,2000,2005,2209,4435050
2013-01-20,SCB,2005,2000,1900,1919,1440,2769924
2013-01-21,SCB,1919,1957,1919,1950,368,717517
2013-01-22,SCB,1950,1995,1930,1968,3946,7649683
2013-01-23,SCB,1968,1975,1955,1955,357,699399
2013-01-24,SCB,1955,1970,1940,1945,962,1869960
2013-01-27,SCB,1945,1980,1920,1980,804,1572062
2013-01-28,SCB,1980,1980,1970,1980,1965,3889630
2013-01-30,SCB,1980,2019,1960,1979,2329,4578237
2013-01-31,SCB,1979,1970,1940,1970,3532,6857550
2013-02-03,SCB,1970,1979,1939,1979,1269,2465990
2013-02-04,SCB,1979,1955,1940,1950,1222,2377582
2013-02-05,SCB,1950,1956,1940,1956,850,1651842
2013-02-06,SCB,1956,1950,1940,1940,681,1322431
2013-02-07,SCB,1940,1940,1939,1939,125,242400
2013-02-10,SCB,1939,1950,1890,1905,1156,2213376
2013-02-12,SCB,1905,1982,1910,1960,3167,6144928
2013-02-13,SCB,1960,1940,1920,1930,1320,2545698
2013-02-14,SCB,1930,1954,1930,1952,2081,4046193
2013-02-17,SCB,1952,2030,1991,2030,27,54420
2013-02-19,SCB,2030,2075,2000,2003,3862,7786521
2013-02-20,SCB,2003,1966,1930,1940,1564,3057062
2013-02-21,SCB,1940,1989,1950,1987,1383,2713472
2013-02-24,SCB,1987,1950,1945,1948,582,1133978
2013-02-25,SCB,1948,2005,1931,1969,1820,3580729
2013-02-26,SCB,1969,2008,1961,1961,1634,3230808
2013-02-27,SCB,1961,1950,1920,1930,1352,2616883
2013-02-28,SCB,1930,1940,1915,1938,1573,3036505
2013-03-04,SCB,1925,1941,1911,1930,843,1626089
2013-03-05,SCB,1930,1935,1910,1919,964,1848740
2013-03-06,SCB,1919,1930,1900,1910,947,1807254
2013-03-07,SCB,1910,1915,1905,1909,1038,1981527
2013-03-11,SCB,1909,1935,1906,1925,1470,2820937
2013-03-13,SCB,1925,1948,1910,1923,994,1911513
2013-03-14,SCB,1923,1961,1900,1905,2155,4134964
2013-03-17,SCB,1905,1910,1900,1907,796,1517429
2013-03-18,SCB,1907,1905,1870,1890,930,1755250
2013-03-19,SCB,1890,1900,1850,1885,1542,2888374
2013-03-20,SCB,1885,1885,1846,1853,2114,3932754
2013-03-21,SCB,1853,1888,1850,1865,436,809665
2013-03-24,SCB,1865,1870,1830,1870,1042,1916801
2013-03-25,SCB,1870,1859,1820,1859,1410,2576966
2013-03-27,SCB,1859,1859,1822,1837,1131,2068306
2013-03-28,SCB,1837,1869,1800,1869,2312,4182550
2013-03-31,SCB,1869,1880,1795,1830,534,972234
2013-04-01,SCB,1830,1830,1794,1830,1718,3097787
2013-04-02,SCB,1830,1845,1805,1845,1193,2182352
2013-04-03,SCB,1845,1881,1834,1855,441,811030
2013-04-04,SCB,1855,1837,1800,1805,1690,3052256
2013-04-07,SCB,1805,1810,1800,1810,85,153500
2013-04-08,SCB,1810,1820,1802,1815,734,1328302
2013-04-09,SCB,1815,1830,1805,1806,1788,3239991
2013-04-11,SCB,1806,1877,1820,1877,917,1677357
2013-04-15,SCB,1877,1914,1839,1839,114,213689
2013-04-16,SCB,1839,1830,1808,1828,1489,2709473
2013-04-17,SCB,1828,1834,1818,1818,1943,3537354
2013-04-18,SCB,1818,1821,1809,1820,2177,3943456
2013-04-21,SCB,1820,1820,1790,1805,1175,2119688
2013-04-22,SCB,1805,1810,1772,1804,3113,5561485
2013-04-23,SCB,1804,1841,1805,1825,769,1403152
2013-04-25,SCB,1825,1825,1800,1800,5900,10625372
2013-04-28,SCB,1800,1815,1800,1800,1284,2324098
2013-04-29,SCB,1800,1825,1800,1815,1608,2912202
2013-04-30,SCB,1815,1825,1809,1825,1681,3053922
2013-05-02,SCB,1825,1810,1790,1800,1892,3409940
2013-05-05,SCB,1800,1809,1760,1770,1280,2280107
2013-05-06,SCB,1770,1750,1721,1725,921,1593273
2013-05-07,SCB,1725,1750,1705,1732,1748,3011879
2013-05-08,SCB,1732,1730,1725,1730,139,240350
2013-05-09,SCB,1730,1760,1730,1760,384,673800
2013-05-12,SCB,1760,1760,1727,1760,1687,2950542
2013-05-13,SCB,1760,1770,1730,1745,775,1351194
2013-05-14,SCB,1745,1750,1745,1750,812,1417522
2013-05-15,SCB,1750,1775,1740,1747,194,339863
2013-05-16,SCB,1747,1775,1745,1755,309,542077
2013-05-19,SCB,1755,1785,1765,1785,3226,5730681
2013-05-20,SCB,1785,1830,1765,1815,4646,8380432
2013-05-21,SCB,1815,1839,1800,1824,1410,2554482
2013-05-22,SCB,1824,1815,1800,1815,1776,3206575
2013-05-23,SCB,1815,1805,1790,1800,1260,2269105
2013-05-26,SCB,1800,1813,1800,1813,1127,2030856
2013-05-27,SCB,1813,1819,1810,1810,6450,11675098
2013-05-28,SCB,1810,1820,1810,1810,513,929777
2013-05-30,SCB,1810,1808,1780,1800,1723,3078208
2013-06-02,SCB,1800,1802,1800,1800,2532,4558105
2013-06-03,SCB,1800,1815,1800,1815,224,404310
2013-06-04,SCB,1815,1800,1800,1800,788,1418400
2013-06-05,SCB,1800,1801,1780,1800,887,1585760
2013-06-06,SCB,1800,1810,1780,1810,3034,5458361
2013-06-09,SCB,1810,1818,1804,1818,524,946438
2013-06-10,SCB,1818,1814,1800,1801,353,636755
2013-06-11,SCB,1801,1814,1800,1806,189,341566
2013-06-12,SCB,1806,1809,1800,1809,945,1702992
2013-06-13,SCB,1809,1810,1800,1801,678,1222828
2013-06-16,SCB,1801,1810,1800,1800,2606,4691854
2013-06-17,SCB,1800,1801,1799,1801,681,1225664
2013-06-18,SCB,1801,1872,1800,1810,6546,12032310
2013-06-19,SCB,1810,1820,1800,1800,257,463005
2013-06-20,SCB,1800,1808,1789,1802,2427,4359933
2013-06-23,SCB,1802,1812,1800,1800,691,1245791
2013-06-24,SCB,1800,1811,1801,1811,198,357149
2013-06-25,SCB,1811,1836,1805,1810,1303,2359447
2013-06-26,SCB,1810,1830,1810,1820,603,1096674
2013-06-27,SCB,1820,1810,1805,1810,207,374295
2013-06-30,SCB,1810,1804,1800,1801,592,1066120
2013-07-01,SCB,1801,1825,1771,1825,260,466898
2013-07-02,SCB,1825,1826,1800,1826,277,499354
2013-07-03,SCB,1826,1809,1800,1803,255,459380
2013-07-04,SCB,1803,1805,1790,1795,2311,4154136
2013-07-07,SCB,1795,1806,1799,1801,2293,4129544
2013-07-08,SCB,1801,1804,1780,1800,1477,2654887
2013-07-09,SCB,1800,1815,1800,1805,2812,5069348
2013-07-10,SCB,1805,1825,1800,1817,1529,2768962
2013-07-11,SCB,1817,1850,1800,1850,2227,4013066
2013-07-14,SCB,1850,1829,1813,1823,973,1771921
2013-07-15,SCB,1823,1837,1820,1820,276,503228
2013-07-16,SCB,1820,1825,1819,1825,329,599590
2013-07-17,SCB,1825,1825,1825,1825,30,54750
2013-07-18,SCB,1825,1854,1815,1850,1496,2744572
2013-07-21,SCB,1850,1936,1850,1929,4022,7665530
2013-07-22,SCB,1929,1979,1930,1955,2037,3966485
2013-07-23,SCB,1955,1955,1933,1955,777,1510403
2013-07-24,SCB,1955,1949,1930,1940,353,684436
2013-07-25,SCB,1940,1935,1930,1930,1035,2000007
2013-07-28,SCB,1930,1940,1920,1940,337,651537
2013-07-29,SCB,1940,1952,1930,1949,563,1096517
2013-07-30,SCB,1949,1960,1945,1959,803,1569658
2013-07-31,SCB,1959,1960,1930,1940,3674,7146365
2013-08-01,SCB,1940,1962,1915,1927,2240,4334065
2013-08-04,SCB,1927,1960,1905,1905,3867,7480077
2013-08-05,SCB,1905,1916,1910,1912,706,1349218
2013-08-06,SCB,1912,1929,1900,1900,2640,5027589
2013-08-07,SCB,1900,1920,1915,1920,257,492495
2013-08-08,SCB,1920,1935,1900,1900,741,1417980
2013-08-11,SCB,1900,1900,1875,1875,1909,3597073
2013-08-12,SCB,1875,1905,1865,1875,995,1866730
2013-08-13,SCB,1875,1901,1870,1870,609,1142235
2013-08-14,SCB,1870,1900,1850,1850,1534,2853715
2013-08-15,SCB,1850,1870,1825,1840,557,1020085
2013-08-18,SCB,1840,1845,1800,1835,596,1087765
2013-08-19,SCB,1835,1840,1821,1840,1211,2217370
2013-08-20,SCB,1840,1850,1830,1835,1024,1878020
2013-08-25,SCB,1835,1870,1815,1840,737,1346738
2013-08-26,SCB,1840,1850,1825,1825,839,1541025
2013-08-27,SCB,1825,1845,1820,1835,932,1707115
2013-08-29,SCB,1835,1861,1826,1826,1022,1875517
2013-09-01,SCB,1826,1845,1825,1840,1952,3583449
2013-09-02,SCB,1840,1848,1827,1840,884,1618875
2013-09-03,SCB,1840,1848,1820,1835,1193,2179253
2013-09-04,SCB,1835,1835,1830,1830,1308,2396293
2013-09-05,SCB,1830,1830,1820,1830,1006,1837625
2013-09-08,SCB,1830,1900,1805,1890,1646,3070772
2013-09-09,SCB,1890,1890,1870,1870,1079,2020960
2013-09-10,SCB,1870,1870,1840,1840,532,985090
2013-09-11,SCB,1840,1850,1840,1849,543,1002282
2013-09-12,SCB,1849,1853,1835,1835,679,1249319
2013-09-15,SCB,1835,1860,1815,1835,1875,3435166
2013-09-16,SCB,1835,1850,1810,1844,855,1560416
2013-09-17,SCB,1844,1840,1805,1830,1398,2535731
2013-09-19,SCB,1830,1825,1765,1795,1129,2012653
2013-09-22,SCB,1795,1800,1740,1740,1398,2460688
2013-09-23,SCB,1740,1730,1710,1715,1020,1752519
2013-09-24,SCB,1715,1740,1700,1735,1439,2465236
2013-09-25,SCB,1735,1736,1710,1715,1127,1936136
2013-09-26,SCB,1715,1737,1720,1722,615,1061986
2013-09-29,SCB,1722,1722,1690,1695,1313,2229323
2013-09-30,SCB,1695,1700,1666,1666,1172,1969529
2013-10-01,SCB,1666,1716,1640,1682,532,883590
2013-10-02,SCB,1682,1715,1682,1695,861,1461237
2013-10-03,SCB,1695,1717,1675,1681,3047,5117485
2013-10-06,SCB,1681,1700,1670,1695,2553,4313685
2013-10-07,SCB,1695,1713,1700,1700,2103,3584435
2013-10-08,SCB,1700,1725,1720,1725,207,356170
2013-10-09,SCB,1725,1759,1710,1759,1127,1934090
2013-10-10,SCB,1759,1793,1760,1760,124,218890
2013-10-17,SCB,1760,1780,1760,1780,220,389580
2013-10-20,SCB,1779,1802,1750,1800,2441,4384842
2013-10-21,SCB,1800,1860,1801,1815,974,1788916
2013-10-22,SCB,1815,1810,1800,1805,489,882200
2013-10-23,SCB,1805,1820,1800,1800,506,911471
2013-10-24,SCB,1800,1804,1755,1790,1741,3095740
2013-10-27,SCB,1790,1841,1783,1841,3949,7086887
2013-10-28,SCB,1830,1805,1790,1795,1409,2533980
2013-10-29,SCB,1795,1820,1790,1790,5768,10365967
2013-10-30,SCB,1627,1667,1650,1650,454,753305
2013-10-31,SCB,1650,1670,1626,1627,532,868412
2013-11-06,SCB,1627,1620,1617,1620,64,103542
2013-11-07,SCB,1620,1630,1614,1625,1263,2046678
2013-11-10,SCB,1625,1630,1601,1630,606,979907
2013-11-11,SCB,1630,1690,1650,1661,479,795667
2013-11-12,SCB,1661,1708,1670,1670,2026,3431509
2013-11-13,SCB,1670,1700,1680,1699,576,974148
2013-11-14,SCB,1699,1675,1666,1668,896,1495235
2013-11-21,SCB,1668,1800,1701,1800,113,199543
2013-11-24,SCB,1800,1980,1836,1900,2886,5522144
2013-11-25,SCB,1900,1910,1865,1899,2385,4522706
2013-11-26,SCB,1899,1900,1870,1900,997,1873959
2013-11-27,SCB,1900,1870,1850,1870,356,663056
2013-11-28,SCB,1870,1851,1815,1815,221,405255
2013-12-01,SCB,1815,1849,1811,1820,907,1661865
2013-12-02,SCB,1820,1800,1771,1800,779,1396307
2013-12-03,SCB,1800,1800,1780,1790,1379,2471008
2013-12-04,SCB,1790,1900,1820,1866,3025,5670536
2013-12-05,SCB,1866,1976,1880,1900,4207,8084726
2013-12-08,SCB,1900,1899,1880,1880,2551,4818011
2013-12-09,SCB,1880,1880,1865,1880,966,1806220
2013-12-10,SCB,1880,1880,1855,1875,2048,3820231
2013-12-11,SCB,1875,1912,1870,1899,2848,5396958
2013-12-12,SCB,1899,1909,1885,1902,1413,2684328
2013-12-15,SCB,1902,1920,1881,1920,6108,11610234
2013-12-16,SCB,1920,2009,1925,2001,1960,3891743
2013-12-18,SCB,2001,2168,1970,2168,1944,3965777
2013-12-19,SCB,2168,2175,2020,2122,6130,12889645
2013-12-22,SCB,2120,2115,2080,2086,3539,7414405
2013-12-23,SCB,2080,2040,2000,2005,1939,3901155
2013-12-24,SCB,2005,2084,1995,2030,3821,7700215
2013-12-26,SCB,2030,2130,2070,2102,5123,10739014
2013-12-29,SCB,2102,2090,2025,2075,1558,3209118
2013-12-31,SCB,2075,2090,2015,2025,1706,3490247
2014-01-01,SCB,2025,2020,1970,1970,930,1856931
2014-01-02,SCB,1970,2015,1950,2015,2139,4193778
2014-01-05,SCB,2015,2015,2000,2000,750,1502954
2014-01-06,SCB,2000,2003,1995,1996,907,1813229
2014-01-07,SCB,1996,2000,1960,1990,1438,2845595
2014-01-08,SCB,1990,2020,2000,2000,1334,2671921
2014-01-09,SCB,2000,2015,1980,1990,559,1114751
2014-01-12,SCB,1990,2010,1975,2001,385,767654
2014-01-13,SCB,2001,2012,1960,1960,793,1565442
2014-01-14,SCB,1960,1961,1950,1951,1036,2022825
2014-01-16,SCB,1951,1980,1950,1954,3531,6922744
2014-01-19,SCB,1954,1990,1957,1975,2359,4650565
2014-01-20,SCB,1975,1975,1950,1950,3366,6632465
2014-01-21,SCB,1950,1975,1950,1955,4879,9574401
2014-01-22,SCB,1955,1955,1940,1953,3884,7561336
2014-01-23,SCB,1953,2004,1950,1990,4782,9338983
2014-01-26,SCB,1990,1970,1952,1954,2139,4184665
2014-01-27,SCB,1954,1970,1950,1952,2652,5176824
2014-01-28,SCB,1952,1960,1950,1950,2009,3920051
2014-01-29,SCB,1950,1960,1950,1956,1848,3607116
2014-02-02,SCB,1956,1961,1950,1950,3499,6823851
2014-02-03,SCB,1950,1945,1902,1907,3440,6617611
2014-02-04,SCB,1907,1941,1890,1941,709,1346249
2014-02-06,SCB,1940,1976,1940,1941,1074,2095516
2014-02-09,SCB,1941,1945,1930,1930,2441,4717067
2014-02-10,SCB,1930,2020,1962,1975,1547,3069129
2014-02-11,SCB,1975,1980,1940,1960,3381,6612362
2014-02-12,SCB,1960,1955,1940,1940,1394,2708005
2014-02-13,SCB,1940,1958,1930,1950,1134,2202384
2014-02-16,SCB,1950,1930,1892,1929,916,1746645
2014-02-17,SCB,1929,1955,1929,1935,2018,3902326
2014-02-18,SCB,1935,1955,1932,1951,2771,5385637
2014-02-20,SCB,1951,1950,1912,1925,661,1277185
2014-02-23,SCB,1925,1968,1930,1932,2299,4444463
2014-02-24,SCB,1932,1951,1930,1930,8412,16266364
2014-02-25,SCB,1930,1945,1930,1940,1743,3378650
2014-02-26,SCB,1940,1960,1915,1919,1191,2291857
2014-03-03,SCB,1919,1946,1896,1900,2073,3948537
2014-03-04,SCB,1900,1900,1833,1850,957,1781497
2014-03-05,SCB,1850,1892,1800,1865,4205,7672985
2014-03-06,SCB,1865,1875,1835,1865,1268,2333731
2014-03-09,SCB,1860,1865,1835,1846,748,1378614
2014-03-10,SCB,1846,1822,1800,1822,946,1713866
2014-03-11,SCB,1822,1829,1805,1810,1726,3131111
2014-03-12,SCB,1810,1810,1781,1781,1677,3014787
2014-03-17,SCB,1795,1785,1745,1750,461,810090
2014-03-18,SCB,1750,1725,1692,1692,1252,2130059
2014-03-19,SCB,1692,1735,1715,1735,196,338160
2014-03-20,SCB,1735,1790,1740,1790,361,633408
2014-03-23,SCB,1790,1800,1760,1800,644,1143530
2014-03-24,SCB,1800,1800,1790,1791,404,723517
2014-03-25,SCB,1791,1800,1777,1791,694,1243448
2014-03-26,SCB,1791,1795,1745,1760,1425,2530265
2014-03-27,SCB,1760,1795,1740,1760,1289,2259969
2014-03-31,SCB,1760,1764,1750,1760,1918,3362852
2014-04-01,SCB,1760,1775,1750,1775,1933,3396436
2014-04-02,SCB,1775,1780,1755,1780,1206,2136622
2014-04-03,SCB,1780,1786,1770,1771,2291,4067950
2014-04-06,SCB,1771,1771,1740,1750,1479,2588910
2014-04-07,SCB,1750,1755,1722,1743,2041,3528480
2014-04-09,SCB,1743,1748,1740,1748,1625,2830311
2014-04-10,SCB,1748,1801,1740,1800,4479,7849164
2014-04-13,SCB,1800,1824,1800,1818,1821,3298672
2014-04-15,SCB,1818,1830,1800,1805,1755,3188835
2014-04-16,SCB,1805,1790,1780,1780,956,1707284
2014-04-17,SCB,1780,1775,1755,1758,1920,3378948
2014-04-20,SCB,1758,1775,1760,1775,523,925180
2014-04-21,SCB,1775,1795,1750,1795,2658,4693173
2014-04-22,SCB,1795,1810,1780,1795,716,1283615
2014-04-23,SCB,1795,1815,1795,1805,1531,2763493
2014-04-27,SCB,1805,1800,1780,1795,944,1691543
2014-04-28,SCB,1795,1794,1750,1750,965,1704090
2014-04-29,SCB,1750,1775,1743,1751,1148,2006038
2014-04-30,SCB,1751,1820,1785,1799,549,988647
2014-05-04,SCB,1799,1800,1795,1795,65,116925
2014-05-05,SCB,1795,1800,1799,1800,609,1096152
2014-05-06,SCB,1800,1850,1810,1821,2229,4065889
2014-05-07,SCB,1821,1850,1800,1813,2990,5425407
2014-05-08,SCB,1813,1815,1777,1810,2110,3772143
2014-05-11,SCB,1810,1845,1790,1804,2179,3940421
2014-05-12,SCB,1804,1810,1775,1775,702,1253420
2014-05-13,SCB,1775,1800,1760,1799,5902,10585105
2014-05-15,SCB,1799,1810,1790,1797,2565,4611578
2014-05-18,SCB,1797,1805,1791,1799,1368,2459904
2014-05-19,SCB,1799,1799,1760,1772,787,1401769
2014-05-20,SCB,1772,1786,1760,1783,638,1133556
2014-05-21,SCB,1783,1775,1760,1770,1439,2544577
2014-05-22,SCB,1770,1775,1760,1775,2100,3705290
2014-05-25,SCB,1775,1810,1774,1800,2835,5051091
2014-05-26,SCB,1800,1808,1796,1804,1223,2201964
2014-05-27,SCB,1804,1800,1765,1765,1764,3142759
2014-05-28,SCB,1765,1790,1764,1790,1157,2059875
2014-06-01,SCB,1790,1805,1780,1790,1757,3153451
2014-06-02,SCB,1790,1841,1800,1833,4299,7799360
2014-06-03,SCB,1833,1897,1830,1880,3834,7118663
2014-06-04,SCB,1880,1901,1865,1901,2009,3785557
2014-06-05,SCB,1901,1924,1900,1924,3451,6582563
2014-06-08,SCB,1924,1999,1910,1975,11030,21624386
2014-06-09,SCB,1975,2014,1975,1990,6062,12066255
2014-06-10,SCB,1990,2009,1990,1995,6384,12764076
2014-06-11,SCB,1995,2022,1995,1995,7147,14341197
2014-06-12,SCB,1995,2160,2009,2160,12425,25440594
2014-06-15,SCB,2160,2376,2200,2376,13313,31358468
2014-06-16,SCB,2376,2598,2400,2598,24239,60486364
2014-06-17,SCB,2598,2600,2410,2480,20095,49801512
2014-06-18,SCB,2480,2525,2431,2431,8749,21637630
2014-06-19,SCB,2431,2448,2385,2448,10783,25897108
2014-06-23,SCB,2448,2450,2355,2379,1753,4190673
2014-06-24,SCB,2379,2462,2350,2415,4177,10038325
2014-06-25,SCB,2415,2465,2400,2465,7769,18960676
2014-06-26,SCB,2465,2500,2432,2500,6189,15309988
2014-06-29,SCB,2500,2510,2492,2492,4945,12358474
2014-06-30,SCB,2492,2500,2477,2498,1613,4014209
2014-07-01,SCB,2498,2500,2460,2460,1508,3739326
2014-07-02,SCB,2460,2500,2465,2490,2203,5451322
2014-07-03,SCB,2490,2498,2445,2488,2875,7111405
2014-07-06,SCB,2488,2510,2470,2488,3076,7639148
2014-07-07,SCB,2488,2510,2480,2490,4362,10886974
2014-07-08,SCB,2490,2560,2500,2535,5018,12636002
2014-07-09,SCB,2535,2675,2550,2651,4933,12783626
2014-07-10,SCB,2651,2735,2611,2735,8791,23589750
2014-07-13,SCB,2735,2900,2700,2770,11426,31699008
2014-07-14,SCB,2770,2795,2710,2791,4243,11684589
2014-07-15,SCB,2791,2799,2765,2775,5364,14889155
2014-07-16,SCB,2775,2830,2750,2799,8189,22920680
2014-07-17,SCB,2799,2917,2790,2917,7689,21864598
2014-07-20,SCB,2917,3094,2950,3023,8254,24764936
2014-07-21,SCB,3023,3010,2948,2995,6358,19003688
2014-07-22,SCB,2995,2999,2921,2970,6116,18148886
2014-07-23,SCB,2970,3000,2961,2980,2944,8762556
2014-07-24,SCB,2980,2980,2890,2950,2417,7087755
2014-07-27,SCB,2950,2980,2910,2920,901,2631399
2014-07-28,SCB,2920,2900,2840,2865,1007,2872110
2014-07-30,SCB,2865,2875,2820,2830,1254,3574092
2014-07-31,SCB,2830,2828,2790,2800,4553,12783336
2014-08-03,SCB,2800,2805,2732,2732,3795,10488405
2014-08-04,SCB,2732,2750,2700,2700,5731,15579942
2014-08-05,SCB,2700,2775,2700,2705,2009,5505927
2014-08-06,SCB,2705,2725,2690,2725,1651,4465311
2014-08-07,SCB,2725,2700,2652,2696,3139,8427639
2014-08-12,SCB,2696,2715,2620,2630,1616,4286321
2014-08-13,SCB,2630,2681,2510,2600,5041,13043258
2014-08-14,SCB,2600,2701,2650,2701,1253,3338016
2014-08-18,SCB,2701,2710,2600,2610,2739,7297826
2014-08-19,SCB,2610,2650,2580,2591,2723,7093709
2014-08-20,SCB,2591,2605,2499,2520,3451,8780851
2014-08-21,SCB,2520,2715,2400,2715,2841,6979524
2014-08-24,SCB,2715,2700,2550,2554,3977,10367680
2014-08-25,SCB,2554,2604,2400,2448,3606,8912451
2014-08-26,SCB,2448,2488,2290,2298,6046,14466709
2014-08-27,SCB,2298,2430,2343,2410,2923,6994826
2014-08-28,SCB,2410,2500,2445,2500,3818,9429879
2014-08-31,SCB,2500,2550,2400,2430,4936,12131375
2014-09-01,SCB,2430,2435,2188,2330,3059,7139040
2014-09-03,SCB,2330,2420,2330,2335,2862,6738219
2014-09-04,SCB,2335,2330,2260,2300,1775,4063044
2014-09-07,SCB,2300,2260,2120,2120,1372,2996211
2014-09-09,SCB,2120,2299,2100,2299,2873,6294876
2014-09-10,SCB,2299,2380,2250,2255,4411,10156813
2014-09-11,SCB,2255,2285,2212,2285,2674,5982765
2014-09-14,SCB,2285,2255,2210,2221,2372,5281497
2014-09-15,SCB,2221,2340,2250,2251,4385,10004164
2014-09-16,SCB,2251,2295,2240,2295,2790,6301489
2014-09-17,SCB,2295,2300,2260,2280,2396,5467753
2014-09-18,SCB,2280,2279,2235,2270,399,900387
2014-09-21,SCB,2270,2230,2150,2210,946,2067978
2014-09-22,SCB,2210,2210,2151,2160,623,1348191
2014-09-23,SCB,2160,2230,2185,2205,1236,2721542
2014-09-24,SCB,2205,2293,2205,2290,1237,2791045
2014-09-28,SCB,2290,2250,2061,2061,2685,5539546
2014-09-29,SCB,2061,2100,2000,2099,5523,11251295
2014-09-30,SCB,2099,2140,2090,2095,3329,7015416
2014-10-08,SCB,2095,2100,2055,2090,583,1206078
2014-10-09,SCB,2090,2114,2070,2114,740,1542584
2014-10-12,SCB,2114,2116,2065,2065,341,711185
2014-10-13,SCB,2065,2106,2065,2068,768,1588340
2014-10-14,SCB,2068,2108,2080,2100,1124,2342338
2014-10-15,SCB,2100,2110,2070,2075,2338,4868431
2014-10-16,SCB,2075,2110,2078,2095,2374,4970763
2014-10-19,SCB,2095,2155,2100,2104,1127,2378778
2014-10-20,SCB,2104,2142,2080,2100,1743,3645488
2014-10-21,SCB,2100,2129,2100,2120,1961,4133842
2014-10-22,SCB,2120,2118,2100,2118,2332,4920994
2014-10-26,SCB,2118,2190,2125,2125,274,590185
2014-10-27,SCB,2125,2130,2098,2098,1908,4017388
2014-10-28,SCB,2098,2149,2097,2126,6816,14403178
2014-10-30,SCB,2126,2159,2120,2140,20195,43250400
2014-11-02,SCB,1945,1948,1880,1948,1984,3781130
2014-11-03,SCB,1948,1910,1851,1860,1806,3369540
2014-11-04,SCB,1860,1823,1786,1800,1365,2461913
2014-11-05,SCB,1800,1842,1830,1842,444,816010
2014-11-06,SCB,1842,1835,1810,1833,1479,2707764
2014-11-09,SCB,1833,1830,1780,1810,1376,2479167
2014-11-10,SCB,1810,1780,1751,1775,564,993048
2014-11-11,SCB,1775,1810,1775,1775,439,781485
2014-11-12,SCB,1775,1840,1790,1790,1000,1805632
2014-11-13,SCB,1790,1820,1775,1780,1164,2079000
2014-11-16,SCB,1780,1805,1750,1761,449,791195
2014-11-17,SCB,1761,1735,1727,1728,529,914560
2014-11-18,SCB,1728,1725,1657,1719,2352,3968972
2014-11-19,SCB,1719,1740,1710,1735,2191,3788045
2014-11-20,SCB,1735,1760,1730,1730,2954,5159126
2014-11-23,SCB,1730,1764,1730,1730,1146,2003144
2014-11-24,SCB,1730,1750,1700,1716,5636,9614108
2014-11-25,SCB,1716,1750,1716,1750,457,789385
2014-11-30,SCB,1750,1765,1750,1765,482,844400
2014-12-01,SCB,1765,1789,1754,1789,2393,4219122
2014-12-02,SCB,1789,1789,1730,1730,422,743840
2014-12-03,SCB,1730,1770,1760,1761,613,1080733
2014-12-04,SCB,1761,1805,1768,1779,4025,7167720
2014-12-07,SCB,1779,1770,1751,1760,264,464900
2014-12-08,SCB,1760,1770,1750,1770,990,1741490
2014-12-09,SCB,1770,1765,1765,1765,60,105900
2014-12-10,SCB,1765,1800,1750,1798,2008,3545925
2014-12-11,SCB,1798,1849,1810,1849,1026,1888721
2014-12-14,SCB,1849,1922,1885,1922,2363,4488825
2014-12-15,SCB,1922,1999,1917,1979,2437,4754315
2014-12-16,SCB,1979,1990,1913,1990,2800,5476344
2014-12-17,SCB,1990,1960,1911,1911,723,1391442
2014-12-18,SCB,1911,1945,1900,1920,845,1619176
2014-12-21,SCB,1920,1920,1920,1920,112,215040
2014-12-22,SCB,1920,1900,1900,1900,216,410400
2014-12-23,SCB,1900,1878,1861,1861,179,334025
2014-12-24,SCB,1861,1906,1852,1906,1169,2181180
2014-12-28,SCB,1906,1942,1920,1930,1357,2613500
2014-12-29,SCB,1930,1975,1950,1955,556,1088560
2014-12-31,SCB,1955,1955,1920,1920,223,430715
2015-01-01,SCB,1920,1915,1915,1915,79,151285
2015-01-04,SCB,1915,1940,1920,1939,1946,3758425
2015-01-05,SCB,1939,1955,1939,1949,2540,4944688
2015-01-06,SCB,1949,1950,1900,1903,1312,2523257
2015-01-07,SCB,1903,1941,1903,1925,1092,2100641
2015-01-08,SCB,1925,1946,1940,1945,249,484086
2015-01-11,SCB,1945,1966,1935,1945,1221,2379034
2015-01-12,SCB,1945,1945,1912,1921,801,1544681
2015-01-13,SCB,1921,1940,1906,1915,887,1698268
2015-01-14,SCB,1915,1951,1912,1920,2068,3971757
2015-01-18,SCB,1920,1947,1830,1830,108586,200906064
2015-01-19,SCB,1830,2013,1800,2013,141574,255675568
2015-01-20,SCB,2013,2060,1973,2060,1538,3138901
2015-01-22,SCB,2060,2049,1984,2015,1695,3398599
2015-01-25,SCB,2015,2055,2000,2043,1389,2825981
2015-01-26,SCB,2043,2075,2050,2050,1382,2844155
2015-01-27,SCB,2050,2081,2050,2080,1144,2368213
2015-01-28,SCB,2080,2135,2100,2101,2684,5657532
2015-01-29,SCB,2101,2170,2100,2120,2119,4518724
2015-02-01,SCB,2120,2150,2123,2150,1477,3146996
2015-02-02,SCB,2150,2170,2150,2150,910,1966063
2015-02-03,SCB,2150,2160,2145,2150,1676,3604189
2015-02-04,SCB,2150,2185,2170,2178,1232,2678985
2015-02-05,SCB,2178,2165,2135,2155,1332,2871189
2015-02-08,SCB,2155,2148,2121,2121,1085,2317975
2015-02-09,SCB,2121,2120,2100,2100,1550,3276810
2015-02-10,SCB,2100,2100,2055,2080,2002,4130836
2015-02-11,SCB,2080,2075,2061,2075,361,746361
2015-02-12,SCB,2075,2075,2034,2050,1053,2161842
2015-02-15,SCB,2050,2081,2040,2081,1447,2973426
2015-02-16,SCB,2081,2070,2070,2070,65,134550
2015-02-18,SCB,2070,2045,2030,2040,357,727920
2015-02-22,SCB,2040,2020,1990,1990,1349,2691034
2015-02-23,SCB,1990,2045,1985,2045,1555,3102594
2015-02-24,SCB,2045,2005,1990,1990,1853,3693174
2015-02-25,SCB,1990,2000,2000,2000,48,96000
2015-02-26,SCB,2000,2011,1995,2011,515,1029753
2015-03-01,SCB,2011,2000,2000,2000,55,110000
2015-03-02,SCB,2000,2030,2000,2030,733,1478490
2015-03-03,SCB,2030,2020,2000,2000,350,701000
2015-03-04,SCB,2000,2019,2002,2005,1236,2480984
2015-03-09,SCB,2005,2080,2032,2050,3468,7116795
2015-03-10,SCB,2050,2055,2030,2055,1027,2091920
2015-03-11,SCB,2055,2068,2040,2065,1095,2251608
2015-03-12,SCB,2065,2030,2024,2025,460,931800
2015-03-15,SCB,2025,2010,1990,2010,358,716816
2015-03-16,SCB,2010,1975,1937,1950,673,1309985
2015-03-17,SCB,1950,1980,1915,1955,3701,7159724
2015-03-18,SCB,1955,1940,1920,1938,1635,3148905
2015-03-19,SCB,1938,1975,1950,1960,1626,3181349
2015-03-22,SCB,1960,1970,1930,1941,1771,3459924
2015-03-23,SCB,1941,1929,1916,1929,1223,2346685
2015-03-24,SCB,1929,1932,1915,1930,681,1311832
2015-03-25,SCB,1930,1925,1914,1920,1946,3735508
2015-03-26,SCB,1920,1945,1910,1930,869,1667960
2015-03-29,SCB,1930,1935,1900,1935,285,544330
2015-03-30,SCB,1935,1945,1910,1945,546,1045475
2015-03-31,SCB,1945,1940,1920,1938,1541,2971795
2015-04-01,SCB,1938,1939,1910,1939,680,1306567
2015-04-02,SCB,1939,1944,1917,1943,2030,3920722
2015-04-05,SCB,1943,1935,1920,1930,146,281280
2015-04-06,SCB,1930,1955,1880,1955,851,1623002
2015-04-07,SCB,1955,1925,1900,1912,1328,2535809
2015-04-08,SCB,1912,1952,1923,1944,208,402414
2015-04-09,SCB,1944,1965,1935,1940,1173,2279507
2015-04-12,SCB,1940,1990,1951,1990,1444,2824907
2015-04-13,SCB,1990,1960,1921,1959,391,755847
2015-04-15,SCB,1959,1935,1915,1935,2057,3959420
2015-04-16,SCB,1935,1980,1897,1980,25054,47549816
2015-04-19,SCB,1980,1965,1921,1964,322,626002
2015-04-20,SCB,1964,1980,1980,1980,35,69300
2015-04-21,SCB,1980,2015,1960,1999,1185,2337415
2015-04-22,SCB,1999,1975,1965,1969,1082,2130496
2015-04-23,SCB,1969,1969,1941,1965,903,1760168
2015-05-26,SCB,1965,1926,1769,1769,229,421121
2015-05-27,SCB,1769,1734,1640,1640,4098,6776271
2015-05-28,SCB,1640,1689,1639,1689,1312,2183664
2015-05-31,SCB,1689,1850,1710,1829,1038,1876060
2015-06-01,SCB,1829,1864,1795,1840,6131,11143426
2015-06-02,SCB,1840,1850,1813,1850,2771,5041781
2015-06-03,SCB,1850,1926,1840,1890,3913,7368891
2015-06-04,SCB,1890,1900,1853,1900,1527,2856598
2015-06-07,SCB,1900,1915,1870,1915,1411,2652472
2015-06-08,SCB,1915,1950,1900,1924,2497,4786727
2015-06-09,SCB,1924,2041,1962,2000,3008,6001891
2015-06-10,SCB,2000,2000,1979,1999,733,1457176
2015-06-11,SCB,1999,1966,1915,1950,1368,2642462
2015-06-14,SCB,1950,1955,1901,1902,905,1731649
2015-06-15,SCB,1902,1935,1890,1910,628,1195390
2015-06-16,SCB,1910,1910,1905,1905,134,255775
2015-06-17,SCB,1905,1910,1899,1899,972,1849500
2015-06-18,SCB,1899,1900,1875,1875,476,893275
2015-06-21,SCB,1875,1905,1865,1880,807,1522545
2015-06-22,SCB,1880,1892,1875,1889,756,1423300
2015-06-23,SCB,1889,1887,1875,1879,2352,4417040
2015-06-24,SCB,1879,1890,1875,1885,592,1113825
2015-06-25,SCB,1885,1910,1880,1885,1270,2397985
2015-06-28,SCB,1885,1900,1880,1900,1561,2944027
2015-06-29,SCB,1900,1915,1890,1915,1501,2860747
2015-06-30,SCB,1915,1977,1939,1977,237,460365
2015-07-01,SCB,1977,1940,1900,1925,1450,2762230
2015-07-02,SCB,1925,1915,1896,1900,1668,3171836
2015-07-05,SCB,1900,1912,1900,1900,664,1265569
2015-07-06,SCB,1900,1904,1890,1904,768,1455302
2015-07-07,SCB,1904,1930,1876,1924,1263,2406513
2015-07-08,SCB,1924,1935,1911,1911,1067,2042733
2015-07-09,SCB,1911,1928,1900,1925,1294,2467105
2015-07-12,SCB,1925,1944,1890,1944,3215,6135152
2015-07-13,SCB,1944,1949,1910,1915,375,718105
2015-07-14,SCB,1915,1924,1911,1920,504,966296
2015-07-15,SCB,1920,1928,1910,1928,640,1226536
2015-07-16,SCB,1928,1943,1930,1943,596,1151155
2015-07-22,SCB,1943,1961,1926,1960,754,1469421
2015-07-23,SCB,1960,2156,1980,2156,4806,10120499
2015-07-26,SCB,2156,2199,2199,2199,21,46179
2015-07-27,SCB,2199,2418,2206,2390,26161,61465688
2015-07-28,SCB,2390,2389,2275,2301,8939,20878740
2015-07-29,SCB,2301,2305,2260,2295,5289,12076909
2015-07-30,SCB,2295,2380,2285,2330,4608,10686005
2015-08-02,SCB,2330,2350,2330,2350,3001,7025336
2015-08-03,SCB,2350,2346,2326,2344,4396,10263259
2015-08-04,SCB,2344,2350,2320,2338,5293,12348265
2015-08-05,SCB,2338,2320,2265,2320,3982,9180906
2015-08-06,SCB,2320,2345,2300,2328,6300,14642871
2015-08-09,SCB,2328,2560,2374,2500,7467,18634080
2015-08-10,SCB,2500,2706,2550,2680,1821,4887472
2015-08-11,SCB,2680,2700,2600,2635,3335,8838888
2015-08-12,SCB,2635,2650,2590,2630,3873,10111680
2015-08-13,SCB,2630,2740,2655,2730,4922,13350110
2015-08-16,SCB,2730,2912,2750,2910,5844,16680809
2015-08-17,SCB,2910,3115,2920,3005,6956,20884262
2015-08-18,SCB,3005,3065,2920,2970,7087,21016614
2015-08-19,SCB,2970,3000,2990,2995,7133,21386424
2015-08-20,SCB,2995,3150,2980,2999,2225,6733276
2015-08-23,SCB,2999,2980,2900,2941,7258,21349524
2015-08-24,SCB,2941,3005,2900,2900,3405,10001903
2015-08-25,SCB,2900,2890,2790,2890,2990,8507470
2015-08-26,SCB,2890,2880,2865,2866,2172,6237982
2015-08-27,SCB,2866,2900,2866,2892,3696,10670118
2015-08-31,SCB,2892,2950,2840,2922,5852,16988606
2015-09-01,SCB,2922,2912,2850,2853,2211,6380225
2015-09-02,SCB,2853,2860,2772,2800,2195,6177335
2015-09-03,SCB,2800,2800,2700,2800,4402,12045940
2015-09-06,SCB,2800,2804,2691,2775,4707,13074003
2015-09-07,SCB,2775,2860,2799,2800,2629,7385435
2015-09-08,SCB,2800,2810,2790,2795,4368,12229288
2015-09-09,SCB,2795,2850,2752,2800,3444,9528035
2015-09-10,SCB,2800,2800,2761,2795,1305,3632131
2015-09-13,SCB,2795,2803,2740,2798,1859,5181357
2015-09-14,SCB,2798,2880,2800,2850,2703,7694861
2015-09-15,SCB,2850,2888,2858,2874,3358,9636226
2015-09-16,SCB,2874,2895,2845,2851,6343,18103616
2015-09-17,SCB,2851,2860,2805,2826,4528,12768799
2015-09-22,SCB,2826,2840,2702,2702,5939,16277303
2015-09-23,SCB,2702,2825,2755,2825,2143,5957913
2015-09-24,SCB,2825,2800,2775,2795,4729,13190156
2015-09-28,SCB,2795,2745,2700,2730,2681,7307439
2015-09-29,SCB,2730,2760,2710,2760,2186,5990261
2015-09-30,SCB,2760,2881,2760,2820,5578,15624630
2015-10-01,SCB,2820,2865,2798,2815,3294,9280777
2015-10-04,SCB,2815,2900,2861,2875,4894,14081037
2015-10-05,SCB,2875,2856,2790,2850,2818,7968098
2015-10-06,SCB,2850,2830,2800,2808,6887,19322676
2015-10-07,SCB,2808,2800,2750,2800,5142,14237978
2015-10-08,SCB,2800,2812,2760,2812,3307,9234631
2015-10-11,SCB,2812,2780,2751,2760,5002,13792614
2015-10-14,SCB,2760,2750,2720,2720,3866,10575180
2015-10-15,SCB,2720,2735,2646,2700,2191,5913993
2015-10-18,SCB,2700,2655,2591,2601,2455,6419233
2015-10-19,SCB,2601,2660,2602,2653,1579,4150271
2015-10-25,SCB,2653,2615,2592,2605,1327,3444270
2015-10-27,SCB,2605,2553,2500,2503,1056,2646811
2015-10-28,SCB,2503,2489,2350,2489,5224,12468872
2015-10-29,SCB,2489,2538,2470,2490,2299,5716910
2015-11-01,SCB,2490,2530,2480,2520,4581,11467440
2015-11-02,SCB,2520,2550,2500,2500,1818,4602002
2015-11-03,SCB,2500,2511,2475,2511,1945,4865953
2015-11-04,SCB,2511,2520,2500,2511,2382,5966766
2015-11-05,SCB,2511,2540,2500,2515,678,1704211
2015-11-08,SCB,2515,2515,2504,2504,1864,4670492
2015-11-09,SCB,2504,2570,2540,2570,1451,3715490
2015-11-10,SCB,2570,2590,2530,2590,2230,5726545
2015-11-15,SCB,2590,2590,2505,2530,1544,3902984
2015-11-16,SCB,2530,2550,2520,2534,614,1553915
2015-11-18,SCB,2534,2585,2550,2560,932,2387280
2015-11-19,SCB,2560,2535,2510,2534,1874,4733375
2015-11-22,SCB,2534,2508,2475,2492,5613,14035913
2015-11-23,SCB,2492,2450,2401,2450,903,2196804
2015-11-24,SCB,2450,2515,2450,2500,323,804990
2015-11-25,SCB,2500,2490,2431,2431,2121,5173364
2015-11-26,SCB,2431,2405,2375,2400,4613,11012054
2015-11-29,SCB,2400,2401,2320,2321,1824,4285013
2015-11-30,SCB,2321,2379,2350,2375,987,2328715
2015-12-01,SCB,2375,2465,2375,2465,1152,2329645
2015-12-02,SCB,2465,2460,2430,2430,1560,3808040
2015-12-03,SCB,2430,2488,2400,2462,3612,8859113
2015-12-06,SCB,2462,2680,2500,2680,5369,13850207
2015-12-07,SCB,2680,2750,2548,2548,9003,23792004
2015-12-08,SCB,2548,2498,2294,2365,7482,17704772
2015-12-09,SCB,2365,2441,2370,2435,2507,6065997
2015-12-10,SCB,2435,2461,2430,2450,2189,5366571
2015-12-13,SCB,2450,2480,2465,2475,1085,2684335
2015-12-14,SCB,2475,2524,2452,2475,1702,4200630
2015-12-15,SCB,2475,2470,2400,2411,2110,5107919
2015-12-16,SCB,2411,2455,2425,2425,4937,12054370
2015-12-17,SCB,2425,2400,2390,2400,1047,2510606
2015-12-20,SCB,2400,2425,2405,2412,684,1652302
2015-12-21,SCB,2412,2439,2411,2439,3817,9271972
2015-12-22,SCB,2439,2480,2450,2465,1698,4184249
2015-12-23,SCB,2465,2525,2435,2520,2795,6904267
2015-12-24,SCB,2520,2515,2501,2510,1113,2792150
2015-12-27,SCB,2510,2509,2495,2495,910,2274960
2015-12-28,SCB,2495,2500,2460,2460,513,1267480
2015-12-29,SCB,2460,2615,2500,2600,5915,15298909
2015-12-31,SCB,2600,2685,2552,2645,1924,5070346
2016-01-03,SCB,2645,2655,2615,2630,2378,6252104
2016-01-04,SCB,2630,2590,2550,2555,805,2069500
2016-01-05,SCB,2555,2565,2549,2565,1097,2804871
2016-01-06,SCB,2565,2580,2550,2566,786,2018161
2016-01-07,SCB,2566,2600,2566,2590,1419,3667630
2016-01-10,SCB,2590,2625,2545,2610,3215,8306491
2016-01-11,SCB,2610,2600,2575,2580,2034,5267000
2016-01-12,SCB,2580,2605,2595,2596,1892,4917790
2016-01-13,SCB,2596,2620,2585,2620,2249,5857975
2016-01-14,SCB,2620,2690,2625,2675,3450,9199196
2016-01-17,SCB,2675,2728,2675,2705,3512,9478512
2016-01-18,SCB,2705,2715,2678,2687,2595,6974497
2016-01-19,SCB,2687,2675,2645,2670,1428,3809034
2016-01-20,SCB,2670,2671,2645,2645,4939,13135978
2016-01-21,SCB,2645,2645,2600,2645,1731,4520722
2016-01-24,SCB,2645,2660,2600,2646,1389,3679240
2016-01-25,SCB,2646,2695,2650,2650,2357,6254295
2016-01-26,SCB,2650,2660,2641,2655,3463,9173243
2016-01-27,SCB,2655,2670,2635,2660,1417,3764615
2016-01-28,SCB,2660,2650,2640,2650,3019,7988498
2016-01-31,SCB,2650,2670,2654,2660,1370,3643082
2016-02-01,SCB,2660,2715,2670,2715,4792,12918312
2016-02-02,SCB,2715,2750,2695,2715,2634,7155944
2016-02-03,SCB,2715,2730,2690,2711,1322,3592818
2016-02-04,SCB,2711,2750,2700,2735,3666,9992065
2016-02-07,SCB,2735,2790,2752,2760,2938,8130270
2016-02-08,SCB,2760,2775,2751,2755,4865,13422860
2016-02-11,SCB,2755,2746,2688,2700,3133,8475224
2016-02-14,SCB,2700,2740,2685,2686,523,1407280
2016-02-15,SCB,2686,2690,2631,2690,779,2063648
2016-02-16,SCB,2690,2688,2670,2680,270,723560
2016-02-17,SCB,2680,2711,2627,2690,4028,10770584
2016-02-18,SCB,2690,2679,2637,2669,2574,6862374
2016-02-21,SCB,2669,2700,2660,2670,4522,12094675
2016-02-22,SCB,2670,2907,2650,2850,11549,31733680
2016-02-23,SCB,2850,2940,2801,2815,8129,23149386
2016-02-24,SCB,2815,2830,2795,2805,8212,23008924
2016-02-25,SCB,2805,2810,2750,2800,6556,18299814
2016-02-28,SCB,2800,2820,2790,2800,5948,16662530
2016-02-29,SCB,2800,2820,2800,2820,2548,7158899
2016-03-01,SCB,2820,2815,2800,2802,2556,7171603
2016-03-02,SCB,2802,2810,2785,2810,2177,6098995
2016-03-03,SCB,2810,2815,2785,2800,977,2737160
2016-03-06,SCB,2800,2850,2820,2835,1536,4349130
2016-03-10,SCB,2835,2900,2800,2820,1043,2948020
2016-03-13,SCB,2820,2825,2811,2820,2679,7549110
2016-03-14,SCB,2820,2821,2800,2801,2869,8068217
2016-03-15,SCB,2801,2815,2800,2815,5161,14478437
2016-03-16,SCB,2815,2880,2849,2870,5387,15385373
2016-03-17,SCB,2870,2890,2850,2882,4543,13091142
2016-03-20,SCB,2882,2900,2865,2886,3898,11249009
2016-03-21,SCB,2886,2935,2885,2900,4793,13937043
2016-03-23,SCB,2900,2915,2890,2915,5319,15458478
2016-03-24,SCB,2915,3000,2948,2970,9480,28174372
2016-03-27,SCB,2970,3029,2992,3014,13398,40298232
2016-03-28,SCB,3014,3040,2995,3020,6286,18977136
2016-03-29,SCB,3020,3010,2985,2997,6662,19973188
2016-03-30,SCB,2997,3020,2980,3005,7489,22547048
2016-03-31,SCB,3005,3020,2990,3018,6159,18537112
2016-04-03,SCB,3018,3265,3015,3085,12466,38530440
2016-04-04,SCB,3085,3090,3050,3077,6704,20627340
2016-04-05,SCB,3077,3130,3100,3110,5964,18572704
2016-04-06,SCB,3110,3162,3130,3135,7013,22051420
2016-04-10,SCB,3135,3172,3150,3165,3404,10766256
2016-04-11,SCB,3165,3210,3180,3190,4514,14413408
2016-04-12,SCB,3190,3200,3190,3198,2725,8703559
2016-04-14,SCB,3198,3255,3195,3245,8828,28456150
2016-04-17,SCB,3245,3360,3230,3279,15205,49661712
2016-04-18,SCB,3279,3365,3299,3364,9918,33012904
2016-04-19,SCB,3364,3430,3350,3379,8785,29707638
2016-04-20,SCB,3379,3420,3340,3340,19805,67208960
2016-04-21,SCB,3340,3406,3270,3374,20915,69647000
2016-04-24,SCB,3374,3480,3390,3480,19903,68578976
2016-04-25,SCB,3480,3501,3480,3488,14145,49342780
2016-04-26,SCB,3488,3500,3476,3478,13290,46376672
2016-04-27,SCB,3478,3502,3451,3500,18159,63363108
2016-04-28,SCB,3500,3600,3511,3595,49736,177398672
2016-05-02,SCB,2876,3100,2933,3080,19524,59973064
2016-05-03,SCB,3080,3133,3100,3105,10935,34021556
2016-05-04,SCB,3105,3105,3045,3095,3516,10815823
2016-05-05,SCB,3095,3085,3000,3061,8708,26718200
2016-05-08,SCB,3061,3065,3030,3050,4971,15132567
2016-05-09,SCB,3050,3050,3033,3040,4092,12442868
2016-05-10,SCB,3040,3041,3015,3020,5366,16215391
2016-05-11,SCB,3020,2999,2923,2960,8280,24410022
2016-05-12,SCB,2960,2965,2901,2935,6057,17750680
2016-05-15,SCB,2935,2899,2846,2865,6609,18943576
2016-05-16,SCB,2865,2858,2822,2830,5172,14695392
2016-05-17,SCB,2830,2900,2830,2900,1558,4457453
2016-05-18,SCB,2900,2960,2900,2932,3148,9251595
2016-05-19,SCB,2932,2968,2940,2942,3387,9989369
2016-05-22,SCB,2942,2950,2920,2948,2271,6668150
2016-05-23,SCB,2948,2980,2950,2957,4443,13162575
2016-05-24,SCB,2957,3042,2960,3025,13042,39300820
2016-05-25,SCB,3025,3015,2941,2950,4755,14156817
2016-05-26,SCB,2950,2960,2892,2950,6010,17582220
2016-05-29,SCB,2950,2950,2900,2915,1511,4408310
2016-05-30,SCB,2915,2920,2900,2910,8189,23780928
2016-05-31,SCB,2910,2925,2900,2912,4587,13362099
2016-06-01,SCB,2912,2915,2890,2910,4067,11817847
2016-06-02,SCB,2910,2915,2890,2900,3186,9239714
2016-06-05,SCB,2900,2900,2835,2835,8374,23857008
2016-06-06,SCB,2835,2895,2862,2875,2878,8266140
2016-06-07,SCB,2875,2930,2900,2904,2524,7344639
2016-06-08,SCB,2904,2925,2895,2920,3768,10945082
2016-06-09,SCB,2920,2960,2910,2950,6951,20408004
2016-06-12,SCB,2950,3245,3000,3245,26138,82407824
2016-06-13,SCB,3245,3569,3309,3390,20537,70155824
2016-06-14,SCB,3390,3440,3300,3400,23281,77829936
2016-06-15,SCB,3400,3380,3345,3350,4576,15390246
2016-06-16,SCB,3350,3360,3300,3336,6778,22617180
2016-06-19,SCB,3336,3370,3270,3335,5658,18758272
2016-06-20,SCB,3335,3350,3253,3300,3742,12349036
2016-06-21,SCB,3300,3309,3280,3300,4870,16038820
2016-06-22,SCB,3300,3430,3320,3360,4821,16256355
2016-06-23,SCB,3360,3695,3360,3675,21284,74885304
2016-06-26,SCB,3675,3840,3678,3770,18238,68633432
2016-06-27,SCB,3770,3840,3775,3795,7640,28978352
2016-06-28,SCB,3795,3838,3760,3777,6434,24440072
2016-06-29,SCB,3777,3750,3690,3690,2355,8752306
2016-06-30,SCB,3690,3682,3620,3682,7194,26307688
2016-07-03,SCB,3682,3682,3549,3600,5091,18407022
2016-07-04,SCB,3600,3650,3579,3580,4169,14966287
2016-07-05,SCB,3580,3584,3525,3583,8616,30690872
2016-07-06,SCB,3583,3610,3562,3580,3470,12455475
2016-07-10,SCB,3580,3650,3555,3588,8473,30491870
2016-07-11,SCB,3588,3600,3510,3510,2412,8578516
2016-07-12,SCB,3510,3520,3320,3475,4117,14248170
2016-07-13,SCB,3475,3475,3409,3460,4086,14044445
2016-07-14,SCB,3460,3630,3490,3600,5027,17740764
2016-07-17,SCB,3600,3650,3550,3612,5088,18436308
2016-07-18,SCB,3612,3685,3600,3629,4777,17303714
2016-07-19,SCB,3629,3701,3650,3690,8043,29651898
2016-07-20,SCB,3690,3700,3600,3660,3369,12290101
2016-07-21,SCB,3660,3680,3600,3640,2305,8381910
2016-07-25,SCB,3640,3669,3630,3635,4127,15032825
2016-07-26,SCB,3635,3707,3563,3670,4469,16280223
2016-07-27,SCB,3670,3800,3725,3776,12121,45852324
2016-07-28,SCB,3776,3860,3780,3825,13635,51968512
2016-07-31,SCB,3825,3805,3780,3780,4994,18921784
2016-08-01,SCB,3780,3800,3675,3750,4237,15787217
2016-08-02,SCB,3750,3750,3650,3675,4719,17367806
2016-08-03,SCB,3675,3685,3605,3650,2614,9510080
2016-08-04,SCB,3650,3680,3506,3571,9571,34376332
2016-08-07,SCB,3571,3708,3555,3565,7646,27875906
2016-08-08,SCB,3565,3500,3332,3332,4810,16654870
2016-08-09,SCB,3332,3547,3398,3547,860,2972870
2016-08-10,SCB,3547,3635,3430,3565,8208,28901868
2016-08-11,SCB,3565,3636,3530,3550,1379,4919325
2016-08-14,SCB,3550,3520,3363,3400,3653,12524140
2016-08-15,SCB,3400,3354,3200,3250,4293,13938531
2016-08-16,SCB,3250,3299,3145,3295,3154,10193323
2016-08-17,SCB,3295,3360,3300,3345,4656,15486861
2016-08-21,SCB,3345,3348,3302,3302,1341,4458150
2016-08-22,SCB,3302,3260,3200,3206,2513,8104365
2016-08-23,SCB,3206,3260,3145,3200,4772,15176309
2016-08-24,SCB,3200,3520,3264,3520,3692,12948600
2016-08-28,SCB,3520,3872,3590,3695,28438,105487648
2016-08-29,SCB,3695,3730,3660,3674,9137,33619168
2016-08-30,SCB,3674,3725,3660,3662,8442,31058010
2016-08-31,SCB,3662,3689,3640,3670,4495,16533555
2016-09-01,SCB,3670,3750,3676,3750,10817,40059652
2016-09-03,SCB,3750,3825,3750,3790,4945,18747792
2016-09-05,SCB,3790,3900,3795,3860,10074,38745204
2016-09-06,SCB,3860,3952,3800,3895,9247,36019636
2016-09-07,SCB,3895,3890,3771,3780,6388,24263184
2016-09-08,SCB,3780,3900,3772,3780,4723,17869956
2016-09-11,SCB,3780,3825,3800,3800,4560,17376364
2016-09-12,SCB,3800,3810,3790,3801,5253,19963200
2016-09-14,SCB,3801,3810,3781,3790,2408,9148060
2016-09-18,SCB,3790,3800,3750,3750,3821,14377486
2016-09-20,SCB,3750,3750,3680,3680,3147,11676271
2016-09-21,SCB,3680,3650,3580,3650,3886,14063502
2016-09-22,SCB,3650,3620,3590,3595,3877,13976603
2016-09-25,SCB,3595,3610,3591,3605,5265,18953896
2016-09-26,SCB,3605,3690,3610,3690,1914,7017104
2016-09-27,SCB,3690,3710,3680,3710,3281,12122480
2016-09-28,SCB,3710,3710,3685,3685,1091,4030390
2016-09-29,SCB,3685,3698,3605,3688,1915,7028145
2016-10-02,SCB,3688,3700,3670,3672,973,3582647
2016-10-03,SCB,3672,3784,3710,3710,895,3338414
2016-10-04,SCB,3710,3780,3750,3760,986,3712720
2016-10-05,SCB,3760,3790,3740,3740,2303,8702090
2016-10-06,SCB,3740,3810,3760,3760,2122,8058620
2016-10-16,SCB,3760,3780,3650,3700,1921,7098498
2016-10-17,SCB,3700,3670,3635,3650,3627,13254112
2016-10-18,SCB,3650,3700,3630,3700,2637,9669926
2016-10-19,SCB,3700,3695,3651,3670,1752,6412567
2016-10-20,SCB,3670,3893,3671,3693,15564,57627864
2016-10-23,SCB,3693,3693,3545,3570,12851,46371368
2016-10-24,SCB,3570,3610,3430,3515,30844,107747496
2016-10-25,SCB,3515,3500,3450,3468,18877,65463356
2016-10-26,SCB,3468,3480,3410,3438,8919,30703630
2016-10-27,SCB,3438,3459,3425,3425,7858,27050496
2016-11-03,SCB,3425,3490,3440,3480,1510,5240570
2016-11-07,SCB,3480,3450,3400,3405,2621,8946945
2016-11-08,SCB,3405,3350,3290,3305,5452,18040308
2016-11-09,SCB,3305,3309,3230,3240,5139,16693356
2016-11-10,SCB,3240,3304,3205,3225,2840,9190688
2016-11-13,SCB,3225,3250,3200,3200,9073,29201028
2016-11-14,SCB,3200,3255,3208,3213,6173,19852060
2016-11-15,SCB,3213,3215,3165,3170,6987,22279196
2016-11-16,SCB,3170,3210,3080,3143,10667,33298738
2016-11-17,SCB,3143,3115,3070,3070,11409,35213904
2016-11-20,SCB,3070,3065,2893,2940,9143,27012614
2016-11-21,SCB,2940,2980,2852,2925,6559,19089876
2016-11-22,SCB,2925,2940,2800,2890,4845,14015176
2016-11-23,SCB,2890,2890,2751,2776,6890,19215332
2016-11-24,SCB,2776,2956,2780,2840,7317,20733716
2016-11-27,SCB,2840,2840,2676,2733,6042,16552792
2016-11-28,SCB,2733,2850,2600,2806,7217,19273860
2016-11-29,SCB,2806,2907,2753,2870,11007,31109208
2016-11-30,SCB,2870,3050,2870,3050,7720,22588408
2016-12-01,SCB,3050,3110,2960,2960,6279,18821012
2016-12-04,SCB,2960,2965,2900,2910,5348,15618370
2016-12-05,SCB,2910,2900,2860,2888,4942,14219787
2016-12-06,SCB,2888,2893,2860,2870,18542,53387116
2016-12-07,SCB,2153,2200,2115,2122,4463,9536216
2016-12-08,SCB,2122,2110,2085,2100,4126,8653420
2016-12-11,SCB,2100,2100,2050,2050,4366,9041872
2016-12-12,SCB,2050,2050,2000,2014,3347,6752852
2016-12-14,SCB,2014,2025,1992,2019,3016,6033002
2016-12-15,SCB,2019,2091,2005,2090,1638,3338735
2016-12-18,SCB,2090,2110,2010,2090,2170,4494265
2016-12-19,SCB,2090,2074,2020,2035,3449,7051156
2016-12-20,SCB,2035,2030,1956,1970,7287,14499474
2016-12-21,SCB,1970,1979,1935,1935,4795,9382728
2016-12-22,SCB,1935,1997,1938,1997,4334,8546109
2016-12-26,SCB,1997,1985,1900,1922,5883,11393235
2016-12-27,SCB,1922,1900,1852,1873,2286,4291760
2016-12-28,SCB,1873,1895,1830,1853,2944,5472522
2016-12-29,SCB,1853,1910,1876,1891,4252,8055450
2017-01-01,SCB,1891,1952,1915,1940,4231,8166199
2017-01-02,SCB,1940,1962,1926,1953,5496,10717248
2017-01-03,SCB,1953,1970,1925,1925,4914,9510818
2017-01-04,SCB,1925,1940,1900,1925,1832,3519725
2017-01-05,SCB,1925,1930,1900,1912,3754,7181832
2017-01-08,SCB,1912,1905,1870,1895,3150,5928862
2017-01-09,SCB,1895,1932,1900,1915,1874,3579944
2017-01-10,SCB,1915,1970,1925,1952,1216,2383630
2017-01-11,SCB,1952,2015,1960,1976,5704,11335273
2017-01-12,SCB,1976,1998,1970,1998,4321,8584432
2017-01-15,SCB,1998,2197,2037,2197,20893,45554304
2017-01-16,SCB,2197,2331,2240,2260,25348,57692784
2017-01-17,SCB,2260,2260,2185,2210,8267,18275676
2017-01-18,SCB,2210,2202,2183,2195,5845,12828438
2017-01-19,SCB,2195,2250,2180,2180,3002,6631748
2017-01-22,SCB,2180,2209,2180,2200,3988,8738096
2017-01-23,SCB,2200,2210,2190,2200,3930,8654977
2017-01-24,SCB,2200,2205,2137,2140,2829,6097879
2017-01-25,SCB,2140,2100,2050,2050,3342,6931044
2017-01-26,SCB,2050,2030,1960,2020,5670,11342328
2017-01-30,SCB,2020,1990,1862,1862,4531,8777264
2017-01-31,SCB,1862,1930,1824,1930,4649,8793705
2017-02-01,SCB,1930,2068,1950,2060,6640,13345710
2017-02-02,SCB,2060,2155,2060,2090,4561,9541022
2017-02-05,SCB,2090,2059,2000,2058,4142,8433585
2017-02-06,SCB,2058,2055,2025,2051,3312,6762600
2017-02-07,SCB,2051,2050,2010,2044,1686,3420868
2017-02-08,SCB,2044,2040,1967,1967,8181,16307162
2017-02-09,SCB,1967,1980,1908,1908,7592,14612519
2017-02-12,SCB,1908,1895,1796,1800,11024,20278568
2017-02-13,SCB,1800,1875,1754,1870,7333,13146168
2017-02-14,SCB,1870,1890,1810,1860,6646,12357692
2017-02-15,SCB,1860,1924,1865,1924,4273,8126060
2017-02-16,SCB,1924,2000,1935,1982,5924,11686042
2017-02-19,SCB,1982,2005,1943,2000,7105,14103784
2017-02-20,SCB,2000,2038,2001,2003,6256,12630699
2017-02-21,SCB,2003,2043,1960,1998,4904,9853266
2017-02-22,SCB,1998,1999,1970,1976,2936,5827355
2017-02-23,SCB,1976,1983,1950,1961,1720,3380922
2017-02-26,SCB,1961,1980,1965,1975,2588,5108377
2017-02-28,SCB,1975,1960,1900,1938,2143,4136601
2017-03-01,SCB,1938,1961,1950,1950,370,724250
2017-03-02,SCB,1950,2017,1960,1965,3982,7870170
2017-03-05,SCB,1965,2001,1955,1990,2829,5641083
2017-03-06,SCB,1990,2020,1985,2003,5348,10687538
2017-03-07,SCB,2003,2008,1970,1980,2255,4485545
2017-03-09,SCB,1980,2000,1980,2000,4106,8192791
2017-03-13,SCB,2000,2006,1981,2000,4167,8336180
2017-03-14,SCB,2000,1990,1925,1925,4546,8927330
2017-03-15,SCB,1925,1969,1911,1969,4836,9366223
2017-03-16,SCB,1969,1970,1946,1970,5178,10126031
2017-03-19,SCB,1970,1998,1985,1992,4513,8993300
2017-03-20,SCB,1992,2040,1995,2032,7527,15124839
2017-03-21,SCB,2032,2050,1995,2050,6174,12535392
2017-03-22,SCB,2050,2184,2050,2080,9180,19271448
2017-03-23,SCB,2080,2095,2055,2075,3670,7616462
2017-03-26,SCB,2075,2155,2080,2138,8785,18689374
2017-03-28,SCB,2138,2259,2151,2248,8812,19375324
2017-03-29,SCB,2248,2337,2200,2250,16906,38066632
2017-03-30,SCB,2250,2270,2200,2225,8195,18334700
2017-04-02,SCB,2225,2295,2225,2290,12677,28573480
2017-04-03,SCB,2290,2507,2271,2310,14451,33971304
2017-04-04,SCB,2310,2330,2285,2300,6525,15066775
2017-04-06,SCB,2300,2310,2270,2300,6175,14137680
2017-04-09,SCB,2300,2346,2275,2298,6087,13969243
2017-04-10,SCB,2298,2335,2295,2305,14531,33527816
2017-04-11,SCB,2305,2359,2310,2354,21994,51282528
2017-04-12,SCB,2354,2389,2348,2348,14925,35252976
2017-04-13,SCB,2348,2350,2310,2350,8346,19457060
2017-04-16,SCB,2350,2351,2261,2261,7148,16366326
2017-04-18,SCB,2261,2240,2185,2192,8714,19194356
2017-04-19,SCB,2192,2260,2182,2260,4283,9504026
2017-04-20,SCB,2260,2325,2250,2250,5450,12433794
2017-04-23,SCB,2250,2390,2260,2310,6198,14303441
2017-04-24,SCB,2310,2300,2265,2280,3260,7434839
2017-04-25,SCB,2280,2299,2250,2275,3323,7537551
2017-04-26,SCB,2275,2275,2230,2260,2793,6275203
2017-04-27,SCB,2260,2275,2212,2264,4230,9476483
2017-04-30,SCB,2264,2325,2210,2234,5629,12625330
2017-05-02,SCB,2234,2280,2224,2280,10203,23080220
2017-05-03,SCB,2280,2320,2290,2304,14947,34385864
2017-05-04,SCB,2304,2335,2300,2300,10060,23234000
2017-05-07,SCB,2300,2310,2260,2260,3219,7339420
2017-05-08,SCB,2260,2294,2270,2280,4544,10365459
2017-05-09,SCB,2280,2299,2280,2287,5146,11789247
2017-05-11,SCB,2287,2310,2295,2308,8991,20693388
2017-05-15,SCB,2308,2360,2310,2340,9505,22322284
2017-05-16,SCB,2340,2360,2310,2325,8217,19184280
2017-05-17,SCB,2325,2330,2300,2302,3232,7474925
2017-05-18,SCB,2302,2319,2296,2300,10410,23969860
2017-05-21,SCB,2300,2320,2290,2290,5745,13218734
2017-05-22,SCB,2290,2290,2175,2201,6016,13379386
2017-05-23,SCB,2201,2220,2076,2158,28319,61077792
2017-05-24,SCB,2158,2205,2121,2196,15614,33710864
2017-05-28,SCB,2196,2210,2151,2200,19174,42001324
2017-05-30,SCB,2200,2205,2162,2190,22158,48420516
2017-05-31,SCB,2190,2233,2140,2190,24979,53934320
2017-06-01,SCB,2190,2205,2180,2190,15934,34893764
2017-06-04,SCB,2190,2210,2176,2193,18960,41542568
2017-06-05,SCB,2193,2202,2188,2195,27417,60218792
2017-06-06,SCB,2195,2270,2200,2263,30731,68596872
2017-06-07,SCB,2263,2312,2273,2299,41007,94178384
2017-06-08,SCB,2299,2301,2282,2298,16000,36663164
2017-06-11,SCB,2298,2308,2276,2287,32888,75346912
2017-06-12,SCB,2287,2295,2252,2267,15079,34266196
2017-06-13,SCB,2267,2296,2241,2286,17383,39657116
2017-06-14,SCB,2286,2300,2277,2290,16010,36689652
2017-06-15,SCB,2290,2315,2268,2287,22588,51552584
2017-06-18,SCB,2287,2299,2280,2284,11439,26144576
2017-06-19,SCB,2284,2290,2240,2260,11352,25747292
2017-06-20,SCB,2260,2270,2240,2269,11967,26979980
2017-06-21,SCB,2269,2291,2260,2274,9595,21801016
2017-06-22,SCB,2274,2285,2269,2275,12332,28067532
2017-06-25,SCB,2275,2286,2275,2285,15381,35086740
2017-06-27,SCB,2285,2315,2290,2295,17304,39828960
2017-06-28,SCB,2295,2300,2288,2295,7858,18026300
2017-07-02,SCB,2295,2290,2250,2277,14601,33270920
2017-07-03,SCB,2277,2285,2270,2279,8844,20145600
2017-07-04,SCB,2279,2286,2276,2281,11026,25145360
2017-07-05,SCB,2281,2284,2278,2281,8634,19687152
2017-07-06,SCB,2281,2312,2270,2309,10955,25147722
2017-07-09,SCB,2309,2355,2261,2320,16598,38347944
2017-07-10,SCB,2320,2310,2286,2295,6788,15590894
2017-07-11,SCB,2295,2303,2288,2300,7628,17530504
2017-07-12,SCB,2300,2305,2265,2304,8054,18532468
2017-07-13,SCB,2304,2306,2290,2295,11218,25793264
2017-07-16,SCB,2295,2304,2295,2298,8422,19368704
2017-07-17,SCB,2298,2309,2296,2306,7422,17081040
2017-07-18,SCB,2306,2340,2305,2340,12660,29378198
2017-07-19,SCB,2340,2370,2340,2361,12300,29036676
2017-07-20,SCB,2361,2374,2362,2367,8041,19035198
2017-07-23,SCB,2367,2399,2352,2360,7984,18900428
2017-07-24,SCB,2360,2389,2313,2342,6668,15656805
2017-07-25,SCB,2342,2355,2330,2345,4600,10767694
2017-07-26,SCB,2345,2380,2320,2334,7611,17759338
2017-07-27,SCB,2334,2346,2330,2335,8708,20349330
2017-07-30,SCB,2335,2340,2320,2337,8108,18916466
2017-07-31,SCB,2337,2340,2320,2329,12180,28374048
2017-08-01,SCB,2329,2336,2325,2336,7445,17357352
2017-08-02,SCB,2336,2350,2326,2335,7133,16649981
2017-08-03,SCB,2335,2337,2321,2329,7552,17585552
2017-08-06,SCB,2329,2365,2315,2344,13588,31814208
2017-08-07,SCB,2344,2350,2333,2340,15457,36171492
2017-08-09,SCB,2340,2348,2321,2330,13082,30529860
2017-08-10,SCB,2330,2330,2315,2322,19842,46050576
2017-08-13,SCB,2322,2339,2313,2320,13150,30537162
2017-08-15,SCB,2320,2340,2281,2290,16359,37503736
2017-08-16,SCB,2290,2316,2270,2285,12735,29165696
2017-08-17,SCB,2285,2290,2280,2286,8619,19683960
2017-08-20,SCB,2286,2290,2272,2275,7773,17724248
2017-08-21,SCB,2275,2279,2238,2240,6123,13752709
2017-08-22,SCB,2240,2250,2220,2241,9702,21659844
2017-08-23,SCB,2241,2255,2230,2242,8384,18760892
2017-08-24,SCB,2242,2260,2222,2255,4967,11112873
2017-08-27,SCB,2255,2272,2250,2272,11951,27098998
2017-08-28,SCB,2272,2299,2275,2280,10666,24351184
2017-08-30,SCB,2280,2290,2253,2266,10135,23017460
2017-08-31,SCB,2266,2266,2231,2241,5627,12654818
2017-09-04,SCB,2241,2243,2197,2201,13038,28781020
2017-09-06,SCB,2201,2297,2211,2227,10726,23992710
2017-09-07,SCB,2227,2260,2215,2215,8129,18138952
2017-09-10,SCB,2215,2221,2181,2200,13872,30493192
2017-09-11,SCB,2200,2199,2107,2148,10678,22832920
2017-09-12,SCB,2148,2150,2103,2120,7992,16983638
2017-09-13,SCB,2120,2120,2060,2068,9229,19235996
2017-09-14,SCB,2068,2100,2046,2100,9916,20530556
2017-09-17,SCB,2100,2130,2080,2124,6915,14592980
2017-09-18,SCB,2124,2138,2100,2138,7669,16303875
2017-09-20,SCB,2138,2140,2120,2140,6809,14481837
2017-09-24,SCB,2140,2169,2140,2167,3892,8402154
2017-09-25,SCB,2167,2195,2167,2187,2791,6090111
2017-09-26,SCB,2187,2197,2187,2194,5059,11091878
2017-10-03,SCB,2194,2225,2181,2205,1222,2698268
2017-10-04,SCB,2205,2219,2170,2205,5627,12321136
2017-10-08,SCB,2205,2165,2120,2140,6334,13539417
2017-10-09,SCB,2140,2155,2078,2100,6640,13984181
2017-10-10,SCB,2100,2110,2072,2091,5938,12397804
2017-10-11,SCB,2091,2120,2075,2100,5125,10747470
2017-10-12,SCB,2100,2120,2090,2114,6828,14359888
2017-10-15,SCB,2114,2120,2091,2116,2761,5808769
2017-10-16,SCB,2116,2180,2125,2180,3566,7675910
2017-10-17,SCB,2180,2188,2150,2185,7211,15674890
2017-10-18,SCB,2185,2180,2165,2179,2756,5992465
2017-10-22,SCB,2179,2200,2160,2175,2161,4720779
2017-10-23,SCB,2175,2180,2141,2160,3977,8561920
2017-10-24,SCB,2160,2160,2131,2131,7034,15048685
2017-10-25,SCB,2131,2135,2117,2125,5908,12550477
2017-10-29,SCB,2125,2135,2115,2130,4146,8815475
2017-10-30,SCB,2130,2130,2115,2115,6724,14269093
2017-10-31,SCB,2115,2120,2100,2114,4812,10133481
2017-11-01,SCB,2114,2108,2081,2085,6109,12822838
2017-11-02,SCB,2085,2097,2075,2090,8334,17360236
2017-11-05,SCB,2090,2090,2045,2055,11366,23367886
2017-11-06,SCB,2055,2050,1991,2016,9929,20062028
2017-11-07,SCB,2016,2040,2002,2005,7008,14102917
2017-11-08,SCB,2005,2006,1977,1985,16234,32298760
2017-11-09,SCB,1985,1990,1956,1985,13053,25770484
2017-11-12,SCB,1985,2010,1985,2005,10485,20965568
2017-11-13,SCB,2005,2020,1990,2020,11465,23007784
2017-11-14,SCB,2020,2050,2017,2050,16070,32658164
2017-11-15,SCB,2050,2099,2050,2050,10397,21491776
2017-11-16,SCB,2050,2050,2021,2022,4679,9480260
2017-11-19,SCB,2022,2045,2020,2035,9408,19073424
2017-11-20,SCB,2035,2030,2015,2020,8845,17886124
2017-11-21,SCB,2020,2049,2010,2041,4393,8908103
2017-11-22,SCB,2041,2059,2038,2048,3890,7969345
2017-11-23,SCB,2048,2066,2052,2060,6461,13313069
2017-11-26,SCB,2060,2170,2097,2115,32407,68618232
2017-11-27,SCB,2115,2139,2085,2109,21773,45970248
2017-11-28,SCB,2109,2115,2100,2114,9828,20745376
2017-11-29,SCB,2114,2123,2109,2118,18543,39205480
2017-11-30,SCB,2118,2120,2107,2120,9125,19293172
2017-12-04,SCB,2120,2122,2101,2114,6131,12933972
2017-12-05,SCB,2114,2120,2094,2115,5423,11407824
2017-12-06,SCB,2115,2120,2107,2120,5869,12429434
2017-12-10,SCB,2120,2299,2162,2197,120589,269724512
2017-12-11,SCB,2197,2235,2163,2192,27627,60647956
2017-12-12,SCB,2192,2225,2175,2180,18094,39634772
2017-12-13,SCB,2180,2191,2165,2180,17060,37126400
2017-12-14,SCB,2180,2195,2173,2179,12165,26548240
2017-12-17,SCB,2179,2190,2161,2170,14568,31700122
2017-12-18,SCB,2170,2173,2150,2155,14781,32008748
2017-12-19,SCB,2155,2155,2104,2105,9884,21046512
2017-12-20,SCB,2105,2115,2081,2113,13642,28640134
2017-12-21,SCB,2113,2121,2085,2086,18016,37730008
2017-12-24,SCB,2086,2103,2075,2077,40391,84538800
2017-12-26,SCB,2077,2077,2010,2010,40946,83375848
2017-12-27,SCB,2010,2005,1949,1955,54654,107416152
2017-12-28,SCB,1955,1960,1895,1900,118362,228028288
2017-12-31,SCB,950,967,898,967,21302,20084096
2018-01-01,SCB,967,1040,979,1033,28711,28862066
2018-01-02,SCB,1033,1097,1044,1080,60993,65871840
2018-01-03,SCB,1080,1094,1050,1051,36459,39175500
2018-01-04,SCB,1051,1068,1051,1064,18644,19836476
2018-01-07,SCB,1064,1065,1050,1057,13864,14637871
2018-01-08,SCB,1057,1075,1063,1068,13841,14784062
2018-01-09,SCB,1068,1078,1064,1067,17113,18271888
2018-01-10,SCB,1067,1067,1050,1053,14182,14964064
2018-01-14,SCB,1053,1055,1035,1038,12977,13551468
2018-01-16,SCB,1038,1033,1005,1013,11604,11772283
2018-01-17,SCB,1013,1013,999,1000,13349,13387003
2018-01-21,SCB,1000,1013,995,1000,15026,15133309
2018-01-22,SCB,1000,1020,1002,1003,6203,6246220
2018-01-23,SCB,1003,1010,998,1005,6459,6468913
2018-01-24,SCB,1005,1010,998,1003,9386,9389241
2018-01-25,SCB,1003,1008,998,1002,5513,5514884
2018-01-28,SCB,1002,1004,995,995,10365,10345381
2018-01-29,SCB,995,998,985,998,7220,7159562
2018-01-31,SCB,998,1004,990,990,8280,8270261
2018-02-01,SCB,990,1004,988,995,5301,5292897
2018-02-04,SCB,995,1010,1000,1002,7248,7265786
2018-02-05,SCB,1002,1010,998,1000,5899,5908159
2018-02-06,SCB,1000,1002,995,996,7667,7646651
2018-02-07,SCB,996,996,987,988,3716,3680976
2018-02-08,SCB,988,999,991,997,4849,4830555
2018-02-11,SCB,997,1004,991,991,3812,3796499
2018-02-12,SCB,991,1000,990,994,4000,3968614
2018-02-14,SCB,994,998,978,990,4703,4644956
2018-02-15,SCB,990,1008,992,995,11051,11033164
2018-02-18,SCB,1010,1050,995,999,15350,15522447
2018-02-20,SCB,1012,1012,995,999,5366,5363346
2018-02-21,SCB,996,996,977,977,9114,8958601
2018-02-22,SCB,980,984,978,980,4169,4087299
2018-02-25,SCB,980,980,961,961,9309,9052050
2018-02-26,SCB,974,974,940,949,8870,8486780
2018-02-27,SCB,945,958,941,948,9352,8873306
2018-02-28,SCB,950,954,931,940,9650,9104305
2018-03-04,SCB,935,935,890,900,10099,9173521
2018-03-05,SCB,905,906,875,888,22167,19578300
2018-03-06,SCB,888,900,870,888,13892,12261341
2018-03-07,SCB,895,904,893,900,20416,18344404
2018-03-11,SCB,901,910,885,894,11396,10161079
2018-03-12,SCB,900,900,875,878,11726,10336844
2018-03-13,SCB,895,900,880,890,4574,4058253
2018-03-14,SCB,890,898,885,893,3930,3497462
2018-03-15,SCB,895,901,894,894,4524,4059206
2018-03-18,SCB,895,895,887,893,3684,3280932
2018-03-19,SCB,893,900,893,893,6771,6054958
2018-03-20,SCB,893,893,880,880,7391,6545648
2018-03-21,SCB,885,886,870,875,5435,4760984
2018-03-22,SCB,870,873,857,867,5547,4791206
2018-03-26,SCB,856,860,830,830,6991,5903228
2018-03-27,SCB,830,880,776,872,9284,7460102
2018-03-28,SCB,888,895,820,864,20671,17676488
2018-03-29,SCB,870,875,864,865,11314,9849557
2018-04-01,SCB,860,870,790,825,20742,17068912
2018-04-02,SCB,820,831,796,820,15085,12351393
2018-04-03,SCB,820,824,812,820,13327,10914318
2018-04-04,SCB,825,839,820,837,12146,10042138
2018-04-05,SCB,849,852,838,848,21550,18226240
2018-04-08,SCB,850,881,850,880,27522,23787308
2018-04-09,SCB,890,907,875,888,25892,23061122
2018-04-10,SCB,888,888,853,861,10917,9549347
2018-04-11,SCB,861,863,850,860,9939,8524920
2018-04-12,SCB,865,870,855,855,13299,11464870
2018-04-15,SCB,856,859,830,850,8569,7255767
2018-04-16,SCB,836,867,836,845,13734,11708975
2018-04-17,SCB,850,865,850,852,12628,10793827
2018-04-18,SCB,860,899,845,888,21829,18927284
2018-04-19,SCB,888,897,860,890,19648,17407504
2018-04-22,SCB,895,902,880,900,21001,18730056
2018-04-23,SCB,904,910,875,875,21063,18794506
2018-04-24,SCB,886,886,855,857,14031,12103830
2018-04-25,SCB,857,869,851,862,11791,10117211
2018-04-26,SCB,858,866,838,844,19818,16810948
2018-04-29,SCB,842,849,828,843,7314,6134278
2018-05-02,SCB,845,845,828,835,9031,7513976
2018-05-03,SCB,840,847,835,836,9730,8172707
2018-05-06,SCB,820,840,820,835,7949,6615354
2018-05-07,SCB,830,831,822,826,11942,9857313
2018-05-08,SCB,826,839,825,830,9430,7813655
2018-05-09,SCB,831,833,822,828,6500,5390618
2018-05-10,SCB,828,830,823,825,6840,5648960
2018-05-14,SCB,825,829,820,824,11884,9774461
2018-05-15,SCB,820,826,819,822,4822,3961282
2018-05-16,SCB,816,825,815,817,9163,7498280
2018-05-17,SCB,820,831,814,817,7883,6454689
2018-05-20,SCB,825,826,810,816,7347,5984058
2018-05-21,SCB,817,819,812,815,4092,3331540
2018-05-22,SCB,814,817,810,812,5513,4487216
2018-05-23,SCB,808,825,800,810,3542,2883004
2018-05-24,SCB,811,813,805,806,6998,5648608
2018-05-27,SCB,806,810,790,800,8147,6527484
2018-05-28,SCB,800,830,798,817,12843,10335874
2018-05-29,SCB,811,825,805,821,5855,4772302
2018-05-30,SCB,810,820,810,815,2830,2312768
2018-05-31,SCB,820,820,803,805,5122,4135998
2018-06-03,SCB,791,800,784,789,5107,4054156
2018-06-04,SCB,799,799,784,792,7736,6099535
2018-06-06,SCB,807,820,795,800,3140,2531803
2018-06-07,SCB,810,810,779,780,8081,6365780
2018-06-10,SCB,780,785,755,770,9562,7313391
2018-06-11,SCB,770,785,765,775,4618,3577339
2018-06-12,SCB,775,784,767,774,7473,5810809
2018-06-13,SCB,774,775,766,775,4151,3200473
2018-06-14,SCB,780,788,770,770,8300,6431254
2018-06-17,SCB,770,773,756,773,2307,1771128
2018-06-18,SCB,765,772,760,770,6099,4681421
2018-06-19,SCB,769,770,760,760,4920,3750063
2018-06-20,SCB,750,769,750,755,3494,2656582
2018-06-21,SCB,755,761,751,754,3266,2468763
2018-06-24,SCB,765,765,750,751,7640,5756054
2018-06-25,SCB,740,756,740,747,6687,5003831
2018-06-26,SCB,747,749,730,731,9338,6886207
2018-06-27,SCB,740,743,730,740,4796,3528375
2018-06-28,SCB,745,745,730,736,9462,6954773
2018-07-01,SCB,737,737,725,729,5504,4013413
2018-07-02,SCB,724,731,720,728,3846,2786118
2018-07-03,SCB,728,728,714,725,5673,4093073
2018-07-04,SCB,722,729,717,726,9143,6597749
2018-07-05,SCB,726,752,726,746,6235,4644401
2018-07-08,SCB,760,785,759,768,8383,6433214
2018-07-09,SCB,770,770,746,751,4165,3135543
2018-07-10,SCB,751,760,745,760,4598,3468975
2018-07-11,SCB,760,770,757,758,3859,2936383
2018-07-12,SCB,772,770,735,740,7374,5549707
2018-07-15,SCB,741,757,740,755,4983,3703512
2018-07-16,SCB,755,760,747,755,3877,2916349
2018-07-17,SCB,754,755,748,753,3427,2575791
2018-07-18,SCB,753,754,749,754,4026,3020528
2018-07-19,SCB,745,750,744,748,4273,3195451
2018-07-22,SCB,752,752,746,747,3044,2279214
2018-07-23,SCB,749,750,745,748,2043,1526985
2018-07-24,SCB,750,760,750,757,4466,3373964
2018-07-25,SCB,757,760,750,758,2642,1998168
2018-07-26,SCB,749,759,749,752,3856,2905537
2018-07-29,SCB,750,756,750,752,4100,3090689
2018-07-30,SCB,760,760,750,752,7622,5749464
2018-07-31,SCB,752,755,746,749,7607,5699965
2018-08-01,SCB,750,750,742,746,6595,4921338
2018-08-02,SCB,743,748,740,747,2531,1880665
2018-08-05,SCB,745,749,726,726,5653,4169109
2018-08-06,SCB,731,739,729,735,6009,4403131
2018-08-07,SCB,721,739,721,735,6846,5028996
2018-08-08,SCB,736,744,729,729,5366,3939543
2018-08-09,SCB,730,740,727,729,3976,2904158
2018-08-12,SCB,730,733,726,730,5457,3973982
2018-08-13,SCB,730,734,725,726,5630,4095343
2018-08-14,SCB,720,733,720,725,8772,6371023
2018-08-15,SCB,724,755,724,755,8058,5871876
2018-08-16,SCB,760,766,742,744,7111,5320652
2018-08-19,SCB,744,745,726,727,4494,3295964
2018-08-20,SCB,725,735,725,730,5404,3924197
2018-08-21,SCB,730,730,720,725,4060,2947155
2018-08-22,SCB,722,728,722,728,3318,2405609
2018-08-23,SCB,729,730,723,725,3058,2217745
2018-08-26,SCB,726,728,719,719,5749,4155172
2018-08-28,SCB,715,720,710,713,9638,6885024
2018-08-29,SCB,719,719,706,711,5590,3969421
2018-08-30,SCB,721,721,707,715,6503,4620167
2018-09-02,SCB,717,717,708,708,8085,5756973
2018-09-03,SCB,710,720,709,709,8886,6331611
2018-09-04,SCB,711,714,708,710,7895,5608253
2018-09-05,SCB,715,720,712,717,6501,4655054
2018-09-06,SCB,720,733,716,717,8176,5891698
2018-09-09,SCB,717,722,715,722,7304,5253303
2018-09-10,SCB,723,723,715,715,7660,5502914
2018-09-11,SCB,716,716,710,715,8029,5723932
2018-09-12,SCB,712,717,711,717,4873,3479277
2018-09-13,SCB,713,720,713,715,7739,5540993
2018-09-16,SCB,722,722,700,720,11172,7997205
2018-09-17,SCB,722,729,716,716,4366,3142410
2018-09-18,SCB,730,730,716,720,3859,2770422
2018-09-20,SCB,720,720,707,712,8302,5903942
2018-09-23,SCB,710,714,709,709,7325,5206042
2018-09-25,SCB,713,719,705,707,14346,10171087
2018-09-26,SCB,710,715,708,708,7884,5613625
2018-09-27,SCB,707,710,702,710,11446,8078276
2018-09-30,SCB,705,709,700,700,12333,8678210
2018-10-01,SCB,705,709,692,695,9853,6884026
2018-10-02,SCB,698,700,690,691,10074,7004089
2018-10-03,SCB,691,700,690,691,6082,4206956
2018-10-04,SCB,691,694,689,690,6988,4829244
2018-10-07,SCB,689,690,681,690,5480,3768293
2018-10-08,SCB,690,693,690,690,5429,3752384
2018-10-09,SCB,690,691,686,688,3268,2249869
2018-10-10,SCB,685,692,685,692,3772,2602040
2018-10-11,SCB,690,700,690,700,6717,4647648
2018-10-14,SCB,702,708,699,708,3086,2165990
2018-10-15,SCB,715,715,705,707,2160,1532580
2018-10-21,SCB,705,713,705,710,1253,890460
2018-10-22,SCB,705,710,703,710,1153,813900
2018-10-23,SCB,708,711,705,709,1437,1016030
2018-10-24,SCB,710,711,705,708,2532,1789209
2018-10-25,SCB,714,714,700,700,3367,2366105
2018-10-28,SCB,690,697,690,694,2823,1959522
2018-10-29,SCB,686,693,686,688,3630,2503748
2018-10-30,SCB,688,694,687,690,1794,1237440
2018-10-31,SCB,691,693,690,691,2068,1428114
2018-11-01,SCB,691,695,691,691,3137,2171579
2018-11-04,SCB,685,690,670,676,4675,3169012
2018-11-05,SCB,688,688,675,685,1865,1270026
2018-11-06,SCB,685,689,676,690,400,275170
2018-11-11,SCB,690,690,621,632,11703,7390247
2018-11-12,SCB,621,632,610,613,9462,5828948
2018-11-13,SCB,613,628,613,625,7080,4408908
2018-11-14,SCB,628,628,622,625,6337,3959283
2018-11-15,SCB,628,629,622,629,9575,5971574
2018-11-18,SCB,620,620,613,615,4750,2926913
2018-11-19,SCB,605,615,605,609,5670,3455897
2018-11-20,SCB,609,612,606,606,4236,2582496
2018-11-21,SCB,606,606,596,599,7184,4311854
2018-11-22,SCB,599,599,588,597,8692,5142835
2018-11-25,SCB,608,608,585,585,8119,4799857
2018-11-26,SCB,580,588,577,580,10004,5820007
2018-11-27,SCB,580,590,573,573,11710,6762733
2018-11-28,SCB,575,582,573,576,3491,2018108
2018-11-29,SCB,577,578,570,570,4919,2827418
2018-12-02,SCB,570,570,560,560,14201,7994523
2018-12-03,SCB,550,564,550,550,15518,8652668
2018-12-04,SCB,550,560,550,560,11761,6563807
2018-12-05,SCB,558,566,550,554,8581,4763470
2018-12-06,SCB,565,568,550,565,4894,2729278
2018-12-09,SCB,570,583,566,583,5205,2987856
2018-12-10,SCB,584,600,582,598,12924,7660073
2018-12-11,SCB,595,605,595,599,8512,5088450
2018-12-12,SCB,610,613,603,612,8137,4949814
2018-12-13,SCB,620,620,610,619,5019,3088143
2018-12-16,SCB,622,636,622,629,9518,6006703
2018-12-17,SCB,618,630,618,629,5185,3249760
2018-12-18,SCB,625,626,613,614,8781,5449633
2018-12-19,SCB,614,616,605,606,7747,4743116
2018-12-20,SCB,610,618,610,613,2236,1371342
2018-12-23,SCB,625,628,620,625,6527,4063597
2018-12-24,SCB,637,637,619,619,4227,2633963
2018-12-25,SCB,620,624,615,621,1330,824240
2018-12-26,SCB,619,627,615,623,4546,2825345
2018-12-27,SCB,635,635,618,623,6195,3878867
2018-12-30,SCB,625,628,622,623,2464,1537502
2018-12-31,SCB,635,635,615,616,6340,3922626
2019-01-01,SCB,625,625,616,621,5222,3233355
2019-01-02,SCB,621,623,615,615,3265,2016649
2019-01-03,SCB,610,616,606,606,7471,4558979
2019-01-06,SCB,605,609,596,600,3683,2215834
2019-01-07,SCB,612,612,596,600,3465,2073551
2019-01-08,SCB,601,608,601,603,2777,1676440
2019-01-09,SCB,597,610,597,605,4415,2673540
2019-01-10,SCB,602,610,602,608,12060,7339714
2019-01-13,SCB,600,600,586,589,6026,3550782
2019-01-14,SCB,586,593,585,590,2299,1353637
2019-01-15,SCB,590,592,587,592,1839,1084330
2019-01-16,SCB,590,599,590,594,2390,1421430
2019-01-17,SCB,590,599,589,589,5909,3497577
2019-01-20,SCB,590,590,575,575,3606,2112998
2019-01-21,SCB,575,578,563,571,5777,3298901
2019-01-22,SCB,570,580,565,575,3794,2176820
2019-01-23,SCB,575,576,565,570,11499,6517167
2019-01-24,SCB,560,573,560,567,5178,2944095
2019-01-27,SCB,560,568,560,565,4985,2806168
2019-01-28,SCB,565,569,561,564,3900,2198680
2019-01-29,SCB,565,567,562,563,5320,3002691
2019-01-30,SCB,563,565,562,562,4396,2479229
2019-01-31,SCB,572,572,563,565,2462,1389353
2019-02-03,SCB,568,569,564,564,3165,1788518
2019-02-04,SCB,556,563,555,557,5934,3309372
2019-02-05,SCB,551,570,550,556,4021,2251076
2019-02-06,SCB,555,560,553,556,3455,1922385
2019-02-07,SCB,561,561,555,556,2152,1198152
2019-02-10,SCB,557,558,550,550,3855,2130890
2019-02-11,SCB,554,555,545,551,4352,2396795
2019-02-12,SCB,550,550,547,547,4004,2196651
2019-02-13,SCB,552,555,541,542,4235,2304366
2019-02-14,SCB,543,544,531,536,6255,3368918
2019-02-17,SCB,537,542,528,536,6723,3609120
2019-02-18,SCB,537,537,527,528,5840,3096565
2019-02-19,SCB,530,540,528,534,1919,1020776
2019-02-20,SCB,540,540,530,534,2409,1287966
2019-02-21,SCB,539,540,534,534,7405,3983095
2019-02-24,SCB,534,534,525,527,6349,3348455
2019-02-25,SCB,527,529,521,525,7089,3726347
2019-02-26,SCB,534,534,524,530,2402,1264599
2019-02-27,SCB,525,534,525,530,2368,1254528
2019-03-03,SCB,521,531,521,525,5559,2933701
2019-03-05,SCB,524,530,520,528,7650,4022050
2019-03-06,SCB,528,532,528,532,5029,2666006
2019-03-07,SCB,535,536,530,533,6406,3408486
2019-03-10,SCB,530,540,528,536,364,194384
2019-03-11,SCB,535,541,535,540,9615,5179246
2019-03-12,SCB,542,566,540,566,13279,7303364
2019-03-13,SCB,570,572,562,565,9116,5181227
2019-03-14,SCB,576,576,560,574,6842,3872308
2019-03-17,SCB,575,591,575,583,11221,6550411
2019-03-18,SCB,583,587,582,583,6976,4083612
2019-03-19,SCB,580,590,577,577,5041,2928088
2019-03-21,SCB,577,580,567,571,6187,3530073
2019-03-24,SCB,571,571,555,558,5624,3149530
2019-03-25,SCB,555,572,552,568,6320,3535503
2019-03-26,SCB,570,570,560,564,2659,1499585
2019-03-27,SCB,555,574,555,570,3764,2143070
2019-03-28,SCB,563,574,563,568,4230,2407228
2019-03-31,SCB,579,579,565,565,7189,4084800
2019-04-01,SCB,557,569,557,567,7755,4380235
2019-04-02,SCB,567,584,567,583,18598,10717104
2019-04-03,SCB,580,591,571,579,7791,4536009
2019-04-04,SCB,575,580,569,574,4073,2344126
2019-04-07,SCB,584,585,573,585,8125,4707783
2019-04-08,SCB,587,602,587,592,7535,4479622
2019-04-09,SCB,592,599,585,592,7624,4519601
2019-04-10,SCB,595,597,584,590,3391,2001436
2019-04-11,SCB,592,594,590,591,4175,2469213
2019-04-15,SCB,585,588,580,587,2164,1262160
2019-04-16,SCB,584,597,584,595,4704,2783232
2019-04-17,SCB,605,610,597,600,4817,2907736
2019-04-18,SCB,601,625,598,621,7571,4646120
2019-04-21,SCB,622,683,621,683,14140,9213318
2019-04-22,SCB,696,741,696,710,52924,38144964
2019-04-23,SCB,711,735,697,727,25602,18363808
2019-04-24,SCB,720,732,720,722,17286,12550055
2019-04-25,SCB,722,735,722,723,16914,12310591
2019-04-28,SCB,737,755,721,723,16855,12322177
2019-04-29,SCB,723,723,700,720,13637,9763597
2019-04-30,SCB,734,734,700,705,7935,5621474
2019-05-02,SCB,710,710,685,690,10941,7612320
2019-05-05,SCB,690,693,684,686,12949,8905091
2019-05-06,SCB,690,710,674,710,20390,13956911
2019-05-07,SCB,710,724,702,709,17873,12755038
2019-05-08,SCB,709,710,696,704,5945,4181235
2019-05-09,SCB,710,710,686,690,8193,5677218
2019-05-12,SCB,690,700,685,689,5656,3898932
2019-05-13,SCB,699,699,690,691,6791,4704046
2019-05-14,SCB,690,705,680,699,7659,5293165
2019-05-15,SCB,699,710,690,695,9835,6848182
2019-05-16,SCB,695,695,686,689,9831,6779667
2019-05-19,SCB,691,700,681,690,7010,4833652
2019-05-20,SCB,692,692,681,689,4787,3294954
2019-05-21,SCB,699,699,684,690,4375,3027179
2019-05-22,SCB,690,695,686,687,4797,3310221
2019-05-23,SCB,684,686,678,685,13815,9427805
2019-05-26,SCB,680,680,673,680,3801,2579629
2019-05-27,SCB,672,680,671,677,2965,2007123
2019-05-28,SCB,677,680,670,680,5844,3934260
2019-05-29,SCB,680,683,675,678,4549,3091736
2019-05-30,SCB,691,715,691,703,17827,12501954
2019-06-02,SCB,702,702,676,692,7134,4942159
2019-06-03,SCB,690,690,682,684,6616,4524508
2019-06-04,SCB,689,690,674,679,4823,3267408
2019-06-06,SCB,670,677,667,673,4306,2893352
2019-06-10,SCB,668,680,667,675,7665,5146543
2019-06-11,SCB,673,676,671,672,4245,2856873
2019-06-12,SCB,673,674,660,669,11752,7817010
2019-06-13,SCB,670,670,659,659,8870,5880862
2019-06-16,SCB,659,663,657,661,3927,2594514
2019-06-17,SCB,661,669,658,665,4405,2915431
2019-06-18,SCB,665,677,661,665,5108,3392644
2019-06-19,SCB,670,670,660,661,3211,2123454
2019-06-20,SCB,662,667,662,665,1949,1293797
2019-06-23,SCB,670,670,655,661,5040,3323596
2019-06-24,SCB,660,665,655,665,6963,4587774
2019-06-25,SCB,663,665,660,664,3499,2313532
2019-06-26,SCB,657,667,655,661,1844,1220231
2019-06-27,SCB,660,666,660,664,6617,4386376
2019-06-30,SCB,674,674,656,657,7343,4852022
2019-07-01,SCB,660,660,650,654,5154,3368496
2019-07-02,SCB,651,655,650,654,38037,24802344
2019-07-03,SCB,667,675,659,669,9379,6250990
2019-07-04,SCB,675,675,662,665,12296,8223627
2019-07-07,SCB,665,665,659,661,6786,4488226
2019-07-08,SCB,660,660,653,655,3927,2580864
2019-07-09,SCB,655,661,650,660,5159,3385439
2019-07-10,SCB,656,671,653,669,5279,3476027
2019-07-11,SCB,660,671,660,669,7964,5325012
2019-07-14,SCB,665,670,663,669,2348,1567418
2019-07-15,SCB,670,685,665,673,12382,8308994
2019-07-16,SCB,706,706,670,682,2826,1914498
2019-07-17,SCB,676,688,676,688,9002,6160136
2019-07-18,SCB,698,698,677,678,5495,3761280
2019-07-21,SCB,678,678,670,674,3992,2687145
2019-07-22,SCB,674,682,674,679,4173,2825723
2019-07-23,SCB,679,687,674,677,5153,3492100
2019-07-24,SCB,680,686,675,680,7120,4851227
2019-07-25,SCB,675,680,670,672,4605,3106066
2019-07-28,SCB,660,670,660,669,2190,1456971
2019-07-29,SCB,660,666,660,664,2955,1961420
2019-07-30,SCB,666,669,663,666,1650,1097648
2019-07-31,SCB,669,673,667,670,2993,2005399
2019-08-01,SCB,670,670,665,667,12692,8447087
2019-08-04,SCB,670,670,662,662,2753,1827576
2019-08-05,SCB,663,665,658,664,3672,2426791
2019-08-06,SCB,670,670,650,655,6048,3944832
2019-08-07,SCB,650,658,646,651,19707,12868746
2019-08-08,SCB,646,654,646,650,4169,2701000
2019-08-11,SCB,643,658,634,652,11730,7604830
2019-08-12,SCB,645,655,645,650,3503,2278149
2019-08-13,SCB,650,655,645,655,6080,3943594
2019-08-14,SCB,645,651,645,646,2066,1338106
2019-08-15,SCB,646,650,640,650,2832,1828444
2019-08-18,SCB,653,655,639,640,6325,4068044
2019-08-19,SCB,647,651,638,642,3571,2297806
2019-08-20,SCB,642,642,637,640,3444,2206057
2019-08-21,SCB,640,640,633,634,7681,4885451
2019-08-22,SCB,631,645,631,638,7499,4794438
2019-08-25,SCB,640,640,630,634,5168,3269742
2019-08-26,SCB,630,634,622,625,7093,4443682
2019-08-27,SCB,630,635,626,631,3490,2193678
2019-08-28,SCB,632,633,620,622,7340,4584386
2019-08-29,SCB,622,630,617,625,6037,3756522
2019-09-01,SCB,621,622,615,617,5397,3338922
2019-09-02,SCB,615,615,602,613,7256,4421080
2019-09-03,SCB,610,622,600,622,8738,5326962
2019-09-04,SCB,623,635,620,622,3326,2079562
2019-09-05,SCB,620,626,615,622,4894,3036476
2019-09-08,SCB,611,614,607,610,10644,6498179
2019-09-09,SCB,608,608,595,600,7318,4378080
2019-09-10,SCB,591,601,588,588,6395,3784983
2019-09-11,SCB,590,594,588,588,7023,4142959
2019-09-12,SCB,590,590,584,588,3735,2186091
2019-09-15,SCB,580,585,550,557,12469,6980578
2019-09-16,SCB,551,560,545,558,5491,3027680
2019-09-17,SCB,566,575,551,570,7538,4268527
2019-09-18,SCB,581,592,559,572,12704,7263914
2019-09-19,SCB,575,578,570,571,3745,2149606
2019-09-22,SCB,553,567,550,555,11079,6141801
2019-09-23,SCB,555,572,552,561,6871,3873486
2019-09-24,SCB,561,563,557,562,8097,4533916
2019-09-25,SCB,563,565,557,558,8382,4692183
2019-09-26,SCB,559,560,555,556,4052,2254668
2019-09-29,SCB,557,557,551,551,5985,3304514
2019-09-30,SCB,555,570,555,569,3369,1902259
2019-10-01,SCB,569,583,565,578,7688,4437892
2019-10-02,SCB,580,583,571,571,4996,2876251
2019-10-03,SCB,572,586,572,580,7660,4447185
2019-10-10,SCB,590,590,585,587,1274,747815
2019-10-14,SCB,585,587,565,570,5359,3075745
2019-10-15,SCB,565,576,560,576,4100,2347141
2019-10-16,SCB,578,578,570,570,3309,1896363
2019-10-17,SCB,570,575,570,573,5965,3412614
2019-10-20,SCB,570,570,562,565,3722,2110678
2019-10-21,SCB,565,565,541,550,7033,3894815
2019-10-22,SCB,550,561,539,557,4454,2457965
2019-10-23,SCB,555,567,552,567,9072,5065285
2019-10-24,SCB,565,570,554,566,3977,2246599
2019-10-31,SCB,566,575,555,567,4771,2684576
2019-11-03,SCB,567,567,556,558,2403,1350596
2019-11-04,SCB,550,559,550,558,4573,2541446
2019-11-05,SCB,558,563,555,563,3212,1794765
2019-11-06,SCB,563,564,555,557,2092,1165486
2019-11-07,SCB,555,558,555,556,1741,969080
2019-11-10,SCB,554,556,550,550,5901,3261603
2019-11-11,SCB,551,555,551,554,3241,1793205
2019-11-12,SCB,555,555,544,549,4361,2381961
2019-11-13,SCB,550,550,546,548,2838,1555063
2019-11-14,SCB,550,550,545,549,3440,1886366
2019-11-17,SCB,545,551,543,550,5689,3121664
2019-11-18,SCB,545,558,545,553,2330,1287455
2019-11-19,SCB,545,555,545,548,9745,5351102
2019-11-20,SCB,548,551,546,550,3906,2143865
2019-11-21,SCB,550,555,547,550,5236,2879038
2019-11-24,SCB,550,556,549,555,18279,10078911
2019-11-25,SCB,544,544,521,525,10085,5299182
2019-11-26,SCB,525,526,521,525,6593,3450649
2019-11-27,SCB,523,529,522,528,3206,1684211
2019-11-28,SCB,525,529,523,523,10085,5290896
2019-12-01,SCB,525,527,525,525,6052,3179652
2019-12-02,SCB,525,527,525,525,3064,1610020
2019-12-03,SCB,525,529,525,526,2866,1510216
2019-12-04,SCB,525,529,525,526,3036,1598598
2019-12-05,SCB,527,530,526,527,3759,1983523
2019-12-08,SCB,530,530,526,526,2370,1250789
2019-12-09,SCB,528,542,525,531,6560,3465750
2019-12-10,SCB,541,541,532,537,3106,1669479
2019-12-11,SCB,540,541,536,536,4140,2229979
2019-12-12,SCB,535,540,535,538,4459,2393525
2019-12-15,SCB,540,555,535,540,8126,4403871
2019-12-16,SCB,545,550,536,538,4616,2488893
2019-12-17,SCB,538,538,535,538,2469,1323071
2019-12-18,SCB,538,538,535,535,1770,948355
2019-12-19,SCB,535,536,532,535,4273,2282597
2019-12-22,SCB,535,535,528,528,4526,2398543
2019-12-23,SCB,530,534,529,531,5099,2703277
2019-12-24,SCB,538,541,531,535,2423,1298405
2019-12-25,SCB,535,536,532,532,1544,823926
2019-12-26,SCB,530,535,530,532,5762,3066343
2019-12-29,SCB,532,532,525,528,4128,2177603
2019-12-30,SCB,529,535,528,535,3095,1645306
2019-12-31,SCB,536,536,530,530,6075,3224888
2020-01-01,SCB,530,534,530,534,5560,2950524
2020-01-02,SCB,530,539,529,538,6666,3563707
2020-01-05,SCB,537,553,537,548,15207,8296933
2020-01-06,SCB,550,568,548,567,19081,10693024
2020-01-07,SCB,570,579,568,579,13156,7529342
2020-01-08,SCB,580,583,570,573,12690,7330933
2020-01-09,SCB,565,574,565,565,7416,4220652
2020-01-12,SCB,565,585,565,573,14279,8231104
2020-01-13,SCB,584,606,582,590,15426,9106008
2020-01-14,SCB,590,595,582,586,10002,5887906
2020-01-15,SCB,596,602,586,602,7243,4313286
2020-01-16,SCB,603,636,603,635,15793,9765397
2020-01-19,SCB,640,647,635,645,15165,9763832
2020-01-20,SCB,657,664,635,642,17385,11227609
2020-01-21,SCB,635,640,623,631,13015,8219955
2020-01-22,SCB,630,631,613,613,9630,5985724
2020-01-23,SCB,613,618,601,610,14216,8664779
2020-01-26,SCB,600,606,591,595,19476,11685257
2020-01-27,SCB,593,604,590,604,15218,9131522
2020-01-28,SCB,605,613,605,609,8174,4985130
2020-01-29,SCB,603,607,601,601,4821,2910155
2020-01-30,SCB,601,614,599,609,10970,6664876
2020-02-02,SCB,611,630,611,628,19747,12277263
2020-02-03,SCB,630,635,623,625,12262,7690620
2020-02-04,SCB,625,630,610,611,8464,5253605
2020-02-05,SCB,606,618,605,615,6666,4083118
2020-02-06,SCB,620,620,611,612,8066,4945033
2020-02-09,SCB,605,612,605,607,9046,5511062
2020-02-10,SCB,609,612,602,608,5730,3471920
2020-02-11,SCB,617,617,606,613,12262,7475540
2020-02-12,SCB,616,616,610,611,9020,5526068
2020-02-13,SCB,610,612,607,609,9719,5917067
2020-02-16,SCB,605,610,600,610,11725,7105320
2020-02-17,SCB,612,651,612,650,44902,28469436
2020-02-18,SCB,660,670,644,652,37133,24426640
2020-02-19,SCB,660,660,640,650,9222,5975679
2020-02-20,SCB,659,659,643,658,16101,10506347
2020-02-23,SCB,670,722,660,715,39731,27467398
2020-02-24,SCB,729,741,707,716,52974,38478644
2020-02-25,SCB,715,728,700,725,26976,19303784
2020-02-26,SCB,720,770,720,770,50971,38315112
2020-02-27,SCB,770,839,735,837,85420,69169976
2020-03-01,SCB,840,850,809,814,95777,79236944
2020-03-02,SCB,799,799,735,735,48522,37272436
2020-03-03,SCB,735,763,695,745,74032,54612048
2020-03-04,SCB,740,758,694,712,46641,33663024
2020-03-05,SCB,698,718,650,700,34842,24114952
2020-03-10,SCB,686,686,630,632,20941,13797572
2020-03-11,SCB,640,694,635,690,37859,24836894
2020-03-12,SCB,690,703,657,667,41208,27943236
2020-03-15,SCB,654,666,627,627,38985,24861354
2020-03-16,SCB,627,646,618,628,28891,18192168
2020-03-17,SCB,621,625,598,608,24876,15206130
2020-03-18,SCB,598,612,588,595,22653,13493424
2020-03-19,SCB,585,610,562,604,30135,17916094
2020-03-22,SCB,595,595,583,590,4563,2682559
2020-05-12,SCB,579,579,573,573,301,173373
2020-05-13,SCB,562,562,556,556,110,61460
2020-06-29,SCB,545,545,505,535,7561,3945350
2020-06-30,SCB,537,588,537,588,4365,2421356
2020-07-01,SCB,599,646,599,646,1500,958240
2020-07-02,SCB,658,695,590,590,5441,3508356
2020-07-05,SCB,600,600,572,592,15274,8965081
2020-07-06,SCB,590,606,580,604,9911,5918909
2020-07-07,SCB,616,632,616,625,16776,10451564
2020-07-08,SCB,627,636,602,606,14568,8966648
2020-07-09,SCB,606,630,605,612,13740,8451839
2020-07-12,SCB,615,625,615,621,9497,5896891
2020-07-13,SCB,621,630,618,625,11086,6898749
2020-07-14,SCB,622,627,618,624,6367,3963715
2020-07-15,SCB,624,645,617,645,15797,10014786
2020-07-16,SCB,654,660,643,655,16406,10693153
2020-07-19,SCB,668,694,668,694,30,20430
2020-07-20,SCB,725,754,681,700,51322,36600196
2020-07-21,SCB,700,710,671,685,25907,17965304
2020-07-22,SCB,690,695,672,676,12855,8731609
2020-07-23,SCB,671,690,665,688,16658,11265947
2020-07-26,SCB,700,700,680,699,19061,13158391
2020-07-27,SCB,695,705,693,697,29599,20649844
2020-07-28,SCB,700,700,683,689,15042,10334919
2020-07-29,SCB,677,685,673,675,21038,14265392
2020-07-30,SCB,675,684,670,682,14264,9619035
2020-08-02,SCB,680,680,652,657,25539,16885076
2020-08-03,SCB,650,668,637,657,21265,13886894
2020-08-05,SCB,650,650,630,648,24263,15459487
2020-08-06,SCB,648,648,630,643,9301,5923619
2020-08-09,SCB,631,644,620,644,11509,7332374
2020-08-10,SCB,656,662,635,662,16245,10603652
2020-08-11,SCB,665,672,655,660,14386,9535643
2020-08-12,SCB,673,673,647,662,8504,5592642
2020-08-13,SCB,651,657,651,653,11501,7528478
2020-08-16,SCB,640,646,631,641,16909,10817854
2020-08-17,SCB,642,642,636,640,6519,4162597
2020-08-18,SCB,651,651,640,644,7550,4846653
2020-08-19,SCB,633,640,632,635,6583,4187462
2020-08-20,SCB,630,640,630,639,1981,1258315
2020-08-23,SCB,644,644,632,640,6578,4175661
2020-08-24,SCB,652,661,640,646,8530,5497444
2020-08-25,SCB,657,657,644,648,7280,4713518
2020-08-26,SCB,659,672,650,665,26930,17683802
2020-08-27,SCB,675,675,654,661,11387,7533478
2020-08-30,SCB,631,660,631,658,7817,5126387
2020-08-31,SCB,668,669,655,659,19625,12920033
2020-09-02,SCB,666,675,665,668,31605,21183046
2020-09-03,SCB,670,670,661,670,27508,18328253
2020-09-06,SCB,683,685,659,660,22274,14889249
2020-09-07,SCB,660,662,650,658,19020,12437184
2020-09-08,SCB,651,656,646,653,13437,8770794
2020-09-09,SCB,650,655,645,655,19920,12950163
2020-09-10,SCB,655,667,650,660,10219,6709453
2020-09-13,SCB,652,658,649,656,21997,14354436
2020-09-14,SCB,660,673,659,666,27489,18353221
2020-09-15,SCB,675,675,657,664,14623,9737253
2020-09-16,SCB,656,665,655,659,8386,5529388
2020-09-17,SCB,655,671,655,670,18873,12577203
2020-09-20,SCB,671,695,671,676,31429,21478511
2020-09-21,SCB,681,682,671,671,13734,9282279
2020-09-22,SCB,665,672,663,665,17985,11979928
2020-09-23,SCB,678,678,655,663,8052,5344942
2020-09-24,SCB,660,665,660,664,10537,6986400
2020-09-27,SCB,665,670,662,668,11519,7672475
2020-09-28,SCB,660,672,660,664,12121,8056381
2020-09-29,SCB,665,665,660,660,6094,4031468
2020-09-30,SCB,635,672,635,655,7805,5130714
2020-10-01,SCB,657,668,657,662,9365,6207813
2020-10-04,SCB,664,674,664,669,14384,9632028
2020-10-05,SCB,675,680,664,666,19381,12913147
2020-10-06,SCB,666,670,663,666,9250,6157500
2020-10-07,SCB,669,669,663,665,10959,7283097
2020-10-08,SCB,669,669,660,661,25543,16937599
2020-10-11,SCB,657,661,655,659,17619,11579726
2020-10-12,SCB,659,660,649,655,17890,11649334
2020-10-13,SCB,658,658,650,653,20272,13222785
2020-10-14,SCB,650,657,650,657,11336,7417106
2020-10-15,SCB,665,665,652,658,9350,6118242
2020-10-18,SCB,658,658,650,652,13606,8862743
2020-10-19,SCB,665,665,639,656,7075,4632850
2020-10-20,SCB,660,663,655,660,9154,6021738
2020-10-21,SCB,658,667,657,666,10526,6977847
2020-10-22,SCB,665,670,658,668,20245,13459605
2020-10-28,SCB,671,689,667,689,28361,19262871
2020-10-29,SCB,695,710,681,683,28987,19977962
2020-11-01,SCB,670,670,633,656,89195,58497183
2020-11-02,SCB,688,688,648,651,24578,15991252
2020-11-03,SCB,654,654,646,647,21681,14054148
2020-11-04,SCB,647,652,644,646,17309,11177434
2020-11-05,SCB,645,645,635,636,44695,28497740
2020-11-08,SCB,639,640,630,631,24156,15269593
2020-11-09,SCB,630,630,621,623,38131,23770129
2020-11-10,SCB,624,633,624,629,22741,14299232
2020-11-11,SCB,632,637,627,631,42148,26557023
2020-11-12,SCB,636,644,630,644,34413,21837581
2020-11-18,SCB,635,640,628,633,26437,16699347
2020-11-19,SCB,631,634,627,633,38015,23970388
2020-11-22,SCB,632,643,628,630,55727,35280789
2020-11-23,SCB,632,637,629,630,24028,15207572
2020-11-24,SCB,630,633,627,629,39905,25071948
2020-11-25,SCB,634,640,628,635,45494,28804040
2020-11-26,SCB,640,673,640,662,92425,61237798
2020-11-29,SCB,695,703,672,699,116075,80299716
2020-11-30,SCB,728,730,681,684,79939,55557454
2020-12-01,SCB,675,682,663,668,38097,25632238
2020-12-02,SCB,670,675,660,671,43381,28990654
2020-12-03,SCB,680,700,663,666,38632,25934064
2020-12-06,SCB,663,663,639,639,42758,27703152
2020-12-07,SCB,639,655,635,655,35824,23176753
2020-12-08,SCB,660,665,647,652,40145,26213551
2020-12-09,SCB,641,647,639,640,25173,16163511
2020-12-10,SCB,637,647,634,645,25035,16029612
2020-12-13,SCB,645,669,642,666,30787,20192568
2020-12-14,SCB,666,671,656,667,29738,19747834
2020-12-15,SCB,655,680,655,659,29663,19721966
2020-12-16,SCB,660,667,653,661,32255,21284397
2020-12-17,SCB,672,672,655,662,44307,29346227
2020-12-20,SCB,662,665,638,641,40376,26108801
2020-12-21,SCB,650,650,614,634,62424,39198276
2020-12-22,SCB,634,656,634,650,42181,27164251
2020-12-23,SCB,655,660,650,655,77891,50924797
2020-12-24,SCB,620,627,615,625,40534,25188366
2020-12-27,SCB,625,625,608,609,24295,14922672
2020-12-28,SCB,607,619,601,611,23652,14371666
2020-12-29,SCB,625,625,602,605,15201,9192061
2020-12-30,SCB,610,617,600,615,31936,19423366
2020-12-31,SCB,620,675,620,644,84143,54487037
2021-01-03,SCB,676,676,663,670,82127,54929493
2021-01-04,SCB,701,701,650,658,64305,43154852
2021-01-05,SCB,659,665,646,653,26463,17405202
2021-01-06,SCB,660,660,645,649,31677,20613358
2021-01-07,SCB,681,681,648,652,28003,18213399
2021-01-10,SCB,684,684,645,663,43651,28817299
2021-01-11,SCB,696,696,658,660,32465,21570866
2021-01-12,SCB,662,665,654,662,37843,24951889
2021-01-13,SCB,665,674,662,669,44884,29954344
2021-01-17,SCB,669,680,661,678,76706,51534452
2021-01-18,SCB,690,690,671,676,58492,39613612
2021-01-19,SCB,689,689,660,663,58437,38955010
2021-01-20,SCB,656,670,654,664,39825,26328351
2021-01-21,SCB,664,669,656,656,52455,34611059
2021-01-24,SCB,667,680,657,660,55108,36461127
2021-01-25,SCB,672,673,652,656,56110,36881158
2021-01-26,SCB,656,668,656,665,56537,37485365
2021-01-27,SCB,669,669,656,657,48317,31859295
2021-01-28,SCB,689,689,635,642,76443,49202095
2021-01-31,SCB,640,640,626,628,43770,27594230
2021-02-01,SCB,630,642,625,628,28168,17726376
2021-02-02,SCB,659,659,629,631,41269,26057554
2021-02-03,SCB,635,636,629,631,38229,24159396
2021-02-04,SCB,625,630,624,626,55552,34785954
2021-02-07,SCB,626,628,620,621,54333,33839094
2021-02-08,SCB,625,632,625,630,39795,24989268
2021-02-09,SCB,641,642,626,626,33319,21089668
2021-02-10,SCB,626,629,620,626,47760,29821029
2021-02-11,SCB,627,636,625,627,33198,20868934
2021-02-14,SCB,627,635,622,622,30185,18832631
2021-02-15,SCB,630,678,622,641,72825,45994197
2021-02-16,SCB,655,655,633,637,47696,30490030
2021-02-17,SCB,649,649,630,635,55827,35458071
2021-02-18,SCB,646,649,637,644,79886,51354093
2021-02-21,SCB,655,656,640,652,72056,46679133
2021-02-22,SCB,650,652,634,642,42112,26935383
2021-02-23,SCB,635,637,620,631,37155,23322516
2021-02-24,SCB,640,640,626,632,28665,18131447
2021-02-25,SCB,630,634,625,626,24109,15177391
2021-02-28,SCB,621,626,616,618,39613,24565877
2021-03-01,SCB,629,629,610,616,48763,30061270
2021-03-02,SCB,616,627,608,609,50674,31043844
2021-03-03,SCB,605,609,598,599,44707,26863834
2021-03-04,SCB,600,612,600,608,25050,15243437
2021-03-07,SCB,620,620,605,607,22160,13471069
2021-03-09,SCB,605,609,601,604,27053,16346348
2021-03-10,SCB,601,603,598,599,25719,15432992
2021-03-14,SCB,600,600,585,589,40975,24160102
2021-03-15,SCB,618,618,580,584,24732,14488148
2021-03-16,SCB,586,600,585,588,18133,10704411
2021-03-17,SCB,595,597,590,593,8316,4931677
2021-03-18,SCB,598,600,595,597,12830,7664817
2021-03-21,SCB,596,607,593,605,27834,16675413
2021-03-22,SCB,616,616,600,601,20786,12524830
2021-03-23,SCB,601,603,595,600,22773,13650294
2021-03-24,SCB,605,610,599,600,22330,13414997
2021-03-25,SCB,600,602,596,596,54287,32449363
2021-03-29,SCB,600,602,596,596,16943,10113461
2021-03-30,SCB,596,600,595,597,21573,12857983
2021-03-31,SCB,568,605,568,601,21617,12951558
2021-04-01,SCB,599,620,597,620,73370,44350962
2021-04-04,SCB,620,620,607,613,34173,20891283
2021-04-05,SCB,615,620,603,603,32110,19448504
2021-04-06,SCB,574,606,574,601,27723,16690405
2021-04-07,SCB,600,606,600,602,26038,15689973
2021-04-08,SCB,602,605,600,601,27362,16451421
2021-04-12,SCB,613,613,598,601,29388,17646127
2021-04-13,SCB,601,611,600,608,39641,23964653
2021-04-15,SCB,620,620,607,608,58882,36031342
2021-04-18,SCB,617,618,606,608,40856,24868499
2021-04-19,SCB,638,638,602,603,30922,18672862
2021-04-20,SCB,610,610,598,601,30795,18563667
2021-04-21,SCB,600,605,597,599,31692,19017473
2021-04-22,SCB,600,601,594,600,29697,17794354
2021-04-25,SCB,608,608,590,591,31940,18911497
2021-04-26,SCB,581,591,572,580,28369,16494108
2021-04-27,SCB,580,592,570,591,29716,17236733
2021-04-28,SCB,580,585,580,582,19739,11470865
2021-04-29,SCB,582,582,575,580,23264,13487901
2021-05-02,SCB,581,588,577,581,22069,12870826
2021-05-03,SCB,552,596,552,582,23426,13628064
2021-05-04,SCB,582,584,578,580,18457,10712117
2021-05-05,SCB,580,585,576,577,15351,8870024
2021-05-06,SCB,575,578,571,574,18266,10478203
2021-05-09,SCB,576,580,571,575,19256,11055901
2021-05-10,SCB,573,578,570,577,9768,5621023
2021-05-11,SCB,577,585,577,582,17540,10202723
2021-05-12,SCB,581,581,577,578,12474,7226451
2021-05-13,SCB,576,589,575,576,21034,12133670
2021-05-16,SCB,585,585,577,581,31215,18101359
2021-05-17,SCB,585,590,580,584,26903,15753471
2021-05-18,SCB,613,613,580,594,23987,14163528
2021-05-19,SCB,590,611,590,599,55451,33435048
2021-05-20,SCB,600,607,597,599,26609,15968034
2021-05-23,SCB,628,628,590,605,60386,36348563
2021-05-24,SCB,609,617,606,610,71147,43458948
2021-05-25,SCB,607,610,602,603,27161,16454163
2021-05-27,SCB,596,602,593,600,24619,14714877
2021-05-30,SCB,610,612,596,597,53118,31879485
2021-05-31,SCB,600,601,591,592,43984,26194921
2021-06-01,SCB,610,610,587,593,31823,18775337
2021-06-02,SCB,590,599,586,591,23789,14053604
2021-06-03,SCB,591,600,591,597,56331,33646883
2021-06-06,SCB,608,618,603,611,93685,57263620
2021-06-07,SCB,640,640,605,605,52104,31686221
2021-06-08,SCB,601,609,600,602,55541,33537656
2021-06-09,SCB,615,615,600,602,27458,16544230
2021-06-10,SCB,614,614,595,597,47975,28733187
2021-06-13,SCB,586,604,586,597,32668,19481768
2021-06-14,SCB,600,617,597,612,132482,80684439
2021-06-15,SCB,612,625,610,612,84570,52244956
2021-06-16,SCB,640,640,603,606,35364,21565241
2021-06-17,SCB,611,618,604,604,19532,11828837
2021-06-20,SCB,604,607,590,595,97342,58249734
2021-06-21,SCB,566,605,566,587,35940,21240972
2021-06-22,SCB,584,596,584,594,31093,18447783
2021-06-23,SCB,592,596,590,594,30215,17882310
2021-06-24,SCB,589,599,586,587,27607,16320704
2021-06-27,SCB,558,617,558,602,46767,28127718
2021-06-28,SCB,600,606,596,598,11039,6617360
2021-06-29,SCB,594,600,590,591,25741,15237087
2021-06-30,SCB,591,594,586,590,21140,12457132
2021-07-01,SCB,600,600,588,589,18335,10851986
2021-07-04,SCB,589,595,585,591,22739,13407894
2021-07-05,SCB,591,597,585,592,33479,19696785
2021-07-06,SCB,595,608,585,608,42858,25655671
2021-07-07,SCB,600,605,595,597,20713,12365824
2021-07-08,SCB,590,593,589,591,25948,15319957
2021-07-11,SCB,597,597,591,594,32005,18993750
2021-07-12,SCB,600,600,585,590,39569,23392743
2021-07-13,SCB,600,600,589,591,12623,7455860
2021-07-14,SCB,593,593,589,590,5977,3528717
2021-07-15,SCB,598,598,589,590,11307,6682843
2021-07-18,SCB,579,606,579,601.4,51457,30969416.1
2021-07-19,SCB,613.4,615,598,603,38430,23261353.5
2021-07-20,SCB,600,606,600,601,22197,13348802
2021-07-22,SCB,600,610,599.2,605,75851,45821735.2
2021-07-25,SCB,611,620,607,617,121448,74668112.3
2021-07-26,SCB,629.3,629.3,610,611,48893,30042342.8
2021-07-27,SCB,610,612,598.4,607.1,57500,34805018.7
2021-07-28,SCB,607,608.1,601,604,31653,19137938.5
2021-07-29,SCB,607,607,599,601,38017,22829249.1
2021-08-01,SCB,600.5,610,598,598,38293,22985895.8
2021-08-02,SCB,586.2,602,586.2,602,33094,19795947.5
2021-08-03,SCB,614,614,592.09,599,19384,11580295
2021-08-04,SCB,596,600,594,598,37657,22502001.1
2021-08-05,SCB,598,600,595,595.1,30430,18152631.7
2021-08-08,SCB,607,607,595.09,596,22278,13321421.79
2021-08-09,SCB,596,605,593.1,594,26946,16045402.2
2021-08-10,SCB,605,605,593,600.1,44666,26744601.3
2021-08-11,SCB,600.1,604,595,596,32136,19223449.1
2021-08-12,SCB,596,600,594,597,34165,20392273
2021-08-15,SCB,605,605,588,589,33334,19693699.8
2021-08-16,SCB,589.2,590,582,584,66198,38687586.8
2021-08-17,SCB,585,587,578.1,579,47221,27441189.5
2021-08-18,SCB,576,585,570,581,63097,36358804.8
2021-08-19,SCB,589.9,589.9,570,577,29216,16830712.3
2021-08-24,SCB,577,587.9,570,570.5,41895,24076847.2
2021-08-25,SCB,570.5,576,569,570,30641,17504605.2
2021-08-26,SCB,570,580,566,569,25534,14573593.3
2021-08-29,SCB,576,579,565,565.2,23851,13533961.3
2021-08-31,SCB,566,566,554.7,559,47785,26748232.2
2021-09-01,SCB,559.1,564,557,559.9,26719,14966620.6
2021-09-02,SCB,555,565,555,558,35658,19871050.8
2021-09-05,SCB,558,560,536,545,39728,21760592.8
2021-09-06,SCB,545,565,544,558,26993,14992275.3
2021-09-07,SCB,560,567.5,553.1,555.3,13192,7358063.3
2021-09-08,SCB,550,555,545,548,25209,13833301.6
2021-09-09,SCB,552,552,543,547.5,15818,8632661.6
2021-09-12,SCB,547.5,554,545,550,28512,15657926.7
2021-09-13,SCB,550,561,548,550,21378,11786380.4
2021-09-14,SCB,558,572.3,550,552,19091,10627004.4
2021-09-15,SCB,546,552,546,546,14287,7821530.4
2021-09-16,SCB,540,545,537,538,19453,10499122.5
2021-09-20,SCB,539,546,528,528,26080,13868607.6
2021-09-21,SCB,525,540,515,530,17396,9178831.2
2021-09-22,SCB,540,560,539.2,539.3,12744,6935624.5
2021-09-23,SCB,550,563,545,550,15761,8699175.5
2021-09-26,SCB,560,561,540.2,541.2,9910,5403499.9
2021-09-27,SCB,543,543,531,532.5,9390,5016180.9
2021-09-28,SCB,528,538,519,528,22257,11720148.3
2021-09-29,SCB,517.5,528.5,517.5,527,15656,8232086.2
2021-09-30,SCB,528.5,539,524,528,8533,4507841.7
2021-10-03,SCB,535,535,518,523.8,12868,6726338.4
2021-10-04,SCB,530,530,515,522,7408,3865918.9
2021-10-05,SCB,523,532.4,519,522,13401,7000665.3
2021-10-06,SCB,532.4,550,532.4,536.9,23461,12618253.5
2021-10-10,SCB,547,547,536,537,7862,4245497
2021-10-11,SCB,540,540,535,535,7064,3796669.1
2021-10-17,SCB,540,540,530,533,2966,1584901
2021-10-18,SCB,534,534,530,531,9758,5184484.4
2021-10-19,SCB,530,530,515,520,16019,8360078.5
2021-10-20,SCB,521,531,521,527,3047,1607595.9
2021-10-21,SCB,528,530,520,524,4576,2397369.5
2021-10-24,SCB,520,531,520,530.9,8912,4707208
2021-10-25,SCB,539.8,539.8,526,533.9,8884,4731821.3
2021-10-26,SCB,533,561,530.1,538,20015,10864362
2021-10-27,SCB,541,545,535.1,538,7377,3977204.4
2021-10-28,SCB,538,538,531,533,7724,4116654.9
2021-10-31,SCB,525,535,525,531,23387,12401187.2
2021-11-01,SCB,532,535,527.1,534.4,13345,7107327.1
2021-11-02,SCB,535,542,530,538,11329,6090434.9
2021-11-03,SCB,547,547,536.1,537,14381,7735121
2021-11-08,SCB,547.7,558,530,535,7622,4100985.5
2021-11-09,SCB,545,545,529.1,534,9439,5015274.9
2021-11-11,SCB,538,538,520,525,7607,3985960.1
2021-11-14,SCB,524.1,524.1,514.5,518,22521,11675319.6
2021-11-15,SCB,507.8,525,507.8,520,9612,4985025
2021-11-16,SCB,520,530,518.2,528,11875,6216695.3
2021-11-17,SCB,535,535,525,525,12407,6563471.5
2021-11-18,SCB,530,535,517,520,9848,5141033.1
2021-11-21,SCB,530,530,520,525,11567,6063967.8
2021-11-22,SCB,529,530,524,527,11595,6104241.6
2021-11-23,SCB,525,527,523.1,525,13563,7120607.7
2021-11-24,SCB,522,528,522,523.4,21727,11381849.9
2021-11-25,SCB,521,535.5,520,535.1,36086,19045299.5
2021-11-28,SCB,476.8,485,464.6,476.2,34180,16252477.9
2021-11-29,SCB,466.7,476,464,471.1,26953,12625125.4
2021-11-30,SCB,462,472,462,463,7677,3569431
2021-12-01,SCB,463,470,463,463.1,10757,5007173.4
2021-12-02,SCB,453.9,469.9,453.9,460.5,6102,2815173.7
2021-12-05,SCB,457,465.9,442,448,13840,6224281
2021-12-06,SCB,455,455,435,442,9834,4335918.4
2021-12-07,SCB,449,450,441.1,442.2,10254,4561317.4
2021-12-08,SCB,434,453.8,434,450.8,22437,10024149.8
2021-12-09,SCB,458,464.8,430,463,40527,18492095.2
2021-12-12,SCB,468.9,468.9,444,448.2,15316,6930208
2021-12-13,SCB,443,454,434.5,450,23012,10239486.9
2021-12-14,SCB,448.1,460.8,443.5,460.8,3036,1372781.4
2021-12-15,SCB,470,471,448,456.9,11599,5288313.7
2021-12-16,SCB,454,457,446.5,448,10145,4572206.2
2021-12-20,SCB,456.9,456.9,440,444,17697,7907594.5
2021-12-21,SCB,450,451,444,449.5,8163,3638453.3
2021-12-22,SCB,458.4,460,450,451,8603,3898388.4
2021-12-23,SCB,460,461.5,448,448.1,4444,2004390.8
2021-12-26,SCB,457,457,448,450,16623,7507582.6
2021-12-27,SCB,446,452,444,444,18580,8339512.5
2021-12-28,SCB,445,448,440,445,9536,4216811.5
2021-12-29,SCB,445.1,450,445,447,5116,2288623.6
2022-01-02,SCB,447,457.9,439.1,457.9,16214,7294539.2
2022-01-03,SCB,466.9,467,457.9,462,14593,6735724.1
2022-01-04,SCB,462,508.2,452.8,497,48028,23587557
2022-01-05,SCB,488,515,482.2,489,16531,8196669.8
2022-01-06,SCB,480,525,480,510,31673,15905067.2
2022-01-09,SCB,519.9,530,515,520,38421,19999321.9
2022-01-10,SCB,510,530.4,510,520,32327,16826128.7
2022-01-11,SCB,510,520,507,515,10971,5652590.4
2022-01-12,SCB,520,520,505,505,10647,5433382.7
2022-01-13,SCB,500,505,495,500,14802,7395994.3
2022-01-16,SCB,510,550,500.1,550,44540,23160756.9
2022-01-17,SCB,561,561,530,534,41753,22593617.2
2022-01-18,SCB,530,545,530,535.9,42876,22959981.5
2022-01-19,SCB,530,540.6,522,526,19006,10055557.2
2022-01-20,SCB,529,529,516,525,15295,7973926.2
2022-01-23,SCB,526,534,516.1,522,24106,12611633.7
2022-01-24,SCB,522,523,501.6,510,31246,15970866.3
2022-01-25,SCB,520.2,520.2,505,514.2,11527,5893821.4
2022-01-26,SCB,504,520,500.1,506,13455,6832784.1
2022-01-27,SCB,496,520,495,501,23094,11563610.1
2022-01-30,SCB,510,525,500,517.9,21665,11107483.1
2022-01-31,SCB,525,525,507,507,9219,4705697.9
2022-02-01,SCB,502.1,512,500,506,24303,12243934.4
2022-02-03,SCB,501,515,501,508.1,16760,8566813.6
2022-02-06,SCB,510,510,500,501,25412,12759636.1
2022-02-07,SCB,500,508,500,506,6140,3089218.6
2022-02-08,SCB,516.1,520,500,501,12327,6239773.2
2022-02-09,SCB,504,505,493,495.1,20092,9968856.5
2022-02-10,SCB,505,505,494.9,494.9,13717,6816923.4
2022-02-13,SCB,485.1,488,475,480,29854,14326428.3
2022-02-14,SCB,471,490,470,484,8173,3951686.8
2022-02-15,SCB,486,487,480,485,9519,4605724.1
2022-02-16,SCB,482,514,482,487,6975,3443079
2022-02-17,SCB,480,496,480,482.5,14477,7014501.5
2022-02-20,SCB,473,482.8,464,476.2,9988,4761689
2022-02-21,SCB,484,484,470,472.5,14688,6965413.3
2022-02-22,SCB,481,485,475,476,12049,5748581
2022-02-23,SCB,476,482,475,479,18738,8976634.4
2022-02-24,SCB,479,479,468,470,15830,7453348.1
2022-02-27,SCB,470,479,464.1,473,8985,4230481.5
2022-02-28,SCB,472,473.9,467,467,13525,6340030.7
2022-03-02,SCB,464.2,464.2,455,460,13631,6265586.1
2022-03-06,SCB,460,460,453.4,455,10507,4784626.3
2022-03-07,SCB,464,464.1,456,456,8992,4127503.5
2022-03-09,SCB,459,459,450,452,8075,3650585.1
2022-03-10,SCB,450,468,450,460,19155,8764688.7
2022-03-13,SCB,460,478.1,460,470,10779,5086614.9
2022-03-14,SCB,478,478,463.1,470.1,2525,1192319.8
2022-03-15,SCB,470,470,460.7,464,5471,2534729.1
2022-03-16,SCB,460.1,470,460,463,9332,4320910.6
2022-03-20,SCB,457,471,456.1,462,4724,2181913.1
2022-03-21,SCB,465,465,455,459,14937,6836399.1
2022-03-22,SCB,459,463,459,462,11263,5193342.4
2022-03-23,SCB,461.5,471,461.5,463,10233,4740541.3
2022-03-24,SCB,455,470,455,463,14040,6464843.8
2022-03-27,SCB,455,463,455,455.1,12622,5781600.9
2022-03-28,SCB,458,458,450,450.2,12475,5625167.7
2022-03-29,SCB,459,459,450,457,11977,5424915.8
2022-03-30,SCB,449,457,449,456.9,6345,2879501.5
2022-03-31,SCB,465.9,466,450.6,452,7396,3341753.5
2022-04-03,SCB,452,452,447.1,450,5861,2632870.8
2022-04-04,SCB,459,459,446.1,448,12225,5476031.1
2022-04-05,SCB,456.9,456.9,440.2,442.1,6086,2690249
2022-04-06,SCB,440,450.9,436,438,11599,5126827.4
2022-04-07,SCB,434.5,447,434.5,445,11197,4949555.2
2022-04-11,SCB,450,450,441.6,441.6,13605,6044251
2022-04-12,SCB,440.1,442,435,438,6359,2778759.2
2022-04-13,SCB,433.1,512,433.1,453.7,13351,5967129
2022-04-17,SCB,462.7,462.7,439.5,440,7977,3542179.4
2022-04-18,SCB,440,448.8,436,437,6545,2874845.6
2022-04-19,SCB,435,440.9,432,437,5507,2412361.9
2022-04-20,SCB,445.7,446.5,438,441,16005,7055112.4
2022-04-21,SCB,449.8,449.8,435,437.1,10435,4561374.4
2022-04-24,SCB,445.8,451,443,450.1,11729,5230497.4
2022-04-25,SCB,454,456,442,442,11976,5360114.7
2022-04-26,SCB,442,450,440,440,4929,2183901.3
2022-04-27,SCB,437,441,436,438.5,5895,2586412.5
2022-04-28,SCB,447.2,447.2,438.1,439,4135,1819298.2
2022-05-02,SCB,439,440,433.8,436,13808,6013275.6
2022-05-04,SCB,430.1,436,430.1,434.5,3455,1500810.1
2022-05-05,SCB,432,438,430.6,431,6206,2686147.9
2022-05-08,SCB,429,432,422,432,11426,4890087.2
2022-05-09,SCB,440.6,440.6,431,434,7937,3459360.2
2022-05-10,SCB,433,441.6,433,441.6,5626,2470134.2
2022-05-11,SCB,440.1,444,440,444,2906,1285216
2022-05-12,SCB,449.9,449.9,438,440.9,10173,4483543.4
2022-05-17,SCB,435,439,430,435,6192,2685936.4
2022-05-18,SCB,429,435,429,432,6071,2616916.6
2022-05-19,SCB,430.1,435,426,430,5560,2393889.7
2022-05-20,SCB,425.7,435,425,428,4264,1831327.2
2022-05-23,SCB,436.5,436.5,422,422.8,9719,4119947.8
2022-05-24,SCB,431.2,431.2,423,428,10144,4323801.6
2022-05-25,SCB,436.5,436.5,405,432,9512,4031513
2022-05-26,SCB,440.6,440.6,421.5,436,15251,6494578.7
2022-05-27,SCB,436,436,428.2,430.7,4456,1922029.7
2022-05-30,SCB,439.3,439.3,420,424.9,6222,2629076.8
2022-05-31,SCB,424.5,424.5,418,420,10350,4346261.6
2022-06-01,SCB,421,423,418,420,8761,3674559.7
2022-06-02,SCB,425.5,426,416.3,419.9,3257,1362673.2
2022-06-03,SCB,428.2,428.2,413.2,416,8143,3382204.3
2022-06-06,SCB,424.3,424.3,407,412,4636,1904513.4
2022-06-07,SCB,412,412,400.2,401,12264,4950855
2022-06-08,SCB,409,411,400,405,15338,6203476.5
2022-06-09,SCB,413.1,413.1,400.1,400.4,15425,6228890.9
2022-06-10,SCB,398,403,397,397,12045,4808577.9
2022-06-13,SCB,397,404,395,399,12312,4902601
2022-06-14,SCB,399,399.9,395,397,7612,3017953.8
2022-06-15,SCB,400,400,391,391,9554,3754627.6
2022-06-16,SCB,384,397.9,384,390,8581,3354863
2022-06-17,SCB,393,397,390,390,4993,1951771.9
2022-06-19,SCB,385.2,392.9,385,390,5310,2069209.2
2022-06-20,SCB,384,390,382.2,385.5,14718,5666704.5
2022-06-21,SCB,385,400,385,390,7918,3100397
2022-06-22,SCB,387,392,385,391,6980,2722333.8
2022-06-23,SCB,398.8,398.8,382.1,383.1,21789,8414782.7
2022-06-24,SCB,390,390,380,388.8,6468,2484159.3
2022-06-26,SCB,396,405,390.5,404.9,13696,5482020.1
2022-06-27,SCB,412,419,392.1,401,11471,4621379.1
2022-06-28,SCB,401,404,396.6,401,5094,2031641
2022-06-29,SCB,409,409,397.2,404,6598,2659585.2
2022-06-30,SCB,411.9,411.9,403,409,11914,4857477.1
2022-07-01,SCB,417,417,389.5,389.5,11396,4611817
2022-07-03,SCB,397,406.8,381.8,403.5,19508,7672977.5
2022-07-04,SCB,408,415,403.8,409.9,15449,6320038.7
2022-07-05,SCB,401.8,414,394.1,400,15039,6046235.7
2022-07-06,SCB,403,404,396,401,15234,6093727.9
2022-07-07,SCB,400,403,398,400,14587,5825261.6
2022-07-08,SCB,397,399,387,395,14858,5826772
2022-07-11,SCB,396,396,379.6,387.5,35074,13473642.6
2022-07-12,SCB,387.5,395,375,384,19747,7539526.9
2022-07-13,SCB,391,397,382.2,394,6192,2404631.9
2022-07-14,SCB,401.8,401.8,390,391.6,158671,62065314.7
2022-07-15,SCB,398.9,400,395,396.3,5051,2012593.6
2022-07-17,SCB,390,400,387.1,394.9,20704,8134929.8
2022-07-18,SCB,394,398,393,396.2,52068,20549487.7
2022-07-19,SCB,397,403.7,397,400,13947,5575578.5
2022-07-20,SCB,394.6,406.7,394.6,402,112934,44672198
2022-07-21,SCB,400,405.9,394,402.5,6326,2535364
2022-07-22,SCB,399,400,387.1,398,4047,1604436.6
2022-07-24,SCB,398,409,391,409,23868,9556559.3
2022-07-25,SCB,411,425,411,425,34126,14249745.2
2022-07-26,SCB,427.9,427.9,411,415,35955,14881749.5
2022-07-27,SCB,423,433,418,433,55196,23425645.8
2022-07-28,SCB,441,462.9,430,462.9,59744,26524858.2
2022-07-29,SCB,469,470,450,465,36593,16765400.1
2022-07-31,SCB,470,510,455,510,44052,20878278.2
2022-08-01,SCB,512,512,483,486,67005,33179058
2022-08-02,SCB,487,487.9,468.3,474.6,40106,19032618.5
2022-08-03,SCB,476,480.9,456,456,39894,18665846
2022-08-04,SCB,448,468,440,451,38694,17365485
2022-08-05,SCB,445,452.9,441,445,7440,3315599.2
2022-08-07,SCB,445,453,445,453,18032,8075875.8
2022-08-08,SCB,461.9,461.9,442,444.1,20624,9218366.7
2022-08-09,SCB,437.3,451.9,432,436,12817,5626489.3
2022-08-10,SCB,440,440,429,429,16773,7243689.1
2022-08-11,SCB,425,437,425,430,11210,4815760.7
2022-08-14,SCB,421.4,438.6,421.4,424,14531,6219000.2
2022-08-15,SCB,424,457.7,422,451,17285,7404296.9
2022-08-16,SCB,442,460,434,439.1,17620,7833123.1
2022-08-17,SCB,443,443,426.3,430,13134,5648904.8
2022-08-18,SCB,430,444.6,427.4,441,12890,5628626.2
2022-08-21,SCB,445,449.8,437.3,437.3,7374,3260526.8
2022-08-22,SCB,431.1,440,431,440,2924,1277234.6
2022-08-23,SCB,438,442,425,438.9,15308,6667476.7
2022-08-24,SCB,440,440,430.6,435,5589,2417621.8
2022-08-25,SCB,435,440,431,432,5833,2530577.5
2022-08-26,SCB,438,438,424.9,425.6,10140,4326202
2022-08-28,SCB,420.1,427,420,425,10563,4453370.5
2022-08-29,SCB,421.5,427.5,421,421,11699,4944304.1
2022-08-30,SCB,422,430,421.3,421.4,8802,3728450.3
2022-08-31,SCB,426,427,419,422.8,5671,2385873.7
2022-09-01,SCB,415.2,421,415.2,419,5639,2360105.9
2022-09-02,SCB,420,420,412,419,3892,1620488
2022-09-04,SCB,419.1,425,415.2,422,9286,3888429.8
2022-09-05,SCB,420,422,416.1,417,3885,1628155.6
2022-09-06,SCB,420,424.9,413,413.1,8859,3674520.4
2022-09-07,SCB,410,415,406.5,410,3907,1605794.6
2022-09-08,SCB,410.1,415,405.1,408.1,10559,4318077.8
2022-09-11,SCB,407,415,407,411,3473,1421091.7
2022-09-12,SCB,411,411.9,407,411,2463,1008301.5
2022-09-13,SCB,414,420,413,417.8,4190,1742116.6
2022-09-14,SCB,417.8,423.8,412,423.8,8995,3780105.4
2022-09-15,SCB,424,428,405,409.5,13470,5537941.3
2022-09-16,SCB,402.4,410,402,410,4676,1902254.8
2022-09-18,SCB,402,410,397.1,399.8,24569,9859823.2
2022-09-20,SCB,399,400,392.1,400,12629,4986771.7
2022-09-21,SCB,407,407,390,394,13376,5274325.9
2022-09-22,SCB,393,398,390,392,6498,2543396.7
2022-09-25,SCB,395,398.9,390.1,394,7292,2857839
2022-09-27,SCB,387,406.9,387,402,3007,1197878.1
2022-09-28,SCB,402.3,406,399,400,2354,945527.1
2022-09-29,SCB,401,402,396.3,401.2,7019,2807179.4
2022-10-09,SCB,402,421.1,402,416.7,2748,1119661.1
2022-10-10,SCB,411,414,400,406.8,7212,2909272.2
2022-10-11,SCB,408.4,408.4,400.2,404,3167,1276519.9
2022-10-12,SCB,411,411,402,402,4772,1926601.8
2022-10-13,SCB,408,410,398,400,10129,4055785
2022-10-16,SCB,398,429,397,429,11178,4478728
2022-10-17,SCB,437.5,437.5,402,410,23037,9441906.3
2022-10-19,SCB,402.1,410,400.2,405,4919,1992710.3
2022-10-20,SCB,401,408,401,404.9,3225,1305698.8
2022-10-23,SCB,409,409,402,403,4357,1766320.2
2022-10-31,SCB,411,427.9,411,418,30058,12645040
2022-11-01,SCB,421,425,412.6,418,26016,10901671
2022-11-02,SCB,423,426,413.5,420.5,11285,4747334
2022-11-03,SCB,416,420.9,415.3,419,7668,3210109
2022-11-06,SCB,419.1,424,415.6,421,18214,7646889.8
2022-11-07,SCB,421,428,420.1,422,11953,5069966.3
2022-11-08,SCB,421,424,418.1,419.1,5844,2455007.1
2022-11-09,SCB,419.5,423.5,416,417.8,7949,3321234.8
2022-11-10,SCB,420,420,411.1,415,7408,3070165.2
2022-11-13,SCB,423,423,412,412.5,4999,2069671.2
2022-11-14,SCB,412.2,419,412.2,418.9,12413,5160690.9
2022-11-15,SCB,421,421,416.2,417,1945,812695.9
2022-11-16,SCB,420,423.3,415,422.5,6814,2866114.4
2022-11-17,SCB,430,430,421,426.1,6744,2862366.7
2022-11-22,SCB,434,440,432.2,439,46364,20195162.3
2022-11-23,SCB,433,433,415,418,11493,4803145.5
2022-11-24,SCB,422,424,412,418.3,8821,3648448.3
2022-11-27,SCB,415,416,411,411.3,10915,4505233.6
2022-11-28,SCB,419.5,419.6,405,407,13907,5720544.4
2022-11-29,SCB,409,412,405.5,408,7670,3135685
2022-11-30,SCB,406,410.9,406,408,7218,2949136.7
2022-12-01,SCB,405,412,405,410.8,8993,3678891.6
2022-12-04,SCB,406,416.9,406,412.1,5021,2072261.4
2022-12-05,SCB,410,417,409,409,4768,1955185.8
2022-12-06,SCB,409,412,406,406.5,4382,1789996.7
2022-12-07,SCB,407,407.1,401.2,402.7,7278,2936247.4
2022-12-11,SCB,398,404,396,402.8,9534,3824818.2
2022-12-12,SCB,405,405,400,402,10687,4288306.9
2022-12-13,SCB,402,405,400,403.2,4010,1614551.2
2022-12-14,SCB,402,403.2,398,400,7463,2987079.4
2022-12-15,SCB,398.5,405,398.5,400,6707,2688369.2
2022-12-18,SCB,395,399,394,397.7,12685,5021930.1
2022-12-19,SCB,393,399,392,398.8,6604,2624453
2022-12-20,SCB,396,405,396,402.5,6828,2744444.5
2022-12-21,SCB,400,407.9,400,404.9,4495,1812555.6
2022-12-22,SCB,400,408,400,404.7,9832,3974565.4
2022-12-26,SCB,412,412.9,404,412.9,9846,4021439.3
2022-12-27,SCB,416,424,415,423,49025,20497796.7
2022-12-28,SCB,425,425,414.6,419.8,5023,2104267.1
2022-12-29,SCB,414.1,440,414.1,434,18258,7874823.7
2023-01-01,SCB,442,462.9,435,437.1,23398,10353217.9
2023-01-02,SCB,431,446,431,440.3,10471,4627144.7
2023-01-03,SCB,434,459,434,447,24127,10712328.2
2023-01-04,SCB,454.9,469.2,444.1,462,35270,16054204.7
2023-01-05,SCB,462,474.3,454,464,21396,9923379.4
2023-01-08,SCB,470,470,456,458.6,20591,9510649.3
2023-01-09,SCB,458,475,452.1,475,33999,15732521.1
2023-01-10,SCB,472,489,467.1,469,43970,21047375.6
2023-01-12,SCB,478,486,456.3,463,32221,14918239.4
2023-01-17,SCB,460,461,447,460,17078,7787686
2023-01-18,SCB,461,465,452.1,453,31118,14201921.1
2023-01-19,SCB,450,465,447,459.9,51457,23442246.5
2023-01-23,SCB,469,505.8,469,505.8,172003,86131018.9
2023-01-24,SCB,515.9,535,505,510.1,125474,64098799.9
2023-01-25,SCB,510,511,500,505,81904,41511045.1
2023-01-26,SCB,512,512,500,503,24592,12396941.8
2023-01-29,SCB,507,510,497,500,40164,20244298.9
2023-01-30,SCB,500,506.1,492.1,501,41513,20670458
2023-01-31,SCB,498,501,493,493,36946,18318068.8
2023-02-01,SCB,495,519.5,488,514,80016,40632348.9
2023-02-02,SCB,517,548,508.2,512,194615,101391252.3
2023-02-05,SCB,513,521,510.1,515.2,52920,27292593
2023-02-06,SCB,515,530.3,513.2,530,64467,33709158.2
2023-02-07,SCB,530,553,521.2,545,90383,49142766.9
2023-02-08,SCB,545,555,535,540,117207,63672677.6
2023-02-09,SCB,540,550,531.5,546,90008,48617820.8
2023-02-12,SCB,535.1,542,528.9,532,61835,33011715.9
2023-02-14,SCB,523.1,532,523.1,526.7,45017,23746938.5
2023-02-15,SCB,527,535,520,521.2,52544,27592968.5
2023-02-16,SCB,520,527.9,518.5,521.6,21682,11284294.2
2023-02-20,SCB,529,529,510,510,41073,21018076.2
2023-02-22,SCB,508.2,521,508.2,515,38251,19749824.7
2023-02-23,SCB,512,520,509,520,50616,26031667.1
2023-02-26,SCB,510,523.8,501,523,34471,17778777.4
2023-02-27,SCB,529,529,514,522,22544,11681316.1
2023-02-28,SCB,518,529,517,523.1,18048,9456926.2
2023-03-01,SCB,529.9,532,516,520,36858,19247535.8
2023-03-02,SCB,521,521,511.7,515,13472,6939415.5
2023-03-05,SCB,524.9,525,501,506,29703,15009620.7
2023-03-07,SCB,505,515.3,505,514,16320,8339390.3
2023-03-09,SCB,520,523,511.1,519,14883,7699893.7
2023-03-12,SCB,527,527,513.2,516.5,13977,7212316.7
2023-03-13,SCB,510,516,506.7,508.1,17107,8703649.9
2023-03-14,SCB,508,516,508,515,24407,12520413.8
2023-03-15,SCB,515,515.9,505.2,515,13994,7123930.9
2023-03-16,SCB,515.9,516,508,512,18469,9496163.2
2023-03-19,SCB,506,519,506,513,13630,7024664.1
2023-03-20,SCB,521,521,513.2,518.9,25638,13266845.2
2023-03-22,SCB,525.5,525.5,514,514,12624,6525068.1
2023-03-23,SCB,510,516,504,511,23602,11985744.5
2023-03-26,SCB,511,515,499,501.1,25609,12856668.7
2023-03-27,SCB,507,507,495,503.8,19570,9780959.6
2023-03-28,SCB,512.8,512.8,503.9,505,19158,9696333.8
2023-03-29,SCB,508,518,501,509.5,20182,10293410.9
2023-03-30,SCB,517.7,517.7,506,511.9,28092,14318411.1
2023-04-02,SCB,506,512,503,504.2,24387,12342106.3
2023-04-03,SCB,504.2,504.4,497,501.5,19080,9531179.1
2023-04-04,SCB,495,503,495,502,21444,10710528
2023-04-05,SCB,506,506,496.1,503.1,15760,7899434.4
2023-04-06,SCB,512,512,502,505,14771,7455573.4
2023-04-09,SCB,500,509,496,496,20499,10233186.2
2023-04-10,SCB,496,501,496,499.8,10996,5481882.2
2023-04-11,SCB,505,506,499,504.8,13011,6555219.2
2023-04-12,SCB,512,529,512,523,40148,20996573.1
2023-04-13,SCB,521,531,516,524.7,31745,16691218.3
2023-04-16,SCB,530,550,520.1,539.1,37011,19926899.3
2023-04-17,SCB,548.9,548.9,535,539.9,31252,16866564.2
2023-04-18,SCB,535,539,523,536,34305,18163835.6
2023-04-19,SCB,535,545,525.3,538.9,15618,8329251.7
2023-04-20,SCB,544,549,529,530,62195,33338825.4
2023-04-23,SCB,526.1,534,520,520,22855,12033138
2023-04-24,SCB,520,528,520,526,11886,6245833.3
2023-04-25,SCB,528,535,524.5,531,15433,8185930.6
2023-04-26,SCB,531,538.9,524,524,17604,9318858.8
2023-04-27,SCB,525,535,523.2,535,56724,29861165.4
2023-04-30,SCB,540,540,526,527,17839,9441735.9
2023-05-02,SCB,532,533,526,528.8,23894,12618228.8
2023-05-03,SCB,526,538,526,532.1,21292,11283611
2023-05-04,SCB,538,538,527,530,8977,4753250.2
2023-05-07,SCB,532,532,525,525.6,17634,9310254.4
2023-05-08,SCB,525,532.9,522.1,522.1,14529,7630244.2
2023-05-09,SCB,532,532,522.1,525,8707,4577240.7
2023-05-10,SCB,529,532,523,529,16178,8511775.8
2023-05-11,SCB,526,529,525,527.8,7782,4096203.2
2023-05-14,SCB,525.2,530,518.3,524,23078,12014108.3
2023-05-15,SCB,516,523,516,519,13674,7119861.2
2023-05-16,SCB,518,523,518,519.9,8517,4437777.2
2023-05-17,SCB,521,526.7,518,524,6759,3534390.4
2023-05-18,SCB,530,536.5,523,534.8,24467,12977976.6
2023-05-21,SCB,534.8,543.9,533,535.5,30679,16433891.7
2023-05-22,SCB,539.9,540,526,540,27648,14790207.6
2023-05-23,SCB,544,555,538,550,66678,36561915.1
2023-05-24,SCB,550,555,546,548.1,27082,14880092.6
2023-05-28,SCB,551,551,538,542.9,33774,18463896.8
2023-05-30,SCB,533,540,519,519,76591,40159949.4
2023-05-31,SCB,508.7,520,499,504.1,128139,65171739.9
2023-06-01,SCB,510,515,504,510,51305,26113453.2
2023-06-04,SCB,520.2,541.2,512,518.4,45187,23466789.6
2023-06-05,SCB,527,527,511,518.4,26886,13898114.4
2023-06-06,SCB,511.3,521.8,511.3,519,17648,9124955.8
2023-06-07,SCB,520,523,512.6,512.8,24282,12565068.8
2023-06-08,SCB,521,521,513,515,25486,13160930.7
2023-06-11,SCB,522,522,514,517,59574,30874900.3
2023-06-12,SCB,525,525,514,515,26024,13454491.2
2023-06-13,SCB,513.1,520,513.1,517.3,28207,14591015.3
2023-06-14,SCB,527.6,538.1,517,525,57128,30003143.3
2023-06-15,SCB,525,530,523,524.9,37740,19844844.5
2023-06-18,SCB,525,528,520,520,47726,24937269
2023-06-19,SCB,522,527,518.3,519,28239,14707282.5
2023-06-20,SCB,520,529,520,523.4,20350,10683518.9
2023-06-21,SCB,521,525,517,518,18771,9754710.4
2023-06-22,SCB,518,520,512.1,514,21675,11173160.9
2023-06-25,SCB,514,532,510,523,55171,28657143.1
2023-06-26,SCB,525.6,535.8,525,530,69978,37134511.5
2023-06-27,SCB,536,568.1,535,549.9,107396,58987624.9
2023-06-28,SCB,556.9,572,537.1,540,38653,21086195.5
2023-07-02,SCB,540.7,549,518,520,58877,31144334.7
2023-07-03,SCB,518,529.9,516.1,520,26918,14021045
2023-07-04,SCB,520,530,519.1,523.9,17289,9019250.1
2023-07-05,SCB,525,533,516.5,516.6,22726,11807210.1
2023-07-06,SCB,517,519,512,516,20991,10800840.3
2023-07-09,SCB,520,531,516,516.5,18651,9720085.3
2023-07-10,SCB,526,531.9,519,523,39991,20931327.5
2023-07-11,SCB,518,525,517,518.6,29885,15560579
2023-07-12,SCB,520,530,518.9,529,18969,9972877.1
2023-07-13,SCB,539,539,528.1,529,13008,6922633.4
2023-07-16,SCB,539.4,540,526,530.1,20851,11140323.4
2023-07-17,SCB,533,547,532.1,546,23601,12774592.1
2023-07-18,SCB,556,556,544,546,42503,23375038.5
2023-07-19,SCB,545,565,545,562,82291,45967891.3
2023-07-20,SCB,564.9,570,557,563,43884,24636323.2
2023-07-23,SCB,569,580,560,580,85261,48598432.5
2023-07-24,SCB,580,580.2,558.6,560,131933,75164764.3
2023-07-25,SCB,556,560,544,548,37250,20479209.1
2023-07-26,SCB,558.9,558.9,539,544.9,52990,28903386.7
2023-07-27,SCB,550,553.5,536,540,41835,22667348.3
2023-07-30,SCB,540.6,543,537,540,31772,17135850.4
2023-07-31,SCB,546,550,539,545.2,15813,8626364.5
2023-08-01,SCB,556.1,556.1,540,546,24346,13273477.9
2023-08-02,SCB,541,568,541,568,41938,23141541.4
2023-08-03,SCB,568,570,559,560,44425,25047384.7
2023-08-06,SCB,571.2,582,556.7,556.7,115784,65575197.7
2023-08-07,SCB,560,562,554,555.1,69251,38670657.7
2023-08-08,SCB,560,560,546,554.8,29006,16040012.5
2023-08-09,SCB,554.9,559,547.5,559,31521,17379533.7
2023-08-10,SCB,560.5,560.5,553.1,560,25072,13980525.7
2023-08-13,SCB,560,565,555.3,563.9,29941,16794645.2
2023-08-14,SCB,565.5,574,555.1,570,94628,53991744.5
2023-08-15,SCB,581.4,581.4,564,564,65049,37156454.9
2023-08-16,SCB,569,569,560,562.7,17606,9933162.4
2023-08-17,SCB,566,570,561.7,562,21472,12156005.7
2023-08-20,SCB,565,568,556,562,18438,10368910
2023-08-21,SCB,556,566,556,563,15357,8652103.3
2023-08-22,SCB,566,566.5,557,564,13603,7639774.8
2023-08-23,SCB,565,569,562,566.3,19616,11113269.3
2023-08-24,SCB,565,567.9,560,560,14184,7997320.5
2023-08-27,SCB,555,560,552.3,552.3,22976,12759999.5
2023-08-28,SCB,559,561.9,552.1,557,12948,7224670.9
2023-08-29,SCB,559,562,555,555,30865,17180035.6
2023-08-30,SCB,563.7,565,555,560,14437,8084248.5
2023-09-03,SCB,564,564,555,556.2,9949,5550735.9
2023-09-04,SCB,560,564,550.1,554,13769,7628977.4
2023-09-05,SCB,554,560,552,557,13002,7235276.2
2023-09-07,SCB,557,557,551.2,553.7,16156,8946413.5
2023-09-10,SCB,553,560,551.1,553,7854,4356397.1
2023-09-11,SCB,553,564,552,563,16293,9136875.7
2023-09-12,SCB,569,569.7,560.2,562,19040,10734636.9
2023-09-13,SCB,573,573,562.2,567,8412,4753727.8
2023-09-17,SCB,560,569.9,556.3,559,19543,10944534.9
2023-09-18,SCB,560,560,550,557.2,11610,6444059.7
2023-09-19,SCB,555,559.8,552,555.3,13310,7381176.6
2023-09-21,SCB,565,565,554.9,555,19299,10788133.7
2023-09-24,SCB,559,559,551.2,554,15785,8739171.3
2023-09-25,SCB,552,555,550,553.1,8860,4893506.2
2023-09-26,SCB,556,556,546.5,550,16621,9185026.8
2023-09-27,SCB,550,553,540,545,32227,17528678
2023-10-01,SCB,545,549,534,536,31810,17100089.7
2023-10-02,SCB,540,545,535,543,16780,9029358.1
2023-10-03,SCB,547.9,547.9,536,536,9727,5246524
2023-10-04,SCB,536,543,532,539,17377,9322474.3
2023-10-05,SCB,540,540,532,535,9005,4818274
2023-10-08,SCB,538,543.9,520.1,520.1,23949,12624462.4
2023-10-09,SCB,518.8,527,515,515.5,21233,10993218.2
2023-10-10,SCB,517,524,512.9,516,11131,5743912.7
2023-10-11,SCB,511,522,511,517.9,11289,5828896.7
2023-10-12,SCB,516,524,513,513,16784,8658413
2023-10-16,SCB,514,520.7,510,512.9,12504,6440024.1
2023-10-17,SCB,523,525,515.7,516.2,8567,4452608.8
2023-10-18,SCB,520,534.9,519,531,13663,7209793.7
2023-10-19,SCB,527,538.6,526,536,13422,7180584.4
2023-10-29,SCB,539,539.8,525.6,525.6,5789,3063276.2
2023-10-30,SCB,520,528.9,518.59,525.3,5931,3119757.6
2023-10-31,SCB,520,536.9,511.8,515,32015,16536476.5
2023-11-01,SCB,515,521,512.1,515.4,6468,3343573.9
2023-11-02,SCB,520,520,516,517,6975,3607978.3
2023-11-05,SCB,517,524,514,516,16516,8523812.6
2023-11-06,SCB,520,522.5,518,521.5,5514,2871218.3
2023-11-07,SCB,530,530,519.4,522,6830,3577058.3
2023-11-08,SCB,530,530,523,525,3671,1929474.6
2023-11-09,SCB,528,528,520.2,523.3,6319,3316691.1
2023-11-20,SCB,527,540,527,538.8,20498,10972626.4
2023-11-21,SCB,538,538,532,536,18365,9803742.8
2023-11-22,SCB,537,539,530,539,41166,22053089
2023-11-23,SCB,529,529,516,524.9,23655,12369165.7
2023-11-26,SCB,523,525,520,523.1,25836,13518799.8
2023-11-27,SCB,520,526,520,525,11448,6001563.4
2023-11-28,SCB,535,535,523,525,7030,3695000.3
2023-11-29,SCB,525,529,520.5,523,5848,3058184.1
2023-11-30,SCB,523,523,515,518,9641,4983536.5
2023-12-03,SCB,524.8,524.8,512,515.9,5144,2645418.2
2023-12-04,SCB,521,524,507,507.2,17574,8976373
2023-12-05,SCB,506.9,509.9,504,507,9087,4600908.3
2023-12-06,SCB,517,517,499,506.9,14724,7407133.3
2023-12-07,SCB,501.3,513.7,501.3,510.9,8880,4517011.9
2023-12-10,SCB,521.1,531,521.1,530,710,376211
2023-12-11,SCB,540,540.6,520.1,527,45382,24050873.6
2023-12-12,SCB,530,534.5,527.8,533.8,36572,19412706.2
2023-12-13,SCB,544.4,544.4,533.6,537.9,42334,22738271.5
2023-12-14,SCB,538,547,517,528,49330,26244083.3
2023-12-17,SCB,517.5,521.2,507,518,41115,21252907.5
2023-12-18,SCB,519,528,515.1,521,29770,15521001.4
2023-12-19,SCB,518.1,534,518.1,531,29255,15459615.9
2023-12-20,SCB,541.6,549,527,527.1,24345,12956443.9
2023-12-21,SCB,527.1,530,517.5,528.9,24591,12945976.1
2023-12-24,SCB,530,530,518.7,518.8,16778,8764417.7
2023-12-27,SCB,518,524,509,512.5,14463,7422328.4
2023-12-28,SCB,514,519.9,512,514,22197,11434674
2024-01-01,SCB,522.9,534,515,516,11911,6192957
2024-01-02,SCB,515,517.9,511,511.7,12303,6326985.9
2024-01-03,SCB,512.1,517,511.5,517,12768,6558323
2024-01-04,SCB,520,520,515,516,11964,6184493.2
2024-01-07,SCB,515,524,508,508,28156,14424081.3
2024-01-08,SCB,508.5,516,508.5,514,34843,17918680.3
2024-01-09,SCB,512.1,522,512.1,519,12972,6730161
2024-01-10,SCB,520.1,530.5,520.1,527.5,21046,11117360.9
2024-01-11,SCB,530,530.7,524,528,25008,13225557.9
2024-01-14,SCB,531,531,520.6,526,17388,9110073.4
2024-01-16,SCB,526,532,522.1,529.5,10890,5769235.4
2024-01-17,SCB,539.9,550.6,535,541,37096,20138198.2
2024-01-18,SCB,531,544,531,544,28109,15085627.7
2024-01-21,SCB,544,549.8,535,535,39781,21515283.3
2024-01-22,SCB,532,540,530,531,24965,13340131.8
2024-01-23,SCB,522.1,532,522.1,528,7335,3875403.4
2024-01-24,SCB,535,535,528,531.1,23280,12365541.3
2024-01-25,SCB,531.2,540,531.2,538,21207,11305537.8
2024-01-28,SCB,542,542.5,535,540,24973,13464476.7
2024-01-29,SCB,530.1,542,530,540,18848,10190666.8
2024-01-30,SCB,545,545,537.5,540,11421,6161337.2
2024-01-31,SCB,540,541,537,537,27810,15000097.9
2024-02-01,SCB,530,538,526.3,526.3,16041,8523072.1
2024-02-04,SCB,527,534.5,526.5,532,16823,8914104.5
2024-02-05,SCB,532.9,538.9,532.9,535.1,19864,10635534.3
2024-02-06,SCB,545.8,545.8,528.4,535.1,11477,6154313.4
2024-02-07,SCB,543,545,530,536,10024,5371046.1
2024-02-08,SCB,530.3,540,530.2,533.4,3879,2069256.9
2024-02-11,SCB,538,539.8,530,532.1,10645,5668757.1
2024-02-12,SCB,530,534.9,530,534,6285,3338773.9
2024-02-13,SCB,536,536,530,530.1,7931,4207017.5
2024-02-14,SCB,528,531,526,528.2,7459,3938587.7
2024-02-15,SCB,525.1,529,523,527.8,10142,5350281.1
2024-02-18,SCB,528,530,522.1,526,10090,5317267.3
2024-02-20,SCB,520.1,530,519.1,523.9,10811,5646159.2
2024-02-21,SCB,519,524.5,519,521,8644,4498045.5
2024-02-22,SCB,518.5,520,513.1,513.1,13942,7221118.3
2024-02-25,SCB,514.9,516,509,510,15838,8096314.7
2024-02-26,SCB,513,513,504.5,509,10427,5292784.9
2024-02-27,SCB,512,512,504.5,509,14713,7443364.1
2024-02-28,SCB,503.2,508,500,508,18177,9127497.5
2024-02-29,SCB,500.1,507.7,500.1,505,8226,4141401
2024-03-03,SCB,505,507,497.4,503,17764,8907162.1
2024-03-04,SCB,510,525,510,525,225,117421
2024-03-05,SCB,525,530,514.4,517.6,9514,4915026.7
2024-03-06,SCB,508.3,524.2,508,519,7914,4079099.3
2024-03-07,SCB,519,528,518,521,4949,2572275.5
2024-03-10,SCB,528.5,529,518.5,521.3,5082,2656581.3
2024-03-12,SCB,525,540,520.4,539.6,30695,16274849.2
2024-03-13,SCB,529.1,540,529.1,536,14465,7720509.2
2024-03-14,SCB,531,539,522,526,7900,4169873.9
2024-03-17,SCB,521,530,517,528,5997,3144601.6
2024-03-18,SCB,523,528,523,527,11176,5867006.5
2024-03-19,SCB,517,535,517,523,6893,3609994.6
2024-03-20,SCB,530,530,520.5,524,6879,3598513.2
2024-03-21,SCB,521,526,520,520,6389,3333498.9
2024-03-25,SCB,520,521,511.1,520,7645,3950288.8
2024-03-26,SCB,529,529,517,525,7655,3994051
2024-03-27,SCB,520,523.9,519.1,522,15432,8048584.6
2024-03-28,SCB,515.1,524,515.1,519,16744,8719870.6
2024-03-31,SCB,513,522,510,510,13366,6879302.8
2024-04-01,SCB,511,515,508,513.7,7194,3690661.4
2024-04-02,SCB,513.5,517,512.1,513.6,5907,3036202.3
2024-04-03,SCB,512,516,512,515,9763,5014947.3
2024-04-04,SCB,511.2,523.8,511.2,514.9,9348,4814844.4
2024-04-07,SCB,514.9,519,510,515.2,8105,4156921.7
2024-04-09,SCB,517,522.5,516,519.8,14473,7477533.4
2024-04-10,SCB,530.1,530.1,517,524.9,6900,3591171.4
2024-04-14,SCB,529,529,519,525,15270,8009044.9
2024-04-15,SCB,522,525,515.1,516,9830,5116541.4
2024-04-16,SCB,516,522,516,518.4,5844,3026254.7
2024-04-18,SCB,518,519,515,515.9,7793,4019337.1
2024-04-21,SCB,514.3,520,514.3,517.4,12086,6246275
2024-04-22,SCB,517,524,515,518,11787,6088638.8
2024-04-24,SCB,524,530,517.1,519,5026,2612037.3
2024-04-25,SCB,514,524.9,514,517,5327,2755535.9
2024-04-28,SCB,517,524,517,524,9850,5121210.1
2024-04-29,SCB,527,528,519.5,524,7126,3734874.4
2024-04-30,SCB,534.4,534.4,517.1,522.3,10327,5400567.1
2024-05-02,SCB,532.7,532.7,516.1,521,9683,5048320.2
2024-05-05,SCB,513.9,520,513.9,516.3,7808,4039646.9
2024-05-06,SCB,515,517.9,512,513.5,12355,6347178.6
2024-05-07,SCB,515,516.8,511,514.6,10800,5545521.3
2024-05-08,SCB,513,521.9,513,514,4083,2098340
2024-05-09,SCB,523,523,512,515,9670,4971815.3
2024-05-12,SCB,515,523.5,513,523.5,21057,10980343.7
2024-05-13,SCB,516.1,562,516.1,540.2,67579,36736764.4
2024-05-14,SCB,536,556.9,536,544,39921,21757461.8
2024-05-15,SCB,553,587,542,545,19151,10463048
2024-05-16,SCB,535,554,535,547.9,33420,18077885.3
2024-05-19,SCB,558.8,562.9,545,557,72078,40165758.9
2024-05-20,SCB,568,612,560,576.7,89589,51440632.6
2024-05-21,SCB,588,588,567,584.9,53592,31016107.3
2024-05-22,SCB,574,607.9,574,598,138782,82849465.3
2024-05-26,SCB,607,607,581,588,77018,45333239.4
2024-05-27,SCB,595,595,580,587.9,34144,20015040.8
2024-05-29,SCB,599.6,611,559.6,560,55901,32192034.3
2024-05-30,SCB,566,582,560,565,44008,24905001.8
2024-06-02,SCB,576.2,576.2,565,568,17762,10062855.1
2024-06-03,SCB,579.2,579.2,564,566,19735,11193519.3
2024-06-04,SCB,575,575,566.1,567,10296,5856376.7
2024-06-05,SCB,573,577,559,560,15276,8637457.1
2024-06-06,SCB,558.2,569.8,558,560.4,21686,12149897.1
2024-06-09,SCB,571.6,571.6,560.2,562.9,15312,8608075.4
2024-06-10,SCB,574.1,574.1,558,566.5,11500,6472887.2
2024-06-11,SCB,577.8,577.8,561,567.3,16901,9579887.5
2024-06-12,SCB,577,577,565,567,25616,14546610.1
2024-06-13,SCB,569.5,569.5,558,562,18340,10303918
2024-06-16,SCB,562,565,560.1,562,6515,3665038.2
2024-06-18,SCB,562,565,559,561.5,16349,9167080.2
2024-06-19,SCB,562,565,559,564.9,29253,16401064.8
2024-06-20,SCB,576.1,576.1,560,564,6725,3787446.3
2024-06-23,SCB,563,566,560,561,8463,4753189
2024-06-24,SCB,561,565,560.1,560.4,5375,3013876.7
2024-06-25,SCB,565,565,557,560,16267,9101565.7
2024-06-26,SCB,560,562,549,560,25740,14345654.4
2024-06-27,SCB,555,560.9,555,560,18136,10148870.3
2024-06-30,SCB,561.5,561.5,552.2,560,9592,5344604.8
2024-07-01,SCB,560,562,553.1,561.9,12616,7050458.3
2024-07-02,SCB,573,595.6,567,574,31533,18138007.3
2024-07-03,SCB,570,577.8,563,577.8,20147,11580034.6
2024-07-04,SCB,582,585,576,584,20747,12050181
2024-07-07,SCB,584,588.9,578.4,581.5,21334,12434045
2024-07-08,SCB,582,590,578.1,580.6,8745,5088887.2
2024-07-09,SCB,580,584,578,583.8,13091,7603192.8
2024-07-10,SCB,584,590,584,587,29340,17238729.2
2024-07-11,SCB,590,595,584.3,588,44142,25990921.4
2024-07-14,SCB,590,604.8,589,604.5,71564,42647539.5
2024-07-15,SCB,611.9,612,597,602,79450,47876260.3
2024-07-16,SCB,600,618,594,615,47923,29172848.5
2024-07-17,SCB,623,637.5,618,637.5,139752,88000833.7
2024-07-18,SCB,641.5,672,638,660,114822,75322654.2
2024-07-21,SCB,669,672,651,661,119452,79040611.4
2024-07-22,SCB,661,662,647.8,653,86936,56938327.4
2024-07-23,SCB,653,660,646.1,659.9,63847,41823872.4
2024-07-24,SCB,664,672.9,643,646,103522,67800386.3
2024-07-25,SCB,656.9,665,638,663,124380,80312487.3
2024-07-28,SCB,676.2,728,676.2,718,214442,152541639.7
2024-07-29,SCB,732.3,732.3,694.5,696,187034,131575854.3
2024-07-30,SCB,696,696,661.8,683,127427,86530661
2024-07-31,SCB,690,705,680.1,688.1,186116,129332893
2024-08-01,SCB,688,701,686.2,692,85954,59486964.5
2024-08-05,SCB,705.8,719.1,692,705,219032,154477566.9
2024-08-06,SCB,705,714,680,684,159776,110820039.7
2024-08-07,SCB,684,706,672,696,96894,67358999.7
2024-08-08,SCB,705.1,705.1,690,699,116445,81005275.7
2024-08-11,SCB,712,712,695,707,101862,71583541.3
2024-08-12,SCB,711,719.7,704.1,710.1,103692,73723700.6
2024-08-13,SCB,712,714,698,700.3,107990,76395012.3
2024-08-14,SCB,709,709,698,703.8,63442,44537719.5
2024-08-15,SCB,717.8,720,704,714,169191,120785394.3
2024-08-18,SCB,725,731,715.3,720.7,180607,131014345.4
2024-08-21,SCB,721,766,720.1,759.9,214586,159646897.5
2024-08-22,SCB,759.9,790,759.9,764,95983,73642078.3
2024-08-25,SCB,770,770,736,737.3,116510,86867030.4
2024-08-27,SCB,730,735,708,715,137755,99089560
2024-08-28,SCB,729,740,715.1,730,118529,86470441.5
2024-08-29,SCB,721,731,710,712,61660,44469503.6
2024-09-01,SCB,712.2,726,703.8,705.1,69139,49176589.7
2024-09-02,SCB,707,730,706,728.6,76231,54580580.8
2024-09-03,SCB,737,737,718.9,720,57873,41925703.6
2024-09-04,SCB,734.4,734.4,706,708,35741,25425776
2024-09-05,SCB,702.7,710,695.9,698,46719,32759427.9
2024-09-08,SCB,700,711,689,690,44856,31303625.7
2024-09-09,SCB,690,694.9,670.3,672,66193,44774140
2024-09-10,SCB,685,685,674,677,38474,26060686.2
2024-09-11,SCB,685,686,675,675.1,17698,11998152.3
2024-09-12,SCB,685,685,672,683.8,29278,19847407.7
2024-09-15,SCB,685,699.8,678,679,42701,29404388.6
2024-09-16,SCB,675,679,672.2,673,17727,11967994.9
2024-09-18,SCB,672,685,661,680,43154,29147866.5
2024-09-22,SCB,693.6,707,680,707,25074,17301504.2
2024-09-23,SCB,721.1,721.1,685,685,27899,19357527.7
2024-09-24,SCB,683,697.9,676,677,22915,15602240
2024-09-25,SCB,672.2,690.5,665.2,685,29451,20047080.5
2024-09-26,SCB,698,698.6,671.5,680,35791,24291252.8
2024-09-29,SCB,670,681,666,679,37334,25135180.3
2024-09-30,SCB,684.9,685,673,680.9,21518,14632819.6
2024-10-01,SCB,688.9,697,682.5,690.4,28259,19546499.5
2024-10-02,SCB,700,703.8,683.4,688,23208,16003884.3
2024-10-06,SCB,694,699,686.5,692.2,34057,23544883.8
2024-10-07,SCB,703,710,694.9,696,44011,30852264.7
2024-10-08,SCB,696.1,705,692.1,696.1,25902,18039669.4
2024-10-09,SCB,706.9,706.9,691.2,700,28344,19854649.3
2024-10-15,SCB,700,714,691,702,13687,9615817.5
2024-10-16,SCB,711,711,701,709,14394,10172770.2
2024-10-17,SCB,710,715,707,710,22079,15660893.2
2024-10-20,SCB,700,709.6,695,703.3,25045,17646344
2024-10-21,SCB,708,708,692,692,22530,15710680.2
2024-10-22,SCB,688.2,698,685,687.5,24363,16774275.4
2024-10-23,SCB,700,714,690,691.1,59792,42165485.9
2024-10-24,SCB,704,704,691,692,10568,7319287.2
2024-10-27,SCB,702,702,690,699.9,27021,18750361.9
2024-10-28,SCB,690.1,702,690.1,695.1,26802,18753005.9
2024-10-29,SCB,701,703.5,696.1,699,25357,17730475.9
2024-10-30,SCB,712.9,765,712.9,738.5,213474,157869797.3
2024-11-05,SCB,748,752,735,736,44235,32782038.1
2024-11-06,SCB,736,741.3,734,741,42928,31631088.9
2024-11-10,SCB,742,747,739,746.5,79420,59094042.4
2024-11-11,SCB,755,758.5,747.2,755,62474,47071986.6
2024-11-12,SCB,761,764.9,748,751.8,60731,45889105.7
2024-11-13,SCB,751.8,760,749,750.6,51884,39036707.6
2024-11-14,SCB,750.6,753,748,750,50746,38087848.8
2024-11-17,SCB,765,765,746.1,746.3,38390,28782877.8
2024-11-19,SCB,750,755,748,753.9,115641,86903190.2
2024-11-20,SCB,755.1,764,749.5,763,101465,77031339.9
2024-11-21,SCB,751.5,768,751.5,760,48261,36682951
2024-11-24,SCB,769,769,756,762,45323,34490190.1
2024-11-25,SCB,764,765,760.1,764,65432,49944079.5
2024-11-26,SCB,779.2,779.2,756,760,164621,125668932.5
2024-11-27,SCB,713.6,715,692,696,70585,49155801.3
2024-11-28,SCB,685,696,681,682,68389,46995353.5
2024-12-01,SCB,675,679,666.3,669,48082,32268609
2024-12-02,SCB,670,675,663,664,21131,14111860.3
2024-12-03,SCB,677,677,660,662,24288,16106974.6
2024-12-04,SCB,675.2,675.2,657,660,38999,25794658.9
2024-12-05,SCB,654,658.9,650,650.5,34860,22763651.8
2024-12-08,SCB,662,662,638,641,25890,16668895.6
2024-12-09,SCB,649.8,649.8,630.1,644,26921,17260422.3
2024-12-10,SCB,655,669,650,662,34954,22934609.2
2024-12-11,SCB,661,692,653,692,44286,29676021.8
2024-12-12,SCB,705.8,705.8,672,674,40840,27908858.2
2024-12-16,SCB,680,680,665,675,25953,17386605.4
2024-12-17,SCB,668,680,666,672,28147,18886798.4
2024-12-18,SCB,679.9,679.9,665,668.5,28791,19281332
2024-12-19,SCB,666,673,662,667,27177,18121153
2024-12-22,SCB,680,680,665,665,62141,41765421.6
2024-12-23,SCB,678.3,678.3,659.3,668,49499,32782506.5
2024-12-24,SCB,665,675,660,666,11079,7388990.8
2024-12-26,SCB,666,680,662,673.9,23840,16061844.6
2024-12-29,SCB,675,675,670,672,10541,7072343.7
2024-12-31,SCB,685.4,685.4,667,670,21235,14207190.9
2025-01-01,SCB,670.1,672,667.1,669.9,7549,5048484.2
2025-01-02,SCB,666,674,666,671,12591,8441782.8
2025-01-05,SCB,671,673,668.6,671,17436,11701941.7
2025-01-06,SCB,668.1,679.7,668,679,20096,13576274.6
2025-01-07,SCB,692.5,692.5,675,682,16617,11301049.4
2025-01-08,SCB,687,689,677,682,19627,13367457.5
2025-01-09,SCB,681.1,688,676.1,677,17610,11958319.1
2025-01-12,SCB,677,677,666,671.1,6808,4565732
2025-01-13,SCB,675,675,667.2,670.3,7827,5243075.4
2025-01-15,SCB,665,678,665,669.4,12296,8246355.5
2025-01-16,SCB,667,672,666.7,667.5,11342,7573560.2
2025-01-19,SCB,654.2,685,654.2,674,8281,5553588.1
2025-01-20,SCB,674,678,674,675,18591,12558185.6
2025-01-21,SCB,673.3,680,673.3,680,18174,12301029.1
2025-01-22,SCB,680,695.6,676,681,33037,22673981.9
2025-01-23,SCB,694,694,675,675,14420,9778903.3
2025-01-26,SCB,668,685,668,677.3,16798,11371303.4
2025-01-27,SCB,671.1,679.9,667.6,672,22825,15336242.7
2025-01-28,SCB,667.1,680,667.1,670,18528,12424889.3
2025-02-02,SCB,670,680,670,677,20157,13612841.9
2025-02-03,SCB,682,688,677.3,679.8,15751,10710079
2025-02-04,SCB,689,689,680.5,683.9,16979,11617855.9
2025-02-05,SCB,695,695,679.2,680,18012,12318086.5
2025-02-06,SCB,688,688,678,678.2,12426,8444029.2
2025-02-09,SCB,665,691.8,665,675,8297,5607858.2
2025-02-10,SCB,667,679.9,667,673,19389,13062360.3
2025-02-11,SCB,672,674.5,670,670,21936,14729623.3
2025-02-12,SCB,669,677.9,663,668,30638,20400377
2025-02-13,SCB,672,672,654.6,658,41230,27148826.6
2025-02-16,SCB,658,665,655,663,17882,11803265.2
2025-02-17,SCB,665,670.9,655.2,666,42904,28561103.7
2025-02-18,SCB,669,671,663.1,666.6,46889,31251103.9
2025-02-20,SCB,654,668,654,666.1,32614,21698849.5
2025-02-23,SCB,652.8,670,652.8,663,62200,41284983.5
2025-02-24,SCB,670,670,660.3,664.9,23683,15720377.6
2025-02-25,SCB,675,675,659.1,663.9,41734,27613330.4
2025-02-27,SCB,677.1,689,670,672.3,34706,23367540.2
2025-03-02,SCB,672,683,670,683,56955,38570266.2
2025-03-03,SCB,680.1,689,677,677.1,51748,35278460
2025-03-04,SCB,677,678,665,665,37008,24758110.7
2025-03-05,SCB,664,669,659.1,663,34311,22694047.9
2025-03-06,SCB,660,665.9,655,662,37987,25007729.9
2025-03-09,SCB,650,663,650,655.2,56771,37313403.6
2025-03-10,SCB,655,666,655,656,38917,25588825.9
2025-03-11,SCB,652,662,652,659,6490,4264298.8
2025-03-12,SCB,659,660,655.2,657.1,12924,8510299.3
2025-03-16,SCB,661,663.5,650,653,34978,22875254.3
2025-03-17,SCB,662,662,653,653,11963,7845334.7
2025-03-18,SCB,666,666,650,654.9,16220,10601986.2
2025-03-19,SCB,660,660,647,649.9,30854,20051386.7
2025-03-20,SCB,646.1,650,640,641.41,27304,17611303.2
2025-03-23,SCB,650,650,630,630.22,24034,15299417.1
2025-03-24,SCB,630,634,620.1,631.02,22792,14335659.5
2025-03-25,SCB,630,631,622.2,626.01,17121,10714284.2
2025-03-26,SCB,626,637.5,623.1,629.44,12014,7546833.9
2025-03-27,SCB,642,642,625.1,630.41,30032,18947360.1
2025-03-30,SCB,639,639.9,633,634.4,23762,15102448.6
2025-04-01,SCB,635,636,629.1,630.46,12942,8160952.9
2025-04-02,SCB,643,643,630,633.72,14920,9473145.3
2025-04-03,SCB,643,643,630.2,635.7,18730,11900867.9
2025-04-07,SCB,648.4,648.4,635,635.34,13561,8624702.1
2025-04-08,SCB,635,638.9,632,635.4,9729,6168010.2
2025-04-09,SCB,648,648,632,633.51,16297,10358119.8
2025-04-10,SCB,640,643,630,631.09,29316,18518686.9
2025-04-13,SCB,632,635,628,629.46,12467,7855203.5
2025-04-15,SCB,642,642,630,631.07,12467,7882212.6
2025-04-16,SCB,643,643,632.1,634.32,13474,8562541.3
2025-04-17,SCB,642,642,630.1,635.87,20881,13256889.9
2025-04-20,SCB,636,636,622.3,630.07,32096,20201231.6
2025-04-21,SCB,630,639,625.5,633.01,15962,10076215.9
2025-04-22,SCB,635,635,626.2,627.51,10714,6723888.7
2025-04-23,SCB,637.9,637.9,609.1,620.1,33745,20834073.4
2025-04-24,SCB,615,624,612,617.21,18940,11666480.6
2025-04-27,SCB,617.21,630,610,613.3,62465,38249091.4
2025-04-28,SCB,610.2,615,610.2,613.53,11379,6969469
2025-04-29,SCB,611,625,608,608.36,19648,11988549.3
2025-04-30,SCB,608.36,612,600,601.42,26084,15770932.1
2025-05-04,SCB,603.2,606.8,603,603.63,17590,10621574
2025-05-05,SCB,601,605,600,602.09,13041,7842037.3
2025-05-06,SCB,602.5,603,597.1,600.24,11897,7138170.4
2025-05-07,SCB,600,614.8,600,612.13,10427,6319786.8
2025-05-08,SCB,602,610.9,602,607.56,13787,8349883.3
2025-05-11,SCB,607,609,603.1,605.59,8913,5396284.2
2025-05-13,SCB,607,610,600,603.09,16124,9723098.8
2025-05-14,SCB,603.09,605,601,602.14,9926,5977625.6
2025-05-15,SCB,603,607,600,602.7,13691,8260350
2025-05-18,SCB,602.7,606,600,602.09,13367,8045711.4
2025-05-19,SCB,602.09,610,600.1,603.24,9746,5872287.9
2025-05-20,SCB,609,611,600,608.71,12273,7440571.4
2025-05-21,SCB,620.8,633.2,611.5,612.15,19399,11975211.2
2025-05-22,SCB,618,626,608,623.7,29386,18238480.5
2025-05-25,SCB,621,636.1,620,622.43,13129,8171140.2
2025-05-26,SCB,634.8,634.8,625,627.09,22352,14016157.3
2025-05-27,SCB,630,632.9,621,627.36,9510,5969119
2025-05-28,SCB,637,637,621.3,628.67,13649,8546574.1
2025-06-02,SCB,640,642,630,630.36,22770,14464056.2
2025-06-03,SCB,638,638,624,624.57,20833,13078979.9
2025-06-04,SCB,625,635,618,619.6,13396,8319169.1
2025-06-05,SCB,630,630,608.1,609.19,19291,11829941.5
2025-06-08,SCB,605,614,605,606.52,14672,8894775
2025-06-09,SCB,612,615,605,612.85,10269,6257393
2025-06-10,SCB,618,622,610,611.96,9761,6000275
2025-06-11,SCB,623.8,623.9,612.1,615,11336,6986225.9
2025-06-12,SCB,625,625,609,609.44,14922,9111848
2025-06-15,SCB,608,612,608,610.33,29064,17728478.8
2025-06-16,SCB,610.5,615,610,612.56,11266,6900641.6
2025-06-17,SCB,613,614,610.1,613.42,8138,4981469.7
2025-06-18,SCB,613.42,618,609.3,614.72,7312,4478513
2025-06-19,SCB,610,614.9,610,612.88,12495,7664841.8
2025-06-22,SCB,613,613,609.1,610.01,20313,12415383.9
2025-06-23,SCB,610,615,610,612.7,7393,4520752.1
2025-06-24,SCB,612.2,617,611,611.67,12089,7406277.4
2025-06-25,SCB,610,619.5,610,612.54,5919,3624578.6
2025-06-26,SCB,610,615,610,612.87,8281,5079111
2025-06-29,SCB,619,619,612,615.12,9551,5865477.7
2025-06-30,SCB,615,621,612,618.08,10495,6463719.1
2025-07-01,SCB,618,620,615.4,618.03,7481,4618543.1
2025-07-02,SCB,616.2,628,616.2,624.74,11082,6915842.9
2025-07-03,SCB,620.5,674,620.5,643.1,37435,23932062.9
2025-07-06,SCB,643.1,645,633,642.75,25931,16549883.7
2025-07-07,SCB,642,648,635,638.26,22129,14144095.4
2025-07-08,SCB,635.1,640,631,635.82,18997,12080161.1
2025-07-09,SCB,644,644,636.2,643.08,35636,22860936.8
2025-07-10,SCB,643,657,643,655.57,56467,36743686.1
2025-07-13,SCB,642.5,679.9,642.5,667,70142,46959520.8
2025-07-14,SCB,674,677,653,655.11,21829,14374616.1
2025-07-15,SCB,662.8,662.8,645,648.44,52557,34210048.9
2025-07-16,SCB,661.4,667,653,656.1,110187,72631894.4
2025-07-17,SCB,661,670.3,650.1,668.39,54394,36286444.1
2025-07-20,SCB,681.7,681.7,667,670.17,52292,35186852.8
2025-07-21,SCB,670.2,670.2,660,664.39,25207,16769083.1
2025-07-22,SCB,670,677,665,674.61,67646,45370970.8
2025-07-23,SCB,675,675,661.2,670.09,54717,36561365.7
2025-07-24,SCB,668.1,672,665,670.91,24626,16452412.6
2025-07-27,SCB,670,674.8,665,666.72,34558,23129366.3
2025-07-28,SCB,660.1,664,657,661.91,42716,28136593.1
2025-07-29,SCB,666,675,662,665.98,40515,27076312.4
2025-07-30,SCB,673,679,659,660.12,26079,17258091.9
2025-07-31,SCB,660,660,650.2,650.71,29239,19128099.4
2025-08-03,SCB,650,650,637.2,637.64,51219,32846012.3
2025-08-04,SCB,649,701,634.4,657.74,59656,38553757.5
2025-08-05,SCB,670,680,644,645.52,65370,42599851
2025-08-06,SCB,648,650,638,643.09,40792,26096567.9
2025-08-07,SCB,646.3,647,638.3,643.93,13098,8416708.3
2025-08-11,SCB,656.7,669.7,645.5,647.13,21700,14070005.9
2025-08-12,SCB,658,658,630.5,639.98,27289,17461420.9
2025-08-13,SCB,640,641,635.1,639.32,15501,9887187.3
2025-08-14,SCB,639,640,635,637.46,12418,7909497.9
2025-08-17,SCB,638,639.8,624,628.26,41677,26226429.4
2025-08-18,SCB,625,628,619,624.57,28522,17781090.2
2025-08-19,SCB,634.8,634.8,625.5,629.28,8775,5502983.5
2025-08-20,SCB,630,631,626,627.42,10590,6651177
2025-08-21,SCB,629,629,624,626.12,12319,7713039.9
2025-08-24,SCB,624,627.5,623.3,625.35,15149,9470269.2
2025-08-25,SCB,620.2,626.9,620.2,622.83,13483,8397710.3
2025-08-26,SCB,633,633,623,626.45,8993,5626911.5
2025-08-27,SCB,634,634,625.6,631.31,8359,5261878
2025-08-28,SCB,623,634.7,623,630.26,13295,8377707.3
2025-08-31,SCB,628,635,619,634.1,21876,13744858.3
2025-09-01,SCB,625,681,625,659.97,106420,69673993.2
2025-09-02,SCB,670,679.3,657,661.75,119242,79527616.7
2025-09-03,SCB,668.8,668.8,653,654.46,20734,13640432.2
2025-09-04,SCB,650,659.9,642,651.75,24639,15992862.8
2025-09-07,SCB,659,659,637,642.44,23683,15198093.9
2025-09-08,SCB,630.1,640,630,631.7,12381,7825523.9
2025-09-18,SCB,619.1,619.1,605,607,2917,1773044
2025-09-21,SCB,594.9,627,594.9,618.27,74579,45683939.9
2025-09-23,SCB,629.5,635,620.1,634,16046,10067083.3
2025-09-24,SCB,634,638.9,625.8,632,15152,9543387.3
2025-09-25,SCB,628.5,633,620,624.1,28886,18052677.6
2025-09-28,SCB,636,636,626,630,5718,3600896.8
2025-10-07,SCB,639.5,639.5,618.3,625,43949,27354039.1
2025-10-08,SCB,620,623,610,620,19576,12039779.9
2025-10-09,SCB,632.4,647,625.3,625.3,30979,19634319.2
2025-10-12,SCB,616.1,628,609,617,40272,24704348.3
2025-10-13,SCB,629.3,629.3,610,615.3,20047,12350887
2025-10-14,SCB,625,625,612.5,614.2,9633,5919738.7
2025-10-15,SCB,625.8,625.8,610.1,615,15650,9649328
2025-10-16,SCB,625,625,603,613,24469,14917474.3
2025-10-19,SCB,615,635.5,614,629,89818,56647709.1
2025-10-26,SCB,629,629,620,627,14318,8924131.2
2025-10-28,SCB,629.5,635.2,629,632.5,19279,12202492.4
2025-10-29,SCB,630,637,630,632.5,19531,12349050.6
2025-10-30,SCB,630,638.9,627.1,636,26451,16758459.7
2025-11-02,SCB,648.7,648.7,630.3,638,15940,10130724.3
2025-11-03,SCB,639,647,632.2,643,23579,15028797.9
2025-11-04,SCB,637.5,644,635.2,637,15878,10125077.8
2025-11-05,SCB,635,643,635,641.8,17725,11318643.9
2025-11-06,SCB,634.1,645,634.1,638,35160,22472957.5
2025-11-09,SCB,644,644,634.5,636,29856,18997594.1
2025-11-10,SCB,641,641,635.1,639.8,27302,17400317.8
2025-11-11,SCB,645,645,637,641,18611,11893994.4
2025-11-12,SCB,642,642,635,639,16743,10681556.5
2025-11-13,SCB,635,639.1,635,637,10261,6528189.2
2025-11-16,SCB,635.1,640,630.1,632.1,10837,6852635.1
2025-11-17,SCB,632,640,631.1,636,13316,8471061.3
2025-11-18,SCB,633,639.5,633,636.2,10579,6738699
2025-11-19,SCB,637,639.9,633.5,636.9,11815,7520648.7
2025-11-20,SCB,643,643,633,637,9825,6240242.8
2025-11-23,SCB,637.1,643,637.1,641,25737,16507733.2
2025-11-24,SCB,645,648.8,643,646,42052,27176992.8
2025-11-25,SCB,648.5,650,643,649,33381,21530657.6
2025-11-26,SCB,650,656,648.1,655,55079,35867558.3
2025-11-27,SCB,657,661.8,656,660,59896,39520541.1
2025-11-30,SCB,664.9,669,660.4,665,47892,31830883.5
2025-12-01,SCB,663,666.9,657,665.8,110362,73223558.2
2025-12-02,SCB,652.5,652.5,635,640,48374,30895415.6
2025-12-03,SCB,640,641,627.4,631,24352,15391482.2
2025-12-07,SCB,630,630,621.4,623,33143,20675323.8
2025-12-08,SCB,625,626,619,621,17924,11173736.6
2025-12-09,SCB,625,625.1,620,622,11221,6978425.3
2025-12-10,SCB,623,625,620.1,623,22235,13856814
2025-12-11,SCB,624.7,625,621.1,622,27364,17065933
2025-12-14,SCB,629.9,630,622.1,623.9,14221,8886891.2
2025-12-15,SCB,623.9,628,623,625.1,22027,13757741.1
2025-12-16,SCB,622.1,630,622.1,625,18432,11519374.9
2025-12-17,SCB,629,629.8,625,628,14270,8940849.8
2025-12-18,SCB,625,628,621,625.4,8156,5102959.2
2025-12-21,SCB,625,629.8,624,627,14748,9241718.7
2025-12-22,SCB,622.2,631,614.5,623.2,31480,19743507.9
2025-12-23,SCB,623,634,622,626,7226,4531504.2
2025-12-24,SCB,625,630,623,624.8,17735,11137196.5
2025-12-28,SCB,622,630,622,629,15592,9792883.8
2025-12-29,SCB,631,634.9,626.2,626.5,8987,5637459.9
2025-12-31,SCB,630,634,624.1,631,12802,8063574.5
2026-01-01,SCB,638,638,627.1,632,24484,15414181.2
2026-01-04,SCB,627,633,627,632,15776,9951809.5
2026-01-05,SCB,636,636,628.2,631.9,19360,12202998.4
2026-01-06,SCB,639.9,639.9,628.4,635,54373,34492099.3
2026-01-07,SCB,635,641.9,630.2,638,45060,28801862.2
2026-01-08,SCB,638.9,642.4,638,640,25322,16213254.7
2026-01-12,SCB,641.8,641.9,636,636,12219,7810962
2026-01-13,SCB,642.7,699,625,633.1,15863,10075954.4
2026-01-14,SCB,633.1,639.9,630.1,631.4,14973,9467543
2026-01-18,SCB,632.5,636,631.4,633.1,11893,7529962.5
2026-01-20,SCB,630,642,630,640.6,20233,12937771.7
2026-01-21,SCB,638,642,636,638,20013,12744320.4
2026-01-22,SCB,634.6,642.5,628,631,54460,34356032.7
2026-01-25,SCB,631.5,642,631.5,637.2,17448,11106823.2
2026-01-26,SCB,635,640,632.1,635,24899,15861576.6
2026-01-27,SCB,635,640,630.2,633.2,18551,11760664.7
2026-01-28,SCB,633,639,630.1,634.7,15258,9645667.3
2026-01-29,SCB,628.1,633,628.1,630,39369,24802606.4
2026-02-01,SCB,630,633.9,628.1,631.5,22323,14097654.6
2026-02-02,SCB,635,635,629.5,631.5,35979,22764290.8
2026-02-03,SCB,631.5,634.5,631.1,633,28318,17904607.7
2026-02-04,SCB,621,635,621,631,11041,6979093.7
2026-02-05,SCB,628.1,640,628.1,639.9,27507,17455414
2026-02-08,SCB,639.9,640.8,633.3,638,27351,17478281.6
2026-02-09,SCB,641,641,633,635.1,12711,8073231.6
2026-02-10,SCB,635,638,632.1,638,16846,10698403.7
2026-02-11,SCB,642,645,632.1,640,15782,10080917.8
2026-02-12,SCB,639,641,636.2,637.6,18299,11693024.9
2026-02-16,SCB,640,640,636,640,33111,21148527.4
2026-02-17,SCB,640,640.8,629.2,640.8,50691,32184678.5
2026-02-22,SCB,653.6,653.6,630,637,16872,10713677
2026-02-23,SCB,637,641,634.1,640,18763,11984675.2
2026-02-24,SCB,640,648,638,648,21552,13851424.4
2026-02-25,SCB,649.9,649.9,638.9,642.2,14223,9160194.8
2026-02-26,SCB,643.1,652,643,647.1,24303,15761927.3
2026-03-01,SCB,647,651,641.1,647.2,14211,9201778.3
2026-03-03,SCB,647.2,652,642.1,650,9794,6356859.7
2026-03-09,SCB,663,698.7,663,698.7,460,313169
2026-03-10,SCB,712,712.6,653.3,685,82493,55706040.7
2026-03-11,SCB,698.1,698.1,665,665,12196,8163602.4
2026-03-12,SCB,665,669,660.1,668,21163,14103834
2026-03-15,SCB,675,675,663,667,13467,8986504.2
2026-03-16,SCB,653.7,669,653.7,658,20686,13689100.6
2026-03-17,SCB,664,664.9,655,663,9078,5995516.2
2026-03-19,SCB,670,673,663.8,667.4,40079,26856802.4
2026-03-22,SCB,670,679,662.5,673,38779,26088769.7
2026-03-23,SCB,684,684,673,679,29479,19977633.4
2026-03-24,SCB,683.9,683.9,679,680,35672,24271846.8
2026-03-25,SCB,693.6,693.6,676,678.9,26166,17744608
2026-03-26,SCB,673,679,670,677,14816,10009550.9
2026-03-29,SCB,680,680,663.5,669,38887,25999930.5
2026-03-30,SCB,656.1,679,654,655,18093,11986404.9
2026-03-31,SCB,651,660,646.3,659,17316,11306255.9
2026-04-01,SCB,660,660,648,650,24372,15900474.8
2026-04-02,SCB,646.1,653.9,645,653.5,21410,13920893
2026-04-05,SCB,650,650,637.3,640.3,36523,23467211.9
2026-04-06,SCB,640,655,639,642,18284,11823185.3
2026-04-07,SCB,642.3,653.8,642.1,648,11479,7421534.5
2026-04-08,SCB,650,653.5,645,649,12367,8019234
2026-04-09,SCB,651.9,658,641.7,655,27670,18087345.2
2026-04-10,SCB,650,656,649,655.5,24520,16041886.4
2026-04-13,SCB,655,657.6,648,651,8316,5434561.8
2026-04-15,SCB,655,659,651,658.9,10631,6964931.7
2026-04-16,SCB,655,660,650.3,660,11086,7267893.1
2026-04-17,SCB,659.9,659.9,652.1,658.9,12279,8056159.5
2026-04-20,SCB,665.1,665.1,651,654,10777,7046169
2026-04-21,SCB,658,658,651,652.5,10277,6728813.8
2026-04-22,SCB,650,650,634.1,648,7133,4605832.3
2026-04-23,SCB,654,654,643.2,646,12008,7773298.4
2026-04-24,SCB,635.2,650,635.2,650,7573,4873448.1
2026-04-27,SCB,650,664.9,645,647.5,6877,4458438.1
2026-04-28,SCB,647.5,649.5,642,643,5780,3726725.3
2026-04-29,SCB,643,640.1,638.3,639.4,7418,4743365.3
2026-04-30,SCB,639,640.4,635,639,14186,9064057.3
2026-05-04,SCB,639,647.4,634.2,641,11750,7496615.6
2026-05-05,SCB,627,642,626,637.5,3039,1939843.4
2026-05-06,SCB,636.1,641.5,636.1,640.9,5579,3569926.7
2026-05-07,SCB,636.1,644.6,636.1,642,2840,1820143.1
2026-05-08,SCB,649.9,649.9,642,645.2,4125,2660144.2
2026-05-11,SCB,650,650,644,645.2,6891,4453887.8
2026-05-12,SCB,646.1,650,641.3,647,9392,6075582
2026-05-13,SCB,642,646,640.09,645.9,4877,3136116.51
2026-05-14,SCB,645.9,647,643,647,8884,5733426.2
2026-05-15,SCB,654,654,642,649,2415,1562472.3
2026-05-18,SCB,680,680,640.09,647,3008,1947084.3
2026-05-19,SCB,664.9,664.9,640.2,642.5,9723,6278291
2026-05-20,SCB,655,655,637,653.5,24929,16071070.19
2026-05-21,SCB,653.5,659.9,642,650,4495,2929701.5
2026-05-22,SCB,653.5,660,648,653.2,5706,3728652.5
2026-05-25,SCB,664.3,664.3,653.1,659.9,16845,11066343.6
2026-05-26,SCB,664.8,664.8,655.1,659.8,12930,8529140.8
2026-05-27,SCB,664.9,664.9,655,658.9,7085,4675251.3
2026-06-01,SCB,658,661,642,656,7325,4817096
2026-06-02,SCB,663.9,663.9,651,656,8914,5863171.9
2026-06-03,SCB,656,660,652,657,7361,4837769.5
2026-06-04,SCB,663,663,643.6,658.5,15797,10351185.8
2026-06-05,SCB,655.1,662,653.2,657.1,8064,5310645.4
2026-06-08,SCB,650.6,664.9,650.6,653,6816,4453289.2
2026-06-09,SCB,653,660,649,655,10104,6589662.4
2026-06-10,SCB,655,660,650,658,3081,2010301.3
2026-06-11,SCB,659,660,648.2,650,6996,4570243.5
2026-06-12,SCB,651,655,648.3,649.1,2434,1582486.8
2026-06-15,SCB,650,659.9,645.1,650,2646,1718528.6
2026-06-16,SCB,655,655,648.5,650,2142,1392742.9
2026-06-17,SCB,655,655,647,647,7445,4839262.1
2026-06-18,SCB,615,655,615,648.8,6832,4436162.8
2026-06-19,SCB,648.7,650,646.1,649.1,12222,7935525.8
2026-06-22,SCB,655,655,645.2,646.2,3446,2229708.4
2026-06-23,SCB,646.2,646.2,645,645.5,3759,2426324.8
2026-06-24,SCB,644.3,644.3,639.5,640.1,46033,29480861.1
2026-06-25,SCB,649.9,649.9,632.8,641.5,1610,1032281.7
2026-06-26,SCB,659,659,640.1,641.8,6161,3954272.4
2026-06-29,SCB,654,654,640.09,641,6638,4251909.79
2026-06-30,SCB,641,650,640,641,14142,9059368.81
2026-07-01,SCB,650,650,640,641,21494,13763717.3
2026-07-02,SCB,645,649.8,640.4,647,13552,8729033
2026-07-03,SCB,647,650,645,648,6192,4011149.8
2026-07-06,SCB,645,648,640,641,6074,3905538.1
2026-07-07,SCB,649.9,649.9,640,646,20745,13338473.8
2026-07-08,SCB,642,649.7,640,640,11710,7515791.2
2026-07-09,SCB,645,648,638,642,14689,9400967.5
2026-07-10,SCB,650,650,635.2,638,18019,11539965.6
2026-07-13,SCB,638,639.1,635,637,20869,13293037.6
2026-07-14,SCB,635,639,634,635.5,22831,14524991.1
2026-07-15,SCB,649,649,636,643.5,7822,4993735.6
2026-07-16,SCB,639,668,639,666.1,14522,9512061.9
2026-07-17,SCB,664.5,664.5,656.2,662.9,7453,4932504.9
2026-07-20,SCB,664,665,659.1,665,4716,3128885.3
2026-07-21,SCB,665,670,660,663.9,8964,5969552.5
2026-07-22,SCB,661,661,644,658.1,3467,2279267
2026-07-23,SCB,625.2,670,625.2,655.2,1974,1291361.5
2026-07-24,SCB,655.09,660,651,651,17211,11280375.05
2026-07-27,SCB,618.5,662,618.5,654,17457,11451646.1
2026-07-28,SCB,656,660,650,655,5553,3638400.3
2026-07-29,SCB,650.1,659,641,657,12523,8189469.1
2026-07-30,SCB,660.8,660.8,650.3,652,3198,2099872.3
2026-07-31,SCB,657.9,657.9,645.2,651,10797,7019929.9
2026-08-03,SCB,618.5,665,618.5,651,17434,11379156.8
2026-08-04,SCB,665,665,646.1,652.6,19934,13022985.9
2026-08-05,SCB,662,662,650.1,655.9,8907,5849677.1
2026-08-06,SCB,625,665,625,654,15658,10278413.6
2026-08-07,SCB,663.9,663.9,647,648,8192,5314880.7
2026-08-10,SCB,648.1,658,643.2,643.2,7703,4972581.2
2026-08-11,SCB,653,653,642,649.3,12584,8155939.8
2026-08-12,SCB,650,654,646,650,4802,3126494.2
2026-08-13,SCB,650,659.9,646,658,8897,5834870.3
2026-08-14,SCB,655,659.9,654,659.9,5995,3945064.1
2026-08-17,SCB,659.9,659.9,644,649,7753,5028595.6
2026-08-18,SCB,660,660,646.2,650,5419,3520133.7
2026-08-19,SCB,661,661,645.1,650,6223,4062866.7
2026-08-20,SCB,654,654,647,650,5957,3867149.5
2026-08-21,SCB,651,655,648,650,2936,1911725.5
2026-08-24,SCB,652,655,648.1,648.5,3942,2562401.2
2026-08-25,SCB,648,653,642.2,651,6371,4119368.9
2026-08-26,SCB,646,651,642,644,4572,2944260.3
2026-08-27,SCB,644,650,640.7,645,8398,5423076.2
2026-08-31,SCB,650,654.9,641.1,642.3,10921,7057043.5
2026-09-01,SCB,645,650,641.1,647,6507,4189533.6
2026-09-02,SCB,654.7,654.7,643,645.1,4028,2600898.2
2026-09-03,SCB,645.1,651,644,645.5,19963,12902444.5
2026-09-07,SCB,660,660,647,649.1,6334,4118431.9
2026-09-09,SCB,649,654.9,649,651.1,9478,6178714.4
2026-09-10,SCB,652,654.9,644,645.1,14578,9432556.5
2026-09-11,SCB,647.1,652,645,648,10449,6792318.5
2026-09-14,SCB,655,655,645,650,10522,6826070.3
2026-09-15,SCB,682,682,651,653,10110,6627600.9
2026-09-16,SCB,655,657,650.1,650.1,6942,4528053.4
2026-09-17,SCB,651.2,656,651.2,655,20223,13231335.9
2026-09-18,SCB,655.1,660,655.1,657,11505,7581705.5
2026-09-22,SCB,660,661,656.6,657,16227,10691917.8
2026-09-23,SCB,689.8,689.8,651,655.2,12907,8468564.9
2026-09-24,SCB,655,660,655,657.2,7152,4710729.3
2026-09-28,SCB,656,662,655,660,12744,8412203.6
2026-09-29,SCB,664.6,664.6,659.6,661,9185,6067092.3
2026-09-30,SCB,628,664.9,628,659,8041,5282157
2026-10-01,SCB,659,663,657.1,661,6880,4536474.5
2026-10-02,SCB,661,664.5,659,663,9576,6325728.5
2026-10-05,SCB,664,664,656,659,17323,11422765.5
2026-10-06,SCB,660,663.6,658,663,9844,6508972
2026-10-07,SCB,657.6,662,650,662,36731,24118041.6
