date,symbol,open,high,low,close,volume,turnover
2014-01-22,SHPC,0,324,324,324,10,3240
2014-01-23,SHPC,324,356,330,356,60,20660
2014-01-26,SHPC,356,373,373,373,10,3730
2014-01-27,SHPC,373,401,380,401,40,15620
2014-01-28,SHPC,401,441,409,441,252,109756
2014-01-29,SHPC,441,485,449,485,1380,666968
2014-02-02,SHPC,485,533,494,533,64607,34314932
2014-02-03,SHPC,533,543,495,500,64378,33538028
2014-02-04,SHPC,500,499,452,494,19086,9279880
2014-02-06,SHPC,501,527,498,519,12863,6478886
2014-02-09,SHPC,519,520,500,515,17399,8873190
2014-02-10,SHPC,515,545,511,524,11836,6169735
2014-02-11,SHPC,524,523,510,516,21014,10790549
2014-02-12,SHPC,516,512,500,512,8511,4318790
2014-02-13,SHPC,512,512,508,512,9708,4952112
2014-02-16,SHPC,512,511,502,505,6069,3070731
2014-02-17,SHPC,505,512,500,506,22549,11350710
2014-02-18,SHPC,506,524,505,515,11226,5749845
2014-02-20,SHPC,515,530,514,530,9012,4688680
2014-02-23,SHPC,530,583,530,580,33835,18878496
2014-02-24,SHPC,580,625,582,582,23880,14245409
2014-02-25,SHPC,582,593,560,593,25759,14788833
2014-02-26,SHPC,593,604,534,570,14762,8612450
2014-03-03,SHPC,570,565,546,555,7794,4329743
2014-03-04,SHPC,555,550,532,549,18136,9753163
2014-03-05,SHPC,549,582,535,560,12657,7138103
2014-03-06,SHPC,560,570,555,560,27561,15482965
2014-03-09,SHPC,560,560,540,550,15006,8274894
2014-03-10,SHPC,550,550,530,549,8932,4826451
2014-03-11,SHPC,549,545,530,530,10786,5831905
2014-03-12,SHPC,530,545,525,540,10038,5401923
2014-03-17,SHPC,540,540,515,525,9794,5174799
2014-03-18,SHPC,525,530,511,515,5212,2690447
2014-03-19,SHPC,515,535,510,525,4212,2206313
2014-03-20,SHPC,525,532,515,532,2766,1442475
2014-03-23,SHPC,532,550,526,540,10299,5491627
2014-03-24,SHPC,540,566,538,560,10249,5655906
2014-03-25,SHPC,560,580,547,570,21974,12463350
2014-03-26,SHPC,570,589,560,584,22124,12720203
2014-03-27,SHPC,584,605,580,604,39017,23315656
2014-03-31,SHPC,604,632,600,632,19441,12044508
2014-04-01,SHPC,632,665,626,660,18629,12100531
2014-04-02,SHPC,660,700,653,684,35568,24276582
2014-04-03,SHPC,684,700,640,642,18448,12551054
2014-04-06,SHPC,642,644,630,640,10967,6987295
2014-04-07,SHPC,640,655,628,655,10843,6942479
2014-04-09,SHPC,655,672,642,670,7401,4897079
2014-04-10,SHPC,670,675,659,673,5842,3917115
2014-04-13,SHPC,673,685,660,685,15886,10742163
2014-04-15,SHPC,685,690,665,685,12285,8390821
2014-04-16,SHPC,685,689,663,670,8958,6094816
2014-04-17,SHPC,670,683,660,680,8003,5422321
2014-04-20,SHPC,680,686,673,673,9516,6468856
2014-04-21,SHPC,673,681,658,668,6649,4457601
2014-04-22,SHPC,668,686,658,680,9748,6606145
2014-04-23,SHPC,680,685,671,677,13283,9025947
2014-04-27,SHPC,677,680,660,672,4486,3006544
2014-04-28,SHPC,672,669,653,660,3711,2457177
2014-04-29,SHPC,660,668,655,661,4659,3081404
2014-04-30,SHPC,661,650,626,642,14040,8985663
2014-05-04,SHPC,642,650,630,635,7737,4959684
2014-05-05,SHPC,635,665,614,655,9585,6092533
2014-05-06,SHPC,655,655,642,654,2437,1586042
2014-05-07,SHPC,654,659,640,650,4894,3205051
2014-05-08,SHPC,650,665,649,656,7781,5073083
2014-05-11,SHPC,656,658,630,630,4525,2893694
2014-05-12,SHPC,630,642,625,637,2471,1573019
2014-05-13,SHPC,637,640,624,640,2726,1715746
2014-05-15,SHPC,640,650,612,645,2409,1538376
2014-05-18,SHPC,645,654,640,640,3155,2045282
2014-05-19,SHPC,640,646,632,640,6262,4004553
2014-05-20,SHPC,640,644,631,639,4845,3102240
2014-05-21,SHPC,639,648,635,640,4606,2946010
2014-05-22,SHPC,640,645,630,640,3716,2379102
2014-05-25,SHPC,640,673,645,650,8110,5306558
2014-05-26,SHPC,650,660,641,659,8712,5685756
2014-05-27,SHPC,659,672,650,660,6168,4085907
2014-05-28,SHPC,660,680,648,670,16331,10945022
2014-06-01,SHPC,670,689,652,675,14235,9647122
2014-06-02,SHPC,675,708,674,691,5875,4054696
2014-06-03,SHPC,691,693,670,671,4027,2754664
2014-06-04,SHPC,671,684,661,684,4150,2801417
2014-06-05,SHPC,684,697,675,688,4755,3248382
2014-06-08,SHPC,688,696,680,689,3198,2208222
2014-06-09,SHPC,689,691,680,690,3578,2447688
2014-06-10,SHPC,690,700,680,690,4805,3328657
2014-06-11,SHPC,690,703,685,697,4942,3448119
2014-06-12,SHPC,697,701,683,700,3155,2193535
2014-06-15,SHPC,700,701,690,696,10976,7669019
2014-06-16,SHPC,696,700,690,691,7744,5375115
2014-06-17,SHPC,691,699,681,699,5555,3839984
2014-06-18,SHPC,699,700,685,690,3965,2752083
2014-06-19,SHPC,690,695,680,684,1423,979079
2014-06-23,SHPC,684,690,668,675,3820,2585962
2014-06-24,SHPC,675,686,662,680,8173,5558110
2014-06-25,SHPC,680,693,675,679,4748,3219128
2014-06-26,SHPC,679,695,684,688,4227,2901235
2014-06-29,SHPC,688,701,680,690,3632,2509484
2014-06-30,SHPC,690,703,690,700,8617,5979570
2014-07-01,SHPC,700,702,694,695,8616,5993898
2014-07-02,SHPC,695,699,685,699,4863,3372838
2014-07-03,SHPC,699,765,695,720,23364,16863598
2014-07-06,SHPC,720,792,708,792,17498,13336332
2014-07-07,SHPC,792,841,800,826,19971,16429765
2014-07-08,SHPC,826,871,830,855,8729,7401884
2014-07-09,SHPC,855,860,825,835,3931,3296020
2014-07-10,SHPC,835,838,820,833,5620,4658417
2014-07-13,SHPC,833,849,810,835,8821,7320331
2014-07-14,SHPC,835,835,810,810,3288,2706544
2014-07-15,SHPC,810,819,780,795,5182,4100453
2014-07-16,SHPC,795,810,790,795,16217,12933617
2014-07-17,SHPC,795,819,795,819,6154,4971712
2014-07-20,SHPC,819,840,810,840,6658,5496856
2014-07-21,SHPC,840,840,825,832,5231,4347485
2014-07-22,SHPC,832,824,800,810,5518,4490224
2014-07-23,SHPC,810,825,801,815,9771,7967119
2014-07-24,SHPC,815,820,805,812,12151,9859633
2014-07-27,SHPC,812,819,800,802,8650,6943546
2014-07-28,SHPC,802,805,775,800,4191,3301543
2014-07-30,SHPC,800,810,770,777,8120,6361689
2014-07-31,SHPC,777,801,777,798,2555,2023730
2014-08-03,SHPC,798,800,731,770,8742,6786046
2014-08-04,SHPC,770,783,756,772,4284,3280922
2014-08-05,SHPC,772,781,752,754,3757,2916159
2014-08-06,SHPC,754,768,745,745,4029,3067176
2014-08-07,SHPC,745,765,740,765,7164,5364875
2014-08-12,SHPC,765,770,750,750,1342,1020784
2014-08-13,SHPC,750,763,735,735,2632,1950109
2014-08-14,SHPC,735,750,730,750,23103,17171128
2014-08-18,SHPC,750,745,725,730,1394,1023476
2014-08-19,SHPC,730,763,716,731,3843,2847591
2014-08-20,SHPC,731,731,715,716,3026,2183600
2014-08-21,SHPC,716,702,655,690,4090,2777255
2014-08-24,SHPC,690,690,680,685,2975,2042712
2014-08-25,SHPC,685,685,617,641,2484,1600299
2014-08-26,SHPC,641,703,653,682,7383,5037237
2014-08-27,SHPC,682,718,667,693,10642,7428686
2014-08-28,SHPC,693,708,685,705,10579,7401890
2014-08-31,SHPC,705,697,670,682,1532,1053877
2014-09-01,SHPC,682,680,660,680,3733,2499288
2014-09-03,SHPC,680,680,666,675,1341,899314
2014-09-04,SHPC,675,675,650,670,2091,1373020
2014-09-07,SHPC,670,665,610,610,902,584480
2014-09-09,SHPC,610,647,603,640,11273,7056233
2014-09-10,SHPC,640,652,612,645,7071,4497761
2014-09-11,SHPC,645,673,615,673,4491,2863519
2014-09-14,SHPC,673,665,616,640,1709,1096869
2014-09-15,SHPC,640,649,622,640,11950,7543109
2014-09-16,SHPC,640,646,623,635,4380,2777369
2014-09-17,SHPC,635,648,630,631,4181,2671874
2014-09-18,SHPC,631,643,617,625,10039,6237506
2014-09-21,SHPC,625,615,600,610,5982,3610426
2014-09-22,SHPC,610,622,595,622,5378,3256523
2014-09-23,SHPC,622,649,610,620,17732,10941290
2014-09-24,SHPC,620,630,613,624,1614,1002287
2014-09-28,SHPC,624,665,615,665,4026,2611602
2014-09-29,SHPC,665,682,640,670,2586,1726119
2014-09-30,SHPC,670,680,655,670,6739,4491156
2014-10-08,SHPC,670,690,645,645,7349,4775273
2014-10-09,SHPC,645,663,645,650,5660,3678551
2014-10-12,SHPC,650,665,643,648,3167,2068791
2014-10-13,SHPC,648,651,640,651,2619,1691655
2014-10-14,SHPC,651,665,642,665,3344,2186711
2014-10-15,SHPC,665,671,648,671,1681,1104824
2014-10-16,SHPC,671,678,665,677,6155,4150734
2014-10-19,SHPC,677,672,665,670,5405,3619426
2014-10-20,SHPC,670,684,670,670,12316,8281348
2014-10-21,SHPC,670,688,670,688,11330,7728279
2014-10-22,SHPC,688,718,688,705,8777,6216354
2014-10-26,SHPC,705,743,705,731,5347,3856067
2014-10-27,SHPC,731,755,731,750,12864,9585739
2014-10-28,SHPC,750,750,721,740,5038,3727458
2014-10-30,SHPC,740,735,716,723,4029,2909650
2014-11-02,SHPC,723,732,695,732,6626,4642936
2014-11-03,SHPC,732,718,694,697,4129,2882288
2014-11-04,SHPC,697,696,680,693,4034,2773924
2014-11-05,SHPC,693,711,687,706,3680,2583707
2014-11-06,SHPC,706,718,700,703,2872,2020163
2014-11-09,SHPC,703,702,688,694,2254,1565272
2014-11-10,SHPC,694,690,670,680,6188,4192157
2014-11-11,SHPC,680,714,658,714,1107,746690
2014-11-12,SHPC,714,714,677,687,2141,1462735
2014-11-13,SHPC,687,689,680,687,890,608988
2014-11-16,SHPC,687,699,680,684,1564,1072109
2014-11-17,SHPC,684,683,665,670,3477,2354126
2014-11-18,SHPC,670,669,625,657,4234,2779014
2014-11-19,SHPC,657,670,655,665,6797,4476492
2014-11-20,SHPC,665,668,655,660,8203,5396793
2014-11-23,SHPC,660,711,665,678,5651,3883431
2014-11-24,SHPC,678,683,670,670,955,650478
2014-11-25,SHPC,670,675,655,675,4598,3030185
2014-11-30,SHPC,675,678,665,678,1669,1122943
2014-12-01,SHPC,678,675,660,660,2074,1380997
2014-12-02,SHPC,660,669,645,645,2070,1344204
2014-12-03,SHPC,645,665,650,650,4601,3021138
2014-12-04,SHPC,650,670,660,663,5200,3455785
2014-12-07,SHPC,663,660,650,660,871,574016
2014-12-08,SHPC,660,660,646,652,5245,3406870
2014-12-09,SHPC,652,665,652,657,4969,3286624
2014-12-10,SHPC,657,673,660,661,2992,1981880
2014-12-11,SHPC,661,672,659,672,3834,2550683
2014-12-14,SHPC,672,737,671,722,10156,6988666
2014-12-15,SHPC,722,742,677,705,18593,13219549
2014-12-16,SHPC,705,709,683,699,8770,6111892
2014-12-17,SHPC,699,720,688,700,3591,2505228
2014-12-18,SHPC,700,704,690,696,3865,2689237
2014-12-21,SHPC,696,699,683,696,3276,2274945
2014-12-22,SHPC,696,714,672,710,3626,2526205
2014-12-23,SHPC,710,700,681,698,4919,3405575
2014-12-24,SHPC,698,711,697,699,3624,2536118
2014-12-28,SHPC,699,712,705,705,3606,2554175
2014-12-29,SHPC,705,704,693,702,3565,2489973
2014-12-31,SHPC,702,708,677,702,2147,1505663
2015-01-01,SHPC,702,714,700,705,6121,4313185
2015-01-04,SHPC,705,719,705,719,2143,1523901
2015-01-05,SHPC,719,733,706,710,4874,3498943
2015-01-06,SHPC,710,721,710,718,2456,1759414
2015-01-07,SHPC,718,730,716,724,4174,3015937
2015-01-08,SHPC,724,755,730,735,15714,11667296
2015-01-11,SHPC,735,780,740,775,22653,17293644
2015-01-12,SHPC,775,788,760,776,9812,7537160
2015-01-13,SHPC,776,785,761,785,11026,8528456
2015-01-14,SHPC,785,800,784,789,12030,9521516
2015-01-18,SHPC,789,795,775,775,6769,5310995
2015-01-19,SHPC,775,835,787,787,14051,11313981
2015-01-20,SHPC,787,802,750,775,17054,13359062
2015-01-22,SHPC,775,785,746,783,7342,5685594
2015-01-25,SHPC,783,786,776,786,2798,2184100
2015-01-26,SHPC,786,800,783,792,10585,8355350
2015-01-27,SHPC,792,793,787,788,3234,2553594
2015-01-28,SHPC,788,800,765,797,4374,3456029
2015-01-29,SHPC,797,800,782,787,6151,4870294
2015-02-01,SHPC,787,800,780,785,4785,3749245
2015-02-02,SHPC,785,789,771,789,3742,2911324
2015-02-03,SHPC,789,794,775,780,7114,5550463
2015-02-04,SHPC,780,845,795,815,29579,24098164
2015-02-05,SHPC,815,815,790,805,18948,15160468
2015-02-08,SHPC,805,826,794,826,6222,4976935
2015-02-09,SHPC,826,820,804,815,3217,2602942
2015-02-10,SHPC,815,820,800,800,4953,3985696
2015-02-11,SHPC,800,814,800,807,3281,2645373
2015-02-12,SHPC,807,820,800,808,2633,2121832
2015-02-15,SHPC,808,809,800,800,7115,5713267
2015-02-16,SHPC,800,801,792,799,2159,1722933
2015-02-18,SHPC,799,801,785,786,2242,1769554
2015-02-22,SHPC,786,785,765,765,2639,2026064
2015-02-23,SHPC,765,780,765,771,2802,2157874
2015-02-24,SHPC,771,780,752,775,937,717203
2015-02-25,SHPC,775,785,767,773,3225,2494011
2015-02-26,SHPC,773,772,767,767,2139,1646441
2015-03-01,SHPC,767,774,767,767,1855,1429790
2015-03-02,SHPC,767,776,755,774,1452,1107259
2015-03-03,SHPC,774,775,763,766,2730,2098516
2015-03-04,SHPC,766,780,751,769,3102,2388012
2015-03-09,SHPC,769,770,755,765,1501,1146237
2015-03-10,SHPC,765,775,765,765,668,511410
2015-03-11,SHPC,765,775,765,772,959,740411
2015-03-12,SHPC,772,778,772,778,382,295204
2015-03-15,SHPC,778,770,742,749,5443,4103415
2015-03-16,SHPC,749,745,730,740,1389,1024805
2015-03-17,SHPC,740,754,739,745,1052,783038
2015-03-18,SHPC,745,750,740,746,416,309592
2015-03-19,SHPC,746,766,746,750,1481,1109448
2015-03-22,SHPC,750,750,749,750,497,372527
2015-03-23,SHPC,750,750,735,735,3129,2312922
2015-03-24,SHPC,735,740,726,735,605,443212
2015-03-25,SHPC,735,745,728,730,2152,1587806
2015-03-26,SHPC,730,739,716,730,403,294282
2015-03-29,SHPC,730,750,729,740,660,486816
2015-03-30,SHPC,740,730,725,725,2789,2028374
2015-03-31,SHPC,725,740,724,740,1871,1371099
2015-04-01,SHPC,740,750,721,728,2490,1807333
2015-04-02,SHPC,728,733,726,733,1525,1112026
2015-04-05,SHPC,733,730,717,717,4253,3067956
2015-04-06,SHPC,717,722,718,722,712,512758
2015-04-07,SHPC,722,722,710,722,1605,1150626
2015-04-08,SHPC,722,740,720,723,712,521332
2015-04-09,SHPC,723,742,730,732,1655,1213093
2015-04-12,SHPC,732,744,731,738,5617,4140352
2015-04-13,SHPC,738,743,734,735,3572,2628672
2015-04-15,SHPC,735,748,720,730,1393,1021246
2015-04-16,SHPC,730,740,700,740,1544,1085973
2015-04-19,SHPC,740,750,740,749,1047,782030
2015-04-20,SHPC,749,745,710,725,2336,1730005
2015-04-21,SHPC,725,753,715,720,879,643090
2015-04-22,SHPC,720,730,722,730,180,130240
2015-04-23,SHPC,730,740,718,718,1055,766515
2015-05-24,SHPC,718,708,703,703,36,25438
2015-05-28,SHPC,703,689,633,633,1409,894222
2015-05-31,SHPC,633,638,586,638,10950,6680203
2015-06-01,SHPC,638,663,630,663,4682,2999033
2015-06-02,SHPC,663,660,650,660,780,510679
2015-06-03,SHPC,660,673,661,670,544,361852
2015-06-04,SHPC,670,693,670,688,1506,1035590
2015-06-07,SHPC,688,696,670,670,1770,1195914
2015-06-08,SHPC,670,737,683,716,1805,1275392
2015-06-09,SHPC,716,744,706,730,6146,4457243
2015-06-10,SHPC,730,731,706,716,706,506927
2015-06-11,SHPC,716,712,685,690,780,540440
2015-06-14,SHPC,690,690,672,672,1313,892780
2015-06-15,SHPC,672,694,665,675,3202,2167830
2015-06-16,SHPC,675,690,670,670,6023,4080715
2015-06-17,SHPC,670,670,665,667,233,155368
2015-06-18,SHPC,667,679,660,675,1201,807618
2015-06-21,SHPC,675,663,655,663,800,528904
2015-06-22,SHPC,663,676,660,662,3435,2285247
2015-06-23,SHPC,662,670,661,666,558,370940
2015-06-24,SHPC,666,675,665,670,3636,2432630
2015-06-25,SHPC,670,677,670,671,2320,1561492
2015-06-28,SHPC,671,695,671,682,5273,3594333
2015-06-29,SHPC,682,710,682,696,1103,769294
2015-06-30,SHPC,696,705,696,701,6428,4500949
2015-07-01,SHPC,701,705,689,690,1531,1063316
2015-07-02,SHPC,690,690,670,690,1083,732204
2015-07-05,SHPC,690,693,672,672,2990,2032372
2015-07-06,SHPC,672,685,670,680,8964,6039878
2015-07-07,SHPC,680,695,677,683,1463,999440
2015-07-08,SHPC,683,701,686,701,3265,2252263
2015-07-09,SHPC,701,701,690,699,925,647253
2015-07-12,SHPC,699,702,691,699,2206,1534371
2015-07-13,SHPC,699,699,692,699,825,573513
2015-07-14,SHPC,699,705,679,705,401,274037
2015-07-15,SHPC,705,720,693,720,1217,855304
2015-07-16,SHPC,720,706,700,700,748,523783
2015-07-22,SHPC,700,714,700,705,1353,956114
2015-07-23,SHPC,705,715,705,709,1502,1064891
2015-07-26,SHPC,709,737,723,737,3024,2227932
2015-07-27,SHPC,737,723,700,715,4034,2861246
2015-07-28,SHPC,715,710,691,695,2788,1948388
2015-07-29,SHPC,695,700,690,690,3719,2568890
2015-07-30,SHPC,690,713,685,696,7316,5070609
2015-08-02,SHPC,696,699,683,697,1390,963618
2015-08-03,SHPC,697,701,690,700,6264,4373866
2015-08-04,SHPC,700,701,688,700,4043,2817741
2015-08-05,SHPC,700,701,690,692,6749,4697380
2015-08-06,SHPC,692,710,678,705,9790,6794422
2015-08-09,SHPC,705,726,702,721,5389,3884748
2015-08-10,SHPC,721,715,715,715,1028,735020
2015-08-11,SHPC,715,730,722,730,126,91616
2015-08-12,SHPC,730,755,744,755,690,520640
2015-08-13,SHPC,755,784,741,784,388,294629
2015-08-16,SHPC,784,845,799,844,1790,1492698
2015-08-17,SHPC,844,877,830,840,2208,1866595
2015-08-18,SHPC,840,835,813,835,5935,4887653
2015-08-19,SHPC,835,849,839,844,3369,2836591
2015-08-20,SHPC,844,875,845,850,3035,2587400
2015-08-23,SHPC,850,835,830,835,214,178368
2015-08-24,SHPC,835,820,792,805,576,462602
2015-08-25,SHPC,805,826,800,814,1521,1242948
2015-08-26,SHPC,814,820,814,815,2686,2195066
2015-08-27,SHPC,815,877,831,855,6884,5902015
2015-08-31,SHPC,855,860,850,860,2064,1759640
2015-09-01,SHPC,860,860,840,842,1564,1328400
2015-09-02,SHPC,842,832,816,832,1022,838948
2015-09-03,SHPC,832,825,816,822,2054,1686511
2015-09-06,SHPC,822,829,799,799,1788,1445800
2015-09-07,SHPC,799,801,784,785,2025,1603185
2015-09-08,SHPC,785,781,761,780,2960,2296696
2015-09-09,SHPC,780,777,770,770,800,617820
2015-09-10,SHPC,770,800,781,781,4031,3188715
2015-09-13,SHPC,781,800,790,800,2264,1810520
2015-09-14,SHPC,800,816,781,781,1744,1379406
2015-09-15,SHPC,781,815,796,800,1751,1400762
2015-09-16,SHPC,800,790,790,790,300,237000
2015-09-17,SHPC,790,798,780,798,309,245982
2015-09-22,SHPC,798,795,770,770,1264,980480
2015-09-23,SHPC,770,780,770,770,5276,4073288
2015-09-24,SHPC,770,784,770,770,546,420716
2015-09-28,SHPC,770,770,763,763,456,350058
2015-09-29,SHPC,763,795,765,795,7786,6082002
2015-09-30,SHPC,795,805,792,798,3304,2631395
2015-10-01,SHPC,798,816,806,811,5817,4720882
2015-10-04,SHPC,811,845,825,840,9593,8054713
2015-10-05,SHPC,840,840,822,822,3107,2573184
2015-10-06,SHPC,822,825,814,814,2562,2106450
2015-10-07,SHPC,814,805,795,800,4954,3963765
2015-10-08,SHPC,800,806,800,806,2484,1993108
2015-10-11,SHPC,806,800,780,786,2887,2271782
2015-10-14,SHPC,786,790,777,777,1009,787487
2015-10-15,SHPC,777,792,787,790,700,553602
2015-10-18,SHPC,790,790,780,780,1918,1507520
2015-10-19,SHPC,780,795,781,795,2251,1769417
2015-10-25,SHPC,795,800,780,780,565,441380
2015-10-27,SHPC,780,770,735,735,4131,3100143
2015-10-28,SHPC,735,745,715,745,2351,1720121
2015-10-29,SHPC,745,765,750,765,118,90000
2015-11-01,SHPC,765,760,750,752,1335,1004386
2015-11-02,SHPC,752,760,750,760,1799,1355400
2015-11-03,SHPC,760,755,730,730,1192,883360
2015-11-05,SHPC,730,740,740,740,13,9620
2015-11-08,SHPC,740,765,740,765,1492,1130367
2015-11-09,SHPC,765,793,766,790,2027,1601349
2015-11-10,SHPC,790,780,780,780,110,85800
2015-11-15,SHPC,780,785,767,775,2182,1686720
2015-11-16,SHPC,775,785,747,751,1271,964942
2015-11-18,SHPC,751,756,755,756,189,142795
2015-11-19,SHPC,756,790,740,790,2437,1822732
2015-11-22,SHPC,790,776,745,745,3056,2295031
2015-11-23,SHPC,745,750,731,750,6321,4622645
2015-11-24,SHPC,750,760,740,746,1084,810704
2015-11-25,SHPC,746,750,732,732,5334,3937852
2015-11-26,SHPC,732,730,715,725,1787,1290249
2015-11-29,SHPC,725,712,700,701,1412,989550
2015-11-30,SHPC,701,705,692,705,2564,1800219
2015-12-01,SHPC,705,762,710,740,1638,1188080
2015-12-02,SHPC,740,754,726,754,1254,916680
2015-12-03,SHPC,754,750,735,742,392,293080
2015-12-06,SHPC,742,755,735,739,2187,1625547
2015-12-07,SHPC,739,745,745,745,354,263730
2015-12-08,SHPC,745,765,737,740,2305,1710292
2015-12-09,SHPC,740,750,731,740,2994,2208185
2015-12-10,SHPC,740,748,736,740,2335,1734930
2015-12-13,SHPC,740,754,740,745,3803,2845749
2015-12-14,SHPC,745,752,736,752,2832,2113265
2015-12-15,SHPC,752,744,740,741,7425,5495000
2015-12-16,SHPC,741,744,735,744,2982,2201791
2015-12-17,SHPC,744,735,725,732,2210,1605304
2015-12-20,SHPC,732,732,732,732,300,219600
2015-12-21,SHPC,732,738,722,738,1727,1266174
2015-12-22,SHPC,738,740,726,740,1002,736357
2015-12-23,SHPC,740,745,730,744,1960,1448526
2015-12-24,SHPC,744,757,750,755,1034,778238
2015-12-27,SHPC,755,745,742,745,708,527370
2015-12-28,SHPC,745,752,742,742,1593,1185431
2015-12-29,SHPC,742,746,736,744,1004,743308
2015-12-31,SHPC,744,754,740,753,3889,2900555
2016-01-03,SHPC,753,765,754,765,2266,1719671
2016-01-04,SHPC,765,768,750,760,2373,1808638
2016-01-05,SHPC,760,800,755,755,6682,5231301
2016-01-06,SHPC,755,791,761,791,9448,7443263
2016-01-07,SHPC,791,850,786,841,31254,25860900
2016-01-10,SHPC,841,857,815,835,11621,9668158
2016-01-11,SHPC,835,860,837,857,18420,15574130
2016-01-12,SHPC,857,874,855,864,10680,9202993
2016-01-13,SHPC,864,865,820,851,10900,9257551
2016-01-14,SHPC,851,855,825,825,3802,3217104
2016-01-17,SHPC,825,868,841,868,16711,14268930
2016-01-18,SHPC,868,864,845,863,11439,9815737
2016-01-19,SHPC,863,870,840,858,11219,9617522
2016-01-20,SHPC,858,885,856,882,11828,10309474
2016-01-21,SHPC,882,885,872,885,7719,6793942
2016-01-24,SHPC,885,890,874,874,4965,4363603
2016-01-25,SHPC,874,865,856,856,9887,8504182
2016-01-26,SHPC,856,869,858,858,5357,4618796
2016-01-27,SHPC,858,866,850,862,3914,3358424
2016-01-28,SHPC,862,863,846,863,182,156300
2016-01-31,SHPC,863,872,858,860,12149,10513254
2016-02-01,SHPC,860,862,853,856,6985,5974072
2016-02-02,SHPC,856,872,843,860,3021,2594019
2016-02-03,SHPC,860,870,855,865,8327,7201012
2016-02-04,SHPC,865,886,860,875,13553,11760766
2016-02-07,SHPC,875,890,868,890,9285,8211237
2016-02-08,SHPC,890,910,890,905,27469,24689220
2016-02-11,SHPC,905,900,882,887,13351,11904602
2016-02-14,SHPC,887,876,862,876,6373,5541141
2016-02-15,SHPC,876,890,861,865,3149,2726935
2016-02-16,SHPC,865,880,853,879,1462,1265229
2016-02-17,SHPC,879,879,862,862,3664,3180254
2016-02-18,SHPC,862,870,856,863,3356,2883223
2016-02-21,SHPC,863,872,855,860,11827,10178903
2016-02-22,SHPC,860,864,853,859,5825,5000034
2016-02-23,SHPC,859,853,845,853,3691,3129110
2016-02-24,SHPC,853,850,840,844,4362,3679720
2016-02-25,SHPC,844,850,831,850,1072,902322
2016-02-28,SHPC,850,862,830,835,3658,3096804
2016-02-29,SHPC,835,841,821,840,563,472080
2016-03-01,SHPC,840,846,826,846,929,775731
2016-03-02,SHPC,846,855,831,855,1312,1110027
2016-03-03,SHPC,855,855,845,850,1652,1404597
2016-03-06,SHPC,850,854,845,847,3461,2935315
2016-03-10,SHPC,847,892,841,890,7714,6758362
2016-03-13,SHPC,890,900,848,877,3169,2755630
2016-03-14,SHPC,877,879,862,868,1365,1186957
2016-03-15,SHPC,868,875,865,875,1627,1416512
2016-03-16,SHPC,875,869,861,869,1649,1426132
2016-03-17,SHPC,869,870,853,865,2297,1993114
2016-03-20,SHPC,865,870,855,860,1741,1502028
2016-03-21,SHPC,860,855,850,855,2776,2369297
2016-03-23,SHPC,855,862,851,862,14632,12525366
2016-03-24,SHPC,862,870,855,869,6626,5744148
2016-03-27,SHPC,869,874,853,870,6916,5990897
2016-03-28,SHPC,870,875,850,851,2257,1939786
2016-03-29,SHPC,851,860,841,855,2105,1794369
2016-03-30,SHPC,855,851,848,848,968,822964
2016-03-31,SHPC,848,872,848,859,2496,2137833
2016-04-03,SHPC,859,845,840,845,200,168620
2016-04-04,SHPC,845,853,843,850,2739,2326031
2016-04-05,SHPC,850,854,840,854,506,429492
2016-04-06,SHPC,854,875,845,860,5789,4931423
2016-04-10,SHPC,860,860,845,851,5516,4707020
2016-04-11,SHPC,851,867,851,866,2334,2014746
2016-04-12,SHPC,866,860,850,850,1632,1389492
2016-04-14,SHPC,850,860,850,856,909,779009
2016-04-17,SHPC,856,870,858,870,2551,2207011
2016-04-18,SHPC,870,875,860,870,2783,2414311
2016-04-19,SHPC,870,865,856,865,2437,2104910
2016-04-20,SHPC,865,873,850,855,2567,2199203
2016-04-21,SHPC,855,855,845,855,8010,6798770
2016-04-24,SHPC,855,860,840,845,6877,5818256
2016-04-25,SHPC,845,855,839,840,2648,2237575
2016-04-26,SHPC,840,850,835,837,5033,4230191
2016-04-27,SHPC,837,840,829,834,4259,3569491
2016-04-28,SHPC,834,860,830,860,4212,3577573
2016-05-02,SHPC,860,905,851,899,23030,20550702
2016-05-03,SHPC,899,922,902,906,30165,27531690
2016-05-04,SHPC,906,906,888,890,10578,9484549
2016-05-05,SHPC,890,900,867,885,3593,3178280
2016-05-08,SHPC,885,900,875,877,4005,3567415
2016-05-09,SHPC,877,904,885,900,12382,11110122
2016-05-10,SHPC,900,900,892,892,5894,5291430
2016-05-11,SHPC,892,889,860,879,3029,2659813
2016-05-12,SHPC,879,881,858,858,2924,2560413
2016-05-15,SHPC,858,870,825,870,6415,5474551
2016-05-16,SHPC,870,860,850,860,1000,857912
2016-05-17,SHPC,860,879,863,868,3643,3170143
2016-05-18,SHPC,868,863,857,863,763,656902
2016-05-19,SHPC,863,865,855,857,2775,2384973
2016-05-22,SHPC,857,860,851,856,2627,2250401
2016-05-23,SHPC,856,860,845,852,3764,3206615
2016-05-24,SHPC,852,860,852,855,3849,3299272
2016-05-25,SHPC,855,860,841,860,3266,2793849
2016-05-26,SHPC,860,865,846,860,2500,2145512
2016-05-29,SHPC,860,873,855,867,10185,8831659
2016-05-30,SHPC,867,900,871,894,9025,8037359
2016-05-31,SHPC,894,975,890,974,32434,29778580
2016-06-01,SHPC,974,990,894,916,17305,15692669
2016-06-02,SHPC,916,898,866,895,1990,1754525
2016-06-05,SHPC,895,880,847,850,7655,6547174
2016-06-06,SHPC,850,880,854,880,1227,1062976
2016-06-07,SHPC,880,876,861,865,1161,1010266
2016-06-08,SHPC,865,878,862,865,4611,4011118
2016-06-09,SHPC,865,885,870,871,3704,3230051
2016-06-12,SHPC,871,870,861,870,7223,6256037
2016-06-13,SHPC,870,870,864,869,1877,1629140
2016-06-14,SHPC,869,888,870,880,4287,3766311
2016-06-15,SHPC,880,882,870,882,3001,2623222
2016-06-16,SHPC,882,897,870,880,2708,2372246
2016-06-19,SHPC,880,885,870,875,3839,3373015
2016-06-20,SHPC,875,943,875,935,25014,22748668
2016-06-21,SHPC,935,1028,925,1020,60167,59312568
2016-06-22,SHPC,1020,1122,1029,1122,79545,87295600
2016-06-23,SHPC,1122,1234,1090,1110,96899,111930136
2016-06-26,SHPC,1110,1100,1030,1041,22194,23496054
2016-06-27,SHPC,1041,1061,1020,1045,18272,18952494
2016-06-28,SHPC,1045,1060,1023,1055,11086,11498008
2016-06-29,SHPC,1055,1081,1045,1067,10900,11583153
2016-06-30,SHPC,1067,1091,1053,1061,11128,11872012
2016-07-03,SHPC,1061,1070,1050,1060,11787,12498763
2016-07-04,SHPC,1060,1061,1030,1044,7975,8370680
2016-07-05,SHPC,1044,1049,1010,1038,7666,7847811
2016-07-06,SHPC,1038,1038,1026,1030,3792,3909890
2016-07-10,SHPC,1030,1033,1016,1017,15213,15547924
2016-07-11,SHPC,1017,1024,1015,1020,5137,5226852
2016-07-12,SHPC,1020,1017,980,1010,9005,9071362
2016-07-13,SHPC,1010,1005,988,992,6883,6825276
2016-07-14,SHPC,992,1020,990,1020,5220,5251222
2016-07-17,SHPC,1020,1060,1020,1037,3807,3930370
2016-07-18,SHPC,1037,1040,1023,1039,5181,5337763
2016-07-19,SHPC,1039,1060,1040,1050,10420,10942491
2016-07-20,SHPC,1050,1065,1040,1040,9014,9480235
2016-07-21,SHPC,1040,1045,1030,1033,5675,5884312
2016-07-25,SHPC,1033,1060,1035,1050,3655,3824711
2016-07-26,SHPC,1050,1080,1040,1080,7238,7678022
2016-07-27,SHPC,1080,1088,1055,1080,7213,7786723
2016-07-28,SHPC,1080,1080,1060,1080,3766,4036621
2016-07-31,SHPC,1080,1090,1039,1060,15374,16330234
2016-08-01,SHPC,1060,1070,1052,1060,7135,7559600
2016-08-02,SHPC,1060,1055,1030,1055,5508,5725564
2016-08-03,SHPC,1055,1040,1020,1029,2214,2288236
2016-08-04,SHPC,1029,1050,1005,1010,6781,6892677
2016-08-07,SHPC,1010,1040,1010,1010,5385,5527909
2016-08-08,SHPC,1010,1007,970,970,1530,1518286
2016-08-09,SHPC,970,1008,989,1008,200,199700
2016-08-10,SHPC,1008,1025,990,1007,11136,11182121
2016-08-11,SHPC,1007,1025,1001,1025,3964,4010202
2016-08-14,SHPC,1025,1010,990,995,4481,4468604
2016-08-15,SHPC,995,990,955,960,3606,3479464
2016-08-16,SHPC,960,969,907,945,8243,7816957
2016-08-17,SHPC,945,970,945,963,6048,5793920
2016-08-21,SHPC,963,980,946,955,1656,1600890
2016-08-22,SHPC,955,970,902,920,2075,1910033
2016-08-23,SHPC,920,938,920,930,5628,5192600
2016-08-24,SHPC,930,975,940,975,10574,10086753
2016-08-28,SHPC,975,1000,965,975,8588,8445388
2016-08-29,SHPC,975,994,965,970,13534,13206451
2016-08-30,SHPC,970,975,960,975,8169,7899788
2016-08-31,SHPC,975,956,895,923,14491,13426456
2016-09-01,SHPC,923,928,910,928,4515,4147868
2016-09-03,SHPC,928,915,900,902,3928,3548836
2016-09-05,SHPC,902,920,884,910,1963,1775628
2016-09-06,SHPC,910,922,915,915,1025,940727
2016-09-07,SHPC,915,944,933,936,2322,2183724
2016-09-08,SHPC,936,957,928,930,3685,3465221
2016-09-11,SHPC,930,940,920,939,2375,2203388
2016-09-12,SHPC,939,952,911,938,10165,9463498
2016-09-14,SHPC,938,935,920,932,2137,1993521
2016-09-18,SHPC,932,951,935,948,10843,10213324
2016-09-20,SHPC,948,950,930,944,11428,10684334
2016-09-21,SHPC,944,944,931,942,9982,9327687
2016-09-22,SHPC,942,935,925,935,2999,2787458
2016-09-25,SHPC,935,940,901,903,2663,2447435
2016-09-26,SHPC,903,920,908,920,2154,1978034
2016-09-27,SHPC,920,930,910,916,2916,2662628
2016-09-28,SHPC,916,925,915,916,683,630623
2016-09-29,SHPC,916,925,910,918,1790,1639971
2016-10-02,SHPC,918,920,905,905,1670,1527788
2016-10-03,SHPC,905,924,910,912,1445,1327053
2016-10-04,SHPC,912,994,910,994,352,323892
2016-10-05,SHPC,994,1013,917,917,636,592918
2016-10-06,SHPC,917,935,925,930,660,614600
2016-10-16,SHPC,930,930,928,928,200,185800
2016-10-17,SHPC,928,932,895,910,2281,2072717
2016-10-18,SHPC,910,920,905,920,1924,1757555
2016-10-19,SHPC,920,927,923,927,72,66528
2016-10-20,SHPC,927,960,945,955,15629,14931212
2016-10-23,SHPC,955,950,920,933,1776,1658801
2016-10-24,SHPC,933,925,915,921,513,473456
2016-10-25,SHPC,921,932,912,932,2368,2184528
2016-10-26,SHPC,932,975,921,965,5635,5423435
2016-10-27,SHPC,965,983,962,973,5900,5733773
2016-11-03,SHPC,973,964,926,964,1794,1668257
2016-11-07,SHPC,964,969,930,958,2029,1936823
2016-11-08,SHPC,958,964,947,948,8675,8280706
2016-11-09,SHPC,948,932,899,925,8000,7363534
2016-11-10,SHPC,925,940,910,924,6448,5922354
2016-11-13,SHPC,924,942,901,915,2149,1958773
2016-11-14,SHPC,915,965,913,930,10056,9305948
2016-11-15,SHPC,930,930,918,918,3389,3126386
2016-11-16,SHPC,918,917,904,913,2577,2353132
2016-11-17,SHPC,913,910,887,896,10033,9037384
2016-11-20,SHPC,896,900,850,866,2400,2079998
2016-11-21,SHPC,866,866,815,857,13700,11484814
2016-11-22,SHPC,857,855,825,825,8171,6887163
2016-11-23,SHPC,825,850,819,830,11538,9582380
2016-11-24,SHPC,830,846,820,820,26598,22071376
2016-11-27,SHPC,820,820,790,790,11188,8938429
2016-11-28,SHPC,790,832,745,832,1800,1372251
2016-11-29,SHPC,832,850,785,850,11100,9151084
2016-11-30,SHPC,850,898,838,895,6714,5860445
2016-12-01,SHPC,895,905,870,870,7158,6328931
2016-12-04,SHPC,870,865,840,850,5543,4733377
2016-12-05,SHPC,850,851,840,850,450,382390
2016-12-06,SHPC,850,873,845,850,7292,6265151
2016-12-07,SHPC,850,853,845,850,2313,1966751
2016-12-08,SHPC,850,845,813,840,2933,2440134
2016-12-11,SHPC,840,830,793,793,1901,1529052
2016-12-12,SHPC,793,800,780,793,2617,2070700
2016-12-14,SHPC,793,795,778,795,524,415576
2016-12-15,SHPC,795,815,800,815,1850,1494130
2016-12-18,SHPC,815,812,812,812,18,14616
2016-12-19,SHPC,812,827,810,815,4518,3678520
2016-12-20,SHPC,815,800,785,797,1639,1306346
2016-12-21,SHPC,797,795,775,784,3158,2482644
2016-12-22,SHPC,784,800,784,784,478,379122
2016-12-26,SHPC,784,784,770,770,837,647132
2016-12-27,SHPC,770,760,722,731,4759,3501607
2016-12-28,SHPC,731,760,735,750,2259,1688256
2016-12-29,SHPC,750,775,745,775,4040,3062635
2017-01-01,SHPC,775,799,770,799,2395,1877721
2017-01-02,SHPC,799,810,794,801,3696,2974402
2017-01-03,SHPC,801,800,779,785,1653,1298460
2017-01-04,SHPC,785,795,784,795,2309,1829742
2017-01-05,SHPC,795,800,781,785,3975,3144669
2017-01-08,SHPC,785,785,766,785,1218,942998
2017-01-09,SHPC,785,805,784,804,3227,2569558
2017-01-10,SHPC,804,805,790,805,2813,2235133
2017-01-11,SHPC,805,805,793,800,1975,1579865
2017-01-12,SHPC,800,790,786,788,1082,851780
2017-01-15,SHPC,788,785,782,785,1150,899750
2017-01-16,SHPC,785,791,770,791,1000,778378
2017-01-17,SHPC,791,801,786,786,1358,1074356
2017-01-18,SHPC,786,790,785,785,523,411564
2017-01-19,SHPC,785,804,770,787,1340,1066186
2017-01-22,SHPC,787,800,787,800,2573,2044084
2017-01-23,SHPC,800,800,785,785,1443,1141613
2017-01-24,SHPC,785,790,771,771,2148,1671192
2017-01-25,SHPC,771,772,750,750,1311,993982
2017-01-26,SHPC,750,760,721,755,1389,1032928
2017-01-30,SHPC,755,755,701,701,3077,2249225
2017-01-31,SHPC,701,708,675,693,1286,890831
2017-02-01,SHPC,693,760,706,760,407,302178
2017-02-02,SHPC,760,790,735,735,2043,1563287
2017-02-05,SHPC,735,749,730,745,2400,1785000
2017-02-06,SHPC,745,774,755,756,1869,1427565
2017-02-07,SHPC,756,790,755,790,2325,1792866
2017-02-08,SHPC,790,776,747,750,1559,1172968
2017-02-09,SHPC,750,750,716,716,4835,3523170
2017-02-12,SHPC,716,716,692,700,5162,3657892
2017-02-13,SHPC,700,720,692,720,4986,3504998
2017-02-14,SHPC,720,772,693,750,8859,6580558
2017-02-15,SHPC,750,825,750,825,5207,4125214
2017-02-16,SHPC,825,850,799,815,9231,7510401
2017-02-19,SHPC,815,838,799,838,20296,16432965
2017-02-20,SHPC,838,830,796,815,7965,6528261
2017-02-21,SHPC,815,831,800,800,2343,1893574
2017-02-22,SHPC,800,820,800,820,1801,1462367
2017-02-23,SHPC,820,821,805,807,196,158780
2017-02-26,SHPC,807,828,815,815,4472,3651448
2017-02-28,SHPC,815,820,805,815,17573,14318124
2017-03-01,SHPC,815,822,819,819,2944,2414970
2017-03-02,SHPC,819,825,817,825,2639,2166699
2017-03-05,SHPC,825,865,830,858,2684,2274255
2017-03-06,SHPC,858,875,834,850,4203,3582325
2017-03-07,SHPC,850,850,830,849,9474,7903134
2017-03-09,SHPC,849,865,849,850,6827,5866574
2017-03-13,SHPC,850,855,850,850,2060,1754300
2017-03-14,SHPC,850,845,840,840,2279,1916943
2017-03-15,SHPC,840,884,840,884,2294,1967894
2017-03-16,SHPC,884,887,851,851,6503,5640011
2017-03-19,SHPC,851,884,851,884,8684,7524324
2017-03-20,SHPC,884,945,890,945,17324,15948545
2017-03-21,SHPC,945,969,920,969,13832,12997664
2017-03-22,SHPC,969,1009,940,992,24176,23952868
2017-03-23,SHPC,992,1011,973,1000,33428,33400842
2017-03-26,SHPC,1000,1081,996,1080,20293,21284256
2017-03-28,SHPC,1080,1144,1064,1095,25198,27861152
2017-03-29,SHPC,1095,1116,1046,1051,17923,19272008
2017-03-30,SHPC,1051,1085,1045,1060,11519,12220028
2017-04-02,SHPC,1060,1080,1046,1080,5394,5736944
2017-04-03,SHPC,1080,1123,1011,1046,13936,14708119
2017-04-04,SHPC,1046,1070,1020,1067,12472,13167804
2017-04-06,SHPC,1067,1050,1030,1050,9986,10369317
2017-04-09,SHPC,1050,1070,1040,1040,9939,10353807
2017-04-10,SHPC,1040,1065,1030,1060,8015,8467313
2017-04-11,SHPC,1060,1101,1058,1090,12704,13739539
2017-04-12,SHPC,1090,1089,1060,1060,17311,18457272
2017-04-13,SHPC,1060,1081,1039,1069,5641,5959937
2017-04-16,SHPC,1069,1090,1025,1025,3840,4027250
2017-04-18,SHPC,1025,1050,980,1005,16688,16822416
2017-04-19,SHPC,1005,1071,1015,1071,7047,7421672
2017-04-20,SHPC,1071,1066,1041,1059,5093,5364902
2017-04-23,SHPC,1059,1101,1055,1080,10134,10869565
2017-04-24,SHPC,1080,1081,1045,1069,5445,5808817
2017-04-25,SHPC,1069,1075,1042,1054,7251,7713970
2017-04-26,SHPC,1054,1075,1058,1063,3633,3869455
2017-04-27,SHPC,1063,1084,1040,1055,8337,8867120
2017-04-30,SHPC,1055,1086,1040,1060,9054,9639524
2017-05-02,SHPC,1060,1081,1055,1075,11986,12808617
2017-05-03,SHPC,1075,1130,1078,1123,39879,43976360
2017-05-04,SHPC,1123,1133,1109,1133,31184,35016092
2017-05-07,SHPC,1133,1147,1116,1125,13961,15649471
2017-05-08,SHPC,1125,1150,1111,1145,20601,23422666
2017-05-09,SHPC,1145,1239,1150,1239,39350,46923232
2017-05-11,SHPC,1239,1230,1180,1195,41400,49815672
2017-05-15,SHPC,1195,1214,1185,1189,15466,18609962
2017-05-16,SHPC,1189,1200,1176,1185,10109,11977939
2017-05-17,SHPC,1185,1200,1180,1190,5894,6989962
2017-05-18,SHPC,1190,1213,1176,1204,13939,16666886
2017-05-21,SHPC,1204,1200,1182,1190,7592,9030034
2017-05-22,SHPC,1190,1190,1177,1187,5019,5934976
2017-05-23,SHPC,1187,1190,1175,1179,7403,8752880
2017-05-24,SHPC,1179,1200,1160,1200,8257,9777196
2017-05-28,SHPC,1200,1180,1160,1170,18945,22191368
2017-05-30,SHPC,1170,1190,1151,1169,15135,17786618
2017-05-31,SHPC,1169,1180,1150,1180,11461,13333121
2017-06-01,SHPC,1180,1189,1165,1167,7307,8568139
2017-06-04,SHPC,1167,1167,1151,1159,7226,8374475
2017-06-05,SHPC,1159,1170,1152,1161,6601,7662577
2017-06-06,SHPC,1161,1184,1150,1160,5606,6530631
2017-06-07,SHPC,1160,1172,1160,1160,5542,6476185
2017-06-08,SHPC,1160,1163,1141,1151,4537,5249218
2017-06-11,SHPC,1151,1160,1126,1126,7274,8295847
2017-06-12,SHPC,1126,1160,1110,1110,3405,3828560
2017-06-13,SHPC,1110,1151,1100,1119,2913,3279196
2017-06-14,SHPC,1119,1145,1125,1127,4892,5574723
2017-06-15,SHPC,1127,1145,1106,1120,6828,7704816
2017-06-18,SHPC,1120,1118,1100,1106,5237,5773962
2017-06-19,SHPC,1106,1109,1098,1106,7032,7751244
2017-06-20,SHPC,1106,1111,1090,1111,6088,6695054
2017-06-21,SHPC,1111,1127,1095,1113,4900,5465326
2017-06-22,SHPC,1113,1132,1110,1132,8189,9163620
2017-06-25,SHPC,1132,1154,1115,1150,2636,2995791
2017-06-27,SHPC,1150,1173,1150,1170,16915,19634440
2017-06-28,SHPC,1170,1189,1160,1180,12112,14183625
2017-07-02,SHPC,1180,1212,1167,1175,14597,17311208
2017-07-03,SHPC,1175,1176,1140,1140,8452,9840430
2017-07-04,SHPC,1140,1161,1122,1124,2966,3348071
2017-07-05,SHPC,1124,1144,1130,1140,1970,2239047
2017-07-06,SHPC,1140,1160,1136,1150,1784,2043495
2017-07-09,SHPC,1150,1170,1110,1169,7295,8385700
2017-07-10,SHPC,1169,1190,1135,1154,3895,4515751
2017-07-11,SHPC,1154,1189,1168,1172,5371,6314757
2017-07-12,SHPC,1172,1195,1161,1179,10162,12026273
2017-07-13,SHPC,1179,1198,1160,1168,18514,21618616
2017-07-16,SHPC,1168,1180,1140,1150,3730,4317286
2017-07-17,SHPC,1150,1150,1135,1145,11776,13466406
2017-07-18,SHPC,1145,1167,1135,1135,22656,25839300
2017-07-19,SHPC,1135,1150,1115,1115,25563,28776186
2017-07-20,SHPC,1115,1129,1099,1099,25662,28398700
2017-07-23,SHPC,1099,1119,1090,1100,41672,45695884
2017-07-24,SHPC,1100,1110,1085,1105,80105,87951472
2017-07-25,SHPC,603,650,615,626,31853,20238872
2017-07-26,SHPC,626,628,610,615,7528,4666952
2017-07-27,SHPC,615,616,600,600,4532,2748677
2017-07-30,SHPC,600,605,590,595,2872,1724650
2017-07-31,SHPC,595,607,585,600,2265,1358724
2017-08-01,SHPC,600,610,600,607,2526,1529641
2017-08-02,SHPC,607,623,600,600,5935,3583769
2017-08-03,SHPC,600,605,595,595,1076,646310
2017-08-06,SHPC,595,605,595,595,1954,1169578
2017-08-07,SHPC,595,595,592,593,2216,1317271
2017-08-09,SHPC,593,600,582,589,918,541504
2017-08-10,SHPC,589,594,581,583,2889,1686725
2017-08-13,SHPC,583,586,578,578,3764,2190190
2017-08-15,SHPC,578,574,552,563,728,411272
2017-08-16,SHPC,563,573,544,544,16290,9001375
2017-08-17,SHPC,544,576,545,576,17110,9567952
2017-08-20,SHPC,576,600,565,570,3593,2076500
2017-08-21,SHPC,570,566,555,555,3368,1897040
2017-08-22,SHPC,555,567,550,560,5174,2908576
2017-08-23,SHPC,560,564,550,551,4966,2760476
2017-08-24,SHPC,551,564,555,560,3195,1790416
2017-08-27,SHPC,560,570,550,550,2259,1265270
2017-08-28,SHPC,550,559,540,540,6255,3400681
2017-08-30,SHPC,540,555,535,540,3929,2141483
2017-08-31,SHPC,540,540,535,535,750,404150
2017-09-04,SHPC,535,539,525,535,5683,3027347
2017-09-06,SHPC,535,536,533,533,504,269394
2017-09-07,SHPC,533,537,531,537,2933,1566175
2017-09-10,SHPC,537,527,515,515,1645,855955
2017-09-11,SHPC,515,534,520,534,234,124142
2017-09-12,SHPC,534,537,520,524,4697,2461825
2017-09-13,SHPC,524,531,510,510,2410,1255400
2017-09-14,SHPC,510,530,520,529,956,506000
2017-09-17,SHPC,529,540,530,535,1552,829312
2017-09-18,SHPC,535,550,530,545,835,453553
2017-09-20,SHPC,545,544,535,544,304,164024
2017-09-24,SHPC,544,541,530,541,332,179086
2017-09-25,SHPC,541,550,542,545,962,522660
2017-09-26,SHPC,545,554,525,525,2150,1141418
2017-10-03,SHPC,525,535,535,535,428,228980
2017-10-04,SHPC,535,545,535,540,1170,626150
2017-10-08,SHPC,540,531,521,530,1426,749732
2017-10-09,SHPC,530,530,522,529,3691,1941991
2017-10-10,SHPC,529,530,520,522,803,423224
2017-10-11,SHPC,522,526,522,522,299,156862
2017-10-12,SHPC,522,520,516,518,1241,640616
2017-10-15,SHPC,518,520,515,517,1014,525080
2017-10-16,SHPC,517,540,524,540,1638,864850
2017-10-17,SHPC,540,535,520,535,1266,673420
2017-10-18,SHPC,535,535,521,525,1877,989168
2017-10-22,SHPC,525,535,525,527,1946,1025822
2017-10-23,SHPC,527,535,525,527,1232,648330
2017-10-24,SHPC,527,537,521,527,2327,1227669
2017-10-25,SHPC,527,522,510,510,3114,1610078
2017-10-29,SHPC,510,510,505,510,3325,1687946
2017-10-30,SHPC,510,512,510,511,741,378819
2017-10-31,SHPC,511,515,513,513,628,322332
2017-11-01,SHPC,513,510,503,506,840,424034
2017-11-02,SHPC,506,515,504,515,2039,1035938
2017-11-05,SHPC,515,514,497,504,1820,913060
2017-11-06,SHPC,504,505,500,502,1760,885400
2017-11-07,SHPC,502,505,500,501,2249,1126973
2017-11-08,SHPC,501,492,483,487,2459,1202634
2017-11-09,SHPC,487,496,478,490,1560,761224
2017-11-12,SHPC,490,489,476,486,1090,529300
2017-11-13,SHPC,486,499,490,495,2372,1175640
2017-11-14,SHPC,495,522,500,520,2960,1499980
2017-11-15,SHPC,520,525,500,510,5130,2596900
2017-11-16,SHPC,510,510,490,510,3357,1675261
2017-11-19,SHPC,510,510,510,510,317,161670
2017-11-20,SHPC,510,510,502,507,9720,4940431
2017-11-21,SHPC,507,505,491,494,6541,3247180
2017-11-22,SHPC,494,503,485,485,339,168713
2017-11-23,SHPC,485,505,486,505,1507,744781
2017-11-26,SHPC,505,506,502,504,1969,992216
2017-11-27,SHPC,504,525,504,523,10026,5127256
2017-11-28,SHPC,523,539,510,527,2999,1576167
2017-11-29,SHPC,527,578,530,548,118709,63438992
2017-11-30,SHPC,548,575,540,555,10339,5769258
2017-12-04,SHPC,555,565,539,554,8275,4540104
2017-12-05,SHPC,554,549,533,538,6575,3560216
2017-12-06,SHPC,538,550,540,550,5978,3256933
2017-12-10,SHPC,550,543,539,540,1700,920150
2017-12-11,SHPC,540,548,525,548,4265,2252697
2017-12-12,SHPC,548,550,530,550,3197,1713389
2017-12-13,SHPC,550,545,531,540,6069,3291778
2017-12-14,SHPC,540,541,515,516,17881,9344197
2017-12-17,SHPC,516,517,507,512,4024,2065521
2017-12-18,SHPC,512,518,505,518,1251,641416
2017-12-19,SHPC,518,510,506,506,3617,1840059
2017-12-20,SHPC,506,514,500,507,2503,1267375
2017-12-21,SHPC,507,509,505,506,2043,1035487
2017-12-24,SHPC,506,516,496,500,7894,3972242
2017-12-26,SHPC,500,500,492,495,1586,784894
2017-12-27,SHPC,495,494,473,478,7485,3621945
2017-12-28,SHPC,478,489,472,486,6914,3314753
2017-12-31,SHPC,486,486,470,474,7650,3626782
2018-01-01,SHPC,474,505,470,500,6155,2926385
2018-01-02,SHPC,500,504,470,485,45236,21863552
2018-01-03,SHPC,485,499,470,475,35927,17019124
2018-01-04,SHPC,475,478,465,470,47634,22314068
2018-01-07,SHPC,470,480,470,478,21416,10204134
2018-01-08,SHPC,478,484,468,472,25994,12222535
2018-01-09,SHPC,472,479,469,473,117176,55273472
2018-01-10,SHPC,473,477,469,469,33960,15962324
2018-01-14,SHPC,469,465,451,451,31166,14285166
2018-01-16,SHPC,451,459,430,430,125417,54501484
2018-01-17,SHPC,430,427,418,418,290789,122018728
2018-01-21,SHPC,418,423,411,421,134383,56497312
2018-01-22,SHPC,421,434,415,431,122545,51805832
2018-01-23,SHPC,431,434,420,423,68793,29259598
2018-01-24,SHPC,423,425,421,425,11962,5061976
2018-01-25,SHPC,425,426,422,424,42753,18138028
2018-01-28,SHPC,424,430,420,425,63712,26889368
2018-01-29,SHPC,425,430,422,424,11234,4786714
2018-01-31,SHPC,424,424,416,420,53167,22271002
2018-02-01,SHPC,420,421,416,419,68278,28568336
2018-02-04,SHPC,419,425,411,415,51612,21501620
2018-02-05,SHPC,415,414,399,399,84199,33928256
2018-02-06,SHPC,399,402,390,391,41648,16369219
2018-02-07,SHPC,391,390,380,388,20520,7893410
2018-02-08,SHPC,388,404,388,397,12871,5093484
2018-02-11,SHPC,397,401,394,397,5406,2151076
2018-02-12,SHPC,397,395,391,391,4944,1940322
2018-02-14,SHPC,391,400,392,400,7799,3084696
2018-02-15,SHPC,400,410,394,405,30646,12322217
2018-02-18,SHPC,405,407,395,395,20529,8217355
2018-02-20,SHPC,396,397,390,393,10084,3963752
2018-02-21,SHPC,390,394,389,390,6225,2436330
2018-02-22,SHPC,390,397,390,392,2743,1074581
2018-02-25,SHPC,390,390,381,388,6520,2508880
2018-02-26,SHPC,389,389,375,375,9588,3631102
2018-02-27,SHPC,379,384,375,375,14390,5451834
2018-02-28,SHPC,375,375,365,365,8440,3113960
2018-03-04,SHPC,360,360,342,346,19935,6933960
2018-03-05,SHPC,352,354,334,343,9640,3304709
2018-03-06,SHPC,340,356,336,349,19209,6569706
2018-03-07,SHPC,355,362,345,355,8769,3086193
2018-03-11,SHPC,352,352,336,336,15449,5249124
2018-03-12,SHPC,336,341,335,337,10623,3585449
2018-03-13,SHPC,337,345,332,345,2336,793676
2018-03-14,SHPC,345,346,339,339,5863,1999036
2018-03-15,SHPC,345,353,344,348,5332,1852798
2018-03-18,SHPC,354,359,340,344,12280,4241911
2018-03-19,SHPC,345,345,339,341,10534,3586220
2018-03-20,SHPC,339,339,332,335,8103,2706918
2018-03-21,SHPC,329,333,328,331,6214,2049698
2018-03-22,SHPC,335,337,323,332,9335,3065321
2018-03-26,SHPC,326,326,311,313,14526,4596768
2018-03-27,SHPC,308,332,299,325,27928,8738583
2018-03-28,SHPC,331,331,316,319,14397,4618295
2018-03-29,SHPC,324,325,315,321,17535,5590717
2018-04-01,SHPC,315,316,307,307,27460,8528114
2018-04-02,SHPC,312,313,307,309,10080,3123702
2018-04-03,SHPC,306,315,306,309,10317,3218198
2018-04-04,SHPC,314,325,314,324,10240,3277122
2018-04-05,SHPC,329,339,320,333,22730,7476121
2018-04-08,SHPC,339,351,329,343,46585,15840835
2018-04-09,SHPC,349,355,340,340,37086,12879802
2018-04-10,SHPC,335,346,329,330,14474,4859846
2018-04-11,SHPC,334,334,324,332,20235,6691892
2018-04-12,SHPC,338,340,330,332,21061,7039188
2018-04-15,SHPC,330,337,327,329,9350,3090656
2018-04-16,SHPC,323,341,317,333,20724,6892240
2018-04-17,SHPC,339,349,335,340,25550,8706130
2018-04-18,SHPC,343,374,336,361,72101,25946376
2018-04-19,SHPC,365,386,357,386,101102,37807088
2018-04-22,SHPC,393,407,384,407,85029,33891288
2018-04-23,SHPC,415,415,383,391,93600,37507320
2018-04-24,SHPC,390,398,380,389,57838,22364920
2018-04-25,SHPC,385,398,375,384,37260,14401157
2018-04-26,SHPC,384,388,366,375,36753,13726348
2018-04-29,SHPC,380,386,366,373,13855,5186924
2018-05-02,SHPC,370,392,365,385,36375,13704480
2018-05-03,SHPC,386,399,386,388,39969,15716898
2018-05-06,SHPC,390,395,384,384,9153,3543576
2018-05-07,SHPC,386,386,378,382,10124,3875504
2018-05-08,SHPC,383,392,383,390,10174,3963869
2018-05-09,SHPC,390,394,388,390,7237,2818635
2018-05-10,SHPC,385,390,381,381,18386,7080631
2018-05-14,SHPC,376,378,373,375,17051,6395867
2018-05-15,SHPC,378,380,370,371,8140,3034840
2018-05-16,SHPC,378,378,368,370,5782,2149058
2018-05-17,SHPC,374,376,371,376,6560,2451490
2018-05-20,SHPC,380,385,370,376,26350,9849946
2018-05-21,SHPC,375,375,369,372,15087,5608451
2018-05-22,SHPC,372,375,368,375,9673,3592440
2018-05-23,SHPC,369,382,365,376,8577,3185219
2018-05-24,SHPC,369,375,365,365,10441,3839727
2018-05-27,SHPC,370,370,360,360,10845,3944899
2018-05-28,SHPC,360,374,358,374,27806,10295928
2018-05-29,SHPC,374,382,368,372,33048,12272710
2018-05-30,SHPC,372,382,367,373,61645,22862256
2018-05-31,SHPC,370,372,364,364,10989,4029259
2018-06-03,SHPC,365,366,350,364,16510,5892110
2018-06-04,SHPC,360,368,342,345,11877,4138849
2018-06-06,SHPC,351,369,351,355,8250,2953300
2018-06-07,SHPC,357,357,340,340,14752,5073500
2018-06-10,SHPC,343,343,333,333,19716,6625253
2018-06-11,SHPC,328,346,321,334,12547,4181058
2018-06-12,SHPC,335,337,330,337,4920,1638132
2018-06-13,SHPC,331,342,331,340,3267,1104315
2018-06-14,SHPC,346,352,337,347,19410,6707940
2018-06-17,SHPC,353,353,337,338,11498,3930446
2018-06-18,SHPC,334,343,334,343,1061,356377
2018-06-19,SHPC,337,339,335,338,3438,1156686
2018-06-20,SHPC,336,336,330,331,2073,686907
2018-06-21,SHPC,328,338,328,331,3779,1257921
2018-06-24,SHPC,333,340,333,333,7088,2380792
2018-06-25,SHPC,330,333,330,330,1244,411464
2018-06-26,SHPC,324,332,324,325,3034,997438
2018-06-27,SHPC,325,330,319,326,7082,2300213
2018-06-28,SHPC,323,329,323,327,3280,1071284
2018-07-01,SHPC,326,328,321,321,5150,1664603
2018-07-02,SHPC,321,326,318,326,4191,1346880
2018-07-03,SHPC,330,330,320,326,3784,1230136
2018-07-04,SHPC,326,332,321,330,31194,10094368
2018-07-05,SHPC,331,340,330,340,33063,11060897
2018-07-08,SHPC,345,345,330,336,29430,9908290
2018-07-09,SHPC,330,334,326,331,3851,1268401
2018-07-10,SHPC,330,332,329,330,7518,2480972
2018-07-11,SHPC,336,336,328,330,15446,5126880
2018-07-12,SHPC,330,330,322,328,7606,2465226
2018-07-15,SHPC,324,326,322,322,5250,1699938
2018-07-16,SHPC,323,330,323,328,7140,2321060
2018-07-17,SHPC,328,330,324,327,2520,828190
2018-07-18,SHPC,323,324,322,323,2384,769922
2018-07-19,SHPC,323,324,320,320,11686,3756778
2018-07-22,SHPC,320,323,315,316,12122,3853724
2018-07-23,SHPC,322,325,319,321,6206,1985684
2018-07-24,SHPC,318,328,318,324,12188,3948042
2018-07-25,SHPC,320,321,317,321,6270,2001080
2018-07-26,SHPC,321,321,315,321,9260,2935744
2018-07-29,SHPC,321,321,316,319,15745,5014445
2018-07-30,SHPC,325,324,315,319,8650,2732570
2018-07-31,SHPC,316,319,316,319,3356,1065502
2018-08-01,SHPC,319,319,319,319,900,287100
2018-08-02,SHPC,317,319,310,319,105634,32839118
2018-08-05,SHPC,316,316,313,314,25784,8094272
2018-08-06,SHPC,310,314,308,314,16914,5275104
2018-08-07,SHPC,315,315,311,312,3792,1184048
2018-08-08,SHPC,312,312,309,310,3380,1048560
2018-08-09,SHPC,307,312,300,300,29657,9022235
2018-08-12,SHPC,300,304,299,299,13624,4086698
2018-08-13,SHPC,300,303,298,300,10168,3053830
2018-08-14,SHPC,300,304,300,304,7532,2269637
2018-08-15,SHPC,304,317,303,313,18076,5651866
2018-08-16,SHPC,307,313,305,309,12823,3966493
2018-08-19,SHPC,315,315,300,303,6035,1838888
2018-08-20,SHPC,301,303,300,301,8642,2600940
2018-08-21,SHPC,300,306,300,306,7870,2372520
2018-08-22,SHPC,300,301,300,300,4422,1326881
2018-08-23,SHPC,300,303,294,294,10994,3259480
2018-08-26,SHPC,298,299,293,299,1156,342638
2018-08-28,SHPC,300,300,293,299,2758,820848
2018-08-29,SHPC,296,296,293,293,4836,1422752
2018-08-30,SHPC,288,296,288,294,1650,485480
2018-09-02,SHPC,299,301,294,301,11858,3550674
2018-09-03,SHPC,305,307,297,304,21846,6590380
2018-09-04,SHPC,300,302,297,297,8090,2418602
2018-09-05,SHPC,302,308,297,303,34132,10294348
2018-09-06,SHPC,309,309,299,299,13029,3924665
2018-09-09,SHPC,300,304,295,295,11448,3410560
2018-09-10,SHPC,295,295,291,291,4404,1286804
2018-09-11,SHPC,292,297,292,294,3688,1084776
2018-09-12,SHPC,295,298,293,298,10546,3095378
2018-09-13,SHPC,301,303,295,297,6578,1972320
2018-09-16,SHPC,300,309,299,305,31285,9491718
2018-09-17,SHPC,302,305,299,301,16072,4829203
2018-09-18,SHPC,296,322,296,320,36148,11257702
2018-09-20,SHPC,314,326,300,314,246708,74658696
2018-09-23,SHPC,319,319,309,310,16486,5161848
2018-09-25,SHPC,315,323,310,314,33680,10617254
2018-09-26,SHPC,313,316,312,312,9431,2956185
2018-09-27,SHPC,312,313,308,309,7090,2200930
2018-09-30,SHPC,308,309,300,308,52213,15796672
2018-10-01,SHPC,304,316,304,310,76420,23778964
2018-10-02,SHPC,316,319,300,307,93726,29009384
2018-10-03,SHPC,313,313,302,302,8997,2741739
2018-10-04,SHPC,301,304,296,300,26710,8005164
2018-10-07,SHPC,300,300,295,295,17105,5076504
2018-10-08,SHPC,300,300,293,293,13888,4100640
2018-10-09,SHPC,297,300,289,290,47961,14005999
2018-10-10,SHPC,290,294,286,286,118051,34230520
2018-10-11,SHPC,255,260,250,255,5348,1370240
2018-10-14,SHPC,253,255,252,252,2870,725400
2018-10-15,SHPC,257,261,251,252,7126,1808982
2018-10-21,SHPC,256,256,252,252,1730,436650
2018-10-22,SHPC,257,257,257,257,36,9252
2018-10-23,SHPC,253,255,252,255,1710,431550
2018-10-24,SHPC,260,260,253,253,3190,809490
2018-10-25,SHPC,253,256,250,250,12324,3113904
2018-10-28,SHPC,251,252,246,248,16244,4046900
2018-10-29,SHPC,245,248,244,246,6640,1634930
2018-10-30,SHPC,243,246,243,246,13011,3194655
2018-10-31,SHPC,245,245,244,244,3202,784090
2018-11-01,SHPC,248,252,245,245,5678,1412980
2018-11-04,SHPC,244,248,243,245,1674,411106
2018-11-05,SHPC,249,252,248,252,1100,274200
2018-11-11,SHPC,252,254,249,249,1500,373740
2018-11-12,SHPC,250,250,245,245,1905,468585
2018-11-13,SHPC,245,245,241,244,3426,830794
2018-11-14,SHPC,244,247,243,245,1940,475468
2018-11-15,SHPC,245,249,241,243,2085,507975
2018-11-18,SHPC,240,242,240,241,2681,645480
2018-11-19,SHPC,237,241,231,235,13686,3209538
2018-11-20,SHPC,232,235,229,230,8100,1872280
2018-11-21,SHPC,228,236,228,230,9404,2172338
2018-11-22,SHPC,231,235,230,231,8441,1955854
2018-11-25,SHPC,233,233,230,232,14137,3280288
2018-11-26,SHPC,230,233,229,229,3470,802596
2018-11-27,SHPC,233,235,231,232,14579,3391857
2018-11-28,SHPC,234,234,230,232,4857,1128972
2018-11-29,SHPC,229,230,228,230,8218,1885822
2018-12-02,SHPC,230,230,226,230,3429,784660
2018-12-03,SHPC,227,231,227,228,6756,1544032
2018-12-04,SHPC,228,230,225,228,7273,1651374
2018-12-05,SHPC,228,230,224,224,4658,1047546
2018-12-06,SHPC,226,226,222,223,4812,1081032
2018-12-09,SHPC,225,226,224,226,6370,1432180
2018-12-10,SHPC,226,234,226,228,3291,758164
2018-12-11,SHPC,228,228,224,225,9640,2168200
2018-12-12,SHPC,227,227,225,225,4825,1087661
2018-12-13,SHPC,229,231,227,230,1442,329470
2018-12-16,SHPC,230,232,226,226,14836,3390730
2018-12-17,SHPC,225,229,225,228,6672,1515602
2018-12-18,SHPC,232,234,220,220,18870,4223330
2018-12-19,SHPC,222,227,222,222,8437,1892158
2018-12-20,SHPC,226,228,224,226,4448,1002630
2018-12-23,SHPC,230,234,229,231,11528,2653555
2018-12-24,SHPC,232,233,230,231,11046,2549002
2018-12-25,SHPC,234,234,227,227,4714,1076372
2018-12-26,SHPC,230,236,228,234,18652,4325332
2018-12-27,SHPC,238,242,236,236,33051,7888729
2018-12-30,SHPC,233,235,232,234,3400,793500
2018-12-31,SHPC,232,235,229,229,8115,1874701
2019-01-01,SHPC,230,234,230,234,9352,2178350
2019-01-02,SHPC,230,233,230,233,3743,862508
2019-01-03,SHPC,230,230,229,230,3452,792808
2019-01-06,SHPC,229,229,225,228,5090,1158310
2019-01-07,SHPC,226,228,225,227,1810,408770
2019-01-08,SHPC,228,229,227,229,4016,915968
2019-01-09,SHPC,228,230,228,230,11729,2690434
2019-01-10,SHPC,228,232,228,232,3777,871410
2019-01-13,SHPC,230,236,229,233,7500,1748820
2019-01-14,SHPC,232,237,231,237,10564,2486346
2019-01-15,SHPC,233,243,233,243,6817,1642746
2019-01-16,SHPC,242,244,237,237,7134,1714157
2019-01-17,SHPC,238,240,236,237,4957,1174341
2019-01-20,SHPC,233,240,229,240,2296,541381
2019-01-21,SHPC,238,238,228,232,7500,1731088
2019-01-22,SHPC,229,236,228,232,8132,1880009
2019-01-23,SHPC,233,233,229,231,3751,864465
2019-01-24,SHPC,232,235,231,232,6041,1402810
2019-01-27,SHPC,230,231,229,230,5812,1336509
2019-01-28,SHPC,230,233,230,231,2830,653057
2019-01-29,SHPC,231,235,230,230,6233,1438447
2019-01-30,SHPC,230,233,229,231,1648,379260
2019-01-31,SHPC,230,231,229,229,12017,2762957
2019-02-03,SHPC,228,230,227,227,1989,452610
2019-02-04,SHPC,227,230,227,228,4701,1073389
2019-02-05,SHPC,230,230,227,227,2850,651532
2019-02-06,SHPC,226,228,226,227,4814,1088805
2019-02-07,SHPC,224,231,223,227,5298,1188707
2019-02-10,SHPC,227,227,220,222,6694,1481852
2019-02-11,SHPC,220,225,216,221,4477,975715
2019-02-12,SHPC,219,222,218,220,1605,350874
2019-02-13,SHPC,219,219,218,218,4262,931016
2019-02-14,SHPC,219,219,215,216,2392,518024
2019-02-17,SHPC,216,220,215,215,2655,572473
2019-02-18,SHPC,214,217,212,216,8851,1908384
2019-02-19,SHPC,214,219,212,218,3493,756664
2019-02-20,SHPC,218,218,215,215,524,113029
2019-02-21,SHPC,214,219,212,214,6565,1415170
2019-02-24,SHPC,214,216,212,216,6653,1418934
2019-02-25,SHPC,216,217,215,217,1590,342320
2019-02-26,SHPC,217,219,213,213,2680,576514
2019-02-27,SHPC,213,217,213,215,2856,614636
2019-03-03,SHPC,215,221,213,221,3290,714384
2019-03-05,SHPC,219,221,217,221,7293,1600026
2019-03-06,SHPC,221,222,219,222,4139,910280
2019-03-07,SHPC,219,227,219,224,908,203931
2019-03-10,SHPC,224,233,220,233,3833,865125
2019-03-11,SHPC,232,239,226,228,18433,4267674
2019-03-12,SHPC,232,237,229,234,13819,3222841
2019-03-13,SHPC,230,234,229,231,8658,2005611
2019-03-14,SHPC,228,232,227,230,6539,1502233
2019-03-17,SHPC,231,235,229,233,8245,1906967
2019-03-18,SHPC,231,233,227,229,15676,3586655
2019-03-19,SHPC,227,229,226,226,1481,336306
2019-03-21,SHPC,227,229,225,226,8369,1895221
2019-03-24,SHPC,224,225,220,225,4738,1056326
2019-03-25,SHPC,223,233,221,224,19485,4382165
2019-03-26,SHPC,224,226,221,226,5268,1181071
2019-03-27,SHPC,224,226,224,225,5075,1144405
2019-03-28,SHPC,223,226,223,225,17598,3962779
2019-03-31,SHPC,225,225,223,225,3753,840664
2019-04-01,SHPC,225,228,225,225,6399,1439955
2019-04-02,SHPC,225,229,225,227,3965,901124
2019-04-03,SHPC,227,230,226,230,6801,1554021
2019-04-04,SHPC,230,230,227,228,4150,950084
2019-04-07,SHPC,225,229,225,229,113261,25500892
2019-04-08,SHPC,226,231,226,228,19351,4423922
2019-04-09,SHPC,228,232,225,225,15340,3466309
2019-04-10,SHPC,224,225,222,224,4128,924325
2019-04-11,SHPC,225,228,225,228,3142,714769
2019-04-15,SHPC,227,228,224,227,2082,469662
2019-04-16,SHPC,228,230,226,230,6249,1427954
2019-04-17,SHPC,230,231,228,228,22834,5235036
2019-04-18,SHPC,225,229,225,228,4689,1068291
2019-04-21,SHPC,228,233,227,232,27527,6292548
2019-04-22,SHPC,235,235,227,227,15921,3675650
2019-04-23,SHPC,227,229,226,229,9785,2225846
2019-04-24,SHPC,227,229,225,227,14564,3306124
2019-04-25,SHPC,227,231,226,229,11254,2571845
2019-04-28,SHPC,230,251,229,247,47208,11380394
2019-04-29,SHPC,250,261,240,251,34773,8640433
2019-04-30,SHPC,247,276,247,276,125611,34001168
2019-05-02,SHPC,281,285,263,274,62966,17156046
2019-05-05,SHPC,261,277,260,264,37277,9934909
2019-05-06,SHPC,261,269,256,269,25709,6729273
2019-05-07,SHPC,274,274,260,266,30229,8019231
2019-05-08,SHPC,261,265,254,258,18207,4716800
2019-05-09,SHPC,263,268,250,257,11557,2981707
2019-05-12,SHPC,256,262,252,260,22234,5713829
2019-05-13,SHPC,260,271,258,269,36524,9693277
2019-05-14,SHPC,274,280,265,267,40411,11020696
2019-05-15,SHPC,272,275,266,266,28285,7608807
2019-05-16,SHPC,270,274,261,271,33089,8851487
2019-05-19,SHPC,274,275,262,268,20426,5408985
2019-05-20,SHPC,270,270,262,269,16501,4416953
2019-05-21,SHPC,265,295,265,286,150446,42590552
2019-05-22,SHPC,291,308,281,299,189034,55994952
2019-05-23,SHPC,295,295,272,277,84285,23768068
2019-05-26,SHPC,274,279,269,274,30428,8292827
2019-05-27,SHPC,270,273,267,271,19091,5155075
2019-05-28,SHPC,270,276,265,268,25365,6830425
2019-05-29,SHPC,273,280,269,275,36258,9910542
2019-05-30,SHPC,280,290,268,269,73991,20266632
2019-06-02,SHPC,274,274,264,265,35413,9410461
2019-06-03,SHPC,264,271,259,260,18073,4735030
2019-06-04,SHPC,263,264,256,256,15030,3895450
2019-06-06,SHPC,257,258,255,255,9618,2469445
2019-06-10,SHPC,255,258,251,251,31728,8039598
2019-06-11,SHPC,255,259,252,252,7250,1841778
2019-06-12,SHPC,240,260,240,258,12251,3115741
2019-06-13,SHPC,253,261,253,255,27904,7132822
2019-06-16,SHPC,251,260,251,260,9264,2367330
2019-06-17,SHPC,255,260,254,255,15245,3918259
2019-06-18,SHPC,251,258,251,252,8089,2048638
2019-06-19,SHPC,251,255,248,250,15781,3946863
2019-06-20,SHPC,255,255,250,251,5783,1457005
2019-06-23,SHPC,251,251,246,246,15325,3826810
2019-06-24,SHPC,250,255,250,251,3764,942866
2019-06-25,SHPC,251,253,248,248,7753,1940972
2019-06-26,SHPC,244,252,244,247,6340,1581320
2019-06-27,SHPC,250,252,247,247,6483,1612945
2019-06-30,SHPC,247,248,244,244,20103,4918885
2019-07-01,SHPC,242,249,240,245,3632,883057
2019-07-02,SHPC,242,248,242,245,3780,933536
2019-07-03,SHPC,249,258,242,254,6800,1705465
2019-07-04,SHPC,251,251,250,250,6561,1640550
2019-07-07,SHPC,248,249,248,249,4087,1015576
2019-07-08,SHPC,249,250,247,249,2639,656368
2019-07-09,SHPC,246,252,246,251,4829,1210431
2019-07-10,SHPC,250,252,247,247,11944,2972870
2019-07-11,SHPC,245,250,245,250,8079,1994529
2019-07-14,SHPC,250,250,249,250,2578,643744
2019-07-15,SHPC,250,253,250,251,1110,277850
2019-07-16,SHPC,263,268,245,245,935,241660
2019-07-17,SHPC,249,254,249,253,10437,2620302
2019-07-18,SHPC,257,265,253,253,3336,853578
2019-07-21,SHPC,253,253,248,249,6467,1609482
2019-07-22,SHPC,248,253,248,250,5177,1297562
2019-07-23,SHPC,251,252,250,250,25526,6384816
2019-07-24,SHPC,253,253,250,252,2902,728972
2019-07-25,SHPC,250,251,249,249,3009,751803
2019-07-28,SHPC,245,247,245,245,1667,409771
2019-07-29,SHPC,246,249,244,249,11776,2892390
2019-07-30,SHPC,248,248,246,248,1487,367386
2019-07-31,SHPC,248,252,248,248,1146,285773
2019-08-01,SHPC,252,257,245,245,7495,1850279
2019-08-04,SHPC,249,249,243,243,17309,4256283
2019-08-05,SHPC,243,247,240,247,14344,3472931
2019-08-06,SHPC,250,250,243,243,2308,561907
2019-08-07,SHPC,241,245,241,244,12132,2959354
2019-08-08,SHPC,241,243,240,242,10987,2646319
2019-08-11,SHPC,240,241,238,238,13239,3165760
2019-08-12,SHPC,242,242,238,238,1321,315560
2019-08-13,SHPC,236,239,236,238,3595,854586
2019-08-14,SHPC,235,240,235,237,15696,3736838
2019-08-15,SHPC,241,241,236,236,1503,355958
2019-08-18,SHPC,234,234,231,232,12062,2804884
2019-08-19,SHPC,233,235,229,231,12744,2936047
2019-08-20,SHPC,229,229,225,225,12428,2815685
2019-08-21,SHPC,225,225,224,225,3516,789962
2019-08-22,SHPC,223,228,223,223,4280,966701
2019-08-25,SHPC,223,225,220,224,10953,2425286
2019-08-26,SHPC,221,224,220,221,24540,5409160
2019-08-27,SHPC,224,224,220,220,2099,464076
2019-08-28,SHPC,222,222,218,218,2744,600662
2019-08-29,SHPC,216,219,216,219,3532,768978
2019-09-01,SHPC,216,219,212,216,8180,1754654
2019-09-02,SHPC,216,216,209,209,2080,442266
2019-09-03,SHPC,209,217,209,216,2244,475392
2019-09-04,SHPC,216,219,216,216,552,119352
2019-09-05,SHPC,213,216,211,213,6344,1346621
2019-09-08,SHPC,210,213,209,210,3061,645557
2019-09-09,SHPC,210,210,207,209,1567,326877
2019-09-10,SHPC,207,209,202,207,8126,1670163
2019-09-11,SHPC,208,208,202,202,9950,2029991
2019-09-12,SHPC,199,204,199,202,9151,1839313
2019-09-15,SHPC,199,200,196,196,7456,1473421
2019-09-16,SHPC,196,197,194,196,5402,1054972
2019-09-17,SHPC,193,204,193,203,13546,2701402
2019-09-18,SHPC,200,206,196,205,7856,1583683
2019-09-19,SHPC,205,205,205,205,39,7995
2019-09-22,SHPC,200,200,190,192,3414,658527
2019-09-23,SHPC,193,193,184,188,7701,1446035
2019-09-24,SHPC,185,190,184,185,7320,1362462
2019-09-25,SHPC,185,188,182,182,9320,1716330
2019-09-26,SHPC,185,188,183,183,1510,280783
2019-09-29,SHPC,183,186,183,185,466,86094
2019-09-30,SHPC,186,197,185,195,4002,757474
2019-10-01,SHPC,198,204,195,202,3329,661746
2019-10-02,SHPC,198,206,192,195,10178,1996656
2019-10-03,SHPC,198,201,196,197,2630,519070
2019-10-14,SHPC,194,194,187,187,1480,280340
2019-10-15,SHPC,190,193,190,193,1848,351350
2019-10-16,SHPC,191,193,190,190,1232,235155
2019-10-17,SHPC,192,192,187,187,4383,825019
2019-10-20,SHPC,190,193,190,193,361,68620
2019-10-21,SHPC,186,196,186,196,1767,333383
2019-10-22,SHPC,193,193,190,190,1018,194856
2019-10-23,SHPC,190,194,190,194,3415,653515
2019-10-24,SHPC,197,197,192,194,1264,246220
2019-10-31,SHPC,191,192,190,190,279,53154
2019-11-03,SHPC,188,189,187,188,3366,635072
2019-11-04,SHPC,188,196,187,192,4448,849610
2019-11-05,SHPC,195,195,189,189,2788,528862
2019-11-06,SHPC,190,190,188,189,1871,352670
2019-11-07,SHPC,189,189,187,187,3509,657653
2019-11-10,SHPC,186,186,185,186,3615,670141
2019-11-11,SHPC,189,190,187,190,1842,348358
2019-11-12,SHPC,190,192,186,187,1723,325511
2019-11-13,SHPC,187,188,185,188,2969,551869
2019-11-14,SHPC,185,187,183,187,8781,1630175
2019-11-17,SHPC,186,190,185,190,6337,1185299
2019-11-18,SHPC,189,189,184,184,4379,813072
2019-11-19,SHPC,183,185,183,185,2824,520490
2019-11-20,SHPC,184,191,184,186,5953,1107193
2019-11-21,SHPC,185,186,185,186,3081,570405
2019-11-24,SHPC,185,185,179,179,7911,1441179
2019-11-25,SHPC,182,182,174,178,12372,2181974
2019-11-26,SHPC,179,185,177,180,7188,1290426
2019-11-27,SHPC,179,183,179,183,10496,1892209
2019-11-28,SHPC,185,186,180,180,3424,622151
2019-12-01,SHPC,180,186,180,182,4881,892156
2019-12-02,SHPC,182,184,180,180,7720,1403066
2019-12-03,SHPC,183,184,183,183,2050,376050
2019-12-04,SHPC,183,184,181,182,7849,1434936
2019-12-05,SHPC,183,184,182,183,5281,966867
2019-12-08,SHPC,182,187,182,187,6068,1122188
2019-12-09,SHPC,185,196,185,193,18852,3602815
2019-12-10,SHPC,195,195,188,192,21878,4187684
2019-12-11,SHPC,194,197,193,193,10259,2001965
2019-12-12,SHPC,196,205,190,200,35857,7062464
2019-12-15,SHPC,203,204,197,200,19432,3870090
2019-12-16,SHPC,197,197,190,192,22222,4261126
2019-12-17,SHPC,189,195,186,192,7536,1451437
2019-12-18,SHPC,190,191,188,188,4720,892220
2019-12-19,SHPC,186,194,185,185,8530,1591575
2019-12-22,SHPC,186,188,182,183,26781,4931816
2019-12-23,SHPC,165,175,165,175,11538,1965043
2019-12-24,SHPC,176,176,172,172,4216,730258
2019-12-25,SHPC,171,174,171,171,3119,537452
2019-12-26,SHPC,174,174,169,169,11586,1997264
2019-12-29,SHPC,167,167,166,166,4309,716374
2019-12-30,SHPC,167,170,165,169,2999,498495
2019-12-31,SHPC,171,171,167,167,2817,473664
2020-01-01,SHPC,169,169,165,168,7885,1307890
2020-01-02,SHPC,168,169,165,168,8729,1446443
2020-01-05,SHPC,165,174,165,168,11699,1997940
2020-01-06,SHPC,170,174,170,174,5826,1004346
2020-01-07,SHPC,177,183,174,178,17642,3136439
2020-01-08,SHPC,180,183,174,174,16399,2926929
2020-01-09,SHPC,177,180,177,177,315,55845
2020-01-12,SHPC,180,189,180,184,22269,4044995
2020-01-13,SHPC,186,202,186,202,48792,9681250
2020-01-14,SHPC,202,212,192,194,33714,6720971
2020-01-15,SHPC,194,206,194,198,17036,3375008
2020-01-16,SHPC,200,205,196,204,20592,4177077
2020-01-19,SHPC,205,224,204,220,70795,15141593
2020-01-20,SHPC,224,228,208,212,31230,6718569
2020-01-21,SHPC,212,213,208,212,13185,2772677
2020-01-22,SHPC,210,210,202,203,10484,2154409
2020-01-23,SHPC,202,209,201,202,8843,1797788
2020-01-26,SHPC,201,201,195,198,12430,2464404
2020-01-27,SHPC,200,200,196,196,18661,3703136
2020-01-28,SHPC,199,203,198,198,11170,2223945
2020-01-29,SHPC,199,199,194,195,8858,1746402
2020-01-30,SHPC,198,206,197,200,16519,3306989
2020-02-02,SHPC,204,204,200,200,11439,2305862
2020-02-03,SHPC,201,219,194,217,102932,21178824
2020-02-04,SHPC,217,233,209,227,161114,35972624
2020-02-05,SHPC,225,225,215,215,21173,4625512
2020-02-06,SHPC,219,219,210,214,20721,4376557
2020-02-09,SHPC,216,220,210,215,16990,3633154
2020-02-10,SHPC,212,218,209,213,9347,1981670
2020-02-11,SHPC,217,228,216,220,70115,15448895
2020-02-12,SHPC,224,227,218,218,33794,7443547
2020-02-13,SHPC,221,221,215,219,23202,5018591
2020-02-16,SHPC,218,221,210,221,49284,10513335
2020-02-17,SHPC,217,242,217,235,136947,31332920
2020-02-18,SHPC,235,240,227,231,73384,17134384
2020-02-19,SHPC,235,235,224,234,22111,5073315
2020-02-20,SHPC,234,238,230,235,83527,19384048
2020-02-23,SHPC,239,256,233,250,141182,34702508
2020-02-24,SHPC,255,255,239,240,65697,16130364
2020-02-25,SHPC,238,258,238,258,122048,30432626
2020-02-26,SHPC,263,272,256,261,130792,34065024
2020-02-27,SHPC,259,259,250,252,54272,13699379
2020-03-01,SHPC,252,257,242,245,31811,7880348
2020-03-02,SHPC,241,241,226,226,21655,5071815
2020-03-03,SHPC,222,241,215,230,53459,12290028
2020-03-04,SHPC,230,231,216,218,30826,6834758
2020-03-05,SHPC,214,225,206,221,31451,6817215
2020-03-10,SHPC,217,217,208,208,13810,2926929
2020-03-11,SHPC,212,224,208,224,22718,4915341
2020-03-12,SHPC,222,226,210,215,41702,8970076
2020-03-15,SHPC,215,215,204,208,14797,3057768
2020-03-16,SHPC,204,212,200,205,23131,4750149
2020-03-17,SHPC,201,202,192,192,36009,7070878
2020-03-18,SHPC,190,198,189,194,15007,2898380
2020-03-19,SHPC,191,201,191,200,23032,4519958
2020-03-22,SHPC,200,200,198,198,600,119200
2020-06-29,SHPC,195,198,184,200,9889,1924176
2020-06-30,SHPC,196,208,196,208,2820,565200
2020-07-01,SHPC,212,212,212,212,100,21200
2020-07-02,SHPC,212,212,204,204,1950,408510
2020-07-05,SHPC,208,210,200,204,11211,2273997
2020-07-06,SHPC,205,210,203,210,4271,878474
2020-07-07,SHPC,214,225,210,218,10375,2244095
2020-07-08,SHPC,218,218,212,215,9347,1996708
2020-07-09,SHPC,212,219,207,219,13850,2947926
2020-07-12,SHPC,219,223,217,220,8899,1942296
2020-07-13,SHPC,220,230,218,228,20481,4547769
2020-07-14,SHPC,228,228,220,224,10715,2397008
2020-07-15,SHPC,224,227,220,223,17445,3884921
2020-07-16,SHPC,225,230,221,230,10051,2269467
2020-07-19,SHPC,234,238,234,238,20,4720
2020-07-20,SHPC,242,255,224,229,34537,8107152
2020-07-21,SHPC,225,235,222,225,16116,3642550
2020-07-22,SHPC,228,228,219,223,21184,4723573
2020-07-23,SHPC,219,227,219,227,9211,2059744
2020-07-26,SHPC,230,230,217,226,15738,3513043
2020-07-27,SHPC,222,226,218,221,17876,3977013
2020-07-28,SHPC,218,224,218,221,10902,2414703
2020-07-29,SHPC,218,224,217,223,15253,3341468
2020-07-30,SHPC,225,225,219,222,20332,4521220
2020-08-02,SHPC,220,226,215,220,35015,7642338
2020-08-03,SHPC,224,224,218,220,21764,4788406
2020-08-05,SHPC,217,219,216,217,23491,5116698
2020-08-06,SHPC,218,218,214,217,15556,3363087
2020-08-09,SHPC,213,220,213,217,6976,1515286
2020-08-10,SHPC,221,226,219,224,42411,9474371
2020-08-11,SHPC,226,230,224,228,55265,12494468
2020-08-12,SHPC,232,241,228,233,79202,18429556
2020-08-13,SHPC,244,244,226,229,40777,9377285
2020-08-16,SHPC,226,230,221,230,23760,5394765
2020-08-17,SHPC,241,241,227,230,5567,1274133
2020-08-18,SHPC,229,233,227,228,6075,1391429
2020-08-19,SHPC,224,226,222,223,12703,2833766
2020-08-20,SHPC,223,226,222,226,21961,4929246
2020-08-23,SHPC,230,230,222,227,5463,1227862
2020-08-24,SHPC,238,238,228,230,35760,8201880
2020-08-25,SHPC,230,234,230,232,29679,6893885
2020-08-26,SHPC,236,240,231,240,59222,14003978
2020-08-27,SHPC,240,246,237,239,67182,16190824
2020-08-30,SHPC,236,247,232,242,66897,16137852
2020-08-31,SHPC,254,256,242,249,115496,28985127
2020-09-02,SHPC,253,273,251,273,228271,61143627
2020-09-03,SHPC,286,286,256,260,108339,28829237
2020-09-06,SHPC,273,276,255,260,101566,26707198
2020-09-07,SHPC,257,262,255,257,81721,21087368
2020-09-08,SHPC,258,269,252,264,115516,30111656
2020-09-09,SHPC,267,270,261,270,89313,23643818
2020-09-10,SHPC,283,283,261,271,51757,13733811
2020-09-13,SHPC,271,287,268,283,143099,39868628
2020-09-14,SHPC,288,301,284,290,230257,67541708
2020-09-15,SHPC,293,295,282,284,64894,18637155
2020-09-16,SHPC,279,302,279,300,185030,53891237
2020-09-17,SHPC,306,309,294,300,236329,71483476
2020-09-20,SHPC,300,300,286,290,119043,34887558
2020-09-21,SHPC,285,294,281,289,102296,29594706
2020-09-22,SHPC,292,294,285,290,77703,22454892
2020-09-23,SHPC,291,294,285,294,54745,15907239
2020-09-24,SHPC,292,308,290,300,163642,49098669
2020-09-27,SHPC,300,304,294,296,91612,27450051
2020-09-28,SHPC,293,296,293,294,14700,4319509
2020-09-29,SHPC,294,296,290,292,46439,13578361
2020-09-30,SHPC,288,300,288,292,53139,15650835
2020-10-01,SHPC,293,297,288,290,102651,29833969
2020-10-04,SHPC,291,292,286,287,33369,9636668
2020-10-05,SHPC,291,312,287,301,209093,62524961
2020-10-06,SHPC,305,325,305,319,339945,107597580
2020-10-07,SHPC,321,349,321,340,333122,111083469
2020-10-08,SHPC,346,364,338,340,258266,89709028
2020-10-11,SHPC,342,344,329,333,228075,76465829
2020-10-12,SHPC,338,338,328,332,121621,40515869
2020-10-13,SHPC,336,336,325,328,165039,54674074
2020-10-14,SHPC,327,327,319,320,79377,25593702
2020-10-15,SHPC,325,337,320,330,84741,27548845
2020-10-18,SHPC,327,328,321,324,34348,11158024
2020-10-19,SHPC,322,336,322,336,71829,23700080
2020-10-20,SHPC,338,345,332,344,55272,18775658
2020-10-21,SHPC,349,349,337,340,56567,19223253
2020-10-22,SHPC,336,344,335,336,44986,15251200
2020-10-28,SHPC,339,340,330,340,34602,11650077
2020-10-29,SHPC,346,348,338,341,86759,29697928
2020-11-01,SHPC,342,345,340,342,37718,12919611
2020-11-02,SHPC,340,343,340,342,48475,16559364
2020-11-03,SHPC,340,343,340,343,117789,40194018
2020-11-04,SHPC,350,350,338,341,35114,11939668
2020-11-05,SHPC,340,349,338,345,61002,21046435
2020-11-08,SHPC,350,356,348,350,116593,40929874
2020-11-09,SHPC,357,357,349,353,78150,27490958
2020-11-10,SHPC,354,354,350,353,64009,22567950
2020-11-11,SHPC,355,363,350,357,133607,47602217
2020-11-12,SHPC,360,364,354,356,103698,37005108
2020-11-18,SHPC,358,359,352,354,70843,25097722
2020-11-19,SHPC,355,357,353,355,67144,23802873
2020-11-22,SHPC,359,359,346,346,52552,18437751
2020-11-23,SHPC,350,350,344,349,27901,9702034
2020-11-24,SHPC,349,353,349,350,26189,9190546
2020-11-25,SHPC,355,360,348,354,65651,23390926
2020-11-26,SHPC,355,366,355,355,129502,46717534
2020-11-29,SHPC,354,360,352,360,118397,42353661
2020-11-30,SHPC,365,394,360,391,180479,67972787
2020-12-01,SHPC,395,401,375,380,214999,83240746
2020-12-02,SHPC,387,405,384,394,148163,57832174
2020-12-03,SHPC,413,413,382,386,184123,71803989
2020-12-06,SHPC,386,386,366,366,105063,39317722
2020-12-07,SHPC,373,380,352,375,54399,20081667
2020-12-08,SHPC,380,397,372,380,93699,35739985
2020-12-09,SHPC,380,387,368,371,53032,19819821
2020-12-10,SHPC,371,373,367,373,49013,18121286
2020-12-13,SHPC,372,377,368,369,55577,20551655
2020-12-14,SHPC,369,374,362,365,75786,27869790
2020-12-15,SHPC,372,372,364,366,42257,15480882
2020-12-16,SHPC,384,384,355,356,62178,22436334
2020-12-17,SHPC,373,373,352,354,68619,24471721
2020-12-20,SHPC,354,367,336,340,88381,30580765
2020-12-21,SHPC,340,354,323,342,66629,22594421
2020-12-22,SHPC,348,354,341,343,59108,20472939
2020-12-23,SHPC,349,356,343,345,27029,9377747
2020-12-24,SHPC,340,350,339,346,36866,12691518
2020-12-27,SHPC,351,354,338,338,104317,35840570
2020-12-28,SHPC,308,309,297,298,27321,8196343
2020-12-29,SHPC,295,296,284,288,62121,18052747
2020-12-30,SHPC,290,290,282,286,16739,4761555
2020-12-31,SHPC,291,295,286,287,22314,6487010
2021-01-03,SHPC,292,302,292,294,38100,11278670
2021-01-04,SHPC,299,316,299,308,33005,10167669
2021-01-05,SHPC,307,321,305,318,41272,12992910
2021-01-06,SHPC,320,321,314,316,34495,10941304
2021-01-07,SHPC,316,316,308,312,72974,22679325
2021-01-10,SHPC,315,320,314,318,44937,14231764
2021-01-11,SHPC,314,330,314,323,40138,12965166
2021-01-12,SHPC,328,329,322,328,89344,29205893
2021-01-13,SHPC,331,333,328,330,52608,17414164
2021-01-17,SHPC,346,346,331,334,35864,12077517
2021-01-18,SHPC,340,340,329,330,40169,13335464
2021-01-19,SHPC,331,332,324,325,33118,10816277
2021-01-20,SHPC,341,341,318,327,42780,13818139
2021-01-21,SHPC,327,341,323,340,59208,19566153
2021-01-24,SHPC,345,351,335,339,68015,23076564
2021-01-25,SHPC,342,342,333,337,52458,17650726
2021-01-26,SHPC,353,353,334,335,39132,13134627
2021-01-27,SHPC,334,337,330,335,44782,14882101
2021-01-28,SHPC,336,337,330,331,53697,17820713
2021-01-31,SHPC,325,331,314,322,48665,15766656
2021-02-01,SHPC,328,330,322,324,44366,14419556
2021-02-02,SHPC,330,340,325,339,81878,27404480
2021-02-03,SHPC,355,363,339,356,259365,91521567
2021-02-04,SHPC,360,376,352,370,270968,100091185
2021-02-07,SHPC,376,384,367,373,118809,44670457
2021-02-08,SHPC,377,380,365,367,77813,28808143
2021-02-09,SHPC,385,385,355,365,161840,58471157
2021-02-10,SHPC,361,364,357,361,55061,19841013
2021-02-11,SHPC,360,366,355,358,60065,21591528
2021-02-14,SHPC,352,359,349,349,107063,37857806
2021-02-15,SHPC,350,366,350,361,71173,25761455
2021-02-16,SHPC,361,367,354,366,72399,25948911
2021-02-17,SHPC,366,366,357,357,19717,7072113
2021-02-18,SHPC,352,364,352,357,52539,18800593
2021-02-21,SHPC,363,365,354,360,72978,26385790
2021-02-22,SHPC,378,378,354,354,79107,28471750
2021-02-23,SHPC,351,358,348,357,62904,22184455
2021-02-24,SHPC,364,369,350,355,68093,24382162
2021-02-25,SHPC,355,355,347,350,65404,22884343
2021-02-28,SHPC,343,348,337,338,49894,16993567
2021-03-01,SHPC,335,353,332,340,30460,10369646
2021-03-02,SHPC,346,346,329,331,50168,16831852
2021-03-03,SHPC,330,340,326,333,45872,15181696
2021-03-04,SHPC,338,351,335,343,59617,20412074
2021-03-07,SHPC,345,351,340,340,28921,9923948
2021-03-09,SHPC,341,344,335,340,28307,9633139
2021-03-10,SHPC,346,360,334,357,145500,51530664
2021-03-14,SHPC,364,364,344,345,46045,16181003
2021-03-15,SHPC,345,350,341,343,22711,7820984
2021-03-16,SHPC,341,348,337,339,28605,9745785
2021-03-17,SHPC,344,345,339,343,19855,6822064
2021-03-18,SHPC,346,348,342,346,20051,6918629
2021-03-21,SHPC,348,348,340,341,52426,18033495
2021-03-22,SHPC,347,354,339,354,86725,29991264
2021-03-23,SHPC,347,365,347,364,144285,51870593
2021-03-24,SHPC,370,372,359,360,98265,35985507
2021-03-25,SHPC,358,365,351,353,53035,18833451
2021-03-29,SHPC,352,352,344,347,22379,7752512
2021-03-30,SHPC,353,357,347,352,21679,7592983
2021-03-31,SHPC,355,357,352,352,26812,9482954
2021-04-01,SHPC,347,368,347,358,118749,42626575
2021-04-04,SHPC,358,372,358,367,132075,48425101
2021-04-05,SHPC,368,370,361,365,65436,23904943
2021-04-06,SHPC,362,390,361,388,289102,110302181
2021-04-07,SHPC,395,408,372,372,284132,111041093
2021-04-08,SHPC,378,382,371,371,112623,42285914
2021-04-12,SHPC,378,378,366,370,51083,18938240
2021-04-13,SHPC,368,376,368,374,51821,19353426
2021-04-15,SHPC,378,382,371,376,77092,29079475
2021-04-18,SHPC,382,383,373,374,77641,29350129
2021-04-19,SHPC,371,379,369,373,85153,31932735
2021-04-20,SHPC,368,377,368,376,80654,30120177
2021-04-21,SHPC,382,385,374,377,141336,53618128
2021-04-22,SHPC,377,383,376,382,102487,38937061
2021-04-25,SHPC,380,382,366,370,89278,33127454
2021-04-26,SHPC,363,371,353,360,77302,27978586
2021-04-27,SHPC,360,370,358,369,35577,13008130
2021-04-28,SHPC,387,387,361,369,34460,12721376
2021-04-29,SHPC,369,385,367,380,98113,36812965
2021-05-02,SHPC,385,394,378,389,139165,54020785
2021-05-03,SHPC,391,392,381,382,93394,36090519
2021-05-04,SHPC,377,388,377,386,68901,26624214
2021-05-05,SHPC,381,397,381,395,166254,65587493
2021-05-06,SHPC,396,397,383,386,95604,37139865
2021-05-09,SHPC,386,392,385,385,70432,27342838
2021-05-10,SHPC,390,390,382,385,36288,14005631
2021-05-11,SHPC,385,389,381,387,48123,18595067
2021-05-12,SHPC,386,388,380,386,56401,21698901
2021-05-13,SHPC,387,392,387,390,85814,33505255
2021-05-16,SHPC,400,408,386,403,223295,89503773
2021-05-17,SHPC,405,411,400,405,102197,41341127
2021-05-18,SHPC,412,440,406,429,262654,112152131
2021-05-19,SHPC,440,440,406,409,211453,88150538
2021-05-20,SHPC,411,416,404,407,116893,47594065
2021-05-23,SHPC,403,418,393,416,108368,44687260
2021-05-24,SHPC,422,425,412,417,135230,56600701
2021-05-25,SHPC,424,440,414,436,337593,145209576
2021-05-27,SHPC,436,479,422,479,634507,297428197
2021-05-30,SHPC,500,518,474,495,665753,333177497
2021-05-31,SHPC,500,500,455,475,431837,204878942
2021-06-01,SHPC,474,480,453,460,239113,111038876
2021-06-02,SHPC,468,506,460,506,652605,321963331
2021-06-03,SHPC,531,531,496,507,584806,299615858
2021-06-06,SHPC,531,531,487,496,425925,210975636
2021-06-07,SHPC,505,519,491,517,406068,206149252
2021-06-08,SHPC,521,544,518,530,362592,192731903
2021-06-09,SHPC,540,540,520,521,218377,115028555
2021-06-10,SHPC,525,537,517,532,330654,174407598
2021-06-13,SHPC,558,574,530,568,554063,306460697
2021-06-14,SHPC,579,607,555,569,512563,298243143
2021-06-15,SHPC,575,589,546,548,249073,138947562
2021-06-16,SHPC,548,558,518,530,381587,205018340
2021-06-17,SHPC,525,545,520,533,203910,108276438
2021-06-20,SHPC,533,539,503,516,205492,105789599
2021-06-21,SHPC,521,521,481,485,230760,114314827
2021-06-22,SHPC,509,517,482,514,181893,90833878
2021-06-23,SHPC,530,530,488,495,177182,88235216
2021-06-24,SHPC,486,510,482,494,213322,105183588
2021-06-27,SHPC,503,509,489,492,148982,73866035
2021-06-28,SHPC,516,516,480,481,90951,44118674
2021-06-29,SHPC,489,490,475,476,81593,39087486
2021-06-30,SHPC,470,488,467,475,81171,38450917
2021-07-01,SHPC,484,495,480,484,89719,43692214
2021-07-04,SHPC,484,490,476,477,37809,18218289
2021-07-05,SHPC,500,500,473,476,29976,14300713
2021-07-06,SHPC,475,490,471,477,47239,22661937
2021-07-07,SHPC,476,485,475,481,50382,24102331
2021-07-08,SHPC,505,505,471,480,29989,14404486
2021-07-11,SHPC,480,497,472,495,60378,29641477
2021-07-12,SHPC,504,504,480,489,85922,42006031
2021-07-13,SHPC,513,513,476,491,43432,21294248
2021-07-14,SHPC,495,503,483,501,94133,46875946
2021-07-15,SHPC,505,530,505,513,162915,84097149
2021-07-18,SHPC,520,532.9,515,525,125434,65525929.2
2021-07-19,SHPC,525,541,521,535,163023,86839317.6
2021-07-20,SHPC,542,545,526,540.1,153640,82988926.6
2021-07-22,SHPC,545,569,542,557,291643,163053431.6
2021-07-25,SHPC,561,571,555,564,232522,130592101.4
2021-07-26,SHPC,570,591,559,584,481206,278935160.2
2021-07-27,SHPC,590,615,579,610,585518,352857497.2
2021-07-28,SHPC,622,634,591,596,522854,318856375.4
2021-07-29,SHPC,600,607,591,599.9,281412,168484265.1
2021-08-01,SHPC,611.8,613,588,600,280407,169193886.1
2021-08-02,SHPC,610,610,585,591.1,224761,133724636.6
2021-08-03,SHPC,586,609.9,585.5,603,177203,105700931.8
2021-08-04,SHPC,615,645.7,605,634,802416,503471305.9
2021-08-05,SHPC,645,645,617,621.9,423362,265676785.9
2021-08-08,SHPC,621.9,650,610,636,495342,315189613.5
2021-08-09,SHPC,648.7,657,640,642,362773,234604737.5
2021-08-10,SHPC,652,652,615,621,268440,168811651.5
2021-08-11,SHPC,625,649,625,640,307708,196153440.2
2021-08-12,SHPC,651.9,652,624,626,286510,180473750.1
2021-08-15,SHPC,626,626,580,608,355170,214099357.1
2021-08-16,SHPC,608,614,596.5,607,161591,98022906.4
2021-08-17,SHPC,594.9,645,594.9,622,299432,187205371.9
2021-08-18,SHPC,630,675,630,646,720412,471850370.7
2021-08-19,SHPC,658,658,623,627,291418,185194565.5
2021-08-24,SHPC,614.5,620,593,593.1,291414,176242208.3
2021-08-25,SHPC,581.3,614.9,580,587,202160,120110625
2021-08-26,SHPC,598,630.4,588,625,203885,124645824.6
2021-08-29,SHPC,637.5,637.5,600.2,601.5,219984,134953512.3
2021-08-31,SHPC,601,612,583,585,169132,99761790.4
2021-09-01,SHPC,590,595,568.4,577,135866,79222460.6
2021-09-02,SHPC,580,587,545,559,168405,95223997.1
2021-09-05,SHPC,550,561,503.1,514,186253,97582617
2021-09-06,SHPC,514,565.4,507,565.4,156046,84646190.7
2021-09-07,SHPC,576.7,580,539,556,162978,91293803.6
2021-09-08,SHPC,546.1,563.8,536,538,89822,48697221
2021-09-09,SHPC,540,559.8,535,550.1,135669,74466496.8
2021-09-12,SHPC,561.1,594.8,558,588,316608,182182377.9
2021-09-13,SHPC,599.7,609,566,570,133514,77154348.8
2021-09-14,SHPC,581,581,558,563,75975,42783620.9
2021-09-15,SHPC,574.2,574.2,547,552,70821,39166723.8
2021-09-16,SHPC,550,550,520,523,149026,78806578.7
2021-09-20,SHPC,513,520,477,490,118836,59263082
2021-09-21,SHPC,490,520,455,492,122714,59393104.4
2021-09-22,SHPC,501.8,529,500,516,92200,47410427.6
2021-09-23,SHPC,526,526.2,505,506,85751,43957846.9
2021-09-26,SHPC,516,516.1,477,477.5,116522,56861020.5
2021-09-27,SHPC,487,506,462,474,122317,58372180.2
2021-09-28,SHPC,466,479,450.1,451.5,98410,45224494.7
2021-09-29,SHPC,443.1,478,443.1,478,109450,50067898.9
2021-09-30,SHPC,478,495,464,482,99125,47317366.2
2021-10-03,SHPC,482,482,445,447,193056,89289066.1
2021-10-04,SHPC,400,401,379.5,383,163083,63074968
2021-10-05,SHPC,387,390.9,378,380,82136,31488492.3
2021-10-06,SHPC,380,410,380,405,69248,26962155.4
2021-10-10,SHPC,413.1,417,388,390,40334,16182889
2021-10-11,SHPC,390,390,377.4,384,55031,21018164.6
2021-10-17,SHPC,390,391,378,383,11620,4444782.4
2021-10-18,SHPC,380,380,368,369,61075,22726553.7
2021-10-19,SHPC,366,366,348.9,356,81291,28982631.3
2021-10-20,SHPC,363.1,385,363.1,367.2,23260,8601227.4
2021-10-21,SHPC,370,377,360,365,64748,23844108.2
2021-10-24,SHPC,360,385,358,381,52144,19674007.1
2021-10-25,SHPC,388.5,413,382.3,402,103063,41044297.4
2021-10-26,SHPC,405.1,428,405,415,96993,40609543.5
2021-10-27,SHPC,420,424,403,406,90393,37562071.8
2021-10-28,SHPC,402.1,421,402.1,418,70501,29190323.1
2021-10-31,SHPC,420,459,410,458.8,160439,69823461.8
2021-11-01,SHPC,465,470,436,445,133562,61067154.8
2021-11-02,SHPC,453,454,440,445.6,49737,22252573.6
2021-11-03,SHPC,454,459.9,444,444,59415,26718671.8
2021-11-08,SHPC,452.8,461.8,443,443,57389,25721323.4
2021-11-09,SHPC,436.1,445,416,427,101707,43512466.6
2021-11-11,SHPC,427,427,402,403,72821,29891037.1
2021-11-14,SHPC,411,422,395,410,48121,19704127.5
2021-11-15,SHPC,418.2,434.4,417,423,96517,40610737.3
2021-11-16,SHPC,423,459,423,455,160596,71301116.1
2021-11-17,SHPC,464,484,464,470,198680,94528263.2
2021-11-18,SHPC,471,474.3,455,457,97892,45247858.8
2021-11-21,SHPC,447.9,480,447.9,457,83429,38345916.6
2021-11-22,SHPC,466.1,466.1,451,456,66097,30266293.3
2021-11-23,SHPC,456,456,437,440,87862,38796224.1
2021-11-24,SHPC,435,455,428,446,68730,30318101.8
2021-11-25,SHPC,439,453,430,438,63626,27951467.4
2021-11-28,SHPC,429.3,438,411.2,416.7,131556,55374513.4
2021-11-29,SHPC,416.7,438,412,417,65073,27491877.7
2021-11-30,SHPC,420,429,414.1,419,69650,29138456.7
2021-12-01,SHPC,427,434,421,425,47555,20321968.7
2021-12-02,SHPC,426,426,414,415,50496,21071623.8
2021-12-05,SHPC,415,415,397.5,398,69054,27797675
2021-12-06,SHPC,399,418,375.6,417,93066,37395601.1
2021-12-07,SHPC,424,430,405,405.1,77241,32191803.6
2021-12-08,SHPC,404,410.5,385,389,63899,25309650.5
2021-12-09,SHPC,389,410,375.2,383,56514,21892371.8
2021-12-12,SHPC,389,389,369,370,51648,19377847.2
2021-12-13,SHPC,370,370,347,352,95334,33872799.1
2021-12-14,SHPC,359,385,359,385,37108,13974665.9
2021-12-15,SHPC,390,409,380,387,74799,29580138.5
2021-12-16,SHPC,380,394.7,370,370.2,35476,13410216.7
2021-12-20,SHPC,375,377.6,357.1,363,28366,10431555.7
2021-12-21,SHPC,370,379.7,368,378,22966,8605691.6
2021-12-22,SHPC,385,409.8,384.9,408.1,93650,37272383.7
2021-12-23,SHPC,410,415,397.1,408,73855,29921871.2
2021-12-26,SHPC,410,414,401.1,406,67039,27264983.1
2021-12-27,SHPC,406,413,388.3,393,85029,33814892.6
2021-12-28,SHPC,393,402.9,386,400,49421,19317692.1
2021-12-29,SHPC,396.1,406,392,392,33239,13218328.2
2022-01-02,SHPC,399.8,402,393.5,401,37321,14902911
2022-01-03,SHPC,401,409,398,404,62595,25244715.1
2022-01-04,SHPC,396.1,415,396,414,70034,28636357.4
2022-01-05,SHPC,414,428,408,414,133382,55772168.8
2022-01-06,SHPC,411.1,423.3,410,420,82985,34637424
2022-01-09,SHPC,428,443.8,421.1,440,181263,79172665.8
2022-01-10,SHPC,445,450,431.9,439,188066,83105945.4
2022-01-11,SHPC,440,463.9,431,452,169203,75972828.2
2022-01-12,SHPC,452,461,439.2,443.9,157414,70854457.6
2022-01-13,SHPC,444,464,438,459,142110,64123014.3
2022-01-16,SHPC,468,477,460,469,243951,114850319.7
2022-01-17,SHPC,475,479,460,478,190156,89358546.2
2022-01-18,SHPC,478,482,457,464,154530,72286187.7
2022-01-19,SHPC,456,473,450,451,125958,57413803
2022-01-20,SHPC,452,460,450,460,92191,41922337.1
2022-01-23,SHPC,460,468,453,458,93253,42942299.6
2022-01-24,SHPC,452,452,430,435,186204,81307296.8
2022-01-25,SHPC,430,443,425,432,102172,44432462.7
2022-01-26,SHPC,425.2,431,419,422,89275,37783001.4
2022-01-27,SHPC,422,429.9,419,420,53826,22721053.1
2022-01-30,SHPC,428.4,450,428.4,450,119599,52981982.1
2022-01-31,SHPC,459,459,437,440,87262,38692911.3
2022-02-01,SHPC,435,456,433.1,454,117200,52551876.6
2022-02-03,SHPC,463,469,453,455,214167,99004146.6
2022-02-06,SHPC,464,466,450.5,459,230508,105925546.2
2022-02-07,SHPC,451,465,451,459.9,91889,42133977.8
2022-02-08,SHPC,469,480,448,455,234144,107922124
2022-02-09,SHPC,446,452,439.1,446,95511,42471593.7
2022-02-10,SHPC,440,452.9,439,448,76464,33851647
2022-02-13,SHPC,440,440,421,422,165365,70522213.1
2022-02-14,SHPC,422,433,418.8,425,113000,48243393.1
2022-02-15,SHPC,433,447.8,425.1,444,87728,38311777.7
2022-02-16,SHPC,445,450.9,432.4,436,68165,30097600.8
2022-02-17,SHPC,436,442,429.1,435,65710,28576591.4
2022-02-20,SHPC,426.3,439,418,431,85587,36818514.5
2022-02-21,SHPC,438.9,439,430,436.9,43886,19083184.8
2022-02-22,SHPC,440,447.5,437,438,73553,32436944.8
2022-02-23,SHPC,440,450,440,447.9,197688,88334399
2022-02-24,SHPC,448,453,428,431,146971,64289051.7
2022-02-27,SHPC,431,443,431,433.2,77595,33915264.1
2022-02-28,SHPC,441.8,450,420,421.5,144881,62487614.8
2022-03-02,SHPC,419,422,403.1,403.1,82705,34060805.6
2022-03-06,SHPC,410,411,401.8,405,54472,22183616.9
2022-03-07,SHPC,406,409.9,398.6,401,116573,46871310.4
2022-03-09,SHPC,395.1,409,387.2,393.8,113604,44541111
2022-03-10,SHPC,400.5,415,390,408,73892,29609193.9
2022-03-13,SHPC,414,422,409,417.8,101379,42213732.5
2022-03-14,SHPC,418,420,412,415.5,9387,3909442.9
2022-03-15,SHPC,411.3,418,408,409.9,54662,22501462.4
2022-03-16,SHPC,405,411,401,404.5,73674,29833530.9
2022-03-20,SHPC,406,408,400.4,401,29179,11768877.1
2022-03-21,SHPC,409,413,401,413,41182,16820546.1
2022-03-22,SHPC,415,416.9,409,409,28696,11834830.7
2022-03-23,SHPC,407,409,405,405,29192,11850466.9
2022-03-24,SHPC,405.1,407,401,401.1,38376,15456686.9
2022-03-27,SHPC,402,402,390,392.9,72475,28548539.9
2022-03-28,SHPC,392.9,396.9,386,388,43216,16843248.5
2022-03-29,SHPC,391,394,380,384,35257,13576438.2
2022-03-30,SHPC,389,394.9,381.5,390.2,31575,12266788.4
2022-03-31,SHPC,396,396.5,382.4,383,30522,11779923.3
2022-04-03,SHPC,383,388,380.1,382,24996,9583163.7
2022-04-04,SHPC,389,389,381,381,15774,6062223.8
2022-04-05,SHPC,381,381,372,377.1,36665,13781553.1
2022-04-06,SHPC,374,378,366,373,22884,8514478.5
2022-04-07,SHPC,377.9,383,374,378.2,17538,6665001
2022-04-11,SHPC,385.7,393,371.2,371.2,35878,13692805.8
2022-04-12,SHPC,375,375,364.2,366,36584,13510388.3
2022-04-13,SHPC,366,375.4,360,375.4,36982,13647882
2022-04-17,SHPC,376,380,362,362,23897,8778822.5
2022-04-18,SHPC,360,365,356,357,34275,12296006.7
2022-04-19,SHPC,364,370,353.2,370,22462,8155658.4
2022-04-20,SHPC,365.1,370,360.9,360.9,34451,12508289.4
2022-04-21,SHPC,354,363.9,353,359,16127,5762827.5
2022-04-24,SHPC,366,394.9,360,385,26375,10052038.9
2022-04-25,SHPC,390,392,370,378.1,37081,14216071.3
2022-04-26,SHPC,376,381,371,374,18112,6793519
2022-04-27,SHPC,381.4,381.4,364,377,25110,9421772.4
2022-04-28,SHPC,377,384,370,370.1,13776,5177472.8
2022-05-02,SHPC,367.5,369,362.2,363,17826,6492433.5
2022-05-04,SHPC,365,367.9,356,358,24049,8642504.4
2022-05-05,SHPC,356,363,351,353,24578,8725160.5
2022-05-08,SHPC,360,363,345.2,362,24327,8605241.2
2022-05-09,SHPC,364,376.3,362,370,40812,15095573.3
2022-05-10,SHPC,370.1,388.6,370,385,37776,14389859
2022-05-11,SHPC,385.3,400,382.1,399,54877,21495762.5
2022-05-12,SHPC,401,406,385,387,58671,23219910.2
2022-05-17,SHPC,384,391.5,374.4,375,145313,55634279.3
2022-05-18,SHPC,371,392,365,380,72531,27046364.7
2022-05-19,SHPC,377,385,370,372.5,33253,12467717.7
2022-05-20,SHPC,368,380,368,368,18968,7077612.3
2022-05-23,SHPC,366,369.9,358,360,34860,12662916.4
2022-05-24,SHPC,360,367,354,358,35015,12682474.9
2022-05-25,SHPC,362,372,358,365.2,54051,19754913.2
2022-05-26,SHPC,365,372,360,362,19417,7075222.1
2022-05-27,SHPC,363,365,358.1,359.9,23380,8415806.1
2022-05-30,SHPC,360,364,350,351,24899,8773866.9
2022-05-31,SHPC,350,355,343,348,34409,11942370.4
2022-06-01,SHPC,350,353,343,347.6,36106,12540125.9
2022-06-02,SHPC,344,352,340,343.7,31738,10932124.5
2022-06-03,SHPC,347,347,332.2,333.9,31868,10728935.1
2022-06-06,SHPC,338,340,327,328,54327,18010405.3
2022-06-07,SHPC,325,333,316.5,318.9,53469,17104035.9
2022-06-08,SHPC,316.1,341,316,335,59360,19388896.3
2022-06-09,SHPC,340,341,323.5,324.9,56158,18654689.6
2022-06-10,SHPC,325,327.9,319.1,320.6,23128,7457143.2
2022-06-13,SHPC,318,323,315,317,52118,16517368.8
2022-06-14,SHPC,320,321,313,314.9,27976,8863113.8
2022-06-15,SHPC,315,315.8,309,312,30443,9498375
2022-06-16,SHPC,310,318,307,312,43547,13604069.9
2022-06-17,SHPC,312,319.9,307.2,311.7,31471,9803653.9
2022-06-19,SHPC,310.1,310.1,299.9,300,50161,15210443.3
2022-06-20,SHPC,299,300.4,291,291,80959,23856311.9
2022-06-21,SHPC,294.9,303,291,300,66662,19847797.4
2022-06-22,SHPC,295,299.8,286,290,63861,18530006.7
2022-06-23,SHPC,284.2,287.1,275.5,278.1,70630,19737310.7
2022-06-24,SHPC,275,290,269,275,31769,8832843.5
2022-06-26,SHPC,278,302.5,278,302.4,129379,37507641.7
2022-06-27,SHPC,307,307,290,290.3,96863,28777819.1
2022-06-28,SHPC,296.1,296.1,283,284,21119,6041943.2
2022-06-29,SHPC,284,299.8,279.3,293,77035,22585220
2022-06-30,SHPC,298,314.8,294,314,123744,38054060.6
2022-07-01,SHPC,320,320,305.7,308.5,79587,24687412.1
2022-07-03,SHPC,305,324,302.9,324,152776,48071565.9
2022-07-04,SHPC,326,340.6,316,322,135431,44388924.6
2022-07-05,SHPC,316,327,306.5,310,78497,24689316.5
2022-07-06,SHPC,316.2,316.2,299,309.1,112426,34131251.8
2022-07-07,SHPC,315.2,321,300.1,304.9,74961,23066463
2022-07-08,SHPC,310.9,310.9,298,298,53525,16040305.5
2022-07-11,SHPC,294,298,280,282.2,90749,25903618.5
2022-07-12,SHPC,287,294,280.1,284,85676,24473388.8
2022-07-13,SHPC,288,305,283,301,78942,23286619.7
2022-07-14,SHPC,307,309.9,295,306.9,76860,23316498
2022-07-15,SHPC,311.9,311.9,297,306,44905,13575608.4
2022-07-17,SHPC,301,309,301,305.9,53108,16203863.2
2022-07-18,SHPC,305.9,309.1,300,306,35162,10737754.7
2022-07-19,SHPC,306,316,306,313.5,91856,28696712
2022-07-20,SHPC,311,316.9,305,312,39567,12393668.8
2022-07-21,SHPC,312,314,306,307.1,34040,10534649.3
2022-07-22,SHPC,302,308,301,302.2,53932,16371900.2
2022-07-24,SHPC,302.2,314,300.1,313.9,57766,17787514.3
2022-07-25,SHPC,320,332,315,330,142536,45999028.1
2022-07-26,SHPC,334,336.6,319,323,135616,44424176.2
2022-07-27,SHPC,318,331,316.6,330,96690,31452974
2022-07-28,SHPC,331,346.8,325.2,336,181159,61474538.7
2022-07-29,SHPC,332,340.1,330.3,339,30074,10128192
2022-07-31,SHPC,344,345,335,337,84076,28534430.3
2022-08-01,SHPC,342,351.8,335,340,124117,42679226
2022-08-02,SHPC,340,345,337.4,342,62053,21122183.9
2022-08-03,SHPC,347,352,340.4,344,110354,38332638.6
2022-08-04,SHPC,343.1,344.7,333.3,333.3,99222,33535436.5
2022-08-05,SHPC,333.3,335,325,327,93438,30760953.2
2022-08-07,SHPC,333,339.6,327.1,334,51904,17334926.6
2022-08-08,SHPC,339,345.7,330.3,334,83698,28291221.8
2022-08-09,SHPC,331,338,320.1,321,69323,22625979.9
2022-08-10,SHPC,320,326.4,314,322,74206,23897161.3
2022-08-11,SHPC,320,328.4,317.5,320,54310,17503470.8
2022-08-14,SHPC,320.2,324,314,316,45662,14464990.4
2022-08-15,SHPC,315,331,310.1,330,73042,23653809.1
2022-08-16,SHPC,333,336.5,321.1,322,87057,28585233.6
2022-08-17,SHPC,320,330,316.5,326,32837,10693985.7
2022-08-18,SHPC,320,335,320,333.9,69895,23109762.4
2022-08-21,SHPC,340,340,328,329.9,73272,24476114.1
2022-08-22,SHPC,327,331,326.2,330,23935,7851065
2022-08-23,SHPC,329.9,329.9,320.6,328.9,103317,33522839.7
2022-08-24,SHPC,329,330,325,328.9,41183,13510725.2
2022-08-25,SHPC,323,331.5,322.1,327.9,41815,13645727.5
2022-08-26,SHPC,321.4,326,320.6,321,28916,9310186.8
2022-08-28,SHPC,316.1,322,311.1,315,58877,18560634.4
2022-08-29,SHPC,310.1,319,310,319,25738,8110571.5
2022-08-30,SHPC,319,324,314.6,318,22356,7100567.3
2022-08-31,SHPC,318,318,309.2,311.8,38813,12081589.6
2022-09-01,SHPC,316,316,306,312.9,34979,10845869.9
2022-09-02,SHPC,307,315,307,312.9,10341,3217268.6
2022-09-04,SHPC,317.9,317.9,310.1,314.5,23123,7236608.4
2022-09-05,SHPC,312,316,308.5,314,24522,7671812
2022-09-06,SHPC,320.2,320.2,288.6,291,288363,85587285
2022-09-07,SHPC,288,291,279.6,283.9,76584,21589474.4
2022-09-08,SHPC,281,284,278,282.9,27623,7750822.2
2022-09-11,SHPC,284.4,284.4,274.2,277,31341,8696130.4
2022-09-12,SHPC,274,276.9,271.5,275,37127,10112418.1
2022-09-13,SHPC,276,279.7,274.1,278,31247,8649591
2022-09-14,SHPC,276,289.5,276,287.3,49888,14164095.9
2022-09-15,SHPC,291,291,272.1,277.9,52032,14432315.2
2022-09-16,SHPC,272.4,275,262,275,20127,5422101.3
2022-09-18,SHPC,269.5,270,263.8,267.9,36179,9634091.1
2022-09-20,SHPC,268,268,257.5,260.4,54384,14099354.3
2022-09-21,SHPC,262,264.7,255.5,259.8,21622,5601747.9
2022-09-22,SHPC,260,260,256.2,258.4,21989,5659846.9
2022-09-25,SHPC,256.2,257,255.1,255.1,23304,5960721
2022-09-27,SHPC,255.1,260.9,254,257,88390,22619589.9
2022-09-28,SHPC,260.9,260.9,250.3,250.3,14886,3759412.1
2022-09-29,SHPC,251,254.5,251,254.5,10670,2694515.8
2022-10-09,SHPC,252,261,252,261,10899,2816545.1
2022-10-10,SHPC,263,265,253.2,257.9,9286,2381266.1
2022-10-11,SHPC,255,256,250,254,26481,6656580.4
2022-10-12,SHPC,252,256.3,251,255,18532,4699300.7
2022-10-13,SHPC,255.1,257.9,252,255,28265,7177614.5
2022-10-16,SHPC,251.5,254,251,253,15443,3889704.5
2022-10-17,SHPC,250.2,255,250,252,17646,4448821.8
2022-10-19,SHPC,255,255,250,254.9,26865,6757035
2022-10-20,SHPC,250.3,254,250.3,253,11361,2863621.6
2022-10-23,SHPC,252,260,252,259.6,20397,5238891.7
2022-10-31,SHPC,260,269.5,256,269,33911,8983860.6
2022-11-01,SHPC,273.9,275,264,274.7,29652,8028510.7
2022-11-02,SHPC,273,277.5,268.1,270.4,29718,8136387.9
2022-11-03,SHPC,267,272,264.6,270,18472,4943319.1
2022-11-06,SHPC,265.1,284,265,282,36390,9851929.5
2022-11-07,SHPC,287,287,273.6,278.8,73462,20403706.6
2022-11-08,SHPC,275,277,270.9,271,24424,6661551.7
2022-11-09,SHPC,272,272,262,263.3,64400,17107571.8
2022-11-10,SHPC,264.9,265,256,257.2,34816,9045033.9
2022-11-13,SHPC,262.3,266,255.3,256,20076,5193709.6
2022-11-14,SHPC,256.2,266,256,265,22290,5815538.9
2022-11-15,SHPC,265,268,260.1,263,34858,9169197
2022-11-16,SHPC,265,267.4,262.1,265.9,18446,4886061.2
2022-11-17,SHPC,271,277,268.3,274.9,42324,11559909.5
2022-11-22,SHPC,278,281.8,271.2,274,42751,11736428.2
2022-11-23,SHPC,269.1,274.3,268.6,270.9,17392,4718173
2022-11-24,SHPC,270,275,266.5,275,21313,5777088.5
2022-11-27,SHPC,275,284,271.5,283,79429,22101257.3
2022-11-28,SHPC,281.1,289,281,284.2,41925,11944366.3
2022-11-29,SHPC,282,284,276.4,283,27727,7767976
2022-11-30,SHPC,278.2,280.9,278.2,280.2,16205,4526439.9
2022-12-01,SHPC,276,281.9,275.8,281,23103,6469679.9
2022-12-04,SHPC,278.3,285.5,278.3,282.7,35603,10051130.8
2022-12-05,SHPC,284.8,284.8,276.5,278,27638,7691728.2
2022-12-06,SHPC,275.1,280,275.1,276.3,23715,6568336.7
2022-12-07,SHPC,276,279,273.2,275,21460,5880543.8
2022-12-11,SHPC,273.1,274,270.2,271.4,26375,7153202.9
2022-12-12,SHPC,267.2,275,267.2,274.9,28704,7770659.8
2022-12-13,SHPC,270,272.9,269.5,271,14934,4036705.1
2022-12-14,SHPC,274,275,270,273,26926,7338271.5
2022-12-15,SHPC,268.3,273.9,268.3,269.1,10165,2740217.4
2022-12-18,SHPC,265.1,269,265.1,267.9,22066,5899050.4
2022-12-19,SHPC,267,271.9,264.1,270,10460,2814282.8
2022-12-20,SHPC,267.2,273.8,267.2,271,21615,5869829
2022-12-21,SHPC,270.6,275,269.7,270,18547,5017824.2
2022-12-22,SHPC,270,274,268,269.8,20942,5634713.8
2022-12-26,SHPC,273,285,272,284,41716,11673211.1
2022-12-27,SHPC,285,295,281,288,82735,23975994.3
2022-12-28,SHPC,282.3,293.6,282.3,288,30281,8737072.1
2022-12-29,SHPC,290,305,286.5,305,67305,19919375.7
2023-01-01,SHPC,306,313,299,301,98646,30358722.4
2023-01-02,SHPC,301,312.2,298.3,312.2,74997,23149161.3
2023-01-03,SHPC,306,319,306,308,69312,21583710.9
2023-01-04,SHPC,313,330,309,329,341806,108729566.8
2023-01-05,SHPC,335.5,345,324,332,161298,53552223.5
2023-01-08,SHPC,338.6,339.4,325.1,335,104131,34732018.4
2023-01-09,SHPC,330,343,328.3,342,88721,30057186.1
2023-01-10,SHPC,348.8,374.5,348,350,356260,128792505.1
2023-01-12,SHPC,357,369.9,343.1,346,156844,55289951.6
2023-01-17,SHPC,352.9,359,338,354,109327,38468006.9
2023-01-18,SHPC,361,367,348,349,132292,46929473.6
2023-01-19,SHPC,349,352.5,341.1,346,62828,21761932.3
2023-01-23,SHPC,349,349,335.1,337,76885,26211420.2
2023-01-24,SHPC,335,340,329.5,337.7,66869,22259992
2023-01-25,SHPC,337,344,334.2,335,93798,31766187.5
2023-01-26,SHPC,335.2,343,335.1,339,59614,20191923.1
2023-01-29,SHPC,333,345,330,338,55667,18854811.1
2023-01-30,SHPC,338,340,330.5,332,45313,15132127.7
2023-01-31,SHPC,330,335,326.5,330,42122,13889818.7
2023-02-01,SHPC,329.9,335.2,325,330,35314,11666476.2
2023-02-02,SHPC,336,336,322,322.3,52179,17005933.2
2023-02-05,SHPC,322,333,321,325.9,69559,22661430
2023-02-06,SHPC,322.2,324,319.7,322.9,54362,17446446.2
2023-02-07,SHPC,325,344,325,342,100505,33651523.4
2023-02-08,SHPC,348.8,351,335,340,79565,27284942.5
2023-02-09,SHPC,346.5,350,334,338,48406,16311222.9
2023-02-12,SHPC,331.6,334.9,324.8,329,85795,28247706.4
2023-02-14,SHPC,325.1,330.8,323.3,324,34647,11303926
2023-02-15,SHPC,324,327.9,318,322,82086,26352622.3
2023-02-16,SHPC,317.5,322,311.2,313,67384,21205273
2023-02-20,SHPC,308.1,316,308,313,23399,7302129.1
2023-02-22,SHPC,318,328,313,320,36466,11727756
2023-02-23,SHPC,315,324.9,313,313.1,55559,17606123.6
2023-02-26,SHPC,307.2,318,301.2,313,65550,20422617.1
2023-02-27,SHPC,316,321,308.1,313.1,94987,29803977.1
2023-02-28,SHPC,309,325,305,321.5,207644,64613977.7
2023-03-01,SHPC,326.9,326.9,316,318.8,48420,15404024.8
2023-03-02,SHPC,317,317,309.2,314.9,29813,9335094.6
2023-03-05,SHPC,315,315,306.7,307.5,45236,13965191.7
2023-03-07,SHPC,306,318.9,306,313,41314,12969280.4
2023-03-09,SHPC,319,326.9,316,326,47322,15226632.3
2023-03-12,SHPC,330,337.9,320,320,50608,16406709.1
2023-03-13,SHPC,320,321,310,316,78913,24773345.5
2023-03-14,SHPC,311.2,320,311.2,316.1,18168,5751984.9
2023-03-15,SHPC,311,321,300,321,235440,71600925
2023-03-16,SHPC,321,323.3,313.6,319,75335,23945511.2
2023-03-19,SHPC,324,324,318.5,319,31606,10122781.3
2023-03-20,SHPC,323.7,329,319.6,329,76905,24905955.6
2023-03-22,SHPC,322.5,334.1,322.5,325,65924,21740923.6
2023-03-23,SHPC,319,325,317,320,37902,12148584.2
2023-03-26,SHPC,320,325.8,318.5,321.8,34209,10959785.3
2023-03-27,SHPC,321.1,330,317,329,50711,16368089.8
2023-03-28,SHPC,332.4,335.5,328,333,58239,19339005.6
2023-03-29,SHPC,333,345,331,340,98138,33222667.6
2023-03-30,SHPC,346.7,346.7,337,339,51584,17585664.4
2023-04-02,SHPC,344,345,328,328,71326,23794785.4
2023-04-03,SHPC,323.5,332.8,323.5,328.5,28354,9285565.4
2023-04-04,SHPC,330,335.9,325,331,33417,11045934.1
2023-04-05,SHPC,328.6,337.8,328.6,334.9,37541,12539562.4
2023-04-06,SHPC,333.2,337.8,333.1,334,28733,9623281.3
2023-04-09,SHPC,328,334,322.7,326,27788,9069139.5
2023-04-10,SHPC,332.5,332.5,321.9,324.5,56255,18272376.9
2023-04-11,SHPC,330.8,332,324.2,328,27424,8997050.7
2023-04-12,SHPC,330,344.9,330,344,101942,34601213.7
2023-04-13,SHPC,350,350,336,337,62521,21333705.9
2023-04-16,SHPC,337,343.7,337,340,38356,13053475.5
2023-04-17,SHPC,340,345,334,335.9,38002,12851885.9
2023-04-18,SHPC,340,340,333.4,337,25517,8563744.3
2023-04-19,SHPC,336.1,342,336.1,342,18904,6429085.5
2023-04-20,SHPC,347.9,348,337,339.9,23623,8044688.4
2023-04-23,SHPC,343.9,343.9,337.2,339.6,14289,4833957
2023-04-24,SHPC,337,340,335.3,338,8860,2980913.4
2023-04-25,SHPC,335.2,340,335.2,339.4,24728,8376538.9
2023-04-26,SHPC,338,342,336,339,14037,4744077
2023-04-27,SHPC,334.7,340,334.7,337.9,20260,6817307.1
2023-04-30,SHPC,343,343,330,333,26146,8714427.3
2023-05-02,SHPC,333,333,323.4,328.5,33062,10805333.9
2023-05-03,SHPC,323.8,327,323,324.8,19467,6302571.6
2023-05-04,SHPC,321,326,318,324.4,24930,8030057.6
2023-05-07,SHPC,327,327,320,321,15708,5039517.8
2023-05-08,SHPC,318.1,324,316,319,27770,8848027.9
2023-05-09,SHPC,317.1,331.5,317.1,327,16666,5437852
2023-05-10,SHPC,330,330,321.2,329.8,12177,3976720.5
2023-05-11,SHPC,325,327,322.1,326.9,15699,5084015.8
2023-05-14,SHPC,330,330,318,321.2,12979,4164936.9
2023-05-15,SHPC,320,324.9,317,321,11321,3619289.1
2023-05-16,SHPC,322,326.1,320,323.5,12239,3967826.5
2023-05-17,SHPC,325,328.9,322,327,17973,5846539.9
2023-05-18,SHPC,330,335.9,327,335,21434,7140001
2023-05-21,SHPC,333.1,342,333,335,43385,14648923.6
2023-05-22,SHPC,330,338,329.5,336,27580,9220341.6
2023-05-23,SHPC,341,343.5,336,341.9,39199,13343985.1
2023-05-24,SHPC,343,346,336,341,47500,16104218.9
2023-05-28,SHPC,343,356.8,341.1,347,107922,37725927.6
2023-05-30,SHPC,341.3,349,338,338,84900,28989304.2
2023-05-31,SHPC,339,342.9,329.5,334.9,70932,23884776
2023-06-01,SHPC,336,344,330,339,61066,20622703.2
2023-06-04,SHPC,345.7,363,345,360,124011,44030230.1
2023-06-05,SHPC,366,380,358,366,201376,74767566.5
2023-06-06,SHPC,373.3,379,366,377,159083,59713371.2
2023-06-07,SHPC,379,389,371.3,376,106078,40597209.7
2023-06-08,SHPC,368.6,377.3,368.6,373.5,89655,33369937.5
2023-06-11,SHPC,375,382.5,372,382,106727,40252213
2023-06-12,SHPC,380,387,373,375.7,78497,29738185.6
2023-06-13,SHPC,371.3,388,371.3,383.7,144186,54975880.2
2023-06-14,SHPC,389.5,392.7,373,376,152347,58764449.5
2023-06-15,SHPC,374,383,373,376,117881,44316844.5
2023-06-18,SHPC,383.3,403,376.2,397,175488,68955746.1
2023-06-19,SHPC,400,400,385.3,388,90219,35222883.7
2023-06-20,SHPC,384,389.8,375,379,90127,34262476.7
2023-06-21,SHPC,386.5,386.5,371.7,373,116806,44084598.2
2023-06-22,SHPC,373,385,368.1,371,75047,28012606.1
2023-06-25,SHPC,378,382,366.1,375,121949,45644120.4
2023-06-26,SHPC,382,389,376,381,115662,44075771.2
2023-06-27,SHPC,381,387.9,374,386.7,120310,46071562.8
2023-06-28,SHPC,389.9,389.9,372.4,374,104481,39445937.4
2023-07-02,SHPC,380,380,361.1,361.1,97934,35985365.6
2023-07-03,SHPC,361.1,370,356.3,359,57294,20757525.1
2023-07-04,SHPC,365.6,365.6,355,362,77154,27525482.4
2023-07-05,SHPC,368,370,358,358,51568,18656942.3
2023-07-06,SHPC,360,367,355.9,362,93136,33487088.3
2023-07-09,SHPC,362.2,370.7,357.3,362,112960,41335837.6
2023-07-10,SHPC,369,369,359,361,38975,14111286.9
2023-07-11,SHPC,359,362,351.9,355,96164,34214483
2023-07-12,SHPC,357,369.9,355,364.5,81435,29534830.8
2023-07-13,SHPC,371.7,376.9,357.3,358,75121,27580604.2
2023-07-16,SHPC,359,365.1,354,355,40114,14309455.9
2023-07-17,SHPC,356,370,355.1,366.9,35510,12920706.1
2023-07-18,SHPC,361.1,371.8,361.1,365,44608,16370268.9
2023-07-19,SHPC,361,367,361,366,27163,9918849.1
2023-07-20,SHPC,365,373,363.1,369,65683,24260373.6
2023-07-23,SHPC,362.1,376,362.1,373.1,56674,21119181.4
2023-07-24,SHPC,373.1,377.4,364,366,83986,31125363.2
2023-07-25,SHPC,364.1,380,362,368,40984,15122228.1
2023-07-26,SHPC,375.3,375.3,361.1,369,29835,10896564
2023-07-27,SHPC,370,370,360,360.1,33315,12094758.1
2023-07-30,SHPC,360.1,361,355.1,358,28022,10038054.5
2023-07-31,SHPC,353,362,351.2,355.9,42108,14999772.4
2023-08-01,SHPC,351,362.4,349,350,40163,14153169.2
2023-08-02,SHPC,346.1,359,346.1,356,18717,6597318
2023-08-03,SHPC,363,363,355,355.3,25184,8989254.7
2023-08-06,SHPC,355.1,355.1,346,354,41874,14618292
2023-08-07,SHPC,348.1,363,347.2,357,49402,17576985.8
2023-08-08,SHPC,349.9,357,348.2,352,30993,10888299.1
2023-08-09,SHPC,348,360,348,355,35296,12490483
2023-08-10,SHPC,360,366,352.9,362,122003,44087515.9
2023-08-13,SHPC,360,365,357.1,360,68045,24605325.9
2023-08-14,SHPC,360.1,364,358,358,65388,23596459.9
2023-08-15,SHPC,357,361.1,350.2,352,37343,13222936.2
2023-08-16,SHPC,347.3,356.9,346.2,353,75697,26391813.3
2023-08-17,SHPC,354.9,355,348.1,350.3,81116,28427646.3
2023-08-20,SHPC,355.9,356,343.3,346,51627,18011122.6
2023-08-21,SHPC,346,349.1,339.2,342,81305,27960726.1
2023-08-22,SHPC,340.2,350,338.2,346.1,25519,8777322.7
2023-08-23,SHPC,349.9,351.9,343.1,350,42680,14902592.8
2023-08-24,SHPC,350,356.8,341.5,343,41816,14509309.6
2023-08-27,SHPC,341,345,338,340,22290,7597885.8
2023-08-28,SHPC,336.1,342,336.1,339.8,14532,4936640
2023-08-29,SHPC,337.7,344.8,337.7,342.6,12700,4331221.1
2023-08-30,SHPC,338.2,344.6,338.2,343,10615,3620035.7
2023-09-03,SHPC,337.1,344,334.5,335,21996,7391117.9
2023-09-04,SHPC,334,347,331.2,335,24866,8376832.6
2023-09-05,SHPC,341,341,332,335.9,10129,3386377.5
2023-09-07,SHPC,331.4,335,331.2,334,19123,6361780.4
2023-09-10,SHPC,331.6,337.7,331.2,337,12596,4223555.4
2023-09-11,SHPC,334.1,340.9,333,337,28186,9490228.3
2023-09-12,SHPC,343,343,334.1,334.1,14048,4742964.1
2023-09-13,SHPC,337,343.9,336.2,343.8,27128,9224441.7
2023-09-17,SHPC,343,344.9,334.5,335,34082,11537609.9
2023-09-18,SHPC,332.3,343,332.3,337.9,10292,3474535.8
2023-09-19,SHPC,344.6,345,333.3,344.8,18341,6288061.5
2023-09-21,SHPC,350.9,360,344,355,111542,39657677.8
2023-09-24,SHPC,360,360,350,353,60634,21399486.3
2023-09-25,SHPC,351,357.9,350,350,21208,7491781.6
2023-09-26,SHPC,357,364.1,355,360,77630,27789772.9
2023-09-27,SHPC,362,362.9,352.4,353.3,37944,13471333
2023-10-01,SHPC,352.6,353,342.1,345,46923,16290699.6
2023-10-02,SHPC,350,350,343,347,21708,7537957.7
2023-10-03,SHPC,353.9,358,337,337.4,54668,18676306.2
2023-10-04,SHPC,344.1,350,339.3,340,27578,9441601.8
2023-10-05,SHPC,341,345,338,338,36648,12473611.3
2023-10-08,SHPC,340,343,330,332,37077,12345514.4
2023-10-09,SHPC,328,334,327,330,33053,10946745.3
2023-10-10,SHPC,331,334.7,326.6,327,40506,13361870.9
2023-10-11,SHPC,300,300,289,297.8,26341,7737118
2023-10-12,SHPC,298,298,292.2,296,13438,3943978.8
2023-10-16,SHPC,291.3,293,285.5,292,9933,2868990.2
2023-10-17,SHPC,295,297,282.9,285,16436,4721788.5
2023-10-18,SHPC,290,295.6,287,289.9,6642,1931581.9
2023-10-19,SHPC,288,293.6,282.3,292,4608,1329214.1
2023-10-29,SHPC,293,293,285,287,5058,1455992.5
2023-10-30,SHPC,285,289.5,285,288,4327,1244203.2
2023-10-31,SHPC,292,292.1,287,290,5465,1585043.2
2023-11-01,SHPC,294.5,294.5,289.1,291,9200,2674550.2
2023-11-02,SHPC,287,292,287,291.4,5519,1597010.3
2023-11-05,SHPC,297,297,285.3,288,5200,1496367.4
2023-11-06,SHPC,288,293.7,288,292,7133,2066198.1
2023-11-07,SHPC,292,296.6,291,293,15045,4420829.7
2023-11-08,SHPC,295,295,289,290,8142,2364904.5
2023-11-09,SHPC,290,295.8,289,291.5,19010,5549103.8
2023-11-20,SHPC,297,302.4,295.4,301,25924,7780374
2023-11-21,SHPC,303,304,298.1,299.2,21217,6359744.1
2023-11-22,SHPC,299,307,297,307,24215,7319175.6
2023-11-23,SHPC,305,312,305,312,12646,3912475.2
2023-11-26,SHPC,305.8,323.9,300,322.9,37147,11652016.8
2023-11-27,SHPC,322,328.3,318,320,29476,9477840.9
2023-11-28,SHPC,323,323,315,319.9,13048,4139908.2
2023-11-29,SHPC,320.5,325,313,313,12482,3962451.6
2023-11-30,SHPC,318,324.8,310,315,25515,8032585.5
2023-12-03,SHPC,309.6,318.8,307,311,23076,7146294.2
2023-12-04,SHPC,312,315,308.1,311.9,6232,1935154.1
2023-12-05,SHPC,318.1,318.1,308.7,309.4,21844,6793711.7
2023-12-06,SHPC,308.5,310,307,308,9550,2942238.13
2023-12-07,SHPC,314.1,320,303,309,13085,4046093
2023-12-10,SHPC,315.1,333,315.1,330,7071,2308490
2023-12-11,SHPC,336.6,340,323.5,327,54696,17963021.3
2023-12-12,SHPC,326.2,345.6,326.2,344.8,56287,19102044.8
2023-12-13,SHPC,344,350.7,339,340,64566,22256608.8
2023-12-14,SHPC,339,341,334,336.2,41521,14001921.5
2023-12-17,SHPC,331.3,360,324,356,78382,27222362.6
2023-12-18,SHPC,360,374.3,354,364.8,99193,36391241.4
2023-12-19,SHPC,360,369.9,351.4,366.3,59756,21704590.9
2023-12-20,SHPC,373.3,373.3,357,368.5,90399,33117454.8
2023-12-21,SHPC,368,368,355,357,53167,19084553.2
2023-12-24,SHPC,350,372,350,360,106153,38670046.7
2023-12-27,SHPC,363.1,365,353,353,45045,16166201.3
2023-12-28,SHPC,356.9,363,352.4,356,43685,15515146.7
2024-01-01,SHPC,355,360,351,352,48619,17201386.4
2024-01-02,SHPC,347,351,346.6,350,19729,6882376.4
2024-01-03,SHPC,350.3,357,345.2,355,28206,9931229.1
2024-01-04,SHPC,355,363.8,355,359,61398,22078580.8
2024-01-07,SHPC,362,365,351.3,353.1,51394,18410014.3
2024-01-08,SHPC,354,364,352,364,96645,34574362.6
2024-01-09,SHPC,365.6,377.3,363.6,366,126982,47141514
2024-01-10,SHPC,367,369,361.1,361.9,29861,10871306.4
2024-01-11,SHPC,357.3,367.9,357.2,365,30494,11083373
2024-01-14,SHPC,368.5,380,367.5,373.8,137591,51750735.3
2024-01-16,SHPC,379.8,381.2,370.1,377.9,127774,48283236.8
2024-01-17,SHPC,382.8,383,363,364,93610,35061709.5
2024-01-18,SHPC,365,370,360.7,365,71654,26187566
2024-01-21,SHPC,365,372.3,360.5,363,69621,25484772.1
2024-01-22,SHPC,360,364,356.5,357,44185,15899357.8
2024-01-23,SHPC,360,361,354,358.8,42006,14944814.5
2024-01-24,SHPC,360,365.1,351.9,354.5,32740,11657609.9
2024-01-25,SHPC,354,357,348,351,41838,14682507.2
2024-01-28,SHPC,358,358,346,350.8,44097,15408153.1
2024-01-29,SHPC,350.8,364,350.8,356,43956,15607338
2024-01-30,SHPC,363,363,356.6,358.1,42725,15355989.3
2024-01-31,SHPC,365,365.2,355,356,72147,25849620.6
2024-02-01,SHPC,360,360,348,350.8,28037,9808950.8
2024-02-04,SHPC,347.1,353,347.1,351,32907,11531717
2024-02-05,SHPC,353,358,343,349.9,38766,13499161.5
2024-02-06,SHPC,352.6,361,348.2,354,16696,5877600.9
2024-02-07,SHPC,354,368,354,360.4,51768,18580577
2024-02-08,SHPC,356,364.9,354.3,363.5,49238,17696439.4
2024-02-11,SHPC,370,372.3,360,363,68659,25154681
2024-02-12,SHPC,362,366.9,357.1,365,47693,17272407.4
2024-02-13,SHPC,357.7,363,356.1,359.8,49231,17650388.4
2024-02-14,SHPC,359,359.5,352,359.5,40639,14431075.6
2024-02-15,SHPC,352.4,359,350,351,47391,16696275.6
2024-02-18,SHPC,347,353,345,349.5,59474,20832632.2
2024-02-20,SHPC,350,353,345,348,72842,25283174.3
2024-02-21,SHPC,347,349.8,345.2,345.2,39018,13539881.7
2024-02-22,SHPC,345,350,344.5,346.8,40026,13839921.6
2024-02-25,SHPC,352.9,352.9,336.5,337.2,78379,26796514.9
2024-02-26,SHPC,334,342,334,341,31004,10501735.2
2024-02-27,SHPC,340,346,340,342.7,19807,6796048.3
2024-02-28,SHPC,343,345.6,337,337,35967,12223172.9
2024-02-29,SHPC,343,343,334.3,337,43829,14738532.8
2024-03-03,SHPC,335,342.5,335,339.9,29007,9766446.7
2024-03-04,SHPC,346.6,364,346.6,358,14190,5095518
2024-03-05,SHPC,365.1,365.1,344,345,44240,15502341.3
2024-03-06,SHPC,349.8,350.9,339,349,41735,14518336.9
2024-03-07,SHPC,352,354,345,348.9,17813,6190765.3
2024-03-10,SHPC,350,352,346.1,347,22573,7884417.3
2024-03-12,SHPC,351.4,353,348.2,352,28402,9967683.5
2024-03-13,SHPC,352.2,353.9,345.1,347,56522,19707703.1
2024-03-14,SHPC,350,350,343,344.8,32477,11248653.1
2024-03-17,SHPC,339,352,339,346,23429,8143674.5
2024-03-18,SHPC,349,350,345.7,349,42724,14869488
2024-03-19,SHPC,343,350,343,345.1,27298,9462024.3
2024-03-20,SHPC,344.2,349,342.2,346,22393,7733715.5
2024-03-21,SHPC,343,349.3,342,345,24428,8397827.1
2024-03-25,SHPC,343.2,345.9,340.2,342.5,31684,10843165.6
2024-03-26,SHPC,340.3,345.9,340.3,341.4,21454,7339760.9
2024-03-27,SHPC,342.5,347,340,342,20846,7117320
2024-03-28,SHPC,341,343.8,337.2,338.2,42069,14264719.4
2024-03-31,SHPC,339,343.7,337.8,340.9,12380,4200251.9
2024-04-01,SHPC,341,341.5,337.6,338,37618,12759446.9
2024-04-02,SHPC,338,339.9,337,337.9,11802,3984708.6
2024-04-03,SHPC,338,340,337.4,337.9,17043,5763865.7
2024-04-04,SHPC,337.8,340,337,337.4,24406,8244938.1
2024-04-07,SHPC,337,341.8,337,341.8,27713,9396063.5
2024-04-09,SHPC,341,345,340.3,341.5,22942,7843722
2024-04-10,SHPC,341.5,344.8,339.7,340,60416,20570471.2
2024-04-14,SHPC,340,341,330,334,640870,214789745
2024-04-15,SHPC,340.6,340.6,326.6,327.2,210354,69188309.3
2024-04-16,SHPC,326.2,331,325,330.4,104140,34183086.9
2024-04-18,SHPC,327.2,332,325,325.1,43138,14092158.6
2024-04-21,SHPC,326,329.4,321.5,327,19396,6294205.7
2024-04-22,SHPC,328,331,323.2,324,27298,8930036.6
2024-04-24,SHPC,324,325.5,319.1,322.8,99409,31801860.2
2024-04-25,SHPC,328,328,322,322.8,12591,4069916.6
2024-04-28,SHPC,323,329,320.2,329,28623,9217662.6
2024-04-29,SHPC,331,333,325,328.6,18313,6005695.3
2024-04-30,SHPC,325,335.7,323.1,332,58849,19507547.7
2024-05-02,SHPC,337.1,337.8,327.4,327.7,41522,13818206.2
2024-05-05,SHPC,327,328.9,325.4,325.5,15634,5106096.8
2024-05-06,SHPC,328,332,322,322,50614,16437729.9
2024-05-07,SHPC,327,327,320,320.5,19815,6372344
2024-05-08,SHPC,321.1,326,321,323.7,28222,9168630.2
2024-05-09,SHPC,329,329,321,324,35656,11522666.6
2024-05-12,SHPC,319.2,326.1,319.2,326.1,22198,7209896
2024-05-13,SHPC,320.2,327.7,320.2,327,11616,3775156
2024-05-14,SHPC,328,331,324,330.1,41943,13743519.9
2024-05-15,SHPC,331,334,326.5,327.1,18071,5946502.8
2024-05-16,SHPC,331,332,325,328.8,27222,8914964
2024-05-19,SHPC,335.3,340,327.2,336,72546,24305938.8
2024-05-20,SHPC,329.3,344,329.3,339.3,45454,15400050.7
2024-05-21,SHPC,339.3,346,333.7,336,92078,31062712.4
2024-05-22,SHPC,336,344.4,336,341.9,116379,39586466.3
2024-05-26,SHPC,340,342,334.7,334.7,61832,20908147
2024-05-27,SHPC,334.7,340.9,334.4,336,20092,6761696
2024-05-29,SHPC,342.7,349.5,332,332,22413,7536524.8
2024-05-30,SHPC,332,336.7,328,328,38308,12707331.8
2024-06-02,SHPC,334.5,335,328.6,330.1,83525,27566844.1
2024-06-03,SHPC,331.1,332,327.1,328.9,14195,4675976.8
2024-06-04,SHPC,326,331,325,325.1,51238,16753212.3
2024-06-05,SHPC,325,334.9,320.1,329,524908,169961907.1
2024-06-06,SHPC,333,333,324.8,327,41051,13390985.6
2024-06-09,SHPC,333.5,333.5,324.5,325.4,17345,5645653
2024-06-10,SHPC,331.9,331.9,325.4,329,34489,11297712.7
2024-06-11,SHPC,335.5,335.5,328,331,108394,35761183.3
2024-06-12,SHPC,330.1,334.5,327.9,330,42596,14050479.8
2024-06-13,SHPC,331,331,324,325.5,53991,17592230.2
2024-06-16,SHPC,331,331,321.5,325,41497,13433739.8
2024-06-18,SHPC,331,331,320.9,321.1,56880,18325531.7
2024-06-19,SHPC,322.8,322.9,319.4,320.9,38548,12356873.5
2024-06-20,SHPC,327.3,327.3,320.1,320.4,36490,11757113.1
2024-06-23,SHPC,321.1,323,318,319,46771,14961093.7
2024-06-24,SHPC,320,321.9,318.2,318.6,26272,8390898.6
2024-06-25,SHPC,323,329,319.6,322.1,62399,20195843.1
2024-06-26,SHPC,324,324.7,319.3,320.3,24189,7775336.3
2024-06-27,SHPC,319,321.9,318.6,319.1,27978,8956268.8
2024-06-30,SHPC,318.2,322,316.2,316.3,26445,8405343.8
2024-07-01,SHPC,316.1,320,316.1,320,22573,7169780.9
2024-07-02,SHPC,326,333,321,324,59787,19417619.4
2024-07-03,SHPC,323.9,323.9,318.8,322,27201,8708711.3
2024-07-04,SHPC,320.1,325,320,320.2,61554,19801636.4
2024-07-07,SHPC,320.1,326,316,320.9,105890,33977834.7
2024-07-08,SHPC,324.5,325,321,321.1,44334,14306561.2
2024-07-09,SHPC,320.5,324.1,318.2,318.4,131264,42036587.6
2024-07-10,SHPC,324.7,328.7,320.4,327,168447,54560147.1
2024-07-11,SHPC,328,332.8,325.1,328,93409,30635489.3
2024-07-14,SHPC,334.5,347,332,339,80953,27288955
2024-07-15,SHPC,341,344,335,339.5,87377,29615730.9
2024-07-16,SHPC,343,360,335.4,354,145502,50758679.6
2024-07-17,SHPC,358,364.3,349.1,363,224564,80512612
2024-07-18,SHPC,367,374,352,362,197245,71982800.5
2024-07-21,SHPC,368.9,374,357.2,369,191765,70403702.3
2024-07-22,SHPC,371.3,395,362,390,315099,118407509.2
2024-07-23,SHPC,391,413.7,390,413,477783,193917333
2024-07-24,SHPC,412.2,422,403,406,358407,147357598.6
2024-07-25,SHPC,400,426.5,400,425,426015,176251927.5
2024-07-28,SHPC,426,447,416.6,443,364675,157507195.8
2024-07-29,SHPC,450,460,435,437,613844,272448149.7
2024-07-30,SHPC,445,449.6,429,443,350633,154304995.2
2024-07-31,SHPC,445,475,443,452,436293,198793197.1
2024-08-01,SHPC,455,497.2,447,497,872303,409039597.5
2024-08-05,SHPC,506.9,546,500,535,852836,445164795.6
2024-08-06,SHPC,535,552,507,534,800822,422373193.9
2024-08-07,SHPC,544.6,576,520,571,1017338,557394270.8
2024-08-08,SHPC,582.4,599.1,561,578,738838,425324769.6
2024-08-11,SHPC,578,599,578,584.1,641263,377199802
2024-08-12,SHPC,595.7,595.7,564.5,573,576402,333594171
2024-08-13,SHPC,580,591.6,561,591.6,689284,392999289.9
2024-08-14,SHPC,603.4,636.4,581.3,632,959365,583292923.6
2024-08-15,SHPC,644.6,678.3,635,678.3,1272947,832385237.6
2024-08-18,SHPC,680,680,635.2,640,722400,470203546.8
2024-08-21,SHPC,640,648,617,619.9,584009,368065649.1
2024-08-22,SHPC,624,635,614,618,526200,328045826.7
2024-08-25,SHPC,630.3,630.3,588,590,496348,297859761.6
2024-08-27,SHPC,585,600,560,563,494535,284930195.1
2024-08-28,SHPC,566,585,560,575,486083,279135630.1
2024-08-29,SHPC,585.8,589.9,561.7,569,386425,221835746.3
2024-09-01,SHPC,565,579,557,564,308871,175528272.7
2024-09-02,SHPC,569,597,562.1,595,384183,222413877.7
2024-09-03,SHPC,606.9,606.9,580,580,344540,203334221.4
2024-09-04,SHPC,591.6,591.7,556,556,342313,194087489.5
2024-09-05,SHPC,555,565,546.5,552.2,208627,115345327.4
2024-09-08,SHPC,563,563,531,533,280103,153824770.05
2024-09-09,SHPC,533,534,509,511.1,311255,162075845.6
2024-09-10,SHPC,520,525,504,508,217827,112108890.2
2024-09-11,SHPC,511,521,507,513,250439,128211397
2024-09-12,SHPC,515,548,513,538,264639,139016890.9
2024-09-15,SHPC,543,560,516,516.1,384252,207320505.6
2024-09-16,SHPC,517,521,505,510,221173,112898253.2
2024-09-18,SHPC,507,519.4,499.8,506,109962,55942890.8
2024-09-22,SHPC,516.1,524.9,501,504.8,129455,65888070.6
2024-09-23,SHPC,507.9,508,485.1,493,234589,116237565.4
2024-09-24,SHPC,493.8,500,480,482.4,237324,116106858.9
2024-09-25,SHPC,492,499,479.3,495,115266,56585615.7
2024-09-26,SHPC,504.9,505,482,482.1,81544,40195342.7
2024-09-29,SHPC,472.5,489.6,465,474,106132,50548814.1
2024-09-30,SHPC,474,492,471,489.9,94876,46083487.8
2024-10-01,SHPC,496.6,522,496,520,191653,97728565.4
2024-10-02,SHPC,515,530,510,519.9,234562,122078264.2
2024-10-06,SHPC,519,547,517,544,134326,71872066.7
2024-10-07,SHPC,550,565,544.1,556,188432,104716857.7
2024-10-08,SHPC,556,567,545,549.8,181250,100376191.3
2024-10-09,SHPC,558,558,541.2,545,76898,42012400.5
2024-10-15,SHPC,547.6,555,545,553,57251,31463207.3
2024-10-16,SHPC,564,571,552,559,92729,52210035
2024-10-17,SHPC,568,570,549,549,98951,55345958.1
2024-10-20,SHPC,538.1,560,530,540,164637,89650893.1
2024-10-21,SHPC,529.2,545,524,524,122320,64939300.7
2024-10-22,SHPC,520,540,520,528.9,83411,44139685.7
2024-10-23,SHPC,532,537,525,525,52869,28017828.1
2024-10-24,SHPC,522,540,522,529.5,84301,44763248.3
2024-10-27,SHPC,527,536,524.2,526,49661,26227283.8
2024-10-28,SHPC,522.4,534.9,522.4,529,35694,18963206.4
2024-10-29,SHPC,535,572.9,535,549,155737,85246519
2024-10-30,SHPC,559.9,562,544.2,554,113211,62351920.9
2024-11-05,SHPC,554,565,550,551,56400,31337842.2
2024-11-06,SHPC,547.1,555,542,546,57818,31678310
2024-11-10,SHPC,556,577,550.1,577,304072,172728060.1
2024-11-11,SHPC,577.4,590,575,583,391722,227671702.8
2024-11-12,SHPC,583,612,577,581,222034,130264290.4
2024-11-13,SHPC,569.4,581,565.1,569,187665,107162457.8
2024-11-14,SHPC,566,576.9,560.2,561,181913,103075393.9
2024-11-17,SHPC,570,579.9,560,561,145769,82877707.6
2024-11-19,SHPC,562,568,544,545,154630,85751966.6
2024-11-20,SHPC,546.1,557.9,544,548.4,76278,42013405.5
2024-11-21,SHPC,548,569,538,542.5,93567,51083942.9
2024-11-24,SHPC,547,560,540,559.9,162490,89084422
2024-11-25,SHPC,571,571,548,568,169231,94294480.1
2024-11-26,SHPC,556.7,571,554.1,565,113535,63933338.8
2024-11-27,SHPC,567,574,563,567.8,128321,72934080.9
2024-11-28,SHPC,579.1,579.1,554.1,559.9,130026,72973246.5
2024-12-01,SHPC,548.8,554,540.2,550,123231,67764255.7
2024-12-02,SHPC,561,561,539,555,117529,64825652.2
2024-12-03,SHPC,550,586.5,537,583,308883,171894865.4
2024-12-04,SHPC,571.4,581,565,568.9,328379,187630109.6
2024-12-05,SHPC,557.6,580,550,552,158111,87941917
2024-12-08,SHPC,554,554,538,540,72720,39477075.1
2024-12-09,SHPC,540,548,537.1,540.9,100995,54731171.7
2024-12-10,SHPC,550,554,541,549.3,341654,187670739.2
2024-12-11,SHPC,555,559.9,540,548,74239,40448753.5
2024-12-12,SHPC,550,555,538,538.5,72025,39025273.6
2024-12-16,SHPC,549,549,525,525.9,93358,49412856.7
2024-12-17,SHPC,528,534,525,529,46763,24683155
2024-12-18,SHPC,538,538,520.2,522,44374,23308858.5
2024-12-19,SHPC,525,527.7,514,517.9,75360,39188789.2
2024-12-22,SHPC,519,522,512,518,76912,39749040.3
2024-12-23,SHPC,528.3,540,518,537,176274,93282936.1
2024-12-24,SHPC,497,498,488,491,106110,52266959.4
2024-12-26,SHPC,482.4,490,477.3,481.7,47255,22750789.7
2024-12-29,SHPC,482,482,458.5,462,95825,45004672.2
2024-12-31,SHPC,460,460,442.3,447.9,71238,31913410.5
2025-01-01,SHPC,448,449,443,444,17272,7701418.9
2025-01-02,SHPC,445,448,438.1,448,51728,22960566.1
2025-01-05,SHPC,448.1,456,443,455,68336,30683150.5
2025-01-06,SHPC,464.1,476.5,457,475,118198,55389328
2025-01-07,SHPC,484.5,484.9,468,482,107119,51252933.3
2025-01-08,SHPC,491.6,491.6,476,484.6,50761,24510361
2025-01-09,SHPC,478,486.8,472,481,144090,68950484.6
2025-01-12,SHPC,481,481,470.1,471,22778,10762900.1
2025-01-13,SHPC,467,471.9,455,456.3,66377,30532629.5
2025-01-15,SHPC,465,468,458,459,39568,18221727.5
2025-01-16,SHPC,460,464,456.1,460,45387,20894371.8
2025-01-19,SHPC,460,469,455,466.5,29161,13503321.5
2025-01-20,SHPC,467,469.9,460,466.5,51350,23849227.4
2025-01-21,SHPC,459,475.8,459,471,59927,27969573.2
2025-01-22,SHPC,471.1,485,467,484,104066,49739125.6
2025-01-23,SHPC,477,491.9,476,484,113861,55139727.5
2025-01-26,SHPC,490,510,481,501,199108,99153513.4
2025-01-27,SHPC,511,519,498,514,233576,119441701.5
2025-01-28,SHPC,504.1,519.9,504.1,512.5,138069,70654159.3
2025-02-02,SHPC,522,528.4,515,517,270431,140925368.5
2025-02-03,SHPC,522,526.6,506.7,517,289252,148378824.2
2025-02-04,SHPC,515,519.7,506,509,104413,53358542.9
2025-02-05,SHPC,507,515,501.1,509,77210,39339884.5
2025-02-06,SHPC,519.1,525,507.2,514,312967,162021556.1
2025-02-09,SHPC,520,520,501,502.3,165710,84501541.6
2025-02-10,SHPC,512.3,512.3,494,498.5,70135,34952101.9
2025-02-11,SHPC,499,503.8,491.3,496,59875,29719989.8
2025-02-12,SHPC,505.9,505.9,493,498,67161,33460727.5
2025-02-13,SHPC,504,504,488,488.5,92967,45707369.6
2025-02-16,SHPC,498,498,485.6,490.1,93819,45841480.7
2025-02-17,SHPC,499,515,486.2,506.8,234890,117408922
2025-02-18,SHPC,516.9,522,505,514.9,316340,163526313.7
2025-02-20,SHPC,525,525,500,500,105642,53430671.7
2025-02-23,SHPC,490,516.9,490,501,134854,67994966.7
2025-02-24,SHPC,511,511,496,497,110904,55400171.7
2025-02-25,SHPC,505,505,490,494,76101,37642289.8
2025-02-27,SHPC,503,505,495,505,84311,42202232.8
2025-03-02,SHPC,515,522.9,503.9,519,171708,88366412
2025-03-03,SHPC,508.7,531,508.7,514.6,211942,110888720.9
2025-03-04,SHPC,524.8,524.8,509,509.9,95130,49115527
2025-03-05,SHPC,508,510,500,504,123408,62176081.9
2025-03-06,SHPC,507.7,507.7,498,499,46992,23496147.6
2025-03-09,SHPC,498.2,501.9,489.3,490,117331,57721317.1
2025-03-10,SHPC,490,496.9,478,478.1,156133,75715374
2025-03-11,SHPC,485,486,470.1,471,88625,42086192.7
2025-03-12,SHPC,479,479,468.3,477.8,56393,26682735.9
2025-03-16,SHPC,480,480,471.6,473.9,44632,21150539.2
2025-03-17,SHPC,473.9,480,469,474.9,78870,37114948.9
2025-03-18,SHPC,474.1,478,470.1,471,41246,19502326.4
2025-03-19,SHPC,471,471,465.5,467,44690,20918363.2
2025-03-20,SHPC,476.3,476.3,465,465.3,44291,20667195.4
2025-03-23,SHPC,465,465,451,452.6,71879,32754402.8
2025-03-24,SHPC,447.1,463.6,447.1,456.14,71506,32624792.1
2025-03-25,SHPC,454,457,443.1,447.5,84328,37796788.8
2025-03-26,SHPC,450,462.5,448,459.92,57408,26230182.5
2025-03-27,SHPC,464.5,474,459,471.22,93936,43925565.2
2025-03-30,SHPC,462,483.8,462,479.9,152864,72978232.1
2025-04-01,SHPC,480,480,467,475.75,51245,24193487.4
2025-04-02,SHPC,479,479,469.5,471.48,32681,15500134
2025-04-03,SHPC,471,485,470.3,479.96,144290,68785778.4
2025-04-07,SHPC,485,485,470,472.13,27223,12923620.2
2025-04-08,SHPC,468.3,471.9,461,469,30872,14381968.7
2025-04-09,SHPC,478,478,469,473.46,35545,16843887.3
2025-04-10,SHPC,475,477.9,470.3,472.26,50321,23822095.5
2025-04-13,SHPC,470,477.8,466,474.91,44694,21093406.9
2025-04-15,SHPC,483.4,483.4,469,476.82,32286,15440646.6
2025-04-16,SHPC,470,501,470,489.18,143867,70582945
2025-04-17,SHPC,495,518.8,491,514.67,441209,225401259.1
2025-04-20,SHPC,517,548,517,536.86,701732,375864973.6
2025-04-21,SHPC,540,550.1,530,532.22,394736,214092814.9
2025-04-22,SHPC,542.8,563,535,536.45,536014,291848112.1
2025-04-23,SHPC,542,542,508,510.94,695164,358911811.1
2025-04-24,SHPC,506,515,498.2,513.41,344249,174441267.3
2025-04-27,SHPC,510,555,510,550.33,784987,425075582.3
2025-04-28,SHPC,561.3,561.3,540.1,545.5,616139,337506483.6
2025-04-29,SHPC,547,579,547,570.1,1450691,824373131.3
2025-04-30,SHPC,574.9,599,574.9,585.89,865121,509424709.4
2025-05-04,SHPC,590,600,579.2,582.6,1024928,604866096.3
2025-05-05,SHPC,576,592.6,572,583.63,837159,485483582.9
2025-05-06,SHPC,584,617,584,614.2,1532482,928962766.8
2025-05-07,SHPC,602,634,602,630.16,945954,592096826.4
2025-05-08,SHPC,622,637.9,617.6,620.88,1043743,654926840.2
2025-05-11,SHPC,625,627,602,613.11,865520,533368599.4
2025-05-13,SHPC,625,625,595,599.08,778264,471474043.3
2025-05-14,SHPC,592,607,570,571.16,596164,345546421.8
2025-05-15,SHPC,582.5,604.9,563.1,576.97,464712,270754423.8
2025-05-18,SHPC,588,588,550,555.94,399126,224043073.1
2025-05-19,SHPC,559.9,569.9,555.5,563.38,281420,158391418.9
2025-05-20,SHPC,557.3,588.8,550,581.19,533461,304989960.7
2025-05-21,SHPC,592.8,604,575,578.08,558440,326543345.4
2025-05-22,SHPC,583,583,557,560.59,249043,141624613.8
2025-05-25,SHPC,561,565,546,555.08,215005,119419309.9
2025-05-26,SHPC,566.1,571,553,557.08,272267,152786666.2
2025-05-27,SHPC,555.1,575,555,564.64,467389,264381624.2
2025-05-28,SHPC,566,583.8,564,568.66,329617,188924495.9
2025-06-02,SHPC,579.9,591,560,563.1,245428,140441920.1
2025-06-03,SHPC,552,570,551,554.14,301536,168411315.7
2025-06-04,SHPC,564.9,564.9,551.1,552.2,157030,87261266.3
2025-06-05,SHPC,563.2,568.4,550.1,564.89,306279,171559810.8
2025-06-08,SHPC,553.7,590.6,553.7,585.26,752551,440089297.3
2025-06-09,SHPC,588,594,579.1,588.56,428625,251254364.7
2025-06-10,SHPC,599,609,588,591.78,746018,446993647.8
2025-06-11,SHPC,593,618,590,614.99,978512,592758115.4
2025-06-12,SHPC,624,648,624,635.84,1180505,753854612.2
2025-06-15,SHPC,635,675,635,670.62,1343025,890100203
2025-06-16,SHPC,675,684.9,643,644.49,1435902,951622687.2
2025-06-17,SHPC,631.7,660,631.7,654.27,1161879,749661491.2
2025-06-18,SHPC,665,670,644.9,648.16,1091837,717822966.6
2025-06-19,SHPC,660,660,627,629.41,661847,421717864.3
2025-06-22,SHPC,616.9,634,600,601.94,757968,465691103.4
2025-06-23,SHPC,604,618,596,612.13,466879,283872249.7
2025-06-24,SHPC,620,625.4,601.8,602.62,292843,179628532.8
2025-06-25,SHPC,603,616,599.1,612.65,332456,202041058.5
2025-06-26,SHPC,600.4,619,600.4,606.45,375459,229580999
2025-06-29,SHPC,595,613.9,595,600.96,295930,178356203.8
2025-06-30,SHPC,589,613.9,589,604.84,516956,314758166.4
2025-07-01,SHPC,616.9,616.9,603,610.77,260026,158386993.8
2025-07-02,SHPC,615,619,604.5,605.17,388306,237183765.3
2025-07-03,SHPC,596,612,596,598.17,330461,198626044.9
2025-07-06,SHPC,604.9,604.9,587,588.21,290802,172168517
2025-07-07,SHPC,580.5,591,580.1,581.95,228772,133615564.3
2025-07-08,SHPC,593.5,605,575,595.6,247947,146152958.8
2025-07-09,SHPC,601.5,608,598,600.35,230739,139020759
2025-07-10,SHPC,604,604,589.9,593.14,326295,194380359
2025-07-13,SHPC,602,605,583,585.49,260273,153463587.3
2025-07-14,SHPC,583.1,597,582,587.13,235022,138234507.3
2025-07-15,SHPC,587.3,611,587.3,609,330871,199740196.2
2025-07-16,SHPC,610,630.5,607,626.91,645601,399256399.2
2025-07-17,SHPC,628,648.1,628,643.84,665475,426185270.2
2025-07-20,SHPC,645,649,624,626.01,759031,481150036.1
2025-07-21,SHPC,621,635,616.3,625.46,513221,320934677
2025-07-22,SHPC,630,640,623.1,625.37,524859,329781389
2025-07-23,SHPC,633,637.8,620.1,631.42,597088,376245945
2025-07-24,SHPC,631.5,655,628,648.42,654851,422942962.4
2025-07-27,SHPC,635.5,664.9,630,636.22,1167756,755174949.2
2025-07-28,SHPC,637,642,626,631.82,511120,322877916.3
2025-07-29,SHPC,638,642,626,627.5,302137,190633337.5
2025-07-30,SHPC,640,640,612.2,614.8,371632,230252326.2
2025-07-31,SHPC,615,621,605,605.76,310695,189897292.8
2025-08-03,SHPC,607.1,612,595.1,597.33,279849,168801872.1
2025-08-04,SHPC,609.2,609.2,593,599.29,244278,146111834.9
2025-08-05,SHPC,606,606,590,591.27,180605,107360817.3
2025-08-06,SHPC,603,603,586,589.81,133681,78797866.4
2025-08-07,SHPC,586.1,599.8,586.1,590.02,132510,78288281
2025-08-11,SHPC,592,596.1,578.3,579.62,192844,112782049.9
2025-08-12,SHPC,591.2,591.2,569.7,571.19,176115,101333525.8
2025-08-13,SHPC,582.6,582.6,566,566.54,170179,96915853
2025-08-14,SHPC,566.6,571.8,562,567.92,144565,81868976
2025-08-17,SHPC,570,572.5,561.4,562.67,98317,55654571.2
2025-08-18,SHPC,563.1,566.9,560.6,563.07,75738,42659546
2025-08-19,SHPC,564,572,564,565.01,68938,39039314.5
2025-08-20,SHPC,565,567.8,560,560.14,135786,76331626.8
2025-08-21,SHPC,562,563.9,555.1,557.48,88507,49490740.6
2025-08-24,SHPC,562,562,552,553.44,73643,40927547.9
2025-08-25,SHPC,555.6,562,547.7,559.17,89973,49941992.3
2025-08-26,SHPC,563.8,563.8,556.8,559.08,40403,22607931
2025-08-27,SHPC,570.2,581,558.8,576.3,173913,98827610.7
2025-08-28,SHPC,587.8,587.8,560,562.37,149728,85637115.7
2025-08-31,SHPC,562,564,553,555.89,65341,36321524.7
2025-09-01,SHPC,552.1,567,549,557.53,108975,60480455.7
2025-09-02,SHPC,559,562,552,554.16,89534,49659647.7
2025-09-03,SHPC,554,557,547,548.16,85357,46993871.8
2025-09-04,SHPC,548.16,553,542,546.68,82141,44808439.7
2025-09-07,SHPC,551,551,540,541.1,76664,41734706.1
2025-09-08,SHPC,551.9,551.9,533,537.84,119782,64566726.7
2025-09-18,SHPC,527.1,527.5,491,500,21887,10945913.5
2025-09-21,SHPC,491.1,538,491,534.13,146454,75937818.5
2025-09-23,SHPC,540,551,534,546,78936,42853046.8
2025-09-24,SHPC,549.9,549.9,527,528.9,56683,30265922.6
2025-09-25,SHPC,532.5,537,527.5,532.5,29869,15896175.5
2025-09-28,SHPC,543.1,543.1,532.3,535.9,37371,20027356.8
2025-10-07,SHPC,525.2,525.2,505,516.9,174167,89210677.5
2025-10-08,SHPC,517,517,495.6,500,161809,81152036.6
2025-10-09,SHPC,510,530,500,500,129522,66196294.9
2025-10-12,SHPC,495,497,482,483.5,80614,39263447.3
2025-10-13,SHPC,476,505,476,500,106603,52424118.9
2025-10-14,SHPC,505,515,492,493,135337,68035344.9
2025-10-15,SHPC,485.2,497.9,485.2,490,38575,18957524.3
2025-10-16,SHPC,497,508,485,487,66152,32329681.8
2025-10-19,SHPC,484.1,495,484.1,490.2,31615,15491851.2
2025-10-26,SHPC,483.2,489.9,475,487.1,40110,19261445.3
2025-10-28,SHPC,490,512,489,510,129697,65284666.3
2025-10-29,SHPC,515,520,493,504,75790,38308837.6
2025-10-30,SHPC,499,525,498,523,131443,67479273.3
2025-11-02,SHPC,524.5,536,520,525,146451,77391514.2
2025-11-03,SHPC,526.3,531.9,518.5,520.8,84866,44473116.6
2025-11-04,SHPC,531.2,531.2,511.1,512,57298,29692636
2025-11-05,SHPC,511,517,504,512,49389,25101335.3
2025-11-06,SHPC,515,517,504.7,504.7,60778,30951303.1
2025-11-09,SHPC,504.1,504.1,495.1,497.1,59964,29927507.8
2025-11-10,SHPC,501,501,493,495.2,31992,15881859.3
2025-11-11,SHPC,499,505,496.2,503.6,38809,19419638.5
2025-11-12,SHPC,506.9,506.9,495,498.9,75102,37376343
2025-11-13,SHPC,502,502,495,495.1,46162,22955213.8
2025-11-16,SHPC,500,500,490.3,492,62122,30667713.7
2025-11-17,SHPC,498.5,499,493,496.9,24794,12311817.8
2025-11-18,SHPC,500,508.7,497,502,100624,50710744.9
2025-11-19,SHPC,512,512,498,504.9,60567,30330538.3
2025-11-20,SHPC,500,503,498,500.9,47849,23936092.9
2025-11-23,SHPC,509,516,504,514,101118,51709414.2
2025-11-24,SHPC,514,527,514,521.3,147305,76821797.4
2025-11-25,SHPC,510.9,527,510.9,523,103224,53776944.1
2025-11-26,SHPC,513,531,513,529,133659,70443143.8
2025-11-27,SHPC,518.5,536,518.5,533,109833,58181316.9
2025-11-30,SHPC,522.4,548.2,522.4,533.6,298689,161406498
2025-12-01,SHPC,523,544,523,538.5,135456,72921107.9
2025-12-02,SHPC,527.8,545,527.8,541.9,86611,46822193.8
2025-12-03,SHPC,544.8,545,530,530,137163,73381943.7
2025-12-07,SHPC,530.1,538.8,527.5,528,119850,63569666.6
2025-12-08,SHPC,527,536.9,527,529.2,98862,52581058.7
2025-12-09,SHPC,532,533.9,527,528.4,62018,32855619.4
2025-12-10,SHPC,530,530.5,523.1,523.2,56019,29507990.3
2025-12-11,SHPC,522.1,532,521.3,527,68486,36085041.7
2025-12-14,SHPC,527,529.4,520.3,521,74123,38838018.9
2025-12-15,SHPC,520.1,527.8,520.1,526,76271,40023670.5
2025-12-16,SHPC,530,530.4,525.3,529.6,47846,25300411.7
2025-12-17,SHPC,530.1,536,530.1,532,37360,19896581.4
2025-12-18,SHPC,530.1,532,527,527,47201,24990846.9
2025-12-21,SHPC,522.4,529.9,521.5,523.9,49148,25756874
2025-12-22,SHPC,521.7,525,517.2,518.8,51670,26811231.3
2025-12-23,SHPC,520,520,513,518,30358,15680322.8
2025-12-24,SHPC,520,520,514.5,515,65973,34092430.6
2025-12-28,SHPC,521.1,534.2,520,531.1,75943,40149076.6
2025-12-29,SHPC,527,535,526.1,528.9,83759,44433657.6
2025-12-31,SHPC,533.8,537,530,530,59726,31907688.2
2026-01-01,SHPC,535,536,525,525,38453,20315594.7
2026-01-04,SHPC,525,529.3,523,523,29012,15239302.5
2026-01-05,SHPC,531,531,522,526,71987,37895134.9
2026-01-06,SHPC,516,537,516,532,76816,40887109.9
2026-01-07,SHPC,535,535,528,529,59078,31282097.8
2026-01-08,SHPC,525,530,525,529.8,37212,19662425.5
2026-01-12,SHPC,530,532.5,525.1,526.7,53250,28063428
2026-01-13,SHPC,531.9,555,523.1,552,207894,112826677.3
2026-01-14,SHPC,554.9,562.3,549,551.5,236554,131756652.8
2026-01-18,SHPC,549,561.5,549,555,167503,93233995.9
2026-01-20,SHPC,544,565,544,559,202907,113759357.3
2026-01-21,SHPC,548,563,548,551,110196,61207702.5
2026-01-22,SHPC,551,554,543,553.9,107617,58953298
2026-01-25,SHPC,556,560,550,557.6,187413,104225788.1
2026-01-26,SHPC,560,564.1,548,558,253479,140773495
2026-01-27,SHPC,560,564,547,552,249853,138693450.1
2026-01-28,SHPC,555,555,543,546,74068,40576259.9
2026-01-29,SHPC,544,561,544,547.6,164969,91363910.3
2026-02-01,SHPC,547.6,547.6,537,538.1,85860,46585898.6
2026-02-02,SHPC,528.1,545,528.1,535,47330,25476545.2
2026-02-03,SHPC,537,541.8,533,535.2,119885,64583541
2026-02-04,SHPC,524.5,545,524.5,534.9,89594,48006566.9
2026-02-05,SHPC,539.8,544.9,531,541.6,81202,43695568.2
2026-02-08,SHPC,542.3,548,535,535.5,89818,48531344.6
2026-02-09,SHPC,546.2,546.2,528,530,110179,58517432.9
2026-02-10,SHPC,531.9,531.9,522,522.8,73839,38969995.7
2026-02-11,SHPC,528,548.9,520,545,254776,135519730.5
2026-02-12,SHPC,550,552.9,542.2,552.9,190746,104567545
2026-02-16,SHPC,553,557.4,542,545,148945,81779699.3
2026-02-17,SHPC,550,550,530.1,536,73710,39489604.6
2026-02-22,SHPC,531.2,532.1,521.8,530,92088,48485095
2026-02-23,SHPC,530,534.7,524.1,525.1,64147,33888071.1
2026-02-24,SHPC,534,539,528.2,535,100216,53609039
2026-02-25,SHPC,539.6,540,534,536.4,44979,24094704.5
2026-02-26,SHPC,530.1,544.9,530.1,535,30145,16112259.2
2026-03-01,SHPC,545.7,545.7,521.1,533.1,63431,33730896.6
2026-03-03,SHPC,543.7,548,534,546,81124,43946813.4
2026-03-09,SHPC,556.9,579.3,556.9,579,4016,2302260.5
2026-03-10,SHPC,580,584,551,569,204581,115680584.6
2026-03-11,SHPC,580.3,580.3,556,558,123074,69225573.9
2026-03-12,SHPC,555.1,565,551.1,558.7,156723,87449902.6
2026-03-15,SHPC,555,555.8,541,552,221048,121617394.5
2026-03-16,SHPC,563,563,540,544.9,107011,58503893.7
2026-03-17,SHPC,548,549.2,540.6,544,67357,36635907.8
2026-03-19,SHPC,533.2,563.9,533.2,557,250240,139670650.3
2026-03-22,SHPC,568.1,568.1,553.2,560,244282,136702822.3
2026-03-23,SHPC,556,582,556,578,517691,296683867
2026-03-24,SHPC,581.9,588,570.3,575,217353,125532272.4
2026-03-25,SHPC,573,575,563.7,566,114294,64922105.5
2026-03-26,SHPC,558,570,557,564.3,130394,73336489.5
2026-03-29,SHPC,553.1,567.9,550,552,223435,123790590.6
2026-03-30,SHPC,547,556.9,537,541,187664,102293586.9
2026-03-31,SHPC,535,550.8,533,544,95008,51568943.5
2026-04-01,SHPC,543,546,530,535,142320,76525054.2
2026-04-02,SHPC,535,538,528,530,95460,50824702.3
2026-04-05,SHPC,522,529,500,503,174012,89035117.7
2026-04-06,SHPC,500,531,495.2,527,130048,67772742.3
2026-04-07,SHPC,528,535.8,515,516.2,67923,35514997.2
2026-04-08,SHPC,524,530,521,530,63866,33591132.4
2026-04-09,SHPC,536.9,538.9,525.1,536.2,48699,26042420.1
2026-04-10,SHPC,535,539,525.6,530,47536,25187129.4
2026-04-13,SHPC,530,533.8,523.7,528.9,81688,43141081.9
2026-04-15,SHPC,535,542.5,529,534.1,88471,47517005.3
2026-04-16,SHPC,532,533,527.6,529,47712,25256047.6
2026-04-17,SHPC,520.1,530,520,521.1,81129,42456702.3
2026-04-20,SHPC,547.1,547.1,520,522,43512,22767514.1
2026-04-21,SHPC,531,531,517.7,518,63633,33192306.1
2026-04-22,SHPC,518.1,530,513,521,56554,29354900.8
2026-04-23,SHPC,525,530,516,520,37417,19475709.7
2026-04-24,SHPC,530,530,515,520,55125,28551125.2
2026-04-27,SHPC,520,529.4,518,520,24817,12902793.6
2026-04-28,SHPC,546,546,515,517,39318,20340712.3
2026-04-29,SHPC,517,519,512.5,515,12212,6288769.6
2026-04-30,SHPC,513,514.9,506.1,512.3,33375,17051650.6
2026-05-04,SHPC,486.7,519.9,486.7,508,17266,8822735.7
2026-05-05,SHPC,482.6,514.8,482.6,512.8,18382,9367210.1
2026-05-06,SHPC,516,516,508.1,510,23400,11958307.8
2026-05-07,SHPC,515,515,508.5,514,27649,14167960.5
2026-05-08,SHPC,518,519.9,514,519.9,20312,10500764.6
2026-05-11,SHPC,530,530,520,526.9,51359,26891213.6
2026-05-12,SHPC,553.2,553.2,515.1,516,43771,22706788.2
2026-05-13,SHPC,521,521,512,517.5,27418,14202210.7
2026-05-14,SHPC,518,521,515.1,520,44318,23024582.8
2026-05-15,SHPC,520,522,516.1,518,26540,13741442.2
2026-05-18,SHPC,527,527,516,516.2,29875,15455078.7
2026-05-19,SHPC,527,542,511,516,65813,34513294.9
2026-05-20,SHPC,516,525,516,520.2,46313,24131856.8
2026-05-21,SHPC,525,525,515,521,61240,31782589.7
2026-05-22,SHPC,521,528,517,521.7,31310,16275288.4
2026-05-25,SHPC,533,533,521,524,61857,32493595.3
2026-05-26,SHPC,524.2,528.9,522.3,525,33398,17471703.5
2026-05-27,SHPC,514.5,555,514.5,528.7,76745,41094888.2
2026-06-01,SHPC,521.1,528,515,517.2,40799,21222361.5
2026-06-02,SHPC,517.6,525,517.1,523,29273,15279350.5
2026-06-03,SHPC,528.8,528.8,518,519.4,41982,21890493.5
2026-06-04,SHPC,518,524,515.7,515.9,28370,14685190.8
2026-06-05,SHPC,524.5,524.5,515.6,516,27399,14165961.7
2026-06-08,SHPC,515.6,518,513.6,514,38259,19724562.5
2026-06-09,SHPC,511.2,515,507.3,514,41944,21395917.6
2026-06-10,SHPC,510,520,509,515.9,26573,13715834.9
2026-06-11,SHPC,490.2,526,490.2,515.9,17936,9209937
2026-06-12,SHPC,512.3,514,508.1,509,70004,35691846.6
2026-06-15,SHPC,534.4,534.4,508,509.7,23568,12014136
2026-06-16,SHPC,506,510,505,505.5,42995,21795125.5
2026-06-17,SHPC,509,509,504,504.4,40534,20525301.5
2026-06-18,SHPC,505.4,509,503,503.8,26480,13356772.1
2026-06-19,SHPC,505.1,508,503,508,34672,17478212.9
2026-06-22,SHPC,504,508,503.6,504.5,7962,4016387.6
2026-06-23,SHPC,505,511.3,501,502,31825,15974941.4
2026-06-24,SHPC,527,527,491,495.3,29751,14767606.3
2026-06-25,SHPC,500,500,493,495,32322,16068080.7
2026-06-26,SHPC,506.9,509.8,493,495.9,24737,12257426.6
2026-06-29,SHPC,495,499,489,491.2,28983,14240491.2
2026-06-30,SHPC,490,503,484.2,485,52274,25473327.4
2026-07-01,SHPC,486,500,486,496.8,17449,8615134.6
2026-07-02,SHPC,502,502.9,493.1,495,16601,8217876.3
2026-07-03,SHPC,493,504,493,495,26410,13081566.7
2026-07-06,SHPC,505,505,493.9,494.1,18504,9176898.7
2026-07-07,SHPC,499.9,499.9,493.6,493.6,73448,36364934.2
2026-07-08,SHPC,492.6,494,490,492.9,19830,9735292.7
2026-07-09,SHPC,491,498,488,489,35609,17506788
2026-07-10,SHPC,497,497,485,490,40738,19873805.4
2026-07-13,SHPC,500,500,485,485,29983,14597332
2026-07-14,SHPC,482.1,488,482.1,484.5,25857,12550237.2
2026-07-15,SHPC,495,495,486.2,489,21804,10705558.9
2026-07-16,SHPC,489,492,488,490,44711,21876836.5
2026-07-17,SHPC,499,519.9,492,513,55253,28100089.2
2026-07-20,SHPC,515,523,508.5,522.9,30319,15744981.9
2026-07-21,SHPC,522,528,515,517,26580,13857054.4
2026-07-22,SHPC,517.1,519,509.5,512.6,14476,7439521.65
2026-07-23,SHPC,538,538,507.5,515.9,42994,22519829.7
2026-07-24,SHPC,520,525,512.1,518.6,38788,20124059.1
2026-07-27,SHPC,515,521,509,509,18199,9329178.3
2026-07-28,SHPC,512,514,508,511,12002,6127198.4
2026-07-29,SHPC,507,514,505.3,508,9281,4728395.4
2026-07-30,SHPC,506,510,502,505,22396,11299987.2
2026-07-31,SHPC,500,506,498.1,501,35056,17535443.8
2026-08-03,SHPC,504,508,500.3,503,29198,14666639.5
2026-08-04,SHPC,502.1,508,501.2,502.1,14913,7497100.7
2026-08-05,SHPC,500,505,498,502,21976,10999382.6
2026-08-06,SHPC,501,503,498,499.9,12802,6401656.7
2026-08-07,SHPC,505,505,496.3,498.5,12536,6248058.9
2026-08-10,SHPC,497,499,494,495,22792,11277829
2026-08-11,SHPC,495,500,495,498,32659,16201329.6
2026-08-12,SHPC,498,503.9,493.2,494.9,10919,5403015.7
2026-08-13,SHPC,492,501,492,496,25281,12581583.3
2026-08-14,SHPC,504.9,504.9,494.4,495.1,36520,18103714.4
2026-08-17,SHPC,500,500,492.1,495,17984,8884589.8
2026-08-18,SHPC,492,495,491,492.9,19002,9346254.1
2026-08-19,SHPC,517.5,517.5,489.3,494,49022,24070187
2026-08-20,SHPC,490.1,516,489.2,514,156670,78845936.3
2026-08-21,SHPC,520,537.9,509.8,527.2,348089,184144159.5
2026-08-24,SHPC,528,529.9,514.2,514.2,101396,52554171.8
2026-08-25,SHPC,514,522,510.7,514,69259,35662296.1
2026-08-26,SHPC,510.2,516,495,499,143012,71582928.8
2026-08-27,SHPC,490,505,490,502,54573,27265327.2
2026-08-31,SHPC,498,500,492.2,495,50020,24761595.6
2026-09-01,SHPC,494.5,500.6,489,497.9,85509,42176938.8
2026-09-02,SHPC,498,506.5,498,504.9,58027,29112319.1
2026-09-03,SHPC,505,509,501,505.2,68850,34776590.6
2026-09-07,SHPC,500.2,512,500.2,509.8,63930,32415928.7
2026-09-09,SHPC,506,515.5,506,513,78918,40462230.3
2026-09-10,SHPC,510,513.5,506.2,512.3,75978,38728552.9
2026-09-11,SHPC,512.3,517.8,510.2,517.7,58697,30173953.3
2026-09-14,SHPC,518,523.4,516.6,522,76689,39916594.5
2026-09-15,SHPC,548,548,520,531,146109,77326974.1
2026-09-16,SHPC,529,531,524,525,82648,43577923.2
2026-09-17,SHPC,530,532.8,526.6,531,93545,49474618.1
2026-09-18,SHPC,528.8,541,525.2,536.9,77423,41532876.4
2026-09-22,SHPC,563.7,563.7,526,538,125757,67373708.5
2026-09-23,SHPC,539,539,528,529.9,153981,81850447.2
2026-09-24,SHPC,528,535,526.6,534.5,63414,33521120.8
2026-09-28,SHPC,555,555,527.2,529.8,121574,64519886.3
2026-09-29,SHPC,532,534,527.3,530.9,63246,33485047.4
2026-09-30,SHPC,520,531,507,529.6,254452,133202522.5
2026-10-01,SHPC,531,533.9,525.8,531,40120,21205484.5
2026-10-02,SHPC,531.9,534,528.3,529,72986,38739816.8
2026-10-05,SHPC,525,530,522.1,525,65551,34341727.9
2026-10-06,SHPC,525,530.5,522,530,53986,28527664.2
2026-10-07,SHPC,523,528.9,523,527,17861,9404243.3
2026-10-08,SHPC,525.1,529.5,525.1,526,22685,11926529.2
2026-10-09,SHPC,528.7,529,524.1,526,48387,25463886.3
