date,symbol,open,high,low,close,volume,turnover
2011-04-10,SIC,300,301,301,301,132,39732
2011-04-27,SIC,301,307,307,307,60,18420
2011-04-28,SIC,307,307,307,307,86,26402
2011-05-25,SIC,307,301,301,301,20,6020
2011-06-29,SIC,301,300,300,300,36,10800
2011-07-26,SIC,300,294,290,290,300,87400
2011-08-01,SIC,290,290,290,290,22,6380
2011-08-02,SIC,290,295,295,295,22,6490
2011-08-07,SIC,295,300,300,300,46,13800
2011-08-09,SIC,300,300,300,300,45,13500
2011-08-10,SIC,300,301,301,301,12,3612
2011-08-11,SIC,301,302,302,302,308,93016
2011-08-18,SIC,302,308,308,308,11,3388
2011-08-25,SIC,308,338,314,338,50,16300
2011-09-01,SIC,338,346,333,346,1416,477347
2011-09-04,SIC,346,380,352,374,501,185990
2011-09-05,SIC,374,374,360,360,315,115052
2011-09-07,SIC,360,353,353,353,100,35300
2011-09-08,SIC,353,357,350,357,140,49700
2011-09-13,SIC,357,350,343,350,532,185608
2011-09-14,SIC,350,350,345,345,264,92205
2011-09-15,SIC,345,345,339,345,120,41040
2011-09-18,SIC,345,339,339,339,1186,402054
2011-09-19,SIC,339,345,345,345,22,7590
2011-09-20,SIC,345,351,345,345,101,34977
2011-09-21,SIC,345,345,344,344,137,47150
2011-10-17,SIC,344,350,344,345,135,46638
2011-10-19,SIC,345,346,346,346,75,25950
2011-10-31,SIC,346,352,352,352,18,6336
2011-11-02,SIC,352,359,359,359,107,38413
2011-11-03,SIC,359,366,365,366,54,19754
2011-11-06,SIC,366,373,373,373,15,5595
2011-11-13,SIC,373,375,375,375,60,22500
2011-11-15,SIC,375,374,368,368,298,110096
2011-11-17,SIC,368,373,368,373,74,27407
2011-12-04,SIC,373,366,366,366,37,13542
2011-12-18,SIC,366,359,359,359,300,107700
2011-12-21,SIC,359,358,358,358,30,10740
2011-12-29,SIC,358,351,351,351,152,53352
2012-01-02,SIC,351,344,340,340,59,20148
2012-01-03,SIC,340,346,346,346,63,21798
2012-01-05,SIC,346,343,343,343,22,7546
2012-01-08,SIC,343,344,344,344,18,6192
2012-01-11,SIC,344,350,350,350,15,5250
2012-01-18,SIC,350,350,350,350,107,37450
2012-01-26,SIC,350,350,350,350,39,13650
2012-02-05,SIC,350,350,350,350,107,37450
2012-02-06,SIC,350,350,350,350,125,43750
2012-02-09,SIC,350,350,345,345,209,72600
2012-02-12,SIC,345,340,340,340,126,42840
2012-02-16,SIC,340,340,340,340,240,81600
2012-02-21,SIC,340,340,334,334,220,74080
2012-02-26,SIC,334,328,328,328,66,21648
2012-03-13,SIC,328,330,326,326,214,70444
2012-03-14,SIC,326,320,320,320,60,19200
2012-03-20,SIC,320,314,314,314,810,254340
2012-04-04,SIC,314,308,308,308,939,289212
2012-04-05,SIC,308,308,308,308,899,276892
2012-04-15,SIC,308,314,314,314,792,248688
2012-04-19,SIC,314,308,302,306,888,268420
2012-04-26,SIC,306,300,300,300,200,60000
2012-04-29,SIC,300,300,300,300,11,3300
2012-05-30,SIC,300,306,306,306,172,52632
2012-06-03,SIC,306,312,312,312,10,3120
2012-06-04,SIC,312,318,318,318,64,20352
2012-06-05,SIC,318,336,324,336,30,9900
2012-06-06,SIC,336,361,342,361,400,140500
2012-06-07,SIC,361,365,363,365,206,75104
2012-06-10,SIC,365,362,350,350,1466,529449
2012-06-11,SIC,350,343,343,343,10,3430
2012-06-12,SIC,343,340,340,340,93,31620
2012-06-13,SIC,340,334,334,334,51,17034
2012-06-17,SIC,334,331,330,331,44,14542
2012-06-18,SIC,331,325,325,325,23,7475
2012-06-19,SIC,325,337,331,337,178,59302
2012-06-20,SIC,337,343,343,343,60,20580
2012-06-27,SIC,343,337,337,337,80,26960
2012-07-04,SIC,337,335,335,335,60,20100
2012-07-08,SIC,335,335,335,335,20,6700
2012-07-09,SIC,335,347,341,347,158,54478
2012-07-19,SIC,347,353,353,353,10,3530
2012-07-26,SIC,353,355,355,355,466,165430
2012-07-30,SIC,355,390,362,390,86,32696
2012-07-31,SIC,390,397,397,397,10,3970
2012-08-07,SIC,397,420,404,420,49,20180
2012-08-12,SIC,420,419,419,419,192,80448
2012-08-26,SIC,419,460,427,460,109,47937
2012-08-27,SIC,460,505,469,505,50,24350
2012-08-28,SIC,505,555,515,555,65,35075
2012-08-29,SIC,555,610,566,610,316,191143
2012-08-30,SIC,610,671,622,622,1233,800297
2012-09-02,SIC,622,610,595,605,426,256750
2012-09-03,SIC,605,600,593,600,75,44859
2012-09-04,SIC,600,600,588,595,1114,658321
2012-09-05,SIC,595,584,584,584,200,116800
2012-09-06,SIC,584,584,573,584,162,94179
2012-09-10,SIC,584,610,585,610,360,216455
2012-09-11,SIC,610,600,600,600,80,48000
2012-09-12,SIC,600,615,600,615,137,83485
2012-09-13,SIC,615,613,602,602,125,75785
2012-09-16,SIC,602,620,610,620,908,558278
2012-09-17,SIC,620,625,615,620,97,60182
2012-09-18,SIC,620,635,621,635,262,164798
2012-09-19,SIC,635,636,635,635,55,34940
2012-09-20,SIC,635,636,635,635,74,47005
2012-09-23,SIC,635,647,642,642,426,273992
2012-09-24,SIC,642,630,630,630,103,64890
2012-09-25,SIC,630,625,625,625,126,78750
2012-09-26,SIC,625,652,636,640,322,206133
2012-09-30,SIC,650,650,645,650,509,329632
2012-10-01,SIC,650,650,645,645,220,142300
2012-10-02,SIC,645,650,645,645,138,89650
2012-10-03,SIC,645,669,640,669,929,608426
2012-10-04,SIC,669,669,662,669,562,372310
2012-10-07,SIC,669,661,660,660,72,47535
2012-10-08,SIC,660,665,652,665,453,299033
2012-10-09,SIC,665,654,653,654,150,98075
2012-10-10,SIC,654,652,641,652,141,91426
2012-10-11,SIC,652,682,665,682,199,135002
2012-10-14,SIC,682,685,672,685,507,344387
2012-10-15,SIC,685,680,680,680,19,12920
2012-10-17,SIC,680,692,690,692,215,148720
2012-10-18,SIC,692,704,704,704,40,28160
2012-11-04,SIC,704,690,680,680,119,81120
2012-11-05,SIC,680,690,680,682,917,625610
2012-11-06,SIC,682,700,695,700,418,292335
2012-11-07,SIC,700,700,682,700,160,111050
2012-11-08,SIC,700,690,690,690,117,80730
2012-11-11,SIC,690,696,690,696,309,213929
2012-11-12,SIC,696,700,695,695,215,149725
2012-11-18,SIC,695,705,700,705,76,53400
2012-11-20,SIC,705,733,707,733,431,313275
2012-11-21,SIC,733,745,745,745,108,80460
2012-11-22,SIC,745,751,735,751,173,128539
2012-11-25,SIC,751,750,745,750,125,93485
2012-11-26,SIC,750,760,760,760,60,45600
2012-11-27,SIC,760,745,740,740,78,57930
2012-11-28,SIC,740,731,727,727,126,91888
2012-11-29,SIC,727,713,686,700,471,325171
2012-12-02,SIC,700,700,690,690,189,132050
2012-12-03,SIC,690,677,677,677,69,46713
2012-12-04,SIC,677,690,690,690,35,24150
2012-12-05,SIC,690,705,700,703,252,177129
2012-12-06,SIC,703,689,689,689,75,51675
2012-12-09,SIC,689,676,676,676,10,6760
2012-12-11,SIC,676,689,689,689,10,6890
2012-12-13,SIC,689,729,702,729,158,114198
2012-12-16,SIC,729,724,715,724,191,137159
2012-12-17,SIC,724,738,730,730,241,176530
2012-12-19,SIC,730,716,716,716,25,17900
2012-12-20,SIC,716,703,702,702,141,99024
2012-12-23,SIC,702,715,715,715,50,35750
2012-12-24,SIC,715,710,710,710,14,9940
2012-12-27,SIC,710,724,712,724,48,34296
2012-12-31,SIC,724,762,734,762,456,340178
2013-01-01,SIC,762,748,747,748,90,67245
2013-01-02,SIC,748,734,720,734,169,123318
2013-01-03,SIC,734,720,720,720,25,18000
2013-01-06,SIC,720,755,720,755,238,177363
2013-01-07,SIC,755,805,765,785,600,477982
2013-01-08,SIC,785,800,785,800,256,204485
2013-01-09,SIC,800,827,810,827,154,125381
2013-01-10,SIC,827,812,790,790,144,115012
2013-01-13,SIC,790,845,805,845,696,580686
2013-01-15,SIC,845,845,829,845,60,50460
2013-01-16,SIC,845,840,825,825,247,204900
2013-01-17,SIC,825,810,794,794,80,64381
2013-01-20,SIC,794,800,784,784,107,84391
2013-01-21,SIC,784,799,799,799,25,19975
2013-01-22,SIC,799,800,800,800,99,79200
2013-01-23,SIC,800,805,800,800,148,118645
2013-01-27,SIC,800,800,800,800,90,72000
2013-01-28,SIC,800,798,783,783,74,58677
2013-01-30,SIC,783,790,772,775,520,407505
2013-01-31,SIC,775,760,760,760,35,26600
2013-02-03,SIC,760,785,770,785,305,235225
2013-02-05,SIC,785,795,793,795,141,111900
2013-02-06,SIC,795,795,795,795,29,23055
2013-02-07,SIC,795,795,780,795,74,58455
2013-02-10,SIC,795,800,795,800,169,134977
2013-02-12,SIC,800,850,816,850,146,122084
2013-02-13,SIC,850,870,835,870,332,285270
2013-02-14,SIC,870,917,885,917,132,118624
2013-02-17,SIC,917,936,935,936,252,235814
2013-02-19,SIC,936,1028,940,1028,611,600700
2013-02-20,SIC,1028,1028,1000,1015,579,586484
2013-02-21,SIC,1015,1020,1010,1016,897,913293
2013-02-24,SIC,1016,1010,980,995,366,363028
2013-02-25,SIC,995,1015,996,1015,217,217319
2013-02-26,SIC,1015,1010,1000,1010,169,170130
2013-02-27,SIC,1010,1008,1000,1008,115,115200
2013-02-28,SIC,1008,1020,995,1020,534,537068
2013-03-04,SIC,1020,1020,995,995,635,639475
2013-03-05,SIC,995,1005,990,1000,497,495865
2013-03-06,SIC,1000,1005,1000,1000,381,381125
2013-03-07,SIC,1000,1020,1000,1020,193,193720
2013-03-11,SIC,1020,1010,1010,1010,53,53530
2013-03-13,SIC,1010,1030,1015,1015,84,85685
2013-03-17,SIC,1015,1040,1005,1030,284,288940
2013-03-18,SIC,1030,1030,1020,1025,555,568565
2013-03-19,SIC,1025,1025,1000,1000,223,224654
2013-03-20,SIC,1000,1040,1020,1040,188,193980
2013-03-21,SIC,1040,1060,1039,1039,916,956209
2013-03-24,SIC,1039,1059,1008,1008,2294,2339111
2013-03-25,SIC,1008,1028,970,1028,2005,1966286
2013-03-27,SIC,1028,1025,1008,1025,57,57796
2013-03-28,SIC,1025,1010,1005,1005,64,64445
2013-03-31,SIC,1005,1015,1005,1010,366,370440
2013-04-01,SIC,1010,1010,1010,1010,60,60600
2013-04-02,SIC,1010,1030,1010,1030,561,571554
2013-04-03,SIC,1030,1011,1011,1011,25,25275
2013-04-04,SIC,1011,1011,1005,1005,150,150933
2013-04-07,SIC,1005,1019,1005,1019,501,507629
2013-04-08,SIC,1019,1030,1001,1003,648,654151
2013-04-09,SIC,1003,1020,1000,1010,289,290875
2013-04-11,SIC,1010,1030,1011,1030,173,176520
2013-04-16,SIC,1030,1025,1025,1025,18,18450
2013-04-17,SIC,1025,1070,1031,1035,303,316947
2013-04-18,SIC,1035,1065,1030,1065,67,69600
2013-04-21,SIC,1065,1065,1044,1044,137,145015
2013-04-22,SIC,1044,1035,992,992,448,457389
2013-04-23,SIC,992,1011,1011,1011,175,176925
2013-04-25,SIC,1011,1011,1001,1001,120,120400
2013-04-28,SIC,1001,1000,991,995,156,154895
2013-04-29,SIC,995,1010,1000,1010,370,373175
2013-04-30,SIC,1010,1000,1000,1000,401,401000
2013-05-02,SIC,1000,1000,1000,1000,219,219000
2013-05-06,SIC,1000,990,980,980,475,466250
2013-05-07,SIC,980,998,998,998,49,48902
2013-05-08,SIC,998,997,990,990,197,195555
2013-05-09,SIC,990,975,975,975,58,56550
2013-05-12,SIC,975,975,970,975,1017,989990
2013-05-13,SIC,975,1035,990,1035,782,798695
2013-05-14,SIC,1035,1055,1020,1040,1222,1269140
2013-05-15,SIC,1040,1061,1050,1060,195,206495
2013-05-16,SIC,1060,1081,1051,1081,196,210635
2013-05-19,SIC,1081,1068,1061,1068,87,92657
2013-05-20,SIC,1068,1094,1085,1090,884,961756
2013-05-21,SIC,1090,1091,1070,1091,220,236535
2013-05-22,SIC,1091,1123,1100,1123,672,740975
2013-05-23,SIC,1123,1190,1144,1190,517,601943
2013-05-26,SIC,1190,1309,1213,1309,490,630695
2013-05-27,SIC,1309,1420,1311,1420,1333,1853583
2013-05-28,SIC,1420,1410,1349,1350,1385,1888133
2013-05-30,SIC,1350,1405,1375,1400,971,1356918
2013-06-02,SIC,1400,1540,1428,1499,2064,3061071
2013-06-03,SIC,1499,1470,1441,1450,148,214455
2013-06-04,SIC,1450,1500,1305,1305,1586,2203635
2013-06-05,SIC,1305,1325,1181,1181,2151,2633663
2013-06-06,SIC,1181,1183,1130,1160,765,877479
2013-06-09,SIC,1160,1190,1050,1060,19433,20569148
2013-06-10,SIC,1060,1166,1081,1166,3629,4173839
2013-06-11,SIC,1166,1259,1189,1220,2216,2706469
2013-06-12,SIC,1220,1210,1180,1200,2544,3042985
2013-06-13,SIC,1200,1224,1129,1165,5652,6519906
2013-06-19,SIC,1165,575,572,575,232,132998
2013-06-20,SIC,575,620,586,620,80,48190
2013-06-23,SIC,620,620,620,620,50,31000
2013-06-27,SIC,620,610,610,610,23,14030
2013-07-02,SIC,610,598,570,570,147,85009
2013-07-03,SIC,570,581,570,581,237,136303
2013-07-08,SIC,581,581,581,581,20,11620
2013-07-09,SIC,581,580,580,580,48,27840
2013-07-10,SIC,580,580,580,580,25,14500
2013-07-11,SIC,580,591,591,591,10,5910
2013-07-16,SIC,591,614,602,614,70,42380
2013-07-17,SIC,614,614,605,605,402,243755
2013-07-21,SIC,605,617,617,617,25,15425
2013-07-22,SIC,617,620,620,620,500,310000
2013-07-23,SIC,620,682,632,682,174,114068
2013-07-24,SIC,682,750,695,750,309,229968
2013-07-25,SIC,750,825,750,765,1002,783550
2013-07-28,SIC,765,840,765,808,1549,1212692
2013-07-29,SIC,808,815,799,800,663,534279
2013-07-30,SIC,800,800,785,800,585,460500
2013-07-31,SIC,800,815,792,792,336,271590
2013-08-01,SIC,792,785,777,785,277,215663
2013-08-04,SIC,785,771,716,716,643,483941
2013-08-05,SIC,716,739,725,739,163,118315
2013-08-06,SIC,739,755,725,755,601,448863
2013-08-07,SIC,755,755,750,755,417,314579
2013-08-08,SIC,755,765,760,764,354,270252
2013-08-12,SIC,764,780,765,780,232,179355
2013-08-13,SIC,780,795,785,790,184,145270
2013-08-14,SIC,790,800,770,780,821,637860
2013-08-15,SIC,780,795,785,795,836,660140
2013-08-18,SIC,795,851,785,851,11400,9007526
2013-08-19,SIC,851,850,817,840,466,390544
2013-08-20,SIC,840,840,815,815,816,677733
2013-08-25,SIC,815,830,814,814,148,122680
2013-08-26,SIC,814,830,820,820,74,60930
2013-08-27,SIC,820,820,818,818,228,186727
2013-08-29,SIC,818,815,810,815,138,112225
2013-09-01,SIC,815,805,799,801,1423,1139053
2013-09-02,SIC,801,805,789,804,933,739855
2013-09-03,SIC,804,790,775,790,298,232372
2013-09-04,SIC,790,775,775,775,124,96100
2013-09-08,SIC,775,780,760,780,843,655840
2013-09-09,SIC,780,778,765,778,519,397282
2013-09-10,SIC,778,763,720,735,849,628852
2013-09-11,SIC,735,730,720,728,641,463280
2013-09-15,SIC,728,728,715,728,400,286724
2013-09-16,SIC,728,730,720,730,275,199401
2013-09-17,SIC,730,759,741,752,1220,907182
2013-09-19,SIC,752,800,752,795,1434,1133647
2013-09-22,SIC,795,800,781,782,1354,1070350
2013-09-23,SIC,782,770,758,770,854,657007
2013-09-24,SIC,770,770,754,767,1497,1131920
2013-09-25,SIC,767,767,752,755,679,514354
2013-09-26,SIC,755,780,765,780,1458,1121016
2013-09-29,SIC,780,790,780,790,253,199620
2013-09-30,SIC,790,795,790,791,2078,1651634
2013-10-01,SIC,791,791,780,791,83,65191
2013-10-02,SIC,791,787,772,784,332,258881
2013-10-03,SIC,784,780,770,770,93,71857
2013-10-07,SIC,770,775,760,775,335,258725
2013-10-08,SIC,775,800,785,795,474,375520
2013-10-09,SIC,795,795,795,795,298,236910
2013-10-10,SIC,795,805,790,805,1257,998415
2013-10-20,SIC,805,810,810,810,102,82620
2013-10-21,SIC,810,802,800,802,217,173650
2013-10-22,SIC,802,810,810,810,200,162000
2013-10-23,SIC,810,800,790,800,748,597820
2013-10-24,SIC,800,800,790,790,576,459674
2013-10-28,SIC,790,780,780,780,1000,780000
2013-10-29,SIC,780,791,780,790,2590,2026727
2013-10-30,SIC,790,788,785,785,1638,1287544
2013-10-31,SIC,785,795,780,795,712,563814
2013-11-06,SIC,795,806,796,796,469,376771
2013-11-07,SIC,796,804,790,800,358,286384
2013-11-10,SIC,800,800,796,796,196,156416
2013-11-11,SIC,796,808,800,801,410,328440
2013-11-12,SIC,801,820,799,820,1640,1324591
2013-11-13,SIC,820,840,820,835,1296,1079571
2013-11-14,SIC,835,840,820,830,3903,3210563
2013-11-21,SIC,830,856,840,856,119,100280
2013-11-24,SIC,856,918,873,900,356,320458
2013-11-25,SIC,900,901,885,901,547,488963
2013-11-26,SIC,901,946,910,928,327,300738
2013-11-27,SIC,928,928,900,900,1612,1470224
2013-11-28,SIC,900,890,863,863,590,512601
2013-12-01,SIC,863,946,880,930,1778,1620688
2013-12-02,SIC,930,950,930,945,1371,1293300
2013-12-03,SIC,945,1000,945,1000,5772,5609458
2013-12-04,SIC,1000,1100,1020,1100,2888,3086493
2013-12-05,SIC,1100,1173,1122,1173,4396,5041965
2013-12-08,SIC,1173,1150,1100,1144,408,454283
2013-12-09,SIC,1144,1141,1078,1141,462,511312
2013-12-10,SIC,1141,1119,1076,1076,276,300277
2013-12-11,SIC,1076,1055,1055,1055,45,47475
2013-12-12,SIC,1055,1034,990,1000,1070,1070740
2013-12-15,SIC,1000,1012,995,1005,3227,3223059
2013-12-16,SIC,1005,1025,1006,1006,699,704694
2013-12-19,SIC,1006,1026,990,1026,8612,8650929
2013-12-22,SIC,1026,1010,980,990,5628,5548010
2013-12-23,SIC,990,1010,990,990,3074,3054330
2013-12-24,SIC,990,1010,980,1000,2147,2142357
2013-12-26,SIC,980,1015,961,961,1809,1777145
2013-12-29,SIC,961,990,980,980,244,241080
2013-12-31,SIC,980,999,970,990,2719,2667441
2014-01-01,SIC,990,990,981,981,449,443785
2014-01-02,SIC,981,981,980,980,710,696360
2014-01-05,SIC,980,989,980,980,1134,1112927
2014-01-06,SIC,980,1020,999,1020,720,723200
2014-01-07,SIC,1020,1030,1010,1012,793,808580
2014-01-08,SIC,1012,1030,1000,1030,110,112500
2014-01-09,SIC,1030,1020,1015,1015,675,687327
2014-01-12,SIC,1015,1060,1020,1060,423,439600
2014-01-13,SIC,1060,1166,1081,1166,1375,1596540
2014-01-14,SIC,1166,1282,1189,1282,4312,5499895
2014-01-16,SIC,1282,1335,1290,1305,2657,3474622
2014-01-19,SIC,1305,1300,1250,1255,815,1026500
2014-01-20,SIC,1255,1250,1200,1200,597,731850
2014-01-21,SIC,1200,1195,1195,1195,98,117110
2014-01-22,SIC,1195,1212,1161,1161,2243,2673724
2014-01-23,SIC,1161,1162,1140,1162,656,748868
2014-01-26,SIC,1162,1173,1150,1173,1222,1418153
2014-01-27,SIC,1173,1174,1171,1171,672,787212
2014-01-28,SIC,1171,1190,1170,1190,328,388340
2014-01-29,SIC,1190,1180,1161,1161,241,281036
2014-02-02,SIC,1161,1160,1150,1151,535,619447
2014-02-03,SIC,1151,1170,1151,1160,275,319559
2014-02-04,SIC,1160,1161,1160,1161,74,85890
2014-02-06,SIC,1171,1200,1190,1200,165,197175
2014-02-09,SIC,1200,1190,1170,1175,491,577790
2014-02-10,SIC,1175,1198,1190,1190,670,801300
2014-02-11,SIC,1190,1170,1165,1165,640,746600
2014-02-12,SIC,1165,1165,1145,1150,538,620167
2014-02-13,SIC,1150,1150,1116,1150,1180,1328640
2014-02-16,SIC,1150,1190,1127,1180,2908,3407961
2014-02-17,SIC,1180,1240,1175,1240,5490,6613204
2014-02-18,SIC,1240,1345,1245,1319,1847,2334125
2014-02-20,SIC,1319,1371,1282,1305,2120,2821693
2014-02-23,SIC,1305,1320,1300,1305,1285,1672990
2014-02-24,SIC,1305,1320,1290,1305,763,990895
2014-02-25,SIC,1305,1300,1280,1300,317,409312
2014-02-26,SIC,1300,1300,1274,1300,796,1020940
2014-03-04,SIC,1300,1274,1220,1220,359,441670
2014-03-05,SIC,1220,1227,1225,1225,178,218106
2014-03-06,SIC,1225,1230,1210,1210,315,385610
2014-03-09,SIC,1210,1190,1175,1175,174,204900
2014-03-10,SIC,1175,1196,1190,1196,133,158804
2014-03-11,SIC,1196,1190,1180,1190,278,329270
2014-03-12,SIC,1190,1190,1180,1186,686,815170
2014-03-17,SIC,1200,1176,1176,1176,95,111720
2014-03-18,SIC,1176,1176,1160,1160,116,136000
2014-03-19,SIC,1160,1151,1150,1150,122,140332
2014-03-20,SIC,1150,1165,1150,1152,805,929480
2014-03-23,SIC,1152,1175,1168,1168,139,162982
2014-03-24,SIC,1168,1214,1188,1214,574,684206
2014-03-25,SIC,1214,1200,1190,1200,391,468000
2014-03-26,SIC,1200,1178,1178,1178,30,35340
2014-03-27,SIC,1178,1190,1180,1190,200,236370
2014-03-31,SIC,1190,1258,1210,1258,272,337130
2014-04-01,SIC,1258,1275,1260,1260,1227,1557080
2014-04-02,SIC,1260,1285,1263,1263,664,845935
2014-04-03,SIC,1263,1260,1240,1260,256,319170
2014-04-06,SIC,1260,1270,1226,1226,360,450568
2014-04-07,SIC,1226,1226,1202,1225,548,670854
2014-04-09,SIC,1225,1213,1212,1212,149,180716
2014-04-10,SIC,1212,1210,1190,1210,1072,1283180
2014-04-13,SIC,1210,1240,1215,1220,1492,1826792
2014-04-15,SIC,1220,1225,1224,1225,83,101625
2014-04-16,SIC,1225,1245,1225,1245,703,866440
2014-04-17,SIC,1245,1275,1230,1270,2258,2816780
2014-04-20,SIC,1270,1295,1290,1290,440,567800
2014-04-21,SIC,1290,1300,1290,1298,1507,1952469
2014-04-22,SIC,1298,1300,1290,1290,291,376100
2014-04-23,SIC,1290,1300,1286,1290,1462,1887754
2014-04-27,SIC,1290,1300,1290,1290,1198,1553760
2014-04-28,SIC,1290,1285,1285,1285,99,127215
2014-04-29,SIC,1285,1300,1255,1255,1075,1362649
2014-04-30,SIC,1255,1280,1275,1280,161,205830
2014-05-04,SIC,1280,1298,1290,1298,181,234312
2014-05-05,SIC,1298,1326,1282,1282,1443,1884129
2014-05-06,SIC,1282,1257,1232,1232,193,241151
2014-05-07,SIC,1232,1256,1256,1256,50,62800
2014-05-08,SIC,1256,1251,1226,1226,870,1077190
2014-05-11,SIC,1226,1210,1210,1210,33,39930
2014-05-12,SIC,1210,1234,1210,1234,250,307300
2014-05-13,SIC,1234,1320,1258,1295,4152,5377194
2014-05-15,SIC,1295,1305,1293,1300,1187,1538381
2014-05-18,SIC,1300,1340,1300,1318,1981,2629748
2014-05-19,SIC,1318,1330,1310,1327,657,866408
2014-05-20,SIC,1327,1351,1330,1351,2638,3529350
2014-05-21,SIC,1351,1370,1346,1370,2537,3427986
2014-05-22,SIC,1370,1390,1375,1390,2877,3981800
2014-05-25,SIC,1390,1477,1395,1469,1892,2749540
2014-05-26,SIC,1469,1490,1460,1470,1660,2440795
2014-05-27,SIC,1470,1465,1430,1430,1416,2044534
2014-05-28,SIC,1430,1420,1383,1399,1389,1933159
2014-06-01,SIC,1399,1398,1372,1380,1116,1537825
2014-06-02,SIC,1380,1395,1370,1382,1265,1741763
2014-06-03,SIC,1382,1375,1335,1371,3180,4281215
2014-06-04,SIC,1371,1375,1328,1335,966,1296581
2014-06-05,SIC,1113,1112,1091,1112,146,161302
2014-06-09,SIC,1112,1134,1124,1124,511,576254
2014-06-10,SIC,1124,1120,1120,1120,208,232960
2014-06-11,SIC,1120,1130,1101,1130,605,677460
2014-06-12,SIC,1130,1109,1100,1100,249,274341
2014-06-16,SIC,1100,1120,1120,1120,322,360640
2014-06-17,SIC,1120,1140,1130,1135,718,816630
2014-06-18,SIC,1135,1155,1150,1155,953,1097805
2014-06-19,SIC,1155,1145,1132,1140,240,273450
2014-06-23,SIC,1140,1162,1162,1162,40,46480
2014-06-24,SIC,1162,1183,1150,1183,525,611400
2014-06-25,SIC,1183,1175,1170,1175,339,396880
2014-06-26,SIC,1175,1197,1195,1197,381,455623
2014-06-30,SIC,1197,1200,1177,1180,270,319540
2014-07-01,SIC,1180,1220,1169,1220,8666,10156507
2014-07-02,SIC,1220,1240,1240,1240,174,215760
2014-07-03,SIC,1240,1300,1250,1275,317,404750
2014-07-06,SIC,1275,1300,1235,1300,615,779750
2014-07-07,SIC,1300,1352,1324,1352,505,671072
2014-07-08,SIC,1352,1370,1345,1350,1126,1526430
2014-07-09,SIC,1350,1352,1352,1352,66,89232
2014-07-10,SIC,1352,1326,1326,1326,20,26520
2014-07-13,SIC,1326,1300,1300,1300,25,32500
2014-07-14,SIC,1300,1275,1275,1275,79,100725
2014-07-15,SIC,1275,1255,1230,1250,874,1090899
2014-07-16,SIC,1250,1260,1250,1260,714,894020
2014-07-17,SIC,1260,1280,1250,1250,763,962225
2014-07-21,SIC,1250,1352,1275,1310,1269,1671002
2014-07-22,SIC,1310,1310,1286,1286,318,412632
2014-07-23,SIC,1286,1299,1268,1275,1016,1306770
2014-07-24,SIC,1275,1320,1295,1309,1894,2471039
2014-07-27,SIC,1309,1325,1305,1305,360,472800
2014-07-28,SIC,1305,1330,1330,1330,100,133000
2014-07-30,SIC,1330,1310,1280,1282,875,1130648
2014-07-31,SIC,1282,1285,1265,1265,1208,1536670
2014-08-03,SIC,1265,1285,1260,1270,986,1255150
2014-08-04,SIC,1270,1275,1250,1250,366,461890
2014-08-05,SIC,1250,1240,1230,1240,344,425320
2014-08-06,SIC,1240,1225,1225,1225,268,328300
2014-08-07,SIC,1225,1240,1206,1240,241,293424
2014-08-12,SIC,1240,1250,1245,1250,439,548250
2014-08-13,SIC,1250,1245,1230,1235,472,582430
2014-08-14,SIC,1235,1235,1235,1235,1060,1309100
2014-08-18,SIC,1235,1270,1259,1270,134,169630
2014-08-19,SIC,1270,1280,1247,1247,1457,1836470
2014-08-20,SIC,1247,1235,1225,1225,174,214465
2014-08-21,SIC,1225,1210,1200,1210,392,471556
2014-08-26,SIC,1210,1190,1190,1190,50,59500
2014-08-27,SIC,1190,1200,1180,1200,70,83580
2014-08-28,SIC,1200,1201,1200,1201,219,262999
2014-08-31,SIC,1201,1200,1200,1200,200,240000
2014-09-01,SIC,1200,1180,1140,1140,97,111475
2014-09-03,SIC,1140,1170,1140,1150,1691,1956777
2014-09-04,SIC,1150,1127,1125,1127,248,279294
2014-09-07,SIC,1127,1120,1083,1083,343,378785
2014-09-09,SIC,1083,1083,1040,1040,1106,1163736
2014-09-10,SIC,1040,1085,1060,1085,328,349430
2014-09-15,SIC,1085,1070,1070,1070,145,155150
2014-09-16,SIC,1070,1060,1049,1051,594,625744
2014-09-22,SIC,1051,1055,1055,1055,35,36925
2014-09-23,SIC,1055,1060,1060,1060,150,159000
2014-09-24,SIC,1060,1081,1060,1081,262,282475
2014-09-28,SIC,1081,1102,1100,1100,601,661300
2014-09-29,SIC,1100,1126,1122,1126,238,267596
2014-10-09,SIC,1126,1150,1130,1140,430,488400
2014-10-12,SIC,1140,1183,1160,1160,141,163820
2014-10-13,SIC,1160,1137,1115,1137,482,542430
2014-10-14,SIC,1137,1150,1150,1150,40,46000
2014-10-15,SIC,1150,1165,1160,1164,1917,2227244
2014-10-16,SIC,1164,1141,1140,1140,564,643024
2014-10-20,SIC,1140,1179,1160,1179,1256,1462683
2014-10-21,SIC,1179,1200,1176,1191,1646,1953659
2014-10-22,SIC,1191,1215,1190,1215,1435,1719179
2014-10-26,SIC,1215,1265,1230,1255,1617,2006386
2014-10-27,SIC,1255,1300,1280,1300,382,495278
2014-10-28,SIC,1300,1295,1275,1280,402,515968
2014-10-30,SIC,1280,1289,1289,1289,198,255222
2014-11-02,SIC,1289,1270,1270,1270,93,118110
2014-11-03,SIC,1270,1246,1221,1221,187,230465
2014-11-04,SIC,1221,1224,1191,1191,591,711875
2014-11-05,SIC,1191,1224,1201,1224,430,518554
2014-11-09,SIC,1224,1200,1200,1200,44,52800
2014-11-10,SIC,1200,1200,1176,1176,180,213120
2014-11-11,SIC,1176,1160,1137,1155,1324,1529240
2014-11-12,SIC,1155,1178,1178,1178,300,353400
2014-11-13,SIC,1178,1160,1140,1159,664,765452
2014-11-16,SIC,1159,1160,1160,1160,100,116000
2014-11-17,SIC,1160,1137,1137,1137,216,245592
2014-11-18,SIC,1137,1130,1120,1130,200,224750
2014-11-19,SIC,1130,1110,1110,1110,200,222000
2014-11-20,SIC,1110,1155,1132,1155,374,430053
2014-11-23,SIC,1155,1178,1178,1178,198,233244
2014-11-24,SIC,1178,1185,1166,1166,569,667886
2014-11-25,SIC,1166,1160,1140,1140,394,454840
2014-11-30,SIC,1140,1162,1140,1140,580,667240
2014-12-01,SIC,1140,1118,1118,1118,143,159874
2014-12-02,SIC,1118,1125,1102,1124,543,609628
2014-12-03,SIC,1124,1140,1122,1122,491,553508
2014-12-04,SIC,1122,1144,1140,1144,723,825912
2014-12-07,SIC,1144,1140,1103,1103,525,589005
2014-12-08,SIC,1103,1103,1103,1103,241,265823
2014-12-09,SIC,1103,1100,1100,1100,256,281600
2014-12-11,SIC,1100,1110,1100,1100,280,308660
2014-12-14,SIC,1100,1169,1122,1169,212,239007
2014-12-15,SIC,1169,1170,1170,1170,180,210600
2014-12-16,SIC,1170,1170,1170,1170,293,342810
2014-12-17,SIC,1170,1213,1180,1180,260,307590
2014-12-18,SIC,1180,1170,1170,1170,260,304200
2014-12-24,SIC,1170,1147,1110,1132,526,592392
2014-12-28,SIC,1132,1150,1121,1150,1168,1320882
2014-12-29,SIC,1150,1145,1141,1145,93,106405
2014-12-31,SIC,1145,1150,1130,1150,514,588480
2015-01-01,SIC,1150,1160,1150,1160,167,193146
2015-01-04,SIC,1160,1181,1160,1181,153,178593
2015-01-05,SIC,1181,1205,1185,1185,1487,1776215
2015-01-06,SIC,1185,1202,1180,1190,3309,3930102
2015-01-07,SIC,1190,1200,1190,1190,620,743522
2015-01-08,SIC,1190,1213,1189,1200,2502,2997573
2015-01-11,SIC,1200,1176,1080,1080,1864,2056843
2015-01-12,SIC,1080,1059,1001,1042,3282,3369126
2015-01-13,SIC,1042,1065,1030,1065,2106,2208716
2015-01-14,SIC,1065,1060,1025,1060,550,569760
2015-01-18,SIC,1060,1050,1050,1050,83,87150
2015-01-19,SIC,1050,1071,1050,1060,284,300867
2015-01-20,SIC,1060,1075,1060,1075,1710,1813511
2015-01-22,SIC,1075,1081,1060,1081,256,274867
2015-01-25,SIC,1081,1098,1061,1098,736,790187
2015-01-26,SIC,1098,1077,1077,1077,162,174474
2015-01-27,SIC,1077,1080,1080,1080,425,459000
2015-01-28,SIC,1080,1090,1078,1090,1256,1359958
2015-01-29,SIC,1090,1086,1078,1080,1164,1257678
2015-02-01,SIC,1080,1110,1100,1103,2973,3271173
2015-02-02,SIC,1103,1115,1100,1110,624,691710
2015-02-03,SIC,1110,1100,1095,1095,422,463710
2015-02-05,SIC,1095,1095,1095,1095,661,723795
2015-02-09,SIC,1095,1095,1088,1090,912,994012
2015-02-10,SIC,1090,1089,1084,1089,581,631709
2015-02-11,SIC,1089,1091,1070,1085,2050,2223506
2015-02-12,SIC,1085,1085,1085,1085,97,105245
2015-02-15,SIC,1085,1078,1078,1078,422,454916
2015-02-16,SIC,1078,1075,1061,1061,2025,2157833
2015-02-18,SIC,1061,1060,1060,1060,517,548020
2015-02-22,SIC,1060,1058,1040,1040,2736,2877020
2015-02-23,SIC,1040,1055,1045,1055,1166,1226270
2015-02-24,SIC,1055,1091,1055,1091,1504,1599614
2015-02-25,SIC,1091,1100,1090,1100,1185,1299690
2015-02-26,SIC,1100,1103,1100,1103,120,132060
2015-03-01,SIC,1103,1169,1125,1142,585,668726
2015-03-02,SIC,1142,1133,1131,1132,221,250037
2015-03-04,SIC,1132,1120,1120,1120,298,333760
2015-03-09,SIC,1120,1145,1140,1140,512,584404
2015-03-10,SIC,1140,1118,1118,1118,60,67080
2015-03-11,SIC,1118,1100,1100,1100,49,53900
2015-03-12,SIC,1100,1095,1086,1086,1524,1660673
2015-03-15,SIC,1086,1084,1084,1084,50,54200
2015-03-16,SIC,1084,1070,1070,1070,130,139100
2015-03-17,SIC,1070,1105,1090,1100,323,355150
2015-03-18,SIC,1100,1080,1059,1059,277,297362
2015-03-19,SIC,1059,1080,1080,1080,64,69120
2015-03-25,SIC,1080,1099,1059,1059,765,821714
2015-03-26,SIC,1059,1039,1039,1039,60,62340
2015-03-29,SIC,1039,1040,1020,1040,215,221580
2015-03-30,SIC,1040,1060,1060,1060,10,10600
2015-04-01,SIC,1060,1060,1045,1060,320,337850
2015-04-06,SIC,1060,1065,1060,1065,47,49920
2015-04-09,SIC,1065,1050,1045,1045,2485,2597925
2015-04-12,SIC,1045,1050,1035,1035,69,72000
2015-04-13,SIC,1035,1030,1015,1030,82,83710
2015-04-15,SIC,1030,1030,1030,1030,197,202910
2015-04-19,SIC,1030,1055,1040,1050,946,991135
2015-04-20,SIC,1050,1050,1050,1050,120,126000
2015-04-22,SIC,1050,1060,1040,1060,117,122435
2015-06-29,SIC,1060,1039,954,954,160,156620
2015-06-30,SIC,954,945,908,910,1618,1485768
2015-07-01,SIC,791,801,771,801,201,157331
2015-07-02,SIC,801,785,785,785,42,32970
2015-07-05,SIC,785,770,756,756,282,214424
2015-07-06,SIC,756,742,705,714,779,565820
2015-07-07,SIC,714,728,714,728,275,198272
2015-07-08,SIC,728,718,712,712,1214,868216
2015-07-13,SIC,712,762,720,762,140,102060
2015-07-15,SIC,762,777,762,762,83,63741
2015-07-16,SIC,762,762,750,750,262,197220
2015-07-22,SIC,750,735,721,721,100,72800
2015-07-23,SIC,721,710,707,710,250,177200
2015-07-27,SIC,710,724,724,724,180,130320
2015-07-28,SIC,724,720,720,720,180,129600
2015-07-29,SIC,720,710,706,710,288,204132
2015-07-30,SIC,710,711,709,711,119,84559
2015-08-02,SIC,711,715,715,715,22,15730
2015-08-03,SIC,715,720,701,720,440,311806
2015-08-04,SIC,720,733,720,730,698,505941
2015-08-05,SIC,730,720,717,717,1293,929234
2015-08-06,SIC,717,720,711,720,1782,1278795
2015-08-11,SIC,720,734,734,734,99,72666
2015-08-12,SIC,734,748,748,748,500,374000
2015-08-13,SIC,748,777,755,777,578,443150
2015-08-18,SIC,777,839,792,839,40,32610
2015-08-19,SIC,839,922,855,922,430,394800
2015-08-20,SIC,922,958,940,950,560,534200
2015-08-23,SIC,950,977,960,977,251,241147
2015-08-24,SIC,977,996,996,996,50,49800
2015-08-25,SIC,996,993,993,993,200,198600
2015-08-26,SIC,993,975,975,975,50,48750
2015-08-27,SIC,975,990,985,990,400,395750
2015-08-31,SIC,990,971,971,971,100,97100
2015-09-02,SIC,971,965,936,936,970,928044
2015-09-03,SIC,936,918,900,900,200,181800
2015-09-07,SIC,900,890,882,890,611,539385
2015-09-08,SIC,890,877,874,876,852,746748
2015-09-09,SIC,876,876,876,876,10,8760
2015-09-10,SIC,876,885,885,885,40,35400
2015-09-14,SIC,885,880,870,880,452,394760
2015-09-15,SIC,880,870,870,870,13,11310
2015-09-16,SIC,870,865,860,860,542,466620
2015-09-24,SIC,860,877,877,877,39,34203
2015-09-30,SIC,877,865,865,865,105,90825
2015-10-01,SIC,865,865,865,865,161,139265
2015-10-04,SIC,865,865,865,865,141,121965
2015-10-05,SIC,865,865,865,865,884,764660
2015-10-06,SIC,865,861,860,860,415,357050
2015-10-08,SIC,860,860,860,860,60,51600
2015-10-11,SIC,860,868,868,868,50,43400
2015-10-14,SIC,868,868,867,867,139,120572
2015-10-18,SIC,867,850,840,840,549,461880
2015-10-19,SIC,840,856,850,856,215,183680
2015-11-01,SIC,856,850,839,850,920,776200
2015-11-02,SIC,850,833,817,818,112,92004
2015-11-03,SIC,818,802,790,790,1039,827302
2015-11-04,SIC,790,790,790,790,235,185650
2015-11-05,SIC,790,790,790,790,26,20540
2015-11-09,SIC,790,800,800,800,30,24000
2015-11-16,SIC,800,784,784,784,59,46256
2015-11-18,SIC,784,799,795,799,544,432656
2015-11-25,SIC,799,784,784,784,100,78400
2015-12-02,SIC,784,769,739,739,700,527800
2015-12-03,SIC,739,768,753,768,30,22890
2015-12-06,SIC,768,795,783,795,125,99255
2015-12-07,SIC,795,825,810,810,532,434830
2015-12-09,SIC,810,830,815,820,646,529784
2015-12-13,SIC,820,827,819,827,283,232861
2015-12-15,SIC,827,882,843,882,1083,931665
2015-12-16,SIC,882,890,880,881,738,651596
2015-12-17,SIC,881,880,870,875,961,840136
2015-12-21,SIC,875,871,871,871,99,86229
2015-12-23,SIC,871,880,880,880,69,60720
2015-12-24,SIC,880,943,879,943,808,732028
2015-12-27,SIC,943,950,925,925,880,819000
2015-12-28,SIC,925,918,900,918,519,474609
2015-12-29,SIC,918,906,906,906,20,18120
2015-12-31,SIC,906,996,924,996,2539,2490226
2016-01-03,SIC,996,1095,1015,1095,5291,5756282
2016-01-04,SIC,1095,1122,1075,1075,2179,2389443
2016-01-05,SIC,1075,1065,1040,1040,540,569415
2016-01-06,SIC,1040,1040,1000,1040,1201,1222040
2016-01-07,SIC,1040,1070,1055,1070,273,288765
2016-01-11,SIC,1070,1049,1029,1029,111,116219
2016-01-13,SIC,1029,1009,990,990,187,187372
2016-01-14,SIC,990,971,952,952,709,675424
2016-01-17,SIC,952,955,936,950,1007,951930
2016-01-18,SIC,950,950,940,950,560,527700
2016-01-20,SIC,950,969,950,969,156,150100
2016-01-21,SIC,969,1024,988,1015,825,834271
2016-01-24,SIC,1015,1019,1001,1019,3620,3625780
2016-01-25,SIC,1019,1040,1022,1025,1423,1474880
2016-01-26,SIC,1025,1034,1025,1034,386,397450
2016-01-27,SIC,1034,1021,1014,1014,1310,1333110
2016-01-31,SIC,1014,1005,1002,1005,100,100350
2016-02-01,SIC,1005,1019,1010,1019,155,157495
2016-02-02,SIC,1019,1025,1000,1000,653,655492
2016-02-03,SIC,1000,1020,1020,1020,100,102000
2016-02-04,SIC,1020,1070,990,1070,1427,1466128
2016-02-07,SIC,1070,1112,1079,1110,5963,6522048
2016-02-08,SIC,1110,1164,1120,1135,3394,3875000
2016-02-11,SIC,1135,1142,1113,1120,1851,2075016
2016-02-14,SIC,1120,1115,1101,1114,562,621799
2016-02-15,SIC,1114,1120,1070,1120,1506,1648630
2016-02-16,SIC,1120,1098,1098,1098,39,42822
2016-02-17,SIC,1098,1104,1081,1081,299,323978
2016-02-18,SIC,1081,1189,1085,1170,4407,5108179
2016-02-21,SIC,1170,1251,1193,1229,4455,5497540
2016-02-22,SIC,1229,1253,1228,1228,273,336194
2016-02-23,SIC,1228,1204,1181,1181,651,775740
2016-02-24,SIC,1181,1230,1158,1230,230,271150
2016-02-25,SIC,1230,1206,1182,1182,564,670248
2016-02-28,SIC,1182,1182,1150,1150,494,571737
2016-02-29,SIC,1150,1140,1120,1120,296,333195
2016-03-01,SIC,1120,1120,1099,1120,1888,2087250
2016-03-02,SIC,1120,1227,1142,1200,163,192240
2016-03-03,SIC,1200,1243,1190,1190,1013,1222355
2016-03-06,SIC,1190,1250,1188,1250,4957,6074538
2016-03-10,SIC,1250,1375,1254,1375,7314,9774891
2016-03-13,SIC,1375,1402,1347,1347,171,235787
2016-03-14,SIC,1347,1321,1250,1265,1922,2458100
2016-03-15,SIC,1265,1305,1240,1300,2880,3694025
2016-03-16,SIC,1300,1319,1300,1310,2768,3617756
2016-03-17,SIC,1310,1375,1320,1375,3122,4189973
2016-03-20,SIC,1375,1482,1380,1435,4806,6744518
2016-03-21,SIC,1435,1410,1382,1385,657,916824
2016-03-23,SIC,1385,1385,1358,1360,507,689457
2016-03-24,SIC,1360,1365,1349,1360,1079,1465410
2016-03-27,SIC,1360,1340,1335,1335,200,267500
2016-03-28,SIC,1335,1309,1300,1300,1169,1521700
2016-03-29,SIC,1300,1326,1300,1300,1513,1977357
2016-03-30,SIC,1300,1300,1275,1300,724,939700
2016-03-31,SIC,1300,1300,1274,1300,1404,1810060
2016-04-03,SIC,1300,1275,1251,1251,130,165030
2016-04-04,SIC,1251,1290,1275,1290,420,540070
2016-04-05,SIC,1290,1281,1276,1281,317,405827
2016-04-06,SIC,1281,1303,1271,1303,2607,3370753
2016-04-10,SIC,1303,1281,1260,1260,658,840088
2016-04-11,SIC,1260,1260,1260,1260,107,134820
2016-04-12,SIC,1260,1270,1252,1270,673,849247
2016-04-14,SIC,1270,1280,1260,1260,299,378065
2016-04-17,SIC,1260,1290,1280,1290,112,144360
2016-04-18,SIC,1290,1333,1310,1318,2748,3634167
2016-04-19,SIC,1318,1325,1301,1325,597,784683
2016-04-20,SIC,1325,1322,1315,1315,599,789964
2016-04-21,SIC,1315,1300,1298,1298,243,315854
2016-04-24,SIC,1298,1300,1280,1300,952,1229170
2016-04-25,SIC,1300,1326,1282,1326,1752,2292258
2016-04-26,SIC,1326,1340,1315,1330,768,1019055
2016-04-27,SIC,1330,1333,1307,1333,480,636795
2016-04-28,SIC,1333,1359,1310,1359,740,985790
2016-05-02,SIC,1359,1370,1349,1349,1479,2004040
2016-05-03,SIC,1349,1360,1350,1356,1755,2380080
2016-05-04,SIC,1356,1360,1360,1360,323,439280
2016-05-05,SIC,1360,1380,1370,1370,2302,3158020
2016-05-08,SIC,1370,1361,1350,1350,350,474650
2016-05-09,SIC,1350,1380,1360,1380,469,644575
2016-05-10,SIC,1380,1410,1380,1410,3482,4880129
2016-05-11,SIC,1410,1409,1382,1400,768,1070595
2016-05-12,SIC,1400,1480,1428,1441,9043,13182814
2016-05-15,SIC,1441,1520,1459,1498,2618,3916005
2016-05-16,SIC,1498,1500,1470,1478,3017,4462758
2016-05-17,SIC,1478,1460,1451,1460,712,1038206
2016-05-18,SIC,1460,1539,1475,1539,6622,9936191
2016-05-19,SIC,1539,1590,1545,1589,5849,9171859
2016-05-22,SIC,1589,1747,1620,1747,5924,10133702
2016-05-23,SIC,1747,1790,1700,1744,7237,12770338
2016-05-24,SIC,1744,1800,1744,1765,5705,10125278
2016-05-25,SIC,1765,1770,1690,1700,2752,4763755
2016-05-26,SIC,1700,1799,1674,1799,9831,16992960
2016-05-29,SIC,1799,1885,1791,1848,7488,13643750
2016-05-30,SIC,1848,1875,1850,1871,4154,7748600
2016-05-31,SIC,1871,1875,1840,1840,2029,3773985
2016-06-01,SIC,1840,1812,1767,1772,2292,4118833
2016-06-02,SIC,1772,1836,1737,1833,2452,4375209
2016-06-05,SIC,1833,1810,1775,1806,5725,10282890
2016-06-06,SIC,1806,1835,1800,1825,755,1369561
2016-06-07,SIC,1825,1850,1836,1840,3579,6610542
2016-06-08,SIC,1840,1975,1876,1970,6216,11894728
2016-06-09,SIC,1970,2167,2009,2167,12475,26218932
2016-06-12,SIC,2167,2383,2150,2370,15735,36407752
2016-06-13,SIC,2370,2416,2275,2300,9762,22853260
2016-06-14,SIC,2300,2525,2345,2525,9277,22279688
2016-06-15,SIC,2525,2601,2470,2600,11515,29370820
2016-06-16,SIC,2600,2652,2558,2630,7902,20668568
2016-06-19,SIC,2630,2625,2510,2550,10575,27477058
2016-06-20,SIC,2550,2805,2601,2637,14757,39551440
2016-06-21,SIC,2637,2814,2689,2800,12547,34984744
2016-06-22,SIC,2800,2950,2820,2949,5903,17249596
2016-06-23,SIC,2949,3099,2960,2986,11523,34606528
2016-06-26,SIC,2986,2990,2840,2910,5616,16381096
2016-06-27,SIC,2910,2959,2850,2914,4645,13436055
2016-06-28,SIC,2914,2939,2800,2880,3440,9920963
2016-06-29,SIC,2880,3010,2846,2999,15546,46161456
2016-06-30,SIC,2423,2555,2400,2555,6986,17364650
2016-07-03,SIC,2555,2625,2570,2610,4931,12848350
2016-07-04,SIC,2610,2640,2610,2631,2021,5313912
2016-07-05,SIC,2631,2630,2450,2455,2918,7489710
2016-07-06,SIC,2455,2639,2504,2565,5959,15457582
2016-07-10,SIC,2565,2600,2530,2556,4333,11170015
2016-07-11,SIC,2556,2565,2401,2401,3437,8463600
2016-07-12,SIC,2401,2641,2290,2641,7894,20107196
2016-07-13,SIC,2641,2692,2470,2500,7206,18211108
2016-07-14,SIC,2500,2550,2401,2401,1360,3386050
2016-07-17,SIC,2401,2449,2300,2300,1866,4361786
2016-07-18,SIC,2300,2530,2280,2530,4736,11596286
2016-07-19,SIC,2530,2631,2401,2401,2019,5131565
2016-07-20,SIC,2401,2435,2370,2400,7107,17158572
2016-07-21,SIC,2400,2448,2350,2400,1480,3534353
2016-07-25,SIC,2400,2559,2448,2559,2512,6383585
2016-07-26,SIC,2559,2560,2508,2525,2799,7107565
2016-07-27,SIC,2525,2510,2453,2467,876,2178156
2016-07-28,SIC,2467,2501,2450,2450,399,992599
2016-07-31,SIC,2450,2480,2450,2480,130,319400
2016-08-01,SIC,2480,2500,2450,2450,2247,5572265
2016-08-02,SIC,2450,2425,2400,2400,580,1399500
2016-08-03,SIC,2400,2403,2360,2403,521,1240200
2016-08-04,SIC,2403,2360,2210,2210,1144,2644090
2016-08-07,SIC,2210,2310,2210,2210,2353,5310866
2016-08-08,SIC,2210,2170,2127,2127,224,483930
2016-08-09,SIC,2127,2212,2169,2212,20,43810
2016-08-10,SIC,2212,2259,2210,2250,1102,2454840
2016-08-11,SIC,2250,2260,2250,2251,1129,2543060
2016-08-14,SIC,2251,2260,2200,2200,621,1388700
2016-08-15,SIC,2200,2210,2160,2190,2528,5532055
2016-08-16,SIC,2190,2277,2215,2215,972,2161425
2016-08-17,SIC,2215,2288,2171,2240,1205,2703095
2016-08-21,SIC,2240,2245,2220,2220,1215,2706031
2016-08-22,SIC,2220,2200,2140,2140,180,392280
2016-08-23,SIC,2140,2139,2065,2065,1988,4166020
2016-08-24,SIC,2065,2271,2106,2271,1829,4009759
2016-08-28,SIC,2271,2340,2226,2325,1207,2746348
2016-08-29,SIC,2325,2371,2280,2371,232,534920
2016-08-30,SIC,2371,2330,2278,2278,500,1149700
2016-08-31,SIC,2278,2346,2300,2346,129,299460
2016-09-01,SIC,2346,2300,2300,2300,50,115000
2016-09-03,SIC,2300,2346,2254,2254,850,1957300
2016-09-05,SIC,2254,2299,2280,2280,154,353046
2016-09-06,SIC,2280,2280,2191,2191,660,1482960
2016-09-07,SIC,2191,2259,2214,2240,858,1910598
2016-09-08,SIC,2240,2300,2284,2300,424,972196
2016-09-11,SIC,2300,2305,2295,2305,555,1277475
2016-09-14,SIC,2305,2295,2260,2260,139,315715
2016-09-18,SIC,2260,2270,2260,2270,523,1182210
2016-09-20,SIC,2270,2260,2200,2200,820,1825040
2016-09-21,SIC,2200,2240,2240,2240,60,134400
2016-09-22,SIC,2240,2240,2240,2240,90,201600
2016-09-25,SIC,2240,2210,2120,2120,900,1942150
2016-09-26,SIC,2120,2122,2081,2122,416,878652
2016-09-27,SIC,2122,2102,2081,2081,288,601428
2016-09-28,SIC,2081,2110,2080,2083,184,385527
2016-09-29,SIC,2083,2150,2124,2150,410,873440
2016-10-02,SIC,2150,2222,2190,2222,329,725897
2016-10-03,SIC,2222,2266,2200,2240,354,793834
2016-10-04,SIC,2240,2299,2240,2299,1568,3570539
2016-10-05,SIC,2299,2300,2280,2280,450,1029250
2016-10-06,SIC,2280,2298,2280,2296,1050,2411000
2016-10-16,SIC,2296,2305,2260,2305,150,341250
2016-10-17,SIC,2305,2309,2300,2300,220,506180
2016-10-18,SIC,2300,2255,2254,2255,195,439625
2016-10-19,SIC,2255,2250,2228,2228,281,627728
2016-10-20,SIC,2228,2229,2200,2220,1491,3299878
2016-10-23,SIC,2220,2260,2250,2260,370,835250
2016-10-24,SIC,2260,2265,2241,2260,1668,3758720
2016-10-25,SIC,2260,2245,2201,2201,575,1284375
2016-10-26,SIC,2201,2240,2206,2240,718,1601084
2016-10-27,SIC,2240,2250,2250,2250,150,337500
2016-11-07,SIC,2250,2250,2243,2244,390,875680
2016-11-08,SIC,2244,2230,2205,2230,250,552500
2016-11-09,SIC,2230,2230,2150,2150,190,414100
2016-11-10,SIC,2150,2236,2165,2200,1410,3092886
2016-11-13,SIC,2200,2245,2220,2225,908,2018960
2016-11-14,SIC,2225,2220,2210,2215,438,969165
2016-11-15,SIC,2215,2210,2205,2210,300,662500
2016-11-16,SIC,2210,2210,2210,2210,100,221000
2016-11-17,SIC,2210,2254,2254,2254,20,45080
2016-11-20,SIC,2254,2210,2209,2209,160,353450
2016-11-21,SIC,2209,2180,2139,2139,80,171550
2016-11-22,SIC,2139,2097,1975,1975,1163,2335209
2016-11-23,SIC,1975,2009,1920,1920,310,611020
2016-11-24,SIC,1920,1920,1816,1816,533,1003560
2016-11-28,SIC,1816,1836,1764,1800,2704,4832970
2016-11-29,SIC,1800,1897,1798,1897,640,1154460
2016-11-30,SIC,1897,1945,1850,1860,1104,2076360
2016-12-01,SIC,1860,1850,1790,1790,2889,5253895
2016-12-04,SIC,1790,1790,1755,1755,280,494500
2016-12-05,SIC,1755,1730,1685,1685,330,563610
2016-12-06,SIC,1685,1718,1660,1690,479,804860
2016-12-07,SIC,1690,1665,1600,1600,1300,2094360
2016-12-08,SIC,1600,1635,1600,1632,745,1216320
2016-12-11,SIC,1632,1627,1600,1600,151,244300
2016-12-12,SIC,1600,1599,1569,1572,1066,1683884
2016-12-14,SIC,1572,1632,1570,1570,977,1559424
2016-12-15,SIC,1570,1620,1540,1605,2126,3404750
2016-12-18,SIC,1605,1605,1573,1605,659,1048353
2016-12-19,SIC,1605,1635,1635,1635,20,32700
2016-12-20,SIC,1635,1634,1590,1590,670,1083050
2016-12-21,SIC,1590,1560,1560,1560,30,46800
2016-12-22,SIC,1560,1555,1550,1555,140,217250
2016-12-26,SIC,1555,1530,1435,1435,822,1208088
2016-12-27,SIC,1435,1407,1330,1340,2016,2751378
2016-12-28,SIC,1098,1125,1070,1070,583,636910
2016-12-29,SIC,1070,1120,1070,1120,3869,4257870
2017-01-01,SIC,1120,1160,1130,1140,2036,2327900
2017-01-02,SIC,1140,1170,1149,1159,1730,1997700
2017-01-03,SIC,1159,1146,1126,1126,320,364220
2017-01-04,SIC,1126,1170,1104,1170,195,224380
2017-01-05,SIC,1170,1165,1147,1165,120,137850
2017-01-08,SIC,1165,1142,1120,1140,1312,1488905
2017-01-09,SIC,1140,1162,1162,1162,414,481068
2017-01-10,SIC,1162,1202,1185,1202,61,72472
2017-01-11,SIC,1202,1215,1190,1200,1170,1401750
2017-01-12,SIC,1200,1224,1205,1218,1290,1570050
2017-01-15,SIC,1218,1195,1160,1160,1241,1461088
2017-01-16,SIC,1160,1160,1150,1150,400,463000
2017-01-18,SIC,1150,1140,1132,1132,700,797390
2017-01-19,SIC,1132,1173,1150,1173,236,271630
2017-01-22,SIC,1173,1170,1142,1142,650,754100
2017-01-23,SIC,1142,1125,1099,1100,3187,3526485
2017-01-24,SIC,1100,1110,1068,1077,1270,1367168
2017-01-25,SIC,1077,1080,1030,1039,1941,2050453
2017-01-26,SIC,1039,1029,988,1010,1614,1615829
2017-01-30,SIC,1010,990,909,909,1366,1276874
2017-01-31,SIC,909,927,885,900,913,822369
2017-02-01,SIC,900,959,899,959,243,221193
2017-02-02,SIC,959,1027,962,965,2322,2276478
2017-02-05,SIC,965,952,951,951,700,665720
2017-02-06,SIC,951,939,921,939,339,314205
2017-02-07,SIC,939,930,903,930,1129,1034890
2017-02-08,SIC,930,925,882,885,650,585865
2017-02-09,SIC,885,871,840,840,1477,1267645
2017-02-12,SIC,840,824,777,777,1544,1223038
2017-02-13,SIC,777,764,701,701,925,680900
2017-02-14,SIC,701,771,715,771,1025,783832
2017-02-15,SIC,771,848,786,848,3119,2544899
2017-02-16,SIC,848,932,864,932,3278,2968222
2017-02-19,SIC,932,1025,914,1020,8171,8132667
2017-02-20,SIC,1020,1122,1030,1040,14260,15496845
2017-02-21,SIC,1040,1070,1009,1044,1969,2056207
2017-02-22,SIC,1044,1044,1000,1000,1317,1342778
2017-02-23,SIC,1000,1010,980,980,2517,2484191
2017-02-26,SIC,980,961,930,930,260,244850
2017-02-28,SIC,930,930,863,884,3237,2875760
2017-03-01,SIC,884,954,890,945,3010,2777270
2017-03-02,SIC,945,1008,945,1008,1916,1879377
2017-03-05,SIC,1008,1050,1009,1034,3851,3979335
2017-03-06,SIC,1034,1055,1012,1035,3775,3930180
2017-03-07,SIC,1035,1030,1000,1000,2022,2050120
2017-03-09,SIC,1000,1040,1000,1030,1066,1101970
2017-03-13,SIC,1030,1055,1049,1055,911,957371
2017-03-14,SIC,1055,1075,1010,1010,482,503975
2017-03-15,SIC,1010,1050,1000,1050,522,526140
2017-03-16,SIC,1050,1055,1040,1055,247,257585
2017-03-19,SIC,1055,1122,1065,1122,6446,7050151
2017-03-20,SIC,1122,1234,1125,1234,8499,10084345
2017-03-21,SIC,1234,1275,1187,1271,6875,8584758
2017-03-22,SIC,1271,1310,1246,1246,2676,3418138
2017-03-23,SIC,1246,1270,1200,1223,2989,3694910
2017-03-26,SIC,1223,1300,1247,1250,4110,5215302
2017-03-28,SIC,1250,1375,1265,1375,5269,6935837
2017-03-29,SIC,1375,1487,1402,1440,6081,8739050
2017-03-30,SIC,1440,1450,1390,1450,3533,5063297
2017-04-02,SIC,1450,1570,1479,1570,80,122550
2017-04-03,SIC,1570,1727,1601,1605,10456,17722402
2017-04-04,SIC,1605,1650,1550,1650,5208,8402572
2017-04-06,SIC,1650,1660,1630,1635,2762,4545074
2017-04-09,SIC,1635,1665,1603,1665,1912,3100068
2017-04-10,SIC,1665,1734,1680,1734,680,1161900
2017-04-11,SIC,1734,1830,1725,1789,2766,4847340
2017-04-12,SIC,1789,1855,1775,1790,3002,5446972
2017-04-13,SIC,1790,1810,1745,1780,5535,9828122
2017-04-16,SIC,1780,1775,1637,1640,3932,6690570
2017-04-18,SIC,1640,1635,1530,1590,3568,5690847
2017-04-19,SIC,1590,1650,1600,1650,2184,3556899
2017-04-20,SIC,1650,1693,1630,1630,556,919985
2017-04-23,SIC,1630,1700,1630,1662,1537,2564676
2017-04-24,SIC,1662,1685,1655,1655,1514,2523660
2017-04-25,SIC,1655,1688,1656,1660,438,733064
2017-04-26,SIC,1660,1660,1630,1630,1035,1702488
2017-04-27,SIC,1630,1660,1630,1630,218,360790
2017-04-30,SIC,1630,1619,1600,1600,2562,4109529
2017-05-02,SIC,1600,1632,1585,1602,1113,1784102
2017-05-03,SIC,1602,1634,1595,1605,730,1175257
2017-05-04,SIC,1605,1637,1600,1600,428,691500
2017-05-07,SIC,1600,1610,1537,1537,1602,2534621
2017-05-08,SIC,1537,1598,1567,1598,201,320501
2017-05-09,SIC,1598,1610,1570,1610,1547,2466418
2017-05-11,SIC,1610,1635,1585,1635,1730,2773840
2017-05-15,SIC,1635,1625,1605,1611,795,1285735
2017-05-16,SIC,1611,1635,1614,1618,818,1326504
2017-05-17,SIC,1618,1640,1600,1605,384,625275
2017-05-18,SIC,1605,1609,1590,1600,2700,4315265
2017-05-21,SIC,1600,1618,1585,1585,826,1316355
2017-05-22,SIC,1585,1585,1539,1539,1718,2659935
2017-05-23,SIC,1539,1600,1551,1551,2303,3607784
2017-05-24,SIC,1551,1575,1520,1575,4338,6673623
2017-05-28,SIC,1575,1545,1515,1515,1500,2279170
2017-05-30,SIC,1515,1530,1486,1486,2744,4110730
2017-05-31,SIC,1486,1510,1470,1495,3912,5850142
2017-06-01,SIC,1495,1520,1470,1490,644,964880
2017-06-04,SIC,1490,1500,1475,1475,1597,2366140
2017-06-05,SIC,1475,1498,1472,1480,494,730211
2017-06-06,SIC,1480,1535,1485,1530,3069,4633634
2017-06-07,SIC,1530,1530,1442,1442,3067,4584557
2017-06-08,SIC,1442,1499,1450,1460,1057,1552920
2017-06-11,SIC,1460,1455,1440,1449,1119,1620852
2017-06-12,SIC,1449,1470,1441,1441,1485,2165021
2017-06-13,SIC,1441,1463,1435,1463,1304,1882360
2017-06-14,SIC,1463,1475,1435,1475,181,265258
2017-06-15,SIC,1475,1514,1450,1450,1168,1720115
2017-06-18,SIC,1450,1460,1422,1422,947,1358340
2017-06-19,SIC,1422,1410,1400,1400,1184,1665386
2017-06-20,SIC,1400,1400,1385,1385,1692,2358015
2017-06-21,SIC,1385,1424,1401,1401,1523,2150210
2017-06-22,SIC,1401,1429,1405,1405,1824,2577530
2017-06-25,SIC,1405,1410,1390,1397,1608,2252310
2017-06-27,SIC,1397,1403,1400,1400,1700,2382800
2017-06-28,SIC,1400,1423,1400,1400,1242,1751770
2017-07-02,SIC,1400,1383,1380,1382,645,891290
2017-07-03,SIC,1382,1400,1395,1400,740,1035665
2017-07-04,SIC,1400,1381,1377,1380,1537,2121443
2017-07-05,SIC,1380,1407,1365,1407,1181,1636987
2017-07-06,SIC,1407,1479,1410,1479,4352,6242008
2017-07-09,SIC,1479,1500,1432,1432,744,1096708
2017-07-10,SIC,1432,1428,1400,1428,698,980640
2017-07-11,SIC,1428,1428,1420,1428,201,285676
2017-07-12,SIC,1428,1455,1417,1455,1377,1956766
2017-07-13,SIC,1455,1460,1410,1410,2262,3196340
2017-07-16,SIC,1410,1438,1410,1420,57,80930
2017-07-17,SIC,1420,1440,1440,1440,100,144000
2017-07-18,SIC,1440,1550,1455,1550,6027,9148075
2017-07-19,SIC,1550,1643,1528,1550,6414,10066940
2017-07-20,SIC,1550,1610,1580,1585,3225,5138551
2017-07-23,SIC,1585,1690,1610,1660,5894,9748723
2017-07-24,SIC,1660,1695,1645,1662,4969,8270900
2017-07-25,SIC,1662,1684,1650,1670,4630,7691326
2017-07-26,SIC,1670,1737,1690,1735,6274,10813581
2017-07-27,SIC,1735,1849,1753,1760,24980,44807336
2017-07-30,SIC,1760,1805,1700,1770,8889,15784547
2017-07-31,SIC,1770,1860,1790,1855,11207,20284336
2017-08-01,SIC,1855,1892,1791,1800,4868,8893507
2017-08-02,SIC,1800,1825,1801,1812,5066,9189426
2017-08-03,SIC,1812,1820,1801,1811,3178,5755680
2017-08-06,SIC,1811,1810,1790,1795,3031,5451090
2017-08-07,SIC,1795,1782,1770,1770,3212,5703876
2017-08-09,SIC,1770,1775,1760,1760,3516,6208748
2017-08-10,SIC,1760,1790,1760,1771,1392,2467751
2017-08-13,SIC,1771,1760,1750,1760,1930,3379730
2017-08-15,SIC,1760,1798,1730,1768,3015,5311900
2017-08-16,SIC,1768,1785,1750,1770,1860,3288350
2017-08-17,SIC,1770,1760,1750,1760,1134,1988940
2017-08-20,SIC,1760,1755,1720,1755,1764,3065230
2017-08-21,SIC,1755,1745,1735,1740,472,821475
2017-08-22,SIC,1740,1790,1750,1765,2814,4953920
2017-08-23,SIC,1765,1780,1760,1780,791,1397095
2017-08-24,SIC,1780,1785,1760,1785,3948,7014690
2017-08-27,SIC,1785,1785,1775,1785,500,888600
2017-08-28,SIC,1785,1790,1770,1775,1721,3055815
2017-08-30,SIC,1775,1760,1747,1747,1746,3062325
2017-08-31,SIC,1747,1770,1730,1732,3165,5522262
2017-09-04,SIC,1732,1750,1700,1705,3658,6247000
2017-09-06,SIC,1705,1740,1710,1740,1558,2695975
2017-09-07,SIC,1740,1760,1735,1735,2377,4159969
2017-09-10,SIC,1735,1720,1660,1660,1984,3331653
2017-09-11,SIC,1660,1708,1660,1708,1484,2490649
2017-09-12,SIC,1708,1710,1645,1650,2511,4162285
2017-09-13,SIC,1650,1675,1641,1641,1142,1882843
2017-09-14,SIC,1641,1710,1641,1685,651,1098725
2017-09-17,SIC,1685,1718,1690,1695,1687,2872137
2017-09-18,SIC,1695,1700,1685,1699,579,979696
2017-09-20,SIC,1699,1715,1668,1668,1800,3064930
2017-09-24,SIC,1668,1670,1670,1670,30,50100
2017-09-25,SIC,1670,1682,1660,1660,410,685540
2017-09-26,SIC,1660,1689,1657,1657,630,1048110
2017-10-04,SIC,1657,1661,1656,1660,680,1126930
2017-10-08,SIC,1660,1664,1590,1664,2939,4725477
2017-10-09,SIC,1664,1664,1631,1660,950,1562650
2017-10-10,SIC,1660,1650,1630,1635,1698,2780932
2017-10-11,SIC,1635,1680,1630,1680,1120,1854675
2017-10-12,SIC,1680,1663,1656,1656,1845,3063160
2017-10-15,SIC,1656,1665,1638,1640,256,421694
2017-10-16,SIC,1640,1695,1640,1695,5063,8435827
2017-10-17,SIC,1695,1728,1666,1700,2143,3614625
2017-10-18,SIC,1700,1699,1682,1690,683,1155035
2017-10-22,SIC,1690,1720,1715,1720,304,521940
2017-10-23,SIC,1720,1698,1680,1698,218,366946
2017-10-24,SIC,1698,1680,1665,1675,801,1342165
2017-10-25,SIC,1675,1680,1680,1680,100,168000
2017-10-29,SIC,1680,1680,1660,1660,255,423700
2017-10-30,SIC,1660,1652,1635,1635,358,589230
2017-10-31,SIC,1635,1650,1620,1630,1560,2539195
2017-11-01,SIC,1630,1630,1615,1630,296,479806
2017-11-02,SIC,1630,1640,1600,1640,581,941327
2017-11-05,SIC,1640,1672,1570,1639,1423,2295019
2017-11-06,SIC,1639,1671,1600,1632,440,712390
2017-11-07,SIC,1632,1600,1568,1575,2228,3528860
2017-11-08,SIC,1575,1570,1525,1527,1680,2588562
2017-11-09,SIC,1527,1565,1515,1530,1023,1568090
2017-11-12,SIC,1530,1586,1500,1586,915,1387387
2017-11-13,SIC,1586,1590,1525,1590,6300,9702931
2017-11-14,SIC,1590,1620,1476,1495,15084,22713656
2017-11-15,SIC,1495,1520,1465,1465,5733,8449485
2017-11-16,SIC,1465,1445,1435,1435,846,1218165
2017-11-19,SIC,1435,1410,1377,1377,1131,1573398
2017-11-20,SIC,1377,1374,1325,1325,1636,2183221
2017-11-21,SIC,1325,1354,1300,1354,1692,2244980
2017-11-22,SIC,1354,1397,1369,1390,1016,1397670
2017-11-23,SIC,1390,1417,1383,1383,1440,2005880
2017-11-26,SIC,1383,1460,1400,1450,1357,1948088
2017-11-27,SIC,1450,1465,1425,1430,2059,2969438
2017-11-28,SIC,1430,1430,1420,1420,1030,1462850
2017-11-29,SIC,1420,1487,1430,1487,1028,1498352
2017-11-30,SIC,1487,1480,1460,1460,15865,23167176
2017-12-04,SIC,1460,1450,1425,1437,635,916714
2017-12-05,SIC,1437,1460,1415,1455,272,393025
2017-12-06,SIC,1455,1460,1451,1451,2876,4184409
2017-12-10,SIC,1451,1453,1435,1435,3854,5579134
2017-12-11,SIC,1435,1440,1425,1440,2311,3294077
2017-12-12,SIC,1440,1435,1418,1418,2875,4092270
2017-12-13,SIC,1418,1430,1415,1425,455,647401
2017-12-14,SIC,1425,1425,1400,1402,446,626852
2017-12-17,SIC,1402,1405,1381,1381,500,696285
2017-12-18,SIC,1381,1406,1390,1390,1565,2194666
2017-12-19,SIC,1390,1415,1381,1383,5259,7285215
2017-12-20,SIC,1383,1390,1375,1375,1832,2528739
2017-12-21,SIC,1375,1381,1352,1381,280,382164
2017-12-24,SIC,1381,1408,1375,1381,2391,3301340
2017-12-26,SIC,1381,1355,1350,1350,884,1195520
2017-12-27,SIC,1350,1330,1297,1305,2492,3272260
2017-12-28,SIC,1305,1350,1283,1340,911,1198886
2017-12-31,SIC,1340,1345,1325,1340,661,884525
2018-01-01,SIC,1340,1380,1365,1380,1559,2135720
2018-01-02,SIC,1380,1407,1370,1370,2585,3561989
2018-01-03,SIC,1370,1360,1350,1351,580,784380
2018-01-04,SIC,1351,1349,1332,1349,203,272246
2018-01-07,SIC,1349,1402,1365,1402,849,1168476
2018-01-08,SIC,1402,1404,1395,1399,198,276902
2018-01-09,SIC,1399,1425,1402,1408,1597,2255726
2018-01-10,SIC,1408,1410,1390,1390,868,1210494
2018-01-14,SIC,1390,1400,1380,1396,740,1030330
2018-01-16,SIC,1396,1394,1393,1393,230,320490
2018-01-17,SIC,1393,1415,1396,1400,317,444081
2018-01-21,SIC,1400,1410,1397,1397,615,862101
2018-01-22,SIC,1397,1400,1370,1391,824,1145260
2018-01-23,SIC,1391,1395,1380,1384,215,298320
2018-01-25,SIC,1384,1410,1385,1410,1537,2152520
2018-01-28,SIC,1410,1425,1405,1410,1860,2629200
2018-01-29,SIC,1410,1401,1400,1401,400,560100
2018-01-31,SIC,1401,1405,1401,1401,362,507862
2018-02-01,SIC,1401,1405,1400,1405,229,320920
2018-02-04,SIC,1405,1410,1387,1387,3642,5100463
2018-02-05,SIC,1387,1395,1380,1385,516,713937
2018-02-06,SIC,1385,1380,1375,1380,159,219270
2018-02-07,SIC,1380,1380,1360,1360,380,518750
2018-02-08,SIC,1360,1370,1355,1355,202,274935
2018-02-11,SIC,1355,1360,1360,1360,102,138720
2018-02-12,SIC,1360,1360,1345,1345,410,554450
2018-02-14,SIC,1345,1346,1319,1346,165,220580
2018-02-15,SIC,1346,1420,1372,1396,1700,2398030
2018-02-18,SIC,1395,1412,1385,1412,936,1306672
2018-02-20,SIC,1400,1400,1375,1375,770,1070660
2018-02-21,SIC,1355,1356,1355,1356,140,189820
2018-02-22,SIC,1383,1383,1355,1355,506,690055
2018-02-25,SIC,1360,1360,1354,1354,970,1315130
2018-02-26,SIC,1341,1346,1340,1340,2720,3649880
2018-02-27,SIC,1340,1351,1331,1331,1100,1474350
2018-02-28,SIC,1342,1342,1306,1306,504,670098
2018-03-04,SIC,1315,1315,1261,1261,2692,3434716
2018-03-05,SIC,1250,1285,1242,1285,1672,2085112
2018-03-06,SIC,1265,1310,1261,1300,1668,2129618
2018-03-07,SIC,1300,1305,1290,1296,5475,7117505
2018-03-11,SIC,1297,1297,1280,1280,501,645060
2018-03-12,SIC,1280,1280,1280,1280,681,871680
2018-03-13,SIC,1285,1290,1275,1275,360,460700
2018-03-14,SIC,1275,1285,1275,1285,473,603225
2018-03-15,SIC,1290,1300,1275,1300,541,698365
2018-03-18,SIC,1325,1325,1297,1297,1505,1964880
2018-03-19,SIC,1295,1295,1293,1293,395,510895
2018-03-20,SIC,1270,1270,1250,1260,390,491500
2018-03-21,SIC,1240,1240,1180,1180,290,353720
2018-03-22,SIC,1203,1227,1150,1150,1840,2201029
2018-03-26,SIC,1150,1150,1080,1080,669,740440
2018-03-27,SIC,1060,1166,988,1143,946,1038630
2018-03-28,SIC,1150,1150,1130,1140,1110,1265410
2018-03-29,SIC,1139,1150,1139,1150,311,355440
2018-04-01,SIC,1140,1148,1118,1120,1027,1161722
2018-04-02,SIC,1130,1130,1120,1120,144,162300
2018-04-03,SIC,1120,1120,1120,1120,100,112000
2018-04-04,SIC,1120,1148,1116,1140,2397,2727728
2018-04-05,SIC,1162,1208,1139,1208,2798,3265292
2018-04-08,SIC,1220,1320,1191,1320,11309,13878447
2018-04-09,SIC,1340,1350,1253,1253,4751,6238031
2018-04-10,SIC,1228,1300,1228,1250,1978,2497830
2018-04-11,SIC,1227,1269,1226,1269,453,562166
2018-04-12,SIC,1275,1300,1265,1266,2568,3279591
2018-04-15,SIC,1245,1313,1245,1313,7114,8938155
2018-04-16,SIC,1329,1382,1319,1370,8973,12116591
2018-04-17,SIC,1397,1445,1361,1443,7680,10774480
2018-04-18,SIC,1465,1465,1390,1430,6199,8837402
2018-04-19,SIC,1403,1450,1402,1422,4684,6707775
2018-04-22,SIC,1450,1470,1425,1470,3458,5029437
2018-04-23,SIC,1499,1499,1435,1460,2459,3614509
2018-04-24,SIC,1431,1445,1400,1420,2852,4059123
2018-04-25,SIC,1400,1400,1392,1400,1780,2484560
2018-04-26,SIC,1376,1376,1360,1360,701,962276
2018-04-29,SIC,1340,1370,1340,1353,1841,2489050
2018-05-02,SIC,1350,1387,1350,1361,618,847380
2018-05-03,SIC,1388,1415,1387,1400,2622,3681645
2018-05-06,SIC,1428,1428,1395,1395,753,1058450
2018-05-07,SIC,1368,1422,1365,1422,275,382925
2018-05-08,SIC,1400,1425,1397,1425,1374,1932052
2018-05-09,SIC,1425,1425,1401,1401,465,654765
2018-05-10,SIC,1404,1405,1404,1405,110,154450
2018-05-14,SIC,1400,1400,1400,1400,172,240800
2018-05-15,SIC,1385,1385,1385,1385,100,138500
2018-05-16,SIC,1412,1412,1385,1385,40,56210
2018-05-17,SIC,1410,1410,1390,1390,585,817600
2018-05-20,SIC,1417,1450,1395,1395,196,276287
2018-05-21,SIC,1390,1405,1390,1390,426,593480
2018-05-22,SIC,1417,1410,1410,1410,10,14100
2018-05-23,SIC,1390,1399,1390,1399,294,409336
2018-05-24,SIC,1425,1425,1385,1390,984,1365900
2018-05-27,SIC,1365,1375,1363,1363,981,1341498
2018-05-28,SIC,1336,1471,1336,1471,1162,1640018
2018-05-29,SIC,1475,1475,1387,1450,4369,6285404
2018-05-30,SIC,1422,1504,1421,1465,4300,6335906
2018-05-31,SIC,1437,1437,1431,1431,350,501900
2018-06-03,SIC,1411,1411,1353,1353,5144,7103017
2018-06-04,SIC,1353,1370,1326,1350,1235,1674780
2018-06-06,SIC,1377,1432,1377,1396,490,686920
2018-06-07,SIC,1398,1398,1330,1330,3155,4271034
2018-06-10,SIC,1356,1356,1303,1310,2176,2852384
2018-06-11,SIC,1330,1362,1330,1330,1852,2492072
2018-06-12,SIC,1306,1357,1305,1312,1070,1419184
2018-06-13,SIC,1338,1340,1330,1330,131,175210
2018-06-14,SIC,1350,1350,1325,1325,623,833105
2018-06-18,SIC,1330,1350,1325,1350,242,321560
2018-06-19,SIC,1323,1326,1323,1326,191,252993
2018-06-20,SIC,1326,1326,1311,1311,358,471978
2018-06-21,SIC,1330,1330,1312,1312,300,395700
2018-06-24,SIC,1317,1318,1317,1317,250,329400
2018-06-25,SIC,1310,1310,1306,1306,300,392300
2018-06-26,SIC,1301,1303,1300,1300,1951,2537661
2018-06-27,SIC,1305,1310,1300,1300,1720,2245100
2018-06-28,SIC,1326,1326,1300,1300,966,1263634
2018-07-01,SIC,1286,1290,1281,1290,973,1251163
2018-07-02,SIC,1272,1299,1270,1299,422,541013
2018-07-03,SIC,1280,1300,1281,1281,400,514600
2018-07-04,SIC,1306,1306,1306,1306,50,65300
2018-07-05,SIC,1332,1360,1332,1342,1479,1995831
2018-07-08,SIC,1367,1380,1321,1321,2705,3671557
2018-07-09,SIC,1320,1342,1320,1321,670,889300
2018-07-10,SIC,1315,1339,1315,1321,1584,2104298
2018-07-11,SIC,1321,1340,1316,1316,646,854946
2018-07-12,SIC,1300,1301,1296,1296,1240,1610410
2018-07-15,SIC,1300,1329,1300,1329,480,628215
2018-07-16,SIC,1340,1340,1340,1340,77,103180
2018-07-17,SIC,1359,1359,1359,1359,85,115515
2018-07-18,SIC,1359,1359,1332,1332,120,161240
2018-07-19,SIC,1350,1350,1324,1325,1553,2058622
2018-07-22,SIC,1310,1310,1302,1302,750,978550
2018-07-23,SIC,1301,1328,1295,1328,455,593654
2018-07-24,SIC,1335,1354,1331,1348,1097,1473875
2018-07-25,SIC,1360,1360,1322,1322,201,267300
2018-07-26,SIC,1312,1312,1306,1306,198,259428
2018-07-29,SIC,1315,1325,1301,1325,1370,1788170
2018-07-30,SIC,1330,1330,1315,1316,1368,1805063
2018-07-31,SIC,1320,1320,1316,1320,320,422050
2018-08-01,SIC,1320,1330,1320,1330,220,290600
2018-08-02,SIC,1320,1330,1320,1320,945,1250010
2018-08-05,SIC,1320,1325,1310,1325,2017,2659665
2018-08-07,SIC,1316,1349,1316,1349,449,599744
2018-08-08,SIC,1330,1330,1328,1328,382,507696
2018-08-09,SIC,1306,1328,1306,1315,527,697926
2018-08-12,SIC,1317,1325,1290,1295,1058,1375289
2018-08-13,SIC,1310,1314,1310,1310,440,576800
2018-08-14,SIC,1300,1310,1290,1310,4567,5935450
2018-08-15,SIC,1310,1355,1310,1355,771,1032779
2018-08-16,SIC,1328,1365,1328,1365,1317,1770990
2018-08-19,SIC,1341,1341,1338,1338,350,468800
2018-08-20,SIC,1340,1340,1331,1331,769,1029650
2018-08-21,SIC,1337,1335,1331,1333,567,754981
2018-08-22,SIC,1320,1320,1320,1320,185,244200
2018-08-23,SIC,1320,1320,1315,1315,785,1035275
2018-08-26,SIC,1315,1315,1300,1300,641,838985
2018-08-28,SIC,1310,1319,1309,1319,624,817466
2018-08-29,SIC,1330,1354,1330,1345,749,1003616
2018-08-30,SIC,1369,1369,1342,1364,677,920483
2018-09-02,SIC,1375,1370,1362,1362,325,444120
2018-09-03,SIC,1365,1380,1365,1365,1161,1594375
2018-09-04,SIC,1364,1370,1362,1362,809,1104485
2018-09-05,SIC,1386,1415,1385,1395,660,916900
2018-09-06,SIC,1375,1404,1375,1386,692,963327
2018-09-09,SIC,1386,1386,1375,1375,110,152350
2018-09-10,SIC,1375,1375,1371,1375,118,162170
2018-09-11,SIC,1380,1407,1380,1407,54,74844
2018-09-12,SIC,1379,1400,1379,1400,310,433790
2018-09-13,SIC,1390,1390,1385,1390,226,313890
2018-09-16,SIC,1404,1405,1390,1390,270,379075
2018-09-17,SIC,1400,1440,1400,1430,1295,1835439
2018-09-18,SIC,1445,1460,1435,1458,3132,4536344
2018-09-20,SIC,1480,1480,1426,1440,720,1043530
2018-09-23,SIC,1425,1440,1424,1440,410,585810
2018-09-25,SIC,1440,1449,1430,1449,451,649568
2018-09-26,SIC,1455,1455,1450,1450,260,377300
2018-09-27,SIC,1435,1440,1426,1426,877,1258400
2018-09-30,SIC,1422,1422,1410,1412,625,885625
2018-10-01,SIC,1420,1420,1392,1392,1054,1477804
2018-10-02,SIC,1394,1394,1365,1365,3476,4765512
2018-10-03,SIC,1392,1392,1365,1365,250,341970
2018-10-04,SIC,1385,1385,1380,1380,250,345250
2018-10-07,SIC,1353,1356,1330,1330,600,808130
2018-10-08,SIC,1330,1345,1330,1345,365,486735
2018-10-09,SIC,1330,1345,1330,1345,514,685570
2018-10-10,SIC,1332,1332,1328,1328,247,328566
2018-10-11,SIC,1316,1354,1302,1354,304,400068
2018-10-14,SIC,1381,1390,1381,1381,535,741115
2018-10-15,SIC,1366,1366,1360,1360,630,859480
2018-10-23,SIC,1387,1387,1362,1362,106,146647
2018-10-24,SIC,1380,1380,1380,1380,10,13800
2018-10-25,SIC,1360,1360,1360,1360,115,156400
2018-10-28,SIC,1340,1370,1340,1365,421,570450
2018-10-29,SIC,1350,1350,1340,1340,150,201100
2018-10-30,SIC,1365,1365,1323,1330,878,1168340
2018-10-31,SIC,1332,1340,1330,1340,1151,1534177
2018-11-01,SIC,1350,1350,1350,1350,100,135000
2018-11-04,SIC,1340,1340,1330,1330,100,133500
2018-11-05,SIC,1356,1356,1356,1356,10,13560
2018-11-11,SIC,1356,1356,1340,1340,100,134624
2018-11-12,SIC,1340,1340,1314,1335,268,356892
2018-11-13,SIC,1335,1340,1329,1340,268,357728
2018-11-15,SIC,1316,1321,1316,1321,639,843924
2018-11-18,SIC,1301,1327,1301,1327,333,437891
2018-11-19,SIC,1330,1330,1327,1327,1170,1554990
2018-11-22,SIC,1328,1339,1325,1325,183,242931
2018-11-25,SIC,1300,1315,1300,1315,316,413540
2018-11-26,SIC,1315,1315,1300,1304,280,365325
2018-11-27,SIC,1301,1301,1278,1278,1041,1340258
2018-11-28,SIC,1273,1295,1273,1294,750,967614
2018-11-29,SIC,1290,1290,1250,1250,973,1236144
2018-12-02,SIC,1275,1275,1247,1247,3343,4183903
2018-12-03,SIC,1260,1270,1260,1270,320,405200
2018-12-04,SIC,1270,1305,1270,1280,560,718100
2018-12-05,SIC,1270,1270,1245,1245,492,616415
2018-12-06,SIC,1245,1264,1240,1240,1314,1633500
2018-12-09,SIC,1260,1265,1245,1265,711,891794
2018-12-10,SIC,1280,1280,1255,1255,649,818820
2018-12-11,SIC,1256,1256,1255,1255,60,75350
2018-12-12,SIC,1232,1232,1231,1231,730,899290
2018-12-13,SIC,1249,1261,1249,1261,792,994140
2018-12-16,SIC,1237,1300,1237,1274,497,631233
2018-12-17,SIC,1290,1315,1290,1315,107,138280
2018-12-18,SIC,1311,1311,1242,1242,1829,2327530
2018-12-19,SIC,1266,1280,1266,1280,210,267960
2018-12-20,SIC,1290,1290,1265,1265,438,557110
2018-12-23,SIC,1288,1325,1288,1325,954,1244628
2018-12-24,SIC,1300,1326,1300,1301,1007,1327157
2018-12-25,SIC,1281,1300,1281,1300,214,274404
2018-12-26,SIC,1310,1350,1310,1350,819,1090291
2018-12-27,SIC,1350,1377,1325,1325,2099,2852056
2018-12-30,SIC,1320,1376,1320,1350,305,408292
2018-12-31,SIC,1340,1340,1315,1315,1260,1679150
2019-01-01,SIC,1315,1330,1315,1330,190,250850
2019-01-03,SIC,1331,1331,1320,1320,134,177955
2019-01-06,SIC,1320,1320,1320,1320,51,67320
2019-01-07,SIC,1335,1335,1300,1335,933,1220295
2019-01-08,SIC,1312,1335,1311,1335,314,412044
2019-01-09,SIC,1355,1355,1340,1340,20,26950
2019-01-10,SIC,1339,1340,1339,1340,150,200950
2019-01-13,SIC,1320,1320,1315,1315,300,395750
2019-01-14,SIC,1341,1341,1330,1340,160,213960
2019-01-15,SIC,1321,1384,1321,1380,2045,2780186
2019-01-16,SIC,1390,1390,1365,1370,564,773730
2019-01-17,SIC,1350,1350,1343,1343,157,211080
2019-01-22,SIC,1340,1340,1340,1340,10,13400
2019-01-23,SIC,1316,1340,1314,1340,540,712870
2019-01-24,SIC,1360,1360,1340,1340,368,493950
2019-01-27,SIC,1321,1321,1317,1317,390,514640
2019-01-28,SIC,1316,1325,1316,1319,504,666144
2019-01-29,SIC,1297,1297,1295,1295,50,64795
2019-01-30,SIC,1319,1346,1319,1346,47,62462
2019-01-31,SIC,1340,1340,1320,1320,110,147200
2019-02-03,SIC,1305,1306,1305,1306,300,391600
2019-02-04,SIC,1310,1310,1292,1298,733,951918
2019-02-05,SIC,1300,1307,1283,1307,547,711570
2019-02-06,SIC,1301,1301,1291,1292,146,189096
2019-02-07,SIC,1284,1290,1256,1290,1148,1458354
2019-02-10,SIC,1272,1272,1265,1265,320,406007
2019-02-11,SIC,1260,1280,1260,1264,2016,2554890
2019-02-12,SIC,1261,1278,1261,1278,215,272260
2019-02-13,SIC,1282,1282,1255,1279,924,1169960
2019-02-14,SIC,1280,1280,1256,1279,480,610170
2019-02-17,SIC,1303,1303,1255,1279,310,391576
2019-02-18,SIC,1260,1269,1259,1269,170,214256
2019-02-19,SIC,1280,1280,1271,1271,538,686498
2019-02-20,SIC,1296,1296,1289,1289,48,62138
2019-02-21,SIC,1280,1280,1271,1271,150,190920
2019-02-25,SIC,1272,1275,1272,1275,115,146325
2019-02-26,SIC,1263,1280,1263,1267,190,241070
2019-02-27,SIC,1279,1279,1279,1279,20,25580
2019-03-03,SIC,1260,1260,1257,1257,250,314530
2019-03-05,SIC,1270,1270,1248,1258,1041,1301068
2019-03-06,SIC,1255,1285,1255,1285,110,140510
2019-03-07,SIC,1285,1305,1285,1295,240,310290
2019-03-10,SIC,1315,1315,1315,1315,10,13150
2019-03-11,SIC,1295,1330,1295,1330,1133,1480975
2019-03-12,SIC,1349,1349,1310,1310,185,244630
2019-03-13,SIC,1305,1310,1299,1300,715,932090
2019-03-14,SIC,1305,1310,1300,1310,872,1138494
2019-03-17,SIC,1309,1312,1309,1312,229,300173
2019-03-18,SIC,1291,1292,1288,1288,1070,1379990
2019-03-21,SIC,1275,1276,1270,1270,458,583760
2019-03-24,SIC,1255,1256,1250,1256,681,853392
2019-03-25,SIC,1250,1295,1250,1295,463,586742
2019-03-26,SIC,1290,1290,1280,1280,895,1146600
2019-03-27,SIC,1305,1305,1279,1305,1283,1672601
2019-03-28,SIC,1287,1300,1281,1281,1074,1383825
2019-03-31,SIC,1256,1281,1256,1270,515,653950
2019-04-01,SIC,1271,1289,1265,1289,760,964706
2019-04-02,SIC,1287,1290,1264,1264,1706,2184945
2019-04-03,SIC,1264,1275,1264,1275,117,148493
2019-04-04,SIC,1280,1299,1280,1299,195,250290
2019-04-07,SIC,1280,1299,1276,1299,107,136962
2019-04-08,SIC,1315,1315,1290,1290,1383,1798020
2019-04-09,SIC,1295,1296,1290,1296,592,765541
2019-04-11,SIC,1274,1335,1274,1335,1054,1360036
2019-04-15,SIC,1320,1320,1300,1301,165,215565
2019-04-16,SIC,1300,1310,1300,1310,334,436800
2019-04-17,SIC,1310,1336,1300,1300,715,938055
2019-04-18,SIC,1291,1324,1277,1324,630,810340
2019-04-21,SIC,1298,1305,1298,1300,722,938845
2019-04-22,SIC,1301,1315,1294,1294,1279,1667496
2019-04-23,SIC,1285,1296,1285,1296,138,178298
2019-04-24,SIC,1296,1326,1296,1326,370,480460
2019-04-25,SIC,1320,1355,1319,1325,1540,2054987
2019-04-28,SIC,1351,1442,1351,1425,4289,6050692
2019-04-29,SIC,1425,1428,1345,1395,2030,2819270
2019-04-30,SIC,1375,1375,1370,1370,395,541445
2019-05-02,SIC,1350,1360,1340,1350,1513,2045780
2019-05-05,SIC,1360,1360,1350,1360,778,1056675
2019-05-06,SIC,1375,1375,1351,1351,936,1274680
2019-05-07,SIC,1360,1392,1360,1380,1954,2694420
2019-05-08,SIC,1370,1410,1367,1410,1477,2073096
2019-05-09,SIC,1400,1530,1400,1530,21669,32756100
2019-05-12,SIC,1606,1683,1570,1581,42401,68222288
2019-05-13,SIC,1650,1650,1503,1524,7654,11740632
2019-05-14,SIC,1540,1540,1450,1480,4013,5925865
2019-05-15,SIC,1495,1500,1456,1457,3723,5491192
2019-05-16,SIC,1451,1475,1450,1451,1919,2795873
2019-05-19,SIC,1475,1479,1424,1430,3110,4485428
2019-05-20,SIC,1426,1426,1383,1383,5003,7011301
2019-05-21,SIC,1410,1427,1399,1420,2160,3051226
2019-05-22,SIC,1420,1448,1393,1399,2924,4096983
2019-05-23,SIC,1426,1426,1375,1425,1502,2097210
2019-05-26,SIC,1410,1413,1392,1399,2006,2814112
2019-05-27,SIC,1410,1418,1410,1418,1326,1870452
2019-05-28,SIC,1415,1425,1410,1415,1716,2435840
2019-05-29,SIC,1415,1415,1388,1395,742,1040088
2019-05-30,SIC,1422,1450,1386,1387,6681,9340466
2019-06-02,SIC,1387,1387,1375,1375,600,828335
2019-06-03,SIC,1362,1387,1360,1375,283,386316
2019-06-04,SIC,1375,1380,1345,1345,1090,1480300
2019-06-06,SIC,1371,1396,1355,1355,5663,7788400
2019-06-10,SIC,1360,1400,1346,1346,8164,11141731
2019-06-11,SIC,1354,1355,1320,1339,5159,6902912
2019-06-12,SIC,1343,1343,1282,1314,4267,5582195
2019-06-13,SIC,1300,1349,1267,1268,23601,30285238
2019-06-16,SIC,648,687,636,673,3589,2356354
2019-06-17,SIC,660,670,655,660,964,637620
2019-06-18,SIC,648,670,647,670,1339,877037
2019-06-19,SIC,665,665,660,660,760,502385
2019-06-20,SIC,660,664,659,660,170,112190
2019-06-23,SIC,660,660,650,650,689,449596
2019-06-24,SIC,640,650,640,641,1753,1127850
2019-06-25,SIC,653,653,635,640,1218,780621
2019-06-26,SIC,650,650,626,626,985,622600
2019-06-27,SIC,617,625,601,613,1857,1134268
2019-06-30,SIC,613,613,600,602,443,266868
2019-07-01,SIC,600,600,590,599,890,528721
2019-07-02,SIC,590,599,588,599,906,537675
2019-07-03,SIC,600,622,600,620,623,378825
2019-07-04,SIC,625,628,616,616,1040,644675
2019-07-07,SIC,615,620,613,619,792,489383
2019-07-08,SIC,624,624,595,595,730,446660
2019-07-09,SIC,566,620,566,605,1165,696918
2019-07-10,SIC,610,611,607,610,418,254586
2019-07-11,SIC,608,620,608,608,426,260478
2019-07-15,SIC,600,603,600,602,550,330740
2019-07-16,SIC,632,632,600,605,177,106902
2019-07-17,SIC,605,617,605,612,140,85250
2019-07-18,SIC,623,623,613,613,2073,1281964
2019-07-21,SIC,606,610,600,610,415,251430
2019-07-22,SIC,610,610,599,602,835,502600
2019-07-23,SIC,610,610,610,610,93,56730
2019-07-24,SIC,613,615,611,611,1650,1011908
2019-07-25,SIC,611,620,611,612,262,160562
2019-07-28,SIC,620,620,600,600,954,579788
2019-07-29,SIC,600,604,595,595,450,270650
2019-07-31,SIC,600,607,600,607,121,72941
2019-08-01,SIC,615,615,606,606,375,228425
2019-08-04,SIC,606,610,606,606,620,375760
2019-08-05,SIC,605,605,605,605,150,90750
2019-08-06,SIC,605,610,605,605,323,196315
2019-08-07,SIC,601,604,601,603,200,120450
2019-08-08,SIC,601,602,600,600,3259,1955950
2019-08-11,SIC,588,598,588,597,1003,598213
2019-08-12,SIC,600,600,588,588,406,242515
2019-08-13,SIC,599,599,588,588,113,67137
2019-08-18,SIC,591,591,590,590,40,23630
2019-08-19,SIC,580,580,579,579,300,173890
2019-08-20,SIC,570,576,570,576,150,86100
2019-08-21,SIC,576,576,575,575,214,123064
2019-08-22,SIC,582,582,579,579,354,205446
2019-08-25,SIC,588,588,588,588,50,29400
2019-08-26,SIC,585,585,585,585,150,87750
2019-08-27,SIC,575,575,574,574,60,34490
2019-08-28,SIC,580,580,564,564,80,45810
2019-08-29,SIC,560,565,560,560,600,336500
2019-09-01,SIC,552,552,539,539,275,150220
2019-09-02,SIC,540,540,530,540,240,128400
2019-09-03,SIC,540,540,540,540,25,13500
2019-09-04,SIC,545,545,541,541,943,511893
2019-09-05,SIC,545,549,539,539,240,129988
2019-09-08,SIC,544,545,544,545,20,10890
2019-09-09,SIC,555,555,525,525,447,239566
2019-09-10,SIC,535,535,535,535,25,13375
2019-09-11,SIC,527,530,525,526,635,334225
2019-09-12,SIC,520,521,520,520,326,169567
2019-09-15,SIC,515,520,512,513,458,236538
2019-09-16,SIC,506,506,501,501,2733,1375795
2019-09-17,SIC,500,512,500,512,1496,753480
2019-09-18,SIC,515,515,498,503,1720,867910
2019-09-19,SIC,495,495,492,492,140,69050
2019-09-22,SIC,485,485,476,476,540,260260
2019-09-23,SIC,470,470,468,470,525,246400
2019-09-24,SIC,475,475,471,471,250,118550
2019-09-25,SIC,471,471,470,470,627,294850
2019-09-26,SIC,472,480,472,480,136,64480
2019-09-29,SIC,487,489,473,473,211,101127
2019-09-30,SIC,467,470,467,469,556,260162
2019-10-01,SIC,470,479,468,476,627,294430
2019-10-02,SIC,468,476,467,476,212,99754
2019-10-03,SIC,474,474,474,474,81,38394
2019-10-10,SIC,482,482,471,471,183,86520
2019-10-14,SIC,476,476,465,465,400,187620
2019-10-15,SIC,466,467,465,467,1116,520872
2019-10-16,SIC,470,475,470,475,20,9450
2019-10-17,SIC,481,481,473,479,596,283489
2019-10-20,SIC,475,522,475,492,620,301479
2019-10-21,SIC,500,521,484,491,617,306606
2019-10-22,SIC,482,482,464,471,493,231495
2019-10-23,SIC,466,475,466,467,1178,553084
2019-10-24,SIC,465,470,462,468,2144,997418
2019-10-31,SIC,466,468,459,459,1950,895890
2019-11-03,SIC,460,464,453,453,695,317828
2019-11-04,SIC,447,455,447,451,558,253071
2019-11-05,SIC,456,456,446,447,413,185621
2019-11-07,SIC,455,464,455,464,20,9190
2019-11-10,SIC,465,465,465,465,20,9300
2019-11-11,SIC,465,465,457,465,1946,898842
2019-11-12,SIC,460,460,460,460,50,23000
2019-11-13,SIC,465,465,455,455,1212,555464
2019-11-14,SIC,450,450,446,450,667,298526
2019-11-17,SIC,447,450,445,446,247,110634
2019-11-18,SIC,445,450,440,450,1466,654946
2019-11-20,SIC,459,459,450,450,202,91188
2019-11-21,SIC,445,445,438,440,280,123654
2019-11-24,SIC,434,440,432,440,646,280888
2019-11-25,SIC,448,448,432,435,1248,544609
2019-11-26,SIC,424,430,420,420,968,410112
2019-11-27,SIC,418,424,415,424,1215,509297
2019-11-28,SIC,422,422,417,422,571,239200
2019-12-01,SIC,420,420,420,420,20,8400
2019-12-02,SIC,420,420,420,420,30,12600
2019-12-03,SIC,424,424,414,414,560,233240
2019-12-04,SIC,414,438,414,438,644,271784
2019-12-05,SIC,445,453,438,438,2096,926619
2019-12-08,SIC,446,446,435,438,1429,624357
2019-12-09,SIC,444,472,444,460,2032,922954
2019-12-10,SIC,469,470,459,459,809,377791
2019-12-11,SIC,451,478,450,474,4586,2104349
2019-12-12,SIC,470,521,466,521,9758,4882471
2019-12-15,SIC,531,541,507,517,4699,2454090
2019-12-16,SIC,527,527,501,502,1647,835576
2019-12-17,SIC,509,509,495,495,765,383535
2019-12-18,SIC,495,495,494,495,216,106745
2019-12-19,SIC,492,500,481,500,1024,500548
2019-12-22,SIC,510,510,500,500,560,282090
2019-12-23,SIC,509,518,505,516,646,332060
2019-12-24,SIC,525,525,498,498,2088,1056675
2019-12-25,SIC,490,500,490,495,685,338025
2019-12-26,SIC,500,500,491,491,186,91866
2019-12-29,SIC,492,507,491,507,1552,767987
2019-12-30,SIC,510,514,501,501,959,482570
2019-12-31,SIC,501,501,495,495,750,373838
2020-01-01,SIC,503,503,496,500,668,332210
2020-01-02,SIC,496,508,495,508,1927,956142
2020-01-05,SIC,507,515,504,504,1486,757383
2020-01-06,SIC,514,515,508,509,1143,586119
2020-01-07,SIC,500,513,500,512,2233,1138461
2020-01-08,SIC,505,515,505,510,1050,536564
2020-01-09,SIC,518,520,510,513,1727,892644
2020-01-12,SIC,523,564,523,564,4885,2698421
2020-01-13,SIC,575,613,575,600,11001,6611556
2020-01-14,SIC,605,605,588,590,3416,2043073
2020-01-15,SIC,600,600,590,595,1469,870592
2020-01-16,SIC,596,610,596,601,3993,2416906
2020-01-19,SIC,613,661,613,661,4579,2955415
2020-01-20,SIC,674,685,647,655,10161,6838190
2020-01-21,SIC,667,680,642,675,4644,3077065
2020-01-22,SIC,670,680,660,667,3554,2388608
2020-01-23,SIC,665,678,655,655,2955,1959967
2020-01-26,SIC,655,668,625,625,1813,1161685
2020-01-27,SIC,630,640,630,640,1556,988564
2020-01-28,SIC,651,664,647,647,3066,1996620
2020-01-29,SIC,659,691,655,679,5239,3517121
2020-01-30,SIC,681,738,680,715,11333,8039707
2020-02-02,SIC,729,757,715,739,11086,8147733
2020-02-03,SIC,750,750,730,750,8020,5913767
2020-02-04,SIC,750,790,750,756,10382,7916378
2020-02-05,SIC,771,771,741,741,5007,3747281
2020-02-06,SIC,745,755,740,740,8383,6226409
2020-02-09,SIC,754,769,721,721,4015,2922660
2020-02-10,SIC,707,735,693,722,3416,2470722
2020-02-11,SIC,736,765,736,743,3635,2703258
2020-02-12,SIC,733,745,733,743,2179,1603755
2020-02-13,SIC,757,757,737,740,4489,3337904
2020-02-16,SIC,753,795,741,795,12763,9703051
2020-02-17,SIC,756,830,756,815,22229,17859440
2020-02-18,SIC,815,815,760,795,10467,8267087
2020-02-19,SIC,785,786,770,786,2703,2116579
2020-02-20,SIC,799,835,788,825,15912,12929901
2020-02-23,SIC,841,857,810,836,8409,7013063
2020-02-24,SIC,820,828,791,802,6608,5352242
2020-02-25,SIC,800,832,789,825,11780,9600146
2020-02-26,SIC,841,885,840,857,18128,15589917
2020-02-27,SIC,840,850,825,831,12600,10532046
2020-03-01,SIC,815,825,796,796,6628,5340941
2020-03-02,SIC,796,796,730,730,3620,2751910
2020-03-03,SIC,729,780,721,770,9824,7317099
2020-03-04,SIC,756,775,700,710,8978,6541436
2020-03-05,SIC,696,725,690,716,3841,2707192
2020-03-10,SIC,702,702,688,688,440,305832
2020-03-11,SIC,701,715,675,714,4069,2857379
2020-03-12,SIC,710,710,676,680,3752,2577496
2020-03-15,SIC,667,680,613,613,4559,2947104
2020-03-16,SIC,610,640,590,633,5987,3675034
2020-03-17,SIC,625,625,586,589,3278,1963473
2020-03-18,SIC,578,580,550,575,4548,2572191
2020-03-19,SIC,564,588,564,587,4825,2785192
2020-06-29,SIC,576,576,576,565,230,131356
2020-06-30,SIC,565,580,565,580,535,309055
2020-07-01,SIC,591,616,591,615,2200,1326000
2020-07-02,SIC,615,627,612,615,1243,766349
2020-07-05,SIC,613,616,595,616,4126,2485192
2020-07-06,SIC,615,649,610,630,4683,2918796
2020-07-07,SIC,630,693,630,662,2581,1735026
2020-07-08,SIC,662,700,650,670,2924,1970170
2020-07-09,SIC,675,683,672,672,2751,1866801
2020-07-12,SIC,685,714,685,705,1820,1283220
2020-07-13,SIC,705,708,691,706,4123,2877571
2020-07-14,SIC,715,729,692,705,1941,1388930
2020-07-15,SIC,719,719,686,700,9219,6390520
2020-07-16,SIC,711,712,697,712,801,563582
2020-07-20,SIC,726,740,697,710,10086,7169762
2020-07-21,SIC,720,735,706,720,6849,4958169
2020-07-22,SIC,720,738,709,730,6348,4587215
2020-07-23,SIC,739,740,725,740,4110,3020704
2020-07-26,SIC,754,802,745,800,19757,15478946
2020-07-27,SIC,805,830,770,780,15867,12572700
2020-07-28,SIC,790,790,767,780,3508,2721550
2020-07-29,SIC,765,769,753,756,4926,3747476
2020-07-30,SIC,766,781,751,766,4831,3686591
2020-08-02,SIC,751,751,706,726,11654,8490704
2020-08-03,SIC,726,736,712,721,4044,2914192
2020-08-05,SIC,708,752,693,707,7510,5302807
2020-08-06,SIC,707,721,700,710,3491,2484526
2020-08-09,SIC,705,740,705,740,2090,1504820
2020-08-10,SIC,740,757,731,750,7042,5289904
2020-08-11,SIC,765,765,737,739,2646,1966492
2020-08-12,SIC,740,753,734,744,4132,3060254
2020-08-13,SIC,745,745,727,735,7022,5175435
2020-08-16,SIC,736,753,735,749,16729,12438047
2020-08-17,SIC,752,774,743,773,10966,8378145
2020-08-18,SIC,788,788,771,780,6125,4765458
2020-08-19,SIC,765,779,750,765,7780,5948052
2020-08-20,SIC,770,776,759,770,1596,1217293
2020-08-23,SIC,783,807,770,803,21751,17201477
2020-08-24,SIC,810,845,810,842,33156,27624818
2020-08-25,SIC,849,853,816,840,19559,16367475
2020-08-26,SIC,825,849,825,829,16682,13937842
2020-08-27,SIC,834,870,817,854,29611,24950316
2020-08-30,SIC,865,890,848,887,28431,24798754
2020-08-31,SIC,890,915,875,895,31114,28089346
2020-09-02,SIC,896,903,863,864,26521,23443268
2020-09-03,SIC,859,892,836,876,15570,13526623
2020-09-06,SIC,919,919,863,878,13307,11710263
2020-09-07,SIC,861,877,851,868,8049,6977591
2020-09-08,SIC,860,885,850,880,9855,8528061
2020-09-09,SIC,896,897,882,895,16283,14492275
2020-09-10,SIC,895,924,895,919,48879,44463170
2020-09-13,SIC,937,986,935,979,31110,29818219
2020-09-14,SIC,979,998,953,953,22943,22129854
2020-09-15,SIC,950,960,940,945,9751,9258014
2020-09-16,SIC,955,970,933,965,12781,12211740
2020-09-17,SIC,960,969,951,964,24832,23815533
2020-09-20,SIC,983,985,940,945,6657,6315537
2020-09-21,SIC,928,950,910,925,10725,9967634
2020-09-22,SIC,920,936,906,913,24177,22145494
2020-09-23,SIC,910,929,900,929,13876,12638313
2020-09-24,SIC,927,929,911,922,9969,9177736
2020-09-27,SIC,914,930,914,924,7967,7291961
2020-09-28,SIC,880,940,880,919,4258,3928490
2020-09-29,SIC,915,920,906,906,2346,2139550
2020-09-30,SIC,901,910,890,906,7022,6307998
2020-10-01,SIC,908,940,905,940,10693,9897187
2020-10-04,SIC,893,969,893,955,13917,13345371
2020-10-05,SIC,940,950,930,930,5937,5577334
2020-10-06,SIC,915,933,915,929,1160,1069798
2020-10-07,SIC,920,928,920,926,3892,3598434
2020-10-08,SIC,920,940,908,927,5351,4929431
2020-10-11,SIC,920,920,900,904,4303,3910288
2020-10-12,SIC,910,920,900,900,3364,3051504
2020-10-13,SIC,910,910,895,895,3059,2754226
2020-10-14,SIC,900,900,894,896,4995,4476780
2020-10-15,SIC,900,901,892,897,2120,1904322
2020-10-18,SIC,900,900,894,895,2024,1813402
2020-10-19,SIC,895,923,895,900,1899,1722340
2020-10-20,SIC,917,918,911,913,326,298046
2020-10-21,SIC,958,958,907,907,747,682829
2020-10-22,SIC,912,915,907,907,853,777485
2020-10-28,SIC,910,920,909,920,1955,1791790
2020-10-29,SIC,930,934,916,916,3085,2857346
2020-11-01,SIC,911,929,911,915,1730,1587688
2020-11-02,SIC,916,920,904,914,3186,2907384
2020-11-03,SIC,905,920,905,918,2159,1970646
2020-11-04,SIC,916,916,900,910,3032,2749453
2020-11-05,SIC,906,907,901,902,1695,1531678
2020-11-08,SIC,901,910,899,905,2172,1957050
2020-11-09,SIC,905,920,905,910,1999,1825694
2020-11-10,SIC,927,927,909,919,4007,3668954
2020-11-11,SIC,928,940,928,940,9120,8538421
2020-11-12,SIC,945,945,937,938,5089,4781513
2020-11-18,SIC,938,973,937,973,18821,18041966
2020-11-19,SIC,977,1028,971,990,27101,26894541
2020-11-22,SIC,990,1005,949,960,19654,19088805
2020-11-23,SIC,950,965,935,935,10781,10215093
2020-11-24,SIC,953,975,945,973,15654,15125981
2020-11-25,SIC,990,1004,980,997,31544,31228783
2020-11-26,SIC,1015,1015,964,968,16043,15632578
2020-11-29,SIC,955,970,950,970,7920,7605507
2020-11-30,SIC,970,1008,953,971,15817,15492470
2020-12-01,SIC,990,990,963,966,18876,18295845
2020-12-02,SIC,975,1020,968,993,53686,53230677
2020-12-03,SIC,1011,1050,986,1016,51435,51933490
2020-12-06,SIC,1000,1015,961,977,31050,30854613
2020-12-07,SIC,970,1023,970,1015,25735,25848823
2020-12-08,SIC,1020,1035,970,1004,39023,38763490
2020-12-09,SIC,985,998,968,985,21353,20922548
2020-12-10,SIC,995,995,976,990,11584,11382204
2020-12-13,SIC,998,1010,965,1010,20235,19878852
2020-12-14,SIC,1020,1040,1000,1040,29311,29924098
2020-12-15,SIC,1054,1075,1021,1038,21706,22569020
2020-12-16,SIC,1035,1049,1010,1016,13014,13315580
2020-12-17,SIC,1010,1010,970,990,21734,21418276
2020-12-20,SIC,990,990,939,939,22120,21179687
2020-12-21,SIC,928,964,910,949,10109,9462224
2020-12-22,SIC,967,1000,948,993,15750,15587284
2020-12-23,SIC,1012,1032,986,989,10760,10800123
2020-12-24,SIC,989,993,972,990,5555,5445337
2020-12-27,SIC,991,1000,970,973,10206,10019457
2020-12-28,SIC,970,992,966,972,5596,5455254
2020-12-29,SIC,975,984,955,970,4680,4536390
2020-12-30,SIC,970,975,956,970,4021,3894946
2020-12-31,SIC,975,975,963,967,6743,6524084
2021-01-03,SIC,975,1053,975,1013,16287,16113250
2021-01-04,SIC,1013,1030,1000,1025,26342,26634068
2021-01-05,SIC,1025,1035,1015,1022,12155,12440054
2021-01-06,SIC,971,1068,971,1030,15632,16212369
2021-01-07,SIC,1044,1060,1044,1048,26065,27416976
2021-01-10,SIC,1065,1082,1047,1053,20316,21436999
2021-01-11,SIC,1068,1110,1063,1109,51603,55956130
2021-01-12,SIC,1131,1176,1103,1135,28839,32477942
2021-01-13,SIC,1154,1154,1110,1120,20833,23444675
2021-01-17,SIC,1140,1162,1100,1121,38994,43721945
2021-01-18,SIC,1121,1143,1121,1135,23420,26577758
2021-01-19,SIC,1180,1180,1090,1120,23722,26529483
2021-01-20,SIC,1100,1136,1100,1120,12407,13912143
2021-01-21,SIC,1122,1220,1120,1215,29922,35282199
2021-01-24,SIC,1237,1295,1230,1248,36370,45665139
2021-01-25,SIC,1310,1310,1210,1230,24088,29691200
2021-01-26,SIC,1201,1250,1201,1209,18419,22630428
2021-01-27,SIC,1210,1289,1210,1270,34405,43079598
2021-01-28,SIC,1295,1397,1295,1397,28857,39734450
2021-01-31,SIC,1465,1536,1412,1519,97904,147147370
2021-02-01,SIC,1536,1590,1490,1500,54935,83456726
2021-02-02,SIC,1510,1525,1470,1514,31536,47337898
2021-02-03,SIC,1540,1540,1470,1480,43079,64332860
2021-02-04,SIC,1480,1518,1450,1491,22214,33115660
2021-02-07,SIC,1520,1550,1500,1537,33192,50475085
2021-02-08,SIC,1565,1621,1540,1545,32573,51126223
2021-02-09,SIC,1545,1560,1500,1519,16879,25683755
2021-02-10,SIC,1519,1519,1486,1490,18555,27865781
2021-02-11,SIC,1495,1517,1479,1479,17514,26148108
2021-02-14,SIC,1505,1540,1487,1511,22770,34256581
2021-02-15,SIC,1540,1602,1538,1598,31316,49260759
2021-02-16,SIC,1610,1650,1568,1575,18976,30367737
2021-02-17,SIC,1550,1575,1547,1548,23891,37158631
2021-02-18,SIC,1570,1595,1542,1577,35037,55067598
2021-02-21,SIC,1560,1577,1557,1560,17794,27799514
2021-02-22,SIC,1540,1557,1520,1552,20824,32055989
2021-02-23,SIC,1530,1549,1500,1540,33245,50599192
2021-02-24,SIC,1570,1598,1550,1560,21493,33811241
2021-02-25,SIC,1565,1600,1565,1569,43403,68664750
2021-02-28,SIC,1575,1600,1565,1579,32835,51787901
2021-03-01,SIC,1551,1599,1548,1579,18003,28363867
2021-03-02,SIC,1598,1598,1525,1525,21113,32800650
2021-03-03,SIC,1525,1525,1466,1490,17599,26028855
2021-03-04,SIC,1500,1543,1480,1532,22619,34426181
2021-03-07,SIC,1510,1615,1510,1545,15283,23848093
2021-03-09,SIC,1525,1570,1518,1560,15582,23975149
2021-03-10,SIC,1560,1560,1515,1517,8044,12343738
2021-03-14,SIC,1528,1529,1465,1488,9874,14755240
2021-03-15,SIC,1460,1499,1417,1460,5059,7440274
2021-03-16,SIC,1480,1490,1440,1468,8018,11764735
2021-03-17,SIC,1470,1484,1465,1484,3703,5456618
2021-03-18,SIC,1494,1510,1486,1501,5714,8572823
2021-03-21,SIC,1510,1619,1501,1595,21585,33845250
2021-03-22,SIC,1610,1630,1550,1570,12241,19438461
2021-03-23,SIC,1555,1575,1540,1555,7457,11638392
2021-03-24,SIC,1584,1584,1556,1559,7213,11308772
2021-03-25,SIC,1530,1645,1530,1570,18903,30040174
2021-03-29,SIC,1580,1600,1575,1578,12096,19170057
2021-03-30,SIC,1600,1601,1586,1599,17198,27485312
2021-03-31,SIC,1601,1675,1601,1670,38619,63137977
2021-04-01,SIC,1700,1765,1700,1715,28707,49585368
2021-04-04,SIC,1750,1846,1700,1835,49856,87612374
2021-04-05,SIC,1850,1890,1760,1786,42729,76725897
2021-04-06,SIC,1780,1798,1720,1746,27315,47962472
2021-04-07,SIC,1777,1777,1702,1702,16780,28968715
2021-04-08,SIC,1704,1724,1695,1702,22339,38093966
2021-04-12,SIC,1702,1715,1690,1705,15625,26599920
2021-04-13,SIC,1720,1730,1703,1720,19130,32821607
2021-04-15,SIC,1738,1744,1714,1715,12654,21866070
2021-04-18,SIC,1732,1750,1696,1705,12197,20866206
2021-04-19,SIC,1700,1706,1676,1677,15171,25648793
2021-04-20,SIC,1677,1699,1660,1678,10207,17077540
2021-04-21,SIC,1695,1700,1650,1658,13199,21938853
2021-04-22,SIC,1640,1654,1630,1651,6951,11402160
2021-04-25,SIC,1620,1645,1565,1580,16809,26847483
2021-04-26,SIC,1580,1580,1510,1520,16431,25248790
2021-04-27,SIC,1520,1600,1510,1588,13202,20661775
2021-04-28,SIC,1590,1626,1568,1594,10077,16186797
2021-04-29,SIC,1590,1615,1590,1613,8353,13383145
2021-05-02,SIC,1635,1669,1615,1664,12082,19924722
2021-05-03,SIC,1670,1705,1664,1670,12833,21674466
2021-05-04,SIC,1720,1720,1645,1665,6119,10189090
2021-05-05,SIC,1660,1730,1660,1700,21522,36518874
2021-05-06,SIC,1700,1710,1666,1671,8794,14714796
2021-05-09,SIC,1640,1660,1640,1640,7792,12834266
2021-05-10,SIC,1640,1660,1630,1650,7613,12557904
2021-05-11,SIC,1683,1685,1665,1669,6039,10117313
2021-05-12,SIC,1672,1698,1664,1680,7835,13198145
2021-05-13,SIC,1710,1710,1685,1689,10151,17187182
2021-05-16,SIC,1710,1744,1705,1735,23966,41528630
2021-05-17,SIC,1821,1821,1740,1765,18494,32534972
2021-05-18,SIC,1776,1789,1755,1777,17856,31560755
2021-05-19,SIC,1770,1775,1681,1705,130492,223578940
2021-05-20,SIC,1750,1750,1658,1680,30115,50632520
2021-05-23,SIC,1650,1680,1627,1668,22721,37747862
2021-05-24,SIC,1665,1690,1661,1670,11824,19780917
2021-05-25,SIC,1685,1690,1660,1683,16644,27896189
2021-05-27,SIC,1652,1682,1625,1662,17459,28942275
2021-05-30,SIC,1690,1690,1652,1659,24146,40131561
2021-05-31,SIC,1667,1667,1632,1639,9803,16151752
2021-06-01,SIC,1640,1640,1600,1617,14140,22859467
2021-06-02,SIC,1617,1645,1610,1624,8456,13725530
2021-06-03,SIC,1650,1650,1617,1622,11676,18961756
2021-06-06,SIC,1634,1640,1608,1613,10974,17733031
2021-06-07,SIC,1640,1640,1588,1595,24563,39259388
2021-06-08,SIC,1595,1665,1588,1655,29631,48093286
2021-06-09,SIC,1735,1735,1637,1655,14712,24581262
2021-06-10,SIC,1735,1735,1626,1630,12368,20286344
2021-06-13,SIC,1635,1635,1600,1616,12657,20456178
2021-06-14,SIC,1620,1624,1609,1613,11236,18127997
2021-06-15,SIC,1621,1625,1605,1607,13767,22219779
2021-06-16,SIC,1607,1630,1597,1599,13862,22273028
2021-06-17,SIC,1630,1630,1585,1601,9618,15434312
2021-06-20,SIC,1630,1630,1584,1585,10185,16283554
2021-06-21,SIC,1585,1599,1550,1550,9043,14142640
2021-06-22,SIC,1565,1580,1544,1580,10564,16527310
2021-06-23,SIC,1611,1643,1590,1597,11572,18603835
2021-06-24,SIC,1676,1676,1590,1593,6688,10691752
2021-06-27,SIC,1600,1615,1579,1583,9640,15308957
2021-06-28,SIC,1589,1592,1565,1568,6006,9472336
2021-06-29,SIC,1580,1584,1539,1545,9274,14477872
2021-06-30,SIC,1570,1574,1535,1554,26558,41254758
2021-07-01,SIC,1428,1440,1380,1383,12440,17344145
2021-07-04,SIC,1390,1392,1355,1358,4425,6051345
2021-07-05,SIC,1358,1358,1325,1340,5604,7489714
2021-07-06,SIC,1320,1338,1320,1325,6801,9012167
2021-07-07,SIC,1330,1343,1313,1315,4925,6519255
2021-07-08,SIC,1320,1320,1311,1318,4875,6413631
2021-07-11,SIC,1322,1375,1321,1370,5085,6869980
2021-07-12,SIC,1371,1375,1335,1340,9451,12762007
2021-07-13,SIC,1335,1377,1335,1355,2528,3438414
2021-07-14,SIC,1355,1381,1335,1347,3592,4851976
2021-07-15,SIC,1350,1355,1342,1344,3782,5101251
2021-07-18,SIC,1355,1410,1355,1401,8657,12070330
2021-07-19,SIC,1420,1445,1420,1426,8780,12595565
2021-07-20,SIC,1420,1445,1415,1434,6454,9218188
2021-07-22,SIC,1437,1462,1437,1450,6635,9637758
2021-07-25,SIC,1460,1460,1427,1443,6917,9973561.5
2021-07-26,SIC,1444,1459,1444,1452,4933,7166326.9
2021-07-27,SIC,1452,1474,1452,1465,9183,13424129.9
2021-07-28,SIC,1466,1530,1466,1524,12417,18816427.7
2021-07-29,SIC,1525,1540,1525,1530,14843,22721444
2021-08-01,SIC,1530,1530,1496,1520,5089,7672875
2021-08-02,SIC,1495,1521,1491,1521,10778,16264618.4
2021-08-03,SIC,1515,1515,1490,1505.2,4765,7172562.5
2021-08-04,SIC,1500,1503,1482,1482,4902,7317151.5
2021-08-05,SIC,1511,1511,1470,1470,4421,6552379.2
2021-08-08,SIC,1442.1,1450,1438,1439,7546,10891006.5
2021-08-09,SIC,1450,1478,1430,1460,6627,9604347.7
2021-08-10,SIC,1460,1489,1460,1467,7143,10511692.5
2021-08-11,SIC,1470,1480,1443,1443,7173,10515467
2021-08-12,SIC,1471,1471.9,1432,1439,13810,19983666.9
2021-08-15,SIC,1467,1491,1425,1467,15184,22090875
2021-08-16,SIC,1485,1500,1470,1477,8301,12337412.7
2021-08-17,SIC,1462.1,1467,1451.1,1452.8,4802,7001797.1
2021-08-18,SIC,1442,1468,1426.1,1440.1,10181,14726876.6
2021-08-19,SIC,1450,1555,1450,1492,25132,37909704
2021-08-24,SIC,1521,1590,1521,1532,29980,46660814.1
2021-08-25,SIC,1550,1550,1490,1490.1,11307,17027749.1
2021-08-26,SIC,1491,1515,1460.3,1481,8404,12426673.5
2021-08-29,SIC,1460,1513,1440,1441.1,10406,15243698
2021-08-31,SIC,1425,1425,1362.2,1401,12277,17145694.6
2021-09-01,SIC,1425,1425,1386.7,1405,11002,15367577.3
2021-09-02,SIC,1425,1425,1365,1370.1,7719,10720418.9
2021-09-05,SIC,1360,1360,1291,1330,9473,12570301.9
2021-09-06,SIC,1354,1382,1332,1375,9930,13460350
2021-09-07,SIC,1375,1402,1350,1372,3532,4867710
2021-09-08,SIC,1356,1377,1330,1330,3967,5341368
2021-09-09,SIC,1356,1356,1322,1325,5402,7174329
2021-09-12,SIC,1312,1376,1312,1340,2973,3985253
2021-09-13,SIC,1345,1377,1325,1355,4072,5509955
2021-09-14,SIC,1380,1380,1335,1340,5681,7653067
2021-09-15,SIC,1335,1338.9,1301,1322,6823,8963529.7
2021-09-16,SIC,1296,1300,1274,1280,10290,13223444.2
2021-09-20,SIC,1255.1,1264,1218,1218,13030,16174210.6
2021-09-21,SIC,1215,1266,1167,1236.1,9361,11483745.1
2021-09-22,SIC,1250,1284,1250,1282,3905,4952281.7
2021-09-23,SIC,1306,1306,1270,1275,2967,3806363
2021-09-26,SIC,1250,1260,1230,1234,4800,5949618
2021-09-27,SIC,1220,1221,1196,1196,4895,5907608.5
2021-09-28,SIC,1174.1,1218.9,1160.1,1177,5931,6984901.5
2021-09-29,SIC,1200,1200,1170,1185,2860,3382522
2021-09-30,SIC,1200,1207,1174,1175,4527,5371937
2021-10-03,SIC,1152,1189.9,1152,1177,2276,2684235.1
2021-10-04,SIC,1178,1198.9,1167,1183,3944,4676786.1
2021-10-05,SIC,1205,1229.9,1201,1220,2073,2512905
2021-10-06,SIC,1244,1280,1243,1278,2841,3588533
2021-10-10,SIC,1303,1350,1281,1319,3415,4500383
2021-10-11,SIC,1321,1325,1300,1320,7204,9503813
2021-10-17,SIC,1295,1319,1293.6,1295,3325,4311363.4
2021-10-18,SIC,1290,1300,1266.1,1266.2,5221,6722662.1
2021-10-19,SIC,1266.2,1267,1225,1225,3698,4641778
2021-10-20,SIC,1245,1271,1221.1,1271,1706,2147792.9
2021-10-21,SIC,1255,1290,1255,1267.1,1765,2239480
2021-10-24,SIC,1265,1269,1253,1258,2192,2754315
2021-10-25,SIC,1280,1300,1270,1299,2408,3081976.1
2021-10-26,SIC,1324,1330,1299,1328,6197,8167453
2021-10-27,SIC,1329,1363.7,1329,1347,3766,5084702.1
2021-10-28,SIC,1341,1351,1320,1333.9,2831,3771751
2021-10-31,SIC,1333.9,1377,1311,1377,5370,7254995
2021-11-01,SIC,1400,1420,1355,1360,9065,12542570.9
2021-11-02,SIC,1349,1382.1,1348,1370,3797,5202623
2021-11-03,SIC,1352,1370,1342.6,1368,2711,3662347.7
2021-11-08,SIC,1360,1370,1341.6,1341.6,967,1311178.6
2021-11-09,SIC,1330,1330,1292,1300,1805,2352427.8
2021-11-11,SIC,1274,1299,1260,1282,2633,3376746
2021-11-14,SIC,1282,1296,1275,1276,1991,2542408
2021-11-15,SIC,1301.5,1305,1280,1300,1897,2461987
2021-11-16,SIC,1280,1319,1250,1310,3332,4286574
2021-11-17,SIC,1330,1330,1285,1285,4065,5279403.2
2021-11-18,SIC,1260,1290,1260,1275,2469,3151692.2
2021-11-21,SIC,1265,1290,1250.1,1260,1694,2138521.4
2021-11-22,SIC,1285,1300,1260,1270,1661,2128365
2021-11-23,SIC,1250,1264,1250,1250.2,1364,1710002.5
2021-11-24,SIC,1226,1269,1226,1265,1893,2359800
2021-11-25,SIC,1250,1250,1242,1243,1425,1772946
2021-11-28,SIC,1220,1220,1195.6,1209,2623,3171876.7
2021-11-29,SIC,1185,1215,1162,1200,2477,2961763
2021-11-30,SIC,1200,1200,1181.5,1199,2077,2469663
2021-12-01,SIC,1199,1247.3,1199,1200,1284,1552036.5
2021-12-02,SIC,1198,1200,1186,1190,3730,4452805
2021-12-05,SIC,1200,1200,1178,1180,6123,7229603
2021-12-06,SIC,1180,1200,1176,1180,5974,7052043
2021-12-07,SIC,1199.9,1223,1176.2,1176.2,688,827123
2021-12-08,SIC,1175,1175,1140,1140,1505,1731559.5
2021-12-09,SIC,1140,1140,1105,1140,1543,1724032.5
2021-12-12,SIC,1105,1117,1084,1084,1933,2125301
2021-12-13,SIC,1090,1090,1008,1028,2578,2657697.9
2021-12-14,SIC,1015,1090.6,1015,1090.6,890,933957
2021-12-15,SIC,1100,1156,1088.8,1088.8,2227,2455637.8
2021-12-16,SIC,1070.1,1197.6,1060,1106.1,2423,2675809.5
2021-12-20,SIC,1085,1085,1023,1060,2169,2285283.1
2021-12-21,SIC,1040,1080,1040,1069,1518,1606297.3
2021-12-22,SIC,1079,1175,1070.1,1175,4422,4909252.1
2021-12-23,SIC,1195,1195,1136.8,1174,5079,5924512.6
2021-12-26,SIC,1180,1282,1180,1274.9,13566,16990090.3
2021-12-27,SIC,1270,1280,1221.1,1221.1,6754,8458037.5
2021-12-28,SIC,1197,1243,1175,1211,5393,6452555.8
2021-12-29,SIC,1211,1227,1202,1225,2188,2663576.4
2022-01-02,SIC,1210.1,1280,1206,1272,6318,7933511.1
2022-01-03,SIC,1289.9,1300,1271,1297.1,14583,18662766.9
2022-01-04,SIC,1312,1322,1286,1305,5439,7128921.4
2022-01-05,SIC,1305,1305,1266,1266,3279,4207784.9
2022-01-06,SIC,1242,1290,1242,1280,2428,3086721.3
2022-01-09,SIC,1305,1383.7,1290.1,1333,5437,7259435.8
2022-01-10,SIC,1340,1389,1333,1375,13349,18276110.4
2022-01-11,SIC,1370,1425,1370,1402,18949,26480504.3
2022-01-12,SIC,1374,1425,1370,1371,8020,11124600
2022-01-13,SIC,1395,1410,1367.1,1377.1,3448,4798956.6
2022-01-16,SIC,1404,1425,1391,1405.4,4495,6312337.3
2022-01-17,SIC,1405,1464.7,1380,1420,10745,15362127.1
2022-01-18,SIC,1395,1419.9,1372.4,1372.4,3705,5174797.9
2022-01-19,SIC,1372.4,1400,1362,1365,3832,5290755
2022-01-20,SIC,1351,1389.9,1350.2,1385,2571,3527951.5
2022-01-23,SIC,1408,1410,1390,1399,4710,6577949.6
2022-01-24,SIC,1376,1380,1336,1341,6688,9054398.5
2022-01-25,SIC,1316,1352.9,1316,1331,3692,4926948
2022-01-26,SIC,1316,1316,1287,1302,5490,7138702.6
2022-01-27,SIC,1320,1343.9,1304,1307,2798,3677178.5
2022-01-30,SIC,1333.1,1382,1330,1350,3505,4755079.8
2022-01-31,SIC,1335,1365,1333,1365,3344,4525275.1
2022-02-01,SIC,1365,1370,1355,1370,1799,2450535
2022-02-03,SIC,1380,1396,1373,1380,3963,5481294.1
2022-02-06,SIC,1360,1390,1345,1370,5818,7921531
2022-02-07,SIC,1345,1393.9,1345,1390,6403,8865256.9
2022-02-08,SIC,1400,1400,1370,1388,6346,8794231.5
2022-02-09,SIC,1371,1387,1355,1385,4206,5730832
2022-02-10,SIC,1360,1360,1333,1345.1,1423,1911670
2022-02-13,SIC,1319,1319,1292,1292,3159,4101393
2022-02-14,SIC,1300,1309.9,1288,1290,3069,3981528
2022-02-15,SIC,1315,1315,1285,1285,2962,3817590.6
2022-02-16,SIC,1309,1350,1286.1,1320,6164,8101615.1
2022-02-17,SIC,1330,1330,1294,1319,2517,3308288.2
2022-02-20,SIC,1292.7,1300.5,1270,1300,6078,7846208.5
2022-02-21,SIC,1326,1326,1276,1290,1018,1319242.9
2022-02-22,SIC,1296.1,1345,1296.1,1337,8830,11729198.6
2022-02-23,SIC,1347,1360,1320,1344,7345,9802063.4
2022-02-24,SIC,1317.2,1340,1300,1300,10051,13157733.4
2022-02-27,SIC,1326,1349,1285,1314,7799,10254893.2
2022-02-28,SIC,1325,1325,1276.2,1283,5542,7146810.9
2022-03-02,SIC,1308,1308,1250,1259,7330,9323902.1
2022-03-06,SIC,1260.1,1275,1260,1268,1892,2402875.5
2022-03-07,SIC,1268,1275,1261,1261,1326,1676578.6
2022-03-09,SIC,1262,1270,1242,1248,1998,2496416.7
2022-03-10,SIC,1248,1273,1240,1273,3036,3811463.3
2022-03-13,SIC,1298.4,1309,1280,1309,2803,3651552.3
2022-03-14,SIC,1319,1325,1300,1325,1926,2539944.1
2022-03-15,SIC,1328,1413,1322.1,1413,15716,21217121.1
2022-03-16,SIC,1384.8,1425,1380,1425,10967,15371147.1
2022-03-20,SIC,1412,1440,1406,1419,33206,46962794.9
2022-03-21,SIC,1417,1420,1376,1400,10037,13947425.2
2022-03-22,SIC,1405,1410,1399,1404,3691,5190865.4
2022-03-23,SIC,1400,1400,1387,1395,1790,2491365.9
2022-03-24,SIC,1390,1413,1390,1405,4621,6485338
2022-03-27,SIC,1433,1495,1426.1,1428,26597,38752484.9
2022-03-28,SIC,1430,1449,1401.5,1401.5,11851,16891825.8
2022-03-29,SIC,1380,1380,1350,1365,4030,5502896
2022-03-30,SIC,1350,1402,1350,1402,2563,3545902.7
2022-03-31,SIC,1429,1429,1389.5,1410,7647,10705678.3
2022-04-03,SIC,1400,1404,1372,1372,4260,5897339.3
2022-04-04,SIC,1390,1395,1357,1357,2540,3488725
2022-04-05,SIC,1356,1356,1315,1327,5794,7705924
2022-04-06,SIC,1335,1344,1305,1305,2007,2649707
2022-04-07,SIC,1305,1323,1305,1310,2837,3737320.8
2022-04-11,SIC,1312,1316.1,1290,1300,2129,2761583.7
2022-04-12,SIC,1275,1290,1275,1276,846,1081620
2022-04-13,SIC,1280.1,1306,1261,1306,744,961128
2022-04-17,SIC,1306,1310,1290,1290,887,1153445
2022-04-18,SIC,1272,1285,1245,1250.2,2677,3379985
2022-04-19,SIC,1275,1275,1250,1265,2633,3318665
2022-04-20,SIC,1290,1315,1239.8,1275,6126,7719027.7
2022-04-21,SIC,1300.5,1300.5,1255,1280,11902,15099819.9
2022-04-24,SIC,1280,1330,1275,1330,4754,6246895
2022-04-25,SIC,1356,1356,1303.4,1319,3239,4277102.1
2022-04-26,SIC,1335,1337,1297,1300,2830,3697020.8
2022-04-27,SIC,1313,1315,1290.1,1311,1708,2229635
2022-04-28,SIC,1326,1333.9,1295,1295,16276,21205571.1
2022-05-02,SIC,1085,1085,1010,1020,4364,4516270.8
2022-05-04,SIC,1000,1018,976,976,2970,2921050.2
2022-05-05,SIC,965,975,962,965.5,1454,1404090.8
2022-05-08,SIC,949,966,931,949,2539,2394369
2022-05-09,SIC,949,984.3,949,969,1038,1005819.1
2022-05-10,SIC,988,1004,961,982,870,853532
2022-05-11,SIC,985,1043.4,985,1043.3,5194,5367819.9
2022-05-12,SIC,1064,1085,1030,1045,1565,1653153
2022-05-17,SIC,1030,1030,981,985,2146,2151937.8
2022-05-18,SIC,965.3,984,946.2,976,1868,1799563
2022-05-19,SIC,990,995.5,961.3,963.1,907,881706.2
2022-05-20,SIC,970,970,956.5,957,832,798075
2022-05-23,SIC,975,975,930,931,2084,1992159.4
2022-05-24,SIC,925,928,878,910,2998,2709602.5
2022-05-25,SIC,911,925,902,903,649,591191.7
2022-05-26,SIC,921,930,895.1,913,1347,1227567.2
2022-05-27,SIC,900,930,900,914,844,774339
2022-05-30,SIC,895.8,928.2,885,885,1610,1436517.5
2022-05-31,SIC,885,885,830,846.6,4368,3686419.9
2022-06-01,SIC,845,851,830,830,1555,1303178.2
2022-06-02,SIC,839.9,839.9,795.2,839,1666,1350774
2022-06-03,SIC,825,829.5,815,815,855,701594
2022-06-06,SIC,801,815,768.4,810,1801,1406807.2
2022-06-07,SIC,795,800,795,795,587,466852.2
2022-06-08,SIC,795,868,792,865,4092,3331126
2022-06-09,SIC,882.3,882.3,846,858,889,764125.5
2022-06-10,SIC,848,848,776.6,845,822,682048
2022-06-13,SIC,861.9,861.9,801,845,1184,967110.9
2022-06-14,SIC,828.1,828.1,780.3,790,3701,2926859.4
2022-06-15,SIC,805.8,805.8,768.1,786,2031,1579007.1
2022-06-16,SIC,770.3,801,770.3,787,748,591845
2022-06-17,SIC,788,788,780,780,566,444464.1
2022-06-19,SIC,770,800.7,770,773,1391,1098920.2
2022-06-20,SIC,763,772.9,720,736,5495,4126221
2022-06-21,SIC,730,750,730,750,768,568563.5
2022-06-22,SIC,740.1,740.1,728,728.5,1027,752625.5
2022-06-23,SIC,720,720,696,700,2322,1641650.1
2022-06-24,SIC,700,724.9,686,724,1259,882307
2022-06-26,SIC,738,765,737,760,2644,1989879.6
2022-06-27,SIC,750,770,745,755,2405,1829291
2022-06-28,SIC,740,754,735,753,532,395916
2022-06-29,SIC,765,774.1,758,774.1,850,650408
2022-06-30,SIC,788,836,788,834.9,3912,3199869
2022-07-01,SIC,830,855,830,853.8,1921,1630704.8
2022-07-03,SIC,870,886.3,837,886.3,1451,1261171.5
2022-07-04,SIC,900,918,870,870,6038,5398360.3
2022-07-05,SIC,887.4,887.4,855,855,1638,1411562
2022-07-06,SIC,851,875,835,856,2137,1817043.1
2022-07-07,SIC,870,875,845.2,845.2,1136,974485.1
2022-07-08,SIC,846,860,840,860,799,679111.5
2022-07-11,SIC,843,846,827.2,840,2054,1717634.2
2022-07-12,SIC,823.2,848,807.1,841,2806,2343637.2
2022-07-13,SIC,857,870,840,870,1909,1637849.4
2023-01-26,SIC,887.4,957,887.4,910,17264,16088385.6
2023-01-29,SIC,928.2,930,870,870,15844,14023380.6
2023-01-30,SIC,855.1,855.1,799,814,8467,6956684.8
2023-01-31,SIC,800,825,770.2,779,4035,3171522.1
2023-02-01,SIC,763.7,770.1,749.1,750,9161,6922325.4
2023-02-02,SIC,755,760,736.2,759.6,5817,4344964.8
2023-02-05,SIC,750,765,746,752.3,4019,3034059.2
2023-02-06,SIC,759,764,752.4,760,2613,1989070.3
2023-02-07,SIC,763.9,795,763.9,794.9,5673,4403976.2
2023-02-08,SIC,810,812,790,798,5410,4311629
2023-02-09,SIC,798,805,784,799.8,9228,7327459.9
2023-02-12,SIC,705,725,686,691,6724,4742602.8
2023-02-14,SIC,691,705.9,688,688,8156,5693150.6
2023-02-15,SIC,701,701,689,689,2201,1526174
2023-02-16,SIC,688.1,699,684,689,3625,2493385.4
2023-02-20,SIC,700,700,682,684,1101,758692.6
2023-02-22,SIC,676,689,675,683,2564,1753280.1
2023-02-23,SIC,670,674.9,669,674.9,1853,1242954.2
2023-02-26,SIC,661.5,672,651,660,3567,2369353.7
2023-02-27,SIC,661.1,666,653,660,1641,1080757
2023-02-28,SIC,650.2,670,650,662,877,577789.5
2023-03-01,SIC,663,674,663,669,2022,1346722.3
2023-03-02,SIC,666,674,665.5,671,3459,2303254.7
2023-03-05,SIC,676.1,676.1,663,663,1481,987797
2023-03-07,SIC,660,673,660,668,1323,881474
2023-03-09,SIC,661,700,661,700,1304,890126.9
2023-03-12,SIC,688.1,694,650,666,1247,835527.2
