date,symbol,open,high,low,close,volume,turnover
2011-03-25,SICL,302,301,296,301,70,20770
2011-03-31,SICL,301,299,295,299,20,5940
2011-04-11,SICL,299,304,289,304,50,14800
2011-04-13,SICL,304,316,310,316,30,9420
2011-04-17,SICL,316,322,322,322,10,3220
2011-04-20,SICL,322,322,322,322,150,48300
2011-04-26,SICL,322,328,328,328,10,3280
2011-05-10,SICL,328,322,316,316,460,145420
2011-05-22,SICL,316,310,304,304,60,18420
2011-06-08,SICL,304,298,293,293,140,41070
2011-06-26,SICL,293,293,283,293,90,25820
2011-06-27,SICL,293,298,298,298,20,5960
2011-06-30,SICL,298,303,303,303,10,3030
2011-07-13,SICL,303,297,287,287,80,23110
2011-07-14,SICL,287,314,292,314,90,27340
2011-07-20,SICL,314,308,302,302,40,12200
2011-07-24,SICL,302,308,308,308,10,3080
2011-08-16,SICL,308,308,308,308,180,55440
2011-08-17,SICL,308,302,302,302,100,30200
2011-09-04,SICL,302,296,296,296,10,2960
2011-09-07,SICL,296,291,281,281,90,25540
2011-09-13,SICL,281,276,276,276,20,5520
2011-09-15,SICL,276,271,251,251,300,76550
2011-09-22,SICL,251,250,250,250,90,22500
2011-10-31,SICL,250,245,245,245,10,2450
2011-11-20,SICL,245,241,241,241,150,36150
2011-12-05,SICL,241,249,237,249,170,40810
2011-12-06,SICL,249,245,241,241,2060,504580
2011-12-07,SICL,241,237,218,222,690,156840
2011-12-12,SICL,222,218,202,206,350,72420
2011-12-13,SICL,206,210,186,210,4890,932320
2011-12-14,SICL,210,214,206,210,1260,263740
2011-12-15,SICL,210,206,206,206,260,53560
2011-12-18,SICL,206,218,206,210,1520,315040
2011-12-19,SICL,210,210,202,202,720,147710
2011-12-20,SICL,202,200,199,200,140,27950
2011-12-21,SICL,200,220,204,220,90,18880
2011-12-22,SICL,220,216,212,216,200,42800
2011-12-26,SICL,216,232,216,232,100,22400
2011-12-27,SICL,232,240,236,240,30,7120
2011-12-29,SICL,240,244,244,244,20,4880
2012-01-02,SICL,244,240,234,236,140,33160
2012-01-03,SICL,236,240,240,240,40,9600
2012-01-04,SICL,240,244,244,244,20,4880
2012-01-05,SICL,244,246,238,238,3580,862000
2012-01-08,SICL,238,244,240,240,310,74480
2012-01-09,SICL,240,238,238,238,100,23800
2012-01-10,SICL,238,246,242,246,40,9760
2012-01-11,SICL,246,242,242,242,40,9680
2012-01-17,SICL,242,245,226,245,190,44100
2012-01-29,SICL,245,241,221,241,210,47890
2012-02-02,SICL,241,257,245,257,70,17610
2012-02-09,SICL,257,252,247,247,2220,548390
2012-02-21,SICL,247,243,223,235,4180,949740
2012-02-23,SICL,235,242,223,242,4210,955740
2012-02-26,SICL,242,246,222,238,4190,948460
2012-02-27,SICL,238,234,234,234,4000,936000
2012-02-28,SICL,234,230,230,230,4000,920000
2012-02-29,SICL,230,243,218,243,4310,957820
2012-03-01,SICL,243,246,235,246,3040,726630
2012-03-04,SICL,246,242,233,241,3100,734910
2012-03-11,SICL,241,241,241,241,50,12050
2012-03-19,SICL,241,237,233,233,20,4700
2012-03-20,SICL,233,245,237,245,30,7230
2012-03-29,SICL,245,249,249,249,10,2490
2012-04-02,SICL,249,245,229,241,510,120870
2012-04-10,SICL,241,249,245,249,30,7390
2012-04-18,SICL,249,258,253,253,30,7640
2012-04-19,SICL,253,258,228,228,80,19390
2012-04-22,SICL,228,248,224,248,560,126480
2012-04-24,SICL,248,252,252,252,10,2520
2012-04-26,SICL,252,258,253,258,110,27930
2012-04-30,SICL,258,258,253,258,60,15230
2012-05-09,SICL,258,268,258,268,120,31110
2012-05-10,SICL,268,263,263,263,30,7890
2012-05-13,SICL,263,258,258,258,100,25800
2012-05-15,SICL,258,253,253,253,30,7590
2012-05-20,SICL,253,258,255,255,460,118080
2012-05-22,SICL,255,250,237,245,550,132460
2012-05-24,SICL,245,253,244,244,220,54220
2012-05-27,SICL,244,248,248,248,10,2480
2012-05-29,SICL,248,252,252,252,10,2520
2012-05-30,SICL,252,261,257,261,20,5180
2012-06-04,SICL,261,256,242,242,450,112600
2012-06-05,SICL,242,260,238,260,2130,508540
2012-06-06,SICL,260,255,250,250,60,15150
2012-06-07,SICL,250,253,237,253,1570,374730
2012-06-10,SICL,253,252,244,252,480,117640
2012-06-11,SICL,252,251,247,251,410,101310
2012-06-12,SICL,251,246,246,246,100,24600
2012-06-13,SICL,246,250,245,249,260,63970
2012-06-14,SICL,249,248,241,241,590,142950
2012-06-17,SICL,241,237,237,237,10,2370
2012-06-18,SICL,237,253,233,253,830,195110
2012-06-19,SICL,253,248,240,240,300,73200
2012-06-20,SICL,240,244,244,244,10,2440
2012-06-21,SICL,244,248,240,248,310,74960
2012-06-25,SICL,248,257,252,257,20,5090
2012-06-26,SICL,257,252,252,252,50,12600
2012-06-27,SICL,252,257,257,257,10,2570
2012-06-28,SICL,257,256,247,256,120,30020
2012-07-01,SICL,256,251,251,251,30,7530
2012-07-02,SICL,251,246,239,239,700,168200
2012-07-03,SICL,239,243,239,239,90,21560
2012-07-04,SICL,239,243,235,243,230,54170
2012-07-05,SICL,243,247,247,247,20,4940
2012-07-08,SICL,247,261,251,261,200,51700
2012-07-09,SICL,261,276,265,271,250,66850
2012-07-10,SICL,271,291,276,291,1090,301480
2012-07-11,SICL,291,289,289,289,50,14450
2012-07-12,SICL,289,284,284,284,500,142000
2012-07-17,SICL,284,285,284,285,110,31250
2012-07-19,SICL,285,280,280,280,20,5600
2012-07-23,SICL,280,285,285,285,10,2850
2012-08-08,SICL,285,280,270,270,2680,732100
2012-08-16,SICL,270,265,243,243,1670,407050
2012-08-19,SICL,243,243,239,243,80,19240
2012-08-21,SICL,243,255,239,255,370,89350
2012-08-22,SICL,255,253,238,253,520,126730
2012-08-26,SICL,253,278,248,278,3720,996580
2012-08-27,SICL,278,295,283,290,2370,676480
2012-08-28,SICL,290,297,286,292,1400,407510
2012-08-29,SICL,292,308,297,307,930,282370
2012-08-30,SICL,307,324,312,324,5460,1704960
2012-09-02,SICL,324,334,322,322,240,77760
2012-09-03,SICL,322,325,316,322,620,198050
2012-09-04,SICL,322,328,322,328,220,70960
2012-09-05,SICL,328,322,322,322,100,32200
2012-09-06,SICL,322,316,304,307,940,290650
2012-09-09,SICL,307,314,308,314,1170,365840
2012-09-10,SICL,314,324,319,324,500,161120
2012-09-11,SICL,324,336,324,336,1100,368940
2012-09-12,SICL,336,364,341,356,1540,535700
2012-09-13,SICL,356,350,350,350,1000,350000
2012-09-16,SICL,350,370,357,370,990,365570
2012-09-17,SICL,370,377,377,377,80,30160
2012-09-18,SICL,377,384,370,370,230,85380
2012-09-20,SICL,370,363,349,349,90,31830
2012-09-24,SICL,349,355,355,355,10,3550
2012-09-25,SICL,355,348,332,336,1510,513740
2012-09-26,SICL,336,340,330,340,570,193220
2012-09-30,SICL,346,373,350,366,2490,878730
2012-10-02,SICL,366,372,365,365,30,11090
2012-10-03,SICL,365,358,345,345,110,38200
2012-10-04,SICL,345,357,350,357,100,35210
2012-10-07,SICL,357,375,364,375,740,276700
2012-10-08,SICL,375,375,368,368,850,315740
2012-10-09,SICL,368,362,361,361,1020,368240
2012-10-10,SICL,361,368,354,354,70,24990
2012-10-11,SICL,354,361,350,354,2300,808290
2012-10-14,SICL,354,352,350,350,350,123020
2012-10-15,SICL,350,350,348,348,300,104940
2012-10-17,SICL,348,352,352,352,90,31680
2012-10-18,SICL,352,381,359,381,200,73440
2012-11-01,SICL,381,378,374,378,860,323680
2012-11-04,SICL,378,381,377,381,2750,1045430
2012-11-05,SICL,381,374,368,368,40,14840
2012-11-07,SICL,368,375,375,375,900,337500
2012-11-08,SICL,375,400,381,400,1910,757470
2012-11-11,SICL,400,407,407,407,10,4070
2012-11-12,SICL,407,405,399,405,380,153240
2012-11-18,SICL,405,397,397,397,20,7940
2012-11-20,SICL,397,406,404,406,30,12160
2012-11-21,SICL,406,398,391,391,1580,617990
2012-11-22,SICL,391,384,384,384,240,92160
2012-11-25,SICL,384,384,384,384,70,26880
2012-11-26,SICL,384,380,380,380,500,190000
2012-11-27,SICL,380,386,372,372,2090,779230
2012-11-28,SICL,372,394,379,394,190,72510
2012-11-29,SICL,394,387,387,387,120,46440
2012-12-03,SICL,387,380,380,380,100,38000
2012-12-06,SICL,380,374,374,374,10,3740
2012-12-12,SICL,374,381,381,381,20,7620
2012-12-13,SICL,381,388,381,381,150,57410
2012-12-16,SICL,381,395,381,395,60,23210
2012-12-17,SICL,395,403,394,403,6050,2420630
2012-12-18,SICL,403,400,400,400,70,28000
2012-12-23,SICL,400,408,408,408,10,4080
2012-12-24,SICL,408,408,400,400,2220,900480
2012-12-26,SICL,400,416,405,416,270,109550
2012-12-27,SICL,416,409,409,409,100,40900
2013-01-01,SICL,409,418,409,410,2290,938380
2013-01-02,SICL,410,402,394,394,11710,4700140
2013-01-03,SICL,394,387,387,387,20,7740
2013-01-07,SICL,387,424,394,424,190,78830
2013-01-08,SICL,424,432,432,432,30,12960
2013-01-09,SICL,432,440,439,440,60,26390
2013-01-10,SICL,440,452,445,452,270,121440
2013-01-15,SICL,452,458,449,449,310,139550
2013-01-16,SICL,449,453,445,453,320,143660
2013-01-17,SICL,453,461,455,461,40,18320
2013-01-20,SICL,461,452,452,452,170,76840
2013-01-21,SICL,452,450,450,450,170,76500
2013-01-23,SICL,450,450,441,441,1130,505800
2013-01-24,SICL,441,449,435,449,580,253520
2013-01-27,SICL,449,450,450,450,30,13500
2013-01-28,SICL,450,450,450,450,20,9000
2013-01-30,SICL,450,459,459,459,20,9180
2013-02-04,SICL,459,464,464,464,30,13920
2013-02-06,SICL,464,491,473,491,40,19370
2013-02-07,SICL,491,504,494,494,250,124180
2013-02-10,SICL,494,502,490,502,90,44880
2013-02-13,SICL,502,502,492,502,120,59720
2013-02-14,SICL,502,512,512,512,20,10240
2013-02-17,SICL,512,518,518,518,100,51800
2013-02-19,SICL,518,548,528,548,50,26900
2013-02-20,SICL,548,558,558,558,10,5580
2013-02-21,SICL,558,565,565,565,10,5650
2013-02-24,SICL,565,554,523,523,450,240150
2013-02-25,SICL,523,553,533,542,250,134730
2013-02-26,SICL,542,542,532,542,220,117240
2013-02-27,SICL,542,541,531,531,360,192770
2013-02-28,SICL,531,521,515,515,70,36410
2013-03-06,SICL,508,500,500,500,50,25000
2013-03-07,SICL,500,500,490,500,2070,1021800
2013-03-11,SICL,500,495,495,495,90,44550
2013-03-13,SICL,495,495,480,480,960,463670
2013-03-18,SICL,480,473,472,473,520,245500
2013-03-19,SICL,473,482,482,482,20,9640
2013-03-20,SICL,482,475,475,475,300,142500
2013-03-25,SICL,475,470,470,470,60,28200
2013-03-27,SICL,470,475,465,465,560,261570
2013-03-28,SICL,465,460,444,444,1280,576390
2013-04-01,SICL,444,444,444,444,100,44400
2013-04-02,SICL,444,451,444,451,450,200350
2013-04-03,SICL,451,442,442,442,110,48620
2013-04-04,SICL,442,450,442,450,300,132680
2013-04-07,SICL,450,455,446,446,90,40590
2013-04-08,SICL,446,452,446,452,230,103340
2013-04-09,SICL,452,452,452,452,50,22600
2013-04-11,SICL,452,460,460,460,100,46000
2013-04-18,SICL,460,451,451,451,500,225500
2013-04-21,SICL,451,446,437,437,600,264700
2013-04-22,SICL,437,429,429,429,10,4290
2013-04-23,SICL,429,437,437,437,500,218500
2013-04-29,SICL,437,430,429,429,1000,429500
2013-04-30,SICL,429,450,437,450,380,168000
2013-05-06,SICL,450,445,441,441,400,176800
2013-05-08,SICL,441,433,433,433,100,43300
2013-05-12,SICL,433,441,440,440,2100,924100
2013-05-13,SICL,440,447,439,447,460,202740
2013-05-14,SICL,447,455,445,445,2010,899650
2013-05-15,SICL,445,450,450,450,100,45000
2013-05-16,SICL,450,459,450,450,2010,907430
2013-05-19,SICL,450,487,451,487,1210,551680
2013-05-20,SICL,487,479,470,470,2470,1167580
2013-05-21,SICL,470,475,470,470,130,61250
2013-05-22,SICL,470,461,461,461,200,92200
2013-05-23,SICL,461,480,456,480,190,87990
2013-05-26,SICL,480,498,489,498,30,14760
2013-05-27,SICL,498,547,507,547,4250,2289710
2013-05-28,SICL,547,601,557,601,10150,6087290
2013-05-30,SICL,601,654,594,594,7420,4640020
2013-06-02,SICL,594,589,540,540,3140,1767130
2013-06-03,SICL,540,570,505,510,4240,2251180
2013-06-04,SICL,510,520,520,520,940,488800
2013-06-13,SICL,520,386,371,384,170,65100
2013-06-18,SICL,384,377,356,356,210,76790
2013-06-23,SICL,356,384,356,384,240,86140
2013-06-24,SICL,384,391,391,391,10,3910
2013-07-02,SICL,391,398,398,398,10,3980
2013-07-03,SICL,398,398,377,377,590,226070
2013-07-08,SICL,377,377,377,377,200,75400
2013-07-10,SICL,377,384,384,384,500,192000
2013-07-11,SICL,384,385,385,385,1000,385000
2013-07-15,SICL,385,406,392,406,30,11970
2013-07-16,SICL,406,414,414,414,10,4140
2013-07-17,SICL,414,406,398,398,200,80400
2013-07-21,SICL,398,400,400,400,360,144000
2013-07-23,SICL,400,440,405,440,3080,1346220
2013-07-24,SICL,440,474,448,465,380,174150
2013-07-25,SICL,465,457,447,447,260,118230
2013-07-28,SICL,447,485,455,485,2660,1253780
2013-07-29,SICL,485,494,485,490,2030,988740
2013-07-30,SICL,490,499,481,490,4120,2011850
2013-07-31,SICL,490,499,499,499,20,9980
2013-08-01,SICL,499,499,480,485,2426,1177906
2013-08-04,SICL,485,492,485,492,68,33120
2013-08-05,SICL,492,483,472,475,920,436400
2013-08-06,SICL,475,502,475,489,1750,851592
2013-08-07,SICL,489,490,482,482,1550,750600
2013-08-08,SICL,482,485,478,480,330,158500
2013-08-11,SICL,480,480,480,480,40,19200
2013-08-12,SICL,480,475,472,472,120,56940
2013-08-13,SICL,472,499,481,490,1484,721990
2013-08-14,SICL,490,499,490,490,180,88290
2013-08-15,SICL,490,510,490,500,1582,791546
2013-08-18,SICL,500,528,508,521,13836,7107818
2013-08-19,SICL,521,515,500,508,4894,2483764
2013-08-20,SICL,508,510,500,506,12662,6358268
2013-08-25,SICL,506,529,510,528,3852,1999852
2013-08-26,SICL,528,528,509,509,1424,735366
2013-08-27,SICL,509,511,509,510,1528,778880
2013-08-29,SICL,510,520,502,512,2220,1122800
2013-09-01,SICL,512,520,510,510,3622,1849870
2013-09-02,SICL,510,520,510,520,912,467632
2013-09-03,SICL,520,540,513,515,2290,1178180
2013-09-04,SICL,515,521,511,511,58,29938
2013-09-05,SICL,511,508,501,501,460,230880
2013-09-08,SICL,501,511,511,511,42,21462
2013-09-09,SICL,511,510,501,501,104,52464
2013-09-10,SICL,501,491,483,485,478,231238
2013-09-11,SICL,485,499,476,499,694,340190
2013-09-12,SICL,499,500,500,500,120,60000
2013-09-15,SICL,500,505,495,505,1080,538900
2013-09-16,SICL,505,500,500,500,330,165000
2013-09-17,SICL,500,509,500,509,1296,651964
2013-09-19,SICL,509,530,509,525,4464,2323956
2013-09-22,SICL,525,525,515,515,714,368630
2013-09-23,SICL,515,507,500,500,800,401920
2013-09-24,SICL,500,500,500,500,400,200000
2013-09-25,SICL,500,510,510,510,300,153000
2013-09-26,SICL,510,520,510,510,22,11320
2013-09-29,SICL,510,510,510,510,500,255000
2013-09-30,SICL,510,505,505,505,200,101000
2013-10-02,SICL,505,495,495,495,40,19800
2013-10-03,SICL,495,495,495,495,80,39600
2013-10-08,SICL,495,520,500,512,18268,9302880
2013-10-09,SICL,512,515,515,515,162,83430
2013-10-10,SICL,515,520,511,511,782,403070
2013-10-20,SICL,511,515,512,512,640,328100
2013-10-21,SICL,512,525,515,525,1300,673680
2013-10-22,SICL,525,518,481,481,324,166872
2013-10-23,SICL,481,500,490,500,518,254786
2013-10-24,SICL,500,515,510,515,1550,793650
2013-10-27,SICL,515,505,505,505,500,252500
2013-10-28,SICL,505,530,500,530,192,97770
2013-10-29,SICL,530,545,525,525,238,126660
2013-10-31,SICL,525,518,515,518,200,103330
2013-11-06,SICL,518,526,520,526,1890,989350
2013-11-07,SICL,526,555,526,532,2004,1065224
2013-11-10,SICL,532,550,540,540,220,119840
2013-11-11,SICL,540,550,530,540,810,434000
2013-11-12,SICL,540,561,550,550,232,128700
2013-11-13,SICL,550,560,544,544,670,368600
2013-11-14,SICL,544,554,530,530,882,482000
2013-11-21,SICL,530,561,540,561,30,16510
2013-11-24,SICL,561,590,572,575,1780,1035030
2013-11-25,SICL,575,575,564,564,380,215462
2013-11-26,SICL,564,620,570,592,6190,3713310
2013-11-27,SICL,595,615,590,596,984,588808
2013-11-28,SICL,596,614,597,614,1778,1082646
2013-12-01,SICL,614,651,626,640,3320,2134582
2013-12-02,SICL,645,709,642,704,12306,8495840
2013-12-03,SICL,704,774,711,774,1994,1481960
2013-12-04,SICL,774,851,789,845,6904,5850788
2013-12-05,SICL,845,900,861,870,1368,1198840
2013-12-08,SICL,870,887,836,838,3336,2870690
2013-12-09,SICL,838,822,779,779,1752,1395874
2013-12-10,SICL,779,778,736,736,1020,769530
2013-12-11,SICL,736,750,701,701,2198,1586408
2013-12-12,SICL,701,760,687,760,6626,4752018
2013-12-15,SICL,760,805,760,805,1544,1209538
2013-12-16,SICL,805,826,800,826,1730,1388860
2013-12-18,SICL,826,842,826,842,250,208100
2013-12-19,SICL,842,850,826,835,3130,2604400
2013-12-22,SICL,835,851,845,845,1170,994234
2013-12-23,SICL,845,845,824,842,3454,2893940
2013-12-24,SICL,842,834,830,832,1050,874040
2013-12-26,SICL,832,850,848,850,800,679500
2013-12-29,SICL,850,850,834,850,1936,1627068
2013-12-31,SICL,850,834,820,820,420,345674
2014-01-01,SICL,820,836,775,775,2180,1728350
2014-01-02,SICL,775,805,765,805,4708,3655502
2014-01-05,SICL,805,800,789,789,200,158900
2014-01-06,SICL,789,789,760,775,598,459142
2014-01-07,SICL,775,770,770,770,500,385000
2014-01-08,SICL,770,795,776,790,1960,1529700
2014-01-09,SICL,790,800,781,781,992,777730
2014-01-12,SICL,781,810,775,810,2034,1604090
2014-01-13,SICL,810,891,826,890,2622,2292568
2014-01-14,SICL,890,979,907,979,1498,1435062
2014-01-16,SICL,979,1043,985,1035,3546,3616042
2014-01-19,SICL,1035,1064,1025,1037,3186,3314990
2014-01-20,SICL,1037,1025,1000,1015,1544,1558748
2014-01-21,SICL,1015,1020,1002,1010,3102,3122048
2014-01-22,SICL,1010,1010,1000,1000,484,486040
2014-01-23,SICL,1000,1001,1000,1000,116,116060
2014-01-26,SICL,1000,990,975,980,376,368900
2014-01-27,SICL,980,990,960,960,530,513668
2014-01-28,SICL,960,1013,975,1013,168,165662
2014-01-29,SICL,1013,1053,977,977,2992,3030760
2014-02-02,SICL,977,985,960,960,2442,2388070
2014-02-03,SICL,960,1000,960,1000,1858,1796108
2014-02-04,SICL,1000,1040,1005,1010,2680,2717100
2014-02-06,SICL,1000,1000,980,1000,1150,1129940
2014-02-09,SICL,1000,1000,1000,1000,200,200000
2014-02-10,SICL,1000,1060,1000,1055,2476,2547130
2014-02-11,SICL,1055,1034,1005,1005,1580,1599310
2014-02-12,SICL,1005,1010,1000,1010,332,333540
2014-02-13,SICL,1010,1030,1030,1030,928,955840
2014-02-16,SICL,1030,1112,1035,1100,4156,4513170
2014-02-17,SICL,1100,1144,1122,1125,4670,5281800
2014-02-18,SICL,1125,1169,1139,1145,4004,4598500
2014-02-20,SICL,1145,1224,1167,1200,2984,3583160
2014-02-23,SICL,1200,1240,1200,1206,4034,4909456
2014-02-24,SICL,1206,1210,1200,1200,222,267492
2014-02-25,SICL,1200,1200,1180,1190,380,452000
2014-02-26,SICL,1190,1205,1180,1185,1422,1686110
2014-03-03,SICL,1185,1190,1180,1180,300,355000
2014-03-04,SICL,1180,1157,1155,1155,214,247198
2014-03-05,SICL,1155,1175,1160,1161,554,643980
2014-03-06,SICL,1161,1175,1155,1155,314,364450
2014-03-09,SICL,1155,1132,1080,1130,3006,3298250
2014-03-10,SICL,1130,1110,1069,1101,2588,2805646
2014-03-11,SICL,1101,1130,1100,1130,1690,1884000
2014-03-12,SICL,1130,1135,1122,1130,4700,5309904
2014-03-17,SICL,1120,1120,1100,1100,428,474800
2014-03-18,SICL,1100,1090,1075,1075,928,1002070
2014-03-19,SICL,1075,1098,1040,1098,4990,5232270
2014-03-20,SICL,1098,1150,1119,1150,998,1124616
2014-03-23,SICL,1150,1151,1150,1150,670,771000
2014-03-24,SICL,1150,1161,1155,1160,1292,1493098
2014-03-25,SICL,1160,1254,1171,1180,8788,10451330
2014-03-26,SICL,1180,1192,1180,1182,2908,3447294
2014-03-27,SICL,1182,1215,1143,1150,9724,11444006
2014-03-31,SICL,1150,1203,1150,1192,8762,10359690
2014-04-01,SICL,1192,1215,1190,1210,10878,13041492
2014-04-06,SICL,840,856,856,856,56,47936
2014-04-10,SICL,856,907,873,907,38,33888
2014-04-13,SICL,907,980,925,940,1258,1186870
2014-04-16,SICL,940,940,940,940,154,144760
2014-04-17,SICL,940,958,958,958,10,9580
2014-04-20,SICL,958,960,960,960,100,96000
2014-04-22,SICL,960,975,975,975,188,183300
2014-04-23,SICL,975,991,960,960,500,487300
2014-04-28,SICL,960,950,950,950,100,95000
2014-04-29,SICL,950,940,925,925,200,186500
2014-04-30,SICL,925,915,907,907,300,273700
2014-05-04,SICL,907,895,889,894,2090,1862328
2014-05-05,SICL,894,911,880,890,2796,2510128
2014-05-06,SICL,890,873,839,855,1232,1047310
2014-05-07,SICL,855,895,838,895,730,631330
2014-05-11,SICL,895,915,895,895,390,351820
2014-05-12,SICL,895,910,900,900,830,747600
2014-05-13,SICL,900,918,882,882,8640,7758300
2014-05-15,SICL,882,900,899,900,300,269900
2014-05-18,SICL,900,900,900,900,72,64800
2014-05-19,SICL,900,910,887,887,400,360700
2014-05-20,SICL,887,910,900,900,530,478800
2014-05-21,SICL,900,895,885,890,972,865686
2014-05-22,SICL,890,899,882,890,1700,1511700
2014-05-25,SICL,890,943,900,943,1382,1257020
2014-05-26,SICL,943,925,925,925,42,38850
2014-05-27,SICL,925,950,935,935,1074,1007580
2014-05-28,SICL,935,965,950,960,1642,1568720
2014-06-01,SICL,960,1056,979,990,2142,2154352
2014-06-02,SICL,990,1029,981,990,7042,7018202
2014-06-03,SICL,990,1009,972,972,1706,1688170
2014-06-04,SICL,972,980,961,975,624,604130
2014-06-05,SICL,975,956,920,938,4396,4092748
2014-06-09,SICL,828,885,840,885,1200,1019160
2014-06-10,SICL,885,884,884,884,28,24752
2014-06-11,SICL,884,887,870,887,150,131350
2014-06-12,SICL,887,870,853,853,504,433312
2014-06-15,SICL,853,836,807,807,200,163500
2014-06-16,SICL,807,823,810,823,304,248892
2014-06-17,SICL,823,823,823,823,78,64194
2014-06-18,SICL,823,846,824,846,2514,2091190
2014-06-19,SICL,846,852,840,845,3040,2556670
2014-06-23,SICL,845,856,840,855,2926,2494622
2014-06-24,SICL,855,860,850,855,1584,1354250
2014-06-25,SICL,855,850,850,850,28,23800
2014-06-26,SICL,850,864,864,864,388,335232
2014-06-29,SICL,864,861,843,861,1636,1403804
2014-06-30,SICL,861,865,860,865,500,431500
2014-07-01,SICL,865,897,848,897,8152,6969680
2014-07-02,SICL,897,932,914,929,1076,996934
2014-07-03,SICL,929,915,911,911,430,392250
2014-07-06,SICL,911,925,915,925,742,681766
2014-07-07,SICL,925,972,935,972,860,812580
2014-07-08,SICL,972,995,990,990,898,890010
2014-07-09,SICL,990,971,960,960,350,338200
2014-07-13,SICL,960,959,959,959,200,191800
2014-07-14,SICL,959,940,940,940,832,782080
2014-07-15,SICL,940,940,940,940,358,336520
2014-07-16,SICL,940,940,922,940,1810,1676746
2014-07-17,SICL,940,955,940,940,210,197700
2014-07-20,SICL,940,955,940,955,1822,1731310
2014-07-23,SICL,955,955,955,955,28,26740
2014-07-24,SICL,955,940,936,936,555,520280
2014-07-30,SICL,936,930,930,930,300,279000
2014-07-31,SICL,930,915,882,905,670,602942
2014-08-03,SICL,905,900,900,900,100,90000
2014-08-04,SICL,900,910,866,883,506,448148
2014-08-05,SICL,883,866,866,866,370,320420
2014-08-06,SICL,866,852,850,851,466,396562
2014-08-07,SICL,851,850,833,833,1040,872980
2014-08-13,SICL,833,840,818,840,302,249098
2014-08-14,SICL,840,861,845,861,450,383300
2014-08-18,SICL,861,860,855,855,4431,3791860
2014-08-19,SICL,855,872,855,860,412,354540
2014-08-20,SICL,860,850,831,831,2512,2113626
2014-08-21,SICL,831,815,814,814,250,203600
2014-08-24,SICL,814,800,733,733,846,661614
2014-08-25,SICL,733,720,682,682,1441,1006087
2014-08-26,SICL,682,722,682,722,530,362250
2014-08-27,SICL,722,794,736,794,2386,1872472
2014-08-28,SICL,794,840,790,790,6557,5336751
2014-08-31,SICL,790,815,789,799,3587,2880138
2014-09-01,SICL,799,785,769,780,1139,886579
2014-09-03,SICL,780,780,770,770,555,429200
2014-09-04,SICL,770,770,732,732,497,377974
2014-09-07,SICL,732,720,692,700,459,325037
2014-09-09,SICL,700,739,710,739,640,463746
2014-09-10,SICL,739,753,739,739,375,278525
2014-09-14,SICL,739,726,725,725,124,90000
2014-09-15,SICL,725,720,720,720,200,144000
2014-09-17,SICL,720,741,720,720,1311,955382
2014-09-21,SICL,720,706,675,675,552,380022
2014-09-22,SICL,675,662,639,645,893,573561
2014-09-23,SICL,645,709,657,709,944,656008
2014-09-24,SICL,709,705,705,705,500,352500
2014-09-28,SICL,705,730,719,730,709,514412
2014-09-29,SICL,730,760,741,760,1910,1434816
2014-09-30,SICL,760,790,765,785,2855,2228411
2014-10-08,SICL,785,800,759,759,2096,1598472
2014-10-09,SICL,759,775,750,775,3155,2402460
2014-10-12,SICL,775,792,780,789,1062,835728
2014-10-13,SICL,789,790,784,790,997,784885
2014-10-14,SICL,790,790,775,790,441,346480
2014-10-15,SICL,790,810,780,809,3169,2538475
2014-10-16,SICL,809,819,802,803,1754,1416508
2014-10-19,SICL,803,810,800,810,429,345200
2014-10-20,SICL,810,804,800,800,1876,1503756
2014-10-21,SICL,800,816,793,816,4012,3202570
2014-10-22,SICL,816,844,825,840,845,702190
2014-10-26,SICL,840,869,856,869,700,606330
2014-10-27,SICL,869,875,852,860,5013,4333124
2014-10-28,SICL,860,855,846,846,1246,1055910
2014-10-30,SICL,846,845,836,836,1789,1505421
2014-11-02,SICL,836,836,814,824,1807,1481531
2014-11-03,SICL,824,808,798,805,1005,804745
2014-11-04,SICL,805,802,785,802,950,754000
2014-11-05,SICL,802,818,810,818,654,532812
2014-11-06,SICL,818,825,815,825,602,493080
2014-11-09,SICL,825,809,809,809,70,56630
2014-11-10,SICL,809,794,794,794,118,93692
2014-11-11,SICL,794,780,780,780,416,324480
2014-11-12,SICL,780,785,780,782,344,268934
2014-11-13,SICL,782,772,772,772,85,65620
2014-11-16,SICL,772,802,786,786,490,385640
2014-11-17,SICL,786,790,762,762,350,272652
2014-11-18,SICL,762,790,760,770,891,682380
2014-11-19,SICL,770,801,780,801,1688,1317634
2014-11-20,SICL,801,801,795,796,1375,1096018
2014-11-23,SICL,796,820,800,820,1169,941090
2014-11-24,SICL,820,804,804,804,375,301500
2014-11-25,SICL,804,795,788,795,402,318140
2014-11-30,SICL,795,794,782,782,548,432456
2014-12-03,SICL,782,785,737,750,1052,803564
2014-12-04,SICL,750,736,735,735,492,361918
2014-12-08,SICL,735,721,707,715,1820,1297800
2014-12-09,SICL,715,706,705,706,319,225021
2014-12-10,SICL,706,720,706,718,1047,746081
2014-12-11,SICL,718,730,730,730,100,73000
2014-12-15,SICL,730,785,744,770,2216,1705672
2014-12-16,SICL,770,774,745,774,2037,1541163
2014-12-17,SICL,774,765,761,761,310,236270
2014-12-18,SICL,761,800,750,800,999,777645
2014-12-21,SICL,800,795,792,793,417,330643
2014-12-22,SICL,793,780,777,780,687,534853
2014-12-23,SICL,780,780,766,768,239,184044
2014-12-24,SICL,768,784,755,784,1926,1472988
2014-12-28,SICL,784,816,790,813,1211,980061
2014-12-29,SICL,813,800,797,797,882,703804
2014-12-31,SICL,797,790,790,790,233,184070
2015-01-01,SICL,790,808,795,808,90,72200
2015-01-04,SICL,808,820,805,820,574,467854
2015-01-05,SICL,820,811,804,811,970,781261
2015-01-06,SICL,811,809,800,809,1402,1129543
2015-01-07,SICL,809,810,795,809,1858,1498377
2015-01-08,SICL,809,825,820,824,557,458058
2015-01-11,SICL,824,830,830,830,250,207500
2015-01-12,SICL,830,839,815,839,1658,1353412
2015-01-13,SICL,839,865,810,865,2095,1755291
2015-01-14,SICL,865,866,840,840,491,414155
2015-01-18,SICL,840,840,840,840,34,28560
2015-01-19,SICL,840,883,850,860,781,673341
2015-01-25,SICL,860,845,812,840,1950,1616311
2015-01-26,SICL,840,872,855,872,302,259060
2015-01-27,SICL,872,855,833,833,1358,1133584
2015-01-28,SICL,833,840,829,835,1047,873070
2015-01-29,SICL,835,851,840,845,3906,3300325
2015-02-01,SICL,845,850,842,850,622,525124
2015-02-02,SICL,850,848,840,845,1770,1491738
2015-02-03,SICL,845,850,844,844,863,729079
2015-02-04,SICL,844,855,844,850,1876,1592755
2015-02-05,SICL,850,858,858,858,441,378378
2015-02-08,SICL,858,841,818,818,2241,1845894
2015-02-09,SICL,818,820,790,790,1627,1299334
2015-02-10,SICL,790,817,775,817,3329,2655640
2015-02-11,SICL,817,865,833,838,2753,2319988
2015-02-12,SICL,838,860,845,848,2133,1819251
2015-02-15,SICL,848,865,850,860,3144,2690638
2015-02-16,SICL,860,865,827,835,6100,5095948
2015-02-18,SICL,835,846,835,840,6233,5225904
2015-02-22,SICL,700,686,686,686,481,329966
2015-02-23,SICL,686,687,687,687,140,96180
2015-02-25,SICL,687,674,674,674,160,107840
2015-03-01,SICL,674,741,687,741,445,321923
2015-03-02,SICL,741,756,742,756,1555,1162794
2015-03-03,SICL,756,756,742,756,228,169914
2015-03-04,SICL,756,755,745,745,328,245720
2015-03-10,SICL,745,774,759,774,342,264558
2015-03-11,SICL,774,775,770,770,427,330365
2015-03-12,SICL,770,755,755,755,21,15855
2015-03-15,SICL,755,740,740,740,105,77700
2015-03-16,SICL,740,730,726,726,87,63326
2015-03-17,SICL,726,740,740,740,10,7400
2015-03-22,SICL,740,726,726,726,48,34848
2015-03-23,SICL,726,712,712,712,481,342472
2015-03-24,SICL,712,710,700,710,703,498954
2015-03-25,SICL,710,710,705,710,528,373480
2015-03-26,SICL,710,707,695,695,981,683316
2015-03-29,SICL,695,695,690,690,303,209630
2015-03-31,SICL,690,698,698,698,1000,698000
2015-04-02,SICL,698,705,685,688,510,351374
2015-04-05,SICL,688,676,676,676,210,141960
2015-04-06,SICL,676,676,676,676,140,94640
2015-04-08,SICL,676,683,670,683,487,329904
2015-04-09,SICL,683,699,675,699,996,682554
2015-04-12,SICL,699,712,712,712,16,11392
2015-04-13,SICL,712,715,715,715,40,28600
2015-04-15,SICL,715,701,674,674,430,292361
2015-04-16,SICL,674,677,671,677,619,416908
2015-05-25,SICL,677,664,610,610,100,64200
2015-05-26,SICL,610,598,576,576,60,35220
2015-05-27,SICL,576,565,523,523,82,44366
2015-05-28,SICL,523,513,490,495,442,219396
2015-05-31,SICL,495,500,495,500,120,59900
2015-06-02,SICL,500,510,510,510,150,76500
2015-06-04,SICL,510,511,511,511,93,47523
2015-06-07,SICL,511,521,521,521,10,5210
2015-06-11,SICL,521,572,531,572,527,291044
2015-06-15,SICL,572,602,583,602,1205,710976
2015-06-16,SICL,602,613,600,609,1396,840810
2015-06-17,SICL,609,603,601,603,487,293591
2015-06-18,SICL,603,615,610,610,974,596760
2015-06-21,SICL,610,615,615,615,500,307500
2015-06-22,SICL,615,630,620,622,5540,3441780
2015-06-23,SICL,622,646,634,646,442,281548
2015-06-24,SICL,646,687,653,687,383,256597
2015-06-25,SICL,687,675,674,674,220,148450
2015-06-28,SICL,674,697,680,697,818,563780
2015-06-29,SICL,697,726,710,725,894,646956
2015-06-30,SICL,725,711,695,695,370,258470
2015-07-01,SICL,695,695,682,695,5054,3471959
2015-07-02,SICL,695,708,694,705,2606,1820102
2015-07-05,SICL,705,705,700,705,2228,1567900
2015-07-06,SICL,705,704,700,700,676,474700
2015-07-07,SICL,700,705,701,705,820,576800
2015-07-08,SICL,705,719,705,705,140,100100
2015-07-09,SICL,705,705,691,705,550,384700
2015-07-12,SICL,705,700,690,690,1190,826800
2015-07-13,SICL,690,690,690,690,200,138000
2015-07-14,SICL,690,691,691,691,440,304040
2015-07-15,SICL,691,690,690,690,600,414000
2015-07-22,SICL,690,700,686,690,813,563570
2015-07-23,SICL,690,695,690,690,1359,941851
2015-08-03,SICL,690,703,690,703,540,374868
2015-08-04,SICL,703,707,692,695,1150,807500
2015-08-05,SICL,695,704,695,704,1331,931000
2015-08-06,SICL,704,724,710,724,158,112992
2015-08-11,SICL,724,752,724,752,2144,1574552
2015-08-12,SICL,752,805,755,792,8737,6881874
2015-08-13,SICL,792,871,807,871,11990,10124360
2015-08-16,SICL,871,958,888,958,9730,9282540
2015-08-17,SICL,958,1015,954,970,4729,4608252
2015-08-18,SICL,970,979,940,975,4519,4360481
2015-08-19,SICL,975,974,960,973,1118,1080996
2015-08-20,SICL,973,989,956,956,1087,1060790
2015-08-23,SICL,956,970,940,970,2273,2169322
2015-08-24,SICL,970,970,950,950,2152,2058996
2015-08-25,SICL,950,950,932,950,426,400152
2015-08-26,SICL,950,950,945,945,300,284000
2015-08-27,SICL,945,950,940,945,1796,1693600
2015-08-31,SICL,945,975,900,966,6608,6274352
2015-09-01,SICL,966,1020,960,960,3281,3218726
2015-09-02,SICL,960,985,941,941,1991,1922457
2015-09-03,SICL,941,950,942,946,1965,1862830
2015-09-06,SICL,946,950,935,941,1200,1131500
2015-09-07,SICL,941,955,930,947,3868,3630690
2015-09-08,SICL,947,965,956,965,1588,1529398
2015-09-09,SICL,965,989,966,989,2132,2068392
2015-09-10,SICL,989,989,950,952,6505,6257364
2015-09-13,SICL,952,989,970,985,2383,2332540
2015-09-14,SICL,985,1000,980,990,3972,3915086
2015-09-15,SICL,990,990,985,986,3225,3184764
2015-09-16,SICL,986,980,980,980,1000,980000
2015-09-17,SICL,980,999,965,998,2974,2918676
2015-09-22,SICL,998,979,960,960,1151,1106929
2015-09-23,SICL,960,989,970,985,640,623990
2015-09-24,SICL,985,985,966,966,2148,2085322
2015-09-28,SICL,966,965,947,965,942,896783
2015-09-29,SICL,965,970,960,965,1944,1877160
2015-09-30,SICL,965,962,952,962,2662,2545596
2015-10-01,SICL,962,975,950,950,1980,1885525
2015-10-04,SICL,950,975,940,960,798,768940
2015-10-05,SICL,960,955,950,951,1244,1186501
2015-10-06,SICL,951,950,940,947,1743,1645620
2015-10-07,SICL,947,938,935,938,350,327550
2015-10-08,SICL,938,950,930,950,1584,1482936
2015-10-11,SICL,950,931,918,918,275,253786
2015-10-14,SICL,918,920,884,884,101,91408
2015-10-19,SICL,884,923,890,905,852,769420
2015-10-29,SICL,905,887,870,870,172,152190
2015-11-01,SICL,870,870,865,865,1544,1336600
2015-11-02,SICL,865,875,865,875,796,693520
2015-11-04,SICL,875,866,863,863,350,302600
2015-11-05,SICL,863,865,852,852,897,768080
2015-11-08,SICL,852,868,868,868,10,8680
2015-11-09,SICL,868,885,885,885,20,17700
2015-11-18,SICL,885,887,868,886,836,739498
2015-11-19,SICL,886,874,870,874,800,696800
2015-11-22,SICL,874,857,857,857,100,85700
2015-11-23,SICL,857,842,814,840,1367,1143190
2015-11-24,SICL,840,826,816,821,1963,1608811
2015-11-25,SICL,821,830,791,791,1458,1169840
2015-11-26,SICL,791,815,786,805,3745,2987624
2015-11-29,SICL,805,800,775,800,1542,1217360
2015-11-30,SICL,800,800,800,800,354,283200
2015-12-01,SICL,800,836,815,835,2489,2056657
2015-12-02,SICL,835,858,815,841,1775,1469701
2015-12-03,SICL,841,857,856,857,510,436670
2015-12-06,SICL,857,942,873,942,7892,7229404
2015-12-07,SICL,942,951,924,942,10675,10075172
2015-12-08,SICL,942,945,927,940,1179,1107979
2015-12-09,SICL,940,1005,955,965,3872,3779955
2015-12-10,SICL,965,999,945,999,4455,4241781
2015-12-13,SICL,999,1055,980,985,4693,4691865
2015-12-14,SICL,985,1004,995,1001,3587,3587824
2015-12-15,SICL,1001,1101,1021,1101,20795,22320702
2015-12-16,SICL,1101,1130,1089,1121,20996,23212618
2015-12-17,SICL,1121,1132,1103,1130,11736,13187789
2015-12-20,SICL,1130,1108,1081,1081,561,612394
2015-12-21,SICL,1081,1116,1090,1116,458,501360
2015-12-22,SICL,1116,1114,1100,1114,2685,2982254
2015-12-23,SICL,1114,1225,1136,1152,19127,21895820
2015-12-24,SICL,1152,1174,1146,1148,6334,7297318
2015-12-27,SICL,1148,1193,1156,1193,7341,8539852
2015-12-28,SICL,1193,1210,1190,1200,5146,6171379
2015-12-29,SICL,1200,1240,1202,1240,5501,6689150
2015-12-31,SICL,1240,1298,1250,1298,7639,9691285
2016-01-03,SICL,1298,1377,1310,1377,7422,9959295
2016-01-04,SICL,1377,1424,1345,1379,6993,9595832
2016-01-05,SICL,1379,1365,1330,1348,5145,6959602
2016-01-06,SICL,1348,1350,1332,1350,4516,6057551
2016-01-07,SICL,1350,1397,1332,1350,2930,3994688
2016-01-10,SICL,1350,1369,1325,1341,4498,6054685
2016-01-11,SICL,1341,1350,1315,1340,4602,6142040
2016-01-12,SICL,1340,1339,1313,1315,2626,3464828
2016-01-13,SICL,1315,1309,1289,1297,4122,5356350
2016-01-14,SICL,1297,1340,1305,1320,8743,11529653
2016-01-17,SICL,1320,1365,1300,1355,4773,6363883
2016-01-18,SICL,1355,1400,1355,1374,10805,14844078
2016-01-19,SICL,1374,1403,1351,1400,14720,20310294
2016-01-20,SICL,1400,1456,1400,1454,15323,21798514
2016-01-21,SICL,1454,1450,1425,1448,5751,8281348
2016-01-24,SICL,1448,1485,1435,1485,12764,18561592
2016-01-25,SICL,1485,1510,1450,1490,10038,14773634
2016-01-26,SICL,1490,1490,1442,1478,5059,7449556
2016-01-27,SICL,1478,1500,1470,1480,4659,6901975
2016-01-28,SICL,1480,1480,1456,1480,8073,11830573
2016-01-31,SICL,1480,1480,1455,1470,11359,16615964
2016-02-01,SICL,1470,1500,1460,1495,7555,11225450
2016-02-02,SICL,1495,1524,1491,1524,5781,8692541
2016-02-03,SICL,1524,1535,1496,1530,2296,3470755
2016-02-04,SICL,1530,1565,1511,1533,2955,4546335
2016-02-07,SICL,1533,1645,1512,1645,11372,18110978
2016-02-08,SICL,1645,1713,1659,1705,11755,19814000
2016-02-11,SICL,1705,1759,1647,1759,14237,24142646
2016-02-14,SICL,1759,1835,1695,1751,13509,23699188
2016-02-15,SICL,1751,1761,1668,1695,11684,19717312
2016-02-16,SICL,1695,1727,1670,1727,15738,26564258
2016-02-17,SICL,1727,1745,1700,1729,8325,14334813
2016-02-18,SICL,1729,1738,1715,1735,4035,6967502
2016-02-21,SICL,1735,1735,1700,1720,5572,9550234
2016-02-22,SICL,1720,1729,1700,1707,10763,18368278
2016-02-23,SICL,1707,1710,1694,1700,4612,7848712
2016-02-24,SICL,1700,1729,1660,1680,6334,10647001
2016-02-25,SICL,1680,1704,1665,1704,9616,16267961
2016-02-28,SICL,1704,1739,1700,1725,5907,10207802
2016-02-29,SICL,1725,1759,1701,1735,5482,9524781
2016-03-01,SICL,1735,1790,1705,1790,11275,19847772
2016-03-02,SICL,1790,1874,1790,1855,35119,64632144
2016-03-03,SICL,1496,1644,1525,1560,8461,13263656
2016-03-06,SICL,1560,1700,1580,1670,4804,7942414
2016-03-10,SICL,1670,1760,1652,1760,10590,18034332
2016-03-13,SICL,1760,1825,1720,1800,15985,28238032
2016-03-14,SICL,1800,1790,1730,1730,10650,18768172
2016-03-15,SICL,1730,1760,1702,1754,8300,14495454
2016-03-16,SICL,1754,1780,1745,1750,6890,12101507
2016-03-17,SICL,1750,1800,1742,1798,8093,14476953
2016-03-20,SICL,1798,1830,1785,1800,6154,11137327
2016-03-21,SICL,1800,1799,1760,1775,841,1507073
2016-03-23,SICL,1775,1775,1750,1750,1001,1763305
2016-03-24,SICL,1750,1754,1725,1744,4930,8603201
2016-03-27,SICL,1744,1745,1700,1735,6132,10541602
2016-03-28,SICL,1735,1740,1713,1740,4883,8435747
2016-03-29,SICL,1740,1745,1706,1735,4852,8390980
2016-03-30,SICL,1735,1735,1720,1720,1788,3093156
2016-03-31,SICL,1720,1712,1698,1712,1599,2725169
2016-04-03,SICL,1712,1723,1665,1682,1896,3215822
2016-04-04,SICL,1682,1725,1682,1710,7071,11958245
2016-04-05,SICL,1710,1749,1710,1730,3223,5563883
2016-04-06,SICL,1730,1790,1748,1787,14737,26192812
2016-04-10,SICL,1787,1759,1725,1745,5553,9645515
2016-04-11,SICL,1745,1770,1745,1760,3916,6865534
2016-04-12,SICL,1760,1805,1750,1800,12978,23038088
2016-04-14,SICL,1800,1850,1788,1850,4513,8195722
2016-04-17,SICL,1850,2035,1850,2035,9691,18975040
2016-04-18,SICL,2035,2182,2040,2135,11030,23457272
2016-04-19,SICL,2135,2172,2050,2130,8820,18734128
2016-04-20,SICL,2130,2134,2110,2116,1616,3435124
2016-04-21,SICL,2116,2160,2100,2160,5134,10933083
2016-04-24,SICL,2160,2218,2150,2210,4261,9328945
2016-04-25,SICL,2210,2205,2160,2180,5792,12576239
2016-04-26,SICL,2180,2190,2140,2180,8772,18974964
2016-04-27,SICL,2180,2244,2140,2189,3373,7408186
2016-04-28,SICL,2189,2200,2146,2180,3520,7651830
2016-05-02,SICL,2180,2180,2110,2150,1817,3892650
2016-05-03,SICL,2150,2155,2120,2120,6004,12823570
2016-05-04,SICL,2120,2130,2081,2110,8221,17382456
2016-05-05,SICL,2110,2135,2090,2132,11187,23601856
2016-05-08,SICL,2132,2155,2140,2145,3880,8330835
2016-05-09,SICL,2145,2200,2121,2180,3674,8019037
2016-05-10,SICL,2180,2398,2190,2396,15114,34825772
2016-05-11,SICL,2396,2459,2410,2435,4484,10955639
2016-05-12,SICL,2435,2450,2400,2434,13153,31920268
2016-05-15,SICL,2434,2400,2352,2399,2746,6524010
2016-05-16,SICL,2399,2360,2320,2348,3520,8222920
2016-05-17,SICL,2348,2374,2340,2370,2051,4851047
2016-05-18,SICL,2370,2386,2350,2380,1725,4090306
2016-05-19,SICL,2380,2482,2390,2416,6649,16217283
2016-05-22,SICL,2416,2657,2416,2657,20416,51705992
2016-05-23,SICL,2657,2710,2548,2700,21552,56978512
2016-05-24,SICL,2700,2715,2622,2678,10264,27440578
2016-05-25,SICL,2678,2700,2600,2662,30049,78662328
2016-05-26,SICL,2662,2703,2595,2699,13302,35457368
2016-05-29,SICL,2699,2860,2750,2784,21103,58978836
2016-05-30,SICL,2784,2783,2729,2745,9149,25164582
2016-05-31,SICL,2745,2765,2715,2765,5885,16169395
2016-06-01,SICL,2765,2799,2688,2688,6283,17023032
2016-06-02,SICL,2688,2715,2640,2715,5649,15162045
2016-06-05,SICL,2715,2700,2611,2659,12448,33065098
2016-06-06,SICL,2659,2750,2656,2698,8674,23261792
2016-06-07,SICL,2698,2732,2663,2732,8940,24225490
2016-06-08,SICL,2732,2900,2678,2894,19646,55352484
2016-06-09,SICL,2894,3025,2837,2999,14831,43991072
2016-06-12,SICL,2999,3169,2890,3100,11241,34319432
2016-06-13,SICL,3100,3151,3060,3133,10020,31243132
2016-06-14,SICL,3133,3350,3150,3220,13368,43377472
2016-06-15,SICL,3220,3350,3220,3325,11201,37028988
2016-06-16,SICL,3325,3560,3300,3549,20286,70758240
2016-06-19,SICL,3549,3550,3342,3480,19194,66773708
2016-06-20,SICL,3480,3500,3355,3400,20998,71808824
2016-06-21,SICL,3400,3418,3390,3405,6001,20414780
2016-06-22,SICL,3405,3549,3380,3500,20072,69751160
2016-06-23,SICL,3500,3628,3475,3599,25779,92336176
2016-06-26,SICL,3599,3600,3510,3510,9548,33747520
2016-06-27,SICL,3510,3560,3470,3498,9320,32460876
2016-06-28,SICL,3498,3530,3380,3495,8481,29530744
2016-06-29,SICL,3495,3500,3450,3490,7104,24646610
2016-06-30,SICL,3490,3500,3440,3462,7066,24569628
2016-07-03,SICL,3462,3500,3400,3430,11049,37838384
2016-07-04,SICL,3430,3450,3260,3370,8333,28132888
2016-07-05,SICL,3370,3376,3305,3330,8106,27048660
2016-07-06,SICL,3330,3375,3330,3350,6872,23012794
2016-07-10,SICL,3350,3500,3350,3400,6846,23318312
2016-07-11,SICL,3400,3410,3280,3280,6497,21808816
2016-07-12,SICL,3280,3345,3100,3245,8523,27703610
2016-07-13,SICL,3245,3250,3140,3240,10987,35046344
2016-07-14,SICL,3240,3315,3200,3249,7780,25132448
2016-07-17,SICL,3249,3288,3210,3237,5868,19053040
2016-07-18,SICL,3237,3560,3150,3520,17997,62520564
2016-07-19,SICL,3520,3590,3450,3545,22331,78300472
2016-07-20,SICL,3545,3665,3545,3650,27739,100795352
2016-07-21,SICL,3650,3797,3640,3745,15799,59105892
2016-07-25,SICL,3745,3840,3770,3840,15025,57207400
2016-07-26,SICL,3840,3840,3780,3840,13744,52367232
2016-07-27,SICL,3840,3850,3790,3796,9377,35690548
2016-07-28,SICL,3796,3850,3750,3750,12343,46986160
2016-07-31,SICL,3750,3815,3675,3689,9221,34362088
2016-08-01,SICL,3689,3700,3650,3650,5375,19755948
2016-08-02,SICL,3650,3690,3560,3580,5237,18788376
2016-08-03,SICL,3580,3651,3411,3555,13133,45966508
2016-08-04,SICL,3555,3500,3420,3420,5131,17759868
2016-08-07,SICL,3420,3557,3266,3280,4549,15734167
2016-08-08,SICL,3280,3310,3050,3050,7832,25120172
2016-08-09,SICL,3050,3355,3111,3355,3147,10507830
2016-08-10,SICL,3355,3460,3283,3440,19121,64953912
2016-08-11,SICL,3440,3450,3375,3400,2952,10038413
2016-08-14,SICL,3400,3366,3250,3251,6956,22880088
2016-08-15,SICL,3251,3350,3117,3175,8129,26015632
2016-08-16,SICL,3175,3300,3060,3270,11604,37184040
2016-08-17,SICL,3270,3334,3205,3255,3538,11571871
2016-08-21,SICL,3255,3320,3220,3220,4529,14815569
2016-08-22,SICL,3220,3200,3140,3150,3577,11292797
2016-08-23,SICL,3150,3180,3030,3120,7416,22926528
2016-08-24,SICL,3120,3410,3170,3320,6226,20568224
2016-08-28,SICL,3320,3418,3330,3416,9533,32250766
2016-08-29,SICL,3416,3484,3360,3454,7667,26220364
2016-08-30,SICL,3454,3525,3420,3498,12173,42253424
2016-08-31,SICL,3498,3585,3499,3585,18490,65261824
2016-09-01,SICL,3585,3600,3520,3525,7128,25215006
2016-09-03,SICL,3525,3570,3500,3560,6299,22360596
2016-09-05,SICL,3560,3575,3512,3535,4376,15476191
2016-09-06,SICL,3535,3559,3495,3500,6166,21802972
2016-09-07,SICL,3500,3570,3470,3522,3668,12943238
2016-09-08,SICL,3522,3580,3480,3550,2232,7908082
2016-09-11,SICL,3550,3550,3503,3525,3621,12770290
2016-09-12,SICL,3525,3550,3500,3530,5105,17966798
2016-09-14,SICL,3530,3580,3540,3545,4123,14640158
2016-09-18,SICL,3545,3545,3476,3485,2918,10189725
2016-09-20,SICL,3485,3500,3400,3415,1958,6739694
2016-09-21,SICL,3415,3465,3350,3450,4772,16289283
2016-09-22,SICL,3450,3568,3400,3568,14506,50719848
2016-09-25,SICL,3568,3560,3450,3490,11352,39895924
2016-09-26,SICL,3490,3558,3472,3540,13484,47616712
2016-09-27,SICL,3540,3621,3500,3548,5983,21281506
2016-09-28,SICL,3548,3555,3510,3540,9446,33402700
2016-09-29,SICL,3540,3585,3501,3570,9220,32875048
2016-10-02,SICL,3570,3800,3510,3800,31422,116792544
2016-10-03,SICL,3800,3886,3750,3886,22057,84786576
2016-10-04,SICL,3886,4204,3963,4021,51003,206166400
2016-10-05,SICL,4021,4060,3963,4055,15451,61879912
2016-10-06,SICL,4055,4051,4010,4026,15097,60895888
2016-10-16,SICL,4026,4050,3960,3970,5085,20231094
2016-10-17,SICL,3970,4001,3901,3970,7535,29886948
2016-10-18,SICL,3970,4009,3950,4009,5323,21172410
2016-10-19,SICL,4009,4030,3991,4018,7473,29942550
2016-10-20,SICL,4018,4199,4002,4199,15338,62385592
2016-10-23,SICL,4199,4320,4106,4300,13762,58578800
2016-10-24,SICL,4300,4310,4200,4235,7255,30888584
2016-10-25,SICL,4235,4250,4180,4190,6574,27619936
2016-10-26,SICL,4190,4205,4108,4185,15000,62024348
2016-10-27,SICL,4185,4215,4151,4198,7264,30423736
2016-11-03,SICL,4198,4224,4170,4200,7150,29952992
2016-11-07,SICL,4200,4240,4165,4200,4965,20805216
2016-11-08,SICL,4200,4191,4120,4155,5201,21538020
2016-11-09,SICL,4155,4100,4000,4045,4023,16279310
2016-11-10,SICL,4045,4115,4000,4080,7108,28758856
2016-11-13,SICL,4080,4069,4000,4002,7941,32035332
2016-11-14,SICL,4002,4082,4001,4050,14845,60082272
2016-11-15,SICL,4050,4145,4020,4065,8055,32788804
2016-11-16,SICL,4065,4099,4051,4065,4011,16336567
2016-11-17,SICL,4065,4060,3970,3981,17629,70332072
2016-11-20,SICL,3981,3940,3662,3800,19930,76009128
2016-11-21,SICL,3800,3865,3700,3840,6881,26169898
2016-11-22,SICL,3840,3850,3724,3800,9971,37854184
2016-11-23,SICL,3800,3762,3656,3704,6093,22542996
2016-11-24,SICL,3704,3770,3528,3687,16457,59540720
2016-11-27,SICL,3687,3630,3330,3330,18087,61864552
2016-11-28,SICL,3330,3530,3020,3333,16170,51672504
2016-11-29,SICL,3333,3524,3200,3430,14166,47750604
2016-11-30,SICL,3430,3640,3430,3640,15710,55576436
2016-12-01,SICL,3640,3938,3651,3750,29020,109593536
2016-12-04,SICL,3750,3795,3650,3650,13370,49336904
2016-12-05,SICL,3650,3671,3580,3592,7418,26801172
2016-12-06,SICL,3592,3670,3560,3605,16479,59371832
2016-12-07,SICL,3605,3650,3560,3574,14877,53279504
2016-12-08,SICL,3574,3614,3580,3600,46013,165574080
2016-12-11,SICL,2250,2300,2161,2161,12492,27711790
2016-12-12,SICL,2161,2160,2060,2106,5655,11849595
2016-12-14,SICL,2106,2148,2072,2140,1978,4177880
2016-12-15,SICL,2140,2225,2150,2205,4289,9401108
2016-12-18,SICL,2205,2300,2205,2289,7154,16070616
2016-12-19,SICL,2289,2334,2210,2210,4390,9944114
2016-12-20,SICL,2210,2215,2160,2170,2562,5606100
2016-12-21,SICL,2170,2160,2100,2100,6173,13051250
2016-12-22,SICL,2100,2162,2090,2150,5920,12568233
2016-12-26,SICL,2150,2140,2040,2074,7255,15052547
2016-12-27,SICL,2074,2048,1973,2001,7006,14052894
2016-12-28,SICL,2001,2040,1961,2000,5199,10421610
2016-12-29,SICL,2000,2110,2030,2060,6601,13620245
2017-01-01,SICL,2060,2120,2053,2080,4396,9179999
2017-01-02,SICL,2080,2121,2055,2076,5460,11413972
2017-01-03,SICL,2076,2100,2005,2020,4799,9809255
2017-01-04,SICL,2020,2060,2005,2036,3547,7203196
2017-01-05,SICL,2036,2045,2025,2030,8309,16854060
2017-01-08,SICL,2030,2060,2010,2055,1034,2104655
2017-01-09,SICL,2055,2096,2055,2085,1724,3584028
2017-01-10,SICL,2085,2110,2060,2095,2555,5341367
2017-01-11,SICL,2095,2136,2100,2105,3258,6872411
2017-01-12,SICL,2105,2130,2102,2119,1942,4107856
2017-01-15,SICL,2119,2135,2100,2135,7776,16468105
2017-01-16,SICL,2135,2145,2100,2120,862,1827340
2017-01-17,SICL,2120,2115,2080,2108,2719,5720642
2017-01-18,SICL,2108,2138,2100,2125,4431,9413845
2017-01-19,SICL,2125,2140,2100,2129,3594,7618065
2017-01-22,SICL,2129,2160,2100,2125,3392,7209325
2017-01-23,SICL,2125,2114,2071,2087,4394,9170582
2017-01-24,SICL,2087,2070,2046,2046,2082,4270405
2017-01-25,SICL,2046,2030,1952,1960,7943,15720090
2017-01-26,SICL,1960,2000,1885,1950,5285,10230835
2017-01-30,SICL,1950,1950,1755,1755,6363,11545321
2017-01-31,SICL,1755,1801,1653,1770,6295,10858627
2017-02-01,SICL,1770,1893,1785,1893,3718,6810908
2017-02-02,SICL,1893,2005,1852,1860,6307,12207326
2017-02-05,SICL,1860,1898,1825,1860,1285,2400794
2017-02-06,SICL,1860,1860,1790,1801,2129,3854244
2017-02-07,SICL,1801,1785,1765,1785,2094,3719469
2017-02-08,SICL,1785,1769,1716,1730,4591,7956141
2017-02-09,SICL,1730,1725,1635,1637,6316,10616899
2017-02-12,SICL,1637,1648,1525,1530,7822,12291425
2017-02-13,SICL,1530,1605,1478,1600,9207,13896216
2017-02-14,SICL,1600,1620,1538,1600,9077,14439978
2017-02-15,SICL,1600,1713,1588,1701,4643,7706319
2017-02-16,SICL,1701,1820,1667,1820,10751,18997008
2017-02-19,SICL,1820,1904,1767,1904,11140,20600168
2017-02-20,SICL,1904,2019,1880,1948,16175,31701040
2017-02-21,SICL,1948,2009,1866,1900,8497,16469823
2017-02-22,SICL,1900,1938,1850,1870,7874,14696996
2017-02-23,SICL,1870,1871,1830,1860,2017,3746326
2017-02-26,SICL,1860,1825,1761,1761,6127,10983216
2017-02-28,SICL,1761,1739,1680,1720,9910,16956124
2017-03-01,SICL,1720,1766,1720,1750,7168,12441048
2017-03-02,SICL,1750,1790,1760,1790,5510,9779255
2017-03-05,SICL,1790,1894,1791,1865,8788,16152775
2017-03-06,SICL,1865,1895,1825,1848,13721,25719140
2017-03-07,SICL,1848,1850,1776,1820,4330,7918009
2017-03-09,SICL,1820,1850,1825,1825,2624,4818516
2017-03-13,SICL,1825,1881,1833,1863,9037,16746516
2017-03-14,SICL,1863,1875,1841,1841,4603,8561526
2017-03-15,SICL,1841,1870,1805,1869,2853,5294458
2017-03-16,SICL,1869,1868,1840,1859,2829,5267020
2017-03-19,SICL,1859,1963,1860,1953,9049,17230940
2017-03-20,SICL,1953,2125,1970,2125,23862,49169168
2017-03-21,SICL,2125,2200,2042,2165,20125,43059528
2017-03-22,SICL,2165,2235,2130,2133,14905,32714084
2017-03-23,SICL,2133,2179,2060,2160,11325,24271672
2017-03-26,SICL,2160,2265,2166,2224,10309,22700592
2017-03-28,SICL,2224,2355,2250,2327,9953,22969408
2017-03-29,SICL,2327,2399,2265,2261,15724,36683912
2017-03-30,SICL,2261,2329,2250,2290,8710,19793060
2017-04-02,SICL,2290,2519,2330,2500,32801,80271408
2017-04-03,SICL,2500,2600,2313,2400,30814,76081488
2017-04-04,SICL,2400,2400,2294,2315,12594,29642016
2017-04-06,SICL,2315,2320,2250,2271,9153,20900488
2017-04-09,SICL,2271,2290,2231,2255,7239,16268213
2017-04-10,SICL,2255,2295,2199,2274,12252,27295774
2017-04-11,SICL,2274,2319,2250,2300,11501,26264916
2017-04-12,SICL,2300,2346,2215,2215,9822,22339296
2017-04-13,SICL,2215,2295,2180,2255,6784,15107145
2017-04-16,SICL,2255,2254,2166,2166,8666,19085378
2017-04-18,SICL,2166,2150,2000,2000,17011,35522724
2017-04-19,SICL,2000,2155,1981,2150,5564,11651943
2017-04-20,SICL,2150,2236,2111,2130,2789,6075360
2017-04-23,SICL,2130,2295,2172,2230,7816,17373972
2017-04-24,SICL,2230,2230,2140,2175,7248,15812201
2017-04-25,SICL,2175,2176,2134,2140,7912,17011216
2017-04-26,SICL,2140,2150,2101,2130,5838,12440446
2017-04-27,SICL,2130,2160,2095,2149,6141,13014456
2017-04-30,SICL,2149,2150,2105,2110,4067,8609464
2017-05-02,SICL,2110,2148,2071,2115,5002,10545448
2017-05-03,SICL,2115,2200,2120,2130,3849,8223120
2017-05-04,SICL,2130,2125,2100,2113,10878,22935656
2017-05-07,SICL,2113,2150,2075,2075,2369,4954319
2017-05-08,SICL,2075,2118,2075,2097,2325,4861866
2017-05-09,SICL,2097,2100,2080,2080,3408,7129807
2017-05-11,SICL,2080,2098,2038,2075,3263,6775871
2017-05-15,SICL,2075,2160,2081,2125,3527,7530981
2017-05-16,SICL,2125,2120,2090,2100,4533,9515524
2017-05-17,SICL,2100,2115,2080,2115,1608,3390319
2017-05-18,SICL,2115,2102,2073,2099,1996,4171987
2017-05-21,SICL,2099,2099,2041,2065,2083,4277126
2017-05-22,SICL,2065,2045,2025,2042,3303,6716134
2017-05-23,SICL,2042,2085,2040,2040,3379,6939835
2017-05-24,SICL,2040,2090,2040,2090,1396,2862849
2017-05-28,SICL,2090,2080,2050,2055,2465,5086555
2017-05-30,SICL,2055,2030,1986,1986,9450,18911140
2017-05-31,SICL,1986,1981,1950,1955,7979,15662734
2017-06-01,SICL,1955,1990,1950,1961,4575,8989992
2017-06-04,SICL,1961,1999,1935,1936,4346,8475363
2017-06-05,SICL,1936,1965,1930,1931,3723,7212409
2017-06-06,SICL,1931,2032,1931,2030,8750,17554272
2017-06-07,SICL,2030,2061,1980,1980,5611,11371267
2017-06-08,SICL,1980,2010,1980,1985,3333,6650708
2017-06-11,SICL,1985,2019,1920,1950,8710,17059168
2017-06-12,SICL,1950,1954,1906,1924,3990,7705009
2017-06-13,SICL,1924,1950,1900,1900,5739,10996250
2017-06-14,SICL,1900,1925,1865,1925,3279,6253795
2017-06-15,SICL,1925,1942,1910,1916,3239,6228347
2017-06-18,SICL,1916,1925,1861,1890,2378,4533474
2017-06-19,SICL,1890,1900,1850,1850,4934,9241737
2017-06-20,SICL,1850,1899,1816,1860,3132,5804831
2017-06-21,SICL,1860,1895,1854,1855,3459,6473901
2017-06-22,SICL,1855,1910,1865,1870,3023,5683746
2017-06-25,SICL,1870,1882,1855,1856,3625,6783168
2017-06-27,SICL,1856,1870,1850,1870,2167,4033474
2017-06-28,SICL,1870,1917,1870,1885,923,1738842
2017-07-02,SICL,1885,1900,1880,1880,2424,4584042
2017-07-03,SICL,1880,1870,1835,1870,1983,3684701
2017-07-04,SICL,1870,1875,1850,1860,1784,3315985
2017-07-05,SICL,1860,1880,1852,1880,1117,2087535
2017-07-06,SICL,1880,1955,1902,1945,7527,14462118
2017-07-09,SICL,1945,2022,1905,1955,6107,11990677
2017-07-10,SICL,1955,1975,1930,1930,5070,9896010
2017-07-11,SICL,1930,1967,1930,1967,1814,3541305
2017-07-12,SICL,1967,1975,1940,1955,1672,3262004
2017-07-13,SICL,1955,1960,1935,1941,3348,6512986
2017-07-16,SICL,1941,1949,1917,1920,1644,3167152
2017-07-17,SICL,1920,1990,1910,1990,1483,2931731
2017-07-18,SICL,1990,2069,1995,2069,4814,9795450
2017-07-19,SICL,2069,2110,2030,2048,6807,14105267
2017-07-20,SICL,2048,2080,2048,2060,2984,6152125
2017-07-23,SICL,2060,2124,2090,2095,8605,18103732
2017-07-24,SICL,2095,2105,2073,2089,7721,16098215
2017-07-25,SICL,2089,2117,2080,2105,4767,9989446
2017-07-26,SICL,2105,2200,2105,2149,8895,19046942
2017-07-27,SICL,2149,2151,2110,2140,12943,27699048
2017-07-30,SICL,2140,2176,2100,2170,8855,19111828
2017-07-31,SICL,2170,2200,2140,2175,4444,9691628
2017-08-01,SICL,2175,2179,2145,2145,2155,4659246
2017-08-02,SICL,2145,2150,2135,2135,3131,6707550
2017-08-03,SICL,2135,2170,2106,2106,3596,7648035
2017-08-06,SICL,2106,2100,2066,2084,3834,7982601
2017-08-07,SICL,2084,2110,2055,2105,2677,5571291
2017-08-09,SICL,2105,2150,2099,2125,3473,7419658
2017-08-10,SICL,2125,2167,2115,2132,6702,14326104
2017-08-13,SICL,2132,2195,2122,2122,5942,12764398
2017-08-15,SICL,2122,2110,2085,2085,1514,3173805
2017-08-16,SICL,2085,2115,2062,2105,7024,14655370
2017-08-17,SICL,2105,2115,2090,2100,9276,19465330
2017-08-20,SICL,2100,2130,2095,2096,3942,8321542
2017-08-21,SICL,2096,2115,2090,2110,2461,5186653
2017-08-22,SICL,2110,2145,2116,2123,4993,10633359
2017-08-23,SICL,2123,2115,2100,2100,2917,6148919
2017-08-24,SICL,2100,2105,2090,2104,2855,5994181
2017-08-27,SICL,2104,2115,2084,2100,2265,4743642
2017-08-28,SICL,2100,2099,2085,2086,1782,3721604
2017-08-30,SICL,2086,2095,2045,2075,792,1644272
2017-08-31,SICL,2075,2070,2027,2027,1912,3910985
2017-09-04,SICL,2027,2040,1975,1995,4710,9446622
2017-09-06,SICL,1995,2040,1990,2020,2456,4921745
2017-09-07,SICL,2020,2000,1980,1980,1913,3801343
2017-09-10,SICL,1980,1980,1916,1916,3611,7043755
2017-09-11,SICL,1916,1975,1920,1945,1718,3336542
2017-09-12,SICL,1945,1945,1900,1900,5016,9602001
2017-09-13,SICL,1900,1940,1890,1930,3049,5823390
2017-09-14,SICL,1930,1975,1900,1975,2124,4169877
2017-09-17,SICL,1975,1999,1945,1960,5361,10496300
2017-09-18,SICL,1960,1969,1950,1965,1561,3054546
2017-09-20,SICL,1965,1999,1950,1990,4302,8509862
2017-09-24,SICL,1990,1994,1965,1994,703,1386750
2017-09-25,SICL,1994,2005,1990,2005,1849,3692238
2017-09-26,SICL,2005,2020,1985,1999,4186,8366617
2017-10-03,SICL,1999,2010,2000,2010,758,1518750
2017-10-04,SICL,2010,2020,2000,2000,1983,3992260
2017-10-08,SICL,2000,1980,1926,1931,1308,2542964
2017-10-09,SICL,1931,1920,1877,1901,2498,4759364
2017-10-10,SICL,1901,1930,1900,1930,1794,3431475
2017-10-11,SICL,1930,1932,1930,1932,165,318748
2017-10-12,SICL,1932,1935,1920,1926,1365,2632104
2017-10-15,SICL,1926,1935,1910,1910,523,1005100
2017-10-16,SICL,1910,1985,1948,1981,1066,2099301
2017-10-17,SICL,1981,2000,1935,1970,4270,8454745
2017-10-18,SICL,1970,1980,1960,1978,314,617888
2017-10-22,SICL,1978,1980,1950,1965,399,783095
2017-10-23,SICL,1965,1970,1955,1956,637,1248923
2017-10-24,SICL,1956,1999,1960,1973,901,1784565
2017-10-25,SICL,1973,1960,1950,1950,439,856525
2017-10-29,SICL,1950,1945,1930,1933,525,1014699
2017-10-30,SICL,1933,1940,1910,1929,4890,9367895
2017-10-31,SICL,1929,1970,1892,1900,7997,15346999
2017-11-01,SICL,1900,1900,1860,1870,4616,8666292
2017-11-02,SICL,1870,1870,1850,1850,1834,3403534
2017-11-05,SICL,1850,1846,1815,1843,4362,7985074
2017-11-06,SICL,1843,1850,1807,1840,1149,2103882
2017-11-07,SICL,1840,1870,1820,1820,1412,2584917
2017-11-08,SICL,1820,1802,1784,1784,2228,3994585
2017-11-09,SICL,1784,1820,1750,1790,3634,6470841
2017-11-12,SICL,1790,1779,1750,1779,7318,12918386
2017-11-13,SICL,1779,1811,1776,1783,2857,5089345
2017-11-14,SICL,1783,1805,1770,1777,5675,10140949
2017-11-15,SICL,1777,1790,1770,1776,2152,3825372
2017-11-16,SICL,1776,1789,1748,1750,6557,11498665
2017-11-19,SICL,1750,1750,1725,1725,457,789625
2017-11-20,SICL,1725,1759,1739,1739,1053,1835714
2017-11-21,SICL,1739,1753,1735,1753,915,1598045
2017-11-22,SICL,1753,1765,1741,1757,469,822687
2017-11-23,SICL,1757,1785,1767,1767,860,1524926
2017-11-26,SICL,1767,1802,1780,1800,554,996158
2017-11-27,SICL,1800,1835,1782,1790,1472,2663870
2017-11-28,SICL,1790,1800,1788,1796,894,1604258
2017-11-29,SICL,1796,1815,1770,1770,11730,21056260
2017-11-30,SICL,1770,1795,1765,1783,4474,7951300
2017-12-04,SICL,1783,1825,1770,1770,16012,28698680
2017-12-05,SICL,1770,1795,1750,1750,22652,39833412
2017-12-06,SICL,1750,1789,1752,1778,36133,64008444
2017-12-10,SICL,1378,1433,1356,1360,3645,5034420
2017-12-11,SICL,1360,1375,1360,1365,777,1064915
2017-12-12,SICL,1365,1360,1331,1331,1295,1736030
2017-12-13,SICL,1331,1356,1331,1350,1078,1448400
2017-12-14,SICL,1350,1351,1330,1336,1530,2056310
2017-12-17,SICL,1336,1338,1310,1310,1600,2119140
2017-12-18,SICL,1310,1310,1275,1275,2010,2597120
2017-12-19,SICL,1275,1265,1250,1250,5954,7466034
2017-12-20,SICL,1250,1255,1246,1250,2012,2516627
2017-12-21,SICL,1250,1250,1235,1236,3269,4058764
2017-12-24,SICL,1236,1260,1226,1232,2355,2905270
2017-12-26,SICL,1232,1219,1205,1219,936,1132645
2017-12-27,SICL,1219,1205,1181,1183,2155,2574305
2017-12-28,SICL,1183,1190,1164,1190,1601,1890117
2017-12-31,SICL,1190,1175,1141,1152,4741,5520444
2018-01-01,SICL,1152,1184,1158,1184,1868,2183605
2018-01-02,SICL,1184,1207,1170,1182,3731,4453841
2018-01-03,SICL,1182,1190,1163,1166,1100,1288210
2018-01-04,SICL,1166,1175,1160,1175,1049,1224309
2018-01-07,SICL,1175,1200,1185,1193,1373,1639650
2018-01-08,SICL,1193,1225,1200,1200,1455,1750045
2018-01-09,SICL,1200,1228,1191,1216,2785,3399103
2018-01-10,SICL,1216,1209,1192,1198,946,1133490
2018-01-14,SICL,1198,1189,1166,1167,1663,1959172
2018-01-16,SICL,1167,1185,1170,1170,426,499530
2018-01-17,SICL,1170,1170,1165,1165,170,198800
2018-01-21,SICL,1165,1198,1160,1160,1982,2336698
2018-01-22,SICL,1160,1165,1150,1165,865,998483
2018-01-23,SICL,1165,1165,1152,1155,362,418560
2018-01-24,SICL,1155,1159,1150,1155,1088,1257720
2018-01-25,SICL,1155,1164,1150,1164,714,825298
2018-01-28,SICL,1164,1192,1180,1184,1564,1856565
2018-01-29,SICL,1184,1190,1175,1175,748,884040
2018-01-31,SICL,1175,1180,1170,1174,1656,1944004
2018-02-01,SICL,1174,1179,1171,1179,746,874524
2018-02-04,SICL,1179,1189,1165,1180,1434,1694022
2018-02-05,SICL,1180,1199,1157,1165,1667,1963964
2018-02-06,SICL,1165,1170,1165,1170,342,399155
2018-02-07,SICL,1170,1170,1162,1162,1060,1236004
2018-02-08,SICL,1162,1170,1140,1164,891,1025215
2018-02-11,SICL,1164,1164,1150,1150,1506,1742162
2018-02-12,SICL,1150,1150,1135,1135,2098,2397677
2018-02-14,SICL,1135,1160,1125,1160,1082,1237920
2018-02-15,SICL,1160,1235,1167,1225,4234,5101356
2018-02-18,SICL,1230,1238,1190,1190,4991,6073256
2018-02-20,SICL,1200,1200,1165,1165,1864,2193955
2018-02-21,SICL,1150,1165,1150,1160,168,194680
2018-02-22,SICL,1160,1176,1141,1141,2518,2911740
2018-02-25,SICL,1150,1160,1141,1160,388,448382
2018-02-26,SICL,1151,1162,1150,1150,1511,1743864
2018-02-27,SICL,1140,1180,1112,1164,5741,6520573
2018-02-28,SICL,1160,1160,1113,1113,4682,5285696
2018-03-04,SICL,1091,1092,1061,1090,4008,4304692
2018-03-05,SICL,1075,1075,1065,1068,3297,3528040
2018-03-06,SICL,1065,1139,1010,1070,4333,4594168
2018-03-07,SICL,1089,1091,1060,1085,2875,3082016
2018-03-11,SICL,1085,1090,1034,1055,2052,2168395
2018-03-12,SICL,1076,1076,1042,1042,2755,2891756
2018-03-13,SICL,1050,1055,1035,1045,1466,1524096
2018-03-14,SICL,1050,1051,1041,1041,1369,1435499
2018-03-15,SICL,1061,1061,1056,1056,141,149396
2018-03-18,SICL,1060,1060,1050,1050,2652,2791116
2018-03-19,SICL,1046,1050,1041,1050,2600,2717450
2018-03-20,SICL,1035,1036,995,1011,2946,2967499
2018-03-21,SICL,991,991,956,970,4454,4330844
2018-03-22,SICL,960,980,942,957,3186,3045014
2018-03-26,SICL,938,938,885,890,3865,3469764
2018-03-27,SICL,880,950,850,935,4459,3935360
2018-03-28,SICL,953,953,917,925,5636,5279620
2018-03-29,SICL,920,950,917,950,1521,1405088
2018-04-01,SICL,931,933,913,922,2144,1973391
2018-04-02,SICL,920,920,918,918,510,469140
2018-04-03,SICL,912,929,912,929,214,197020
2018-04-04,SICL,930,960,922,955,3659,3435540
2018-04-05,SICL,965,984,941,980,12087,11556644
2018-04-08,SICL,999,1050,970,1044,21711,21551838
2018-04-09,SICL,1050,1091,1020,1035,10996,11581898
2018-04-10,SICL,1020,1030,991,991,5118,5149528
2018-04-11,SICL,980,1000,980,990,5073,5011113
2018-04-12,SICL,1000,1020,999,1013,3259,3273681
2018-04-15,SICL,993,1040,993,1035,3714,3816009
2018-04-16,SICL,1040,1073,1020,1073,11185,11769961
2018-04-17,SICL,1090,1120,1080,1118,13783,15189564
2018-04-18,SICL,1124,1164,1105,1135,7567,8556025
2018-04-19,SICL,1130,1140,1100,1110,5902,6652364
2018-04-22,SICL,1132,1173,1112,1170,8375,9571269
2018-04-23,SICL,1193,1215,1142,1148,13603,16008325
2018-04-24,SICL,1170,1170,1101,1101,5797,6589004
2018-04-25,SICL,1095,1135,1095,1106,4358,4858995
2018-04-26,SICL,1087,1147,1087,1095,4622,5085915
2018-04-29,SICL,1075,1107,1074,1092,2111,2305274
2018-05-02,SICL,1080,1092,1071,1092,1949,2111578
2018-05-03,SICL,1108,1135,1094,1094,6987,7706697
2018-05-06,SICL,1101,1101,1060,1063,11156,11938372
2018-05-07,SICL,1050,1060,1039,1040,10403,10895519
2018-05-08,SICL,1040,1070,1040,1070,17188,18017080
2018-05-09,SICL,1070,1078,1049,1057,2601,2757239
2018-05-10,SICL,1069,1069,1050,1055,5227,5498986
2018-05-14,SICL,1038,1050,1034,1037,6247,6493174
2018-05-15,SICL,1057,1070,1036,1040,4094,4253534
2018-05-16,SICL,1040,1049,1035,1036,6395,6628864
2018-05-17,SICL,1042,1045,1035,1035,3200,3327442
2018-05-20,SICL,1055,1055,1035,1035,2498,2614050
2018-05-21,SICL,1040,1048,1039,1040,877,912415
2018-05-22,SICL,1040,1040,1020,1030,4020,4136273
2018-05-23,SICL,1030,1030,1002,1025,1930,1958051
2018-05-24,SICL,1026,1034,1005,1005,1875,1898803
2018-05-27,SICL,1005,1005,985,995,3450,3422667
2018-05-28,SICL,990,1091,990,1091,7567,7750208
2018-05-29,SICL,1090,1090,1050,1060,10997,11704638
2018-05-30,SICL,1050,1094,1050,1056,9929,10572454
2018-05-31,SICL,1070,1070,1044,1044,2324,2442535
2018-06-03,SICL,1024,1024,1000,1000,5033,5080174
2018-06-04,SICL,981,1029,980,984,10999,10858428
2018-06-06,SICL,1003,1043,1003,1015,999,1019480
2018-06-07,SICL,1016,1016,980,983,11212,11154857
2018-06-10,SICL,985,986,960,960,5722,5546862
2018-06-11,SICL,970,1016,960,990,4482,4393508
2018-06-12,SICL,1000,1000,975,978,2767,2737303
2018-06-13,SICL,985,985,980,985,1380,1353620
2018-06-14,SICL,1000,1000,980,980,1587,1559800
2018-06-17,SICL,981,989,975,985,1331,1301466
2018-06-18,SICL,985,997,970,997,1528,1511109
2018-06-19,SICL,980,990,980,981,482,474879
2018-06-20,SICL,963,981,962,980,780,756774
2018-06-21,SICL,980,985,975,985,1462,1434334
2018-06-24,SICL,980,985,970,970,2690,2631968
2018-06-25,SICL,989,989,962,965,3931,3796720
2018-06-26,SICL,960,967,945,945,4197,4018805
2018-06-27,SICL,950,965,935,950,1387,1322387
2018-06-28,SICL,940,959,940,945,2662,2511402
2018-07-01,SICL,930,960,902,902,3968,3665207
2018-07-02,SICL,905,915,900,906,2001,1816966
2018-07-03,SICL,910,920,893,911,585,530285
2018-07-04,SICL,920,930,908,919,2280,2091958
2018-07-05,SICL,935,979,929,979,2706,2583675
2018-07-08,SICL,998,1000,967,967,4499,4406302
2018-07-09,SICL,960,960,941,945,1846,1751601
2018-07-10,SICL,930,966,930,945,1193,1131287
2018-07-11,SICL,931,966,931,945,1477,1406160
2018-07-12,SICL,945,948,930,937,2315,2171478
2018-07-15,SICL,930,930,925,925,1143,1060570
2018-07-16,SICL,930,985,916,985,874,831489
2018-07-17,SICL,970,970,933,938,3539,3346562
2018-07-18,SICL,948,948,930,935,509,475735
2018-07-19,SICL,935,935,920,932,3096,2869468
2018-07-22,SICL,921,921,915,916,875,803122
2018-07-23,SICL,900,941,900,941,324,294502
2018-07-24,SICL,958,988,950,950,3844,3705595
2018-07-25,SICL,945,949,934,940,1851,1738089
2018-07-26,SICL,926,958,926,930,402,377531
2018-07-29,SICL,935,935,929,930,546,508134
2018-07-30,SICL,925,945,925,945,1041,967452
2018-07-31,SICL,930,940,930,940,495,462540
2018-08-01,SICL,929,936,927,927,2262,2106206
2018-08-02,SICL,928,928,920,925,2022,1868604
2018-08-05,SICL,922,928,917,917,1091,1006143
2018-08-06,SICL,913,915,909,915,4972,4528061
2018-08-07,SICL,924,924,910,910,876,799814
2018-08-08,SICL,925,925,908,909,1240,1130132
2018-08-09,SICL,902,912,902,907,2451,2227451
2018-08-12,SICL,902,902,893,893,1738,1560180
2018-08-13,SICL,893,906,890,890,4286,3833644
2018-08-14,SICL,899,904,892,903,560,503325
2018-08-15,SICL,910,936,905,925,6293,5769263
2018-08-16,SICL,943,944,920,920,4563,4263375
2018-08-19,SICL,910,910,905,905,1220,1107118
2018-08-20,SICL,900,902,895,899,1055,948775
2018-08-21,SICL,892,910,892,903,1495,1339495
2018-08-22,SICL,913,913,904,908,2308,2104293
2018-08-23,SICL,900,905,900,901,1570,1414875
2018-08-26,SICL,891,905,891,905,1566,1414495
2018-08-28,SICL,900,900,890,892,749,669596
2018-08-29,SICL,898,902,898,898,2405,2161840
2018-08-30,SICL,905,905,900,904,2396,2156754
2018-09-02,SICL,910,920,904,910,927,844044
2018-09-03,SICL,895,945,895,928,2089,1955707
2018-09-04,SICL,930,950,916,940,4575,4314107
2018-09-05,SICL,945,965,935,958,5065,4842303
2018-09-06,SICL,965,967,933,934,2168,2072797
2018-09-09,SICL,925,925,913,913,480,440817
2018-09-10,SICL,910,915,910,915,504,459987
2018-09-11,SICL,930,938,915,915,218,201939
2018-09-12,SICL,930,945,925,945,776,726350
2018-09-13,SICL,932,945,931,945,600,565004
2018-09-16,SICL,945,963,945,950,2406,2289295
2018-09-17,SICL,951,989,944,965,2425,2338475
2018-09-18,SICL,965,984,951,965,4315,4161037
2018-09-20,SICL,965,965,945,945,2135,2026490
2018-09-23,SICL,945,945,940,940,430,404894
2018-09-25,SICL,940,958,940,955,1218,1154083
2018-09-26,SICL,950,950,940,940,2129,2014205
2018-09-27,SICL,941,955,920,937,3880,3623322
2018-09-30,SICL,937,937,925,930,972,906292
2018-10-01,SICL,918,919,903,910,1921,1752370
2018-10-02,SICL,910,924,906,924,3059,2783276
2018-10-03,SICL,910,910,904,909,1114,1009348
2018-10-04,SICL,910,910,900,901,1482,1336965
2018-10-07,SICL,900,900,890,890,4920,4387407
2018-10-08,SICL,900,900,890,893,1202,1074828
2018-10-09,SICL,890,901,888,890,3064,2731680
2018-10-10,SICL,886,895,885,891,233,206995
2018-10-11,SICL,885,905,885,905,243,218265
2018-10-14,SICL,895,912,892,912,422,378866
2018-10-15,SICL,900,905,894,902,1925,1733484
2018-10-21,SICL,910,910,902,902,80,72350
2018-10-22,SICL,903,905,887,899,279,250303
2018-10-23,SICL,895,900,890,892,3382,3021325
2018-10-24,SICL,895,895,895,895,100,89500
2018-10-25,SICL,900,900,890,890,945,843705
2018-10-28,SICL,880,895,880,886,900,798550
2018-10-29,SICL,875,885,875,880,159,139939
2018-10-30,SICL,882,885,880,885,1061,936512
2018-10-31,SICL,885,886,881,884,719,635760
2018-11-01,SICL,890,890,884,885,523,463520
2018-11-04,SICL,885,885,880,882,431,379480
2018-11-05,SICL,885,885,885,885,241,213285
2018-11-06,SICL,885,890,882,890,28,24920
2018-11-11,SICL,890,891,880,880,100,88490
2018-11-12,SICL,880,880,870,870,688,598927
2018-11-13,SICL,860,877,860,870,717,624056
2018-11-14,SICL,887,890,866,884,1326,1163007
2018-11-15,SICL,868,870,867,870,286,248328
2018-11-18,SICL,879,885,872,880,2833,2492710
2018-11-19,SICL,880,884,868,869,467,408486
2018-11-20,SICL,860,869,854,865,567,486155
2018-11-21,SICL,852,868,852,868,871,750990
2018-11-22,SICL,861,869,855,869,808,696451
2018-11-26,SICL,854,854,835,835,1515,1276302
2018-11-27,SICL,834,834,834,834,72,60048
2018-11-28,SICL,834,834,825,825,1075,891020
2018-11-29,SICL,828,828,795,795,388,314088
2018-12-02,SICL,785,785,767,770,4456,3450031
2018-12-03,SICL,785,785,780,780,316,246630
2018-12-04,SICL,777,795,777,795,556,435201
2018-12-05,SICL,780,785,760,770,2749,2125459
2018-12-06,SICL,784,784,763,770,3315,2578152
2018-12-09,SICL,785,785,770,775,506,395330
2018-12-10,SICL,780,782,771,771,1234,959310
2018-12-11,SICL,780,780,770,775,1848,1427582
2018-12-12,SICL,775,778,772,778,1263,977239
2018-12-13,SICL,793,808,790,795,894,712680
2018-12-16,SICL,805,830,805,830,2190,1801205
2018-12-17,SICL,845,870,841,865,2175,1856990
2018-12-18,SICL,870,877,845,850,31292,26831044
2018-12-19,SICL,840,877,840,850,5842,4984946
2018-12-20,SICL,850,860,846,860,5041,4272276
2018-12-23,SICL,877,901,877,901,3679,3269358
2018-12-24,SICL,919,924,885,900,7026,6374878
2018-12-25,SICL,890,909,890,900,6203,5596184
2018-12-26,SICL,918,936,918,931,5402,5002672
2018-12-27,SICL,949,975,945,945,8531,8171979
2018-12-30,SICL,950,974,931,950,6060,5820594
2018-12-31,SICL,940,940,925,925,1979,1844338
2019-01-01,SICL,920,920,906,910,1270,1159281
2019-01-02,SICL,910,915,909,915,1510,1374725
2019-01-03,SICL,920,925,915,920,523,480507
2019-01-06,SICL,915,915,914,914,651,595652
2019-01-07,SICL,925,925,915,919,2350,2159800
2019-01-08,SICL,930,930,912,912,2358,2164650
2019-01-09,SICL,911,916,910,912,1327,1209823
2019-01-10,SICL,912,935,912,935,1905,1768338
2019-01-13,SICL,926,930,923,923,880,814010
2019-01-14,SICL,920,934,920,933,698,646341
2019-01-15,SICL,940,960,940,960,2661,2526154
2019-01-16,SICL,945,960,941,941,2533,2393666
2019-01-17,SICL,941,941,930,930,131,121940
2019-01-20,SICL,930,930,921,921,557,515569
2019-01-21,SICL,921,930,921,924,781,722376
2019-01-22,SICL,925,925,913,915,236,216516
2019-01-23,SICL,907,935,907,926,787,725588
2019-01-24,SICL,924,933,924,930,9007,8341716
2019-01-27,SICL,916,920,912,912,1112,1017936
2019-01-28,SICL,912,942,912,942,1011,934588
2019-01-29,SICL,924,929,917,929,955,883972
2019-01-30,SICL,917,925,916,919,1193,1097220
2019-01-31,SICL,919,919,914,914,380,347831
2019-02-03,SICL,911,915,911,915,4471,4084043
2019-02-04,SICL,911,914,905,911,1488,1353781
2019-02-05,SICL,901,915,901,915,431,391889
2019-02-06,SICL,906,910,905,905,470,425700
2019-02-07,SICL,906,906,890,890,2240,2005980
2019-02-10,SICL,877,877,857,857,3123,2722842
2019-02-11,SICL,850,880,850,869,1026,880554
2019-02-12,SICL,875,878,870,877,1842,1611568
2019-02-13,SICL,877,877,864,864,1936,1681346
2019-02-14,SICL,860,865,855,860,1404,1207251
2019-02-17,SICL,875,875,854,855,2004,1733154
2019-02-18,SICL,855,860,850,860,1750,1500736
2019-02-19,SICL,873,891,870,870,729,638530
2019-02-20,SICL,871,871,853,860,4719,4077404
2019-02-21,SICL,865,877,865,877,796,693293
2019-02-24,SICL,871,873,850,867,12106,10363600
2019-02-25,SICL,870,870,853,870,2220,1917648
2019-02-26,SICL,861,870,861,870,510,440000
2019-02-27,SICL,863,870,855,861,15903,13608036
2019-03-03,SICL,861,870,850,865,3260,2814905
2019-03-05,SICL,864,876,860,860,6774,5858303
2019-03-06,SICL,855,875,855,875,1897,1650828
2019-03-07,SICL,880,885,872,881,4286,3762147
2019-03-10,SICL,880,895,879,895,830,733200
2019-03-11,SICL,880,906,870,906,6009,5332544
2019-03-12,SICL,920,920,900,900,8058,7287865
2019-03-13,SICL,902,902,891,891,1010,907460
2019-03-14,SICL,890,903,890,892,1938,1740209
2019-03-17,SICL,909,912,895,897,2393,2158579
2019-03-18,SICL,897,900,883,886,10628,9388307
2019-03-19,SICL,883,883,880,883,688,606280
2019-03-21,SICL,887,887,875,875,3478,3050994
2019-03-24,SICL,870,870,862,866,2183,1891884
2019-03-25,SICL,877,877,867,867,2234,1945100
2019-03-26,SICL,870,875,870,870,346,301145
2019-03-27,SICL,871,871,870,870,300,261148
2019-03-28,SICL,875,880,874,880,767,672448
2019-03-31,SICL,884,897,865,897,1881,1642961
2019-04-01,SICL,890,890,875,875,1211,1066077
2019-04-02,SICL,878,879,873,875,2639,2312664
2019-04-03,SICL,884,885,871,872,2435,2131799
2019-04-04,SICL,866,877,866,866,2613,2278162
2019-04-07,SICL,867,874,855,864,2415,2080894
2019-04-08,SICL,867,907,851,890,7078,6320657
2019-04-09,SICL,899,899,881,881,1155,1025357
2019-04-10,SICL,875,892,873,891,1857,1628266
2019-04-11,SICL,880,886,877,886,1552,1369205
2019-04-15,SICL,890,890,870,875,831,727792
2019-04-16,SICL,880,892,880,881,10923,9633566
2019-04-17,SICL,882,899,882,890,2631,2336079
2019-04-18,SICL,885,895,875,888,3501,3114450
2019-04-21,SICL,888,905,880,892,25346,22387820
2019-04-22,SICL,895,912,890,895,7725,6939522
2019-04-23,SICL,895,896,891,891,10105,9034480
2019-04-24,SICL,895,903,891,891,1064,953652
2019-04-25,SICL,894,900,890,894,7657,6852490
2019-04-28,SICL,911,975,911,935,22531,21131496
2019-04-29,SICL,953,972,918,930,9777,9151812
2019-04-30,SICL,930,930,897,915,4087,3716295
2019-05-02,SICL,897,910,897,905,2665,2407407
2019-05-05,SICL,910,910,890,909,2686,2403754
2019-05-06,SICL,891,900,890,900,2092,1879711
2019-05-07,SICL,900,900,895,895,1760,1579335
2019-05-08,SICL,881,894,881,891,1373,1221258
2019-05-09,SICL,894,908,880,892,2246,2003577
2019-05-12,SICL,895,897,890,893,5746,5132070
2019-05-13,SICL,900,901,885,894,10235,9134477
2019-05-14,SICL,911,911,882,895,15313,13697735
2019-05-15,SICL,885,889,878,878,11095,9811237
2019-05-16,SICL,885,885,871,872,3815,3343070
2019-05-19,SICL,865,870,861,870,9727,8425724
2019-05-20,SICL,870,870,855,857,7547,6484796
2019-05-21,SICL,874,874,858,858,2248,1939514
2019-05-22,SICL,875,875,861,865,2300,1990444
2019-05-23,SICL,865,865,860,861,3866,3327513
2019-05-26,SICL,861,865,859,863,4702,4046861
2019-05-27,SICL,860,862,854,854,4346,3721200
2019-05-28,SICL,855,856,847,850,4466,3801317
2019-05-29,SICL,852,855,850,851,5760,4903821
2019-05-30,SICL,860,868,850,850,4293,3685320
2019-06-02,SICL,855,855,847,847,5194,4415220
2019-06-03,SICL,848,850,840,840,2319,1958189
2019-06-04,SICL,840,840,832,833,1440,1203541
2019-06-06,SICL,835,835,830,834,1701,1416335
2019-06-10,SICL,835,835,825,830,1449,1200569
2019-06-11,SICL,829,832,825,825,1537,1272111
2019-06-12,SICL,811,827,811,825,733,599334
2019-06-13,SICL,818,825,818,825,1275,1044745
2019-06-16,SICL,813,820,808,808,9043,7364773
2019-06-17,SICL,800,822,795,806,978,789293
2019-06-18,SICL,809,819,809,810,1653,1344587
2019-06-19,SICL,812,814,802,802,3114,2514628
2019-06-20,SICL,800,810,800,806,708,571048
2019-06-23,SICL,800,800,745,754,17352,13114639
2019-06-24,SICL,767,769,761,768,2827,2160856
2019-06-25,SICL,765,773,760,760,3129,2392079
2019-06-26,SICL,760,760,750,751,2745,2078270
2019-06-27,SICL,755,755,740,740,3224,2411585
2019-06-30,SICL,740,740,726,730,4331,3170506
2019-07-01,SICL,735,745,726,735,5888,4321986
2019-07-02,SICL,735,760,735,760,2730,2029778
2019-07-03,SICL,775,775,759,761,3160,2411231
2019-07-04,SICL,761,770,761,762,2616,1997763
2019-07-07,SICL,756,767,756,767,1908,1448224
2019-07-08,SICL,766,769,765,765,4419,3388084
2019-07-09,SICL,765,770,761,763,3008,2302324
2019-07-10,SICL,764,766,764,766,489,374091
2019-07-11,SICL,764,768,762,766,4063,3107542
2019-07-14,SICL,766,770,765,765,1372,1050820
2019-07-15,SICL,770,771,769,771,496,381655
2019-07-16,SICL,809,809,770,771,683,527789
2019-07-17,SICL,772,805,772,780,1311,1025721
2019-07-18,SICL,782,787,780,780,1090,851800
2019-07-21,SICL,781,782,780,781,1055,823745
2019-07-22,SICL,783,793,783,789,3346,2630746
2019-07-23,SICL,799,809,796,800,2239,1797815
2019-07-24,SICL,820,824,805,824,5974,4854300
2019-07-25,SICL,829,830,817,817,3331,2735069
2019-07-28,SICL,810,810,798,800,5925,4758578
2019-07-29,SICL,800,800,792,799,1153,918558
2019-07-30,SICL,813,813,795,802,8665,6931809
2019-07-31,SICL,800,801,800,800,2510,2008030
2019-08-01,SICL,815,815,796,796,8633,6898624
2019-08-04,SICL,805,805,790,791,2682,2122177
2019-08-05,SICL,799,805,795,799,376,299776
2019-08-06,SICL,791,792,788,788,4245,3351725
2019-08-07,SICL,773,790,773,785,2351,1848433
2019-08-08,SICL,770,775,770,770,3457,2667975
2019-08-11,SICL,764,770,762,765,1166,890727
2019-08-12,SICL,765,776,765,775,1103,850340
2019-08-13,SICL,770,780,770,772,624,482296
2019-08-14,SICL,771,775,770,770,1729,1333322
2019-08-15,SICL,785,785,773,773,980,759430
2019-08-18,SICL,765,770,761,763,688,525189
2019-08-19,SICL,770,775,770,775,268,207080
2019-08-20,SICL,765,780,765,780,489,377193
2019-08-21,SICL,785,785,773,780,2919,2269250
2019-08-22,SICL,775,776,767,767,824,635018
2019-08-26,SICL,761,769,756,769,541,410317
2019-08-27,SICL,765,774,760,765,342,261323
2019-08-28,SICL,760,760,750,751,2229,1677614
2019-08-29,SICL,766,778,755,755,1066,814016
2019-09-01,SICL,750,755,750,754,1459,1099772
2019-09-02,SICL,754,755,750,755,1033,776265
2019-09-03,SICL,754,770,746,770,1863,1408700
2019-09-04,SICL,760,768,760,768,1293,988200
2019-09-05,SICL,768,780,765,780,10899,8340888
2019-09-08,SICL,790,790,763,763,1620,1249490
2019-09-09,SICL,763,765,751,765,762,574539
2019-09-10,SICL,765,765,748,748,778,583996
2019-09-11,SICL,761,761,739,739,1315,979463
2019-09-12,SICL,738,740,726,730,5380,3951287
2019-09-15,SICL,730,730,722,725,700,507100
2019-09-16,SICL,720,725,706,709,3197,2271902
2019-09-17,SICL,709,732,709,726,589,427332
2019-09-18,SICL,740,753,725,750,1180,874010
2019-09-19,SICL,745,745,735,741,1720,1273319
2019-09-22,SICL,725,730,706,706,1958,1399040
2019-09-23,SICL,710,714,710,714,570,405300
2019-09-24,SICL,706,715,706,715,521,371309
2019-09-25,SICL,702,716,702,708,280,198250
2019-09-26,SICL,705,710,705,705,868,613357
2019-09-29,SICL,700,702,700,701,196,137295
2019-09-30,SICL,706,710,706,706,308,217778
2019-10-01,SICL,715,715,712,715,585,418155
2019-10-02,SICL,720,720,708,708,949,676011
2019-10-03,SICL,712,715,712,715,4034,2884010
2019-10-10,SICL,715,715,715,715,100,71500
2019-10-14,SICL,729,729,705,710,1015,723844
2019-10-15,SICL,710,724,710,724,817,583926
2019-10-16,SICL,728,728,722,724,609,441796
2019-10-17,SICL,725,730,720,725,4272,3081048
2019-10-20,SICL,720,720,716,720,414,297740
2019-10-21,SICL,720,732,718,721,2645,1903934
2019-10-22,SICL,735,735,726,735,1694,1237854
2019-10-23,SICL,735,740,735,735,2314,1704124
2019-10-24,SICL,744,744,735,739,1261,928617
2019-10-31,SICL,736,736,734,734,120,88226
2019-11-03,SICL,733,734,727,731,765,558213
2019-11-04,SICL,735,735,727,733,2768,2018345
2019-11-05,SICL,740,740,727,727,399,293801
2019-11-06,SICL,735,735,730,735,410,300207
2019-11-07,SICL,737,737,731,731,1145,839815
2019-11-10,SICL,734,736,734,735,1261,927880
2019-11-11,SICL,731,749,730,736,2724,2003465
2019-11-12,SICL,734,743,732,743,1011,742140
2019-11-13,SICL,742,748,740,743,3829,2842521
2019-11-14,SICL,742,742,737,738,572,423045
2019-11-17,SICL,741,741,733,733,1329,978987
2019-11-18,SICL,735,737,735,737,156,114860
2019-11-19,SICL,735,740,735,737,275,202725
2019-11-20,SICL,741,745,738,739,1637,1210218
2019-11-21,SICL,735,735,735,735,120,88200
2019-11-24,SICL,735,739,725,735,1407,1029302
2019-11-25,SICL,726,735,726,735,445,325130
2019-11-26,SICL,737,738,736,738,2281,1683169
2019-11-27,SICL,738,745,738,745,905,669450
2019-11-28,SICL,745,755,745,749,585,436500
2019-12-01,SICL,736,745,736,740,698,517071
2019-12-02,SICL,735,740,731,732,2388,1758090
2019-12-03,SICL,732,740,732,736,1389,1024277
2019-12-04,SICL,736,789,736,750,4590,3439148
2019-12-05,SICL,765,780,765,780,3181,2449275
2019-12-08,SICL,782,782,773,779,3479,2704579
2019-12-09,SICL,770,804,770,788,6061,4791728
2019-12-10,SICL,803,803,792,795,3626,2887814
2019-12-11,SICL,790,835,788,821,5019,4078108
2019-12-12,SICL,828,880,825,870,13323,11323697
2019-12-15,SICL,870,885,839,860,6967,6025654
2019-12-16,SICL,855,855,824,845,3368,2814960
2019-12-17,SICL,844,862,840,860,7958,6769830
2019-12-18,SICL,866,866,849,851,1220,1038620
2019-12-19,SICL,849,858,843,843,2523,2133270
2019-12-22,SICL,841,870,835,869,4031,3431264
2019-12-23,SICL,870,872,850,868,7489,6445820
2019-12-24,SICL,885,885,850,850,3989,3415659
2019-12-25,SICL,865,865,845,846,3024,2566448
2019-12-26,SICL,858,862,850,858,2794,2393088
2019-12-29,SICL,852,852,850,850,9240,7855056
2019-12-30,SICL,850,864,850,856,1537,1323378
2019-12-31,SICL,873,873,854,860,1087,933925
2020-01-01,SICL,858,861,853,856,1520,1306820
2020-01-02,SICL,856,857,850,850,2009,1717737
2020-01-05,SICL,851,858,850,857,3619,3090994
2020-01-06,SICL,856,868,855,864,4144,3555556
2020-01-07,SICL,850,867,850,865,3286,2841323
2020-01-08,SICL,882,882,850,860,4883,4182535
2020-01-09,SICL,860,909,860,900,10388,9240064
2020-01-12,SICL,910,977,910,977,25739,24277216
2020-01-13,SICL,977,989,940,940,29909,28717816
2020-01-14,SICL,950,965,929,940,10107,9539687
2020-01-15,SICL,955,964,936,945,6078,5734692
2020-01-16,SICL,960,960,932,945,13596,12901652
2020-01-19,SICL,942,999,1000,1000,48299,47269736
2020-01-20,SICL,1000,1002,942,957,22582,21864444
2020-01-21,SICL,951,997,940,980,16974,16419723
2020-01-22,SICL,998,998,960,984,11972,11726896
2020-01-23,SICL,999,1025,985,1013,54473,54956356
2020-01-26,SICL,1025,1025,978,980,7098,7024389
2020-01-27,SICL,990,999,1000,1000,10319,10245269
2020-01-28,SICL,1019,1085,1000,1080,32650,33932336
2020-01-29,SICL,1091,1143,1091,1127,55250,62239200
2020-01-30,SICL,1135,1184,1123,1149,44024,50683532
2020-02-02,SICL,1150,1189,1150,1165,35925,41969500
2020-02-03,SICL,1166,1188,1151,1180,19935,23501678
2020-02-04,SICL,1178,1179,1141,1144,17083,19802296
2020-02-05,SICL,1160,1166,1132,1148,10931,12471512
2020-02-06,SICL,1164,1164,1137,1149,7739,8844018
2020-02-09,SICL,1130,1149,1115,1125,7567,8542933
2020-02-10,SICL,1130,1130,1109,1129,11962,13353760
2020-02-11,SICL,1151,1156,1137,1143,16109,18432344
2020-02-12,SICL,1150,1150,1130,1134,13354,15174565
2020-02-13,SICL,1146,1150,1130,1142,37475,42730128
2020-02-16,SICL,1162,1230,1156,1230,56988,67889264
2020-02-17,SICL,1254,1299,1240,1249,88801,112196376
2020-02-18,SICL,1230,1265,1225,1248,49161,61196716
2020-02-19,SICL,1270,1270,1225,1240,40748,50291820
2020-02-20,SICL,1256,1300,1242,1300,83431,106391752
2020-02-23,SICL,1320,1365,1312,1347,77549,103741280
2020-02-24,SICL,1365,1370,1335,1340,91112,122442712
2020-02-25,SICL,1074,1159,1074,1159,92998,106534360
2020-02-26,SICL,1182,1230,1170,1180,39515,47449388
2020-02-27,SICL,1174,1195,1127,1159,38097,44315860
2020-03-01,SICL,1159,1173,1095,1109,38626,42852912
2020-03-02,SICL,1105,1107,1000,1000,18049,19039216
2020-03-03,SICL,980,1070,931,1035,44514,45645904
2020-03-04,SICL,1015,1035,961,990,35280,34928132
2020-03-05,SICL,971,1010,953,979,27721,27071594
2020-03-10,SICL,980,980,931,931,9965,9363076
2020-03-11,SICL,949,1005,922,1005,48165,45724792
2020-03-12,SICL,1011,1011,940,950,28232,27164724
2020-03-15,SICL,960,960,865,875,24398,22376734
2020-03-16,SICL,875,897,845,875,23923,20877636
2020-03-17,SICL,890,890,841,855,31273,26644508
2020-03-18,SICL,840,852,805,828,15869,12997993
2020-03-19,SICL,828,866,799,842,21624,17866166
2020-03-22,SICL,845,846,830,845,410,342760
2020-05-12,SICL,837,844,820,820,355,296865
2020-05-13,SICL,804,804,796,796,20,16000
2020-06-29,SICL,781,795,725,825,4037,3092699
2020-06-30,SICL,825,907,825,907,2652,2374411
2020-07-01,SICL,925,997,925,997,4537,4502478
2020-07-02,SICL,1016,1020,914,923,6266,6011209
2020-07-05,SICL,905,940,887,935,8758,8087771
2020-07-06,SICL,917,991,913,990,8348,7938345
2020-07-07,SICL,973,1020,973,1007,25441,25647444
2020-07-08,SICL,1020,1028,965,1000,8958,8990470
2020-07-09,SICL,990,1013,990,995,7121,7127029
2020-07-12,SICL,1014,1034,1005,1010,6645,6744454
2020-07-13,SICL,1000,1015,1000,1010,7711,7777317
2020-07-14,SICL,1011,1024,999,1010,12455,12627823
2020-07-15,SICL,1010,1023,1000,1019,10398,10503647
2020-07-16,SICL,1021,1035,1010,1030,6997,7164894
2020-07-19,SICL,1050,1133,1050,1133,170,189910
2020-07-20,SICL,1189,1212,1034,1070,18540,20476964
2020-07-21,SICL,1070,1116,1060,1095,35082,38551164
2020-07-22,SICL,1110,1154,1090,1134,43037,48531784
2020-07-23,SICL,1145,1217,1125,1210,67955,80518896
2020-07-26,SICL,1220,1288,1220,1280,68007,85768128
2020-07-27,SICL,1305,1308,1230,1250,45043,57116720
2020-07-28,SICL,1232,1267,1232,1243,24116,30102144
2020-07-29,SICL,1226,1245,1211,1215,30624,37556688
2020-07-30,SICL,1223,1235,1202,1223,40929,49780700
2020-08-02,SICL,1201,1224,1191,1205,53243,64104156
2020-08-03,SICL,1189,1224,1189,1214,15553,18777144
2020-08-05,SICL,1201,1202,1172,1177,27021,32082968
2020-08-06,SICL,1177,1190,1163,1180,17336,20414904
2020-08-09,SICL,1170,1200,1161,1200,19753,23396486
2020-08-10,SICL,1220,1260,1203,1248,27006,33366888
2020-08-11,SICL,1255,1268,1235,1245,18440,23005324
2020-08-12,SICL,1245,1250,1227,1245,24271,30196628
2020-08-13,SICL,1235,1247,1229,1235,23435,29045514
2020-08-16,SICL,1236,1236,1208,1217,16016,19565249
2020-08-17,SICL,1225,1242,1218,1237,16375,20162503
2020-08-18,SICL,1260,1268,1238,1244,18997,23674071
2020-08-19,SICL,1220,1244,1220,1225,14212,17452154
2020-08-20,SICL,1248,1248,1223,1225,5674,6969696
2020-08-23,SICL,1244,1244,1221,1240,15272,18820525
2020-08-24,SICL,1264,1288,1248,1248,19767,24857252
2020-08-25,SICL,1248,1250,1231,1245,28303,35207480
2020-08-26,SICL,1254,1280,1243,1264,47801,60434115
2020-08-27,SICL,1279,1279,1250,1250,14709,18514607
2020-08-30,SICL,1250,1260,1235,1240,11434,14231082
2020-08-31,SICL,1302,1329,1246,1280,48226,61491746
2020-09-02,SICL,1305,1356,1282,1295,134591,177528502
2020-09-03,SICL,1305,1340,1290,1335,98746,130490274
2020-09-06,SICL,1401,1401,1335,1353,61120,82558522
2020-09-07,SICL,1350,1363,1334,1340,50830,68420928
2020-09-08,SICL,1407,1407,1327,1341,27212,36428844
2020-09-09,SICL,1345,1375,1345,1370,56841,77266647
2020-09-10,SICL,1375,1409,1370,1388,46525,64565499
2020-09-13,SICL,1414,1415,1382,1407,57457,80158573
2020-09-14,SICL,1400,1410,1361,1370,46273,63908503
2020-09-15,SICL,1370,1385,1360,1374,48089,65946865
2020-09-16,SICL,1382,1382,1362,1368,23709,32564433
2020-09-17,SICL,1368,1395,1366,1389,44550,61532606
2020-09-20,SICL,1380,1389,1371,1389,26762,37016768
2020-09-21,SICL,1388,1395,1375,1383,47165,65355057
2020-09-22,SICL,1381,1381,1319,1335,237896,319544183
2020-09-23,SICL,1312,1349,1312,1349,81883,108598045
2020-09-24,SICL,1354,1355,1334,1335,35048,46891813
2020-09-27,SICL,1331,1340,1320,1321,28062,37245887
2020-09-28,SICL,1315,1334,1315,1320,25947,34305001
2020-09-29,SICL,1322,1329,1318,1324,20507,27111501
2020-09-30,SICL,1307,1325,1307,1318,13647,17949137
2020-10-01,SICL,1329,1383,1319,1375,99031,134712727
2020-10-04,SICL,1380,1399,1357,1363,42909,59289609
2020-10-05,SICL,1363,1379,1341,1344,15207,20609757
2020-10-06,SICL,1355,1359,1338,1344,24623,33136615
2020-10-07,SICL,1344,1348,1330,1336,17039,22801200
2020-10-08,SICL,1348,1348,1330,1333,20350,27163255
2020-10-11,SICL,1333,1339,1320,1322,13230,17539660
2020-10-12,SICL,1322,1340,1320,1326,12588,16707349
2020-10-13,SICL,1328,1343,1323,1325,9508,12617760
2020-10-14,SICL,1325,1327,1320,1320,3547,4694588
2020-10-15,SICL,1340,1340,1315,1315,10094,13315860
2020-10-18,SICL,1339,1341,1319,1331,18210,24235988
2020-10-19,SICL,1339,1344,1330,1344,22027,29351193
2020-10-20,SICL,1346,1348,1335,1343,20920,27985240
2020-10-21,SICL,1363,1363,1337,1342,2813,3779667
2020-10-22,SICL,1340,1340,1336,1338,3808,5097864
2020-10-28,SICL,1339,1354,1334,1350,8637,11616061
2020-10-29,SICL,1373,1375,1350,1374,19668,26827841
2020-11-01,SICL,1380,1405,1380,1393,53142,74180030
2020-11-02,SICL,1389,1390,1380,1380,13279,18354283
2020-11-03,SICL,1380,1398,1375,1396,24244,33685927
2020-11-04,SICL,1381,1402,1376,1387,20887,28839027
2020-11-05,SICL,1382,1390,1377,1387,21268,29430220
2020-11-08,SICL,1372,1410,1372,1399,87960,123041814
2020-11-09,SICL,1410,1434,1401,1415,50095,71143998
2020-11-10,SICL,1416,1427,1401,1415,23639,33463830
2020-11-11,SICL,1430,1480,1417,1475,79735,115831277
2020-11-12,SICL,1476,1485,1451,1479,47921,70449887
2020-11-18,SICL,1475,1615,1475,1603,103006,162605956
2020-11-19,SICL,1605,1634,1575,1582,59797,95515282
2020-11-22,SICL,1600,1600,1502,1529,80215,123727632
2020-11-23,SICL,1529,1529,1500,1514,72771,109770286
2020-11-24,SICL,1543,1587,1524,1586,94195,147679551
2020-11-25,SICL,1617,1720,1616,1720,122755,206096245
2020-11-26,SICL,1806,1806,1689,1719,100016,171918271
2020-11-29,SICL,1719,1719,1660,1685,58955,99168600
2020-11-30,SICL,1710,1772,1672,1716,64678,110429137
2020-12-01,SICL,1748,1750,1672,1705,72462,123040532
2020-12-02,SICL,1700,1739,1659,1708,64353,110339305
2020-12-03,SICL,1720,1750,1692,1693,62645,107395024
2020-12-06,SICL,1690,1690,1634,1635,63921,105656325
2020-12-07,SICL,1630,1725,1590,1670,53313,88524128
2020-12-08,SICL,1700,1710,1641,1663,50938,84497914
2020-12-09,SICL,1650,1670,1627,1640,51231,84095616
2020-12-10,SICL,1620,1675,1620,1650,25939,42836184
2020-12-13,SICL,1665,1701,1655,1697,48376,81450146
2020-12-14,SICL,1750,1866,1706,1866,138355,248090932
2020-12-15,SICL,1900,1930,1795,1800,103404,191176604
2020-12-16,SICL,1800,1830,1725,1740,83318,147644047
2020-12-17,SICL,1774,1779,1685,1714,97977,169112928
2020-12-20,SICL,1799,1799,1640,1652,84037,140693566
2020-12-21,SICL,1620,1685,1572,1660,71844,117539255
2020-12-22,SICL,1693,1826,1660,1826,82267,140619536
2020-12-23,SICL,1900,1917,1780,1814,90800,168260003
2020-12-24,SICL,1780,1844,1737,1759,79130,139507620
2020-12-27,SICL,1700,1803,1698,1704,44994,77404709
2020-12-28,SICL,1720,1720,1675,1698,38157,64779676
2020-12-29,SICL,1698,1700,1660,1678,26294,44020726
2020-12-30,SICL,1690,1720,1682,1700,25815,43866158
2020-12-31,SICL,1720,1768,1690,1696,39974,68099166
2021-01-03,SICL,1720,1764,1717,1762,48532,84756407
2021-01-04,SICL,1797,1897,1779,1850,138474,253343738
2021-01-05,SICL,1942,1944,1855,1895,362719,690687062
2021-01-06,SICL,1930,1932,1850,1860,107218,200221780
2021-01-07,SICL,1865,1866,1831,1835,80188,147607606
2021-01-10,SICL,1835,1845,1805,1811,68659,125043114
2021-01-11,SICL,1830,1846,1805,1818,44791,81755557
2021-01-12,SICL,1835,1840,1823,1830,23983,43870994
2021-01-13,SICL,1835,1860,1831,1843,49017,90416982
2021-01-17,SICL,1853,1870,1842,1866,36713,68129902
2021-01-18,SICL,1920,1920,1870,1874,31367,58834211
2021-01-19,SICL,1885,1890,1831,1862,42497,79260737
2021-01-20,SICL,1955,2025,1861,2022,129564,251965613
2021-01-21,SICL,2122,2180,2058,2142,106846,228261772
2021-01-24,SICL,2249,2249,2100,2155,96114,206141329
2021-01-25,SICL,2161,2175,2122,2136,90801,194254731
2021-01-26,SICL,2140,2210,2115,2210,107645,231789569
2021-01-27,SICL,2275,2389,2241,2389,105904,245598692
2021-01-28,SICL,2401,2565,2401,2523,108086,273173160
2021-01-31,SICL,2600,2600,2436,2466,141160,347995075
2021-02-01,SICL,2500,2515,2450,2499,82799,206405779
2021-02-02,SICL,2525,2625,2499,2610,136833,349178338
2021-02-03,SICL,2670,2700,2550,2579,81767,212506942
2021-02-04,SICL,2530,2600,2530,2570,44703,114728844
2021-02-07,SICL,2600,2750,2580,2729,118303,314682973
2021-02-08,SICL,2730,2749,2651,2681,50870,137104027
2021-02-09,SICL,2696,2700,2600,2630,53432,141039963
2021-02-10,SICL,2675,2750,2597,2750,123874,333923453
2021-02-11,SICL,2760,2760,2675,2679,68932,186929986
2021-02-14,SICL,2600,2703,2600,2643,48009,127415594
2021-02-15,SICL,2695,2748,2651,2700,70442,190253758
2021-02-16,SICL,2720,2802,2702,2770,111131,305904345
2021-02-17,SICL,2775,2800,2740,2765,54115,149688508
2021-02-18,SICL,2765,2770,2725,2734,30555,83735781
2021-02-21,SICL,2734,2840,2705,2795,99846,275662263
2021-02-22,SICL,2840,2850,2769,2830,106765,299835916
2021-02-23,SICL,2850,2850,2730,2795,78148,216232602
2021-02-24,SICL,2800,2850,2770,2785,44703,125467169
2021-02-25,SICL,2805,2805,2740,2747,37735,104307841
2021-02-28,SICL,2884,3021,2817,2824,356214,1021632824
2021-03-01,SICL,2890,2890,2790,2830,106096,300799097
2021-03-02,SICL,2850,2875,2685,2730,78447,216922727
2021-03-03,SICL,2730,2730,2650,2650,90821,242790054
2021-03-04,SICL,2782,2782,2675,2748,89475,244491107
2021-03-07,SICL,2885,2885,2675,2689,54180,147160469
2021-03-09,SICL,2720,2725,2615,2622,246807,653541887
2021-03-10,SICL,2150,2150,1970,1970,63199,126203661
2021-03-14,SICL,2000,2000,1837,1841,58602,109757779
2021-03-15,SICL,1830,1890,1777,1796,54876,99544602
2021-03-16,SICL,1880,1880,1774,1798,27426,49212496
2021-03-17,SICL,1833,1890,1797,1868,23490,43008423
2021-03-18,SICL,1900,1950,1850,1897,49329,93923784
2021-03-21,SICL,1934,1985,1905,1984,43377,84895371
2021-03-22,SICL,2083,2083,1962,1969,42400,84671108
2021-03-23,SICL,2067,2067,1960,1996,53828,107614336
2021-03-24,SICL,2034,2034,1986,1989,33658,67329734
2021-03-25,SICL,1960,2024,1944,1948,28237,55704949
2021-03-29,SICL,1950,1969,1928,1932,18089,35208392
2021-03-30,SICL,1932,2038,1932,1965,32338,63805135
2021-03-31,SICL,2063,2063,1965,1984,26107,51640270
2021-04-01,SICL,2083,2083,1955,1980,29645,58609608
2021-04-04,SICL,1986,2000,1960,1975,35933,71259514
2021-04-05,SICL,1999,1999,1961,1969,20698,40823172
2021-04-06,SICL,2008,2008,1952,1957,20822,40819923
2021-04-07,SICL,1990,1996,1920,1927,23736,46117497
2021-04-08,SICL,1831,1978,1831,1933,20929,40618232
2021-04-12,SICL,1950,1960,1912,1929,31682,61249198
2021-04-13,SICL,1939,1950,1920,1920,14475,27903792
2021-04-15,SICL,1920,1942,1915,1918,21429,41281991
2021-04-18,SICL,1939,1940,1899,1901,18021,34399811
2021-04-19,SICL,1899,1915,1881,1886,15108,28665348
2021-04-20,SICL,1885,1900,1856,1878,19879,37387671
2021-04-21,SICL,1870,1890,1845,1848,20607,38247003
2021-04-22,SICL,1848,1850,1815,1843,20662,37927943
2021-04-25,SICL,1860,1860,1790,1791,39759,71647646
2021-04-26,SICL,1766,1790,1745,1755,34502,60978283
2021-04-27,SICL,1755,1820,1755,1819,25450,45712400
2021-04-28,SICL,1820,1858,1791,1832,10849,19895335
2021-04-29,SICL,1828,1850,1821,1830,10546,19313325
2021-05-02,SICL,1840,1942,1840,1940,30493,57868946
2021-05-03,SICL,1980,1999,1909,1933,26008,50727504
2021-05-04,SICL,1935,1949,1897,1921,10811,20753273
2021-05-05,SICL,1890,1929,1890,1911,9076,17426325
2021-05-06,SICL,1902,1910,1884,1888,13879,26253751
2021-05-09,SICL,1871,1890,1840,1860,11868,22220207
2021-05-10,SICL,1840,1890,1840,1885,7613,14281570
2021-05-11,SICL,1880,1943,1880,1910,14597,27956132
2021-05-12,SICL,1947,1947,1893,1902,12888,24511400
2021-05-13,SICL,1997,1997,1906,1935,30959,59945325
2021-05-16,SICL,2031,2128,2011,2128,112745,237503814
2021-05-17,SICL,2234,2340,2181,2220,141558,317935003
2021-05-18,SICL,2250,2250,2160,2199,49183,108292529
2021-05-19,SICL,2200,2200,2132,2148,57923,125129924
2021-05-20,SICL,2168,2170,2148,2149,34188,73591735
2021-05-23,SICL,2100,2150,2080,2134,35065,74698596
2021-05-24,SICL,2040,2190,2040,2124,32458,69273397
2021-05-25,SICL,2124,2140,2108,2119,27487,58453069
2021-05-27,SICL,2119,2119,2051,2085,51612,108041951
2021-05-30,SICL,2110,2125,2070,2070,46163,96354973
2021-05-31,SICL,2080,2097,2035,2040,53047,109501344
2021-06-01,SICL,2050,2050,2006,2019,41556,84067562
2021-06-02,SICL,2100,2152,2030,2148,98688,209224607
2021-06-03,SICL,2160,2200,2150,2154,63685,138651854
2021-06-06,SICL,2261,2261,2110,2110,35966,76350273
2021-06-07,SICL,2100,2145,2088,2126,67327,142811371
2021-06-08,SICL,2168,2168,2115,2145,29501,63047384
2021-06-09,SICL,2170,2185,2125,2125,29480,63208634
2021-06-10,SICL,2230,2230,2109,2114,26919,57056825
2021-06-13,SICL,2114,2255,2114,2200,128297,279933111
2021-06-14,SICL,2300,2300,2205,2223,83124,185910682
2021-06-15,SICL,2250,2250,2190,2199,39207,86885824
2021-06-16,SICL,2200,2207,2137,2161,40413,87702124
2021-06-17,SICL,2161,2161,2129,2129,39950,85543862
2021-06-20,SICL,2170,2170,2068,2085,42122,88491910
2021-06-21,SICL,2090,2092,2014,2018,50320,102877914
2021-06-22,SICL,2021,2120,2020,2078,33157,68487148
2021-06-23,SICL,2061,2098,2035,2040,31090,63839923
2021-06-24,SICL,2062,2080,2011,2019,27300,55206852
2021-06-27,SICL,2030,2060,1990,2015,18388,37071755
2021-06-28,SICL,2043,2044,2010,2016,15524,31392674
2021-06-29,SICL,2039,2039,2001,2004,18232,36645109
2021-06-30,SICL,1992,2005,1981,1989,17414,34676754
2021-07-01,SICL,1990,2015,1950,1985,24585,48913898
2021-07-04,SICL,2010,2015,1975,1982,17695,35142065
2021-07-05,SICL,2015,2015,1945,1960,26942,52892558
2021-07-06,SICL,1961,1980,1950,1960,20185,39582968
2021-07-07,SICL,1960,1960,1928,1935,21545,41833563
2021-07-08,SICL,1940,1950,1925,1932,25406,49243647
2021-07-11,SICL,2000,2000,1945,1989,37895,74568213
2021-07-12,SICL,2000,2020,1950,1969,40044,79363129
2021-07-13,SICL,1970,2000,1950,1955,31450,61848671
2021-07-14,SICL,1975,1985,1950,1963,18276,35753832
2021-07-15,SICL,1966,1975,1947,1952,28977,56679946
2021-07-18,SICL,1980,2020,1970,2020,30566,61098222.5
2021-07-19,SICL,2050,2094,2035,2062.9,33682,69434653.3
2021-07-20,SICL,2094.9,2094.9,2039,2048,26457,54333331.5
2021-07-22,SICL,2085,2088,2035.2,2040,32128,65848862.6
2021-07-25,SICL,2060,2078,2020,2029.8,42093,85911192.3
2021-07-26,SICL,2036,2060,2028.5,2035,31140,63418483.9
2021-07-27,SICL,2034,2048,2024,2028,30316,61684711.2
2021-07-28,SICL,2058,2109.8,2035,2100,71998,148859847.2
2021-07-29,SICL,2142,2142,2080,2080,40770,85756702.4
2021-08-01,SICL,2095,2099,2050,2055,33869,70053010
2021-08-02,SICL,2089,2096,2040,2048,30507,62658532
2021-08-03,SICL,2080,2080,2039,2042,29911,61244624.5
2021-08-04,SICL,2075,2076,2036,2040,36481,74556450.8
2021-08-05,SICL,2048,2052,2032,2041,27470,56069798.4
2021-08-08,SICL,2074,2115,2027,2038.5,32208,65952748.9
2021-08-09,SICL,2079.2,2079.2,2020,2040,24640,50226479.5
2021-08-10,SICL,2045,2065,2034,2050,23635,48396833.5
2021-08-11,SICL,2050,2063,2050,2057,20727,42631250.3
2021-08-12,SICL,2046,2065,2046,2051,24011,49335302.2
2021-08-15,SICL,2051,2060,2020,2025,49992,101634821.9
2021-08-16,SICL,2035,2040,1996,1998,38683,77894397.8
2021-08-17,SICL,2019,2019,1980,1982,34755,69421730.2
2021-08-18,SICL,1982,2000,1979,1979,26318,52272954.2
2021-08-19,SICL,1975,2086,1970,2028,41506,84718733.1
2021-08-24,SICL,2068,2089.5,2029,2030,20502,41968103.5
2021-08-25,SICL,2030,2030,1995,1995,14003,28083829.1
2021-08-26,SICL,1995,2020,1975,1980,23861,47385747.2
2021-08-29,SICL,2013,2015,1955,1969,22866,45048024.8
2021-08-31,SICL,1960,1975,1930,1930,18220,35337713.2
2021-09-01,SICL,1930,1951,1910,1911,19160,36954924.5
2021-09-02,SICL,1914,1925,1880,1881,24633,46769932.3
2021-09-05,SICL,1885,1885,1783,1811.5,41932,76296060.2
2021-09-06,SICL,1820,1910,1800,1910,21508,40005687.7
2021-09-07,SICL,1910,1945,1845.4,1889,14460,27314198
2021-09-08,SICL,1868,1885,1825,1829,20139,37151057.5
2021-09-09,SICL,1829,1865,1800,1840,38117,69628893.7
2021-09-12,SICL,1875,1911,1844,1859,20151,37466788.5
2021-09-13,SICL,1895,1895,1866,1875,9736,18255700.4
2021-09-14,SICL,1875,1897,1845,1865,9268,17271334.7
2021-09-15,SICL,1860,1875,1835,1845,15842,29210716.5
2021-09-16,SICL,1841.5,1841.5,1788.5,1794,24543,44199685.5
2021-09-20,SICL,1825,1825,1707,1725,32225,56168667.2
2021-09-21,SICL,1705,1800,1667,1735,27449,47551047.1
2021-09-22,SICL,1769,1800,1745,1780,16895,30072483.9
2021-09-23,SICL,1815,1815,1781,1785,14711,26348368
2021-09-26,SICL,1800,1800,1755,1755,10823,19239099.2
2021-09-27,SICL,1755,1755,1692,1696,16544,28233599.2
2021-09-28,SICL,1676,1690,1640,1659.9,26437,43845021
2021-09-29,SICL,1658,1689.1,1640,1689,16051,26652382.4
2021-09-30,SICL,1714,1720,1685,1692,14066,23947693.6
2021-10-03,SICL,1692,1696,1646,1655,21480,35755823
2021-10-04,SICL,1638,1684,1625,1662,11190,18505354.5
2021-10-05,SICL,1694.9,1734,1652,1727,25871,44006058.6
2021-10-06,SICL,1750,1800,1720,1800,17557,30712369.3
2021-10-10,SICL,1820,1840,1745,1750,23971,42580494.3
2021-10-11,SICL,1730,1732.1,1700,1720,14183,24389647.5
2021-10-17,SICL,1754,1754,1700,1730,3410,5865775
2021-10-18,SICL,1700,1720,1670,1689,9963,16856708.5
2021-10-19,SICL,1656,1660,1615,1635,16446,26841940.2
2021-10-20,SICL,1667.7,1729.9,1650,1655,8672,14426965.6
2021-10-21,SICL,1656,1675,1640,1660,17409,28839237.6
2021-10-24,SICL,1654,1670,1650,1668,7803,12971061.5
2021-10-25,SICL,1701,1722.5,1690,1721,8634,14799796.2
2021-10-26,SICL,1754,1800,1737,1794,14477,25786747.9
2021-10-27,SICL,1820,1829,1789,1801,24536,44416413.5
2021-10-28,SICL,1799,1808,1780,1793,9321,16721075.1
2021-10-31,SICL,1815,1835,1790,1834,9954,18063826
2021-11-01,SICL,1870,1870,1820,1823,12924,23737652.7
2021-11-02,SICL,1795,1826,1794,1825,11842,21423607.5
2021-11-03,SICL,1861,1861,1832,1846,9177,16949910
2021-11-08,SICL,1846.1,1857,1800,1815,9148,16665143.4
2021-11-09,SICL,1800,1800,1747,1765.2,13448,23752873.8
2021-11-11,SICL,1743,1790,1700,1717,10160,17479408.3
2021-11-14,SICL,1730,1740,1705,1729.1,8269,14282611.3
2021-11-15,SICL,1763,1763,1735,1750,6627,11554259
2021-11-16,SICL,1750,1756.9,1715,1735,9486,16490085
2021-11-17,SICL,1750,1784,1750,1759,6401,11305652.4
2021-11-18,SICL,1730.1,1764,1730.1,1736,8037,14015851.5
2021-11-21,SICL,1760,1760,1730,1736.2,7387,12849816.5
2021-11-22,SICL,1760,1760,1740,1740,6531,11427678.5
2021-11-23,SICL,1730,1740,1713,1722,7719,13324457.1
2021-11-24,SICL,1735,1735,1690,1709.9,16964,28927730.5
2021-11-25,SICL,1711.5,1725,1670,1717,10788,18371113.4
2021-11-28,SICL,1701,1710,1644,1650,19694,32767932.7
2021-11-29,SICL,1630,1683,1619,1644,14160,23154240.6
2021-11-30,SICL,1650,1665,1634,1650,3876,6380423.9
2021-12-01,SICL,1660,1683,1646,1675,12627,21122594.5
2021-12-02,SICL,1675,1706,1651,1652,7973,13318756.1
2021-12-05,SICL,1643,1643,1620,1635,15166,24677051.7
2021-12-06,SICL,1616,1650,1579,1636,11674,18851183.2
2021-12-07,SICL,1636,1660,1590,1619,8529,13897868.9
2021-12-08,SICL,1587,1618.7,1579.9,1585,13203,20964367.3
2021-12-09,SICL,1608,1608,1561,1586,9241,14547702.6
2021-12-12,SICL,1600,1600,1503,1508,15041,23223528.2
2021-12-13,SICL,1478,1478,1387,1425,22592,32235474.6
2021-12-14,SICL,1450,1500,1425,1498.9,7539,11152862.6
2021-12-15,SICL,1528,1585,1469,1525,20683,31355726
2021-12-16,SICL,1552.9,1553,1470,1497,6895,10225755.5
2021-12-20,SICL,1475.2,1480,1445,1463,10964,15988578.1
2021-12-21,SICL,1471,1477,1460,1475.5,6963,10240167.5
2021-12-22,SICL,1480,1550,1480,1535,12068,18408828.8
2021-12-23,SICL,1564.1,1688.5,1537,1688,42007,69123310.2
2021-12-26,SICL,1721.7,1745,1659,1735,34293,58862065.6
2021-12-27,SICL,1769.7,1769.7,1650,1657,31837,53910006.3
2021-12-28,SICL,1635,1668,1597.4,1650,11810,19380043.4
2021-12-29,SICL,1683,1683,1630,1657.5,6887,11395716
2022-01-02,SICL,1684,1705,1657,1702,15041,25418045.7
2022-01-03,SICL,1736,1770,1715.1,1750,38932,67715449.7
2022-01-04,SICL,1751,1755,1730,1736,15126,26394442.6
2022-01-05,SICL,1745,1765,1722,1740,31867,55586329.7
2022-01-06,SICL,1740,1770,1730.1,1740,11809,20567957.6
2022-01-09,SICL,1755,1800,1755,1765,19425,34415967.1
2022-01-10,SICL,1767,1797,1765,1777,22040,39216658.4
2022-01-11,SICL,1778,1839,1778,1830,45516,82845962.8
2022-01-12,SICL,1834,1855,1780,1795,30054,54807511.3
2022-01-13,SICL,1819,1835,1802,1823,30918,56378756
2022-01-16,SICL,1858.4,1880,1835,1849,29960,55800720.4
2022-01-17,SICL,1885,1917,1840,1914,42110,79055344.5
2022-01-18,SICL,1920,1954,1906,1914,41479,80353316.6
2022-01-19,SICL,1920,1942,1900,1923,33075,63389650.2
2022-01-20,SICL,1925,2024.9,1911,2009,89152,176765627.5
2022-01-23,SICL,2049.1,2157,2036,2056.9,84066,174776336.8
2022-01-24,SICL,2070,2070,1978,1984,82920,166425256.2
2022-01-25,SICL,2000,2009.4,1930,1974,51203,101302364
2022-01-26,SICL,2000,2000,1930,1936.2,40311,78145450.3
2022-01-27,SICL,1974.9,2050,1970.5,1996,55151,109934271.4
2022-01-30,SICL,2035.9,2118,2030,2042,49964,102242594.3
2022-01-31,SICL,2042,2058.8,1999,2000,47626,96042825.5
2022-02-01,SICL,2034,2035,1990,1997,37556,75061695.7
2022-02-03,SICL,2005,2030,1980,1986,134452,268068044.7
2022-02-06,SICL,1581.7,1650,1581.7,1600,87486,140989782.8
2022-02-07,SICL,1568,1630,1568,1584,20634,33000018.8
2022-02-08,SICL,1615.6,1647,1560,1562,23862,37775129.2
2022-02-09,SICL,1560,1569,1522,1528,21734,33394075.3
2022-02-10,SICL,1520,1530,1500,1509,21953,33149918.6
2022-02-13,SICL,1490,1490,1425,1433,38720,55763398.7
2022-02-14,SICL,1404.4,1460,1400,1450,19759,28396924.5
2022-02-15,SICL,1475,1478,1446,1474,14042,20483752.6
2022-02-16,SICL,1497,1497,1451,1451.1,9205,13519397.2
2022-02-17,SICL,1455,1465,1449,1455,9030,13121049.7
2022-02-20,SICL,1425.9,1453,1399,1427,11486,16398641.6
2022-02-21,SICL,1450,1467.9,1426,1430,12244,17569959
2022-02-22,SICL,1455,1458,1430,1449,7886,11416203
2022-02-23,SICL,1448,1455,1430,1440,5145,7426515
2022-02-24,SICL,1430,1435,1390,1404,19905,28027978.9
2022-02-27,SICL,1404,1431,1395,1396.1,9837,13837710.7
2022-02-28,SICL,1423,1425,1387,1390,11149,15569129
2022-03-02,SICL,1390,1390,1345.5,1347,13633,18516648.5
2022-03-06,SICL,1347,1362,1325,1361.9,8953,12085694.4
2022-03-07,SICL,1385.9,1385.9,1360,1360,5514,7535620.3
2022-03-09,SICL,1387.2,1387.2,1350.2,1355,5855,7986837.2
2022-03-10,SICL,1342,1366,1342,1364.8,5726,7772580.9
2022-03-13,SICL,1375,1440,1375,1428.2,14987,21235043.5
2022-03-14,SICL,1430,1449,1421,1425,3863,5516670.8
2022-03-15,SICL,1425,1425,1404,1404,8632,12203168.7
2022-03-16,SICL,1427,1427,1401,1410,4590,6461724
2022-03-20,SICL,1410,1427,1390,1395,8108,11343830
2022-03-21,SICL,1400,1400,1371,1395,4059,5638818.5
2022-03-22,SICL,1400,1420,1392,1397.2,7472,10468866.5
2022-03-23,SICL,1412.8,1412.9,1385,1395,2636,3678935.5
2022-03-24,SICL,1414,1414,1380,1382,6235,8654907.8
2022-03-27,SICL,1382,1428,1334,1360,15724,21476783.7
2022-03-28,SICL,1380,1380,1325,1332,8261,11025805.9
2022-03-29,SICL,1358,1358,1315,1315,4764,6308802.5
2022-03-30,SICL,1315.1,1332,1305,1323,6051,7964028
2022-03-31,SICL,1323,1337,1300,1313,5881,7721116.7
2022-04-03,SICL,1335,1336,1297,1297,7002,9139011.9
2022-04-04,SICL,1322.5,1322.5,1281,1290,9617,12442978
2022-04-05,SICL,1275,1280,1237.1,1252,11842,14868607.6
2022-04-06,SICL,1235,1240,1203,1205,14819,18045930.9
2022-04-07,SICL,1205,1230,1200,1208.2,7047,8545399
2022-04-11,SICL,1232.3,1249.5,1185,1185.6,11689,14048021.6
2022-04-12,SICL,1185.6,1198,1155,1157,8179,9531688.5
2022-04-13,SICL,1179,1179,1133.9,1170,8407,9766623.2
2022-04-17,SICL,1193,1193,1151,1160,6780,7879643.8
2022-04-18,SICL,1150,1153,1135,1137,5065,5770906.2
2022-04-19,SICL,1137,1144,1120,1131,6974,7894874
2022-04-20,SICL,1108.4,1149,1108.4,1130,4822,5464512
2022-04-21,SICL,1120,1140,1120,1135,5037,5659000.8
2022-04-24,SICL,1157.7,1158,1135,1154,9537,10967740.2
2022-04-25,SICL,1132,1198,1132,1147,10170,11705117
2022-04-26,SICL,1125,1146,1125,1133,8010,9071903
2022-04-27,SICL,1120.1,1139,1118,1137,5574,6285478.7
2022-04-28,SICL,1149,1150,1132,1132,3398,3867472.7
2022-05-02,SICL,1154,1154,1110,1124,4414,4936932.8
2022-05-04,SICL,1125,1144,1082,1103.2,6451,7114257.1
2022-05-05,SICL,1085,1122,1072,1077,6248,6819065.6
2022-05-08,SICL,1092,1092,1035,1060,9365,9877956
2022-05-09,SICL,1070,1078,1065,1078,4863,5221973.5
2022-05-10,SICL,1076,1077,1057.2,1077,10296,10997999.8
2022-05-11,SICL,1098,1110,1070,1107,7126,7776830.7
2022-05-12,SICL,1085,1129,1085,1114,5493,6114167.4
2022-05-17,SICL,1114,1122,1080,1081,5557,6088204.8
2022-05-18,SICL,1102,1102,1068,1080,8680,9350625
2022-05-19,SICL,1100,1101.4,1075,1076,4419,4786946.7
2022-05-20,SICL,1076,1076,1056,1056,2559,2719329.5
2022-05-23,SICL,1056.1,1056.1,1035,1037,3513,3666129.7
2022-05-24,SICL,1037,1048,1020,1043,2300,2389791.4
2022-05-25,SICL,1050,1069,1050,1066,4175,4442053
2022-05-26,SICL,1075,1083,1062,1071,2418,2592884.1
2022-05-27,SICL,1071,1075,1055.1,1075,2260,2414132.6
2022-05-30,SICL,1095,1095,1052,1052,6204,6574094.5
2022-05-31,SICL,1044,1069.5,1025,1027,4538,4693478.4
2022-06-01,SICL,1010,1020,924.3,924.3,39573,37880820.5
2022-06-02,SICL,905.9,905.9,856,893,32880,28850562.4
2022-06-03,SICL,888,892,862.4,867,14657,12761919
2022-06-06,SICL,870,902,867,888,11983,10550974
2022-06-07,SICL,888,890,874,877,12754,11235137.5
2022-06-08,SICL,889,909.8,879,893,14832,13279130.8
2022-06-09,SICL,909.7,923.5,885,887,22383,20172985.3
2022-06-10,SICL,871,889,871,889,9374,8209469.7
2022-06-13,SICL,890,890,865,870,8462,7400324.6
2022-06-14,SICL,860,860,818,819,30048,24931991.7
2022-06-15,SICL,803,810,772.3,776,27096,21151991.5
2022-06-16,SICL,770,775,755,762.5,30276,23099302.1
2022-06-17,SICL,777,792,768,775,6354,4927342.9
2022-06-19,SICL,776,776,758.2,761,9791,7481298
2022-06-20,SICL,775,775,731,735,16333,12052559.3
2022-06-21,SICL,735,770,730,746,13640,10125624.9
2022-06-22,SICL,760.8,760.8,729,735,7759,5694148.7
2022-06-23,SICL,724,725,710,712,12639,9026339.2
2022-06-24,SICL,700.5,728,696,718,7605,5391025.8
2022-06-26,SICL,718,761.9,710,759,18495,13900338.7
2022-06-27,SICL,773,776.5,755,760,17578,13453517.4
2022-06-28,SICL,750,770,743,743,9399,7031153.3
2022-06-29,SICL,731,770,731,768,9889,7460632.3
2022-06-30,SICL,780,815,770,815,21757,17322213.5
2022-07-01,SICL,829,832.3,799,824,12950,10662191.1
2022-07-03,SICL,838,858.8,819,855,15733,13145482.1
2022-07-04,SICL,860,917,848,880,34074,30240897.6
2022-07-05,SICL,880,895,843,848,19304,16566339.7
2022-07-06,SICL,848,848,793.8,826,19857,16318576
2022-07-07,SICL,842.5,874,819,819,13632,11367884.7
2022-07-08,SICL,805.1,821.1,800,800,8804,7095832.3
2022-07-11,SICL,784,784,750.8,757,23979,18307510.6
2022-07-12,SICL,760,772,749.7,764,16357,12416925.6
2022-07-13,SICL,779.2,790,760,789,9018,7031008.7
2022-07-14,SICL,800,814,794,805,15558,12489922.6
2022-07-15,SICL,805,820,805,807,9888,8009120
2022-07-17,SICL,820,820,791,810,11675,9473048.9
2022-07-18,SICL,826.2,839.9,820,835,24470,20271405.4
2022-07-19,SICL,850,875,850,860,16166,13967517.3
2022-07-20,SICL,877,880,850,878,13282,11545156.3
2022-07-21,SICL,885,885,864,870,14221,12416185.1
2022-07-22,SICL,857,868,840,849,10702,9100810.7
2022-07-24,SICL,865,876.9,853,876,10139,8762319.4
2022-07-25,SICL,893,907,881,900,20796,18636180.2
2022-07-26,SICL,913.8,913.8,875,875.3,14247,12667636.7
2022-07-27,SICL,858,880,858,870,11381,9918299.3
2022-07-28,SICL,860,894,860,870,15560,13691984.7
2022-07-29,SICL,870,882,853,872,8314,7247266
2022-07-31,SICL,889,943.9,875,936.5,63851,58724648
2022-08-01,SICL,955,968,920,928,23314,22063766.2
2022-08-02,SICL,945,945,920,931,15723,14595408.6
2022-08-03,SICL,931,933,911,911.2,14968,13815722.7
2022-08-04,SICL,911.2,911.2,880,883,27193,24244899.5
2022-08-05,SICL,880,885,863.4,863.4,13751,11982121.8
2022-08-07,SICL,868,880,862,863,11847,10281628.9
2022-08-08,SICL,865,870,850,853,14359,12402072.3
2022-08-09,SICL,851,862,830,835.2,15855,13300549.9
2022-08-10,SICL,850,850,820,828,13854,11449574.9
2022-08-11,SICL,844.4,844.4,817,818,6403,5292290.1
2022-08-14,SICL,810,825,800,800.1,9131,7394474.3
2022-08-15,SICL,816.1,836,812,833.1,18435,15264425.4
2022-08-16,SICL,849,854,829.1,830,12148,10214512.2
2022-08-17,SICL,830,841,818,828,1915,1582250.5
2022-08-18,SICL,835,835,820,834,8566,7100404.7
2022-08-21,SICL,835,848,830,832,4250,3550875.7
2022-08-22,SICL,834,834,820,825,3992,3291524.5
2022-08-23,SICL,840,840,822,825,2940,2429799.3
2022-08-24,SICL,826,830,816,823,3161,2602766.3
2022-08-25,SICL,815,828,812,815,4228,3451424.8
2022-08-26,SICL,815,817,809.2,809.2,2884,2340037.1
2022-08-28,SICL,808.7,808.7,783.5,784,13885,11019445.2
2022-08-29,SICL,773,784,769,781.1,5535,4300997.8
2022-08-30,SICL,794,794,771.1,773.1,6494,5044896.7
2022-08-31,SICL,777,780,765,765,9107,7010267.4
2022-09-01,SICL,770,793.9,758,774,8596,6594044.3
2022-09-02,SICL,774,787,771.5,775,3680,2864223.5
2022-09-04,SICL,790,805,760,784,10732,8302017.4
2022-09-05,SICL,770,794,760,779,17284,13457501.6
2022-09-06,SICL,775,788.9,768.8,770,5755,4441205.3
2022-09-07,SICL,770,778,765,768,3102,2382004.6
2022-09-08,SICL,765,779,757,757,9085,6941602
2022-09-11,SICL,758.1,770,755,757,6207,4719317.3
2022-09-12,SICL,770,770,743,745,9034,6762588.9
2022-09-13,SICL,755,769,750,759,6963,5282358
2022-09-14,SICL,770,785,769,779.8,4936,3833017.4
2022-09-15,SICL,785,785,746,746.6,15912,12084830.2
2022-09-16,SICL,733.1,745,718,740,6377,4668632.2
2022-09-18,SICL,740,740,720,726,6283,4575981
2022-09-20,SICL,726,726,700.7,703.1,14139,9965756.4
2022-09-21,SICL,692,724.8,690.1,703.1,8366,5893113.5
2022-09-22,SICL,703,723.1,700,712,8833,6229969.7
2022-09-25,SICL,724.9,724.9,700,710,9017,6395247.4
2022-09-27,SICL,710,720,710,710,4651,3331121.4
2022-09-28,SICL,718.9,719,706,709,3374,2395616.8
2022-09-29,SICL,715,715,705,714,10236,7258319.6
2022-10-09,SICL,715,732,715,725,6170,4445561.5
2022-10-10,SICL,730,730,715,716,11919,8601024.7
2022-10-11,SICL,708,715,708,708,4506,3201613.4
2022-10-12,SICL,715,718,704,711,4209,2996007
2022-10-13,SICL,711,724.2,705,710,11627,8272904.1
2022-10-16,SICL,710,720,700,712,11878,8402072
2022-10-17,SICL,710,713.9,703,703,3296,2334582.8
2022-10-19,SICL,705,709,699,702,5066,3550928.2
2022-10-20,SICL,703,706,699,703,4683,3288756.8
2022-10-23,SICL,707.5,714,705,710,6411,4542675.4
2022-10-31,SICL,715,720,709,714,7503,5343124.5
2022-11-01,SICL,714,738,710,734,18058,13099182.6
2022-11-02,SICL,735,760,732,746,11288,8435749.3
2022-11-03,SICL,742,759,735,754.9,6570,4899405.3
2022-11-06,SICL,741,778,741,775,12111,9258792
2022-11-07,SICL,780,788,764,765,14775,11460264.3
2022-11-08,SICL,765,780,760,768,8529,6566339.6
2022-11-09,SICL,757,760.1,738,738,7192,5375667.5
2022-11-10,SICL,730,751,724,726,6418,4678976
2022-11-13,SICL,726,740,721,722,2804,2041216.1
2022-11-14,SICL,720,739.7,717.1,738,4097,3005170.9
2022-11-15,SICL,740,752.9,730,736,4284,3172545
2022-11-16,SICL,745,745,733,742,4846,3579567.9
2022-11-17,SICL,754,760,745,758,8197,6193806.4
2022-11-22,SICL,773,775,755,765,5782,4423196.4
2022-11-23,SICL,779,779,755,756,4137,3136516.5
2022-11-24,SICL,756,770,756,756,3115,2371953
2022-11-27,SICL,756,775,756,773.5,6591,5057524.1
2022-11-28,SICL,780,780,765,765,11330,8764751.2
2022-11-29,SICL,761,776,756,772,3338,2563670.5
2022-11-30,SICL,772,779.9,767,779,4373,3371985
2022-12-01,SICL,785,785,770,775,5706,4420788.1
2022-12-04,SICL,775,787,775,783,8297,6475570.6
2022-12-05,SICL,790,790,772,772,32779,25749831.6
2022-12-06,SICL,765,780,758,780,4164,3210094.7
2022-12-07,SICL,795,795,770,777,4920,3834728.9
2022-12-11,SICL,772,775,745,755,9741,7401294.4
2022-12-12,SICL,741,765,741,765,2921,2215026.6
2022-12-13,SICL,765,777.7,764,768.1,2431,1870901.2
2022-12-14,SICL,780,780,760,770,3257,2489320.6
2022-12-15,SICL,770,770,759,759,2038,1551276.9
2022-12-18,SICL,774.1,789,755,765,9989,7599873.4
2022-12-19,SICL,758,763,749.7,753.2,11344,8570837.9
2022-12-20,SICL,763.8,765,755,763.1,7732,5895946.6
2022-12-21,SICL,763,767.9,758,758,5855,4473629.6
2022-12-22,SICL,765,765,755,758,9286,7033142.9
2022-12-26,SICL,773.1,790,769,789,16105,12567795.6
2022-12-27,SICL,804.7,850,800,830,23329,19324288.6
2022-12-28,SICL,840,846,815,837,12888,10719414
2022-12-29,SICL,825,872,821,872,22044,18684676.3
2023-01-01,SICL,885,915,881,891,27155,24396047.4
2023-01-02,SICL,880,902,880,898.9,21209,18997943.5
2023-01-03,SICL,890,902,880,884,17726,15780770.3
2023-01-04,SICL,886,912,885,911,25692,23072418.7
2023-01-05,SICL,911,925,900,918.9,23286,21310678.6
2023-01-08,SICL,925,965,911,946,35371,33282755.7
2023-01-09,SICL,950,984,950,980,33721,32773830.6
2023-01-10,SICL,992,1010,933,944,45556,44526047.1
2023-01-12,SICL,962,981.2,908,915.9,37481,35294054.3
2023-01-17,SICL,914,942,914,941,14225,13239121.6
2023-01-18,SICL,959.8,974,950.5,964.5,25853,24898292.2
2023-01-19,SICL,970,980,960,964,13324,12860720.5
2023-01-23,SICL,974.9,977,940.9,940.9,19910,19006049.3
2023-01-24,SICL,950,950,922.1,935,8746,8126077.5
2023-01-25,SICL,952,959,940,948,14708,13971157.4
2023-01-26,SICL,955,969,949,960,15080,14446824.3
2023-01-29,SICL,941,960,940,947.2,19240,18257279.4
2023-01-30,SICL,950,964.9,936,938,38652,36370293.9
2023-01-31,SICL,810,820,775,779,29713,23211376.5
2023-02-01,SICL,794.5,794.5,764.1,769,11834,9101938.9
2023-02-02,SICL,770,780,765,773,12582,9697307.9
2023-02-05,SICL,784,785,765.2,765.4,9427,7262323.5
2023-02-06,SICL,760.1,765,753,763,6018,4570246
2023-02-07,SICL,775,790,764.2,790,22485,17472855
2023-02-08,SICL,800,807.1,790,795,18605,14851767.6
2023-02-09,SICL,788,798.6,779.3,794,9951,7827534.2
2023-02-12,SICL,790,790,761,769,23848,18291063.3
2023-02-14,SICL,760,767,757.1,762,13946,10598520.1
2023-02-15,SICL,777,777,758,759.9,4223,3218877.3
2023-02-16,SICL,760,764,750,752,9730,7342048.6
2023-02-20,SICL,745,750,740,750,9154,6810672.7
2023-02-22,SICL,750,764,745,753,3876,2925394.5
2023-02-23,SICL,751,752,740,742.9,7066,5258636.9
2023-02-26,SICL,735,742,706,738,10344,7505312.5
2023-02-27,SICL,741,756,733,750,5593,4152310.9
2023-02-28,SICL,746,749,735,738,6081,4498570.3
2023-03-01,SICL,752.7,752.7,730,730,6825,5003775
2023-03-02,SICL,720.1,730,715.1,715.1,8813,6343116.4
2023-03-05,SICL,720,720,709,711.1,6742,4801447.5
2023-03-07,SICL,705,728,705,717.2,3770,2717338
2023-03-09,SICL,731.5,746,722,729,8073,5886851
2023-03-12,SICL,743,743,729,731,7938,5814133.5
2023-03-13,SICL,721,729,717,725,4150,3002071
2023-03-14,SICL,721,745.2,719,745,9385,6923576
2023-03-15,SICL,745,750,733,749,9745,7205940.8
2023-03-16,SICL,745,750,732,750,7270,5389900.7
2023-03-19,SICL,760,760,736.2,750,5202,3895613.7
2023-03-20,SICL,755,760,744,757,7411,5579130.5
2023-03-22,SICL,760,762,750,750,5777,4360513.8
2023-03-23,SICL,750,750.1,737,740,5274,3912965.4
2023-03-26,SICL,753,753,730.1,734.2,9324,6879368.2
2023-03-27,SICL,748,777.2,715,760,9972,7332844.4
2023-03-28,SICL,775,775,745,752,10849,8173474.5
2023-03-29,SICL,745.1,750,738,750,4323,3215956.5
2023-03-30,SICL,760,760,747,749,4473,3357606.9
2023-04-02,SICL,736.8,765,730,731,14946,11014652.6
2023-04-03,SICL,745.5,745.5,710.1,710.1,15788,11341722.1
2023-04-04,SICL,711,720,708,714.9,6680,4772866.2
2023-04-05,SICL,716,716,700,705.1,20274,14267377.9
2023-04-06,SICL,710,713.9,704,709.9,5317,3773702.5
2023-04-09,SICL,710,714.9,700,702,11229,7884345.8
2023-04-10,SICL,710,710,697,700.5,8667,6072058.4
2023-04-11,SICL,702,718,700,715,6209,4391947.2
2023-04-12,SICL,728,753,721,753,10594,7771148.6
2023-04-13,SICL,753,764,732,733,13198,9812998.5
2023-04-16,SICL,742,746,730,734.5,4334,3193198.4
2023-04-17,SICL,730,732,720,724,4387,3187613.1
2023-04-18,SICL,724,732,717,725,2268,1641563
2023-04-19,SICL,720,738,720,725,12199,8840496.7
2023-04-20,SICL,722.1,730,720,721,5446,3938744.7
2023-04-23,SICL,725,725,715.7,720,7022,5046361.9
2023-04-24,SICL,715,724.8,714,718.3,5018,3611762.8
2023-04-25,SICL,714.2,728.8,714,723,11933,8569822.4
2023-04-26,SICL,725,732,721.3,727,6319,4596020.4
2023-04-27,SICL,721,727,715,725,7064,5094632.6
2023-04-30,SICL,730,730,715.4,730,6162,4444748.2
2023-05-02,SICL,729,736.9,719.6,725,7086,5166192
2023-05-03,SICL,720,724,719.6,720.9,6521,4702780.5
2023-05-04,SICL,734.9,734.9,720.8,724.3,5454,3939947
2023-05-07,SICL,721.1,730,718,722,3411,2462640
2023-05-08,SICL,720,722,705,708,12241,8730681.1
2023-05-09,SICL,713,716.9,705.1,714.9,6873,4884622.2
2023-05-10,SICL,720,720,707,709.1,8552,6069539.6
2023-05-11,SICL,701.5,708,701.4,708,9025,6367441
2023-05-14,SICL,710,710,699.2,699.2,9501,6657663.2
2023-05-15,SICL,691,701.9,682,698,14140,9790945.3
2023-05-16,SICL,700,704,695,702.9,4732,3310190.3
2023-05-17,SICL,700,714,700,711.9,5483,3890565.4
2023-05-18,SICL,710,723,710,721.1,8176,5874187.6
2023-05-21,SICL,721.4,734,718.1,720,7877,5706861.6
2023-05-22,SICL,733.9,736,717,732,16215,11774160.2
2023-05-23,SICL,742,754.4,734,752,14154,10597623.4
2023-05-24,SICL,755,760,740,760,14641,11022742.3
2023-05-28,SICL,760,770,737,739,22723,17317395.7
2023-05-30,SICL,725.1,734,715,721,18670,13468413.8
2023-05-31,SICL,706.6,722.1,700,710,18193,12938130.6
2023-06-01,SICL,705,720.1,702,716,9138,6541417.1
2023-06-04,SICL,716,740,716,735,11480,8407747.1
2023-06-05,SICL,749,754.8,720.3,721,12271,9094145.5
2023-06-06,SICL,735.4,748,726.1,748,11556,8555284.1
2023-06-07,SICL,760,761,741,741,13136,9880252.1
2023-06-08,SICL,735,776.2,734.2,765,26738,20118063.1
2023-06-11,SICL,779,785,768,772.1,20307,15816130.1
2023-06-12,SICL,787.5,797,765,770,34440,26677269.3
2023-06-13,SICL,772,799,757,788,52962,41828806.4
2023-06-14,SICL,795,826,792,810,50058,40766197.7
2023-06-15,SICL,826.2,826.2,808,815,26772,21834512.7
2023-06-18,SICL,820,851.5,810,851,53483,44897238.3
2023-06-19,SICL,865,865,835,840,39145,33179769.8
2023-06-20,SICL,844,860,812,812,25460,21209678
2023-06-21,SICL,815,825.9,798.2,810.1,26056,21167750.3
2023-06-22,SICL,826,832,810,822.8,22130,18167720.1
2023-06-25,SICL,825,905,825,900,80576,70984590.5
2023-06-26,SICL,918,926,885,890,50093,45296811.6
2023-06-27,SICL,890,910,882,900,44148,39623965.5
2023-06-28,SICL,900,914,880,890,60001,53634788.7
2023-07-02,SICL,895,900,868.1,870,34184,30129285.7
2023-07-03,SICL,870,880,845,850,32138,27787245.7
2023-07-04,SICL,855,882,851,860,19170,16467244.2
2023-07-05,SICL,870,870.1,829,829,29090,24488254.6
2023-07-06,SICL,842,842,817,829,18288,15172423.6
2023-07-09,SICL,845,869.8,845,864,18487,15851543.4
2023-07-10,SICL,860,881,852,861,34428,29865384.6
2023-07-11,SICL,874,874,858,867,15449,13364676.5
2023-07-12,SICL,865,878.9,840.1,856,50827,43181975.2
2023-07-13,SICL,873,873,843,846,19035,16274242.9
2023-07-16,SICL,862,870,840.1,845,20265,17205195.7
2023-07-17,SICL,842,869,842,865,16907,14505196.7
2023-07-18,SICL,881,889,874,875,20373,17954565.9
2023-07-19,SICL,888.8,888.8,872,876,13551,11895809.2
2023-07-20,SICL,884,884,865,870,7529,6551648.5
2023-07-23,SICL,868,889,867,878,16780,14758724.9
2023-07-24,SICL,862,878,854,860,20115,17395535.5
2023-07-25,SICL,855.2,864,845,848.9,15882,13481779.2
2023-07-26,SICL,864.9,864.9,832,841,11703,9902273.1
2023-07-27,SICL,857,857,826,835.4,10288,8630115.2
2023-07-30,SICL,835,843,820,827,14072,11660642
2023-07-31,SICL,825,840,823,830.9,11693,9714410.6
2023-08-01,SICL,832,835,805,808,17579,14378390
2023-08-02,SICL,810,815,795,814.9,9381,7538606.2
2023-08-03,SICL,829,830,810,814.9,7149,5837606
2023-08-06,SICL,810,820,784,799.9,20713,16673088.8
2023-08-07,SICL,784,810,784,797,12734,10140571.6
2023-08-08,SICL,810,810,781,789,13048,10303110.5
2023-08-09,SICL,775,805,774.2,805,22403,17628073.2
2023-08-10,SICL,808,821.5,800,815,8321,6789403.7
2023-08-13,SICL,801.2,819,801.2,819,6959,5676006.8
2023-08-14,SICL,819,824,811,818,6512,5322741.1
2023-08-15,SICL,816,824,801,814.5,12521,10171430.8
2023-08-16,SICL,805.1,807,788,789,16980,13501727.4
2023-08-17,SICL,804,805,783.1,787,13002,10292015.4
2023-08-20,SICL,781,789.9,775,778,7859,6132260.4
2023-08-21,SICL,778.1,785,768.1,770,9340,7238797.6
2023-08-22,SICL,775,779.9,768.6,778.8,3921,3035569.4
2023-08-23,SICL,781.2,795,775.2,794,16336,12855639
2023-08-24,SICL,808,808,770,782,12412,9721093.6
2023-08-27,SICL,780,780,768,770,13794,10628690.8
2023-08-28,SICL,780,780,763.5,770,3397,2613586.4
2023-08-29,SICL,782,782,765,768,3895,2993850.5
2023-08-30,SICL,780,780,760,770,8649,6638457.3
2023-09-03,SICL,780,780,747,750,16498,12426471
2023-09-04,SICL,763,763,739,742,10734,7988818.7
2023-09-05,SICL,755,755,740,740,5969,4421028.2
2023-09-07,SICL,749,749,730,733,12137,8910412.8
2023-09-10,SICL,735,740,730,736.5,4707,3453006.6
2023-09-11,SICL,730.1,759.9,730,758,4744,3558791.5
2023-09-12,SICL,773,773,743,750,5907,4466952.8
2023-09-13,SICL,755,769.7,745,765,8760,6655378
2023-09-17,SICL,757,767,751,753,4544,3434172
2023-09-18,SICL,741.2,764,741.2,764,2688,2015070.4
2023-09-19,SICL,751.1,770,750,765,2849,2173103.5
2023-09-21,SICL,780,790,766.4,775,19480,15099427.9
2023-09-24,SICL,765,780,763,765,2774,2138400.5
2023-09-25,SICL,777,777,757,760.6,4839,3686389.4
2023-09-26,SICL,775,782,763,765.1,7642,5912042.1
2023-09-27,SICL,775,775,757,760,7217,5500308.1
2023-10-01,SICL,750,760,747,747,6143,4614513.6
2023-10-02,SICL,739.1,754,737,752,3874,2888840.3
2023-10-03,SICL,741,750,740,744,4179,3103001
2023-10-04,SICL,732.1,750,732.1,745.9,6343,4714104.6
2023-10-05,SICL,740,753,738,740,25443,18837010.3
2023-10-08,SICL,754.8,754.8,729.2,730,8752,6417595
2023-10-09,SICL,728,737,726,728,4634,3376493.5
2023-10-10,SICL,721,742.3,720.5,722,6043,4371849.4
2023-10-11,SICL,720.5,744,720,722,10550,7629921
2023-10-12,SICL,721,723,715.6,715.6,6486,4654322.1
2023-10-16,SICL,729,729,700,700,14044,9915448.4
2023-10-17,SICL,714,735,706.5,714.9,4784,3422913.7
2023-10-18,SICL,716,742,715,730,5695,4128488
2023-10-19,SICL,730,730,725,728,2394,1740399.5
2023-10-29,SICL,714,725,710,715,2907,2074571.5
2023-10-30,SICL,711,725,710,725,2091,1496637.6
2023-10-31,SICL,730,730,722.1,727.8,3294,2393846.1
2023-11-01,SICL,730,744,719.5,719.5,2672,1955988.6
2023-11-02,SICL,711,725.1,711,719,2700,1937438
2023-11-05,SICL,710,722,708,713,4311,3066349
2023-11-06,SICL,727.2,741,713.5,730,4380,3168010
2023-11-07,SICL,734,735,727,734,1750,1281206.1
2023-11-08,SICL,730,734.5,722.1,729.9,1569,1145242.7
2023-11-09,SICL,725,738.5,723.8,723.8,2689,1954818.5
2023-11-20,SICL,726,730,725,725,3028,2200740
2023-11-21,SICL,725,725,710,720,3638,2605516.5
2023-11-22,SICL,726,741,710,730,2277,1669649.6
2023-11-23,SICL,744,744,716,735,1811,1317645.2
2023-11-26,SICL,737,755,736,755,6598,4932010.9
2023-11-27,SICL,768,775,755,763.7,5171,3941311.5
2023-11-28,SICL,778,778,761,763,2284,1751248
2023-11-29,SICL,763,775,740,752,5626,4215961.5
2023-11-30,SICL,750.1,750.1,739,741,5623,4166348.2
2023-12-03,SICL,731,739,725,730,4589,3354717.1
2023-12-04,SICL,723,735,723,733,4616,3375259
2023-12-05,SICL,733,737,728.1,735,1097,802386.8
2023-12-06,SICL,730.1,740,730,740,4365,3205159.2
2023-12-07,SICL,734.2,754,734,744,7591,5663808.6
2023-12-10,SICL,758.8,788,758.8,779,1920,1482827
2023-12-11,SICL,794.5,794.5,760,775,18363,14287893.7
2023-12-12,SICL,778,789,766,780,11802,9232196.9
2023-12-13,SICL,795.6,795.6,772,778,8684,6800501.8
2023-12-14,SICL,764,774,764,765,6080,4667549.9
2023-12-17,SICL,749.7,768,706,766,29572,22263195.9
2023-12-18,SICL,770,787,766,773.8,20028,15575801.9
2023-12-19,SICL,769,788,766,787.9,18382,14346965
2023-12-20,SICL,802,802,790,796,24863,19794327.7
2023-12-21,SICL,791,797,765,773,18571,14494923.4
2023-12-24,SICL,788.4,788.4,768,768,15370,11948778.2
2023-12-27,SICL,768,797.9,768,770,11415,8842900.4
2023-12-28,SICL,757,790,757,763,15719,12118793.5
2024-01-01,SICL,778,778,760,765,12861,9856209.1
2024-01-02,SICL,752.2,765,733,745,16174,12065534
2024-01-03,SICL,734,754,734,745,22101,16413976.1
2024-01-04,SICL,750,755,740,740.4,14074,10477909.5
2024-01-07,SICL,734,745,730,731.1,14111,10379000.8
2024-01-08,SICL,740,744.9,735,743.9,11573,8551965.6
2024-01-09,SICL,755,770,750,759,18734,14174810.6
2024-01-10,SICL,774.1,774.1,750,765,14865,11413223
2024-01-11,SICL,770,770,755.3,758,15319,11673951.5
2024-01-14,SICL,760,763.1,756,757.5,11894,9016503.3
2024-01-16,SICL,760,770,760,765.5,18245,13959378.6
2024-01-17,SICL,768.5,779.8,767,769.8,31670,24487415.7
2024-01-18,SICL,766,766,751,760,9773,7434256.1
2024-01-21,SICL,751.1,759,740,741,25477,19032699.1
2024-01-22,SICL,741,753.9,732.2,734.5,19275,14237793.7
2024-01-23,SICL,749,749,727.6,730,11258,8241637.9
2024-01-24,SICL,741,741,718.2,725,26633,19322289.5
2024-01-25,SICL,722.1,733.8,718.4,729.8,18381,13265583.4
2024-01-28,SICL,744.3,745,730,740,14901,10982245.2
2024-01-29,SICL,740,748.9,737,737,11869,8792101.8
2024-01-30,SICL,749,749,734,734.1,11040,8161244.2
2024-01-31,SICL,743.7,743.7,730,730,11445,8391003.7
2024-02-01,SICL,738.9,738.9,711,721,18821,13569303.8
2024-02-04,SICL,721,725,704.7,718,22157,15823370.6
2024-02-05,SICL,718,729,715,720.9,5836,4216085.1
2024-02-06,SICL,728,730,717,728,5264,3828147.4
2024-02-07,SICL,739.8,739.8,725.6,729.6,5686,4139378
2024-02-08,SICL,727,730,725,725.4,6738,4896773
2024-02-11,SICL,730,734,724,728,14498,10583245.4
2024-02-12,SICL,730,742,730,737.6,12677,9345594.2
2024-02-13,SICL,748.9,748.9,726,726.9,9184,6703043.4
2024-02-14,SICL,722.1,730,722.1,730,4454,3241372.9
2024-02-15,SICL,734,734.9,722.5,724,6471,4699279.1
2024-02-18,SICL,710,710,703,705.4,33981,23996144.3
2024-02-20,SICL,702,708.7,700,701,12294,8641426.5
2024-02-21,SICL,713,713,700.4,702,5916,4159915.7
2024-02-22,SICL,702,702,685,686.1,16319,11319134.1
2024-02-25,SICL,680.2,693,678.1,680.2,15405,10535371.8
2024-02-26,SICL,676,685,676,681,6619,4500405
2024-02-27,SICL,690,703,690,699.9,6347,4419556.2
2024-02-28,SICL,695,699,690,695,7374,5103711
2024-02-29,SICL,682.1,705,682.1,690,10431,7204235.5
2024-03-03,SICL,685.5,698.5,681.9,683,4334,2973672
2024-03-04,SICL,696.6,696.6,696.6,696.6,20,13932
2024-03-05,SICL,710.5,715,694,695,15627,10938199.1
2024-03-06,SICL,700,705,692.2,699.9,14229,9944518.1
2024-03-07,SICL,713.4,713.4,695,704,6602,4635122.2
2024-03-10,SICL,710,717,707.2,711,11810,8389993.5
2024-03-12,SICL,725,736,715,735,15542,11248814.6
2024-03-13,SICL,740,742,730,735,18317,13495168.8
2024-03-14,SICL,730,737.9,714,720,10098,7264469.7
2024-03-17,SICL,725,727,718,720,8195,5903911.7
2024-03-18,SICL,714,722,710,716,7012,5031503.5
2024-03-19,SICL,719,728,710,710,8283,5926354.2
2024-03-20,SICL,723.9,737.9,710,715,8196,5860050.9
2024-03-21,SICL,718,727.9,680,705.9,18842,13244721.6
2024-03-25,SICL,705,711,702,702,11180,7880464.6
2024-03-26,SICL,699,710,691,700,13751,9598557.7
2024-03-27,SICL,710,710,698,698.6,3280,2295078.6
2024-03-28,SICL,701,701,695.9,695.9,11088,7731524.7
2024-03-31,SICL,696.1,708.9,693,694,4960,3448814.6
2024-04-01,SICL,694,699,691,692,8008,5555821.7
2024-04-02,SICL,696,696,690,693,8557,5915491
2024-04-03,SICL,693.9,700,690,694,6257,4335352.3
2024-04-04,SICL,693,695,686,690,8458,5829464.2
2024-04-07,SICL,699,699.5,689,695,11276,7813197.5
2024-04-09,SICL,700.2,705,697,699.8,11080,7743209.3
2024-04-10,SICL,700.1,700.1,690.1,690.6,8953,6210063.6
2024-04-14,SICL,700,700,686.2,689.9,7696,5312010.6
2024-04-15,SICL,689,690.5,684,684,8566,5875218
2024-04-16,SICL,687,688,682.1,683.4,6177,4225307.4
2024-04-18,SICL,683,683,676.5,678,8813,5983614.6
2024-04-21,SICL,678,681,676,680,6990,4740828.2
2024-04-22,SICL,680,692,680,681,4926,3365377.4
2024-04-24,SICL,690,690,684,685.9,5540,3799814.3
2024-04-25,SICL,685,685,676,683.9,12061,8199193.8
2024-04-28,SICL,696,696,682.2,685,6069,4157644.1
2024-04-29,SICL,695,697,683,683.5,4856,3326565.5
2024-04-30,SICL,696.8,696.8,683.1,690.1,11989,8287305.6
2024-05-02,SICL,703.9,703.9,688,688,9209,6387881.1
2024-05-05,SICL,700.8,700.8,681,687,12248,8399307.5
2024-05-06,SICL,683,688.8,670,683,17813,12084774.8
2024-05-07,SICL,690,690,678,678,4261,2899538.1
2024-05-08,SICL,680,685,672,680,5245,3549379.6
2024-05-09,SICL,693.6,693.6,675.1,680,7151,4858818.8
2024-05-12,SICL,691.9,693.9,683,686.9,11266,7759084.1
2024-05-13,SICL,690,695,682.3,687,5285,3630576.5
2024-05-14,SICL,695,696.7,683.1,690,11295,7809507.5
2024-05-15,SICL,699.9,702,686,688,13776,9589542.9
2024-05-16,SICL,690,699.5,690,690,9203,6389864.9
2024-05-19,SICL,703.8,725.5,691.1,723,33133,23676425.5
2024-05-20,SICL,729.8,735,718,719.8,15822,11507794.3
2024-05-21,SICL,724.9,724.9,710,714.9,8086,5791357.1
2024-05-22,SICL,711,724,710,716.1,15943,11414442.4
2024-05-26,SICL,730,730,715.5,715.5,13282,9516790
2024-05-27,SICL,715.5,720,710,718,7566,5404810.2
2024-05-29,SICL,713,725,711,715,11210,8023890.3
2024-05-30,SICL,705.1,728,700.2,702,7146,5038613.7
2024-06-02,SICL,710,711,700.2,702,6388,4492200.6
2024-06-03,SICL,716,716,701.8,703,6524,4595137.5
2024-06-04,SICL,700,709,700,701,7404,5208301.1
2024-06-05,SICL,691.1,705,691.1,698,6698,4683906.4
2024-06-06,SICL,711.9,718.9,695.1,696,6658,4648957.4
2024-06-09,SICL,697,704.9,695,695,8933,6226930.3
2024-06-10,SICL,699,699,689.1,693,7710,5330094.8
2024-06-11,SICL,693,723,693,710,13905,9818858.4
2024-06-12,SICL,712.5,716,703,706,5898,4169594.1
2024-06-13,SICL,713.9,713.9,698.5,707,12581,8858835.2
2024-06-16,SICL,694.1,714,694.1,705.5,7387,5233426.2
2024-06-18,SICL,707,707.9,700,700,8213,5768786.4
2024-06-19,SICL,695,712.9,688.2,700.9,46332,31992733.7
2024-06-20,SICL,712.8,712.8,685,690,15386,10581379.5
2024-06-23,SICL,695,695,684,690,7848,5399963.5
2024-06-24,SICL,702,702,680,687.9,5469,3747551.6
2024-06-25,SICL,688,697,685.3,687.1,4826,3320257.4
2024-06-26,SICL,689.6,690,682.3,683,8988,6152726.4
2024-06-27,SICL,685,685,681.5,681.5,4467,3048186.7
2024-06-30,SICL,691.9,691.9,676,679.2,11298,7673629.3
2024-07-01,SICL,675.4,680,675,679,13406,9088985.4
2024-07-02,SICL,692.5,719,685,694.4,9547,6639013.8
2024-07-03,SICL,708.2,708.2,681.1,690,4233,2919242.8
2024-07-04,SICL,702,702,688.1,691.2,14035,9711915.6
2024-07-07,SICL,699.1,705,692.7,699,22835,16015078.9
2024-07-08,SICL,709,709,697,701,11114,7801719.3
2024-07-09,SICL,695.1,706.7,695.1,705,11316,7940805.5
2024-07-10,SICL,713,718.9,705,715,18805,13397250.1
2024-07-11,SICL,719,723,715,719.9,16532,11899321.9
2024-07-14,SICL,734.2,748,721,734,13925,10189394.2
2024-07-15,SICL,747.6,748,720.1,723,20997,15324920.2
2024-07-16,SICL,730,743,720,739.5,23617,17265932.7
2024-07-17,SICL,740,780,740,780,35804,27287059.3
2024-07-18,SICL,785,811,784,795,62627,50046942.1
2024-07-21,SICL,795,814,790,813.9,51605,41603581.1
2024-07-22,SICL,827,829,798,815,41608,33710847.6
2024-07-23,SICL,798.7,855,798.7,848.8,47949,39689938.6
2024-07-24,SICL,850,860,831,844.9,59713,50453768.9
2024-07-25,SICL,840,854,830,842,49081,41450280.6
2024-07-28,SICL,858.8,890,842,870.2,54979,46967962
2024-07-29,SICL,870.2,885,856.1,861,67822,59227103
2024-07-30,SICL,861,870,830.1,857,49562,41917453.5
2024-07-31,SICL,869.8,879.9,860,870,51777,45208557.7
2024-08-01,SICL,880,910,870,890,94528,84724936.7
2024-08-05,SICL,894,917,894,912.1,57996,52810150.2
2024-08-06,SICL,905,930.3,870,880,104406,94300341.1
2024-08-07,SICL,897.6,902.7,872,902,66956,59582717.7
2024-08-08,SICL,907,931,902,906,67888,62073789
2024-08-11,SICL,915,938,913,931,62590,57881308.7
2024-08-12,SICL,949,1024,935,1023,109742,107155368
2024-08-13,SICL,1043.4,1069,1000,1038,107351,110797140.6
2024-08-14,SICL,1058.7,1120,1021,1065,118995,126252814.1
2024-08-15,SICL,1080,1080,1035,1040,71250,74619200.2
2024-08-18,SICL,1060.8,1060.8,999,1006,98358,101246583.3
2024-08-21,SICL,1006,1045,990,993,77911,78180762.8
2024-08-22,SICL,993,1000,975.6,976,68814,68150952.7
2024-08-25,SICL,976,990,961,968,81804,79644253.4
2024-08-27,SICL,959,965.5,929,929,74292,70592233.2
2024-08-28,SICL,929,966.4,902,910,40434,37372749
2024-08-29,SICL,900,913,887,899.1,82159,73873643.6
2024-09-01,SICL,899.1,907,880,881.9,40227,35701421.9
2024-09-02,SICL,885,924,876.1,915,46243,41724908.7
2024-09-03,SICL,920,980,917,963,55820,52608621.6
2024-09-04,SICL,950,972,913.5,913.5,56853,52950804
2024-09-05,SICL,896.1,915,890.1,910,35224,31687094.6
2024-09-08,SICL,915,925,885,885.1,27788,24925465
2024-09-09,SICL,883,891.5,864.4,867,28310,24785911.1
2024-09-10,SICL,867,885,861.6,862.1,19009,16583367.6
2024-09-11,SICL,865,870,855,855,8999,7742362.6
2024-09-12,SICL,855,868,842.8,865,19605,16797992
2024-09-15,SICL,872.1,881,855.1,860,22189,19241538
2024-09-16,SICL,850,860,835,835,16755,14130268
2024-09-18,SICL,835,842,820,820,16930,14057084
2024-09-22,SICL,836.4,845,816,818,12989,10711057.6
2024-09-23,SICL,825,825,800,800,19446,15694242.8
2024-09-24,SICL,788,832,785,790.9,24673,19556333
2024-09-25,SICL,790,803,782.1,799,21549,17137059.8
2024-09-26,SICL,814,814,785,789,18756,14924268.6
2024-09-29,SICL,781,798.9,775,787.1,14464,11356171.8
2024-09-30,SICL,787,805,771.5,801.9,8260,6564711.3
2024-10-01,SICL,816,846,810.1,846,14515,12012296
2024-10-02,SICL,846.1,858,830,839.9,16393,13784426.1
2024-10-06,SICL,824.5,849,824,844,11559,9716386
2024-10-07,SICL,850,864.9,842.1,855,10681,9136499.1
2024-10-08,SICL,855,865,850,856.5,3966,3388524.3
2024-10-09,SICL,848,849.6,843.1,846,11226,9488458
2024-10-15,SICL,862,862,836.2,855,3787,3232703
2024-10-16,SICL,866,870,856,865,13233,11437567.3
2024-10-17,SICL,880,880,866,871,10486,9165968.4
2024-10-20,SICL,860,864,850.1,852.5,15241,13067710.9
2024-10-21,SICL,842,845,828,828,15469,12890810.8
2024-10-22,SICL,843,843,827,832,10557,8775731.1
2024-10-23,SICL,845,845,825.4,832,6228,5180085.9
2024-10-24,SICL,824,830,820,820.3,3784,3115791.6
2024-10-27,SICL,825,825,810,819,9060,7393047.8
2024-10-28,SICL,828,829,820,824,4011,3302124.4
2024-10-29,SICL,840,865,823.2,860,23680,20137441.4
2024-10-30,SICL,865,872,862,865,12403,10756163.5
2024-11-05,SICL,851,894.9,851,870.2,15874,14025157.4
2024-11-06,SICL,870,875,854.5,858,6093,5250296.2
2024-11-10,SICL,858,886,852,885,20553,17975106.2
2024-11-11,SICL,900,900,877,890,21062,18748442.5
2024-11-12,SICL,905,905,875.1,884.9,18394,16181588.2
2024-11-13,SICL,888,888,865.1,865.1,7858,6852901.4
2024-11-14,SICL,865.1,870,857,868,17042,14715865
2024-11-17,SICL,875,875,862.1,863,15034,13042765.7
2024-11-19,SICL,865,868,855,860,18397,15792830.3
2024-11-20,SICL,845,860,845,857.9,4754,4041285.1
2024-11-21,SICL,873.9,873.9,840,845,11089,9368551.4
2024-11-24,SICL,861,861,838.1,844.8,9758,8217450.9
2024-11-25,SICL,845,846,837,839,4952,4162342.5
2024-11-26,SICL,855,870,843,845.1,6631,5646108.5
2024-11-27,SICL,850,859.8,847.2,859.8,5840,4976067.9
2024-11-28,SICL,860,865,846.1,856.9,11571,9940337.4
2024-12-01,SICL,850.8,850.8,840.1,844,13373,11293545.4
2024-12-02,SICL,844,852,835,838,13431,11280958.5
2024-12-03,SICL,841,841,835.1,837,9515,7980717.92
2024-12-04,SICL,852.9,852.9,833.5,839,8538,7185023.5
2024-12-05,SICL,834,838,818,819.8,14409,11921191
2024-12-08,SICL,836,836,805,825,23380,19300898.7
2024-12-09,SICL,828,828,810,816,4861,3967025.4
2024-12-10,SICL,832,832,801,820,6526,5277983.7
2024-12-11,SICL,834,850.6,799,830,9340,7650491.5
2024-12-12,SICL,830,839,810,826.8,4559,3746113.2
2024-12-16,SICL,839,839,795.1,809,6134,4941907.2
2024-12-17,SICL,825.1,825.1,795,805,4393,3522350.4
2024-12-18,SICL,815,820.5,800,809,7360,5923827.8
2024-12-19,SICL,802,813,797.5,800,5511,4423103.5
2024-12-22,SICL,792,802,790,793,5396,4282454.3
2024-12-23,SICL,795.2,802.9,788,797.9,6112,4865261.8
2024-12-24,SICL,797,808,792,798,6240,5009026.8
2024-12-26,SICL,790,801,790,795,2718,2160798.8
2024-12-29,SICL,786,801,786,799,12554,10006705.9
2024-12-31,SICL,785,800,785,799,5746,4557998.5
2025-01-01,SICL,800,800,786.3,798,3874,3071286.5
2025-01-02,SICL,813,813,787.1,795,4020,3189662.7
2025-01-05,SICL,805,810.9,786,789,8660,6835296.9
2025-01-06,SICL,784.1,799,781,789.1,14719,11650005.4
2025-01-07,SICL,804,804,788.1,794,6398,5069751
2025-01-08,SICL,809.8,809.8,790.3,791.6,6786,5401971.6
2025-01-09,SICL,807.4,807.4,791.5,796,14004,11110525.8
2025-01-12,SICL,811.9,811.9,790,799.9,4105,3257380.1
2025-01-13,SICL,801,812.9,789,793,6671,5278310.4
2025-01-15,SICL,780.1,800,780.1,793.5,4591,3641109.6
2025-01-16,SICL,782.2,795.9,782.2,789.9,5604,4430670.8
2025-01-19,SICL,797,798,783,783,7978,6272545
2025-01-20,SICL,785,794.9,775,788,17989,14089797.8
2025-01-21,SICL,780,810,780,803.9,16467,13164264.6
2025-01-22,SICL,814.9,815,807,811,9503,7700357.7
2025-01-23,SICL,810,811,804.2,808,8687,7006209.4
2025-01-26,SICL,818,818,802.3,803.6,17036,13689212.2
2025-01-27,SICL,803,804,795.1,796,9381,7476090
2025-01-28,SICL,791,805,790,795.2,10634,8469212.3
2025-02-02,SICL,811.1,827,811.1,827,31387,25757739.2
2025-02-03,SICL,840,845.8,832,835,23913,20038432.8
2025-02-04,SICL,848.8,850,835.1,837,15407,12961840
2025-02-05,SICL,853.7,853.7,830,843,19389,16213184.8
2025-02-06,SICL,859.8,859.8,832,836,12231,10225738.3
2025-02-09,SICL,840,841,825,828,15651,13041172.1
2025-02-10,SICL,831,838,822,834,20434,16912411.5
2025-02-11,SICL,840,842,820,842,50805,42072389.2
2025-02-12,SICL,780.7,780.7,758,763,22480,17232616.6
2025-02-13,SICL,750.2,756.9,748,754.9,12167,9156477
2025-02-16,SICL,757.9,758,745,755.9,14422,10836073.6
2025-02-17,SICL,755,772,755,772,18130,13810019.7
2025-02-18,SICL,772,784.9,765,773,14794,11461161.2
2025-02-20,SICL,770,790,770,772.2,8149,6350044.3
2025-02-23,SICL,760,775,745,774,12285,9400417.3
2025-02-24,SICL,774,780,765,774.9,13302,10266837.4
2025-02-25,SICL,770.1,780,770,777.6,14426,11146457
2025-02-27,SICL,777.6,791,768,784.9,27924,21788169.3
2025-03-02,SICL,788.9,824,788.9,820.1,35370,28728810.1
2025-03-03,SICL,825,849.1,825,845,64291,53823207.9
2025-03-04,SICL,845,850,831,832.9,28782,24193060.8
2025-03-05,SICL,833,840,816,818,19117,15777542.2
2025-03-06,SICL,811.1,891,810,861,38484,32329625.9
2025-03-09,SICL,855,860,829,837.2,18581,15606438.8
2025-03-10,SICL,848,850.2,819,823,12784,10629132.6
2025-03-11,SICL,815.1,825,807,810,16008,13039033.6
2025-03-12,SICL,813.9,813.9,789.1,805,14109,11299751
2025-03-16,SICL,790.3,825,790.3,793.1,21138,16868024.9
2025-03-17,SICL,790,803,788.2,796,10854,8620331.5
2025-03-18,SICL,799.9,800,783,793.5,16563,13097159
2025-03-19,SICL,794,794,782.5,783,6115,4818827.7
2025-03-20,SICL,780,794,779,780.17,5507,4304689.2
2025-03-23,SICL,778,789.9,765.2,766.34,7294,5634096
2025-03-24,SICL,765,785,765,779.26,6750,5229696.9
2025-03-25,SICL,770,794,756,759.42,17638,13533580.8
2025-03-26,SICL,773,790,765,780.2,9598,7466708.8
2025-03-27,SICL,794,794,774.2,781.69,8512,6650139
2025-03-30,SICL,768,794.9,766.1,784.53,13337,10500519.7
2025-04-01,SICL,795,795,776,779.83,8060,6281114.8
2025-04-02,SICL,790,790,770,774.66,9372,7286441.6
2025-04-03,SICL,773,790.1,773,775.98,7925,6171342
2025-04-07,SICL,790,790,765,769.33,4748,3655132.7
2025-04-08,SICL,770,780,764,774.25,10203,7846138.1
2025-04-09,SICL,771.1,783,769,776.2,17850,13798219.9
2025-04-10,SICL,770,780,770,771.41,8469,6535394.5
2025-04-13,SICL,770,773,760,762.38,14456,11073622.3
2025-04-15,SICL,775,777,763.6,771.86,5061,3907171.7
2025-04-16,SICL,787.2,787.2,771.9,772.3,8575,6660937.1
2025-04-17,SICL,786,805,771.1,801.57,23554,18687447.4
2025-04-20,SICL,815,821,800,819.51,41462,33657625.1
2025-04-21,SICL,820,824.6,811,818.97,27012,22122214.9
2025-04-22,SICL,819.7,876.9,810.2,820.34,31873,26323452.7
2025-04-23,SICL,810,811.1,803,805,11787,9505802.4
2025-04-24,SICL,800,810,769.3,799.54,23645,18850884.1
2025-04-27,SICL,794,808,785,791.52,21203,16846988.7
2025-04-28,SICL,790,795,788,790.89,3090,2441548.5
2025-04-29,SICL,790.8,800,785.6,786.2,4315,3414278.5
2025-04-30,SICL,782,790,779.3,779.98,19137,14976408.2
2025-05-04,SICL,791,791,777.1,779.38,10625,8300081.8
2025-05-05,SICL,778,790,771,775.14,9347,7268114.6
2025-05-06,SICL,775,783,760,760.88,24115,18491406
2025-05-07,SICL,760,780,750,776.57,38685,29377620.1
2025-05-08,SICL,792,792,759.5,761.95,20029,15409302.1
2025-05-11,SICL,763.2,770,758.1,759.21,16863,12849976.6
2025-05-13,SICL,763,765,755,757.28,11425,8690753.1
2025-05-14,SICL,756,763,750.1,760.24,5138,3895768.8
2025-05-15,SICL,756,765,752,755.54,9598,7246631
2025-05-18,SICL,755,757,750,754.26,7470,5615400.4
2025-05-19,SICL,755,760,739.2,742.77,69612,51747412.2
2025-05-20,SICL,740,757.6,740,753.31,9362,7038452.7
2025-05-21,SICL,768.3,783,755,755.17,8445,6434204.5
2025-05-22,SICL,755,764.9,750,755.85,23125,17442388.4
2025-05-25,SICL,755,763,752.1,754.86,9483,7182002.7
2025-05-26,SICL,769.9,769.9,737,742.55,46099,34527034.3
2025-05-27,SICL,745.5,753,745,745.16,7170,5351767
2025-05-28,SICL,744,752,740,750.41,25793,19159262.2
2025-06-02,SICL,764,765.3,749,750.03,8006,6051244.4
2025-06-03,SICL,745,752.9,745,748.27,10070,7543914.9
2025-06-04,SICL,762,762,736,743.35,6298,4682317
2025-06-05,SICL,741,747,739,740.16,22510,16708683
2025-06-08,SICL,739,745,738.9,739.94,8722,6458302.9
2025-06-09,SICL,744.9,745,734.9,738.18,12975,9571159.6
2025-06-10,SICL,738.18,745,735.6,738.84,11470,8482439
2025-06-11,SICL,741.2,745,733.7,735.75,7877,5813552.5
2025-06-12,SICL,736,750.7,736,743.32,17266,12913519.6
2025-06-15,SICL,740,745,739.1,739.62,19240,14254167.2
2025-06-16,SICL,737.2,755,735.3,745.12,22895,17071000.1
2025-06-17,SICL,737.6,747,737,739.26,7313,5401990.1
2025-06-18,SICL,737.2,745,737,739.17,4431,3272579.8
2025-06-19,SICL,740,740,734,735.13,21508,15821975.5
2025-06-22,SICL,735,735,727,727.74,10546,7696315.4
2025-06-23,SICL,727.7,727.8,720,721.7,7061,5107692.4
2025-06-24,SICL,735,735,720.1,721.27,9676,7002908.9
2025-06-25,SICL,722,725,719,724.8,13783,9953111.6
2025-06-26,SICL,725,725.5,715,716.66,15338,11024254.3
2025-06-29,SICL,716.1,720,713,716.74,9152,6548188.5
2025-06-30,SICL,731,731,708.7,715.32,9798,7025163.5
2025-07-01,SICL,725,730,723,728.08,4363,3171056.6
2025-07-02,SICL,735,750,728.1,748,22533,16751307.1
2025-07-03,SICL,749,808.8,740,788.41,90681,70373302.5
2025-07-06,SICL,773,788,760,777.82,41762,32201452.4
2025-07-07,SICL,764,777,758,761.28,20994,16096761.8
2025-07-08,SICL,760,769,755,759.34,14124,10747892.3
2025-07-09,SICL,754.1,775,754.1,768.42,7838,6014478.9
2025-07-10,SICL,765,783,761,775.38,37562,28781885.9
2025-07-13,SICL,790.8,800,765,773.78,26229,20373426.9
2025-07-14,SICL,776,785,765,765.54,9502,7344987.3
2025-07-15,SICL,780,780,765,771.1,14680,11289150
2025-07-16,SICL,786.5,786.5,770,773.53,22324,17277797.2
2025-07-17,SICL,789,796,780.1,790.55,27416,21684003
2025-07-20,SICL,800,820,791.5,799.8,45266,36560609.4
2025-07-21,SICL,800,804.9,786,795.97,40028,31975345.5
2025-07-22,SICL,811.6,824,811,822.02,53963,44196756.2
2025-07-23,SICL,825.1,825.1,806,809.66,53132,43166081.5
2025-07-24,SICL,812,817,807.3,810.19,26366,21399983.3
2025-07-27,SICL,810,824,810,810.18,45419,37096678.4
2025-07-28,SICL,810,813,800.5,807.73,27980,22478641.2
2025-07-29,SICL,822.8,828,816,819.39,36689,30157375.4
2025-07-30,SICL,825,825,803.1,804.53,29897,24147401.1
2025-07-31,SICL,796,805,785.1,790.28,26531,21019507.4
2025-08-03,SICL,781.1,790,774,774.97,22509,17567641
2025-08-04,SICL,785,785,762.1,773.58,19151,14739105.6
2025-08-05,SICL,773.58,788,761,765.27,12288,9462760.5
2025-08-06,SICL,758,770,750.1,764.83,13558,10353580.2
2025-08-07,SICL,769,772,764,770.24,13504,10359470
2025-08-11,SICL,771.1,777,757,759.79,10882,8327710.7
2025-08-12,SICL,759.8,767,752.1,754.28,11674,8816192.7
2025-08-13,SICL,754,765,740,750.07,9826,7383601.1
2025-08-14,SICL,755,755,745,747.84,9313,6981517.2
2025-08-17,SICL,750.1,752,744,745.17,15329,11451127.9
2025-08-18,SICL,746,751,744,744.73,5656,4216253.7
2025-08-19,SICL,745,751,740,745.49,9536,7077494.5
2025-08-20,SICL,750,750,740.2,741.25,11206,8322237.1
2025-08-21,SICL,739,745,735,738.35,10845,8022845
2025-08-24,SICL,740,745,732,732.45,9106,6706879.1
2025-08-25,SICL,744,744,731.7,735.01,8411,6177040.9
2025-08-26,SICL,730,740,730,733.59,7798,5713597.4
2025-08-27,SICL,745,748,733,744.41,13178,9776705.1
2025-08-28,SICL,757,757,735,735.81,9430,7018029.9
2025-08-31,SICL,735,749,730.3,736.64,9939,7310181
2025-09-01,SICL,744,744,736,741.97,6117,4531076.1
2025-09-02,SICL,741.97,750,737,738.28,4786,3537610.5
2025-09-03,SICL,746.8,746.8,732.2,734.1,5161,3793735.4
2025-09-04,SICL,736,736.7,731,734.83,13222,9709421.9
2025-09-07,SICL,734,738,730.1,735.07,5755,4227147.8
2025-09-08,SICL,730.1,735,721,726.7,6893,5002836.6
2025-09-18,SICL,712.2,712.2,654.2,654.2,2150,1467476
2025-09-21,SICL,641.2,641.2,588.8,624.84,79980,49065574.8
2025-09-23,SICL,636.9,660,625,657.7,21715,14026254.7
2025-09-24,SICL,658,660,647,652.1,9398,6110310.9
2025-09-25,SICL,639.1,650,639,644,11244,7218650.1
2025-09-28,SICL,636,676,633.1,676,12448,8074741.4
2025-10-07,SICL,662.5,662.6,644,651,8784,5703113.8
2025-10-08,SICL,650,650,630,638,9628,6116969.9
2025-10-09,SICL,650,675,638,642,9658,6224667.4
2025-10-12,SICL,649,649,610,622,20839,12905209.7
2025-10-13,SICL,610,632,610,632,7395,4606575
2025-10-14,SICL,631,631,612.5,615,8321,5137898.6
2025-10-15,SICL,612.1,623,610.3,618,21126,13111021.2
2025-10-16,SICL,629.9,629.9,606,610.6,5638,3445143.2
2025-10-19,SICL,598.5,609.9,598.4,609,4364,2649654
2025-10-26,SICL,603,610,603,610,3603,2184538.9
2025-10-28,SICL,612,629.8,612,627,4737,2934705.9
2025-10-29,SICL,629,637,620,622.1,3985,2498529.8
2025-10-30,SICL,615,633,611.2,632,8051,5058555.8
2025-11-02,SICL,643,643,633,639,9819,6271618.6
2025-11-03,SICL,648,648,637,640,5833,3729346
2025-11-04,SICL,640,640,630,631,5960,3777327.2
2025-11-05,SICL,642.9,642.9,618.8,630,2778,1734386.2
2025-11-06,SICL,630,640,628,630,3648,2299542
2025-11-09,SICL,627.2,630,617.5,625,3668,2282743.7
2025-11-10,SICL,630,636,624,626,3582,2251015.1
2025-11-11,SICL,620,631,618,628,3229,2009371.2
2025-11-12,SICL,620.2,632.2,620.1,632,5477,3433688.9
2025-11-13,SICL,634,635,621,628.5,5806,3620033.9
2025-11-16,SICL,622,641,616,624,11440,7156829.7
2025-11-17,SICL,620,630,617,624,12931,8078030.4
2025-11-18,SICL,636.4,644,624,629.7,5783,3630117.5
2025-11-19,SICL,630.1,630.1,620.1,629,5238,3270035.7
2025-11-20,SICL,619,630,619,622,5751,3587616.9
2025-11-23,SICL,625.1,640,625,640,14502,9132131.8
2025-11-24,SICL,645,663,645,663,22940,14984652.4
2025-11-25,SICL,660,669.9,646.5,669,15116,9923867.3
2025-11-26,SICL,665,679,656.5,676,10276,6865476.9
2025-11-27,SICL,663,680,655,670,6400,4282077.9
2025-11-30,SICL,675,675,650,650,8479,5609406
2025-12-01,SICL,663,676,645,652,6685,4341084.8
2025-12-02,SICL,645,665,645,653,14694,9555521.9
2025-12-03,SICL,650,653,640,640,7081,4560323.8
2025-12-07,SICL,640,643,625,633,10388,6558195.9
2025-12-08,SICL,645,645,622,630,5095,3207652.5
2025-12-09,SICL,622,644.5,622,633.5,3238,2049840.8
2025-12-10,SICL,629,640,629,632,3581,2259404.6
2025-12-11,SICL,632,635,628,628,11660,7343454.8
2025-12-14,SICL,625,633,624.3,625,6367,3986290
2025-12-15,SICL,621,636,621,633,7407,4671231.2
2025-12-16,SICL,644,645,634,645,4566,2921480.5
2025-12-17,SICL,644.5,644.5,632.1,637.1,11698,7459406.3
2025-12-18,SICL,643,645.7,638.3,639,12050,7743989.5
2025-12-21,SICL,642,645,630,635,4487,2841757.2
2025-12-22,SICL,635,638,632,637.5,2234,1417276.3
2025-12-23,SICL,630,640.5,626,635,3252,2058147.2
2025-12-24,SICL,635,640,626,635,13292,8413293.4
2025-12-28,SICL,642,652.2,637.2,651.9,20024,12929839.2
2025-12-29,SICL,626.9,630,624,626.5,12047,7550170.2
2025-12-31,SICL,630,638,628,630,4902,3092173.4
2026-01-01,SICL,630,634,630,631,5873,3701838.9
2026-01-04,SICL,631,635,623,630.2,5936,3724493
2026-01-05,SICL,630.2,632.9,624,630,8038,5052433.4
2026-01-06,SICL,642,652,631,632,2411,1534310.3
2026-01-07,SICL,641,641,626,626,13460,8480132.2
2026-01-08,SICL,635,637.8,625.2,632,6353,4021815.5
2026-01-12,SICL,625,635,624,625.2,8058,5045020.4
2026-01-13,SICL,627,627,624.5,625.5,6425,4016256
2026-01-14,SICL,625,635,622.8,626.1,2726,1707397.4
2026-01-18,SICL,628,634.2,628,630,4231,2662244.5
2026-01-20,SICL,642.5,645,631.2,642.9,16280,10449144.1
2026-01-21,SICL,651,651,638,640,9997,6416217
2026-01-22,SICL,636,640,633,638.6,6524,4152321.5
2026-01-25,SICL,645,650.9,635.1,650,16177,10474702.1
2026-01-26,SICL,650,660,640,650,9970,6467709.7
2026-01-27,SICL,637,660,625,642,9442,6065678.1
2026-01-28,SICL,641.5,642,630.1,635,10304,6526752.6
2026-01-29,SICL,637,649,627.1,628,12133,7667271.8
2026-02-01,SICL,628,639,621,622.6,10863,6784221.9
2026-02-02,SICL,622,630,620,625,9904,6160038.3
2026-02-03,SICL,615,634.09,612.5,624,13557,8404100.6
2026-02-04,SICL,611.6,630,611.6,624,6247,3900292.7
2026-02-05,SICL,629.9,635,620.1,633,8657,5423760.9
2026-02-08,SICL,631,636,628,630,14418,9101393.9
2026-02-09,SICL,637,637,622.5,631.7,11356,7147939.9
2026-02-10,SICL,621,633.4,621,625,8788,5512659.3
2026-02-11,SICL,620.1,632,620.1,629,4975,3112951.9
2026-02-12,SICL,622,627.5,622,624.9,8403,5248897.6
2026-02-16,SICL,635.5,635.5,617,620,15036,9321051.7
2026-02-17,SICL,630,630,615,618,13520,8345330.1
2026-02-22,SICL,617.9,620,614,615.1,8948,5509929.3
2026-02-23,SICL,615.1,618,610.6,611.2,12460,7628414.9
2026-02-24,SICL,612,617.9,611.2,616,7932,4884088.9
2026-02-25,SICL,628.3,642,615.2,618.5,8132,5148907.3
2026-02-26,SICL,619,631.1,619,626,6944,4364829.1
2026-03-01,SICL,626.1,633,625,630,12096,7607805.7
2026-03-03,SICL,639.9,640,630,639,11303,7203420.7
2026-03-09,SICL,649.9,664.7,649.9,664.7,160,104312
2026-03-10,SICL,677.9,689,650,674,44641,30000201.7
2026-03-11,SICL,674,680,663,664,16631,11076092.1
2026-03-12,SICL,664,670,659.1,665,6858,4561735.5
2026-03-15,SICL,667,677,665.5,674,26255,17693717.6
2026-03-16,SICL,670.1,679.4,662,662.5,31523,21144892.2
2026-03-17,SICL,669,669,650.1,657.1,11400,7486578.6
2026-03-19,SICL,670.2,679,658,665,19564,13014746.7
2026-03-22,SICL,675,688.4,666,683,32301,21850617.3
2026-03-23,SICL,675.1,686,675,683,14644,9970845.9
2026-03-24,SICL,683,690,671.1,679.9,14832,10045716.7
2026-03-25,SICL,690,690,672,676.5,34759,23581902.1
2026-03-26,SICL,680,680,669,674.1,8607,5806952.4
2026-03-29,SICL,674,684.8,662,663,17639,11773341.8
2026-03-30,SICL,651,663,646,650,14454,9450079.6
2026-03-31,SICL,651,660,640,654.9,16622,10739144.8
2026-04-01,SICL,646,650,636,639,16474,10565712.5
2026-04-02,SICL,637,640.4,630.5,637,8965,5702428.9
2026-04-05,SICL,635,637,614.5,623,26034,16173453
2026-04-06,SICL,623.5,634,615,634,21847,13712489.4
2026-04-07,SICL,630,638,624,630,11682,7353851.2
2026-04-08,SICL,625,638,625,630.1,7006,4433916.2
2026-04-09,SICL,628,638,627.4,632,9606,6110724.3
2026-04-10,SICL,640,640,628.2,639.3,21600,13646515.2
2026-04-13,SICL,640,640,629,634,7746,4901808.7
2026-04-15,SICL,640,640,630,632,10352,6551168.3
2026-04-16,SICL,625.1,637,624,630,10615,6656531.2
2026-04-17,SICL,630,635,625,631,4267,2686568.3
2026-04-20,SICL,662.5,662.5,627,629,4239,2690033.1
2026-04-21,SICL,645,647.8,625.1,626,3812,2406812.7
2026-04-22,SICL,657.3,657.3,619,625.5,6324,3935840.9
2026-04-23,SICL,625,626.9,619,624.5,3643,2268905.4
2026-04-24,SICL,630,630,618,622,8827,5467872
2026-04-27,SICL,653.1,653.1,617.1,620,2625,1628778.5
2026-04-28,SICL,620,622,618,618.1,7561,4681514.4
2026-04-29,SICL,618.1,620.1,615.3,616,6822,4201475
2026-04-30,SICL,616,616,605.2,614.9,13494,8226731.1
2026-05-04,SICL,614.9,615,605,608.5,4158,2537633.5
2026-05-05,SICL,604,615,604,610.5,6541,3987162.1
2026-05-06,SICL,615,615,608.1,612,6525,3981879
2026-05-07,SICL,612,612,608.2,609.1,5675,3463016.5
2026-05-08,SICL,620,620,610,611.2,2437,1489265.8
2026-05-11,SICL,615,619.9,610,615,8455,5179269.3
2026-05-12,SICL,625.5,625.5,608,615,6148,3768333.3
2026-05-13,SICL,614,616,608,616,2096,1283066.5
2026-05-14,SICL,625,633.3,610,612,7598,4679504.4
2026-05-15,SICL,622.9,622.9,609,615,3255,1989154.8
2026-05-18,SICL,611,614.8,603.1,614.8,7962,4831729.3
2026-05-19,SICL,614.8,617,606,614.2,3002,1835031.1
2026-05-20,SICL,611,616,610.2,615.5,4972,3047899.7
2026-05-21,SICL,607,616.9,607,616.7,6678,4107334
2026-05-22,SICL,620,621,608.1,617.8,4399,2706745.4
2026-05-25,SICL,624,624,613,622,8941,5540844.8
2026-05-26,SICL,622,622,611.59,615.1,7896,4865530.4
2026-05-27,SICL,609.1,624.9,609.1,619.9,5296,3267890.3
2026-06-01,SICL,635,641,623.1,635.5,11535,7325009.5
2026-06-02,SICL,639.9,643.8,620.1,639.5,9219,5843690.4
2026-06-03,SICL,639.5,668,638,657.6,31583,20662230.1
2026-06-04,SICL,675,675,648,648,13489,8810796.8
2026-06-05,SICL,645.1,660,644,656.6,38555,25110023.1
2026-06-08,SICL,652.2,654,645,645.1,11468,7424292.9
2026-06-09,SICL,658,658.9,635.1,637.5,7945,5082613.2
2026-06-10,SICL,637.5,644,635.6,640,2762,1764751.1
2026-06-11,SICL,644.9,644.9,631,631,6682,4236558.8
2026-06-12,SICL,635,635,630,634,10386,6564490.7
2026-06-15,SICL,629,636,629,634,6220,3922923.9
2026-06-16,SICL,634,634,627,630,2237,1408212
2026-06-17,SICL,628,630.1,628,628.4,6628,4169571.5
2026-06-18,SICL,625.6,628,621,624,7552,4716854.1
2026-06-19,SICL,624,625,620.6,624.8,2256,1409048
2026-06-22,SICL,624.8,631,624.1,624.2,4751,2978413.8
2026-06-23,SICL,624.2,624.9,615,619,9427,5819786.2
2026-06-24,SICL,619,620,614,615.7,2823,1738479.7
2026-06-25,SICL,615,620,614.1,615.1,4635,2856214.2
2026-06-26,SICL,617,624.9,616,618,7909,4890882.7
2026-06-29,SICL,615,618,613.5,615.1,5274,3246646.3
2026-06-30,SICL,612.3,619,612.3,612.3,4351,2666806
2026-07-01,SICL,612.3,624,612.3,624,1388,862320.1
2026-07-02,SICL,618,629,611.2,625.9,2980,1831954.1
2026-07-03,SICL,630,630,615.4,623,5933,3674653.3
2026-07-06,SICL,618,625,611,620,3416,2108097.7
2026-07-07,SICL,629,629,620,621.1,2246,1395410.3
2026-07-08,SICL,629,629,612,619,2716,1673466.4
2026-07-09,SICL,615,626,611,611,5014,3071004.7
2026-07-10,SICL,611,615,610,612,3769,2307112.8
2026-07-13,SICL,612,615,608,608,4332,2646319
2026-07-14,SICL,605,613,605,608.6,3257,1982593.7
2026-07-15,SICL,608.6,614.7,608.1,610,10214,6243005.2
2026-07-16,SICL,613,615,609,615,3805,2329409.7
2026-07-17,SICL,625,638,623,629,6446,4034447.6
2026-07-20,SICL,620,635,620,634,5785,3656309.1
2026-07-21,SICL,639.9,639.9,625,638,4345,2749391.3
2026-07-22,SICL,635,635,621,635,8698,5475253.1
2026-07-23,SICL,645.8,645.8,623,634,3608,2272016.3
2026-07-24,SICL,639.8,639.8,629.2,633.7,3100,1959872.7
2026-07-27,SICL,635,635,618,618,6926,4320116.9
2026-07-28,SICL,615,620,605,614,5788,3554592.5
2026-07-29,SICL,614,625,609.1,611.1,9181,5620519.8
2026-07-30,SICL,620,620,610,613,6079,3734677.7
2026-07-31,SICL,605.5,620,605.5,613,2202,1355231.9
2026-08-03,SICL,620,629.9,616.1,617,11375,7040291
2026-08-04,SICL,617,618,610.1,611.1,5436,3341361.4
2026-08-05,SICL,611.3,617.7,610,617.5,2144,1314190.8
2026-08-06,SICL,610.5,618,605.8,616.9,1397,854358.3
2026-08-07,SICL,610.1,614,609,609.1,10149,6192593.7
2026-08-10,SICL,610,620,610,610.2,4185,2563392.7
2026-08-11,SICL,610,620,610,611.4,4788,2929322.6
2026-08-12,SICL,612.4,618.4,612.2,615,5969,3670728.6
2026-08-13,SICL,619,619,607.3,614,1680,1028593
2026-08-14,SICL,614,619,610.1,613,2758,1689715.8
2026-08-17,SICL,610.1,612,608,610.4,7555,4613381.3
2026-08-18,SICL,610.4,614,606.4,608,3966,2413931.1
2026-08-19,SICL,605.1,612,605.1,609,6906,4209464.9
2026-08-20,SICL,610,612,605,606.1,3507,2129572.8
2026-08-21,SICL,606,610,606,607.1,3399,2067730.9
2026-08-24,SICL,603,610,603,606,6622,4019545
2026-08-25,SICL,603,607,600,600,10433,6280244.8
2026-08-26,SICL,598.09,598.09,575,582,29724,17320671.52
2026-08-27,SICL,567,567,533.5,559,27524,15229731.8
2026-08-31,SICL,545,545.5,527,527.1,14180,7554510.4
2026-09-01,SICL,527,535,513.2,528.6,9009,4716085.5
2026-09-02,SICL,520,523.9,508,520,14567,7499062.5
2026-09-03,SICL,525,525,516,522.6,6841,3553602.6
2026-09-07,SICL,525,555,525,550,23346,12631241.4
2026-09-09,SICL,534,551,525,550,23009,12587364.8
2026-09-10,SICL,550,550,535,546,2356,1275148.8
2026-09-11,SICL,540,552,540,550,6747,3698341
2026-09-14,SICL,523,565.9,523,560,9377,5251058.7
2026-09-15,SICL,580,583,566.4,580,8832,5085658.7
2026-09-16,SICL,583.5,583.5,569,571,2881,1643961
2026-09-17,SICL,587,588,560,571,8316,4742494.6
2026-09-18,SICL,583,583,570.1,577.9,1035,594245.2
2026-09-22,SICL,573,580.5,557,566,9422,5313848.9
2026-09-23,SICL,566,567.1,557,558,5471,3061215.5
2026-09-24,SICL,564.9,564.9,545,552,12307,6763987.8
2026-09-28,SICL,551,558,538,544,7233,3936484.3
2026-09-29,SICL,544,549,537.2,544,21497,11713215.4
2026-09-30,SICL,548,560,541,541,4150,2267688.1
2026-10-01,SICL,540,550,540,540.1,3164,1711888.6
2026-10-02,SICL,537.1,548.8,537.1,538,6838,3684755.2
2026-10-05,SICL,538,539,534,536,20486,10963047
2026-10-06,SICL,540,549,528,531,16780,8914696.5
2026-10-07,SICL,539,539,531,532,1276,681421.5
2026-10-08,SICL,535,540,515,532,17198,9081014.2
2026-10-09,SICL,520,537,520,536,6277,3351227
