date,symbol,open,high,low,close,volume,turnover
2013-09-10,SINDU,140,138,136,136,250,34200
2013-09-17,SINDU,136,134,132,132,710,94020
2013-09-19,SINDU,132,130,130,130,2500,325000
2013-09-30,SINDU,130,128,124,124,950,119200
2013-10-01,SINDU,124,122,118,118,750,89900
2013-10-03,SINDU,118,116,112,112,1000,113200
2013-10-17,SINDU,112,110,110,110,2070,227700
2013-12-12,SINDU,110,108,106,106,400,42800
2013-12-18,SINDU,106,104,104,104,440,45760
2013-12-26,SINDU,104,106,106,106,500,53000
2013-12-29,SINDU,106,108,108,108,260,28080
2014-01-02,SINDU,108,106,106,106,1800,190800
2014-01-12,SINDU,106,110,108,110,600,65400
2014-01-13,SINDU,110,112,108,108,4700,509400
2014-01-16,SINDU,108,108,108,108,210,22680
2014-01-22,SINDU,108,108,108,108,200,21600
2014-01-23,SINDU,108,110,110,110,100,11000
2014-01-26,SINDU,110,108,106,106,2550,271300
2014-02-03,SINDU,106,108,108,108,200,21600
2014-02-06,SINDU,118,126,120,126,970,117980
2014-02-09,SINDU,126,124,124,124,1160,143840
2014-02-18,SINDU,124,126,126,126,490,61740
2014-02-20,SINDU,126,124,124,124,350,43400
2014-02-23,SINDU,124,124,124,124,1000,124000
2014-02-24,SINDU,124,130,126,130,2480,314000
2014-02-25,SINDU,130,134,132,132,2500,330800
2014-02-26,SINDU,132,130,128,130,1400,180000
2014-03-05,SINDU,130,136,132,136,1330,177880
2014-03-06,SINDU,136,136,136,136,1000,136000
2014-03-09,SINDU,136,140,134,140,2580,352200
2014-03-10,SINDU,140,148,142,148,2620,382740
2014-03-11,SINDU,148,159,150,159,1800,274800
2014-03-12,SINDU,159,163,159,159,720,116450
2014-03-17,SINDU,158,161,157,157,2380,380340
2014-03-19,SINDU,157,154,151,151,750,114570
2014-03-20,SINDU,151,148,140,140,3820,547640
2014-03-24,SINDU,140,138,136,136,810,111160
2014-03-25,SINDU,136,136,134,136,610,81960
2014-03-31,SINDU,136,134,134,134,310,41540
2014-04-01,SINDU,134,132,130,130,3910,510780
2014-04-03,SINDU,130,128,128,128,500,64000
2014-04-09,SINDU,128,126,122,122,930,116200
2014-04-13,SINDU,122,124,124,124,70,8680
2014-04-15,SINDU,124,126,126,126,250,31500
2014-04-16,SINDU,126,130,128,130,700,90600
2014-04-17,SINDU,130,128,124,124,900,113550
2014-04-21,SINDU,124,122,122,122,1050,128100
2014-04-23,SINDU,122,124,124,124,1200,148800
2014-04-28,SINDU,124,126,126,126,1000,126000
2014-05-05,SINDU,126,128,126,128,1110,141860
2014-05-08,SINDU,128,126,126,126,210,26460
2014-05-18,SINDU,126,128,128,128,350,44800
2014-05-19,SINDU,128,126,126,126,200,25200
2014-05-22,SINDU,126,128,128,128,750,96000
2014-05-25,SINDU,128,132,130,132,700,92000
2014-05-28,SINDU,132,136,134,136,210,28360
2014-06-02,SINDU,136,134,134,134,1000,134000
2014-06-03,SINDU,134,136,132,136,1990,267480
2014-06-05,SINDU,136,140,138,140,100,13900
2014-06-10,SINDU,140,142,142,142,500,71000
2014-06-18,SINDU,142,140,140,140,110,15400
2014-06-26,SINDU,140,140,138,140,550,76500
2014-06-29,SINDU,140,138,138,138,500,69000
2014-06-30,SINDU,138,140,140,140,500,70000
2014-07-02,SINDU,140,148,142,146,5060,734060
2014-07-03,SINDU,146,148,148,148,60,8880
2014-07-06,SINDU,148,148,148,148,1000,148000
2014-07-07,SINDU,148,161,150,159,1880,294310
2014-07-10,SINDU,157,155,154,155,1400,216790
2014-07-13,SINDU,155,161,158,161,200,31900
2014-07-14,SINDU,161,165,160,165,1870,302560
2014-07-15,SINDU,165,165,162,162,1760,287090
2014-07-16,SINDU,162,162,160,160,3090,495550
2014-07-17,SINDU,160,163,162,163,2710,441220
2014-07-20,SINDU,163,169,166,169,660,111060
2014-07-23,SINDU,169,177,172,177,12110,2094470
2014-07-24,SINDU,177,180,180,180,100,18000
2014-07-27,SINDU,180,198,183,198,1000,191100
2014-07-28,SINDU,198,217,201,217,500,104500
2014-07-30,SINDU,217,238,221,238,6630,1571600
2014-07-31,SINDU,238,261,240,261,14740,3766500
2014-08-03,SINDU,261,260,255,260,1950,503900
2014-08-04,SINDU,260,265,255,255,1200,310000
2014-08-05,SINDU,255,253,247,247,400,100100
2014-08-06,SINDU,247,243,243,243,100,24300
2014-08-13,SINDU,243,239,239,239,930,222270
2014-09-01,SINDU,239,235,235,235,1000,235000
2014-09-03,SINDU,235,231,231,231,1000,231000
2014-10-09,SINDU,231,227,223,223,5100,1137700
2014-11-23,SINDU,223,219,219,219,200,43800
2014-12-02,SINDU,219,215,215,215,50,10750
2015-01-07,SINDU,215,211,207,207,260,54260
2015-01-11,SINDU,207,203,203,203,600,121800
2015-01-12,SINDU,203,199,199,199,200,39800
2015-01-14,SINDU,199,200,190,196,23550,4514500
2015-01-26,SINDU,182,192,180,192,2040,367500
2015-01-27,SINDU,192,201,195,201,520,104430
2015-01-28,SINDU,201,221,205,221,890,188450
2015-01-29,SINDU,221,243,225,242,7080,1698660
2015-02-01,SINDU,242,255,245,245,1110,277530
2015-02-02,SINDU,245,241,236,236,4650,1104800
2015-02-08,SINDU,236,232,224,224,1500,345200
2015-02-09,SINDU,224,220,216,216,260,56500
2015-02-10,SINDU,216,216,212,212,1500,318700
2015-02-11,SINDU,212,220,212,220,3470,750940
2015-02-12,SINDU,220,242,224,242,1330,321040
2015-02-15,SINDU,242,266,242,266,17320,4537650
2015-02-16,SINDU,266,265,251,251,1850,476000
2015-02-18,SINDU,251,248,245,245,2470,607780
2015-02-22,SINDU,245,249,242,242,3730,911370
2015-02-23,SINDU,242,242,238,242,3450,828800
2015-02-24,SINDU,242,238,238,238,100,23800
2015-02-25,SINDU,238,234,229,230,2600,600200
2015-02-26,SINDU,230,238,234,234,4500,1055000
2015-03-01,SINDU,234,238,230,238,5830,1354690
2015-03-02,SINDU,238,257,240,257,4010,986570
2015-03-03,SINDU,257,253,253,253,2000,506000
2015-03-04,SINDU,253,252,248,252,510,126520
2015-03-09,SINDU,252,252,245,245,3700,918400
2015-03-10,SINDU,245,242,240,242,9560,2297400
2015-03-11,SINDU,242,238,238,238,10,2380
2015-03-12,SINDU,238,250,236,250,7600,1851860
2015-03-15,SINDU,250,246,246,246,1000,246000
2015-03-17,SINDU,246,242,242,242,400,96800
2015-03-22,SINDU,242,238,234,234,1800,424400
2015-03-23,SINDU,234,241,237,239,1050,250150
2015-03-25,SINDU,239,235,231,231,546,126310
2015-03-31,SINDU,231,239,235,239,2274,538486
2015-04-01,SINDU,239,236,235,235,610,143650
2015-04-07,SINDU,235,231,231,231,1000,231000
2015-04-08,SINDU,231,235,235,235,100,23500
2015-04-09,SINDU,235,234,230,230,1100,253400
2015-04-12,SINDU,230,232,232,232,1000,232000
2015-04-20,SINDU,232,235,227,227,1250,285150
2015-07-26,SINDU,227,235,231,235,1060,245100
2015-07-27,SINDU,235,231,222,222,4420,1001400
2015-07-28,SINDU,222,220,208,208,2524,538640
2015-07-29,SINDU,208,211,205,209,5971,1240424
2015-07-30,SINDU,209,213,213,213,1000,213000
2015-08-03,SINDU,213,209,209,209,375,78375
2015-08-05,SINDU,209,210,210,210,900,189000
2015-08-06,SINDU,210,210,210,210,46,9660
2015-08-09,SINDU,210,210,210,210,275,57750
2015-08-10,SINDU,210,210,206,206,814,170612
2015-08-11,SINDU,206,209,209,209,92,19228
2015-08-13,SINDU,209,206,205,205,522,107032
2015-08-16,SINDU,205,206,204,204,1474,301470
2015-08-19,SINDU,204,204,203,204,3110,632440
2015-08-20,SINDU,204,200,200,200,1000,200000
2015-08-24,SINDU,200,204,200,204,126,25304
2015-08-25,SINDU,204,202,200,200,225,45430
2015-08-27,SINDU,200,196,196,196,930,182280
2015-08-31,SINDU,196,193,193,193,107,20651
2015-09-01,SINDU,193,190,190,190,107,20330
2015-09-02,SINDU,190,187,187,187,142,26554
2015-09-03,SINDU,187,184,180,183,3465,627810
2015-09-06,SINDU,183,186,186,186,75,13950
2015-09-07,SINDU,186,189,189,189,161,30429
2015-09-08,SINDU,189,200,192,200,1422,280710
2015-09-09,SINDU,200,212,204,205,2172,445652
2015-09-10,SINDU,205,201,197,197,1025,202225
2015-09-15,SINDU,197,197,191,191,1837,355667
2015-09-16,SINDU,191,191,191,191,1000,191000
2015-09-17,SINDU,191,209,192,209,3623,715357
2015-09-22,SINDU,209,225,213,225,55,12095
2015-09-23,SINDU,225,232,228,228,2693,624562
2015-09-28,SINDU,228,236,218,218,6120,1356780
2015-09-29,SINDU,218,239,222,239,18118,4208041
2015-09-30,SINDU,239,258,239,255,13958,3510723
2015-10-01,SINDU,255,261,246,246,4050,1022750
2015-10-04,SINDU,246,245,242,242,1628,395635
2015-10-05,SINDU,242,252,246,249,9083,2266750
2015-10-06,SINDU,249,265,246,265,7872,2066198
2015-10-07,SINDU,265,260,260,260,1050,273000
2015-10-08,SINDU,260,260,260,260,215,55900
2015-10-11,SINDU,260,285,265,285,9361,2576538
2015-10-14,SINDU,285,281,275,275,9266,2564576
2015-10-15,SINDU,275,280,275,280,8228,2287740
2015-10-18,SINDU,280,285,280,281,459,128805
2015-10-19,SINDU,281,285,285,285,500,142500
2015-10-25,SINDU,285,295,290,295,601,174795
2015-10-27,SINDU,295,292,285,285,4450,1284720
2015-10-28,SINDU,285,281,280,280,1238,347640
2015-10-29,SINDU,280,275,275,275,1000,275000
2015-12-06,SINDU,244,240,240,240,500,120000
2015-12-07,SINDU,240,244,244,244,107,26108
2016-01-20,SINDU,244,267,248,267,50,12860
2016-01-21,SINDU,267,293,272,293,520,151810
2016-01-24,SINDU,293,321,298,321,310,97820
2016-01-25,SINDU,321,327,321,325,4400,1427600
2016-01-26,SINDU,325,330,319,319,830,264930
2016-01-27,SINDU,319,313,301,301,910,278230
2016-01-31,SINDU,301,300,296,296,2570,762720
2016-02-01,SINDU,296,325,301,325,10269,3333245
2016-02-02,SINDU,325,348,325,348,3046,1022407
2016-02-03,SINDU,348,350,350,350,200,70000
2016-02-04,SINDU,350,345,339,339,850,291150
2016-02-07,SINDU,339,335,335,335,500,167500
2016-02-08,SINDU,335,344,331,340,2495,836680
2016-02-11,SINDU,340,334,330,330,1300,431000
2016-02-14,SINDU,330,335,333,334,1083,362105
2016-02-15,SINDU,334,336,328,336,1300,431400
2016-02-16,SINDU,336,342,342,342,300,102600
2016-02-17,SINDU,342,342,342,342,300,102600
2016-02-18,SINDU,342,338,338,338,150,50700
2016-02-23,SINDU,338,338,335,338,110,37150
2016-02-24,SINDU,338,340,340,340,500,170000
2016-02-25,SINDU,340,341,334,341,1210,410840
2016-02-28,SINDU,341,347,342,347,700,241900
2016-02-29,SINDU,347,350,342,342,1110,382040
2016-03-06,SINDU,342,348,343,348,1300,450800
2016-03-10,SINDU,348,355,350,350,1250,439200
2016-03-13,SINDU,350,345,344,345,350,120580
2016-03-14,SINDU,345,340,334,334,1300,440200
2016-03-20,SINDU,334,328,328,328,200,65600
2016-03-21,SINDU,328,334,334,334,100,33400
2016-03-23,SINDU,334,359,335,355,2370,832750
2016-03-24,SINDU,355,365,362,365,1000,364850
2016-03-27,SINDU,365,365,362,362,2575,937375
2016-03-28,SINDU,362,369,355,355,845,305173
2016-03-29,SINDU,355,351,350,351,573,200623
2016-03-30,SINDU,351,350,340,345,1769,611305
2016-03-31,SINDU,345,350,342,342,3475,1208250
2016-04-03,SINDU,342,340,336,336,550,185600
2016-04-04,SINDU,336,345,338,345,1100,375500
2016-04-05,SINDU,345,351,340,340,1067,369350
2016-04-06,SINDU,340,341,341,341,150,51150
2016-04-10,SINDU,341,347,347,347,145,50315
2016-04-11,SINDU,347,362,350,360,1942,692370
2016-04-12,SINDU,360,367,367,367,83,30461
2016-04-14,SINDU,367,362,355,355,537,193035
2016-04-17,SINDU,355,360,346,346,1766,620336
2016-04-18,SINDU,346,352,352,352,900,316800
2016-04-19,SINDU,352,359,352,359,1425,508975
2016-04-20,SINDU,359,360,360,360,1500,540000
2016-04-21,SINDU,360,365,357,365,2427,871410
2016-04-24,SINDU,365,391,365,384,1569,591275
2016-04-25,SINDU,384,409,391,409,1464,586741
2016-04-26,SINDU,409,434,409,433,5040,2110540
2016-04-27,SINDU,433,445,440,443,2733,1210180
2016-04-28,SINDU,443,443,435,435,1800,792600
2016-05-02,SINDU,435,443,426,426,950,409860
2016-05-03,SINDU,426,425,425,425,150,63750
2016-05-04,SINDU,425,441,417,430,9378,4041944
2016-05-05,SINDU,430,429,416,429,1484,625648
2016-05-08,SINDU,429,435,430,431,2500,1080600
2016-05-09,SINDU,431,436,427,428,2629,1132615
2016-05-10,SINDU,428,425,420,420,2205,928834
2016-05-11,SINDU,420,436,426,426,3347,1442058
2016-05-12,SINDU,426,440,426,426,3922,1692005
2016-05-15,SINDU,426,434,430,430,1249,537666
2016-05-16,SINDU,430,447,435,439,6882,3027738
2016-05-17,SINDU,439,450,443,449,2310,1028952
2016-05-18,SINDU,449,456,447,456,900,406050
2016-05-19,SINDU,456,460,453,460,1717,777871
2016-05-22,SINDU,460,460,438,438,1096,490618
2016-05-23,SINDU,438,445,438,445,473,208154
2016-05-24,SINDU,445,462,453,462,610,280610
2016-05-25,SINDU,462,453,440,440,4410,1961470
2016-05-29,SINDU,440,435,433,433,900,390700
2016-05-30,SINDU,433,448,433,448,1349,593808
2016-05-31,SINDU,448,447,438,445,3066,1351927
2016-06-01,SINDU,445,437,430,430,1104,478220
2016-06-02,SINDU,430,448,430,437,4083,1796586
2016-06-05,SINDU,437,440,435,436,3883,1695161
2016-06-06,SINDU,436,440,430,440,575,249950
2016-06-07,SINDU,440,450,435,435,2560,1131350
2016-06-08,SINDU,435,443,435,435,1286,562498
2016-06-09,SINDU,435,453,440,453,1360,605600
2016-06-12,SINDU,453,498,462,498,6529,3232262
2016-06-13,SINDU,498,537,500,529,20167,10461196
2016-06-14,SINDU,529,550,531,550,16327,8870669
2016-06-15,SINDU,550,560,530,550,3195,1743640
2016-06-16,SINDU,550,570,542,549,4908,2726530
2016-06-19,SINDU,549,540,540,540,200,108000
2016-06-20,SINDU,540,530,490,499,1190,600801
2016-06-21,SINDU,499,515,505,515,637,324446
2016-06-22,SINDU,515,536,505,536,1829,958698
2016-06-23,SINDU,536,541,536,538,2350,1267600
2016-06-26,SINDU,538,548,528,548,8570,4604773
2016-06-27,SINDU,548,558,538,538,500,272800
2016-06-30,SINDU,538,535,535,535,100,53500
2016-07-03,SINDU,535,536,535,536,1000,535700
2016-07-04,SINDU,536,546,530,530,2579,1374825
2016-07-05,SINDU,530,535,527,535,728,387256
2016-07-06,SINDU,535,541,525,535,3016,1619950
2016-07-10,SINDU,535,588,536,588,9655,5533138
2016-07-11,SINDU,588,644,590,615,9490,5883557
2016-07-12,SINDU,615,612,580,590,5124,3032300
2016-07-13,SINDU,590,601,585,590,1447,858886
2016-07-14,SINDU,590,595,580,580,1157,677450
2016-07-17,SINDU,580,605,580,602,3197,1907621
2016-07-18,SINDU,602,603,590,595,4111,2461199
2016-07-19,SINDU,595,600,590,590,2136,1271321
2016-07-20,SINDU,590,649,596,639,17734,11005840
2016-07-21,SINDU,639,700,648,681,30266,20311656
2016-07-25,SINDU,391,430,398,422,1570,645520
2016-07-26,SINDU,422,464,430,464,1791,819870
2016-07-27,SINDU,464,510,473,510,3871,1936026
2016-07-28,SINDU,510,510,485,485,1623,813843
2016-07-31,SINDU,485,476,467,469,435,204149
2016-08-01,SINDU,469,475,470,472,1006,475800
2016-08-02,SINDU,472,470,447,447,743,340360
2016-08-03,SINDU,447,447,439,439,190,84530
2016-08-04,SINDU,439,432,432,432,50,21600
2016-08-07,SINDU,432,425,420,420,332,140540
2016-08-10,SINDU,420,425,417,422,3292,1391096
2016-08-11,SINDU,422,425,411,411,1873,779737
2016-08-14,SINDU,411,403,403,403,60,24180
2016-08-15,SINDU,403,395,380,380,1150,438200
2016-08-16,SINDU,380,381,380,381,886,337536
2016-08-17,SINDU,381,388,381,381,110,41980
2016-08-21,SINDU,381,396,388,396,1250,493380
2016-08-22,SINDU,396,390,383,383,650,251750
2016-08-23,SINDU,383,381,380,381,800,304300
2016-08-24,SINDU,381,392,384,386,1910,743450
2016-08-28,SINDU,386,380,380,380,1100,418000
2016-08-29,SINDU,380,418,387,418,5943,2406605
2016-08-30,SINDU,418,459,426,459,3380,1540220
2016-08-31,SINDU,459,504,468,504,12189,6031386
2016-09-01,SINDU,504,525,491,491,8524,4325112
2016-09-03,SINDU,491,490,454,470,1251,589931
2016-09-05,SINDU,470,488,479,488,217,104096
2016-09-06,SINDU,488,488,480,480,470,227480
2016-09-08,SINDU,480,471,453,453,1108,509944
2016-09-11,SINDU,453,450,441,449,1855,827650
2016-09-12,SINDU,449,457,448,448,775,349515
2016-09-14,SINDU,448,465,450,464,2958,1346543
2016-09-18,SINDU,464,510,473,510,6556,3309860
2016-09-20,SINDU,510,560,505,520,8970,4752019
2016-09-21,SINDU,520,520,510,510,1399,718785
2016-09-22,SINDU,510,510,500,501,989,495885
2016-09-25,SINDU,501,493,482,482,1150,562700
2016-09-27,SINDU,482,476,465,465,2575,1220675
2016-09-29,SINDU,465,483,474,483,90,43020
2016-10-02,SINDU,483,480,471,471,200,95100
2016-10-03,SINDU,471,480,480,480,75,36000
2016-10-04,SINDU,480,471,470,470,600,282100
2016-10-05,SINDU,470,465,456,456,170,77970
2016-10-06,SINDU,456,470,463,470,463,216319
2016-10-16,SINDU,470,472,472,472,50,23600
2016-10-17,SINDU,472,470,470,470,100,47000
2016-10-19,SINDU,470,462,446,450,1307,592328
2016-10-23,SINDU,415,423,422,422,625,263875
2016-10-25,SINDU,422,425,425,425,50,21250
2016-10-26,SINDU,425,417,417,417,260,108420
2016-10-27,SINDU,417,437,417,437,182,76454
2016-11-03,SINDU,437,440,430,440,486,211470
2016-11-07,SINDU,440,441,441,441,1254,553014
2016-11-08,SINDU,441,449,433,433,385,167585
2016-11-09,SINDU,433,426,425,425,583,248258
2016-11-10,SINDU,425,430,422,426,700,298200
2016-11-14,SINDU,426,432,431,432,100,43180
2016-11-15,SINDU,432,435,427,427,345,147850
2016-11-16,SINDU,427,425,400,412,635,260320
2016-11-17,SINDU,412,404,389,389,660,265340
2016-11-20,SINDU,389,382,382,382,100,38200
2016-11-21,SINDU,382,389,382,382,150,58000
2016-11-24,SINDU,382,382,382,382,20,7640
2016-11-30,SINDU,382,389,389,389,610,237290
2016-12-01,SINDU,389,396,382,382,570,221100
2016-12-05,SINDU,382,375,347,347,825,295035
2016-12-15,SINDU,347,341,341,341,40,13640
2017-02-15,SINDU,341,341,341,341,300,102300
2017-02-22,SINDU,341,335,335,335,10,3350
2017-02-23,SINDU,335,329,329,329,100,32900
2017-02-26,SINDU,329,323,307,307,500,155600
2017-02-28,SINDU,307,301,277,277,940,272440
2017-03-01,SINDU,277,272,250,250,4555,1163780
2017-03-02,SINDU,250,255,250,252,1391,348882
2017-03-05,SINDU,252,267,257,260,430,112860
2017-03-06,SINDU,260,255,240,240,3700,904540
2017-03-07,SINDU,240,243,239,239,1750,420250
2017-03-09,SINDU,239,237,233,233,300,70440
2017-03-13,SINDU,233,230,226,226,550,125440
2017-03-14,SINDU,226,234,230,234,592,136404
2017-03-16,SINDU,234,237,234,237,329,77586
2017-03-19,SINDU,237,233,229,229,1898,437534
2017-03-20,SINDU,229,244,233,244,430,103140
2017-03-21,SINDU,244,255,245,253,2171,543266
2017-03-22,SINDU,253,272,253,267,891,235180
2017-03-23,SINDU,267,267,248,248,3342,854054
2017-03-26,SINDU,248,272,252,268,6652,1792814
2017-03-28,SINDU,268,293,273,293,758,213368
2017-03-29,SINDU,293,322,298,321,7484,2343062
2017-03-30,SINDU,321,322,303,305,3783,1191475
2017-04-02,SINDU,305,317,311,317,1645,514151
2017-04-03,SINDU,317,331,319,319,8321,2707322
2017-04-04,SINDU,319,324,307,307,2656,845842
2017-04-06,SINDU,307,335,301,335,7962,2484996
2017-04-09,SINDU,335,365,325,355,11030,3793482
2017-04-10,SINDU,355,390,355,383,6986,2578827
2017-04-11,SINDU,383,390,362,372,6917,2570166
2017-04-12,SINDU,372,409,379,409,15717,6348596
2017-04-13,SINDU,409,420,401,410,11943,4921291
2017-04-16,SINDU,410,440,412,415,4775,2019028
2017-04-18,SINDU,415,411,395,395,590,235540
2017-04-19,SINDU,395,410,392,408,5313,2138446
2017-04-20,SINDU,408,419,406,406,3663,1505651
2017-04-23,SINDU,406,430,391,399,4816,1953068
2017-04-24,SINDU,399,403,387,388,2922,1148378
2017-04-25,SINDU,388,410,395,400,6374,2554108
2017-04-26,SINDU,400,405,392,400,3034,1214176
2017-04-27,SINDU,400,400,395,395,199,79100
2017-04-30,SINDU,395,390,388,390,700,272800
2017-05-02,SINDU,390,387,377,383,3911,1497735
2017-05-03,SINDU,383,387,375,387,3174,1194070
2017-05-04,SINDU,387,394,394,394,10,3940
2017-05-07,SINDU,394,388,367,370,510,191400
2017-05-08,SINDU,370,384,375,375,1266,479858
2017-05-09,SINDU,375,389,382,389,6555,2528809
2017-05-11,SINDU,389,397,385,395,2881,1125285
2017-05-15,SINDU,395,418,389,400,3567,1429705
2017-05-16,SINDU,400,396,392,392,9382,3703344
2017-05-17,SINDU,392,390,378,378,1220,472760
2017-05-18,SINDU,378,385,378,380,633,240840
2017-05-21,SINDU,380,385,385,385,10,3850
2017-05-22,SINDU,385,392,381,392,488,187536
2017-05-23,SINDU,392,399,386,388,3119,1219364
2017-05-24,SINDU,388,392,390,391,479,187210
2017-05-28,SINDU,391,390,385,385,1200,465200
2017-05-30,SINDU,385,385,375,375,1003,379855
2017-05-31,SINDU,375,382,368,382,1533,573190
2017-06-01,SINDU,382,381,374,374,562,213110
2017-06-04,SINDU,374,368,368,368,100,36800
2017-06-05,SINDU,368,382,362,382,76,28292
2017-06-06,SINDU,382,389,377,378,1711,650038
2017-06-07,SINDU,378,377,371,371,2896,1085636
2017-06-08,SINDU,371,371,364,371,810,297395
2017-06-11,SINDU,371,378,378,378,10,3780
2017-06-12,SINDU,378,372,372,372,100,37200
2017-06-13,SINDU,372,367,365,365,650,237500
2017-06-14,SINDU,365,365,352,352,663,238974
2017-06-15,SINDU,352,373,358,363,1914,695194
2017-06-18,SINDU,363,363,363,363,200,72600
2017-06-19,SINDU,363,356,345,345,500,175200
2017-06-20,SINDU,345,351,340,350,1256,432265
2017-06-22,SINDU,350,346,334,336,4498,1534424
2017-06-25,SINDU,336,369,342,358,933,336423
2017-06-27,SINDU,358,365,365,365,10,3650
2017-06-28,SINDU,365,360,350,350,1201,426144
2017-07-06,SINDU,350,384,357,364,4723,1716542
2017-07-09,SINDU,364,370,364,364,2340,856990
2017-07-10,SINDU,364,365,364,364,270,98422
2017-07-12,SINDU,364,371,364,366,993,366516
2017-07-16,SINDU,366,369,369,369,200,73800
2017-07-18,SINDU,369,362,362,362,165,59730
2017-07-19,SINDU,362,377,361,372,1277,464663
2017-07-20,SINDU,372,370,365,365,260,95900
2017-07-30,SINDU,365,358,338,350,2804,965442
2017-07-31,SINDU,350,355,343,355,1010,355340
2017-08-01,SINDU,355,351,343,351,3232,1120426
2017-08-02,SINDU,351,350,346,350,2023,704050
2017-08-03,SINDU,350,357,350,350,30,10570
2017-08-07,SINDU,350,350,346,346,260,90910
2017-08-09,SINDU,346,362,352,362,30,10730
2017-08-10,SINDU,362,365,355,355,227,81804
2017-08-17,SINDU,355,362,346,347,1871,656455
2017-08-20,SINDU,347,353,341,341,7904,2740310
2017-08-21,SINDU,341,349,338,340,1400,481480
2017-08-22,SINDU,340,340,325,334,2595,857120
2017-08-23,SINDU,334,341,323,334,2849,943835
2017-08-24,SINDU,334,335,317,319,8788,2843484
2017-08-27,SINDU,222,218,206,206,428,90248
2017-08-28,SINDU,206,205,202,202,1660,336400
2017-08-30,SINDU,202,198,195,196,200,39220
2017-08-31,SINDU,196,193,187,187,270,51390
2017-09-04,SINDU,187,190,186,186,1757,328954
2017-09-06,SINDU,186,191,186,186,1778,334418
2017-09-07,SINDU,186,204,189,200,510,101990
2017-09-10,SINDU,200,198,190,190,919,179314
2017-09-11,SINDU,190,193,193,193,523,100939
2017-09-12,SINDU,193,195,191,191,244,47244
2017-09-14,SINDU,191,195,192,195,2460,475260
2017-09-17,SINDU,195,198,193,193,850,167450
2017-09-18,SINDU,193,190,186,186,242,45334
2017-09-20,SINDU,186,185,184,185,300,55400
2017-09-25,SINDU,185,185,182,185,1220,223550
2017-09-26,SINDU,185,190,185,190,1083,202467
2017-10-04,SINDU,190,187,184,184,150,27900
2017-10-09,SINDU,184,181,181,181,370,66970
2017-10-10,SINDU,181,184,179,184,645,116377
2017-10-11,SINDU,184,187,179,180,810,147890
2017-10-12,SINDU,180,185,182,185,305,55875
2017-10-15,SINDU,185,185,177,177,369,66813
2017-10-16,SINDU,177,186,180,186,370,66690
2017-10-17,SINDU,186,193,183,193,1185,221737
2017-10-18,SINDU,193,199,190,199,1725,332444
2017-10-22,SINDU,199,200,193,193,590,115030
2017-10-23,SINDU,193,190,190,190,200,38000
2017-10-24,SINDU,190,188,185,186,261,48745
2017-10-25,SINDU,186,185,185,185,1000,185000
2017-11-01,SINDU,185,182,182,182,300,54600
2017-11-02,SINDU,182,179,179,179,325,58175
2017-11-05,SINDU,179,176,176,176,135,23760
2017-11-06,SINDU,176,182,179,182,1202,215308
2017-11-07,SINDU,182,181,179,179,740,132960
2017-11-08,SINDU,179,178,176,176,450,79650
2017-11-09,SINDU,176,179,179,179,10,1790
2017-11-12,SINDU,179,176,174,174,850,149400
2017-11-13,SINDU,174,178,174,177,1160,203750
2017-11-14,SINDU,177,186,180,186,695,126360
2017-11-15,SINDU,186,189,188,188,550,103450
2017-11-16,SINDU,188,188,185,185,1050,196250
2017-11-19,SINDU,185,183,183,183,135,24705
2017-11-20,SINDU,183,180,177,177,300,53700
2017-11-22,SINDU,177,180,180,180,40,7200
2017-11-26,SINDU,180,183,177,177,607,108789
2017-11-28,SINDU,177,180,174,180,2529,448031
2017-11-29,SINDU,180,183,180,183,130,23490
2017-11-30,SINDU,183,184,180,184,750,137700
2017-12-04,SINDU,184,185,185,185,41,7585
2017-12-05,SINDU,185,182,177,177,1013,181091
2017-12-06,SINDU,177,177,177,177,84,14868
2017-12-12,SINDU,177,178,174,174,1280,223760
2017-12-18,SINDU,174,171,168,168,600,102300
2017-12-19,SINDU,168,168,164,164,4200,697600
2017-12-20,SINDU,164,175,161,175,915,149195
2017-12-21,SINDU,175,182,171,182,940,161520
2017-12-24,SINDU,182,179,164,164,2401,410548
2017-12-26,SINDU,164,167,157,160,5775,935635
2017-12-27,SINDU,160,160,150,151,7584,1160010
2017-12-28,SINDU,151,159,151,159,339,53029
2017-12-31,SINDU,159,165,162,162,150,24360
2018-01-01,SINDU,162,170,162,170,361,58964
2018-01-02,SINDU,170,171,160,163,2496,411370
2018-01-03,SINDU,163,160,160,160,100,16000
2018-01-04,SINDU,160,165,162,165,170,27650
2018-01-07,SINDU,165,168,162,165,370,60510
2018-01-08,SINDU,165,168,164,167,580,96080
2018-01-09,SINDU,167,170,155,170,1050,170700
2018-01-14,SINDU,170,167,161,164,80,13120
2018-01-16,SINDU,164,161,151,151,469,71864
2018-01-17,SINDU,151,157,150,157,737,111292
2018-01-21,SINDU,157,163,160,160,80,12870
2018-01-22,SINDU,160,157,154,155,196,30344
2018-01-23,SINDU,155,158,152,152,1730,266658
2018-01-24,SINDU,152,159,150,159,329,50547
2018-01-28,SINDU,159,162,149,149,2438,368442
2018-01-29,SINDU,149,155,151,155,430,66590
2018-01-31,SINDU,155,154,153,154,540,82660
2018-02-01,SINDU,154,156,156,156,1454,226824
2018-02-04,SINDU,156,153,153,153,20,3060
2018-02-05,SINDU,153,153,150,153,530,79800
2018-02-06,SINDU,153,160,156,160,30,4750
2018-02-07,SINDU,160,157,157,157,100,15700
2018-02-08,SINDU,157,157,157,157,20,3140
2018-02-11,SINDU,157,154,146,150,2723,402742
2018-02-12,SINDU,150,151,145,150,250,37390
2018-02-14,SINDU,150,156,147,156,1448,214460
2018-02-15,SINDU,156,156,152,152,2749,422557
2018-02-18,SINDU,150,152,149,149,2366,354359
2018-02-20,SINDU,150,153,147,147,1080,160530
2018-02-21,SINDU,146,146,146,146,195,28470
2018-02-22,SINDU,148,150,145,147,276,40638
2018-02-25,SINDU,149,149,149,149,200,29800
2018-02-27,SINDU,151,151,147,147,1490,222390
2018-02-28,SINDU,148,148,146,146,124,18152
2018-03-05,SINDU,144,144,140,144,514,73036
2018-03-06,SINDU,146,146,142,142,400,57500
2018-03-07,SINDU,142,146,142,144,147,21180
2018-03-11,SINDU,145,145,140,140,615,87285
2018-03-12,SINDU,142,144,142,144,334,47576
2018-03-13,SINDU,145,146,145,146,174,25330
2018-03-14,SINDU,148,148,146,148,366,53718
2018-03-15,SINDU,148,150,148,150,200,29800
2018-03-18,SINDU,152,152,152,152,75,11400
2018-03-20,SINDU,149,149,143,143,650,94850
2018-03-21,SINDU,141,141,139,139,440,61340
2018-03-22,SINDU,137,138,137,137,930,127510
2018-03-26,SINDU,136,136,135,135,1558,210900
2018-03-27,SINDU,134,134,132,134,1800,239200
2018-03-28,SINDU,132,134,132,133,1922,254654
2018-03-29,SINDU,135,139,135,137,250,34170
2018-04-01,SINDU,139,139,139,139,50,6950
2018-04-02,SINDU,141,141,141,141,70,9870
2018-04-03,SINDU,143,143,143,143,50,7150
2018-04-04,SINDU,145,145,145,145,20,2900
2018-04-05,SINDU,147,147,145,146,776,113226
2018-04-08,SINDU,148,152,148,152,1050,157800
2018-04-09,SINDU,152,155,152,152,500,76900
2018-04-10,SINDU,149,155,149,155,685,103805
2018-04-11,SINDU,152,152,152,152,70,10640
2018-04-12,SINDU,155,155,155,155,100,15500
2018-04-15,SINDU,158,158,158,158,80,12640
2018-04-16,SINDU,155,158,155,158,1291,200978
2018-04-17,SINDU,157,157,157,157,200,31400
2018-04-18,SINDU,160,163,156,160,1600,252164
2018-04-19,SINDU,163,165,157,157,3541,570117
2018-04-22,SINDU,160,163,160,163,162,26220
2018-04-23,SINDU,166,168,163,163,510,84350
2018-04-24,SINDU,165,165,162,162,1790,295098
2018-04-29,SINDU,159,159,159,159,10,1590
2018-05-02,SINDU,156,156,144,148,4589,665636
2018-05-03,SINDU,150,150,141,143,3122,449714
2018-05-06,SINDU,145,145,139,142,1372,193070
2018-05-07,SINDU,142,142,136,136,2488,345768
2018-05-08,SINDU,138,146,138,146,2324,327168
2018-05-09,SINDU,144,144,136,136,1627,225674
2018-05-10,SINDU,136,140,134,140,2580,350540
2018-05-14,SINDU,141,141,140,140,799,112060
2018-05-15,SINDU,140,140,135,135,1200,163250
2018-05-16,SINDU,137,137,135,137,292,39480
2018-05-17,SINDU,139,141,135,135,1684,232936
2018-05-21,SINDU,137,143,137,143,863,118891
2018-05-22,SINDU,141,141,141,141,100,14100
2018-05-27,SINDU,140,140,138,138,210,29000
2018-05-28,SINDU,136,143,135,143,946,130774
2018-05-29,SINDU,142,142,139,140,1483,207497
2018-05-30,SINDU,142,142,140,140,445,62995
2018-05-31,SINDU,142,142,138,138,70,9720
2018-06-03,SINDU,136,136,136,136,70,9520
2018-06-07,SINDU,134,134,132,132,211,28052
2018-06-13,SINDU,134,138,132,138,590,79700
2018-06-14,SINDU,136,136,136,136,520,70720
2018-06-17,SINDU,138,140,138,140,573,79574
2018-06-18,SINDU,138,144,136,144,836,115976
2018-06-21,SINDU,142,142,134,134,844,116016
2018-06-24,SINDU,135,135,130,130,1770,230450
2018-06-25,SINDU,129,130,126,126,3157,400840
2018-06-26,SINDU,128,128,122,122,2137,265498
2018-06-27,SINDU,122,127,122,127,527,65304
2018-06-28,SINDU,128,128,125,125,1500,189242
2018-07-01,SINDU,127,128,127,128,1010,128280
2018-07-02,SINDU,127,128,126,128,400,50520
2018-07-03,SINDU,128,128,128,128,500,64000
2018-07-04,SINDU,127,127,126,126,739,93214
2018-07-05,SINDU,128,132,126,132,2775,358331
2018-07-08,SINDU,127,128,127,128,90,11470
2018-07-09,SINDU,130,130,130,130,731,95030
2018-07-11,SINDU,128,134,128,134,448,58082
2018-07-12,SINDU,134,134,131,131,279,37136
2018-07-15,SINDU,133,133,133,133,50,6650
2018-07-16,SINDU,131,131,131,131,1455,190605
2018-07-17,SINDU,133,133,132,133,220,29060
2018-07-19,SINDU,132,132,132,132,10,1320
2018-07-25,SINDU,130,130,130,130,500,65000
2018-07-26,SINDU,130,130,130,130,100,13000
2018-07-29,SINDU,128,128,128,128,194,24840
2018-07-30,SINDU,130,130,130,130,10,1300
2018-08-09,SINDU,128,128,128,128,110,14080
2018-08-16,SINDU,130,130,130,130,100,13000
2018-08-19,SINDU,128,128,128,128,50,6400
2018-08-20,SINDU,126,126,116,116,3841,461433
2018-08-21,SINDU,118,121,118,121,160,19320
2018-08-22,SINDU,123,123,123,123,62,7626
2018-08-23,SINDU,125,125,125,125,160,20000
2018-08-26,SINDU,123,123,123,123,18,2214
2018-08-28,SINDU,124,124,121,123,310,38066
2018-08-29,SINDU,121,121,120,120,60,7250
2018-08-30,SINDU,122,124,120,120,180,21920
2018-09-02,SINDU,119,119,118,118,638,75722
2018-09-03,SINDU,120,124,118,118,865,104694
2018-09-04,SINDU,120,120,120,120,100,12000
2018-09-05,SINDU,120,125,120,125,1381,166760
2018-09-06,SINDU,125,125,117,119,2970,355370
2018-09-10,SINDU,117,121,117,121,279,33201
2018-09-11,SINDU,120,120,119,119,381,45620
2018-09-12,SINDU,118,119,118,118,908,107322
2018-09-13,SINDU,120,122,119,120,5056,607919
2018-09-16,SINDU,122,123,120,120,3466,420648
2018-09-17,SINDU,118,126,118,124,1980,242320
2018-09-18,SINDU,124,126,120,126,7009,858524
2018-09-20,SINDU,128,132,126,127,4344,556181
2018-09-23,SINDU,129,129,124,127,2800,351148
2018-09-25,SINDU,129,130,127,127,1700,216500
2018-09-26,SINDU,126,127,125,127,399,50219
2018-09-27,SINDU,129,129,123,123,2426,306516
2018-09-30,SINDU,122,125,122,125,1093,135337
2018-10-01,SINDU,127,127,124,124,1676,209826
2018-10-02,SINDU,126,128,126,126,700,88400
2018-10-03,SINDU,124,124,120,120,400,48400
2018-10-04,SINDU,120,120,118,119,1795,213960
2018-10-07,SINDU,117,119,117,117,1100,129700
2018-10-08,SINDU,116,117,116,117,2068,240514
2018-10-09,SINDU,118,118,117,117,70,8240
2018-10-10,SINDU,117,117,116,116,2000,233000
2018-10-11,SINDU,118,122,118,122,600,72000
2018-10-14,SINDU,124,124,124,124,50,6200
2018-10-15,SINDU,126,126,124,124,100,12500
2018-10-21,SINDU,126,126,126,126,50,6300
2018-10-22,SINDU,124,124,120,122,1150,140400
2018-10-23,SINDU,124,124,122,122,775,94850
2018-10-28,SINDU,121,122,118,118,409,49008
2018-10-30,SINDU,118,119,118,119,1846,218582
2018-10-31,SINDU,118,119,116,119,4250,497050
2018-11-01,SINDU,117,119,117,119,783,92974
2018-11-04,SINDU,117,117,115,115,433,50495
2018-11-05,SINDU,113,120,113,119,2149,248453
2018-11-06,SINDU,119,117,115,117,50,5850
2018-11-11,SINDU,117,117,115,117,77,8955
2018-11-13,SINDU,119,120,117,120,1340,158290
2018-11-14,SINDU,121,122,120,120,900,108950
2018-11-15,SINDU,122,122,122,122,260,31720
2018-11-19,SINDU,121,122,121,121,50,6050
2018-11-20,SINDU,119,121,119,119,10,1190
2018-11-22,SINDU,120,120,120,120,25,3000
2018-11-26,SINDU,120,120,120,120,40,4800
2018-11-29,SINDU,118,121,118,118,1040,122920
2018-12-02,SINDU,120,120,120,120,50,6000
2018-12-03,SINDU,120,120,120,120,15,1800
2018-12-04,SINDU,122,122,120,120,125,15210
2018-12-05,SINDU,118,118,118,118,50,5900
2018-12-06,SINDU,118,118,118,118,100,11800
2018-12-09,SINDU,120,120,120,120,50,6000
2018-12-10,SINDU,120,122,120,120,1110,133290
2018-12-11,SINDU,120,120,120,120,40,4800
2018-12-13,SINDU,120,120,120,120,520,62400
2018-12-18,SINDU,118,118,116,116,1030,119600
2018-12-19,SINDU,118,120,118,120,150,17800
2018-12-20,SINDU,118,120,116,116,1207,141032
2018-12-23,SINDU,118,123,118,123,2012,240684
2018-12-24,SINDU,125,125,120,120,2064,252823
2018-12-26,SINDU,122,122,120,120,210,25600
2018-12-27,SINDU,118,120,118,120,974,115172
2018-12-30,SINDU,122,122,119,121,545,65455
2018-12-31,SINDU,121,122,115,117,2301,268359
2019-01-01,SINDU,122,123,122,123,594,72968
2019-01-02,SINDU,125,125,123,123,102,12650
2019-01-03,SINDU,129,129,129,129,10,1290
2019-01-06,SINDU,127,127,123,123,510,63530
2019-01-07,SINDU,121,121,117,120,1000,118880
2019-01-08,SINDU,118,120,118,120,550,65000
2019-01-09,SINDU,114,120,114,118,1307,154472
2019-01-10,SINDU,120,122,118,120,800,95400
2019-01-13,SINDU,119,120,118,120,1200,142300
2019-01-14,SINDU,120,124,120,124,489,59884
2019-01-15,SINDU,126,126,124,125,1100,137500
2019-01-16,SINDU,127,127,127,127,150,19050
2019-01-17,SINDU,125,125,125,125,300,37500
2019-01-21,SINDU,123,127,123,123,1526,189983
2019-01-23,SINDU,125,125,124,124,190,23660
2019-01-24,SINDU,122,122,118,121,850,101460
2019-01-27,SINDU,123,123,123,123,50,6150
2019-01-28,SINDU,123,127,123,127,163,20389
2019-01-31,SINDU,125,127,125,125,400,50048
2019-02-06,SINDU,126,126,126,126,2380,299880
2019-02-13,SINDU,132,132,130,130,100,13100
2019-02-20,SINDU,131,132,131,132,1817,239344
2019-02-27,SINDU,138,138,138,138,30,4140
2019-03-03,SINDU,136,136,126,126,1648,209626
2019-03-05,SINDU,124,124,116,116,6062,709326
2019-03-06,SINDU,116,118,115,116,2453,284698
2019-03-07,SINDU,116,120,116,118,360,42840
2019-03-10,SINDU,118,118,118,118,780,92040
2019-03-11,SINDU,119,119,115,117,1906,221560
2019-03-12,SINDU,119,123,119,123,830,100050
2019-03-13,SINDU,123,123,119,119,690,83870
2019-03-14,SINDU,120,121,119,121,1333,160323
2019-03-17,SINDU,124,132,124,132,5071,644859
2019-03-18,SINDU,138,138,138,138,10,1380
2019-03-19,SINDU,144,144,144,144,15,2160
2019-03-27,SINDU,142,142,142,142,20,2840
2019-04-03,SINDU,140,140,128,135,33595,4312300
2019-04-04,SINDU,133,142,133,142,3666,503213
2019-04-07,SINDU,140,140,129,132,1424,187963
2019-04-08,SINDU,132,134,128,128,3380,440474
2019-04-09,SINDU,126,135,126,135,829,107117
2019-04-10,SINDU,137,137,130,130,832,112550
2019-04-11,SINDU,130,132,126,130,2223,285064
2019-04-15,SINDU,131,131,129,130,693,89893
2019-04-16,SINDU,132,134,129,129,743,97377
2019-04-17,SINDU,128,132,127,132,3168,407966
2019-04-21,SINDU,132,134,132,132,1084,144010
2019-04-22,SINDU,132,132,128,128,1426,183444
2019-04-23,SINDU,130,132,126,132,978,125958
2019-04-24,SINDU,134,136,127,132,4681,606705
2019-04-25,SINDU,132,134,130,130,3250,430250
2019-04-28,SINDU,132,136,132,136,2261,300252
2019-04-29,SINDU,138,140,136,136,1839,253524
2019-05-02,SINDU,134,134,130,130,676,90298
2019-05-05,SINDU,130,132,128,128,535,69164
2019-05-06,SINDU,130,130,129,129,205,26550
2019-05-07,SINDU,131,135,131,135,1749,230300
2019-05-08,SINDU,134,134,130,130,328,43480
2019-05-09,SINDU,132,132,132,132,11,1452
2019-05-12,SINDU,130,130,128,129,260,33680
2019-05-13,SINDU,131,132,127,132,2675,345554
2019-05-14,SINDU,131,138,131,136,9543,1284861
2019-05-15,SINDU,138,138,136,136,264,36332
2019-05-16,SINDU,136,138,130,136,12751,1696806
2019-05-19,SINDU,137,140,134,140,7778,1058556
2019-05-20,SINDU,140,153,140,153,21910,3163282
2019-05-21,SINDU,150,150,141,145,6951,1019873
2019-05-22,SINDU,150,155,150,152,91,13825
2019-05-23,SINDU,149,149,144,144,1258,183896
2019-05-26,SINDU,142,142,137,138,6430,885450
2019-05-27,SINDU,132,143,132,143,3888,540540
2019-05-28,SINDU,141,147,139,147,4599,658638
2019-05-29,SINDU,149,149,143,146,2112,305122
2019-05-30,SINDU,148,150,142,144,8837,1271485
2019-06-02,SINDU,146,146,140,140,4055,576270
2019-06-03,SINDU,138,144,138,144,976,137527
2019-06-04,SINDU,142,148,138,148,11078,1587819
2019-06-06,SINDU,150,154,145,145,16354,2421346
2019-06-10,SINDU,145,148,139,141,7779,1099202
2019-06-11,SINDU,143,145,142,142,6342,905486
2019-06-12,SINDU,145,145,139,141,9329,1309043
2019-06-13,SINDU,143,143,138,138,19363,2690567
2019-06-16,SINDU,138,142,137,139,14240,1957378
2019-06-17,SINDU,138,144,136,139,14298,2006652
2019-06-18,SINDU,137,141,137,139,3270,454730
2019-06-19,SINDU,141,141,139,139,80,11220
2019-06-20,SINDU,140,140,138,138,250,34600
2019-06-23,SINDU,138,140,136,136,3720,508100
2019-06-24,SINDU,138,141,138,141,40,5600
2019-06-25,SINDU,139,141,137,139,2119,294771
2019-06-26,SINDU,137,139,136,137,6854,944003
2019-06-27,SINDU,139,141,139,141,587,81893
2019-06-30,SINDU,139,139,135,135,3160,428090
2019-07-01,SINDU,136,136,133,133,5425,729675
2019-07-02,SINDU,133,135,133,135,782,104066
2019-07-03,SINDU,137,137,135,137,1540,208644
2019-07-04,SINDU,138,138,136,138,1025,139440
2019-07-07,SINDU,140,140,136,140,4620,637286
2019-07-08,SINDU,138,142,138,140,1764,243640
2019-07-09,SINDU,138,138,138,138,31,4278
2019-07-10,SINDU,140,140,134,138,9743,1332662
2019-07-11,SINDU,140,142,138,138,9540,1340550
2019-07-14,SINDU,140,140,135,137,1862,252307
2019-07-15,SINDU,135,138,135,138,90,12201
2019-07-16,SINDU,144,144,144,144,10,1440
2019-07-17,SINDU,142,142,140,140,730,102220
2019-07-21,SINDU,140,140,140,140,150,21000
2019-07-22,SINDU,138,138,136,136,1425,193930
2019-07-23,SINDU,138,138,136,138,220,30340
2019-07-24,SINDU,140,140,138,140,520,72300
2019-07-30,SINDU,138,138,136,136,634,87324
2019-07-31,SINDU,138,138,134,136,1470,199780
2019-08-01,SINDU,136,136,134,135,2365,319385
2019-08-04,SINDU,135,135,134,134,1352,181318
2019-08-05,SINDU,136,136,133,133,1760,234460
2019-08-06,SINDU,135,135,132,134,2568,340574
2019-08-07,SINDU,132,132,130,132,1657,218484
2019-08-08,SINDU,134,134,134,134,210,28140
2019-08-11,SINDU,135,137,132,132,852,113303
2019-08-12,SINDU,134,134,132,134,4115,551126
2019-08-13,SINDU,134,134,132,132,511,68252
2019-08-14,SINDU,132,134,131,131,1436,190816
2019-08-15,SINDU,133,133,131,131,3271,433242
2019-08-18,SINDU,133,133,130,130,2064,268404
2019-08-19,SINDU,132,134,132,132,2572,339544
2019-08-20,SINDU,134,134,134,134,10,1340
2019-08-21,SINDU,133,133,129,129,135,17495
2019-08-22,SINDU,128,128,128,128,50,6400
2019-08-25,SINDU,128,132,128,132,964,123452
2019-08-26,SINDU,130,130,128,128,651,84610
2019-08-27,SINDU,130,136,130,136,162,21604
2019-08-29,SINDU,138,138,138,138,50,6900
2019-09-01,SINDU,136,136,136,136,10,1360
2019-09-02,SINDU,134,134,134,134,50,6700
2019-09-03,SINDU,136,136,129,135,3627,474198
2019-09-08,SINDU,133,133,125,125,220,27880
2019-09-09,SINDU,125,128,123,126,3650,455500
2019-09-10,SINDU,128,130,126,126,1335,169338
2019-09-11,SINDU,126,126,126,126,20,2520
2019-09-12,SINDU,128,128,124,124,1644,205937
2019-09-15,SINDU,126,128,126,128,20,2540
2019-09-16,SINDU,129,129,126,126,260,32840
2019-09-17,SINDU,124,126,120,120,3356,417186
2019-09-18,SINDU,121,132,121,132,250,31510
2019-09-19,SINDU,133,133,130,130,185,24415
2019-09-22,SINDU,132,132,132,132,10,1320
2019-09-23,SINDU,130,130,130,130,10,1300
2019-09-25,SINDU,131,131,131,131,10,1310
2019-09-26,SINDU,131,131,127,127,9140,1196940
2019-09-29,SINDU,125,125,119,119,3430,415270
2019-09-30,SINDU,118,124,118,124,1359,163502
2019-10-01,SINDU,122,122,120,121,5140,618160
2019-10-02,SINDU,123,125,123,125,30,3710
2019-10-03,SINDU,127,129,125,127,1399,177323
2019-10-14,SINDU,125,125,124,124,295,36775
2019-10-15,SINDU,124,125,124,125,411,51164
2019-10-16,SINDU,124,124,123,123,2234,275282
2019-10-17,SINDU,124,124,123,123,1050,129550
2019-10-20,SINDU,125,125,123,123,210,25850
2019-10-21,SINDU,123,123,121,121,650,79150
2019-10-22,SINDU,119,124,119,124,481,57619
2019-10-23,SINDU,126,126,126,126,10,1260
2019-10-24,SINDU,126,126,126,126,100,12600
2019-10-31,SINDU,128,130,128,128,30,3860
2019-11-03,SINDU,126,126,126,126,10,1260
2019-11-04,SINDU,128,128,124,124,30,3780
2019-11-07,SINDU,126,126,126,126,10,1260
2019-11-10,SINDU,124,124,122,122,352,43064
2019-11-11,SINDU,124,127,122,127,1402,174027
2019-11-13,SINDU,129,129,127,127,60,7640
2019-11-17,SINDU,129,129,129,129,10,1290
2019-11-18,SINDU,130,130,126,126,40,5100
2019-11-19,SINDU,124,124,116,116,1196,141456
2019-11-20,SINDU,118,124,118,120,3849,461560
2019-11-21,SINDU,122,126,122,122,350,43000
2019-11-25,SINDU,122,122,122,122,30,3660
2019-11-26,SINDU,120,120,118,118,64,7642
2019-11-27,SINDU,118,124,118,124,45,5430
2019-11-28,SINDU,126,126,126,126,40,5040
2019-12-01,SINDU,128,128,128,128,10,1280
2019-12-02,SINDU,130,130,130,130,10,1300
2019-12-03,SINDU,132,134,130,130,208,27120
2019-12-04,SINDU,128,128,124,124,170,21580
2019-12-05,SINDU,122,122,120,120,1195,143450
2019-12-08,SINDU,119,122,118,122,3992,472280
2019-12-09,SINDU,124,125,124,125,300,37240
2019-12-10,SINDU,126,129,119,121,3140,386554
2019-12-11,SINDU,123,125,123,124,380,46880
2019-12-12,SINDU,126,126,122,126,730,89740
2019-12-15,SINDU,128,133,126,133,3677,470761
2019-12-16,SINDU,135,135,135,135,20,2700
2019-12-17,SINDU,137,137,137,137,10,1370
2019-12-18,SINDU,135,145,135,138,35874,4985637
2019-12-19,SINDU,137,137,130,133,9391,1236721
2019-12-22,SINDU,134,135,131,133,1056,141388
2019-12-23,SINDU,132,133,132,132,855,113521
2019-12-24,SINDU,132,137,132,135,8064,1083718
2019-12-25,SINDU,136,137,132,133,3901,522292
2019-12-26,SINDU,135,135,135,135,80,10800
2019-12-29,SINDU,135,136,135,135,1563,211265
2019-12-30,SINDU,136,136,131,131,5220,694113
2019-12-31,SINDU,133,134,132,132,9303,1230505
2020-01-01,SINDU,118,119,116,118,3211,377348
2020-01-02,SINDU,119,119,117,117,2142,251536
2020-01-05,SINDU,117,118,117,117,2505,294259
2020-01-06,SINDU,119,122,118,122,7228,867673
2020-01-07,SINDU,124,124,120,121,2195,268280
2020-01-08,SINDU,120,127,120,123,980,118520
2020-01-09,SINDU,122,123,122,123,833,102226
2020-01-12,SINDU,122,126,121,121,5426,672121
2020-01-13,SINDU,123,132,123,128,12535,1590915
2020-01-14,SINDU,126,128,124,128,170,21420
2020-01-15,SINDU,130,132,126,132,4081,531344
2020-01-16,SINDU,134,138,134,135,28444,3868056
2020-01-19,SINDU,137,145,137,145,14466,2028372
2020-01-20,SINDU,146,147,138,140,3071,443016
2020-01-21,SINDU,142,142,131,135,5919,795033
2020-01-22,SINDU,133,133,131,131,800,105140
2020-01-23,SINDU,133,133,128,128,7044,919002
2020-01-26,SINDU,129,129,126,127,6190,788207
2020-01-27,SINDU,128,132,126,132,1880,240870
2020-01-28,SINDU,130,132,128,128,9468,1220730
2020-01-29,SINDU,128,128,127,128,1250,159950
2020-01-30,SINDU,128,132,128,128,4834,622236
2020-02-02,SINDU,130,132,130,132,878,115160
2020-02-03,SINDU,134,134,130,133,5460,720575
2020-02-04,SINDU,135,143,134,135,12733,1755750
2020-02-05,SINDU,135,137,134,137,2742,372390
2020-02-06,SINDU,135,137,134,136,4589,620071
2020-02-09,SINDU,138,140,130,132,5205,702026
2020-02-10,SINDU,130,136,130,135,1680,223870
2020-02-11,SINDU,134,136,134,135,4496,609066
2020-02-12,SINDU,137,137,135,135,2600,353400
2020-02-13,SINDU,133,134,132,134,1966,261829
2020-02-16,SINDU,135,135,130,133,7811,1026922
2020-02-17,SINDU,135,135,131,133,3420,452559
2020-02-18,SINDU,132,139,131,136,11821,1592751
2020-02-19,SINDU,135,138,134,136,26499,3561486
2020-02-20,SINDU,135,141,135,140,9737,1354107
2020-02-23,SINDU,142,147,138,147,18513,2637277
2020-02-24,SINDU,149,158,145,145,12198,1838632
2020-02-25,SINDU,145,147,144,147,4017,584472
2020-02-26,SINDU,154,154,146,146,13073,1936567
2020-02-27,SINDU,144,153,144,150,13166,1954833
2020-03-01,SINDU,150,153,144,144,29557,4385076
2020-03-02,SINDU,142,142,138,140,8525,1203200
2020-03-03,SINDU,138,144,138,144,1461,204378
2020-03-04,SINDU,146,146,131,132,3455,465585
2020-03-05,SINDU,130,132,130,130,1820,237720
2020-03-11,SINDU,130,140,130,140,1230,166460
2020-03-12,SINDU,138,138,128,130,17567,2320210
2020-03-15,SINDU,130,134,127,131,7885,1026160
2020-03-16,SINDU,133,135,125,130,4051,527462
2020-03-17,SINDU,128,130,124,130,1970,247667
2020-03-18,SINDU,128,134,126,134,5429,697651
2020-03-19,SINDU,132,132,127,127,5151,658145
2020-03-22,SINDU,129,131,125,125,1772,223424
2020-05-12,SINDU,123,123,122,122,40,4900
2020-06-29,SINDU,120,120,120,120,400,48000
2020-07-06,SINDU,120,120,120,120,105,12600
2020-07-07,SINDU,122,125,122,125,1825,224563
2020-07-08,SINDU,125,125,123,125,620,77260
2020-07-09,SINDU,125,133,125,131,4021,516573
2020-07-12,SINDU,133,135,127,135,1339,173760
2020-07-13,SINDU,133,133,125,128,2853,366872
2020-07-14,SINDU,130,132,128,132,1000,130669
2020-07-15,SINDU,132,134,132,134,2747,365218
2020-07-16,SINDU,134,134,133,133,213,28439
2020-07-20,SINDU,135,139,133,133,8684,1175234
2020-07-21,SINDU,131,134,129,129,4810,630847
2020-07-22,SINDU,129,133,129,131,195,25235
2020-07-23,SINDU,133,133,125,125,5442,696478
2020-07-26,SINDU,125,131,125,130,898,115576
2020-07-27,SINDU,131,132,128,128,1679,216176
2020-07-28,SINDU,130,131,125,130,3177,407236
2020-07-29,SINDU,129,130,126,128,580,73990
2020-07-30,SINDU,127,130,127,128,1420,181560
2020-08-02,SINDU,127,135,127,129,2926,379706
2020-08-03,SINDU,129,132,126,128,1789,229248
2020-08-05,SINDU,129,129,120,122,1709,211996
2020-08-06,SINDU,124,127,122,127,2395,298177
2020-08-09,SINDU,129,131,125,127,1322,167170
2020-08-10,SINDU,126,133,125,128,3293,420017
2020-08-11,SINDU,127,130,126,127,3363,428300
2020-08-12,SINDU,126,127,125,125,1321,166221
2020-08-13,SINDU,127,129,126,126,2110,268590
2020-08-16,SINDU,124,127,122,123,6560,813720
2020-08-17,SINDU,124,130,124,126,1841,230720
2020-08-18,SINDU,125,128,122,128,4714,588821
2020-08-19,SINDU,126,127,124,124,582,73318
2020-08-20,SINDU,125,125,124,124,154,19116
2020-08-24,SINDU,122,130,122,124,1840,231082
2020-08-25,SINDU,126,131,125,129,3234,414397
2020-08-26,SINDU,135,135,124,129,2241,287524
2020-08-27,SINDU,127,129,123,127,4873,616581
2020-08-30,SINDU,125,127,125,127,1040,130040
2020-08-31,SINDU,126,127,124,124,2898,363412
2020-09-02,SINDU,126,127,124,127,6388,800021
2020-09-03,SINDU,127,127,125,125,3344,421674
2020-09-06,SINDU,131,133,125,126,3601,456629
2020-09-07,SINDU,125,127,123,127,3382,419950
2020-09-08,SINDU,125,125,125,125,458,57250
2020-09-09,SINDU,126,127,121,127,4872,598026
2020-09-10,SINDU,128,128,123,124,1863,231022
2020-09-13,SINDU,122,130,122,126,3974,491152
2020-09-14,SINDU,125,128,125,128,3162,395906
2020-09-15,SINDU,128,130,126,126,1404,179960
2020-09-16,SINDU,126,126,124,124,1355,169070
2020-09-17,SINDU,130,136,125,135,19551,2597461
2020-09-20,SINDU,141,141,133,133,24889,3389541
2020-09-21,SINDU,132,142,132,138,11766,1630016
2020-09-22,SINDU,140,140,133,133,3897,529013
2020-09-23,SINDU,131,139,129,137,3904,516053
2020-09-24,SINDU,136,136,134,136,7105,961629
2020-09-27,SINDU,138,140,135,135,12261,1684140
2020-09-28,SINDU,137,138,135,136,7376,1004601
2020-09-29,SINDU,135,142,132,140,18846,2602376
2020-09-30,SINDU,142,153,140,150,26680,3890391
2020-10-01,SINDU,153,153,146,149,16781,2501959
2020-10-04,SINDU,151,161,151,156,39801,6234930
2020-10-05,SINDU,158,160,154,160,11474,1809361
2020-10-06,SINDU,157,160,154,160,20168,3177583
2020-10-07,SINDU,158,174,154,165,78836,12953600
2020-10-08,SINDU,168,173,164,169,80138,13547637
2020-10-11,SINDU,167,172,161,166,18883,3127188
2020-10-12,SINDU,169,177,157,170,53885,9141414
2020-10-13,SINDU,172,178,164,166,27502,4676537
2020-10-14,SINDU,163,164,160,160,6977,1126492
2020-10-15,SINDU,163,172,156,159,16307,2590504
2020-10-18,SINDU,159,160,152,155,9055,1403765
2020-10-19,SINDU,154,161,154,159,3894,611461
2020-10-20,SINDU,162,166,160,163,7833,1267427
2020-10-21,SINDU,160,167,160,160,8555,1401431
2020-10-22,SINDU,160,164,160,163,6086,991603
2020-10-28,SINDU,163,168,157,166,30440,4913650
2020-10-29,SINDU,169,170,160,160,32785,5314354
2020-11-01,SINDU,158,165,158,162,9506,1542261
2020-11-02,SINDU,159,165,159,163,6998,1126304
2020-11-03,SINDU,164,165,161,162,6298,1023084
2020-11-04,SINDU,159,162,159,160,10184,1630216
2020-11-05,SINDU,158,175,158,175,55030,9117542
2020-11-08,SINDU,178,180,164,176,87925,15355413
2020-11-09,SINDU,178,178,172,173,23106,4043617
2020-11-10,SINDU,175,175,166,172,63566,10850020
2020-11-11,SINDU,172,179,169,179,42684,7476012
2020-11-12,SINDU,180,180,172,176,41180,7186113
2020-11-18,SINDU,173,173,161,167,40900,6855782
2020-11-19,SINDU,164,169,164,167,29117,4857445
2020-11-22,SINDU,164,174,164,166,18345,3060493
2020-11-23,SINDU,166,175,164,164,18200,3027034
2020-11-24,SINDU,164,172,164,167,29169,4872412
2020-11-25,SINDU,170,173,164,169,17714,2960629
2020-11-26,SINDU,172,175,163,164,15687,2596255
2020-11-29,SINDU,167,176,164,175,35167,5983803
2020-11-30,SINDU,183,186,167,171,36345,6306844
2020-12-01,SINDU,170,173,166,166,14557,2462021
2020-12-02,SINDU,166,168,164,165,13523,2239284
2020-12-03,SINDU,165,166,164,164,4532,745638
2020-12-06,SINDU,164,167,156,156,13644,2159836
2020-12-07,SINDU,153,165,150,160,17138,2669972
2020-12-08,SINDU,168,168,157,160,7631,1219679
2020-12-09,SINDU,163,163,158,161,5128,820787
2020-12-10,SINDU,160,163,155,155,12340,1938546
2020-12-13,SINDU,155,158,154,157,11158,1732436
2020-12-14,SINDU,156,172,156,166,10185,1617648
2020-12-15,SINDU,169,169,159,159,2337,376444
2020-12-16,SINDU,162,165,156,159,10051,1582608
2020-12-17,SINDU,160,162,156,156,2809,441549
2020-12-20,SINDU,153,153,148,149,11451,1718976
2020-12-21,SINDU,147,154,145,154,9665,1423587
2020-12-22,SINDU,157,157,152,155,7689,1181448
2020-12-23,SINDU,155,155,147,151,12285,1840243
2020-12-24,SINDU,150,153,149,149,5972,898332
2020-12-27,SINDU,151,161,150,152,8523,1329683
2020-12-28,SINDU,149,157,149,151,5538,848542
2020-12-29,SINDU,150,152,149,150,9978,1501713
2020-12-30,SINDU,150,156,148,148,3745,559460
2020-12-31,SINDU,147,151,147,151,14866,2230290
2021-01-03,SINDU,154,156,150,151,6823,1032776
2021-01-04,SINDU,152,153,150,151,9795,1480938
2021-01-05,SINDU,150,152,148,150,9965,1495133
2021-01-06,SINDU,148,159,148,155,6750,1050415
2021-01-07,SINDU,158,158,152,154,6171,947054
2021-01-10,SINDU,157,160,154,157,6531,1018454
2021-01-11,SINDU,159,161,155,158,8990,1414066
2021-01-12,SINDU,158,162,154,162,23876,3800548
2021-01-13,SINDU,165,165,158,160,25325,4066289
2021-01-17,SINDU,163,169,159,169,35869,5835592
2021-01-18,SINDU,171,172,166,170,39054,6600533
2021-01-19,SINDU,173,173,163,169,23296,3906222
2021-01-20,SINDU,171,185,168,185,184987,33472088
2021-01-21,SINDU,194,201,191,198,99610,19653348
2021-01-24,SINDU,201,204,185,201,52438,10110824
2021-01-25,SINDU,200,200,187,190,79886,15298372
2021-01-26,SINDU,190,193,184,185,23940,4458613
2021-01-27,SINDU,185,194,182,187,28615,5378919
2021-01-28,SINDU,196,196,179,185,53553,9972804
2021-01-31,SINDU,188,188,178,181,12065,2193120
2021-02-01,SINDU,183,199,180,198,112767,22007689
2021-02-02,SINDU,201,209,193,195,25068,4930265
2021-02-03,SINDU,198,198,188,191,22577,4324708
2021-02-04,SINDU,190,193,185,191,28699,5423014
2021-02-07,SINDU,192,193,187,188,18729,3551350
2021-02-08,SINDU,188,201,186,200,49152,9492811
2021-02-09,SINDU,205,205,192,195,21240,4144894
2021-02-10,SINDU,198,198,191,191,20452,3935820
2021-02-11,SINDU,200,200,191,191,26050,5041190
2021-02-14,SINDU,194,197,189,192,10768,2055099
2021-02-15,SINDU,193,196,193,195,19937,3885355
2021-02-16,SINDU,198,199,189,193,30189,5855275
2021-02-17,SINDU,196,196,191,193,12612,2430442
2021-02-18,SINDU,194,199,194,198,49279,9724868
2021-02-21,SINDU,198,199,190,195,71396,13843459
2021-02-22,SINDU,197,197,193,194,21120,4111795
2021-02-23,SINDU,192,194,189,192,11280,2155310
2021-02-24,SINDU,195,197,192,196,25416,4948381
2021-02-25,SINDU,198,198,189,191,15501,2966086
2021-02-28,SINDU,191,191,182,185,14081,2608155
2021-03-01,SINDU,185,192,182,190,8566,1613503
2021-03-02,SINDU,193,193,183,184,12436,2336961
2021-03-03,SINDU,182,185,179,184,16815,3058977
2021-03-04,SINDU,186,191,182,190,9094,1702650
2021-03-07,SINDU,192,192,183,185,18922,3498005
2021-03-09,SINDU,185,185,180,185,3070,565820
2021-03-10,SINDU,182,185,182,185,3677,677017
2021-03-14,SINDU,184,184,179,179,4896,882372
2021-03-15,SINDU,180,186,179,181,24120,4370450
2021-03-16,SINDU,184,184,179,180,4296,771225
2021-03-17,SINDU,189,189,177,181,25331,4554367
2021-03-18,SINDU,182,183,180,182,7568,1376457
2021-03-21,SINDU,182,189,182,187,14506,2692996
2021-03-22,SINDU,190,190,182,186,3299,608390
2021-03-23,SINDU,183,186,182,186,12885,2376667
2021-03-24,SINDU,183,188,183,186,21990,4065454
2021-03-25,SINDU,185,186,179,186,28175,5125068
2021-03-29,SINDU,188,190,180,185,9889,1819252
2021-03-30,SINDU,187,187,182,186,7048,1298753
2021-03-31,SINDU,187,187,183,187,13186,2447704
2021-04-01,SINDU,185,191,185,190,33996,6405335
2021-04-04,SINDU,193,196,187,189,21934,4172374
2021-04-05,SINDU,195,195,187,191,13927,2626520
2021-04-06,SINDU,189,191,186,190,19488,3673084
2021-04-07,SINDU,190,200,190,197,57084,11101444
2021-04-08,SINDU,200,204,195,204,82607,16440232
2021-04-12,SINDU,208,224,206,224,172887,37973403
2021-04-13,SINDU,235,246,230,246,246888,60093601
2021-04-15,SINDU,255,270,248,268,203014,53743268
2021-04-18,SINDU,273,273,245,265,254999,66455995
2021-04-19,SINDU,260,265,250,257,92144,23898061
2021-04-20,SINDU,257,271,257,265,89588,23808155
2021-04-21,SINDU,270,280,255,260,156828,41443861
2021-04-22,SINDU,265,286,264,286,154059,43166581
2021-04-25,SINDU,300,300,260,275,75000,20577959
2021-04-26,SINDU,270,270,250,255,35952,9335547
2021-04-27,SINDU,256,265,253,262,23904,6164194
2021-04-28,SINDU,270,270,246,251,44751,11258608
2021-04-29,SINDU,255,265,250,258,26545,6765575
2021-05-02,SINDU,258,262,253,257,35237,8984569
2021-05-03,SINDU,255,257,249,250,18849,4749145
2021-05-04,SINDU,248,249,245,249,28844,7095142
2021-05-05,SINDU,249,249,243,246,16989,4168715
2021-05-06,SINDU,243,249,242,243,11158,2732857
2021-05-09,SINDU,240,244,237,239,10246,2457553
2021-05-10,SINDU,240,244,238,240,9620,2315983
2021-05-11,SINDU,236,244,236,242,13393,3233580
2021-05-12,SINDU,242,248,233,244,34803,8423853
2021-05-13,SINDU,248,257,247,257,58039,14778620
2021-05-16,SINDU,265,282,265,277,308503,84625233
2021-05-17,SINDU,282,285,273,278,87945,24433940
2021-05-18,SINDU,278,303,273,293,102393,29211357
2021-05-19,SINDU,298,300,278,280,65740,18695830
2021-05-20,SINDU,280,288,274,286,72329,20263109
2021-05-23,SINDU,286,314,275,308,195278,58698320
2021-05-24,SINDU,314,326,294,296,172938,52500087
2021-05-25,SINDU,300,300,292,296,64988,19179304
2021-05-27,SINDU,292,323,283,304,122947,37001755
2021-05-30,SINDU,310,334,305,334,275968,89938909
2021-05-31,SINDU,350,350,319,325,149150,49970147
2021-06-01,SINDU,320,335,314,323,76282,24498471
2021-06-02,SINDU,339,350,321,342,100036,33680151
2021-06-03,SINDU,348,370,348,356,193498,69613990
2021-06-06,SINDU,356,360,334,346,92617,31760192
2021-06-07,SINDU,346,370,333,359,115596,40962008
2021-06-08,SINDU,376,394,362,394,139523,53746359
2021-06-09,SINDU,400,421,370,374,148680,57592929
2021-06-10,SINDU,380,391,363,390,100127,37383753
2021-06-13,SINDU,392,429,390,429,190025,78625090
2021-06-14,SINDU,450,469,436,448,151267,68155017
2021-06-15,SINDU,450,450,421,421,90258,38788120
2021-06-16,SINDU,421,436,392,399,91503,37297145
2021-06-17,SINDU,385,425,385,407,74149,29807627
2021-06-20,SINDU,415,415,373,393,48056,18719539
2021-06-21,SINDU,393,394,363,363,75200,27999403
2021-06-22,SINDU,363,385,352,385,82026,30744101
2021-06-23,SINDU,390,392,369,372,42152,16036484
2021-06-24,SINDU,368,372,360,362,32109,11687170
2021-06-27,SINDU,368,372,353,360,29590,10616556
2021-06-28,SINDU,366,372,352,353,14524,5225068
2021-06-29,SINDU,360,361,324,332,37310,12410552
2021-06-30,SINDU,328,342,309,339,46003,14814814
2021-07-01,SINDU,345,371,345,371,59338,21472468
2021-07-04,SINDU,378,394,372,375,71125,27120657
2021-07-05,SINDU,375,383,368,370,27704,10376718
2021-07-06,SINDU,388,388,362,365,16199,5995854
2021-07-07,SINDU,380,380,353,358,13249,4725161
2021-07-08,SINDU,358,366,351,366,12498,4529115
2021-07-11,SINDU,384,401,370,399,69806,27181565
2021-07-12,SINDU,401,420,380,390,68498,26999930
2021-07-13,SINDU,385,405,383,396,32916,12978734
2021-07-14,SINDU,392,411,389,397,23619,9375878
2021-07-15,SINDU,378,410,378,401,58690,23629046
2021-07-18,SINDU,409,441.1,409,441.1,133182,56671974.4
2021-07-19,SINDU,449,484.4,449,457,184746,86241870
2021-07-20,SINDU,452,473,444,447,73846,33295328.9
2021-07-22,SINDU,447,459,435.2,442,110319,49089483.9
2021-07-25,SINDU,450.8,450.8,433.5,436.2,55527,24293418.7
2021-07-26,SINDU,444.9,444.9,432,432,44339,19362361.3
2021-07-27,SINDU,430,462,420,450,84995,37364592.5
2021-07-28,SINDU,459,475,458,473,138401,64763012.1
2021-07-29,SINDU,481,509,481,496,257483,128462831.3
2021-08-01,SINDU,505,505,480,487,70044,34182799.4
2021-08-02,SINDU,490,495,465,479,49807,23919987.3
2021-08-03,SINDU,469.5,487,465,475,61500,28968698
2021-08-04,SINDU,484,508,480.2,507.9,249867,124204724.4
2021-08-05,SINDU,517.9,540,492,512,198365,102987943.2
2021-08-08,SINDU,522,525,505.1,512,78420,40436009.6
2021-08-09,SINDU,514,514,500,502,75376,37923385
2021-08-10,SINDU,510,552.2,501.8,552.2,228545,122252817.8
2021-08-11,SINDU,563,574,533,536,69539,37913007.9
2021-08-12,SINDU,540,567,534,557,140540,78232301.6
2021-08-15,SINDU,550,550,506.7,529,157639,82883665.9
2021-08-16,SINDU,530,567,508,559,199841,109477841.9
2021-08-17,SINDU,564,583,563,575,118013,67591674.5
2021-08-18,SINDU,586,618,563.5,593,199100,119822259.2
2021-08-19,SINDU,593,604.8,559,559,166185,96470133.7
2021-08-24,SINDU,565,565,538,538,59945,32893413.2
2021-08-25,SINDU,528,556,520,528,71874,38862298
2021-08-26,SINDU,517.5,559,517.5,549.1,72109,39654243.1
2021-08-29,SINDU,560,577,548,561,131938,74387087
2021-08-31,SINDU,550,554.8,541,542,56581,30990369.7
2021-09-01,SINDU,550,560,532.1,538,34286,18732282.8
2021-09-02,SINDU,538.1,545,510,512,39423,20554577.6
2021-09-05,SINDU,502,502,460.8,463,66128,31310164.6
2021-09-06,SINDU,460,509.3,453,509.3,54917,27041656.2
2021-09-07,SINDU,519.4,549,505,516,51051,26737960.6
2021-09-08,SINDU,506,516,497,500,33058,16626793.5
2021-09-09,SINDU,510,520,500,510,39237,19959849
2021-09-12,SINDU,520,549,515,546,55761,29931557.5
2021-09-13,SINDU,556,565,537,540,64823,35691239.5
2021-09-14,SINDU,548,548,525,538,22043,11780240
2021-09-15,SINDU,538,538,513,514,32228,16765596.1
2021-09-16,SINDU,510,515,483,498,40839,20280896.1
2021-09-20,SINDU,498,498,450,452,46772,21863462.9
2021-09-21,SINDU,452,486,414.2,460,33412,15205912.5
2021-09-22,SINDU,469,506,469,506,29136,14450136.6
2021-09-23,SINDU,516.1,526,488,497,39832,20182187.7
2021-09-26,SINDU,497,506.9,475,475,31603,15317137.4
2021-09-27,SINDU,466,475.3,450.8,451,20408,9365512.3
2021-09-28,SINDU,442,465,420.1,424.9,21201,9282574.6
2021-09-29,SINDU,425,460,415,446.7,27817,12047973.1
2021-09-30,SINDU,455.6,464,425,426,15966,7016374
2021-10-03,SINDU,418.1,421.2,409,412,13241,5507723
2021-10-04,SINDU,405,415,393.1,393.1,14031,5642153.7
2021-10-05,SINDU,400.9,416,400,410,7338,3001173.2
2021-10-06,SINDU,417,440,416,430,14914,6349852.5
2021-10-10,SINDU,438.6,459,432,432,18082,8001884
2021-10-11,SINDU,424,439,416.5,425.1,13011,5478042
2021-10-17,SINDU,433.6,434,425,434,2978,1273923.5
2021-10-18,SINDU,426,426,412,413,8677,3614892
2021-10-19,SINDU,405,405,380,398,22222,8629078.1
2021-10-20,SINDU,405.8,420,405.8,410,12900,5318956.8
2021-10-21,SINDU,418.2,418.2,393.8,399,10066,4039085
2021-10-24,SINDU,404.9,405,390,404.6,12218,4886678
2021-10-25,SINDU,412.6,438,407,432,28892,12233461
2021-10-26,SINDU,440,459,435,450,34208,15325206.1
2021-10-27,SINDU,450,459,440,445,23969,10810490.2
2021-10-28,SINDU,453,455,436,451,22260,10006139.5
2021-10-31,SINDU,460,491,453,489,30906,14712325.7
2021-11-01,SINDU,489,501,469,470,21820,10530911.6
2021-11-02,SINDU,470,495,453,477.1,24356,11602205.4
2021-11-03,SINDU,478,490,470,477,13898,6645180
2021-11-08,SINDU,477,477,460,462,8470,3933224.5
2021-11-09,SINDU,454,466,426,444,27786,12358510.5
2021-11-11,SINDU,435.2,452,427.1,429,18322,7964828.6
2021-11-14,SINDU,421.1,441,421,428,15520,6693174.9
2021-11-15,SINDU,436.5,459,436.5,458,18351,8287466
2021-11-16,SINDU,458,464,450,463,11559,5308817
2021-11-17,SINDU,466,466.1,445,449,23863,10969048.9
2021-11-18,SINDU,441,457,435,438.9,22706,10074220
2021-11-21,SINDU,447,447.6,433,435.1,16903,7374795.7
2021-11-22,SINDU,439,446.9,428.1,437.9,15163,6648246.1
2021-11-23,SINDU,430.1,434,424,429,11730,5017929.1
2021-11-24,SINDU,420.8,451,415.1,439.9,12416,5300438.9
2021-11-25,SINDU,448.6,448.6,424,432.9,13872,5961423.8
2021-11-28,SINDU,425,430,413,415,15338,6413117.7
2021-11-29,SINDU,410,429.4,407,412,9247,3849420
2021-11-30,SINDU,420.2,420.2,407,414,13163,5410323
2021-12-01,SINDU,412,417.8,410,411.5,7847,3245609.2
2021-12-02,SINDU,412,418,386.2,396,19842,7911433.6
2021-12-05,SINDU,396,400,372.4,374.1,14746,5644916.5
2021-12-06,SINDU,381.5,408,357,397.8,24046,9124149.4
2021-12-07,SINDU,405.7,410,378,378,14298,5598349.9
2021-12-08,SINDU,370.5,391,365,372,18107,6733138.5
2021-12-09,SINDU,372,372,365,367,7349,2702025
2021-12-12,SINDU,362,362,341,342,15953,5545418.6
2021-12-13,SINDU,336.9,348.8,315,322,16032,5171544.5
2021-12-14,SINDU,328.4,350,321.5,350,6440,2182358
2021-12-15,SINDU,357,375,338,350,19387,6910679
2021-12-16,SINDU,350,350,338,344,4411,1512577
2021-12-20,SINDU,338,343.9,330,343,3500,1176086.5
2021-12-21,SINDU,343,349,340,348,5860,2023190
2021-12-22,SINDU,354,370,354,364.5,12722,4608378
2021-12-23,SINDU,366,370,348.2,348.2,11009,3934293.6
2021-12-26,SINDU,355,355,348,352,12403,4359781
2021-12-27,SINDU,359,362,333.2,345,12109,4173424
2021-12-28,SINDU,338.1,349,334,340,4929,1664016.3
2021-12-29,SINDU,340,340.7,334,340,6464,2180098.5
2022-01-02,SINDU,340,344,337.6,341.9,6348,2155446.5
2022-01-03,SINDU,347,352.5,338.3,344.5,13873,4779781
2022-01-04,SINDU,351,377,344,377,39060,14043319.4
2022-01-05,SINDU,384,389,363,366,27307,10270038
2022-01-06,SINDU,365,375,361,371,16264,6034024.4
2022-01-09,SINDU,378,394.1,378,394.1,36400,14104881.5
2022-01-10,SINDU,401,408,388,402,32355,12932919.5
2022-01-11,SINDU,402,423,399,408,22261,9066085.9
2022-01-12,SINDU,412,427.5,393,397.9,27781,11251553.6
2022-01-13,SINDU,397.9,415,390,407.1,34180,13817516.4
2022-01-16,SINDU,415,447.8,415,442.9,65237,28710249.9
2022-01-17,SINDU,440,460.7,428,439,30197,13360247.9
2022-01-18,SINDU,431,443.7,415,420.5,20421,8796424.4
2022-01-19,SINDU,423,431,408,415,36853,15455912.5
2022-01-20,SINDU,415,440.9,412.1,440.9,29526,12662582.3
2022-01-23,SINDU,441,458,425,430,34048,14796289.2
2022-01-24,SINDU,422,423,407,410,48974,20234302.5
2022-01-25,SINDU,403,423,402.6,410,23867,9830850
2022-01-26,SINDU,405,413,396,405,20764,8372846.5
2022-01-27,SINDU,413,413,402.1,403,17236,7011028.8
2022-01-30,SINDU,411,435,411,434,29930,12746900.5
2022-01-31,SINDU,442.6,444,421,422.5,22696,9698553.5
2022-02-01,SINDU,416,443,416,434,29365,12649091.1
2022-02-03,SINDU,442,450,430,430,54921,24197844.6
2022-02-06,SINDU,423,432,415.5,420,16986,7160466.5
2022-02-07,SINDU,420,427,420,422.1,9732,4118385.7
2022-02-08,SINDU,430.5,440,417,417,16969,7215077
2022-02-09,SINDU,413,423,413,414,8216,3412045.1
2022-02-10,SINDU,406,428,406,423.1,43580,18345307.6
2022-02-13,SINDU,414.7,414.7,400,404,26435,10678040.9
2022-02-14,SINDU,406,412,400,400,9717,3927274.3
2022-02-15,SINDU,400,411,399,411,21994,8866045.5
2022-02-16,SINDU,410,415,401.8,402,4761,1935240
2022-02-17,SINDU,399.2,405,399.1,401,11166,4485403
2022-02-20,SINDU,393,403,386,395,20522,8072923.5
2022-02-21,SINDU,402,402,388,395,8836,3482259.5
2022-02-22,SINDU,402,404,396,399,8992,3592140.8
2022-02-23,SINDU,404.9,404.9,395,395,6089,2422542
2022-02-24,SINDU,387.1,394,381,383,15096,5825328.1
2022-02-27,SINDU,388,390,375,382.1,10821,4145934.3
2022-02-28,SINDU,376.5,389.7,372,378,9971,3789070.2
2022-03-02,SINDU,385.5,385.5,363,363.2,14454,5297112.2
2022-03-06,SINDU,363,374,362,362.6,10116,3732575
2022-03-07,SINDU,363.5,369.8,360,360,12761,4632513
2022-03-09,SINDU,360,362,356,357,7617,2725552
2022-03-10,SINDU,350,375,343,375,8578,3116621
2022-03-13,SINDU,380,393,374,393,20411,7895622.5
2022-03-14,SINDU,400.8,400.8,386,393,4968,1953784
2022-03-15,SINDU,393,397,377.1,387,9510,3672095.8
2022-03-16,SINDU,390,392.9,384,385,14355,5551947.7
2022-03-20,SINDU,386,390,381.2,382,3785,1453222.5
2022-03-21,SINDU,389,396.7,378.2,395,6351,2483624
2022-03-22,SINDU,402.9,404.9,396,396,19014,7631790.7
2022-03-23,SINDU,396,399.9,392.1,392.1,5243,2063662.5
2022-03-24,SINDU,392.4,394,384.3,384.3,7747,3014167.4
2022-03-27,SINDU,381,381,367,372,10335,3862224.1
2022-03-28,SINDU,372,378,365,365,5200,1909657
2022-03-29,SINDU,370,372,357,357.2,6113,2207572.3
2022-03-30,SINDU,364,380,358,380,8320,3077599.5
2022-03-31,SINDU,375,384,366.1,367,4612,1709841
2022-04-03,SINDU,366,366,354,363,3939,1417697.7
2022-04-04,SINDU,360,365.9,355.2,356,3286,1179934
2022-04-05,SINDU,352,361,345,356,8324,2923007
2022-04-06,SINDU,363,366,351.2,351.2,7285,2601841.8
2022-04-07,SINDU,353,365,347,356,5751,2063312
2022-04-11,SINDU,363.1,371,350,350,6674,2404237
2022-04-12,SINDU,357,357,335,346.9,6242,2139761.5
2022-04-13,SINDU,340,355,335,347.5,7558,2624773.6
2022-04-17,SINDU,354.4,360,341,341,4144,1450806.6
2022-04-18,SINDU,335,339,328,330,10165,3375290
2022-04-19,SINDU,330,346,324,335.1,5925,1999091.1
2022-04-20,SINDU,335,335,320,320,4355,1426540
2022-04-21,SINDU,315,326,313,322,6560,2090610.3
2022-04-24,SINDU,327,351.9,327,341.1,9523,3210047
2022-04-25,SINDU,341.1,350,335,338.4,8479,2902424.4
2022-04-26,SINDU,344.9,345.1,334,335.3,3794,1284733
2022-04-27,SINDU,331,342,321.5,340.9,2898,966386
2022-04-28,SINDU,345,347,329.1,330,6065,2043560.3
2022-05-02,SINDU,323.4,323.4,313.1,320,5119,1630832.3
2022-05-04,SINDU,320,324,314.1,315,5579,1777256.4
2022-05-05,SINDU,310,315,300,308,3583,1099682.5
2022-05-08,SINDU,302,312,300,312,6235,1904935.5
2022-05-09,SINDU,312,318,308,309,3176,996646
2022-05-10,SINDU,315,321,314.9,321,2913,927093.1
2022-05-11,SINDU,327,336,317.1,336,13116,4254085.3
2022-05-12,SINDU,330,338.9,321.5,321.5,10533,3483028.6
2022-05-17,SINDU,327,327,310,310,2043,646370
2022-05-18,SINDU,315,316,305,316,4979,1552224.6
2022-05-19,SINDU,316,316,305,306,8155,2531952
2022-05-20,SINDU,310,312,306,307,2094,647484
2022-05-23,SINDU,302,303.1,301.1,301.5,4358,1316281.5
2022-05-24,SINDU,300,309,300,306,2294,702285
2022-05-25,SINDU,310,310.9,308,308,925,285870
2022-05-26,SINDU,305,308,304,308,470,143080
2022-05-27,SINDU,305,305,299,304.5,4654,1405403.5
2022-05-30,SINDU,299,304,294,300,1060,315091.5
2022-05-31,SINDU,295,295,286,294,5890,1706369.2
2022-06-01,SINDU,290,296,287.5,296,1170,338784.9
2022-06-02,SINDU,299,299,291,291,2294,674691.2
2022-06-03,SINDU,290,294,284.3,285.3,5110,1469073.3
2022-06-06,SINDU,286,286.9,281,286,2625,744700
2022-06-07,SINDU,285,285,276.7,280,5145,1440665.5
2022-06-08,SINDU,283,296,281,295.9,4803,1379257.2
2022-06-09,SINDU,300,300,285.1,285.3,3890,1135655
2022-06-10,SINDU,280.1,285,280.1,281.1,3046,858147
2022-06-13,SINDU,284,284,275.6,277,560,154923
2022-06-14,SINDU,278,278,265,265,3921,1067750
2022-06-15,SINDU,261.1,261.1,251.2,252,10593,2701762
2022-06-16,SINDU,250,267.2,242.2,256,5708,1463188.9
2022-06-17,SINDU,255,255,254,254,375,95550
2022-06-19,SINDU,259,259,244.1,248,1855,456015
2022-06-20,SINDU,243.2,243.2,235,238,9348,2215839.2
2022-06-21,SINDU,242,258,242,247,7189,1802238
2022-06-22,SINDU,243,243,233.8,233.8,2966,700833.4
2022-06-23,SINDU,238,238,220.6,237.7,5798,1302684.1
2022-06-24,SINDU,242,242,227.9,235,4260,990804.6
2022-06-26,SINDU,239.7,253,236,253,9301,2265470.5
2022-06-27,SINDU,253,253,236,242,8499,2057079.5
2022-06-28,SINDU,237.3,239,234.3,239,1033,244988
2022-06-29,SINDU,240,248.3,240,248,5416,1320884.9
2022-06-30,SINDU,243.2,267,243.2,264,22062,5678463.9
2022-07-01,SINDU,269,269,255,257,6115,1592954
2022-07-03,SINDU,262,272,254,269.5,7957,2118674
2022-07-04,SINDU,274,296.4,269,280,58963,17003265.8
2022-07-05,SINDU,275,299,272,274,34504,9660381.6
2022-07-06,SINDU,274,289.1,265,284,13507,3722654.5
2022-07-07,SINDU,289.6,294.7,275.4,282.9,6450,1813054.8
2022-07-08,SINDU,277.4,277.4,271.9,272,8377,2286198.2
2022-07-11,SINDU,267,267,253,253.1,7393,1911036.1
2022-07-12,SINDU,255,267,245,255,9960,2525700
2022-07-13,SINDU,260.1,273,259,273,7856,2093287
2022-07-14,SINDU,273,278,263,265.6,6792,1842839
2022-07-15,SINDU,270,280,261,268.2,4551,1248709.5
2022-07-17,SINDU,273,284.4,273,273.5,2634,722248
2022-07-18,SINDU,270,285.4,266.2,280,7133,1976883.4
2022-07-19,SINDU,285,285,278.4,278.5,9805,2762646.1
2022-07-20,SINDU,279,290,279,283.9,16006,4537221.9
2022-07-21,SINDU,279.3,289,279.3,282,7486,2131910.4
2022-07-22,SINDU,282,282,270,275,5209,1418617.7
2022-07-24,SINDU,280,290,272.5,284.9,11356,3187483.5
2022-07-25,SINDU,290,313,290,312,54812,16535469.1
2022-07-26,SINDU,306,320,296,304,29201,8981262.8
2022-07-27,SINDU,302,325,299,320,26245,8180532.7
2022-07-28,SINDU,326.4,347.8,317.1,326,61164,20713376.3
2022-07-29,SINDU,324,343,322,340,25948,8729503.8
2022-07-31,SINDU,345,345,327.4,330,21272,7127134
2022-08-01,SINDU,325.1,336.6,324,325,29586,9742172.5
2022-08-02,SINDU,330,330,320,320,11360,3671283.1
2022-08-03,SINDU,326,328,320,323,13645,4425175.5
2022-08-04,SINDU,318,323,309.7,309.7,19281,6132679.6
2022-08-05,SINDU,313,316,300,300,12687,3919068.7
2022-08-07,SINDU,302,314.1,301.1,309,9348,2846994.5
2022-08-08,SINDU,315,321,305,310,22320,6986735.2
2022-08-09,SINDU,310,310,295,296,14908,4477267
2022-08-10,SINDU,294,299.8,290.4,290.4,8007,2365983.2
2022-08-11,SINDU,296,304,288,290,6063,1784184
2022-08-14,SINDU,290,295.8,275,280,14290,4042011.5
2022-08-15,SINDU,276.8,299.8,276.8,299.8,11950,3486816
2022-08-16,SINDU,305,309,287,290,14675,4392958.8
2022-08-17,SINDU,294,294,283.5,294,15098,4378649.6
2022-08-18,SINDU,295,313,295,307,31857,9676470.8
2022-08-21,SINDU,310,313,302,303,5112,1567315
2022-08-22,SINDU,300,302.9,296,301,7522,2244916.9
2022-08-23,SINDU,300,302.9,295,300.9,8381,2490436.6
2022-08-24,SINDU,304,315,296,314.8,60122,18477069.4
2022-08-25,SINDU,314.8,321,305,305,30329,9475350.6
2022-08-26,SINDU,300,311,299.3,303,17262,5229325
2022-08-28,SINDU,297.3,308,292.1,293,12312,3653651.4
2022-08-29,SINDU,293,300,288,296,6381,1886129.5
2022-08-30,SINDU,301.9,301.9,292,295,5013,1476549
2022-08-31,SINDU,290,296,280,290,18409,5306385
2022-09-01,SINDU,284.2,294.9,280,290,8175,2325663
2022-09-02,SINDU,290,305,290,291.5,4235,1260936
2022-09-04,SINDU,297,297.3,290,293,3631,1061230
2022-09-05,SINDU,288,295,288,295,5320,1555480
2022-09-06,SINDU,290,294.6,285,289.9,4512,1294462
2022-09-07,SINDU,290,295,278,284.9,6765,1899845.5
2022-09-08,SINDU,279.3,290,275,285,10544,2982631.5
2022-09-11,SINDU,287,287,269,278,6149,1681848.8
2022-09-12,SINDU,283.4,283.4,264,275,6944,1921884.2
2022-09-13,SINDU,274,286.9,274,278,8842,2471883.1
2022-09-14,SINDU,283,304.9,277.4,297,27580,7956449.3
2022-09-15,SINDU,302,302,279,279,17957,5144194.9
2022-09-16,SINDU,280,281.8,270,275.2,6080,1678376.2
2022-09-18,SINDU,275,275,263,264,9462,2529766
2022-09-20,SINDU,259,268,250,257,10748,2742889.2
2022-09-21,SINDU,257,269.9,257,262.9,5860,1525848.3
2022-09-22,SINDU,262.1,267,255,255,3465,906164.5
2022-09-25,SINDU,255,255,241,243,3619,896103
2022-09-27,SINDU,241,258.9,240.2,250,6259,1569865.7
2022-09-28,SINDU,250,253,242,248,4807,1178056.9
2022-09-29,SINDU,252.9,259,248,256,3163,796396.3
2022-10-09,SINDU,260,272,260,264,2215,586454
2022-10-10,SINDU,265,268,257,266,7251,1895051.7
2022-10-11,SINDU,260.7,260.7,255.5,259.8,1640,421640
2022-10-12,SINDU,255,273,250,265.8,5003,1306384.7
2022-10-13,SINDU,265,270,264,266.1,7183,1908526.6
2022-10-16,SINDU,270.9,270.9,254.6,260,3870,1008879.1
2022-10-17,SINDU,265.2,265.2,255.1,262.9,5050,1310108.5
2022-10-19,SINDU,260,260,248,254.8,6270,1575688.6
2022-10-20,SINDU,251,255,249,253,2272,569907
2022-10-23,SINDU,255,257,249.2,257,1452,364510.4
2022-10-31,SINDU,252,262,250,250,3104,795774.5
2022-11-01,SINDU,246,274.3,246,266,7085,1844621
2022-11-02,SINDU,266,277.7,261,274,7336,1980944.3
2022-11-03,SINDU,273,273,259,265,4378,1151782
2022-11-06,SINDU,260,273.5,260,270,6712,1810205
2022-11-07,SINDU,264.6,275,262,262,8279,2240997.5
2022-11-08,SINDU,266,267,262,262,7328,1931236.8
2022-11-09,SINDU,257,262,253,253,7487,1924055
2022-11-10,SINDU,248.2,262.1,248.1,260,6600,1664496
2022-11-13,SINDU,259.9,264,250,251,3735,960162
2022-11-14,SINDU,256,260,251.1,258,2821,721336
2022-11-15,SINDU,261,262.9,251,254,6580,1685233.7
2022-11-16,SINDU,251.1,261.1,251.1,256,8518,2199850.1
2022-11-17,SINDU,261,269,261,264,8416,2224393.2
2022-11-22,SINDU,264,274.5,259.1,259.3,3824,1014934.6
2022-11-23,SINDU,263,263,257,257,730,189038
2022-11-24,SINDU,257,262,254,262,3248,837806
2022-11-27,SINDU,266,271.3,262,269.7,7283,1950275.7
2022-11-28,SINDU,275,280,266,266,8036,2172295.2
2022-11-29,SINDU,269,278.8,267,272,2226,603260
2022-11-30,SINDU,277,277,264.4,264.4,2871,768201.4
2022-12-01,SINDU,269,273,259.2,263,5726,1511834.8
2022-12-04,SINDU,260,273,254.8,271.5,16052,4134909.5
2022-12-05,SINDU,266.1,266.2,260,266.2,7602,1991933
2022-12-06,SINDU,270,270,260,262,3251,861254
2022-12-07,SINDU,257,265,253.1,257.7,2488,647445
2022-12-11,SINDU,262.8,262.8,250,254.9,7366,1857269
2022-12-12,SINDU,250,259.9,249.9,253,1828,464138
2022-12-13,SINDU,258,258,253,257.9,2619,664784
2022-12-14,SINDU,263,263,258.1,263,2824,738434.1
2022-12-15,SINDU,257.8,263,253.1,263,30,7739
2022-12-18,SINDU,257.8,262.9,250,253,4033,1021432
2022-12-19,SINDU,258,263.1,250,257.8,1850,471218
2022-12-20,SINDU,260,260,250,255.9,1755,447805.2
2022-12-21,SINDU,259.9,259.9,249,258.8,5680,1434599.8
2022-12-22,SINDU,254,257,248.7,251,795,199173
2022-12-26,SINDU,251,258.9,245.1,258.8,23056,5817623.1
2022-12-27,SINDU,262.9,270,259,264,27282,7225827.6
2022-12-28,SINDU,260,265.2,259,264,5615,1477891
2022-12-29,SINDU,269,274,253.4,272,27939,7441212
2023-01-01,SINDU,276.2,285,271.1,276,27522,7616888.7
2023-01-02,SINDU,277,289.5,272,286,14301,4024100.3
2023-01-03,SINDU,291.5,295,274.4,281,12397,3555290.5
2023-01-04,SINDU,286.6,294.8,283.3,292.6,14424,4176945.8
2023-01-05,SINDU,298.4,298.4,288,291.9,20755,6055853.8
2023-01-08,SINDU,288,316.9,288,305,33825,10114748.3
2023-01-09,SINDU,305,323.7,305,317.1,29749,9384846.7
2023-01-10,SINDU,323.4,336,300.2,306.4,25483,8040175.4
2023-01-12,SINDU,300.3,316.1,290,290.4,36820,11107826.5
2023-01-17,SINDU,296,308,292.1,302,19860,6002805
2023-01-18,SINDU,302,314,296,308,18582,5697169.7
2023-01-19,SINDU,305,312,303,308,11809,3632571
2023-01-23,SINDU,302,308,290.4,296.9,16271,4829989.1
2023-01-24,SINDU,292,308,290,302,17191,5062289
2023-01-25,SINDU,302,311,293,305,15959,4878494.8
2023-01-26,SINDU,307,310,300.5,302,6188,1867640.4
2023-01-29,SINDU,296,303,295,296,6030,1797686
2023-01-30,SINDU,292.1,294,280,285.5,16062,4597871.3
2023-01-31,SINDU,285,295,280,284,10558,3037466.5
2023-02-01,SINDU,280.1,289.6,280,289.6,5777,1642357.4
2023-02-02,SINDU,284.1,289.5,278.2,284.5,3798,1067706.6
2023-02-05,SINDU,290.1,290.1,276,284,6040,1712834.9
2023-02-06,SINDU,288,288,280,280,4367,1231242.4
2023-02-07,SINDU,285.4,299.3,282,299,11333,3315987.6
2023-02-08,SINDU,304.9,308.9,290.1,299,17931,5356846.1
2023-02-09,SINDU,298.9,300,282.5,300,18153,5330961.3
2023-02-12,SINDU,294,294,284,286,20643,5940805.5
2023-02-14,SINDU,280.3,290.4,280.3,281,6900,1948294.5
2023-02-15,SINDU,286.6,286.6,276.5,280,17153,4791234.5
2023-02-16,SINDU,284.8,285,272.5,275,10930,3020400
2023-02-20,SINDU,270,279.5,268.7,268.7,5169,1405039
2023-02-22,SINDU,273,281,273,279,4477,1242706
2023-02-23,SINDU,274,275,270,270.3,3148,856570
2023-02-26,SINDU,266,275.7,261.1,275.7,8885,2381246.8
2023-02-27,SINDU,280.2,286.8,262.3,270.3,9917,2720607.2
2023-02-28,SINDU,274.7,275.7,268,273,4193,1136393.6
2023-03-01,SINDU,277,277,268,273,1614,437992
2023-03-02,SINDU,268,268.9,263,264,2701,718671.2
2023-03-05,SINDU,265,265,260,260,2070,539830
2023-03-07,SINDU,255.1,274,255.1,268.2,2655,711461
2023-03-09,SINDU,272.5,276.5,269,275,4365,1196409
2023-03-12,SINDU,273,275.4,268,271,4700,1270228.5
2023-03-13,SINDU,266,266,261,263,1661,438058
2023-03-14,SINDU,264,267.2,259,267,1910,506740
2023-03-15,SINDU,265,267,263,267,2422,639293.2
2023-03-16,SINDU,268,268,264,264,1588,421622
2023-03-19,SINDU,261.4,265.9,260.6,263,1774,464513.6
2023-03-20,SINDU,261.3,268.2,261.3,268.2,3605,958854.5
2023-03-22,SINDU,268,268,263,267,2295,605633.7
2023-03-23,SINDU,269.5,271,260,260,1412,370828
2023-03-26,SINDU,260,262,257,262,817,210669
2023-03-27,SINDU,257,265,257,265,19439,5072758
2023-03-28,SINDU,264,268,260,265,3910,1040101
2023-03-29,SINDU,259.7,268,259.7,262.7,920,240631.7
2023-03-30,SINDU,265,265,258,260,3465,897583
2023-04-02,SINDU,263,263,250,256,11250,2842330
2023-04-03,SINDU,251,254,251,253.9,550,139020
2023-04-04,SINDU,250,257.9,245,257,3572,895397
2023-04-05,SINDU,261.1,261.1,254,257,195,49729
2023-04-06,SINDU,252,261,250,254.7,1265,319862
2023-04-09,SINDU,250,250,245,248,4020,996137
2023-04-10,SINDU,246,250.9,246,250.1,1251,311456.5
2023-04-11,SINDU,252,254,250.1,252,1449,364965
2023-04-12,SINDU,255,270,255,269.7,9379,2475518.6
2023-04-13,SINDU,274,275,254.6,261.8,7910,2075905
2023-04-16,SINDU,256.6,265,256.6,262,1240,323690
2023-04-17,SINDU,257.5,257.5,252,257,3100,793179.4
2023-04-18,SINDU,261,261,251.9,255,2271,578340.4
2023-04-19,SINDU,252,260,250.5,260,2227,571285
2023-04-20,SINDU,255.1,265,255,255.1,355,91761
2023-04-23,SINDU,250,250,248,248,2972,741081
2023-04-24,SINDU,245,252.9,245,250.9,1050,261139.5
2023-04-25,SINDU,253.9,253.9,251.2,252,519,130475.8
2023-04-26,SINDU,255,257,252,254.8,2493,629663
2023-04-27,SINDU,259.4,259.4,251,255,2615,660119.5
2023-04-30,SINDU,251,255,248,251,3110,778647.1
2023-05-02,SINDU,246.5,249.9,244.1,249.9,2497,615177.7
2023-05-03,SINDU,245,248.8,244,248.8,1448,355159.9
2023-05-04,SINDU,244,252,239,250,1655,403384.6
2023-05-07,SINDU,245,253,245,251,41,10245
2023-05-08,SINDU,249,250,244.2,244.2,1330,329155
2023-05-09,SINDU,248,249,245,245,360,89140
2023-05-10,SINDU,240.2,248,236.1,236.1,1161,279917.6
2023-05-11,SINDU,231.4,239,231.4,236,1685,399076.2
2023-05-14,SINDU,235,236,232.5,236,1625,379347.5
2023-05-15,SINDU,232,237,229,237,1080,250930
2023-05-16,SINDU,232.3,236,227.7,236,750,176013
2023-05-17,SINDU,239,245.5,234.3,245,2660,635232
2023-05-18,SINDU,248.9,263,248.9,252,5023,1271855.4
2023-05-21,SINDU,257,257,249,252.7,3504,884139.5
2023-05-22,SINDU,254,254,243,252,1210,300575
2023-05-23,SINDU,255,265,255,262.5,5568,1440121
2023-05-24,SINDU,266,266,256,261,3084,798485.4
2023-05-28,SINDU,256,261.1,250.1,255,11953,3046548.4
2023-05-30,SINDU,250,250.2,242.1,247.2,6335,1561419.1
2023-05-31,SINDU,246,251,237.3,238.4,5331,1300056.1
2023-06-01,SINDU,238,250.9,233.7,243,10155,2438011.5
2023-06-04,SINDU,247.8,253.9,246,251,2494,619916
2023-06-05,SINDU,253,255,245,245,5503,1371900
2023-06-06,SINDU,247.9,249.9,247.9,249.9,1755,437318.5
2023-06-07,SINDU,253,258,248,252,6555,1655520.5
2023-06-08,SINDU,251,261,250.9,258.9,5707,1449976.2
2023-06-11,SINDU,260,272,258.8,271,16630,4434767
2023-06-12,SINDU,276,276,265.2,270.5,13764,3727754.7
2023-06-13,SINDU,273,274,267.6,273.9,6573,1782989.1
2023-06-14,SINDU,269,278,265,268,18959,5140857.5
2023-06-15,SINDU,272,272,261,261,7769,2048110
2023-06-18,SINDU,261,269,261,267.9,10132,2684677.5
2023-06-19,SINDU,273.2,286,268.1,281,19221,5350778.4
2023-06-20,SINDU,285,292.3,272,273,21798,6235913.5
2023-06-21,SINDU,272.9,280,262.7,269,5261,1433989.1
2023-06-22,SINDU,269,274.3,265,265,5480,1462317.8
2023-06-25,SINDU,270.3,279,265,277,16581,4546936.5
2023-06-26,SINDU,282.4,290,277,280,19082,5383492.5
2023-06-27,SINDU,285,290,278,287,11130,3172192.4
2023-06-28,SINDU,282.2,287,273,273,12650,3529977
2023-07-02,SINDU,273,273,264,267,11605,3103426
2023-07-03,SINDU,261.8,270,259,259.8,6262,1656940.6
2023-07-04,SINDU,264.9,265,257,265,7895,2065632
2023-07-05,SINDU,269,270.3,258,258,20933,5599655.7
2023-07-06,SINDU,263.1,263.1,251,253,5127,1316798.6
2023-07-09,SINDU,258,267.6,255,265,7510,1963974.7
2023-07-10,SINDU,265,270.3,260.2,265,3651,967683.2
2023-07-11,SINDU,270.3,288,263.2,280.1,31555,8758435.9
2023-07-12,SINDU,285.7,295,282.2,286.8,14657,4222090.2
2023-07-13,SINDU,290,291,273.1,285.3,15928,4500108.8
2023-07-16,SINDU,291,291,273.1,279,5718,1591119.3
2023-07-17,SINDU,284,287,273.5,283.5,11106,3127054.5
2023-07-18,SINDU,289,290,283,284,17888,5136610.5
2023-07-19,SINDU,279.9,288,279,284,10240,2909738
2023-07-20,SINDU,288,288,282,283.5,11747,3345774.5
2023-07-23,SINDU,288,303,282.6,302.9,35781,10532059.7
2023-07-24,SINDU,305,305,285,290,23953,7012665.7
2023-07-25,SINDU,295,295,280.4,282,12794,3628335
2023-07-26,SINDU,287.6,290,276.3,284.9,10185,2884979.9
2023-07-27,SINDU,290.5,290.5,279.3,280,8025,2269210
2023-07-30,SINDU,285.6,291.3,270,272.5,7904,2174012
2023-07-31,SINDU,277.9,279,270.1,270.1,5718,1571669.9
2023-08-01,SINDU,275.5,280.1,265.5,272,8688,2370394.3
2023-08-02,SINDU,276,276,265.1,271,8575,2340456
2023-08-03,SINDU,275,285,272,279,14471,4015725.9
2023-08-06,SINDU,280,283,266,268.9,5912,1631888.1
2023-08-07,SINDU,273,278,264,273,7269,1967983.8
2023-08-08,SINDU,275,277,264.6,274.7,4840,1308193
2023-08-09,SINDU,279.9,279.9,260,277.5,10305,2785436
2023-08-10,SINDU,283,283,272,275,5551,1540558
2023-08-13,SINDU,278,278,268.8,273.6,6895,1869631.6
2023-08-14,SINDU,277,277,265,269,3482,932281
2023-08-15,SINDU,273,273,255.1,263,975,256458
2023-08-16,SINDU,267,267,253,259.9,3295,848649.7
2023-08-17,SINDU,265,265,256,258,3235,832754.3
2023-08-20,SINDU,263.1,263.1,250,252,2837,723167
2023-08-21,SINDU,248,257.5,248,252.9,3948,992605.3
2023-08-22,SINDU,257.9,257.9,249,255,2415,607479
2023-08-23,SINDU,258,258.8,254,258.8,1866,478671.9
2023-08-24,SINDU,262,262,248,256,5448,1369945.1
2023-08-27,SINDU,255,255,245.5,249,1450,361485
2023-08-28,SINDU,253,253,245.2,247,3145,783324.5
2023-08-29,SINDU,250,250,245.1,246.2,352,87540.2
2023-08-30,SINDU,242,251.1,242,249,4685,1162221.5
2023-09-03,SINDU,253.7,253.7,241,241.4,6768,1638707.4
2023-09-04,SINDU,244,253,236.6,253,8105,1964049
2023-09-05,SINDU,255,255,242,243.3,1410,344354
2023-09-07,SINDU,244,244,238.5,238.5,4439,1071145
2023-09-10,SINDU,240,246.8,240,242,4095,995646
2023-09-11,SINDU,246.8,251.5,242,251.5,2344,578900.4
2023-09-12,SINDU,255,255,247,251.9,642,159052.8
2023-09-13,SINDU,246.9,257,246.9,257,4797,1220786
2023-09-17,SINDU,262.1,262.1,242.1,254,2050,514016
2023-09-18,SINDU,259,259,249,249,1890,474615
2023-09-19,SINDU,253.9,260,252,259,10964,2795761
2023-09-21,SINDU,263,272,260,270,10401,2765606
2023-09-24,SINDU,265,274,261,261,3104,819627
2023-09-25,SINDU,257,265,257,260,3038,788797
2023-09-26,SINDU,265.2,270,260,267,2267,599746.4
2023-09-27,SINDU,263.1,267.9,256.5,260,6186,1602105.7
2023-10-01,SINDU,255.1,259,253.9,255,3313,844366.2
2023-10-02,SINDU,259,264,250.1,258,6960,1788723
2023-10-03,SINDU,262,262,252.9,257.8,1500,385894
2023-10-04,SINDU,255,260,251,260,4151,1064425
2023-10-05,SINDU,260,260,255.3,260,438,113092.3
2023-10-08,SINDU,256,257,247.2,251,5940,1501534
2023-10-09,SINDU,247,254,246.6,246.6,4602,1141684.8
2023-10-10,SINDU,247,250,245,245,4301,1068258
2023-10-11,SINDU,245,255,242.1,249.9,1152,285972.2
2023-10-12,SINDU,252,252,243,244,6689,1637205.1
2023-10-16,SINDU,242,244.8,240,240.3,1179,285155
2023-10-17,SINDU,244,249,237,238.3,983,238638
2023-10-18,SINDU,240,246.5,239,246,3370,813157.5
2023-10-19,SINDU,249,249,242,243,3106,758210
2023-10-29,SINDU,238.3,241,238.3,241,310,74313
2023-10-30,SINDU,237.5,249.9,237.5,249.9,1545,378524.5
2023-10-31,SINDU,245.5,246,245,245,200,49066
2023-11-01,SINDU,240.6,244.9,240.2,244.9,1026,246547.2
2023-11-02,SINDU,240.1,242,237.1,238.2,964,229942.4
2023-11-05,SINDU,234,240,234,239.5,2447,582419
2023-11-06,SINDU,242.2,244.2,240,240,1649,399629
2023-11-07,SINDU,243,244,239,242,4070,986561
2023-11-08,SINDU,245,245,241,242.9,745,180497
2023-11-09,SINDU,247.7,247.7,239,239.1,2930,702384
2023-11-20,SINDU,243.8,253,241.1,241.5,1710,414557
2023-11-21,SINDU,245,245,237,238,1842,439514
2023-11-22,SINDU,242,255,240.1,245,2981,730646.1
2023-11-23,SINDU,247.8,248,244,246,1165,287586
2023-11-26,SINDU,249.9,259.8,246,254,1836,466417.8
2023-11-27,SINDU,250,257,250,251,3118,787411
2023-11-28,SINDU,256,256,252,255,1678,424505
2023-11-29,SINDU,260.1,260.1,249,249,859,216594
2023-11-30,SINDU,253.9,253.9,245,245,1255,311331.5
2023-12-03,SINDU,249.9,254.8,241,247.5,3325,821275.8
2023-12-04,SINDU,250,255,245,249.9,3835,963471.5
2023-12-05,SINDU,254.8,259.8,245.1,246,2730,690855
2023-12-06,SINDU,248,255.9,242,253.5,6975,1742427
2023-12-07,SINDU,258.5,258.5,251.4,251.4,3245,826972
2023-12-10,SINDU,256.4,261.5,256.4,261.5,86,22101.4
2023-12-11,SINDU,266.7,272,261,261,2952,781032.7
2023-12-12,SINDU,266.2,280,259,267,7605,2011463
2023-12-13,SINDU,272.2,277.6,265,268.5,12919,3497326.4
2023-12-14,SINDU,273.8,281,265,280,10799,2969265
2023-12-17,SINDU,279.9,285,275,284,14333,4017860.3
2023-12-18,SINDU,288.9,304.9,286.4,302,43864,13120571.8
2023-12-19,SINDU,308,308,289.1,299,8630,2545636.1
2023-12-20,SINDU,302.1,302.1,288,300,37925,11130247
2023-12-21,SINDU,302,302,285,287,23228,6768705.6
2023-12-24,SINDU,285,297,280.9,280.9,21889,6337482.6
2023-12-27,SINDU,286.5,286.5,276,279,8509,2388164.7
2023-12-28,SINDU,284.5,284.5,273.5,277.9,5875,1630741
2024-01-01,SINDU,283,283.4,275,279,7561,2115469.6
2024-01-02,SINDU,274.1,284.5,269,273,9531,2607203.8
2024-01-03,SINDU,278.4,278.4,272,275,6625,1819707.2
2024-01-04,SINDU,280,280,266,268,10279,2790245
2024-01-07,SINDU,271,274,265.1,271.9,12040,3244880.2
2024-01-08,SINDU,277.3,280,270,280,6315,1735875.3
2024-01-09,SINDU,282,308,282,308,90467,27229014.6
2024-01-10,SINDU,314.1,327,310.1,310.1,53787,17192247.5
2024-01-11,SINDU,316,316,304,311,29315,9112320.4
2024-01-14,SINDU,317.2,319,311,314,34847,11016441.5
2024-01-16,SINDU,310,330,310,323.3,47665,15485509.3
2024-01-17,SINDU,329,348,320,320,70619,23204307.4
2024-01-18,SINDU,314,329.9,313.8,320,21172,6808759.6
2024-01-21,SINDU,320,320,308,308,30278,9486167.6
2024-01-22,SINDU,313,315,300,303.4,19931,6092951
2024-01-23,SINDU,308,312,294,306,13193,4000454
2024-01-24,SINDU,312.1,312.1,303,303,16144,4935975
2024-01-25,SINDU,297,307.5,297,306,9959,3003673.4
2024-01-28,SINDU,309,313.1,300,311.9,15543,4817859
2024-01-29,SINDU,307,318,307,313.8,16525,5180189.8
2024-01-30,SINDU,319,319,309.3,315,12189,3826033.6
2024-01-31,SINDU,319.7,319.7,302,304,13195,4065336.9
2024-02-01,SINDU,307.9,308,294,294,15290,4628909.4
2024-02-04,SINDU,295,305,294,301,6662,1988612.5
2024-02-05,SINDU,307,311,303,310.9,9400,2899494
2024-02-06,SINDU,314.8,316.2,309,309.5,10360,3247182.3
2024-02-07,SINDU,315.6,315.6,308,310.5,9880,3063051
2024-02-08,SINDU,310,329,310,325,55638,17903125
2024-02-11,SINDU,330,344.7,327,330,53228,17838923.9
2024-02-12,SINDU,335,337,326,335.5,21366,7098108.9
2024-02-13,SINDU,335,335,319.5,322.5,48582,15734653.9
2024-02-14,SINDU,317,340,316.3,332.8,47648,15866367.6
2024-02-15,SINDU,330,338.5,325,328,22362,7467736.4
2024-02-18,SINDU,324,324,316,320,12402,3951646.8
2024-02-20,SINDU,319,322,315.1,315.4,10803,3434578.8
2024-02-21,SINDU,321.7,321.7,311.2,315.9,5959,1868462.2
2024-02-22,SINDU,318,320,310,314,11020,3477491.9
2024-02-25,SINDU,308.1,320.2,304.2,312,16187,5035155.7
2024-02-26,SINDU,316.8,329,305.8,316.5,12904,4090047.6
2024-02-27,SINDU,314.2,322,311.9,320,13684,4345571.4
2024-02-28,SINDU,322,323.3,314.1,318.1,14422,4618267.8
2024-02-29,SINDU,324,330,300,315,24746,7802167.6
2024-03-03,SINDU,315,321.3,307.7,319,9031,2840924.5
2024-03-04,SINDU,325,331,323,331,8065,2626415
2024-03-05,SINDU,325,331,318.6,330,38011,12361397.9
2024-03-06,SINDU,330,333,318,333,31671,10414337
2024-03-07,SINDU,338.9,340,334,338.1,33207,11236644.7
2024-03-10,SINDU,342,345.7,334.3,341,24195,8272167
2024-03-12,SINDU,345,347.8,339.2,341.8,24479,8401984.2
2024-03-13,SINDU,338,346,338,343,32063,10970510.9
2024-03-14,SINDU,340,349.8,337,345,25099,8621945.8
2024-03-17,SINDU,351,364.6,344,363,58448,20957514.8
2024-03-18,SINDU,370.2,375,360,373,37664,13883138.3
2024-03-19,SINDU,366,380,357,363.5,30074,11050856.9
2024-03-20,SINDU,356.4,378,350,353,24536,8824813.2
2024-03-21,SINDU,353,365,346.2,358,32370,11556989.7
2024-03-25,SINDU,360.9,364.1,350,355,17986,6378230.8
2024-03-26,SINDU,362,365,348.5,359,23155,8341666.9
2024-03-27,SINDU,366,366,352.1,355,23497,8335196.4
2024-03-28,SINDU,348.5,358,348.1,354,17844,6308451.4
2024-03-31,SINDU,360,360,345,345,18725,6567982.9
2024-04-01,SINDU,350,356,345,348,6114,2126250
2024-04-02,SINDU,354,354,339.2,342,11499,3959500.7
2024-04-03,SINDU,336.4,344.7,336,341,17525,5957311.4
2024-04-04,SINDU,345,358.9,338,343,9708,3330047.4
2024-04-07,SINDU,348,361.9,337,359.9,23197,8196951.8
2024-04-09,SINDU,367,372,361,369.9,26565,9758721.1
2024-04-10,SINDU,367,369,356,356,23454,8478109
2024-04-14,SINDU,360,368.9,351,365.3,19798,7164820.7
2024-04-15,SINDU,371,371,356.7,360,12142,4413595.3
2024-04-16,SINDU,359,374,359,365,28487,10461374.9
2024-04-18,SINDU,372.3,372.3,356.5,364,13913,5050521.7
2024-04-21,SINDU,371.2,371.2,345.1,361,25281,8871803.1
2024-04-22,SINDU,368,368,347.5,350,14897,5222537.6
2024-04-24,SINDU,346,356,345,350,11440,4002856
2024-04-25,SINDU,357,366,347,358.9,24153,8653920.1
2024-04-28,SINDU,366,374,353.7,366.9,33736,12303664.2
2024-04-29,SINDU,374,387,364.6,387,68504,26121649.4
2024-04-30,SINDU,394.7,419,390,399,69586,28200788.4
2024-05-02,SINDU,405,405,380.1,380.1,24823,9680305.6
2024-05-05,SINDU,380,387.6,368.9,368.9,39554,14944245
2024-05-06,SINDU,368,384,365,377.9,20962,7855123
2024-05-07,SINDU,385.4,385.4,368,379,10065,3805136.5
2024-05-08,SINDU,384,389,378,381,7448,2855229.3
2024-05-09,SINDU,388.6,392.7,379.3,392,32000,12389463.7
2024-05-12,SINDU,399,402,387.1,387.1,24990,9900577.5
2024-05-13,SINDU,394,404.9,380.6,391,29806,11787513.9
2024-05-14,SINDU,391,397,388,395,21115,8258998
2024-05-15,SINDU,399,405.7,386.4,389.9,20816,8228844.3
2024-05-16,SINDU,397,397,384.6,384.6,12860,4994875.7
2024-05-19,SINDU,392.2,392.2,383.1,386.1,18152,7046763.4
2024-05-20,SINDU,393.8,395,385,385,15073,5879183.7
2024-05-21,SINDU,392,399,385,395.8,11362,4457727.5
2024-05-22,SINDU,403,403,388,388,7439,2905575.7
2024-05-26,SINDU,395,395,380,380,15337,5869186.7
2024-05-27,SINDU,386,387,378,381,9745,3724317.8
2024-05-29,SINDU,388,388,373.5,379.8,8433,3185993.8
2024-05-30,SINDU,385,385,375,379,7692,2911353.9
2024-06-02,SINDU,379,384.5,374.3,379.9,10990,4153762.6
2024-06-03,SINDU,387,387,375.2,375.8,11458,4344249.9
2024-06-04,SINDU,383.3,385,377.7,385,15297,5843742.8
2024-06-05,SINDU,390,390,374.3,377,11277,4263408.9
2024-06-06,SINDU,382.8,382.8,373.3,376.4,7534,2822685.3
2024-06-09,SINDU,382.9,382.9,370.2,374.8,9824,3671255.2
2024-06-10,SINDU,368,381,368,377,12825,4801528.8
2024-06-11,SINDU,384,384,372,381,14881,5675223.7
2024-06-12,SINDU,376,390.9,376,386,20245,7795613
2024-06-13,SINDU,393.7,416,385,397.7,79466,31752717.1
2024-06-16,SINDU,401.2,403,390,390.3,31322,12459137.9
2024-06-18,SINDU,384.6,394.9,384.2,388,16847,6535210.5
2024-06-19,SINDU,395.7,395.7,383,383.1,18290,7101995
2024-06-20,SINDU,390.7,398.5,383.2,388,24289,9411423.5
2024-06-23,SINDU,380.5,395.6,380.5,390,18452,7136091.6
2024-06-24,SINDU,390,414,390,414,60641,24483979.4
2024-06-25,SINDU,419,429,417,420,39061,16559696
2024-06-26,SINDU,424.8,424.9,410,412,24196,10005467.3
2024-06-27,SINDU,417,417,396.9,408.8,24223,9823864
2024-06-30,SINDU,402,408,398,401.9,19947,8016088.4
2024-07-01,SINDU,396,410,396,409,19041,7742393.8
2024-07-02,SINDU,417,442,410,419.8,33751,14082738.6
2024-07-03,SINDU,424.9,444,415,443,60859,26350192.2
2024-07-04,SINDU,451.8,464.9,449,451.5,77080,35127614.7
2024-07-07,SINDU,452,458,441,446,31321,14049873.7
2024-07-08,SINDU,446.1,469,438,469,31444,14135906.3
2024-07-09,SINDU,469,482,461,467.9,38819,18364206.7
2024-07-10,SINDU,475,475,456.1,460,25234,11684431.5
2024-07-11,SINDU,469,469.9,458.2,460,18629,8614217
2024-07-14,SINDU,469,487.8,460,462,19378,8990602.8
2024-07-15,SINDU,466,466,449,454,20953,9515886
2024-07-16,SINDU,463,499.4,450,499.4,69567,33982410.9
2024-07-17,SINDU,509,529,509,525,80676,41977527.1
2024-07-18,SINDU,529.9,529.9,500,501,62400,31829678.4
2024-07-21,SINDU,496,514,491,505,68384,34496875.1
2024-07-22,SINDU,514.9,514.9,495.1,506,58628,29508711.5
2024-07-23,SINDU,500,519,500,509.1,41920,21430039.1
2024-07-24,SINDU,510,515.1,495.1,497,42823,21559753.9
2024-07-25,SINDU,500,510,493.2,500,49632,24763790
2024-07-28,SINDU,510,520,499,515,50184,25399878.6
2024-07-29,SINDU,515,524,500,503,45280,22997151.5
2024-07-30,SINDU,503,517.9,500,513,60833,30914700
2024-07-31,SINDU,513,545,513,530,73320,39211759.9
2024-08-01,SINDU,540.6,540.6,502.4,514,80016,41623331.5
2024-08-05,SINDU,514,520,506.1,511,40719,20853322.5
2024-08-06,SINDU,510,530,468,492,71415,36238295
2024-08-07,SINDU,501,510,487.5,503.1,31375,15730720.3
2024-08-08,SINDU,493.1,528,493.1,506,61408,31561166.1
2024-08-11,SINDU,515,532.4,515,528,66436,35045178.8
2024-08-12,SINDU,528,534,521,525.2,47556,25083542.1
2024-08-13,SINDU,530,534,515,520,44888,23559055.6
2024-08-14,SINDU,510,569,510,557,77542,42014265.4
2024-08-15,SINDU,568,603,568,570,91679,53011508.8
2024-08-18,SINDU,565,580,535.2,540,76236,42678759.4
2024-08-21,SINDU,540,594,535,594,95038,52558003.7
2024-08-22,SINDU,595,653.4,590,653.4,180301,115147780.3
2024-08-25,SINDU,666.4,702.9,624.3,630,170711,113114684.9
2024-08-27,SINDU,630,652,590.2,605,113432,70383552
2024-08-28,SINDU,610,640,595,611.5,72737,44769178.7
2024-08-29,SINDU,623.7,635,607,623,64858,40011494.1
2024-09-01,SINDU,630,630,607,608,43236,26733864.6
2024-09-02,SINDU,620.1,643,609,640,64391,40453810.2
2024-09-03,SINDU,652,704,634,704,221232,151029243
2024-09-04,SINDU,718,740,680.2,699.7,107800,76873496
2024-09-05,SINDU,686,705,667,699,69797,47576787.4
2024-09-08,SINDU,686,721,686,699,83721,58875960.5
2024-09-09,SINDU,710,712,678.2,690,41957,29024414
2024-09-10,SINDU,690,703,672.1,684,25219,17248912.9
2024-09-11,SINDU,685,690,660,674.9,31227,21060760.3
2024-09-12,SINDU,670,694,665,689,29296,19886870.2
2024-09-15,SINDU,690,690,657,665,52541,35471458.8
2024-09-16,SINDU,652,660,617.5,622,50295,32030899.6
2024-09-18,SINDU,622,624,597.5,618,41934,25553488.2
2024-09-22,SINDU,630,640,607.3,612,7100,4409892.5
2024-09-23,SINDU,599.8,605,571.4,587,26536,15611998.1
2024-09-24,SINDU,598.7,598.7,549,549,24320,13760411.1
2024-09-25,SINDU,559.9,585,541.3,583,22445,12768569.9
2024-09-26,SINDU,594.5,594.5,558,573,19895,11397252
2024-09-29,SINDU,565,575,548.8,567,21520,12039318.1
2024-09-30,SINDU,558,582,558,579,12335,7091976.4
2024-10-01,SINDU,590,628.2,581,628.2,16888,10315451.7
2024-10-02,SINDU,640.7,640.7,603.3,615,45065,27836122.4
2024-10-06,SINDU,610,655,610,655,31595,20257499.4
2024-10-07,SINDU,642,681,642,654.7,27781,18602434.6
2024-10-08,SINDU,650,660,625.5,640,19963,12852061.4
2024-10-09,SINDU,651.9,652,636.1,651,20455,13207927
2024-10-15,SINDU,638.2,664,638.2,660,3584,2364593
2024-10-16,SINDU,669,675,652.7,675,20339,13515272.6
2024-10-17,SINDU,680,685,655.1,670,15406,10305158.4
2024-10-20,SINDU,657.7,663,643,656.5,38475,25145965.7
2024-10-21,SINDU,649,680,637,666,41424,27251899.1
2024-10-22,SINDU,668,694,662,673,18003,12046923.4
2024-10-23,SINDU,674.5,679,657,667,19980,13352367.8
2024-10-24,SINDU,680,680,655,667.8,22031,14545565.5
2024-10-27,SINDU,667.8,685.5,667.8,685,37021,25109003.2
2024-10-28,SINDU,693,722,685,719.9,67660,48002771.8
2024-10-29,SINDU,723,736,723,736,32560,23841660.3
2024-10-30,SINDU,736,740,709.1,713.9,42320,30567983.8
2024-11-05,SINDU,713,715,690.2,700,29714,20876590
2024-11-06,SINDU,698.2,765,694.1,729,28248,20300516.9
2024-11-10,SINDU,729,775,729,759,62044,47032561.6
2024-11-11,SINDU,773,773,734,745,49536,37215397.2
2024-11-12,SINDU,732,807.8,732,779,74620,58785033.3
2024-11-13,SINDU,793.4,839.9,771,819,65055,52658584.5
2024-11-14,SINDU,825,881,818.1,827,54821,46182241.1
2024-11-17,SINDU,827.3,850,800.3,804.9,72250,59427531.9
2024-11-19,SINDU,810,831.3,770.3,784,65964,53184746.1
2024-11-20,SINDU,790,862.4,777,862.4,81011,67792609.6
2024-11-21,SINDU,878.8,878.8,821,827,52679,44325490.9
2024-11-24,SINDU,843.5,855,805,822,39795,32764947.7
2024-11-25,SINDU,829.9,884,817.1,842.4,56465,47585097.8
2024-11-26,SINDU,843,875.9,812,828,36941,30882248.7
2024-11-27,SINDU,820.1,910.8,817,910.8,138269,122056764.9
2024-11-28,SINDU,929,987,911,937,83767,79044803.2
2024-12-01,SINDU,918.3,1030.7,883,1030.7,136384,134195685.7
2024-12-02,SINDU,1051.3,1114.7,1010.1,1020,100356,105409701
2024-12-03,SINDU,1040,1040,965.5,1000,61783,61184564.2
2024-12-04,SINDU,999.6,1019.5,970,980,35417,34982836.5
2024-12-05,SINDU,966,995,965,970,37559,36738089.4
2024-12-08,SINDU,989.4,1050,954.7,999,73759,74443650.8
2024-12-09,SINDU,1004,1020,982,1010,28166,28226480.1
2024-12-10,SINDU,1030.2,1030.2,982,994,21970,21976621.3
2024-12-11,SINDU,1013.8,1013.8,975,989,15738,15506014.6
2024-12-12,SINDU,988,1008,940,955,29766,29028469.8
2024-12-16,SINDU,974.1,974.1,901,909,35831,33197734.2
2024-12-17,SINDU,907,925.1,875,889.7,43022,38521608.4
2024-12-18,SINDU,900,942,882,919.9,41147,37833260.2
2024-12-19,SINDU,937,937,901.6,901.6,52649,48484189.2
2024-12-22,SINDU,886,919.6,866.4,872,25855,22809280.3
2024-12-23,SINDU,854.6,906.3,854.6,892.9,22595,19905087.4
2024-12-24,SINDU,895.2,978,892.5,940,44403,41666582.5
2024-12-26,SINDU,921.2,921.2,846,846,106539,90659046.6
2024-12-29,SINDU,862,862,761.4,761.4,88981,69047338.8
2024-12-31,SINDU,746.2,746.2,685.3,697,77433,54325682.1
2025-01-01,SINDU,697,741.6,697,737.8,40182,29127973.3
2025-01-02,SINDU,746.9,811.5,717,810,73145,56659055.6
2025-01-05,SINDU,810,869,794,830,65248,54571354.2
2025-01-06,SINDU,829.8,870,814,869,61320,51768372.8
2025-01-07,SINDU,880,954.8,871.3,953.9,182779,169296798.9
2025-01-08,SINDU,972.9,1049.2,972.9,1049.2,190568,197716425.4
2025-01-09,SINDU,1070.1,1130.2,1050,1099,228964,252406428.2
2025-01-12,SINDU,1100,1208.9,1001.6,1189,177425,188027266.8
2025-01-13,SINDU,1166,1166,1070.1,1070.1,123984,133310597.2
2025-01-15,SINDU,1069.1,1096,1040.1,1084.9,184354,198473914.4
2025-01-16,SINDU,1083.9,1132.2,1042.1,1092,261564,285729441.3
2025-01-19,SINDU,1091,1140,1037.4,1093,138928,149227235.6
2025-01-20,SINDU,1071.2,1156.6,1039,1071,128676,138977692.2
2025-01-21,SINDU,1070,1071,1018.1,1030.1,86009,89436582.9
2025-01-22,SINDU,1029,1085,1029,1072.9,112313,119624210.1
2025-01-23,SINDU,1072.5,1119,1072.5,1096,156458,171693427.9
2025-01-26,SINDU,1095,1179,1074,1159,255971,292029394
2025-01-27,SINDU,1159,1192.9,1066,1138.9,262746,298379813.9
2025-01-28,SINDU,1116.2,1246.8,1072.1,1246.8,141231,159787640.5
2025-02-02,SINDU,1221.9,1340,1122.2,1248,251989,306132707.2
2025-02-03,SINDU,1223.1,1349.6,1151.4,1213,141101,168659251.1
2025-02-04,SINDU,1212,1212,1091.7,1091.7,137611,152984567.3
2025-02-05,SINDU,1069.9,1069.9,983,1068,118857,122523332.9
2025-02-06,SINDU,1070,1130,1018.6,1085,105971,114872490.8
2025-02-09,SINDU,1085.1,1095,1024.1,1024.1,61694,65057202.4
2025-02-10,SINDU,1007,1038.9,989.8,999,69061,69973569.4
2025-02-11,SINDU,999,1063.8,995,1059,77049,79896268.4
2025-02-12,SINDU,1080.1,1137,1070,1134,167459,186384170.3
2025-02-13,SINDU,1150,1192,1140,1140,166127,193083521.7
2025-02-16,SINDU,1162.8,1162.8,1087.8,1119.9,61214,68025331.6
2025-02-17,SINDU,1097.6,1119,1082.1,1093,51711,57092956.2
2025-02-18,SINDU,1073,1090,1050.6,1052,61509,65329415.8
2025-02-20,SINDU,1035,1072,1015,1033.1,35252,36760101.8
2025-02-23,SINDU,1033.1,1050,980,1044,36697,37881778.2
2025-02-24,SINDU,1044,1088.7,1009.4,1044.9,55155,58160737.52
2025-02-25,SINDU,1026,1070,1004.5,1050,59595,62362653
2025-02-27,SINDU,1070,1155,1061,1154.9,153934,170320597.5
2025-03-02,SINDU,1154.9,1270.3,1109.3,1270.3,328292,400446089.2
2025-03-03,SINDU,1295.7,1397.3,1220.1,1370,217974,278243478.4
2025-03-04,SINDU,1342.6,1482,1233,1233,361196,471388255.6
2025-03-05,SINDU,1233,1308.7,1139.8,1290,190306,229356201.7
2025-03-06,SINDU,1264.2,1264.2,1161,1259,200897,236975340
2025-03-09,SINDU,1233.9,1233.9,1133.1,1133.1,147582,168459697.6
2025-03-10,SINDU,1110.5,1178.7,1083,1115,84706,94125465.02
2025-03-11,SINDU,1133,1195,1070,1116,86263,97347197
2025-03-12,SINDU,1093.7,1141.9,1050.5,1090,63403,70082460.1
2025-03-16,SINDU,1090,1100,1033,1072.1,74455,78529449.7
2025-03-17,SINDU,1052,1088.9,1045,1046,29184,30946632.4
2025-03-18,SINDU,1048,1099.9,1038.1,1068.2,64962,69400946.3
2025-03-19,SINDU,1089,1100,1066,1089,55120,59850899.6
2025-03-20,SINDU,1110,1156.5,1067.3,1143.91,146530,166471361.7
2025-03-23,SINDU,1166.7,1224,1125,1149.55,165483,194983326.6
2025-03-24,SINDU,1148,1234.9,1090,1139.12,103255,118513407.9
2025-03-25,SINDU,1126,1142.4,1060,1062.2,81715,88569277.2
2025-03-26,SINDU,1045,1092,1030.1,1072.92,58033,61878835.8
2025-03-27,SINDU,1060,1092,1060,1075.37,32047,34535699.4
2025-03-30,SINDU,1062.6,1150,1062.6,1126.22,83209,93164270.3
2025-04-01,SINDU,1110,1168.1,1110,1138.73,101764,116660159.9
2025-04-02,SINDU,1139,1200,1120,1139.82,44168,50627525.7
2025-04-03,SINDU,1117.1,1147.9,1095,1105.59,54596,60778824.8
2025-04-07,SINDU,1106,1210,1072,1176.74,49992,56000739.8
2025-04-08,SINDU,1153.3,1247,1086.9,1201.91,115489,132704231.6
2025-04-09,SINDU,1177.9,1177.9,1088,1112.1,41786,46713577.4
2025-04-10,SINDU,1089.9,1222.4,1068.2,1200.8,116751,135854210.6
2025-04-13,SINDU,1176.8,1176.8,1080.8,1091.78,175228,191038763.2
2025-04-15,SINDU,1092,1158.7,1058.4,1129.99,137110,149490645.8
2025-04-16,SINDU,1107.4,1152,1075,1080.39,133908,145255116.7
2025-04-17,SINDU,1076,1086.9,1053.5,1056.84,60419,64403136.8
2025-04-20,SINDU,1057,1077.9,1040,1047.31,64608,67992754.8
2025-04-21,SINDU,1048,1085,1027.1,1075.24,95907,102517940.4
2025-04-22,SINDU,1076,1135,1055,1089.97,76309,82605083.5
2025-04-23,SINDU,1068.2,1130,1035,1041.63,105244,111481483.9
2025-04-24,SINDU,1057,1059,980.7,998.02,82806,84128873.1
2025-04-27,SINDU,985,1051.8,930,993.7,113522,111297959.5
2025-04-28,SINDU,973.9,1080,960.4,1039.27,92639,93486122.1
2025-04-29,SINDU,1018.5,1059.5,961,970.37,60248,59037375.7
2025-04-30,SINDU,989.7,989.7,938,944.44,59501,57087724.9
2025-05-04,SINDU,950,967.5,937.2,955.99,65254,62101428.7
2025-05-05,SINDU,936.9,1013.9,936.9,961.28,50683,48656762.2
2025-05-06,SINDU,942.1,999.7,920,926.56,51008,48154045.8
2025-05-07,SINDU,910.1,965,895.1,930.01,78912,72668708.3
2025-05-08,SINDU,920,947.9,885.1,891.38,61469,55534893.3
2025-05-11,SINDU,888,905,817,826.35,86305,73016253.4
2025-05-13,SINDU,828,858,784,799.78,115513,94510597.8
2025-05-14,SINDU,788.1,810,760,763.98,46755,36492608.8
2025-05-15,SINDU,749,778.7,713,720.52,63342,46358147.8
2025-05-18,SINDU,720.52,748.9,681,724.29,96299,68460701.5
2025-05-19,SINDU,713,796.7,713,796.67,82276,63822952.1
2025-05-20,SINDU,812,876.3,812,876.3,96072,82592276.4
2025-05-21,SINDU,893.8,963.9,893.8,921.11,116590,110195973.4
2025-05-22,SINDU,930,965,876.1,920.04,171153,159456432.6
2025-05-25,SINDU,902,910,840,843.9,76439,66730539.6
2025-05-26,SINDU,860.7,912.3,830,836.07,66176,56877139.9
2025-05-27,SINDU,823,888,800,877.88,101517,88199484.2
2025-05-28,SINDU,875,910,861,886.67,71637,64100373.4
2025-06-02,SINDU,904.4,915.8,867,875.45,55431,49296227.9
2025-06-03,SINDU,892.9,928.2,874.2,879.36,82142,72904607.1
2025-06-04,SINDU,862,932.1,862,873.1,68256,60090729.8
2025-06-05,SINDU,889.9,889.9,837.9,848.16,82073,70428030.1
2025-06-08,SINDU,850,887,838.1,862.25,80346,69728156.3
2025-06-09,SINDU,846,909,846,882,81710,72713211.4
2025-06-10,SINDU,883,899.6,865.5,871.3,31641,27812692.7
2025-06-11,SINDU,862,887.9,845.9,847.32,42343,36241794.3
2025-06-12,SINDU,848,867,835,843.04,55088,46700626.3
2025-06-15,SINDU,836.1,859,823.3,832.93,54379,45376151.5
2025-06-16,SINDU,848,848,793.2,803.35,79885,64794704.3
2025-06-17,SINDU,796,799.8,770,773.08,56100,43847074.4
2025-06-18,SINDU,774,780,747,749.88,59102,44923909.3
2025-06-19,SINDU,749,775,749,767.83,48870,37155322
2025-06-22,SINDU,770,815,753.3,777.7,53226,41514691.3
2025-06-23,SINDU,789,799.9,763.4,765.58,20112,15497951.1
2025-06-24,SINDU,763.3,775,756,760.13,22841,17383930.2
2025-06-25,SINDU,767.8,767.8,732,735.25,44476,32985852.2
2025-06-26,SINDU,749.8,758.9,726,748.02,45238,33659641.6
2025-06-29,SINDU,740,776,730.1,759.21,70100,52723585.7
2025-06-30,SINDU,774.3,831.3,763,818.49,156199,125091374.5
2025-07-01,SINDU,834.8,839,797,806.27,52063,42347705.5
2025-07-02,SINDU,822.3,886.8,808,878.19,124436,106444479.1
2025-07-03,SINDU,890,963.2,883,925.67,172138,158662839.8
2025-07-06,SINDU,944,944,861,871.92,103465,91883486.8
2025-07-07,SINDU,870,942.5,843.8,904.54,97569,85496341.8
2025-07-08,SINDU,886.5,958.1,870,915.4,107119,97111296.2
2025-07-09,SINDU,915.4,938,900,923.24,64619,59736102.9
2025-07-10,SINDU,920,975,869.3,882.74,110196,99811856.3
2025-07-13,SINDU,900.3,918,865,872.13,75372,66612301.2
2025-07-14,SINDU,872,875,843,849.53,48465,41414456.1
2025-07-15,SINDU,845.1,885,845.1,860.96,38386,33304934.5
2025-07-16,SINDU,861,886.3,845,866.7,40641,35412085.1
2025-07-17,SINDU,883.9,883.9,870,874.22,36834,32291944.2
2025-07-20,SINDU,891,891,859,862.48,67185,58520263.7
2025-07-21,SINDU,865,870,776.3,807.63,242793,194980173.9
2025-07-22,SINDU,820,851,790.9,836.05,66910,55439747.4
2025-07-23,SINDU,836.5,850,820,827.51,30269,25111096.2
2025-07-24,SINDU,828,828,805,811.29,69022,55997519.5
2025-07-27,SINDU,795.1,829.9,795.1,798.77,57501,46260897.9
2025-07-28,SINDU,814,824.5,795,821.09,49024,39774105.8
2025-07-29,SINDU,821.1,835,815,820.8,33432,27503996.2
2025-07-30,SINDU,804.4,820,803,804.94,27288,22074845.1
2025-07-31,SINDU,820,879.8,820,859.22,144566,123111232.5
2025-08-03,SINDU,876.4,876.4,825,831.06,34790,29395273.5
2025-08-04,SINDU,814.5,847.6,810,815.74,32454,26633338.1
2025-08-05,SINDU,830.9,830.9,805.7,808.74,21125,17178945.6
2025-08-06,SINDU,793,820,793,805.74,20145,16310645.2
2025-08-07,SINDU,800,816,800,808.27,25736,20852251.5
2025-08-11,SINDU,824,824,794,795.18,28645,22965306.6
2025-08-12,SINDU,779.3,809,778,780.07,26155,20470878.5
2025-08-13,SINDU,764.5,805.9,764.5,787.92,14095,11111758
2025-08-14,SINDU,772.2,801,772.2,784.57,13643,10764363.9
2025-08-17,SINDU,790,791.9,766,767.91,17945,13900027.5
2025-08-18,SINDU,752.6,782,752.6,760.12,19859,15147944.2
2025-08-19,SINDU,775.3,775.3,762,763.08,11525,8810572.4
2025-08-20,SINDU,778.3,778.3,752.2,759.36,9293,7079072.3
2025-08-21,SINDU,774,774,752,755.21,13493,10210504.5
2025-08-24,SINDU,757.7,760,745,747.97,12035,9036141.1
2025-08-25,SINDU,762.9,762.9,733.4,752.34,12384,9246173.6
2025-08-26,SINDU,767.3,767.3,745,748.28,8416,6297623.1
2025-08-27,SINDU,733.4,765,733.4,764,16026,12169531.4
2025-08-28,SINDU,773.5,773.5,750,752.39,12801,9722191.4
2025-08-31,SINDU,755,755,735,739.47,10556,7851603.6
2025-09-01,SINDU,740,748.5,731,739.35,8325,6159696.3
2025-09-02,SINDU,754.1,754.1,732,734.54,8255,6077318.1
2025-09-03,SINDU,749.2,749.2,710,712.98,18265,13171128
2025-09-04,SINDU,698.8,723,690,700.01,23850,16670295.4
2025-09-07,SINDU,709,709,698,698.8,10095,7075741.2
2025-09-08,SINDU,700,702,685,686.67,9779,6764379.3
2025-09-18,SINDU,690,690,618,618,1075,700066
2025-09-21,SINDU,618,679.8,608,679.8,42063,27588488.5
2025-09-23,SINDU,693.3,747.7,691.9,747.7,55207,40793635.7
2025-09-24,SINDU,755,774,740,749,36410,27534679.1
2025-09-25,SINDU,735.1,764.9,735,742,25000,18689256.5
2025-09-28,SINDU,750,758.8,740,741,9420,7017864.3
2025-10-07,SINDU,726.2,738,713,719,15665,11321825.2
2025-10-08,SINDU,733.3,733.3,698.3,703,18453,12962050.7
2025-10-09,SINDU,717,760,717,731,27509,20349527.2
2025-10-12,SINDU,731,731,705,709,17969,12742056.7
2025-10-13,SINDU,700.1,727,691,723,11738,8368644.1
2025-10-14,SINDU,710,735,707,707,4669,3325018.2
2025-10-15,SINDU,721.1,721.1,699,704,5749,4043262.8
2025-10-16,SINDU,700,700,688,690,11673,8081875
2025-10-19,SINDU,703.8,703.8,679,685.2,4135,2850924.3
2025-10-26,SINDU,673.1,688,673.1,680.2,6185,4207294
2025-10-28,SINDU,666.6,720,666.6,715,11150,7896898.8
2025-10-29,SINDU,729,786.5,708,720,26677,19425305.5
2025-10-30,SINDU,706,729,706,725,13866,10026110.8
2025-11-02,SINDU,711,739.5,711,724.2,10227,7437704.2
2025-11-03,SINDU,711,737,711,720,8016,5791162
2025-11-04,SINDU,712,725,706,709,13171,9413925.6
2025-11-05,SINDU,714.9,715,701,710,9583,6789945.7
2025-11-06,SINDU,700,718,700,714.9,8482,6044646.3
2025-11-09,SINDU,705,710,700,701,9312,6557351.1
2025-11-10,SINDU,690,705.3,690,696,8605,6009407.8
2025-11-11,SINDU,696,705,690,695,9966,6916471.6
2025-11-12,SINDU,690,703,690,696.5,11082,7727291
2025-11-13,SINDU,708.9,708.9,690,691.1,5957,4127698.7
2025-11-16,SINDU,688,692.1,679,683.9,4256,2902761.4
2025-11-17,SINDU,675.1,718,675.1,709,20746,14601835.1
2025-11-18,SINDU,720,723,695.8,709,25879,18278055
2025-11-19,SINDU,700,722,695,698,12601,8832874.8
2025-11-20,SINDU,709,765,685,765,33629,23797522.3
2025-11-23,SINDU,749.7,749.7,707,733,27617,20183314.2
2025-11-24,SINDU,722,734.8,722,725,21657,15803695.4
2025-11-25,SINDU,722,730,717,721.1,7292,5286652.8
2025-11-26,SINDU,716,729,713.1,713.1,9813,7037942.9
2025-11-27,SINDU,719,734,711,734,29457,21393548.9
2025-11-30,SINDU,734,734.8,711,728,18752,13617762.3
2025-12-01,SINDU,713.5,787.4,713.5,733,36703,26915645.2
2025-12-02,SINDU,718.4,737,718.4,731,12503,9147801.6
2025-12-03,SINDU,721,736.9,709.6,727.9,18956,13733081.5
2025-12-07,SINDU,714,735,706,735,42407,30572337.8
2025-12-08,SINDU,723,750,718.1,745,51986,38365753.8
2025-12-09,SINDU,744.7,759,731,747,43399,32446228.8
2025-12-10,SINDU,732.1,751.9,722.8,730,24150,17633915
2025-12-11,SINDU,715.4,730,715.1,730,13321,9595965.2
2025-12-14,SINDU,731,731,710,715,9840,7038987.2
2025-12-15,SINDU,705,711.9,704.9,709.9,16759,11857690.2
2025-12-16,SINDU,701.1,717,701.1,706.5,17037,12092784.2
2025-12-17,SINDU,715,734.9,708,728.4,28699,20808250.2
2025-12-18,SINDU,713.9,798,713.9,798,45411,33321969.5
2025-12-21,SINDU,800,800,718.2,718.2,71083,51363083.5
2025-12-22,SINDU,703.9,725,703.9,707.2,14336,10231937.9
2025-12-23,SINDU,707,715,702.2,706.3,11895,8410169.2
2025-12-24,SINDU,718,718,699,702,20541,14439858
2025-12-28,SINDU,711,711,697.1,706,21005,14822880.1
2025-12-29,SINDU,714,735,714,730,35112,25503845.3
2025-12-31,SINDU,716,744,716,720.1,20198,14823357
2026-01-01,SINDU,719.9,727,710,715.1,11868,8523131.3
2026-01-04,SINDU,700.8,724.9,700.8,708.3,9948,7115259.4
2026-01-05,SINDU,708,729.9,708,721,24243,17510069.2
2026-01-06,SINDU,715,743,715,738.8,37806,27719344.9
2026-01-07,SINDU,724.1,744,716.9,724,35085,25547996.2
2026-01-08,SINDU,710,725,710,714,13268,9515151.6
2026-01-12,SINDU,718,726,710,722.9,25494,18294940.5
2026-01-13,SINDU,713,720,710,715.3,8865,6344642.1
2026-01-14,SINDU,720,723,713,719.9,25344,18174782.1
2026-01-18,SINDU,724,730,720,730,28645,20806832.1
2026-01-20,SINDU,716,788.5,716,747,57149,42630501.4
2026-01-21,SINDU,732.1,759,730.5,740,21993,16223986.6
2026-01-22,SINDU,730,797.6,730,741,50118,37540251
2026-01-25,SINDU,755.8,789.9,742,777,69795,53601711.3
2026-01-26,SINDU,776.7,848.9,765.2,830,161653,129967566.6
2026-01-27,SINDU,813.4,897,797.2,840,160409,137387907.9
2026-01-28,SINDU,823.2,869,814.5,869,81462,68821776
2026-01-29,SINDU,851.7,917.8,784,804,115194,97429600.9
2026-02-01,SINDU,819,832.3,809,830,73848,60428666.1
2026-02-02,SINDU,814,887,814,886.9,164428,142613542.2
2026-02-03,SINDU,880,912.9,845.1,867,125766,109718820.2
2026-02-04,SINDU,850,866,828,842,37869,31817345.8
2026-02-05,SINDU,827,850,822.1,825,23930,19943217.1
2026-02-08,SINDU,838,838,802.6,821,37979,31038949.7
2026-02-09,SINDU,807,820,784,788,55357,44339312.6
2026-02-10,SINDU,785,795,763,763,45201,34909662.7
2026-02-11,SINDU,763,790,756,757,21234,16283551.4
2026-02-12,SINDU,757,777,748,759,18840,14379675.4
2026-02-16,SINDU,750.5,773,745,749,20515,15515447.6
2026-02-17,SINDU,763,763,726,731,25618,18900814.9
2026-02-22,SINDU,716.5,745,716.5,730,10635,7724907.6
2026-02-23,SINDU,719,769,719,738.5,47727,35304524.8
2026-02-24,SINDU,723.8,746,723.8,743.9,16737,12351238.3
2026-02-25,SINDU,730,756,730,745,16116,12068171.2
2026-02-26,SINDU,735,745,735,738.1,13205,9755570.8
2026-03-01,SINDU,723.4,744.3,715,742,18883,13864162.8
2026-03-03,SINDU,729,758,729,750.5,15964,11958501.8
2026-03-09,SINDU,765.5,811.5,765.5,811.5,2125,1716088.5
2026-03-10,SINDU,800,824,770,792,38884,30971374.4
2026-03-11,SINDU,777,801,775.5,779,17430,13663868.9
2026-03-12,SINDU,779.1,787,760,768.1,17219,13263042.7
2026-03-15,SINDU,771,776,753.3,753.3,15493,11818797.1
2026-03-16,SINDU,754,801,743.5,801,45102,34723553.7
2026-03-17,SINDU,790,800,774.2,799.7,25004,19815720.6
2026-03-19,SINDU,783.8,830,783.8,829.8,66159,54120633.3
2026-03-22,SINDU,813.3,899,813.3,864.9,127416,108653290.8
2026-03-23,SINDU,865,865,818,837,26249,22118394.6
2026-03-24,SINDU,836,919.9,806.6,919.9,98586,83505415.1
2026-03-25,SINDU,901.6,901.6,846,863.9,129671,111392537
2026-03-26,SINDU,850,850,829,833,74271,61964612.5
2026-03-29,SINDU,833,833,800,808,35513,28878462
2026-03-30,SINDU,800,823,780,785.7,27164,21623890.8
2026-03-31,SINDU,801.4,815,771,805.1,35633,28256859.2
2026-04-01,SINDU,790,809,770,774,26821,21029395.2
2026-04-02,SINDU,760.1,788.4,745,769.1,15622,12000497.5
2026-04-05,SINDU,758,760,706,709,49083,36074470
2026-04-06,SINDU,710,758,700,748.1,29151,21648559.1
2026-04-07,SINDU,750,769.8,740,740,14696,11050541.1
2026-04-08,SINDU,750,760,746,758,14261,10749962.2
2026-04-09,SINDU,743,780,743,780,18628,14337589.5
2026-04-10,SINDU,765,784.9,760,761,26801,20637993.2
2026-04-13,SINDU,750.1,774.8,735.1,758.2,18978,14275649.2
2026-04-15,SINDU,765,834,750.6,834,39196,30180030.4
2026-04-16,SINDU,817.4,817.4,750.6,755,100203,76436501.9
2026-04-17,SINDU,770,770,739.9,752.2,21297,15973472.8
2026-04-20,SINDU,789.8,789.8,745,761,10755,8145715.1
2026-04-21,SINDU,740.1,770,739,740.1,23165,17423537.5
2026-04-22,SINDU,742,760,732.5,750,25674,19091401.3
2026-04-23,SINDU,738,760,738,744,6224,4640387.6
2026-04-24,SINDU,733.2,748.8,733.2,735,7659,5641626.4
2026-04-27,SINDU,735,765,730.2,750,29662,22344808.5
2026-04-28,SINDU,750,768,750,758.9,42273,32065949.1
2026-04-29,SINDU,758.9,764,745,747,9762,7327498.9
2026-04-30,SINDU,740,744.9,725,732.1,17819,13044530.6
2026-05-04,SINDU,730,735,711,716,14039,10124341.1
2026-05-05,SINDU,701,727,696,720,9722,6959123.2
2026-05-06,SINDU,720,720,700,706,13163,9295666
2026-05-07,SINDU,692.1,710,692.1,697,13182,9234887.3
2026-05-08,SINDU,700,714,700,705,6852,4865652.7
2026-05-11,SINDU,724,725.9,710,712,9022,6448973.9
2026-05-12,SINDU,713.1,718.9,702,707,12043,8548390.8
2026-05-13,SINDU,693,708,693,706,9567,6710443.5
2026-05-14,SINDU,700,709.8,692,709,11348,7924527.4
2026-05-15,SINDU,696.3,710,696.3,700.1,6082,4272507.2
2026-05-18,SINDU,710.7,710.7,699.1,703,5283,3699967.6
2026-05-19,SINDU,695.6,796.7,695.6,715,14098,10107626.5
2026-05-20,SINDU,700,725,700,718,6476,4666295
2026-05-21,SINDU,715,726,711.1,717.9,6412,4596476.4
2026-05-22,SINDU,700,723.3,700,720,6464,4660102.2
2026-05-25,SINDU,713.1,733.9,713.1,733.9,6351,4613941.6
2026-05-26,SINDU,720,740,720,739,9112,6633839.2
2026-05-27,SINDU,718,817.2,718,750,35691,26542951.4
2026-06-01,SINDU,734.3,747.1,722.1,730,12057,8856412.7
2026-06-02,SINDU,734.8,739.9,729.2,739.9,7839,5739923.6
2026-06-03,SINDU,726,749.9,726,749.9,7803,5760095.2
2026-06-04,SINDU,729,754,729,738,10757,8020082.9
2026-06-05,SINDU,725.1,762.2,725.1,754,35919,27117751
2026-06-08,SINDU,733,770,733,749.9,5619,4150587.5
2026-06-09,SINDU,728,744,720,735,12625,9164469.6
2026-06-10,SINDU,727,800,727,750,12722,9551166.3
2026-06-11,SINDU,712.5,760,712.5,759.9,31161,23422285.9
2026-06-12,SINDU,759,759,740,741.2,7070,5267125.4
2026-06-15,SINDU,724,756.4,724,746.9,5862,4317423.6
2026-06-16,SINDU,730,743.8,730,740,3916,2879506
2026-06-17,SINDU,727,824,727,735,19036,14244184.2
2026-06-18,SINDU,698.3,750,698.3,730,2910,2134309.6
2026-06-19,SINDU,747.1,747.1,724,732.3,4472,3260378.3
2026-06-22,SINDU,720.2,740,720.1,720.1,5705,4130067.6
2026-06-23,SINDU,720.1,725,710.2,718.9,6609,4746110.5
2026-06-24,SINDU,710,719.5,703,708,5360,3795596
2026-06-25,SINDU,704,719,701,701,4705,3328625.1
2026-06-26,SINDU,699.1,739,692.1,709,4945,3478415.2
2026-06-29,SINDU,700,708.5,700,704,3079,2161399.4
2026-06-30,SINDU,692.4,705,692.4,697,5247,3656064.2
2026-07-01,SINDU,662.2,715,662.2,706.1,5551,3918974.4
2026-07-02,SINDU,703.2,721.9,703.2,721.9,2180,1543316.7
2026-07-03,SINDU,701.1,720.8,701.1,710,4171,2968758.9
2026-07-06,SINDU,696,710,696,698,2973,2088233.6
2026-07-07,SINDU,663.1,715,663.1,712,3399,2402562.4
2026-07-08,SINDU,677,713,677,701,3824,2679344.6
2026-07-09,SINDU,690,700,690,695,4152,2877676.3
2026-07-10,SINDU,686,703.9,684.9,693,9583,6624068.6
2026-07-13,SINDU,683.1,690,673,673.1,2675,1817506
2026-07-14,SINDU,639.5,690.9,639.5,678.9,5350,3575396.3
2026-07-15,SINDU,670.1,694,666,680,4847,3301986.2
2026-07-16,SINDU,714,714,670,670,6146,4168334.7
2026-07-17,SINDU,688.9,704.8,673.5,700,12796,8893603.5
2026-07-20,SINDU,700,730,700,716,10748,7715335.6
2026-07-21,SINDU,703,730,703,719,7424,5309925.9
2026-07-22,SINDU,683.1,800,683.1,729.3,18145,13080155.4
2026-07-23,SINDU,692.9,733.8,692.9,719,3025,2162784.4
2026-07-24,SINDU,683.1,723,683.1,719,12801,9155610.8
2026-07-27,SINDU,754.9,754.9,700,710,20353,14398247.9
2026-07-28,SINDU,702,714.7,695,709.5,7508,5280120.4
2026-07-29,SINDU,720,720,699,710,17345,12245546
2026-07-30,SINDU,700.1,711,700.1,701,16145,11382696.9
2026-07-31,SINDU,714,725,695.8,723.9,48851,34939030.5
2026-08-03,SINDU,716.3,729.9,716.3,721.9,11190,8091928.7
2026-08-04,SINDU,716.1,721,700,701,19493,13872254
2026-08-05,SINDU,717,717,700,704,9890,6959476.6
2026-08-06,SINDU,700,709.9,692,700,12222,8545765.1
2026-08-07,SINDU,690.1,699.9,685,691,9207,6361749.8
2026-08-10,SINDU,691,699.7,685,691,8020,5531041.7
2026-08-11,SINDU,666,695,666,686,6159,4235181.1
2026-08-12,SINDU,704.9,704.9,676.1,684.6,8940,6100410.6
2026-08-13,SINDU,718.8,718.8,677,680,6512,4426400.9
2026-08-14,SINDU,714,714,671.2,684,3985,2728372
2026-08-17,SINDU,672.1,687.9,672,680,10870,7343644.7
2026-08-18,SINDU,714,714,671.2,675,10761,7279907
2026-08-19,SINDU,706.8,706.8,670.8,672.1,8256,5556507
2026-08-20,SINDU,679.9,679.9,658,660,8300,5512915.5
2026-08-21,SINDU,653.1,667,640,640,9724,6324068.5
2026-08-24,SINDU,625.5,643.6,620.2,622,12296,7727755.1
2026-08-25,SINDU,650,650,615,619,8091,5031118.6
2026-08-26,SINDU,615,620,592,610,15703,9455322.5
2026-08-27,SINDU,592.5,614,577,613.9,8787,5294403.6
2026-08-31,SINDU,602.9,603,587.3,587.3,5867,3465322.7
2026-09-01,SINDU,587.3,602,580,596,12750,7548465.4
2026-09-02,SINDU,580,597,580,592,4208,2484537.5
2026-09-03,SINDU,564,598.3,564,585.5,3256,1915424.8
2026-09-07,SINDU,556.3,556.3,497.7,497.7,20260,10180065.3
2026-09-09,SINDU,493.5,493.5,423.1,423.1,5486,2344205.3
2026-09-10,SINDU,402,402,359.7,359.7,12753,4588662.1
2026-09-11,SINDU,341.8,413,329.8,394,142459,54970441.1
2026-09-14,SINDU,394,414.9,370,405.3,47416,18648257.7
2026-09-15,SINDU,421,460,403,450,71376,30836693.2
2026-09-16,SINDU,455,455,424.9,430,49440,21670567
2026-09-17,SINDU,439,441,414,429,34130,14465338.8
2026-09-18,SINDU,410,493,410,425,51624,22456674.8
2026-09-22,SINDU,403.8,435.9,403.8,431,20839,8934574.2
2026-09-23,SINDU,409.5,433,409.5,418.5,8425,3555466.9
2026-09-24,SINDU,410.3,424.8,410.3,417.9,12516,5216106.1
2026-09-28,SINDU,438.7,438.7,397,400,15601,6301923.4
2026-09-29,SINDU,399.5,406,385,389,15840,6203974.6
2026-09-30,SINDU,369.6,445,369.6,444.9,33410,13430222
2026-10-01,SINDU,422.7,493,400,489.9,73156,31052389.3
2026-10-02,SINDU,465.5,470,425,448,65661,29295943
2026-10-05,SINDU,433,442.7,415,422,17999,7669384
2026-10-06,SINDU,400.9,427,400.9,418,8140,3399026.3
2026-10-07,SINDU,415,421.9,409,409,11729,4839872.9
