date,symbol,open,high,low,close,volume,turnover
2011-03-28,UNL,6000,5880,5880,5880,120,705600
2011-03-29,UNL,5880,5763,5763,5763,60,345780
2011-04-04,UNL,5763,5648,5648,5648,100,564800
2011-04-05,UNL,5648,5550,5550,5550,100,555000
2011-04-18,UNL,5550,5500,5500,5500,10,55000
2011-04-19,UNL,5500,5610,5610,5610,30,168300
2011-05-16,UNL,5610,5500,5500,5500,30,165000
2011-05-31,UNL,5500,5390,5390,5390,60,323400
2011-06-05,UNL,5390,5283,5283,5283,50,264150
2011-06-08,UNL,5283,5178,5178,5178,50,258900
2011-06-09,UNL,5178,5075,4974,4974,150,756200
2011-06-14,UNL,4974,4875,4875,4875,20,97500
2011-06-15,UNL,4875,5000,4972,5000,40,199440
2011-06-16,UNL,5000,5073,5073,5073,20,101460
2011-07-03,UNL,5174,5270,5270,5270,30,158100
2011-07-04,UNL,5270,5575,5075,5075,620,3386650
2011-07-05,UNL,5075,4974,4974,4974,50,248700
2011-07-06,UNL,4974,4876,4876,4876,70,341320
2011-07-07,UNL,4876,4781,4781,4781,10,47810
2011-09-07,UNL,4781,5072,4876,5072,30,149210
2011-09-08,UNL,5072,5276,5173,5276,30,156220
2011-09-19,UNL,5276,5171,5171,5171,30,155130
2011-11-13,UNL,5171,5688,5274,5688,50,274220
2011-11-20,UNL,5688,5801,5801,5801,10,58010
2011-11-22,UNL,5801,5917,5917,5917,10,59170
2011-12-13,UNL,5917,6035,6035,6035,10,60350
2011-12-27,UNL,6035,6150,6100,6150,20,122500
2011-12-29,UNL,6150,6273,6273,6273,10,62730
2012-01-03,UNL,6273,6150,6150,6150,10,61500
2012-01-04,UNL,6150,6273,6273,6273,100,627300
2012-01-05,UNL,6273,6148,6148,6148,10,61480
2012-01-12,UNL,6148,6269,6148,6269,30,185670
2012-02-08,UNL,6269,6144,5669,5669,150,899850
2012-02-12,UNL,5669,5712,5600,5712,20,113120
2012-02-13,UNL,5712,5600,5488,5488,60,334880
2012-02-14,UNL,5488,5379,5379,5379,10,53790
2012-02-26,UNL,5379,5916,5486,5916,130,728930
2012-02-28,UNL,5916,6120,6000,6119,30,182390
2012-02-29,UNL,6119,6119,6119,6119,20,122380
2012-03-01,UNL,6119,6114,6114,6114,10,61140
2012-03-04,UNL,6114,6100,6100,6100,10,61000
2012-03-11,UNL,6100,6100,6100,6100,30,183000
2012-03-12,UNL,6100,6100,6100,6100,20,122000
2012-03-18,UNL,6100,6100,6100,6100,30,183000
2012-03-19,UNL,6100,6300,5978,6300,70,426280
2012-03-26,UNL,6300,6174,6030,6032,360,2172510
2012-04-02,UNL,6032,6032,6032,6032,40,241280
2012-04-03,UNL,6032,6150,6150,6150,10,61500
2012-04-05,UNL,6150,6050,6050,6050,60,363000
2012-04-08,UNL,6050,6100,6100,6100,10,61000
2012-04-19,UNL,6100,6222,6222,6222,10,62220
2012-04-29,UNL,6222,6310,6310,6310,10,63100
2012-05-17,UNL,6310,6436,6436,6436,10,64360
2012-05-23,UNL,6436,6308,6308,6308,50,315400
2012-05-27,UNL,6308,6434,6434,6434,10,64340
2012-05-29,UNL,6434,6306,6210,6306,120,754080
2012-06-05,UNL,6306,6300,6300,6300,20,126000
2012-06-12,UNL,6300,6300,6300,6300,10,63000
2012-06-13,UNL,6300,6300,6300,6300,20,126000
2012-06-25,UNL,6300,6300,6300,6300,40,252000
2012-07-03,UNL,6300,6300,6300,6300,20,126000
2012-07-16,UNL,6300,6426,6426,6426,10,64260
2012-07-17,UNL,6426,6685,6554,6685,20,132390
2012-07-24,UNL,6685,6600,6600,6600,30,198000
2012-08-06,UNL,6600,6733,6732,6733,120,807940
2012-08-07,UNL,6733,6810,6810,6810,10,68100
2012-08-13,UNL,6810,7084,6946,7084,20,140300
2012-08-16,UNL,7084,7369,7225,7369,20,145940
2012-08-19,UNL,7369,7500,7500,7500,10,75000
2012-08-23,UNL,7500,7650,7650,7650,180,1377000
2012-08-27,UNL,7650,7854,7700,7854,30,232540
2012-09-03,UNL,7854,7995,7995,7995,10,79950
2012-09-04,UNL,7995,8200,8154,8200,20,163540
2012-09-09,UNL,8200,8280,8200,8280,20,164800
2012-09-10,UNL,8280,8150,8150,8150,130,1059500
2012-09-16,UNL,8150,7987,7828,7828,20,158150
2012-09-18,UNL,7828,7672,7672,7672,10,76720
2012-09-20,UNL,7672,7519,7519,7519,10,75190
2012-10-02,UNL,7519,7500,7369,7500,20,148690
2012-10-10,UNL,7500,7350,7350,7350,30,220500
2012-11-25,UNL,7350,7497,7497,7497,20,149940
2012-12-03,UNL,7497,7646,7646,7646,10,76460
2012-12-06,UNL,7646,8112,7798,8112,30,238630
2012-12-18,UNL,8112,8923,8274,8923,70,608680
2012-12-19,UNL,8923,9815,9101,9815,160,1544370
2012-12-20,UNL,9815,10080,9500,10080,40,391530
2012-12-23,UNL,10080,9879,9682,9682,20,195610
2012-12-27,UNL,9682,9685,9650,9685,30,289850
2013-01-07,UNL,9685,10100,9700,10100,110,1093750
2013-01-15,UNL,10100,10100,10100,10100,10,101000
2013-01-20,UNL,10100,10000,10000,10000,30,300000
2013-01-22,UNL,10000,9800,9800,9800,100,980000
2013-01-24,UNL,9800,9996,9996,9996,10,99960
2013-01-30,UNL,9996,9850,9797,9800,70,687970
2013-02-03,UNL,9800,9900,9900,9900,1020,10098000
2013-02-04,UNL,9900,9702,9702,9702,30,291060
2013-02-06,UNL,9702,9750,9700,9750,150,1459500
2013-02-10,UNL,9750,9945,9945,9945,20,198900
2013-02-12,UNL,9945,10345,10143,10345,60,616210
2013-02-13,UNL,10345,10400,10400,10400,10,104000
2013-02-20,UNL,10400,10192,10100,10100,70,707920
2013-02-24,UNL,10100,10099,9900,9900,20,199990
2013-02-25,UNL,9900,9898,9898,9898,10,98980
2013-03-06,UNL,9750,9300,9300,9300,190,1767000
2013-03-24,UNL,9300,9486,9486,9486,20,189720
2013-03-28,UNL,9486,9298,9298,9298,30,278940
2013-04-16,UNL,9298,9483,9483,9483,10,94830
2013-04-21,UNL,9483,9672,9600,9672,40,386160
2013-05-02,UNL,9672,9672,9672,9672,10,96720
2013-05-14,UNL,9672,9865,9700,9865,20,195650
2013-05-16,UNL,9865,9800,9800,9800,100,980000
2013-05-19,UNL,9800,10100,9996,10100,290,2920880
2013-05-27,UNL,10100,9898,9898,9898,30,296940
2013-05-30,UNL,9898,9792,9792,9792,10,97920
2013-06-03,UNL,9792,9986,9986,9986,50,499300
2013-06-04,UNL,9986,10000,9987,10000,20,199870
2013-06-06,UNL,10000,10000,10000,10000,10,100000
2013-06-16,UNL,10000,10000,10000,10000,150,1500000
2013-06-18,UNL,10000,10000,10000,10000,120,1200000
2013-06-20,UNL,10000,10000,10000,10000,60,600000
2013-06-23,UNL,10000,10000,10000,10000,30,300000
2013-06-24,UNL,10000,10000,10000,10000,20,200000
2013-06-27,UNL,10000,10000,10000,10000,120,1200000
2013-07-02,UNL,10000,10000,10000,10000,40,400000
2013-07-04,UNL,10000,9998,9998,9998,30,299940
2013-07-07,UNL,9998,10000,10000,10000,20,200000
2013-07-10,UNL,10000,10000,10000,10000,20,200000
2013-07-11,UNL,10000,9900,9800,9800,790,7792000
2013-07-21,UNL,9800,9905,9905,9905,20,198100
2013-07-25,UNL,9905,9905,9900,9900,60,594150
2013-08-12,UNL,9900,10098,10098,10098,10,100980
2013-08-19,UNL,10098,10250,10046,10046,280,2833280
2013-08-20,UNL,10046,10046,10046,10046,100,1004600
2013-08-29,UNL,10046,10200,10200,10200,10,102000
2013-09-01,UNL,10200,10000,10000,10000,30,300000
2013-09-02,UNL,10000,10000,10000,10000,20,200000
2013-09-09,UNL,10000,10000,10000,10000,20,200000
2013-09-23,UNL,10000,9800,9800,9800,10,98000
2013-09-25,UNL,9800,9800,9800,9800,10,98000
2013-10-01,UNL,9800,9800,9800,9800,30,294000
2013-10-03,UNL,9800,9996,9996,9996,10,99960
2013-10-07,UNL,9996,9996,9996,9996,30,299880
2013-10-10,UNL,9996,9999,9999,9999,40,399960
2013-10-17,UNL,9999,9999,9999,9999,10,99990
2013-10-20,UNL,9999,10000,10000,10000,10,100000
2013-10-21,UNL,10000,10000,10000,10000,20,200000
2013-10-22,UNL,10000,10251,10050,10251,40,406020
2013-10-24,UNL,10251,10456,10456,10456,10,104560
2013-10-28,UNL,10456,10456,10456,10456,30,313680
2013-10-29,UNL,10456,10650,10650,10650,70,745500
2013-11-06,UNL,10650,10500,10500,10500,50,525000
2013-12-10,UNL,10500,10500,10500,10500,60,630000
2013-12-11,UNL,10500,10500,10500,10500,10,105000
2013-12-12,UNL,10500,10290,10290,10290,30,308700
2013-12-26,UNL,10290,10495,10495,10495,10,104950
2014-01-13,UNL,10495,10286,10286,10286,30,308580
2014-01-16,UNL,10286,10300,10300,10300,30,309000
2014-01-20,UNL,10300,10506,10506,10506,10,105060
2014-01-21,UNL,10506,10500,10500,10500,20,210000
2014-01-22,UNL,10500,10710,10500,10710,750,7885500
2014-02-17,UNL,10710,10525,10525,10525,150,1578750
2014-04-07,UNL,10525,11000,10500,11000,180,1949100
2014-04-09,UNL,11000,11100,11100,11100,10,111000
2014-04-10,UNL,11100,11097,10880,11097,310,3437900
2014-04-15,UNL,11097,11318,11100,11318,50,559360
2014-04-17,UNL,11318,11400,11395,11400,330,3761750
2014-04-20,UNL,11400,11400,11201,11400,20,226010
2014-04-22,UNL,11400,11730,11500,11730,200,2323000
2014-04-23,UNL,11730,12903,11964,12903,140,1770110
2014-04-27,UNL,12903,13161,13161,13161,10,131610
2014-04-28,UNL,13161,13161,13161,13161,10,131610
2014-04-29,UNL,13161,13000,13000,13000,10,130000
2014-04-30,UNL,13000,13525,13255,13300,60,799000
2014-05-04,UNL,13300,13300,13000,13300,1040,13532250
2014-05-06,UNL,13300,13034,13000,13000,1000,13001020
2014-05-07,UNL,13000,14070,13260,14070,590,8229300
2014-05-11,UNL,14070,14877,14200,14877,70,1015400
2014-05-12,UNL,14877,14871,14550,14871,200,2920610
2014-05-13,UNL,14871,14800,14800,14800,100,1480000
2014-05-18,UNL,14800,14504,14504,14504,40,580160
2014-05-19,UNL,14504,14214,14214,14214,400,5685600
2014-05-21,UNL,14214,13930,13930,13930,30,417900
2014-05-22,UNL,13930,13652,13652,13652,20,273040
2014-05-25,UNL,13652,14487,13925,14400,180,2566150
2014-05-26,UNL,14400,14394,14112,14394,100,1414020
2014-05-27,UNL,14394,14667,14107,14667,50,713680
2014-05-28,UNL,14667,15400,15400,15400,10,154000
2014-06-01,UNL,15400,15300,15000,15000,30,456000
2014-06-05,UNL,15000,15000,14700,14800,50,739000
2014-06-15,UNL,14800,14504,14500,14500,1160,16820040
2014-06-17,UNL,14500,14550,14550,14550,10,145500
2014-06-18,UNL,14550,14841,14841,14841,10,148410
2014-06-24,UNL,14841,14550,14550,14550,10,145500
2014-06-26,UNL,14550,14550,14550,14550,10,145500
2014-07-01,UNL,14550,14551,14551,14551,10,145510
2014-07-14,UNL,14551,14840,14840,14840,90,1335600
2014-07-15,UNL,14840,14550,14550,14550,10,145500
2014-07-16,UNL,14550,14301,14301,14301,30,429030
2014-07-20,UNL,14301,14587,14587,14587,30,437610
2014-07-21,UNL,14587,15175,14878,15175,40,601060
2014-07-22,UNL,15175,15175,15175,15175,30,455250
2014-07-28,UNL,15175,14872,14872,14872,50,743600
2014-07-30,UNL,14872,14602,14602,14602,50,730100
2014-07-31,UNL,14602,14310,14310,14310,50,715500
2014-08-03,UNL,14310,14310,14310,14310,30,429300
2014-08-04,UNL,14310,14596,14596,14596,30,437880
2014-08-13,UNL,14596,15184,14887,15184,20,300710
2014-08-25,UNL,15184,15200,15200,15200,20,304000
2014-08-26,UNL,15200,14897,14500,14500,1000,14506970
2014-08-27,UNL,14500,15225,14921,14921,40,599880
2014-09-01,UNL,14921,14630,14630,14630,110,1609300
2014-09-04,UNL,14630,15361,15361,15361,10,153610
2014-09-10,UNL,15361,15054,15054,15054,10,150540
2014-09-11,UNL,15054,14800,14800,14800,200,2960000
2014-09-15,UNL,14800,14504,14504,14504,20,290080
2014-09-30,UNL,14504,15229,14925,15000,70,1051540
2014-10-13,UNL,15000,15000,14900,15000,170,2547000
2014-10-15,UNL,15000,15100,15100,15100,30,453000
2014-10-16,UNL,15100,15150,15003,15003,60,904590
2014-10-21,UNL,15003,15100,15100,15100,20,302000
2014-10-26,UNL,15100,15200,15200,15200,50,760000
2014-10-27,UNL,15200,15300,15300,15300,50,765000
2014-10-30,UNL,15300,16065,16065,16065,10,160650
2014-11-02,UNL,16065,15744,15430,15430,20,311740
2014-11-05,UNL,15430,15123,15123,15123,50,756150
2014-11-06,UNL,15123,15500,15100,15500,780,12077020
2014-11-11,UNL,15500,15700,15550,15700,150,2340000
2014-11-17,UNL,15700,15700,15400,15400,230,3551000
2014-11-25,UNL,15400,15400,15400,15400,30,462000
2014-12-01,UNL,15400,15400,15400,15400,10,154000
2014-12-02,UNL,15400,15600,15600,15600,1110,17316000
2014-12-04,UNL,15600,15500,15500,15500,30,465000
2014-12-23,UNL,15500,15190,15150,15150,140,2122200
2015-01-08,UNL,15150,15150,15150,15150,30,454500
2015-01-12,UNL,15150,15700,15450,15700,130,2011000
2015-01-22,UNL,15700,16015,15701,16015,20,317160
2015-01-25,UNL,16015,16015,16015,16015,10,160150
2015-02-11,UNL,16015,16300,16300,16300,30,489000
2015-02-12,UNL,16300,16600,16600,16600,100,1660000
2015-02-22,UNL,16600,16930,16930,16930,30,507900
2015-02-23,UNL,16930,17100,17100,17100,30,513000
2015-02-25,UNL,17100,17200,17200,17200,30,516000
2015-03-22,UNL,17200,17400,17400,17400,50,870000
2015-03-25,UNL,17400,17300,17300,17300,30,519000
2015-03-30,UNL,17300,17646,17646,17646,10,176460
2015-04-08,UNL,17646,17998,17700,17998,60,1064980
2015-04-12,UNL,17998,18300,18300,18300,20,366000
2015-04-16,UNL,18300,18666,18301,18303,110,2029450
2015-05-25,UNL,18303,17937,17937,17937,980,17578260
2015-05-31,UNL,17937,18295,18295,18295,10,182950
2015-06-08,UNL,18295,19413,18660,19413,30,571060
2015-06-09,UNL,19413,19801,19500,19500,170,3324100
2015-06-11,UNL,19500,19110,19110,19110,10,191100
2015-06-14,UNL,19110,19492,19490,19492,20,389820
2015-06-15,UNL,19492,19880,19880,19880,10,198800
2015-06-21,UNL,19880,19880,19880,19880,50,994000
2015-06-28,UNL,19880,19880,19880,19880,30,596400
2015-06-30,UNL,19880,19880,19880,19880,50,994000
2015-07-01,UNL,19880,20200,20000,20200,150,3009970
2015-07-05,UNL,20200,20000,20000,20000,10,200000
2015-07-06,UNL,20000,20000,20000,20000,330,6600000
2015-07-07,UNL,20000,20280,20026,20280,80,1614780
2015-07-08,UNL,20280,20300,20300,20300,10,203000
2015-07-12,UNL,20300,20604,19895,20604,120,2409740
2015-07-14,UNL,20604,21436,21016,21436,30,638870
2015-07-15,UNL,21436,22000,21500,22000,350,7593450
2015-07-16,UNL,22000,21561,21561,21561,100,2156100
2015-08-03,UNL,21561,21400,21400,21400,100,2140000
2015-08-09,UNL,21400,21992,21400,21992,350,7504480
2015-08-12,UNL,21992,22431,22431,22431,10,224310
2015-08-13,UNL,22431,23700,22879,23700,40,927940
2015-08-17,UNL,23700,25000,24174,25000,40,988310
2015-08-18,UNL,25000,25000,25000,25000,100,2500000
2015-08-19,UNL,25000,25500,25500,25500,20,510000
2015-08-20,UNL,25500,26010,26010,26010,10,260100
2015-08-27,UNL,26010,28153,26530,28153,40,1093440
2015-09-01,UNL,28153,28700,28700,28700,10,287000
2015-09-02,UNL,28700,30000,29274,30000,40,1191330
2015-09-03,UNL,30000,30000,30000,30000,110,3300000
2015-09-06,UNL,30000,30000,30000,30000,120,3600000
2015-09-08,UNL,30000,30600,30600,30600,10,306000
2015-09-09,UNL,30600,31212,31000,31000,20,622120
2015-09-10,UNL,31000,31000,31000,31000,110,3410000
2015-09-15,UNL,31000,30380,29500,29500,50,1486530
2015-09-16,UNL,29500,28910,28910,28910,10,289100
2015-10-01,UNL,28910,28990,28990,28990,20,579800
2015-10-08,UNL,28990,28411,26091,26091,80,2147640
2015-10-15,UNL,26091,26000,25480,25480,30,774800
2015-10-18,UNL,25480,26000,25989,26000,70,1819890
2015-11-03,UNL,26000,26520,26520,26520,10,265200
2015-11-10,UNL,26520,26000,25990,26000,70,1819700
2015-11-15,UNL,26000,26000,26000,26000,200,5200000
2015-11-16,UNL,26000,25980,25980,25980,10,259800
2015-11-18,UNL,25980,25800,25500,25500,40,1029000
2015-11-19,UNL,25500,26250,26010,26250,510,13385100
2015-11-22,UNL,26250,25725,25725,25725,30,771750
2015-11-29,UNL,25725,25700,25250,25700,690,17728500
2015-12-03,UNL,25700,25700,25700,25700,100,2570000
2015-12-06,UNL,25700,26100,26100,26100,30,783000
2015-12-20,UNL,26100,26100,26100,26100,10,261000
2015-12-22,UNL,26100,25700,25700,25700,30,771000
2016-01-03,UNL,25700,25186,25186,25186,10,251860
2016-01-04,UNL,25186,25500,25500,25500,80,2040000
2016-01-18,UNL,25500,24990,24990,24990,10,249900
2016-01-19,UNL,24990,24491,24491,24491,10,244910
2016-01-28,UNL,24491,25479,24980,25479,20,504590
2016-01-31,UNL,25479,25988,25988,25988,10,259880
2016-02-01,UNL,25988,26507,26507,26507,10,265070
2016-02-04,UNL,26507,27037,27037,27037,10,270370
2016-02-07,UNL,27037,27577,27577,27577,10,275770
2016-02-17,UNL,27577,28128,28128,28128,10,281280
2016-02-21,UNL,28128,28690,28690,28690,10,286900
2016-02-28,UNL,28690,28500,28500,28500,300,8550000
2016-03-01,UNL,28500,28900,28500,28900,40,1144000
2016-03-02,UNL,28900,28500,28500,28500,30,855000
2016-03-03,UNL,28500,28500,28500,28500,30,855000
2016-03-24,UNL,28500,28505,28505,28505,10,285050
2016-03-31,UNL,28505,29000,29000,29000,50,1450000
2016-04-03,UNL,29000,29580,29580,29580,30,887400
2016-04-04,UNL,29580,29600,29600,29600,10,296000
2016-04-05,UNL,29600,31212,30000,31200,170,5198200
2016-04-06,UNL,31200,31212,30600,31212,20,618120
2016-04-10,UNL,31212,31620,31000,31620,80,2498600
2016-04-11,UNL,31620,31620,31620,31620,50,1581000
2016-04-14,UNL,31620,32252,32000,32252,60,1922520
2016-04-18,UNL,32252,32252,32252,32252,50,1612600
2016-04-19,UNL,32252,32252,32252,32252,30,967560
2016-04-21,UNL,32252,33333,32897,33333,150,4954600
2016-04-24,UNL,33333,34678,33999,34678,30,1026760
2016-04-26,UNL,34678,35370,35350,35350,20,707200
2016-05-03,UNL,35350,36000,36000,36000,10,360000
2016-05-05,UNL,36000,35280,35280,35280,10,352800
2016-05-08,UNL,35280,34575,33700,33700,30,1021590
2016-05-10,UNL,33700,34950,34251,34251,40,1377520
2016-05-11,UNL,34251,34000,34000,34000,20,680000
2016-05-12,UNL,34000,34000,34000,34000,30,1020000
2016-05-15,UNL,34000,34000,34000,34000,10,340000
2016-05-17,UNL,34000,34000,34000,34000,40,1360000
2016-05-18,UNL,34000,33400,33400,33400,20,668000
2016-05-19,UNL,33400,32733,32732,32732,30,981980
2016-05-22,UNL,32732,32078,32078,32078,20,641560
2016-05-24,UNL,32078,31437,30809,30809,50,1553010
2016-05-25,UNL,30809,30201,30201,30201,30,906030
2016-05-26,UNL,30201,31421,30805,31421,30,936470
2016-05-30,UNL,31421,34008,32049,34001,180,5962930
2016-05-31,UNL,34001,34681,34681,34681,10,346810
2016-06-01,UNL,34681,34400,34400,34400,50,1720000
2016-06-02,UNL,34400,34500,34490,34500,80,2759800
2016-06-05,UNL,34500,35000,34501,34501,150,5229840
2016-06-07,UNL,34501,34501,34003,34501,140,4803580
2016-06-08,UNL,34501,35001,34102,35001,170,5900600
2016-06-13,UNL,35001,34500,34500,34500,100,3450000
2016-06-14,UNL,34500,35000,35000,35000,70,2450000
2016-06-15,UNL,35000,35000,35000,35000,50,1750000
2016-06-16,UNL,35000,35200,35001,35200,50,1758010
2016-06-19,UNL,35200,35200,35200,35200,20,704000
2016-06-20,UNL,35200,34500,34500,34500,150,5175000
2016-06-22,UNL,34500,35190,34501,35190,40,1386930
2016-06-23,UNL,35190,35700,35700,35700,10,357000
2016-06-26,UNL,35700,35000,35000,35000,130,4550000
2016-06-28,UNL,35000,35192,34502,35192,70,2436980
2016-06-30,UNL,35192,35000,35000,35000,20,700000
2016-07-05,UNL,35000,35000,35000,35000,50,1750000
2016-07-06,UNL,35000,35011,35011,35011,30,1050330
2016-07-11,UNL,35011,35111,35021,35021,110,3853210
2016-07-12,UNL,35021,35021,35021,35021,30,1050630
2016-07-21,UNL,35021,35250,35200,35230,70,2466300
2016-07-27,UNL,35230,34526,34526,34526,10,345260
2016-07-31,UNL,34526,33836,33836,33836,50,1691800
2016-08-01,UNL,33836,33800,33160,33800,130,4330000
2016-08-04,UNL,33800,33130,33130,33130,10,331300
2016-08-07,UNL,33130,32480,32470,32470,30,974300
2016-08-08,UNL,32470,33119,33119,33119,50,1655950
2016-08-10,UNL,33119,33780,33780,33780,20,675600
2016-08-14,UNL,33780,33780,33780,33780,250,8445000
2016-08-23,UNL,33780,33115,33115,33115,100,3311500
2016-08-24,UNL,33115,33115,33115,33115,60,1986900
2016-08-30,UNL,33115,33777,33700,33777,20,674770
2016-08-31,UNL,33777,34450,34450,34450,10,344500
2016-09-03,UNL,34450,33761,33761,33761,80,2700880
2016-09-21,UNL,33761,33086,32800,32800,20,658860
2016-09-22,UNL,32800,32144,31502,31502,20,636460
2016-09-25,UNL,31502,30872,30872,30872,10,308720
2016-09-27,UNL,30872,30900,30900,30900,40,1236000
2016-09-28,UNL,30900,31500,31500,31500,10,315000
2016-10-05,UNL,31500,30870,30870,30870,10,308700
2016-11-07,UNL,30870,30253,30253,30253,60,1815180
2016-11-08,UNL,30253,30260,29655,29655,40,1198300
2016-11-15,UNL,29655,30100,30100,30100,100,3010000
2016-12-12,UNL,30100,29498,29498,29498,10,294980
2016-12-15,UNL,29498,29000,29000,29000,405,11745000
2016-12-20,UNL,29000,28420,28420,28420,10,284200
2016-12-21,UNL,28420,27852,26760,26760,220,5920540
2016-12-22,UNL,26760,27550,27000,27550,180,4872000
2017-01-01,UNL,27550,27500,27000,27000,470,12765000
2017-01-18,UNL,27000,27000,27000,27000,30,810000
2017-01-22,UNL,27000,27540,27540,27540,40,1101600
2017-01-23,UNL,27540,28090,28090,28090,10,280900
2017-01-25,UNL,28090,28651,28651,28651,20,573020
2017-01-31,UNL,28651,29000,29000,29000,10,290000
2017-02-22,UNL,29000,29000,29000,29000,10,290000
2017-02-28,UNL,29000,29000,29000,29000,10,290000
2017-03-01,UNL,29000,29580,29000,29580,20,585800
2017-03-05,UNL,29580,30000,29580,30000,90,2666400
2017-03-06,UNL,30000,30200,30200,30200,10,302000
2017-03-13,UNL,30200,30200,30200,30200,50,1510000
2017-03-30,UNL,30200,30000,29400,29988,60,1781880
2017-04-02,UNL,29988,30587,30587,30587,10,305870
2017-04-09,UNL,30587,29976,29976,29976,30,899280
2017-04-16,UNL,29976,30000,28812,28812,50,1482120
2017-04-18,UNL,28812,29000,28224,29000,280,8068720
2017-04-20,UNL,29000,29000,29000,29000,100,2900000
2017-04-23,UNL,29000,29580,29580,29580,10,295800
2017-04-26,UNL,29580,29000,29000,29000,130,3770000
2017-04-30,UNL,29000,29580,29580,29580,10,295800
2017-05-02,UNL,29580,29580,29580,29580,10,295800
2017-05-18,UNL,29580,29580,29580,29580,15,443700
2017-05-28,UNL,29580,29580,29580,29580,20,591600
2017-06-05,UNL,29580,30170,30170,30170,10,301700
2017-06-08,UNL,30170,30000,30000,30000,15,450000
2017-06-11,UNL,30000,30000,30000,30000,15,450000
2017-06-14,UNL,30000,29400,29400,29400,10,294000
2017-07-02,UNL,29400,29000,29000,29000,10,290000
2017-07-09,UNL,29000,29000,29000,29000,170,4930000
2017-07-10,UNL,29000,30069,29480,30069,390,11709240
2017-07-13,UNL,30069,29800,29204,29204,40,1180080
2017-07-16,UNL,29204,29200,29200,29200,10,292000
2017-07-17,UNL,29200,29201,29200,29200,35,1022015
2017-07-19,UNL,29200,28700,28700,28700,10,287000
2017-07-20,UNL,28700,29000,29000,29000,100,2900000
2017-07-24,UNL,29000,29000,29000,29000,110,3190000
2017-07-25,UNL,29000,29300,29300,29300,150,4395000
2017-07-27,UNL,29300,29886,29886,29886,80,2390880
2017-07-31,UNL,29886,30000,30000,30000,10,300000
2017-08-01,UNL,30000,30000,30000,30000,10,300000
2017-08-07,UNL,30000,30001,30001,30001,10,300010
2017-08-13,UNL,30001,30001,30001,30001,30,900030
2017-08-17,UNL,30001,29950,29950,29950,30,898500
2017-08-22,UNL,29950,29950,29950,29950,10,299500
2017-08-27,UNL,29950,30000,30000,30000,10,300000
2017-08-28,UNL,30000,30200,30100,30100,500,15051020
2017-08-30,UNL,30100,30702,30702,30702,10,307020
2017-09-06,UNL,30702,30088,30088,30088,20,601760
2017-09-11,UNL,30088,30088,30000,30000,20,600880
2017-09-12,UNL,30000,30001,30000,30000,180,5400030
2017-09-13,UNL,30000,30000,30000,30000,180,5400000
2017-09-14,UNL,30000,30600,30450,30500,30,915500
2017-10-23,UNL,30500,30000,29400,29400,20,594000
2017-10-25,UNL,29400,28812,28812,28812,10,288120
2017-10-29,UNL,28812,28240,28000,28000,20,562400
2017-11-01,UNL,28000,28560,28560,28560,10,285600
2017-11-05,UNL,28560,27990,27990,27990,20,559800
2017-11-08,UNL,27990,29001,28549,29001,30,865510
2017-11-12,UNL,29001,29001,28450,29001,30,859020
2017-11-14,UNL,29001,30000,29090,30000,150,4417560
2017-11-16,UNL,30000,29400,29000,29000,20,584000
2017-11-19,UNL,29000,28988,28420,28988,100,2892180
2017-11-21,UNL,28988,28700,28700,28700,10,287000
2017-11-23,UNL,28700,29000,29000,29000,40,1160000
2017-11-28,UNL,29000,28700,28700,28700,30,861000
2017-11-30,UNL,28700,28800,28701,28701,20,575010
2017-12-12,UNL,28701,29000,28500,28500,100,2855000
2017-12-13,UNL,28500,28600,28500,28600,20,571000
2017-12-19,UNL,28600,28800,28800,28800,10,288000
2017-12-24,UNL,28800,28224,28200,28200,20,564240
2017-12-28,UNL,28200,28200,28200,28200,30,846000
2017-12-31,UNL,28200,28500,28500,28500,10,285000
2018-01-01,UNL,28500,29070,28501,28501,20,575710
2018-01-03,UNL,28501,29300,28900,28900,245,7104000
2018-01-10,UNL,28900,28322,28322,28322,20,566440
2018-01-14,UNL,28322,27756,27756,27756,20,555120
2018-01-17,UNL,27756,27756,27756,27756,200,5551200
2018-01-21,UNL,27756,28311,28311,28311,10,283110
2018-01-23,UNL,28311,28000,28000,28311,848,21588164
2018-01-28,UNL,28311,28000,28000,28000,190,5320000
2018-02-08,UNL,28000,28000,28000,28000,30,840000
2018-02-12,UNL,28000,27440,27440,27440,20,548800
2018-02-15,UNL,27440,27988,27988,27988,100,2798800
2018-02-18,UNL,27429,27977,27429,27977,30,828350
2018-02-20,UNL,27418,27418,27418,27418,10,274180
2018-02-22,UNL,27966,27966,27966,27966,10,279660
2018-02-26,UNL,28000,28000,27440,27440,20,554400
2018-02-28,UNL,27800,27800,27800,27800,10,278000
2018-03-07,UNL,27244,27244,27244,27244,10,272440
2018-03-11,UNL,26700,26700,26700,26700,10,267000
2018-03-12,UNL,26900,26900,26800,26800,160,4303000
2018-03-13,UNL,26264,26264,26200,26200,500,13131360
2018-03-14,UNL,26200,26200,26200,26200,20,524000
2018-03-15,UNL,25676,25676,25676,25676,20,513520
2018-03-18,UNL,25163,25163,25163,25163,10,251630
2018-03-20,UNL,24701,24701,24701,24701,10,247010
2018-03-21,UNL,25195,26211,25195,26211,30,771040
2018-03-22,UNL,25687,25687,25174,25677,30,765380
2018-03-26,UNL,25164,25667,24651,24651,40,1006360
2018-03-28,UNL,24651,25145,24651,25145,1030,25889470
2018-04-01,UNL,25145,25647,25145,25145,510,12828970
2018-04-02,UNL,24643,24643,24643,24643,10,246430
2018-04-03,UNL,25135,25637,25135,25637,20,507720
2018-04-04,UNL,26000,26000,26000,26000,20,520000
2018-04-05,UNL,26500,26500,26500,26500,10,265000
2018-04-10,UNL,26200,26200,25163,25163,370,9678390
2018-04-11,UNL,25666,25666,25666,25666,30,769980
2018-04-12,UNL,25153,26169,25153,26169,30,769780
2018-04-17,UNL,26692,26692,26692,26692,10,266920
2018-05-02,UNL,26200,26200,26200,26200,10,262000
2018-05-03,UNL,26500,26500,26000,26000,30,790000
2018-05-08,UNL,26000,26000,26000,26000,30,780000
2018-05-16,UNL,25480,25480,25480,25480,10,254800
2018-05-28,UNL,25989,25989,25989,25989,50,1299450
2018-05-31,UNL,25472,25472,25472,25472,20,509440
2018-06-03,UNL,25981,26500,25981,26500,20,524810
2018-06-07,UNL,26500,26500,26500,26500,40,1060000
2018-06-14,UNL,27030,27570,27030,27570,20,546000
2018-06-17,UNL,27019,27019,27019,27019,10,270190
2018-06-24,UNL,27500,27500,27500,27500,5,137500
2018-06-26,UNL,26479,26479,26479,26479,10,264790
2018-06-27,UNL,25950,25950,25950,25950,10,259500
2018-06-28,UNL,25431,25900,25431,25900,50,1276920
2018-07-02,UNL,26000,26000,26000,26000,10,260000
2018-07-03,UNL,26450,26450,26400,26450,20,528500
2018-07-05,UNL,25921,25921,25403,25403,20,513240
2018-07-08,UNL,24895,25800,24895,25800,30,760870
2018-07-10,UNL,25284,25500,25000,25000,30,757840
2018-07-29,UNL,25450,25450,25000,25000,20,504500
2018-07-30,UNL,25000,25000,25000,25000,10,250000
2018-08-05,UNL,24500,24500,24500,24500,10,245000
2018-08-07,UNL,24300,24300,24010,24010,20,483100
2018-08-08,UNL,23530,23530,23530,23530,2,47060
2018-08-12,UNL,23530,23530,23060,23060,20,465900
2018-08-14,UNL,22599,22599,22151,22594,30,673440
2018-08-16,UNL,23045,23975,23045,23975,30,705250
2018-08-19,UNL,23501,23501,23496,23496,40,939940
2018-08-20,UNL,23965,23965,23965,23965,10,239650
2018-08-21,UNL,23501,23501,23501,23501,10,235010
2018-08-23,UNL,23031,23031,22573,22573,20,456040
2018-09-03,UNL,23024,24000,23024,24000,50,1179610
2018-09-05,UNL,23600,23600,23050,23050,60,1396230
2018-09-06,UNL,23511,24200,23511,23716,70,1664370
2018-09-10,UNL,24190,24190,24190,24190,40,967600
2018-09-11,UNL,24673,24673,24180,24663,40,976960
2018-09-20,UNL,24799,24799,24799,24799,10,247990
2018-09-30,UNL,24304,24304,24304,24304,10,243040
2018-10-14,UNL,23818,23818,22090,22531,110,2531390
2018-10-15,UNL,22500,23000,22500,23000,110,2522500
2018-10-21,UNL,22540,22540,22540,22540,10,225400
2018-10-22,UNL,22090,22090,21649,21649,30,653890
2018-10-23,UNL,22081,22081,22081,22081,10,220810
2018-10-24,UNL,22522,22522,22522,22522,10,225220
2018-10-25,UNL,22972,23431,22972,23431,20,464030
2018-10-31,UNL,23899,23899,23899,23899,10,238990
2018-11-06,UNL,23899,23899,23899,24376,10,243760
2018-11-25,UNL,23889,23889,22944,23402,50,1165910
2019-01-21,UNL,23350,23350,22883,22883,60,1396330
2019-01-22,UNL,22426,22426,21109,21109,130,2815060
2019-01-23,UNL,20687,20687,20274,20500,75,1533460
2019-01-24,UNL,20090,20892,19689,20892,120,2443980
2019-01-27,UNL,20500,20500,20475,20475,30,614500
2019-01-30,UNL,20077,20077,19272,19272,120,2352320
2019-01-31,UNL,19657,19657,19657,19657,50,982850
2019-02-03,UNL,19264,19300,19264,19300,50,964280
2019-02-04,UNL,18914,18914,18914,18914,10,189140
2019-02-05,UNL,18541,18541,18536,18536,30,556170
2019-02-06,UNL,18300,18300,18166,18166,30,546660
2019-02-11,UNL,17803,17803,17803,17803,20,356060
2019-02-13,UNL,18150,18870,18150,18870,30,555200
2019-02-17,UNL,19247,19247,19247,19247,10,192470
2019-02-18,UNL,18863,18863,18863,18863,10,188630
2019-02-19,UNL,18860,18860,18860,18860,10,188600
2019-02-24,UNL,19237,19621,19237,19621,20,388580
2019-02-27,UNL,20013,20413,19229,19500,130,2553840
2019-03-03,UNL,19110,19110,19110,19110,10,191100
2019-03-05,UNL,19492,19492,19492,19492,10,194920
2019-03-07,UNL,19105,19105,19105,19105,80,1528400
2019-03-10,UNL,19000,19000,19000,19000,10,190000
2019-03-11,UNL,19000,19000,19000,19000,10,190000
2019-03-12,UNL,19380,19380,19380,19380,10,193800
2019-03-13,UNL,19390,19390,19000,19000,130,2500500
2019-03-14,UNL,19000,19000,19000,19000,10,190000
2019-03-17,UNL,19380,19380,19380,19380,10,193800
2019-03-25,UNL,19000,19000,19000,19000,90,1710000
2019-03-26,UNL,19300,19300,19300,19300,10,193000
2019-03-27,UNL,19686,19686,19293,19293,20,389790
2019-03-28,UNL,19000,19379,19000,19379,20,383790
2019-03-31,UNL,19379,19700,19379,19700,20,390790
2019-04-09,UNL,19306,19306,18925,19000,50,958430
2019-04-10,UNL,18620,18992,18620,18992,70,1307120
2019-04-11,UNL,18613,18613,18241,18241,90,1660290
2019-04-22,UNL,18605,18977,18605,18977,30,565590
2019-04-23,UNL,19356,19743,19356,19743,30,588410
2019-04-24,UNL,19900,19900,19900,19900,10,199000
2019-04-25,UNL,19900,20298,19900,20298,25,501480
2019-04-28,UNL,20703,20703,20703,20703,20,414060
2019-04-29,UNL,21117,21117,21117,21117,10,211170
2019-04-30,UNL,20695,20695,20695,20695,10,206950
2019-05-02,UNL,20282,20282,20282,20282,10,202820
2019-05-05,UNL,20282,20282,20282,20282,10,202820
2019-05-08,UNL,20500,20500,20500,20500,10,205000
2019-05-09,UNL,20090,20090,20000,20000,20,400900
2019-05-12,UNL,20200,20200,20200,20200,10,202000
2019-05-13,UNL,20200,20200,20200,20200,20,404000
2019-05-14,UNL,19796,19796,19796,19796,20,395920
2019-05-15,UNL,20000,20000,20000,20000,10,200000
2019-05-19,UNL,20000,20000,20000,20000,20,400000
2019-05-20,UNL,20000,20000,20000,20000,10,200000
2019-05-23,UNL,20400,20400,20000,20000,30,604000
2019-05-27,UNL,19600,19600,19600,19600,10,196000
2019-05-28,UNL,19250,19250,19250,19250,10,192500
2019-05-29,UNL,19250,19630,19250,19630,20,388800
2019-05-30,UNL,20000,20000,20000,20000,10,200000
2019-06-03,UNL,19600,19600,19600,19600,10,196000
2019-06-06,UNL,19210,19210,19210,19210,50,960500
2019-06-10,UNL,19590,19590,19590,19590,10,195900
2019-06-11,UNL,19600,19700,19600,19700,20,393000
2019-06-12,UNL,19700,19700,19310,19696,90,1749560
2019-06-13,UNL,19304,19304,19304,19304,10,193040
2019-06-16,UNL,19680,19680,19680,19680,10,196800
2019-06-18,UNL,19287,19287,19287,19287,90,1735830
2019-06-19,UNL,19672,19672,19672,19672,10,196720
2019-06-20,UNL,19279,19279,19279,19279,10,192790
2019-06-23,UNL,18894,18894,18894,18894,10,188940
2019-06-24,UNL,18517,18517,18517,18517,10,185170
2019-06-25,UNL,18887,19264,18887,19264,20,381510
2019-06-30,UNL,19649,19649,19649,19649,10,196490
2019-07-03,UNL,20035,20035,20035,20035,10,200350
2019-07-07,UNL,20250,20250,20250,20250,10,202500
2019-07-14,UNL,20250,20250,20250,20250,10,202500
2019-07-17,UNL,20400,20400,20400,20400,10,204000
2019-07-21,UNL,20000,20000,20000,20000,10,200000
2019-07-24,UNL,20000,20000,20000,20000,10,200000
2019-07-31,UNL,20195,20195,20195,20195,10,201950
2019-08-06,UNL,19792,19792,19792,19792,10,197920
2019-08-25,UNL,20000,20000,20000,20000,10,200000
2019-08-26,UNL,20000,20000,19600,19600,20,396000
2019-08-29,UNL,19208,19208,19208,19208,20,384160
2019-09-02,UNL,19500,19500,19500,19500,10,195000
2019-09-05,UNL,19400,19400,19400,19400,40,776000
2019-09-09,UNL,19400,19400,19400,19400,10,194000
2019-09-17,UNL,19206,19206,19206,19206,80,1536480
2019-09-18,UNL,19200,19200,19200,19200,20,384000
2019-09-22,UNL,19000,19000,19000,19000,10,190000
2019-09-23,UNL,18621,18621,18621,18621,10,186210
2019-09-26,UNL,18350,18350,18350,18350,10,183500
2019-10-03,UNL,18717,20185,18717,20185,60,1171870
2019-10-10,UNL,20000,20200,20000,20200,20,402000
2019-11-17,UNL,19796,19796,19796,19796,10,197960
2019-11-18,UNL,19401,19401,19401,19401,10,194010
2019-11-21,UNL,19015,19015,19013,19013,50,950670
2019-12-11,UNL,18633,18633,18261,18261,20,368940
2019-12-12,UNL,17900,17900,17542,17542,20,354420
2019-12-15,UNL,17892,17892,17892,17892,10,178920
2019-12-16,UNL,17892,17892,17892,17892,20,357840
2019-12-17,UNL,17535,17535,17185,17500,30,522200
2019-12-23,UNL,17850,18571,17850,18571,30,546280
2019-12-24,UNL,18941,18941,18941,18941,10,189410
2020-01-06,UNL,18941,19000,18941,19000,20,379410
2020-01-07,UNL,19050,19050,19050,19050,10,190500
2020-01-12,UNL,19050,19050,19050,19050,50,952500
2020-01-13,UNL,19100,19100,19100,19100,10,191000
2020-01-15,UNL,19000,19300,19000,19300,40,768700
2020-01-21,UNL,19300,19300,19300,19300,20,386000
2020-01-26,UNL,18914,18914,18914,18914,10,189140
2020-01-27,UNL,18914,18914,18914,18914,10,189140
2020-01-30,UNL,18536,18536,18536,18536,10,185360
2020-02-02,UNL,18906,19050,18906,19050,20,379560
2020-02-03,UNL,19350,19350,19350,19350,10,193500
2020-02-10,UNL,18963,18963,18963,18963,10,189630
2020-02-12,UNL,18590,18590,18584,18584,30,557590
2020-02-16,UNL,18213,18213,18213,18213,10,182130
2020-02-18,UNL,17849,17849,17849,17849,10,178490
2020-02-25,UNL,18205,19633,18205,19633,80,1525000
2020-02-26,UNL,20025,21596,20025,21596,270,5792400
2020-02-27,UNL,22000,23345,22000,23330,130,2962470
2020-03-01,UNL,22865,22865,21959,22000,110,2459710
2020-03-03,UNL,22440,22440,22440,22440,10,224400
2020-03-05,UNL,21992,21992,21553,21553,20,435450
2020-03-16,UNL,21122,21122,20286,20286,30,621080
2020-03-17,UNL,19881,19881,19095,19200,40,776600
2020-07-01,UNL,19584,19584,19584,19584,10,195840
2020-07-05,UNL,19193,19193,19193,19193,20,383860
2020-07-08,UNL,18810,19186,18810,19186,40,756160
2020-07-09,UNL,19569,19569,19569,19569,10,195690
2020-07-12,UNL,19500,19500,19500,19500,20,390000
2020-07-14,UNL,19111,19111,19111,19111,10,191110
2020-07-15,UNL,18729,18800,18457,18800,50,932610
2020-07-21,UNL,19020,19975,19020,19975,50,967990
2020-07-22,UNL,19576,19966,19576,19966,20,395420
2020-07-26,UNL,20360,20360,19554,19554,50,989750
2020-07-27,UNL,19554,19600,19554,19600,30,587540
2020-07-28,UNL,19600,19600,19210,19210,60,1168200
2020-07-29,UNL,19210,19210,19210,19210,10,192100
2020-07-30,UNL,19210,19210,19210,19210,20,384200
2020-08-02,UNL,19210,19210,19210,19210,16,307360
2020-08-03,UNL,19210,19210,19210,19210,30,576300
2020-08-05,UNL,19210,19210,19210,19210,10,192100
2020-08-10,UNL,19000,19000,19000,19000,20,380000
2020-08-11,UNL,19000,19000,19000,19000,70,1330000
2020-08-13,UNL,19000,19000,19000,19000,56,1064000
2020-08-16,UNL,18620,18620,17884,18200,170,3076350
2020-08-17,UNL,18300,18300,18300,18300,21,384300
2020-08-18,UNL,18300,18300,18300,18300,31,567300
2020-08-20,UNL,18500,18500,18130,18130,20,366300
2020-08-23,UNL,18492,18492,18492,18492,20,369840
2020-08-24,UNL,18800,18800,18800,18800,10,188000
2020-08-25,UNL,19000,19000,19000,19000,10,190000
2020-08-26,UNL,19000,19098,19000,19098,20,380980
2020-08-27,UNL,18717,18717,18717,18717,10,187170
2020-08-31,UNL,18500,18870,18500,18870,20,373700
2020-09-06,UNL,19247,19247,19010,19150,30,574070
2020-09-10,UNL,19500,19890,19500,19890,50,981900
2020-09-13,UNL,20250,20250,19900,19900,30,603500
2020-09-14,UNL,20000,20000,19900,19900,30,598000
2020-09-17,UNL,19502,19502,19502,19502,10,195020
2020-09-20,UNL,19889,19889,19889,19889,20,397780
2020-09-21,UNL,19800,19800,19800,19800,15,297000
2020-09-22,UNL,19890,19890,19780,19800,40,792700
2020-09-23,UNL,19800,19800,19800,19800,10,198000
2020-09-24,UNL,19800,19800,19404,19404,40,780120
2020-09-27,UNL,19016,19074,17850,18025,220,4020630
2020-09-28,UNL,18100,18200,17800,17901,236,4241000
2020-09-29,UNL,18200,18259,17895,17895,60,1084640
2020-09-30,UNL,18200,18200,18200,18200,10,182000
2020-10-01,UNL,18200,18200,17880,17900,45,808210
2020-10-04,UNL,17900,18050,17900,18050,50,900500
2020-10-05,UNL,18100,18100,18100,18100,10,181000
2020-10-06,UNL,18100,18100,18100,18100,100,1810000
2020-10-07,UNL,18252,18252,18150,18150,50,908520
2020-10-11,UNL,18000,18000,17787,17800,130,2333750
2020-10-13,UNL,18000,18350,18000,18350,60,1083500
2020-10-14,UNL,18717,18717,18129,18129,40,736880
2020-10-15,UNL,18129,18129,17421,17501,250,4404680
2020-10-18,UNL,17550,17560,17450,17453,270,4718320
2020-10-20,UNL,17802,17802,17800,17800,30,534040
2020-10-21,UNL,17515,17515,17515,17515,10,175150
2020-10-22,UNL,17850,18000,17850,18000,70,1252950
2020-10-28,UNL,18000,18101,18000,18100,50,902010
2020-10-29,UNL,18100,18100,18100,18100,10,181000
2020-11-02,UNL,18000,18000,18000,18000,10,180000
2020-11-03,UNL,18360,18360,18300,18300,30,550100
2020-11-04,UNL,18560,18565,18300,18540,150,2776630
2020-11-05,UNL,18650,18650,18200,18200,60,1104270
2020-11-08,UNL,18006,18006,18000,18000,540,9720120
2020-11-09,UNL,17901,17901,17801,17801,1050,18745550
2020-11-10,UNL,18000,18000,17800,17800,150,2683560
2020-11-11,UNL,17702,18460,17701,18460,330,5980960
2020-11-12,UNL,18360,18500,18100,18500,100,1830550
2020-11-18,UNL,18140,18500,18140,18495,210,3878940
2020-11-19,UNL,18650,20344,18650,20344,1440,28615220
2020-11-22,UNL,20750,22378,19700,19700,1020,21405920
2020-11-23,UNL,20094,21000,20094,20700,140,2889720
2020-11-24,UNL,20287,20287,20286,20286,20,405730
2020-11-25,UNL,19881,21900,19881,21700,390,8213120
2020-11-26,UNL,22100,22950,21400,21400,858,19266420
2020-11-29,UNL,21600,23378,21592,21592,642,14357979
2020-11-30,UNL,21609,21800,21200,21200,115,2469620
2020-12-01,UNL,21300,21300,20874,21200,140,2940470
2020-12-02,UNL,20777,21184,20010,20100,245,5018070
2020-12-03,UNL,20502,20912,19689,19799,190,3834320
2020-12-06,UNL,19406,19555,19406,19406,160,3112030
2020-12-07,UNL,19794,20189,19794,20189,30,601720
2020-12-08,UNL,20592,20592,18973,18973,104,2075186
2020-12-09,UNL,19300,19999,19300,19600,131,2576579
2020-12-10,UNL,19325,19325,18800,19300,103,1966830
2020-12-13,UNL,19489,20200,19101,20200,70,1370350
2020-12-14,UNL,19900,19900,19200,19200,60,1178460
2020-12-15,UNL,19250,19580,19200,19220,135,2615470
2020-12-16,UNL,19220,19600,19200,19250,120,2325370
2020-12-17,UNL,19250,19500,19200,19200,100,1931300
2020-12-20,UNL,18816,19074,18620,18620,140,2629360
2020-12-21,UNL,18400,18990,18200,18700,140,2613080
2020-12-22,UNL,19074,19559,18800,19168,130,2503100
2020-12-23,UNL,19551,19551,19551,19551,40,782040
2020-12-27,UNL,19160,19160,18650,18700,80,1502100
2020-12-28,UNL,18701,18800,18700,18750,150,2807510
2020-12-29,UNL,18800,18940,18800,18800,70,1321300
2020-12-30,UNL,18425,18850,18425,18850,47,879220
2020-12-31,UNL,19125,19506,19125,19150,30,577810
2021-01-03,UNL,19500,19600,19110,19110,60,1162170
2021-01-04,UNL,18910,19200,18900,19000,70,1330100
2021-01-05,UNL,18890,18890,18889,18889,30,566680
2021-01-06,UNL,18888,19000,18669,18780,60,1129560
2021-01-07,UNL,19000,19100,18802,18802,110,2082490
2021-01-10,UNL,19178,19561,19178,19300,140,2710420
2021-01-11,UNL,19592,19593,19589,19589,30,587740
2021-01-12,UNL,19550,19550,19300,19310,40,776100
2021-01-13,UNL,19400,19688,19400,19688,140,2739260
2021-01-17,UNL,19850,20081,19800,19802,120,2388820
2021-01-18,UNL,20050,20502,20050,20489,90,1826430
2021-01-19,UNL,20490,20800,20106,20700,275,5635640
2021-01-20,UNL,20310,20310,20300,20300,30,609100
2021-01-21,UNL,20550,20550,20139,20450,220,4479690
2021-01-24,UNL,20500,20500,20190,20440,200,4068200
2021-01-25,UNL,20440,20440,20110,20150,185,3728550
2021-01-26,UNL,20160,20160,20000,20001,90,1803160
2021-01-27,UNL,20000,20080,19750,19750,80,1586020
2021-01-28,UNL,19750,20250,19750,20250,130,2602810
2021-01-31,UNL,20250,20250,19450,19460,60,1179060
2021-02-01,UNL,19849,20245,19849,20001,79,1588105
2021-02-02,UNL,20000,20200,19605,20000,60,1196020
2021-02-03,UNL,19700,19700,19600,19600,40,787000
2021-02-04,UNL,19650,19800,19401,19800,90,1759010
2021-02-07,UNL,20000,20430,20000,20022,98,1977380
2021-02-08,UNL,20000,20000,19985,19990,60,1199750
2021-02-09,UNL,20000,20150,20000,20150,20,401500
2021-02-10,UNL,20149,20149,19900,20100,50,1002490
2021-02-11,UNL,19700,20000,19700,19700,90,1782000
2021-02-14,UNL,19500,19500,19251,19500,80,1557510
2021-02-15,UNL,19500,19600,19500,19600,30,586000
2021-02-16,UNL,19650,19700,19570,19570,50,982200
2021-02-17,UNL,19185,19690,19185,19510,80,1556630
2021-02-18,UNL,19500,19899,19500,19899,110,2174390
2021-02-22,UNL,19905,20296,19905,20275,90,1807210
2021-02-23,UNL,19870,19870,19204,19204,145,2825060
2021-02-24,UNL,18900,19750,18900,19700,110,2150100
2021-02-28,UNL,19610,19610,19000,19380,200,3859180
2021-03-01,UNL,19759,19759,19500,19500,30,590180
2021-03-02,UNL,19121,19121,18728,18728,70,1322560
2021-03-03,UNL,18728,18728,18728,18728,20,374560
2021-03-04,UNL,19101,19101,18722,18722,20,378230
2021-03-07,UNL,18450,18450,18450,18450,10,184500
2021-03-09,UNL,18450,18450,18450,18450,10,184500
2021-03-10,UNL,18800,19184,18800,19184,40,756020
2021-03-14,UNL,19000,19000,18620,18900,50,941250
2021-03-15,UNL,18900,19200,18900,19200,20,381000
2021-03-16,UNL,19584,19584,19400,19400,30,585680
2021-03-17,UNL,19700,19700,19350,19350,30,584010
2021-03-18,UNL,19000,19000,18965,18965,40,758970
2021-03-21,UNL,19341,19727,19341,19500,30,585680
2021-03-22,UNL,19600,19600,19600,19600,10,196000
2021-03-23,UNL,19210,19210,19210,19210,10,192100
2021-03-24,UNL,19500,19869,19400,19869,121,2368610
2021-03-25,UNL,19900,19990,19600,19900,50,993800
2021-03-29,UNL,20199,20199,19800,20100,100,1992990
2021-03-30,UNL,20100,20400,20100,20400,20,405000
2021-03-31,UNL,19992,20200,19992,20200,60,1209920
2021-04-01,UNL,20200,20300,19797,20300,140,2813450
2021-04-04,UNL,20000,20190,19905,20190,50,1000050
2021-04-05,UNL,19790,19790,19787,19787,50,989380
2021-04-06,UNL,20182,20182,20000,20000,40,801820
2021-04-07,UNL,19601,19601,19601,19601,10,196010
2021-04-12,UNL,19600,19897,19600,19897,20,394970
2021-04-13,UNL,19500,20049,19287,19287,100,1980410
2021-04-15,UNL,19150,19500,19150,19500,80,1542510
2021-04-18,UNL,19300,19300,19300,19300,10,193000
2021-04-19,UNL,19300,19300,19201,19201,50,961060
2021-04-20,UNL,18916,19294,18916,19294,30,575030
2021-04-21,UNL,19300,19500,19260,19300,50,966600
2021-04-22,UNL,19440,19440,19440,19440,10,194400
2021-04-25,UNL,19052,19433,19045,19045,30,575300
2021-04-26,UNL,19045,19095,19000,19095,40,762350
2021-04-27,UNL,19400,19476,19400,19476,20,388760
2021-04-28,UNL,19500,19600,19450,19450,30,585500
2021-04-29,UNL,19061,19062,19061,19062,20,381230
2021-05-02,UNL,19430,19430,19000,19000,50,958610
2021-05-03,UNL,18901,19279,18901,18902,50,953610
2021-05-04,UNL,18903,18903,18625,18851,61,1146941
2021-05-05,UNL,18852,19100,18705,18705,90,1699230
2021-05-06,UNL,19079,19079,19079,19079,10,190790
2021-05-09,UNL,19079,19079,19079,19079,10,190790
2021-05-11,UNL,19079,19550,19079,19550,116,2252270
2021-05-12,UNL,19550,21505,19159,21430,875,17944995
2021-05-13,UNL,21858,23180,20993,21100,330,7254850
2021-05-16,UNL,21250,21350,20950,21300,160,3389200
2021-05-17,UNL,21650,21650,20900,21030,115,2421350
2021-05-18,UNL,21100,21100,20613,21070,150,3130740
2021-05-19,UNL,20710,20899,20651,20899,60,1245070
2021-05-20,UNL,21130,21130,20483,20483,95,1955205
2021-05-23,UNL,20400,20400,20150,20150,40,812000
2021-05-24,UNL,20552,20552,20141,20150,80,1617350
2021-05-25,UNL,20552,20552,19900,20000,110,2210590
2021-05-27,UNL,19700,20400,19676,20000,145,2919750
2021-05-30,UNL,20000,20800,20000,20200,255,5218550
2021-05-31,UNL,20001,20300,20000,20300,80,1609990
2021-06-01,UNL,20000,20000,19894,19894,50,998440
2021-06-02,UNL,19600,20000,19501,20000,55,1089375
2021-06-03,UNL,20200,20200,19826,19826,95,1897670
2021-06-06,UNL,20000,20000,19600,19600,90,1776720
2021-06-07,UNL,19700,19810,19700,19725,90,1777975
2021-06-08,UNL,19930,20050,19610,19610,90,1787200
2021-06-09,UNL,19320,19320,19310,19310,45,869150
2021-06-10,UNL,19696,19696,19412,19412,30,585210
2021-06-13,UNL,19451,19740,19451,19740,80,1573910
2021-06-14,UNL,19600,20000,19600,19998,141,2800464
2021-06-15,UNL,19900,19998,19816,19998,60,1191960
2021-06-16,UNL,20397,20397,19700,19700,90,1801970
2021-06-17,UNL,20093,20094,19800,20000,70,1394870
2021-06-20,UNL,19604,19604,19604,19604,40,784160
2021-06-21,UNL,19300,19300,19221,19221,30,577420
2021-06-22,UNL,19605,19997,19605,19990,50,995720
2021-06-23,UNL,19990,20300,19900,20139,50,1005080
2021-06-24,UNL,19750,20130,19737,20130,30,596170
2021-06-27,UNL,20500,20500,19700,20089,60,1202290
2021-06-28,UNL,20000,20000,19700,19700,40,796900
2021-06-29,UNL,20000,20090,19800,19900,65,1298080
2021-06-30,UNL,20000,20000,19995,19995,30,599950
2021-07-01,UNL,19800,19800,19600,19650,30,590500
2021-07-04,UNL,19350,19350,19350,19350,20,387000
2021-07-05,UNL,19700,19700,19700,19700,10,197000
2021-07-06,UNL,19700,19700,19306,19700,54,1055818
2021-07-07,UNL,19351,19351,19315,19315,60,1160360
2021-07-08,UNL,19700,19800,19698,19800,40,788990
2021-07-11,UNL,19980,19980,19980,19980,10,199800
2021-07-12,UNL,19900,19900,19900,19900,10,199000
2021-07-13,UNL,19510,19790,19503,19790,40,785530
2021-07-15,UNL,19441,19441,19395,19395,180,3492310
2021-07-18,UNL,19780,19800,19780,19790,30,593700
2021-07-19,UNL,19700,20185,19600,19600,230,4587900
2021-07-20,UNL,19992,20349.8,19900,19900,40,805418
2021-07-22,UNL,20298,20298,19989.7,19989.7,40,808837
2021-07-25,UNL,20387.5,20388,19981,20200,110,2225475
2021-07-26,UNL,20300,20300,20200,20250,50,1013470
2021-07-27,UNL,20449.8,20449.8,20100,20100,20,405498
2021-07-28,UNL,20500,20500,20100.1,20100.1,75,1521636.5
2021-07-29,UNL,19698.1,19698.1,19698.1,19698.1,10,196981
2021-08-01,UNL,20092,20493,20092,20175,90,1823480
2021-08-02,UNL,20375,20375,20375,20375,10,203750
2021-08-03,UNL,20000,20000,19602,19602,100,1989778
2021-08-04,UNL,19901,20298,19900,20298,60,1207940
2021-08-05,UNL,20000,20000,19608,19608,110,2161089
2021-08-08,UNL,19900,19990,19590.2,19590.2,78,1550253
2021-08-09,UNL,19982,19982,19982,19982,10,199820
2021-08-10,UNL,20380,20380,19972.4,20360,210,4248534
2021-08-11,UNL,20360,20400,19953,19953,60,1209960
2021-08-12,UNL,19560,19951.2,19560,19597,60,1179052
2021-08-15,UNL,19988.9,21200,19988.9,20400,254,5217020
2021-08-16,UNL,20000,20344,19992,20344,70,1404950
2021-08-17,UNL,20500,20500,20090,20090,70,1414800
2021-08-18,UNL,20200,20250,20000,20000,110,2215355
2021-08-19,UNL,19801,20000,19800,19960,90,1788720
2021-08-24,UNL,20000,20000,19580,19580,70,1390420
2021-08-26,UNL,19581,19620,19580,19580,80,1567620
2021-08-29,UNL,19600,19600,19501,19501,20,391010
2021-08-31,UNL,19700,19800,19565,19700,60,1180650
2021-09-01,UNL,19700,19850,19700,19850,30,592500
2021-09-02,UNL,19466,19466,19466,19466,10,194660
2021-09-05,UNL,19700,19700,19257,19265,80,1556380
2021-09-06,UNL,19000,19500,19000,19500,80,1546340
2021-09-07,UNL,19890,20699,19890,20480,645,13038998
2021-09-08,UNL,20800,20800,20070.4,20070.4,265,5411758
2021-09-09,UNL,20100,20100,19500,19500,60,1181940
2021-09-12,UNL,19400,20300,18995,19400.4,370,7102446
2021-09-13,UNL,19100,19630,18850,19630,320,6184842.5
2021-09-14,UNL,20000,20022.4,19650,19650,40,796948
2021-09-15,UNL,19650,19650,19400,19550,70,1369000
2021-09-16,UNL,19350,19700,19159,19400,80,1546330
2021-09-20,UNL,19050,19200,19012,19012,130,2480930
2021-09-21,UNL,18700,19074,18631,19074,80,1497278
2021-09-22,UNL,19200,19500,19200,19498,90,1747430
2021-09-23,UNL,19200,19380,19000,19380,60,1154800
2021-09-26,UNL,19650,19650,19650,19650,10,196500
2021-09-28,UNL,19650,19650,19399,19399,20,390490
2021-09-29,UNL,19100,19100,18800,18800,20,379000
2021-09-30,UNL,19176,19176,18800,18800,50,951280
2021-10-03,UNL,19100,19100,18660,18660,70,1315970
2021-10-04,UNL,18750,18750,18750,18750,20,375000
2021-10-05,UNL,19000,19000,19000,19000,20,380000
2021-10-06,UNL,19000,19686,19000,19324,94,1818396
2021-10-10,UNL,19710,20101,19590,19750,195,3874231
2021-10-11,UNL,19355,19355,18914,18914,40,764830
2021-10-18,UNL,18650,18999,18650,18999,30,563490
2021-10-19,UNL,18650,18798,18620,18798,50,934180
2021-10-20,UNL,18700,18700,18700,18700,30,561000
2021-10-21,UNL,19000,19000,18750.2,18750.2,50,947502
2021-10-24,UNL,18775,19533.5,18775,19533.5,100,1930400
2021-10-25,UNL,19142.9,19142.9,19142.8,19142.9,30,574286
2021-10-26,UNL,19500,19500,19200,19200,20,387000
2021-10-27,UNL,19100,19400,19100,19400,50,963500
2021-10-28,UNL,19012,19012,19012,19012,20,380240
2021-10-31,UNL,19350,19736,19350,19710,70,1376680
2021-11-01,UNL,19600,19600,19550,19550,30,587500
2021-11-03,UNL,19159,19159,18800,18800,30,568590
2021-11-08,UNL,19175,19558,19167,19167,40,770760
2021-11-09,UNL,19490,19499,19200,19499,40,776790
2021-11-11,UNL,19109.1,19880,19109.1,19880,80,1556452
2021-11-16,UNL,19482.4,20277.6,19092.8,19999,285,5642671
2021-11-17,UNL,20000,20000,19600,19600,80,1573500
2021-11-18,UNL,19700,19700,19308.1,19308.1,20,390081
2021-11-21,UNL,19599,19599,19200,19200,40,774064
2021-11-23,UNL,19100,19100,19005,19005,60,1141291
2021-11-24,UNL,19005,19005,19001,19001,23,437063
2021-11-25,UNL,19001,19295,19001,19295,50,961760
2021-11-28,UNL,18950,19000,18910,19000,80,1514500
2021-11-29,UNL,18900,18900,18625,18625,82,1544850
2021-11-30,UNL,18300,18300,18300,18300,10,183000
2021-12-02,UNL,18666,19000,18251,18251,70,1312360
2021-12-05,UNL,18616,18900,18616,18900,20,375160
2021-12-06,UNL,18550,18550,18400,18400,40,739500
2021-12-07,UNL,18768,18768,18401,18401,20,371690
2021-12-08,UNL,18150,18400,18050,18155,70,1271680
2021-12-09,UNL,18250,18250,18200,18200,20,364500
2021-12-12,UNL,18564,18564,18564,18564,20,371280
2021-12-13,UNL,18500,19312,18201,19312,110,2039485
2021-12-15,UNL,19000,19000,18700,18700,40,755758
2021-12-16,UNL,18900,18900,18700,18700,30,565000
2021-12-20,UNL,18850,18850,18850,18850,10,188500
2021-12-21,UNL,19227,19227,19000,19000,30,572270
2021-12-22,UNL,19000,19000,19000,19000,40,760000
2021-12-23,UNL,19000,19150,18900,18900,60,1143300
2021-12-26,UNL,19000,19110,19000,19100,65,1239700
2021-12-27,UNL,19200,19480,19000,19000,70,1345650
2021-12-28,UNL,18900,18900,18800,18800,20,377000
2021-12-29,UNL,19175,19176,19000,19096,50,956230
2022-01-02,UNL,19000,19200,19000,19050,50,955500
2022-01-03,UNL,18815,19400,18815,19100,120,2301433
2022-01-04,UNL,19100.3,19409,19100,19100,60,1155273
2022-01-05,UNL,19050,19075,19050,19075,70,1334498
2022-01-06,UNL,19075,19150.1,19075,19150.1,30,573252
2022-01-09,UNL,19200,19533,19160,19300,80,1541611
2022-01-10,UNL,19112,19162,19112,19162,70,1340340
2022-01-11,UNL,19250,19450,19250,19400,80,1552899
2022-01-12,UNL,19500,19500,19500,19500,60,1170000
2022-01-16,UNL,19207,19500,19203,19500,50,968100
2022-01-17,UNL,19205,19400,19012,19012,170,3252556
2022-01-18,UNL,19392.1,19600,19200,19200,140,2721842
2022-01-19,UNL,19100,19100,19050,19100,50,954000
2022-01-20,UNL,19125,19125,19125,19125,20,382500
2022-01-23,UNL,19300,19500,19125,19125,30,579250
2022-01-24,UNL,19125,19125,18803,19000,110,2083311
2022-01-27,UNL,19000,19000,19000,19000,10,190000
2022-01-30,UNL,18702,19050,18702,19050,60,1137520
2022-02-03,UNL,19100,19100,19002,19002,20,381020
2022-02-06,UNL,19050,19050,19002,19002,20,380520
2022-02-08,UNL,19381,19382,19381,19382,20,387630
2022-02-09,UNL,19050,19100,19050,19100,20,381500
2022-02-10,UNL,19200,19200,19200,19200,10,192000
2022-02-13,UNL,19000,19000,19000,19000,20,380000
2022-02-14,UNL,19000,19000,19000,19000,10,190000
2022-02-15,UNL,19000,19000,19000,19000,43,817000
2022-02-16,UNL,19000,19000,19000,19000,10,190000
2022-02-17,UNL,19000,19000,19000,19000,20,380000
2022-02-20,UNL,19000,19000,18700,18700,20,377000
2022-02-21,UNL,18900,19000,18900,19000,30,569000
2022-02-22,UNL,19000,19000,19000,19000,10,190000
2022-02-23,UNL,19000,19000,18632,18632,60,1121600
2022-02-24,UNL,19000,19000,18650,18650,50,942990
2022-02-27,UNL,18995,19000,18995,19000,30,569950
2022-02-28,UNL,18700,18700,18700,18700,10,187000
2022-03-02,UNL,18500,18500,18331,18331,30,553310
2022-03-06,UNL,18500,18500,18101,18101,30,548010
2022-03-07,UNL,18400,18463,18400,18463,30,552630
2022-03-09,UNL,18600,18600,18600,18600,10,186000
2022-03-10,UNL,18798,19173.9,18798,19173.9,80,1507659
2022-03-13,UNL,19173.9,19449,18800,19380,80,1536767
2022-03-14,UNL,19500,19500,19500,19500,10,195000
2022-03-16,UNL,19800,19800,19500,19500,45,883500
2022-03-20,UNL,19500,19500,19450,19450,30,584500
2022-03-23,UNL,19105,19105,19100,19100,80,1528310
2022-03-24,UNL,19200,19200,19000,19000,20,382000
2022-03-27,UNL,19379.9,19379.9,19379.9,19379.9,10,193799
2022-03-30,UNL,19002,19002,19002,19002,10,190020
2022-03-31,UNL,19100,19100,19100,19100,10,191000
2022-04-03,UNL,18718,18718,18502,18502,20,372200
2022-04-05,UNL,18800,19100,18800,19100,40,758720
2022-04-06,UNL,19100,19377,19100,19377,29,556670
2022-04-07,UNL,19377,19398,19377,19398,60,1162830
2022-04-11,UNL,19398,19398,19100,19100,110,2130520
2022-04-12,UNL,18718,18772,18404,18772,40,742980
2022-04-13,UNL,19000,19147,19000,19147,30,571470
2022-04-17,UNL,19140,19140,19100,19100,40,764800
2022-04-18,UNL,18800,18800,18800,18800,20,376000
2022-04-19,UNL,18424,18700,18424,18700,20,371240
2022-04-21,UNL,18700,18700,18402,18402,30,555050
2022-04-25,UNL,18700,18700,18700,18700,10,187000
2022-04-26,UNL,19000,19000,19000,19000,10,190000
2022-04-27,UNL,19299,19299,19299,19299,10,192990
2022-04-28,UNL,18914,18950,18600,18950,60,1132140
2022-05-04,UNL,18950,18950,18950,18950,10,189500
2022-05-05,UNL,18600,18600,18600,18600,10,186000
2022-05-09,UNL,18600,18600,18500,18500,20,371000
2022-05-11,UNL,18300,18600,18300,18600,30,552000
2022-05-18,UNL,18750,18750,18750,18750,10,187500
2022-05-20,UNL,18600,18600,18450,18450,20,370500
2022-05-23,UNL,18490,18490,18300,18300,30,550900
2022-05-24,UNL,18350,18350,18350,18350,10,183500
2022-05-25,UNL,18717,18717,18717,18717,10,187170
2022-05-26,UNL,19089.9,19089.9,19089.9,19089.9,10,190899
2022-05-27,UNL,19000,19000,19000,19000,10,190000
2022-05-31,UNL,18620,18620,18247.6,18611.9,80,1472147
2022-06-01,UNL,18600,18600,18599,18599,20,371990
2022-06-03,UNL,18227.1,18227.1,17864,17864,30,543182
2022-06-06,UNL,18200,18499,18200,18499,20,366990
2022-06-07,UNL,18129.6,18129.6,18129.6,18129.6,10,181296
2022-06-08,UNL,18100,18499,18100,18499,30,547990
2022-06-09,UNL,18499,18499,18350,18350,40,738470
2022-06-10,UNL,18000,18100,17386,17387,70,1239980
2022-06-13,UNL,17734.7,18100,17734.7,18100,110,1966941
2022-06-14,UNL,18461,18461,18461,18461,10,184610
2022-06-15,UNL,18100,18100,18000,18000,20,361000
2022-06-16,UNL,18000,18000,17999,17999,30,539990
2022-06-17,UNL,18100,18100,18100,18100,10,181000
2022-06-19,UNL,17900,17910,17900,17910,20,358100
2022-06-20,UNL,17950,17950,17751,17751,40,713620
2022-06-21,UNL,18106,18106,18106,18106,10,181060
2022-06-23,UNL,18200,18200,18200,18200,10,182000
2022-06-26,UNL,18400,18749,18033,18700,150,2786830
2022-06-28,UNL,18400,18400,18400,18400,10,184000
2022-06-29,UNL,18400,18400,18350,18350,20,367500
2022-06-30,UNL,18350,18700,18350,18700,20,370500
2022-07-03,UNL,18335,18335,18335,18335,10,183350
2022-07-04,UNL,18500,18500,18400,18400,20,369000
2022-07-05,UNL,18300,18300,18300,18300,20,366000
2022-07-07,UNL,18005,18300,18005,18005,40,725100
2022-07-11,UNL,18180,18180,17817,18005,30,540020
2022-07-12,UNL,18005,18005,18005,18005,10,180050
2022-07-13,UNL,18005,18005,17700,17700,20,357050
2022-07-14,UNL,18000,18180,18000,18000,50,903600
2022-07-15,UNL,18360,18360,18360,18360,10,183600
2022-07-17,UNL,18400,18551,18400,18551,20,369510
2022-07-19,UNL,18799,18799,18799,18799,10,187990
2022-07-21,UNL,18950,18950,18571,18571,20,375210
2022-07-24,UNL,18200,18500,18200,18500,50,913100
2022-07-25,UNL,18300,18300,18230.2,18300,160,2920126
2022-07-26,UNL,18666,18666,18000,18000,70,1281660
2022-07-27,UNL,18000,18000,18000,18000,20,360000
2022-07-28,UNL,18000,18000,16556.7,17545,290,5076021
2022-07-29,UNL,17650,17650,17650,17650,10,176500
2022-07-31,UNL,17751,18000,17751,18000,220,3935290
2022-08-01,UNL,17905,18100,17900,18100,70,1256959
2022-08-02,UNL,17950,17999.8,17950,17999.8,30,538998
2022-08-03,UNL,18000,18000,18000,18000,10,180000
2022-08-04,UNL,17900,17900,17900,17900,10,179000
2022-08-05,UNL,18000,18000,18000,18000,20,360000
2022-08-07,UNL,17641,17993.8,17641,17993.8,30,532758
2022-08-08,UNL,18353.6,19793.1,18353.6,19000,2131,41905556.1
2022-08-09,UNL,19380,19750,19380,19750,330,6444970
2022-08-10,UNL,20100,20600,19500,20600,1030,20283228
2022-08-11,UNL,20250,20250,18868,18905,860,16545143
2022-08-14,UNL,18600,18897.5,18527,18897.5,115,2139086
2022-08-15,UNL,19275,19275.4,19275,19275,90,1734754
2022-08-16,UNL,19660.5,19660.5,18135,18191,175,3230960.5
2022-08-17,UNL,18554.8,18600,18554.8,18600,20,371548
2022-08-21,UNL,18260,18690,18260,18690,90,1672280
2022-08-22,UNL,18500,18500,18344,18344,60,1106440
2022-08-23,UNL,18710.8,18720,18500,18500,71,1324218
2022-08-24,UNL,18850,19000,18650,18850,85,1596950
2022-08-25,UNL,18600,18600,18550,18550,20,371500
2022-08-26,UNL,18400,18500,18400,18500,20,369000
2022-08-28,UNL,18250,18575,18201,18575,180,3296460
2022-08-29,UNL,18880,18880,18300,18799,70,1300440
2022-08-31,UNL,18600,18800,18600,18800,30,561990
2022-09-01,UNL,18784,18784,18421,18485,50,930850
2022-09-02,UNL,18550,18550,18000,18000,865,15611443.5
2022-09-04,UNL,18360,18400,18100,18100,70,1280800
2022-09-05,UNL,18225,18225,18225,18225,10,182250
2022-09-06,UNL,18300,18400,18100,18100,100,1822600
2022-09-07,UNL,18200,18200,18050,18150,40,725500
2022-09-08,UNL,18200,18200,18100,18100,20,363000
2022-09-11,UNL,18399.9,18399.9,18399.9,18399.9,10,183999
2022-09-12,UNL,18100,18100,18100,18100,20,362000
2022-09-13,UNL,18050,18100,18050,18100,50,904000
2022-09-14,UNL,18421,18421,18400,18400,20,368210
2022-09-15,UNL,18400,18400,18000,18000,90,1630020
2022-09-18,UNL,17688,17688,17641,17641,40,706111
2022-09-20,UNL,17700,17701,17600,17700,80,1415010
2022-09-21,UNL,17401,17750,17401,17750,30,528010
2022-09-25,UNL,18000,18197.8,17500,17500,135,2398816.5
2022-09-27,UNL,17400,17400,17400,17400,10,174000
2022-09-28,UNL,17300,17646,17300,17646,35,608960
2022-09-29,UNL,17900,17998,17900,17998,20,358980
2022-10-09,UNL,17800,17800,17800,17800,10,178000
2022-10-10,UNL,18000,18091,17900,17900,31,557910
2022-10-11,UNL,17900,17900,17900,17900,30,537000
2022-10-12,UNL,17677,18000,17677,18000,20,356770
2022-10-13,UNL,18360,18360,18350,18350,40,734110
2022-10-16,UNL,18000,18360,18000,18120,228,4129377
2022-10-19,UNL,18120,18120,18120,18120,30,543600
2022-10-20,UNL,18100,18150,18100,18150,30,544000
2022-10-23,UNL,18000,18100,18000,18000,145,2616777
2022-10-31,UNL,18000,18000,18000,18000,20,360000
2022-11-01,UNL,18300,18300,18004,18004,20,363040
2022-11-02,UNL,18100,18364,18100,18300,60,1098280
2022-11-03,UNL,18666,19999,18666,19500,380,7402563
2022-11-06,UNL,19890,20499,19890,20000,640,12909680
2022-11-07,UNL,20010,20300,19612,19999.9,160,3203973
2022-11-08,UNL,19600,19690,19600,19600,60,1177400
2022-11-09,UNL,19208,19490,18826.1,19490,50,955941
2022-11-10,UNL,19103.1,19480,19103.1,19480,30,577831
2022-11-13,UNL,19100,19200,19100,19200,20,383000
2022-11-15,UNL,19583,19600,19505,19600,85,1663435
2022-11-16,UNL,19992,19998.8,19891,19891,95,1893933
2022-11-17,UNL,20000,20200,19600,19700,370,7392560
2022-11-22,UNL,19306,19306,18601,18601,115,2165325
2022-11-23,UNL,18600,18600,18600,18600,20,372000
2022-11-24,UNL,18600,18600,18600,18600,10,186000
2022-11-27,UNL,18940,18972,18600,18700,200,3771940
2022-11-28,UNL,18600,18600,18500,18500,29,538400
2022-11-29,UNL,18130,18555,17836,18184,110,2003240
2022-11-30,UNL,18001,18360,17700,17700,280,5011041
2022-12-01,UNL,18054,18415,18054,18415,30,548840
2022-12-04,UNL,18421,18500,18416,18500,60,1108050
2022-12-05,UNL,18870,18870,18600,18600,45,843050
2022-12-06,UNL,18450,18600,18450,18600,60,1112488
2022-12-07,UNL,18500,18500,18360.1,18360.1,80,1475202
2022-12-11,UNL,18727,19050,18424,18600,50,936010
2022-12-12,UNL,18590,18599,18590,18599,60,1115850
2022-12-14,UNL,18965,18965,18965,18965,20,379300
2022-12-15,UNL,18940,18940,18849,18849,120,2270070
2022-12-19,UNL,18480,18480,18475,18475,40,739050
2022-12-20,UNL,18600,18797,18600,18797,65,1217865
2022-12-21,UNL,18500,18550,18500,18500,80,1482390
2022-12-22,UNL,18865,18865,18500,18500,230,4310110
2022-12-27,UNL,18370,18725,18200,18245,590,10806345
2022-12-28,UNL,18300,18400,18215,18400,180,3290200
2022-12-29,UNL,18300,18768,18300,18675,202,3747940
2023-01-01,UNL,18900,18900,18300,18350,170,3132550
2023-01-03,UNL,18250,18499,18000,18100,150,2742870
2023-01-04,UNL,18250,18350,18250,18350,70,1282500
2023-01-05,UNL,18717,18717,18300,18300,50,922520
2023-01-08,UNL,18300,18300,18150,18250.2,70,1276502
2023-01-09,UNL,18250,19050,18250,18670,230,4266380
2023-01-10,UNL,18995,18995,18500,18500,135,2507145
2023-01-12,UNL,18500,18500,18130,18150,270,4918130
2023-01-17,UNL,18150,18150,18150,18150,10,181500
2023-01-18,UNL,18500,18559,18300,18300,280,5166210
2023-01-23,UNL,18350,18350,18200,18200,60,1096500
2023-01-25,UNL,18300,18450,18300,18450,20,367500
2023-01-26,UNL,18450,18450,18302,18320,40,735220
2023-01-29,UNL,18325,18400,18321,18400,55,1009210
2023-01-30,UNL,18450,18500,18450,18500,110,2034100
2023-01-31,UNL,18300,18300,18200,18220,59,1076900
2023-02-01,UNL,18350,18450,18350,18450,30,551500
2023-02-02,UNL,18450,18450,18300,18300,30,550500
2023-02-05,UNL,18400,18500,18400,18400,75,1384000
2023-02-06,UNL,18450,18450,18450,18450,20,369000
2023-02-07,UNL,18500,18500,18500,18500,40,740000
2023-02-08,UNL,18500,18800,18500,18750,270,5047680
2023-02-09,UNL,18750,19000,18750,19000,181,3418620
2023-02-12,UNL,19074,19844.5,19010,19100,445,8632576.5
2023-02-14,UNL,19482,20269,19330,20269,876,17417627
2023-02-15,UNL,20599,22000,20500,22000,707,14789091
2023-02-16,UNL,21560,21560,20500,20700,210,4372390
2023-02-20,UNL,20700,20700,20000,20000,200,4081340
2023-02-22,UNL,20346,20346,20000,20340,140,2838725
2023-02-23,UNL,20300,20300,19800,19800,191,3838194
2023-02-26,UNL,20000,20100,19950,19950,50,1000480
2023-02-27,UNL,19995,20349,19610,20000,195,3902916
2023-02-28,UNL,20000,20229,20000,20000,50,1002390
2023-03-01,UNL,20240,20240,20240,20240,10,202400
2023-03-02,UNL,20000,20000,19840,19840,80,1594950
2023-03-05,UNL,20000,20000,19900,19900,30,599000
2023-03-09,UNL,20000,20000,19900,19900,50,998000
2023-03-12,UNL,20297.9,20300,19900,19900,160,3211039
2023-03-13,UNL,19951,19951,19900,19900,40,796510
2023-03-14,UNL,19900,19900,19750,19750,30,594010
2023-03-15,UNL,19900,20145,19900,20145,60,1203300
2023-03-16,UNL,20145,20145,20145,20145,50,1007250
2023-03-19,UNL,20145,20210,20000,20210,140,2808850
2023-03-20,UNL,20210,20500,20210,20500,166,3377010
2023-03-22,UNL,20850,20910,20850,20910,220,4597950
2023-03-23,UNL,21199,21320,21000,21000,120,2551580
2023-03-26,UNL,21000,21300,21000,21300,240,5071570
2023-03-27,UNL,21325,21726,21325,21400,175,3748360
2023-03-28,UNL,21455,21500,21450,21500,65,1396300
2023-03-29,UNL,21500,21550,21500,21550,140,3012900
2023-03-30,UNL,21590,21700,21590,21600,140,3030200
2023-04-02,UNL,21650,21650,21600,21600,110,2378010
2023-04-03,UNL,21500,21500,21500,21500,10,215000
2023-04-04,UNL,21500,21550,21500,21500,270,5805500
2023-04-05,UNL,21502,21503,21502,21503,170,3655491
2023-04-06,UNL,21510,21650,21510,21650,95,2051250
2023-04-09,UNL,21650,22083,21650,22000,263,5758289
2023-04-10,UNL,22200,22748,22200,22310,430,9624240
2023-04-11,UNL,22756,23868,22756,23800,380,8696480
2023-04-12,UNL,23899,25000,23899,25000,120,2918820
2023-04-13,UNL,25000,25200,24010,24010,210,5246600
2023-04-16,UNL,23529.8,23529.8,23059.3,23059.3,71,1643709
2023-04-17,UNL,23000,23052,22600,23000,210,4795450
2023-04-18,UNL,22902,22902,22800,22800,50,1143060
2023-04-19,UNL,22610,23200,22410,22410,210,4769170
2023-04-20,UNL,22010,23024,22000,22674,380,8417440
2023-04-23,UNL,23127,23127,23127,23127,20,462540
2023-04-24,UNL,22690,23500,22690,23100,50,1154638
2023-04-25,UNL,23101,23750,23101,23750,30,704000
2023-04-26,UNL,24225,24225,23560,23560,40,950950
2023-04-27,UNL,23088.8,23088.8,22200,22200,30,679159
2023-04-30,UNL,22100,22100,22100,22100,10,221000
2023-05-02,UNL,22542,22542,22542,22542,10,225420
2023-05-03,UNL,22992.8,23200,22900,23200,40,920928
2023-05-04,UNL,23600,23664,23401,23401,50,1179760
2023-05-07,UNL,23400,23400,23400,23400,10,234000
2023-05-08,UNL,23868,24750,23300,23300,110,2661033
2023-05-09,UNL,23766,24241,23766,24241,60,1430710
2023-05-10,UNL,23816,24480,23815,24480,50,1199260
2023-05-11,UNL,24889,24895,24889,24895,35,866740
2023-05-14,UNL,25100,25195,24501,25000,231,5747061
2023-05-15,UNL,24510,24990,24210,24990,300,7366870
2023-05-16,UNL,25000,25350,25000,25350,195,4910700
2023-05-17,UNL,24843,25300,24843,25300,91,2289273
2023-05-18,UNL,24794,25600,24794,25205,235,5952086
2023-05-21,UNL,24810,25400,24810,24950,300,7533871
2023-05-22,UNL,25449,26700,25110,26700,600,15522330
2023-05-23,UNL,26510,29370,26510,28000,1640,46748329
2023-05-24,UNL,27440,30800,27440,30790,675,19753302
2023-05-28,UNL,31400,33869,29004.1,33000,440,13841093
2023-05-30,UNL,32340,33427,29700,33427,384,11855840
2023-05-31,UNL,32758.5,32758.5,30084.3,30084.3,310,9450884
2023-06-01,UNL,30084,31140,30000,30700,120,3645440
2023-06-04,UNL,31300,31925,31300,31925,80,2542501
2023-06-05,UNL,31300,31400,30100,31000,110,3408180
2023-06-06,UNL,30400,31742,30400,31200,130,4062890
2023-06-07,UNL,31800,31925,31300,31300,152,4772960
2023-06-08,UNL,31000,31000,30674,30674,30,923510
2023-06-11,UNL,30200,33342.7,30200,32634,404,13089766
2023-06-12,UNL,33286,35322,33219,34399,180,6127208
2023-06-13,UNL,35086.9,37838,32850,33320,425,14580342
2023-06-14,UNL,32655,33900,31948,31948,242,7916340.2
2023-06-15,UNL,32586.9,33238.6,30802.1,32000,240,7646256
2023-06-18,UNL,32399,32500,32380,32500,120,3896590
2023-06-19,UNL,31850,32808,31100,31301,320,10112504
2023-06-20,UNL,31301,31927,31301,31899,100,3154020
2023-06-21,UNL,32500,33333,31740,32642,414,13588035
2023-06-22,UNL,33288,33952,31505,31505,205,6716810
2023-06-25,UNL,32135,33333.3,32135,32790,40,1310360
2023-06-26,UNL,33000,33000,32135,32777.7,30,979127
2023-06-27,UNL,33199,33199,32535.1,32705,170,5577469
2023-06-28,UNL,33359,33359,33330,33330,20,666890
2023-07-02,UNL,32664,32664,32010.8,32585,175,5628203
2023-07-03,UNL,32700,32700,32046,32046,70,2249960
2023-07-04,UNL,31650,32130,31500,32130,50,1590200
2023-07-05,UNL,31487.4,32262.8,31010,31701,70,2226104
2023-07-06,UNL,31067,32320,31067,31900,65,2062694.5
2023-07-09,UNL,31270,31915,31270,31910,60,1908154
2023-07-10,UNL,31300,32595,31300,32595,220,7094808
2023-07-11,UNL,31945,32574.9,31310,32574.9,50,1603410
2023-07-12,UNL,33226,33226,32536,32536,90,2969375
2023-07-13,UNL,32700,32700,31886,32500,110,3545860
2023-07-16,UNL,32890,32998,32890,32998,40,1316870
2023-07-17,UNL,32338.1,33657.9,32338.1,33489,338,11193556
2023-07-18,UNL,32819.3,36499.9,32819.3,36300,816,27990856.8
2023-07-19,UNL,37026,39930,36161.1,37230,470,17593680
2023-07-20,UNL,37974,39290,37684.3,38453.3,180,6880225
2023-07-23,UNL,37684.3,38430,36950,37995,420,15798233
2023-07-24,UNL,38754,38754,37000,37300,250,9412529
2023-07-25,UNL,37990,39500,37990,39500,40,1542924
2023-07-26,UNL,39500,39500,36304.1,37000,420,15433481
2023-07-27,UNL,37700,37700,36101,36101,180,6586585
2023-07-30,UNL,35500,36700,35500,36650,70,2537194
2023-07-31,UNL,37100,37100,36358,37100,50,1835580
2023-08-01,UNL,37800,37800,36029,36029,110,4014950
2023-08-02,UNL,36700,36700,35511,36221,110,3976020
2023-08-03,UNL,36900,36900,36142.4,36142.4,40,1460844
2023-08-06,UNL,36650,36650,35500,35999,75,2686270
2023-08-07,UNL,36700,37420,36050,36050,90,3305479
2023-08-08,UNL,36771,37500.5,36250,36250,200,7342947
2023-08-09,UNL,36975,36975,36501,36501,40,1470010
2023-08-10,UNL,37231,37850,37090,37090,60,2236560
2023-08-13,UNL,37831,39349,36950,37300,140,5269150
2023-08-14,UNL,38040,38790,38014.2,38014.2,30,1148442
2023-08-15,UNL,37300,38000,36496,37200,95,3504730
2023-08-16,UNL,37944,37944,36502,36949,50,1851802
2023-08-17,UNL,37500,37500,36000,36000,130,4729570
2023-08-20,UNL,35500,36680,35500,36000,80,2863900
2023-08-21,UNL,36000,36000,35311,35900,290,10334110
2023-08-22,UNL,36615,36615,36150,36150,20,727650
2023-08-23,UNL,36560,36560,35900,35900,60,2165130
2023-08-24,UNL,35899,36000,35402,35888,90,3212301
2023-08-27,UNL,35200,36605.7,35200,36299.9,60,2155136
2023-08-28,UNL,36399.9,36399.9,35672,36200,50,1799439
2023-08-29,UNL,36400,36400,35800,35800,184,6676688
2023-08-30,UNL,35850,35900,35200,35260,633,22468349
2023-09-03,UNL,35900,35900,35182,35182,260,9257181
2023-09-04,UNL,35700,35700,35100,35100,210,7491000
2023-09-05,UNL,35750,35750,35540,35540,20,712900
2023-09-07,UNL,34830,34830,34829.2,34829.2,40,1393192
2023-09-10,UNL,35500,35500,34610,35000,170,5921780
2023-09-11,UNL,35400,35500,35000,35000,40,1413999
2023-09-12,UNL,34801,35001,34801,35001,20,698020
2023-09-13,UNL,35490,35490,35002,35002,40,1409440
2023-09-17,UNL,35003,35400,34450,35000,405,14231210
2023-09-18,UNL,35500,35500,35500,35500,10,355000
2023-09-19,UNL,35500,35590,35499.9,35590,30,1065899
2023-09-21,UNL,35777,37222.3,35777,37222.3,330,11845137
2023-09-24,UNL,36477.89,36900,35770,35770,48,1751678.9
2023-09-25,UNL,36400,36400,35900,36000,30,1083000
2023-09-26,UNL,36440,36440,35266,35266,50,1782716
2023-09-27,UNL,35444,35444,35444,35444,10,354440
2023-10-01,UNL,35750,35750,35060.1,35060.1,30,1060101
2023-10-02,UNL,35700,35700,35000,35100,50,1758011
2023-10-04,UNL,35300,35300,35000,35000,160,5613005
2023-10-05,UNL,35000,35500,34605,34605,60,2102101
2023-10-08,UNL,35222,35222,34674,34674,20,698960
2023-10-09,UNL,35300,35300,34900,35200,80,2807990
2023-10-10,UNL,35299,35300,35299,35300,20,705990
2023-10-11,UNL,35555,35555,35400,35400,180,6381430
2023-10-12,UNL,36105,36600,35210,35210,90,3242327
2023-10-16,UNL,35900,38000,35850,35850,140,5158769
2023-10-17,UNL,36500,36564.9,36000,36000,90,3278649
2023-10-18,UNL,36350,36350,36350,36350,10,363500
2023-10-19,UNL,37000,37000,36265,36265,60,2195449
2023-10-29,UNL,36990,36990,36250.3,36250.3,20,732403
2023-10-30,UNL,35610,35610,35525.3,35600,41,1459355
2023-10-31,UNL,36000,36000,36000,36000,40,1440000
2023-11-02,UNL,36000,36000,36000,36000,10,360000
2023-11-05,UNL,35525,36190,35501,35530,140,4980271
2023-11-06,UNL,36200,36200,36200,36200,10,362000
2023-11-07,UNL,36490,36900,36400,36900,110,4025350
2023-11-08,UNL,37490,37490,36740.2,37200,50,1861052
2023-11-09,UNL,37944,37944,37944,37944,10,379440
2023-11-20,UNL,38702,41000,38702,39400,70,2792030
2023-11-21,UNL,38900,39700,38500,39700,180,7084320
2023-11-22,UNL,40000,40400,39400,40100,100,4006380
2023-11-23,UNL,40902,40902,40084,40200,90,3623760
2023-11-26,UNL,41000,44209,40474,42900,550,23309326
2023-11-27,UNL,43399,45151,41401,41900,396,17039460
2023-11-28,UNL,42736,42736,41881.3,41881.3,23,971816.9
2023-11-29,UNL,41043.7,41043.7,39700,39749.9,120,4810619
2023-11-30,UNL,39749,41245,39749,40420.1,40,1618521
2023-12-03,UNL,41228,41485,40773,40773,40,1642591
2023-12-04,UNL,41499,41499,41499,41499,10,414990
2023-12-05,UNL,42328,42328,39000,39000,60,2424017
2023-12-06,UNL,39500,39500,38220,38220,160,6162850
2023-12-07,UNL,38000,39200,37500.1,38350.1,120,4616447
2023-12-10,UNL,39100,39882,39100,39882,30,1180820
2023-12-11,UNL,39100,39250,39000,39250,130,5083560
2023-12-12,UNL,39000,39000,38000,38101,200,7703820
2023-12-13,UNL,38862,38862,38150,38150,50,1917220
2023-12-14,UNL,37400,38199,37400,38199,55,2075777
2023-12-17,UNL,38800,38800,37450,37999,80,3024930
2023-12-18,UNL,38700,39400,38000,39000,160,6179985
2023-12-19,UNL,39740,39740,38500,38500,40,1557401
2023-12-20,UNL,38998.8,42350,38900,41503,270,10785717
2023-12-21,UNL,42200,44033,42200,44033,50,2140360
2023-12-24,UNL,43152.4,43152.4,42289.4,43100,40,1716942
2023-12-27,UNL,42238,43500,38790,43500,302,11979323
2023-12-28,UNL,42630,42630,42630,42630,10,426300
2024-01-01,UNL,43000,43000,42140,42140,20,851400
2024-01-04,UNL,41297.2,41297.2,38868.7,40000,98,3894301.2
2024-01-07,UNL,39200,39200,39001,39001,20,782010
2024-01-08,UNL,39781,39781,38320,39500,117,4577834
2024-01-09,UNL,40000,40000,40000,40000,20,800000
2024-01-10,UNL,39200,39984,38500.7,39984,80,3131268
2024-01-11,UNL,39185,39185,38600,38750,60,2335350
2024-01-14,UNL,39525,39525,38900,38900,30,1179500
2024-01-16,UNL,39678,40300,39500.1,39500.1,40,1597781
2024-01-17,UNL,39100,39882,39100,39700,45,1783230
2024-01-18,UNL,39105,40200,39105,40200,60,2389050
2024-01-21,UNL,41000,41000,39400,40200,110,4403801
2024-01-22,UNL,39800,40000,39700,39700,83,3306550
2024-01-23,UNL,38906,39684.1,38906,39020,50,1962102
2024-01-24,UNL,39800,39800,39300,39393,100,3952371
2024-01-25,UNL,40099.9,40600,39450,40000,110,4418377
2024-01-28,UNL,39301,39301,39301,39301,10,393010
2024-01-29,UNL,40000,40087,40000,40000,50,2001740
2024-01-30,UNL,39600,40000,39600,39993,200,7962030
2024-01-31,UNL,40100,41604.6,39975,41604.6,180,7310182
2024-02-01,UNL,41604.6,41604.6,40773,40773,30,1231526
2024-02-04,UNL,41588.4,41588.4,41000,41000,30,1235884
2024-02-05,UNL,40200,40200,40200,40200,10,402000
2024-02-06,UNL,41004,41500,41000,41000,108,4443500
2024-02-07,UNL,40210,40800,40210,40500,50,2026600
2024-02-08,UNL,39700,41300,39700,41300,90,3676990
2024-02-11,UNL,40474,40474,38350,38350,60,2360310
2024-02-12,UNL,39000,40400,39000,40400,51,2031300
2024-02-13,UNL,39592,40000,39501,40000,70,2772999
2024-02-14,UNL,39200,39983,39200,39983,20,791830
2024-02-15,UNL,39183.4,39183.4,39100,39100,22,861200.8
2024-02-18,UNL,38500,38500,38318,38318,90,3451260
2024-02-20,UNL,38350,38350,38300,38300,20,766500
2024-02-21,UNL,38320.1,39086,38320,39086,30,1157261
2024-02-22,UNL,39398,39788.9,39398,39500,50,1974859
2024-02-25,UNL,39600,40000,39600,40000,30,1195999
2024-02-26,UNL,39200,40443,39086,39500,81,3206818.1
2024-02-27,UNL,39500,39500,38750,39499,40,1564990
2024-02-28,UNL,39000,42300,38950,41900,150,6026461
2024-02-29,UNL,41100,41100,39500,39607,100,3999078
2024-03-03,UNL,38815,39900,38815,39093,100,3927010
2024-03-05,UNL,39500,39500,39000,39000,20,785000
2024-03-06,UNL,39500,39500,39000,39000,30,1175001
2024-03-07,UNL,39780,39780,38990,38990,50,1964701
2024-03-12,UNL,39699.9,40494,39684.2,40000,130,5190750.9
2024-03-13,UNL,40800,40800,40000,40000,104,4169600
2024-03-14,UNL,39201,39898,39000,39898,111,4394180
2024-03-17,UNL,39850,39900,39850,39900,150,5982500
2024-03-18,UNL,39899.9,39900,39899,39900,311,12408876.9
2024-03-19,UNL,40500,40500,39500,39500,500,20003190
2024-03-20,UNL,39899.9,39899.9,39000,39000,47,1858129
2024-03-21,UNL,39700,39700,39000,39000,80,3133001
2024-03-25,UNL,39000,40400,39000,39445,288,11322610
2024-03-26,UNL,40000,40000,39550.2,39550.2,22,874602.4
2024-03-27,UNL,40300,40600,39500,39500,200,8074500
2024-03-28,UNL,40200,40600,39800.1,39800.1,115,4638251
2024-03-31,UNL,40100,40100,40100,40100,10,401000
2024-04-01,UNL,40000,40000,40000,40000,10,400000
2024-04-03,UNL,40000,40000,40000,40000,10,400000
2024-04-04,UNL,40595.9,40595.9,39500,39980,70,2796189
2024-04-07,UNL,39181,40300,39181,40300,32,1274378
2024-04-09,UNL,39510,39550.1,39510,39550.1,30,1185701
2024-04-10,UNL,39999,40450,39998,40450,200,8011340
2024-04-14,UNL,40450,40450,40450,40450,10,404500
2024-04-21,UNL,39641,39641,39641,39641,10,396410
2024-04-22,UNL,39005,39005,38850,39000,40,1558550
2024-04-24,UNL,39780,39780,39780,39780,10,397800
2024-04-25,UNL,40199,40199,39500,39500,20,796990
2024-04-30,UNL,39295,39500,39295,39500,20,787950
2024-05-05,UNL,39500,39500,39500,39500,11,434500
2024-05-06,UNL,38711,38711,38710,38710,20,774210
2024-05-07,UNL,38710,38710,38710,38710,10,387100
2024-05-09,UNL,39000,39000,38400,38400,20,774000
2024-05-12,UNL,39100,39882,39000,39500,64,2524640
2024-05-15,UNL,40290,40290,39484.2,39484.2,20,797742
2024-05-16,UNL,39000,39000,39000,39000,30,1170000
2024-05-19,UNL,39780,39780,39780,39780,20,795600
2024-05-20,UNL,40200,40200,39800,39800,20,800000
2024-05-21,UNL,39800,40399.9,39800,40000,100,4021995
2024-05-22,UNL,39800,39800,39800,39800,10,398000
2024-05-26,UNL,39550,39550,39500,39500,30,1185500
2024-05-27,UNL,39500,39500,39351,39351,40,1577030
2024-05-29,UNL,40138,43286.1,40138,43286.1,1100,47482869
2024-05-30,UNL,44150,47614.7,44150,47400,771,36462668
2024-06-02,UNL,48348,49250,43663,43663,230,10414528
2024-06-03,UNL,43100,43643,41161,42110,410,17403058
2024-06-04,UNL,42952,46320,42952,44487,350,15790208
2024-06-05,UNL,45376.7,46900,44800,46000,180,8245892
2024-06-06,UNL,46891,46900,45043,45043,80,3677355
2024-06-09,UNL,44145,45943.8,43500,45033,130,5807432
2024-06-10,UNL,45700,45933.6,44160,44900,100,4514073
2024-06-11,UNL,44501,44501,44250,44250,50,2219510
2024-06-12,UNL,45135,45828,44912,45000,130,5890370
2024-06-13,UNL,44400,44500,44205,44500,120,5326960
2024-06-16,UNL,45350,45350,44443,44443,30,1342370
2024-06-18,UNL,44000,45000,43800,44220,80,3553221
2024-06-19,UNL,45100,45100,44198,44198,20,892980
2024-06-20,UNL,45070,45070,44000,44500,40,1780699
2024-06-23,UNL,44999.9,45000,44888,44999,50,2248869
2024-06-24,UNL,44201,45300,44201,44400,70,3113070
2024-06-25,UNL,44999,45287,44999,45287,45,2030295
2024-06-26,UNL,46190,46190,46190,46190,10,461900
2024-06-27,UNL,46000,46000,44800,45000,60,2710600
2024-06-30,UNL,44115,45900,44100.5,45900,30,1341155
2024-07-01,UNL,44982,44982,44350,44350,20,893320
2024-07-02,UNL,45237,46100,45237,46100,20,913370
2024-07-03,UNL,45178,45350,44444,45350,60,2688142
2024-07-04,UNL,44470,45359.4,44470,45000,82,3688394
2024-07-07,UNL,44501,45000,44101,45000,140,6279820
2024-07-08,UNL,45499.9,45499.9,44900,45000,100,4503999
2024-07-09,UNL,45100,45200,45100,45200,81,3659000
2024-07-10,UNL,46100,46100,45178,46000,50,2291780
2024-07-11,UNL,46899.9,47799,45850,45850,1113,51761600
2024-07-14,UNL,45950,45950,44933,44933,60,2726443
2024-07-15,UNL,44034.4,47328,43022,47328,712,31587943
2024-07-16,UNL,48000,48000,46101.2,46900,90,4250412
2024-07-17,UNL,47838,48794.7,46000,48794.7,180,8603137
2024-07-18,UNL,48000,52999,48000,52500,311,15502895
2024-07-21,UNL,53550,56805.8,53400,53400,126,6869515
2024-07-22,UNL,54468,56668,52335,55000,82,4486700
2024-07-23,UNL,53900,54000,51843,54000,270,14180524
2024-07-24,UNL,55080,56181.6,51862,53800,214,11356572
2024-07-25,UNL,54800,54800,51646,53750,150,7965730
2024-07-28,UNL,54500,55920,52680,52680,90,4897639
2024-07-29,UNL,53732,53732,51800,52000,155,8181860
2024-07-30,UNL,53040,54100,50101,50101,100,5159340
2024-07-31,UNL,50101,52125,49980,52125,270,13633261
2024-08-05,UNL,51082.5,51082.5,49050,50031,406,20147743
2024-08-06,UNL,49030.4,51000,49030.4,49980,215,10802174
2024-08-07,UNL,50000,51998,49900,50000.1,150,7608925
2024-08-08,UNL,51000,52000,50000,52000,60,3050010
2024-08-11,UNL,52999,52999,50000,50000,70,3563386
2024-08-12,UNL,51000,51000,49980,49999,500,25029499
2024-08-13,UNL,49999,50997,49999,50001,90,4537934
2024-08-14,UNL,50000,50997.3,49999,50997.3,50,2509953
2024-08-15,UNL,50999,50999,50000,50001,115,5834445
2024-08-18,UNL,50000,50110,49900,49900,140,7000019
2024-08-21,UNL,50000,50000,49920,49920,40,1999200
2024-08-22,UNL,49999,50000,49999,50000,81,4049940
2024-08-25,UNL,49999,50000,49500,49700,143,7130137
2024-08-27,UNL,50000,50374,49000,49000,130,6448516
2024-08-28,UNL,49980,50960,49200,49700,100,5034750
2024-08-29,UNL,49998.5,49998.5,49000,49900,80,3973985
2024-09-01,UNL,49105,49105,49100.1,49100.1,30,1473052
2024-09-02,UNL,49500,49501,48994,49225,50,2467200
2024-09-03,UNL,50000,50200,49400,49400,175,8667070
2024-09-04,UNL,50388,50388,49000,49500,350,17260999
2024-09-05,UNL,49500,49990,49500,49502,120,5945370
2024-09-08,UNL,50487,52538,50487,52538,150,7643679
2024-09-09,UNL,51487.3,51487.3,51455,51455,70,3602173
2024-09-10,UNL,51455,51455,50426,50500,30,1523810
2024-09-11,UNL,50000,50050,49750.1,49800,105,5240331
2024-09-12,UNL,50790,51811,50790,51800,80,4121830
2024-09-15,UNL,50801,51400,50800,50800,120,6128010
2024-09-16,UNL,50600,50600,49999.9,49999.9,20,1005999
2024-09-18,UNL,49001,50000,49001,49999,50,2489800
2024-09-22,UNL,50000,50000,49200.1,49200.1,90,4491971
2024-09-23,UNL,50184,50200,50000,50200,50,2505680
2024-09-24,UNL,49201,49500,49196,49500,70,3449950
2024-09-25,UNL,49999,50398.9,49999,50398.9,40,2003979
2024-09-26,UNL,51340,51340,50500,50750,80,4065201
2024-09-29,UNL,50052,50052,50000,50000,30,1501020
2024-09-30,UNL,50900,50950,50490,50490,40,2028400
2024-10-01,UNL,50500,50500,50020,50080,60,3007702
2024-10-02,UNL,51000,51082,50600,50600,50,2548452
2024-10-06,UNL,51612,52700,49700,52700,511,25706938.1
2024-10-07,UNL,51646,51646,50020.1,50760,260,13109131
2024-10-08,UNL,50000,50300,49999.9,50300,201,10052994
2024-10-09,UNL,51306,52300,50000,52000,201,10162150
2024-10-15,UNL,50960,51900,50000,50000,40,2037220
2024-10-16,UNL,50300,50300,49250,49250,131,6514051
2024-10-17,UNL,49499.9,49499.9,48850,48850,110,5399607
2024-10-20,UNL,48265,49488.9,47873,48000,151,7314259.9
2024-10-21,UNL,48954,48954,47900,48344,80,3860273
2024-10-22,UNL,49310,49800,48328.8,49800,70,3444341
2024-10-23,UNL,48804,49800,48400,48870,230,11224540
2024-10-24,UNL,48300,49845,48100,48200,230,11117600
2024-10-27,UNL,48800,48800,48150,48150,130,6276900
2024-10-28,UNL,49000,49000,48100,48220,136,6558600
2024-10-29,UNL,48300,48400,48300,48400,130,6282620
2024-10-30,UNL,48700,48720,48000,48000,40,1934210
2024-11-05,UNL,48959.6,48959.6,48000,48000,182,8758596
2024-11-06,UNL,48950,48950,47971,48000,170,8169510
2024-11-10,UNL,47600,48928.9,47600,48000,50,2411278
2024-11-11,UNL,48200.1,48530,48000,48000,100,4816411
2024-11-12,UNL,48600,48750,48000,48000,100,4816510
2024-11-13,UNL,47600,47980.8,47040,47300,316,14940821.6
2024-11-14,UNL,47000,47500,46411,47000,120,5672150
2024-11-17,UNL,47799.9,47799.9,46500,46600,172,8041759
2024-11-19,UNL,47200,47200,47174.9,47174.9,30,1415749
2024-11-20,UNL,46996.7,46996.7,46700,46700,30,1406932
2024-11-21,UNL,46700,46700,46000,46000,50,2307000
2024-11-24,UNL,46890,47500,46890,46999,40,1887790
2024-11-25,UNL,47938.6,47938.6,46250,46500,156,7326319.6
2024-11-26,UNL,46500,47000,46500,46800,70,3280999
2024-11-27,UNL,47400,47500,46700,47000,130,6105010
2024-11-28,UNL,46710,46950,46600,46950,60,2804600
2024-12-01,UNL,46013,46013,45100,46010,130,5916530
2024-12-02,UNL,46500,46500,46500,46500,10,465000
2024-12-03,UNL,46500,46900,46500,46501,50,2334010
2024-12-04,UNL,46500,46800,46500,46800,20,933000
2024-12-05,UNL,46500,46500,46165,46167,60,2776780
2024-12-08,UNL,46000,46000,46000,46000,30,1380000
2024-12-10,UNL,46920,46920,46920,46920,10,469200
2024-12-11,UNL,46800,46800,46800,46800,10,468000
2024-12-12,UNL,47400,47400,47400,47400,10,474000
2024-12-16,UNL,46452,46452,45552,46450,30,1384540
2024-12-17,UNL,45600,46001,45600,46000,40,1836010
2024-12-19,UNL,46500,46500,46500,46500,10,465000
2024-12-22,UNL,46200,46200,45500,45998,60,2748380
2024-12-23,UNL,46000,50597,46000,49585.1,100,4815671
2024-12-24,UNL,48593.4,48593.4,46000,46000,100,4669774
2024-12-26,UNL,46000,46000,46000,46000,120,5520000
2024-12-29,UNL,46000,46000,45750,45750,40,1837500
2024-12-31,UNL,45001,45500,44900,45500,170,7674510
2025-01-01,UNL,45000,45000,45000,45000,100,4500000
2025-01-02,UNL,45000,45000,44500,45000,45,2012500
2025-01-05,UNL,44200,44982,44100,44982,50,2214830
2025-01-06,UNL,45090,46000,45090,45500,40,1816900
2025-01-07,UNL,45000,45000,45000,45000,30,1350000
2025-01-08,UNL,45000,45050,45000,45050,60,2701000
2025-01-09,UNL,45200,45200,45050,45050,40,1806500
2025-01-12,UNL,45300,45300,44600,44600,30,1352000
2025-01-13,UNL,45492,45492,43800,44900,429,18956340
2025-01-15,UNL,45798,45798,45798,45798,10,457980
2025-01-16,UNL,46699,46699,44925,45678,40,1830680
2025-01-19,UNL,46580,46650,44803,46000,50,2300330
2025-01-20,UNL,46918,47856,46898.9,46900,80,3761897
2025-01-21,UNL,46900,46900,46800,46800,60,2813000
2025-01-22,UNL,46489,46800,45865.1,46782,111,5168597.1
2025-01-23,UNL,47490,47490,46000,46000,40,1865704
2025-01-26,UNL,46200,46200,46200,46200,35,1619250
2025-01-27,UNL,46000,46000,46000,46000,110,5060000
2025-01-28,UNL,46000,46500,46000,46500,30,1385000
2025-02-02,UNL,45600,46920,45600,46920,63,2917690
2025-02-03,UNL,46500,46918,46000,46918,60,2801540
2025-02-04,UNL,46500,46500,46500,46500,20,930000
2025-02-05,UNL,45701,46002,45701,46002,20,917030
2025-02-06,UNL,46500,46500,46002,46002,51,2361962
2025-02-09,UNL,46922,46922,46050,46799,40,1866930
2025-02-10,UNL,47000,47000,46999,47000,65,3054990
2025-02-12,UNL,47940,47940,46800,47000,50,2357400
2025-02-13,UNL,47000,47400,47000,47400,30,1414000
2025-02-16,UNL,47000,47001,46501,47000,50,2345020
2025-02-17,UNL,47500,47500,47000,47000,30,1415000
2025-02-18,UNL,47100,47100,47000,47000,20,941000
2025-02-20,UNL,46950,47000,46500,46500,60,2809010
2025-02-24,UNL,47000,47938,46500,46500,75,3518270
2025-02-25,UNL,45571,46010,45571,46002.1,65,2981541
2025-02-27,UNL,46921,46921,46500,46500,30,1400210
2025-03-02,UNL,47000,47000,47000,47000,15,705000
2025-03-03,UNL,47889,47889,47000,47000,60,2828952
2025-03-04,UNL,46800,46800,46800,46800,10,468000
2025-03-05,UNL,46800,46800,46800,46800,1,46800
2025-03-06,UNL,47736,47736,46000,46500,100,4648673
2025-03-09,UNL,46035,47000,46000,47000,94,4366544
2025-03-10,UNL,46500,47244,46301,46301,114,5304770
2025-03-11,UNL,45380,45380,45380,45380,10,453800
2025-03-12,UNL,45380,45380,45011,45011,40,1811510
2025-03-16,UNL,45911.2,46590,45152,45152,120,5450852
2025-03-17,UNL,46054,46054,46054,46054,10,460540
2025-03-18,UNL,45800.2,45951,45750,45750,48,2200622
2025-03-19,UNL,46660,46799,46649,46799,50,2334580
2025-03-20,UNL,46750,47000,46400,46601,116,5417639
2025-03-23,UNL,46015,46900,46015,46900,21,976050
2025-03-24,UNL,46500,46500,46500,46500,19,883500
2025-03-25,UNL,45600,46200,45600,46200,30,1379000
2025-03-26,UNL,46001,46001,46001,46001,10,460010
2025-03-27,UNL,45800,46002,45751,46002,50,2291530
2025-03-30,UNL,46000,46003,46000,46003,30,1380050
2025-04-01,UNL,46000,47480,46000,46550,50,2338100
2025-04-02,UNL,46500,46500,46005,46005,20,925050
2025-04-03,UNL,46350,46350,46350,46350,10,463500
2025-04-07,UNL,46350,46350,46300,46300,50,2316500
2025-04-08,UNL,46300,46600,46000,46600,80,3719000
2025-04-09,UNL,46600,46600,46200,46200,40,1860000
2025-04-10,UNL,46200,46500,46200,46500,22,1019400
2025-04-13,UNL,46500,47100,46500,46603.1,40,1868051
2025-04-15,UNL,46500,46500,46450,46450,20,929500
2025-04-16,UNL,45530,46500.2,45530,46500.2,30,1380312
2025-04-17,UNL,46500,47300,46500,47300,40,1873000
2025-04-20,UNL,46502,47500,46502,47500,60,2823019
2025-04-21,UNL,47000,47398,46901.1,47000,40,1882991
2025-04-22,UNL,46061,46500,46061,46500,20,925610
2025-04-23,UNL,47348,47348,46403,46551.5,30,1404510
2025-04-24,UNL,46551.5,46551.5,46551.5,46551.5,10,465515
2025-04-27,UNL,46500,46990,46500,46990,60,2794900
2025-04-28,UNL,46500,46650,46500,46500,50,2327500
2025-05-04,UNL,47420,47420,47325,47390,110,5210340
2025-05-05,UNL,46510,46510,46444,46444,30,1394540
2025-05-06,UNL,46600,46600,46600,46600,10,466000
2025-05-07,UNL,46500,46501,46500,46500,50,2325010
2025-05-08,UNL,47430,47430,46900,46900,20,943300
2025-05-11,UNL,46500,46900,46400,46400,60,2791000
2025-05-13,UNL,46400,46400,46050,46250,50,2310000
2025-05-15,UNL,46300,46300,46300,46300,37,1713100
2025-05-18,UNL,47225,47225,46305,46305,30,1400300
2025-05-19,UNL,47230,47980,46505,46505,66,3103530
2025-05-21,UNL,47434,48098,47434,48098,70,3346960
2025-05-22,UNL,48450,48450,46700,46700.25,60,2827330
2025-05-25,UNL,46717,46717,46714,46714,30,1401470
2025-05-26,UNL,47648,47648,46705,46706,40,1877660
2025-05-27,UNL,47637,47637,46687,46687,70,3277910
2025-05-28,UNL,47620,47620,47620,47620,10,476200
2025-06-02,UNL,48572,48572,46730,46730,40,1896340
2025-06-03,UNL,46500,46500,46500,46500,20,930000
2025-06-04,UNL,46201,46923,46003,46923,60,2773360
2025-06-05,UNL,46923,46923,46500,46500,40,1868460
2025-06-08,UNL,47398,47398,47398,47398,10,473980
2025-06-09,UNL,46455.1,46455.1,46455.1,46455.1,10,464551
2025-06-10,UNL,46455,46455,46200,46200,85,3939100
2025-06-11,UNL,45285.4,46998,45285.1,46998,190,8720848
2025-06-12,UNL,46065,46800,46063,46800,60,2779910
2025-06-16,UNL,46002.1,46920,46002.1,46431.15,140,6471112.9
2025-06-17,UNL,46100.2,47031,46100.2,46121.27,227,10464785.6
2025-06-18,UNL,47043,47043,46121,46121,66,3057616
2025-06-19,UNL,47043.4,47900,45990,46188,440,20408354
2025-06-22,UNL,47100,47100,45700,46200,390,17989980
2025-06-23,UNL,47100,47100,45000,45601.3,1108,50184164
2025-06-24,UNL,45013,46716,45013,46716,30,1375290
2025-06-25,UNL,46000,46000,45790,46000,44,2021900
2025-06-26,UNL,45800,47120,45800,46888,70,3246080
2025-06-29,UNL,45950.3,45950.3,45032,45250,50,2281152
2025-06-30,UNL,46155,47000,45450,47000,60,2758650
2025-07-01,UNL,46060,46060,45500,46000,90,4126400
2025-07-02,UNL,46790,46790,46001,46700,30,1394910
2025-07-06,UNL,46050,46050,45990,45994.33,56,2576330
2025-07-07,UNL,46010,46010,46010,46010,10,460100
2025-07-08,UNL,46300,46300,46299,46299,20,925990
2025-07-09,UNL,46888,46888,46888,46888,10,468880
2025-07-10,UNL,46010,46010,46000,46000,50,2300130
2025-07-13,UNL,46920,46950,46001,46001,110,5092492
2025-07-14,UNL,46014,46014,46000,46000,50,2300410
2025-07-15,UNL,46000,46308,45201,45415.55,217,9867561.7
2025-07-16,UNL,46300,46887,46300,46340,40,1858270
2025-07-17,UNL,47150,47150,46900,46900,40,1880500
2025-07-20,UNL,46900,46900,46700,46700,50,2341000
2025-07-21,UNL,46666.6,46666.6,46500.1,46500.1,70,3259824
2025-07-22,UNL,46980,47430.1,46500,47430.1,60,2818402
2025-07-23,UNL,47430.1,48900,47430.1,48900,146,7098167
2025-07-24,UNL,47926,48200,47926,48200,20,961260
2025-07-27,UNL,47500,48450,47500,47800,60,2875490
2025-07-28,UNL,48755.9,48756,48755.9,48755.96,38,1845295.1
2025-07-29,UNL,49731,50724,49000,49000.5,70,3477106
2025-07-30,UNL,49250,49250,49250,49250,10,492500
2025-07-31,UNL,48265,48450,47500,48450,50,2402150
2025-08-04,UNL,48450,48450,47602,47900.5,46,2212534
2025-08-05,UNL,47900.5,48000,47900,48000,21,1007500
2025-08-06,UNL,47050,47500,46105.1,46700,292,13681223.9
2025-08-07,UNL,47500,47600,46650,46705,111,5221111
2025-08-11,UNL,46600,46600,46050,46050,80,3700610
2025-08-12,UNL,46970,47900,46970,47000,50,2358110
2025-08-13,UNL,47000,47000,46101,47000,50,2325031
2025-08-14,UNL,47100,47900,47100,47900,90,4282600
2025-08-17,UNL,48800,48840,47864,47864,30,1455040
2025-08-19,UNL,47500,47500,47500,47500,10,475000
2025-08-20,UNL,47500,47500,47500,47500,1,47001
2025-08-21,UNL,47200,47200,47200,47200,10,472000
2025-08-25,UNL,47200,47500,47200,47500,30,1422000
2025-08-26,UNL,47500,47500,47500,47500,20,950000
2025-08-27,UNL,47999,48960,47999,48960,50,2409590
2025-08-28,UNL,47980.8,47980.8,47980.8,47980.8,10,479808
2025-08-31,UNL,47111,48000,47101,48000,40,1902120
2025-09-01,UNL,48000,48000,48000,48000,21,1008920
2025-09-02,UNL,47600,48000,47500,47700,80,3811000
2025-09-03,UNL,47805,47805,47801,47801,50,2390120
2025-09-04,UNL,47801,47801,47801,47801,5,241818
2025-09-07,UNL,48499.8,48499.8,48000,48000,60,2884998
2025-09-08,UNL,48000,48003.1,48000,48003.1,23,1104843.2
2025-09-18,UNL,47043.1,47043.1,47043.1,47043.1,10,470431
2025-09-21,UNL,46700,47800,46500,47800,100,4703980
2025-09-23,UNL,47500,47790,47500,47790,20,952900
2025-09-24,UNL,48745,49738.9,48745,49737,140,6926406
2025-09-25,UNL,49737,49737,48743,48743,124,6056075.3
2025-09-28,UNL,49698,49698,49000,49000,30,1476980
2025-10-07,UNL,48025.6,48600,48024.2,48300,100,4834253
2025-10-08,UNL,48300,48999,48150,48150,145,7043489
2025-10-09,UNL,49113,49113,48500,48500,30,1461130
2025-10-12,UNL,49000,49000,48600,48600,50,2443000
2025-10-13,UNL,48400,48705,48400,48600,150,7287050
2025-10-14,UNL,49200,49200,48021,48021,96,4674546
2025-10-15,UNL,48200,48800,48200,48800,30,1455000
2025-10-16,UNL,48250,48300,48000,48100,95,4577000
2025-10-19,UNL,49000,49062,48080.8,48080.8,30,1461428
2025-10-26,UNL,48080.8,49000,48000,48900,234,11368327.4
2025-10-28,UNL,47922,48000,47000,47001,100,4746490
2025-10-29,UNL,47500,47500,47500,47500,20,950000
2025-11-02,UNL,48000,48000,48000,48000,10,480000
2025-11-03,UNL,47500,47500,47500,47500,10,475000
2025-11-04,UNL,47500,47700,47500,47700,24,1142800
2025-11-05,UNL,47700,47700,47700,47700,10,477000
2025-11-06,UNL,47000,47010,47000,47010,30,1410100
2025-11-09,UNL,47450,47450,47450,47450,10,474500
2025-11-10,UNL,47000,47000,47000,47000,10,470000
2025-11-11,UNL,47000,47000,47000,47000,20,940000
2025-11-13,UNL,46500,46500,46500,46500,10,465000
2025-11-16,UNL,45570.1,46390,45200,46390,100,4579163
2025-11-17,UNL,47000,47000,47000,47000,10,470000
2025-11-18,UNL,47000,47000,46800,46990,70,3281790
2025-11-19,UNL,47290,47290,47290,47290,13,614770
2025-11-20,UNL,47150,47150,46801,46850,40,1878010
2025-11-23,UNL,46500,46500,46500,46500,10,465000
2025-11-24,UNL,47000,47000,46600,46600,20,936000
2025-11-25,UNL,47400,47400,47350,47350,30,1421000
2025-11-27,UNL,46900,46900,46600,46700,45,2102255.5
2025-12-01,UNL,47000,47400,47000,47400,50,2365950
2025-12-02,UNL,47000,47200,47000,47200,40,1884000
2025-12-03,UNL,47200,47200,46256,46256,51,2392448
2025-12-07,UNL,46500,46500,46500,46500,10,465000
2025-12-08,UNL,47420,47420,47000,47000,27,1269701.4
2025-12-09,UNL,47000,47000,47000,47000,2,92128.2
2025-12-10,UNL,47000,47000,46600,46600,20,936000
2025-12-11,UNL,47530,47530,47530,47530,12,568458.8
2025-12-14,UNL,47000,47195,46583,46583,75,3528495
2025-12-15,UNL,46900,46950,46900,46900,40,1877000
2025-12-16,UNL,47000,47000,46995,47000,60,2819950
2025-12-17,UNL,47000,47000,47000,47000,11,517939
2025-12-18,UNL,46500,47190,46500,47190,80,3732900
2025-12-22,UNL,47190,47190,46998.2,46998.2,40,1881882
2025-12-23,UNL,46995,46995,46995,46995,10,469950
2025-12-24,UNL,47100,47200,47100,47200,30,1414000
2025-12-28,UNL,46800,47100,46800,47000,50,2349000
2025-12-29,UNL,46500.1,46552,46500.1,46552,20,930521
2025-12-31,UNL,47400,47500,47000,47199,80,3783980
2026-01-01,UNL,47199,47199,47000,47000,66,3103990
2026-01-04,UNL,47505,47505,47000,47000.1,90,4235051
2026-01-06,UNL,47400,47400,47000,47300,50,2359000
2026-01-07,UNL,47000,47000,47000,47000,10,470000
2026-01-08,UNL,47000,47000,46800.1,46800.1,72,3376303.1
2026-01-12,UNL,47200,47200,46600.1,46600.1,47,2207433.3
2026-01-13,UNL,47532,47532,47100,47100,25,1183980
2026-01-14,UNL,47100,47100,46500.1,47100,22,1032043
2026-01-18,UNL,47000,47000,46750,47000,50,2347500
2026-01-20,UNL,47100,47100,46300.5,46300.5,23,1072906.5
2026-01-21,UNL,46505.2,47090,46505.2,47090,55,2578752.9
2026-01-22,UNL,47090,47091,46801,47020,38,1781469.2
2026-01-25,UNL,47500,47501,47500,47500,76,3610299
2026-01-26,UNL,47500,47500,46900.1,46900.2,135,6348460.2
2026-01-27,UNL,47700,47700,47700,47700,10,477000
2026-01-28,UNL,47000,47150,47000,47150,32,1508380
2026-01-29,UNL,46214,47000,46214,47000,30,1397140
2026-02-01,UNL,47500,47500,46900,47100,60,2824000
2026-02-02,UNL,47000,47100,47000,47000,50,2352000
2026-02-03,UNL,47000,47900,47000,47900,11,526400
2026-02-04,UNL,47980,47980,47980,47980,10,479800
2026-02-05,UNL,47900,47900,47600,47600,23,1100258
2026-02-08,UNL,46700,46701,46700,46701,20,934010
2026-02-09,UNL,47600,47635,47000,47000,31,1470937
2026-02-10,UNL,46311,46311,46300,46300,40,1852220
2026-02-12,UNL,46601,46950,46600,46600,40,1869560
2026-02-17,UNL,46600,46600,46600,46600,1,46000
2026-02-22,UNL,46200,46200,46200,46200,50,2310000
2026-02-23,UNL,46115,46115,46115,46115,10,461150
2026-02-24,UNL,46200,46601,46200,46600,60,2780510
2026-02-25,UNL,47479,47479,47479,47479,13,620046
2026-02-26,UNL,47479,47479,46600,46600,52,2425428
2026-03-01,UNL,46600,46950,46300,46300,50,2333500
2026-03-03,UNL,46300,46300,46300,46300,5,231819
2026-03-11,UNL,46002,46650,46000,46000,360,16626690
2026-03-12,UNL,46202,46300,46051,46300,60,2768660
2026-03-15,UNL,46300.1,47100,46300,47100,35,1628501
2026-03-16,UNL,47100,47199,47100,47199,15,704836
2026-03-19,UNL,47199,47290,47199,47290,21,993941.9
2026-03-22,UNL,47290,47290,46400,47150,141,6627470
2026-03-23,UNL,47150,47150,46900,47000,53,2487995
2026-03-24,UNL,46101,46500,46101,46311,99,4578390
2026-03-25,UNL,46998,46999,46490,46490,32,1496992
2026-03-26,UNL,46490.1,46950,46490.1,46950,32,1497901
2026-03-29,UNL,46950,46950,46200,46501,71,3309899
2026-03-30,UNL,46500,46550,46500,46501,50,2326010
2026-03-31,UNL,46502,46780,46502,46780,20,932820
2026-04-01,UNL,46780,46780,46700,46700,20,934800
2026-04-02,UNL,46695,47400,46695,46700,53,2482978.1
2026-04-05,UNL,46200,47000,46200,46400,77,3584700
2026-04-06,UNL,47000,47220,47000,47200,30,1414200
2026-04-07,UNL,47200,47200,47000,47000,21,987000
2026-04-08,UNL,47050.1,47100,47000,47100,75,3527001
2026-04-09,UNL,47000,47099,47000,47099,70,3290990
2026-04-10,UNL,47099,47100,47099,47100,30,1412980
2026-04-13,UNL,46900,46900,46600,46700,70,3270000
2026-04-15,UNL,46700,46950,46700,46950,20,936500
2026-04-16,UNL,47000,47200,47000,47200,30,1412000
2026-04-17,UNL,47250,47300,47250,47300,60,2837500
2026-04-21,UNL,47300,47300,47200,47200,15,705549
2026-04-22,UNL,47000,47000,46500,46500,25,1163000
2026-04-23,UNL,46300,46300,46220,46220,30,1388200
2026-04-27,UNL,46220,46890,46220,46890,29,1360736
2026-04-28,UNL,46890,47050,46890,47050,45,2118296
2026-04-29,UNL,47050,47020,46999,47000,50,2350180
2026-04-30,UNL,47000,47000,47000,47000,1,47000
2026-05-04,UNL,46800,46900,46000,46000,70,3271000
2026-05-05,UNL,46001,46450.1,46001,46450,70,3242021
2026-05-07,UNL,46550,46800,46550,46800,20,933500
2026-05-08,UNL,46800,46900,46400,46400,51,2373050
2026-05-11,UNL,46500,46500,46400,46400,30,1393100
2026-05-12,UNL,46320,46320,46310,46310,30,1389400
2026-05-13,UNL,46500,46500,46500,46500,10,465000
2026-05-14,UNL,46500,46550,46405,46550,61,2837250
2026-05-15,UNL,46550,46550,46310,46310,21,974200
2026-05-18,UNL,46500,46500,46500,46500,10,465000
2026-05-19,UNL,46501,46501,46300,46300,50,2322010
2026-05-20,UNL,46900,47000,46900,46900,40,1877000
2026-05-22,UNL,47340,47450,47330,47330,110,5208710
2026-05-25,UNL,47102,47102,47000,47000,30,1412020
2026-05-26,UNL,47000,47350,47000,47100,50,2358500
2026-05-27,UNL,47250,47250,47100,47100,20,943500
2026-06-01,UNL,46600,46600,46600,46600,10,466000
2026-06-02,UNL,46925,47000,46925,47000,80,3754750
2026-06-03,UNL,46800,46900,46700,46700,40,1872500
2026-06-05,UNL,46900,46900,46725,46725,60,2805250
2026-06-08,UNL,46625,47590,46625,47590,70,3311550
2026-06-09,UNL,47000,47100,46975,47100,120,5639390
2026-06-10,UNL,46650.1,46800,46650.1,46800,110,5142782
2026-06-11,UNL,46750.1,47000,46725,47000,150,7016502
2026-06-15,UNL,46201,46201,46200,46200,100,4620041
2026-06-16,UNL,47399.9,47399.9,47399.9,47399.9,10,473999
2026-06-19,UNL,47399.9,47399.9,47399.9,47399.9,2,94798
2026-06-22,UNL,46501,47000,46501,47000,40,1875010
2026-06-23,UNL,47399.9,47399.9,47000,47000,60,2839995
2026-06-24,UNL,47000,47000,47000,47000,80,3760000
2026-06-25,UNL,46900,46900,46800,46800,20,937000
2026-06-26,UNL,47350,47350,46700.1,46700.1,50,2349501
2026-06-29,UNL,46601,46610,45501,46000,80,3698120
2026-06-30,UNL,46990,46990,46900,46900,24,1121300
2026-07-01,UNL,46550,46550,46500,46505,40,1860551
2026-07-03,UNL,47000,47000,46600,46600,100,4688050
2026-07-06,UNL,47799.9,47799.9,47799.9,47799.9,10,477999
2026-07-07,UNL,47300,47300,47300,47300,10,473000
2026-07-08,UNL,47200,47200,47200,47200,10,472000
2026-07-09,UNL,46600,46600,46600,46600,10,466000
2026-07-10,UNL,47000,47000,46550.1,46550.1,20,935501
2026-07-13,UNL,47000,47000,46555,46555,30,1405550
2026-07-14,UNL,46555,46555,46505,46505,20,930600
2026-07-15,UNL,47899.9,47899.9,47200,47200,20,950999
2026-07-20,UNL,47010.1,47015,47010.1,47015,20,940251
2026-07-21,UNL,47040,47040,47040,47040,10,470400
2026-07-22,UNL,47800,47800,47800,47800,10,478000
2026-07-23,UNL,47800,48000,47799.9,48000,60,2871399
2026-07-28,UNL,48100,48100,47998,47998,20,960980
2026-07-30,UNL,48200,48200,48200,48200,10,482000
2026-07-31,UNL,48590,48590,48590,48590,10,485900
2026-08-04,UNL,47200,47200,47200,47200,10,472000
2026-08-05,UNL,47800,48000,47800,48000,20,958000
2026-08-07,UNL,48500,48500,48500,48500,13,627500
2026-08-10,UNL,48500,48500,48500,48500,10,485000
2026-08-11,UNL,48300,48500,48300,48500,45,2178500
2026-08-12,UNL,47700,47700,47700,47700,10,477000
2026-08-14,UNL,47400,47400,47400,47400,10,474000
2026-08-18,UNL,47000,47000,46500,46500,20,935000
2026-08-19,UNL,46600,46600,46600,46600,10,466000
2026-08-24,UNL,47200,47200,47200,47200,10,472000
2026-08-27,UNL,47200,47200,47200,47200,10,472000
2026-08-31,UNL,46300,46300,46200,46200,20,925000
2026-09-03,UNL,46250,46250,46250,46250,10,462500
2026-09-07,UNL,46350,46600,46200,46300,80,3709650
2026-09-09,UNL,46400,46400,46000,46000,50,2308000
2026-09-10,UNL,47000,47200,46000,47200,70,3268000
2026-09-11,UNL,47200,47200,47200,47200,1,48000
2026-09-15,UNL,47000,47000,47000,47000,10,470000
2026-09-16,UNL,47959.9,48410,47959.9,48410,120,5780838
2026-09-17,UNL,48500,48500,48500,48500,10,485000
2026-09-18,UNL,47999,47999,47999,47999,10,479990
2026-09-22,UNL,47999,47999,47999,47999,1,48200
2026-09-28,UNL,48000,48000,48000,48000,10,480000
2026-09-29,UNL,48000,48000,48000,48000,10,480000
2026-09-30,UNL,48800,49200,48800,49200,80,3920880
2026-10-01,UNL,49100,49100,49100,49100,30,1473000
2026-10-02,UNL,48600,48600,48600,48600,10,486000
2026-10-05,UNL,48600,49000,48600,49000,30,1462000
2026-10-06,UNL,49000,49150,49000,49000,78,3827200
2026-10-07,UNL,48200,48200,48000,48000,20,962000
