date,symbol,open,high,low,close,volume,turnover
2015-11-10,VLBS,312,343,318,343,168,56974
2015-11-29,VLBS,343,376,349,376,50,18110
2015-11-30,VLBS,376,383,383,383,10,3830
2015-12-01,VLBS,383,404,390,404,30,11910
2015-12-02,VLBS,404,420,412,420,20,8320
2015-12-03,VLBS,420,436,428,436,28,12128
2015-12-07,VLBS,436,479,444,479,76,35397
2015-12-08,VLBS,479,526,502,526,319,167374
2015-12-09,VLBS,526,578,536,578,130,74070
2015-12-10,VLBS,578,635,589,635,92,56723
2015-12-13,VLBS,635,698,647,698,50,33610
2015-12-14,VLBS,698,767,711,767,85,62913
2015-12-15,VLBS,767,843,782,843,648,544734
2015-12-16,VLBS,843,927,859,927,4082,3758702
2015-12-17,VLBS,927,1019,945,1019,11089,11244886
2015-12-20,VLBS,1019,1044,967,980,16297,16358504
2015-12-21,VLBS,980,985,900,951,7937,7457761
2015-12-22,VLBS,951,1020,953,1020,6941,6883939
2015-12-23,VLBS,1020,1075,1000,1050,9042,9389896
2015-12-24,VLBS,1050,1155,1029,1155,7798,8682538
2015-12-27,VLBS,1155,1178,1110,1161,8188,9417372
2015-12-28,VLBS,1161,1175,1141,1153,7129,8220929
2015-12-29,VLBS,1153,1170,1108,1170,7982,9238237
2015-12-31,VLBS,1170,1203,1084,1200,5459,6434808
2016-01-03,VLBS,1200,1225,1180,1225,6898,8332539
2016-01-04,VLBS,1225,1235,1172,1195,3188,3853176
2016-01-05,VLBS,1195,1200,1170,1184,4100,4824598
2016-01-06,VLBS,1184,1190,1105,1136,3875,4451058
2016-01-07,VLBS,1136,1155,1120,1136,1902,2159761
2016-01-10,VLBS,1136,1175,1130,1175,6088,7061038
2016-01-11,VLBS,1175,1175,1130,1161,5645,6537069
2016-01-12,VLBS,1161,1208,1100,1201,7670,8902409
2016-01-13,VLBS,1201,1250,1195,1228,10301,12567083
2016-01-14,VLBS,1228,1275,1200,1249,7928,9768681
2016-01-31,VLBS,1249,1373,1273,1373,100,132320
2016-02-01,VLBS,1373,1505,1400,1503,1240,1851800
2016-02-02,VLBS,1503,1500,1475,1475,753,1121125
2016-02-03,VLBS,1475,1479,1450,1470,332,486240
2016-02-04,VLBS,1470,1442,1415,1440,810,1161140
2016-02-07,VLBS,1440,1468,1412,1412,550,795650
2016-02-14,VLBS,1412,1439,1439,1439,400,575600
2016-02-15,VLBS,1439,1411,1330,1370,2349,3233035
2016-02-16,VLBS,1370,1380,1360,1360,745,1019800
2016-02-18,VLBS,1360,1387,1387,1387,10,13870
2016-02-21,VLBS,1387,1360,1333,1335,48,64356
2016-02-22,VLBS,1335,1330,1315,1330,350,462950
2016-02-23,VLBS,1330,1305,1279,1279,103,133385
2016-02-24,VLBS,1279,1255,1230,1254,386,477760
2016-02-25,VLBS,1254,1240,1220,1240,112,137546
2016-02-28,VLBS,1240,1260,1230,1250,90,111930
2016-02-29,VLBS,1250,1375,1275,1335,3061,4028785
2016-03-01,VLBS,1335,1371,1340,1340,952,1282262
2016-03-02,VLBS,1340,1393,1320,1393,1604,2187260
2016-03-06,VLBS,1393,1420,1388,1420,570,800290
2016-03-10,VLBS,1420,1560,1448,1559,4791,7153242
2016-03-13,VLBS,1559,1621,1549,1605,2631,4131610
2016-03-14,VLBS,1605,1600,1559,1559,2140,3372220
2016-03-15,VLBS,1559,1570,1501,1501,3596,5626100
2016-03-16,VLBS,1501,1500,1472,1500,125,184644
2016-03-17,VLBS,1500,1505,1475,1475,472,703860
2016-03-20,VLBS,1475,1490,1450,1461,1332,1967578
2016-03-21,VLBS,1461,1468,1440,1465,314,455220
2016-03-23,VLBS,1465,1440,1440,1440,110,158400
2016-03-24,VLBS,1440,1412,1385,1385,112,157820
2016-03-27,VLBS,1385,1361,1346,1346,172,233554
2016-03-28,VLBS,1346,1385,1320,1385,1004,1347276
2016-03-29,VLBS,1385,1485,1400,1450,999,1450150
2016-03-30,VLBS,1450,1450,1421,1421,1248,1782440
2016-03-31,VLBS,1421,1400,1393,1400,916,1277770
2016-04-03,VLBS,1400,1415,1375,1415,420,592790
2016-04-04,VLBS,1415,1387,1370,1385,1383,1897660
2016-04-05,VLBS,1385,1370,1370,1370,32,43840
2016-04-06,VLBS,1370,1380,1370,1370,223,306533
2016-04-10,VLBS,1370,1351,1342,1342,496,669543
2016-04-11,VLBS,1342,1350,1320,1350,681,914385
2016-04-12,VLBS,1350,1350,1345,1345,267,360187
2016-04-14,VLBS,1345,1405,1371,1405,403,556205
2016-04-17,VLBS,1405,1415,1390,1390,350,487230
2016-04-18,VLBS,1390,1399,1385,1385,298,413677
2016-04-19,VLBS,1385,1400,1360,1376,180,247910
2016-04-20,VLBS,1376,1380,1349,1376,377,514974
2016-04-21,VLBS,1376,1400,1353,1372,292,401905
2016-04-24,VLBS,1372,1380,1355,1370,245,334450
2016-04-25,VLBS,1370,1380,1360,1380,243,333065
2016-04-26,VLBS,1380,1410,1368,1388,2050,2834609
2016-04-27,VLBS,1388,1450,1380,1450,1619,2305038
2016-04-28,VLBS,1450,1479,1425,1443,1192,1730484
2016-05-02,VLBS,1443,1445,1430,1430,170,245050
2016-05-03,VLBS,1430,1435,1387,1400,700,982208
2016-05-04,VLBS,1400,1395,1373,1373,50,69230
2016-05-05,VLBS,1373,1401,1360,1380,1400,1941164
2016-05-08,VLBS,1380,1400,1350,1400,1326,1803730
2016-05-09,VLBS,1400,1420,1376,1400,644,902062
2016-05-10,VLBS,1400,1405,1371,1375,1415,1970540
2016-05-11,VLBS,1375,1448,1360,1400,750,1034171
2016-05-12,VLBS,1400,1445,1375,1433,1968,2790275
2016-05-15,VLBS,1433,1430,1405,1415,1808,2551825
2016-05-16,VLBS,1415,1420,1390,1415,759,1069329
2016-05-17,VLBS,1415,1465,1414,1450,1496,2154820
2016-05-18,VLBS,1450,1485,1422,1457,6656,9751705
2016-05-19,VLBS,1457,1539,1415,1512,8515,12450863
2016-05-22,VLBS,1512,1581,1490,1579,4885,7638927
2016-05-23,VLBS,1579,1591,1545,1568,1262,1990758
2016-05-24,VLBS,1568,1653,1560,1585,2403,3811087
2016-05-25,VLBS,1585,1616,1520,1521,2637,4189918
2016-05-26,VLBS,1521,1595,1487,1582,2382,3741639
2016-05-29,VLBS,1582,1565,1540,1565,1145,1782142
2016-05-30,VLBS,1565,1565,1534,1535,387,597673
2016-05-31,VLBS,1535,1565,1506,1511,648,993682
2016-06-01,VLBS,1511,1541,1511,1525,1253,1909389
2016-06-02,VLBS,1525,1527,1500,1517,775,1178340
2016-06-05,VLBS,1517,1495,1470,1470,242,357962
2016-06-06,VLBS,1470,1500,1440,1500,1503,2227169
2016-06-07,VLBS,1500,1530,1478,1501,486,734329
2016-06-08,VLBS,1501,1531,1492,1500,511,768586
2016-06-09,VLBS,1500,1540,1502,1516,3425,5218352
2016-06-12,VLBS,1516,1570,1500,1560,874,1355235
2016-06-13,VLBS,1560,1685,1551,1660,5967,9599180
2016-06-14,VLBS,1660,1826,1693,1826,12710,22324404
2016-06-15,VLBS,1826,1850,1750,1800,7066,12583377
2016-06-16,VLBS,1800,1856,1765,1856,7324,13230844
2016-06-19,VLBS,1856,1893,1790,1790,2241,4103049
2016-06-20,VLBS,1790,1790,1690,1790,2331,4127030
2016-06-21,VLBS,1790,1830,1760,1830,4818,8675242
2016-06-22,VLBS,1830,1940,1794,1876,2821,5311928
2016-06-23,VLBS,1876,1920,1860,1910,2023,3845119
2016-06-26,VLBS,1910,1900,1850,1870,746,1396400
2016-06-27,VLBS,1870,1869,1833,1833,640,1186354
2016-06-28,VLBS,1833,1820,1790,1820,707,1269694
2016-06-29,VLBS,1820,1907,1830,1907,6731,12542279
2016-06-30,VLBS,1907,1958,1863,1958,2195,4231702
2016-07-03,VLBS,1958,2153,1958,2100,8517,17685872
2016-07-04,VLBS,2100,2150,1970,1985,3077,6280090
2016-07-05,VLBS,1985,2064,1910,1950,2863,5607564
2016-07-06,VLBS,1950,1960,1900,1920,1825,3538016
2016-07-10,VLBS,1920,1958,1870,1930,2110,4036620
2016-07-11,VLBS,1930,1920,1867,1920,623,1179746
2016-07-12,VLBS,1920,1958,1920,1958,50,97360
2016-07-13,VLBS,1958,1919,1800,1800,1121,2041677
2016-07-14,VLBS,1800,1905,1750,1750,5301,9655315
2016-07-17,VLBS,1750,1715,1584,1584,50,82440
2016-07-18,VLBS,1584,1615,1426,1500,4673,7179303
2016-07-19,VLBS,1500,1560,1450,1451,1319,1982885
2016-07-20,VLBS,1451,1450,1380,1405,2555,3631866
2016-07-21,VLBS,1405,1500,1377,1470,405,586565
2016-07-25,VLBS,1470,1580,1470,1560,1631,2497043
2016-07-26,VLBS,1560,1600,1550,1600,1077,1685690
2016-07-27,VLBS,1600,1648,1605,1630,693,1126623
2016-07-28,VLBS,1630,1630,1540,1540,753,1171886
2016-07-31,VLBS,1540,1570,1530,1570,913,1423213
2016-08-01,VLBS,1570,1570,1475,1539,938,1446735
2016-08-02,VLBS,1539,1509,1460,1471,99,146050
2016-08-03,VLBS,1471,1500,1430,1490,788,1155510
2016-08-04,VLBS,1490,1485,1450,1450,423,620516
2016-08-07,VLBS,1450,1510,1435,1435,1380,2023100
2016-08-08,VLBS,1435,1450,1393,1393,160,226250
2016-08-10,VLBS,1393,1445,1420,1422,700,1001910
2016-08-11,VLBS,1422,1431,1385,1400,477,673396
2016-08-14,VLBS,1400,1372,1301,1325,616,811018
2016-08-15,VLBS,1325,1360,1300,1330,627,832255
2016-08-16,VLBS,1330,1330,1279,1295,1477,1917520
2016-08-17,VLBS,1295,1363,1300,1355,2669,3604096
2016-08-21,VLBS,1355,1390,1350,1350,76,104210
2016-08-22,VLBS,1350,1350,1283,1283,916,1185703
2016-08-23,VLBS,1283,1300,1235,1240,692,876597
2016-08-24,VLBS,1240,1324,1236,1324,296,378682
2016-08-28,VLBS,1324,1366,1339,1366,320,431727
2016-08-29,VLBS,1366,1393,1350,1393,712,964375
2016-08-30,VLBS,1393,1397,1370,1378,843,1172864
2016-08-31,VLBS,1378,1461,1380,1404,680,960112
2016-09-01,VLBS,1404,1432,1405,1432,40,57010
2016-09-03,VLBS,1432,1410,1355,1358,595,821830
2016-09-05,VLBS,1358,1415,1345,1400,636,891560
2016-09-06,VLBS,1400,1450,1400,1400,969,1383506
2016-09-07,VLBS,1400,1428,1373,1428,163,229520
2016-09-08,VLBS,1428,1427,1390,1406,682,958869
2016-09-11,VLBS,1406,1456,1395,1396,176,250729
2016-09-12,VLBS,1396,1380,1380,1380,30,41400
2016-09-14,VLBS,1380,1405,1353,1377,528,735967
2016-09-18,VLBS,1377,1430,1400,1430,695,980390
2016-09-20,VLBS,1430,1435,1405,1435,102,144185
2016-09-21,VLBS,1435,1455,1400,1410,1012,1438645
2016-09-22,VLBS,1410,1415,1400,1401,1035,1453920
2016-09-25,VLBS,1401,1400,1300,1325,407,546565
2016-09-26,VLBS,1325,1346,1314,1340,261,345631
2016-09-27,VLBS,1340,1366,1315,1325,148,199807
2016-09-28,VLBS,1325,1360,1330,1330,206,277200
2016-09-29,VLBS,1330,1366,1286,1290,242,321535
2016-10-02,VLBS,1290,1300,1231,1300,1125,1420156
2016-10-03,VLBS,1300,1300,1275,1280,196,251075
2016-10-04,VLBS,1280,1280,1250,1250,546,684800
2016-10-05,VLBS,1250,1235,1225,1228,350,430050
2016-10-06,VLBS,1228,1285,1212,1285,809,1006571
2016-10-16,VLBS,1285,1290,1280,1280,40,51400
2016-10-17,VLBS,1280,1290,1290,1290,42,54180
2016-10-18,VLBS,1290,1300,1275,1299,357,459130
2016-10-19,VLBS,1299,1297,1211,1241,514,638127
2016-10-20,VLBS,1241,1227,1221,1226,57,69850
2016-10-23,VLBS,1226,1254,1226,1235,535,660189
2016-10-24,VLBS,1235,1257,1222,1230,847,1039917
2016-10-25,VLBS,1230,1250,1206,1206,182,223380
2016-10-26,VLBS,1206,1244,1185,1191,973,1178269
2016-10-27,VLBS,1191,1224,1185,1200,863,1043648
2016-11-03,VLBS,1200,1220,1200,1205,313,378087
2016-11-07,VLBS,1205,1298,1191,1298,152,187154
2016-11-08,VLBS,1298,1336,1285,1285,847,1116176
2016-11-09,VLBS,1285,1260,1210,1210,437,533045
2016-11-10,VLBS,1210,1210,1186,1210,1586,1907684
2016-11-13,VLBS,1210,1220,1190,1210,358,434000
2016-11-14,VLBS,1210,1226,1193,1195,1097,1324384
2016-11-15,VLBS,1195,1210,1174,1174,1350,1599620
2016-11-16,VLBS,1174,1174,1151,1170,554,644905
2016-11-17,VLBS,1170,1170,1140,1150,442,508752
2016-11-20,VLBS,1150,1172,1100,1121,594,666470
2016-11-21,VLBS,1121,1120,1070,1075,730,793097
2016-11-22,VLBS,935,917,917,917,10,9170
2016-11-23,VLBS,917,900,880,880,120,106800
2016-11-24,VLBS,880,890,857,875,562,489795
2016-11-27,VLBS,875,860,843,843,200,170300
2016-11-28,VLBS,843,827,827,827,100,82700
2016-11-29,VLBS,827,884,843,884,179,154120
2016-11-30,VLBS,884,955,884,955,343,309243
2016-12-01,VLBS,955,1050,974,1050,339,350840
2016-12-04,VLBS,1050,1070,1009,1009,930,962900
2016-12-05,VLBS,1009,990,972,972,406,396073
2016-12-06,VLBS,972,980,935,936,339,321408
2016-12-07,VLBS,936,949,931,931,312,294912
2016-12-08,VLBS,931,930,877,880,270,245045
2016-12-11,VLBS,880,885,861,861,474,411822
2016-12-12,VLBS,861,861,845,855,608,520305
2016-12-14,VLBS,855,850,833,833,512,430612
2016-12-15,VLBS,833,867,825,845,806,676525
2016-12-18,VLBS,845,856,825,856,806,675857
2016-12-19,VLBS,856,877,850,850,728,626270
2016-12-20,VLBS,850,849,833,849,580,486840
2016-12-21,VLBS,849,840,815,816,2426,1996230
2016-12-22,VLBS,816,815,790,815,735,593397
2016-12-26,VLBS,815,799,795,795,211,167785
2016-12-27,VLBS,795,780,765,765,362,277110
2016-12-28,VLBS,765,775,751,775,3915,2998179
2016-12-29,VLBS,775,795,765,790,690,546450
2017-01-01,VLBS,790,776,776,776,10,7760
2017-01-02,VLBS,776,790,790,790,20,15800
2017-01-03,VLBS,790,800,761,800,836,663926
2017-01-04,VLBS,800,796,794,796,577,458719
2017-01-05,VLBS,796,796,771,775,344,271629
2017-01-08,VLBS,775,775,760,775,53,40656
2017-01-10,VLBS,775,800,790,800,161,128570
2017-01-12,VLBS,800,800,799,799,223,178200
2017-01-15,VLBS,799,800,800,800,46,36800
2017-01-16,VLBS,800,785,785,785,400,314000
2017-01-17,VLBS,785,780,780,780,23,17940
2017-01-18,VLBS,780,780,780,780,33,25740
2017-01-19,VLBS,780,775,775,775,12,9300
2017-01-22,VLBS,775,775,766,766,137,105363
2017-01-23,VLBS,766,755,755,755,40,30200
2017-01-24,VLBS,755,745,730,744,333,246530
2017-01-25,VLBS,744,750,721,730,259,191390
2017-01-26,VLBS,730,725,706,725,577,414393
2017-01-31,VLBS,725,715,715,715,23,16445
2017-02-01,VLBS,715,743,715,743,70,50750
2017-02-02,VLBS,743,774,744,774,240,181090
2017-02-07,VLBS,774,774,753,753,129,99235
2017-02-08,VLBS,753,766,748,751,285,214281
2017-02-09,VLBS,751,751,747,747,89,66621
2017-02-12,VLBS,747,747,715,715,125,91951
2017-02-13,VLBS,715,710,710,710,69,48990
2017-02-14,VLBS,710,710,700,705,156,110034
2017-02-15,VLBS,705,705,691,701,379,265855
2017-02-16,VLBS,701,735,700,700,426,305270
2017-02-19,VLBS,700,713,700,701,210,148310
2017-02-20,VLBS,701,771,715,771,1205,927623
2017-02-21,VLBS,771,799,771,771,646,506766
2017-02-22,VLBS,771,771,771,771,31,23901
2017-02-23,VLBS,771,786,775,775,88,68525
2017-02-26,VLBS,775,760,760,760,100,76000
2017-02-28,VLBS,760,774,765,770,40,30790
2017-03-02,VLBS,770,770,755,765,94,72105
2017-03-05,VLBS,765,780,765,780,250,191550
2017-03-06,VLBS,780,789,780,785,112,88069
2017-03-07,VLBS,785,780,772,772,327,254692
2017-03-09,VLBS,772,775,730,775,439,325551
2017-03-13,VLBS,775,785,768,768,220,171980
2017-03-15,VLBS,768,783,760,760,320,248700
2017-03-16,VLBS,760,780,755,780,108,82345
2017-03-19,VLBS,780,780,767,768,250,193100
2017-03-20,VLBS,768,844,783,844,646,527398
2017-03-21,VLBS,844,928,860,928,2272,2037343
2017-03-22,VLBS,928,1020,928,964,3609,3638293
2017-03-23,VLBS,964,1050,936,1050,3562,3519361
2017-03-26,VLBS,1050,1155,1071,1132,2731,3114033
2017-03-28,VLBS,1132,1221,1154,1221,506,594379
2017-03-29,VLBS,1221,1250,1200,1200,2040,2521350
2017-03-30,VLBS,1200,1220,1130,1196,2309,2679472
2017-04-02,VLBS,1196,1250,1195,1250,192,237406
2017-04-03,VLBS,1250,1352,1225,1240,4046,5187995
2017-04-04,VLBS,1240,1300,1235,1235,1493,1893215
2017-04-06,VLBS,1235,1259,1186,1233,1184,1448202
2017-04-09,VLBS,1233,1235,1209,1225,518,634932
2017-04-10,VLBS,1225,1347,1177,1347,3006,4005419
2017-04-11,VLBS,1347,1428,1360,1420,2912,4048007
2017-04-12,VLBS,1420,1539,1420,1509,2091,3123293
2017-04-13,VLBS,1509,1525,1450,1472,2104,3103824
2017-04-16,VLBS,1472,1500,1455,1455,949,1411449
2017-04-18,VLBS,1455,1426,1310,1310,796,1054498
2017-04-19,VLBS,1310,1405,1274,1405,3555,4711301
2017-04-20,VLBS,1405,1445,1376,1400,4121,5823690
2017-04-23,VLBS,1400,1514,1338,1338,1241,1809605
2017-04-24,VLBS,1338,1445,1345,1360,1988,2733532
2017-04-25,VLBS,1360,1480,1360,1431,5509,7962816
2017-04-26,VLBS,1431,1545,1410,1535,12937,19416892
2017-04-27,VLBS,1535,1565,1475,1520,5109,7755919
2017-04-30,VLBS,1520,1519,1432,1470,1683,2470649
2017-05-02,VLBS,1470,1531,1455,1520,6888,10328108
2017-05-03,VLBS,1520,1575,1525,1536,6219,9604494
2017-05-04,VLBS,1536,1539,1511,1520,3805,5776831
2017-05-07,VLBS,1520,1490,1450,1475,2451,3586956
2017-05-08,VLBS,1475,1500,1453,1470,1264,1845308
2017-05-09,VLBS,1470,1530,1470,1515,1369,2041176
2017-05-11,VLBS,1515,1510,1471,1495,255,381021
2017-05-15,VLBS,1495,1504,1470,1504,1628,2419750
2017-05-16,VLBS,1504,1499,1474,1483,711,1057731
2017-05-17,VLBS,1483,1509,1481,1481,165,245632
2017-05-18,VLBS,1481,1488,1462,1488,708,1049365
2017-05-21,VLBS,1488,1500,1470,1480,496,735719
2017-05-22,VLBS,1480,1480,1470,1470,416,612080
2017-05-23,VLBS,1470,1480,1454,1456,454,666492
2017-05-24,VLBS,1456,1475,1445,1475,2706,3939581
2017-05-28,VLBS,1475,1465,1430,1445,1345,1943363
2017-05-30,VLBS,1445,1448,1420,1427,446,638443
2017-05-31,VLBS,1427,1457,1400,1457,2228,3195069
2017-06-01,VLBS,1457,1460,1435,1435,147,211649
2017-06-04,VLBS,1435,1440,1410,1420,1084,1536631
2017-06-05,VLBS,1420,1435,1410,1435,160,228003
2017-06-06,VLBS,1435,1540,1425,1540,1964,2888417
2017-06-07,VLBS,1540,1510,1450,1450,2092,3060993
2017-06-08,VLBS,1450,1455,1431,1454,843,1217906
2017-06-11,VLBS,1454,1430,1415,1430,1363,1936971
2017-06-12,VLBS,1430,1430,1400,1406,717,1010203
2017-06-13,VLBS,1406,1429,1372,1429,310,434365
2017-06-14,VLBS,1429,1430,1375,1400,752,1055372
2017-06-15,VLBS,1400,1428,1396,1420,619,873937
2017-06-18,VLBS,1420,1410,1393,1395,79,110326
2017-06-19,VLBS,1395,1400,1373,1375,781,1080839
2017-06-20,VLBS,1375,1407,1348,1407,607,845856
2017-06-21,VLBS,1407,1410,1392,1392,147,206116
2017-06-22,VLBS,1392,1400,1376,1390,140,194603
2017-06-25,VLBS,1390,1425,1390,1425,1322,1871462
2017-06-27,VLBS,1425,1411,1405,1409,551,775444
2017-06-28,VLBS,1409,1448,1390,1448,120,170243
2017-07-02,VLBS,1448,1445,1399,1399,897,1273039
2017-07-03,VLBS,1399,1450,1396,1450,490,694395
2017-07-04,VLBS,1450,1425,1414,1420,291,413097
2017-07-05,VLBS,1420,1435,1396,1435,657,929315
2017-07-06,VLBS,1435,1463,1420,1440,3126,4484059
2017-07-09,VLBS,1440,1468,1343,1369,2166,3058505
2017-07-10,VLBS,1369,1423,1370,1385,812,1134276
2017-07-11,VLBS,1385,1410,1361,1385,685,954510
2017-07-12,VLBS,1385,1399,1380,1381,158,219319
2017-07-13,VLBS,1381,1388,1370,1373,225,308938
2017-07-16,VLBS,1373,1389,1373,1389,320,442440
2017-07-17,VLBS,1389,1417,1390,1417,2849,3988953
2017-07-18,VLBS,1417,1430,1370,1370,1061,1498405
2017-07-19,VLBS,1370,1420,1390,1393,931,1301619
2017-07-20,VLBS,1393,1380,1367,1370,1197,1643386
2017-07-23,VLBS,1370,1456,1370,1440,6136,8724268
2017-07-24,VLBS,1440,1450,1410,1433,1265,1812289
2017-07-25,VLBS,1433,1421,1400,1410,426,602325
2017-07-26,VLBS,1410,1468,1400,1450,4434,6349693
2017-07-27,VLBS,1450,1520,1426,1465,5438,8011908
2017-07-30,VLBS,1465,1494,1440,1441,980,1438539
2017-07-31,VLBS,1441,1469,1440,1441,2152,3119841
2017-08-01,VLBS,1441,1479,1425,1465,1484,2174981
2017-08-02,VLBS,1465,1460,1431,1455,2303,3326083
2017-08-03,VLBS,1455,1470,1431,1431,1309,1878134
2017-08-06,VLBS,1431,1442,1421,1442,865,1238954
2017-08-07,VLBS,1442,1440,1412,1430,367,520789
2017-08-09,VLBS,1430,1458,1415,1430,628,900638
2017-08-10,VLBS,1430,1440,1400,1419,1193,1687878
2017-08-13,VLBS,1419,1445,1382,1384,621,871597
2017-08-15,VLBS,1384,1385,1340,1360,878,1192847
2017-08-16,VLBS,1360,1390,1359,1365,310,424426
2017-08-17,VLBS,1365,1400,1342,1400,518,715197
2017-08-20,VLBS,1400,1385,1350,1351,1226,1661265
2017-08-21,VLBS,1351,1360,1325,1360,196,261555
2017-08-22,VLBS,1360,1380,1350,1380,638,873913
2017-08-23,VLBS,1380,1382,1355,1361,866,1185805
2017-08-24,VLBS,1361,1367,1341,1360,226,306738
2017-08-27,VLBS,1360,1417,1368,1375,458,639163
2017-08-28,VLBS,1375,1417,1370,1389,880,1222224
2017-08-30,VLBS,1389,1416,1366,1370,1114,1534379
2017-08-31,VLBS,1370,1370,1317,1317,1603,2172043
2017-09-04,VLBS,1317,1343,1297,1325,726,957496
2017-09-06,VLBS,1325,1405,1325,1400,501,683022
2017-09-07,VLBS,1400,1400,1350,1370,929,1281739
2017-09-10,VLBS,1370,1346,1296,1296,1422,1873246
2017-09-11,VLBS,1296,1325,1300,1325,1063,1392532
2017-09-12,VLBS,1325,1325,1294,1295,1624,2112871
2017-09-13,VLBS,1295,1320,1290,1291,940,1221184
2017-09-14,VLBS,1291,1314,1270,1305,442,575588
2017-09-17,VLBS,1305,1299,1280,1286,1507,1939485
2017-09-18,VLBS,1286,1300,1276,1298,235,304639
2017-09-20,VLBS,1298,1300,1275,1286,1437,1854932
2017-09-24,VLBS,1286,1299,1275,1290,97,125042
2017-09-25,VLBS,1290,1345,1271,1345,655,861676
2017-09-26,VLBS,1345,1349,1300,1300,1095,1446332
2017-10-03,VLBS,1300,1310,1300,1300,118,154480
2017-10-04,VLBS,1300,1300,1300,1300,53,68774
2017-10-08,VLBS,1300,1274,1249,1257,330,414444
2017-10-09,VLBS,1257,1260,1230,1259,653,808309
2017-10-10,VLBS,1259,1315,1234,1265,662,852018
2017-10-11,VLBS,1265,1280,1270,1271,59,75311
2017-10-12,VLBS,1271,1281,1256,1270,419,530684
2017-10-15,VLBS,1270,1254,1230,1233,675,836574
2017-10-16,VLBS,1233,1305,1239,1288,1308,1686004
2017-10-17,VLBS,1288,1295,1245,1245,373,476760
2017-10-18,VLBS,1245,1250,1240,1250,668,833105
2017-10-22,VLBS,1250,1260,1236,1260,247,307638
2017-10-23,VLBS,1260,1260,1240,1240,224,278270
2017-10-24,VLBS,1240,1250,1231,1241,150,185901
2017-10-25,VLBS,1241,1248,1230,1248,283,351253
2017-10-30,VLBS,1248,1248,1212,1224,658,804747
2017-10-31,VLBS,1224,1210,1191,1191,372,446906
2017-11-01,VLBS,1191,1176,1170,1170,365,427696
2017-11-02,VLBS,1170,1165,1140,1145,1149,1319050
2017-11-05,VLBS,1145,1134,1110,1110,344,386524
2017-11-06,VLBS,1110,1110,1100,1100,133,146531
2017-11-07,VLBS,1100,1110,1090,1090,230,252574
2017-11-08,VLBS,1090,1069,1069,1069,10,10690
2017-11-09,VLBS,1069,1069,1040,1065,595,631152
2017-11-12,VLBS,1065,1046,1000,1020,882,893730
2017-11-13,VLBS,1020,1040,1025,1027,250,256836
2017-11-14,VLBS,1027,1129,1020,1128,1483,1598290
2017-11-15,VLBS,1128,1135,1088,1088,844,944846
2017-11-16,VLBS,1088,1090,1051,1090,1025,1100693
2017-11-19,VLBS,991,982,980,980,362,355021
2017-11-20,VLBS,980,1010,990,990,600,599230
2017-11-21,VLBS,990,1010,973,985,151,149676
2017-11-22,VLBS,985,1004,980,980,201,199251
2017-11-23,VLBS,980,995,990,995,135,133900
2017-11-26,VLBS,995,1030,990,1030,1047,1064089
2017-11-27,VLBS,1030,1050,1020,1029,556,569299
2017-11-28,VLBS,1029,1040,1020,1020,72,74451
2017-11-29,VLBS,1020,1065,1000,1064,605,629125
2017-11-30,VLBS,1064,1080,1030,1042,299,314009
2017-12-04,VLBS,1042,1030,1025,1030,151,154954
2017-12-05,VLBS,1030,1030,1000,1020,418,420770
2017-12-06,VLBS,1020,1030,1006,1015,2288,2337730
2017-12-10,VLBS,1015,1016,1015,1016,200,203100
2017-12-11,VLBS,1016,1001,1000,1001,22,22011
2017-12-12,VLBS,1001,1010,990,1010,783,777827
2017-12-13,VLBS,1010,1030,990,1030,537,543890
2017-12-14,VLBS,1030,1030,1010,1030,126,127780
2017-12-17,VLBS,1030,1025,1006,1010,77,78471
2017-12-18,VLBS,1010,1005,995,1000,187,187219
2017-12-19,VLBS,1000,1000,990,990,122,121318
2017-12-20,VLBS,990,986,973,984,351,345217
2017-12-21,VLBS,984,970,928,928,1743,1634460
2017-12-24,VLBS,928,950,925,931,381,354806
2017-12-26,VLBS,931,915,900,901,1749,1582252
2017-12-27,VLBS,901,911,883,904,640,573933
2017-12-28,VLBS,904,905,885,885,1302,1160872
2017-12-31,VLBS,885,890,873,890,108,95481
2018-01-01,VLBS,890,948,890,948,1174,1065367
2018-01-02,VLBS,948,960,923,923,1220,1142980
2018-01-03,VLBS,923,915,900,900,306,278158
2018-01-04,VLBS,900,905,892,905,581,524257
2018-01-07,VLBS,905,929,895,901,387,350891
2018-01-08,VLBS,901,915,901,905,790,716580
2018-01-09,VLBS,905,941,920,920,834,771427
2018-01-10,VLBS,920,920,903,904,769,696476
2018-01-14,VLBS,904,920,886,919,679,608990
2018-01-16,VLBS,919,917,890,917,516,460586
2018-01-17,VLBS,917,900,899,900,21,18890
2018-01-21,VLBS,900,890,884,890,118,104691
2018-01-22,VLBS,890,900,887,887,641,570656
2018-01-23,VLBS,887,875,870,870,147,128226
2018-01-24,VLBS,870,887,870,876,76,66673
2018-01-25,VLBS,876,892,871,892,304,266666
2018-01-28,VLBS,892,900,886,900,491,437933
2018-01-29,VLBS,900,885,882,882,99,87433
2018-01-31,VLBS,882,914,882,914,74,65849
2018-02-01,VLBS,914,930,910,927,155,142154
2018-02-05,VLBS,927,924,909,910,73,66575
2018-02-06,VLBS,910,900,875,876,113,100371
2018-02-07,VLBS,876,870,860,860,511,440120
2018-02-08,VLBS,860,887,865,870,417,362238
2018-02-11,VLBS,870,855,855,855,132,112860
2018-02-12,VLBS,855,855,855,855,111,94905
2018-02-14,VLBS,855,870,850,870,337,288455
2018-02-15,VLBS,870,910,887,910,672,604756
2018-02-18,VLBS,928,928,885,885,1207,1095848
2018-02-20,VLBS,885,885,868,868,533,469950
2018-02-21,VLBS,870,870,860,860,22,19030
2018-02-22,VLBS,865,874,860,861,257,222419
2018-02-25,VLBS,870,885,850,850,859,733591
2018-02-26,VLBS,850,850,817,817,738,616897
2018-02-27,VLBS,820,836,820,836,33,27412
2018-02-28,VLBS,840,840,814,814,1013,835813
2018-03-04,VLBS,800,800,755,756,476,366620
2018-03-05,VLBS,771,786,757,757,504,383304
2018-03-06,VLBS,742,765,728,750,295,221072
2018-03-07,VLBS,765,765,755,765,291,219925
2018-03-11,VLBS,750,757,750,753,362,272395
2018-03-12,VLBS,740,740,724,738,666,491356
2018-03-13,VLBS,752,752,750,752,122,91544
2018-03-14,VLBS,741,767,741,767,159,121112
2018-03-15,VLBS,765,775,765,775,376,290790
2018-03-18,VLBS,770,770,757,757,207,158575
2018-03-19,VLBS,742,742,735,735,80,59061
2018-03-20,VLBS,721,750,720,750,435,316531
2018-03-21,VLBS,750,750,717,717,224,165046
2018-03-22,VLBS,705,708,690,690,702,491703
2018-03-26,VLBS,677,690,677,677,183,124775
2018-03-27,VLBS,664,664,650,652,114,74584
2018-03-28,VLBS,665,678,650,662,3164,2098278
2018-03-29,VLBS,670,683,663,670,423,283778
2018-04-01,VLBS,670,685,670,677,491,331680
2018-04-02,VLBS,677,690,676,690,47,32107
2018-04-03,VLBS,703,703,689,703,1011,700801
2018-04-04,VLBS,716,756,712,741,462,332881
2018-04-05,VLBS,755,775,750,775,1148,874530
2018-04-08,VLBS,760,821,760,790,473,378557
2018-04-09,VLBS,804,865,804,805,2032,1690019
2018-04-10,VLBS,789,820,789,791,938,751406
2018-04-11,VLBS,776,796,762,796,527,416887
2018-04-12,VLBS,811,810,790,800,708,564901
2018-04-15,VLBS,800,800,800,800,107,85600
2018-04-16,VLBS,800,864,800,850,341,284070
2018-04-17,VLBS,867,934,867,907,2840,2558189
2018-04-18,VLBS,925,935,891,891,1712,1573221
2018-04-19,VLBS,876,918,876,895,1293,1168993
2018-04-22,VLBS,912,940,912,940,1113,1031137
2018-04-23,VLBS,958,969,905,915,1527,1444665
2018-04-24,VLBS,900,933,900,900,1301,1183760
2018-04-25,VLBS,890,897,863,885,1113,976981
2018-04-26,VLBS,880,880,841,846,868,744239
2018-04-29,VLBS,830,855,830,835,587,495155
2018-05-02,VLBS,819,836,819,836,860,706105
2018-05-03,VLBS,852,885,846,860,2900,2514634
2018-05-06,VLBS,850,877,841,860,337,289494
2018-05-07,VLBS,876,876,844,855,2302,1958971
2018-05-08,VLBS,845,878,844,878,281,240966
2018-05-09,VLBS,880,880,861,878,324,283640
2018-05-10,VLBS,895,897,862,865,662,576329
2018-05-14,VLBS,870,870,841,852,242,205790
2018-05-15,VLBS,840,840,838,838,25,20988
2018-05-16,VLBS,854,854,840,854,878,742747
2018-05-17,VLBS,845,855,845,851,783,663444
2018-05-20,VLBS,868,887,866,870,517,451544
2018-05-21,VLBS,866,885,862,885,221,191340
2018-05-22,VLBS,868,902,851,902,768,679012
2018-05-23,VLBS,884,910,876,899,593,523973
2018-05-24,VLBS,900,916,871,871,2558,2260962
2018-05-27,VLBS,855,855,841,841,971,817784
2018-05-28,VLBS,826,890,826,890,218,186940
2018-05-29,VLBS,898,898,870,870,621,543912
2018-05-30,VLBS,854,888,850,861,199,172617
2018-05-31,VLBS,862,862,846,848,323,275022
2018-06-03,VLBS,832,857,805,830,1292,1075905
2018-06-04,VLBS,814,822,810,820,1086,890250
2018-06-06,VLBS,836,836,820,820,303,251660
2018-06-07,VLBS,806,824,801,815,1332,1080485
2018-06-10,VLBS,815,815,760,760,1539,1222085
2018-06-11,VLBS,761,785,760,785,357,277177
2018-06-12,VLBS,787,787,742,775,626,480065
2018-06-13,VLBS,762,777,750,777,434,332142
2018-06-14,VLBS,770,790,770,790,164,127619
2018-06-17,VLBS,775,790,775,780,244,192100
2018-06-18,VLBS,770,770,760,764,59,45100
2018-06-19,VLBS,779,780,772,772,478,372155
2018-06-20,VLBS,761,762,761,762,44,33513
2018-06-21,VLBS,755,785,755,785,612,472560
2018-06-24,VLBS,790,800,781,781,1034,817895
2018-06-25,VLBS,767,767,754,758,1132,862152
2018-06-26,VLBS,750,758,736,736,260,194525
2018-06-27,VLBS,736,749,726,749,183,134280
2018-06-28,VLBS,749,755,741,742,686,511392
2018-07-01,VLBS,732,732,731,731,343,250739
2018-07-02,VLBS,721,748,720,748,227,166193
2018-07-03,VLBS,740,752,735,752,221,165418
2018-07-04,VLBS,760,760,750,750,65,48847
2018-07-05,VLBS,765,795,765,795,912,717871
2018-07-08,VLBS,810,810,765,765,1023,814200
2018-07-09,VLBS,755,770,751,751,1184,896992
2018-07-10,VLBS,766,770,766,770,250,191700
2018-07-11,VLBS,785,819,780,804,1121,897180
2018-07-12,VLBS,788,788,750,760,577,441276
2018-07-15,VLBS,760,765,750,765,176,133630
2018-07-16,VLBS,750,770,750,765,184,140748
2018-07-17,VLBS,766,766,766,766,173,132518
2018-07-18,VLBS,766,781,766,781,22,17002
2018-07-19,VLBS,766,767,752,765,153,116358
2018-07-22,VLBS,751,751,741,741,734,549387
2018-07-23,VLBS,745,765,741,765,372,277520
2018-07-24,VLBS,765,775,765,767,258,198507
2018-07-25,VLBS,755,755,745,745,64,48164
2018-07-26,VLBS,734,748,734,735,395,290785
2018-07-29,VLBS,730,730,730,730,32,23360
2018-07-30,VLBS,730,730,730,730,12,8760
2018-07-31,VLBS,730,730,722,726,183,132884
2018-08-01,VLBS,725,739,725,739,56,41216
2018-08-02,VLBS,727,727,726,726,110,79900
2018-08-05,VLBS,715,730,715,730,335,242626
2018-08-07,VLBS,716,718,704,718,225,159920
2018-08-08,VLBS,706,708,680,680,472,327444
2018-08-09,VLBS,680,690,676,676,107,72796
2018-08-12,VLBS,670,670,651,660,206,135980
2018-08-13,VLBS,647,680,647,680,754,506816
2018-08-14,VLBS,667,670,660,670,35,23310
2018-08-15,VLBS,683,696,683,696,892,615726
2018-08-16,VLBS,700,720,677,677,918,644624
2018-08-19,VLBS,667,667,667,667,12,8004
2018-08-20,VLBS,680,682,671,671,621,421888
2018-08-21,VLBS,675,675,658,667,124,81944
2018-08-22,VLBS,680,680,680,680,66,44880
2018-08-23,VLBS,675,680,671,673,155,104355
2018-08-26,VLBS,665,665,652,652,298,195102
2018-08-28,VLBS,655,655,655,655,12,7860
2018-08-29,VLBS,655,664,642,642,482,313050
2018-08-30,VLBS,645,657,645,657,167,108211
2018-09-02,VLBS,655,668,655,668,22,14540
2018-09-03,VLBS,675,688,675,680,621,421191
2018-09-04,VLBS,688,693,678,693,582,398925
2018-09-05,VLBS,706,720,696,720,578,410496
2018-09-06,VLBS,734,762,734,762,202,150136
2018-09-09,VLBS,747,747,716,719,811,591799
2018-09-10,VLBS,719,719,710,710,212,150772
2018-09-11,VLBS,724,724,715,715,391,281820
2018-09-12,VLBS,729,729,720,729,22,15930
2018-09-13,VLBS,730,730,716,716,65,46854
2018-09-16,VLBS,721,744,721,731,410,298444
2018-09-17,VLBS,745,745,735,735,50,36950
2018-09-18,VLBS,722,725,712,712,324,233784
2018-09-20,VLBS,720,734,720,720,184,134594
2018-09-23,VLBS,710,724,710,724,22,15760
2018-09-25,VLBS,738,738,735,735,119,87738
2018-09-26,VLBS,733,733,730,730,432,315546
2018-09-27,VLBS,730,730,725,725,142,103385
2018-09-30,VLBS,725,725,712,714,612,437324
2018-10-01,VLBS,716,730,716,720,1239,894174
2018-10-02,VLBS,706,720,706,720,219,155896
2018-10-03,VLBS,720,733,720,733,1151,835223
2018-10-04,VLBS,719,730,719,730,715,519612
2018-10-07,VLBS,720,720,706,708,671,478206
2018-10-08,VLBS,704,704,694,700,604,422310
2018-10-09,VLBS,695,696,695,696,109,75784
2018-10-10,VLBS,696,696,696,696,70,48720
2018-10-11,VLBS,700,710,700,700,31,21787
2018-10-14,VLBS,695,695,695,695,344,239080
2018-10-15,VLBS,708,708,700,700,136,96000
2018-10-22,VLBS,714,714,713,714,315,224895
2018-10-23,VLBS,714,715,714,715,195,139396
2018-10-25,VLBS,701,705,701,705,717,505157
2018-10-28,VLBS,692,692,681,681,221,151899
2018-10-29,VLBS,669,670,669,670,25,16743
2018-10-30,VLBS,660,673,660,673,45,30120
2018-10-31,VLBS,673,673,662,662,376,252620
2018-11-01,VLBS,661,665,661,665,37,24540
2018-11-04,VLBS,670,683,670,670,1123,754589
2018-11-05,VLBS,679,682,679,682,251,170799
2018-11-11,VLBS,682,682,670,670,41,27470
2018-11-12,VLBS,672,672,670,672,257,172704
2018-11-13,VLBS,672,685,672,678,164,111317
2018-11-15,VLBS,680,685,680,685,360,245800
2018-11-18,VLBS,672,672,672,672,69,46368
2018-11-21,VLBS,659,660,647,647,353,231635
2018-11-22,VLBS,640,640,625,625,168,106515
2018-11-25,VLBS,625,626,615,626,597,370546
2018-11-26,VLBS,614,630,614,615,354,220782
2018-11-27,VLBS,625,635,625,625,248,155500
2018-11-28,VLBS,625,630,625,625,141,88305
2018-11-29,VLBS,613,620,601,601,659,399094
2018-12-02,VLBS,615,652,615,652,2099,1327968
2018-12-03,VLBS,642,708,642,695,139,93750
2018-12-04,VLBS,708,735,695,700,1237,882772
2018-12-05,VLBS,691,699,665,665,440,302980
2018-12-06,VLBS,665,702,663,688,685,459961
2018-12-09,VLBS,680,710,680,710,657,456124
2018-12-10,VLBS,710,722,705,715,1931,1378045
2018-12-11,VLBS,722,722,710,721,224,159390
2018-12-12,VLBS,729,729,710,710,118,84372
2018-12-13,VLBS,697,700,682,695,1262,871156
2018-12-16,VLBS,640,663,640,663,441,288521
2018-12-17,VLBS,663,705,663,702,380,265282
2018-12-18,VLBS,692,692,653,653,1461,969913
2018-12-19,VLBS,659,675,659,675,325,218460
2018-12-20,VLBS,688,688,680,680,50,34091
2018-12-23,VLBS,693,728,680,714,828,578004
2018-12-24,VLBS,715,715,695,700,918,644580
2018-12-25,VLBS,686,686,661,674,648,434905
2018-12-26,VLBS,687,712,687,712,784,549664
2018-12-27,VLBS,715,726,693,693,2606,1868862
2018-12-30,VLBS,694,707,694,696,700,492150
2018-12-31,VLBS,683,690,681,681,1009,689677
2019-01-01,VLBS,675,680,675,677,370,250500
2019-01-02,VLBS,677,677,677,677,12,8124
2019-01-03,VLBS,675,675,672,675,153,103239
2019-01-06,VLBS,662,675,662,675,36,23988
2019-01-07,VLBS,670,680,670,680,256,172812
2019-01-08,VLBS,680,685,680,685,148,100915
2019-01-09,VLBS,680,695,680,695,324,224680
2019-01-10,VLBS,695,700,695,698,58,40520
2019-01-13,VLBS,695,695,694,694,184,127796
2019-01-14,VLBS,685,685,685,685,36,24660
2019-01-15,VLBS,690,708,690,708,174,122226
2019-01-16,VLBS,705,705,703,705,227,159715
2019-01-17,VLBS,695,695,695,695,10,6950
2019-01-20,VLBS,695,695,695,695,12,8340
2019-01-21,VLBS,683,685,682,685,44,30090
2019-01-22,VLBS,690,690,680,690,189,130120
2019-01-23,VLBS,691,700,691,699,249,173966
2019-01-24,VLBS,686,689,676,682,691,471432
2019-01-29,VLBS,682,682,670,682,211,142098
2019-01-30,VLBS,682,685,670,685,119,80567
2019-01-31,VLBS,675,688,675,679,322,219928
2019-02-03,VLBS,673,710,673,705,804,566177
2019-02-04,VLBS,700,700,690,695,492,341840
2019-02-05,VLBS,688,700,688,695,303,211190
2019-02-06,VLBS,685,695,685,687,555,380435
2019-02-07,VLBS,680,685,680,683,75,51195
2019-02-10,VLBS,680,699,680,695,264,183175
2019-02-11,VLBS,690,710,690,710,819,573740
2019-02-12,VLBS,710,710,696,696,126,88814
2019-02-13,VLBS,685,690,685,688,183,125880
2019-02-14,VLBS,677,690,677,683,287,195439
2019-02-17,VLBS,690,690,686,687,96,66028
2019-02-18,VLBS,700,700,700,700,10,7000
2019-02-19,VLBS,709,709,685,699,410,285104
2019-02-20,VLBS,686,692,686,691,259,178819
2019-02-21,VLBS,678,688,673,675,1366,923971
2019-02-24,VLBS,665,670,665,670,161,107484
2019-02-25,VLBS,670,675,669,670,476,319244
2019-02-26,VLBS,665,670,662,663,84,55812
2019-02-27,VLBS,656,675,656,669,484,324063
2019-03-03,VLBS,656,668,656,668,149,98916
2019-03-05,VLBS,655,674,655,656,538,355632
2019-03-06,VLBS,665,677,654,677,88,58349
2019-03-07,VLBS,677,685,670,685,414,279982
2019-03-10,VLBS,685,685,685,685,32,21868
2019-03-11,VLBS,675,693,660,693,649,444555
2019-03-12,VLBS,700,700,699,699,480,335972
2019-03-14,VLBS,686,686,673,673,44,29768
2019-03-17,VLBS,665,668,665,665,898,598468
2019-03-18,VLBS,665,670,665,665,300,200000
2019-03-19,VLBS,670,670,670,670,308,206360
2019-03-21,VLBS,670,670,646,660,1184,774374
2019-03-24,VLBS,650,650,650,650,12,7800
2019-03-25,VLBS,650,660,650,650,105,68360
2019-03-26,VLBS,640,643,635,643,93,59471
2019-03-27,VLBS,643,661,637,661,232,150964
2019-03-28,VLBS,670,670,646,646,164,106420
2019-03-31,VLBS,646,658,645,645,44,28678
2019-04-01,VLBS,650,650,630,630,4022,2606160
2019-04-02,VLBS,642,654,642,642,161,103597
2019-04-03,VLBS,640,645,632,645,378,241616
2019-04-04,VLBS,650,650,640,640,284,181925
2019-04-07,VLBS,630,631,630,631,108,68111
2019-04-08,VLBS,619,677,619,677,323,207609
2019-04-09,VLBS,666,666,664,664,158,105112
2019-04-10,VLBS,651,651,645,646,153,99297
2019-04-11,VLBS,641,641,641,641,12,7692
2019-04-15,VLBS,635,637,614,614,1608,1008324
2019-04-16,VLBS,605,622,605,615,1764,1082468
2019-04-17,VLBS,615,627,600,600,804,487911
2019-04-18,VLBS,612,612,590,590,2112,1257030
2019-04-21,VLBS,586,601,586,597,202,120884
2019-04-22,VLBS,597,597,580,580,628,366791
2019-04-23,VLBS,571,591,571,580,188,109151
2019-04-24,VLBS,570,581,563,581,516,296299
2019-04-25,VLBS,572,580,572,580,238,136986
2019-04-28,VLBS,591,638,591,638,1266,798588
2019-04-29,VLBS,650,663,622,622,1080,698498
2019-05-02,VLBS,610,610,601,601,380,229620
2019-05-05,VLBS,600,600,591,598,245,145885
2019-05-06,VLBS,590,612,590,612,112,67200
2019-05-07,VLBS,612,612,605,605,443,268954
2019-05-08,VLBS,610,610,610,610,20,12200
2019-05-09,VLBS,605,605,591,602,82,49318
2019-05-12,VLBS,602,602,602,602,12,7224
2019-05-13,VLBS,600,600,588,588,142,84230
2019-05-14,VLBS,592,592,581,590,221,129611
2019-05-15,VLBS,590,590,585,590,242,142645
2019-05-16,VLBS,590,590,579,579,278,162313
2019-05-19,VLBS,568,578,568,578,283,162466
2019-05-20,VLBS,580,580,575,575,122,70210
2019-05-21,VLBS,586,586,560,561,472,266636
2019-05-22,VLBS,565,565,544,555,1207,666306
2019-05-23,VLBS,544,565,544,555,146,80418
2019-05-26,VLBS,566,566,550,560,949,528802
2019-05-27,VLBS,550,555,545,555,724,395416
2019-05-28,VLBS,559,559,548,548,214,117512
2019-05-29,VLBS,540,569,540,558,744,413057
2019-05-30,VLBS,561,565,555,555,304,170215
2019-06-02,VLBS,545,554,545,552,158,87117
2019-06-03,VLBS,543,543,541,541,120,65082
2019-06-04,VLBS,535,538,535,538,375,200727
2019-06-06,VLBS,538,544,531,542,546,294486
2019-06-10,VLBS,532,535,532,535,196,104456
2019-06-11,VLBS,527,534,527,530,96,50878
2019-06-12,VLBS,522,527,522,527,122,63794
2019-06-13,VLBS,517,518,515,515,88,45444
2019-06-16,VLBS,507,507,481,481,918,449613
2019-06-17,VLBS,480,480,474,476,690,328105
2019-06-18,VLBS,474,479,473,475,352,167255
2019-06-19,VLBS,475,475,466,468,718,339752
2019-06-20,VLBS,468,480,468,472,86,40909
2019-06-23,VLBS,464,480,464,480,238,111702
2019-06-24,VLBS,474,477,474,477,132,62786
2019-06-25,VLBS,480,489,480,483,370,179238
2019-06-26,VLBS,483,490,480,480,584,283673
2019-06-27,VLBS,480,489,476,482,271,130452
2019-06-30,VLBS,491,491,464,464,132,62598
2019-07-01,VLBS,455,467,455,462,129,59246
2019-07-02,VLBS,462,485,462,485,229,106090
2019-07-03,VLBS,476,489,467,489,357,170264
2019-07-04,VLBS,489,500,489,496,206,102087
2019-07-07,VLBS,487,487,487,487,10,4870
2019-07-08,VLBS,480,480,465,471,73,34563
2019-07-09,VLBS,471,471,465,465,72,33564
2019-07-10,VLBS,466,484,466,476,245,117060
2019-07-11,VLBS,485,503,480,485,772,380288
2019-07-14,VLBS,481,494,481,494,135,66023
2019-07-15,VLBS,495,500,491,491,285,140565
2019-07-16,VLBS,491,491,484,485,37,17992
2019-07-17,VLBS,494,513,494,508,87,43864
2019-07-18,VLBS,509,509,501,501,23,11603
2019-07-21,VLBS,503,503,501,501,154,77221
2019-07-22,VLBS,495,498,495,496,127,62945
2019-07-23,VLBS,490,493,487,490,589,288393
2019-07-24,VLBS,490,514,490,514,946,476050
2019-07-25,VLBS,506,520,503,503,356,180018
2019-07-28,VLBS,494,504,487,504,485,239285
2019-07-29,VLBS,505,525,505,525,253,130238
2019-07-30,VLBS,530,535,520,520,347,182454
2019-07-31,VLBS,530,572,530,572,3465,1943943
2019-08-01,VLBS,583,629,580,608,8893,5375727
2019-08-04,VLBS,600,630,600,615,4265,2611258
2019-08-05,VLBS,611,615,577,577,2917,1734292
2019-08-06,VLBS,588,609,553,574,774,433512
2019-08-07,VLBS,563,617,563,588,1773,1044340
2019-08-08,VLBS,581,612,581,612,1579,940743
2019-08-11,VLBS,600,600,584,600,333,197057
2019-08-12,VLBS,609,609,584,590,787,464173
2019-08-13,VLBS,585,590,582,587,353,207161
2019-08-14,VLBS,590,612,588,612,751,448752
2019-08-15,VLBS,613,613,589,601,547,328809
2019-08-18,VLBS,590,600,590,600,322,191416
2019-08-19,VLBS,588,612,588,604,805,489028
2019-08-20,VLBS,600,600,592,593,513,304719
2019-08-21,VLBS,585,591,580,588,563,330973
2019-08-22,VLBS,582,595,582,595,143,84717
2019-08-25,VLBS,587,587,585,587,402,235492
2019-08-26,VLBS,581,592,580,580,385,224245
2019-08-27,VLBS,580,591,580,583,208,122319
2019-08-28,VLBS,585,585,572,583,1042,602597
2019-08-29,VLBS,573,575,572,575,85,48763
2019-09-01,VLBS,586,597,565,566,350,200880
2019-09-02,VLBS,555,561,550,561,642,357068
2019-09-03,VLBS,550,581,550,581,340,191123
2019-09-04,VLBS,570,585,570,580,210,121560
2019-09-05,VLBS,571,585,571,576,348,200875
2019-09-08,VLBS,570,584,570,584,440,252284
2019-09-09,VLBS,585,585,576,576,155,89765
2019-09-10,VLBS,576,576,566,566,221,125816
2019-09-11,VLBS,566,575,545,575,1459,801305
2019-09-12,VLBS,564,564,564,564,10,5640
2019-09-15,VLBS,575,575,542,542,316,174315
2019-09-16,VLBS,536,536,522,523,1064,562939
2019-09-17,VLBS,533,553,525,525,386,208646
2019-09-18,VLBS,535,560,535,560,167,90785
2019-09-19,VLBS,570,570,560,560,659,370965
2019-09-22,VLBS,548,566,548,566,126,69425
2019-09-23,VLBS,555,560,550,558,223,123110
2019-09-24,VLBS,569,569,541,550,384,209938
2019-09-25,VLBS,561,572,561,561,40,22550
2019-09-26,VLBS,550,550,522,539,1213,641985
2019-09-29,VLBS,549,549,530,530,101,53904
2019-09-30,VLBS,521,525,521,525,62,32505
2019-10-01,VLBS,545,554,535,545,818,446660
2019-10-02,VLBS,555,555,555,555,237,131535
2019-10-03,VLBS,564,564,555,555,605,337670
2019-10-14,VLBS,544,550,544,550,270,147830
2019-10-15,VLBS,550,561,550,555,318,176300
2019-10-16,VLBS,565,565,554,555,653,362900
2019-10-17,VLBS,563,566,563,565,350,197612
2019-10-20,VLBS,554,571,550,550,1228,689919
2019-10-21,VLBS,550,555,546,547,725,400001
2019-10-22,VLBS,550,572,550,561,65,36223
2019-10-23,VLBS,568,572,568,572,268,152808
2019-10-24,VLBS,562,575,562,575,519,297305
2019-10-31,VLBS,572,575,570,575,715,410070
2019-11-03,VLBS,564,564,564,564,32,18048
2019-11-04,VLBS,575,575,575,575,50,28750
2019-11-05,VLBS,564,568,557,568,210,118770
2019-11-06,VLBS,560,560,560,560,335,187600
2019-11-07,VLBS,560,560,554,560,347,193606
2019-11-10,VLBS,571,595,567,575,1092,636339
2019-11-11,VLBS,583,615,580,604,3144,1864886
2019-11-12,VLBS,616,616,575,579,862,506112
2019-11-13,VLBS,575,590,575,590,385,225106
2019-11-14,VLBS,579,589,579,589,23,13417
2019-11-17,VLBS,584,597,584,597,399,234224
2019-11-18,VLBS,586,586,581,583,400,233595
2019-11-19,VLBS,581,590,581,590,775,451334
2019-11-20,VLBS,585,589,583,589,555,324713
2019-11-21,VLBS,585,585,580,580,110,63850
2019-11-24,VLBS,569,579,569,579,537,309793
2019-11-25,VLBS,575,580,575,580,673,389233
2019-11-26,VLBS,580,585,580,585,148,86252
2019-11-27,VLBS,589,596,585,585,926,547477
2019-11-28,VLBS,584,595,581,595,483,281844
2019-12-01,VLBS,595,606,595,600,1213,731562
2019-12-02,VLBS,590,606,582,606,315,186254
2019-12-03,VLBS,601,601,600,600,220,132120
2019-12-04,VLBS,612,624,610,624,1457,896391
2019-12-05,VLBS,625,637,625,630,1006,631116
2019-12-08,VLBS,620,629,620,629,160,99790
2019-12-09,VLBS,628,681,628,676,3395,2261437
2019-12-10,VLBS,688,689,664,674,3135,2115069
2019-12-11,VLBS,678,696,678,696,2782,1908418
2019-12-12,VLBS,709,709,679,689,1852,1268921
2019-12-15,VLBS,677,677,647,669,1117,741105
2019-12-16,VLBS,657,668,657,659,442,291368
2019-12-17,VLBS,655,672,655,672,121,80840
2019-12-18,VLBS,662,680,662,680,128,85944
2019-12-19,VLBS,667,711,667,691,5140,3566332
2019-12-22,VLBS,704,732,700,717,3162,2251430
2019-12-23,VLBS,715,730,715,721,3734,2703634
2019-12-24,VLBS,720,747,720,722,984,714607
2019-12-25,VLBS,730,740,716,716,2913,2112199
2019-12-26,VLBS,720,730,717,717,10587,7664637
2019-12-29,VLBS,620,620,615,615,49,30200
2019-12-30,VLBS,627,627,620,620,265,165355
2019-12-31,VLBS,615,625,603,625,837,521903
2020-01-01,VLBS,625,652,625,652,1108,697802
2020-01-02,VLBS,641,666,641,666,509,333702
2020-01-05,VLBS,679,710,679,697,3153,2218900
2020-01-06,VLBS,710,729,683,729,7447,5298262
2020-01-07,VLBS,740,756,725,745,2429,1795451
2020-01-08,VLBS,759,759,736,736,728,541526
2020-01-09,VLBS,749,803,749,803,5185,4100881
2020-01-12,VLBS,819,850,819,840,4645,3858509
2020-01-13,VLBS,856,856,794,794,2307,1917213
2020-01-14,VLBS,805,816,794,796,4053,3241838
2020-01-15,VLBS,811,859,810,859,829,688561
2020-01-16,VLBS,859,893,828,892,4014,3459842
2020-01-19,VLBS,878,915,878,889,2878,2578696
2020-01-20,VLBS,895,895,837,849,4295,3709883
2020-01-21,VLBS,850,881,845,881,804,691426
2020-01-22,VLBS,864,870,851,851,1496,1290730
2020-01-23,VLBS,868,880,860,860,2411,2101231
2020-01-26,VLBS,843,853,836,836,1657,1395381
2020-01-27,VLBS,852,875,852,869,1180,1021277
2020-01-28,VLBS,885,888,868,868,2150,1894551
2020-01-29,VLBS,884,939,884,929,5443,4982931
2020-01-30,VLBS,940,1002,940,995,11192,10839609
2020-02-02,VLBS,976,1000,951,997,5236,5162353
2020-02-03,VLBS,995,995,971,971,2044,2001096
2020-02-04,VLBS,1019,1059,1000,1020,14799,15125538
2020-02-05,VLBS,1030,1040,1003,1022,5957,6043828
2020-02-06,VLBS,1003,1035,1003,1035,5643,5765419
2020-02-09,VLBS,1030,1060,1025,1054,4844,5056980
2020-02-10,VLBS,1075,1075,1033,1069,2502,2632699
2020-02-11,VLBS,1071,1078,1045,1061,7960,8503407
2020-02-12,VLBS,1070,1112,1060,1078,5216,5638203
2020-02-13,VLBS,1070,1115,1070,1100,8546,9392253
2020-02-16,VLBS,1122,1144,1110,1132,4549,5148030
2020-02-17,VLBS,1130,1180,1130,1142,3128,3618070
2020-02-18,VLBS,1142,1155,1109,1140,4002,4522813
2020-02-19,VLBS,1140,1193,1129,1193,6112,7125587
2020-02-20,VLBS,1216,1253,1216,1250,4018,4982480
2020-02-23,VLBS,1275,1325,1260,1275,4712,6017158
2020-02-24,VLBS,1261,1261,1225,1249,3355,4176371
2020-02-25,VLBS,1225,1300,1205,1250,5643,7052916
2020-02-26,VLBS,1228,1325,1228,1265,5606,7196234
2020-02-27,VLBS,1241,1259,1225,1250,3013,3747850
2020-03-01,VLBS,1231,1231,1170,1172,7041,8398040
2020-03-02,VLBS,1172,1175,1122,1122,4198,4782587
2020-03-03,VLBS,1100,1119,1010,1042,14716,15468131
2020-03-04,VLBS,1022,1030,965,965,8837,8782477
2020-03-05,VLBS,965,1060,949,1023,4909,4865378
2020-03-10,VLBS,1015,1015,995,995,420,420000
2020-03-11,VLBS,1014,1040,985,1040,5667,5745567
2020-03-12,VLBS,1020,1025,990,1000,2731,2728725
2020-03-15,VLBS,980,980,943,943,6143,5904950
2020-03-16,VLBS,950,982,914,950,4337,4099709
2020-03-17,VLBS,931,931,858,875,3390,3019234
2020-03-18,VLBS,858,926,831,890,2376,2004192
2020-03-19,VLBS,873,900,856,900,1909,1671623
2020-05-13,VLBS,882,882,882,882,10,8820
2020-06-29,VLBS,865,865,848,832,941,795453
2020-06-30,VLBS,848,915,848,915,443,392455
2020-07-01,VLBS,933,989,933,989,40,38430
2020-07-02,VLBS,1000,1000,980,980,150,148000
2020-07-05,VLBS,970,980,942,955,1239,1189460
2020-07-06,VLBS,941,979,936,975,970,922904
2020-07-07,VLBS,990,1015,989,990,1814,1809955
2020-07-08,VLBS,971,990,954,954,943,904342
2020-07-09,VLBS,973,992,965,978,3040,2962648
2020-07-12,VLBS,997,1014,982,1007,4861,4865219
2020-07-13,VLBS,1027,1035,993,1005,1018,1024479
2020-07-14,VLBS,1025,1050,1015,1030,1016,1041107
2020-07-15,VLBS,1044,1050,1010,1020,2069,2118566
2020-07-16,VLBS,1003,1025,1000,1000,1821,1840615
2020-07-19,VLBS,1020,1020,1020,1020,10,10200
2020-07-20,VLBS,1040,1122,1040,1057,143,153621
2020-07-21,VLBS,1036,1036,968,990,1903,1886678
2020-07-22,VLBS,1009,1010,975,975,1437,1408263
2020-07-23,VLBS,957,1010,942,980,2060,2027130
2020-07-26,VLBS,975,1033,975,999,833,846068
2020-07-27,VLBS,1000,999,1000,990,1798,1790711
2020-07-28,VLBS,972,990,970,980,1227,1200996
2020-07-29,VLBS,961,961,925,925,8167,7636750
2020-07-30,VLBS,943,960,913,931,1225,1130445
2020-08-02,VLBS,915,924,882,924,1465,1310081
2020-08-03,VLBS,907,930,907,912,139,127929
2020-08-05,VLBS,913,915,894,894,257,232909
2020-08-06,VLBS,877,910,867,890,1342,1189449
2020-08-09,VLBS,890,907,860,880,627,554349
2020-08-10,VLBS,897,948,897,948,1336,1214726
2020-08-11,VLBS,960,960,915,935,870,817730
2020-08-12,VLBS,935,940,922,922,494,457704
2020-08-13,VLBS,924,924,900,900,600,544822
2020-08-16,VLBS,882,882,865,874,2352,2052424
2020-08-17,VLBS,861,882,840,882,1836,1575446
2020-08-18,VLBS,875,887,875,883,1225,1082024
2020-08-19,VLBS,870,870,869,869,76,66104
2020-08-20,VLBS,860,886,860,878,373,324734
2020-08-23,VLBS,863,878,860,877,3038,2634996
2020-08-24,VLBS,880,910,880,904,3323,2986552
2020-08-25,VLBS,905,935,905,930,1167,1069242
2020-08-26,VLBS,947,974,939,962,4732,4508632
2020-08-27,VLBS,980,1015,950,952,4377,4192962
2020-08-30,VLBS,935,951,934,951,641,602710
2020-08-31,VLBS,933,958,933,935,2195,2068894
2020-09-02,VLBS,920,953,920,947,2198,2080101
2020-09-03,VLBS,947,984,928,964,810,774527
2020-09-06,VLBS,966,966,934,935,1861,1768120
2020-09-07,VLBS,922,934,922,934,812,752147
2020-09-08,VLBS,934,938,925,925,1672,1553034
2020-09-09,VLBS,921,959,921,939,2960,2794027
2020-09-10,VLBS,957,976,945,953,1706,1640187
2020-09-13,VLBS,972,972,940,952,2011,1925466
2020-09-14,VLBS,970,970,935,935,1490,1412510
2020-09-15,VLBS,948,948,930,933,486,453971
2020-09-16,VLBS,923,930,921,924,1812,1677329
2020-09-17,VLBS,917,1011,917,972,3424,3245212
2020-09-20,VLBS,953,956,946,950,1277,1217980
2020-09-21,VLBS,968,968,921,940,1394,1299114
2020-09-22,VLBS,926,944,926,926,1521,1414129
2020-09-23,VLBS,929,935,926,926,608,565415
2020-09-24,VLBS,916,940,916,925,876,811587
2020-09-27,VLBS,916,925,915,924,498,457450
2020-09-28,VLBS,915,925,915,915,1588,1455593
2020-09-29,VLBS,904,915,904,911,553,503772
2020-09-30,VLBS,901,915,900,910,1220,1100827
2020-10-01,VLBS,915,923,910,915,1072,983358
2020-10-04,VLBS,915,915,912,914,611,558710
2020-10-05,VLBS,916,930,916,930,803,741213
2020-10-06,VLBS,930,938,925,925,1272,1182249
2020-10-07,VLBS,935,935,910,925,900,828670
2020-10-08,VLBS,907,924,907,924,1577,1448266
2020-10-11,VLBS,910,912,906,910,830,755103
2020-10-12,VLBS,911,915,911,914,1013,925072
2020-10-13,VLBS,905,923,905,910,1268,1157110
2020-10-14,VLBS,895,911,895,907,566,512364
2020-10-15,VLBS,925,925,885,910,1170,1052972
2020-10-18,VLBS,897,903,886,903,514,462636
2020-10-19,VLBS,905,910,896,910,163,147444
2020-10-20,VLBS,903,924,903,924,616,561962
2020-10-21,VLBS,907,920,907,920,95,86450
2020-10-22,VLBS,966,966,947,947,100,95650
2020-10-28,VLBS,929,929,911,929,1925,1786303
2020-10-29,VLBS,975,975,919,924,1084,1005634
2020-11-01,VLBS,935,943,925,943,1229,1145942
2020-11-02,VLBS,955,970,940,970,5877,5636691
2020-11-03,VLBS,988,988,961,962,990,962129
2020-11-04,VLBS,962,975,962,971,3211,3116208
2020-11-05,VLBS,971,971,960,967,1528,1476942
2020-11-08,VLBS,970,980,957,979,3532,3441718
2020-11-09,VLBS,998,998,976,986,1940,1919257
2020-11-10,VLBS,967,979,956,960,4540,4365965
2020-11-11,VLBS,960,960,946,946,1116,1060049
2020-11-12,VLBS,951,955,946,948,1449,1373821
2020-11-18,VLBS,940,940,926,939,1675,1565564
2020-11-19,VLBS,932,980,932,960,5936,5678017
2020-11-22,VLBS,956,980,947,969,3028,2909862
2020-11-23,VLBS,950,951,940,940,3879,3683996
2020-11-24,VLBS,957,976,941,970,3098,2992938
2020-11-25,VLBS,951,1030,951,1030,11030,10905014
2020-11-26,VLBS,1017,1048,1015,1034,7452,7660007
2020-11-29,VLBS,1015,1048,1015,1035,7297,7509902
2020-11-30,VLBS,1049,1049,1016,1036,3149,3264470
2020-12-01,VLBS,1035,1040,1015,1020,5525,5670369
2020-12-02,VLBS,1035,1122,1035,1122,12428,13763567
2020-12-03,VLBS,1165,1211,1083,1140,13750,15661571
2020-12-06,VLBS,1150,1150,1038,1038,7942,8468191
2020-12-07,VLBS,1058,1110,1020,1090,8705,9220432
2020-12-08,VLBS,1100,1110,1049,1065,3748,4056518
2020-12-09,VLBS,1055,1150,1047,1074,6158,6654495
2020-12-10,VLBS,1095,1115,1060,1086,7394,8080505
2020-12-13,VLBS,1099,1142,1077,1118,5764,6411913
2020-12-14,VLBS,1118,1229,1118,1200,14524,17210287
2020-12-15,VLBS,1200,1319,1200,1248,16193,20203391
2020-12-16,VLBS,1240,1304,1221,1231,11626,14743706
2020-12-17,VLBS,1250,1304,1190,1250,15332,19141407
2020-12-20,VLBS,1250,1297,1168,1170,16043,19243826
2020-12-21,VLBS,1193,1235,1148,1191,21469,25870253
2020-12-22,VLBS,1214,1273,1214,1273,12172,15143600
2020-12-23,VLBS,1298,1310,1223,1245,3478,4337138
2020-12-24,VLBS,1259,1259,1210,1215,6324,7716435
2020-12-27,VLBS,1238,1238,1183,1185,4553,5468832
2020-12-28,VLBS,1180,1210,1176,1188,2115,2518845
2020-12-29,VLBS,1188,1249,1188,1200,2635,3170792
2020-12-30,VLBS,1222,1254,1190,1225,7411,9059506
2020-12-31,VLBS,1249,1280,1249,1271,24021,30314081
2021-01-03,VLBS,1121,1121,1090,1110,3358,3694738
2021-01-04,VLBS,1110,1131,1080,1080,2634,2905390
2021-01-05,VLBS,1090,1090,1049,1056,1395,1478520
2021-01-06,VLBS,1008,1099,1008,1085,4262,4594222
2021-01-07,VLBS,1106,1124,1090,1095,4758,5244177
2021-01-10,VLBS,1116,1121,1097,1118,4024,4467629
2021-01-11,VLBS,1140,1140,1086,1098,3893,4332381
2021-01-12,VLBS,1098,1135,1098,1119,2107,2335974
2021-01-13,VLBS,1127,1154,1116,1154,5848,6685247
2021-01-17,VLBS,1177,1230,1177,1225,9658,11718891
2021-01-18,VLBS,1249,1272,1227,1240,4423,5483612
2021-01-19,VLBS,1264,1264,1214,1225,5718,7020734
2021-01-20,VLBS,1224,1247,1220,1247,5016,6192608
2021-01-21,VLBS,1224,1352,1224,1350,10712,13702660
2021-01-24,VLBS,1377,1485,1377,1457,13249,19170607
2021-01-25,VLBS,1486,1500,1390,1449,13945,19961603
2021-01-26,VLBS,1450,1450,1394,1408,4566,6447852
2021-01-27,VLBS,1390,1420,1383,1420,7533,10613748
2021-01-28,VLBS,1440,1500,1440,1480,11801,17429728
2021-01-31,VLBS,1460,1475,1398,1422,12970,18687348
2021-02-01,VLBS,1445,1450,1390,1396,9910,14018139
2021-02-02,VLBS,1423,1450,1400,1446,4538,6551108
2021-02-03,VLBS,1473,1474,1404,1434,9350,13445208
2021-02-04,VLBS,1408,1510,1408,1505,14902,21948385
2021-02-07,VLBS,1580,1655,1530,1615,37223,59519355
2021-02-08,VLBS,1695,1728,1565,1580,18181,29418843
2021-02-09,VLBS,1650,1650,1523,1545,11768,18123940
2021-02-10,VLBS,1525,1570,1520,1548,8192,12674805
2021-02-11,VLBS,1530,1550,1493,1493,8422,12858498
2021-02-14,VLBS,1465,1509,1461,1471,5700,8445082
2021-02-15,VLBS,1500,1618,1500,1618,17026,27288909
2021-02-16,VLBS,1698,1724,1582,1606,8745,14147067
2021-02-17,VLBS,1600,1619,1551,1599,4067,6430649
2021-02-18,VLBS,1520,1581,1520,1570,2908,4569731
2021-02-21,VLBS,1565,1565,1530,1545,3629,5619531
2021-02-22,VLBS,1539,1539,1496,1505,6607,9977978
2021-02-23,VLBS,1478,1540,1451,1540,6679,9884243
2021-02-24,VLBS,1570,1585,1525,1525,2517,3886043
2021-02-25,VLBS,1530,1530,1479,1480,3674,5513665
2021-02-28,VLBS,1455,1482,1445,1446,5104,7446024
2021-03-01,VLBS,1431,1493,1430,1493,4912,7189159
2021-03-02,VLBS,1476,1490,1451,1458,3202,4676279
2021-03-03,VLBS,1430,1476,1403,1440,5833,8350924
2021-03-04,VLBS,1468,1510,1468,1490,3888,5817247
2021-03-07,VLBS,1519,1519,1445,1460,4525,6651778
2021-03-09,VLBS,1484,1484,1433,1460,2282,3296293
2021-03-10,VLBS,1489,1489,1430,1430,1440,2072365
2021-03-14,VLBS,1405,1425,1376,1376,2887,4025406
2021-03-15,VLBS,1356,1400,1355,1385,1898,2598777
2021-03-16,VLBS,1400,1425,1372,1399,1340,1867856
2021-03-17,VLBS,1425,1430,1397,1430,948,1346783
2021-03-18,VLBS,1450,1500,1445,1491,5276,7798629
2021-03-21,VLBS,1520,1640,1520,1589,10832,17009187
2021-03-22,VLBS,1600,1600,1550,1550,5931,9298857
2021-03-23,VLBS,1550,1580,1542,1580,3896,6119711
2021-03-24,VLBS,1610,1610,1562,1601,5655,9023373
2021-03-25,VLBS,1601,1601,1569,1575,9074,14357988
2021-03-29,VLBS,1580,1700,1573,1610,3369,5434939
2021-03-30,VLBS,1579,1690,1579,1670,13065,21670514
2021-03-31,VLBS,1670,1685,1637,1665,5016,8322658
2021-04-01,VLBS,1665,1665,1600,1640,6938,11295042
2021-04-04,VLBS,1620,1645,1610,1627,3453,5596036
2021-04-05,VLBS,1628,1657,1600,1637,4984,8099792
2021-04-06,VLBS,1630,1668,1630,1660,6914,11437699
2021-04-07,VLBS,1690,1726,1660,1689,16172,27386448
2021-04-08,VLBS,1689,1745,1681,1745,13661,23554005
2021-04-12,VLBS,1773,1866,1739,1818,17418,31618805
2021-04-13,VLBS,1800,1820,1770,1803,17734,31837800
2021-04-15,VLBS,1824,1824,1756,1785,3619,6469142
2021-04-18,VLBS,1785,1800,1755,1769,5543,9840921
2021-04-19,VLBS,1804,1810,1740,1775,12366,22161039
2021-04-20,VLBS,1750,1856,1750,1778,5184,9300865
2021-04-21,VLBS,1810,1810,1750,1750,2346,4142513
2021-04-22,VLBS,1717,1820,1716,1792,5507,9722335
2021-04-25,VLBS,1827,1827,1710,1723,6610,11538032
2021-04-26,VLBS,1700,1755,1683,1685,4738,8109567
2021-04-27,VLBS,1718,1795,1669,1795,5368,9415602
2021-04-28,VLBS,1780,1802,1746,1769,3495,6186218
2021-04-29,VLBS,1804,1804,1747,1761,3958,6956894
2021-05-02,VLBS,1796,1846,1755,1835,17351,31571158
2021-05-03,VLBS,1910,1951,1872,1909,39588,75834206
2021-05-04,VLBS,1946,1984,1886,1925,13192,25432775
2021-05-05,VLBS,2021,2021,1890,1893,8482,16213456
2021-05-06,VLBS,1866,1870,1828,1840,12700,23468380
2021-05-09,VLBS,1804,1850,1804,1830,2982,5466993
2021-05-10,VLBS,1921,1921,1809,1860,5607,10330945
2021-05-11,VLBS,1880,1901,1862,1897,4868,9216444
2021-05-12,VLBS,1880,1899,1870,1871,2590,4858129
2021-05-13,VLBS,1871,1897,1860,1867,3788,7075111
2021-05-16,VLBS,1899,1909,1870,1905,7161,13619066
2021-05-17,VLBS,1907,1930,1880,1902,6326,12021732
2021-05-18,VLBS,1997,1997,1905,1921,7230,13889314
2021-05-19,VLBS,1915,1950,1876,1887,8166,15626252
2021-05-20,VLBS,1908,1920,1872,1895,4945,9325025
2021-05-23,VLBS,1860,1920,1860,1892,8282,15716605
2021-05-24,VLBS,1900,1930,1882,1899,6319,11968989
2021-05-25,VLBS,1880,1898,1871,1873,5880,11059587
2021-05-27,VLBS,1780,1850,1711,1816,18966,34002134
2021-05-30,VLBS,1820,1820,1788,1800,8437,15166231
2021-05-31,VLBS,1801,1818,1786,1790,5572,10034387
2021-06-01,VLBS,1825,1825,1765,1767,3456,6158339
2021-06-02,VLBS,1767,1795,1767,1795,3791,6760017
2021-06-03,VLBS,1800,1835,1795,1807,3512,6393415
2021-06-06,VLBS,1807,1825,1791,1795,5331,9617583
2021-06-07,VLBS,1760,1814,1760,1789,2484,4442955
2021-06-08,VLBS,1800,1800,1768,1780,3445,6117729
2021-06-09,VLBS,1800,1802,1770,1770,2993,5346981
2021-06-10,VLBS,1771,1782,1760,1772,2447,4328902
2021-06-13,VLBS,1750,1820,1750,1765,5485,9759259
2021-06-14,VLBS,1751,1786,1751,1780,6413,11375872
2021-06-15,VLBS,1805,1805,1745,1746,6967,12286520
2021-06-16,VLBS,1659,1888,1659,1805,11869,21659249
2021-06-17,VLBS,1834,1834,1779,1780,1895,3399366
2021-06-20,VLBS,1760,1781,1697,1759,7303,12627563
2021-06-21,VLBS,1730,1745,1699,1708,4982,8540441
2021-06-22,VLBS,1720,1734,1660,1708,7626,12989970
2021-06-23,VLBS,1708,1741,1670,1675,2754,4622841
2021-06-24,VLBS,1675,1680,1651,1660,2079,3450139
2021-06-27,VLBS,1679,1712,1660,1663,2576,4318304
2021-06-28,VLBS,1680,1760,1676,1714,3512,6046071
2021-06-29,VLBS,1748,1800,1736,1738,7282,12866755
2021-06-30,VLBS,1738,1741,1695,1705,2677,4584552
2021-07-01,VLBS,1735,1760,1700,1700,4122,7102229
2021-07-04,VLBS,1705,1767,1700,1702,3288,5624143
2021-07-05,VLBS,1676,1723,1676,1701,1836,3107520
2021-07-06,VLBS,1700,1718,1700,1706,738,1259909
2021-07-07,VLBS,1690,1759,1688,1725,3323,5780549
2021-07-08,VLBS,1724,1764,1720,1764,2303,4029393
2021-07-11,VLBS,1760,1824,1760,1808,6728,12098216
2021-07-12,VLBS,1800,1817,1772,1779,5949,10682661
2021-07-13,VLBS,1814,1814,1778,1785,1168,2091259
2021-07-14,VLBS,1783,1799,1778,1791,1148,2052586
2021-07-15,VLBS,1800,1823,1800,1819,7703,13978548
2021-07-18,VLBS,1840,1884,1831,1870,4958,9228751.9
2021-07-19,VLBS,1907,1907,1835,1855.1,2855,5360226
2021-07-20,VLBS,1850,1859,1840,1850,1803,3331687.6
2021-07-22,VLBS,1831,1860,1831,1847,2162,3983569
2021-07-25,VLBS,1850,1870,1850,1860,3690,6861083
2021-07-26,VLBS,1831,1929,1831,1912,11850,22612995.5
2021-07-27,VLBS,1874,1874,1820,1867,9113,16873212.7
2021-07-28,VLBS,1870,1900,1861.5,1884,2353,4440398
2021-07-29,VLBS,1920,1932,1899,1902,3574,6821322
2021-08-01,VLBS,1930,1960,1900,1917,5945,11428499.9
2021-08-02,VLBS,1922,1924,1900,1912,8925,17053473.4
2021-08-03,VLBS,1950,2033,1925,2024,28228,55917809.9
2021-08-04,VLBS,2031,2036,1931,1936,9768,19333253
2021-08-05,VLBS,1898,1958,1887,1920,10384,19871699
2021-08-08,VLBS,1906,1906,1857,1875,4951,9256859
2021-08-09,VLBS,1850,1850,1810,1835,5723,10445702
2021-08-10,VLBS,1850,1895,1815,1874,9520,17734018.9
2021-08-11,VLBS,1900,1900,1832,1841,2910,5386432.4
2021-08-12,VLBS,1845,1890,1813,1840,6523,12129188
2021-08-15,VLBS,1840,1958,1840,1895,7402,14020024.8
2021-08-16,VLBS,1865.1,1932,1865.1,1897.9,2701,5170222
2021-08-17,VLBS,1897,1905,1860,1861,4677,8779362.1
2021-08-18,VLBS,1824,1880,1820,1863,4221,7758143
2021-08-19,VLBS,1870,1900,1826,1860,6693,12522179.4
2021-08-24,VLBS,1824,1858,1824,1830,1650,3026033
2021-08-25,VLBS,1810,1850,1810,1829,1401,2558517.1
2021-08-26,VLBS,1834,1834,1796,1814.9,2971,5354738.7
2021-08-29,VLBS,1850,1850,1762,1790,2482,4413668.2
2021-08-31,VLBS,1760,1760,1710,1713,5087,8783742.9
2021-09-01,VLBS,1704,1740,1701,1725,2659,4581342.9
2021-09-02,VLBS,1691.2,1731,1691.2,1723,2581,4410110.6
2021-09-05,VLBS,1705,1723,1632,1667,3406,5632826.6
2021-09-06,VLBS,1650,1732,1650,1730,5401,9058925.4
2021-09-07,VLBS,1700,1745,1662,1691,1985,3342006
2021-09-08,VLBS,1700,1700,1650,1660,1783,2955440.6
2021-09-09,VLBS,1693,1693,1650,1678,2501,4193180
2021-09-12,VLBS,1666,1745,1666,1725,2756,4695422
2021-09-13,VLBS,1700,1706,1685,1685,1676,2838032.2
2021-09-14,VLBS,1700,1700,1662,1690,1645,2754651
2021-09-15,VLBS,1680,1680,1657,1674.5,3441,5718926
2021-09-16,VLBS,1674,1674,1600,1600,4894,7941020.3
2021-09-20,VLBS,1600,1610,1515,1575,5713,8880664.3
2021-09-21,VLBS,1550,1612.3,1520,1596,2595,4118036.5
2021-09-22,VLBS,1627,1649,1610,1630,659,1068240.7
2021-09-23,VLBS,1630,1655,1625,1625,3206,5250061
2021-09-26,VLBS,1593,1622,1560,1566.3,862,1357473
2021-09-27,VLBS,1550,1566,1515,1516,2424,3703300.1
2021-09-28,VLBS,1516,1546.3,1487,1529,3539,5324800.4
2021-09-29,VLBS,1535,1560,1505,1560,1379,2110383.4
2021-09-30,VLBS,1589.9,1591,1499,1568.9,2738,4152230
2021-10-03,VLBS,1599,1599,1515,1520,1714,2628333
2021-10-04,VLBS,1520,1555,1505,1540,839,1287419
2021-10-05,VLBS,1570,1630.9,1561,1613.6,1378,2197757.3
2021-10-06,VLBS,1645,1740,1645,1720,7953,13606040
2021-10-10,VLBS,1754.1,1789,1675,1690,1895,3311157
2021-10-11,VLBS,1660,1660,1630,1640,1225,2010937
2021-10-17,VLBS,1671.9,1671.9,1610,1669.9,1016,1650720.6
2021-10-18,VLBS,1636.7,1666.9,1548,1580,1749,2744250
2021-10-19,VLBS,1550,1560,1442,1521,4325,6493771
2021-10-20,VLBS,1525,1565.7,1522,1559,1370,2116978
2021-10-21,VLBS,1590,1590,1529,1546,460,717811.3
2021-10-24,VLBS,1560,1560,1532,1541,2241,3452425.7
2021-10-25,VLBS,1543,1613.6,1543,1590,3553,5548634
2021-10-26,VLBS,1605,1628,1605,1610,1808,2926493
2021-10-27,VLBS,1624.9,1665,1610,1610,3077,5063239.5
2021-10-28,VLBS,1610,1699.9,1600,1675,2867,4723417.7
2021-10-31,VLBS,1653.2,1750,1653.1,1703.2,4790,8196213
2021-11-01,VLBS,1737.2,1737.2,1670,1680,1799,3081163.4
2021-11-02,VLBS,1650.5,1699,1648,1680,964,1626010
2021-11-03,VLBS,1713,1750,1690,1750,5306,9158523.5
2021-11-08,VLBS,1716,1716,1684,1685,665,1127485.5
2021-11-09,VLBS,1667,1668,1602,1621,5599,9124097.8
2021-11-11,VLBS,1590,1672,1589,1626,4620,7555660
2021-11-14,VLBS,1630,1691.6,1625,1650,1687,2765368
2021-11-15,VLBS,1682,1701,1655,1690,3879,6500077.2
2021-11-16,VLBS,1690,1690,1616,1650,7194,11812950.4
2021-11-17,VLBS,1650,1749,1650,1675,5415,9168440.2
2021-11-18,VLBS,1680,1680,1630,1630,597,985568.7
2021-11-21,VLBS,1613,1613,1603,1603,580,931424
2021-11-22,VLBS,1591,1610,1590,1595.3,922,1473764
2021-11-23,VLBS,1578.3,1582.1,1546.8,1546.8,3589,5578048.7
2021-11-24,VLBS,1521,1570,1517,1559.5,780,1191484.5
2021-11-25,VLBS,1559,1559,1541,1541,742,1149614.5
2021-11-28,VLBS,1511,1511,1470,1472,3271,4854526.7
2021-11-29,VLBS,1448,1530,1448,1484,1344,1982148.8
2021-11-30,VLBS,1458.1,1508.8,1454.5,1508.8,1085,1612946.6
2021-12-01,VLBS,1480,1499,1479,1490,313,464910
2021-12-02,VLBS,1470,1480,1460.3,1460.3,909,1331295.3
2021-12-05,VLBS,1459.9,1460,1400,1404.1,1540,2182870.9
2021-12-06,VLBS,1432,1432,1324,1398,2451,3396098.3
2021-12-07,VLBS,1425.9,1452.9,1398,1410,425,606852.9
2021-12-08,VLBS,1430,1430,1355,1370,845,1170400
2021-12-09,VLBS,1343,1395,1341,1395,778,1062205.2
2021-12-12,VLBS,1400,1400,1339.8,1339.8,467,630194.3
2021-12-13,VLBS,1314,1314,1262,1275,2765,3530646.9
2021-12-14,VLBS,1300,1379.5,1300,1356,778,1041297.1
2021-12-15,VLBS,1350,1399.3,1345,1370,1541,2107312
2021-12-16,VLBS,1350,1350,1320,1320,451,599505.3
2021-12-20,VLBS,1320,1330,1315,1330,688,911545.8
2021-12-21,VLBS,1356,1382,1354,1380,1644,2257312.2
2021-12-22,VLBS,1407.6,1473,1407.6,1442,1894,2714562.6
2021-12-23,VLBS,1450,1480,1450,1476,881,1286268
2021-12-26,VLBS,1505,1540,1505,1527,4954,7538253.4
2021-12-27,VLBS,1297.6,1323,1266,1270,1599,2067590
2021-12-28,VLBS,1270,1270,1247,1248,307,384779
2021-12-29,VLBS,1248,1255,1240,1242,968,1208122
2022-01-02,VLBS,1266.8,1347,1260,1270,1429,1825143.1
2022-01-03,VLBS,1290,1346,1290,1330,5810,7677097.3
2022-01-04,VLBS,1355,1400,1327.9,1385,4111,5646055
2022-01-05,VLBS,1399,1399,1322,1322,2333,3109266.8
2022-01-06,VLBS,1330,1348,1330,1336,463,619090
2022-01-09,VLBS,1362,1389.2,1336,1351,2898,3936597
2022-01-10,VLBS,1350,1360,1336,1360,992,1335079
2022-01-11,VLBS,1360,1436,1350,1430,5970,8338865
2022-01-12,VLBS,1401.5,1487.7,1392,1392,6632,9457836.4
2022-01-13,VLBS,1419,1455,1391,1455,2682,3831675
2022-01-16,VLBS,1484,1500,1468.1,1494,5080,7499111.4
2022-01-17,VLBS,1485.3,1499,1445.1,1480,3463,5056459.5
2022-01-18,VLBS,1475,1475,1426,1459,2572,3726387
2022-01-19,VLBS,1484,1484,1421,1427,1232,1761928
2022-01-20,VLBS,1454,1454,1401.5,1447,1044,1482545.5
2022-01-23,VLBS,1453.5,1475,1421.2,1430,206,295424.2
2022-01-24,VLBS,1410,1411.6,1381,1384,1750,2427645.5
2022-01-25,VLBS,1357,1400,1357,1389,495,686197
2022-01-26,VLBS,1390,1390,1340,1355.2,725,987458.7
2022-01-27,VLBS,1346,1359,1331,1331,755,1015301
2022-01-30,VLBS,1357.6,1384,1357.6,1375,1388,1913047
2022-01-31,VLBS,1390,1402,1372,1400,376,520037
2022-02-01,VLBS,1400,1423,1375,1423,1681,2354652.4
2022-02-03,VLBS,1400,1445,1361.1,1395,1535,2136157
2022-02-06,VLBS,1371,1375,1337,1360,2320,3123766.2
2022-02-07,VLBS,1335,1375,1335,1375,338,458314
2022-02-08,VLBS,1398.5,1405,1350,1377,907,1242696
2022-02-09,VLBS,1350,1353.3,1349.6,1349.7,163,220047.8
2022-02-10,VLBS,1350,1364,1331,1332,617,829671
2022-02-13,VLBS,1329,1329,1260,1280,2048,2606527
2022-02-14,VLBS,1280,1280,1255,1280,1495,1888590
2022-02-15,VLBS,1285.4,1370,1277,1360,1543,2052893.6
2022-02-16,VLBS,1387,1387,1320,1321,220,292931
2022-02-17,VLBS,1294.6,1320,1294.6,1305,382,496847
2022-02-20,VLBS,1282,1282,1267,1267,564,721915
2022-02-21,VLBS,1255,1280,1255,1261.3,483,613035.3
2022-02-22,VLBS,1260,1300,1260,1280.1,304,390450
2022-02-23,VLBS,1281,1295.4,1270,1272,220,281431
2022-02-24,VLBS,1248,1260,1241,1260,820,1025872.1
2022-02-27,VLBS,1236,1255,1227,1240,297,368929
2022-02-28,VLBS,1241,1260,1236,1248,645,806004
2022-03-02,VLBS,1225,1230,1223,1225.2,392,480622.3
2022-03-06,VLBS,1245,1245,1201,1201,843,1020705
2022-03-07,VLBS,1225,1225,1190,1190,2151,2568537.5
2022-03-09,VLBS,1180,1183,1161,1161,232,272704
2022-03-10,VLBS,1140.1,1252,1140.1,1252,1236,1456515
2022-03-13,VLBS,1271,1275,1245,1275,1906,2412064.5
2022-03-14,VLBS,1275,1294,1250,1255,264,333080
2022-03-15,VLBS,1278,1278,1240,1240,1043,1304316.8
2022-03-16,VLBS,1232,1240,1221,1240,936,1147036
2022-03-20,VLBS,1240,1244,1193.7,1244,765,926775.4
2022-03-21,VLBS,1242,1248,1242,1248,213,264846
2022-03-22,VLBS,1248,1248,1231,1240,176,218068.2
2022-03-23,VLBS,1240,1254,1240,1240,207,257232
2022-03-24,VLBS,1240,1250,1240,1242,224,278785
2022-03-27,VLBS,1218,1220,1218,1220,169,206160
2022-03-28,VLBS,1225,1225,1181,1195,565,677721
2022-03-29,VLBS,1179,1183,1179,1181,635,749957
2022-03-30,VLBS,1198,1220,1195,1214,696,834650
2022-03-31,VLBS,1190,1210,1190,1208,393,471880
2022-04-03,VLBS,1186.5,1186.5,1185,1185,264,313022
2022-04-04,VLBS,1185,1185,1185,1185,1,1163
2022-04-05,VLBS,1161.3,1161.3,1119.2,1141,1724,1956109.2
2022-04-06,VLBS,1130,1138,1119,1130,260,293860
2022-04-07,VLBS,1113.1,1147,1113,1147,346,391966.5
2022-04-11,VLBS,1130,1152,1110,1112.4,655,736955.5
2022-04-12,VLBS,1094,1132,1056,1132,1634,1754589.6
2022-04-13,VLBS,1132,1139.3,1115,1118,564,633327.3
2022-04-17,VLBS,1118,1140.3,1100,1100,343,383550.9
2022-04-18,VLBS,1100,1100,1078,1080,133,143730
2022-04-19,VLBS,1080,1112,1050,1090,1514,1614879
2022-04-20,VLBS,1110,1110,1047.7,1090.3,2661,2862557.6
2022-04-21,VLBS,1080,1089,1060,1075,420,449738.3
2022-04-24,VLBS,1070,1131,1070,1131,942,1036871.1
2022-04-25,VLBS,1150,1150,1111,1111,350,391370
2022-04-26,VLBS,1120.9,1131,1096,1096,229,255462
2022-04-27,VLBS,1085,1096,1076,1086,281,305872
2022-04-28,VLBS,1080,1090,1054,1055,2424,2585726.1
2022-05-02,VLBS,1076,1076.1,1030,1031,604,626437.2
2022-05-04,VLBS,1050,1071,1048.9,1049,175,184597.3
2022-05-05,VLBS,1031,1035,1028.1,1034.9,251,258623.9
2022-05-08,VLBS,1015,1028,1000,1025,396,403696.3
2022-05-09,VLBS,1025,1070,1025,1066,345,363988.6
2022-05-10,VLBS,1080,1087,1052,1087,489,520516.5
2022-05-11,VLBS,1108,1165,1065.3,1108,700,765722.8
2022-05-12,VLBS,1090,1094.4,1073,1076,331,357597
2022-05-17,VLBS,1054.7,1054.7,1034,1034,93,97218.2
2022-05-18,VLBS,1016.2,1034.2,1010,1034.2,186,189142
2022-05-19,VLBS,1054,1070,1009,1025,345,357930
2022-05-20,VLBS,1015,1025,1015,1025,55,56245
2022-05-23,VLBS,1018,1018,970.5,982,834,821328.3
2022-05-24,VLBS,1001,1025,1000.6,1025,332,337706
2022-05-25,VLBS,1030,1037,1010,1037,214,219150
2022-05-26,VLBS,1016.3,1016.3,1005,1010,1088,1097823.8
2022-05-27,VLBS,1005,1005,999,1001,536,536833
2022-05-30,VLBS,991,1000,970,987,1494,1465202
2022-05-31,VLBS,987,1006,967,988,399,392023.1
2022-06-01,VLBS,990,990,955,955,804,777553.5
2022-06-02,VLBS,965,965,950,957,120,114895
2022-06-03,VLBS,955,955,919,947,1554,1451724.2
2022-06-06,VLBS,960,960,958,958,20,19180
2022-06-07,VLBS,942,950,925,926,1120,1049173
2022-06-08,VLBS,940,955,930,950,396,373292
2022-06-09,VLBS,969,988,962,965,1011,983242
2022-06-10,VLBS,949,984,949,954,193,185697.2
2022-06-13,VLBS,945,959.8,941,958,100,95590
2022-06-14,VLBS,955,955,921,950,372,345260
2022-06-15,VLBS,931.1,945,920,920,426,396315.9
2022-06-16,VLBS,902,969,902,948,207,193774
2022-06-17,VLBS,948,956,930,940,212,200236
2022-06-19,VLBS,922,940,922,922.1,547,506700.2
2022-06-20,VLBS,921,921,867.3,877,717,631113.9
2022-06-21,VLBS,894.5,910,892,902.9,756,680419.6
2022-06-22,VLBS,891,891,879,880,414,366598.2
2022-06-23,VLBS,865,865,836,847,1068,909159
2022-06-24,VLBS,832,875,832,875,203,173192
2022-06-26,VLBS,892.5,946,892.5,939,966,893201.4
2022-06-27,VLBS,950,957,920.3,923,708,662433
2022-06-28,VLBS,912,920,890,900,711,643402.2
2022-06-29,VLBS,905,964,905,945,1072,1003013
2022-06-30,VLBS,940,1009,940,1009,2318,2256058
2022-07-01,VLBS,1010,1024,995,995,489,490511
2022-07-03,VLBS,1014.9,1054,981,1035,767,784405
2022-07-04,VLBS,1050,1050,995,995,3398,3496242.2
2022-07-05,VLBS,1010,1015,962.1,978,1969,1931333.5
2022-07-06,VLBS,960,988,941.1,988,450,432428
2022-07-07,VLBS,988,1007,960,984,1665,1620158
2022-07-08,VLBS,966,966,928,949,814,764183.9
2022-07-11,VLBS,940,940,882,882,1778,1595804.6
2022-07-12,VLBS,866,917.8,865,887,690,611001.2
2022-07-13,VLBS,903,930,900,930,618,564348.7
2022-07-14,VLBS,944,948,930,943,1940,1820259
2022-07-15,VLBS,943,954.9,925.1,940,1419,1321730
2022-07-17,VLBS,958.8,975,954.7,970,164,157922
2022-07-18,VLBS,950.6,985,950.6,984,625,611067
2022-07-19,VLBS,1000,1005,986,991,1696,1689882.4
2022-07-20,VLBS,1000,1059,990,1005,1482,1508118.3
2022-07-21,VLBS,1000,1024,991,1019,531,537461
2022-07-22,VLBS,1000,1020,980,999.6,542,536914.5
2022-07-24,VLBS,1010,1060,1000,1050,1623,1661781.7
2022-07-25,VLBS,1070,1095.1,1050,1090,3373,3618077
2022-07-26,VLBS,1089,1099,1038,1058,1362,1445371.4
2022-07-27,VLBS,1060,1110,1035,1095,2078,2231736.4
2022-07-28,VLBS,1085,1140,1076.1,1085,3224,3580581
2022-07-29,VLBS,1080,1104,1080,1094,499,543296
2022-07-31,VLBS,1094,1114,1075,1082,1573,1716852
2022-08-01,VLBS,1082,1103.6,1075,1075,1287,1399090
2022-08-02,VLBS,1075,1075,1053.5,1074.9,549,582558
2022-08-03,VLBS,1094.9,1116.2,1056,1103,2797,3056019.2
2022-08-04,VLBS,1095,1100,1079,1079,782,849369
2022-08-05,VLBS,1069,1070,1040,1045,704,737193
2022-08-07,VLBS,1065.9,1070,1033.3,1043,1083,1140560
2022-08-08,VLBS,1050,1063,1032,1063,773,808646
2022-08-09,VLBS,1042,1062,1026,1030,597,622885.8
2022-08-10,VLBS,1011,1028,1010,1026,638,651576.4
2022-08-11,VLBS,1008,1018,990,990,2592,2590822.7
2022-08-14,VLBS,985,990,960,960,725,704571
2022-08-15,VLBS,960,1010,958,1010,908,885230.2
2022-08-16,VLBS,1008,1008,985,986,414,411055
2022-08-17,VLBS,970,999,966.4,979,1522,1479607.2
2022-08-18,VLBS,997.5,998,983.5,990.2,556,551637
2022-08-21,VLBS,990,990,983.2,986,358,353278.8
2022-08-22,VLBS,971,987.8,970,970,542,526486.3
2022-08-23,VLBS,987.5,988,970,986.9,475,465633
2022-08-24,VLBS,990,990,970.2,971.3,264,259540.2
2022-08-25,VLBS,990,998.5,965,965,660,638851.3
2022-08-26,VLBS,960,978,960,977,136,131030
2022-08-28,VLBS,960,960,940,948,785,741951.3
2022-08-29,VLBS,930,948,930,946,727,678579.7
2022-08-30,VLBS,964,964,925,937.9,476,446738
2022-08-31,VLBS,921.2,940,921.2,940,99,91825.6
2022-09-01,VLBS,930,931,912,931,462,425439
2022-09-02,VLBS,931,945,912.4,945,919,840956.8
2022-09-04,VLBS,931,934.6,900,929,1230,1128300.1
2022-09-05,VLBS,930,930,910,928,1002,914857.4
2022-09-06,VLBS,913,917.9,900,917.9,343,311069
2022-09-07,VLBS,902.1,916,902,916,134,121106
2022-09-08,VLBS,910,918,892,892,601,541263
2022-09-11,VLBS,892,892,877.1,877.1,347,304867.7
2022-09-12,VLBS,865.5,865.5,850.1,860,1425,1225830.2
2022-09-13,VLBS,876,880,870,880,875,768890
2022-09-14,VLBS,897.6,907.9,890,907.9,382,344415
2022-09-15,VLBS,925,925,872.1,889,904,811591.9
2022-09-16,VLBS,871.3,904,843,888,435,375725.8
2022-09-18,VLBS,872,872,840,856.8,251,214887.6
2022-09-20,VLBS,845,861,814,820,2196,1801273
2022-09-21,VLBS,836.4,850,820,820,309,255247.3
2022-09-22,VLBS,817,820,808,811,882,717123
2022-09-25,VLBS,810,810,795.1,795.1,1724,1381956
2022-09-27,VLBS,811,815,799,815,2146,1729308
2022-09-28,VLBS,831.3,861,830.5,849.2,153,128894.5
2022-09-29,VLBS,866,866,838,838,348,294025.3
2022-10-09,VLBS,850,882.3,849.7,882.3,121,103988.6
2022-10-10,VLBS,880,880,855,871,945,811891.5
2022-10-11,VLBS,860,873,843,843,387,330011
2022-10-12,VLBS,840,858,840,858,1050,884350
2022-10-13,VLBS,847,850,843,843,480,406130
2022-10-16,VLBS,849,849,842,842,117,98753
2022-10-17,VLBS,831,831,831,831,11,9141
2022-10-19,VLBS,840,859.9,827,838,273,227921
2022-10-20,VLBS,822.1,840,821,840,385,317464.4
2022-10-23,VLBS,824,824,824,824,12,9888
2022-10-31,VLBS,828,846,820,830,222,183666
2022-11-01,VLBS,845,859.9,845,859.9,125,105774
2022-11-02,VLBS,865,870,842,862,659,560441
2022-11-03,VLBS,850,850,840,845,226,190656
2022-11-06,VLBS,850,895,850,890,1234,1078991.2
2022-11-07,VLBS,894,895,880,881,753,666069
2022-11-08,VLBS,870,870,855,857,407,350947.5
2022-11-09,VLBS,840.1,844,828.1,832,713,597320
2022-11-10,VLBS,832,832,822,830,403,333188
2022-11-14,VLBS,820,830,790,830,581,467489
2022-11-15,VLBS,821,827,809,815,1036,846734
2022-11-16,VLBS,824,831,806,806,1263,1044024.8
2022-11-17,VLBS,822,834,810,834,1689,1378301
2022-11-22,VLBS,850,850,820,820,233,193790
2022-11-23,VLBS,818,820,810,810,180,146020
2022-11-24,VLBS,810,826,802,826,825,667618
2022-11-27,VLBS,810.1,855,810.1,854,273,229375.5
2022-11-28,VLBS,837,865,825,850,1765,1478049.1
2022-11-29,VLBS,865,865,849,849,230,195942
2022-11-30,VLBS,834,850,833,849,285,239045
2022-12-01,VLBS,845,845,834,834,267,223715
2022-12-04,VLBS,850,850,820,848,2748,2264433
2022-12-05,VLBS,833.1,835,820,820,188,155607.4
2022-12-06,VLBS,810,835,810,820,53,43405
2022-12-07,VLBS,815,836,815,835,1024,851517
2022-12-11,VLBS,840,845,805,829.2,725,594662
2022-12-12,VLBS,821,821,821,821,13,10673
2022-12-13,VLBS,821,828,821,825,71,58564
2022-12-14,VLBS,820,825,813,813,84,68911
2022-12-15,VLBS,819,821,801,810,501,404111
2022-12-18,VLBS,800,805,775,788,1724,1362292.8
2022-12-19,VLBS,789,831,777,814.4,1184,933155.9
2022-12-20,VLBS,811,811,798.2,798.2,919,738884.2
2022-12-21,VLBS,782.3,810.9,782.3,797,236,187972.8
2022-12-22,VLBS,796,800,796,800,534,426424
2022-12-26,VLBS,815,831,815,831,658,539027
2022-12-27,VLBS,847,847,826,832,1054,880917
2022-12-28,VLBS,830,834,810.5,834,1005,827833.6
2022-12-29,VLBS,839.8,857,839.8,857,1295,1102452.2
2023-01-01,VLBS,859,872,840,850,2551,2191536.9
2023-01-02,VLBS,850,865,835,865,2639,2236065
2023-01-03,VLBS,865,909.8,864.5,893,1583,1390861.8
2023-01-04,VLBS,909,930,875.5,927.1,6050,5446953.6
2023-01-05,VLBS,908.6,960,908.6,930,3201,2986358.6
2023-01-08,VLBS,914,960,912.1,933.7,2448,2306103.5
2023-01-09,VLBS,931,999,925,964,1583,1507150.5
2023-01-10,VLBS,962.1,1010,956.2,970,3285,3218662.6
2023-01-12,VLBS,989,989,922.3,939,2272,2135508.4
2023-01-17,VLBS,921.1,1014.3,921.1,994.1,4926,4699239.1
2023-01-18,VLBS,976,990,962,990,1132,1106472.4
2023-01-19,VLBS,971,985,970,981,1271,1241284
2023-01-23,VLBS,961.4,985,950,965,1178,1137458.2
2023-01-24,VLBS,946,964.9,940,964.9,2860,2699732.2
2023-01-25,VLBS,964.5,984,964.5,979,1197,1167500.6
2023-01-26,VLBS,992,992,980,980,80,78630
2023-01-29,VLBS,961,978,949.5,953.1,956,916383.3
2023-01-30,VLBS,943,944.1,900.1,900.1,2310,2153162.3
2023-01-31,VLBS,886,912,885.1,912,1306,1166711.2
2023-02-01,VLBS,899,909,896,900,1470,1325339.1
2023-02-02,VLBS,916,916,885.1,897,722,649441.2
2023-02-05,VLBS,885,915,885,901.1,1460,1318509.8
2023-02-06,VLBS,888.1,901,888.1,899,196,175711.1
2023-02-07,VLBS,900,935,900,935,1019,936034.6
2023-02-08,VLBS,935,935,897.1,912,7187,6518430.4
2023-02-09,VLBS,930.2,967,930.2,966,532,510562.4
2023-02-15,VLBS,946.7,946.7,911,920,4812,4418410.7
2023-02-16,VLBS,903,921,903,904,1795,1632449.1
2023-02-20,VLBS,904,904,885,890,479,427302.4
2023-02-22,VLBS,907,924,856.4,875,1274,1114552.5
2023-02-23,VLBS,858,866,787.5,787.5,8951,7297472.9
2023-02-26,VLBS,772,850,753.1,850,3297,2658723.5
2023-02-27,VLBS,840,848,803,831,2577,2113561
2023-02-28,VLBS,815,843,810,834,933,768811.2
2023-03-01,VLBS,818.1,829,802.8,829,370,300405.1
2023-03-02,VLBS,812.6,818,793,800,1029,827607.4
2023-03-05,VLBS,800,800,754,765,1089,834178
2023-03-07,VLBS,775.3,780.3,760,773,269,206312.7
2023-03-09,VLBS,766,786,766,786,271,211889
2023-03-12,VLBS,780,800,780,780,200,156846
2023-03-13,VLBS,771,785,770,785,495,381900
2023-03-14,VLBS,780,780,769.3,780,750,578428.5
2023-03-15,VLBS,765,775,749.7,775,549,416555.8
2023-03-16,VLBS,760,770,751,751,663,501425.4
2023-03-19,VLBS,762.9,762.9,740.1,750,331,248720
2023-03-20,VLBS,751,784,751,758.1,1829,1396193.8
2023-03-22,VLBS,744,770,744,770,1071,812326.5
2023-03-23,VLBS,770,770,754.6,760,530,404380
2023-03-26,VLBS,765,765,745,754,671,502414
2023-03-27,VLBS,739,740,726,740,896,659088
2023-03-28,VLBS,752,775,741.1,769,3194,2444489.2
2023-03-29,VLBS,780,795.6,770,790,11622,9024029.2
2023-03-30,VLBS,649,670.4,648,665,955,630446.4
2023-04-02,VLBS,660,660,610,620.5,688,434026
2023-04-03,VLBS,610.1,620,584.3,620,2998,1786477.7
2023-04-04,VLBS,619,629,607.6,618,495,304263
2023-04-05,VLBS,606,617,606,616.9,716,435920
2023-04-06,VLBS,627.4,627.4,610,622,976,601823.9
2023-04-09,VLBS,612,618,606,606,621,378504.7
2023-04-10,VLBS,602,609,597,600,493,296272.5
2023-04-11,VLBS,600,610,598,610,386,232146
2023-04-12,VLBS,610,665,610,665,2092,1345885
2023-04-13,VLBS,660,660,637,645,923,597308.7
2023-04-16,VLBS,640,640,627.1,630,796,501593.6
2023-04-17,VLBS,622,622,617.4,617.4,506,313262.6
2023-04-18,VLBS,606.1,618.1,606,608.3,331,201105
2023-04-19,VLBS,608,615,608,615,269,164583
2023-04-20,VLBS,620,620,600,615,1176,717942.5
2023-04-23,VLBS,615,627,603,615,426,262101.3
2023-04-24,VLBS,603,615,603,615,52,31523.2
2023-04-25,VLBS,626.9,627,605,605,388,238704
2023-04-26,VLBS,610,614,602.1,602.1,171,104456
2023-04-27,VLBS,591.1,613,591.1,595.5,610,366851
2023-04-30,VLBS,604,605,596,596,450,270190
2023-05-02,VLBS,596,596,585,585,321,188551
2023-05-03,VLBS,595,595,584,584,132,77918.1
2023-05-04,VLBS,582,585,581,585,77,44969
2023-05-07,VLBS,575,575.7,575,575,627,360594.5
2023-05-08,VLBS,571,571,565,565,80,45450
2023-05-09,VLBS,562,565.5,562,565.5,126,71122
2023-05-10,VLBS,565,570,565,565.5,56,31749
2023-05-11,VLBS,575.9,575.9,565,573.9,288,164041.4
2023-05-14,VLBS,565,570.1,563,566,2463,1401021
2023-05-15,VLBS,561,566.1,561,561,439,247272.5
2023-05-16,VLBS,565,577,565,577,272,153924
2023-05-17,VLBS,565.5,580,565.5,573,625,360277
2023-05-18,VLBS,584.4,596,563,587.8,307,175208.2
2023-05-21,VLBS,580.9,598.8,580.9,590,174,102632.8
2023-05-22,VLBS,591,591,568,590,331,192300.2
2023-05-23,VLBS,601.8,649,600,635,1154,726850.8
2023-05-24,VLBS,622.3,647,622.3,646.9,1014,654257.4
2023-05-28,VLBS,650,660,629,629,778,503041.4
2023-05-30,VLBS,620,620,601,601.3,449,270593.2
2023-05-31,VLBS,601,601,582,593.6,446,262987
2023-06-01,VLBS,585,596.7,585,596.7,163,96686.7
2023-06-04,VLBS,608,613.1,598,613.1,114,68929.7
2023-06-05,VLBS,625,625,613,622,292,180110
2023-06-06,VLBS,610,627,597.8,627,126,76522.8
2023-06-07,VLBS,638,638,616.1,616.1,1725,1073755.1
2023-06-08,VLBS,607,618,606,610,1143,702603
2023-06-11,VLBS,621,632,621,629,509,319432
2023-06-12,VLBS,641.5,660,620.2,622,174,110413.1
2023-06-13,VLBS,630,669,622,665,1743,1127043.5
2023-06-14,VLBS,675,682,661.6,662.1,899,603715
2023-06-15,VLBS,675.3,675.3,655,666,2207,1468827
2023-06-18,VLBS,679,699,667.1,699,1495,1019164.5
2023-06-19,VLBS,712,712,680,680,1676,1151777.4
2023-06-20,VLBS,693,720,660.2,660.2,2735,1907708.4
2023-06-21,VLBS,670,673.4,635,647,1025,662289.8
2023-06-22,VLBS,650,655,636.2,640,774,499932.2
2023-06-25,VLBS,638,686.4,622.3,670,4493,2928197.6
2023-06-26,VLBS,683.4,694.5,670,691,1016,696777
2023-06-27,VLBS,704,760.1,704,760.1,9133,6799373
2023-06-28,VLBS,775,780,735,735,3845,2879945
2023-07-02,VLBS,725,735.1,701,701,2181,1563643.2
2023-07-03,VLBS,701,714,690.5,701,1426,1002033
2023-07-04,VLBS,715,728,690.1,702,465,324757.1
2023-07-05,VLBS,715,716,663.3,700,1011,697859.6
2023-07-06,VLBS,686,688,674,674,784,531497.6
2023-07-09,VLBS,665,692,665,692,1001,685412.9
2023-07-10,VLBS,705.8,719.9,700,700,2010,1424176.2
2023-07-11,VLBS,714,716,690,699,609,425045
2023-07-12,VLBS,700,728,699,707.6,877,624644.6
2023-07-13,VLBS,721,723,712,713,1820,1301449
2023-08-07,VLBS,717.6,717.6,657.1,672,3119,2083113.1
2023-08-08,VLBS,659,660.3,625,625,3580,2285538.8
2023-08-09,VLBS,625,647,613.1,635,874,547772.2
2023-08-10,VLBS,623,645,616,635,479,303570.8
2023-08-13,VLBS,635,635,610.6,623,3645,2242719.9
2023-08-14,VLBS,623,632,612,614.2,582,359718.7
2023-08-15,VLBS,603,622,602,620,1679,1029977.5
2023-08-16,VLBS,609,619.9,591,611.9,2391,1433983.5
2023-08-17,VLBS,600.1,618.5,600.1,618.5,367,224456.6
2023-08-20,VLBS,607,611.5,600,606,1162,701237.4
2023-08-21,VLBS,600,607,600,607,351,210729.7
2023-08-22,VLBS,595,606,590,606,2772,1647711.6
2023-08-23,VLBS,610,613,601,610,1086,661902.6
2023-08-24,VLBS,602,613,591,593,1417,854873.6
2023-08-27,VLBS,598.9,598.9,570,578,1566,906363.3
2023-08-28,VLBS,581.2,589,581.2,585.1,682,398073.3
2023-08-29,VLBS,581,593.6,580,593.6,308,178976.7
2023-08-30,VLBS,585,595,580,590,532,310610
2023-09-03,VLBS,579,589,578.2,580,557,323068.8
2023-09-04,VLBS,568.4,580,563.5,577.9,859,490800.3
2023-09-05,VLBS,572,573,567,573,673,382825.6
2023-09-07,VLBS,572,572,565,569,1871,1062890
2023-09-10,VLBS,570,575,560,566,2873,1625067
2023-09-11,VLBS,570,597,570,586,2713,1590901.4
2023-09-12,VLBS,580,580,570,570,491,281666
2023-09-13,VLBS,575,585,566.2,585,4034,2346637.3
2023-09-17,VLBS,590,590,567,570.1,1618,930657.6
2023-09-18,VLBS,570,570,568,570,319,181285
2023-09-19,VLBS,581.4,581.4,574.1,574.1,536,310462
2023-09-21,VLBS,585.4,605,585.4,597,4127,2460951.1
2023-09-24,VLBS,590,616,590,609,1970,1190988.5
2023-09-25,VLBS,598,608,598,598.3,1152,692943.6
2023-09-26,VLBS,608,621.9,600.1,620.9,1004,612025.2
2023-09-27,VLBS,612,621,602.1,616.9,937,577550.6
2023-10-01,VLBS,605,605,586.5,598,1372,813484.8
2023-10-02,VLBS,600,622,589,622,1719,1034045.1
2023-10-03,VLBS,632.9,632.9,603.6,603.6,690,420256.2
2023-10-04,VLBS,615.6,634.4,611,612.1,1533,945544.5
2023-10-05,VLBS,618,618,600.2,610,875,526203.9
2023-10-08,VLBS,597.9,600,596,596,902,539252.8
2023-10-09,VLBS,591,595,590.2,592,1408,832818.7
2023-10-10,VLBS,582.2,588.8,580.2,581.7,1349,786133.8
2023-10-11,VLBS,581.7,595,581.7,595,3330,1947749.6
2023-10-12,VLBS,595,595,583.4,583.4,1002,585721.6
2023-10-16,VLBS,574,579,557,579,3368,1904683.5
2023-10-17,VLBS,590.5,597,578.8,597,1941,1142334.4
2023-10-18,VLBS,590,611,587,611,793,468402.5
2023-10-19,VLBS,598.8,608.9,587,605,1414,837069
2023-10-29,VLBS,593,593,575,582,2291,1326327
2023-10-30,VLBS,575.2,582.5,575.2,582.5,538,309686
2023-10-31,VLBS,575,575,553,569,3937,2229640.5
2023-11-01,VLBS,562,580,561,561,484,272192.6
2023-11-02,VLBS,557.2,557.2,556,556,111,61768
2023-11-05,VLBS,546.1,567,546.1,567,941,523169.7
2023-11-06,VLBS,577,623,556,591,796,464738.8
2023-11-07,VLBS,602,602,575,585,1371,801374.2
2023-11-08,VLBS,593.6,593.6,582,582,379,220811
2023-11-09,VLBS,593,593,570,570,588,336722.2
2023-11-20,VLBS,560.1,579.8,552.8,575.2,1461,824487.5
2023-11-21,VLBS,564,579,555,579,3042,1717886
2023-11-22,VLBS,570,589.9,570,585,526,302939
2023-11-23,VLBS,573.3,584,562,583.8,680,384423
2023-11-26,VLBS,594.9,642.1,567,642.1,5069,2933179.1
2023-11-27,VLBS,640,640,627.2,627.2,113,72153.6
2023-11-28,VLBS,614.7,614.7,568.1,597.9,6371,3727265.8
2023-11-29,VLBS,609.8,657,576.5,657,1395,834843.7
2023-11-30,VLBS,643.9,643.9,591.3,591.3,3780,2260530
2023-12-03,VLBS,590,590,580,589,363,211579
2023-12-04,VLBS,577.3,600,566.5,599.9,908,526029.8
2023-12-05,VLBS,610.9,610.9,570,570,657,386509.4
2023-12-06,VLBS,559,616,558.6,616,2288,1310916.6
2023-12-07,VLBS,617,617,570,584,1871,1096407.2
2023-12-10,VLBS,595.6,607.5,595.6,607.5,20,12031
2023-12-11,VLBS,607.5,650,578.8,650,9547,5702422.1
2023-12-12,VLBS,663,663,595,630,2850,1767967.1
2023-12-13,VLBS,617.4,666,609,625,6014,3774969.6
2023-12-14,VLBS,612.5,661,602.2,620,7510,4591315.1
2023-12-17,VLBS,625,631.9,603,610,2058,1251962
2023-12-18,VLBS,622.1,654.7,615,638.2,10801,6911792.9
2023-12-19,VLBS,649.9,663,629,655,2423,1558288
2023-12-20,VLBS,662.9,668,650,660,7275,4785035.9
2023-12-21,VLBS,673,673,642,643,5493,3569919.2
2023-12-24,VLBS,655,660,618,640.5,9065,5862858.1
2023-12-27,VLBS,642,642,620,624.5,2968,1868612.6
2023-12-28,VLBS,636,649,620,622.5,4740,3008670.9
2024-01-01,VLBS,634.9,647,616,616,1884,1182683.5
2024-01-02,VLBS,615.7,624.5,605,622.8,2258,1390220.5
2024-01-03,VLBS,634,634.6,598,634.6,2478,1523625.1
2024-01-04,VLBS,626,644,595.9,624,10898,6587610.4
2024-01-07,VLBS,612.5,625,600,625,1443,880811.1
2024-01-08,VLBS,637,637,605,620,5222,3180251
2024-01-09,VLBS,610,640,607.6,640,5574,3494406.8
2024-01-10,VLBS,650,665,637,652,5738,3736932.5
2024-01-11,VLBS,655,659,627.6,647,3279,2094449.8
2024-01-14,VLBS,656,656,637,651,2998,1934628.2
2024-01-16,VLBS,641.1,683,641.1,680,12552,8436223
2024-01-17,VLBS,692,705,673,673.1,12796,8818712.4
2024-01-18,VLBS,659.7,688.5,646.8,688.5,8886,5841525.9
2024-01-21,VLBS,674.8,675.5,648,653.1,5587,3680296.1
2024-01-22,VLBS,660,660,636.2,636.2,2129,1374019.2
2024-01-23,VLBS,636,647.9,633.1,646.6,1134,721976.5
2024-01-24,VLBS,659.5,659.5,633.7,650,1203,770552.4
2024-01-25,VLBS,640,646,635,636.1,1613,1028028.5
2024-01-28,VLBS,626,648,620,648,887,558497.9
2024-01-29,VLBS,655,655,628,639,681,432396.5
2024-01-30,VLBS,651,664,645.2,651,4720,3088617.3
2024-01-31,VLBS,648,648,636,636,2095,1340633
2024-02-01,VLBS,628,639,623.3,623.3,1234,774557.8
2024-02-04,VLBS,635,635,622.1,635,1748,1097823.1
2024-02-05,VLBS,636,642,623.4,627.2,305,192734.1
2024-02-06,VLBS,638,645.9,637.5,640,2539,1626919
2024-02-07,VLBS,652,652,627.2,639.9,2119,1349648.6
2024-02-08,VLBS,640,645,633,640,1961,1259342.9
2024-02-11,VLBS,630,640,630,631.1,1243,790586.6
2024-02-12,VLBS,624,642,624,642,1898,1212960.9
2024-02-13,VLBS,652,652,617,636,1848,1155319.5
2024-02-14,VLBS,630,636.1,624,636,2701,1698406.3
2024-02-15,VLBS,624.1,630,624,624.5,1474,921452.7
2024-02-18,VLBS,636,636,606,607,2730,1664749.3
2024-02-20,VLBS,610,613,600,600,6519,3943551.5
2024-02-21,VLBS,605,639.8,605,617,2848,1775118.3
2024-02-22,VLBS,611.1,617,604.8,604.8,1832,1122642.6
2024-02-25,VLBS,605.1,607,592.8,594,1777,1059849.3
2024-02-26,VLBS,585.1,598,585.1,598,334,198403.2
2024-02-27,VLBS,608,608,590,598,1282,762358
2024-02-28,VLBS,587,603,587,591.2,2189,1302949.8
2024-02-29,VLBS,585,600,580.3,588,1250,737852.8
2024-03-03,VLBS,590,590,564.9,580,2861,1646056.2
2024-03-04,VLBS,591.6,603,591.6,603,20,11946
2024-03-05,VLBS,605,613.8,582,592.4,1036,613372.8
2024-03-06,VLBS,592.3,604.2,592.2,600,1636,975876.4
2024-03-07,VLBS,612,624,607.2,614.9,2454,1513086.3
2024-03-10,VLBS,612,650,612,641,5900,3760278
2024-03-12,VLBS,653.8,673,648,662.2,6502,4271474.5
2024-03-13,VLBS,667,673,657,667.9,5061,3372662.4
2024-03-14,VLBS,660,666,640,640,4414,2874400.3
2024-03-17,VLBS,652,660,631,649,4220,2728356.5
2024-03-18,VLBS,641.1,657,641.1,656,3422,2231645.4
2024-03-19,VLBS,665,692,665,677.1,9830,6680668.9
2024-03-20,VLBS,690,719.8,674,700.1,50097,35386040.7
2024-03-21,VLBS,714,714,685.1,685.1,7974,5557663.4
2024-03-25,VLBS,681,681,660,667,5898,3932623.1
2024-03-26,VLBS,680.3,680.3,667.2,670,3305,2224653.2
2024-03-27,VLBS,682.9,684.8,668.5,670.1,6258,4225250.7
2024-03-28,VLBS,683,684.9,666,678,6623,4475909.9
2024-03-31,VLBS,690,690,661,667,3629,2423372.8
2024-04-01,VLBS,680.3,692.8,653.7,681.5,3809,2583953.3
2024-04-02,VLBS,685,714,674,701,25905,18205045
2024-04-03,VLBS,700.2,759,700.2,742,36632,26932809.8
2024-04-04,VLBS,742,805,735,780,36394,27826397.3
2024-04-07,VLBS,780,794,756.4,770,17640,13635456.4
2024-04-09,VLBS,755,785,739.9,742,10921,8171439.4
2024-04-10,VLBS,750,756,719,728.5,8052,5872267.9
2024-04-14,VLBS,728.5,767,716.4,747,8980,6690637.8
2024-04-15,VLBS,755,769.9,727,735,8129,6028151
2024-04-16,VLBS,722.2,744,715,725,2666,1923054
2024-04-18,VLBS,725,725,697,701.1,1823,1291325.3
2024-04-21,VLBS,710,721,670,711,8519,5939056.3
2024-04-22,VLBS,711,715,691,691,7630,5362735.6
2024-04-24,VLBS,691,733.1,691,705,2216,1545222
2024-04-25,VLBS,714.5,714.5,700.6,710.7,3356,2376802
2024-04-28,VLBS,715,718,700,713.9,5717,4053792.9
2024-04-29,VLBS,723,728.1,712.6,720,4406,3182040
2024-04-30,VLBS,721,744,721,729.2,4798,3518977.2
2024-05-02,VLBS,743,802.1,743,800,23266,18413717.7
2024-05-05,VLBS,816,857,800,816.9,36310,30156957.7
2024-05-06,VLBS,800.7,813,778,805,13666,10816316.6
2024-05-07,VLBS,795,853,795,840,16739,13920055
2024-05-08,VLBS,853.8,864.9,826,861,14712,12528520.2
2024-05-09,VLBS,875,875,826.1,847.9,10412,8737843.8
2024-05-12,VLBS,854,854,810,824.5,10252,8438418
2024-05-13,VLBS,811,849.8,811,849.8,8333,6945543.4
2024-05-14,VLBS,853,900,836.1,885,25666,22593164.5
2024-05-15,VLBS,880,888,855,866,15354,13421811.4
2024-05-16,VLBS,868,928,868,909,39636,35580931.1
2024-05-19,VLBS,920,950,885,948,17870,16602367.8
2024-05-20,VLBS,966,966,902,915,27190,25099738.9
2024-05-21,VLBS,915.1,960,901,960,26826,25029660.1
2024-05-22,VLBS,978.9,978.9,924,928,8507,7981627.7
2024-05-26,VLBS,946,956.5,901.1,956.5,24514,22315923.1
2024-05-27,VLBS,949,955,919,955,23318,22099606.1
2024-05-29,VLBS,955,965,921.4,937,20057,18660538.9
2024-05-30,VLBS,928,953,919.2,919.2,24696,23155495.5
2024-06-02,VLBS,910,941.8,905.3,920,11330,10444849.6
2024-06-03,VLBS,907.3,955,907.3,953,24496,23077285.8
2024-06-04,VLBS,935,1031.9,935,1005.1,88773,88430949.7
2024-06-05,VLBS,985,1086,985,1084.5,55584,58540850.3
2024-06-06,VLBS,1062.9,1110,1050,1070,23776,25442524.7
2024-06-09,VLBS,1089,1089,1022,1039,48481,50232259.4
2024-06-10,VLBS,1036,1080,1022.1,1077,35389,37361666.7
2024-06-11,VLBS,1098.5,1098.5,1060.1,1085,23322,25086081.6
2024-06-12,VLBS,1076.5,1100,1067,1098,30283,32838552.4
2024-06-13,VLBS,1095,1095,1050,1054,27912,29915224.9
2024-06-16,VLBS,1033,1069.9,1032,1045,28102,29416592.1
2024-06-18,VLBS,1025,1045,1006,1045,14911,15321745
2024-06-19,VLBS,1061,1061,1025,1028,7217,7430137
2024-06-20,VLBS,1010.3,1027,1006,1006,6032,6110184.4
2024-06-23,VLBS,1007.1,1018,982.1,982.1,6471,6441918.3
2024-06-24,VLBS,986,1037,986,1032.8,25483,26005667.4
2024-06-25,VLBS,1050,1050,1015,1026,9084,9327799.6
2024-06-26,VLBS,1044,1060,1025.1,1037.9,21746,22705061.5
2024-06-27,VLBS,1018,1023.9,1010.1,1022,18338,18646660.7
2024-06-30,VLBS,1012,1031.3,1010,1015.2,9623,9830386.9
2024-07-01,VLBS,1000,1024,1000,1004,4889,4933077.1
2024-07-02,VLBS,1024,1044,1005.1,1014.2,24000,24435888
2024-07-03,VLBS,1000,1034,986,1017,6642,6648164.2
2024-07-04,VLBS,1033,1033,1000,1008,4083,4117445.4
2024-07-07,VLBS,1028,1030,1003,1029,10917,11123180.1
2024-07-08,VLBS,1048,1048,1017,1030,8612,8867564.6
2024-07-09,VLBS,1050,1070,1025.3,1050,26976,28172487.9
2024-07-10,VLBS,1060,1082,1050,1071,43270,46226663.6
2024-07-11,VLBS,1088.8,1088.9,1035.2,1074,14301,15029039.5
2024-07-14,VLBS,1095.4,1095.4,1029,1066.7,27552,28695771.3
2024-07-15,VLBS,1088,1109.7,1023.9,1040,25211,26363296.5
2024-07-16,VLBS,1050,1059.9,1029.2,1059.9,4199,4386035.1
2024-07-17,VLBS,1059.9,1080,1040,1049.9,7110,7492010.6
2024-07-18,VLBS,1068,1154,1067,1120,73289,80929806.3
2024-07-21,VLBS,1122,1174,1102,1125,24371,27358212.8
2024-07-22,VLBS,1105,1128.9,1090,1093,17571,19415395.9
2024-07-23,VLBS,1095,1109.5,1085.1,1090,11423,12528709.3
2024-07-24,VLBS,1092,1111,1062,1062.5,19196,20663469.4
2024-07-25,VLBS,1062,1149.5,1062,1128,26581,29709464.9
2024-07-28,VLBS,1150.5,1150.5,1046.7,1089,21285,22948418.2
2024-07-29,VLBS,1089,1089,1029,1033.3,17961,18857377.9
2024-07-30,VLBS,1025,1089,1014.3,1052,17718,18329851.1
2024-07-31,VLBS,1055.1,1083,1014.3,1080,23682,25074489.5
2024-08-01,VLBS,1080,1090,1010,1036,19009,20040363.6
2024-08-05,VLBS,1040,1050,1019.5,1040,14804,15270955
2024-08-06,VLBS,1057.7,1057.7,990,1018.9,12690,12786919.3
2024-08-07,VLBS,1000,1039.2,981,1037,19437,19475785.8
2024-08-08,VLBS,1035,1040,995.1,1005.1,9495,9600808.5
2024-08-11,VLBS,1006,1039.6,1006,1035,10329,10651372.9
2024-08-12,VLBS,1049.8,1055.5,1015,1015.2,11899,12232222.6
2024-08-13,VLBS,1034,1034,990,1009,11153,11232311.2
2024-08-14,VLBS,1009,1009,975,999,10825,10729845.4
2024-08-15,VLBS,999,999,981,984.1,11788,11621382.1
2024-08-18,VLBS,984.2,985,962,972,15596,15150321.5
2024-08-21,VLBS,987.9,990,946,950,13797,13163979.4
2024-08-22,VLBS,950,966.8,937,942,7378,6977852.5
2024-08-25,VLBS,935,999,916.5,960,16264,15544816.3
2024-08-27,VLBS,950,992,920,931,6047,5718016
2024-08-28,VLBS,930,954.7,915.4,936,8400,7829928.4
2024-08-29,VLBS,921,938,910,913,6017,5524859.7
2024-09-01,VLBS,925,931.2,898,899,5697,5190691.5
2024-09-02,VLBS,899,929.9,899,922,23900,21878731.1
2024-09-03,VLBS,938,949,920,940,6504,6048540.4
2024-09-04,VLBS,957.6,975,908,920,9325,8777534.5
2024-09-05,VLBS,920,978,902,960,9815,9265242.2
2024-09-08,VLBS,978,996.5,959.1,970,16805,16494586.9
2024-09-09,VLBS,989.3,1002,920,928,5362,5029954.3
2024-09-10,VLBS,946,975,910.2,920,3050,2818338.9
2024-09-11,VLBS,910,938.4,894,920,5156,4681701.2
2024-09-12,VLBS,903,929,902.2,920,3779,3460039.2
2024-09-15,VLBS,930.1,938,897,897,4221,3843442.6
2024-09-16,VLBS,880.8,909,880.6,882,6339,5607130.3
2024-09-18,VLBS,890,895,870,870,3109,2732347.9
2024-09-22,VLBS,887,904.6,857,857,1224,1060371.8
2024-09-23,VLBS,870,870,820.1,829,2773,2300846.3
2024-09-24,VLBS,813,830,808,808,2861,2333439.5
2024-09-25,VLBS,792.1,838,790,816,1718,1394991.5
2024-09-26,VLBS,816,820,785.1,789,2089,1667931.6
2024-09-29,VLBS,781,836.8,775,820,5678,4541623.6
2024-09-30,VLBS,820,845,803.7,824,2086,1713167.7
2024-10-01,VLBS,840,860,835.2,852,2882,2448104.1
2024-10-02,VLBS,868.9,868.9,835.6,865,4313,3669699.2
2024-10-06,VLBS,870,899,870,880,2131,1867972
2024-10-07,VLBS,894,945,878,896.7,2610,2364719.3
2024-10-08,VLBS,902,914.6,860.1,862.1,2668,2325482.2
2024-10-09,VLBS,865,874,843,850,2412,2057555
2024-10-15,VLBS,867,867,850,856.1,327,279864
2024-10-16,VLBS,856.1,936,856.1,936,6286,5523452
2024-10-17,VLBS,917.3,919,890,919,9261,8431881.5
2024-10-20,VLBS,900.7,936,871.3,936,8681,7794658
2024-10-21,VLBS,918,919,867,915,2441,2208428.7
2024-10-22,VLBS,897,910,897,910,447,402666.8
2024-10-23,VLBS,892,902.5,877,902.5,3324,2937492.2
2024-10-24,VLBS,885,901,870,870.1,4058,3561251.7
2024-10-27,VLBS,887,887,854,857,4675,4016300.9
2024-10-28,VLBS,862.1,885,853,885,1450,1262741.4
2024-10-29,VLBS,895,900,882.1,882.1,1798,1591866.4
2024-10-30,VLBS,884,898,875,898,3255,2894742.5
2024-11-05,VLBS,881,896.7,880.1,896.7,191,168417.4
2024-11-06,VLBS,880,883,879.1,883,251,221252.6
2024-11-10,VLBS,880,934,880,934,4987,4540081.8
2024-11-11,VLBS,933.9,990,920,958.8,20054,18971348.3
2024-11-12,VLBS,959,960,931,948,8675,8228958.1
2024-11-13,VLBS,966,966,920.1,942.9,3094,2873447.6
2024-11-14,VLBS,925,960,922,922,8800,8201550.3
2024-11-17,VLBS,930,955,922,939,9356,8785278
2024-11-19,VLBS,942.8,943,910,919.9,6070,5623856.8
2024-11-20,VLBS,915,929,912,929,3372,3084775.3
2024-11-21,VLBS,947.4,959,916,930,24598,23038212.8
2024-11-24,VLBS,930,960,930,949.6,12714,11992238.2
2024-11-25,VLBS,950,953,935.1,951.6,6764,6393355.9
2024-11-26,VLBS,969,974.9,940,959.9,5456,5217504
2024-11-27,VLBS,943.1,959.9,943.1,945,3541,3354459.2
2024-11-28,VLBS,937.1,945,929,930,2654,2473591.5
2024-12-01,VLBS,915,930,915,927,1078,991589.6
2024-12-02,VLBS,925,930,908.6,908.6,4313,3967887.7
2024-12-03,VLBS,910.5,925,909.1,909.1,2848,2606953.5
2024-12-04,VLBS,909.1,920,891,900,4910,4443044.7
2024-12-05,VLBS,915,918,885,890,3644,3288040.5
2024-12-08,VLBS,890,890,855.6,879,1968,1707139.4
2024-12-09,VLBS,863.1,885,862,879,3172,2757708.5
2024-12-10,VLBS,863,909.4,863,892,708,627311.9
2024-12-11,VLBS,880,898.6,880,896.7,1117,986506.8
2024-12-12,VLBS,900,914.6,872,880,2008,1771069.8
2024-12-16,VLBS,870,880,850,880,2018,1734281
2024-12-17,VLBS,863,890,853,879,1211,1047929
2024-12-18,VLBS,875,889,856,875,1079,930041.4
2024-12-19,VLBS,860,870,845.1,851,11109,9645136.9
2024-12-22,VLBS,851,851,821,824,2248,1870943.2
2024-12-23,VLBS,840,856.7,824,856.7,1665,1393965.4
2024-12-24,VLBS,867.9,870,845,868,2887,2481275
2024-12-26,VLBS,855,865,850,859.8,440,374869.4
2024-12-29,VLBS,859.8,872,842.8,858,2324,2005458.6
2024-12-31,VLBS,845.1,877,840,850,1375,1172770.9
2025-01-01,VLBS,835,849.3,816.4,849,2274,1871852.8
2025-01-02,VLBS,832.1,845,815.6,845,1805,1485022.9
2025-01-05,VLBS,845.1,861.9,828,861.9,3430,2911933.6
2025-01-06,VLBS,861.9,875,847,863.9,959,824717.2
2025-01-07,VLBS,855,870,855,870,1578,1357739.8
2025-01-08,VLBS,870,887,865,878,2723,2377622.5
2025-01-09,VLBS,882,882,865.5,869,2009,1746067
2025-01-12,VLBS,865,865,851.7,851.7,1735,1498353
2025-01-13,VLBS,850,850,835,835,1578,1321534.1
2025-01-15,VLBS,851.6,868.5,836.6,840.2,501,426337.1
2025-01-16,VLBS,824.1,835,824,835,1310,1080564.5
2025-01-19,VLBS,850,850,822.3,822.5,259,214479.7
2025-01-20,VLBS,825,835,810.1,810.1,1238,1017577
2025-01-21,VLBS,795.1,825,795.1,812,1473,1203483
2025-01-22,VLBS,828,828,815.1,825,1544,1272411
2025-01-23,VLBS,831.4,835,815.1,820.1,955,784792.3
2025-01-26,VLBS,836,852.7,812,839,2866,2388205.4
2025-01-27,VLBS,851,859,835,841,13495,11455114.3
2025-01-28,VLBS,857,874,839.1,839.1,6951,5917536.6
2025-02-02,VLBS,855,923,841.7,923,13365,12087490.9
2025-02-03,VLBS,935,964,905,925,13305,12516304.5
2025-02-04,VLBS,943.5,943.5,901,903,5578,5067997.5
2025-02-05,VLBS,915,938,892,909.8,10029,9177529.2
2025-02-06,VLBS,920,928,900.1,915,4037,3690947.2
2025-02-09,VLBS,931,931,897,905,1918,1736882.4
2025-02-10,VLBS,921.7,922,897.1,897.4,5024,4551382.7
2025-02-11,VLBS,915.3,930.5,900,913,3431,3124859.2
2025-02-12,VLBS,925,931.2,895,902.1,3100,2832666.4
2025-02-13,VLBS,903,931.3,900,931.3,4402,4014251.9
2025-02-16,VLBS,931,956,931,946,13722,13018162.7
2025-02-17,VLBS,964.8,1003.6,964.8,979,11949,11777336.7
2025-02-18,VLBS,973,974.1,943.1,948,10386,9954663.4
2025-02-20,VLBS,965,970,945,963.2,10400,9964011.3
2025-02-23,VLBS,955,978,941,978,13132,12593031.9
2025-02-24,VLBS,974.9,980,951.1,964,4602,4434437.4
2025-02-25,VLBS,951,975,944.3,953,2752,2622998.4
2025-02-27,VLBS,954,972,934.4,955,4281,4046136.7
2025-03-02,VLBS,968,968,952,960,2936,2828452.7
2025-03-03,VLBS,960.1,980,942,945,6193,5966181.9
2025-03-04,VLBS,935,950,920.1,932,12310,11515981.5
2025-03-05,VLBS,940,950.6,914,920,3864,3589445.5
2025-03-06,VLBS,902,928,902,915,3056,2787469
2025-03-09,VLBS,926,930,880,900,1874,1684452
2025-03-10,VLBS,896.1,900,880,898,4375,3886611.3
2025-03-11,VLBS,905,905,870,875,3261,2862554
2025-03-12,VLBS,885,885,859,859.1,3684,3195353.4
2025-03-16,VLBS,850,876.2,835.1,855,4711,3994498.8
2025-03-17,VLBS,860,869,850.7,858,1359,1161576.9
2025-03-18,VLBS,841,886.9,841,865,2679,2301154.1
2025-03-19,VLBS,851.1,866,851.1,852,1563,1336820.6
2025-03-20,VLBS,855,855,840,850,2153,1811882.9
2025-03-23,VLBS,833,867,821.3,828.44,2341,1945984.2
2025-03-24,VLBS,813,844,813,840.78,1571,1313363.5
2025-03-25,VLBS,825,825,800,821.29,1841,1496008.1
2025-03-26,VLBS,807,845,807,840.72,1583,1316744.9
2025-03-27,VLBS,857,860,840,853.11,2706,2303075.4
2025-03-30,VLBS,862.9,870,851.1,864.91,2148,1859215.3
2025-04-01,VLBS,870,870,841.2,853.09,2120,1808289.4
2025-04-02,VLBS,859,876.8,851,874.74,4526,3936261.6
2025-04-03,VLBS,874,885,863.5,870.44,1632,1425424
2025-04-07,VLBS,861,870,855.1,862.16,2097,1809936.8
2025-04-08,VLBS,851,874,833.1,867.83,2579,2198826.1
2025-04-09,VLBS,870,870,853,861.42,898,770785.7
2025-04-10,VLBS,846.1,865,846.1,864.97,1459,1253723
2025-04-13,VLBS,851,881,848.5,868.98,1748,1508946.9
2025-04-15,VLBS,885.9,885.9,868,875,534,465703.9
2025-04-16,VLBS,858.1,874.6,853,867.33,808,694323.4
2025-04-17,VLBS,878,878,854,864.01,1041,900604.5
2025-04-20,VLBS,851,855,842.1,849,931,788318.5
2025-04-21,VLBS,837,851,836.6,838.14,1233,1033339.2
2025-04-22,VLBS,850,850,820,829.75,14192,11682460.4
2025-04-23,VLBS,846.3,863.2,814.7,818,13046,10636689.2
2025-04-24,VLBS,818,827,813,816.06,2509,2051156.1
2025-04-27,VLBS,819,830,797,804,6022,4847679.2
2025-04-28,VLBS,805,805,783.3,787.55,7737,6108844
2025-04-29,VLBS,803.3,803.3,777,785.61,1212,959298.8
2025-04-30,VLBS,788,798,771.5,776.36,1689,1333243.1
2025-05-04,VLBS,791.7,791.7,770,784,2246,1749621.8
2025-05-05,VLBS,799,799,783,789.79,1078,847258
2025-05-06,VLBS,782.1,805.5,782,791.26,2468,1955275.5
2025-05-07,VLBS,805.5,870,803.6,834.03,6991,5772968.8
2025-05-08,VLBS,850,850,818,821.29,2452,2026613.2
2025-05-11,VLBS,806,820,805.3,816.46,937,756456
2025-05-13,VLBS,816.46,817,790,797.2,3230,2575376
2025-05-14,VLBS,811,811,797,799.87,1651,1320929.2
2025-05-15,VLBS,799,816,788,796.43,4075,3245408.8
2025-05-18,VLBS,786.1,829,786.1,802.82,2205,1789680.5
2025-05-19,VLBS,818.8,818.8,798.7,813.5,1168,938773.7
2025-05-20,VLBS,828.8,829,806.6,824.41,1508,1235254.9
2025-05-21,VLBS,840.8,875,815.2,815.63,2108,1756315.1
2025-05-22,VLBS,831.9,859.9,818.3,832,4526,3832353.8
2025-05-25,VLBS,847.9,869.9,835,857.82,15302,13096327.5
2025-05-26,VLBS,874.9,892,832,840.69,3684,3138265.8
2025-05-27,VLBS,828,850,828,840.68,1648,1380626.5
2025-05-28,VLBS,857,857,824,836.7,1187,990114
2025-06-02,VLBS,840,840,824,833.82,2521,2091257.7
2025-06-03,VLBS,825,833,817.2,820.02,330,270228.4
2025-06-04,VLBS,805,828.9,805,808.02,1661,1346341
2025-06-05,VLBS,801,814,801,807.16,1893,1526386.1
2025-06-08,VLBS,800,809.5,795,797.86,2629,2099642.7
2025-06-09,VLBS,798,807,791.4,798.67,3358,2685650.5
2025-06-10,VLBS,814.5,814.5,800,807.49,3162,2536044.5
2025-06-11,VLBS,823.5,823.5,794.1,797.59,2594,2076999
2025-06-12,VLBS,800,816,792.1,794.29,1787,1425240.1
2025-06-15,VLBS,781,810,781,790.81,1196,953475.2
2025-06-16,VLBS,806.6,820,791.1,804.12,1657,1331633.1
2025-06-17,VLBS,793,825,793,814.43,3098,2535207.1
2025-06-18,VLBS,815.7,830.7,800,801.61,1824,1465518.7
2025-06-19,VLBS,790.2,805,790.2,794.18,2715,2155869.2
2025-06-22,VLBS,781,810,780,785.64,8413,6581918
2025-06-23,VLBS,801.3,801.3,780,792,305,240683.9
2025-06-24,VLBS,807.8,807.8,783.2,789.94,1037,821973.2
2025-06-25,VLBS,805,805.7,780.3,785.63,1062,836268.6
2025-06-26,VLBS,800.9,812.8,787,789.97,1143,908862.2
2025-06-29,VLBS,804,808,785,806.58,1915,1535505.4
2025-06-30,VLBS,815,821.5,810,813.11,5699,4670036.5
2025-07-01,VLBS,817.9,843,803.5,834.19,3805,3158612.3
2025-07-02,VLBS,850.8,850.8,823.3,828.11,3495,2902216.2
2025-07-03,VLBS,844.6,844.6,814,827.38,3087,2554249.3
2025-07-06,VLBS,835,868.7,815,843.86,8700,7235793.4
2025-07-07,VLBS,860.7,860.7,815,845.34,9826,8176525.4
2025-07-08,VLBS,862.2,862.2,830,846.43,4196,3534358.6
2025-07-09,VLBS,829.6,865.9,829.6,860.23,4568,3898608.5
2025-07-10,VLBS,873,875,840,865.49,10496,9016928.5
2025-07-13,VLBS,882.7,900,865,878.6,9723,8540940.2
2025-07-14,VLBS,863,880,851.1,856.29,3174,2731038.7
2025-07-15,VLBS,858,869,851,867.35,1968,1700801.3
2025-07-16,VLBS,884,898,866.4,886.19,7519,6628674.7
2025-07-17,VLBS,901,917,887.3,906.4,15037,13548895.5
2025-07-20,VLBS,924.5,938,885,894.25,14500,13147292
2025-07-21,VLBS,882,912,882,910.62,14726,13302499.3
2025-07-22,VLBS,926.7,962,926.7,947.12,16636,15730117.6
2025-07-23,VLBS,947,947,915,934.56,10061,9361020.6
2025-07-24,VLBS,925,940,920,925.97,6514,6050524.4
2025-07-27,VLBS,908,963,908,935.38,21517,20378285.3
2025-07-28,VLBS,935.38,952,905.1,932.59,13926,12859888.6
2025-07-29,VLBS,950,1008,945,979.89,17372,16991266.4
2025-07-30,VLBS,980,989,930,933.59,13018,12380412.6
2025-07-31,VLBS,932,950,921,926.6,7606,7113150.8
2025-08-03,VLBS,925,925,889,892.26,12129,10939808.4
2025-08-04,VLBS,909.9,920,890.1,893.74,6535,5866263.2
2025-08-05,VLBS,911.6,915,877.2,893.38,10042,9032529.6
2025-08-06,VLBS,879,927,877,919.63,7299,6671126.5
2025-08-07,VLBS,937,938,923,925.52,10698,9945138.4
2025-08-11,VLBS,925,926,895.1,896.94,9073,8238191.9
2025-08-12,VLBS,896.94,896.94,875,888,3214,2830805.5
2025-08-13,VLBS,881,905,873.1,875.3,2767,2436721.5
2025-08-14,VLBS,890,890,855,859.01,4903,4231091.5
2025-08-17,VLBS,874,890,835.1,836.83,3693,3120576.1
2025-08-18,VLBS,853.5,853.5,840,845.27,1173,988773.9
2025-08-19,VLBS,860,860,833,834.91,2880,2417790.5
2025-08-20,VLBS,822,839.5,821,839.13,559,464010.5
2025-08-21,VLBS,826,835,825,826.09,1598,1324299.5
2025-08-24,VLBS,842,842,820,820.64,2524,2080966.3
2025-08-25,VLBS,837,848.9,827,837.23,2201,1835532.9
2025-08-26,VLBS,850,850,800,816.79,6428,5231250.5
2025-08-27,VLBS,806,830,806,825.45,3978,3273384
2025-08-28,VLBS,830.1,830.1,803.1,806.31,3270,2651458.8
2025-08-31,VLBS,808,816.1,791,791.7,9260,7393568.9
2025-09-01,VLBS,807.5,819,793.2,816.23,5490,4428003.5
2025-09-02,VLBS,829,829,805,807.68,1241,1011361.5
2025-09-03,VLBS,805,811,797,805.9,1142,914408.3
2025-09-04,VLBS,792.1,806,792,806,1631,1295246.6
2025-09-07,VLBS,790.6,822,790.6,794,793,640315.2
2025-09-08,VLBS,793,800,782,797.28,3158,2499206.2
2025-09-21,VLBS,781.4,815,773,811.36,6855,5407986.4
2025-09-23,VLBS,815,823,802.1,822,3177,2590733.9
2025-09-24,VLBS,806,811,800,805,2950,2384892.1
2025-09-25,VLBS,801,807,800,807,1629,1303735.8
2025-09-28,VLBS,817,825,805,825,1134,918798
2025-10-07,VLBS,812,815,790,800,1984,1587502
2025-10-08,VLBS,784.4,803,784,803,2066,1644885.2
2025-10-09,VLBS,819,819,795,795,3141,2523939
2025-10-12,VLBS,795,795,755,768.9,3865,2969546
2025-10-13,VLBS,754,795.6,739.1,768,2128,1610054.9
2025-10-14,VLBS,783.3,783.3,755,756,1643,1249333
2025-10-15,VLBS,755,771,745,765,1077,810709
2025-10-16,VLBS,751.4,757,744,750,1759,1315891.5
2025-10-19,VLBS,743,753,740,753,647,480561.7
2025-10-26,VLBS,738.2,750,737,740.2,1174,867904
2025-10-28,VLBS,755,770.1,745,765.2,1524,1169124.5
2025-10-29,VLBS,772.9,779,760,772,1498,1148643.6
2025-10-30,VLBS,756.6,790,755,788.4,1090,838679
2025-11-02,VLBS,773,795,772.7,785.2,1448,1144316
2025-11-03,VLBS,800,800.9,771.5,785,1148,906030.5
2025-11-04,VLBS,778,790,770,770,2644,2053418
2025-11-05,VLBS,785,799,763,799,3925,3072082
2025-11-06,VLBS,813,813,783.5,796,1772,1391477.3
2025-11-09,VLBS,785.1,785.1,768,780,1400,1082536.8
2025-11-10,VLBS,789.9,811.5,764.4,788,3528,2784228.4
2025-11-11,VLBS,772.3,790,766.1,790,415,322686.9
2025-11-12,VLBS,774.2,785,767,779.9,1508,1164828
2025-11-13,VLBS,790,790,750,780,2465,1886570.4
2025-11-16,VLBS,788,788,765,770,265,203960.5
2025-11-17,VLBS,770,770,762,766,727,556626.5
2025-11-18,VLBS,781,785,760,784,3023,2330042
2025-11-19,VLBS,770,775,760,775,5239,3990877.3
2025-11-20,VLBS,761.2,785,761.2,785,1171,902189.8
2025-11-23,VLBS,790,807,780,797.7,4261,3397145
2025-11-24,VLBS,811,812,790.9,800,2019,1611867.5
2025-11-25,VLBS,796,800,793.2,800,1231,980549.4
2025-11-26,VLBS,810,817,801,801,8304,6709042.9
2025-11-27,VLBS,815,816.9,803.1,814.8,2058,1673005.7
2025-11-30,VLBS,805,805,784,784,5891,4688250
2025-12-01,VLBS,798.9,798.9,774.2,780.1,5792,4550313.9
2025-12-02,VLBS,770,790.9,766.1,790.9,1984,1553334.2
2025-12-03,VLBS,778,789,778,784,3174,2486146.2
2025-12-07,VLBS,785,812.9,779.1,779.1,3059,2443021.5
2025-12-08,VLBS,779,789.9,765.1,770.1,1227,951789.8
2025-12-09,VLBS,785,799,773,775.5,889,694712
2025-12-10,VLBS,790,794,776,776,491,382513.2
2025-12-11,VLBS,765,790,765,775.2,1912,1490583.7
2025-12-14,VLBS,790,790,764,765.1,1027,789942.8
2025-12-15,VLBS,760.2,766,760.1,762,1806,1376192.7
2025-12-16,VLBS,775,789,763.5,765,759,586992.6
2025-12-17,VLBS,778,784,769,780,3931,3039169.2
2025-12-18,VLBS,770.3,780,765.1,765.3,3582,2755499.6
2025-12-21,VLBS,756,769,756,767,581,444305.4
2025-12-22,VLBS,774.9,795.4,765,765.6,6217,4891259.5
2025-12-23,VLBS,765.6,778,765,778,381,293583.6
2025-12-24,VLBS,765,777,762,774.9,3082,2352226.1
2025-12-28,VLBS,779,779,760.3,769,1241,951492.5
2025-12-29,VLBS,781,781,760,765,1754,1344170.4
2025-12-31,VLBS,780.2,780.2,761,767,1168,894491.6
2026-01-01,VLBS,752,767,752,757,2232,1695126.7
2026-01-04,VLBS,760,767,750,765,902,688875.7
2026-01-05,VLBS,765,780,758,770,3668,2818046.3
2026-01-06,VLBS,785,785,754,769,4175,3192033.1
2026-01-07,VLBS,765,784.9,765,765,2394,1853285.6
2026-01-08,VLBS,760.1,777,760.1,762.1,1544,1188823
2026-01-12,VLBS,777.3,787,750,751,4786,3626500.3
2026-01-13,VLBS,765,777.9,758,758,2368,1808311.7
2026-01-14,VLBS,751,771,750.1,755,1757,1339375.3
2026-01-18,VLBS,757,772,757,767,3475,2669628.8
2026-01-20,VLBS,780,790,775,775,2617,2052848.9
2026-01-21,VLBS,790,790.4,770,770,2740,2123970.3
2026-01-22,VLBS,781,781,767,777,1991,1538897.6
2026-01-25,VLBS,792,792,765,791.9,9286,7244505
2026-01-26,VLBS,807,807,773,785,5125,4039554.5
2026-01-27,VLBS,800,800.7,778,783,5363,4242005.6
2026-01-28,VLBS,784,788,770.1,770.1,1560,1208158.1
2026-01-29,VLBS,783.9,785.5,770.4,770.4,5450,4231643.6
2026-02-01,VLBS,785.8,785.8,760.1,770,3620,2784250
2026-02-02,VLBS,761.1,784.3,761.1,766.3,916,709273.8
2026-02-03,VLBS,779.9,780,765,766,3162,2428420.9
2026-02-04,VLBS,781.3,781.3,766.3,766.3,1270,979723
2026-02-05,VLBS,765,781,760,769,2746,2113899.3
2026-02-08,VLBS,769,786,769,773,1937,1514075.3
2026-02-09,VLBS,786,786,771,774,6044,4693541.5
2026-02-10,VLBS,775,779,770,770,1821,1404889.5
2026-02-11,VLBS,785,785,765,765,3587,2756156
2026-02-12,VLBS,770,770,750,760,5440,4095118.2
2026-02-16,VLBS,775,775,750,750,1545,1163684.5
2026-02-17,VLBS,751.2,782.3,740,760,4468,3387163.2
2026-02-22,VLBS,760,769.9,750,763.5,2467,1871125.1
2026-02-23,VLBS,770,770,755,755,1078,815979
2026-02-24,VLBS,755,759,745,745,2180,1637914.6
2026-02-25,VLBS,758.9,758.9,745.6,747,981,736774.4
2026-02-26,VLBS,750,757,747.1,747.1,808,607056.5
2026-03-01,VLBS,740.2,752.9,740.2,748,2189,1640556.1
2026-03-03,VLBS,760,760,750,757.3,3015,2273510
2026-03-10,VLBS,770,795,770,789.9,14164,11076129.1
2026-03-11,VLBS,805.6,805.6,781.5,783,2429,1909841
2026-03-12,VLBS,780,790,770,777,2102,1644471.3
2026-03-15,VLBS,778.1,789.7,777,778.1,1475,1151484.6
2026-03-16,VLBS,778,778.2,766,766.3,2576,1983656.2
2026-03-17,VLBS,781,781,761,771,1799,1378853
2026-03-19,VLBS,771,782.4,740.5,773.1,17814,13680206.1
2026-03-22,VLBS,775,850.4,775,850,56086,46521137.3
2026-03-23,VLBS,865,876,830,847,19739,16758314.9
2026-03-24,VLBS,863.9,863.9,825,831.1,11572,9637849.6
2026-03-25,VLBS,815,847.7,809,814,21397,17518865.8
2026-03-26,VLBS,810,820,805,820,20195,16397429.2
2026-03-29,VLBS,820,822.1,785,791,18770,15054191
2026-03-30,VLBS,790,815,780.1,790.1,13747,10865875.7
2026-03-31,VLBS,780,800,780,793,10581,8350866.8
2026-04-01,VLBS,782.2,791,771.1,772.1,12703,9895028.1
2026-04-02,VLBS,758,775,755,762.3,7112,5437067.7
2026-04-05,VLBS,748.1,759,735,735.1,10123,7538977.5
2026-04-06,VLBS,721.3,762.9,721.3,750,8036,5998777
2026-04-07,VLBS,751,775,751,762.1,9798,7452148.2
2026-04-08,VLBS,762.1,776,755,766.5,4167,3182734.3
2026-04-09,VLBS,770,787,766.1,772.1,7818,6071939.2
2026-04-10,VLBS,787.4,795,765.6,781,9728,7598252.7
2026-04-13,VLBS,765.4,780,765.4,780,4685,3614085.1
2026-04-15,VLBS,780,789,765,774,5336,4117512.4
2026-04-16,VLBS,789,789,760,765,6024,4593024.7
2026-04-17,VLBS,755,778.2,755,778,5859,4479740
2026-04-20,VLBS,778,778,754.7,773,4483,3436098.1
2026-04-21,VLBS,755,765,750.1,765,6382,4836907.3
2026-04-22,VLBS,755,759,740,750,5703,4265290.2
2026-04-23,VLBS,732.4,748,732.4,740,7476,5550086.9
2026-04-24,VLBS,740,740,727.1,735,3783,2778125.5
2026-04-27,VLBS,735,750,734,736,10537,7786550.5
2026-04-28,VLBS,736,740,720.5,724.9,8709,6330056.2
2026-04-29,VLBS,724.9,724.1,703,705,10153,7232204.4
2026-04-30,VLBS,672,706,672,696.1,4153,2890099.7
2026-05-04,VLBS,691,705,690,702,3954,2752746.5
2026-05-05,VLBS,695,709.9,695,703,2787,1952518.1
2026-05-06,VLBS,690.2,706,690.2,691.2,2859,1990564.3
2026-05-07,VLBS,686,695,686,693,2441,1690064.9
2026-05-08,VLBS,680,700.4,680,696.1,3381,2348241.6
2026-05-11,VLBS,715.9,726.1,698.1,726.1,3244,2301684.5
2026-05-12,VLBS,735,735,713,714.1,4772,3428319.3
2026-05-13,VLBS,710,710,700.1,703.5,1538,1080964.1
2026-05-14,VLBS,688,700,688,695.5,2820,1965624.9
2026-05-15,VLBS,660.8,701,660.8,693,2394,1661603.4
2026-05-18,VLBS,687,697,686,690.2,2552,1758624.8
2026-05-19,VLBS,680,692,678.2,680.6,2122,1446585
2026-05-20,VLBS,670,690,670,683.2,1453,990183
2026-05-21,VLBS,680,689,680,683,1770,1208107
2026-05-22,VLBS,675.5,694.9,675.5,694.9,3498,2391461.5
2026-05-25,VLBS,691.2,708,691.2,703,2724,1911802.9
2026-05-26,VLBS,690,700,690,695,2576,1793110.4
2026-05-27,VLBS,685,700,685,690,2734,1890599.6
2026-06-01,VLBS,685,688,661,684,3036,2071817.8
2026-06-02,VLBS,715,715,675,687,1293,887431.6
2026-06-03,VLBS,680.2,747,680.2,747,11054,7906353.6
2026-06-04,VLBS,747,747,703,712,7549,5400131.1
2026-06-05,VLBS,702.7,714,702.7,705.3,1919,1357438.9
2026-06-08,VLBS,705.3,715,700.5,713.9,6932,4926787.5
2026-06-09,VLBS,705,718,705,713,5562,3958373.5
2026-06-10,VLBS,700,725,700,717,5436,3912495
2026-06-11,VLBS,715,725,710.1,716,3234,2319499
2026-06-12,VLBS,710.1,718,710.1,714,2865,2040488.2
2026-06-15,VLBS,710.2,715,710.1,710.1,2519,1791470.4
2026-06-16,VLBS,745.6,745.6,715,727,15209,11145802.6
2026-06-17,VLBS,720.2,748,720,735,8826,6514455.2
2026-06-18,VLBS,730,738,730,732,2365,1731628.1
2026-06-19,VLBS,732,732,715.1,724,2610,1893212.8
2026-06-22,VLBS,710,722,710,715.1,3201,2298446.4
2026-06-23,VLBS,710,720,710,710,2180,1555058.7
2026-06-24,VLBS,702.2,710,700,705,3609,2537441
2026-06-25,VLBS,691,705,691,700,1530,1072092.6
2026-06-26,VLBS,691,702.9,691,695,2944,2050270.7
2026-06-29,VLBS,690,692.9,685.2,685.3,1803,1240741.3
2026-06-30,VLBS,680,683,678,678,2585,1758788.3
2026-07-01,VLBS,678,685.1,678,685.1,1706,1163023.1
2026-07-02,VLBS,685,699.8,676.1,696,2609,1794848.3
2026-07-03,VLBS,700,707,686.3,690,4259,2948561.6
2026-07-06,VLBS,681.1,698,680.7,683.1,1018,694992.8
2026-07-07,VLBS,681.1,700,681.1,685.1,4299,2958488.1
2026-07-08,VLBS,675,689,672.5,672.5,3793,2586083.1
2026-07-09,VLBS,670,670,663.2,664,1867,1241958.9
2026-07-10,VLBS,664.1,682,664,666.1,941,628439.5
2026-07-13,VLBS,666.1,666.1,652,657.1,1860,1225199.4
2026-07-14,VLBS,650.2,657,640,645,4691,3050623.2
2026-07-15,VLBS,651.2,662,647,652,752,491165.4
2026-07-16,VLBS,652,665.2,650,650,2590,1698222.4
2026-07-17,VLBS,650,680,650,680,2096,1413040
2026-07-20,VLBS,680,699.5,665,692,1900,1304987
2026-07-21,VLBS,703,703,671.5,692,2949,2021995.2
2026-07-22,VLBS,672,690,672,684.3,3007,2052769.9
2026-07-23,VLBS,670.1,692,670.1,685,992,675551
2026-07-24,VLBS,672,712.8,672,706,5121,3595854.2
2026-07-27,VLBS,686,700,684.8,686,3398,2346866.8
2026-07-28,VLBS,670.3,682,670.3,680,1138,770401
2026-07-29,VLBS,670,689,670,683,683,464217.4
2026-07-30,VLBS,670.2,679.9,670.2,671,684,460767
2026-07-31,VLBS,667,680,667,670,961,646110.4
2026-08-03,VLBS,670,679,667.4,670.3,1400,939337.3
2026-08-04,VLBS,668,688.2,665,665,3784,2538558.9
2026-08-05,VLBS,660,679,660,666,910,608618.8
2026-08-06,VLBS,666,685.9,660.1,665,1848,1229122.3
2026-08-07,VLBS,655,666,651.5,666,1433,946389.7
2026-08-10,VLBS,655,668,655,661,1244,823873.1
2026-08-11,VLBS,655.1,663,655.1,663,1492,986402.2
2026-08-12,VLBS,650.1,665,650.1,662,1494,983218.2
2026-08-13,VLBS,650.3,665,650.3,658.1,2737,1794426.9
2026-08-14,VLBS,653.4,665,653.3,658,948,626931
2026-08-17,VLBS,658,670,650.1,658.9,675,446037.4
2026-08-18,VLBS,658.9,676,653.1,663,3613,2405560.2
2026-08-19,VLBS,644.1,665,644.1,655.1,1244,819458
2026-08-20,VLBS,652,663,646.2,650,2603,1688071
2026-08-21,VLBS,640.1,650.2,640.1,649.7,3485,2250039.9
2026-08-24,VLBS,640,650,633.1,645,2112,1354539.1
2026-08-25,VLBS,633.1,648,633.1,635.2,980,626327.7
2026-08-26,VLBS,635,635,621,627.9,2231,1395613.7
2026-08-27,VLBS,610.2,628.5,610.2,620,1533,954548.5
2026-08-31,VLBS,615,616.4,605,607.9,2289,1391885.6
2026-09-01,VLBS,607.9,615,591.7,612,3673,2203369.8
2026-09-02,VLBS,600,619.1,600,619,805,492074.1
2026-09-03,VLBS,618.5,636.9,602,619,2035,1244879.3
2026-09-07,VLBS,601,624.5,601,620,1623,999770.8
2026-09-09,VLBS,610.4,619,607,618.9,2062,1256521
2026-09-10,VLBS,605,607,601,602,2215,1337841
2026-09-11,VLBS,602,610,598,610,2035,1227613.5
2026-09-14,VLBS,601,622,601,620,733,447554.2
2026-09-15,VLBS,650,650,620.2,626.1,1878,1175747.6
2026-09-16,VLBS,630,630,615.5,627.9,1997,1244647.8
2026-09-17,VLBS,620,635,620,628,392,244915.5
2026-09-18,VLBS,621,636,617.2,636,3677,2296123.7
2026-09-22,VLBS,630,647,615.5,641.1,2735,1746461.1
2026-09-23,VLBS,631,640,627.1,632,3829,2415468.1
2026-09-24,VLBS,618,631,618,624.2,1276,797355.6
2026-09-28,VLBS,612,625,606,613.3,3876,2375877.5
2026-09-29,VLBS,610,620,608,611,2392,1466843.7
2026-09-30,VLBS,611.1,620,611.1,613,1871,1149065.3
2026-10-01,VLBS,610,625.2,607,617.5,3549,2204682.3
2026-10-02,VLBS,620.1,620.1,610,610,2287,1407624.9
2026-10-05,VLBS,605,611.3,600,607,3108,1877730.2
2026-10-06,VLBS,597,610,597,609,3360,2024513.6
2026-10-07,VLBS,594,610,594,601,2759,1650106.2
2026-10-08,VLBS,593.1,599.1,590.3,590.3,5190,3079007.9
2026-10-09,VLBS,590,597,590,593,5983,3549941.8
