date,ACEDBL,ACEDPO,ADBL,AFL,AHPC,AIC,ALDBL,ALICL,ARDBL,ARUN,BBBL,BBBLN,BBBLNP,BBBLPO,BBC,BGDBL,BHBL,BLDBL,BNL,BNT,BOAN,BOK,BPCL,BSBL,BUDBL,CBBL,CDBL,CEDBL,CEDBLP,CFCL,CHCL,CIT,CMBF,CMBSL,CNDBL,CORBL,CZBIL,CZBILP,DCBL,DDBL,DIYALO,EBL,EBLCP,EDBL,EFL,EIC,FFCL,FFCLPO,FMDBL,GBBL,GBIME,GBL,GDBL,GFCL,GFL,GFLK,GFLPO,GLICL,GMFIL,GRAND,GSDBL,GSDBLP,GULMI,HAMA,HBL,HDL,HFL,HGI,ICFC,ICFCPO,IFIL,ILFC,IMEFI,JBBL,JBNL,JFL,JFLPO,KADBL,KAFIL,KBBL,KBBLPO,KBL,KBLPO,KDBL,KEBL,KFL,KFLPO,KIST,KISTPO,KMBL,KMBSL,KNBL,KRBL,LBL,LFLC,LGIL,LICN,LUBL,MBBL,MBL,MBLPO,MDB,MDBL,MDBLPO,METRO,MFIL,MFL,MKDBL,MNBBL,MPFL,NABB,NABIL,NABILP,NBB,NBIL,NBL,NCCB,NCDBL,NCM,NCMMF,NCMPO,NDEP,NDFL,NEFL,NEFLPO,NFS,NGBL,NHMF,NHPC,NIB,NIBPO,NICB,NICL,NIDC,NIL,NLBBL,NLIC,NLICL,NLO,NMB,NMBPO,NNFC,NNFCPO,NTC,NUBL,OFL,OHL,PADBL,PBSL,PCBL,PDB,PDBL,PFC,PFCL,PFCLL,PFIL,PFL,PFLBS,PIC,PICL,PLIC,PRBL,PRFL,PRFLPO,PROFL,PROFLP,PURBL,RARA,RBS,RBSL,RIBSL,RMBFI,SADBL,SANIMA,SBBLJ,SBBLJP,SBBLPO,SBI,SBL,SCB,SDBL,SETI,SEWA,SFFIL,SFFILP,SFL,SHL,SIC,SICL,SIFC,SIFCPO,SIL,SLFL,SLICL,SMBF,SMFDB,SODBL,SODBLPO,SRBL,STC,SUBBL,SUPRME,SWBBL,TBBL,TBBLP,TDBL,TNBL,TRH,UBBL,UFCL,UFIL,UFL,UIC,UNL,VFL,WDBL,WMBF,YFL,ZFL
2012-01-01,113,114,114,,312,,101,165,,43,,,,,,,,124,,,168,435,494,115,,,148,,,,602,489,,125,,,173,,130,240,,685,904,266,118,,,,,114,,169,,,,,,99,,,84,,,,465,,57,,101,,100,,,84,,,,,,,,217,135,,,117,,,,100,,89,66,236,125,,,155,108,,,,,,,,,72,146,,,879,,126,,,,,173,,,83,,,,,136,,50,402,,403,,,,,,,,155,,,,427,,,79,,106,191,65,,,,,,,97,,,164,63,152,,,,,,,,,,,,,,,416,171,1355,,183,123,,,,,,,191,,,102,,112,,,,129,,,,230,,,,92,,68,,98,,,,104,93,,,105
2012-01-02,,,118,120,304,,99,173,,42,,,,,,,,128,,,171,429,485,,,,,138,,,610,,,121,,,181,,135,,,714,,,,,,,,118,,175,,,503,,,102,,,84,,,,479,,58,,115,,,,,89,,226,,,,,,224,,,,,,132,,100,,87,65,236,,,500,167,104,,,,,,,,,73,148,,,900,,128,,,126,,179,,,85,,89,,,134,,50,407,,417,,,,344,,,,167,,,,436,,,77,,108,193,66,,,,,,,,,,170,64,150,,,,,,,,,,,,,,,430,213,1390,,,125,,,,,340,236,182,,104,,108,,,,,136,,,,238,,,,,,68,,98,119,,,,92,,,106
2012-01-03,105,,115,,304,,106,176,90,43,,,,,,,,126,,,170,430,476,106,,,134,137,,,614,,,120,,,178,,135,236,94,700,,,,,,,,117,,180,,,,,,99,,,87,,,,486,,60,,,,,,200,89,,,,,,,,220,,,,,,131,,98,103,88,65,243,,94,,165,104,,,,,,,,,72,151,,,892,,127,,,124,,170,,,85,,,,,,,51,408,,414,,,,,,,,167,,,,435,,,78,,110,196,67,,,,,,,,,,167,64,154,,,,,,,,,139,,,,,,439,225,1390,85,,123,,,,,346,240,173,,,,112,,,149,,134,,109,,241,,,,92,,68,,99,,,6150,102,92,,,104
2012-01-04,103,,114,116,302,112,,170,,44,,,,,,,,,,,165,420,479,100,,,132,131,,,619,,,119,,,170,,130,,92,681,,,,,,,,117,,177,,,,,,99,,,86,,,,478,,59,,113,,102,,,87,,,,,108,,,222,,,,,,,,99,,86,65,236,122,,481,157,102,,,,,,,,,72,150,,,865,,120,,,116,,,,,83,,92,,,,,48,400,,415,,,,,558,,,164,,,,425,,,81,,99,187,,,,,,,,,133,,162,63,,,,,,,,,158,131,,,,,,431,221,1375,,,,,,151,,,244,173,,,,,114,,147,,131,,,,,115,,,,,68,,,,,6273,101,88,,,105
2012-01-05,,,113,,302,110,,,,44,,,,,,,,,,,164,419,,100,,340,,130,,,613,,,,,,164,,128,236,,702,,,,,,,,118,,,,,,,,99,,,,,,,461,,54,,109,,104,,,89,,,,,,,,211,,,133,,,,,100,,87,65,234,127,93,,160,,,,,,,,,179,72,152,,,858,,120,,,114,,,,,82,,98,,,130,,,400,,420,,,,350,569,,,161,,,,435,,,,,,187,65,,,,,,,,,,162,64,,,,,,,1300,140,,,,,201,,,423,219,1384,,,121,,,,,343,238,176,,,,108,115,,141,,132,,,,,,,,,,67,,98,,,6148,102,89,,,106
2012-01-08,105,,114,,314,,,168,,44,,,,,,,,,,,165,418,,103,,,128,130,,,609,507,,,346,,167,,128,237,,700,,,,,,,,,,168,,,,,,97,,,,,,,460,,57,,105,,106,,,90,,,,,,,,215,,,,,,,,101,,,64,235,124,,,158,102,,,,,,,,,72,153,,,830,,123,,,115,,,,,80,,99,,,,,49,405,,408,,,,,,,246,161,,,,427,,,,,94,189,65,,,,,138,,,,,165,70,,,,,,,1300,137,,,,,,,,422,223,1344,,,,,,,,344,240,179,,,101,,115,,,,130,,,,238,,,,92,83,,,97,119,,,104,90,89,,105
2012-01-09,105,,111,,316,,,171,87,44,,,,,,,,,,,165,425,497,,,,132,126,,,608,517,,,,,168,,126,238,90,670,,,,,,,,116,,169,,,,,,98,,,86,,,,462,,61,,,,108,,,89,,,,,102,,,222,,,,,,125,,104,103,,65,231,126,92,490,161,,,,95,,,,,,72,156,,,846,,122,,,116,,,,,81,,100,,,130,,50,401,,,,,,,,,,161,,,,430,,,,,,191,66,,,,,,,,,,169,73,,,,,249,,,135,158,,,,,,,428,222,1334,,,,,,,,,238,170,,106,100,106,,,,,130,,,,248,,,,92,,68,,96,,,,105,97,,,103
2012-01-10,,,112,118,,,104,169,79,,226,,,,2598,,,,,,166,420,516,105,,,,124,,,610,532,,,,,175,,128,234,,690,,,,,,,,116,,166,,,,,,97,,,86,,,304,471,,,,115,,109,,,89,,,,,102,,,213,,,,,,127,,100,,,65,,125,92,,157,102,,,,112,,,,,69,160,,,845,,,,,115,,,,,,,103,,,127,,51,400,,403,,,,,,,,163,,,,438,,,,,96,189,65,,,,,,,,,,167,74,,,,,,,,133,,,,,,,,436,,1352,,,,,,151,,,246,,,,100,109,117,,127,,129,,,,240,,,,93,,66,,95,117,,,100,96,,,105
2012-01-11,,,112,116,305,,97,171,72,44,,,,,2400,,,124,,,167,423,506,105,,328,132,123,,,610,,,,,,176,,,,88,714,,,,,,,,117,,171,,,,86,,97,,,85,,,,470,,67,,,,,,,89,,,,,106,,,212,,,133,,,,,99,101,,65,234,119,,,155,103,,,93,114,,,,,70,164,,,874,,122,,,114,,,,,80,,102,,,118,,53,403,,403,,,,353,,,,164,,,116,439,,,,,91,188,65,,,,,136,,,,,165,75,,,,,,,,,155,,,,,,,444,216,1399,,,109,,,,,350,242,167,,,100,,118,,115,,127,,,,240,116,,,94,,69,,95,120,,,99,94,,,104
2012-01-12,104,,112,116,300,,100,172,73,44,,,,,,,,121,,,170,424,536,107,,,131,,,,609,,,,,124,177,,126,,,728,,285,,,,,,111,,166,,,,,,97,,,,,,,479,,73,,115,,,,,88,,213,,,110,,,215,,,135,,,131,,105,100,,65,240,,,,153,102,,,91,108,,,,,71,161,,,904,,120,,,125,,,,,81,,103,,,,,52,400,,406,,,,,615,373,,157,,,,439,,,,,88,189,65,,,,,,,,,,166,76,,,,,,,,137,152,,,,,,,439,232,1410,86,,105,,,,,,,170,,107,99,110,,,108,,129,,,,242,,,,94,,69,,95,124,,6269,98,88,,,103
2012-01-16,,,111,,305,,102,175,72,44,,,,,,,,,,,,421,,104,,,131,,,,609,,,103,,,174,,,,88,693,,,,,,,,114,,163,,,,,,97,,,85,,,,,,,,115,,,,,89,,,,,112,,,,,,133,,,129,,98,97,,,,123,92,,152,102,,,89,,,,,,72,159,,,879,,120,,,,,,,,82,,106,,,,,51,396,,403,,,,360,627,380,,160,,129,,443,,,84,,85,187,64,,,,218,134,,,,,166,75,,,129,,,,,,152,,,,,,,,,1370,,,110,,,,168,,,170,,105,99,109,118,,112,,126,,,,243,117,,,94,,,,99,,,,99,94,,,102
2012-01-17,,,113,,305,,,174,71,45,,,,,,,,127,,,163,423,,104,,,130,127,,,579,,,,,,174,,123,,,697,,,,,,,,118,,165,,,,,,97,,,85,,,,470,,,,113,,107,,,86,,,,,111,,,200,,,131,105,,130,,99,,86,67,236,125,,518,155,102,,,92,,,,,,72,157,,,861,,122,,,,,,,,80,,110,,,,,50,389,,409,,,,375,627,,,,,131,,448,,,85,,,187,64,,,,,,,,,,166,75,,,,99,,,1290,,,,,,,,,,,1397,,,108,,,,,,245,170,,101,98,,120,,109,,128,,111,,235,116,,,96,,,,102,,,,99,98,,,101
2012-01-18,105,,118,115,305,,104,173,70,46,,,,,,,,121,,,163,420,,104,,,132,,,,610,,,,,,174,,120,226,,693,,,,,,,,121,,167,,,475,,,96,,,86,,,,460,,75,,,,,,,88,,200,,,,,,204,,,,107,,126,,99,,86,68,232,,,,154,103,,,91,,,,,,69,161,,,,,122,,,,,,,,79,,112,,134,114,,,383,,408,252,,,382,,,,161,,133,,440,,,,,,185,64,,,,,,,,,,166,77,,,,,,,,,,,,,,,,444,,1348,85,,107,,,,,350,,,,101,98,,119,,110,,128,,,,231,115,,,97,,70,,99,124,,,100,99,,,100
2012-01-19,,,117,113,301,,102,173,72,,,,,,,,,,,,,421,,105,,322,130,,,,608,,,,,,175,,126,218,,687,,,,,,,,121,,,,,,,,98,,,87,,,,460,,,,,,108,,,87,,,,,,,,,,,,,,,,100,,85,69,,,93,,154,,,,90,,,,,,70,160,,,882,,130,,,,,,,,,,112,,,,,,393,,401,,,,,,,,,,129,,438,,,,,,186,,,,,,,,,,,,,,,,,,,1295,,,,,,,,,445,,1350,,,107,,,,,,,,,,,110,117,,108,,129,,,,,,,,,,,,,,,,103,98,,,100
2012-01-22,105,,117,113,300,,101,162,71,45,,,,122,,,,121,,,160,420,,105,,,129,131,,,607,,,,,122,169,,126,,,685,,270,,,,,,116,,164,,,,87,,97,,,88,,,,475,,72,,116,,110,,,87,,196,,,113,,,200,,,133,,,,,98,,82,67,230,129,94,528,151,105,,,92,118,,,,,70,159,,,836,,,163,,,,,,,83,,112,,,114,,50,400,,397,,,,,625,,,153,,,,444,,,,,84,184,64,,,,,132,,,,,166,75,133,,129,,,,,137,159,,,,,,,445,,1340,,,109,,,,,,,,,,98,108,116,,106,,128,,111,,222,111,,,99,,68,,99,126,,,105,99,,,100
2012-01-23,105,,112,107,305,,,162,70,,,,,,,,,,,,159,418,,105,,,123,131,,269,610,552,,,,110,171,,129,,88,670,,,,,178,,,120,,163,,,,,,96,,,90,,,,461,,67,,112,,107,,198,87,,196,,,113,,,199,,,,109,,123,,98,,83,69,230,131,95,519,152,103,,,93,,,,,176,70,157,,,835,,132,,,,,,,,80,,111,,,115,,,398,,399,,,,,621,,,161,,,,437,,,,,,184,63,,225,,,,,97,,,166,76,,,,,,,,139,168,,,,,,,440,213,1330,85,183,105,,,,171,,,170,,,96,105,,,106,,129,,112,,218,113,,,104,,68,,98,130,,,107,95,,,102
2012-01-25,,,114,107,308,,98,152,70,44,,,,,,,,120,,,160,420,,105,,323,126,130,,,612,,,,,101,171,,129,,,682,,,,,,,,122,,161,,,,,,96,,,92,,,,,,65,,,,107,,,87,,,,,,,,202,,,,,,121,,97,,,69,232,,104,,157,105,,,94,,,,,,69,155,,,840,,130,,,,,,,,80,,111,,,117,227,,,,399,250,,,,,,,155,,,,436,,,83,,82,183,66,,,,214,,,,,,168,76,131,,,,,,,,171,,,,,,,418,211,1345,,,,,,151,,,,170,,,97,107,112,,105,,127,,112,,,,,,105,,,178,99,,,,111,92,,,103
2012-01-26,107,,112,,307,,,149,73,44,,,,,,,,,,,160,420,,107,,,133,129,,,612,563,,,,102,173,,131,,,690,,,120,,,,,115,,,,,,,,95,,,92,,,,,,63,,110,,107,,201,86,,191,,,114,,,196,,,,111,,123,,99,,,,230,131,106,528,153,100,,,94,116,,,,,69,157,,,830,,130,,,,,,,,79,,110,,,119,,49,396,,403,,,,380,621,,,153,,,,436,,,85,,78,184,66,,,204,,,,,,,169,73,,,,,,,,,168,,,,,,,400,214,1330,83,,108,,,,,350,,170,,103,96,107,111,,105,,127,,,,228,111,,,106,,69,169,99,,,,108,95,,,103
2012-01-29,,,112,,301,,,155,72,,218,,,,,,,124,,,160,421,,105,,,133,130,,,614,563,,,,103,176,,130,,85,680,,,118,315,,,,115,,163,168,,,,,94,,,91,,,,460,,57,,112,,108,,,86,,,,,,,,199,,,132,113,,121,,97,,81,70,,129,105,,152,100,,,97,120,,,,,69,163,,,830,,120,,,,,,,,80,,110,,,,,49,395,,400,245,,,380,622,,,159,,,,436,,,,,77,184,66,,,,,,,,,,162,73,,,,,,310,,140,155,,,,,,,417,214,1322,81,,109,,,,,,241,,,,93,106,108,,105,,125,,110,,,113,,,106,,71,,100,116,,,105,94,,,104
2012-01-31,105,,110,108,305,108,96,148,74,,198,,,,,,,124,,,160,418,,105,,,132,128,,,612,574,102,,,103,169,,128,,77,675,,,116,310,175,,,120,,162,,,,,,94,,,90,,,,460,,56,,114,,,,,86,,,,,,,,195,,,,,,117,,98,,80,71,230,129,100,520,152,98,,,97,,,,,,68,162,,,842,,113,,,,,,,,79,120,107,,,119,,,387,,395,241,,,,632,,,,,127,,436,,,,,82,180,64,,,,,,191,95,,,167,70,131,,127,,,304,,,149,,,,,,,427,217,1336,,,108,,,,171,,,170,,108,93,106,111,,106,,125,,111,,,,,,106,82,,,98,117,,,100,94,,,102
2012-02-01,107,,111,,304,106,98,148,75,,,,,,,,,125,,,162,423,,106,,,134,131,,,609,574,,,,103,170,,130,214,78,687,,,,,,,,119,,165,,,,,,94,,,92,,,,465,,53,,114,,108,,,85,,,,,,,,195,,,,,,119,,98,,,72,231,,97,,152,98,,,97,,,,,,68,164,,,832,,112,,,,,161,30,,81,120,110,,,120,,48,383,,394,244,,,,631,,,156,,121,,439,181,,85,,85,184,64,210,,,,,,104,,,168,72,133,,,,,,,141,,,,,,,,425,214,1325,80,,107,,,,188,,,170,,110,93,106,110,,105,,127,256,109,,232,,,,103,,73,,98,,,,100,91,,,102
2012-02-02,109,,111,,304,106,93,150,76,,,,,,,,,125,,,160,419,,106,,,132,134,,,606,,,,,101,170,,126,222,80,680,,,,,,,,113,,160,,,,,,95,,,,,,,473,,50,,112,,110,,201,85,,191,,,,,,184,,,,,,113,,98,,82,72,230,123,96,521,155,,,,98,,,,,,68,165,,,850,,117,,,,,,,,81,116,110,,,119,,,384,,390,,,,,631,373,,155,,121,,438,,,,,83,182,65,,,,,,,106,,,165,74,129,,,,,279,,,151,,,,,,,,212,1325,79,,105,,,,,,257,,,108,92,106,110,,103,,129,,110,,236,,,,100,,74,,100,,,,102,90,,,100
2012-02-05,110,,110,110,300,98,92,,76,44,,,,,,,,,,,157,416,,106,,,133,130,,,610,,,,317,102,167,,126,222,81,672,,295,,,,,,117,,,,,,,,91,,,90,,,,465,,53,,,,110,,,85,,,,,,,,185,,,132,111,,111,,97,,,72,232,,96,521,153,99,,,100,,,,,,68,165,,,829,,111,,,,,,,,80,118,107,,,120,,46,385,,390,,,,,635,,,154,,,,435,,,,,82,179,64,,225,,,,,110,,,165,74,128,,,,,269,,140,,,,,,,,426,207,1338,77,,106,,,,,350,,,,,90,106,115,,103,,125,,,,236,114,,,100,,,,100,,,,101,90,,,101
2012-02-06,112,,111,,300,,95,,72,,,,,,,,,,,,158,414,,106,,320,132,130,,,605,,,,,103,167,,130,,80,672,,306,,,169,,,119,,,,,,,,90,,,89,,,,462,,53,,108,,115,,,83,,,,,115,,,183,,,,,,113,,95,,81,,234,127,95,521,149,,,,99,116,,,,,68,161,,,824,,110,,,,,158,,,79,,107,,,121,,,385,,385,238,,,374,647,336,,153,,,,433,,,,,77,180,66,,,,,,,112,,,165,75,126,,,100,,,,,146,,,,,,,420,207,1344,,183,106,,,,,350,,,,106,91,106,118,,103,,125,,111,,229,114,,,100,,73,,100,,,,101,92,,,99
2012-02-07,111,,110,112,299,98,95,,73,,,,,,,,,125,,,156,409,520,105,,,130,133,,,600,,,,,104,170,,130,,81,683,,312,,,172,,,117,,,,,,,104,89,,,90,,,,458,99,,,110,,119,,,81,,,,,,,,184,,,,111,,114,,95,,80,,230,,94,525,,,,,99,,,,,,68,161,,,830,,112,,,,,152,,,,,107,,,125,,46,370,,380,,,,368,640,330,,150,,117,,433,,,84,,,180,66,,,,,,173,,131,190,164,76,128,,,,,,,142,,,,,,,,422,205,1345,79,,107,,,,,,,,,104,91,108,118,,102,,124,,113,,238,114,,,99,82,74,,100,,,,99,91,,,98
2012-02-08,112,,110,,294,,95,,74,,,,,,,,,,,,157,410,,104,,326,,131,,259,597,,,,291,,169,,128,,81,696,,,,,,,,117,,,,,448,,,88,,,91,,,274,,,56,,,,121,,,81,,,,,116,,,190,,,,,,112,,96,,,,235,123,95,521,148,98,,,98,115,,,,,65,162,,,841,,112,,,,,,,,81,99,106,,132,127,,45,371,,379,,,,,640,,,152,,,,434,,,,,77,180,65,,,,,,170,,,,167,74,130,,,102,,251,,,140,,,,,,,401,203,1345,78,,106,,,,,,,,,104,90,111,119,,104,,124,,115,,230,,,,100,,78,,103,,,5669,98,92,,,97
2012-02-09,,,109,,294,,91,,73,,,,,,,,,,,,155,410,,103,,,130,133,,,594,,,,271,,166,,126,,77,696,,,,315,,,,115,,,,,424,,,90,,,90,,,,,,,,,,125,,,80,,194,,,,,,195,,,,,,,,96,,,72,235,120,95,,,,,,99,,,,,,64,162,,,840,,,,,,,,,,80,99,106,,,,,49,379,,377,,,,,,,,151,,110,,435,,,83,,77,177,65,,,,,,,,,,166,73,132,,,,,242,,144,,,,,,,,,203,1324,75,,109,,,,,345,247,,,104,90,112,,,104,,125,,,,,,,,99,,79,,100,,,,97,93,,,99
2012-02-12,,,109,112,296,97,90,,69,,,,,,,,,,,,155,408,,106,,,131,132,,,595,563,,,251,110,165,,123,226,78,683,,,,,169,,,119,,,,,,,,89,,,90,,,,460,,,,109,,124,,,79,,188,,,,,,195,,,,,,111,,97,,80,,232,121,92,521,150,99,,,98,113,,,,,66,161,,,843,730,112,160,,,,150,,,79,97,106,,,128,,48,380,,376,,,,370,,325,,149,,107,,433,,,,,77,175,65,,,,,,,,,,164,73,128,,,,,,,,138,,,,,,,417,206,1332,75,,109,,,,185,340,,,,104,91,116,,,102,,126,,113,,,,,,99,,81,,96,120,,5712,97,93,,,100
2012-02-13,,,108,,292,,92,,72,,,,,,,,,125,,,154,410,,108,,,134,126,,,591,,,,239,121,166,,126,,80,671,,,,,,,,116,,,,,,,,91,,,90,,,,460,,51,196,106,,120,,,80,,,,,108,,,194,,,,,,112,,97,,79,65,236,,86,,153,98,,,99,,,,,,66,162,,,876,,112,,,,,147,,,78,99,104,,,128,,51,379,,380,234,,,,,,,150,,104,,435,,,,,76,182,64,,,,,,,,,,166,72,130,,,,,,,,144,,,,,,,421,207,1331,76,,105,,,,,,,170,,103,93,107,115,,102,,125,261,115,,,112,,,99,,86,,96,,,5488,,95,,,98
2012-02-14,,,109,,296,,93,,76,,,,,,,,,120,,,153,400,,107,,,136,128,,,589,,,,220,123,164,,125,,83,667,,,,,,,,116,,,,,,,,90,,,90,,,,462,,56,,,,,,,79,,,,,109,,,195,,,,,,108,,96,,,62,230,,88,515,152,98,,,101,,,,,,68,159,,,860,,111,,,,,,,,76,99,104,,,130,,,380,,380,,,,370,640,325,,152,,102,,435,,,,,77,178,65,,225,,,,,,,,167,71,130,,,,,222,,,,,,,,,,421,210,1335,,,108,,,,,,,167,,102,92,110,,,100,,124,,,,,115,,,100,,88,,97,118,,5379,97,95,,,99
2012-02-15,109,,111,,297,,94,,72,44,,,,,,,,,,,153,414,,108,,,134,130,,,590,596,,,216,122,164,,123,,85,679,,,,,,,,116,,,152,,,,,90,,,90,,,,460,,59,,,,124,,,78,,,,,,,,189,,,,,,108,108,97,,,62,230,123,89,506,154,,,,98,110,,,,,65,162,,,843,,111,,,,,145,,,75,98,104,,,128,,,377,,380,230,,,370,645,330,,151,,100,,436,,,,,76,174,66,,225,,,,,,,,177,71,,,,,,,,,142,,,,,,,416,205,1350,75,,107,,,,,,,168,,100,92,110,115,,102,,123,,,,,114,,,100,,,163,90,,,,97,95,,,100
2012-02-16,106,,108,111,298,,97,,71,44,,,,,,,,120,,,154,407,,107,,314,135,130,,,597,,,,208,,162,,122,,84,670,,,,,,,,118,,,,,,,,87,,,89,,,,460,,59,,,,,,,79,,,,,,,,186,,,134,,,108,,98,,78,61,229,124,89,516,150,97,,,100,114,,,,,67,160,,,850,,113,,,,,,,,77,,102,,,134,,50,388,,387,,,,365,,330,,149,,98,,441,,,,,73,175,66,,,,,,,,,,165,71,,,,104,,218,,,138,,,,201,,,408,206,1331,,,106,,,146,,340,,,,101,90,108,111,,105,,121,,,,,114,,,98,,87,,87,,,,97,93,,,100
2012-02-21,107,,109,,300,100,100,,71,41,,,,,,,,,,,150,405,,108,,,130,,,,595,610,,,204,114,165,,125,,84,680,,,,,,,,120,,,,,,,,86,,,86,,,,460,,62,,,,,,,76,,,,,,,,185,,,133,109,,,,96,,79,63,228,126,88,,148,98,,,100,114,,,,,68,164,,,850,,110,,,123,,,,,77,100,106,,,132,,50,378,,378,,,,,,330,,149,,98,,441,,,,,74,176,65,,,,,,,,,,,71,130,,,,,,,136,134,,,,,,,414,,1333,76,,106,,,,,334,235,,,,89,112,111,,,,122,,,,,,,,100,81,,,87,118,,,100,95,,,99
2012-02-23,,,109,110,296,,92,,71,,,,,,,,,,,,155,407,,108,,297,128,132,,,593,620,,,,110,164,,126,230,84,694,,,,,169,,,117,,,,,,,,85,,,85,,,,455,,62,,108,,,,,76,,,,,103,,,185,,,,,,,,99,,,64,229,,87,517,149,105,,,,,,,,,67,160,,,850,,114,,,125,,143,,,75,,106,,,128,,,372,,382,,,,372,641,,,148,,98,,445,,201,83,,73,177,63,,,,,,167,108,,,162,72,,,,,,,,137,134,113,,,,,,416,203,1340,81,180,105,,,,,,242,165,,99,88,110,,,100,,120,,,,,114,,,,79,88,,85,120,,,98,94,,240,99
2012-02-26,105,,107,,296,,91,,72,41,,,,,,,,122,,,156,407,,106,,,126,128,,234,590,644,,,,112,165,,126,,86,680,,,,,,,,118,,,,,,,,87,,,85,,,,451,,65,,105,,,,,77,,,,,101,,,185,,,,,,105,,99,,78,63,226,124,88,,150,107,,,98,110,,,,,64,162,,,844,,112,,,,,,,,76,,106,,,126,,49,372,,374,,,,378,642,345,,150,,99,,444,,205,80,,74,172,65,,,,,,,,,,143,69,127,,,,237,,,134,133,,,,,,,422,203,1352,82,,105,,,,,328,238,162,,,90,110,109,,99,,121,,,,,,,,100,,90,,85,,,5916,100,94,,,99
2012-02-27,105,,108,112,297,,98,,71,37,,,,,2352,,,125,,,156,406,468,107,,,128,129,,218,590,,,,194,113,170,,125,,86,688,,281,116,,,,,118,,,,,,,,89,,,86,,,,460,,70,,106,,,,,76,,,,,,,,,,,,,,106,,97,,77,,226,128,87,,149,113,,,99,112,,,,,63,161,,,847,,112,154,,,,142,,,76,100,106,,,129,,,370,,375,,,,380,,340,,150,,98,,445,,207,79,,76,176,67,,,,198,,,,,,145,68,124,,,,,,,136,132,,,254,,,,422,205,1345,82,,105,,,,188,,234,168,,,89,110,107,,99,,122,,,,,,,,99,80,92,147,,,,,100,91,,,99
2012-02-28,112,,109,,300,,99,,71,39,,,,,,,,123,,,158,410,450,108,,277,,127,,,593,669,,,,112,170,,132,,84,698,,286,,,,,,118,,,,,,,,91,,,85,,,,460,,,,,,,,,77,,191,,,,,,187,,,,,,107,,97,,76,64,,,88,,152,,,,97,110,,,,,62,161,,,867,,112,,,,,140,,,75,,,,,133,,49,380,,378,230,,,,,334,,153,,100,,447,,,78,,,177,65,,,,,,,,,,,,125,,,,,,1245,,128,,,,,,,430,209,1360,81,,105,,,,,,230,,,,89,111,,,101,,125,,,,,,,,99,,94,145,86,,,6119,98,90,,,99
2012-02-29,107,,108,116,300,,99,,73,,,,,,2469,,,,,,160,406,,107,,282,,128,,,596,,,,,112,169,,131,,83,676,,,,,,,,120,,,,,432,,,90,,,87,,,,460,,,,106,,,,,77,,,,,104,,,186,,,,,,106,,96,,77,65,234,,88,542,,111,,,97,110,,,,,63,167,,,861,,111,,,,,140,,,76,,,,,132,,,382,,385,227,,,,654,340,,156,,102,,449,,209,78,,82,177,66,,,,,,,,,,,73,124,,,,,,,131,130,,,245,,,,438,211,1366,82,,105,,,,,,243,,,106,89,110,107,,101,,122,,,,,,,,,79,89,135,84,,,6119,100,89,,,99
2012-03-01,109,,108,,299,97,101,,72,38,,,,,,,,123,,,158,409,,107,,254,127,128,,,598,,,,,112,167,,130,232,81,690,,,,,169,,,118,,,147,,,,,90,,,91,,,,468,,,,108,,,,,78,,204,,,,,,186,,,,,,,,97,,79,,234,,88,,155,114,,,98,110,,,,,64,162,,,887,,112,,,,,134,,,77,,,,,132,,,384,,392,223,,,,650,345,,156,,,,452,,,,,80,180,65,,,,,,,,129,,145,,125,,129,,,210,,,128,,,,,,,435,211,1398,84,,105,,,,,,246,,,101,91,110,,,102,,125,,,,,,,,98,,88,,83,,,6114,100,90,,,
2012-03-04,,,109,,301,,100,,72,37,,,,,2420,,,,,,152,408,455,108,,249,125,131,,,599,670,,,,115,173,,131,,83,683,,,,,,,,119,,,,,,,,89,,,88,,,,470,,,,,,,,,79,,208,,,98,,,187,,,,,,107,,98,,80,64,235,130,88,,152,116,,,99,,,,,170,65,,,,874,,108,,,,,129,,,76,101,,,,,,,385,,383,215,,,375,650,,,154,,100,,447,184,210,,,84,180,66,,,,,,,,127,,141,74,125,,133,,,,,133,130,,,,,,,432,210,1384,84,,109,,,,,,241,165,,100,89,,117,,100,,124,,,,,,,,98,,87,,82,,,6100,101,90,,,96
2012-03-05,,,107,112,301,,99,,71,40,,,,,,,,121,,,161,417,,106,,242,125,137,,,599,,,,,115,169,,130,,82,686,,,,,,,,117,,,,,,,,89,,,86,,,,475,,74,,,,,,,78,,204,,,99,,,190,,,,,,109,,97,,82,64,239,,88,,,,,,99,110,,,,,64,163,,,883,,110,,,113,,130,,,77,100,106,,,,,50,378,,389,,,,,650,334,,158,,,,448,,210,,,83,180,66,,,,,,,,,,,75,,,137,,,,,131,,,,,,,,441,210,1370,84,,109,,,144,,,,,,,90,110,124,,102,,125,,,,233,114,,,98,80,85,,,,,,99,87,,,96
2012-03-06,,,105,108,301,,96,,70,40,,,,,,,,,,,160,413,455,107,,,128,133,,,599,675,,,,116,170,,129,,82,690,,,,,,,,116,,,,,,,,89,,,84,,,,480,,,,112,,,,,77,,205,,,98,,,185,,,135,,,107,,97,,88,64,235,132,88,560,151,,,,100,119,,,,,63,171,,,882,,108,,,109,,131,,,77,100,106,,,132,,,380,,390,211,,,382,660,330,,158,,,,447,,212,,,87,180,65,,,,,,,,,,138,71,125,,143,,,,,,,,,225,,,,440,212,1383,,171,107,,,,190,,,,,,91,110,123,,100,,125,,,,,112,,,98,,,123,83,,,,,95,,,95
2012-03-11,,,106,106,299,,94,,71,41,,,,,2419,,,123,,,160,407,455,107,,,126,130,,,598,675,,,,114,169,,128,236,85,683,,,,,,,,116,,,143,,,,,87,,,88,,,,479,,,,107,,,,,76,,205,,,99,,,180,,,,,,107,,98,,89,65,238,130,87,,,,,,102,,,,,,61,165,,,885,,110,,,104,,,,,,,105,,,136,,48,377,,381,211,,,,660,330,,,,,,452,,,,,,177,65,,,,,,,,,,138,,125,,,106,,206,,133,132,105,,,,,,425,208,1375,,,105,,,142,,,241,,,99,90,110,123,,102,,124,,,,,,,,99,,,111,84,,,6100,97,92,,240,96
2012-03-12,,,106,106,299,95,94,,72,,,,,,,,,121,,,158,407,,107,,,126,127,,,597,,,,,109,165,,126,,86,683,,,,,,,,116,,,,,,,,86,,,88,,,,479,,67,,107,,,,,76,,202,,,99,,,176,,,,,,107,,98,,,,236,,87,569,148,,,,104,,,,,,60,164,,,880,,108,,,105,,,,,78,,103,,,138,,47,370,,376,,,,375,659,330,,153,,,,449,,,,,86,177,66,,229,,,,,,,,139,69,126,,145,,,,,,134,95,,,,,,422,206,1375,84,,,,,140,,,,168,,,90,110,124,,101,,123,,104,,,112,,,99,81,84,103,84,,,6100,98,90,,,96
2012-03-13,,,104,,297,95,,160,71,40,,,,,,,,,,,161,407,,108,,,123,133,,,597,,,105,182,110,164,,132,,89,670,,,,,,,,120,,,,,,,,88,,,87,,,,475,,69,,,,,,,75,,199,,,99,,,178,,,137,,,107,,100,,,,233,128,88,575,148,,,,104,120,,,,,65,170,,,880,,108,,,103,,,,,,,105,,,135,,47,381,,377,,,,374,659,330,,154,,,,450,,212,,,,175,67,,,,,,,,,,137,69,124,,,,214,,1221,135,,,,209,,,,423,204,1380,83,162,107,,,,,326,,170,,100,91,109,,,100,,124,,99,,,108,,,99,,83,99,83,118,,,100,90,,,95
2012-03-14,111,,103,,297,,93,164,72,39,,,,,,,,121,,,160,407,,108,,,,135,,,597,,,,170,110,166,,132,,92,692,,,,,,,,118,,,,,294,,,87,,,86,,,,,,,,,,,,,76,,200,,,,,,174,,,135,,,107,,99,,,,231,128,86,,149,,,,102,,,,,,63,169,,,860,,107,,,105,,,,,77,,103,,,135,,,375,,375,,,,371,655,,,154,,,,450,,206,,,,174,68,,,,,,,,,,140,73,,,,,196,,,,,92,,189,,,,429,202,1379,82,147,107,,,,,320,,170,,104,90,109,,,101,,125,,,,,106,,,98,,84,,,,,,101,92,,,98
2012-03-15,,,103,,294,,,158,71,39,172,,,,,,,,,,156,408,,,,,122,,,,595,682,,,167,115,163,,,,90,683,,,,,,,,117,,,,,,,,89,,,89,,,,457,,,,,,,,,76,,,,,98,,,,,,,,,109,,98,,90,,231,,85,,145,118,,,100,114,,,,,63,170,,,852,,111,,,104,,,,,,,105,,,136,,,370,,378,,,,364,,,,154,,,,448,,,77,,85,174,68,,,,,,,110,,,,,,,,,190,,,,,94,,171,,,,425,202,1352,,143,108,,,,,,,,,,90,111,105,,110,,123,,98,,199,106,,,98,81,,98,82,,,,103,96,,,99
2012-03-18,109,,103,100,293,,90,156,70,38,,,,,,,,119,,,154,405,460,106,,,,127,,,597,,,,,,165,,129,,89,678,,,,,,,,116,,,131,172,298,,,88,,,93,,,,455,,,,106,,,,,77,,204,,,97,,,168,,,,,,108,,99,,87,60,233,124,85,575,145,,,,98,111,,,,,61,170,,,867,,107,,,104,,,,,77,,,,,134,,,369,,371,207,,,351,,318,,152,,98,,405,,199,,,84,172,64,,,,,,152,,,,142,71,,,143,,,186,,135,,93,,154,205,,,426,202,1368,82,136,109,,,138,,,,168,,102,90,110,,,,,120,,,,194,105,,,,,85,,82,,275,6100,103,92,,,97
2012-03-19,109,,102,,292,,94,155,71,37,,,,,2450,,,,,,155,405,460,108,,,,128,,,596,,,,,115,166,,129,,89,665,,,,,,,,119,,,129,,309,,,86,,,95,,,,450,,65,,,,,,,79,,,,,,,,174,,,,107,,105,,100,,89,60,,,84,571,141,,,,,114,,,,,65,170,,,882,,105,,,105,,,,,76,,,,,,,47,365,,372,203,,,353,645,320,,153,,,,404,,201,,,,170,65,,,,189,,147,,,,142,68,124,,,,,168,,,132,,,139,205,,,429,201,1375,81,,109,,,136,,,233,167,,100,90,110,,,108,,118,,,,190,102,,,99,80,84,,84,118,,6300,105,92,,,98
2012-03-20,,,101,,296,,95,156,70,35,,,,,2352,,,,,,156,405,439,105,,246,122,126,,,596,677,,,,,165,,127,241,89,695,,291,,292,,,,118,,,,169,319,,,86,,,97,,,,450,99,,,,,,,,79,,,,,98,,,170,,,,109,,109,,98,,,59,231,122,85,567,142,,,,,,,,,,65,168,,,874,,105,,,105,,,,,,,103,,,136,,,370,,371,,,,350,640,,,154,,,,400,,205,,,82,170,65,,,,,,145,,,,139,68,,,,,,,,130,131,91,,130,,,,427,200,1360,,,107,,,,,314,245,168,,,,110,,,,,118,,,,192,105,,,,81,82,94,85,116,,,104,95,,,99
2012-03-21,111,,104,100,294,,97,153,71,37,,,,,2399,,,118,,,155,405,431,105,,,,,,,596,675,,,,114,160,,132,,89,700,,271,,,163,,,118,,,,,331,,,87,,,97,,,,450,,59,,,,,,,76,,,,,102,,,169,,,,109,,114,,98,,89,60,230,123,85,575,142,,,,,112,,,,,63,171,,,878,,108,,,106,,,29,,74,,,,,,,,377,,380,196,,,349,,,,,,98,,405,,215,,,75,169,67,,,,,,,,,,139,,122,,,,,,,,132,90,,131,,,,429,209,1387,,130,105,,,,194,,,165,,,,112,,,98,,120,,102,,195,,,,,,82,,85,116,,,102,,,,98
2012-03-25,,,106,,290,,98,153,71,36,,,,,,,,116,,,154,404,,105,,250,122,125,,,594,670,,,,114,161,,128,,,683,,,,,,,,117,,,,,,,,87,,,94,,,,450,,57,,108,,,,,78,,,,,,,,165,,,133,,,110,,98,,88,59,230,125,83,,144,116,,,,115,,,,,64,166,,,878,,107,,,108,,,,,76,,,,,,,,377,,373,,,,,630,314,,151,,,,406,,,77,,76,168,65,,,,186,118,,,,,137,69,118,,,,,,,132,,,,131,,,,422,202,1378,,124,103,,,,,,,171,,102,91,113,,,96,,119,,,,,,,,97,81,81,,,,,,98,98,,,97
2012-03-26,111,,107,100,290,,98,151,68,,,,138,,,,,,,,157,405,415,110,,,121,126,,,590,,,,,114,159,,130,,90,678,,,,,,,,118,,,,,337,,,87,,,92,,,,445,,,,107,,,,,76,,,,,,,,165,,,,109,,108,,98,,,60,230,124,80,,143,,,,,,,,,,63,168,,,861,,106,,,106,,,28,,72,,,,,136,,,362,,367,,,,345,,,,148,,,,405,,215,,,,164,64,,225,,,,,,,,138,71,120,,,,,,,,132,89,,132,,,,426,203,1377,,,104,,,136,,,,,,98,90,111,,,94,,118,,,,198,105,,,96,,80,,83,,,6032,,,,,97
2012-03-27,111,,103,100,290,,,150,68,36,,,125,,,,,118,,,155,404,,104,,,121,122,,,590,,,,164,113,162,,126,,,678,,,,,,,,118,,,,,,,,88,,,88,,,,445,,54,,107,,,,,77,,199,,,,,,163,,,135,,,106,,99,,89,61,228,122,80,,144,118,,100,95,,,,,164,62,169,,,867,,104,,,103,,,,,73,100,,,,137,,,360,,378,,,,344,,326,,146,,99,,406,,220,76,,74,162,64,,,,183,,,,,190,140,69,120,,139,,,,,,,86,,134,,,,425,201,1377,80,112,107,,,134,,,,168,,98,90,111,,,93,,115,,104,,,112,,,93,78,81,,,,,,,93,,,97
2012-03-28,113,,106,,291,,100,149,69,36,,,,,,,,,,,155,403,392,106,,251,120,123,,,587,,,,,,163,,129,,,678,,,,282,,,,118,,,,,,,,88,,,80,,,,441,,49,,108,,,,,76,,,,,100,,,,,,,,,107,,98,,,,226,124,80,571,142,115,,,94,,,,,,65,170,,,867,,103,148,,103,,129,,,72,,,,,136,,,361,,370,190,,,,630,330,,149,,100,,406,,220,75,,73,163,64,,,,,,141,,,,141,70,120,,139,,,,1221,,134,85,,137,,,,,202,1360,,101,106,,,,,,,168,,99,91,110,,,98,,119,,105,,201,114,,,92,78,82,94,,,,,,94,,,99
2012-03-29,,,105,,,,100,156,69,34,,,,120,2399,,,,,,154,403,383,104,,,121,121,,,587,640,,,161,114,163,,,,89,670,,,,,,,,118,,,,,,,,86,,,81,,,,445,,53,,106,,,,,77,,200,,,98,,,166,,,132,,,106,,97,,,59,,,79,571,139,,,,96,115,,,,,62,167,,,867,,103,,,103,,,28,,67,,,,,,,45,360,,365,,,,335,,,,147,,,,400,,,,,73,165,65,,,,168,,131,116,129,,143,70,120,,,,,152,,,,82,,135,,,,422,201,1382,78,,107,,,,,,249,,,97,92,110,,,97,,118,,105,,194,114,,,94,,81,,,,,,,94,,,97
2012-04-01,111,,106,,300,,98,150,69,,,,,,,,,,,,157,405,414,106,,,123,122,,,588,628,,,149,113,163,,127,229,90,705,,,,,160,,,118,,,,,,,,86,,,82,,,,445,,58,,,,,,,77,,202,,,101,,,168,,,,,,,,97,,92,59,230,,80,,141,,,,95,,,,,,61,168,,,852,,105,,,105,,,,,72,,,,,133,,41,364,,363,,,,330,640,,,147,,,,402,,,,,73,160,64,,,,,,,118,137,,144,72,117,,135,,,,1130,134,133,,258,136,,,,425,203,1350,,,109,,,134,,,,170,,97,92,110,,,,,117,,105,,,110,,,96,76,82,,85,,,,,98,,,
2012-04-02,107,,105,,295,,99,154,72,,,,,,,,111,,,,162,406,430,107,,,,125,,,594,616,,,139,112,165,,127,,91,680,,,,,,,,114,,,,,,,,87,,,82,,,,446,,,,108,,,,,79,,,,,103,,,171,,,134,,,104,,98,,,58,231,117,80,571,145,,,,95,,,,,,62,171,,,880,,104,,,105,,128,,,73,,,,,136,,41,370,171,366,,,,324,,,,153,,,,402,,,,,73,170,65,,,,,,,116,,,145,69,120,,,,,147,1130,134,135,83,,139,,,,424,203,1382,76,97,109,,,132,197,,241,168,,,90,112,,,95,,118,,101,,,,,,94,,83,,86,,,6032,91,99,,,99
2012-04-03,103,,106,,299,,,155,71,,,,,,2399,,,,,,165,412,425,107,,,,123,,,596,,,,129,114,169,,129,,90,688,,,,,,,,119,,,,,,,,,,,,,,,449,,54,,,,,,,80,,,,,103,,,170,,,,,,106,,98,,94,58,231,113,80,,147,109,,,94,114,,,,,63,170,,,875,,103,,,104,,,,,73,,,,,137,,43,371,,375,,,,330,640,330,,152,,,,401,181,,,,74,179,65,,,,,,127,122,139,,,70,121,,,,190,147,,137,133,83,,144,,,,428,205,1350,77,88,109,,,,,,,168,,98,90,112,,,92,,121,,104,,,112,,,95,,84,,87,118,,6150,,101,,,97
2012-04-04,101,,105,,298,,,155,71,34,,304,,,2259,,,120,,,160,408,,106,,,125,123,,,595,,,,119,,165,,129,225,91,689,,,117,,,,,122,,,117,,,,,86,,,82,,,,448,,53,,110,,,,,79,,,,,99,,,172,,,134,,,107,,98,,,58,229,123,80,596,146,,,,94,115,,,,,62,170,,,902,,,,,104,,,,,73,,,,,135,,42,359,,379,,,,330,630,330,,152,,99,,402,,221,74,,,174,64,,,,,,115,,,,,70,121,,,,,,,137,131,91,,142,,,,427,208,1377,,87,107,,,,,308,,168,,,,112,,,92,,118,,,,,108,,,96,,84,,,,,,90,103,,240,98
2012-04-05,,,106,,295,96,99,156,71,33,,,,,2259,,,,,,161,417,417,106,,,127,125,,,595,604,,,109,118,169,,127,229,92,678,,245,,272,,,,120,,,115,,,,,85,,,,,,261,449,,58,,110,,,,,81,,,,,,,,171,,,,,,,,98,,94,57,229,,72,605,146,111,,,,117,,,,,61,169,,,,,105,,,106,,130,,,74,,,,,135,,41,370,,378,,,,,,,,,,,,404,,224,,,,174,66,,,,,,104,126,,,145,71,123,,,,,,,,129,95,,144,,,,427,207,1371,76,,106,,,130,,308,,,,,,112,,,95,,119,,110,,,108,,,97,,83,,87,116,,6050,91,102,,,
2012-04-08,100,,106,105,295,,98,156,71,,,,,,2169,,,122,,,162,412,420,108,,256,129,135,,,596,,,,99,,170,,129,229,93,685,,237,,,144,,,120,,,,,,,,85,,,83,,,,450,,61,,105,,,,,82,,,,,100,,,,,,,,,105,,97,,94,57,232,,74,,151,,,,95,117,,,,,60,175,351,,895,,107,,,108,,,,,74,,,,,132,,40,372,,381,,,,335,,324,,152,,,,404,,,,,75,176,66,,,,,,97,,,,,71,119,,131,,,,,,,96,,140,,,,435,203,1377,,,105,,,,,,,,,,92,112,,,90,,124,,,,,108,,,99,,84,,88,,,6100,94,100,,,
2012-04-09,,,106,,298,,,160,71,,,,,,,,,127,,,162,422,396,107,,,131,133,,,600,593,,,,,168,,132,231,,694,,,,,,,,,,,,,,,,88,,,83,,,,450,,,,,,,,,83,,,,,104,,,172,,,132,,,105,,98,,,58,232,117,,,154,,,,,112,,,,,62,179,,,901,,107,,,106,,,,,75,,,,,130,,42,375,,385,190,,,,,,,154,,,,404,,,,,74,178,68,,225,,,,98,,,,147,72,,,,,,138,,137,,100,,141,,,,439,207,1380,76,87,105,,,,,,,,,,,112,,,91,,123,,112,,,110,120,,98,74,85,,,,,,93,104,,,96
2012-04-10,,,106,,299,97,97,160,70,,,,,,,,,128,,,166,421,385,,,,130,132,,,606,,,,99,115,172,,135,,94,700,,241,,,142,,,118,,,113,,,,,87,,,81,,,,473,,,,104,,,,,80,,,,,104,,,175,,,,,,111,,98,,,59,237,115,73,600,156,,,,,,,,,,63,179,,,890,,107,,,104,,,,,76,,,,,127,,44,382,,399,,,,,,,,154,,,,404,,,,,74,175,67,,225,,,,102,,,,149,72,126,,,,,,,,,108,,146,,,,464,212,1399,,,106,,,130,,,249,168,,,,,,,,,122,,,,,110,,,97,,,,,,,,93,102,,,97
2012-04-11,102,,107,,303,,98,172,71,,,,,,,,,125,,,168,430,395,110,,,128,134,,,610,,,,98,113,175,,137,,96,715,,241,,,140,,,,,,,,,,,89,,,82,,,248,471,,55,,,,,,,84,,,,,106,,,182,,,,,,113,,101,,,,242,118,,,162,,,,95,,,,,,64,194,317,,910,,113,,,111,,,,,76,,103,,,127,,42,398,,400,,,,340,,330,,152,,,,407,,,,,75,180,66,,,,,,98,,,,152,,125,,,,,125,1152,,,111,,146,,,,455,214,1424,,,110,,,,,,,,,,,114,,,90,,125,,,,,,,,96,,86,92,,,,,,102,,,98
2012-04-12,,,114,,321,,100,175,76,34,,,,,2169,,,137,1690,,183,450,434,118,,253,139,140,,,637,600,,,98,115,191,,147,235,97,751,,245,,,,,,128,,,,,,,,94,,,83,,,,488,,59,,102,,,,,89,,,,,,,,189,,,,,,120,,106,,,,257,120,,620,174,,,,,,,,,,69,191,,,988,,124,,,121,,143,,,83,,,,,,,44,413,,420,,,,344,642,335,,167,,,,414,178,,,,76,192,,,225,,,,,122,,,158,,133,,127,,,119,,,137,109,,160,,,,475,234,1450,,87,114,,,,,,,,,,,112,,,91,,134,,114,,213,112,,,,,85,90,,,,,94,106,,,
2012-04-15,104,,123,107,337,,,177,81,,,,,,,,,141,,,201,495,405,120,,,143,148,,,687,,,107,,119,210,,160,243,98,804,,249,,,,,,132,,,111,,343,,,101,,,86,,,,530,,61,,,,,,,97,,206,,,110,,,207,,,,111,,132,,112,,,60,282,122,,,189,109,,,,123,,,,,71,197,,,1075,,126,,,127,,149,,,90,,,,,,,47,451,,459,,,,,654,,,183,,,,430,,,,,77,201,,214,,,,,106,,,,,75,137,,,,,111,,,,109,,176,,,,512,244,1581,,,118,,,,,314,,,,,,,103,,95,,146,,116,,225,120,,,,,,91,89,,,,,112,,,
2012-04-16,106,,135,,,,,,82,,,298,,,,,,147,,,,520,,122,,,145,150,,,700,,,,,,214,,176,,99,883,,253,,,,,,,,,,,,,,,,,,,,,561,,62,,107,,,,,106,,,,,112,,,227,,,,,,136,,116,,93,,292,,,,195,115,,,,129,,,,,72,200,,,,,132,,,139,,,,,95,,,,,,,48,487,,504,,,,,693,,,186,,,,473,178,,,,78,213,,218,,,,,,120,,,161,76,,,,,,,,139,,107,,191,,,,551,,1709,,,,,,,,,,,,,,,,,,,160,,,,,,,,,,,,90,,,,,114,,,
2012-04-17,108,,130,107,,,,180,84,,,,,,,,,147,,,190,499,450,124,,,147,153,,,680,,,,,120,202,,,247,,796,,258,,,,,,,,,113,,355,,,100,,163,,,,,505,,63,,,,,,,108,,,,,115,,,217,,,,,,123,,118,,94,62,275,,,608,186,,,,96,127,,,,,73,196,,,1000,716,119,,,141,,149,,,94,,,,,,,49,439,,454,,,,350,706,,,168,,,,438,,,,,,205,,,,,,,108,132,,,157,77,141,,,,,107,,141,143,105,,181,,,,520,223,1585,77,,122,,,,,,,,,,,,,,102,,165,,,,229,122,,,97,,,98,91,,,,,,,,
2012-04-18,118,,124,,331,,,186,91,,,,129,,,,,144,,,207,530,414,126,,,145,151,,,726,,,,96,122,211,,,256,,830,,250,,,150,,,132,,,113,,374,,,102,,,,,,,530,,62,,,,,,,101,,210,,,115,,,224,,,,,,130,,120,,95,,280,,,,202,,,,,,,,,,77,210,,,1081,,123,,,129,,151,,,92,,,,,,219,53,451,,490,,,,357,776,353,,184,,,,452,,,,,81,212,,,,,,,,126,,,157,78,139,,,,,101,,143,154,,,190,204,,,545,245,1690,84,86,122,,,,,,253,,,,,114,105,,110,,154,,,,229,128,,,,,,104,92,,,,,111,,,
2012-04-19,129,,122,115,330,,108,191,88,35,,,131,,,,,152,,,211,545,,134,,,143,150,,,735,,,,95,125,217,,,271,100,881,,245,,,159,,,140,,,121,,402,,,99,,177,88,,,,551,,63,,111,,,,,101,,,,,119,,,229,,,,,,124,,117,,,63,295,130,,620,208,117,,,97,,,,,,76,209,,,1130,,117,,,131,,156,27,,93,,,,134,,,53,472,,487,,,,378,829,351,,189,,,,455,181,230,74,,83,222,67,,,,,,112,116,,,172,,140,,,,187,91,,,163,101,,202,,,,565,269,1720,91,85,120,,,131,,306,228,171,,,92,112,,,114,,151,,118,,235,132,,,99,,,105,99,,,6222,,112,,,102
2012-04-22,131,,123,116,327,,110,191,91,35,,,133,,,,,149,,,230,574,,146,,,144,165,,,766,,,109,92,,238,,,281,,899,,253,119,,,,,152,,,123,,,,,108,,192,90,,,,600,,67,,117,,,,,104,,,,,121,,,251,,,,,,136,,118,,,,313,134,,,225,121,,,,,,,,,76,229,,,1200,,128,,,134,,,,,101,,,,,,,57,499,,524,,,,385,820,358,,207,,,,466,,,73,,,239,68,,,,,,118,112,,,184,77,149,,,,,92,,141,166,100,,222,,,,590,295,1800,100,78,126,,,135,,,248,,,,,118,,,110,,165,,,,240,140,,,,,,,108,,,,,113,,,110
2012-04-24,,,129,,336,,112,,92,,,,,,2084,,,,,,234,631,,153,,,,168,,,827,,,115,92,,261,,,291,,988,,258,,,171,,,161,,,,,,,,116,,210,,,,,612,,70,,,,,,,110,,,,,127,,,256,,,,,,149,,126,,,,344,,74,,247,,,,,125,,,,,78,251,,,1320,,140,,,144,,,,,111,,,,,,,61,548,,576,,,,,830,381,,227,,,,476,,,,,,262,69,,,,,,,117,,,184,79,158,,,,,95,,,169,100,,242,,,164,649,,1980,,79,,,,,,,252,174,,,91,120,,,116,,181,,120,,,,,,,,,,108,,,,,113,,,116
2012-04-25,,,135,118,348,,,208,93,,,,135,,2100,,,,,,250,694,,159,,,146,,,,909,,,117,95,,287,,,,,1086,,278,,,183,,,,,,125,,,,,122,,231,91,,,,636,,73,,,,,,,120,,,,,129,,,261,,,,,,154,,130,,,,371,,75,,271,,,,,,,,,,80,271,,,1450,,144,,,148,,,,,119,,105,,,129,,64,602,,633,,,,406,835,,,235,,,,486,,,,,,282,,214,,,,,,,,,187,80,173,,,,,104,,,,,,266,,,,713,318,2178,,,,,,,,,,,,,,122,,,120,,199,,,,244,144,,,,,,,108,,,,,,,,
2012-04-26,143,,148,124,382,,,228,100,,,,137,,,,,150,,,275,704,,162,,258,148,173,,,896,,,121,95,127,295,,,296,102,1110,,303,123,,186,,,177,,,129,,,,,123,,239,93,,,,694,,78,,128,,,,,120,,,,,137,225,,287,,,,,,163,,132,,,66,394,138,78,656,280,,,,,129,,,,,85,291,,,1550,,157,,,153,,,28,,124,,107,,,,,70,603,,640,,,,438,820,388,,255,,,,521,,,,,84,298,70,,,,,,122,122,,,201,85,190,,,,,102,,,185,,,292,204,,,712,349,2200,110,79,138,,,,,300,258,183,,99,92,134,,,123,,203,,124,,248,158,,,,,,107,,,,,,109,,,118
2012-04-29,157,,150,130,370,,112,234,100,,,,139,,,,,158,,,283,695,454,160,,,156,180,,,888,,,129,96,,286,,,301,108,1078,,321,121,,,,,185,,,131,,,,,121,,235,94,,,,718,,80,,136,,,,,118,,,,,148,218,,285,,,,117,,156,,134,,,68,380,140,,708,278,,,,,,,,,,90,279,,,1500,,150,,,145,,155,,,112,,112,,132,141,,77,590,,605,,,,446,861,395,,240,,,,520,181,,,,,291,73,,,,,,126,,,,218,86,197,,,,178,98,,145,197,,,285,,,135,696,366,2193,121,81,144,,,,,300,,,,,93,136,,,135,,187,,,,248,173,,,,,,,,118,,6310,98,,,,
2012-04-30,165,,140,134,,,114,226,98,,,,145,,,,111,155,,,267,665,496,148,,,162,169,,,851,,,127,94,135,263,,,295,,1003,,339,,,,,,179,,,137,,,,,110,278,224,98,,,,672,100,84,,138,,,,,108,,,,,,,,272,,,,,,149,,134,,96,67,358,142,83,736,251,,,,106,131,,,,,,270,,,1400,,,,,,,167,,,108,,117,,130,,,83,531,,570,209,,,438,,410,,227,,,,495,,,,,85,274,76,,,,,,128,,,,221,84,189,,,,,95,,,200,102,248,265,,,,668,354,2037,122,,153,,,,,,258,,,,,140,115,,141,,178,,130,,252,190,,,108,,,105,,128,,,99,113,,,118
2012-05-02,162,,128,,,,,,,,,,,,,,,,,,241,599,515,,,,159,,,,771,590,,,,,258,,,,,909,,,,,,,,,,,,,,,,104,273,,97,,,,680,,,,147,,,,,106,,214,,,,,,257,,,,,,,,,,,67,,,87,750,247,,,,112,,,,,,,265,,,1260,,147,,,143,,,,,,,,,,,,75,,,559,,,,,,,,,,,,450,,,,,84,247,,,,,,,,,,,,,,,,,,88,,,,,,245,,,129,633,,1845,120,,,,,,,,,183,,,,142,117,,137,,166,,,,,,,,,,,103,,132,,,,112,,,
2012-05-03,160,,132,,358,,,234,99,,,,,,,,,164,,,263,634,532,150,,,,172,,,786,,,129,,,283,,,,,999,,345,,,,,,,,,,,,,,106,,246,,,,,748,,,,154,,,,,108,,,,,,222,,267,,,,,,163,,134,,,,393,,91,765,271,,,,114,,,,,,91,280,,,1386,730,159,,,154,,173,,,110,,122,,,,,77,584,,614,,,,463,861,438,,237,,,,459,,,,,,271,,,,,,,,,,,225,,205,,,,,90,,,,,,265,,,127,696,389,1956,124,,156,,,,,,,,,,,,119,,141,,182,,,,257,193,,,,,,,,,,,,,,,
2012-05-07,165,,134,,,,,242,,,,,,,,,,,,,,691,,153,,,168,,,,833,,,135,,,308,,,,,1058,,,,,,,,182,,,,,,,,110,,270,,,,,822,,,,,,,,,112,,224,,,,,,282,,,,,,166,,136,,,,430,,95,780,292,,,,122,,,,,,92,285,,,1524,,172,,,,,176,,,112,,,,,,,84,642,,675,221,,,,,438,,253,,100,,499,,,74,,,298,77,,,,,,,128,,,229,,215,,,,,91,,,204,,244,291,,,115,709,419,2074,126,,159,,,,,,,,,,94,144,,,152,,198,,132,,,,,,110,,,,,,,,,114,,,
2012-05-08,171,,142,,365,,116,242,,,,,,,,,,167,,,294,721,541,150,,,165,187,,,900,592,,139,,,286,,,,,1118,,,,,,,,173,,,,,,,,,,264,98,,,,789,,89,,169,,,,,110,,228,,,153,,,310,,,,,,153,,,,,,410,,,795,281,,,,124,,,,,,93,279,,,1524,,166,,,155,,179,,,113,,,,,,,89,640,,647,,,,481,861,,,260,,,,508,,,75,,,295,,,,,,,128,126,,,225,,219,,,,,92,,,,102,,296,,,,696,398,2200,128,,162,,,,,,,,,100,,,,,152,,190,,,,262,212,,,110,,,,,,,,,,,240,
2012-05-09,170,,142,,329,,114,220,99,36,175,,147,,,,,176,,,277,688,560,145,,,166,183,,,874,603,,,,,279,,,300,,1060,,,,,,,,166,,,,,410,,,115,,254,97,,,,766,,,,184,,,,,104,,232,,,159,,,292,,,,119,,149,,128,,98,,387,,99,810,259,,,,126,129,,,,161,89,272,,,1459,716,150,,,149,,194,,,105,,122,,128,145,,85,599,,605,,,,472,895,,,245,,102,,500,184,,,,83,279,,,,,,,,132,,,203,88,204,,,,,90,,,204,,,276,,,109,672,375,2100,128,,159,,,,,,268,,,104,95,,130,,156,,178,,130,,262,220,,,114,,,,,,,,100,110,,,116
2012-05-10,165,,139,,320,,,213,97,36,,,,,2017,,,170,,,275,672,549,143,,,164,174,,,857,615,,,91,131,268,,,299,,1033,,,122,,,,,165,,,,,418,,,108,,250,97,100,,,725,,,,169,,,,,103,,,,,156,217,,281,,,,123,,143,,126,,99,65,371,150,100,821,255,,,,132,131,,,,,,255,,,1420,,142,,,,,191,,,109,,,,126,145,,77,568,,582,,,,450,,,,237,,,,495,,,74,,83,279,78,,,,,,,,,,197,,186,,,,,88,,147,,100,,270,,,109,669,362,2050,,,163,,,133,,,263,189,,104,,142,130,,159,,169,,136,,267,240,,,108,,,,,134,,,102,110,,,110
2012-05-13,159,,132,,315,,,201,,36,,,,,,,,,,,254,633,540,139,,,,168,,,812,,,,,,237,,,316,,980,,,,,,,,149,,,137,,,,,106,,225,93,,,,654,,,,163,,,,,98,,240,,,,213,,254,,,,,,129,,116,,104,65,340,142,,,,119,,,134,,,,,,,241,,,1302,,,,,140,,,,,,,,,124,,,76,523,,546,,,,445,,463,,216,,104,,473,,,,,,274,76,,,,,,,124,,,,93,,,,,,88,,,,100,,243,,,,624,339,1902,,,166,,,,,,258,186,,102,96,,132,,,,156,,144,,,236,,,106,,,,,134,,,,108,,,
2012-05-14,,,125,,307,,,185,,33,,,,,,,,,,,229,589,,130,,273,,162,,,766,,,,,,224,,,,,905,,,116,,,,,142,,,135,,426,87,,104,,203,93,,,,612,,,,155,,,,,93,,257,,,,,,233,,,,119,,122,,110,,108,64,316,,,,250,,,,,133,,,,,,233,,,1219,,128,,,134,,173,,,,,,,122,139,,72,483,,513,,,,424,,,,204,,,,464,,233,,,,247,76,,,,,,,,,,,90,,,,,,83,,145,,97,,225,,,,570,319,1740,,,169,,,133,,,,,,104,,,124,,,,147,,,,253,,,,101,,,,,,,,,,,,110
2012-05-15,156,,137,,326,,,194,,,,,,,,,,173,,,251,647,561,141,,,167,174,,,842,,,,,,246,,,310,,995,,,,,192,,,148,,,133,,,,,108,,223,,,,,,,,,170,,,,,102,,,,,,,,245,,,,,,130,,112,,114,63,347,144,,,273,,,,136,,,,,,,249,,,1340,,140,,,134,,176,,,110,,,,,142,,78,492,,564,,,,440,,481,,224,,,,473,,,,,,271,77,,,,,,,,,,212,88,192,,,,,87,,,,,,237,,,,627,350,1914,,,166,,,,,,253,,,102,104,140,,,156,,161,,142,,263,,,,105,,,,,,,,,,,,
2012-05-16,165,,139,,332,,,,97,,,,,,,,,,,,276,711,583,,,,173,180,,,875,,,,90,,250,,,316,,,,,,,,,,,,,,,,,,,,245,,,,,624,,,,167,,,,,104,,262,,,,,,,,,,,,143,,122,,,,381,,,857,300,,,,,,,,,,,268,,,1474,,,,,142,,,,,,,,,,,,82,,,575,,,,,928,499,,228,,,,520,,,,,,298,,,,,,,,,,,,,,,,,,86,,,,,,260,,,,689,385,1991,,,,,,,,,,,,,,,125,,160,,164,,,,,,,,,,,101,,,,,,,,,110
2012-05-17,156,,141,,358,,,206,,34,,293,,,,,,,,,286,696,605,145,,293,179,183,,,886,,,,89,129,270,,,,,1070,,339,,,201,,,158,,,135,,,,,110,,252,94,,,,686,,,,167,,,,,105,,287,,,159,209,,269,,,134,118,,144,,124,,,,375,142,,908,270,,,,138,,,,,,,288,,,1450,,144,,,143,,,,,112,,,,,140,,81,541,,583,,,,440,,528,,243,,109,,507,,,,,83,291,77,,,,,,130,130,,,202,87,198,,,,,,,,,98,,273,,,,662,378,2050,,,172,,,,,,,,,100,108,,,,168,,170,,144,,273,232,,,,,,103,,,,6436,100,,,,
2012-05-20,153,,139,136,338,,114,205,,,,290,,,,,,,,,265,665,561,145,,,,169,,,870,,,141,87,,266,,,,,1060,,,,267,,,,156,,,,,,,,,,238,,,,,695,,,,164,,,,,107,,297,,,,,,271,,,132,,,138,,120,,120,,368,,,900,252,119,,,138,131,,,,,,260,,,1450,,142,,,140,,173,,,,,,,,138,,73,560,,553,,,,440,,537,,235,,,,490,,,73,,,267,81,,,,,,,126,,,196,,,,129,,,81,,,,,232,264,,,,658,365,1995,120,,,,,,,,255,189,,,110,,127,,,,170,,,,,,,,105,,,,,136,,,98,104,,,108
2012-05-21,156,,139,,323,,,224,,34,,290,,,,,,,,,274,693,555,,,,,175,,,885,627,,,85,132,270,,,316,,1084,,,,262,,,,163,,,,,,,,110,,246,92,,,,708,,,,168,,,,,104,,295,,,,,,276,,,132,,,142,,117,,,62,380,140,98,917,258,113,,100,146,134,,,,,88,259,,,1445,,144,,,133,,171,,,,,,,121,137,,70,571,,596,,,,448,,546,,235,,113,,498,,,77,,82,274,89,,,,,,,118,,,201,85,195,,,,,80,,159,193,107,,268,,,,679,370,2010,,75,,,,,200,,,,,99,,,125,,,,173,,,,269,,,,,,,,,,,,,101,,,
2012-05-22,155,,143,,304,,,211,,35,,,,,,,,164,,,255,683,553,,,,171,170,,,866,627,,135,81,130,260,,,310,,1035,882,,115,,,,,159,,,133,174,,88,,110,,240,87,,,,696,,,201,,,,,,101,,280,,,,,,266,,,,,,137,,117,,126,60,364,136,,882,252,110,,,150,136,,,,,,256,,,1438,,142,,,140,,168,,,,,,,,135,,75,555,,568,,,,440,910,,,226,,,,485,,229,81,,,268,88,,,,,,,108,,,204,88,,,,,,78,,168,,105,,264,,,,657,352,1975,,,,,,,,,245,,,,,,,,,,165,,,,265,,,,103,75,,101,107,,,,,98,,,106
2012-05-23,,,133,,300,,,203,95,,,,,,,,,161,,,240,627,542,,,,,,,,815,,,135,80,,,,,293,,960,,,,,,,,,,,,,,87,,104,,216,84,,,,651,,,,,,,,,99,,280,,,,,,241,,,,114,,135,,119,,130,,340,,,865,231,108,,,,,,,,,,242,,,1325,,134,,,,,,,,108,,,,,135,,,515,,519,,,,,,,,208,,,,460,,,86,,,245,,,,,,,,109,,,,87,,,,,,76,,162,,,,238,,,,600,328,1863,,72,,,,,,,,,,,,,,,,,150,,,,,,,,101,76,,,,,,6308,,98,,,104
2012-05-24,150,,143,,311,,,213,94,35,,,,,,,,149,,,258,652,520,,,288,,168,,,850,639,,,74,126,259,,,283,,1015,,,117,,,,,162,,,,,,,,106,,230,82,,,,670,,,,171,,,,,99,,285,,,,213,,261,,,,,,136,,119,,132,61,371,132,,840,247,,,,,,,,,,,250,,,1369,730,138,,,136,,,,,98,106,,,,135,,76,545,,553,,,,439,945,,,227,,115,,481,178,235,85,,,269,84,,,,,,126,,,,200,89,,,,,,78,,158,,,,245,208,,111,634,349,1912,,71,,,,,,,244,,,98,,,127,,,,159,,146,,261,,,,,77,,100,98,,,,,100,,,98
2012-05-27,153,,148,,312,,,226,,,,,,,,,,154,,,270,680,540,141,,,160,175,105,,881,,,131,74,,271,,,279,,1069,,,,,209,,,168,,,,,,87,,109,,248,85,,,,717,,,,165,,,,,106,,,,,153,,,275,,,,,,142,,120,,138,60,378,130,98,840,263,,,,147,134,,,,,,270,,,1420,,147,,,135,,165,,,102,108,,,119,,,76,562,,580,,,,431,945,,,238,,,,501,,235,,,,281,82,,,,,,,,,,197,,,,,,,77,,165,,,,265,,,,680,361,1988,,,,,,,,,248,,,,,,135,,,,171,,,,271,,,,,,,98,100,144,,6434,,101,,,96
2012-05-29,138,,134,,281,,,,,,,,,,,,,,,,243,612,,,,,,,,,793,,,,67,114,,,,255,,1048,,,,,,,,,,,,,,,,99,,,84,,,,,,,,159,,,,,,,257,,,,,,248,,,,,,,,118,,,,341,,97,777,,,,,,,,,,,,245,,,1338,,,,,122,,162,,,98,110,,,,133,,,506,,,222,,,,,,,,,,,451,,234,86,,,253,,,,,,,,101,,,178,88,,,125,,,73,1180,,,,225,,,,,617,,1873,,,,,,,220,,252,,,98,,,,,,,,,,,244,,,,98,81,,97,,,,6306,,,,,92
2012-05-30,136,,121,,270,,,,90,,,,,,,,,,,,223,551,,,,,,,,,714,630,,,65,103,,,,,,944,,,,,,,,,,,,,,,,92,,,79,,,,,,,,,,,,,,,251,,,,,,224,,,,,,128,,,,142,,307,,,760,253,,,,,,,,,,86,221,,,1205,,143,,,116,,,,,,112,,,117,131,,,456,,558,,,,,,,,,,,,438,,,93,,,228,81,,,,,,,,,,161,,,,125,,,71,,,,,,241,,,,556,,1686,,,155,,,,,306,261,,,97,,,,,,,,,,,232,,,,97,84,,97,,,,,,,,,91
2012-05-31,133,,128,,280,,,,88,,,,,,,,,,,,229,554,504,,,,146,158,,,740,,,,66,109,,,,,,917,,,,,,,,,,,,,418,86,,94,,224,77,,,,,,,,,,,,,,,,,,,,,226,,,,,,119,,,,,,312,,96,780,228,,,,,,134,,,164,,231,,,1200,,141,,,124,,,,,97,108,,,115,127,,69,462,,503,,,,,,,,,,,,451,,,,,,226,,,,,,,,,,,170,,186,,,,,68,,,,,,226,,,115,576,,1663,,,140,,,,236,,,,,98,,,,,,,,,,,232,,,,97,,,97,97,,,,,99,,,91
2012-06-03,135,,140,,,,,,,,,285,,,,,,,,,251,609,524,135,,,145,152,,,818,,,,69,106,255,,,,,1000,,,119,,217,,,159,,,,,,,,99,,230,77,,,,655,,,,156,,,,,,,,,,,,,246,,,,,,129,,117,,,,332,,,795,236,108,,,,,,,,,,247,,,1313,,134,,,127,,,,,,,,,,127,,63,508,,530,,,,423,,,,226,,,39,488,,234,92,,,248,,,,,,,,,,,176,,,,,,,74,1180,,,,,248,,,,625,340,1829,,,137,,,,240,312,,190,,,,,,,,,158,,,,,,,,98,85,,,,,,,,98,,,93
2012-06-04,133,,133,,285,,,,88,,,275,,,,,,,,,242,598,493,135,,,141,153,,,793,623,,,68,107,242,,,,,991,,,115,,,,,146,,,,,,,,98,,224,78,,,,648,,,,153,,,,,97,,256,,,,,,233,,,,,,124,,112,,,,316,,,785,224,106,,,,,,,,164,,253,,,1290,,127,,,123,,150,,,92,,,,115,,,58,502,,507,,,,415,,,,220,,126,,472,,230,92,,,243,76,,,,,,,96,,,176,87,,,,,170,70,,,,,,241,,,,584,325,1780,,68,124,,,,,318,242,,,99,,,,,,,149,,,,232,,,,99,84,,,100,,,,,97,,,95
2012-06-05,129,,133,132,284,,109,199,88,34,,248,,,,,,,,,231,580,475,126,,,129,151,,218,777,630,,129,68,102,229,,,270,103,958,,,,,,,,141,,,,,,,,95,,213,78,,,,613,,,,155,,,,,92,,252,,,,,,228,,,,,,121,,106,,139,,319,,,757,216,,,,,,,,,,86,239,,,1242,,125,,,121,,147,,,83,,,,,125,,55,491,,496,,,,,,,,204,,136,,465,,,92,,,234,,,,,,,,94,,,177,,,,,,,73,,,,103,,230,,,,571,312,1730,,68,124,,,,,336,260,190,,104,103,,,,156,,142,,,,239,,,,99,83,,,100,,,6300,,95,,,91
2012-06-06,123,,126,,285,,,184,96,,,232,,,,,,,,,225,562,461,123,,,129,147,,,770,618,,,70,101,218,,,,98,953,,,,,,,,138,,,,,,,,94,,205,78,,,,590,,,,155,,,,,88,,250,,,,,,218,,,,,,119,,105,,,,314,,,743,206,,,,,,,,,,81,234,311,,1206,,123,,,117,,145,,,79,,,109,117,121,,58,460,,478,,,,,,,,194,,134,,457,175,230,93,,,230,,218,,,,,,88,,,174,,,,,,,73,1157,159,,101,,217,,,122,547,300,1730,,,123,,,,248,361,250,,,104,98,,,,144,,138,,142,,243,,,,99,,,,,,,,,94,,,93
2012-06-07,125,,131,,285,,,202,100,,,,,,,,,,,,237,578,475,122,,293,128,145,,,780,,,127,72,,223,,,,,957,,,,,,,,140,,,,,,,,95,,208,78,,,,601,,,,,,,,,87,,255,,,,,,230,,,,,,127,,110,,144,,316,125,96,730,207,,,,,128,,,,,74,248,,,1225,,127,,,120,,143,,,78,,,,119,121,,59,478,,471,,,,,,553,,194,,,,463,,230,93,,,229,,,,,,,,90,,,183,,168,,,,,73,,156,,95,,231,,,,560,296,1740,,,128,,,131,240,365,253,196,,102,94,,,,134,,137,,,,243,,,,,82,,,,142,,,,96,,,92
2012-06-10,,,138,,281,,,211,,,,,,,,,,,,,221,570,460,117,,,127,145,,,770,,,,75,104,218,,,,96,908,,,,,,,141,137,,,,,,,,,,197,74,,,,576,,,,,,,,,87,,260,,,,,,217,,,,,,,,105,,,,308,123,85,731,197,106,,,,,,,,,,230,,,1205,,120,,,118,,139,,,76,,,,119,,,60,469,,448,,,,,927,,,,,140,,461,,,93,,,220,75,,,,,,,89,140,,180,87,152,,,,170,71,,147,,92,,220,,,,544,292,1700,116,66,123,,,,233,350,252,194,,100,90,,131,,121,,136,,,,240,,,,99,,,,102,,,,,97,,,98
2012-06-11,122,,140,,285,,109,213,,34,,,,,,,,148,,,226,595,462,,,,128,147,,,780,620,,,75,102,216,,,,93,929,,,,,,,147,143,,,,,,,,97,,202,77,,,236,580,,,,,,,,,90,,270,,,,,,220,,,132,,,123,,107,,,58,308,119,,748,203,,,,133,,,,,,74,234,,,1200,,,,,120,,140,,,79,,,,,121,,59,472,,459,,,,,909,560,,198,,,,465,,222,93,,,227,68,,,,,,,,,,180,87,140,,,,162,75,,147,,90,,224,,,,556,300,1700,,,125,,,,237,343,251,200,,,,,129,,117,,137,,,,,,,,98,82,,,104,,,,97,97,,,98
2012-06-12,122,,140,,288,,104,212,,,,,,,,,,144,,,230,584,,118,,283,128,145,,,780,630,,,75,104,220,,,,,955,,,,,,,138,142,,,,,,85,,96,,205,77,,,,588,,,,,,,,,87,,270,,,,,,224,,,130,,,119,,105,,,,320,118,,775,204,102,,,120,,,,,,,233,,,1210,,121,,,123,,144,,,84,103,,,,122,,56,475,,462,200,,,,927,,,192,,144,,468,,214,93,,74,226,65,,,,,,,,,,174,86,139,,,,154,73,,144,174,88,,222,,,,565,296,1710,,67,126,,,,230,340,246,208,,,88,140,,,113,,140,,,,,,,,99,81,,,102,,,6300,,96,,,96
2012-06-13,,,141,,285,,97,209,,,,,,,,,,,,,227,584,,120,,,128,143,,,779,640,,,75,105,219,100,,275,,948,,,,,,,140,142,,,,,,,,93,,204,78,,,,577,,,,,,,,,87,,290,,,150,,,222,,,134,,136,119,,105,,,57,316,122,,770,200,100,,,120,,,,,,,236,,,1220,,120,,,125,,141,,,81,,,109,,122,,57,470,,452,204,,,,,,,188,,,,464,,210,93,,,226,63,,,,,,,88,,,174,87,133,,,,,73,,133,157,91,,225,,,,556,290,1720,112,66,129,,,,226,334,249,204,,,86,,,,109,,140,,,,248,,,,100,,,,,,,6300,,95,,,98
2012-06-14,122,,136,130,285,,97,211,,33,,,,,,,,142,,,229,567,473,128,,,,143,,,779,,,,72,105,215,100,,,,947,,,111,,,,140,142,,,,,,,,91,,201,78,,,,,,,,,,,,,89,,275,,,147,,,223,,,,,,123,,107,,,52,311,125,,743,205,101,,,116,126,,,,,,226,,,1212,,120,,,120,,138,,,80,,,,,121,,59,468,,454,,,,,,,,188,,,,465,169,195,93,,,223,62,,201,,,,,,138,,173,,133,,,,,71,,126,143,89,,218,,,,551,290,1700,,64,132,,,,,,241,,,98,86,140,,,99,,137,,,,244,,,,100,82,,,,,,,,96,,,96
2012-06-17,,,134,,280,,97,203,,34,,,,,,,,,,,220,555,,122,,288,127,141,,,780,678,,,72,109,217,100,,270,,927,,,103,,,,136,143,,,,,,,,93,,192,78,,,,562,,,,152,,,,,89,,270,,,,,,214,,,,,,116,,105,,,49,308,123,,,201,,,,115,,,,,,,233,296,,1205,,116,,,121,,,,,78,,,,,120,,57,466,,451,,,,,,,,180,,140,,460,169,187,93,,74,218,,,,,,,,92,,,175,,127,,125,,147,73,,,133,87,,211,,,,542,279,1709,104,62,126,,,,,331,237,200,,99,82,,,,96,,138,,,,248,,,,99,,,,102,,,,,98,,236,97
2012-06-18,,,133,,288,,98,202,,34,,,,,,,,,,,220,562,,122,,,131,142,,,789,691,,,72,111,219,100,,270,,922,,,,,,,138,138,,,,,,,,93,,204,77,,,,560,,,,,,,,,88,,275,,,133,,,222,,,134,,,117,,106,,,49,308,123,,,201,101,,,120,,,,,,67,,,,1210,695,118,,,119,,129,,,81,,,,,116,,56,457,,456,,,,,,,,182,,,,464,,193,92,,,223,,,,,,,,93,,,172,,130,,,,,73,,,141,84,,215,208,,,555,285,1705,,,130,,,,226,325,253,196,,,80,,,,102,,138,,,,,,,,100,,,,100,,,,96,95,,,95
2012-06-19,122,,132,,288,,97,206,,34,,,,,,,,,,,220,562,,121,,,133,137,,,787,691,,,74,115,211,100,,,,905,,,102,,,,140,137,,,,,,,,92,,198,79,,,,570,,,,145,,,,,87,,,,,,,,226,,,134,,,118,,106,,,50,308,125,,743,200,99,,,121,,,,,,61,232,,,1211,691,119,,,118,,,,,79,103,,,,118,,55,455,,450,,,,,899,,,182,,138,,463,167,199,92,,,221,61,,,,,,,,,,175,87,,,,,,74,,,142,81,,216,,,,552,279,1699,,56,130,,,,,337,240,196,,,81,,,,95,,138,,,,248,,,,99,81,,,,,,,96,94,,,99
2012-06-20,,,134,,277,,96,,,33,,,,,2049,,,,,,224,569,490,121,,,133,138,,,788,756,,,73,105,214,,,273,89,916,,,104,,,,140,138,,,,,,84,,95,,203,79,,,,579,,85,,,,,,,87,,,,,,209,,224,,,,,,119,,106,,,50,310,123,,747,204,,,,120,,,,,,61,232,,,1212,691,121,,,120,,,,,80,101,,,,118,,60,460,,460,,,,,,,,185,,,,462,,206,,,,224,61,,,,,,,,,,172,87,131,,,,,74,,,138,82,,217,,,,554,286,1710,,,129,,,,,343,244,199,,,81,,,,98,,138,,,,,,,,99,82,,,98,,,,,96,,,97
2012-06-21,124,,136,,282,,,202,,,,,,,,,,,,,224,581,472,124,,,134,140,,,810,,,,73,106,224,,,275,81,918,,,104,,,,136,140,,,131,,,,,94,,202,78,,,,590,,,,143,,,,,87,,,,,126,,,225,,,,,,115,,105,,,50,310,,,745,,,,,118,,,,,,62,232,,,1205,680,120,,,121,,131,,,82,,,109,,119,,62,474,,470,,,,399,,,,186,,136,,460,,206,91,,,232,60,,,,,,,,,,173,,,,,,140,72,,,140,87,,219,,,,560,295,1715,,51,130,,,,,,248,,,,84,,121,,97,,140,,,,244,,,,100,,,,,,,,,97,,,100
2012-06-25,,,140,,292,,98,,,34,,,,,,,,,,,240,606,481,124,,,135,139,,,833,,,,73,109,232,,,,80,939,,,,,,,135,143,,,129,,,,,95,268,218,79,,,232,605,,79,197,140,,,,,89,,,,,,,,237,,,,,,123,,110,,,51,322,,,759,213,97,,,116,,,,,,64,251,,,1264,,128,,,126,,135,,,84,,,108,,,,60,490,,481,,,,,,,,192,,,,472,,189,,,74,240,61,226,,,,,,,,,173,,130,,,,,72,,,142,90,,232,,,,590,313,1784,100,50,,,,,,,257,,,,87,,,,96,,147,,,,248,,,,100,83,,,,,,6300,,96,,,98
2012-06-26,,,136,,291,,100,,,34,,,,,2050,,,,,,226,589,480,127,,,129,138,,,831,,,,72,111,227,,,,81,926,,,,,,,138,140,,,,,,,,95,,211,81,,,232,586,,76,,131,,,,,87,,265,,,114,,,233,,,134,,,120,,107,,,51,315,,,745,205,95,,,117,,,,,,61,,,,1226,,121,,,122,,,27,,83,,,,,123,,58,480,,471,,,,,,,,188,,,,465,,174,89,,,230,61,,,,,,,,,,174,85,131,,,,,75,,,148,94,,222,,,130,583,301,1725,,,126,,,,,,252,202,,98,85,,119,,97,,139,,,,248,,,,101,,,,,142,,,,94,,,97
2012-06-27,130,,140,,295,,97,,,34,,,,,,,,137,,,235,600,488,129,,,126,146,,,840,,,,72,109,230,,,,80,940,,,,,,,136,140,,,,,,,,96,270,219,80,,,,590,,,,134,,,,,90,,265,,,114,,,234,,,134,,,121,,108,,,52,325,,84,,214,,,,119,,,,,,61,,,,1249,,122,,,124,,,,,79,,,107,,121,,62,497,,476,,,,,,,,188,,,,470,,177,90,,,235,61,,,,,,,,,,,,,,,,,74,,,150,97,,229,,,140,600,312,1762,,51,125,,,,223,337,257,206,,,85,,,,95,,144,,,,249,,,,100,,,,,,,,,94,,,96
2012-06-28,128,,140,,300,,98,,,,,,,,,,,136,,,228,610,496,,,,128,150,103,,843,,,125,72,106,229,,,270,81,946,,333,,,,,141,142,,,,,,,,,,221,,,,,610,,74,,138,,,,,90,,270,,,109,,,234,,,,,,120,,110,,,51,327,,,750,215,,,,120,,,,,,66,242,,,1267,,122,,,,,,,,80,,,,,121,,61,507,,468,,,,400,,,,195,,,,480,,174,89,,73,237,60,,,,,,,95,,,174,,,,,,128,80,,,147,90,,229,,,,617,319,1760,100,50,130,,,,226,,256,,,100,87,,123,,,,142,,,,253,,,,100,,,,,,,,,94,,,96
2012-07-01,130,,142,,302,,98,,,,,,,,,,,134,,,,609,,125,,286,128,149,,,832,,,,72,,224,,,,83,938,,,,,,,137,142,,,,,,,,94,,212,78,,,,610,,,,134,,,,,91,,270,,,106,217,,222,,,,,,117,,110,,,51,324,126,,775,214,,,,120,,,,,,65,242,,184,1260,,123,,,122,,,,,82,,120,,117,119,,60,500,,,,,,,,,,192,,,,470,,,88,,,241,,,,,,,,,,,175,,133,,,,,77,,,140,94,,228,,,,610,310,1766,,55,128,,,,229,,251,,,99,,,,,96,,142,,,,252,228,,,102,,,95,,140,,,,96,,,94
2012-07-02,,,141,128,305,,97,156,,,,,,,,,,134,,,,608,471,123,,,127,147,101,,840,,,,70,,223,,,,90,944,,,,,,,137,140,,,,171,,,,95,,210,80,,,,620,,,,,,,,,90,,271,,,108,217,,223,,,,,,117,,109,,,50,324,126,,,208,95,,,118,,,,,,63,239,,,1245,706,123,,,117,,137,,,80,,116,,,,,54,492,,,,,,,899,,,180,,,,472,164,,,,72,238,61,,194,,,,124,98,,,180,,135,,,,,75,,,140,100,,224,,,149,619,300,1724,100,55,125,,,131,230,,239,202,,,95,,,,93,,143,,,,257,,,,102,,,94,,,,,,96,,,94
2012-07-03,128,,141,123,301,,100,,,,,,,,,,,,,,,610,479,125,,,130,147,,,840,,,,72,,228,,,,,940,,,,267,,,137,140,,,,,,,,94,,210,82,,,,632,,71,,138,,,,,88,,276,,,108,217,,222,,,,,,116,,105,,,51,325,128,,760,214,,,,118,,,,,,64,241,,,1280,730,121,,,121,,141,,,80,,,,,,,53,500,,,,,,,,,,191,,,,471,,171,,,,239,62,,,,,,,102,,,180,84,133,,,,118,75,,,144,101,,226,200,,,605,306,1719,,54,124,,,,,,239,,,,95,,125,,,100,143,,,,241,,,,103,,,,90,,,6300,87,93,,,94
2012-07-04,128,,146,,299,98,,171,,,,,,,,,,134,,,,616,497,127,,,130,149,,,846,560,,,71,,225,,,280,90,954,,,,,,,139,137,,,,,,,,95,,214,82,,,,627,,,,,,,,,90,,280,,,108,,,229,,,,,,119,,110,,,,327,127,,760,218,,,,,,,,,,66,239,,,1302,752,124,,,121,,143,,,81,,,,,118,,53,503,,,,,,395,,,,189,,,,475,,174,87,,,240,61,,,,,,,,,,186,84,133,,,,107,72,,,149,103,,225,,,,613,310,1740,,59,,,,,234,335,243,,,,94,,124,,,,145,,,,241,,,,104,,,,89,,,,83,95,,,93
2012-07-05,122,,145,,300,,,170,,,,,,,,,,,,,,615,517,126,,,127,146,,,845,576,,,70,,228,,,290,,952,,,103,,,,141,139,,,,,,,,97,,210,82,,,,624,,,,135,,,,,90,,,,,112,,,221,,,,,,118,,107,,,54,330,,,775,215,,,,122,,,,,,69,241,,,1293,765,125,,,120,,150,,,80,,,100,,120,,52,512,,,,,,395,,,,189,,,,475,,,86,,,226,62,230,,,,,,104,,,187,80,135,,,,102,75,,,150,,,224,,,,624,319,1747,98,62,,,,,230,,247,,,,,,,,96,,145,,,,241,,,,,,,100,88,,,,84,95,,,
2012-07-08,120,,144,,306,,100,,,,,,,,,,,,,,,615,537,124,115,,127,143,,,850,587,,,71,,226,,,,88,950,,309,103,,,,140,136,,,121,,,,,95,,211,82,,,,635,100,,,137,,,,,89,,,,,112,,,225,,,,,,115,,107,,,55,326,126,,762,215,94,,,,,,,,,64,241,,,1281,,125,,,122,,148,,,82,,,,,,,51,506,,,,,,388,,,,186,,,,480,,,84,,70,232,62,234,,,,,,,,,185,80,136,,,,102,75,,,148,105,,222,,,,630,316,1725,,67,126,,,,230,335,261,198,,,94,,,,95,,145,,,,232,,,,104,,,,86,,,,,94,,,93
2012-07-09,113,,148,,305,,102,161,,,,,,,,,,,,,,618,547,122,114,,127,145,,,862,555,,,72,,225,,,295,85,965,,,103,,,,140,139,,,,,,,,95,265,213,82,,,,635,,,,,,,,,87,,275,,,116,,,221,,,,,,117,,106,,,56,326,,,838,211,,,,122,,,,,,66,248,,,1275,750,125,,,122,,,,,81,,,,,122,,52,507,,,,,,,810,,,182,,,,490,,176,83,,,236,62,230,,,,,,,,,189,,135,,,,,73,,,147,113,,226,,,,622,312,1760,,68,124,,,,,347,271,195,,108,,,122,,97,,146,,,,235,,,,105,,,102,85,,,,83,93,,,93
2012-07-10,,,150,,305,,102,156,,,,,,,,,,,,,,630,556,123,115,,130,148,,,877,,,,71,,228,,,,84,985,,,102,,,,138,138,,,,,,,,97,,216,81,,,,644,,,,139,,,,,89,,,,,123,,,228,,,,,,125,,108,,,54,329,132,,918,216,93,,,120,,,,,,66,253,,,1300,750,127,,,123,,,,,83,,,,,121,,55,515,,,,,,388,767,,,189,,,,498,,,,,,241,61,,,,,,,106,,,186,77,137,,,,,74,1251,,145,113,214,229,200,,,630,315,1788,97,69,127,,,,234,,291,195,,106,,,120,,104,,147,,,,,,,,103,,,,85,,,,82,93,,232,92
2012-07-11,,,152,,306,,101,171,,,,,,,,,,134,,,,629,555,122,111,314,130,135,,,885,566,,,70,,229,,,,85,980,926,,101,268,,,,140,,,,,,,,97,,212,82,,,,636,,,,137,,,,,86,,280,,,125,,,224,,,,,,123,,106,,,53,329,130,85,890,215,,,,,124,,,,,65,256,,,1310,735,125,,,135,,150,,,84,,,,,123,,55,517,,,,,,,780,549,,190,,,,490,,176,80,,,238,62,,191,,,,,,,,190,77,136,,,,102,72,1376,,,107,,230,,,,644,315,1775,,70,125,,,,230,,289,,,106,,,119,,106,,146,,,,239,,,,104,,,112,83,,,,82,92,,,93
2012-07-12,,,151,,303,,100,177,,,,,,,,,,138,,,,624,577,123,111,,135,145,,,873,566,,,,,230,,,289,83,981,864,,,,,,138,138,,,115,,,,,98,,210,80,,,,630,,,,135,,,,,86,,280,,,126,,,224,149,,,,,121,,108,,,,328,130,,880,216,92,,,119,122,,,,,64,256,,181,1319,732,122,141,,,,153,,,83,,,,115,121,,50,502,,,,,,391,785,529,,181,,,,490,,,79,,,238,,,191,,,,,116,,,187,76,,,,,102,73,1488,,152,,204,222,,,,635,317,1803,,69,130,,,129,,,284,,,,,,115,,116,,143,,,,,,,,103,,,,91,,,,83,93,,,95
2012-07-15,,,156,111,305,,,189,,,,,,,,,,142,,,,628,,125,112,,,,,,910,,,,73,,,,,280,82,1033,831,,101,,,,,138,,,119,,,,,106,,215,79,,,228,653,,,,134,,,,,91,187,,,,130,,,242,,,,,,121,,108,,,,340,,84,870,213,,,,117,118,,,,,64,273,,,1355,725,121,,,126,,,,151,82,,,,,,,55,511,,,,,,,785,,,180,,132,,503,,,,,,237,62,,,,,,,124,,,190,75,138,,,,102,75,,,,,,225,,,,,345,1799,,70,130,,,,230,,,,,,97,,124,,105,100,145,,,,,,,,,,,,100,,,,,94,,,100
2012-07-16,,,162,102,301,,,183,,,,,,,,,,,,,,625,,124,113,,133,144,,,881,,,,76,,225,,,280,80,995,,,102,,,,138,140,,,,,,,,,,213,78,,,,638,100,,,132,,,,,86,,285,,,121,,,227,,,,,,117,,108,,114,56,327,130,82,879,215,92,,,117,115,,,,,64,248,,,1350,,126,,,130,,147,,,82,,,,,119,,53,503,,,,140,,395,,539,,179,,124,,490,,,,,68,236,65,,,,,,,,,,196,73,136,,,,102,74,1500,,155,,200,225,,,,623,,1781,,69,128,,,127,,,,,,,,,122,,103,,146,,,,,,,,,,,,,,270,6426,84,94,,,
2012-07-17,122,,171,107,304,,100,,,,,,,,,,,,,,,625,,126,114,345,129,146,,,882,,,,77,,222,,,,80,990,,,,,,,145,150,,,,,,,,98,,212,79,,,,626,,,,129,,,201,,88,169,295,,,120,213,,226,,,,,,116,,110,,,57,331,132,,,215,,,,116,115,,,,,64,260,,,1371,,124,,,126,,,,,83,,114,,,,,55,507,,,,,,395,795,,,179,,124,,490,161,,80,,66,234,64,,,,,,,,,,195,71,136,,,,96,80,,,155,103,196,224,200,,,635,,1790,,68,132,,,126,230,,285,177,,,89,,,,98,,149,,,,235,228,,,103,,,,,138,,6685,85,91,,,96
2012-07-18,130,,186,108,300,,100,,,34,,,,,,,,,,,,632,,136,115,379,133,147,,,904,570,,,77,,225,,,285,80,1038,,303,,,,,153,155,,,125,168,,,,98,,215,79,,,,655,,71,,131,,,,,88,,300,,,113,,,233,,,,,,122,,118,,,58,330,140,,,218,93,,,120,,,,,,66,271,,,1382,,128,,,130,,,,,82,,,,,118,,55,532,,,,,,402,803,519,,178,,122,,500,,,80,,66,240,64,,,,,,,,,,204,71,,,,,,81,,,155,,,226,,,,636,,1800,,70,132,165,,,230,,,,,105,86,133,120,172,99,,149,,,,235,,,,,,,112,,136,,,85,93,,,96
2012-07-19,132,,198,104,306,,98,186,,,,,,,,,,144,,,,638,,138,119,379,133,153,,,916,,,,78,,235,,,290,82,1055,,,,,215,,159,161,,,125,,,,,107,260,220,80,,,,644,,,,137,,,,,91,154,305,,,117,,,230,,,,,,127,,120,,,63,338,142,,896,224,94,,,122,117,,,,,69,289,,,1430,,136,,,136,,149,,,84,,,,,,,53,530,,,,,,,815,535,,171,,122,,505,,175,,,72,240,66,226,,,,,,,,,218,,143,,,,,77,1520,,158,,,228,,,,626,329,1810,,70,140,,,,,353,280,,,105,85,,123,189,100,,153,,,,,224,,,,,,,,134,,,86,94,,,95
2012-07-22,,,192,109,318,,97,194,,,,,,,,,,145,,,,656,,140,122,,137,152,,,964,,,,78,,231,,,306,88,1064,,,,,,,159,157,,,127,,,,,110,,230,81,,,,680,,,,140,,,182,,92,139,329,,,121,,,242,,,132,,,118,,119,,,64,353,153,85,913,235,,,,121,,,,,,72,292,,,1475,,143,,,135,,155,,,83,,,,,122,,55,545,,,,,,401,846,482,,178,,124,,525,160,,80,,75,249,66,,190,,,,,,,,232,,,,,,,81,,,164,106,,232,,,,649,339,1852,96,72,141,,,,230,,,,,,87,,121,190,98,,157,,,,,,,,106,,,,,134,,,,,,,96
2012-07-23,133,,190,107,314,,98,195,,,,,,,,,,,,,,662,541,145,121,374,143,157,,,982,,,,77,,240,,,,,1080,,,,,,,,163,,,,,,,,107,,231,,,,,695,,,,142,,,,,93,135,334,,,,,,250,,,134,,,118,,119,,,,358,,,,242,,,,123,122,,,,,72,295,,,1483,783,147,,,135,,,,,84,,,,,,,54,569,,,,,,435,850,486,,184,,,,526,,,,,77,252,65,,,,,,,,,,230,,144,,,,,82,,,161,110,,241,,,,662,337,1881,95,71,140,,,,230,,285,,,,,,,190,101,,162,,,,,,,,106,,,,98,130,,,,95,,,
2012-07-24,129,,190,,305,,,189,,,,,,,,,,147,,,,660,540,143,118,395,141,154,,,956,,,,76,,231,,,294,,1069,,,,,,,150,161,,,,,,,,102,,233,84,,,,701,,,200,138,,,,,93,135,327,,,,,,240,,,135,,,117,,117,,,70,350,,,901,238,,,,121,133,,,,,72,290,,,1474,,141,,,,,,,,85,101,,,,123,,55,561,,,,,,440,845,477,,183,,,,530,,,80,,79,250,,,,,,,,,,,232,70,147,,,,92,,,,152,,,240,,,,644,332,1865,,71,141,,,,234,,,,,,86,,122,192,100,,158,,,,,,,,,,,,96,132,,6600,,96,,,95
2012-07-25,129,,184,,308,,,186,,,,,,,,,,149,,,,650,528,143,117,,145,160,,,986,581,,,73,,229,,,,91,1072,779,303,,,,,,169,,,,,,,,105,,225,84,,,213,704,,,204,136,,,,,96,138,321,,,,,,241,,,135,,,113,,117,,,77,355,,85,908,236,95,,,122,133,,,,,73,295,282,,1470,,140,,,130,,,,,86,,,,,129,,54,562,,,,,,443,840,,,180,,,,524,,187,,,86,246,66,,,,,,,,,,233,70,147,,,,,,,,151,,,232,,,,639,330,1890,94,71,141,,,,230,,,,,,,,120,180,100,,157,,,,239,,,,106,,,,96,,,,86,97,,,94
2012-07-26,,,177,,309,,98,185,,35,,,,,,,,,,,,645,518,,117,388,,154,,,1002,,,,74,,229,,,299,92,1065,750,297,,,,,148,163,,,,,,,,106,,218,89,,,201,684,,,,,,,179,,94,137,323,,,118,,,240,,101,,,,115,,115,,,80,346,,84,926,228,96,,,122,,,,,,70,299,,175,1450,802,139,,,130,,,,,84,,,,113,137,,,560,,,,,,450,841,470,,177,,126,,520,160,187,,,87,240,65,222,,,,,,,,,229,69,145,,,,84,,,,147,,193,234,,,,640,325,1852,,72,145,,,,,355,,,,,,,,180,100,,152,,,,,,,,,,,,91,130,,,86,99,,,92
2012-07-29,,,166,,315,,95,185,,35,172,,,,,,,,,,,638,,138,,,152,149,,,970,,,,71,,223,,,,91,1051,,,,,,,146,162,,,,,,,,103,,211,88,,,191,670,,,,,,,,,92,133,318,,,114,,,234,,104,,,,115,,111,,,81,342,,,926,219,98,,,,,,,,,67,290,,,1440,825,133,,,129,,,,,83,,,,,132,,,545,,,,,,441,,470,,174,,,,510,,187,,,92,236,64,,,,,,,,,,222,73,145,,,,80,,,,149,,,230,,,,630,319,1840,,74,144,,,,,,,,,103,85,,113,178,98,,151,,140,,,,,,106,,,,90,,,,85,96,,,92
2012-07-30,,,171,,306,,94,185,,,,,,,,,,,,,,645,515,141,118,,147,151,,,977,592,,,75,,223,,,306,94,1059,765,,,273,,,,158,,,127,,,,,105,,213,86,,,,687,,,,,,,,,94,134,315,,,110,,,238,,98,,,,116,,114,,,81,346,141,,926,229,101,,,124,134,,,,,68,289,,158,1450,,146,127,,129,,,,,83,,,,107,135,,,555,,,208,,,436,860,479,,180,,,,525,157,190,79,,93,240,64,,,,,,,,,,232,,145,,,,78,,,,155,,,228,,,,629,321,1831,,72,141,,,,,390,,180,,106,,,115,180,95,,151,,,,,,,,,,,,89,,,,,97,,,93
2012-07-31,127,,176,,308,,93,191,,35,,,,,2000,,,147,,,,641,512,139,118,388,145,152,,,980,,,,74,,225,,,,93,1060,719,,100,,,,,162,,,125,164,,,,107,,213,82,,,,690,,,,,,,173,,92,132,321,,,110,217,,241,,96,135,,,116,,112,,,,345,141,,926,231,109,,,122,132,,,,,69,288,,143,1450,840,145,115,,130,,,,,,,,,,129,,,556,,,,,,436,860,375,,180,,,,521,,,,,93,238,70,,,,,,,,,,231,,145,,,,74,,1520,,155,,,231,,,,638,325,1850,,78,141,,,,238,397,,,,110,83,,116,180,,,153,,,,,,,,,,,,86,127,,,84,95,,,94
2012-08-01,,,180,,305,,94,192,,36,,,,,,,,145,,,,642,542,137,119,396,144,154,,,997,,,,72,,225,,,,92,1062,765,,,274,,,146,161,,,,,,,,104,,214,84,,,,686,99,70,,131,,,,,91,132,325,,,111,213,,245,,96,137,,,115,,114,,,80,344,,,920,230,,,,124,,,,,,70,290,,129,1460,830,141,,,131,,152,,,80,,,,103,127,,,552,,,,,,440,865,387,,180,,,,525,,187,78,,93,240,73,,,,,,,,,,235,72,147,,,,73,,,,153,,,228,,,,640,329,1840,,75,144,,,,,,,,,118,81,,,180,98,,149,,,,,,,,104,,,,87,,,,86,95,,,94
2012-08-05,127,,181,,316,,95,195,,,,,,,,,,144,,,,639,531,140,120,,150,154,,,1015,,,,73,,225,,,,93,1084,,,,,,,146,161,,,,,,,,106,,205,83,,,,698,,,,129,,,,,90,131,325,,,108,,,246,,92,,,,115,,116,,,80,357,,83,,227,,,,123,,,,,,70,290,,117,1470,835,137,,,130,,,,,80,,,,,126,,,551,,,,,,424,849,391,,179,,,,525,,,77,,,244,76,,,,,,,,,,258,70,,,,,74,,1520,,151,,,227,,,,635,322,1840,,75,155,,101,,,,,181,,124,80,,115,179,,,150,,,,,,,,105,,,,87,,,,86,93,,,96
2012-08-06,125,,181,,315,,97,190,,,,,,,,,,146,,,,641,515,146,118,389,154,,,,1040,,,,72,,221,,,306,94,1077,,277,102,,,,148,162,,,,,,,,108,,201,83,,,,690,,63,,,,,156,,91,132,327,,,,,,245,,92,,,,115,,114,,,,352,143,80,928,230,107,,,121,132,,,,,68,297,,117,1478,840,144,,,127,,150,,,79,,,,100,132,,,554,,,,,,413,864,,,177,,,,523,,,,,89,243,,,,,,,,,,,252,72,160,,,,75,,,,156,,,228,,,,635,321,1869,,74,155,,,,234,,,,,120,80,,109,176,99,,154,,,,,,,,,,,110,87,129,,6733,85,93,,,97
2012-08-07,125,,176,,316,,96,187,,35,,,,,,,,146,,,,643,527,142,119,,163,150,,,1070,,,,72,,220,,,,96,1081,,271,,274,,,152,165,,,,,,,,106,,192,83,,,176,689,,,,,,,141,,92,134,325,222,,110,,,249,,90,139,,,121,,117,,,79,350,,81,910,227,108,,,126,129,,,,,69,294,,115,1480,840,139,,,128,,153,,,77,,,,,132,,,553,,,,,,416,865,,,177,,130,,528,,185,76,,91,240,,,,,,,,,,,265,73,162,,,,74,,,,160,,,224,,,,635,325,1872,,,152,,,,236,420,,,,123,81,120,109,174,98,,153,,,,,,,,105,82,,,89,128,,6810,89,92,,,97
2012-08-08,119,,179,,315,,99,187,,,,,,,,,,148,,,,636,571,143,,,,152,,,1095,,,,70,,216,,,,97,1080,,266,,,211,215,158,163,,,,,,,,111,255,184,83,,,167,685,,69,,,,,127,,93,132,,,,,,,241,,87,,,,121,,116,,,79,350,157,82,900,225,106,,,127,121,,,,,70,295,,110,1469,850,137,,,,,159,,,80,,,,,131,,,540,,,,,,424,,,,177,,136,,530,,185,77,,91,235,,,,,,,,,,,252,74,146,,,,71,,,,158,,,219,,,,619,319,1837,,73,150,,,,,,270,,,135,79,116,111,177,96,,152,,,,238,,,,102,,,,88,128,,,88,95,,,96
2012-08-12,,,171,,339,,,185,,35,,,,,,,,150,,,,618,578,139,117,,,147,,,1078,,,,71,,212,,,301,,1079,,262,102,,,,155,160,,,125,,,,,108,,176,83,,,161,673,,,,129,,,115,,91,131,325,,,111,,,231,,86,,,,115,,115,,,,337,151,,917,221,110,,,130,133,132,,,,69,285,,112,1451,855,134,,,122,,,,,78,,,,98,130,,,538,,,,,,424,871,,,170,,,,531,154,,76,,92,233,74,,,,,,,,,,249,75,140,,,,71,,,,160,,190,209,194,,,611,320,1830,,80,149,,,107,,419,,,,137,,115,107,168,,,151,,,,,224,,,104,,,,,130,,,,94,,,96
2012-08-13,116,,168,,340,,99,176,,,,,,,1961,,,150,,,,619,570,138,116,390,,145,,,1066,,,,70,,210,,,301,,1070,,255,,,,,150,157,,,,,,,,107,,176,84,,,,662,,,,,,,104,,88,128,,,,,,,240,,85,,,,114,,116,,,,343,160,84,935,224,106,,,133,139,,,,,65,284,,116,1461,,132,,,125,,,,,78,,,,96,131,,,543,,,,,,,879,,,167,,136,,535,,,76,,92,235,67,,,,,,,,,,241,73,139,,,,70,,1502,,158,,,211,,,,622,310,1830,,79,150,,,,236,,,,,150,80,115,108,174,98,,149,,,,,208,,,106,,,,,,,7084,87,93,,232,96
2012-08-14,,,166,,335,99,95,170,,,,,,,,,,,,,,610,604,137,,,160,147,,,1058,,,,68,,201,,,301,,1057,,259,,,,,147,160,,,,,,,,108,,175,85,,,,650,,,,127,,,97,,89,126,319,,,,,,230,,83,,,,115,,119,,,78,343,166,,,218,106,,,133,135,,,,,69,289,,115,1455,,127,,,,,,,,78,,,,97,,,,535,,,212,,,,875,,,164,,,,537,,,77,,90,228,73,,,,,,,,,,258,73,134,,,,69,,1562,,156,,,195,194,,,595,300,1820,,82,153,,,,236,,,,,156,79,115,,171,98,,144,,,,,,,,,,,,89,,,,86,95,,,97
2012-08-15,,,163,,325,,96,170,,,,,,,,,,,,,,602,589,135,115,,145,147,,,1033,,,,68,,197,,,295,,1053,,267,,,207,,147,155,,,,,,,,110,,173,88,,,,647,,,,128,,,100,,89,127,313,,,110,,,230,,81,,,,115,,117,,,73,337,152,,,206,106,,,131,133,,,,,68,280,,,1450,840,127,,,123,,,,,78,,,,,133,,,523,,,209,,,400,870,,,153,,,,534,,,78,,87,216,74,,,,,,,,,,240,,129,,,,70,,,,157,,,186,191,,,569,294,1752,,83,152,,,,,,,,,156,79,118,,168,97,,141,,,,,,,,,,,,90,130,,,84,99,,,97
2012-08-16,116,,170,,319,,94,167,,36,,,,,,106,,,,,,608,589,137,114,385,147,147,,,1038,,,,68,,210,,,,98,1062,,,,,,,,155,,,,,,,,113,,176,93,,,,666,,,,,,,102,,90,125,,,,,,,237,,83,,,,117,,115,,,71,338,149,,961,216,,,,132,131,,,,,73,278,268,,1469,830,130,,,122,,152,,,79,,,,,,,,540,,,,,,392,885,,,161,,132,,534,,,,,86,221,72,,,,,,,,,,247,72,130,118,,,69,,1600,,155,,,194,190,,,595,304,1856,94,85,154,,,,,,243,,,171,78,120,,168,,,148,,,,230,,,,104,,,,,,,7369,85,100,,,
2012-08-19,114,,173,,345,100,93,,,,,,,,,,,,,,,605,599,,,371,144,148,,,1039,,,,74,,209,,,295,97,1065,,,,,,,147,154,,,,,,,,112,,176,94,,,,670,,69,,123,,,97,,87,124,319,,,110,,,232,,83,,,,114,,115,,,78,331,,,960,215,106,,,132,131,,,,,68,284,,115,1451,862,142,,,121,,137,,,78,,,,,,,,537,,,,,,385,876,,,155,,,,530,,,,,,227,70,,,,,,,,,,245,73,138,,,,71,,,,,,181,184,187,,,,302,1776,,88,150,,,,236,,243,,,167,78,117,110,171,96,,145,,,,,,,,104,,,108,91,,,7500,,,,,94
2012-08-21,110,,166,,332,106,91,161,,36,,,,,,,,150,,,,601,616,139,115,,149,146,,,1040,,,,75,,203,,,,,1064,,272,,,,,147,166,,,,,,,,111,,167,96,,,,680,,66,,121,,,97,,88,122,342,,196,111,209,,229,,84,,,,114,,115,,,84,327,149,85,942,216,106,,,125,126,,,,,70,292,,,1465,,134,,,120,,131,,,78,,,,,131,,,539,,,,,,,870,,,158,,134,,537,,,,,92,220,69,218,,,,,,,138,,246,75,135,,,,70,,,,155,,,184,184,,,,295,1772,,86,150,,,107,,,255,,,152,,116,110,172,95,,144,,138,,233,,,,104,,,,91,,,,,96,,,93
2012-08-22,110,,165,,328,,91,163,,36,,,,,,,,151,,,,592,640,144,117,,163,144,,,1045,,,,70,,202,,,285,,1060,,275,,,,,149,175,,,125,,,,,114,,166,,,,147,692,,,,123,,,97,,87,124,,,,106,194,,230,,82,,,,114,,118,,,86,324,148,,924,215,103,,,124,126,,,,,69,296,255,,1462,855,135,,,120,,132,,,78,100,,,95,,,,535,,,,,,,870,,,158,,,,541,,,77,,93,224,69,,,,,,,,137,,251,75,135,,,,70,,,,152,,,190,180,,,577,294,1775,,85,160,,,,240,,253,,,152,,126,,,,,141,,,,236,,,179,106,82,,,,,,,,97,,,92
2012-08-23,111,,165,,330,,96,172,,36,,,,,2000,,,,,,,590,652,140,118,,165,144,,,1050,603,,,73,,202,,,275,91,1050,,275,98,,,,,174,,,123,,,,,116,,168,92,,,,680,,,,126,,,94,,88,121,336,,,,,,227,,85,,,,113,,117,,,,325,150,,953,212,105,,,124,130,,,,,68,291,,,1465,855,135,,,120,,,,,77,,,,,133,,,534,,,,,,392,890,,,154,,136,,545,,,78,,98,223,75,,,,,,,,139,187,251,,138,,,,68,,,,149,,,190,178,125,,580,290,1780,,81,156,,,,,,,,,153,79,117,108,175,98,,141,,136,,,,,,104,83,,,85,128,,7650,82,97,,,93
2012-08-26,108,,173,,328,,98,,,36,,,,,1921,,,,,,,575,651,139,116,,169,144,,,1049,,,,70,,194,,,,90,1055,,280,,289,,,,173,,,135,,,,,114,245,167,93,,,133,680,,,,,,,96,,88,123,,,,102,,,226,,80,,,,115,,115,,,83,314,149,,960,208,105,,,124,127,,,,,70,292,,113,1439,860,125,,,115,,129,,,74,,,,,134,,,523,,,,,,385,,,,154,,,,559,151,188,79,,99,219,73,,,,,,,,138,,245,71,134,,,,72,,,,138,,172,185,,,,564,290,1755,,80,150,,,,,460,278,,,153,80,120,106,173,,,145,,,,,,,,105,83,,,89,127,,,83,97,,,94
2012-08-27,112,,175,,330,110,,,,,,,,,1883,,,,,,,591,658,141,115,,169,144,,,1057,615,,,70,,194,,,,89,1061,,275,,299,,,,173,,,,,,,,119,,170,92,,,121,688,,,,,,,93,,88,126,329,,,104,,,238,,83,137,,,113,,116,,,80,320,148,,970,215,104,,,126,131,,,,,70,292,243,113,1450,875,137,,,119,,,,,,,,,,142,,,531,,,,,,392,875,,,155,,148,,594,152,185,80,,97,223,69,,,,,,,,138,,249,69,138,,,,70,,1568,,140,,,184,175,,,584,297,1761,,82,148,,,,,505,290,175,,153,82,119,,177,95,,143,,136,,,200,,,,,,,89,127,,7854,,96,,,94
2012-08-28,110,,177,,340,,96,189,,,,,,,1846,,,,,,,595,661,141,114,364,160,146,,,1070,,,,70,,200,100,,260,91,1063,,270,97,,,,146,176,,,,,,,,130,,175,91,,,109,681,,,,122,,,92,,88,126,323,,,105,,,238,,85,,,,114,,114,,,76,324,151,,950,218,108,,,125,131,,,,,71,295,,113,1437,,132,,,122,,131,,,72,,,,,139,,,530,,,,,100,,880,,,156,,144,,593,166,,81,,97,227,70,,,,,,,,144,184,252,,140,,,,69,,,,143,,,189,177,,,590,300,1745,,83,149,,,,,555,292,,,151,82,130,104,182,96,,147,,128,,,180,,,106,83,,,89,126,,,82,96,,,95
2012-08-29,112,,176,,338,,,199,,36,,,,,1810,,,,,,,603,662,143,115,373,160,149,,,1072,,,,72,,203,,,,91,1097,,270,,,,,148,176,,,135,,,,,140,,176,91,,,103,687,,,,125,,,92,,89,125,,,,,,,240,,83,,,,115,,122,,,77,326,150,87,,218,110,,,127,127,,,,,71,294,,,1440,885,138,,,123,,,,,74,,,,94,141,,,532,,,,,110,406,,,,155,,147,,587,169,188,83,,100,228,71,,,,,,,,144,,260,67,142,,,,70,,,,146,,,189,,,,585,302,1764,,84,152,,,,,610,307,,,,82,140,,184,,,147,,124,,,177,,,106,86,,,89,,,,83,93,,225,
2012-08-30,,,171,,344,,,204,,,,,,,1705,,,,,,,577,665,145,114,375,162,152,,,1070,,,,72,,201,100,,,90,1087,,270,,,,,148,175,,,,,,,,132,,178,90,,,97,689,,,200,124,,,94,,89,127,316,,,105,,,239,,85,,,,115,,118,,,79,328,154,89,950,220,110,,,135,133,,,,,69,293,,115,1437,880,147,,,125,,,,,72,,,,89,140,,,534,,,,,121,407,,,,156,135,,,586,172,,84,,99,228,73,205,,,,,,,144,175,261,,140,,,,71,,1620,,150,,,187,,,,570,300,1740,,86,152,,,,248,622,324,,,,81,138,103,,99,,146,,,,,160,,,107,,,,89,,,,83,97,,,95
2012-09-02,116,,171,,346,112,,212,,,,132,,,,,,146,,,,601,682,147,117,382,178,157,,,1094,,,,72,,210,,,,91,1105,,280,,322,,,150,186,,,,,,,,130,,189,89,,187,88,696,,,,126,,,91,,91,123,326,,,111,182,,244,,84,,,,120,,125,,,80,344,157,97,950,230,,,,135,139,,,,,73,322,,,1462,,138,,,125,,,,,,100,,,,141,,,545,,,,,118,411,,401,,152,,,,590,181,,83,,102,234,74,,,,,,,,142,,261,71,145,,,,78,,,,150,,,202,,,,580,306,1800,,88,158,,,,252,605,322,,,154,84,133,,187,98,,150,,123,,,166,,,107,,,,91,126,,,83,98,,,96
2012-09-03,118,,171,,350,,95,203,,,,128,,,,,,,,,,600,685,149,119,376,190,158,,,1097,,,,70,,210,,,,91,1110,,277,,,,,165,186,,,,,,,,128,,188,90,,172,80,702,,,,124,,,95,,91,130,336,,,113,,,247,147,83,135,,,119,,124,,,88,340,160,106,960,236,,,,128,,,,,,71,325,,,1460,901,133,,,123,,,,,74,,,,,141,,,541,,,,,,,,400,,163,,145,,588,190,,,,98,234,76,,,,,,,,143,172,256,69,145,118,,,83,,,,153,,,202,,,,570,312,1790,,92,159,,,,257,600,322,,,166,85,135,,188,98,,151,,123,,228,169,,,,85,,,90,,,7995,84,98,,,
2012-09-04,118,,170,,347,,93,213,,,,,,,,,,,,,,592,685,147,117,377,186,153,,,1096,,,,73,,209,,,265,92,1096,780,277,,,,,180,181,,,,,,,,129,,185,91,,160,72,690,,61,,124,,,91,,92,131,330,,,,,,244,,84,,,,116,,124,,,84,334,163,116,,231,,,,128,,,,,161,71,330,,,1455,870,130,,,121,,,,,77,,,,,140,,,543,,,,,,,,400,,162,,143,,581,193,191,84,,97,230,78,201,,,,,,,145,,264,,145,,,,78,,,,153,,,194,,,,575,310,1771,,96,153,,,106,,595,328,,,176,88,134,,182,97,,147,,119,,222,161,,,,84,,,90,130,,8200,85,100,,,95
2012-09-05,,,170,,340,,92,218,,,,,,,,,,,,,,594,670,,,384,185,147,,,1097,,,,74,,204,100,,,89,1095,765,280,96,,,,,177,,,,,,,,135,,,91,,144,65,680,,60,,,,,93,,92,127,328,,,113,,,240,,83,,,,115,,126,,109,84,335,163,114,,230,107,,,126,138,,,,,73,320,,115,1451,887,130,,,120,,,,,75,,,,88,142,,,537,,,,,114,,914,415,,161,,141,,577,,198,85,,96,227,81,,,,,,,,,,262,68,145,,,,76,,,,156,,,196,,,,569,308,1766,,97,156,,,108,261,584,322,,,,88,137,102,179,98,,143,,113,,223,158,,,,85,,,90,,,,86,,,233,95
2012-09-06,117,,170,,341,,91,234,,,172,,,,,,,,,,,583,690,144,115,377,187,149,,,1099,,,,72,,206,,,,90,1091,,282,,316,,,,179,,,,,430,,,139,,182,91,,138,59,690,,54,193,120,,,94,,90,125,321,,,,,,242,,83,,,,115,,126,,,82,335,163,114,999,230,105,,,131,,,,,,71,326,,112,1443,887,131,,,124,,,,,75,,,,89,141,,,540,,,,,108,,1002,431,,157,,142,,575,,,,,97,229,80,,,,,,,124,,160,281,,144,,,,,,,,153,,,205,,,,580,310,1780,,,157,,,,261,584,307,,,170,,143,101,185,90,,143,,118,,,157,,,105,84,,,,,,,,,,,95
2012-09-09,,,171,,333,,92,242,,,,,,,,,,,,,,580,695,142,113,375,185,,,,1100,627,,,75,,205,,,270,92,1094,,285,,328,,,,176,175,,,,,,,138,,,91,,125,60,688,,,184,122,,,93,,91,128,,,,,185,,239,,81,133,,,115,,125,,,78,329,,114,1037,229,103,,,133,,,,,,69,316,,114,1448,870,134,,,122,,,,,76,,,,,141,,,533,,,219,,110,393,1102,470,,159,,,,573,,194,84,,99,227,80,,,,,,,,142,158,275,,149,,,,74,,,,151,,155,196,,,,570,309,1750,,,154,,,110,265,,314,,,,88,150,,,,,145,,116,,,151,,,106,84,,,86,,,8280,,100,,,95
2012-09-10,117,,172,,335,,91,240,,,172,,,,,,,,,,,582,689,140,,373,188,150,,,1098,677,,,74,,205,,,270,91,1085,,,,334,,,162,178,192,,136,,,,,136,,181,90,,127,66,680,,49,181,123,,,93,,90,131,327,,,110,185,,238,,85,133,,,114,,126,,,78,330,156,,1140,226,103,,,131,,,,,,68,320,,,1426,880,133,,,,,,,,76,,,,,139,,,535,,,,,,386,1212,472,,165,,144,,570,,194,,,97,228,76,,,,,,,,146,,266,65,160,,,,74,,1640,,150,,,193,,,,580,305,1742,,,156,,,,266,610,324,178,,,86,146,100,,,,145,,114,,219,151,,,105,,,,87,,,8150,,99,,,95
2012-09-11,119,,172,,332,,90,233,,36,,,,,,,,,1680,1018,,585,689,143,114,372,183,150,,,1095,703,,,73,,209,,,,,1091,750,,,325,219,,159,175,211,,134,,,,,135,,178,88,,138,72,698,,46,172,127,,,90,,90,128,325,,,110,,,238,,84,131,,,113,,127,,,80,335,,116,1183,228,105,,,131,,,,,,70,326,,,1490,880,134,,,118,,,,,79,,,,,137,,,539,,,229,,110,393,1285,475,,164,,142,,575,,196,85,,98,225,,,190,,,,,,144,,271,68,,,,,73,,,,147,,,195,,,,581,307,1810,92,,154,,,,266,600,336,,,164,87,150,,,,,145,,113,,,152,,,105,83,,,86,,,,80,98,,,92
2012-09-12,,,171,,335,,91,229,,35,171,,,,1773,,,,,,,580,690,144,113,380,185,,,,1097,745,,,73,,204,,,,,1097,729,285,,,,,170,177,232,,,,430,,,134,,,92,,145,72,699,,49,169,131,,,90,,90,127,343,,,108,,,238,,81,,,,116,,126,,,,327,155,118,1200,230,105,,,130,,,,,,69,324,223,,1480,918,147,,,123,,,,,78,,,,,137,,,536,,,240,,,,1223,470,,165,,140,,584,,196,85,,100,226,,,,,,,,,143,,285,,161,,,,73,,1685,,149,,,195,,,,580,316,1800,,,160,,,,270,615,356,,,161,86,145,,179,,,145,,114,,219,156,,,106,,,,86,,,,,95,,,94
2012-09-13,117,,173,,335,,90,240,,,,,,,,,,142,,,,591,685,145,117,,186,148,,,1100,759,,,73,,208,,,270,,1110,,291,,,,,165,177,255,,140,,,,,135,,175,90,,139,70,707,,48,153,132,,,92,,90,126,337,,,107,,,240,,82,127,,,115,,,,,,335,,119,1180,230,105,,,135,137,,,,,70,323,211,114,1481,915,151,,,123,,,,,79,,,,,135,,,549,,,252,,112,395,1239,495,242,168,,,,595,,193,86,,102,232,,,,,,,,,143,,274,71,159,,,,74,,1653,,151,,,195,183,,,586,310,1829,91,,160,,,,280,602,350,,,,,145,102,183,97,,145,202,115,,235,157,,,106,,,,85,,,,79,95,,225,95
2012-09-16,116,,175,,332,,95,239,,,,,,,,,,142,,,,588,689,146,113,418,188,153,,,1128,,,,74,,210,,,270,,1153,,,,,,,171,178,260,,144,,,,,135,,178,92,,137,69,721,,48,138,128,,,90,,90,127,,,,108,182,,243,,84,125,,,114,,128,,,82,341,,116,1248,230,,,,148,143,,,,,71,324,,,1485,910,158,,,125,,,,,80,,,,,,,,552,,,264,,114,419,1269,530,,167,,,,589,,,86,,105,230,,,,,,,,,,,279,70,159,,,,75,,1686,,,,,198,,,,583,312,1840,,95,164,,,113,295,620,370,,,155,,142,104,177,102,,145,,,,,170,,,106,82,,,89,,,7828,,94,,,
2012-09-17,118,,177,,336,,97,245,,,171,,,,1808,,,143,,,,590,705,150,,440,187,153,,,1165,,,,72,,212,,,297,90,1155,725,,,,,,179,181,270,,144,,,,,139,,180,91,,139,68,722,,48,,128,,,92,,88,129,357,,,111,,,244,,84,125,,,120,,130,,,81,,162,118,1191,232,104,,,144,140,,,,,71,318,,112,1488,900,163,,,125,,,,,79,,,,88,139,,,550,,,282,,116,450,1200,540,,170,,,,592,,,89,,102,231,73,,,,,,,,,,276,70,157,,,,76,,,,148,,,200,,,,579,318,1807,,,158,,,,297,620,377,,,158,85,141,106,187,98,,149,,,,250,174,,,107,81,,,89,,,,,94,,,98
2012-09-18,,,180,,330,,96,247,,,,,,,1772,,,147,,,,597,745,152,115,422,189,,,,1185,,,,74,,212,,,326,,1155,,,,,,,181,180,275,,,,,,,140,,185,93,,,66,723,100,49,,,,,93,,91,127,392,,,122,,,244,,83,,,,116,,130,,,81,345,163,120,1213,240,104,,,144,150,,,,,74,334,191,,1486,900,168,,,128,,,,,81,,,,90,139,,,555,,,286,,118,442,1200,514,,176,,139,,596,,,89,,102,239,72,,,,,,,,,155,280,,160,,,,76,,1788,,150,,,205,,,,600,318,1809,,94,159,,,,292,635,370,,,166,84,142,,205,102,,152,,,,260,,,,,,,,,,,7672,,95,,,
2012-09-19,,,182,,330,,95,240,,,,,,,1807,,,142,,,,590,710,152,115,422,185,151,,214,1134,774,,,69,,208,100,,344,93,1133,,,,,,,180,178,270,,142,,,,,139,,179,93,,,65,715,,49,132,128,,,95,,93,127,383,,,,,,243,,81,123,,,115,,126,,,80,345,162,122,1200,236,104,,,141,150,,,,,70,326,,,1482,900,162,,,125,,,28,,81,,,,91,141,,,550,,,294,,,,1188,504,,168,,141,,594,,,90,,105,233,73,,,,,,,,,,284,71,158,,,,75,,1859,,150,,,201,,,,595,320,1790,,,160,,,,295,635,,,,169,83,142,,216,99,,151,,,,255,,,,108,82,,102,91,128,,,,95,,,98
2012-09-20,,,180,,330,,95,244,,,,,,,1800,,,142,,,,590,706,,108,424,190,154,,210,1135,789,,,,,202,,,,93,1135,,,,,,,180,181,260,,140,,,,,139,,176,94,,,69,719,,48,134,128,,,93,,91,129,377,,,,,,240,,83,,,,116,,128,,,,335,,120,1201,234,106,117,,142,147,,,,,72,324,173,,1470,916,162,,,123,,,,,81,,,,92,,,,539,,,323,,116,,1141,486,,165,,,,600,,,92,,99,226,,,,,,,,,,,279,70,152,,,,81,,2044,,146,,,200,189,,,589,310,1764,,,159,,,119,,635,349,181,,,81,141,,200,102,,147,,,,255,168,,,110,83,,,94,,,7519,78,97,,,
2012-09-23,,,180,,328,,95,235,,,,130,,,1800,,,140,,,,575,697,147,114,416,190,148,,198,1132,851,,,71,,196,,,338,94,1108,,,,,,,178,178,247,,,,,,,138,,170,91,,,69,700,,47,142,130,,,,,91,125,369,,,,,,234,,81,,,,115,,127,,,81,329,,,1190,227,,128,,140,142,,,,,71,326,,112,1452,902,153,,,122,,,,,82,98,,,,139,,,540,,,339,,,,1118,504,,159,,141,,588,,,92,,100,219,,,,196,,,,,,,286,71,153,,,,81,,2158,,144,,,193,,,,579,307,1745,,,157,,,123,,642,,,,160,82,141,,198,,,144,,116,,,177,,,109,,,,93,130,,,,94,,,97
2012-09-24,,,177,,322,,95,232,,34,170,134,,,,,,137,,,,546,695,149,113,402,181,148,,,1145,880,,,69,,191,,,,,1111,,,,,,,187,174,248,,138,,,,,137,,169,91,,,,697,,,,,,,,,90,126,,,181,,,,230,,79,,,,114,,124,,,82,328,160,,1210,230,106,140,,139,,,,,,68,324,164,112,1436,872,148,,,123,,,,,77,,,,,137,,,543,,,321,,,429,1162,503,,158,,,,594,,193,92,,100,215,70,,,,,,,,,,278,72,151,,,,78,,2065,,144,,,190,,,,570,298,1711,,,153,,,,,630,355,181,,159,79,141,103,,,,142,,114,,270,180,,,108,,,,91,,,,78,,,,
2012-09-25,,,175,,328,,96,235,,34,,142,,,,,,135,,,,525,703,148,109,405,180,147,,,888,900,,,74,,190,,,,103,1110,,320,,,,,177,176,248,,145,,,,,135,,167,90,,137,63,690,,42,,,,,,,91,124,365,,,,176,,235,,82,,,,115,,124,,,81,324,,118,1210,228,104,141,,,,,,,,69,322,,112,1426,906,148,,,119,,,,,77,,,,,137,,,544,,,,,,,1185,494,,158,,,,593,,,93,,102,217,66,,,,,,,,145,,280,74,152,,,,77,,2100,,146,,147,192,,,,583,302,1710,,,158,,,,290,625,336,,,,78,139,,,100,,141,,112,,260,,,,109,,,,92,,,,,95,,,
2012-09-26,118,,177,,335,,97,242,,33,,142,,,,,,136,,,,513,714,,110,413,181,150,,,878,885,,,74,,191,,,314,112,1100,,316,,,211,,177,176,247,,143,,,,,138,,165,89,,135,64,690,,41,,128,,,93,,90,120,369,,,,167,,237,,82,,,,114,,123,,,81,328,,114,1210,228,105,135,,135,,,,,,70,321,,,1410,890,148,,,119,,,,,78,,,,,136,,,547,,,,,,410,1170,489,,157,,,,596,,,95,,102,215,65,,,,,,,,,,300,73,152,,,,77,,2070,,148,,143,190,,,,578,304,1706,,,157,,,,,640,340,180,,159,78,145,102,189,98,,141,,117,,260,174,,,,,,108,89,128,,,81,94,,,95
2012-09-30,116,,175,,332,,97,240,,34,,147,,,,,,,,,,512,723,142,110,420,184,150,,,871,870,,,74,,192,,,,105,1104,,,,,210,,,180,244,,142,,,,,147,,167,88,,137,64,691,,42,,121,,,91,,90,122,365,,,118,155,,234,,81,122,,,114,,121,,,81,329,,,1224,224,106,138,,135,,,,,,68,318,148,109,1400,918,158,,,120,,,27,,77,,,,92,132,,,544,,,,,,,1200,510,,160,,,,610,,195,97,,98,218,66,,,,,,,,,,281,73,153,,,,78,,,,146,,,185,,,,560,300,1703,,,,,,,281,650,366,183,,163,75,145,,187,98,,140,,,,,,,,107,82,,,,124,,,,96,,217,96
2012-10-01,112,,175,,334,122,,243,,33,,,,,,,,,,,,515,725,141,,,181,153,,,872,,,,75,,186,,,308,108,1105,711,,,,,,,184,243,,144,,,,,145,,169,89,,,67,699,,40,,122,,,91,,88,122,366,,,110,,,233,,80,,,,114,,121,,,80,335,160,112,1322,223,104,140,,137,,,,,,68,333,,107,1402,920,159,,,120,,,27,,80,,,,91,132,,,535,,,,,,,1314,510,,160,,,,618,,198,98,,97,222,66,,,,,,,,147,,286,,151,,,,79,,,,144,,,185,,,,499,300,1705,,,,,,,276,645,,198,,160,75,144,104,180,99,,140,,,,,,,,107,84,,106,,,,,,,,213,96
2012-10-02,,,175,,325,124,96,246,,34,,,,,,,,,,,,520,733,150,108,,184,150,,,900,853,,,75,,188,,,,107,1111,,,,,,,,187,248,,140,,,,,148,,172,90,,137,70,700,,40,,125,,,90,,90,120,,,,108,155,,236,,81,120,,,113,,123,,,,331,,106,1343,227,,140,,,,,,,,67,307,,105,1385,922,155,,,120,,,,,80,,,,90,134,,,536,,,,,114,387,1208,510,,162,,,,621,,200,97,,98,216,65,,,,,,,,149,,293,,157,,,,79,,,,148,,124,187,,,,485,300,1710,,,,,,129,281,645,365,213,195,160,,155,102,,100,,140,,,,255,,,,108,,,114,,120,,7500,,94,,,96
2012-10-03,110,,176,,325,136,97,247,,,,,,,,,,,,,,515,733,141,110,428,183,153,,,926,820,,,73,,188,,,,105,1112,,,,357,,,,184,248,,140,161,,,,155,,,92,,139,70,695,,40,,122,,,90,,88,121,,,,104,149,,236,,80,,,,115,,125,,,78,326,160,,1291,227,106,143,,139,,,,,,67,296,,,1120,,157,,,121,,135,,,82,,,,89,137,,,537,,,,,112,375,1224,491,,162,,,,626,,194,99,,98,217,65,,,,,,,,,152,292,73,154,,,,80,,,,150,,112,187,,,,494,295,1708,,93,130,,,135,272,669,345,217,,160,74,155,100,183,98,,139,,,,239,165,,,108,,,116,,120,,,83,95,,205,97
2012-10-04,110,,175,,327,146,,256,,34,,,,,,,,,,,,520,748,142,110,,188,153,,,970,804,,,74,,192,,,,105,1116,,300,,364,,,,186,250,,138,,,,,170,,170,93,,,70,690,,40,,124,,,90,,89,120,359,,,106,,185,234,,78,122,,,113,,,,,76,300,159,109,1291,225,106,144,,139,,,,,,69,323,,,1125,,159,,,121,,,,,76,,,,,,,,534,,,,,110,364,1240,510,,165,,,,660,,197,,,99,221,66,,,,,,,,149,,310,,153,,,,80,,,,,,111,185,,,,494,290,1700,82,,,,,139,270,669,357,,,169,75,169,101,189,100,,141,,,,,177,,,108,,,,,119,,,,,,,96
2012-10-07,,,175,,341,151,97,262,,35,,,,,1829,,,140,,,,530,790,144,110,,193,157,,,1005,837,,,72,,197,,,,103,1130,,290,,385,,,,181,252,,,,,,,182,,172,,,140,70,694,,39,,124,,,91,,89,123,359,,,106,153,,230,,78,,,,120,,,,,76,312,,119,1310,220,104,146,,,138,,,,,71,238,134,,1145,,155,,,119,,135,,,77,,,,90,135,,,530,,,,,118,360,1240,508,,166,,,,664,,,99,,98,224,66,,,,,,,,,,311,74,151,,,,,,,,,,112,188,207,,,494,298,1749,79,,130,,,141,265,660,375,,,169,74,180,106,192,,,145,,,,239,166,,,106,84,,,88,121,,,84,,,201,96
2012-10-08,,,175,,326,150,96,257,,,172,147,,,,,,138,,,,542,770,140,106,417,194,154,,,989,870,,,72,,197,100,,,107,1132,684,290,94,406,,,174,160,252,,,,,,,176,,172,,,,70,704,,38,,124,,,91,,90,125,353,,174,105,153,,235,,80,,,,113,,121,,,75,317,,130,,226,105,156,,135,,,,,,70,218,130,,1150,753,162,,,127,,137,,,80,,114,,,136,,,533,,,,,119,337,1220,516,,166,,,,650,,197,99,,,221,66,,,,,,,,,149,306,,154,,,,80,,,,,,114,187,227,,,513,300,1740,78,,,,,,,665,368,,,172,73,177,,201,108,,143,,111,,256,162,,,108,84,,,,123,,,83,95,,,98
2012-10-09,112,,175,,330,,,250,,36,,,,,,,,,,,,535,750,142,110,425,190,152,,,968,863,,,72,,195,,,301,106,1130,674,302,,405,,,,146,256,,,,,,,170,,172,,,139,72,689,,39,144,125,,,94,,88,125,350,,171,106,150,,241,,80,,,,114,,122,,105,74,316,,133,1255,225,105,154,,134,,,,,,71,215,122,103,1162,,158,,,125,,,,,79,,114,,,134,,,532,,,,,128,343,1249,508,,169,,,,655,,,98,,,223,68,,,,,,,,,151,296,75,156,,,,,,,,,,112,186,235,,,525,293,1718,77,,130,,,,270,654,361,,,175,75,,,204,108,,139,,111,97,256,,,,108,,,114,,125,,,,,,,98
2012-10-10,,,176,,330,,,251,,,,,,,,,,138,,,,535,754,146,110,441,193,155,,,962,880,,,71,,195,,,285,110,1125,,296,,,,,,148,253,,,158,,,,173,241,170,89,,139,71,690,,,158,,,,92,,90,134,357,,,108,147,,237,,80,120,,,114,,124,,,73,311,156,129,1299,225,,150,,135,,,,,,70,,,105,1152,,160,,,126,,,,,80,,108,,,,,,532,,,,,130,331,1243,516,,168,,,,648,190,,99,,97,221,,,,,,,,,,150,305,75,156,,,,79,,,,,,112,187,240,,,,290,1724,76,93,130,,,,276,652,354,,,,76,,,204,110,,141,,,,255,,,,,85,,,,,,7350,,96,,,98
2012-10-11,110,,175,,340,147,96,250,,,,,,,,,,134,,,,537,750,148,112,,196,,,,953,,,,70,,195,,,,106,1129,,301,,,,,174,144,251,,136,,,,,165,,171,91,,140,72,685,,42,,127,,,90,,91,137,360,,,,145,,235,,81,118,,,114,,125,,,73,308,152,126,1299,225,104,154,100,133,,,,,,70,211,110,107,1135,,160,,,129,,,,,81,,109,,,,,,534,,,,,,,1240,517,,166,,,,650,181,,99,,97,222,74,,,,,,,,147,150,304,74,156,,,,76,,,,,,114,184,240,,,527,289,1725,78,,130,,,,279,682,354,221,,169,76,,,207,118,,139,,114,88,245,,,,108,85,,,,,,,,,,,103
2012-10-14,111,,177,,344,143,97,250,,,,,,,,,,,,,,539,752,145,,,188,158,,,951,,,,71,,200,100,,276,105,1134,,,,,,,,144,254,,,,,,,168,,172,90,,142,71,692,,45,173,125,,,90,,90,129,,,,106,143,,235,,88,118,,,114,,123,,,73,309,155,128,1299,231,106,166,,137,,,,,,68,215,99,,1157,,166,,,132,,,,,80,,,,,138,,,532,,,,,,337,1285,,,170,,,,652,,,100,,96,222,73,,,,,,,,149,159,324,,165,,,,75,,,,,,111,190,,,,517,289,1735,78,102,130,,,,274,685,350,,,165,80,166,110,208,121,,142,,,83,241,,,,,85,,,88,119,,,83,94,,,101
2012-10-15,112,,176,,344,146,97,247,,,,,,,,,,128,,,,547,755,140,112,,185,166,,,965,,,,75,,199,,,,,1144,,,,,,,174,146,252,,,,,,,171,,,,,140,,710,,,,,,,91,,89,126,377,,,110,,,233,,90,,,,118,,124,,,72,312,152,,1230,231,,168,,,,,,,,68,213,90,,1160,,166,,,130,,,,,,,,,,,,,532,,,,,124,340,1236,,,175,,,,647,178,,101,,98,224,73,,,,,,,,163,,312,,163,,,,74,,,,126,,118,188,,,,,291,1755,80,98,,,,,274,680,348,225,,161,79,169,104,210,129,,144,218,,84,,,,,108,,,,,123,,,82,93,,,103
2012-10-17,,,178,,345,145,97,250,,,,,,,,,,,,,,553,779,140,,,191,165,,,975,,,,76,,209,,,,,1160,,,,,,,,148,260,,,,,,,172,,174,93,,,70,721,,,,,,,91,,93,131,,,,112,145,,239,,90,,,,114,,124,,,73,311,,128,,238,106,182,,,,,163,,,71,,,109,1160,,172,,,135,,139,25,,81,,,,,138,,,532,,,,,,,1260,,,184,,140,,660,,,100,,97,231,71,,,,,,,,163,,304,,,,,,77,,,,119,,,194,,,,527,302,1789,79,102,,,,,,692,352,,,159,85,176,106,212,,100,148,226,,83,244,,,,108,85,,,,,,,,95,,194,101
2012-10-18,114,,178,,344,143,,252,,36,,,,,,,,130,,,,552,770,148,,,187,160,,,990,880,,,75,,209,,,,,1171,,,,,,,,153,266,,,,,,,179,,177,92,,144,70,730,,,176,,,,92,,92,133,370,,,108,145,,243,,89,,,,117,,126,,,72,318,155,,1225,245,104,192,,135,,,148,,,70,213,83,,1165,,169,,,135,,,,,81,,107,,,,,,536,,,,,,364,1295,522,,182,,,,675,176,196,,,,230,70,,,,,,,,,,315,,,,,,78,,,,117,,120,198,,,,511,304,1770,80,101,,,,139,279,704,381,,,,84,178,109,209,127,,153,,112,79,252,,,,,,,,,,,,82,94,,,102
2012-10-30,,,183,,332,,,258,,,,,,,,,,,,,,575,780,150,114,474,153,163,,,1010,887,,,76,,218,,,278,,983,,295,93,,,,,155,270,,,,,,,180,,189,94,,142,72,749,,,,125,,,,,91,136,,,,110,146,,252,,91,,,,126,,,,,73,323,,,1253,248,,201,,133,,,139,,,71,215,88,,1224,,168,,,133,,,,,81,,,,,142,,,559,,,,,122,,1320,,,185,,140,,687,,,100,,,240,71,,,,,,,,,,310,,166,,,,80,,,,113,,119,207,,,,562,311,1816,81,103,,,,,,,,,,,84,190,,,,,152,,,82,249,,,,108,,,,85,,,,82,96,,,
2012-10-31,121,,182,,,,,251,,,,,,,,,,,,,,592,794,148,116,,,169,,,1033,915,,,75,,225,,,283,,1020,,,,,,,,,278,,,,,,,183,,195,94,,,74,764,,,193,128,,,94,,93,141,384,,,111,,,250,,90,,,,125,,128,,,74,332,,126,1300,255,,202,,135,,,145,,,73,,88,,1247,,170,,,141,,,,,82,,,,,,,,571,,,,,120,,1345,,,193,,,,672,,193,100,,100,248,73,,,,,,,,,,310,,164,,,,,,,,111,,122,213,,,,588,319,1841,82,100,,,,,,,,,,,,199,111,,127,,157,,,86,260,,,165,110,,,112,85,,,,,,,182,
2012-11-01,121,,182,,,145,,248,,,,,,,,,,,,,,581,795,145,112,452,153,170,,,1032,918,,,,,227,,,,,1014,,298,,,,,,161,287,,,,,,,185,,192,92,,,,751,,,212,130,,,95,,93,139,,,,122,145,,250,,90,,,,124,,124,,105,75,325,,,1294,255,,195,,,,,150,,,74,235,88,,1249,772,167,,,139,,,,,82,,,,,142,,,567,,,,,,371,1325,,,194,,,,662,,,101,,100,243,72,,,,,,,,,174,300,,,,,,79,,,,109,,120,210,,,,580,313,1820,,,132,,,,279,,378,,,168,,196,109,,115,,160,,114,85,258,,,153,110,,,,82,,,,,,,,101
2012-11-04,122,,186,,,144,,245,,,,,,,,,,,,,,590,788,146,110,456,154,177,,,1035,910,,,75,,228,,,,,1012,,302,92,,,,,167,296,,,155,,,,182,,193,90,,,71,760,,45,230,130,,,,,91,141,380,,,,148,,254,,91,,,,129,,125,,98,76,331,151,,,252,106,195,,139,,,158,,,71,256,87,,1265,797,183,,,152,,,26,,83,,,,,,,,567,,,,,,374,1324,,,196,,,,667,,,100,,100,247,73,,,,,,,,,,304,,,,,,,,,,114,,120,211,243,,,596,316,1865,,,,,,,284,680,381,,,173,,,112,,,,158,,115,84,261,,,143,110,,,,83,121,265,,,96,,,101
2012-11-05,122,,188,,317,147,,247,,,,,,,,,,,,,,590,790,147,115,460,161,185,,,1078,940,,,75,,238,,,,,1015,,312,,,,,,168,297,,136,,,,,185,,208,90,,140,,770,,,229,132,,,,,94,140,385,,,120,144,,259,,91,117,,,133,,130,,,77,337,,130,1320,260,,195,,138,135,,157,,,73,281,87,,1280,812,194,,,158,,,,,84,,,,,142,,,571,,,,,,380,1415,512,,196,,142,,667,,,102,,102,255,73,,,,,,,,163,,306,,,,,,80,,,,,,124,219,247,,,643,320,1904,81,100,133,,,,,682,368,,,,,179,114,,,,163,,117,85,263,,,,,,,,,123,,,81,95,,,
2012-11-06,124,,188,,330,146,,247,,36,,,,,,,,143,,,,598,788,153,117,478,163,197,,,1105,,,,75,,237,100,,,,1050,,317,,,,,,170,304,,134,,,,,182,,212,92,,144,71,776,,42,,138,,,104,,94,143,390,,,,150,,265,,90,,,,135,,130,,,,340,,128,1320,263,,192,,138,137,,158,,,72,281,87,107,1316,860,185,,,157,,,,,84,,,,,140,,,576,,,,,118,387,1424,522,,201,,144,,670,175,,101,,104,252,74,201,,,,,,,170,178,308,,145,,,,79,,,,,,128,218,265,,,641,321,2000,81,100,135,,,,,700,,,,,,174,114,,105,,165,,121,83,,,,,,,,,85,125,,,,,,,104
2012-11-07,130,,195,,334,,,251,,37,,,,,,,,149,,,,629,799,154,117,472,168,182,,,1124,980,,,75,,238,,,279,,1122,663,320,,,,,,173,310,,142,,,,,175,,207,93,,143,74,798,,41,,139,,,105,,99,145,,,,122,165,,273,,93,,,,139,,136,,,81,346,155,129,,273,,193,,140,141,,166,,,73,290,87,105,1447,946,190,,,160,,141,,,85,,,,,139,,,593,,,,,,387,1451,,,214,,,,671,,,103,,106,265,75,,,,,,122,,167,,308,,157,,,,79,,,,,,128,225,290,,,655,331,2130,83,102,133,,,,279,700,375,,,170,,176,,,108,,175,,127,83,273,,,,,,,,86,,,,,96,,,105
2012-11-08,132,,194,,336,,,251,,37,,,,,,,,150,,,,640,800,,116,475,171,191,,,1120,,,,,,239,,,,,1205,665,314,,,,,171,180,308,,146,,,,,170,,206,,,,,810,,43,,141,,,107,,98,147,394,,165,126,180,,275,,93,,,,138,,138,,,,346,,130,1339,273,,196,,153,139,,163,150,,75,294,87,108,1504,1022,205,,,166,,,,,,,,,,140,,,642,,,,,,400,1450,,,230,,,,670,,,109,,104,264,74,,,,,,,,,,300,,168,,,,81,,,,118,,,225,,,,677,342,2180,,105,143,,,,,690,400,,,173,,171,118,,106,,173,,123,83,270,,,,118,,,,88,,,,,97,,,107
2012-11-11,,,194,,332,,,243,,,,,,,,,,,,,,615,795,,118,474,168,175,,,1130,,,,,,233,,,284,,1121,704,314,,,,,168,,293,,,,,,,170,,194,94,,141,,802,,44,,134,,,103,,94,144,380,,,118,,,260,,88,,,,131,,136,,,80,330,,,1320,257,,189,70,150,139,,163,,,74,290,87,,1410,,208,,,154,175,147,26,,,,,,,,,,661,,,,,,408,1379,512,,230,,,,673,175,,113,,,257,,,,,,,,,,,299,,165,,,,82,,,,,,,214,,,,638,322,1930,,103,,,,141,,696,407,,,,,162,118,,103,,168,,125,81,,,,,,85,,,,,,,,97,,176,
2012-11-12,,,196,,344,,,240,,,,,,,,,,,,,,630,796,149,118,470,168,172,,,1140,985,,,,,234,,,,,1159,745,314,,,,,,,313,,,,,,,165,,200,93,,141,,820,,,,130,,,106,,94,145,,,,116,,,269,,,,,,130,,133,,,79,354,157,130,,262,,199,,147,137,,,,,75,284,85,,1455,963,223,,,161,,149,,,,,,,,144,,,670,,,,,,,1412,512,,228,,,,664,,,,,,263,,,,,,,,,,,305,,155,,,,82,,,,129,,,226,,,,650,339,1950,,105,,,,,306,695,405,,,175,,163,120,224,,,173,,123,82,,,,,,,,,88,,,,81,,,,101
2012-11-18,130,,202,,341,,96,240,,,,,,,,,,,,,,643,805,149,116,,174,181,,,1150,,,,73,,242,,,,,1200,,326,91,,,,,189,318,,148,,,,,162,,208,92,,,,860,,,,134,,,,,97,148,,,,114,,,283,,91,,,,140,,134,,,,350,160,132,1380,251,,195,,148,,,166,,,81,284,86,,1503,982,245,,,177,,,27,,,,105,,,,,,732,,,,,,400,1438,515,,243,,,,671,,,115,,,270,,,,,,,,,,,301,,162,,,,,,,,135,,,232,285,,,670,346,2023,,,145,,,139,312,705,397,,,178,,163,,232,109,,177,,124,90,275,171,,,,,,,88,127,,,82,96,,,105
2012-11-20,128,,204,,348,144,97,242,,,,,,,,,,150,,,,657,835,151,122,476,171,184,,,1172,1003,,,75,,252,,,286,,1252,,319,,,,,,191,333,,,,,,,162,,212,93,,,,900,,,230,134,,,103,,99,161,397,,,106,,,290,,90,,,,145,,134,,,,357,,132,1406,258,107,195,,152,143,,,153,,80,275,89,,1550,1061,269,,,194,,151,,,,,105,,,142,,,775,,,,,116,395,1450,,,246,,,,670,,,117,,104,286,,,,,,,114,,,,300,,160,,,,81,,,,139,,,231,,,,676,354,2040,,,147,,,,324,733,406,,,191,,162,122,232,107,,183,,126,87,,,,,114,,,118,89,,,,,98,,,105
2012-11-21,122,,205,,348,,,252,,,,,,,,,,152,,,,660,820,150,116,485,170,176,,,1162,1003,,,74,,252,,,291,,1245,,314,,,,,,,343,,146,,,,,165,,209,92,,,,900,,,,132,,,103,,97,164,,,,106,,,284,,89,,,,146,,133,,,,355,172,,1393,258,,194,,,141,,,,,77,272,,106,1535,1000,269,,,202,,,,,,,,,,,198,,764,,,,,,395,1530,,,238,,,,668,,,115,,,280,,,,,,,,,,,302,,155,,,,82,,,,,,130,232,,,,665,343,2018,,,,,,,348,745,391,,,194,,165,,,106,,180,,126,84,279,,,,,,,120,93,121,,,82,97,,,102
2012-11-22,122,,205,,347,,96,250,,36,,,,,,,,,,,,658,819,153,,497,164,181,,,1136,1003,,,73,,243,,,,,1235,,314,,,,,,,342,,146,,,,,164,,206,92,,,,900,,43,,132,,,103,,97,159,,,,107,,,280,,89,,,,146,,131,,96,,354,,132,1415,255,107,193,,149,145,,,,,72,274,88,108,1510,990,266,,,202,,,27,,,,103,,,,,,771,,,,,,395,1519,,,243,,,,667,,180,115,,96,275,,,193,,,,,,170,,300,,151,,,,87,,,,144,,126,231,,,,663,335,2008,,105,,,,,346,751,384,,,191,83,,,236,106,,179,,128,84,,177,,,112,,,,94,123,,,,97,,,102
2012-11-25,124,,211,,350,142,95,250,,,,,,,,,,149,,,,661,819,150,118,493,165,173,,,1140,,,,72,,242,,,283,,1223,,,,,,,,191,352,,,,,,,,,209,92,,,,898,,40,,133,,,104,,,159,404,,,111,,,275,,90,,,,144,,136,,,,351,173,134,1399,255,,197,,,147,,,,,72,264,88,,1501,980,267,,,200,,145,,,,,,,,,,,776,,,315,,,,,505,,249,,146,,670,,,117,,94,278,,,,,,,,,,,296,,153,,,,86,,,,141,,116,234,289,,,664,321,2003,,,,,,,340,750,384,,,191,,168,,,105,,176,,130,84,280,180,,134,,,,,94,,,7497,,96,,,106
2012-11-26,125,,208,,347,140,94,249,,,,,,,,,,,,,,648,807,148,116,,165,170,,,1129,,,,71,,249,,,,,1225,,314,,,,,167,191,359,,145,,,,,161,,206,91,,,,878,,,,135,,,113,,97,156,385,,,113,170,,273,,87,117,,,145,,134,,,,352,182,,,250,,195,,,,,,156,,70,268,87,106,1478,960,263,,,199,,,,,,,,,,142,,,797,,,,,,402,1415,,,245,,156,,667,178,,,123,97,280,,,,,,,,,173,175,305,,153,,,,85,,,,142,,116,235,284,,,665,323,1972,,,143,,,,331,760,380,,,193,,167,,232,103,,180,,128,84,280,,,,112,,,,92,,,,85,,,161,103
2012-11-27,124,,203,,340,,,245,,,,,,,,,,145,,,,637,790,147,116,,165,180,,,1132,,,,72,,243,,,288,,1211,,315,,,,,,191,366,,143,,,,,158,,202,91,,,,858,,,,136,,,110,,94,159,378,,,108,167,,275,,87,,,,145,,133,,,,346,179,132,,248,,195,,,145,,,,,71,263,,,1485,975,254,,,198,,143,,,,,,,,140,,,822,,,,,114,395,1350,,,244,,151,,664,,,116,,96,272,,,,,,,,,,,300,,,,,,86,,,,146,,117,233,289,,,660,319,1978,,,,,,,341,740,372,,,,,158,,224,103,,176,,130,84,308,,,,111,84,,,92,,,,88,97,,158,103
2012-11-28,124,,208,,338,,91,237,,,,147,,,,,,,,,,645,787,149,118,,161,178,,,1126,1020,,,72,,244,,,290,,1219,,340,,,,,,185,380,,,,,,,151,,202,90,,,,865,,,226,134,,,104,,92,152,,,,106,,,270,,86,,,,145,,132,,,,340,180,,,247,,194,,147,,,,,,70,250,87,,1499,975,241,,,197,,,,,,,,,,,,,831,,,,,,374,1360,,,242,,,,660,176,,116,123,,277,,,,,,,108,,170,,297,,,,,,84,,,,,,119,235,,,,675,324,1930,,104,,,,,,727,394,,,195,,147,,220,103,,175,,,82,326,,,124,115,84,,,,,,,93,,,,103
2012-11-29,125,,207,,331,140,91,242,,,,,,,,,,,,,,635,781,149,117,,,178,,,1118,980,,,70,,241,,,305,,1206,731,340,,,210,,,182,380,,,,,,,147,,200,91,,139,,851,,,,135,,,106,,,150,381,,,106,,,266,,85,,,,142,,129,,,,344,177,,,247,,190,,,144,,,,,70,255,,,1460,960,235,,,194,,145,,,,,,,,,,,829,,,,,,,1370,500,,237,,,,660,,,116,,,272,,,,,,,107,,,,298,,,,,,83,,,,,,117,228,,,,672,322,1910,,,145,,,,323,700,387,,,198,,149,,,103,,174,,128,80,325,,,,,,,,,123,,,92,96,,143,
2012-12-02,127,,201,,326,,90,238,,,,,,,,,,,,1038,,623,733,147,115,,,173,,,1118,,,,,,241,,,305,,1183,,334,,,,,,,370,,,,,,,148,,195,89,,,,831,,,,139,,,106,,90,149,395,,,105,,,251,,85,,,,138,,,,,,340,174,126,,241,,190,,,142,,,,,69,250,,,1445,,227,,,,,,,,,,,,,138,,,807,,,,,,,1407,,,236,,,,658,,,,,93,268,,,,,,,,,,,300,,,,,,83,,,,,,,229,285,,,653,315,1905,,,,,,,318,690,,,,,82,,,,,,169,,126,79,313,,,122,115,,,,92,,,,,96,,,105
2012-12-03,123,,203,,319,,92,226,,,,,,,,,,,,,,605,700,146,113,,158,173,,,1104,,,,70,,235,,,300,,1169,,,,,,,,179,364,,,158,,,,156,,191,91,,,,815,,41,,130,,,104,,89,146,393,,,105,,,240,,85,,,,135,,,,,,340,173,122,1340,244,107,188,,,140,,,,,66,,88,,1460,940,234,,,,,,,,,,,,,136,,,800,,,290,,,367,1403,,,229,,,,660,,,,,90,251,,,,,,,,,,,302,,,,,,84,,,,146,,116,231,,,,654,307,1925,,,,,,,314,677,380,,,,81,,120,,103,,167,,122,78,310,,,,120,,,,91,,,7646,,95,,,103
2012-12-04,121,,204,,336,,95,238,,,,,,,,,,,,1058,,635,728,148,110,,161,178,,,1134,,,,,,242,100,,304,,1199,,328,,,,,,,380,,,154,,,,154,,204,91,,140,,849,,,,137,,,108,,91,152,400,,,105,,,257,,85,,,,144,,,,,,349,173,122,1382,244,106,191,,,139,,,,,67,260,89,,1466,950,245,,,185,,145,,,,,,,,136,,,829,,,,,,,1435,500,,239,,,,665,,,114,,91,265,,,,,,,,,,,300,,156,,,,83,,,,148,,118,237,,,,674,313,1930,,,,,,138,326,690,,,,196,78,163,,,104,,173,,120,79,310,178,,120,119,,,,93,,,,,94,,,106
2012-12-05,123,,208,,330,,97,237,,,,,,,,,,143,,,,651,740,,111,,,179,,,1150,,,,70,,256,,,298,,1245,,335,,,,,,,400,,,146,,,,156,237,208,91,,140,,890,,40,,139,,,108,,91,160,400,,,105,170,,268,,89,,,,144,,125,,,78,358,183,,1355,240,,199,,145,144,,,,,68,260,88,,1503,995,265,,,192,,145,,,,,,,,,,,847,,,299,,,374,1436,,,250,,,,665,,,112,,94,285,,,,,,,,,,,306,,154,,,,83,,,,153,,117,254,285,,,703,329,1994,,,,,,,,703,,,,193,77,170,,,,,179,,,80,322,,,110,117,,,,96,135,,,93,,,139,107
2012-12-06,121,,206,,329,,99,233,,,,,,,,,,,,,,641,,146,112,,158,178,,,1135,,,,70,,256,,,290,,1231,,335,,,,,,176,404,,,132,,,,153,,207,91,,140,,869,,,,137,,,111,,90,152,401,,,107,,,263,,87,,,,143,,123,,,77,358,190,,1280,258,,192,,,,,,,161,72,266,89,,1498,980,251,,,184,,147,,,,,103,,,,,,847,,,,,,,1475,480,,249,,,,665,,177,113,,,279,,,,,,,,,167,,298,,148,,,,81,,,,,,118,254,289,,,706,323,1980,,102,,,,,267,689,374,,,198,75,187,,,102,,178,,116,78,310,,,108,118,,,,95,148,,8112,,,,133,108
2012-12-09,120,,204,,317,138,98,228,,36,,,,,,,,141,,,,621,735,154,,,161,175,,,1124,,,,,,245,,,291,,1201,,330,,,,,,167,387,,145,,,,,153,,198,90,,,,840,,,,,116,,109,,89,151,392,,,102,,,255,,85,,,,149,,,,95,78,352,193,120,1326,250,104,190,,,,,,,,71,266,90,,1450,,242,,,182,,146,,,,,,,88,134,,,826,,,,,,,1411,,,235,,,,652,,,111,,,275,,,,,,,,,167,,300,,144,,,,82,,,,,,116,247,290,,,680,317,1945,,98,,153,,,,676,,,,192,75,,,216,102,,172,,126,77,309,,,108,117,,,,,,,,93,,,127,106
2012-12-10,118,,201,,323,136,,248,,,,,,,,,103,140,,,,620,,,113,,159,175,,,1110,,,,,,251,,,295,,1197,,321,,,,,,168,389,,,,,,,150,,195,,,140,,854,,,,,,,108,,88,154,,,,100,,,254,,83,,,,147,,,,,77,355,192,,1360,254,102,192,,,142,,,,,69,261,,104,1450,,248,,,174,,150,,,,,,,,,,,832,,,,,112,381,1450,,,236,,,,645,,,111,,,270,,,,,,,,,,,299,,146,,,,82,,,,,,116,247,285,,,690,325,1945,,,,,,,262,,,,,197,74,,,,101,,174,,132,78,308,,,104,,,,,96,,,,95,91,,125,
2012-12-11,120,,205,,312,,100,240,,,,,,,,,,142,,,,626,725,,113,391,,172,,,1121,,,,67,,251,,,300,,1199,,335,,,,,,165,390,,149,,,,,150,,195,94,,142,,863,,39,,,,,114,,89,153,390,,,105,,,252,,82,,,,141,,,,,,355,196,,1355,252,,191,,,138,,154,,,68,266,89,,1450,,247,,,177,,147,,,,,,,,,,,837,,,294,,,395,1454,,,238,,,,650,,,113,,,275,,,,,,,,,,,293,,143,,,,,,,,,,118,247,,,,686,316,1950,,,,,,,,689,,,,199,70,,,210,103,,171,,136,79,306,,,106,,85,,,98,139,,,,,,127,
2012-12-12,123,,203,,329,,102,236,,,,,,,,,,,,,,629,,,,,161,184,,,1130,990,,,65,,256,,,295,,1205,700,340,,,206,,,167,393,,153,,,,,149,,199,98,,139,,879,,,,135,,,108,,86,153,,,,,,,257,,81,,,,140,,,,,,362,,121,1375,251,104,193,,,136,,,,,69,256,87,,1480,,256,,,183,,,,,,,,,,,,,847,,,290,,,391,1455,466,,245,,,,655,189,,111,,,280,,,,,,,,,,,308,,141,,,,80,,,,,,116,250,,,,699,315,1952,,,,,,,,,381,,,,72,,114,,94,,175,,140,77,308,168,,106,,,,,100,137,,,97,,,127,
2012-12-13,,,208,,330,,109,239,,,,,,,,,,,,1079,,630,785,,109,405,164,180,,,1128,1000,,,66,,256,,,295,,1220,734,342,,,,,,166,395,,151,,,,,151,,195,99,,,,796,,37,230,,,,110,,86,153,266,,,,,,254,,79,,,,140,,,,,,355,,120,1410,253,101,194,,,,,,,,68,261,87,,1490,,249,,,188,,149,,,,,,,,132,,,860,,,,,,400,,475,,242,,,,660,207,,112,,,276,,,,,,,,,164,,300,,141,,,,79,,,,,,117,252,,,,705,319,1978,,96,,,,,257,729,381,225,,202,,,112,,93,,177,,142,78,308,168,,104,,85,,,101,135,,,100,88,,125,105
2012-12-16,123,,215,,334,,,243,,,,,,,,,,,,1100,,647,800,151,111,421,167,180,,,1154,1000,,,68,,270,,,300,,1255,769,348,,,,,,163,429,,,,,,,155,,208,,,,,802,,37,,,,,111,,89,162,274,,,105,,,270,,79,,,,145,,,,,,366,,118,,263,,199,,,138,,,,,69,271,87,,1528,969,259,,,195,,151,,,,,,,,130,,,904,,,290,,,400,1455,480,,255,,,,670,200,,111,,,295,,,,,,,,,,,307,,146,,,,79,,,,150,,,272,,,,743,323,2045,,,,,,,,724,395,,,,,,118,,92,,184,,144,79,,,162,108,,,,,,,,,,88,,123,
2012-12-17,124,,218,,330,138,,237,,36,,,,,1793,,,,,,,660,794,,116,421,170,178,,,1175,1040,,,68,,277,,,300,,1290,784,342,,,,,,166,438,,,,,,,153,,209,102,,,,796,,36,,,,,113,,90,164,289,,,,,,264,,81,,,,146,,,,,,365,,,,263,,201,,130,,,,,,71,274,87,,1559,970,260,,395,201,,,,,,,,,,,,,945,,,,,,408,1460,485,,258,,,,662,,,114,,,316,,,,,,,,,,,312,,145,,,,80,,,,150,,117,274,,,,770,326,2065,,96,149,,,,252,730,403,221,,206,72,,,,,,190,,146,80,314,165,,110,,,,,,137,,,,,,,
2012-12-18,,,215,,323,,,233,,36,,,,,,,,,,,,659,800,151,120,,167,173,,,1149,,,,66,,266,,,,,1290,771,337,,,,,,170,436,,,,,,,150,,204,,,,,792,,39,,,,,117,,88,164,275,,,109,,,265,,84,,,,142,,122,,,,364,,,,255,,198,,,138,,,,,70,259,86,,1522,989,250,,414,199,,153,,,,,,,,131,,,933,,,,,,390,1518,480,,256,,,,665,200,,113,,94,311,,,,,,,,,,,304,,142,,,,82,,,,145,,116,266,,,,751,327,2024,,97,,,,,,,400,225,,201,71,,114,,,,187,,144,79,310,,,108,,,,,,136,,8923,,,,135,
2012-12-19,126,,216,,321,136,,229,,,,,,,,,,,,,,673,787,147,,,170,181,,,1146,1144,,,64,,275,,,306,,1302,786,343,,,,,,174,438,,154,,,,,155,,207,,,,,798,,43,,,,,117,,87,167,280,,162,110,,,266,,92,,,,142,,118,,,,367,,,,262,,200,,128,136,,,,,75,264,,,1547,970,260,,450,200,172,153,,,,,,,,,,,940,,,,,,376,1500,480,,257,,,,658,201,,111,,,316,,,,,,,,,164,,301,,142,,,,82,,,,143,,116,275,,,,776,326,2030,,96,147,,,,,716,,225,,,71,,,219,,,195,,150,80,311,,159,100,,84,,,,,,9815,,87,,143,
2012-12-20,122,,209,,325,,,229,,,,,,,,,,,,,,682,800,155,,437,167,180,,,1141,1258,,,64,,283,,,300,,1310,785,,,,,,,183,425,,,,,,,154,,208,93,,,,801,,47,,,,,115,,86,172,275,,,,,,276,,95,,,,141,,113,,,,370,,,,262,,220,,,,,,,,73,270,,,1556,,261,,490,189,160,150,,,,,,,,129,,,818,,,291,,,390,1500,480,,256,,,,659,200,,114,,,316,,,,,,,,,,,302,,149,,,,82,,,,145,,120,272,,,,786,329,2000,,97,,,,,247,702,,,,,,190,120,231,,,198,,,80,316,165,,103,,84,,,,,,10080,101,,,157,
2012-12-23,,,213,,324,,,227,,,,,,,,,,,,,,673,,153,,,170,182,,,1155,1305,,,66,,287,,,330,,1316,,335,,,,,,,424,,,,,,,153,,210,91,,,,795,,51,,,,,115,,84,179,272,,,,167,,275,,94,,,,144,,117,,,,371,,112,,260,100,242,,126,135,,151,,,71,270,85,,1575,,253,,534,188,145,145,,,,,,,,141,,,822,,,291,,,,1470,473,,252,,,,655,,,116,,93,320,,,,,,,,,,,301,,150,,,,,,,,141,,,282,284,,,805,338,2014,,97,145,150,,,,715,408,,,199,70,171,118,,,,198,,,76,334,,,101,,,,118,,134,,9682,,87,,140,
2012-12-24,121,,228,,332,,107,228,,,,,,,,,,,,,,689,,155,112,430,173,180,,,1159,,,,68,,290,,,340,,1336,784,350,,,,,,177,439,,157,,,,,154,,222,89,,136,,805,,54,,132,,,113,,89,190,272,,,,158,,280,,94,,,,148,,119,,,,385,,104,,270,,254,,128,135,,150,,,70,263,,,1567,,255,,609,187,131,,,,,,,,,155,,,820,,,301,,,,1475,486,,270,,148,,659,,,,,,330,,,,,,,,,,,306,,155,,,,,,,,140,,122,292,,,,846,342,2020,,,,,,,,710,400,,,,70,156,,,,,207,,150,75,350,,156,101,,,,,,,,,,86,,,
2012-12-26,120,,238,,335,,105,232,,,,,,,,,,,,,,711,800,155,111,,,184,,,1161,1428,,,68,,302,,,322,,1360,799,354,,,,,,182,449,,,,,,,154,237,239,86,,,,835,,58,218,131,,,124,,,194,272,,,,158,,290,,94,119,,,155,,119,,91,,397,196,,,283,,246,,,132,,,,,,260,84,,1615,999,261,,645,192,118,147,,,,,103,,,170,,,849,,,307,,,,1490,494,,281,,,,666,,,118,,,340,,,,,,,,,,,300,,161,,,,,,,,142,,,290,,,,870,341,2120,,,,,,,,,416,,,199,69,158,118,,,,215,,,76,350,,153,103,,85,,,,,,,,85,,,
2012-12-27,,,250,,330,,,230,,,,,,,,,,,,1144,,734,805,154,109,,173,182,,,1165,1440,,,68,,295,,,315,,1395,,355,,,,,,,433,,,,,,,156,,239,86,,,,842,,54,214,129,,,136,,88,190,,,,,158,,300,,94,,,,157,,120,,,,390,,103,,286,102,240,,126,128,,,,,,264,84,,1701,1064,259,,709,192,107,,,,,,,,,187,,,864,,,,,,,1555,485,,281,,,,664,,,117,,94,341,,,,,,,,,,,304,,157,,,,,,,,144,,,294,,,,885,346,2130,,,147,,,,,724,409,,,202,70,154,120,,83,,211,,,79,,,147,103,,87,,,,,,9685,,85,,,
2012-12-31,118,,240,,330,,,231,,,,,,,,,,,,,,710,805,,108,,176,178,,,1145,1451,,,,,292,,,309,,1380,810,,,,206,,,179,426,,160,,,,,153,,216,85,,,,806,,56,,133,,,149,,,180,,,,,155,,281,,92,,,,155,,116,,,,384,,103,,279,,233,,124,129,,,,,69,,84,,1693,1018,275,,779,194,,,,,,,,,,184,,,840,,,307,,,,1530,494,,280,,,,660,,,115,,,330,,,,,,,,,,,304,,160,,,,,,,,,,120,280,,,,860,338,2115,,96,,,,,,762,,,,201,69,152,120,,86,,202,,,78,,165,,103,,86,,,97,,,,,84,,,
