date,ACEDBL,ACEDPO,ADBL,AHPC,AIC,ALDBL,ALICL,APEX,ARDBL,ARUN,AXIS,BBBL,BBBLN,BBBLPO,BBC,BGDBL,BHBL,BLDBL,BNL,BNT,BOK,BOKPO,BPCL,BRTBL,BSBL,BUDBL,CBBL,CBL,CDBL,CDBLPO,CEDBL,CEDBLP,CHCL,CIT,CIVIC,CMBSL,CNDBL,CORBL,CTBNL,CTNBL,CZBIL,CZBILP,DDBL,EBL,EBLCP,EDBL,EFL,EIC,FFCL,FFCLPO,FMDBL,GBBL,GBIME,GBIMEP,GDBL,GFCL,GFCLPO,GLICL,GMFIL,GRAND,GRANDP,GSDBL,GULMI,HAMA,HAMRO,HBL,HBLPO,HDL,HFL,HGI,ICFC,ICFCPO,IDBL,IDBLPO,ILFC,INDB,INDBL,JBBL,JBBLPO,JBNL,JEFL,JFL,JFLPO,JHBL,KADBL,KAFIL,KAFILP,KAN,KBBL,KBBLPO,KBL,KBLPO,KDBL,KDBLPO,KEBL,KFL,KFLPO,KHDBL,KIST,KISTPO,KKBL,KMBL,KNBL,KRBL,LBL,LBLPO,LFLC,LGIL,LICN,LUBL,LUBLPO,MBBL,MBBLPO,MBL,MBLPO,MDB,MDBL,MDBLPO,MEGA,METRO,MFIL,MFL,MKDBL,MNBBL,MPFL,MSBBL,NABB,NABBC,NABIL,NABILP,NBB,NBBPO,NBF,NBF1,NBIL,NBL,NBSL,NCCB,NCCBPO,NCDBL,NCM,NCMPO,NDEP,NDEPPO,NDFL,NEFL,NEFLPO,NFS,NGBL,NHMF,NHPC,NIB,NIBPO,NICA,NICAP,NICL,NIDC,NIL,NLBBL,NLG,NLIC,NLICL,NLICLP,NMB,NMBPO,NNFC,NNFCPO,NTC,NUBL,OFL,OHL,PADBL,PBSL,PCBL,PCBLP,PDBL,PDBLPO,PFC,PFCL,PFIL,PFL,PIC,PICL,PLIC,PRBBL,PRDBL,PRFL,PRFLPO,PURBL,RDBL,RIBSL,RIBSLP,RMDC,SADBL,SANIMA,SBBLJ,SBBLJP,SBBLPO,SBI,SBL,SBLPO,SCB,SETI,SETIPO,SEWA,SFFIL,SFL,SFLPO,SHINE,SHL,SIC,SICL,SIFC,SIFCPO,SIGS1,SIL,SINDHU,SINDU,SKBBL,SLBBL,SLFL,SLICL,SLICLP,SMBF,SMFDB,SODBL,SODBLPO,SRBL,SRBLPO,STC,SUBBL,SUPRME,SUPRMP,SWBBL,SYFL,TBBL,TDBL,TNBL,TNBLPO,TRH,UFCL,UFIL,UFL,UIC,UNL,VBBL,VFL,WDBL,YFL,ZFL
2013-01-01,116,,238,322,,103,239,,,,,,,,,,,,,,711,,805,,,104,,,182,,175,,1150,1400,,,67,,,,285,,302,1359,764,,,,,,,180,411,,,,,152,,211,,84,,,,805,,,51,,132,,,,140,,,,,177,,,,,,,,,155,,282,,91,,,,,,149,,,,,,375,,,,,282,,,,230,,124,135,,,144,,,68,258,86,,,,1660,1036,274,,,,,856,,187,,,145,,,,,,,,165,,,839,,,,,,,,,1475,495,,270,,146,,663,,,113,,,320,,,,,,,,,184,303,,,151,,,,,,,118,273,,,,854,328,,2105,96,,,,,,,247,748,410,,,,206,,,,,71,157,,,,82,,199,,,,77,,,,,100,,,86,,95,,,,,,85,,
2013-01-02,115,,242,328,,109,235,,,,,,,,,,,,,,712,,,,,,,,174,,175,,1150,1414,,,67,,,,292,,,1365,750,,,,,,,180,411,,,,,151,,217,,84,,,,821,,,49,195,132,,,,146,,,85,,183,,,,,,109,,,152,,281,,89,,,,,,150,,,114,,,372,,,100,887,275,,,,228,,122,,,,,,,67,253,87,,,,1661,1035,269,,,,,941,,183,,,,,,,,,,,,,,845,,,,,,,,,1475,487,,267,,146,,665,,,112,,93,326,,,130,,,,,,168,304,,,154,,,,144,,,,279,279,,,850,326,,2081,97,,,,,,,,734,394,221,,,212,,,,,70,159,,,,83,,198,,,,74,,345,,,99,,,85,,,,,,,97,,,103
2013-01-03,105,,246,330,,,231,,,,,,,,,,,,,,717,,,,149,107,,,,,169,,1154,1446,,,65,,,,289,,291,1375,780,,,,,,,177,415,,,,,149,,222,,84,138,,,820,,,52,192,132,,,,137,,,81,,181,,277,,,,,,,150,,283,,92,,,,,,151,,,114,,76,372,,,102,958,275,,,,231,,,135,,,,,,67,259,,,,,1689,1070,267,,,,,1035,,190,,,,,,,,,,,,,,831,,,,,,,,,,525,,276,,,,661,,,116,,,321,,,,,,,,,168,300,,,150,,80,,142,,,118,280,274,,,859,332,,2101,96,,144,,,,,,720,387,,,,,,,,,69,160,,,,83,,200,,,,75,,335,,,98,,,,,,,,,,,,,
2013-01-06,107,,241,321,,107,233,,,,,,,,,,,,,,709,,,,150,109,,,175,,166,,1135,1535,,,66,,,,285,,,1375,785,,,390,,,165,180,410,,,,,148,,218,,85,138,,,815,,,54,,129,,,,134,,,80,,175,,272,,,,105,,,,,282,,92,,,,,,146,,,115,90,,370,,,104,996,273,,,,239,,,,,,142,,,66,263,,,,,1675,,264,,,,,1138,,189,,,,,,,,,,,,,,831,,,,,,108,,,1448,505,,275,,146,,663,208,,115,,,316,,,,,,,,,162,300,,,148,,,,140,,,118,280,270,,,846,330,,2084,97,,140,,126,,,,755,,,,,,,,,,70,157,,,,80,,192,,,,76,,,,,96,,,86,120,94,,,,,,82,,95
2013-01-07,,,241,324,,107,232,,,,,,,,,,,,,,702,,805,,,107,,,166,,169,,1139,1661,,,65,,,,278,,,1370,775,,,,,,,176,404,,,,,148,,208,,85,,,,824,,,56,,,,,,136,,,81,,172,,270,,,,103,,,150,,271,,92,,119,,,,147,,,115,,73,366,,,106,1035,262,,,,226,,124,,,,,,,66,268,85,,,,1665,1015,260,,,,,1251,,188,,,,,,,,,,,,,,815,,,,,,109,,,1430,499,,265,,144,,660,,,118,,91,313,,,,,,,,,159,297,,,150,,,,,,,,274,,,,844,326,,2056,98,,138,,124,,,,785,424,217,,,,,,,,,158,,,,77,,189,,,,75,,,,,97,,,85,,95,,,10100,,,84,,95
2013-01-08,,,239,324,,,228,,,,,,,,,,,,,1166,697,,,,,,,,166,,167,,1138,1635,,,,,,,276,,,1366,,,,,,,,,402,,,,,146,,209,,86,,,,,,,,,,,,,130,,,79,,171,,,,,,,,,,,267,,,,,,,,146,,,115,,73,369,,,,1055,,,,,220,,,,,,,,,66,270,,,,,1654,1015,262,,,,,1295,,180,,,,,,,,,,,,,,830,,,,,,,,,1500,500,,262,,,,661,,,116,,,304,,,,,,,,,,306,,,,,,,,,,116,269,,,,835,325,,2050,,,,,,,,,800,432,,,,,,,,,,160,,,,76,,191,,,,74,,,,,,,,,,,132,,,,,,,
2013-01-09,,,238,320,,,239,,,,,,,,,,,,,,690,,810,,,,,,163,,173,,1129,1667,,,,,,,277,,300,1361,770,,90,,,,165,176,399,,,,,151,,209,,86,,,,805,,,,190,125,,,,128,,,78,,170,,,,,,98,,,147,,273,,91,,,,,,145,,,116,,,359,,190,,1070,266,,,,224,,,135,,,140,,,65,,86,,,,1650,1000,255,,,,,1166,,184,,,,,,,,,,,,,,820,,,,,,,,,1480,,,261,,,,654,,,116,,,303,,200,,,,,,,160,309,,,146,,,,138,,,,268,275,,,821,326,,2050,,,,,,,,,827,440,,,,,,,,,,165,,,,73,,188,,,,73,,,,,96,,,,,94,,,,,,83,,95
2013-01-10,,,243,322,,,250,,,,,,,,,,,,,,714,,805,,,101,,,,,170,,1140,,,,63,,,,285,,324,1375,775,,,,,,,173,410,,,,,157,,212,,86,,,,800,,,,,,,98,,125,,,80,,175,,,,,,100,,,149,,273,,89,,,,,,145,,,113,,,363,,,101,1156,265,,,,219,,,134,,,138,,,66,265,86,,,,1640,1001,255,,,,,1050,,184,,,,,,,,,,,,,,820,,,,,,,,,1499,510,,264,,,,660,204,,120,,,318,,,,,,,,,168,314,,,149,,79,,136,,,115,273,285,,,835,325,,2049,99,,136,,,,,271,790,452,,,,,,,,,69,166,,,,78,,191,,,,72,,,,,96,,,,,,,,,,,82,,95
2013-01-13,117,,240,323,,,255,,,,,,,,,,,,,,702,,805,,,101,425,,,,172,,1130,1602,,,64,,,,276,,334,1380,,,,,,,166,,400,,,,,151,,210,,87,,,,800,,,,,,,95,,127,,,78,,173,,,,,,99,,,148,,274,,89,,,,,,143,,,115,,,367,,,100,1179,267,,,,227,,126,135,,,,,,66,270,,,,,1650,1050,255,,,,,1000,,181,,,,,,,,,,,,,,814,410,,,,,,,,1520,530,,269,,,,665,212,,122,,,314,,,,196,,,,,170,311,,,146,,,,134,,,,276,285,,,851,322,,2065,98,,136,,132,,,,845,,,,,216,,,,,70,166,,,,78,,190,,,,70,,340,,,95,,,,,93,,,,,,81,,95
2013-01-15,122,,264,321,,,240,,,,,,,,,,,,,,698,,800,,141,,,,172,,169,,1121,1442,,,66,,,,279,,322,1400,770,,,,,,163,182,426,,,,,145,,213,,85,,,,790,,,,,,,90,,125,,,78,,175,,,,,,102,,,148,,273,,88,,,,,,147,,,113,,,366,,,104,1180,265,,,,238,,126,,,,,,,65,267,,,,,1650,,255,,,,,950,,180,,,,,,,,,,,168,,,830,,,,,,105,315,,1632,535,,274,,,,657,220,,122,,,311,,,,,,,,,164,303,,,144,,,,136,,,,273,285,,,862,315,,2053,97,,140,,130,,,,845,449,,,,216,,,,,,166,,,,77,,189,,,,72,,,,168,94,,,,,,,,10100,,,80,,95
2013-01-16,126,,270,322,,,232,,,,,,,,,,,,,,691,,,,141,102,,,175,,166,,1116,1440,,,66,,,,273,,322,1390,776,,,,,,,179,413,,,,,145,,205,,84,,,,805,,,54,187,,,81,,127,,,80,,172,,,,,,101,,,,,273,,89,,,,,,146,,,114,,,356,,,,,260,,,,239,,130,133,,,,,,65,262,,,,,1650,1079,250,,,,,931,,175,,,,,,,,,,,,,,816,,,,,,,309,,1600,535,,264,,,,660,224,,122,,,308,,,,,,,,,,301,,,,,83,,,,,115,266,,,,852,321,,2040,98,,,,128,,,,825,453,,,,215,,,,,70,169,,,,74,,188,,,,71,,327,,,92,,,,,,,,,,,82,,95
2013-01-17,126,,254,320,,105,224,,,,,,,,,,,,,,680,,800,,137,102,401,,178,,168,,1108,1410,,,66,,,,266,100,316,1370,775,,,,,,158,181,406,,,,,145,,200,,,,,,789,,,,,123,,74,,126,,,80,,169,,,,,,103,,,,,265,,88,,,,,,144,,,115,,,355,,,,,253,,,,232,98,137,130,,,,,,63,270,,,,,1620,1042,244,,,,,926,,173,,103,,,,,,,,,,,,781,,,,,,107,305,,1530,518,,257,,142,,655,228,,123,,,302,,,,196,,,,,,300,,,,,88,,133,,,,258,285,,,838,316,,2005,98,,,,130,,,298,794,461,,,,215,,,,,,170,,,,74,,185,,,,71,,332,,,92,,,86,,,,,,,,81,,95
2013-01-20,125,,247,,,103,,,,,,,,,,,,,,1189,650,,784,,,100,,,177,,159,,1081,,,,70,,,,250,,,1330,,,,,,,,180,396,,,,,,,195,,80,,,,774,,,,,,,68,,124,,,81,,162,,,,,,,,,,,253,,87,,,,,,136,,,123,,,340,,,,,242,,,,223,,133,128,,,,147,,61,261,84,,,,1550,1023,236,,,,,903,,175,,,,,,,,,,,,,,745,,,,,,,301,,1545,,,246,,140,,650,,,122,,,290,,,,,,,,,168,298,,,144,,87,,130,,,115,255,,,,796,,,1919,97,,,,,,,294,784,452,,,,216,,,,,,163,,,,72,,174,,,,71,,311,,,91,,,86,,,,,10000,,,,140,
2013-01-21,125,,251,322,144,103,,,,,,,,,,,,,,,674,,,,135,102,400,,172,,162,,1106,1382,,,68,,,,265,,,1358,775,,,,,,,179,402,,,,,146,,204,,85,,,,779,,,,,,,74,,,,,78,,168,,,,,,105,,,180,,263,,86,,,,,,140,,,127,,,349,,,106,,260,,,,232,,139,,,,,136,,65,266,,,,,1590,1020,245,,,,,917,,177,,,,,,,,,,,,,,786,,,,,,,316,,1580,528,,256,,139,,659,235,,124,,,300,,,,,,,,,169,299,,,,,87,,132,,,,262,,,,818,322,,1950,97,,,,,,,,799,450,,,,214,,,,,,167,,,,73,,180,,,,76,,315,,,,,,,,,,,,,,,,95
2013-01-22,125,,261,329,146,101,,,,,,,,,1758,,,,,,683,,,,137,101,400,,169,,165,,1112,1433,,,69,,,,272,,,1388,775,,,,,,,176,407,,,,,144,,206,,83,,,,780,,,,,,,81,,120,,,78,,174,,,,,,104,,,,,262,,87,,,,,,143,,,125,,,355,,,107,,255,,,,229,,141,130,,,,128,,67,271,,,,,1600,1015,245,,,,,950,,177,,,,,,,,,,,162,,,805,,,,,,,322,,1581,538,,264,,139,,662,225,,125,,,309,,,,196,,,,,169,298,,,,,90,,132,,,125,264,290,,,827,318,,1968,97,,,,,,,304,800,,,,12,,,,,,,165,,,,72,,183,,,,74,,,,,91,,,,,91,,,9800,,,81,,95
2013-01-23,127,,260,321,,98,,,,,,,,,1793,,103,,,,672,,790,,138,101,407,,167,,168,,1095,1449,,,69,,,,268,,310,1373,775,,,,,,156,179,406,,,,,138,,203,,83,,,,760,,,,184,,,79,,122,,,77,,168,,,,,,102,,,,,259,,86,,,,,,144,,,122,,,350,,,,,250,,,,228,,,128,,,,120,,70,272,87,,,,1583,1035,247,,,,,970,,175,,,,,,,,,,,156,,,770,,,,,,113,328,,1550,565,,262,,,,655,225,,129,,90,305,,,,,,,,,164,298,,,,,91,,,,,,257,,,,826,312,,1955,,,,,128,,,301,800,441,,,13,,,,,,71,168,,,,72,,180,,,,71,,,,,90,,,86,,85,,,,101,,81,,94
2013-01-24,123,,252,311,,97,,,,,,,,,,,,,,,664,,780,,134,100,393,,163,,166,,1083,1449,,,67,,,,268,,,1374,780,,,,,,153,170,400,,,,,138,,197,,80,,,,760,,,,,,,79,,121,,,74,,169,,,,,,102,,,144,,,,85,,,,,,140,,,120,,,345,,,106,,254,,,,225,,135,130,,,,116,,68,274,87,,,,1601,1015,242,,,,,950,,170,,,,,,,,,,,153,,,758,,,,,,117,,,1530,554,,260,,137,,651,225,,129,,,305,,,,,,,,,160,296,,,143,,,,134,,,130,257,290,,,821,305,,1945,95,,136,,129,,,295,,449,,,12,216,,,,,72,165,,,,71,,180,,,,71,,321,,165,92,,,,,82,,,9996,91,,81,,93
2013-01-27,,,250,305,,93,,,,,,,,,,,,,,,666,,,,133,100,383,,160,,165,,1079,1448,,,,,,,261,,,1380,766,,,,,,,168,408,,,128,,138,,198,,78,,,,755,,,,181,,,77,,120,,,74,,168,,,,,,,,,145,,260,,84,,,,,,139,,,119,89,72,346,,,102,,244,,,,222,,133,127,,,130,110,,67,269,,,104,,1605,1000,237,,,,,930,,187,,,,,,,,,,,,,,760,,,,,,,,,1580,560,,259,,139,,648,226,178,137,,,309,,,,193,,,,,,297,,,140,,95,,132,,,128,260,,,,814,306,,1980,94,,,,,,,300,800,450,,,12,212,,,,,68,164,,,,69,,180,,,,70,,335,,,91,,,87,108,81,,,,88,,81,,92
2013-01-28,123,,243,310,141,91,,,,,,,,110,,,,,,,670,,,,130,100,390,,160,,163,,1085,1340,,,66,,,,261,,304,1365,781,,,,,,,,410,,,,,140,,198,,82,,,,765,,,,,,,76,,118,,,74,,169,,,,,,102,,,,,250,,84,,,,,,138,,,122,,,335,,,100,,241,,,,226,,133,125,,,,,,67,270,,,,,1605,1050,242,,,,,924,,187,,,,,,,,,,,147,,,760,,,,,,117,322,,1616,539,,259,,,,653,230,,149,,,303,,,,,,,103,,,294,,,140,,,,130,,,125,260,285,,,810,304,,1980,93,,,,128,,,300,783,450,,,12,,,,,,69,164,,,,67,,177,,,,68,,332,,,91,,,89,98,82,,,,88,,83,,95
2013-01-30,122,,242,310,141,97,204,,,,,,,,,,,,,,660,,,,128,99,383,,160,,157,,1074,1306,,,63,,,,259,100,,1362,780,273,,,,,,165,405,,,,,138,,195,,81,140,,,757,,,,184,120,,75,,122,,,73,,164,,,,,,98,,,180,,250,,85,,,,,,134,,,118,,,341,,,,,242,,98,,226,,,126,,,128,,,64,270,,,,,1585,1050,238,,,,,930,,176,,,,,,,,,100,,145,,,755,,,,,,,310,,1621,,,261,,,,651,,,138,,,298,,,,195,,,,,,290,,,138,,,,128,,,125,260,,,,821,306,,1979,,,,,,,,295,775,459,,,13,,,,,,69,158,,,,63,,180,,,,70,,,,,91,115,,94,96,81,,,9800,83,,82,,94
2013-01-31,120,,236,307,140,97,204,,,,,,,,1828,,,,,,655,,,,128,97,375,,,,157,,1065,1315,,,63,,,,256,,,1355,,,,,,,,162,405,,154,,,137,,193,,78,,,,756,,,,184,118,,72,,118,,,75,,165,,265,,,,100,,,141,,251,,82,,121,,,,135,,,118,,,346,,,101,,240,,,,224,,,126,,,124,110,,66,271,,,106,,1580,1049,232,,,,,930,,178,,,,,,,,,,,,,,754,,,,,,117,312,,1621,549,,254,,137,,650,,,136,,,302,,,,,,,,,157,290,,,138,,94,,128,,,127,256,,,,840,305,,1970,91,,,,,,,290,760,,210,,12,208,,,,,68,163,,,,66,,180,,,,69,,327,,162,92,113,,97,,89,130,,,90,96,82,,94
2013-02-03,,,241,318,,99,205,,,,,,,,,,,,,,668,,,,130,100,387,,166,,160,,1085,1332,,,63,,,,264,,,1375,780,,,,,,151,162,414,,,,,137,,199,,80,,,,766,,,,,118,,73,,,,,80,,169,,,,,,104,,,142,,260,,79,,121,,,,135,,,120,,,366,,,,1134,243,,,,231,,137,128,,,126,,,67,280,,,,,1620,,255,,,,,919,,181,,,,,,,,,,,,,,765,,,,,,,318,,1650,,,254,,,,650,,,132,,,307,,,,196,,,,,,294,,,,,,,,,,127,262,,,,830,316,,1979,91,,,,,,,282,785,,,,12,,,,,,71,166,,,,63,,180,,,,70,,,,159,93,111,,100,90,87,127,,9900,91,,82,,94
2013-02-04,,,242,335,,99,212,,,,,,,,1864,,,,,,668,,,,132,100,,,168,,161,,1088,1332,,,65,,,,267,,293,1370,780,,,,,,150,173,424,,,,,143,198,202,,,,,,756,,,,,,,72,,119,,,81,,171,,265,,,,,,,140,,260,,81,,121,,,,136,,,118,,,360,,187,,,250,,97,,228,,135,128,,,,111,,69,279,87,,,,1622,,274,,,,,920,,190,,,,,,,,,,,141,,,769,,,,,,119,,,1665,,,267,,138,,650,226,,131,,,307,,,,,,,,,,295,,,138,,,,130,,,130,266,289,,,822,320,110,1950,90,,132,,,,,280,,464,,,12,208,,,,,76,165,,,,62,,183,,,,69,,333,,160,92,113,,98,96,91,,,9702,89,,83,,97
2013-02-05,,,242,353,,98,207,,,,,,,,1901,,,,,,665,,770,,134,,388,,166,,162,,1088,1315,,,66,,,,260,,,1377,789,269,,,,,,178,416,,,,,146,,201,,79,,,,742,,98,,181,120,,72,,120,,,82,,167,,,,,,102,,,,,260,,84,,,,,,136,,,122,,,356,,184,,,,,96,,230,,133,,,,,107,,72,275,,,,,1605,1050,281,,,,,921,,190,,,,,,,,,,,,,,765,,,,256,,,318,,1650,545,,267,,,,651,216,,129,,,304,,,,,,,,,160,299,,,141,116,90,,,,,127,265,290,,,829,300,,1956,,,131,,,,,285,795,,,,13,208,,,,,79,164,,,,64,,184,,,,69,,341,,159,92,111,,98,98,90,129,,,86,,84,,97
2013-02-06,,,238,341,,,211,,,,,,,110,1939,,,,,,665,,,,134,99,,,160,,,,1085,1300,,,64,,,,264,,,1372,,,,,,,,,417,,151,,,142,,195,,80,,,,735,,,,,120,,73,,122,,,83,,166,,255,,,,101,,,143,,,,84,,123,,,,134,,,120,,,345,,,,,244,,93,,224,,,126,,,,,,72,275,,,,,1608,1020,281,,,,,907,,188,,,,,,,,,,,143,,,765,,,,,,,,,1645,,,268,,,,650,214,,126,,,300,,,,,,,,,,295,,,141,,,,,,,129,263,,,,820,303,,1940,91,,,,130,,,272,795,491,,,12,208,,,,,80,161,,,,60,,184,,,,67,,341,,,91,109,,99,,90,129,,9750,83,,86,,96
2013-02-07,119,,240,,,,,,,,,,,,,,,,,1190,661,,763,,,98,390,,163,,161,,1070,,,,66,,,,261,,,1379,,264,,,,,,,416,,,,,141,,195,,80,,,,760,,,,,119,,72,,120,,,83,,168,,,,,,102,,,,,261,,83,,,,,,135,,,119,,,346,,,,,244,,91,,223,,,,,,124,,,69,,,,,,1606,1040,279,,,,,920,,191,,,,,,,,,,,141,,,760,,,,,,,305,,1665,545,,264,,136,,652,220,,122,,,301,,,,,,,,,160,290,,,141,,,,128,,,129,261,280,,,820,307,,1939,,,130,,125,,,270,795,494,,,12,204,,,,,80,159,,,211,63,,185,,,143,69,,335,,156,93,,,100,99,92,129,,,82,,,140,97
2013-02-10,,,244,,146,97,,,,,,,,110,,,103,,,,667,,750,,134,98,,,163,,164,,1085,1320,,,67,,,,265,,288,1381,,255,,,,,,,415,,,,,139,,192,,81,,,,755,,,,175,,,72,,,,,83,,167,,,,,,,,,,,260,,83,,,,,,134,,,120,,,344,,,110,,242,,91,,225,,130,,,,124,,,69,275,,,105,,1655,1080,274,,,,,900,,185,,,,,,,,,,,139,,,790,,,,,,,317,,1698,555,,267,,136,,642,230,,120,,,302,,,,,,,,,,288,,,139,,,,128,,,,266,,,,818,308,,1905,,,130,,,,,275,800,502,206,,12,209,,,,,82,160,,,203,63,,202,,,145,67,,,,,92,107,,100,,92,127,,9945,83,,86,,95
2013-02-12,120,,250,320,148,,207,,,,,,,,,,103,,,,704,,760,,138,100,,,,,170,,1134,1350,,,,,,,284,,290,1435,815,,,,,,,178,438,,,,,150,,211,,,,,,799,,,,,127,,71,,124,,,83,,177,,,,,,108,,,,,280,,82,,,,,,139,,,124,,,354,,,113,1055,255,,,,238,,,128,,,126,,,68,275,,,,,1730,1122,290,,,,,880,,196,,,,151,,,,,,,,,,814,,,,,,,323,,1867,585,,290,,,,659,233,,122,,,323,,,,,,,,,,290,,,137,,,,,,,130,284,,,,877,321,,1960,,,136,,,,,,850,,,,12,,,,,,,163,,,,63,,222,,,131,69,,341,,,,107,,100,99,93,,,10345,86,,84,,
2013-02-13,118,,245,320,147,,211,,,,,,,,,,,140,,,688,,770,,,,397,,167,,170,,1118,1407,,,,,,,275,,286,1421,800,250,89,383,,,150,172,438,,,,,149,,203,,81,138,,,791,,,,,,,70,,,,,80,,175,,260,,,,102,,,,,277,,82,,,,,,135,,,127,,,353,,,116,994,255,,,,231,,136,130,,,,109,,69,280,,,,,1711,1100,286,,,,,897,,193,,,,,,,,,,,135,,,796,,,,,,,329,,1940,,,275,,,,652,232,,128,,89,316,,,,,,,,,,290,,,,,,,131,,,129,279,285,,,851,320,,1930,,,134,,,,,,870,502,,,12,205,,,,,80,163,,,199,60,,218,,,129,68,,,,,94,109,,100,,90,,,10400,83,,84,,
2013-02-14,118,,251,315,148,,227,,,,,,,,,,,,,,688,,,,,,400,,172,,169,,1127,1390,,,,,,,282,,288,1451,810,,,,193,,,175,441,,,,,154,,208,,,,,,802,,,,192,125,,71,,120,,,85,,176,,255,,,,102,,,,,280,,84,,,,,,134,,,126,,,360,,,120,937,259,,90,,232,,135,,,,125,110,,70,283,,,,,1749,1150,291,,,,,808,,199,,,,,,,90,,,,133,,,803,,,,,,,340,,2030,585,,278,,136,,648,230,178,126,,88,318,,,,,,,,,,290,,,143,,,,129,,,131,280,291,,,850,318,,1952,,,134,,127,,,281,917,512,,,12,201,,,,,79,159,,,193,60,,225,,,123,68,,,,150,95,,,100,,89,129,,,82,,83,,96
2013-02-17,,,276,327,,,,,,,,,,,,,,138,,,742,,790,,136,,408,,,,172,,1215,1417,,,,,,,309,,,1569,,,,,,,,178,484,,,,,160,,228,,,,,,818,,,,195,,,72,,118,,,86,,193,,,,,,,,,,,300,,,,,,,,144,,,,,,387,,,,974,279,,,,255,,,134,,,,,,,300,,,,,1890,1150,319,,,,,,,213,,,147,,,,,,,,,,,883,,,,,,,,,2110,607,,305,,,,660,234,,,,87,344,,,,,,,,,,312,,,143,,,,,,,,300,301,,,905,345,,2030,,,136,,,,,,936,518,,,13,,,,,,,159,,,,,,241,,,122,,,347,,,,111,,,,,,,,,,,,
2013-02-19,119,,260,347,,,231,,,,,,,,1901,,,136,,,720,,805,,138,100,,,175,,176,,1190,1472,,,,,,,300,,292,1550,826,,,,,,,183,470,,,,,153,,213,,82,,,,865,,,,,,,73,,122,,,87,,186,,,,,,104,,,,,291,,85,,,,,,142,,,130,,,361,,,,993,263,,,,247,,,,,,130,,,71,285,,,105,,1866,1199,311,,,,,800,,210,,,,,,,,,,,131,,,840,,,,,,,,,2076,608,,292,,,,658,245,,,119,,340,,,,,,,,,,300,,,147,,,,,,,133,282,313,,,870,337,,2003,,,146,,,,,,1028,548,,,14,205,,,,,,171,,,190,63,,234,,,110,67,,,,150,94,,,100,,,,,,83,95,82,,
2013-02-20,117,,250,329,146,,229,,,,,,,,,,,,,,715,,803,,,,,,169,,170,,1170,1426,,,66,,,,287,,287,1548,823,,,,,,153,175,465,,,,,148,,208,,,135,,,825,,,,,134,,71,,123,,,83,,183,,,,,,103,,,,,287,,85,,,,,,,,,128,,,355,,,118,974,254,,89,,235,90,137,132,,,,,,70,283,,,,,1840,1153,302,,,,,791,,202,,,,,,,,,,,131,,,820,,,,,,,,,2000,610,,283,,,,650,237,,,119,,327,,,,,,,100,,166,295,,,144,,,,,,,131,282,315,,151,850,324,,1940,,,146,,129,,,286,1015,558,202,,13,,,,,,,171,,,187,63,,226,,,107,68,,,,,95,113,,99,102,87,131,,10100,87,94,80,142,95
2013-02-21,,,250,318,,,230,,,,,,,,1825,,103,,,,719,,798,,136,99,407,,166,,162,,1175,,,,,,,,291,,,1569,801,,,,,,,183,468,,,,,145,,208,,80,,,,850,,,,195,132,,69,,,,,82,,188,,,,,,101,,,180,,285,,,,,,,,137,,,128,,,360,,,116,993,274,,,,243,,,136,,,,,,68,280,,,,,1850,1170,313,,,,,780,,205,,,,,,,,,,,129,,,826,,,,,,,346,,2045,627,,287,,,,652,233,,126,,,330,,,,,,,,,,296,,,140,,,,132,,,129,287,,,,865,331,,1987,,,138,,,,,,1016,565,,,13,205,,,,,,167,,,184,61,,236,,,106,67,,345,,,96,,,100,104,88,,,,87,94,80,,93
2013-02-24,,,250,316,,,223,,,,,,,,,,,,,,713,,780,,132,99,390,,166,,163,,1151,1401,,,,,,,286,,287,1555,786,,,,,,,,460,,,,,144,,209,,80,,,,838,,,,,129,,70,,,,,80,,182,,,,,,102,,,146,,281,,80,,,,,,137,,,124,,,355,,,115,999,256,,,,241,,,134,,,,,,71,270,,,,,1851,1170,311,,,,,762,,202,,,,,,,,,,,128,,,815,,,,,,,345,,2000,638,,283,,,,646,225,178,,,,331,,,,,,,,165,169,288,,,140,,90,,130,,,127,281,,,,852,,,1948,,,136,,128,,,291,995,523,,,12,,,,,,,162,,,175,60,,230,,,103,66,,,,148,98,,,,,87,133,,9900,87,93,80,,93
2013-02-25,118,,255,312,,98,226,,,,,,147,,,,,,,,724,,775,,132,,380,,169,,170,,1175,1400,,,67,,,,288,,,1591,,,,,,,,180,484,,,,,144,,211,,80,,,,830,,,,,,,71,,121,,,81,,185,,256,,,165,104,,,,,288,,81,,,,,,139,,,,,,372,,,115,980,274,,,,244,,,132,,,,,,71,285,,,,,1885,1180,322,,,,,725,,207,,,,,,,,,,,129,,,824,,,,,,,,,2010,652,,281,,,,650,225,175,125,,,335,,,,,,,,,,292,,,,,,,,,,,288,,,158,868,320,,1969,,,136,,124,,,,1015,542,,,13,,,,,,77,163,,,,60,,235,,,105,65,,352,,,100,109,,102,,89,135,,9898,83,,82,,93
2013-02-26,,,250,317,,99,234,,,,,,,,1790,,,,,,721,,805,,,100,387,,166,,171,,1179,,,,64,,,,289,,282,1605,,,,,,,,,486,,,,,147,,214,,80,,,,825,,,,,130,,72,100,,,,82,,196,,250,,,,,,,150,,284,,,,,,,,137,,,125,,,364,,,,950,260,,,,242,,,,,,,,,70,280,,,,,1899,1206,328,,,,,700,,205,,,,,,,,,,,,,,823,,,,,,,,,2024,660,,286,,,,655,,,,,,335,,,,,,,,,,290,,,140,,94,,,,,,287,,,,870,321,,1961,,,,,,,,,1010,542,,,13,,,,,,78,166,,,,60,,239,,,,67,,346,,146,101,109,,,,,,,,84,93,,,94
2013-02-27,,,250,314,,,228,,,,,,,,,,,,,,709,,,,130,98,394,,170,,165,,1162,1394,,,,,,,285,,,1591,,245,,,,,152,,484,,,,,144,,208,,80,133,,,819,,,,,130,,78,,125,,,81,,194,,253,,,,106,,,153,,281,,79,,,,,,135,,,125,87,,371,,,,960,270,,90,,235,,135,132,,,,,,77,288,87,,,,1870,1170,328,,,,,687,,208,,,,,,,,,,,131,,,811,,,,,,,,,2000,657,,284,,138,,650,,,124,115,,326,,,,,,,,,,288,,,138,,90,,132,,,,283,314,,,837,318,,1930,91,,,,,,,286,1008,531,,,13,203,,,,,76,160,,,,60,,235,,,106,71,,340,,142,103,109,,101,,89,137,,,80,,84,,93
2013-02-28,119,,250,305,,98,,,,,,,,,,,,,,,713,,,,,99,,,170,,158,,1183,1400,,,62,,,,290,,,1599,801,,,,,,,180,488,,154,,,145,,208,,79,136,,,820,,,,,128,,82,,125,,,83,,183,,,,,,,,,,,286,,83,,,,,,135,,144,127,86,,,,,,979,255,,,,235,,137,,,,128,,,78,290,,,,,1888,1170,345,,,,,686,,228,,,,,,,,,,,133,,,811,,,,,,117,,,2010,710,,282,,,,646,,,,,,334,,,,,,,,,,293,,,134,,,,128,,,,285,,,,874,318,,1938,,,,,,,,276,1020,515,,,12,,,,,,74,166,,,,60,,235,,,103,69,,334,,138,,,,100,,90,,,,80,,,141,94
2013-03-04,119,,250,310,,,224,,,,,,,,,,,120,,,712,,,,130,100,,168,167,,162,,1174,1395,,,61,,,,286,,277,1591,810,,,,,,,173,482,,,,,145,,225,,79,135,,,836,,,,,128,,,,121,,,83,,186,,,,,,104,,,152,,282,,86,,,,,,146,,,130,,,350,,,,,254,,86,,232,,137,124,,,,,,,290,,,,,1880,1170,350,,,,,683,,243,,,,,,,,,,,,,,810,,,,,,,334,,1980,666,,280,,,,640,,,,119,,333,,,,,,,,,,296,,,136,,93,,126,,,,284,,,,875,318,,1930,,,,,121,,,275,995,,,,12,,,,,,75,175,,,169,60,,236,,,104,72,,,,141,99,,,100,,,,,,91,,,,94
2013-03-05,117,,252,,,,,,,,,,,,1760,,,120,,,705,,790,,130,101,390,167,167,,165,,1168,,300,,62,,,,285,,287,1590,827,241,,,,,,179,491,,,,,143,,211,,77,,,,815,,,,,130,,,,121,,,83,,183,,,,,,104,,,,,281,,85,,,,,,143,,130,126,,,350,,,107,960,247,,,,232,97,140,126,,,,,,,288,,,105,,1868,1175,345,,,,,670,,248,,,,,,,,,,,129,,,801,,,,246,,,335,,1950,655,,280,,,,641,,,,,,329,,,,,,,,,,300,,,138,,,,130,,,,285,,,,865,312,,1919,,,,,125,,,275,1000,,,,13,201,,,,,76,168,,,175,,,231,,,100,70,,324,,,99,107,,101,,,141,,,94,,,,94
2013-03-06,122,,256,318,,99,222,,,,,,,,1725,,,130,,1213,713,,789,,128,101,,170,168,,166,,1185,1405,,,62,,,,285,,,1600,,,,,,,,186,499,,,,,143,,212,,84,,,,809,,,,,,,,,120,,,82,,196,,,,,,101,,,,,280,,84,,,,,,145,,129,128,,,347,,,,979,254,,,,239,,,128,,,,,,,293,,,,,1890,1180,350,,,,,660,,247,,,,,,,,,,,129,,,810,,,,,,,,,1980,655,,285,,,,640,,173,,123,88,346,,,,,,,,,,293,,,138,,92,,136,,,,283,,,,864,311,,1910,,,,,125,,,280,1000,500,,,13,,,,,,76,167,,,180,61,,235,,,104,69,,330,,,99,105,,,,,,,9300,98,,,,95
2013-03-07,129,,260,312,,,226,,,,,,,,,,,124,,,704,,775,,128,101,400,168,164,,162,,1174,1377,,,63,,,,281,,285,1589,,,,,,,,180,495,,,,,144,,210,,85,,,,803,,,,201,130,,,,120,,,81,,183,,250,,,,100,,,,,284,,85,,,,,,144,,127,126,,,346,,,,970,250,,85,,237,,136,128,,,,,,,296,,,105,,1925,1180,340,,,,,632,,235,,,,,,,,,,,,,,798,,,,,,,329,,1979,665,,281,,,,641,226,,,121,,330,,,,,,,,,172,291,,,139,,,,138,,,,280,,,,864,311,,1909,,,,,,,,,1020,500,,,13,221,,,,,81,169,,,,67,98,236,,,104,73,,336,,143,99,107,,101,,,,,,98,,82,,96
2013-03-11,123,,260,310,,98,,,,,,,,,1695,,,122,,,711,,760,,130,102,400,170,162,,167,,1165,1404,,,65,,,,282,,288,1598,,,,355,,,,179,500,,,,,147,,213,,84,,,,803,,,,,126,,,,118,,,83,,183,,245,,,,104,,,154,,289,,,,,,,,149,,127,126,,,350,,,109,982,252,,84,,236,,136,126,,,126,,,,300,,,,,1900,1200,336,,,,,645,,238,,,,,,,,,,,,,,791,,,,,,,329,,1970,670,,283,,,,642,225,,,123,,333,,,,,,,,,,291,,,140,,,,138,,,,282,,,,869,310,,1925,,,,,,,,,1010,495,,,13,243,,,,,,180,,,,65,,234,,,102,69,,342,,146,98,,,101,,,,,,107,,81,,95
2013-03-13,126,,270,307,,,228,,,,,,,,1720,,,122,,,720,,,122,134,100,392,170,165,,162,,1180,1415,,,68,,,,291,,,1662,835,,,348,,,149,180,517,,,128,,149,,216,,79,,,,809,,,,195,128,,,,118,,,83,,194,,233,,,,100,,,,,300,,85,,,,,,159,,,128,,,354,,,119,1010,261,,,,241,,,,,,124,,161,,302,,,,,1908,1200,345,,,,,660,,242,,,,,,,,,,,,,,809,,,,,,,,,2010,665,,291,,,,644,225,,,125,,342,,,,,,,,,178,298,,,140,,,,,,,,293,,,,878,315,,1923,,,,,,,,,1015,480,,,13,267,,,,,81,174,,,,66,,238,,,105,75,,348,,,99,,,102,,90,144,,,117,,80,,96
2013-03-14,,,265,309,,,,,,,,,,,1686,,,122,,,716,,775,,136,102,,170,166,,164,,1186,1440,,,72,,,,290,,293,1660,835,,,,,,150,179,530,,,,,146,,217,,81,,,,841,,,,,130,,,,120,,,84,,190,,230,,,,102,,,,,298,,86,,,,,,158,,,130,85,,353,,,130,1035,261,,,,241,,,127,,,128,,,,294,,,,,1921,1215,338,,,,,680,,241,,,,,,,,,,,,,,816,,,,,,,,,2050,,,289,,,,650,229,,,127,,342,,,,,,,,163,187,291,,,141,,,,,,,,289,,,,876,321,,1905,,,138,,129,,,,,,,,12,273,,,,,82,179,,,,67,,236,,,,76,,342,,,99,107,,,,90,,,,128,,,,96
2013-03-17,126,,260,305,,,221,,,33,,,,,1670,,,122,,,710,,765,,,102,,170,164,,167,,1170,1440,,,71,,,,282,,,1623,835,,,,,,,171,524,,,,,146,,212,,78,139,,,810,,,,,126,,,,119,,,83,,183,,228,,,,100,,,157,,288,,82,,,,,,150,,,126,,,348,,172,,1020,252,,83,,235,,142,128,,,128,,,,289,,,,,1904,1190,332,,,,,680,,230,,,143,,,,,,,,,,,800,,,,,,,330,,2020,,,279,,142,,604,,170,,,,332,,,,,,,,,194,290,,,143,,91,,,,,,284,,,,853,315,,1907,,,,,,,,283,1030,,,,12,,,,,,,179,,,,67,,232,,,103,77,,347,,148,97,105,,100,,,,,,127,,82,,96
2013-03-18,,,256,304,,,220,,,,,,,,,,,121,,,708,,755,,,102,399,166,162,,161,,1171,1412,,,70,,,,277,,283,1603,,,,,,,150,177,526,,,,,150,,204,,78,,,,790,,,,,126,,,,117,,,83,,182,,225,,,,100,,,154,,284,,83,,,,,,147,,,128,,,342,,169,,995,250,,,,230,,142,118,,,,,,,280,,,101,,1880,1106,326,,,,,680,,240,,,,,,,,,,,,,,790,,,,,,,330,,2001,522,,276,,,,601,226,,,,,325,,,,,,,,151,179,290,,,142,,,,,,,,280,,,,851,311,,1890,92,,140,,,,,,1025,473,,,12,211,,,,,83,175,,,,61,,231,,,,,,,,152,97,,,100,,89,146,,,117,,81,,95
2013-03-19,,,260,306,,98,221,,,31,,160,,,,,,121,,,705,,760,116,136,100,378,164,165,,162,,1166,,,,69,,,,279,,280,1610,,,,,,,,174,521,,,,,147,,209,,80,138,,,800,,,,,125,,,,119,,,84,,185,,,,,150,100,,,,,288,,82,,,,,,150,,,127,84,,343,,,132,,246,,,,234,,,120,,,126,110,,,280,,,,,1890,1119,332,,,,,686,,238,,,,,,,,91,,,,,,810,,,,,,,330,,2000,532,,279,,,,597,222,,,125,89,330,,,,,193,,,144,185,293,,,145,,,,,,,,279,,,,858,312,,1885,,,,,,,,,1000,482,,,12,,,,,,85,188,,,,61,,234,,,103,78,,,,154,95,107,,100,,89,,,,121,,79,,97
2013-03-20,,,253,305,,97,,,,28,,,,,1637,,,124,,1237,696,,760,,,104,371,162,167,,160,,1160,1384,,,66,,,,274,,,1600,,,,,,,,183,514,,,,,145,,204,,79,149,,,793,,,,,125,,,,117,,,81,,182,,223,,,137,101,,,151,,284,,82,,,,,,139,,,128,91,,338,,,130,,247,,79,,228,,139,120,,,,,,,280,,,98,,1878,1091,328,,,,,673,,239,,,,,,,,,,,,,,799,,,,250,,,326,,2010,563,,282,,,,,,173,112,121,89,326,,,,,,,,146,182,295,,,142,,90,,,,,,280,,,,841,306,,1853,,,,,,,,288,1040,475,,,12,,,,,,81,199,,,,60,,231,,,109,79,,,,154,95,109,,101,100,89,,,,109,,79,,95
2013-03-21,125,,250,310,,,213,,,26,,,,,,,,,,,694,,762,114,130,108,365,162,169,,159,,1160,1375,,,64,,,,274,,,1592,803,,,,,,150,173,506,,,,,147,,203,203,78,,,,781,,,,,,,,,117,,,79,,180,,223,,,,99,,,,,281,,80,,,,,,137,,,130,92,,335,,,,,246,,79,,226,,140,,,,121,109,,,,,,,,1880,1095,328,,,,,666,,237,,,,,,,,,,,128,,,796,,,,,,,324,,2005,573,,276,,,,602,226,,110,,91,326,,,,,,,,,184,294,,,138,,,,,,,,275,314,,,840,308,,1865,101,,,,131,,,,1039,,,,12,211,,,,,,197,,,,60,,230,,,109,86,,335,,157,,,,101,,87,160,,,109,,79,,96
2013-03-24,123,,245,309,,,203,,,25,,,,,,,,,,,675,,755,,128,102,358,158,166,,149,,1140,1399,,,64,,,,268,,276,1560,,,,,,,,170,500,,,,,146,,202,184,78,,,,768,,,,,124,,,,115,,108,79,,176,,,,,,99,,,,,273,,79,,,,,,,,,129,,,330,,,,,239,,78,,220,,,,,,118,,164,,280,,,99,,1835,1075,317,,,,,652,,235,,,,,,,,,,,127,,,772,,,,,,,325,,1960,565,,271,,146,,589,,,108,,,321,,,,,,,,,,278,,,140,,,,,,,,270,,,,838,298,,1870,,,,143,131,,,278,1008,,,,12,,,,,,80,,,,,62,,221,,,105,84,,,,157,96,105,,,,86,166,,9486,,,82,,95
2013-03-25,120,,248,,,,207,,,,,163,,,,,,118,,,681,,775,,130,102,,160,167,,157,,1150,1410,,,65,,,,275,,,1574,790,240,,,,,,178,504,,,,,144,,201,175,78,,,,776,,,,,124,,,,114,,,81,,180,,,,,,99,,,,,276,,83,,,,,,,,,123,,,335,,,128,980,240,,78,,224,,,122,,,117,,,,278,86,,,,1852,1096,325,,,,,665,,236,,,,,,,,,,,,,,780,,,,,,,307,,1987,,,271,,142,,585,,,106,,,326,,,,,,,,,,280,,,144,,,,142,,,,270,,,,845,305,,1859,102,,124,,,,,,1028,470,,,12,,,,,,81,,,,183,61,,225,,,105,82,,,,154,95,,,,,,157,,,,,90,,95
2013-03-27,120,,247,300,,,208,,,27,,,,,,,,118,,1286,680,,765,,130,103,367,160,168,,155,,1133,1415,,,66,,,,274,,,1574,,,,,,,,172,499,,,,,142,,202,158,80,147,,,775,,,,,122,,,,115,,,78,,177,,227,,,124,99,,,,,275,,80,,,110,,,,,,123,,,331,,,,,236,,79,,223,,,124,,,119,,,,279,,,98,,1849,1081,323,,,,,665,,230,198,,,,,,,,,,129,,,777,,,,,,,305,,2004,,,280,,138,,587,,,106,,90,326,,,,,,,,,,280,,,156,,,,144,,,,271,,,,840,300,,1837,100,,,,,,,,1025,465,198,,12,,,,,,83,,,,,58,,222,,,107,81,,,,151,94,,,99,,86,,,,,,90,,96
2013-03-28,119,,246,300,,,210,,,,,,,,,,,120,,,676,,760,,130,102,,159,166,,153,,1149,1415,,,67,,,,272,,,1575,804,,,,,,,175,498,,,,,150,,200,,79,147,,,,,,,,120,,,,117,,,78,,176,,225,,,,98,,,,,277,,80,,,,,,,,,126,,,337,,,,980,241,,,,225,,139,,,,,,,,,83,,,,1852,1095,323,,,,,652,,227,,,,,,,,,,,,,,770,,,,,,,,,2004,,,275,,136,,575,,,105,,,321,,,,,,,,,,285,,,148,,,,138,,,,270,314,,,835,302,,1869,98,,,,132,,,,1005,444,192,,,,,,,,81,155,,,180,59,,223,,,,79,,,,,96,,,98,,85,154,,9298,,,92,,96
2013-03-31,,,240,289,,,208,,,27,,,,,,,,120,,,661,,,,128,,360,156,155,,152,,1122,1421,,,67,,,,264,,,1544,,,,,,,,170,482,,,,,147,,198,147,72,,,,755,,,,,119,,,,115,,,78,,171,,222,,,122,96,,,,,270,,78,,,,,,,,,123,,,328,,,,1000,234,,80,,220,,135,122,,,119,,,,,79,,,,1785,1074,311,,,,,650,,221,,,,,,,,,,,,,,762,,,,,,,308,,1950,,,265,,,,580,217,170,106,,,317,,,,,,,,,,284,,,150,,,,,,,,265,311,,,805,301,,1830,,,,141,140,,,275,1010,,,,12,,,,,,80,151,,,,57,,214,,,105,78,,,,,,,,97,,,146,,,,,,,95
2013-04-01,116,,242,290,,,,,,27,,,,,1650,,,122,,,674,,760,,127,,353,158,157,,148,,1131,1420,,,65,,,,266,,281,1545,788,,,,,,153,169,502,,,,,146,,202,139,73,,,,760,,,,,123,,,,116,,,76,,174,,220,,,,97,,,,,275,145,77,,,112,,,,,,122,,,334,,,,1000,236,,,,225,,,121,,,,,,,274,78,,,,1795,1065,314,,,,,640,,222,,,141,,,,,,,,,,,774,,,,,,,305,,2000,,,268,,132,,576,,,106,,,320,,,,,,,,,,288,,,154,,85,,,,,,268,,,,810,300,,1830,,,114,130,,,,,1010,444,,,12,,,,,,80,151,,,,58,,219,,,103,78,,,,148,,105,,101,,84,144,,,,,92,,95
2013-04-02,118,,246,292,,,215,,,26,,,,,,,,122,,,688,,755,,128,,345,158,157,,157,,1157,1410,,,65,,,,272,,286,1575,790,,,,,,,170,507,,,,,145,,203,,75,,,,763,,,,,,,,,116,,,77,,178,,224,,,116,97,,,,,283,,77,,,,,,,,,126,,,331,,,,1000,239,,81,,233,,131,123,,,118,,,,274,77,,,,1830,1105,323,,,,,641,,231,,,,,,,,,,,,,,777,,,,,,,300,,1980,576,,270,,130,,580,,,110,,,323,,,,,,,,,,278,,,154,,78,,,,,,273,,,,830,305,,1845,,,112,120,131,,,270,1030,451,,,12,,,,,,76,,,,,59,,230,,,103,79,,,,,,,,,98,84,,,,,,91,,96
2013-04-03,,,245,302,,,223,,,,,,,,,,,120,,,680,,755,,129,102,351,157,160,,159,,1158,1400,,,64,,,,271,,,1572,,,,,,,,,500,,,,,147,,205,133,75,,,,765,,,,,,,,,120,,,80,,179,,224,,,,98,,,,,275,,78,,,112,,,,,,128,,,335,,,124,1013,240,,,,,,130,,,,124,,165,,,75,,,,1825,1088,322,,,,,640,,226,,,127,,,,,,,,,,,780,,,,247,,,,,1965,,,269,,126,,578,220,,114,,87,324,,,,,,,,,,293,,,151,,72,,,,,,272,306,,,828,302,,1855,98,,110,110,,,,261,1011,442,,,12,,,,,,77,,,,,57,,223,,,103,81,,,,146,,,,101,,84,142,,,,,89,,97
2013-04-04,117,,244,296,,95,220,,,26,,,,,,,,120,,,665,,740,,127,100,358,158,156,,158,,1150,1414,,,64,,,,271,,,1554,,,,,,,,,497,,,,,145,,203,131,76,,,,760,,,,,,,,,119,,,78,,178,,224,,,118,98,,,,,273,,80,,,122,,,,,,129,,,336,,,,1020,240,,80,,222,,,,,,,,162,,269,73,,,,1808,1090,315,,,,,638,,228,,,,,,,,,,,,,,768,,,,246,,,,,1950,,,268,,127,,571,,,112,,,323,,,,,,,,,,285,,,146,,70,,,,,,271,300,,,821,302,,1805,,,110,99,,,,265,1005,450,,,12,207,,,,,78,154,,,178,56,,224,,,104,80,,319,,148,,,,100,,83,,,,,,87,,96
2013-04-07,,,246,295,,94,220,,,,,,,,,,,120,,,665,,750,,127,101,360,159,155,,159,,1155,1433,,,65,,,,270,,,1563,,,,,,,153,,499,,,,,143,,205,,81,,,,760,,,,,,,,,116,,,78,,178,,222,,,116,96,,,,,279,,79,,,127,,,,,,127,,,340,,,120,1000,238,,79,,224,,128,,,,,,,,270,67,,,,1790,1105,317,,,,,639,,230,,,,,,,,,,,127,,,772,,,,,,,,,2110,565,,269,,123,,580,,,113,,82,327,,,,,,,,,,299,,,147,,69,,134,,,,271,299,,,828,301,,1810,,,108,94,,,,265,1019,446,,,12,,,,,,76,162,,,,56,,226,,,101,83,,,,,,105,,101,,85,144,,,,,,,97
2013-04-08,114,,244,293,,93,219,,,25,,,,,,,,,,,662,,760,,125,,375,159,156,,160,,1150,1430,,,65,,,,272,106,,1555,,,,,,,,161,502,,,,,,,206,123,81,143,,,761,,,,,122,,,,,,,77,,178,,218,,,110,,,,,,278,,78,,,,,150,,,,127,,,336,,,116,1025,240,,,,223,,129,122,,,126,,,,271,66,,,,1800,1140,324,,,,,641,,226,,,122,,,,,,,,,192,,772,,,,,,,,,2214,525,,272,,123,,570,,170,113,,80,327,,,,,,,,,,295,,,144,,69,,132,,,,266,299,,,828,305,,1815,,,118,85,,,,,1003,452,,,12,,,,,,75,167,,,,58,,226,,,,81,,325,,,96,,,,,84,,,,,,,,97
2013-04-09,115,,245,298,,93,223,,,25,,,,,1640,,,119,,,666,,770,,127,,382,160,156,,160,,1153,1438,,,65,,,,276,,285,1580,775,,,,,,,164,516,,,,,141,,204,111,78,145,,,765,,,,,,,,,122,,,79,,179,,,,,110,,,,,,288,,78,,,127,,,,,,125,,,337,,,112,1008,242,,80,,231,,128,122,,,126,,,,268,66,,,,1850,1162,322,,,,,685,,,,,,,,,,,,90,,189,,786,,,,,,,306,,2190,528,,273,,,,574,,,114,,79,327,,,,,,,,,,296,,,143,,68,,130,,,,277,,,,832,306,,1806,,,116,,,,,,1010,452,,,12,,,,,,77,165,,,181,59,,231,,,102,81,,330,,146,94,,,102,,,145,,,,,,,95
2013-04-11,119,,245,298,,93,230,,,25,,,,,,,,121,,,675,,775,,,103,387,161,158,,162,,1153,1430,,,66,,,,274,,313,1593,769,244,,,,,,165,513,,,,,,,203,109,80,141,,,767,,,,,,,,,121,,,79,,180,,214,,,108,98,,,,,280,137,79,,,129,,,,,,125,,,340,,,112,1030,239,,80,,228,,,124,,,120,,,,267,63,,,,1845,1166,325,,,,,727,,220,,,,,,,,,,,,,,785,,,,,,,303,,2160,558,,270,,,,585,221,167,114,,79,332,,,,,,,100,,,304,,,143,,67,,127,,,,277,,,,842,308,,1877,,,116,,,,,270,1030,460,192,,12,,,,,,78,176,,,,59,,233,,,100,80,,,,,103,103,,103,,86,,,,,,,,
2013-04-15,120,,241,300,,95,232,,,25,,,,,,,,120,,,672,,769,,130,,401,164,156,,160,,1159,1450,,,67,,,,272,,315,1596,,,,,190,,,162,515,,,,,,,204,,79,143,,,770,,,,,122,,,,123,,,80,,179,,210,,,,98,,,,,280,125,84,,,133,,,,,,127,,,342,,,,1030,239,,79,,225,,126,,,,,,,,270,69,,,,1835,1171,324,,,,,758,,228,,,,,,,,,,,,,,781,,,,,,,,,2165,558,,273,,127,,575,,,116,,78,333,,,,,,,,,,293,,,143,,65,,128,,,,277,,,,852,308,,1839,,,110,,,,,275,,,,,12,203,,,,,78,177,,,,58,,230,,,97,81,,312,,,,,,,97,86,141,,,,,,,95
2013-04-16,115,,241,294,,96,222,,,,,,,,,,,,,,665,,757,,132,,386,161,151,,160,,1155,,,,70,,,,272,110,312,1588,,,,,,,,156,520,,,,,141,,204,,73,141,,,771,,,,,124,,,,122,,,79,,179,,,,,108,102,,,,,275,115,77,,,139,,,,,,126,74,,333,,,110,1030,238,,79,,226,,126,120,,,,,,,,,,,,1830,1150,320,,,,,753,,225,,,,,,,,,,,125,,,781,,,,,,,,,2110,535,,267,,,,581,,167,118,,,328,,,,,,,,,,291,,,141,,65,,126,,,,281,,,,854,306,,1828,,,112,,,,,,1025,,186,,12,195,,,,,76,178,,,,54,,229,,,96,82,,,,144,,,,,90,87,141,,9483,,,,,93
2013-04-17,116,,243,300,,95,224,,,25,,,,,,,,126,,,665,,770,,131,101,,160,154,,158,,1147,,,,,,,,270,,318,1576,,,,,,,,155,517,,151,,,141,,200,,75,,,,760,,,,,126,,,,121,,,78,,180,,,,,,100,,,,,273,105,80,,,,,,,,,125,,,,,,,1045,237,,,,225,,127,118,,,,,,,280,65,,,,1805,1144,318,,,,,738,,223,,,,,,,,,,,,,55,774,,,,,,,301,,2194,534,,264,,,,582,221,,118,,,326,,,,,,,,,,300,,,140,,70,,,,,,279,,,,855,303,,1818,,,112,,,,,,1035,,,,12,190,,,,,76,190,,,,54,,230,,,97,85,,315,,,,,,105,89,90,,,,,,,,94
2013-04-18,,,240,292,,93,,,,25,,,,,,,,124,,,660,,,,137,102,380,157,166,,163,,1151,1421,,,70,,,,268,,316,1567,814,,,,,,,,508,,,,,,,197,,75,,,,750,,,,,125,,,,120,,,80,,178,,206,,,110,98,,,,,276,100,75,,,,,,,,,127,,,333,,,100,1031,233,,79,,221,,,120,,,,,,,280,68,,,,1815,1110,309,,,,,710,,229,,,,,,,,,,,,,57,764,,,,,,,303,,,530,,270,,,,588,218,170,122,,,327,,,,,,,,,,292,,,142,,69,,122,,,,273,,,,872,302,,1820,,,112,,,,,,1065,451,185,,12,184,,,,,76,195,,,,55,,228,,,99,80,,303,,145,,,,103,88,89,142,,,,,,,93
2013-04-21,,,235,,,94,221,,,,,,,,,,,122,,,649,,,,132,103,387,155,153,,162,,1127,,,,70,,,,263,,340,1540,798,240,,,187,187,,,495,,,,,,,195,,75,,,,741,,,,,123,,,,122,,,,,172,,,,,,,,,,,269,,,,,,,,,,,125,,,325,,,102,1020,225,,80,,219,,129,,,,,,,,281,68,,,,1820,1070,300,,,,,705,,225,,,,,,,,,,,,,62,734,,,,,,,301,,,540,,265,,,,,222,,125,,76,320,,,,,,,,,,284,,,,,70,,,,,,277,,,,832,299,,1805,,,110,,131,,,275,1044,437,,,12,180,,,,,70,192,,,,56,,220,,,105,,,298,,143,101,,,,,89,143,,9672,,,,,
2013-04-22,,,235,,,,,,,25,,,,,1670,,,124,,,640,,755,,132,100,400,157,155,,156,,1128,1400,,,,,,,266,,334,1537,,,,,,,,158,493,,,,,,,190,,74,,,,707,,,,,125,,,,118,,,,,170,,,,,,,,,,,262,100,76,,,,,,,,,123,,,324,,,,1000,229,,,,210,,125,,,,,,,,,,,,,1765,,307,,,,,702,,221,,,,,,,,,,,,,68,707,,,,,,,,,,525,,,,,,558,218,,133,,,312,,,,,,,,,,288,,,,,66,,120,,,,262,,,,846,295,,1804,,,108,,,,,265,992,429,182,,11,,,,,,,,,,181,,,216,,,107,76,,298,,,99,105,,104,,88,145,,,,,,,
2013-04-23,110,,238,,,,221,,,,,,,,1672,,,,,,642,,750,,130,,395,156,157,,161,,1150,,,,71,,,,268,114,,1571,800,,,,,,,153,496,,,,,134,,192,,74,,,,740,,,,,,,,,120,,110,79,,172,,,,,,99,,,,,267,,76,,,143,,,,,125,125,,,325,,,102,999,227,,,,214,,129,,,,,,,,286,,,,,1804,1111,305,,,,,700,,220,,,,,,,,,,,126,,74,739,,,,,,121,,,1358,525,,257,,,,553,,,131,,75,318,,,,,,,,,,316,,,143,,69,112,,,,,269,,,,847,299,,1825,,,108,,,,,,1011,437,,,12,177,,,,,,195,,,,58,,220,,,111,76,,293,,145,96,,,106,,,,,,,,,,
2013-04-25,118,,230,,,93,221,,,,,,,,1730,,,,,,640,560,750,,132,,402,156,,,159,,1138,,,123,,,,,265,,,1560,816,236,,,,,147,151,488,,,,,138,,189,,75,,,,735,,,,195,124,,,,,,110,,,169,,,,,,100,,,148,,266,,,,,151,,,,,,128,,,318,,,,,227,,,,211,,127,,,,122,,,,281,,,,,1780,1085,297,,,,,705,,220,,,120,,,,,,,,,,77,736,,,,,,119,,,1331,,,254,,,,570,,167,133,,74,316,,,,,,,,,150,,,,141,,67,104,,,,,264,,,,840,295,,1800,,,107,,,,,,1001,,,,11,,,,,,74,189,,,193,,,219,,,,76,,,,139,93,105,,108,,,147,,,,,86,,
2013-04-28,,,226,290,,92,225,,,,,,,,,,,125,,,620,,750,,133,98,402,154,151,,155,100,1130,1370,,,,,,,265,118,324,1560,,240,,,184,,,151,480,,,,,,,190,,74,,,,730,,,,,122,,,,114,,,78,,164,,200,,,110,100,,,,,260,100,,,114,154,,,,,,132,74,,318,,,,1000,222,,,,209,,,,,,122,,,,279,,,,,1770,1075,294,,,,,699,,225,,,,,,,,,,,,,70,729,,,,,,,302,,1305,525,,260,,,,568,214,,133,,76,308,,,,,,,,,,,,,140,,70,,,,,,261,,,,831,282,,1800,,,,,,,,,995,,,,11,165,,,,,74,,,,193,,,216,,,101,73,,,,135,,107,,,,,145,,,,,,,88
2013-04-29,116,,227,293,,94,219,,,24,,,,,,,,,,,622,,765,,129,,400,155,155,,158,,1131,1350,,,,,,,259,,320,1550,,232,,,,,149,151,486,,,,,140,,191,,74,,,,732,,,,,123,,,,113,,,,,165,,,,,112,,,,,,259,,74,,,,,,,,,,,,313,,,,990,220,,79,,209,,,118,,,124,,,,278,69,,98,,1770,1074,289,,,,,695,,225,,,,,,,,,,,,,70,730,,,,249,,118,298,,1255,,,255,,,,550,,,133,,78,315,,,,,,,,,,,,,137,,69,,,,,,,,,,837,285,,1815,,,104,,,,,,1010,429,,,11,168,,,,,71,,,,199,57,,216,,,99,73,,295,,,96,109,,,,,,,,,,84,,95
2013-04-30,,,230,279,,93,237,,,25,,,,,,,,,,,626,,754,,129,100,400,153,156,,160,,1134,1323,,121,68,,,,260,116,324,1544,785,,,,,,148,152,481,,,126,,138,,188,,75,,,,735,,,,,121,,,,114,,,76,,165,,202,,,,99,,,,,260,,74,,,,,,,,,124,,,316,,,,988,218,,,,209,,129,120,,,,,,,278,70,,,,1770,1060,282,,,,,626,,223,,,,,,,,,,,128,,67,720,,,,,,116,,,1230,534,,255,,,,547,,,135,,76,312,,,,,,,,,,,,,137,,69,,118,,,,258,,,,833,283,,1825,,,104,,,,,,1000,450,179,,,,,,,,64,,,,194,56,,217,,,99,67,,300,,139,96,107,,110,,,144,,,,,81,,102
2013-05-02,,,221,274,,,229,,,,74,,,,,,,,,,612,,750,,128,99,,151,157,,154,,1114,1300,,,67,,,,255,,,1526,,,,,181,,146,,485,,,,,134,,177,,76,,,,720,,,,,123,,,,112,,,75,,165,,,,,110,97,,,148,,254,,74,,,,,,,,,122,,,312,,,,970,210,,80,,195,,130,120,,,118,,,,,71,,,,1770,1050,270,,,,,564,,214,,,,,,,,,,,,,61,690,,,,245,,,,,1165,,,250,,,,539,,165,131,,,306,,,,,,,,,,,,,134,,67,104,118,,,,250,,,,816,274,,1800,,,104,,,,,270,1000,,182,,11,,,,,,65,178,,,188,,,217,,,97,68,,294,,147,96,107,,110,,,142,,9672,,,,,92
2013-05-05,110,,211,271,,92,215,,,25,,,,,,,,,,,600,,,,131,100,,151,155,,156,,1107,1300,,,,,,,246,,324,1504,,,,,,,,147,465,,,,,,,177,,75,,,,703,,,,,123,,,,112,,,72,,164,,,,,,96,,,148,,250,,72,,,,,,,,,122,,70,305,,,,980,210,,,,195,,,,,,118,,165,,,69,,100,,1735,1070,261,,,,,508,,211,,,,,,,,,,,,,55,700,,,,,,,,,1142,544,,249,,,,537,,,127,,81,315,,,,,,,,,,,,,131,,66,,116,,,,250,,,,805,272,,1770,,,102,,,,,,,,,,11,165,,,,,66,165,,,,52,,207,,,95,68,,,,146,95,,,,,87,,,,,,80,,92
2013-05-06,106,,203,265,,,210,,,,73,,,,,,,,,,590,,,,133,98,407,148,151,,153,,1097,1300,,,,,,,247,,,1494,,,,,,,,147,435,,,,,,,172,,71,,,,,,,,,119,,,,,,,72,,164,,,,,,96,,,,,246,,,,,,,,,,,121,,,304,,,,966,205,,,,193,,132,,,,,,,,273,,,102,,1678,1069,265,,,11,,521,,213,,,118,,,,,,,,,,51,671,,,,,,,295,,1115,,,247,,,,535,,,,,81,316,,,,,,,,,,,,,130,,,,116,,,,245,,,,800,272,,1725,98,,102,,,,,270,980,441,,,11,,,,,,67,165,,,191,51,,211,,,94,68,,289,,,,107,,,,86,,,,,,80,,92
2013-05-07,108,,215,270,131,,215,,,24,66,,,,,,,,,,610,,740,,,99,431,152,156,,156,,1123,,,,68,,,,259,120,320,1522,785,,,,180,,,141,455,,,,,,,181,,72,,,,700,,,,192,123,,,,114,,,73,,170,,,,,,,,,144,,255,,70,,,,,,,,,124,,,312,,,,965,215,,,,208,,132,,,,,,,,278,,,104,,1704,1060,282,,,11,,530,,212,,,,,,,,,,,126,,,703,,,,,,,290,,1115,,,253,,,,540,218,,121,,,330,,,,,,,98,,,,,,136,,,,118,,,,258,,,,821,299,,1732,,,,,,,,,998,,,,11,166,,,,,68,158,,,194,51,,218,,,93,69,,,,142,,,,,,85,,,,,,81,,
2013-05-08,110,,215,274,,,216,,,,66,,,,,,,,,,602,,740,,,100,426,152,158,,155,,1101,1300,,,,,,,255,,332,1515,,,,,,,,145,444,,,,,,,184,,72,,,,695,,,,195,120,,,,113,,,74,,168,,,,,,95,,,140,,253,,70,,,,,,,,,123,,,312,,,,967,212,,81,,204,,133,,,,,,,,278,,,,,1690,1060,278,,,11,,532,,215,,,,,,,,,,,127,,54,695,,,,,,,300,,1103,534,,250,,,,532,222,,121,,79,325,,,,,,,,,,274,,,,,67,,116,,,,252,,,,813,296,,1730,,,,84,,,,,990,433,,,11,,,,,,,155,,,191,50,,211,,,102,67,,289,,143,,109,,,,84,,,,,,,,90
2013-05-09,112,,210,269,,93,220,,,,65,,,,,,,,,1290,595,,,,127,101,432,151,158,,153,,1107,1295,,,66,,,,249,,339,1519,800,,,,,,,147,446,,,,,,,181,,72,137,,,695,,,,190,119,,,,113,,,74,,167,,,,,,94,,,142,,254,,69,,,,,,,,,123,,,,,,,968,212,,,,201,,,,,,116,,,,,69,,,,1685,1055,277,,,11,,145,,211,,,,,,,,,,,127,,55,690,,,,245,,,306,,1120,,,248,,,,534,244,,123,123,78,323,,,,,,,,146,,258,,,130,,67,,117,,,,249,,,,810,285,,1760,,,,,,,,,975,,,,11,,,,,,68,158,,,191,49,,210,,,102,66,,,,143,,,,115,87,83,138,,,,,,,93
2013-05-12,112,,216,280,,,212,,,25,63,,,,,,,,,,592,,740,,125,100,420,149,160,,154,,1097,1295,,119,,,,,247,,334,1510,,,,,,,144,150,448,,,,,134,,177,,75,133,,,682,,,,,117,,,,,,,75,,168,,206,,,,95,,,140,,255,,66,,,,,,,,,122,,,308,,,,975,209,,81,,193,,130,,,,118,,,,273,69,,100,,1681,1076,262,,,11,,,,205,,,,,,,,,,,127,,,691,,,,,,,,,,,,248,,,,526,268,165,126,121,78,323,,,,,,,,,,254,,,130,,65,,117,,,,248,,,,810,280,,1760,,,100,,,,,,975,440,179,,,169,,,,,71,159,,,,49,,209,,,100,66,,290,,134,81,109,,,,81,,,,,,,,
2013-05-13,108,,221,287,,,,,,28,64,,,,,,,,,,598,,750,,125,101,412,152,157,,154,,1101,1302,,,,,,,259,,335,1524,,,,,,,,148,447,,,,,136,,184,,75,,,,692,,,,181,120,,,,114,,,78,,168,,210,,,,95,,,,,264,,66,,,,,,,,,121,,,312,,,,1000,209,,,,196,,,,,,116,,,,278,,,100,,1718,,274,,,11,,,,205,,,,,,,,,,,126,,60,697,,,,,,,310,,1187,510,,252,,,,534,266,,132,,77,325,,,,,,,,142,,254,,,131,,66,,119,,,,250,,,,812,293,,1745,,,100,,129,,,,1035,447,,,11,175,,,,,72,160,,,,53,,212,,,99,70,,285,,139,92,,,115,,81,,,,,,82,,92
2013-05-14,,,222,282,,85,215,,,31,68,,,,,,,,,,600,,751,,127,,,153,158,,155,,1115,1328,,,,,,,258,,,1533,830,,,,,,,150,432,,,,,,,187,,72,,,,700,,,,184,,,,,,,,76,,169,,,,,,96,,,140,,272,,67,,,,,,,,,123,,,309,,,,1040,214,,,,200,,129,,,,118,,,,283,,,98,,1690,1097,275,,,11,,,,215,,,,,,,,,,,,,66,703,,,,,,,,,1239,505,,253,,,,535,,,129,,,330,,,,,,,,,,250,,,132,,,,,,,,253,,,,818,290,,1750,,,102,,,,,,1040,445,,,11,184,,,,,70,166,,,194,54,,214,,,97,66,,295,,141,92,,,,,,,,9865,,,81,,
2013-05-15,,,234,288,,86,226,,,34,68,,,,,,,,,,610,,760,,131,100,,153,163,,157,,1123,1326,,115,,,,,260,120,341,1541,800,,,,,,,153,,,,,,138,,191,,70,,,,715,,,54,,,,,,112,,,78,,170,,210,,,,96,,,,,270,,69,,,,,,,,,128,,,310,,,,1050,222,,79,,206,,131,,,,124,,,,278,,,,,1695,1118,300,,,11,,,,218,,,114,,,,,,,,125,,,718,,,,,,,304,,1288,,,252,,125,,535,,,,123,77,336,,,,,,,,,,250,,,132,,,,119,,,,253,,,,825,298,,1747,,,,,,,,265,1060,450,,,,187,,,,,71,169,,,,54,,220,,,,69,,311,,141,84,,,,,82,,,,,,81,,96
2013-05-16,109,,232,,,89,220,,,37,69,,,,,,,,,,619,,758,,131,,,153,166,,164,,1131,1304,,,60,,,,261,,345,1556,805,,,,,,,,,,,,,151,,188,,,135,,,728,,,,,,,,,118,,,79,,168,,,,,114,96,,,142,,270,,,,,,,,,,,125,,,310,,,,1100,221,,,,210,,,,,,124,,,,,,,,,1750,1118,311,,,11,,,,211,,,115,,,,82,,,,127,,,733,,,,,,,302,,1310,555,,253,,,,545,270,,,,75,337,,,,,,,,,,255,,,140,,,105,,,,,254,,,,830,294,,1755,,,101,,,,,,1081,450,,,11,,,,,,70,172,,,,55,,222,,,,70,,,,141,81,111,,,95,82,,,9800,,,,,
2013-05-19,,,222,285,,92,222,,,41,73,,,,,,,,,,611,,765,,130,101,420,150,170,,158,,1137,1330,,,56,,145,,257,,,1545,811,,,,,,,156,,,,,,155,,,,70,,,,725,,,,,,,,,116,,106,,,168,,,,,,98,,,,,264,,70,,,,,,,,,126,,,310,,,102,1101,213,,,,211,,,,,,126,,,,278,68,,97,,1726,1120,318,,,11,,,,213,,,,,,,84,,,,125,,,722,,,,,,,308,,1315,544,,250,,,,540,270,,135,,75,332,,,,199,,,,,,251,,,140,,,,117,,,,254,,,,828,290,,1785,,,100,,121,,,,1068,487,,,11,,,,,,71,169,,,,55,,219,,,97,70,,329,,136,,115,,,104,81,,,10100,,,,,
2013-05-20,107,,223,280,,,211,,,45,74,,,,,,,,,,605,,765,,129,102,428,152,172,,152,,1137,1366,,,59,,143,,255,,340,1551,815,,,,,,,162,,,,,,155,,184,,68,,,,725,,96,,,118,,,,,,,77,,167,,,,,116,96,,,140,,265,,72,,,,,,,,,128,,,311,,,,1110,211,,,,203,,140,,,,,,168,,,,,,,1745,1098,296,,,11,,,,216,,,,,,,87,,,,121,,,716,,,,245,,,314,,1328,531,,250,,,,540,271,163,135,121,,332,,,,202,,116,,,,248,,,138,,65,,116,,,,252,,,,820,290,,1815,,,,,116,,,255,1090,470,,,,,,,,,72,166,,,,56,,218,,,99,70,,341,,135,83,117,,,,,,,,,,80,,
2013-05-21,108,,235,277,,,221,,,50,70,,,,1764,,,,,,605,,770,,130,101,428,152,168,,153,,1137,1380,,,59,,144,,253,,344,1551,814,,,,,,,,,,,,,155,,184,,70,139,,,730,,,,,118,,,,111,,,75,,169,,,,,120,98,,,,,265,,75,,,,,,,,,128,,,310,,,100,1150,215,,,,202,,138,,,,126,,160,,,67,,,,1750,1082,296,,,11,,,,215,,,,,,,,,,,120,,,725,,,,,,,310,,1335,531,,250,,,,548,,,133,,78,331,,,,,,,,140,145,245,,,138,,63,96,118,,,,254,,,,821,294,,1824,,,104,,,,,,1091,470,176,,11,,,,,,,168,,,,54,,220,,,100,,,,,139,84,,,,,,,,,,,,,
2013-05-22,104,,232,275,,93,219,,,48,76,,,,,,,,,,606,550,760,,128,99,433,151,168,,154,,1145,1415,,,,,143,,257,,338,1549,793,,,,,,,167,,,,,,,,179,,72,,,,730,,,,,120,,,,112,,,73,,169,,,,,,98,,,,,260,,76,,,,,,,,,127,,,307,,,105,1130,210,,,,205,,,110,,,126,,160,,,,,,,1745,1089,296,,,11,,159,,216,,,,,,,,,,,118,,,722,,,,,,,,,1360,,,250,,,,539,271,160,136,123,81,333,,,,,,,,,,242,,,139,,,,116,,,,253,,,,820,285,,1815,,,106,,,,,,1123,461,173,,,185,,,,,72,168,,,197,,,220,,,100,68,,330,,135,,,,117,,,136,,,,,,,
2013-05-23,103,,218,270,,,222,,,,74,,,,1799,,,,,,604,,763,,,98,476,150,165,,152,,1144,1428,,,60,,143,,253,,341,1546,808,,,,,,,165,,,,,,154,,181,,77,,,,716,,,,,122,,,,110,,,73,,169,,210,,,,97,,,,,257,,76,,,,,,,,,125,,67,310,,,103,1110,207,,,,198,,134,,,,123,,,,279,,,,,1745,1109,297,,,11,,174,,216,,,,,,,87,,,,116,,,720,,,,,,,304,,1355,539,,244,,,,534,281,157,135,,82,332,,,,,,114,,,,245,,,132,,65,,116,,,,251,,,,817,285,,1800,98,,107,,,,,,1190,480,,,11,197,,,,,71,165,,,,55,,218,,,102,67,,324,,137,85,,,,,,135,,,,,77,,
2013-05-26,106,,221,270,,89,228,,,,73,,,,,,,,1680,,604,,760,,126,98,,151,163,,157,,1149,1460,,,58,,143,,252,,345,1550,800,,,,,,,173,,,,,,154,,180,,75,,,,715,,,53,,,,,,112,,,71,,170,,,,,122,97,,,,,260,,,,,146,,,,,121,123,,,309,,,105,,210,,,,198,,134,,,,,,,,272,,,,,1741,,303,,,11,,191,,,,,,,,,,,,,117,,,724,,,,,,,301,,1350,535,,246,,,,535,,,137,,84,331,,,,,,116,,,,252,,,,,67,96,118,,,,250,,,,825,289,,1813,,,105,,,,,,1309,498,171,,11,205,,,,,70,160,,,,,,220,,,102,66,,,,135,87,,,119,,81,140,,,,,71,,
2013-05-27,,,225,275,,90,227,,,,80,,,,,,,,,,605,,760,,122,98,494,153,165,,159,,1151,1500,,,59,,146,,255,,374,1557,818,,,,,,,167,,,,126,,153,,185,,74,,,,730,,,,,,,,,111,113,,71,,170,,,,,,98,,,,,261,,75,,,,138,,,,,122,71,,310,,,,1221,214,,,,204,,136,,,,124,,,,274,,,,,1804,1130,300,,,11,,185,,214,,93,,,,,,,,,116,,,740,,,,,,,302,,1341,549,,249,,,,539,286,158,137,125,84,333,,,,,,,,,,260,,,,,69,,120,,,,255,,,,827,290,,1810,,,103,,,,,,1420,547,168,,11,221,,,,,71,166,,,,53,,222,,,,66,,,,133,88,,,117,,80,,,9898,,,70,,91
2013-05-28,,,225,275,,92,238,,,53,80,,,,,,,,,,602,,761,,123,98,,150,166,,,,1151,1590,,104,60,,145,,256,,393,1550,826,,,,,,,173,,,,,,155,,182,,72,141,,,725,,,,,,,,,113,,,71,,168,,,,,121,99,,,138,,260,,75,,,,,,,,,123,,,308,,,115,1260,214,,77,,207,,135,,,,126,,,,268,,,,,1761,1147,294,,,11,,170,,211,,100,,,,,,,,,115,,,730,,,,,,,323,,1330,510,,250,,,,535,,161,136,,84,330,,,,,,105,,138,147,264,,,,,71,,122,,,,252,237,,,831,292,,1810,97,,104,,,,,,1350,601,165,,11,241,,,,,72,169,,,,55,,221,,,100,65,,315,,,91,,,120,,,,,,,,69,,89
2013-05-30,,,226,280,,93,251,,,51,79,,,,,,,,,,603,,770,,121,,503,150,168,,159,,1151,1575,,102,61,,145,,253,,,1555,,,,,,,,175,,,,120,,155,,182,,72,,,,720,,,,,,,,,110,,,72,,166,,206,,,112,98,,,140,,259,,72,,,,,,,,,126,,,306,,,117,,209,,78,,207,,,,,,,,,,,65,,,,1745,1130,290,,,11,,177,,220,,110,,,,,,,,,,,,730,,,,,,,347,,1304,531,,246,,,,536,,,142,,85,330,,,,,,,,140,,260,,,,,70,,122,,,,248,,,,825,292,,1800,,,105,,,,,,1400,594,,,11,265,,,,,72,170,,,,,,218,,,,68,,319,,135,90,,,118,,81,,,9792,,,67,,95
2013-06-02,112,,223,275,,92,254,,,,75,,,,,,,,,,600,,765,,122,,,149,163,,150,,1150,1560,,98,62,,144,,252,,,1545,801,,,,,,146,167,,,,,,153,,175,,70,,,,717,,,54,,,116,,,109,,,72,,165,,207,,,112,98,,,,,247,,73,,,,,,,,,125,,,305,,,128,1235,200,,,,198,,135,,,,124,,,,268,,,,,1730,1111,280,,,10,,176,,210,,104,,,,,,,,,113,,,722,,,,,,,341,,,567,,240,,,,532,,167,140,,83,324,,,,,,,,142,,256,,,,,70,,118,,,,250,,,,820,288,,1800,,,105,,,,,,1499,540,,,11,265,,,,,72,,,,,,,217,,,100,67,,324,,135,,,,117,,81,,,,,,65,,96
2013-06-03,116,,225,280,,91,251,,,,77,,,,,,,,,,599,,,,128,95,457,149,169,,155,,1147,1540,,94,65,,143,,251,,386,1550,817,,,,,,,171,,,,,,156,,178,,,,,,731,,,,,,,,,111,,,75,,165,,206,,,110,98,,,,,252,,78,,,,,,,,,,,,301,,,132,1196,201,,,,200,,139,,,,126,,,,265,,,,,1750,1128,285,,,11,,173,,210,,102,,,,,,,,,113,,,724,,,,249,,,325,,1310,570,,248,,,,534,,172,144,,84,327,,,,,,,,144,151,260,,,,,73,,117,,,,251,,,,820,288,,1815,,,105,,,,,,1450,510,,,11,,,,,,74,163,,,,56,,216,,,104,67,,312,,141,,119,,123,,81,141,,9986,,,64,,
2013-06-04,116,,225,280,,90,252,,,,75,,,,,,,,,1290,598,,770,,124,,444,149,168,,152,,1149,1540,,91,68,,144,,252,,,1546,833,,,,177,,,168,,,,,,154,,176,,72,,,,721,,,,181,122,,,,111,,,77,,168,,205,,,,98,,,140,,250,,77,,,,,,,,,126,,,304,,,130,1181,195,,77,,199,,138,,,,126,,,,261,,,97,,1750,,292,,,10,,170,,222,,97,,,,,,,,,115,,,724,,,,,,114,319,,,570,,244,,123,,536,,174,150,,90,324,,,,206,,,,146,154,260,,,,,73,,118,,,,255,,,,822,289,,1800,,,105,,,,,,1305,520,,,10,245,,,,,75,168,,,,,,217,,,103,66,,323,,145,89,,,123,,,,,10000,,,70,,96
2013-06-05,118,,225,305,,,250,,,,78,,,,,,,,,,600,,800,,124,,455,150,169,,151,,1146,1471,,91,68,,145,,254,,,1538,818,,,,,,,170,,,,112,,,,179,,75,,,,720,,,,,,,,,110,,,78,,164,,,,,,,,,142,,250,,75,,,,,,,,,126,,,307,,,134,1175,198,,76,,200,,140,,,,126,,,,265,,,,,1744,1100,300,,,10,,168,,215,,,,,,,,,,,113,,,724,,,,,,113,325,,1300,570,,247,,,,535,,175,,125,89,327,,,,,,,,147,157,258,,,,,76,94,116,,,,248,233,,,824,290,,1800,,,,,114,,,,1181,,,,11,245,,,,,75,,,,,,,217,,,,66,,,,146,90,,,127,,82,,,,,,74,,
2013-06-06,114,,221,304,132,,248,,,,83,,,,,,,,,,600,,785,,125,,,155,168,,152,,1145,1490,,88,69,,144,,255,,386,1540,820,,,,,,,172,,,,,,151,,177,,76,,,,720,,,,,117,,,,115,,104,78,,167,,209,,,,97,,,146,,250,,74,,,,,,,,,129,,,310,,,130,1198,199,,,,199,,140,106,,,126,,,,269,,,,,1746,1100,300,,,10,104,166,,,,,,,,,,,,,,,,724,,,,,,115,320,,1305,,,247,,,,535,,177,147,,90,328,,,,,,,,,,252,,,,,75,,,,,,245,235,,,824,290,,1810,,,105,,,,,,1160,,,,11,237,,,,,75,,,,,54,,219,101,,102,65,,,,,89,,,127,,82,,,10000,,,,,93
2013-06-09,112,,220,,134,90,248,,,,80,,,,,,,,,,590,,,,125,96,447,150,171,,149,,1144,1505,,85,67,,144,,255,,,1546,792,,,,,,,173,,,,,,154,,176,,77,,,,720,,,52,183,115,,,,116,115,,79,,169,,213,,,,98,,,,,251,,73,,,,,,,,,124,,,309,,,,1175,196,,,,197,,142,,,,123,,,,265,,,,,1740,,295,,,10,94,164,,210,,,,,,,88,,,,,,,724,,,,,,,,,1305,560,,246,,,,535,,179,147,,93,326,,,,,,,,,,253,,,,,73,,116,,,,250,,,,820,290,,1818,,,105,,,,,,1060,,162,,10,239,,,,,75,170,,,,52,,219,,,104,67,,,,,,,,124,,,139,,,,,,,90
2013-06-10,109,,215,283,134,91,243,,,,78,,,,,,,,,,586,,795,,126,94,,151,170,,149,,1145,1510,,84,67,,143,,252,,,1540,819,,,336,,,,170,,,,112,,154,,181,,83,,,,724,,,,,121,,,,124,,,79,,167,,214,,,,99,,,145,,250,,75,,,,,,,,,127,,,305,,,128,1152,194,,76,,195,,142,,,,,111,,,267,,,,,1740,1119,293,,,10,85,168,,211,,,,,,,89,100,,,,,,725,,,,253,,,326,,1320,,,250,,,,528,285,181,157,,91,326,,,,,,,,,,250,,,,,74,,114,,,,245,,,,817,285,,1801,,,102,,118,,,,1166,,,,10,235,,,,,78,166,,,,51,,216,,,102,66,,329,,144,90,,,123,104,81,,,,,,72,,88
2013-06-11,109,,213,275,,,236,,,,81,,,,,,,,,,580,,,,132,95,,149,170,,152,,1149,1515,,85,70,,143,,254,,,1540,804,,,318,,,,170,,,,,,154,,180,,77,,,,715,,,,183,119,,,,122,,,77,,167,,,,,,,,,,,,,80,,,,,,,,,128,,,308,,,125,1175,197,,,,195,,139,,,,,112,,,265,65,,,,1752,1075,293,,,10,77,165,,210,,,,,,,,106,,,114,,,723,,,,,,,325,,1310,580,,,,,,525,,183,157,,93,325,,,,,,,,,,245,,,,,,95,114,,,,248,,,,817,286,,1806,,,101,,,,,,1220,,,,11,,,,,,77,166,,,,50,,217,,,105,67,,,,144,90,,,125,,82,,,,,,72,,91
2013-06-12,108,,213,285,,,236,,,,80,,,,,,,,,,585,,795,,,94,445,149,170,,151,,1147,1550,,85,72,,144,,252,,379,1540,,,,,,,,171,,,,108,,151,,179,,81,,,,706,,,51,182,,,,,123,,100,79,,166,,,,,,98,,,,,248,,79,,,,,,,,,124,,,308,,,123,1185,196,,,,195,,141,,,,125,,,,264,,,,,1736,1075,291,,,10,70,162,,218,,,,,,,91,111,,,114,,,726,,,,,,,333,,1305,560,,249,,,,525,,189,160,,93,324,,,,,,,,,163,254,,,,,73,,114,,,,246,,,,821,290,,1809,96,,103,,,,,266,1200,,,,10,227,,,,,81,,,,,49,,218,,,,72,,,,140,91,125,,125,,,,,,,,71,,94
2013-06-13,,,206,299,,,236,,,,80,,,,,,,,,,575,,780,,125,94,,149,172,,149,,1137,1599,,,74,,,144,254,,358,1531,808,,,289,174,,,171,,,,,,153,,178,,75,,,,710,,,,,,,,,123,,,76,,165,,,,,,98,,108,147,,248,,81,,,,,,,,,124,,61,306,,157,119,1200,196,,,,196,,142,,,,125,,,,265,65,,,,1728,1070,299,,,10,63,162,,221,,,,,,,,120,,,117,,,720,,,,,,,328,,1334,551,,246,,127,,525,,,,,100,325,162,,,,,99,,,169,253,,,,,72,,,,,,247,,,,815,295,,1801,,,105,,,,,,1165,384,,,10,,,,,,82,157,,,,50,,217,,,109,75,,,,141,89,124,,126,,,,,,,,70,,96
2013-06-16,,,205,283,,,243,,,,,,,,,,,,,1305,574,,765,,126,,,149,176,,150,,1139,,,86,,,144,,252,,360,1525,788,,,279,,,,175,,,,,,156,,178,,75,,,,734,,,,,,,,,121,,,77,,165,,,,,,97,,,,,252,,83,,,,,,,,,130,,,313,,151,,,190,,,,196,,139,,,,126,,,,,,,,,1738,1075,299,,,10,57,162,,216,,,,,,,,,,,118,,,724,,,,,,,323,,1317,550,,246,,,,525,,192,155,,97,326,162,198,,,,,,,,250,,,,,73,,,,,,248,,,,813,291,,1800,96,,,,,,,,,,,,10,,,,,,82,166,,,,49,,217,,,,,,,,145,,130,,123,,79,,,10000,,,71,,91
2013-06-17,,,206,278,,,239,,,,77,,,,,,,,,,570,,778,,124,95,437,148,173,,151,,1135,1568,,,75,,144,,250,,350,1539,803,,,274,,,,170,,,,,,150,,175,,77,,,,720,,,,182,120,,,,126,,,76,,164,,218,,,108,99,,,,,248,,83,,,,,,,,,,,,306,,,,,192,,,,193,,139,108,,,125,,,,267,,,,,1720,1078,294,,,10,52,,,214,,93,,,,,,,,,,,,722,,,,,,,327,,1319,,,244,,,,,,194,149,,97,321,,,,,,,,,172,250,,,,,73,,116,,,,244,,,,824,281,,1801,,,100,,,,,,,,,,10,,,,,,80,163,,,,,,215,,,,70,,323,,143,,136,,,,75,,,,,,73,,90
2013-06-18,108,,203,279,,88,238,,,,76,,,,,,,,,,556,,789,,125,94,,147,168,,147,,1130,1515,,87,76,,143,,246,,,1524,803,,,264,,,,172,,,,,,159,,173,,76,,,,706,,,46,182,,,,,125,,,77,,163,,,,,,98,,,,,246,,80,,,,,,,,,125,,55,305,,,119,1170,184,,,,190,96,138,104,,,129,,,,,,,98,,1719,1072,298,,,10,47,163,,211,,92,,,,,,,,,,,,721,,,,,,,325,,1305,541,,242,,,,523,280,194,150,,,318,162,,,,,,96,,,252,,,,,73,95,118,,,,244,,,,811,290,,1810,96,,101,,,,,,,356,,,10,223,,,,,78,163,,,,49,,213,,,,71,,309,,,88,,,122,,,,,10000,,,73,,91
2013-06-19,108,,204,270,,83,235,,,,77,155,,,,,,,,1315,540,,775,,125,,437,145,171,,147,,1139,1535,,,75,,142,,244,,,1525,,,,,,,145,172,,,,,,,,174,,73,,,,700,,,,,,,,,134,,,77,,161,,,,,114,,,,157,,,100,,,,,,,,,,124,,54,306,,,118,1177,183,,,,193,,,,,,127,110,,,266,,,,,1721,,301,,,10,43,162,,214,,,,,,,92,,,,,,,715,,,,,,,327,,1318,550,,241,,,,520,,194,149,,,315,162,,,,,,,,,250,,,,,73,,118,,,,245,,,,813,288,,1800,96,,102,,,,,,575,,,,10,,,,,,80,161,,,,49,,213,,,106,70,,,,,,,,124,,74,,,,,,71,,
2013-06-20,109,,202,276,132,83,232,,,,72,,,,,,,,,,535,,788,,125,96,,147,166,,149,,1130,1535,,,74,,143,,246,,,1515,802,,,245,,,,170,,,,,,,,171,,73,,,,676,,,,,113,,,,132,,,79,,162,,222,,,112,99,,,155,,245,,77,,,,,,,,,123,,52,300,,,,1180,188,,77,,192,,145,,,,127,,,,261,,,,,1711,,297,,,10,42,162,,213,,,,,,,,,,,119,,,707,,,,,,,330,,1318,,,240,,,,520,,197,,,92,315,,192,,,,,,,,250,,,,,72,,116,101,,,246,,,,816,290,,1802,,,102,,,,,,620,,,,10,,,,,168,,164,,,,50,,211,,,,,100,297,,143,,,,122,,,140,,10000,,,69,,92
2013-06-23,105,,202,272,,91,232,,,,73,,,,1833,,,,,,547,,,,125,,,145,,,148,,1125,1550,,,73,,141,,245,,346,1529,,,,,,,,170,,,,,,,,171,,73,,,,671,,,,,112,,,,131,,,76,,161,,222,,,110,,,,156,,246,,77,,,,,,,,,124,,,303,,,122,1170,188,,78,,190,,141,,,,122,,,,260,,,,,1715,1075,290,,,10,,156,,212,,,,,,,,,,,121,,,710,,,,,,,,,1305,550,,240,,,,518,,199,,,91,314,,,,,,,,,,247,,,,,72,,114,101,,,242,,,,808,284,,1800,,,100,,,102,,,620,384,,,10,,,,,184,85,,,,,,,212,,209,,,,,,140,,,,,100,75,138,,10000,,,69,,97
2013-06-24,105,,204,271,,,232,,,,72,149,,,,,,,,,551,,,,124,94,,145,163,,149,,1130,1556,,,73,,143,,251,,336,1524,802,,,,,,159,,,,154,,,150,,172,,75,,,,684,,,,,112,,,,133,,,76,,165,,230,,,112,99,,,,,246,100,77,,,,,,,,,125,70,51,300,,,120,1175,188,,77,,192,,139,,,,121,,,,260,,,,,1716,,290,,,,,150,,214,,,,,,,,,,,123,,,720,,,,,,,336,,1295,548,,245,,,,516,,,147,,90,326,,,,,,,,,,250,,,,,72,,104,,,,244,,,,815,286,,1811,,,99,,116,,,,,391,,,10,,,,,202,85,162,,,194,51,,213,,,103,67,,,,142,,,,,,76,,,10000,,,,,100
2013-06-25,,,212,270,,,240,,,,72,,,,,,,,,,581,,790,,125,,,148,162,,152,,1135,,,85,73,,144,,255,,,1530,802,,,,,,171,,,,153,,,151,,182,,75,,,,699,,,,,111,,,,136,,,77,,167,,238,,,,99,,,,,252,100,76,,,,,,,,,123,70,,305,,,,1175,200,,,,198,,137,,,,,,160,,265,65,,,,1730,1075,297,,,,,149,,220,,,,,,,93,,,,122,,60,731,,,,,,,342,,1282,579,,252,,,,523,,,148,,,324,,,,,,,,,,252,,,,,72,,108,,,,247,,,,822,295,,1810,,,100,,,,,,,,,,10,,,,,212,86,160,,,197,51,,217,,,107,65,,300,,140,87,,,121,,76,,,,,,67,,95
2013-06-26,106,,210,275,132,91,235,,,,73,,,,,,,,,,580,509,760,,121,,435,149,162,,151,,1134,1555,,,73,,144,,255,,,1550,,,,237,,,,161,,,,,,150,,186,,75,,,,709,,,,,113,,,,137,,,80,,165,,238,,,,99,,,160,,255,,71,,,,,,,,,125,70,50,308,,,124,1175,204,,76,,201,,138,102,,,120,,,,265,,,,,1765,1078,301,,,,,153,,224,,91,113,,,,94,,,,123,,56,746,,,,,,,345,,1294,575,,253,,,,530,,,,,93,333,,,,,,92,,,,,,,,,72,,,,,,254,,,,830,299,,1820,,,98,,115,,,,,,,,,,,,,222,,165,,,,50,,222,,,109,67,,302,,,85,,,119,97,78,138,,,,,69,,91
2013-06-27,108,,204,271,,,231,,,,75,,,,,,,,,,545,,790,,123,92,430,147,161,,148,,1130,1581,,,74,,143,,254,,,1530,,,,,,,177,161,,,,,108,150,,186,,73,,,,700,,,,,117,105,,,150,,,79,,165,,240,,,,100,,,157,,258,,73,,,,,,,,,125,72,50,305,,,126,1174,198,,,,196,,140,,,,,,163,,268,65,,,,1773,,295,,,,,157,,222,,90,,,,,,,,,119,,58,740,,,,253,,,335,,1291,550,,245,,,,530,,,,,94,326,,,,,,83,,,,246,,,,,73,,,,,,249,,,,824,289,,1810,,,97,,,,,,610,,171,,10,224,,,,200,,167,,,,,,218,,,111,66,,,,,,,,,,82,138,,10000,,,71,,100
2013-06-30,106,,204,275,,,231,,,,75,147,,,,,,,,,540,,775,,123,,430,146,160,,147,,1126,,,86,72,,143,,249,,,1530,850,,,,,,180,156,,,,,,153,,,,73,,,,696,,,,,,,,,144,,,77,,161,,,,,,98,,,160,,253,,76,,,,,,,,,125,79,50,302,,,126,1185,191,,76,,191,,139,,,,123,,166,,258,,,,,1750,1075,290,,,,,161,,218,,,,,,,,,,90,119,,55,737,,,,,,,330,,1290,561,,241,,,,530,275,,,,92,316,,,,,,,,,,245,,,,,73,,,,,,247,,,,816,290,,1801,,,106,,,,,,,,,,10,,,,,182,,161,,,197,,,218,,,109,67,,300,,,85,,,,,82,,,,,,70,,98
2013-07-01,105,,204,272,,,230,,,,77,,,,,,,,,,540,,789,,123,88,,144,160,,147,,1130,1160,,,72,,141,,248,,336,1535,884,,,,,,,155,,,,,,,,183,,75,,,,699,,,,,115,,,,138,,,75,,163,,,,,,,,,,,258,,,,,,,,,,,125,80,51,302,,,123,1210,196,,76,,192,,141,100,,,122,,,,260,60,,,,1747,1090,290,,,,,158,,215,,,,,,,,,,,,,58,729,,,,,,115,343,,1291,,,245,,125,,530,270,201,,,92,317,,,,,,82,92,,158,246,,,,,72,,,,,,245,,,,821,297,,1825,,,98,,114,102,,292,,,177,,,,,,,180,,160,,,,51,,215,,,105,69,,,,133,85,,,115,,81,,,,,,67,,91
2013-07-02,107,,214,271,133,89,230,,,,77,,,,,,,,,1315,543,,786,,123,87,,143,162,,147,,1128,1161,,84,76,,140,,249,,,1537,,,,,,,,154,,,147,,,152,,,,77,,,,692,,,,185,114,,,,137,,,76,,163,,236,,,114,97,,,,,247,,75,,,,,,,,,127,,51,306,,,125,1190,192,,76,,190,,142,,,,,111,,,260,,,,,1748,1090,286,,,,46,155,,224,,,,,,,,,,,120,,59,730,,,,,,,345,,1299,576,,244,,,,530,265,,,,93,318,,,,202,,,,,,247,,,,,72,94,,,,,255,,,,820,293,,1826,,,99,,110,,,290,570,398,177,,10,224,,,,185,,162,,,200,52,,216,,,104,70,,294,,134,86,,,,,85,138,,10000,,,,,92
2013-07-03,,,217,276,134,,230,,,,76,,,,,,,,,,545,,790,,125,87,446,144,163,,149,,1135,1170,,,76,,140,,255,,,1540,,,,,,,,154,,,,,,149,,177,,76,,,,681,,,,,116,109,,,137,,,77,,161,,234,,,110,96,,,,,249,100,76,100,,,,,,,,123,,,302,,,125,1200,188,,76,,193,,138,98,,,,,,,267,,,,,1743,,289,,,,51,159,,,,,,,,,,,,,118,,57,732,,,,,,,340,,1300,570,,245,,,,532,270,197,,,93,316,,,,,,,,124,160,246,,,,,71,92,,,,,243,,,,829,295,,1803,,,100,,,,,291,581,377,180,,10,220,,,,186,,161,,,212,,,216,,,,71,,,,132,89,,,,,90,,,,,,67,,91
2013-07-04,109,,216,265,,,229,,,,77,,,,,,,,,,540,,785,,123,88,461,144,165,,148,,1136,1150,,,74,,140,,262,,358,1539,815,,,,,,,156,,,,,,146,,175,,77,,,,668,,,,,116,,,,141,,,78,,163,,230,,,,97,,,160,,246,,79,,,,,,,,,123,79,51,307,,,121,1225,189,,75,,191,,139,95,,,124,,,,262,,,,,1741,1080,287,,,,55,159,,,,,,,,,,,,,,,61,733,,,,,,113,341,,1300,575,,243,,,,530,,,,,93,320,,,,,,,,,,245,,,,,,,,,,,247,,,,835,290,,1795,,,97,,,,,280,,,183,,10,,,,,186,,162,,,220,53,,216,,,106,72,,294,,131,90,,,113,96,89,133,,9998,,,65,,90
2013-07-07,116,,212,266,,85,235,,,,78,,,,,,,,,,540,,795,,125,93,498,148,163,,151,,1129,1165,,83,76,,140,,257,,365,1544,810,,,,171,,,153,,,,,,146,,176,,77,,,,680,,98,,182,122,,,,138,,,78,,164,,,,,,97,,,160,,249,,,100,,,,,,,,124,,53,300,,,,1229,191,,76,,191,95,138,94,,,,,,,254,59,,,,1741,1080,287,,,,59,157,,216,,,,,,,,,,,114,,60,743,,,,,,,342,,1326,564,,242,,123,,530,276,,148,,93,321,,,,,,,,,,248,,,,,72,89,,,,,246,,,,830,292,,1801,,,96,,,,,280,,,201,,10,,,,,204,,170,,,228,51,,214,,,,72,,,,133,,,,102,,91,,,10000,,,67,,90
2013-07-08,,,213,265,,86,237,,,,78,,,,1742,,,,,,545,,785,,125,102,498,149,166,,152,,1128,,,84,76,,143,,260,,370,1550,825,,,,,,177,156,,,,,,147,,178,,75,,,,688,,100,,185,120,,,,136,,,80,,165,,226,,,,,,,157,,250,,77,,,,,,,,121,127,81,52,308,,,120,1215,193,,77,,193,,138,95,,,,,,,256,,,,,1750,,290,,,,58,154,,218,,,,,,,,,,,112,,59,755,,,,,,,340,,1325,572,,246,,,,559,271,,144,,93,325,,,,,,,,,,250,,,,,74,88,,,,,244,,,,849,297,,1800,,,99,,106,,,,581,377,221,,10,,,,,204,,170,,,233,,,218,,,104,73,,299,,,88,,,100,,91,133,,,,,69,,
2013-07-09,112,,216,263,134,83,241,,,,85,,,,,,,,,,555,,,,119,102,527,149,163,,155,,1139,1185,,,75,,145,,260,,375,1570,839,,,,,,171,155,,,,,,150,,181,,77,,,,690,,100,42,182,122,,,,144,,,81,,170,,,,,,99,,,154,,249,100,76,,,,,,,,,125,81,54,308,,,,1268,196,,,,204,,,97,,,,,,,265,58,,,,1779,1081,295,,,10,60,157,,220,,,,,,,,,,,,,57,777,,,,250,,,,,1340,580,,252,,121,,561,,,138,,,325,,,,,,,,,,254,,,,,,80,,,,,255,,,,850,300,,1805,,,106,,110,,,,580,,243,,10,,,,,212,,170,,,237,50,,221,,,108,80,,304,,139,85,,,,,,,,,,,70,,94
2013-07-10,,,215,270,,84,244,,,,90,,,,,,,,,,555,,775,,119,109,536,151,162,,153,,1160,1185,,91,75,,145,,268,,375,1596,869,,,,,,171,158,,,,,,150,,180,,77,,,,700,,,39,,120,,,,143,,,78,,169,,,,,,,,,,,253,,78,,,,,,,,,124,,,314,,,,1308,200,,,,205,,,,,,125,,,,265,59,,,,1805,1085,309,,,10,64,160,,230,,,,,,,,,,,115,,55,789,,,,,,,336,,1385,600,,255,,116,,530,,,133,,,329,,,,,,,,,,250,,,,,74,,,,,,266,,,,855,305,,1817,94,,104,,,,,,580,384,256,,10,216,,,,212,,164,,,233,51,,221,,,,80,,310,,141,88,134,,100,,90,,,10000,,,72,,97
2013-07-11,,,211,270,,84,244,,,,90,,,,,,,,,,550,,780,,120,111,546,149,161,,,,1161,1147,,90,74,,142,,260,,,1575,853,,,,,,171,156,,,,,,150,,179,,79,,,,703,,,35,,,,,,137,,,76,,168,,225,,,,99,,,,,250,,80,,,,,,,,,124,82,,310,,,,1300,200,,,,203,,,,,,,,,,264,,,,,1786,,305,,,10,66,160,,222,,,,,77,,,,,,119,,59,784,,,,,,,350,,1380,591,,254,,,,550,275,,135,,,320,,,,,,77,,,,250,,,,,75,80,,,,,258,,,,860,300,,1850,,,105,,,,,280,591,385,281,,,210,,,,233,,163,,,230,49,,217,,,106,82,,,,,89,,,,,,,,9800,,,79,,95
2013-07-14,,,213,276,,83,241,,,,88,,,,,,,,,,550,,785,,125,,556,148,161,,155,,1193,,,,74,,143,,263,,365,1575,874,226,,,,,,156,,,,,,,,183,,80,,,,700,,,33,,118,,,,142,,,78,,168,,,,,,,,,,,255,,79,,,,,,,,,124,,,311,,,120,1301,,,,,202,,138,106,,,,,,,,,,,,1790,1089,303,,,,67,172,,212,,,,,76,,,,,,130,,63,784,,,,,,,351,,,590,,255,,112,,570,,,136,,,324,,,,,,,,,,261,,,,,,,,,,,258,239,,,850,303,,1823,,,104,,,,,,,,281,,10,204,,,,232,,167,,,,50,,218,,,112,76,,322,,143,85,,,,105,94,,,,,,,,95
2013-07-15,118,,212,285,134,84,248,,,,88,,,,,,,,1680,1315,553,,830,,124,,511,149,165,,155,,1191,1130,,90,74,,140,,267,,,1591,870,,,258,,,176,155,,,,,,152,,176,,83,,80,,700,,,31,,128,,,,144,,,76,,168,,,,,,99,100,,,,260,100,78,100,,,,,,,,126,,,309,,,120,1320,200,,,,203,,137,114,,,,,,,,,,,,1815,,300,,,10,66,171,,223,,,,,76,,,,,,142,,,784,,554,,,,,364,,1425,596,,252,,110,,596,280,,138,,,324,,,,,,76,,,,270,,,,,,85,,,,,260,,,,850,300,,1820,,,108,,111,,,276,,406,284,195,11,204,,,,239,,166,,,230,50,,231,,,123,80,,328,,142,86,,,,,100,,,,,,,,96
2013-07-16,,,212,280,134,85,247,,,,82,,,,1742,,,,,,553,,785,,122,,501,147,165,,152,,1190,1108,,92,73,,143,,260,,365,1599,853,228,,248,,,180,152,,,,,,150,,,,88,,75,,714,,,30,,126,,,,145,,,79,,166,,,,,,98,,,160,,255,,,,,,,,,,,124,,,310,,,,1330,200,,,,203,,138,,,,,,,,,,,,,1800,1089,300,,,10,,,,216,,,,,77,,,,,,,,59,781,,554,,,,,371,,1432,,,252,,107,,542,,,140,,,322,,,,,,,,,,265,,,,,,,,,,,255,,,,852,302,,1825,,,,,,,,277,614,414,279,,11,205,,,,247,,170,,,,49,,,,,,80,,,,142,88,,,99,,,133,,,,,,,95
2013-07-17,,,218,,136,86,245,,,,85,147,,,,,,,,,548,,792,,122,,500,147,180,,154,,1220,1115,,,74,,142,,264,,372,1609,830,,,,,,,150,,,108,,,150,,181,,96,,75,,700,,,31,,,,,,145,,,80,,169,,220,,,,99,,,,,255,,78,,,,,,,,,122,,,308,,,122,1340,197,,,,196,,138,,,,,,,,265,,,,,1825,1080,295,,,10,64,,,218,,,,,80,,,,,,140,,60,780,,609,,,,,,275,1480,604,,261,,,,539,,194,,,,320,,,,205,,73,91,,,255,,,,,,,,,,,255,,,,850,305,,1825,,,108,,,,,,605,398,279,,11,209,,,,268,,172,,,234,49,,,,,,79,,,,,87,,,,101,98,,,,,,80,,
2013-07-18,116,,215,275,138,,248,,,,87,,,,,,,,,1341,557,,797,,129,,490,149,177,,158,,1270,1130,294,,75,,145,,270,,393,1668,861,,,,,,,159,,,112,,,150,,186,,99,,,,708,,,,,124,,,,152,,,79,,168,,226,,,,100,,,154,,263,,79,,,,,,,,,132,82,,313,,,125,1366,200,,,,206,,142,115,,,,,,,291,,,,,1865,1080,302,,,10,64,165,,221,,,,,80,,,,,,,,56,800,,669,,,,,,302,1534,632,,264,,,,550,,192,139,,,325,162,,,,,72,,,,260,,,,,76,88,,,,,262,,,,865,315,,1850,,,,,,,,280,,,275,,11,,,,,,,172,,,,,,227,,,,78,,,,,,,,,,95,,,,,,,,94
2013-07-21,120,,220,280,,,249,,,,88,,,,,,,,,,595,,798,,,,518,152,182,,155,,1325,1175,,,76,,147,,281,,400,1739,870,,,,,,,165,,,121,,,,,195,101,98,,,,730,,,31,,122,,,,160,,,80,,172,,230,,,,102,,,,,279,,82,,,,,,,,,140,,,333,,,,1418,205,,,,216,,,117,,,127,,,,302,,,,,1910,1102,314,,,10,63,155,,228,,,,,82,,,,,,,,58,830,,735,,,,,392,332,1599,694,,275,,,,554,,,140,,,330,,186,,,,72,,,,265,,,,,77,,,,,,265,239,,,894,332,,1929,,,110,,113,,,285,617,400,285,,11,,,,,280,,181,,,238,,,235,,,,81,,,,140,,,,,102,,,,9905,,,81,,95
2013-07-22,116,,219,279,,,248,,,,86,,,,,,,,,,590,,799,,126,,518,149,182,,159,,1297,1180,,87,75,,146,,280,124,,1725,887,232,,,,,186,168,,,119,,,148,,190,101,96,,74,,734,,,31,185,117,,,,154,,,79,,171,,230,,,,104,,,,,285,100,78,100,,,,,,,,136,,,338,,,,1390,206,,,,212,,144,,,,129,112,,,301,,,,,1885,1080,306,,,10,,150,,226,,,,,85,,,,,,139,,56,807,,748,,233,,,399,365,1620,763,,270,,,,551,,195,139,,,324,,,,,187,70,,,,260,,,,,,89,,,,,255,,,,875,342,,1955,94,,,,112,,,285,620,,280,,,,,,,285,,190,,,,52,,232,,,,77,,325,,140,91,,,,,93,135,,,,,,,
2013-07-23,113,,220,275,,87,252,,,,87,,,,1776,,,,,,570,,798,,128,,500,149,180,,160,,1307,1298,,88,73,,145,,280,,392,1731,,236,88,,,,192,168,,,,,,160,,188,,95,,75,,725,,,,,118,,,,155,,98,75,,168,,225,,,,100,,,,,296,,76,,,,,,,,,137,,53,333,,,129,1435,202,,,,207,,,,,,132,112,,,,,,,,1920,1089,310,,,10,,154,,235,,,,,81,,,118,,,135,,56,810,,737,,,,,406,401,1641,729,,273,,,,545,,197,141,,,321,,,128,,,,,,154,264,,,,,75,88,,,,,256,,,,865,339,,1955,,,,,,,,282,682,440,280,,,213,,,,300,,176,,,,51,,233,,,,76,,319,,145,88,138,,,,91,141,,,,,81,,
2013-07-24,111,,220,270,,86,251,,,,86,,,,,,,,,,558,,820,,127,,520,149,178,,155,,1310,1350,,87,73,,144,,273,,399,1737,,232,,,,,190,165,,,,,,151,,183,,96,,74,,713,,,29,,,,,,154,,,76,,167,,225,,,,102,,,,,291,,78,,,,,,,,,132,,54,336,,,127,1430,202,,,,205,,144,,,,130,,,,288,,,,,1890,1080,313,,,10,,155,,232,,,,,78,,,,,,,,55,811,,710,,,,,406,441,1652,702,,268,,,,538,285,,,,,321,,,,,,,,,157,272,,,,,76,,,,,,253,,,,860,336,,1940,,,107,,110,,,275,750,465,290,,,233,,,,290,,178,,,261,51,,231,,,,79,,,,154,,144,,,,91,,,,,,81,,
2013-07-25,111,,220,279,,87,252,,,,87,,,,,,,,,,559,,840,,127,,500,147,169,,,,1307,1305,,88,72,,146,,272,,432,1730,,230,,,,,,162,,,123,,,153,,181,,95,,74,,720,,,29,,,,,,151,,,76,,166,,221,,,,,,,,,290,,77,,,,,,,,,132,,53,335,,,,1475,201,,,,203,,143,,,,,,,,276,,,,,1889,1070,304,,,10,,158,,226,,,,,77,,93,,,,,,55,806,,697,,,,,412,435,1652,708,,265,,,,539,,,,,,320,,,,,,63,,,164,275,,,,,82,,,,,,255,,,,856,342,,1930,,,106,,,,,276,765,447,280,,,256,,,,295,,180,,,,,,230,,,,80,,320,,163,88,150,,,94,91,,,9900,,,84,,
2013-07-28,115,,219,280,,88,277,,,,85,,,,,,,,,,552,,877,,127,,500,147,173,,161,,1335,1404,,,73,,145,,276,,440,1739,,,,,,,,165,,,,,,168,,188,,96,,,,712,,,26,,119,,,,153,,,78,,166,,,,,,,,,,,295,,78,,,,,,,,,130,83,,335,,150,133,1570,206,,,,206,,147,,,,,,,,289,,,,,1905,1080,300,,,10,63,160,,244,,,,,78,,,,,,133,,55,816,,700,,,,,411,440,1735,778,,264,,,,541,,,,,,320,,,,,,63,,,170,295,,,,,86,91,,,,,253,,,,860,343,,1940,,,105,,,,,,808,485,290,,,271,,,,296,,198,,,,49,,234,,,,79,,320,,,,,,,,,,,,,,83,,93
2013-07-29,117,,220,285,142,89,289,,,,84,,,,,,,,,,565,,880,,128,,510,146,170,,163,,1375,1430,,89,74,,144,,273,,460,1750,890,238,,,,,,164,,,,106,,180,,185,,92,,73,,719,,,25,,120,,,,155,,,79,,167,,225,,,112,,,,,,296,,79,,,,,,,,,134,83,,342,,,146,1590,209,,78,,216,,150,,,,,,,,294,,,,,1900,1080,300,,,10,62,163,,255,,,,,75,,94,,,,129,,55,816,,713,,,,115,420,474,1735,786,,264,,109,,554,,,141,,,319,,,,,,,,,187,295,,,,,90,90,,,,,256,,,,856,342,,1949,,,102,,,,,273,800,490,290,,,297,,,,304,,207,,,260,49,,238,,,,76,,330,,,92,,,,98,89,,,,,,88,,94
2013-07-30,116,,222,300,,89,293,,,,83,,,,,,,,,,569,,900,,130,,478,147,170,,159,,1420,1460,,,72,,144,,278,,454,1800,900,246,,,,,196,166,,,,,,180,,186,,96,,,,729,,,24,,117,,,,157,,,79,,168,,228,,,,,,,157,,299,,79,,,,,,,,,141,,50,350,,,160,1620,215,,81,,215,,,,,,,,,,292,58,,,,1910,1100,304,,,10,61,169,,259,,,,,74,,,,,,,,55,831,,733,,241,,119,413,465,1780,796,,265,,117,,564,,199,140,,,319,,,,,169,,,126,188,300,,,,,92,,,,,,260,,,,865,344,,1959,,,108,,110,,,,800,490,289,,,305,,,,305,,203,,,286,51,,237,,,,76,,336,,168,92,,,,102,88,,241,,,,87,,91
2013-07-31,114,,227,303,144,,285,,,,82,,,,,,,,,,569,,915,,135,109,481,147,174,,164,,1423,1517,,,71,,145,,272,,470,1810,902,250,,,180,,205,162,,,120,,,177,,186,,96,,70,,730,,,,,116,,,,154,,,80,,169,,230,,,,,,,155,,312,,78,,,,,,,,,141,,50,357,,,161,1610,219,,,,213,,,,,,130,,,,300,,,,,1925,1109,305,,,10,,171,,269,,,,,74,,,,,,128,,55,833,,732,,,,123,428,453,1818,795,,265,,,,561,286,199,140,,,319,,,,,,,,,185,300,,,,,93,,,,,,259,,,,880,355,,1940,,,106,,,,,,792,499,290,,11,295,,,,307,,198,,,314,53,,240,,,,77,,348,,171,,,,,,88,,217,,,,83,,92
2013-08-01,,,233,302,144,89,285,,,,79,,,,,,,,,,564,,919,,132,,495,146,175,,165,,1409,1519,,,69,,144,,270,,497,1836,890,250,,,179,,,160,,,120,,,171,,185,,96,,,,740,,100,,,116,,,,148,,,78,,170,,238,,,114,,,,153,,318,,77,,,,,,,,,,83,,348,,,155,1605,222,,80,,220,,153,,,,140,,,,301,,,,,1910,1110,308,,,10,59,175,,270,,,,,74,,,,,,126,,54,840,,726,,,,125,430,438,1770,800,,262,,115,,558,,,138,,,318,162,,,,,,92,,180,293,,,,,92,89,,,,,254,,,,882,355,,1927,,,106,,,,,,785,485,291,,10,300,,,,304,,198,,,339,52,,236,,,,74,,,,177,92,,,,100,86,,205,,,,79,,
2013-08-04,114,,235,317,,90,285,,,,78,,,110,,,,,,1394,576,,917,,131,,505,146,174,,164,,1415,1450,,,,,145,,269,,488,1845,890,260,,224,,,225,171,,,116,,,165,,186,,89,,68,,749,,100,23,,127,,,,155,,,77,,170,,234,,,118,,,,149,,316,,,,,,,,,,,139,81,50,344,,,152,1610,220,,82,,218,,153,,,,,,,,299,,,,,1915,1110,307,,,10,,182,,270,,,111,,74,,,,,,124,,56,841,,710,,,,,449,440,1740,800,,268,,,,557,295,,138,,,319,,,,,,62,,128,178,290,,,,,97,,,,,,260,,,,875,348,,1905,,,103,,108,,,,716,492,296,,10,297,,,,301,,187,,,334,51,,241,,,,73,,,,,94,,,,,87,,,,,,81,,
2013-08-05,112,,244,320,158,,274,,,,83,,,,,,,,,,575,,882,,129,108,495,144,166,,158,,1385,1421,,,,,146,,264,,470,1806,,250,,212,,,247,168,475,,114,,,163,,179,,93,,66,,743,,,,,131,,79,,150,,,78,,169,,231,,,,,,,,,300,,76,,,,,,,,,,,49,344,,,148,1580,214,,90,,207,,150,,,,142,,,,300,,,,,1895,1110,304,,,10,,176,,265,,,,,,,,,,,132,,56,823,,702,,,,123,460,430,1662,775,,261,,,,552,300,,137,,,319,,,,,,61,,130,172,275,,,,,96,,,,,,250,,,,870,338,,1912,,,102,,,,,,739,475,300,,,300,,,,301,,185,,,,51,,234,,,,68,,354,,180,,141,,,98,87,139,,,,,82,,
2013-08-06,112,,240,320,172,,272,,,,80,,,,,,,,,,575,,884,,129,,504,144,175,,159,,1405,1449,,89,,,143,,267,,488,1820,873,255,,200,,,251,169,505,,113,,,165,,183,,,,60,,752,,,22,190,134,111,78,,150,,,78,,168,,,,,124,,,,147,,300,,75,,,,,,,,121,,,50,340,,,145,1596,213,,99,,213,,,,,,140,,,,,,,,,1903,1098,300,,,10,,172,,268,,,,,72,,,,,,,,54,821,,700,,249,,124,470,435,1701,796,,260,,,,552,306,,133,,,319,,,,,,,,,170,288,,,,,,90,,,,,256,,,,865,339,,1900,,,,,,,,,755,489,,,11,300,,,,300,,186,,,338,51,,236,,,,70,,,,182,,,,,,86,140,,,,,90,,
2013-08-07,110,,250,318,164,90,295,,,,81,,,,,,,,,,571,,890,,133,,515,143,170,,162,,1395,1435,,89,69,,146,,265,,497,1810,890,260,,220,179,,,165,489,,112,,,174,,176,,93,,66,,745,,,,196,136,,77,,150,,,80,,170,,232,,,126,,,,,,301,,72,,,,,,,,,137,80,53,343,,,142,1610,213,,108,,211,,147,,,,,,,,300,,,,,1890,1110,301,,,10,,171,,262,,,,,72,,,,,,,,53,813,,690,700,258,,,497,435,1725,800,,256,,,,554,,,142,,,312,,,,,,,93,,176,295,,,,,,94,,,,,255,,,,866,346,,1920,,,103,,,,,283,755,482,275,,10,302,,,,298,,192,,,332,51,,233,,,,69,,366,,,93,131,,,,85,142,,,,,91,,
2013-08-08,114,,256,317,,91,301,,,,86,,,,,,,,,,572,,882,,131,,505,148,169,,157,,1400,1434,,92,,,151,,261,,510,1814,,265,,220,,,,168,475,,,,,177,,177,,98,,70,,754,,,,192,136,,76,,147,,,81,,169,,,,,124,,,,149,,300,,72,,,,,,,,,133,,54,339,,,,1600,212,,109,,212,,149,,,,131,110,,,300,,,,,1900,1131,309,,,10,,168,,260,,,,,74,,,,,,130,,54,822,,670,,273,,,500,429,1759,800,,250,,,,555,336,203,,,,315,,,,,,60,,,173,301,,,,,,100,,,,,250,261,,,861,349,,1900,,,99,,,,,282,764,480,,,11,300,,,,303,,191,,,326,,,232,,,,67,,402,,,92,,,,,,144,201,,,,91,,
2013-08-11,115,,258,275,155,92,313,,,,90,,,,,,,,,,569,,880,,130,,550,147,170,,159,,1398,1412,,,67,,154,,261,,486,1782,875,270,,224,,,261,162,459,,,,,178,,177,,97,,,,747,,98,,,136,,72,,143,,,80,,169,,,,,126,100,,,,,297,,70,,,,,,,,,135,79,55,343,,,140,1664,215,,105,,210,,151,115,,,130,,,,303,,,,,1870,1115,302,,,10,,156,,256,,,,,74,,,116,,,126,,53,810,,663,,273,,,490,433,1769,800,,253,,,,553,369,211,140,,,314,,,,,,,,132,170,311,,,,,95,100,,,,,250,286,,,857,361,,1875,,,108,,,,,,,480,,,,301,,,,298,,190,,,320,51,,231,,,119,70,,430,,,91,,,,,90,148,197,,,,88,,92
2013-08-12,126,,258,266,149,94,336,,,,92,,,,,104,,,,,585,,880,112,127,,602,140,172,,157,,1394,1390,,,,,148,,259,,520,1770,875,275,,230,,,266,167,451,,114,,,192,,175,,94,,66,,745,,,22,,142,,69,,140,,,77,,170,,229,,,125,97,,,149,,300,,71,,,,,,,,,133,,59,344,,,137,1640,210,174,104,,206,,157,,,,136,,,,310,59,,,,1850,1130,300,,,10,,162,,265,,,,,77,,,,,,130,,52,810,,657,,250,,126,495,435,1856,787,,250,,,,552,,214,138,,,310,,,,205,,59,,,167,325,,,,,,98,,,,,245,314,,,846,355,,1875,,,117,,,,,,780,472,,,11,300,,,,296,,200,,,314,50,,227,,,,70,,426,,,91,,,,,91,149,188,10098,,,84,,88
2013-08-13,132,,255,263,153,93,350,,,,91,,,,,,,,,,586,,871,110,131,,605,142,172,,162,,1399,1363,,,66,,146,,260,,540,1770,875,295,,230,,,,165,449,,112,,,195,,176,,91,,67,,745,,,21,,142,,66,,142,,,80,,169,,220,,,129,97,,,,,303,,74,,,,,,,,,130,,57,341,,,150,1644,213,168,106,,203,,157,,,,138,,,,328,,,,,1830,1111,298,,,10,,159,,260,,,,,79,,,,,,132,,51,816,,658,,,,,544,432,1860,816,,248,,,,551,400,,139,,,311,,,,,,,,134,181,344,,,,,,,,,,,243,330,,,844,358,,1870,,,121,,,,,,790,490,275,,11,315,,,,305,,217,,,326,50,,225,,,,70,,414,,179,91,,,98,,92,153,,,,,84,,89
2013-08-14,139,,265,268,162,96,345,,,,91,,,,,,,,,,593,,840,,135,,599,144,173,,160,,1398,,,95,65,,149,,260,,529,1778,,312,,,,,,,444,,112,,,203,,173,,92,,70,,745,,,,,138,,65,,146,,,82,,170,,226,,,129,98,,,,,297,,72,,114,,,,,,,132,,56,334,,,164,1625,207,,102,,203,,166,,,,140,,,,334,,,,,1819,1111,300,,,10,,160,,258,,,,,79,,96,118,,,125,,53,817,,628,,,,134,598,443,1850,820,,247,,117,,551,438,,135,,,307,,,,,,62,94,,187,350,,,,,94,,,,,,245,324,,,850,354,,1850,,,,,,,,277,780,490,275,,11,315,,,,313,,225,,,336,51,,226,,,,70,,420,,162,92,127,,98,,93,,179,,,,,,89
2013-08-15,135,,274,275,,97,340,,,,89,,,,,,,,,,593,,,,130,104,646,144,173,,157,,1395,,,,65,,147,,259,,501,1780,855,300,,230,,,251,,430,128,112,,,194,,171,,91,,72,,730,,,21,198,139,,68,,143,,,81,,167,,227,,,,100,,,151,,299,,74,,,,,,,,,139,79,57,330,,,180,1570,206,153,108,,205,95,168,,,,147,,,,331,,,,,1845,1104,298,,,10,58,157,,258,,,107,,81,,,120,,,129,,53,817,,614,,244,,143,606,460,1860,880,,248,,,,552,438,210,137,,,309,,,,,,,,137,184,345,,,,,88,97,,,,,244,318,,,840,355,,1840,93,100,112,,,,,270,795,500,285,,,346,,,,344,,214,,,368,51,,223,,,,71,,462,,171,90,,,,,,155,170,,,,88,,87
2013-08-18,137,,289,275,,100,360,,,,92,,,,,,,,,,598,,,,,,608,144,173,,159,,1400,,,97,64,,144,,264,,506,1793,,285,,231,175,,245,166,441,,,,,213,,173,,91,,72,,732,,,21,,141,,62,,141,,,82,,170,,230,,,,106,,,154,,300,,,,,,,,,,,138,,56,336,,,198,1690,203,150,118,,206,,183,,,,154,,,,333,,,,,1825,1125,299,,,10,,159,,261,,,,,,,,,,,129,,53,820,,638,,,,157,604,506,1860,968,,250,,118,,555,430,,139,,,311,,,,,,64,,,202,367,,,,,86,,,,,,249,,,,832,370,,1835,,,114,,,,292,270,851,521,276,,11,380,,,,366,,233,,,382,49,,228,,,,70,,470,,165,91,,,,,98,,159,,,,88,,86
2013-08-19,138,,295,295,,101,354,,,,100,,,,,,,,,,598,,835,,142,94,630,144,190,,158,,1408,1363,,100,64,,145,,272,,505,1806,,281,,,,,242,182,443,128,,,,207,,174,,94,,71,,732,,,,209,140,,67,,139,,,82,,176,,230,,,,108,,,150,,315,,72,,,,,,,,119,142,,59,343,,,217,1660,207,,117,,206,,194,,,,151,,,,350,,,,,1838,1125,296,,,10,,163,,264,,,101,,,,,118,,,129,,54,825,,640,,,,172,598,500,1820,969,,256,,,,556,422,214,137,,,312,,,,,,,,,217,365,,,,,89,96,,,,,260,,,,845,387,,1840,,100,115,,,,272,280,840,508,,,11,384,,,,368,,230,,,396,50,,235,,,,71,,456,,157,92,,,,,97,157,170,10046,,,89,,87
2013-08-20,138,,290,294,178,111,368,,,,98,,,,,,,,,,606,,803,,156,95,630,146,209,,161,,1425,1370,,106,64,,147,,273,,545,1810,,291,,235,,,,200,448,,,,,210,,178,101,91,,71,,744,,,,210,147,,73,,142,,,81,,172,,230,,,133,118,,,156,,327,,78,,114,,,,,,,156,,63,354,,147,238,1669,210,,128,,204,,204,,,,165,,,,362,,,,,1855,1129,301,,,10,59,166,,273,,,97,,82,,97,120,,,132,,55,823,,647,,,,189,604,494,1840,941,,258,,,,567,,218,136,,,317,,,,,,63,,141,238,361,,,,,,,,,,,258,318,,,850,395,,1835,92,,120,,,,258,286,815,506,271,,11,383,,,,360,,223,,,405,51,,235,,,,71,,467,,167,97,,,,,96,,170,10046,,,89,,
2013-08-25,134,,275,300,195,116,378,,,,98,,,,,,,,,,603,,789,,159,98,642,145,201,,158,,1421,,,108,66,,144,,268,,555,1814,850,286,,231,166,,245,205,435,,,,,206,,175,,93,,70,,744,,,,230,146,,71,,139,,,81,,175,,230,,,,119,,,159,,327,,77,,116,,,,,,,165,80,,357,,,249,1655,208,,140,,206,,204,,,,162,,,,360,,,,,1860,1125,331,,,10,57,161,,268,,,106,,,,98,119,,,142,,,835,,644,,248,,207,610,491,1829,921,,254,,,60,571,409,226,139,,,313,,,,,,,,139,261,367,,,,,95,95,,,,,258,,,,840,395,,1840,,100,120,,,,248,276,814,528,281,,,368,,,,355,,219,,,413,51,,231,,,117,71,,470,,173,99,115,,98,,97,,187,,,,92,,89
2013-08-26,,,265,299,214,116,390,,,,98,,,,,,,,,,597,,810,,150,98,637,144,205,,159,,1441,,,108,67,,144,,270,,588,1818,,281,,,166,,245,200,428,,,,,202,,171,,97,,71,,729,,,,253,142,,70,,139,,,84,,166,,230,,,,115,,,161,,327,,,,116,,,,,,,157,,69,363,,143,225,1310,205,,147,,210,,196,,,,159,,,,353,,,,,1851,1115,364,,,10,,167,,272,,,116,,82,,,,,,144,,55,820,,631,,,,227,610,490,1810,924,,247,,122,,570,409,230,141,,,309,,,,,,,,,281,378,,,,,98,97,,,,,255,324,,,842,396,,1825,93,,111,,,,244,276,820,509,285,,11,369,,,,360,,208,,,421,53,,232,,,113,71,,480,,167,97,111,,98,98,96,,205,,,,100,,89
2013-08-27,135,,269,295,235,112,398,,,,,,,,,,,,,,606,,841,,151,99,648,146,205,,159,,1467,1385,,,73,,143,,274,,599,1841,884,284,,,,,249,201,425,,,,,212,195,175,,97,,70,,738,,,,278,140,,,,139,,,87,,167,,230,,,137,114,,,,,330,,73,,114,,,,,,,,,75,366,,139,234,1310,208,,,,215,,191,,,,157,,,,346,,,,,1853,1111,375,,,10,,167,,286,,,117,,90,,,,,,146,,54,822,,640,,,,225,616,487,1815,923,,250,,124,,581,417,238,142,,,313,,,,,,60,,151,273,382,,,,,97,95,,,,,252,342,,,845,400,,1835,91,,115,,,,245,282,818,510,290,,11,376,,,,362,,213,,,413,,,233,,,112,72,,497,,170,100,111,,,,95,,201,,,,100,,89
2013-08-29,128,,270,299,258,112,385,,,,,,,,,,,,,,610,,840,,152,97,650,143,200,,168,,1554,,,99,72,,143,,269,,580,1840,885,281,,,,,,204,429,,,,,208,,175,,103,,70,,731,,,,303,,,65,,137,,98,88,,168,,222,,,,112,,,167,,326,,77,,116,,,,,,,157,81,82,371,,141,222,1306,203,,,,217,,191,109,,,162,,,,340,,,,,1834,,365,,,10,,170,,275,,,,,90,,,118,,,150,,54,823,,638,,267,,224,614,485,1820,915,,248,,,,572,417,,141,,,311,,,,,,,,166,252,378,,,,,99,96,,,,,253,361,,,847,400,,1826,93,,114,,,,,,815,512,,,11,369,,,,,,218,,,397,,,235,,,111,73,,488,,176,98,110,,99,,98,,185,10200,,,101,,88
2013-09-01,125,,273,296,283,109,381,,,,,,,,,103,,,,,573,,845,,149,95,676,143,197,,165,,1570,1420,,100,74,,142,,272,,581,1830,868,291,,235,,,,201,433,128,116,,,204,,173,,105,,,,700,,,,333,138,,62,,137,,,88,,167,,,,,,,,,170,,325,,76,,116,,,,,,,152,,88,360,,139,219,1350,200,,,,213,,188,102,,,167,,,,335,,,,,1830,1125,387,220,,10,,169,,280,,,,,90,,,,,,162,,53,810,,635,,282,,,620,477,1856,925,,246,,126,,583,425,,140,,,308,,,,,,,,181,270,369,,,,,98,95,,,,,251,,,,845,397,,1840,93,,116,,,,239,282,801,510,285,,11,370,,,,348,,218,,,369,,,230,,,115,73,,470,,185,97,104,,102,,98,,170,10000,,,98,,87
2013-09-02,123,,273,291,275,110,385,,,,,,,,,,,,,,581,,853,,152,,695,142,200,,159,,1541,1470,,100,,,143,,272,,567,1835,,296,93,,,,245,,430,,,101,,196,,173,,95,,71,,706,,,21,366,142,,61,,138,,,87,,165,,230,,,,112,,,,,318,,75,,119,,,,,,,155,,96,363,,137,211,1485,205,,145,,206,,189,102,,,164,,166,,340,,,,,1820,1124,373,,,10,,169,,286,,,115,,88,,102,,,,165,,50,815,,635,,287,,,610,470,1843,930,,245,,,,575,410,,141,,,307,,,,,,,,184,265,380,,,,,99,94,,,,,251,365,,,842,395,,1840,94,,112,,,,,280,804,520,290,,11,356,,,,,,216,,,364,51,,234,,,113,74,,461,,182,95,100,,100,,97,,173,10000,,,100,,88
2013-09-03,124,,270,297,265,108,383,,,,97,,,,,,,,,,568,,840,,152,,642,141,193,,158,,1524,1480,,96,74,,141,,264,,560,1825,834,312,102,,,,245,200,431,,,103,,198,,172,,92,,,,690,,,,402,143,,62,,138,,,82,,164,,,,,,110,,,176,,312,,74,,119,,,,,,,150,82,95,362,,135,200,1514,200,,,,210,,192,99,,,165,,,,340,,,,,1820,1120,370,,,10,,165,,285,,,,,86,,,,,,154,,50,818,,630,,,,204,610,466,1848,935,,243,,,,576,429,245,147,,,307,,,,,,,,199,260,381,,,,,98,,,,,,250,364,,,841,392,,1835,,,110,,,,216,280,790,515,285,,11,346,,,,357,,215,,,360,,,227,,,109,74,,468,,180,95,104,,101,,,157,170,,,,96,,88
2013-09-04,,,268,298,250,103,380,,,,,149,,,,,,,,,559,,830,,,94,636,140,192,,158,,1509,1480,,,74,,141,,258,,552,1800,818,300,96,,,,,199,430,,118,,,196,,170,,92,,,,672,,,,362,141,,62,,134,,89,81,,164,,230,,,139,112,,,177,,306,,71,,119,,,,,,,153,,93,356,,129,192,1500,199,,,,214,,195,100,,,156,112,,,335,,,,,1820,1110,362,,,10,,169,,293,,,,,91,,,122,,,151,,55,818,,625,,272,,,612,466,1830,940,,241,,,,575,418,245,150,,,303,,,,,,,,214,,374,,,,,99,,,,,,253,364,,,841,389,,1830,96,,106,,,,,,775,511,280,,11,330,,,,,,215,,,350,50,,227,,,108,73,,451,,,93,102,,,106,95,,173,,,,94,,
2013-09-05,128,,270,306,241,102,380,,,,,147,,,,,,,,,571,,,,149,95,641,140,199,,159,,1512,1490,,97,75,,141,,262,124,561,1820,,309,96,,165,,,196,422,128,126,105,,196,,169,,95,,71,,693,,,,360,143,,62,,139,,,79,,167,,,,,,,,,,,307,,70,,115,,,,,,,150,83,,360,,,205,1500,200,,,,210,,197,99,,,162,112,,,365,,,,,1820,1125,370,,,10,,169,,295,,89,,,,,,,,,,,53,820,,625,,272,,,611,474,1810,925,,242,,,,570,430,245,162,,,301,,,,,,,,196,,375,,,,,100,99,,,,,253,,,,840,394,,1830,95,,107,,,,,280,,501,,,11,332,,,,,,215,,,352,,,235,,213,104,74,100,455,,,93,100,,101,108,93,,170,,,,,,
2013-09-08,,,268,312,248,102,381,,,,95,,,110,,,,,,,565,,814,,150,96,,140,195,,159,,1570,1470,,,74,,147,,260,,583,1692,,310,95,,,,245,197,423,,128,,,200,,169,,96,,,,690,,,,368,150,,61,,140,,,80,,164,,,,,,,,,194,,308,,70,,,,,,,,,150,84,,364,,,,1500,202,,,,213,,196,98,,181,,,163,,335,,,,,2002,1237,370,,,10,,169,,290,,,,,,,,122,,,148,,53,852,,621,,287,,,615,465,1810,907,,239,,,,570,446,233,,,,310,,,,,,,,193,,372,,,,,,100,,,,,259,,,,841,395,,1890,,100,109,,,,,,780,511,,,11,344,140,,,,,211,,,345,,,230,,,104,73,,,,177,95,108,,,108,,,167,,,,,,
2013-09-09,126,,265,322,247,,394,,,,,,,,,109,,,,,562,,,,161,97,679,141,197,,157,,1586,1475,,,73,,149,,260,,601,1679,,316,97,,,,241,199,430,,,107,,200,,170,,96,,67,,702,,,,368,153,,62,,137,,,80,,164,,238,,,141,,,,196,,306,,,,,,,,,,,147,85,,363,,,208,1510,196,,154,,217,,194,101,,181,166,,,,358,,,,,1965,1270,367,,,10,,169,,295,,,,,,,,120,,,,,50,857,,633,,,,,676,465,1865,917,,244,,,,565,475,,170,,,305,,,,,,,97,,,380,,,,,98,96,,,,,259,358,,,838,396,,1870,,,112,,,,195,280,778,501,275,,11,345,,,,,,215,,,,,,240,,,106,74,,500,,178,96,106,,103,105,92,,164,10000,,,93,,
2013-09-10,128,,260,318,251,102,399,,,,93,,,,,107,,,,,555,,800,,161,100,746,141,198,,160,,1565,1469,,,74,,152,,258,,599,1610,836,325,100,,,,,213,420,,,107,,202,190,167,,99,,71,,700,,,,365,147,,60,,135,,,80,,164,,260,,,,112,,,192,,305,,70,,117,,,,,,,161,,,352,,127,200,,200,,,,223,,188,100,,181,171,,,,370,,,,,1940,1230,365,,,10,,166,,281,,,,,90,,,122,,,152,,50,846,,620,,302,,,743,466,1860,934,,244,,,,565,480,230,173,,,301,,,,,,61,100,190,255,408,,,,,102,96,,,,,258,344,,,839,382,,1840,95,,110,,,,195,280,735,485,,,11,340,,136,,357,,205,,,351,,,230,,,106,73,,480,,173,95,110,,,,,,164,,,,95,,87
2013-09-11,126,,256,320,248,102,402,,,,84,,,,1776,102,,,,,549,,790,,161,98,789,138,200,,157,,1580,,,,,,153,,260,,598,1630,836,337,98,231,,,,215,420,,127,105,,204,,167,,97,,71,,700,,,19,360,145,,61,,134,,,80,,160,,278,,,,114,,,192,,305,,,,,,,,,,,154,,,340,,,196,1500,204,,,,219,,191,,,180,171,110,,,356,,,,,1958,1225,369,,,10,,163,,278,,,,,89,,,123,,,155,,50,845,,625,,319,,,715,471,1897,965,,244,,,,565,467,,183,,,301,,,,,,,106,192,,390,,,,,100,96,,,,,259,340,,,845,384,,1849,96,,117,,,,202,275,728,499,265,,11,330,,,,357,,212,,,344,,,228,,,108,,,498,,175,94,112,,,,,154,163,,,,97,,88
2013-09-12,125,,256,315,,99,405,,,,79,,,,,108,,,,,550,,810,,160,100,760,140,208,,155,,1595,1475,,,,,158,,256,,,1633,,360,,,,,,223,421,,121,,,207,,172,,99,,,,695,,,,353,143,,63,,135,,,80,,163,,,,,,109,,,192,,306,,,,,,,,,,,154,,,362,,,194,1470,200,,,,224,,193,,,182,173,,,,350,,,,,1965,1240,368,,,9,,160,,283,,,113,,84,,,,,,153,,50,853,,622,,,,200,730,470,1929,974,,245,,,,565,482,,189,,,300,153,,,,,,108,,260,408,,,,,98,,,,,,261,340,,,840,388,,1835,94,,112,,,,201,,,500,,,10,330,,,,343,,214,,,,47,,229,,,111,72,,486,,184,93,118,,,,,154,160,,,,96,,88
2013-09-15,127,,251,320,251,100,416,,,,78,149,,,,105,,,,,546,,800,,156,98,,141,205,,160,,,1460,,,,,159,,259,,565,1670,886,361,99,,169,,,225,409,,122,105,,204,,167,,101,,73,,689,,,18,356,142,,62,,137,,,79,,165,,275,,,,106,,,186,,301,,68,,115,,,,,,,155,,,355,,125,191,,199,,,,229,94,190,102,,181,172,,,,350,,,,,1990,1255,369,,,9,,166,,280,,,114,,79,,108,124,,,148,,50,845,,618,,313,,,720,470,2010,960,,244,,122,,563,473,,190,,,293,153,,,,,,107,,,397,,,,,105,95,,,,,260,334,,,850,385,,1835,92,,113,,,,200,,728,505,255,,10,325,,,,322,,216,,,,,,230,,,114,,,491,,180,92,,,,,,,160,,,,97,,
2013-09-16,125,,243,321,252,100,421,,,,77,,,,,102,,,,,539,,800,,153,,745,142,197,,157,,1290,1468,,,,,160,,257,,576,1700,900,375,98,,177,,,226,407,,120,,,224,184,165,,100,,,,680,,,,351,142,,61,,,,,80,,164,,,,,,108,,,185,,279,,67,,114,,,,,,,158,,,355,,,,1465,196,,,,233,,193,102,,180,169,108,,,355,,,,,1996,1265,372,,,10,,157,,279,,,,,82,,107,,,,,,51,848,,615,,,,,710,476,2100,995,,241,,,,564,,226,209,,,295,,,,,,,107,198,,400,,,,,102,,,,,,262,,,,851,380,,1844,91,,111,,,,196,279,730,500,265,,11,325,,,,316,,216,,,,48,,230,,,110,71,,482,,183,91,,,103,,91,,162,,,,96,,
2013-09-17,,,249,323,251,,455,,,,77,,,,,106,,,,,542,,805,,150,96,689,141,196,,156,,1246,1466,,,,,163,,258,,569,1700,954,370,99,,175,,,222,398,,120,105,,246,,168,,99,,72,,656,,,18,354,,,61,,,,,79,,164,,270,,,,110,,,181,,295,,66,,,,,,,,,157,,,353,,123,204,1468,196,,,,238,,,,,179,166,110,,,359,56,,,,2000,1266,373,,,10,,161,,280,,,,,78,,103,,,,147,,54,837,,611,,,,,710,480,2200,1048,,248,,,,565,480,,229,,,290,,183,,,169,62,111,200,,425,,,,,101,96,,,,,264,,,,845,393,,1830,,,112,,,,198,275,752,509,275,,10,325,,132,,315,,222,,,338,,,230,,,110,68,,485,,175,92,116,,103,,90,,160,,,,99,,87
2013-09-19,127,,251,320,250,103,450,,,,82,,,,,107,,,,,540,,789,,147,,663,141,198,,156,,1210,1466,,,,,157,,256,124,579,1538,,365,99,,170,,,,420,,118,,,245,,172,,99,,71,,665,,,,362,140,,58,,129,,,79,,160,,253,,,,108,,,178,,283,,64,,,,,,,,,151,,,344,,,210,1480,195,,,,240,,185,,,178,,,,,360,55,,,,1980,1260,378,,,10,,160,,282,,88,,,77,,,,,,,,53,832,,610,,,,,701,478,2101,1066,,243,,122,,563,470,,233,,,286,,,,,,,,194,,402,,,,,102,,,,,,260,,,,860,380,,1795,,,109,,,,193,279,795,525,275,,10,320,,130,,315,,230,,,,,,230,,,112,70,,476,80,183,91,,,111,,,,172,,,,98,,87
2013-09-22,130,,248,312,250,101,425,,,,79,,,,1741,,,,,1263,535,,782,,150,97,650,139,200,,155,,1176,1465,,,,,150,,242,,,1491,,360,101,,,,,163,404,,118,105,,241,184,166,,100,,71,,654,,,,370,141,,55,,133,,,,,159,,240,,,,106,,,179,,284,,62,,116,,,,,,,145,84,,333,128,125,208,,195,,,,228,,185,102,,172,163,,,,294,54,,,,1975,1245,370,,,9,,158,,275,,,,,75,,105,,,,136,,51,825,,594,,,,,688,475,2010,1050,,242,,,,564,,,225,,,283,,,,,,63,,191,255,402,,,,,103,,,,,,258,,,,845,372,,1740,90,,108,,,,198,280,782,515,,,10,328,,,,309,,253,,,,48,,227,,,115,69,,465,,165,91,,,,103,,151,161,,,,98,,86
2013-09-23,130,,256,306,,99,425,,,,77,,,,,,,,,,540,,791,,146,98,641,138,208,,151,,1160,1450,,98,,,145,,235,,,1501,,367,,,170,,,,406,,,105,,244,181,164,,102,,69,,624,,,,365,138,,54,,136,,,78,,157,,236,,,,104,,,177,,280,,61,,,,,,,,,149,,,336,,,208,1460,190,,,,225,,177,,,173,,,,,,,,,,1970,1250,370,,,9,,155,,280,,,,,76,,,,,,134,,51,820,,596,,,,,695,461,1990,1010,,240,,,,562,452,,203,,,278,,,,,,,,,,398,,,,,107,,,,,,260,,,,843,363,,1715,89,,107,,,,196,295,770,500,,,10,315,,,,315,,236,,,,47,,228,,,120,68,,465,,,90,,,,101,,,160,9800,,,97,,86
2013-09-24,128,,255,300,247,98,425,,,,77,,,,,,,,,,540,,,,148,,629,140,205,,151,,1175,1479,,,75,,150,,235,,560,1490,,374,,,167,,,,402,,,105,,240,,168,,100,,71,,660,,,,359,135,,56,,138,,,76,,160,,232,,,,104,,,179,,292,,62,,113,,,,,,,150,,,337,,,196,,187,,,,230,,180,103,,176,,112,,,,,,,,1980,1245,373,,,10,,157,,279,,,,,78,,103,,,,132,,54,848,,603,,319,,,702,460,2023,1035,,243,,,60,560,443,,183,,,284,,,,210,,63,,,,386,,,,,102,,,,,,261,,,158,840,371,,1735,97,,110,,,,199,286,767,500,,,10,314,,,,,,240,,,,47,,228,,,120,74,,,,,90,111,,110,98,,,,,,,96,,83
2013-09-25,126,,252,301,249,99,415,,,,78,,,,,,,,,,563,,,,146,98,659,140,201,,151,,1218,1482,,96,,,149,,235,,582,1485,,375,,,,,,,401,,,106,,235,,170,,97,,69,,680,,,,,,,54,,,,,77,,160,,250,,,,,,,179,,290,,,,113,,,,,,,151,82,93,355,,,195,1450,191,,,,230,,181,103,,178,157,,,,,,,,,1980,1245,375,,,9,,161,,277,,,,,77,,101,,,,132,,53,825,,598,,,,,700,465,2028,1030,,242,,,,565,445,,182,,,289,,,126,,,,,188,,384,,,,,100,,,,,,258,348,,,735,372,,1715,,,109,,,,196,290,755,510,,,10,314,,,,316,,243,,,,45,,225,,,,81,,470,,,,103,,,,,,144,9800,,,95,,87
2013-09-26,131,,250,300,250,100,412,,,,77,,,,,,,,,1144,554,,,,148,,627,139,206,,153,,1223,1500,,95,,,149,,235,,604,1472,,368,,,,,,,400,,,,,230,,,,97,,69,,655,,,,366,,,55,,,,,77,,158,,260,,,,104,,,179,,289,,60,,115,,,,,,,154,,,350,,,214,1400,187,,,,228,,184,,,177,151,,,,,,,,,1980,1250,372,,,9,,164,,280,,,,,78,,,,,,136,,53,835,,594,,,,,704,469,2039,1034,,243,,120,,561,,218,194,,,283,,,,,,,,185,,380,,,,,102,99,,,,,259,,,,725,367,,1722,,,108,,,,196,306,780,510,,,11,345,,,,317,,243,,,350,43,,222,,,125,83,,475,78,,91,106,,,97,,,142,,,,96,,87
2013-09-29,133,,250,300,247,99,422,,,,78,,,,,,,,,,550,,816,,148,,625,138,205,,150,,1221,1500,,,72,,146,,235,,,1469,,375,,,,187,,,400,,,,,230,,166,,95,,70,,665,296,,18,367,,,56,,,,,77,,156,,255,222,,,103,,,179,,285,,61,,113,,,,,,,155,,,350,128,119,214,1391,188,,,,228,,190,105,,177,163,,,,286,,,,,1975,1240,368,,,9,,163,,280,,,,,,,,122,,,136,,54,832,,593,,,,,700,470,2060,1025,,247,,,,568,440,218,205,,,280,,174,,206,,,,,,377,,,,,101,,,,,,231,345,,,710,365,,1695,106,,108,,,,201,320,790,510,,,10,338,,,,,,239,,,352,43,,224,,,122,84,,479,77,,91,105,,106,98,88,,135,,,,99,,86
2013-09-30,131,,253,307,248,98,412,,,,77,149,,,,,103,,,,551,,795,,146,,630,138,202,,151,,1228,1500,,,,,145,,232,,,1465,,,,,,,,,397,,,,,230,,164,,104,,71,,671,267,,,360,,,55,,,,,79,,157,,250,,,,102,,,,,285,,62,,,,,,,,,149,,,336,,120,,1391,190,,,,227,,204,103,130,176,158,,,,270,,,95,,1975,1241,369,,,10,,164,,280,,,,,,,,,,,135,,51,828,,584,,,,,690,448,2080,1015,,245,,,,576,435,,204,,,285,,,,,163,,,182,,374,,,,,100,,,,,,232,345,,,710,369,,1666,109,,106,,,,198,325,791,505,288,,10,350,,124,,311,,225,,,,43,,223,,,125,87,,,,,,105,,104,,,154,133,,,,,,87
2013-10-01,137,,257,307,,98,412,,,,78,,,,,,,,,1126,548,,790,,146,92,654,139,200,,153,,1230,,,,70,,147,,234,,,1450,,375,,,164,,,,400,,,,,230,,168,,97,,,,675,241,,,358,,,59,,130,,,77,,157,,,,,,101,,,,,286,,61,,,,,,,,,150,,,336,128,118,206,1395,190,,,,230,,195,103,,177,164,,,,265,53,,,,1980,,367,,,9,,157,,275,,,,,,,,,,,134,,54,823,,584,,,,,703,460,2095,1030,,244,,,,572,436,215,202,,,292,,165,,,,,,182,248,370,,,,,102,94,,,,,235,,,,720,370,,1682,109,,110,,,,198,307,791,,,,10,338,,118,,305,,230,,,,45,,227,,,,90,,,,,91,103,,108,,87,144,135,9800,,,98,,85
2013-10-02,134,,265,307,247,99,421,,,,79,,,,,,,,,,549,481,,,146,97,649,139,206,,153,,1231,1500,,,70,,151,,242,,,1439,,368,,,,,,,398,,,106,,242,,167,,93,,,,690,,,,370,,,57,,130,,,77,,158,,,,,,102,,,,,285,,61,,,,,,,,,148,82,,335,128,,206,,195,,,,232,,190,103,,177,,,,,,56,,,,1983,1240,369,,,9,,154,,275,,,,,75,,,,,,136,,59,820,,595,,,,,700,460,2102,1022,,241,,,,569,444,212,211,125,,305,,159,,,,,,,245,373,,,,,101,94,,,,,242,,,,720,373,,1695,111,,108,,,,196,307,784,495,,,10,350,,,,,,237,,,,,,223,101,,,91,,,,,,101,,110,100,,,,,,,95,,85
2013-10-03,132,,261,307,250,99,445,,,,86,,,,,,,,,,559,481,,,148,102,652,135,205,130,158,,1228,1530,,,66,,149,,240,,,1460,,365,,,,,240,,399,,,104,,242,,175,,97,,69,,695,,,,380,,,58,,,,,76,,157,,250,,,,,,,,,287,,62,,,,,,,,,153,,,337,,118,203,1380,200,,,,230,,,102,,176,160,,,,,,,,,1976,1235,375,,,9,,154,,276,,,,,76,,100,,,,134,,64,823,,595,,350,,,702,470,2075,1020,,243,,,,578,452,212,203,127,,300,,153,,,,,,177,,388,,,,,100,,,,,,245,,,,715,380,,1681,108,,108,,,,194,308,770,495,,,10,350,,112,,305,,234,,,,47,,231,,,,91,,,,,91,101,,113,,,,137,9996,,,,,
2013-10-06,132,,268,304,,,430,,,,94,,,,1741,,,,,1238,515,,,,150,104,639,136,,,154,,1225,1600,,,67,,150,,240,,,1470,,372,,,167,,,,400,,,,,236,,184,,,,,,708,,,,,,,57,,130,,,76,,160,,245,,,,103,,,,,290,100,63,,,,,,,,,156,,,343,,117,200,,203,,,100,236,,,103,,178,157,,,,,,,,,1980,,389,,,9,,157,,280,,,,,77,,,,,,,,63,836,,607,,385,,193,,470,2100,1015,,240,,122,,589,470,,200,,,329,,145,,,,,,,241,372,,,,,102,,,,,,248,,,,740,380,,1695,107,,,,,,195,283,,,,,10,345,,,,,,238,,,,,,230,,,,,,475,,,91,,,,98,,,,,,,95,,85
2013-10-07,132,,268,,245,100,428,,,,91,,,,,,,,,1361,520,,782,,156,,689,138,166,,155,,1226,1632,,,70,,153,,250,,651,1499,,365,,,165,,,157,421,,116,,,244,,180,,99,,,,712,,99,,,,,62,,132,,,78,,165,,,,,,106,,,,,295,,62,,,,,,,,,,,,349,,115,204,,200,,,,239,,,,,180,157,,,,265,61,,,,1992,,394,,,9,,157,280,282,,,103,,76,100,,,,,132,,62,847,,622,,410,,,,,2106,1030,,247,,124,,591,475,212,205,,,317,,,,,,62,,174,241,387,,,,,104,95,,,,,249,,,,743,385,,1700,109,,113,,,,200,,775,,289,,,,,,,,,245,,,,48,,230,,,,84,,465,,,91,,,113,,,,,9996,,,95,,
2013-10-08,134,,,315,242,100,438,,,,,,,,,,,,,1415,520,,,,149,,695,,,,,,1235,1620,,,71,,155,,246,124,638,1535,,370,,223,,,,153,415,,,,,247,,,,98,,,160,715,,,,387,,,62,,131,,,79,,165,117,,,,,116,,,160,,295,,62,,117,,,,,,,,,,342,,121,217,1400,199,,,,241,,,102,,180,,,,,,62,,,,2010,1255,398,,,9,,155,252,286,,,,,77,,,,,,,,58,851,,615,,423,,178,710,,2150,1070,,248,,,,580,,,206,,,320,,,,,,60,,171,233,386,,,,,,,,,561,,243,327,,,755,392,,1725,,,,,,,200,,795,512,284,,,350,,,605,,,250,,,,49,,228,,,,80,,465,,,,,,111,100,84,142,,,,,96,,87
2013-10-09,,,274,320,246,,425,,,,,,,,,,,,,,522,,,,150,,700,,,,155,,1253,1650,,,,,155,,247,,,1555,,349,,215,,,,150,427,,,,,253,,,,,,,,725,,,,380,,,61,,133,,,,,164,,,,,,120,,,,,300,,62,,,,,,,,,153,81,,,,123,,,199,,148,,241,,,102,,183,,,,,,62,,,,2008,1270,375,,,10,,155,231,281,,,,,79,,,,,,,,59,852,,615,,,,169,,472,2170,1020,,255,,124,,595,484,,204,,,320,,,,,,,,,229,391,,,,,102,,,,588,,238,,,,750,388,,1759,108,,,,,,198,,795,515,,,10,351,,,665,335,,242,,,,50,,230,,,,77,,498,,,,100,,,,81,140,,,,,96,,
2013-10-10,133,,287,328,244,,435,,,,,,,,,,,,,,538,,795,,151,,,,,,,,1250,1683,,,,,152,,251,135,,1560,,343,,211,,,,150,428,,,,,264,,180,,97,,,,733,,,,387,,,62,,135,,,,,164,,249,,,,,,,,,301,,63,,115,,,,,,,153,,,354,,124,226,1375,201,,,,240,,,,,182,,,,,,65,,,,2030,1270,392,,,,,164,,282,,,,,82,,,,,,131,,,860,,620,,446,,166,712,470,2170,1040,,260,,,,601,475,,,,,323,,,,,,60,,174,,390,,,,,103,,,,570,,255,,,,794,390,,1760,,,117,,,,200,310,805,511,,,,,,,690,345,,244,,,,50,,232,,,,,,496,,,90,,,,100,,138,,9999,,,94,,
2013-10-17,,,281,334,,,,,,,,,,,,,,,,,545,,800,,,,,,,,,,1260,1700,,,,,151,,250,,599,1590,,,,,167,,,,431,,,,,260,,180,,,,69,,740,,,,,,,62,,135,,,78,,170,,,,105,,116,,,,,301,,,,,,,,,,,,,,356,,,222,,206,,,,244,,,,,185,,,,,,,,,,2065,,392,,,,,170,,288,,,,,83,,,,,,130,,,864,,635,,,,,725,474,,1080,,,,,,607,,,,,,327,,,,,,,,,225,392,,,,,,,,,570,,265,,,,790,392,,1780,,,117,,,,,,,,298,,,351,,110,686,333,,248,,,,49,,232,,,,74,,,,,91,,,,108,,,,9999,,,95,,
2013-10-20,135,,288,360,,102,441,,,,,,,,,,,,,,550,,805,,154,102,700,,,,164,,1320,1768,,,71,,158,,268,,566,1680,,,,,167,,,150,446,,,102,,,,190,,96,,70,,770,,,,380,128,,62,,139,,,80,,170,,,,,,114,,,,,313,,,,115,,,,,,,,,,357,,122,214,,217,,,,249,,155,105,,195,,,,,,,,,,2150,1315,400,,,,,169,,298,,,,,,,,,,,130,,,886,,660,,,,150,740,474,2200,1105,,261,,,,610,483,,212,,,333,,,,,,,,,218,393,,,,,103,,,,552,,274,,,,790,400,,1800,112,,118,,,,,341,810,512,,,,352,,,660,,,244,,,,48,,239,,,,,,492,,165,92,102,,,114,82,137,,10000,,,95,,
2013-10-21,137,,281,354,262,,436,,,,,,,,,,,,,,555,,795,,158,104,,,,,167,,1358,1875,,,,,158,,264,,580,1670,,349,,,170,,248,150,455,,,,108,,,193,,,,,,775,,,,,120,,63,,,,,84,,170,,,,,,,,,,,305,,67,,,,,,,,,153,,,356,,119,212,1402,213,,146,,245,,155,105,,204,,,,,275,,,,,2200,1344,399,,,10,,168,,289,,,107,,81,,,,,,132,,,894,,666,,439,,138,740,481,2201,1105,,264,,,,614,483,,228,127,,330,,,,,160,61,,171,,400,,,,,104,,,,550,,274,,,,795,400,,1815,112,,,,,,,341,802,525,,,10,,,,670,345,,240,,,,49,,241,,,,70,,500,,,93,,,,,83,,,10000,,,95,,
2013-10-22,140,,280,340,270,101,440,,,,,,,,,,,,,,550,,800,,158,,,,,,160,,1340,1930,,,71,,154,,260,,571,1630,,,,,170,,,155,460,,114,100,,224,181,196,,97,,70,,755,,100,,380,122,,64,,,,,82,,163,,,,,,114,,,,,304,,65,,,,,,,,,155,,,351,,118,210,1400,206,,144,,242,,,105,,202,154,,,,280,,,,,2150,1320,393,,,10,,165,219,285,,,103,,82,,,,,,,,,880,,645,,440,,144,732,481,2239,1130,,255,,,,605,477,,224,,,329,,,,,,,,177,221,392,,,,,104,94,,,552,,273,,,,790,390,,1805,110,,117,,,,,347,810,481,,,10,362,,,674,357,,260,,,,,,229,,,,70,,491,,,94,100,,,,82,,,10251,,,,,
2013-10-23,140,,279,339,260,101,443,,,,,,,,,,,,,,550,,800,,160,,674,,,,160,,1328,1900,,,71,,155,,258,139,561,1630,,,,,172,,,156,461,,,102,,245,,192,,96,,71,,737,,,,,130,,66,,145,,,76,,163,,,,,,,,,,,301,100,,,,,,,,,,156,,,340,,118,209,,202,,143,,240,,,,,203,,,,,299,,,,,2140,1315,390,,,10,,167,199,279,,,,,80,,,,,,,,,880,,640,,,,146,735,479,2201,1125,,255,,120,,608,485,,230,,,326,,,,,,,,175,221,383,,105,,,105,,,,550,,262,,,,780,392,,1800,114,,115,,,,,381,800,500,,,10,355,,,680,365,,270,,,,,,228,,,125,71,,503,,,93,103,,,,,,,,,,98,,88
2013-10-24,141,,271,357,254,105,429,,,,,,,,,,,,,1471,532,,790,,163,106,665,,160,,154,,1311,1870,,,70,,154,,263,,,1610,,383,,,172,,,159,450,,,,,249,,190,,98,,72,,734,,,,,,,64,,147,,,77,,161,,,,,,,,,,,300,,65,,,,,,,,,157,,,342,,118,205,1391,210,,137,,237,,152,,,201,,,,,302,,,,,2160,1330,384,,,10,,170,186,279,,,,,82,,,,,,,,60,872,,638,,440,,,740,478,2225,1125,,253,,118,,610,477,,229,,,322,,,,,,,,178,215,381,,,,,108,,,,546,,256,,,,780,390,,1790,,,115,,,,,395,790,515,,,10,360,,,699,372,,273,,,,,,240,,,,71,,503,,165,93,103,,,,81,,,10456,,,97,,
2013-10-27,,,270,341,251,,423,,,,,,,,,,,,,1618,528,,782,,159,,652,,166,,152,,1285,1875,,,70,,149,,260,,550,1600,,399,,,,,,156,450,,,,,245,,184,,98,,,,735,,,,380,,,,,,,,77,100,160,,245,,105,,,,,160,,293,,65,,,,,,,,,160,,,342,,119,209,1373,214,,131,,232,,149,,,200,,,,,317,,,,,2200,1315,392,,,9,,167,185,280,,,,,83,,,,,,,,58,875,,627,,,,160,740,471,2210,1145,,250,,,,605,,,228,,,318,153,,,,,,113,,,379,145,,,,106,,,,532,,250,,,,749,390,,1841,114,,115,,,,,391,,505,,,10,360,,,690,,,264,,,,53,,225,,,125,70,,505,,173,94,103,,,,82,,,,,,96,,
2013-10-28,142,,266,336,246,,425,,,,,,,,,,,,,1650,529,,,,156,,,,,,157,,1283,1820,,,69,,152,,257,,550,1593,,406,,,175,,272,,447,128,,102,,245,,182,,103,,,,740,,,,,,,66,,,,,80,,161,,,,,,,,,,,300,,66,100,,,,,,,,157,,,332,,,225,,221,,129,,232,,,,,204,,,,,335,,,,,2198,1322,386,,,9,,165,192,278,,,,,,,,,,,130,,,877,,620,,,,165,750,471,2205,1142,,247,135,122,,599,465,,219,129,,319,,,,,,,,175,211,375,156,,,,105,,,,525,,250,,,,740,388,,1795,112,,123,,,,,392,780,530,,,10,365,,,691,358,,268,,,366,55,,226,,,123,73,,500,,170,93,106,,110,,82,,,10456,,,95,,
2013-10-29,143,,268,335,246,105,423,,,,,,,,,,,,,1683,525,,,,154,,641,,,,156,,1273,1800,,,67,,153,,250,,545,1600,,399,,,,,,166,448,,,102,,,,180,,97,,,,740,,,,,130,,70,,,,,80,,159,,,,105,,,,,,,295,,70,,117,,,,,,,157,,,340,,117,,1372,,,117,,234,,149,,,200,154,,,,341,,,95,,2201,1348,389,,,9,,166,189,281,198,,,,83,,,,,,135,,54,879,,630,,,,170,765,467,2210,1130,,249,,,,600,456,,219,141,,320,,,,,,62,,175,,373,150,,,,101,,,,524,,257,,127,,732,387,,1790,,,110,,,,167,387,790,525,293,,10,380,,,688,356,,268,,,373,53,,226,,,122,73,,500,,170,91,106,,110,,80,133,,10650,,,95,,88
2013-10-30,140,,270,340,250,,420,,,,,,,,,,,,,1716,526,,780,,162,102,,,175,,155,,1274,1800,,,68,,154,,255,,,1600,,410,,,,,,178,451,,,,,248,,183,,106,,72,,752,,,,373,128,,71,,,,,81,,160,,241,,,,,,,,,299,,,,,,,,,,,161,80,,341,,,,1399,,,117,,236,,,105,,204,,,,,339,,,,,2200,1345,399,,,9,,170,194,280,,,103,,85,,,,,,135,,56,880,,641,,,,170,765,,2220,1140,,253,,,,597,,,220,140,,325,,,,,,,111,,207,372,151,,,,104,,,,534,,268,333,,,745,392,,1650,110,,,,,,,398,785,,288,,10,366,,,693,345,,270,,,,52,,228,,,,72,,490,,167,92,102,,112,,,130,,,,,95,,
2013-10-31,140,,271,340,253,,424,,,,,,,,,,,,,,526,,780,,159,100,653,,178,,154,,1270,,,,,,167,,253,,,1610,,,,,178,,,177,457,128,,,,241,,188,,116,,,148,750,,98,,351,,,67,,,,,83,,159,,237,,,,,,,163,,300,,68,,,,,,,,,,,,342,,,,1453,215,,111,100,231,,147,107,,202,,,,,340,,,,,2198,1340,388,,,9,,176,197,280,,,,,84,,102,,,,139,,56,846,,630,,,,170,760,,2300,1150,,250,,122,,601,465,178,228,,,326,,,,,,,,176,203,374,150,,,,114,,,,530,,265,,,,795,395,,1627,110,,,,,,,391,795,518,,,11,360,,,691,345,,268,,,,51,,226,,,,71,,,79,165,95,,100,111,,80,132,,,,,96,,
2013-11-06,144,,270,340,,,424,,,,,,,,,,,,,,520,,,,159,95,665,,180,,158,,1272,1836,,,69,,179,,258,,577,1600,,,,,,,292,,440,,,,,,,185,,110,,71,,745,,,,,,,,,149,,,,,163,,233,,,,,,,,,298,,,,,,,,,,,157,,,,,115,,1454,210,,111,,232,,145,105,,201,,,,,,,,,,2194,,388,,,10,,193,,275,,,,,85,,102,,,,149,,53,846,,627,,,,167,750,476,2280,1160,,255,,120,,603,481,,,,,320,,151,,,,,,,,364,147,103,,,111,,,,506,,260,,,,795,394,,1620,110,,,,,,,391,796,526,285,,11,393,,,680,,,,,,,,,231,,,,,,499,,168,96,,,,,81,,,10500,,,,,
2013-11-07,,,270,340,245,,419,,,,,,,,,,,,,1750,520,,775,,155,94,670,,178,,163,,1275,1840,,,70,,196,,254,,587,1595,,410,,,180,,308,175,444,,,102,,245,,188,,120,,70,,751,,,,345,126,,68,,,,,82,,165,,,,,,114,,,,,295,,,,115,,,,,,,153,79,,343,,117,,1512,203,,111,,238,,,107,,218,,,,,,,,,,2175,1340,386,,,10,,182,200,279,,,,,87,,,,,,163,,53,831,,635,,,,176,765,490,2300,1145,,254,,,,600,,,230,,,322,,157,,,,,,,,371,148,,,,107,,,,520,,261,,,,,391,,1625,112,,102,,,,,399,800,532,,,11,414,,,687,358,,,,,373,,,230,,,,,,505,,171,,106,,,,,,,,,,,,
2013-11-10,,,,,,,,,,,,,,,,,,,,,,,,,,,,,,,,,,,,,,,,,,,,,,,,,,,,,,,,,,,,,,,,,,,,,,,,,,,,,,,,,,,,,,,,,,,,,,,,,,,,,,,,,,,,,,,,,,,,,,,,,,,,,,,,,,1340,394,,,10,,194,203,280,,,,,89,,,,,,,,52,820,,630,,,,,770,490,2308,1150,,256,,,,600,,,,148,,320,,163,,,,,,,,370,158,,,,115,,,,522,,265,,,,,393,,1630,,,104,,,,,400,796,540,295,,11,413,,,695,365,,274,,,,,,237,,,,71,,500,,,97,110,,,,80,,,,,,96,,
2013-11-11,148,,270,350,245,105,440,,,,,,,,,,,,,1750,525,,,,,,,,178,,155,,1290,1902,,,74,,,,270,137,,1610,,426,,,,,325,,,,,,,,,195,,111,,,,746,,,,,126,,65,,152,,,80,,186,,226,,,,,,,,,302,,70,,,,,,,,,,79,,340,,115,,1729,211,,109,,248,,145,105,,251,,,,,367,,,,,2201,1326,390,,,10,,202,,283,,,,,89,,,,,,,,,845,,654,,,,173,784,485,2370,1196,,264,,,,615,,,234,158,,331,,,,,,,,,201,377,173,,,115,,,,,536,,274,,,,780,404,,1661,114,,104,,,,170,408,801,540,,,11,393,,,700,386,,275,,,402,53,,250,,,,70,,525,,168,102,,,113,110,,,136,,,,,,
2013-11-12,154,,282,360,255,,455,,,,,,,,,,,,,,522,,,,,,694,,189,,167,,1340,1940,,,78,,,,291,,589,1635,,402,,,180,,325,184,,,,,,249,,211,,110,,,,731,,,,,127,,66,,161,,,81,,192,,,,,146,,,,,,308,,71,,113,,,,,,,159,,,347,,117,217,,211,,112,,253,,,,,260,163,,,,380,,,,,2205,1340,400,,,10,,202,199,285,,,,,92,,,,,,,,,861,,655,,,,,805,486,2400,1205,,268,,,,620,499,,233,160,,333,,,,,,,,,200,388,190,,,,,,,,546,,289,,,,785,410,,1670,114,,,,,,,399,820,550,295,,11,387,,,716,416,,280,,,442,58,,263,,,,,,545,,165,99,112,,,110,,,,,,,,,
2013-11-13,160,,285,353,263,107,463,,,,,,,,,,,,,,516,,800,,133,95,700,,192,,165,,1325,1940,,,80,,,,293,,592,1664,,410,,,,,333,193,,,,,,265,,215,,114,,,,755,,,,358,131,,72,,167,,,83,,189,,230,,,,,,,,,314,,73,,,,,,,,,168,,,349,,,,1763,210,,113,,250,,,,,261,169,,,,395,,,,,2213,1358,399,,,10,,208,201,285,,,,,93,,,113,,,,,53,852,,645,,,,,885,492,2479,1235,,264,,,,608,548,,230,160,,337,,169,,,,,,,,388,200,,,,103,,,,560,,296,,,,790,416,,1699,112,,110,,,,,396,835,544,312,,11,415,,,725,410,,280,,,459,56,,269,,,,75,,553,,159,100,116,,113,,,,140,,,,97,,
2013-11-14,163,114,290,354,263,109,475,,,,,,,,,,,,,1750,510,,801,,143,,700,,192,,162,,1320,1929,,,79,,,,286,,600,1683,,415,,,,,333,196,,,,,,272,,208,,110,,71,,755,,,,345,137,,77,,169,,,84,,183,,,,,,,,,,,309,,73,,,,,,,,,173,,,349,,,,1750,205,,117,,254,,,107,,259,,,,,399,,,,,2229,1380,400,,,10,,214,197,287,,,,,91,,,,,,,,58,850,,647,,,,182,863,495,2450,1245,620,260,,,,615,558,,234,176,,339,,,,,,,,193,,400,195,,,,105,,,,550,,290,,,,784,410,,1668,,100,,,,,167,399,830,530,308,,11,407,,,724,449,,308,110,,504,58,,261,,,,76,,561,,159,99,118,,,,,,142,,,,98,,
2013-11-21,,,306,375,,,484,,,,,,,,,,,,,,561,,,,,,728,,,,,,1399,2006,,,,,,,301,,624,1716,,,,,,,339,,,,,,,287,,220,,112,,,,816,,,,,,,,,172,,,,,201,,,,,,122,,,,,333,,,,,,,,,,,,,,380,,,221,,221,,,,274,,,,,274,,,,,,,,,,2451,1463,440,,,10,,222,,315,,,,,,,,,,,,,60,934,,695,,,,188,880,,2695,1345,,270,,,,659,580,,238,,,372,,,,,,,,,204,,201,,,,,,,,583,,315,,,,,442,,1800,,,,,,,,,856,561,,,,,,,738,466,,326,,,514,,,,,,,,,,,,,,,,112,,,,,,,,,
2013-11-24,170,,324,396,268,111,532,,,,,,,,,,,,,1785,583,,881,,,,740,,205,,175,,1510,2070,,,82,,,,331,,686,1850,,431,,,,,357,199,,,,,,315,,226,,118,,,,832,,,,359,143,,83,,170,,,87,,197,,234,,,,126,,,164,,344,,74,,,,,,,,,188,,,363,,,227,1820,231,,,,299,,,,,301,184,,,,,,,,,2523,1601,459,,,11,,244,200,326,,,105,,93,,,,,,,,66,925,,698,,,,194,950,520,2964,1430,,297,,,,654,600,,246,,,389,,,,,,,,199,,440,216,,,,105,,,,610,,345,339,,,862,460,,1900,,,116,,,,173,,900,575,,,12,,,,737,484,,358,,,554,61,,287,,,124,79,,590,,,102,,,,110,,,146,,,,,,96
2013-11-25,179,,314,383,285,116,581,,,,,,,,,,,,,1751,565,,907,,147,104,769,,225,,180,,1475,2100,,,83,,,,326,,703,1806,,455,,,,,392,202,,,,,,339,,218,,118,,,,805,,,,375,143,,85,,165,,,90,,193,,246,,,,127,,,,,327,,73,,,,,,,,,193,81,,359,,,,1856,223,,117,,288,,149,108,,304,,,,,,,,,,2447,1490,438,,,10,,257,204,310,,,,,92,,,,,,,,66,903,,668,,,,197,900,506,2940,1426,,298,,120,,640,636,,250,,,370,,,,,,,,206,208,484,219,,,,,,,,608,,344,351,,,840,460,,1899,114,,122,,,,,,901,564,,,12,272,,,737,,,375,,,598,61,,293,,,127,80,,590,,140,110,107,,113,112,81,,,,,,98,,98
2013-11-26,185,,321,380,313,116,639,,102,,,,,,,,,,,,560,,921,,160,109,745,,229,,184,,1475,2060,,,87,,,,330,,690,1810,,446,,,,,,200,,,,,,372,,224,,120,,,,785,,,,403,145,,90,,170,,,98,,194,,250,,,,129,,,167,,325,,79,,115,,,,,,,195,,,359,,,240,1870,225,,124,,289,,,,,306,,,,,351,,,,,2390,1489,444,,,10,,264,212,322,,,102,,94,,,,,,,,70,902,,671,,,,205,918,549,2930,1455,,304,,,,640,650,,245,,,378,,,,,,62,,,212,532,202,,,115,105,,,,595,,335,365,,,840,458,,1900,116,,134,,,,176,,928,592,,,12,297,,,750,502,,412,,,609,61,,293,,,131,80,,,,148,106,109,,,112,,,148,,,,100,,106
2013-11-27,182,,340,375,344,114,655,,,,,,,,,,,,,,550,,921,,163,104,745,,229,,183,,1475,2040,,,91,104,,,322,,703,1805,,444,,,,,422,196,,,,,,385,,225,,125,,71,,755,,,,443,153,,89,,158,,,94,,195,,250,,,,,,,170,,330,,82,,113,,,,,,,195,82,,348,,,258,1888,222,,125,,290,,,,,300,,,,,386,,,,,2380,1490,439,,,10,,255,216,316,,,107,,93,,,,,,,,66,890,,658,686,,,207,915,560,2865,1560,,305,,122,,637,,,248,153,,378,,,,,,63,,226,,546,210,,,,104,96,,,590,,329,386,,,841,460,,1870,,,138,,,,,313,900,596,,,12,326,,,755,,,433,,,,60,,294,,,133,83,,590,,,106,107,,,110,,,162,,,,,,
2013-11-28,182,,342,369,378,,659,,,,,,,,1755,,,,,,550,,926,,172,106,745,,233,,182,,1465,1994,,,,103,,,322,,689,1790,,477,,,188,,417,200,,,,,,399,,223,,124,,,146,745,,,,455,159,,87,,161,,,93,,193,,245,,,,,,,171,,329,,86,,,,,,,,,210,,87,357,,,283,2076,215,,,,285,,,114,,300,,,,,424,,,,427,2380,1461,440,,,10,,250,237,315,,,,,95,,,,,,,186,66,880,,651,,,,211,930,580,2865,1625,,303,,126,,620,625,181,251,168,,376,,,,,,,,246,,552,202,,,,109,99,,,590,,330,416,,,830,455,,1815,120,,,,,,,331,863,614,,,11,358,,,768,512,,440,,,609,54,,296,,,134,81,,579,,153,109,103,,,106,82,,178,,,,102,,108
2013-12-01,,,376,390,415,120,663,,,,,,,,,,,,,,540,,982,,175,116,803,,235,,200,,1452,2005,,,90,,,,328,,710,1805,,482,89,,201,,417,200,,,,100,,390,,227,,124,,,146,740,,,,474,174,,87,,162,,,95,,190,,,,,,,,,,,329,,85,,,,,,,,,218,,80,365,,,311,2150,221,,127,,290,,,125,,302,,,,,410,,,,,2474,1512,442,,,10,,255,,316,,,,,104,,,,,,138,,67,880,,650,,443,,,985,638,2895,1650,,294,,128,,620,654,184,257,,,380,,,,,,,,246,216,580,193,,,,113,100,,,587,,326,410,,,835,471,,1820,120,,138,,,,188,364,930,640,,,12,386,,,770,532,,439,,,612,57,,302,100,,144,83,,590,,156,112,99,,,108,87,,195,,,,106,,104
2013-12-02,168,,405,404,456,124,706,,,,,,,,,,,,,,550,,999,,181,127,883,,235,,220,,1457,2015,,,88,,,,343,,781,1814,,520,,,,,458,203,,,,,,405,,230,,129,,70,,745,,,,521,185,,92,,160,,,104,,208,,248,,,153,,,,,,350,,92,,,,,,,,,229,84,85,381,,,342,2235,224,,139,,303,,,137,,308,,,,,451,,,,,2491,1535,449,,,11,,269,241,327,,,113,,114,,,,,,,,69,885,,670,,460,,,1080,698,2860,1750,,295,,,,620,673,196,265,171,,384,,,,,,,,,236,600,201,100,,,116,106,,,598,,336,423,,,850,491,,1800,,,151,,,,188,368,945,704,,,12,400,,,824,574,,450,,,,62,,317,,,146,91,,615,,,113,104,,117,106,,,214,,,,112,,
2013-12-03,184,,400,423,499,,737,,107,,,,,,,,,,,,561,,1045,,194,139,946,,239,,238,,1480,2035,,,90,,,,362,,827,1810,,555,,,221,,503,223,,,,,,412,184,253,,139,,,146,769,,99,,531,198,,101,,163,,,114,,219,,266,,,159,135,,,177,,363,,97,,,,,,,,,244,,93,395,,,376,2191,246,,142,,312,,151,150,,307,,,,,469,,,,,2575,1652,455,,,11,,284,265,340,,,,,125,,,,,,140,,75,914,,692,,,,,1110,767,2900,1755,,317,,130,,638,699,199,275,180,,400,,,,,,,121,,259,633,221,110,,,,116,,,648,,356,,,,850,500,,1790,123,100,163,,,,197,360,1000,774,,,12,399,,,906,619,,495,,,,68,,330,,,159,100,,664,,168,122,104,,119,,89,,235,,,,116,,107
2013-12-04,202,,402,445,470,130,797,,117,,,,,,,,,,,,570,,1100,,204,149,980,,243,,260,,1515,2050,,,92,,,,389,,850,1875,,601,,,221,,513,231,,,116,104,,442,187,278,,141,,,,770,,,,,209,,111,,178,,,125,100,240,,280,,,,137,,,175,,399,,102,,,148,,,,,,,85,97,411,,,413,2106,270,,140,,336,92,,157,,336,196,,,,,,,,,2715,1715,472,,,11,,309,,371,,,119,,125,,,,,,149,,82,938,,715,,496,,,1164,828,2956,1755,,348,,,,650,,,290,,,427,,,,,,,127,,279,660,243,115,,,127,118,,,706,,377,,,,870,515,,1866,126,,179,,,,,353,1100,845,,,12,408,,,990,667,,532,,,,74,,360,,,168,110,,691,,,124,,,,,,,258,,,,118,,112
2013-12-05,214,,400,457,424,132,751,,125,,,,,,,,,,,,580,,1045,,212,155,971,,240,,265,,1507,2091,,,94,103,,,375,,900,1925,,608,,,241,,540,254,,,120,110,,415,190,293,,142,,,147,786,,,,560,220,,111,,181,,92,135,,251,,285,,,162,139,,,190,,399,,108,,,148,,,,,,232,,99,430,,125,383,2000,278,,142,,344,,,165,,355,172,,,,487,,,,,2720,1745,482,,,11,58,304,,371,198,,125,,117,,,,,,151,,85,933,,724,,505,,,1200,796,3005,1700,,360,,,,667,752,,305,183,,420,,172,,,,,129,,304,657,260,120,,,129,,,,715,,385,,,,858,530,,1900,,100,184,,,,200,360,1173,870,285,,13,424,,,989,706,,479,,,556,80,,362,,,171,116,,700,,184,135,,,117,,,136,283,,,,122,,117
2013-12-08,210,,395,461,400,130,676,,128,,,,,,,,,,,,577,,1075,,212,153,,,248,,258,,1505,2135,,,95,101,,,381,,882,1895,,596,,,260,,561,265,,,,,,392,190,269,,132,,,145,778,,,,560,226,,109,,181,,94,127,,235,,262,,,165,141,,,199,,404,,104,,,,,,,,,228,,96,421,,131,369,1930,270,,156,,356,,166,165,,360,,118,,,460,,,96,,2750,1750,486,,,11,,301,216,360,,,129,,107,,,,,,154,183,84,920,,710,,520,,,1241,,3001,1657,,345,,,,654,770,,327,186,,429,150,,,,,,125,,334,630,234,124,,,129,129,,,681,,399,,,,855,531,,1880,,,185,,,,204,367,1144,838,,,12,417,,,930,,,474,,,,82,,362,,,174,118,,690,,188,143,106,,115,,91,138,290,,,,124,,
2013-12-09,191,,396,505,360,134,681,,141,,,,,,,,,,,,577,,1052,,219,141,715,,248,,233,,1500,2120,,,96,,,,385,,,1932,,590,91,,,,,275,,,132,118,,353,193,258,,145,,,149,810,,,,560,218,,103,,180,,103,125,,235,,250,,,168,143,,,,,410,,100,,113,,,,150,,,226,88,97,417,,133,355,1911,270,,171,,350,92,,168,,361,,122,,,451,,,,,2290,1475,490,,,11,63,295,,365,,,135,,109,,,113,,,163,,83,950,,709,,540,,,1274,,2930,1624,,339,,132,,643,717,,,,,439,147,,,,,69,,,367,,230,126,,,,132,,,680,,390,,,,865,545,,1880,,,179,,,,,353,1141,779,295,,12,,,,935,734,,427,,,,77,,360,,,,114,,680,,194,141,,,113,102,96,151,270,,117,,129,,123
2013-12-10,188,,400,531,357,132,647,,139,,,,,,1730,,,,,,567,,1055,,226,,701,,248,,228,,1487,2125,,,98,,,,372,,,1900,,575,95,,,,571,,,,136,120,,352,196,255,,133,,72,,795,,,,,214,,99,,180,,102,113,,230,,233,,,,,,,,,423,,93,,117,,,,165,,,,,98,446,,137,339,1951,281,,172,,350,,169,157,,355,,126,,,432,,105,,,2255,1430,490,,,11,65,285,,364,,,148,,109,,,,,,163,,80,951,,700,,530,,,1185,751,2958,1650,,335,,134,,640,717,202,309,189,,431,145,,,,,75,121,,350,568,223,122,,,,138,,,670,,388,,,,860,546,,1875,128,100,173,,,,208,,1076,736,330,,12,,,,905,792,,403,,,578,70,,355,,,171,110,,680,,200,135,116,,120,,100,154,250,10500,128,,125,,121
2013-12-11,190,,410,525,385,134,627,,126,,,,,,,,,,,,580,,1050,,238,137,,,,,235,,1475,2119,,,99,,,,391,,860,1950,,555,104,,,,,260,,,,124,,341,206,261,,143,,73,149,810,,,,550,218,,99,,175,,98,120,,239,115,230,,,171,141,,,214,,450,,92,,,,,,181,,,224,,94,473,,139,316,1995,280,,180,,355,,172,155,,365,169,128,,,415,,,99,,2290,1400,498,,,11,71,296,,381,,,162,,110,,102,,,,,,83,916,,711,,520,,,1230,,3020,1525,,355,,136,,643,713,,285,,,443,,,,,,77,,,357,545,245,121,,,131,136,,,672,,395,,,,895,570,,1899,128,,,,,,208,346,1055,701,324,,12,,,,925,798,,391,,,,74,,362,,,171,106,,680,,212,131,114,,130,102,102,163,242,10500,140,,,,
2013-12-12,200,,406,525,392,130,640,,124,,,,,,,,,,,,585,,1052,,245,,,,,,248,,1500,2100,,,98,,,,400,,865,1960,,567,108,,,,,260,,,138,130,,352,206,270,,142,,74,,815,,,,520,214,,97,,192,,97,120,,248,113,234,,,177,132,,,230,,470,,91,,123,144,,,199,108,,,90,93,480,,143,315,2000,,,177,,362,,175,152,,370,,,,,420,,,108,,2245,,512,,,11,73,290,,395,,,169,,121,,,,,,,,83,880,,724,,,,,1220,,3065,1490,,373,,,,647,715,206,280,195,,460,145,,,,,84,,,350,550,242,117,,,133,,,,700,,412,,,,900,580,,1902,,100,173,,,,208,,1000,760,336,,12,,,106,927,768,,410,,,589,73,,371,,,173,,,685,,208,131,110,,128,100,102,163,248,10290,135,,,,
2013-12-15,204,,446,530,393,136,672,,136,,,,,,,,,,,,620,,1081,,245,137,687,,244,,265,,1510,2058,,,99,,,,433,,882,2015,,,112,,,,,262,,,150,134,,351,,297,,142,,79,,840,,,,540,224,,102,,193,,97,120,,272,,232,,,180,136,,,238,,495,,90,,127,,,,218,,121,,,94,492,,,304,1980,,,,,395,,178,150,,387,172,,,,,,,,,2300,1330,563,,,11,77,302,,434,,,170,,124,,,,,,165,,88,897,,742,,540,,,,,3090,1522,,397,,,,652,786,,290,198,,500,,,,,,,,,385,544,255,117,,,131,,,,729,,453,,,,934,635,,1920,130,,157,,,,,340,1005,805,,,12,,,,995,770,,390,,,,76,,384,,,,104,,711,,210,130,114,,130,,100,166,257,,131,,119,,
2013-12-16,212,,490,542,400,138,690,,148,,,,,,,,,,,,675,,1146,,245,141,700,,249,,285,,1579,2050,,,,,,,476,,899,2100,,,110,,265,,,267,,,156,,,372,,326,,144,,,,900,,,,550,228,,104,,200,,99,128,,299,,228,,,,135,,,261,,543,,91,,,,,,239,,,232,91,,541,,,316,2050,,,,,434,,181,153,,425,,,,,436,,,,,2386,1380,619,,,12,78,332,,477,,,173,,128,,,,,,,,93,971,,816,,,,,,735,3130,1550,,432,,,,670,850,,,,,550,,,,,,,,,392,598,260,119,,,,,,,771,,489,,,,1022,690,,2001,,,163,,,,216,352,1006,826,342,,,,,,1014,,,418,,,,80,,422,,,160,112,,,,210,132,116,,,,,,,,138,,117,,119
2013-12-18,224,,485,575,,,705,,150,,,,,,1764,,,,,,724,,1210,112,,141,,,258,,312,,1633,2182,,,,,,,490,,901,2240,,,112,,,,582,277,,,162,,,386,,355,,146,,80,,960,,,,563,232,,106,,210,,100,132,,328,,,,,,138,,,266,,552,,92,,,,,,262,,,234,92,,584,,,,2070,,,,,455,,184,156,,466,175,,,,,,,,,2410,1420,670,,,12,80,355,,475,,,178,,130,,,,,,,,93,1067,,897,,,,,801,,3150,1611,,475,,,,700,880,,285,,,574,146,,,,,86,,,406,625,265,121,,,,136,,,785,,537,,,,1120,710,,2168,134,100,166,,,,220,360,,842,348,,12,,,104,1015,,,453,,,589,81,,446,,,,114,,,,214,130,,,,,,,,,136,,119,,
2013-12-19,230,,493,555,395,134,691,,156,,,,,,,,,,,,690,,1234,,241,138,,,268,,300,,1630,2270,,,,,,,481,,889,2330,,578,114,,265,,593,270,,,,,,380,,345,,142,,82,,921,,,,560,224,,103,,231,,104,122,,345,,,,,,140,,,281,,535,,91,,129,,,,257,,,230,93,,560,,,322,2071,,,180,,446,,199,159,,458,,,,,430,,,,,2399,1430,660,,,12,81,355,,441,,,178,,126,,,,,,,,90,1050,,879,,,,,810,706,3280,1650,,460,,,,701,865,210,292,,,575,145,,,,,87,,,428,625,285,125,,,,138,,,765,,536,,,,1160,675,,2122,,,166,,,,224,373,1026,835,361,,,,,,1000,,,443,,,600,81,,455,,,,112,,715,,220,139,,,,,,172,267,,130,,118,,
2013-12-22,230,,480,544,419,130,678,,148,,,,,,,105,,,,,674,,1180,114,238,140,714,,270,,277,,1600,,,,98,101,,,468,,935,2314,,630,,,255,,555,257,,,165,136,,366,,336,,140,,82,,890,,,,616,232,,102,,244,,101,126,,341,,228,,,183,144,,,296,176,510,,94,,,,,,247,,,,94,,535,,145,328,2278,,,,,425,,202,165,,446,175,,,,416,,102,,,2362,1390,658,,,12,,371,,430,,,180,,125,,,,,,175,,87,1036,,836,,550,,,,657,3350,1632,,430,,138,,698,875,,285,,,567,,,,,,,,,465,590,260,123,,,,140,,,760,,516,,,,1160,671,,2086,136,,161,,,,246,380,990,845,397,,13,,,,1005,,,421,,122,612,79,,438,,,,115,,743,81,220,147,,,132,,102,,267,,128,,120,,109
2013-12-23,220,,469,540,441,135,650,121,140,,,,,,,,,,,,642,,1150,,,134,714,,271,,257,,1580,2300,,,97,,,,436,,930,2243,,667,,,,,,247,,,171,138,,352,,316,,134,,85,,860,,,,652,228,,98,,230,,98,119,,307,,228,,,,,,,320,,485,,97,,,144,,,232,,,226,,,530,,147,348,2505,,,147,,406,,210,162,,407,,,,,416,,,,,2245,1342,625,,,12,,354,,405,,,178,,116,,,121,,,,,83,986,,783,,561,,,842,650,3510,1632,,388,,136,,665,,,269,,,520,145,,,,,,,,465,571,246,,,,,,,,740,,477,,,,1098,639,,2005,138,,164,,,,250,379,990,842,436,,13,,,,980,,,401,,,,76,,399,,,,110,,735,82,224,154,116,,134,,100,175,272,,124,,116,,114
2013-12-24,223,,469,550,451,139,640,133,136,,,,,,,,,,,,650,,1145,,207,136,715,,268,,274,,1583,,,,98,,,,442,,920,2250,,660,,,,,,251,,,179,138,,336,,317,,138,,88,,885,,,,704,220,,97,,235,117,99,116,,311,,230,,,183,138,,,303,,510,,99,,,,,,232,,,222,,,533,,,367,2460,,,,,401,,226,162,,402,192,,,,415,,,,,2258,1401,637,,,12,80,361,,407,,,180,,122,,,129,,,181,,85,1005,,803,,,,,820,645,3640,1600,,395,,138,,680,,,264,,,522,145,,,,,93,,,,552,225,,,,,138,,,715,,495,,,,1110,648,,2030,142,,176,,,,260,,1000,832,465,,13,409,,,975,,,418,,134,624,76,,409,,,,112,,735,83,228,151,116,,,,,,285,,119,,118,,114
2013-12-26,223,,471,540,451,141,660,146,140,,,,,,,,,,,,675,,1170,114,211,134,,,274,,285,,1595,2230,,,100,,,,450,,885,2275,,673,116,,,,,256,,,183,,,340,,330,,132,,,,880,,,,687,230,,95,,241,,99,125,,324,,232,,,201,138,,,306,,539,,108,,,,,,240,,,226,,,549,,150,388,2460,,,149,,416,,,164,,411,196,,,,425,,,,443,2270,1455,670,,,12,,363,,430,,,,,,,,,,,,,84,1033,,815,,572,,,,670,3650,1657,,405,,,,680,,206,266,,,530,148,,,,,94,,,456,574,233,,,,129,132,,,706,,515,330,,,1110,686,,2102,140,,191,,,,275,379,961,850,450,,13,,,106,1022,,,431,,138,,79,,413,,,157,108,,750,81,240,151,118,,132,102,98,181,306,10495,118,,116,,121
2013-12-29,219,,465,554,466,139,650,160,137,,,,,,,,,,,,655,,1140,,210,,700,,280,,275,,1586,2185,,,99,99,,,445,,,2285,,680,,,,,544,250,,,201,,,335,,320,,120,,90,,900,,,,630,233,,95,,231,,98,124,,304,,230,,,,133,,,,,530,,114,,,,,,230,,,,,92,537,,162,378,2400,,,,,419,,238,165,,400,,,,,438,,,,,2250,,659,,12,,,369,,418,,,,,116,,,139,,,,,80,1005,,815,,561,140,,804,656,3506,1635,,398,,140,,670,,,275,,,500,,,,,,,,,275,572,235,,,,,,,,694,,517,,,,1115,675,,2075,142,100,191,,,,285,365,980,850,449,,13,,,108,912,,,416,,150,642,78,,406,,,,107,,,82,240,148,120,,132,,102,184,306,,114,,118,,126
2013-12-31,,,460,570,469,137,639,176,,,,,,,,,,,,,651,,1135,,202,134,,,285,,265,,1534,2075,,,97,,,,437,,,2255,,,,,,,,249,,,197,,,319,,304,,116,,93,,900,,,,567,230,,92,,232,,97,123,,296,,235,,,,130,,,304,,510,,108,,,,,,241,,,222,,,520,,178,395,2490,,,145,,412,,260,,,399,,,,,439,,,,,2210,1399,635,,,12,,350,,395,,,,,116,,,147,,91,,,79,1010,,806,,560,,,,660,3508,1611,,395,,144,,669,,,282,,,487,,,,,,97,,,275,535,249,121,,,,,,,702,,509,,,,1100,658,,2025,,,182,,,,296,353,990,820,435,,13,,,,900,,,415,,165,,75,,400,,,,105,,,,,148,118,,135,,,202,300,,113,,114,,
