date,ADBL,AHPC,AKPL,ALDBL,ALICL,ALICLP,API,ARUN,BARUN,BBC,BFC,BFCPO,BHBL,BHBLPO,BNT,BOKL,BOKLPO,BPCL,CBBL,CBL,CBLPO,CCBL,CCBLPO,CFCL,CHCL,CHL,CIT,CLBSL,CZBIL,CZBILP,DBBL,DBBLPO,DDBL,DHPL,EBL,EBLCP,EDBL,EDBLPO,EIC,FMDBL,FMDBLP,FOWAD,GBBL,GBBLPO,GBIME,GBIMEP,GDBL,GDBLPO,GFCL,GFL,GFLPO,GIMES1,GLICL,GLICLP,GMFIL,GRDBL,GUFL,GUFLPO,HAMRO,HAMROP,HBL,HDL,HGI,HGIPO,HIDCL,HPPL,ICFC,IGI,ILFCM,JBBL,JBBLPO,JBNL,JBNLPO,JEFL,JEFLPO,JFL,JSLBB,KADBL,KBBL,KBBLPO,KBL,KBLPO,KEBL,KKHC,KMBSL,KMBSLP,KMCDB,KMCDBP,KMFL,KNBL,KRBL,KRBLPO,KSBBL,LBBL,LBL,LBLPO,LEMF,LFC,LFLC,LGIL,LICN,LLBS,LVF1,MBL,MBLPO,MDB,MEGA,MEGAPO,MERO,MFIL,MFILPO,MIDBL,MIDBLP,MLBBL,MLBL,MLBLPO,MMDBL,MMFDB,MNBBL,MNBBLP,MPFL,MPFLPO,MSLB,MSMBS,NABIL,NABILP,NBB,NBBL,NBBLPO,NBF1,NBIL,NBILPO,NBL,NBSL,NCCB,NCCBPO,NCDB,NEF,NGBBL,NGPL,NHDL,NHPC,NIB,NIBLPF,NIBPO,NIBSF1,NICA,NICAP,NICL,NIL,NLBBL,NLG,NLIC,NLICL,NLICLP,NLICP,NMB,NMBHF1,NMBMF,NMBPO,NMBSF1,NMFBS,NNLB,NTC,NUBL,ODBL,ODBLPO,OHL,PCBL,PCBLP,PFL,PIC,PICL,PICLPO,PLIC,PLICPO,PRIN,PRINPO,PROFL,PRVU,PRVUPO,PURBL,PURBLP,RBBBL,RBCL,RBCLPO,RHPC,RLFL,RLFLPO,RMDC,RMDCPO,RMFL,RSDC,SADBL,SADBLP,SAFL,SAJHA,SANIMA,SBBLJ,SBBLPO,SBI,SBL,SBLPO,SCB,SDBL,SDESI,SEOS,SETI,SFFIL,SHBL,SHINE,SHL,SHPC,SIC,SICL,SICLPO,SIFC,SIGS1,SIL,SILPO,SINDU,SINDUP,SKBBL,SKDBL,SLBBL,SLBBLP,SLBS,SLICL,SLICLP,SMATA,SMFDB,SMFDBP,SPDL,SRBL,SRBLPO,SRS,STC,SWBBL,SYFL,TDBL,TDBLPO,TNBL,TNBLPO,TRH,UFCL,UFCLPO,UFL,UIC,UICPO,UMHL,UNL,VLBS,VSDBL,WDBL,WMBF,WMBFPO,WOMI,YETI
2017-01-01,545,250,,320,1410,,390,166,290,,,,345,,4065,625,,559,1136,256,,340,,,815,,3700,,470,,315,,2180,,1805,,585,,1605,950,,,392,,420,,,,281,,,10.4,686,,,416,,,438,,850,,1265,,227,,255,,705,285,,,,,,250,1849,300,369,,526,,565,,,,,,,,,,,,700,,,161,370,1280,2490,1210,11.88,410,,530,493,,,183,,569,,,,,,1708,816,,,,,710,1530,1126,739,,,18.8,648,100,395,410,,,285,,516,277,,138,717,,650,,510,,855,830,1421,1230,2748,2055,,,513,,1494,,12.65,,,698,1260,,,476,500,,242,1339,1173,,1625,,1081,,158,,,,,371,11799,10800,230,209,,600,,,,340,,260,270,528,,,1456,980,,1940,335,,12.19,,,,362,322,799,1140,2080,,,24,1311,,,,1030,236,1769,,,704,,,1680,,,490,,100,,1300,135,440,,363,,220,180,,284,1146,,,27000,776,175,299,,,1240,285
2017-01-02,545,246,,320,1411,,405,182,,,,,336,,4144,625,,559,1159,258,135,346,,,818,,3705,,495,,228,,2275,,1849,,591,,1580,955,,,396,,430,,,,284,,,,712,,230,448,,,415,,890,,1281,,229,,261,,715,286,,,,,,254,1868,324,374,,530,,565,,,,1527,,,545,,,,,700,,,,380,1288,2474,1232,,418,,540,498,,,200,,,,1072,,,,1675,819,,,,,700,1544,1144,751,,,19.91,699,100,403,418,,,286,,520,285,,136,725,,660,,522,,865,847,1420,1285,2720,2075,,,520,,1615,,12.65,,,700,1295,,,480,516,,250,1390,1209,,1600,,1110,,168,,,375,,370,,,230,220,,624,,1323,,352,,270,260,547,,,1475,997,,1953,330,,,,521,,360,320,801,1159,2076,,,24.1,1335,,,,1005,259,1734,,,730,,,1690,,,495,,,,1295,141,450,,362,,,177,,,1156,,,,790,180,299,,,1340,290
2017-01-03,530,255,,302,1375,,407,200,286,,,,336,,,612,,550,1125,254,,338,,,810,,3715,,490,,217,,2200,,1825,,592,,1523,904,,,388,,425,,,,285,,,,685,,,475,,,415,,876,,1260,,228,,253,,683,287,170,,,,,,1795,319,358,,524,,,,,,1441,,1855,,205,,,,687,,,,276,1270,2400,1182,11.64,406,,520,487,,,192,,574,,,,,,1642,795,,,,,660,1525,1146,730,2200,,19.8,726,,395,410,,,280,,510,280,,134,711,,655,11.5,508,,835,823,1407,1227,2615,2015,,,503,,1600,,12.4,,,700,1236,,,489,500,,245,1349,1140,,1587,,1067,,175,,,,,357,11600,10584,224,214,,600,,1274,,347,,267,241,536,,,1420,980,,1925,322,,12,,,,354,313,785,1126,2020,,,23.64,1287,,,,1000,284,,,,691,,,1690,,,485,,,,1270,139,435,,356,,,174,,274,1090,,,,800,173,291,,,,281
2017-01-04,530,252,,300,1390,,400,185,266,,,,334,,,614,,560,1125,254,135,336,,,805,,3680,,487,,215,,2199,,1800,,602,,1515,894,,,391,,430,,,,,,,10.4,700,,,475,,,407,,890,,1270,,226,,258,,700,275,170,,,,,245,1764,313,358,,539,,,,,,1445,,1820,,225,,,,700,,,,271,1273,2449,1141,11.5,402,,515,495,,,185,,550,,965,,,,,793,,,,,670,1515,1146,726,2243,,19.4,769,,391,,,,289,,492,286,,136,712,,640,,508,,835,823,1410,1235,2670,2020,,,500,,1539,,12.21,,,699,1241,,,,503,,237,1350,1182,,1606,,1051,,181,,,,,350,11400,,228,212,,605,,1276,,335,,260,239,535,,,1400,969,,1925,325,,12,,,,357,,795,1170,2036,,,23.7,1319,,,,985,285,,,,700,,,,,,489,,,,1295,140,440,,,,,,,,1132,,,,796,185,290,,,1340,276
2017-01-05,528,250,,291,1375,,395,184,271,,,,342,,,612,,553,1115,254,135,335,,,807,,3681,,487,,210,,2225,,1825,,590,,1530,900,,,390,,421,,,,281,,,,694,,224,466,,,404,,865,,1257,,223,,254,,686,276,,,,,,233,1745,,351,,547,,555,,,,1420,,,,247,,,,705,,,164,272,1265,2425,1150,11.3,401,,504,488,,,188,,560,,935,,,,,791,,,,,660,1505,1130,729,2122,,19.2,845,,395,410,,,294,,491,303,,137,707,,644,,503,,833,817,1385,1230,2650,2020,,,500,,1491,,12.5,,942,700,1264,,,471,506,,238,1345,1140,,1593,,1065,,172,,,362,,356,,,224,,,590,,1298,,340,,255,243,532,,,1425,978,,1912,324,,12,229,,,358,,785,1165,2030,,,,1300,,,,1024,307,,,,690,,,,,,489,,,,1300,142,430,,363,,211,,,,1100,,,,775,186,285,,,1294,280
2017-01-08,524,250,,283,1390,,400,182,267,,,,365,,,613,,554,1120,250,135,327,,,800,,3635,,478,,208,,2238,,1835,,575,,1530,883,,,385,,419,,,,285,,,,670,,225,484,,,396,,865,,1250,,220,,255,,,261,,,,,,226,1779,,348,,543,,566,,,,1476,,1856,535,271,,,,700,,,,262,1274,2410,1140,11.35,402,,500,484,260,,176,,555,,,,,,1643,787,,,,,665,1510,1130,726,2105,,19.1,929,,396,,,,,,,299,,141,702,,640,11.5,497,,830,819,1400,1210,2654,1995,,,499,,1475,,12.26,,,696,1270,,,479,490,,227,1370,1130,,1576,,1069,,167,,,,,362,,10584,223,216,,595,,1248,,328,,245,253,526,,,1400,980,,1895,320,,11.77,221,,,353,320,785,1140,2055,,,23.23,1305,,,,1025,295,,,,680,,,,,,488,,,,1274,140,414,237,359,,207,175,,,1099,,,,775,180,280,,,1294,277
2017-01-09,540,252,,293,1422,,405,174,272,,,,386,,,616,,559,1141,251,135,332,,,802,,3699,,481,,208,,2210,,1850,,571,,1516,885,,,387,,421,,,,,,,,690,,226,484,,,396,,876,,1280,,222,,257,,695,270,,,,,,227,1780,323,342,,549,,555,,,,1450,,,536,298,,,,700,,,161,258,1280,2450,1160,,407,,492,484,,,176,,,,,306,,,,790,,,,,,1519,1138,732,,,19.2,1021,,396,,,,,,493,282,,138,706,,650,,503,,819,820,1428,1235,2773,2000,,,503,,,,12.26,,,698,1310,,,470,508,,225,1416,1150,,1630,,1070,,,,,,,350,,,226,212,,590,,,,332,,249,245,527,,,1410,979,,1915,314,,11.9,217,,,344,,804,1162,2085,,,,1320,,,,1024,295,,,,685,,,,,,486,,,,1285,140,405,,350,,,,,,1120,,,,,180,280,,,1280,279
2017-01-10,540,255,,295,1430,,405,180,277,,,,393,,,621,,555,1150,252,135,333,,,820,,3745,,489,325,214,,2240,,1919,,571,,1550,914,,,392,,426,,,,,,,,711,,,495,,,411,,888,,1310,,224,,260,,701,269,,,,,,238,1815,,345,,557,,,,,,1450,,1892,,327,,,,708,,,164,253,1310,2522,1170,,406,,515,497,,,184,,,,900,284,,642,,790,,,,,,1538,1160,738,2146,,,1123,,413,,,,,,530,295,,140,714,,650,11.5,501,,873,831,1400,1280,2880,2040,,,508,,1555,,12.3,,,695,1335,,,475,514,285,245,1438,1191,,1649,,1100,,,,,336,,353,11172,10584,228,,,615,,1260,,334,,258,244,538,,,1423,990,,1952,320,,,221,,,345,317,805,1202,2095,,,23.23,1330,,,,1044,290,,,,710,,,,,,490,,102,,1305,142,416,,,,203,,,,1148,,,,800,184,285,,,1360,277
2017-01-11,540,249,,305,1420,,401,180,276,,,,376,,,619,,550,1140,251,135,332,,,817,,3875,,485,,211,,2220,,1925,,,,1550,882,,,386,,428,,,,,,,10.2,687,,,492,,,416,,900,,1356,,228,,,,677,270,,,,204,,246,1800,,343,,559,,,,,,1430,,,516,359,,,,705,,,,,1310,2505,1165,,400,,501,490,,,186,,544,,882,284,,,,780,,,,,,1565,1160,740,2120,,19.5,1053,,406,,,,,,521,291,,140,714,,657,,500,,870,825,1400,1274,2850,2040,,,511,,,,12.15,,,695,1308,,,475,510,,249,1420,1160,,1645,,1091,,,,,322,,361,10914,11000,218,,,595,,1211,,336,,256,,535,356,,1415,981,,1976,320,,11.9,214,,,340,319,800,1200,2105,,,,1320,,,,1020,290,,,,684,,,,,,489,,,,1275,142,425,,,,200,174,,,1146,,,,,183,290,,,,271
2017-01-12,542,253,,305,1420,,405,189,285,,,,371,,,614,,560,1140,252,135,334,,,817,,3899,,490,,206,,2220,,1925,,,,1550,883,,,388,,423,,,,,,,10.5,705,,224,533,,,400,,902,,1329,,224,,260,,,280,,,,,,245,1730,329,340,,557,,560,353,,,1420,,,,325,,,,763,,,173,260,1315,2508,1140,,402,,495,490,,,177,,,,850,280,,,,783,,,,,,1560,1155,742,2120,,19.2,1007,,405,,,,,,531,295,,140,715,,663,11.3,505,,854,829,,1270,2840,2040,,,510,,,,,,,695,1285,,,460,,,244,1440,1174,,1690,,1090,,,,,330,,361,10914,,222,212,,601,,1270,,330,,250,,539,365,,1418,996,,1998,322,,,215,,,332,314,788,1218,2119,,,23,1319,,,,1050,290,1700,,,692,,,,,,492,,,,1280,142,430,,,,,,,,1135,,,,799,185,,,,1340,271
2017-01-15,534,247,,300,1400,,395,185,285,,,,392,,,612,,559,1140,249,135,334,,,807,,3860,,480,,211,,2255,,1939,,555,,1550,895,,,388,,420,,,,,,,,691,,228,515,,,430,,909,,1307,,225,,265,,,285,,,,,,238,1734,,334,,560,,,353,,,1448,,,,330,,,,784,,,,265,1307,2490,1145,,395,,494,485,,,175,,,,,276,,,,789,,,,,,1540,1140,741,2162,,18.99,1005,,403,,,,,,520,294,,138,714,,650,11.3,503,,867,830,1372,1295,2805,2055,,,508,,,,12.2,,,694,,,,465,415,,244,1402,1185,,1622,,1081,,170,395,,330,,350,11000,10800,218,,,605,,,,,,245,248,534,333,,1412,1003,,2197,315,,12,211,,,,311,785,1160,2135,,,,1310,,,,1030,290,1690,,,701,,,1680,,,482,,,,1255,145,430,,,,197,175,,,1150,,,,800,184,285,,,1325,269
2017-01-16,527,245,,294,1385,,400,179,275,,,,391,,,609,,549,1105,249,,328,,,808,,3875,,478,,207,,2200,,1915,,565,,1549,906,,,385,,420,,,,,,,,690,,230,566,,,425,,910,,1261,,222,,256,,679,285,,,,,,239,1721,335,321,,547,,565,318,,,1448,,1818,,297,,,,770,,,,285,1278,2410,,,395,,,475,,,170,,,,817,260,,,,795,,,,,670,1508,1120,729,2120,,19.15,980,,400,,,,,,520,290,,140,704,,650,11.15,497,,841,814,1415,1245,2750,2020,,,504,,,,12.44,,929,695,1260,,,460,419,,240,1380,1140,,1605,,1073,,,356,201,321,,354,,11000,215,208,,590,,1245,,336,,250,250,525,344,,1410,1002,,2260,320,,12.1,,,,338,310,791,1150,2120,,,22.9,1290,,,,1032,290,,,,690,,,,,,480,,,,1245,146,418,,,,197,172,,270,1100,,,,785,180,275,,,1280,265
2017-01-17,523,247,,287,1400,,390,176,275,,,,377,,,610,,544,1076,250,135,326,,,809,,3820,,488,,203,,2200,,1900,,,,1521,901,,,390,,421,,,,,,,10.5,690,,238,622,,,410,,905,,1270,,222,,260,,,290,,,,198,,242,,334,329,,545,,,324,,,1592,,,526,295,,,,758,,,,,1285,2408,,,394,,490,475,,,179,,,,,273,,,,784,,,,,,1505,1129,721,2080,,19.1,984,,406,,,,,,510,297,,139,706,,650,11.53,500,,825,808,1363,1230,2720,2000,,,514,,1525,,12.5,,916,692,1314,,,475,415,,236,1400,1145,,1606,,1100,,161,344,,320,,381,11220,10785,214,,,592,,1265,,336,,255,245,528,343,,1416,994,,2210,331,,,207,491,,357,315,786,,2108,,,22.75,1290,,,,1030,290,1657,,,685,,,,,,489,,104,,1240,148,417,,337,,204,170,,265,1083,,,,780,180,275,,,1235,264
2017-01-18,520,245,,290,1390,,395,,275,,,,375,,,611,,,1080,249,,329,,,806,,3790,,480,,212,,2258,,1896,,576,,1548,887,,,392,,418,,,,,,,10.5,682,,234,580,,,,,900,675,1295,,221,,255,,670,285,,,,198,,246,1860,,325,,545,,570,292,,,1685,,1854,525,283,,,,765,,,176,,1309,2480,1087,11.25,392,,500,471,,,173,,544,,830,270,,,,790,,,,,709,1504,1125,721,2080,,18.73,992,,405,,,,,,510,294,,139,708,,645,11.35,499,,844,820,1397,1230,2740,2025,,,505,,1500,,12.3,,,690,1301,,,471,413,,231,1399,1164,,1638,,1095,,158,347,201,331,,371,11373,,214,,,600,,1260,,352,,255,241,526,,,1421,991,,2195,331,,12.25,190,491,,350,310,785,1132,2125,,,22.3,1305,,,,1020,,,,,681,,,1600,,,490,,,,1250,146,419,,370,,207,,,,1075,,,27000,780,179,273,,,1200,270
2017-01-19,528,245,,290,1380,,395,173,268,,,,382,,,609,,,1082,250,,325,,,817,,3850,,477,325,217,,2250,,1894,,584,,1560,872,,,391,,419,,,,,,,10.4,697,,,561,,,406,,890,637,1310,,220,,255,,660,280,,,,196,,249,1813,,335,,545,,,289,,,1705,,1825,515,306,,,,760,,,177,285,1325,2500,1100,,392,,,458,,545,172,,534,,798,269,,,,780,,,,,700,1500,1145,715,2075,,19,1038,,407,,,,,,510,286,,141,702,,645,11.15,496,,865,820,1410,1260,2739,2005,,,500,,1485,,,,,692,1280,,,498,414,,232,1398,1143,,1654,,1128,,163,345,,343,,370,12447,,216,,,600,,1245,,,,258,245,522,335,,1466,986,,2180,327,,,184,,,351,307,787,1173,2129,,,22.2,1309,,,,1010,,1630,,,670,,,,,,483,,,239,1240,148,427,,377,,,,,,1119,,,,775,179,284,,,1205,265
2017-01-22,526,251,,296,1380,,377,175,265,,,,,,,606,,542,1041,247,135,322,,,808,,3800,,475,,214,,2249,,1900,,599,,,877,,,388,,417,,,,,,,10.55,695,,227,520,,,406,,890,660,1320,,220,,260,,650,286,,,,199,,,1870,,328,,540,,575,276,,,1655,,1826,520,293,,,,760,,,180,,1300,2500,,,394,,490,,,,175,,,,770,268,,,,778,,,,,688,1506,1115,720,2065,,18.88,1018,,403,,,,,,520,282,,141,700,,644,11.25,494,,855,830,1380,1260,2699,2045,,,507,,1470,,12.1,,898,695,1279,,,,413,,240,1376,1135,,1645,,1100,,166,340,201,325,,375,13691,11672,215,203,,603,,,,342,,253,241,523,329,,1535,985,,2200,325,,,187,,,342,309,800,1142,2125,,,22.63,1285,,,,1006,,,,,676,,,1664,,,489,,,,1240,152,,,390,,206,170,,255,1123,,,27540,766,179,287,,,1181,267
2017-01-23,520,247,,292,1360,,390,173,265,,,,389,,,603,,550,1040,248,135,323,,,806,,3876,,467,,214,,2240,,1885,,580,,1545,885,,,388,,418,,,,,,,10.4,675,,224,506,,,398,,887,635,1295,,219,,260,,,280,,,,196,,,1836,,334,,540,,,252,,,1630,,1755,,290,,,,757,,,186,,1300,2465,1100,,386,,485,,,566,171,,524,,705,255,,,,780,,,,,685,1500,1118,718,2025,,18.52,1004,,400,,,,,,,276,,142,702,,632,11.42,488,,830,826,1407,1275,2660,2030,,,500,,1470,,12.2,,884,690,1260,,,480,407,,244,1370,1156,,1630,,1100,,167,330,201,318,,370,14122,,217,,,597,,1201,,344,,258,238,520,316,,1520,981,,2200,330,,,184,498,,341,308,785,1100,2087,,,22.61,1270,,,,1015,295,,,,678,,,1700,,,483,,,,1264,154,,,388,,202,,,260,1095,,,28090,755,179,295,,,1165,264
2017-01-24,508,247,,288,1320,833,378,170,274,,,,385,,,596,,538,1002,240,135,320,,,794,,3724,,456,,209,,2176,,1840,,570,,1540,871,,,376,,410,,,,,,,,670,,212,545,,,390,,867,,1270,,218,,257,,642,274,,,,,,241,1815,,324,,529,,,228,,,1600,,1721,,280,,,,749,,,,260,1262,2445,1078,,380,,480,,,577,169,,,,705,240,,,1645,776,,,,,673,1487,1095,712,2000,,18.26,990,,392,,,,,,,275,,140,690,,618,11,480,,825,799,1352,1240,2621,1980,,,487,,1441,,,,871,683,1240,,,475,396,,227,1340,1105,,1620,,1050,562,169,319,197,305,,355,13300,12578,214,,,,,1201,,323,,254,251,508,306,,1484,981,,2140,323,,,181,,,340,306,771,1077,2046,,,,1245,,,,988,,,,,660,,,1633,,,469,,,,1235,148,,,,,201,173,,,1094,,,,744,178,290,,,1184,264
2017-01-25,490,241,,285,1269,,370,164,250,,,,359,,3902,585,,518,980,240,135,305,,,772,,3504,,444,,205,,2061,,1780,,556,,1453,838,,,386,,400,,,,,,,10.26,655,,204,525,,,383,,850,,1224,,211,,250,,645,264,,,,193,,237,1751,,318,,534,,,214,,,1500,,1687,,,,,,732,,,180,245,1220,2350,1081,,363,,457,,,,167,,,,,225,,617,1635,764,,,,,660,1441,1035,696,,,17.65,975,,380,,,,,,,260,,135,675,,600,10.63,465,,798,777,1217,1170,2515,1912,,,472,10.45,1450,,12,,857,685,1220,,,466,390,,221,1345,1081,,1541,,1004,,,309,191,305,,342,11970,11650,210,,,560,,1132,,312,,233,250,499,300,,1445,960,,2050,309,,11.9,178,480,,330,294,750,1039,1960,,,,1224,,,,940,283,,,,636,,,1540,,,454,,,,1158,146,,,390,,200,,,260,1035,,,28651,730,170,279,,,1120,258
2017-01-26,460,233,,283,1245,,375,162,248,,,,339,,,570,,515,971,235,,302,,,770,,3445,,436,,203,,2015,,1740,,541,301,1426,810,,,386,,394,,,,280,,,10.45,660,,204,515,,,370,,850,,1160,,201,,248,,630,252,,,,187,,225,1660,,318,,515,,555,220,,,1442,,1601,,270,,,,720,,,,237,1190,2329,1068,11.48,361,,451,,,,162,,,,700,219,,600,1605,740,,,,,649,1432,1030,680,,,17.45,969,,376,,,,,,510,256,,135,662,,592,11.45,456,,809,756,1180,1137,2500,1870,,,460,10.35,1421,359,12,,860,677,1205,,,470,369,,221,1285,1080,,1495,,1002,,,306,185,299,,336,11403,11200,204,,,550,,1080,,307,,222,246,481,290,,1425,950,,2020,307,,11.8,,,,327,290,755,1010,1950,,,21.75,1216,,,,950,,,,,625,,,1500,,,447,,,,1117,134,,,,,217,179,,260,1011,,,,725,168,294,,,1095,248
2017-01-30,442,214,,,1121,,338,171,,,,,,,,540,,500,895,218,,273,,,746,,3101,,416,,189,,1818,,1685,,542,295,1292,,,,375,,380,,,,,,,10.05,,,198,490,,,,,816,,1044,,196,,228,,584,235,,,,169,,205,1495,316,302,,483,,534,208,,,1305,,1569,510,265,,,,660,,,180,,1071,2097,1035,11.25,348,,429,,,,158,,,,,202,,600,1573,666,,,,,,1365,979,638,,,16.5,873,,350,,,,,,459,246,,129,640,,561,11.22,445,,729,681,1095,1115,2255,1684,,,448,10,1420,327,11.57,,843,663,,,,479,354,,214,1157,972,,1360,,902,,,291,,279,,312,11500,10970,184,204,,520,,,,280,,215,,460,,,1350,896,,1862,278,,,,462,,316,261,701,909,1755,,,21.32,1170,,,,856,,,,,603,,,1350,,,424,,,,1006,130,,,,,205,176,,255,910,,,,,159,,,,,235
2017-01-31,458,223,,278,1100,,331,171,251,,,,333,,,545,,512,860,220,135,293,,,752,,3210,,420,,200,,1891,,1715,,530,290,1324,749,,,391,200,391,,,,,,,10.2,594,,200,480,,,,,833,,1030,,200,,229,,559,243,,,,166,,210,1437,,306,,490,,524,214,,,1415,,1600,,270,,,,694,,,,230,1070,2044,1010,,350,,427,,,,152,,,,,206,,636,,699,,,,,,1390,1000,647,1926,,16.55,855,,352,,,,,,452,255,,130,655,,564,11,455,,696,669,1070,1048,2295,1715,,,458,10.3,1420,297,11.4,,,660,1181,,,470,367,,218,1165,945,,1365,,899,,,299,,280,,303,11495,10536,187,199,,520,,1101,,290,,231,242,461,290,,1370,900,,1930,290,,11.56,,453,,318,287,693,900,1770,,,21.32,1086,,,,880,278,1599,,,575,,,1324,,,438,,114,,1040,126,,,,,207,179,,,899,,,29000,715,161,289,,,1050,230
2017-02-01,483,236,,292,1173,,358,174,266,,,,351,,,573,,532,946,236,,314,,,780,,3380,,459,325,212,,2045,,1770,,550,285,1377,820,,,405,,405,261,,,,,,,650,,196,489,,,391,,875,,1133,,214,,250,,592,260,,,,,,212,,,303,,520,,550,223,,,1530,,1632,530,285,165,,,730,,,180,229,1150,2200,1050,,375,,455,,,,,,,,700,226,,648,1635,760,,,,,680,1442,1069,671,1968,,16.75,895,,377,,,,,,497,277,,135,691,,610,11.22,477,,759,728,1173,1152,2400,1814,,,483,10.35,1485,268,11.5,,859,680,1248,,,461,402,,230,1239,1036,,1484,,988,,,318,,295,,321,12187,11179,205,196,,561,,1166,,312,,244,240,485,304,,1455,923,,2060,312,,11.3,,,,336,298,760,959,1893,,,,1140,,,,968,283,1600,,,622,,,1385,,,460,,,,1144,138,,,,,210,,,259,988,,,,743,172,290,,,1110,245
2017-02-02,483,230,,290,1135,,353,173,269,,,,344,,,570,,530,990,235,,308,,,770,,3280,,446,,210,,2020,,1763,,539,280,1380,810,,,404,,404,,,,,,,10.1,648,,208,480,,,391,,870,620,1137,,201,,242,,591,257,,,,172,,229,1549,310,310,,523,,,220,,,1600,,,,290,,,,725,,,,233,1130,2287,1049,,378,,469,,,,156,,,,700,227,,660,,755,,,,,688,1455,1040,669,1970,,16.75,890,,375,,,,,,500,271,,130,685,,605,11.35,475,,745,715,1290,1120,2375,1796,,,483,10.15,1496,250,11.5,,,670,1224,,,464,401,,216,1214,1034,,1480,,969,,175,314,,295,,353,12430,11600,212,187,,561,,1105,,309,,230,257,483,278,,1433,655,,2090,305,,,172,440,,360,290,735,965,1860,,,21.3,1130,,,,975,285,1569,,,617,,,1445,,,450,,,,1124,142,,,383,,211,,,264,970,,,,774,173,285,,,1098,245
2017-02-05,470,224,,,1130,,360,163,265,,,,,,,558,,530,973,230,,304,,,768,,3255,,440,,207,,2180,,1750,,,,1375,876,,,329,,400,,,,,,,10.1,625,,206,475,,,386,,869,,1099,,198,,237,,650,258,,,,,,222,,299,305,,519,,505,214,,,1490,,,,285,,,,718,,,,,1094,2235,980,11.02,372,,470,,,,,,,,714,226,,670,,725,,,,,,1455,1025,660,2000,,16.76,900,,365,,,,,10.84,499,264,,131,676,,595,11.35,466,,747,696,1375,1105,2335,1751,,,475,10.15,,,,,,661,1196,,,480,383,,,1161,1020,,1422,,935,,,306,,290,,355,12182,12066,209,184,,570,,1100,,300,,225,248,483,291,,1075,630,,2058,304,,11.1,,400,,360,290,745,951,1860,,,,1099,,,,962,290,,,,570,,,1420,,,430,,,,1141,141,,,385,,208,,,,951,,,,,170,280,,,1071,250
2017-02-06,455,228,,275,1110,,358,161,265,,,,326,,,550,,,970,232,,300,,,761,,3160,,440,,202,,2120,,1745,,540,275,1350,809,,,312,,399,,,,,,,10,613,,206,470,,,393,,851,,1085,,195,,238,,628,258,,,,178,,218,1575,,294,,510,,494,213,,,,800,,,275,,,,702,,,,241,1070,2150,965,11.2,360,,470,,,,162,,,,686,234,,680,1635,714,,,,,701,1420,1010,645,1960,,16.5,890,,352,,,,,10.6,490,262,,130,675,,581,11.2,460,,722,690,1314,1065,2285,1755,,,467,10.3,1500,,11.41,,,665,1210,,,479,378,,,1141,1000,,1400,,900,,172,301,,295,,360,12000,11825,205,184,,545,,1035,,299,,,236,476,291,,1075,620,,2051,290,,11.1,,400,,357,280,756,939,1801,,,21.55,1059,,,,965,285,,,,558,,,1365,,,427,,,,1100,138,,,378,,200,,,240,930,,,,,168,270,,,,245
2017-02-07,455,221,,265,1090,,356,167,260,,,,,,,548,,523,965,228,,300,,,752,,3160,,440,,200,,2121,,1725,,,,,809,,,317,,395,,,,,,,,605,,195,471,,,407,,835,,1035,,193,,241,,600,258,,,,181,,222,1581,,300,,515,,,209,,,1444,800,1600,520,265,,,,696,,,183,,1056,2120,938,11.15,364,,465,,,,160,,,,686,232,,698,,705,,,,,651,1405,1005,649,1921,,16.21,885,,369,,,,,10.47,498,265,,129,678,,589,10.6,458,,706,684,1314,1040,2295,1800,,,465,10.32,1502,,11.19,,,670,,,,470,375,,220,1127,970,,1399,,885,,166,300,,300,,349,11960,12000,200,180,,558,,980,,300,,230,233,474,291,,1070,615,,2044,290,,11,166,,450,345,271,790,930,1785,,,,1020,,,,970,280,,,,561,,,,,,428,,,,1100,144,,,357,,196,175,,240,925,,,,753,,272,,,1015,242
2017-02-08,450,218,,258,1075,,340,167,257,,,,325,,,541,,524,932,224,135,292,,,750,,3080,,430,,198,,2094,,1698,1568,525,,,792,,,311,,389,,,,,,,10,580,,198,473,,,392,,835,,977,,192,,241,,578,261,,,,184,,224,1559,,295,,508,,,210,,,1465,,1520,,265,,,,695,,,,,1036,2000,882,,363,,460,,,,157,,,,648,245,,715,,685,500,,,,630,1395,989,640,,,15.31,858,,365,,,,,10.2,489,271,,124,670,,580,10.5,438,,683,680,1259,991,2253,1743,,,460,10.01,1445,,10.81,506,859,660,1234,,,,370,,216,1080,950,,1375,,870,,169,297,,290,,333,11493,11400,200,177,,533,,945,346,297,,226,226,463,290,,1060,608,,1967,281,,10.8,157,,441,328,261,750,885,1730,,,20.7,982,,,,930,275,,,495,525,,,1330,,,418,,,,1060,141,,,337,,195,,,,909,,,,751,,265,,,990,238
2017-02-09,445,212,,258,1015,,315,165,254,,,,320,,,526,,508,914,218,,291,,,746,,3020,,422,,191,,2000,,1665,,517,,1215,750,,,308,,381,,,,,,,9.75,530,,195,445,,,380,,820,,893,,186,,234,,540,247,170,,,184,,,1490,,296,,497,,,208,,,1380,,1502,,260,,,,670,,,,,995,1931,865,,350,,,,,610,156,,,,,240,,715,,675,,,,,620,1370,975,626,1883,,15.35,835,,358,,,,,10.15,480,260,,119,660,,565,10.3,426,,658,660,1201,945,2200,1653,,,447,10,1372,,10.76,,,660,1190,,,460,360,,212,1060,868,,1300,,820,,167,297,,280,,332,11800,11628,197,174,,530,,944,,287,,222,211,453,285,,1020,596,,1908,280,,10.4,151,,411,320,261,716,840,1637,,,20.5,928,,,,925,275,,,,480,,,1300,,,415,,,,1000,143,,,,,192,176,,240,825,,,,747,,260,,,906,236
2017-02-12,429,205,,233,956,,301,,241,,,,,,,508,,490,891,206,135,275,,,710,,2943,,409,,190,,1938,,1615,,511,,1168,697,,,300,,371,,,,270,,,9.75,480,,201,419,,,359,,781,,810,,183,,220,,531,235,,,,187,,208,1446,,295,,466,,,202,,,1371,,1500,,,,,,655,,,180,,920,1805,816,,331,,438,,,646,150,,,,,221,,,,630,,,,,615,1305,920,600,,,14.9,752,,345,,,,,9.95,455,245,,118,651,,555,10.15,414,,626,605,1154,854,2090,1599,,,435,10,1293,,10.65,,845,655,1157,,,451,348,,208,960,783,,1170,,738,,161,286,188,255,,299,10886,11000,184,,,510,,,,273,,214,207,442,275,,980,566,,1800,265,,10.05,148,,403,304,266,700,777,1530,,,20.09,859,500,,,888,249,,,,440,,,1211,,,401,,,,990,,,,307,,190,,,222,748,,,,715,,245,,,825,225
2017-02-13,440,220,,238,998,,311,159,230,,,,300,,,525,,499,908,213,,284,,,727,,2920,,425,,198,,873,348,1641,,488,,1173,751,,,300,,385,,,,,,,9.94,489,,205,400,,,345,,780,608,840,,187,,218,,515,237,,,,190,,200,1346,295,292,,500,,488,203,,,1400,,1465,,250,,,,670,,,,,1000,1914,805,,340,,445,,,671,149,,,,,228,,,,660,,,,,610,1370,980,609,,,14.15,710,,348,,,,,10.1,474,238,,122,650,,571,,423,,630,627,1074,897,2193,1650,,,446,10,1264,,10.5,,829,670,1140,,,459,359,,196,1025,860,,1170,,769,,,297,,254,,322,10450,10781,175,171,,515,,918,,284,,216,202,450,262,,1025,568,,1870,280,,10.25,142,385,394,309,262,720,701,1600,,,19.7,944,,,,888,258,,,,448,,,1235,,,410,,,,1089,141,,,308,,187,173,,220,822,,,,710,,237,,,795,222
2017-02-14,437,216,,230,1000,,316,160,220,,,,312,,,519,,481,920,214,,280,,,700,,2900,,423,,197,,830,314,1655,,499,,1172,740,,,300,,378,,,,,,,,471,,208,395,,,375,,800,600,845,,190,,221,,520,244,,,,,,202,1405,290,290,,498,,,200,,,1540,,1455,,,,,,676,,,,,966,1890,800,10.71,348,,440,,,684,155,,514,,,224,,,1571,662,,,,,610,1360,950,605,1715,,14.74,748,,345,,,,,10,472,248,,118,660,,580,10.04,407,,609,620,1080,861,2093,1630,,,450,10,1270,,10.5,516,,667,1146,,,448,353,,196,1009,744,,1140,,745,,,300,,249,,317,10659,11000,183,172,,511,,917,,290,,216,206,451,280,,998,570,,1860,280,,10.42,138,378,363,310,270,750,771,1600,,,19.6,930,,,,900,278,,,,445,,,,,,407,,,,1058,135,,,306,,196,173,,224,755,,,,705,,248,,,874,218
2017-02-15,453,219,,246,1100,,340,172,236,,,,343,,3819,531,,498,990,223,,297,,,721,,3005,,434,,201,,850,283,1707,,520,,1250,775,,,318,,386,,,,265,,,10.1,518,,209,397,,,395,,835,,922,,192,,225,,545,265,,,,199,,210,1530,,297,,513,,,203,,,1559,,1550,,260,,,,681,,,,,1062,1997,852,,363,,455,,,,160,,504,,675,236,,700,,688,,,,,622,1412,975,626,1865,,14.7,820,,355,,,,,10.1,509,249,,125,679,,588,10.4,429,,660,682,1140,938,2215,1755,,,463,10.12,1360,,11.31,,840,669,1211,,,451,368,,215,1087,800,,1250,,819,,161,306,,271,,329,11668,11672,184,181,,550,,890,,316,,228,218,468,295,,1014,580,,1924,285,,10.58,151,357,358,334,280,825,848,1701,,,19.6,1018,,341,,950,290,,,,489,,,1309,,,415,,,,1085,139,,,331,,202,,,217,830,,,,701,,271,,,925,235
2017-02-16,453,220,,254,1178,,363,173,240,,,,377,,3743,548,,505,1005,223,,295,,,725,,3120,,437,,201,,890,255,1726,1538,550,,1375,750,,,323,,391,,,,250,,,10.05,569,,220,395,,,395,,865,595,1014,,194,,232,,556,260,,,,202,,213,1501,295,304,,524,,,209,,,1620,,1632,,270,,,,692,,,177,,1155,2100,918,10.2,370,,469,,,,157,,472,,675,240,,702,1634,700,,,,,620,1456,985,633,1850,,16.17,902,,365,,,,,10.1,500,270,,121,690,,587,10.5,446,,726,750,1208,1020,2270,1784,,,478,10.05,1414,,11.45,,,660,1227,,,474,375,,220,1161,842,,1350,,900,,160,310,188,285,,335,12200,12143,199,177,,580,,961,,315,,230,223,473,304,,1045,582,,1982,298,,10.7,165,378,359,344,283,815,932,1820,,,19.99,1079,,,,964,300,,,,532,,,1439,,,435,,,,1120,140,,,325,,198,,,,906,,,,700,,281,,,923,233
2017-02-19,445,222,,270,1230,,355,,241,,,,390,,,548,,510,1060,225,,300,,,725,,3365,,443,,200,,900,230,1745,,572,,1487,810,,,333,,397,,,,233,,,,625,,220,402,,,402,,875,580,1108,,193,,240,,550,258,,,,192,,209,1476,290,303,,524,,510,210,,,1782,,1632,,260,,,,700,,,,,1200,2180,988,11.03,381,,488,,,,167,,472,,715,240,,705,1550,704,,,,,612,1496,991,640,1880,,17,992,,374,,,,,10.1,525,262,,124,691,,597,10.3,444,,798,816,1309,1100,2350,1835,,1695,484,10.1,1470,,11.91,567,841,689,1301,,,483,385,,,1240,852,,1370,,979,,156,315,,311,,350,13420,13141,194,175,,583,,925,,325,,229,226,478,305,,1051,596,,2000,297,,11.22,179,364,,360,277,838,1020,1904,,,20.39,1163,,,,1009,305,1538,,,577,,,1516,,,435,,,,1205,140,,,343,,201,,100,225,990,,,,701,,280,,,1015,236
2017-02-20,440,215,,260,1230,,353,,249,,,,369,,,546,,510,999,215,,291,,,730,,3300,,439,,200,,907,230,1763,,572,,1469,790,,,333,,395,,,,231,,,,680,,220,415,,,387,,870,,1105,,193,,234,,605,250,,,,,,213,,,301,,520,,540,207,,,1820,,1728,530,255,,,,705,,,,,1220,2157,960,11.48,381,,473,,,,166,,518,,760,235,,691,1612,690,,,,,673,1520,990,639,1843,,17,992,,367,,,,,10.11,520,273,,122,691,,590,11.04,440,,821,865,1357,1068,2335,1869,,,475,10.06,1470,,11.45,,,682,1255,,,485,380,,,1280,830,,1428,,1020,,156,315,,299,,350,12889,13403,190,178,,570,,1010,,325,,228,226,474,294,,1029,590,,2003,294,,11.39,182,370,,349,276,815,1040,1948,,,20,1169,,,,990,305,1478,,,591,,,1500,,,426,,,,1181,142,,,339,,207,,,,1000,,,,771,,285,,,1091,228
2017-02-21,439,212,,260,1220,,360,167,250,,,,369,,,539,,498,1000,215,,292,,,730,,3233,,439,,198,,913,232,1740,,606,,1470,766,,,323,,392,,,,227,,,9.95,684,,,418,,,385,,870,591,1120,,194,,228,,665,247,,,,192,,215,1505,,300,,519,,,208,,,1800,,1730,,250,,,,691,,,,,1201,2121,980,,372,,473,,,,160,,492,,760,235,,,1550,702,,,,,700,1515,999,636,1765,,16.55,972,,364,,,,,10.15,520,267,,121,689,,590,10.61,435,,785,840,1331,1040,2280,1800,,,474,10.01,1445,,11.25,,,681,1251,,,,372,,210,1294,830,,1335,,1024,,158,315,,284,,343,12133,13135,190,,,556,,1010,352,325,,224,225,477,285,,1054,588,,1998,286,,11.17,164,382,,348,279,800,1044,1900,,,20.4,1140,,,,952,291,1449,,,581,,,1485,,,416,,,,1157,138,,,327,,209,,,225,1020,,,,771,,270,,,1100,225
2017-02-22,434,208,,261,1188,,351,,253,,,,373,,,531,,490,999,213,,284,,,728,,3200,,434,,194,,910,228,1719,,600,,1380,756,,,320,,387,,,,219,,,,645,,216,418,,,385,,855,,1071,,191,,232,,665,247,,,,188,,,,,299,,508,,,209,,,1702,,1700,,275,,,,690,440,,,,1176,2100,955,10.81,375,,456,,,,160,,501,,,251,,648,1550,690,,,,,,1485,985,636,1835,,16.45,960,,363,400,,,,10.15,516,264,,119,683,,580,10.42,425,,750,800,1305,1012,2251,1798,,,472,10.01,1465,,11,,857,675,1275,,,,376,,214,1240,800,,1325,,1020,,158,311,,289,,355,,,196,178,,565,,1000,,325,,226,225,471,285,,1043,570,,1976,286,,10.95,155,,352,352,270,820,1000,1870,,,,1100,510,335,250,971,289,1425,,,553,,,1488,,,419,,,,1184,136,,,,,205,,,221,960,,,29000,771,,265,,,1099,229
2017-02-23,440,209,,265,1176,,350,,250,,,,,,3669,529,,495,961,213,135,284,,,728,,3180,,425,,193,,918,232,1710,,597,,1375,801,,,320,,385,,,,219,,,,640,,,408,,,,,849,,1050,,193,,235,,660,247,,,,179,,215,1474,,295,,510,,,215,,,1700,,,,286,,,,694,,,,,1175,2067,952,10.59,367,,462,,,,155,,,,745,260,,597,,685,,,,,677,1471,985,629,1834,,,932,,358,392,,,,10.05,545,260,,119,685,,580,10.5,422,,754,790,1280,1020,2245,1779,,,468,9.84,,,11.22,600,,678,1255,,,475,371,,,1217,806,,1324,,1025,,,310,191,290,,,12201,12450,192,172,,553,,,380,310,,222,,470,290,,1013,570,,1961,284,,10.95,158,375,362,351,275,807,980,1860,,,,1100,520,329,,970,275,,,504,556,,,1500,,,410,,,,1156,,,,321,,,,,,960,,,,775,,260,,,1080,230
2017-02-26,434,207,,265,1118,,350,164,241,,,,241,,3650,412,,478,,213,,280,,,712,,3090,,423,,193,,900,233,1710,,615,,1340,770,,,319,,383,,,,218,,,9.8,630,,212,408,,,371,,838,,1001,,188,,,,630,243,,,,,,211,1473,,295,,518,,530,212,,,1670,,,,291,,,,694,,,,,1143,2030,915,10.4,360,,462,,,710,161,,530,,745,259,,,1521,660,,,,,,1405,965,610,1823,,16,902,,355,,,,,10.1,534,253,,116,670,,580,10.5,420,,735,753,1215,990,2187,1760,,,450,9.84,1380,,11.2,,840,634,1216,,,,358,,,1149,770,,1270,,1010,,,308,,290,,352,12290,,186,,,549,,1020,401,305,,225,,466,285,,1015,557,,1975,,,,159,368,398,349,269,815,930,1761,,,20,1036,,307,,951,270,,,,540,,,1441,,,400,,,,1120,132,,,305,,200,,,215,915,,,,760,,250,,,1059,228
2017-02-28,421,208,,260,1099,,336,162,233,,,,240,,,409,,490,935,208,,285,,,714,,3094,,422,,190,,900,235,1681,,606,,1288,742,,,318,,385,,,,225,,,9.65,609,,200,401,,,385,,815,,980,,188,,227,,,250,,,,,,207,1504,275,298,,515,,,212,,,1650,,,,287,,,,685,,,,,1112,2029,895,10.25,353,,,,,,157,,,,,248,,,,651,,,,,665,1395,950,608,1787,,16,902,,354,,,,,10.1,544,250,,121,669,,565,10.3,417,,710,745,1295,970,2165,1695,,,445,9.7,,,11.1,,840,629,1232,,,460,360,,218,1130,744,,1205,,999,,152,305,,300,,350,12000,11900,182,,,540,,942,,300,,219,,459,275,,1010,540,,1938,284,,10.94,153,,414,331,261,815,884,1720,,,19.6,1025,,277,,907,257,,,,525,,,1441,,,400,,,,1119,124,,,311,,189,,,207,873,,,29000,770,,245,,,1000,229
2017-03-01,430,213,,255,1160,,350,157,230,,,,,,,415,,475,991,215,,292,,,718,,3068,,430,,190,,905,230,1700,,620,,1335,732,,,319,,388,,,,223,,,,639,,200,373,,,385,,830,,1045,,190,,235,,630,253,,,,,,210,1625,,300,,513,,,210,,,1683,,1666,,,,,,695,,,,,1155,2060,923,10.24,362,,455,,,752,157,,535,,,250,,,,672,,,,,665,1400,979,634,1787,,16,956,,351,,,,,10.05,554,253,,121,670,,573,10.6,419,,750,790,1294,1029,2265,1730,,,454,9.88,1399,,11.32,,,633,1239,,,451,372,,216,1243,770,,1253,,1025,,,308,,282,,340,12240,11663,185,171,,545,,928,441,300,,227,225,465,287,,1010,550,,1950,297,,10.91,143,,406,335,268,819,945,1750,,,19.99,1060,,250,,930,256,,,,549,,,1441,,,399,,,,1141,135,,,309,,192,173,,204,928,,,29580,,,258,,,1020,228
2017-03-02,435,214,,261,1176,,338,,230,,,,,,3610,417,,512,1000,216,,291,,,729,,3120,,438,,190,,920,230,1714,,635,,1356,750,,,323,,391,,,,221,,,,648,,,394,,,392,,858,,1069,,190,,232,,632,253,,,,176,,206,1703,280,299,,516,,,212,,,1705,,1601,520,277,,,,694,,,,,1192,2080,954,10.25,359,,455,,,782,160,,535,,,250,,,,675,,,,,690,1420,985,648,,,16.34,958,,359,,,,,10.1,565,250,,122,674,,584,,423,,765,799,1299,1032,2309,1753,,,454,10.08,1426,,11.5,,,627,1243,,,451,372,,210,1235,792,,1290,,1041,,153,309,,290,,338,,12100,190,174,,560,,945,484,297,,226,221,461,295,,1029,559,,1965,,,11,157,,404,330,294,825,1008,1790,,,19.9,1072,,252,,924,260,1344,,,556,,,1441,,,397,,,,1162,134,,,315,,,,,207,939,,,,765,,263,,,1089,230
2017-03-05,443,214,,265,1250,,344,167,226,,,,,,,418,,500,1020,215,,310,,,739,,3180,,444,,193,,945,233,1740,,645,275,1370,768,,,326,,399,261,,,221,,,9.6,675,,193,410,,,405,,879,,1106,,194,,240,,640,255,,,,,,,1735,290,306,,329,,,216,,,1700,,1620,,272,,,,701,,,,,1228,2142,976,10.45,368,,470,,,,160,,571,,731,256,,,1560,702,,,,,695,1450,995,665,1826,,16.9,1050,,365,,,,,10.1,604,258,,121,690,,587,10.8,431,,805,828,1426,1054,2415,1825,,1662,471,9.92,1410,,11.6,,850,624,1299,,,443,377,,228,1260,817,,1320,,1067,,153,309,,301,,340,12484,12300,196,171,,575,,1020,532,302,,,217,475,306,,1045,576,,1990,,,,160,,,341,305,858,1034,1865,,,19.8,1139,,260,,950,260,1370,,,581,,,1469,,,408,369,,,1200,136,,,321,,200,176,,,968,,,30000,780,,272,,,1099,231
2017-03-06,449,215,,259,1265,,348,162,226,,,,232,,3500,423,,492,1000,221,,306,,,751,,3150,,444,,198,,949,235,1742,,652,,1390,778,,,327,,409,,,,225,,,,655,,190,418,,,402,,878,580,1096,,195,,240,,647,255,,,,,,217,1740,285,305,,329,,,214,,,1713,,1605,510,275,,,,708,,,,,1234,2160,960,10.5,366,,461,,,,155,,342,,750,249,,,1560,700,,,,,690,1469,988,660,1801,,16.76,1015,,365,,,,,10.15,652,252,,125,692,,582,10.78,431,,795,817,1414,1059,2432,1825,,,461,10.05,,,11.65,,,630,1290,,,455,380,,224,1225,801,,1355,,1065,,150,314,,290,,342,12348,12200,191,180,,560,,1038,574,305,,,,476,300,,1055,583,,2003,,,11,172,,400,346,305,850,1035,1848,,,19.99,1122,,240,,970,256,1395,,514,570,,,1440,,,402,,,,1175,135,,,322,,204,,,,940,,,30200,785,,277,,,1060,237
2017-03-07,439,210,,247,1228,,373,162,226,,,,232,,,416,,500,980,217,,301,,,734,,3150,,435,,194,,930,234,1727,,640,,1360,755,,,327,,402,,,,,,,9.6,631,,,416,,,405,,843,548,1065,,193,,235,,635,251,,,,171,,213,1774,,300,,323,,,215,,,1685,,1605,,276,,,,696,,,,,1207,2130,944,10.3,360,,460,,,,155,,,,,251,,,1546,685,,,,,686,1435,980,646,1842,,16.3,995,,360,385,307,,,10.13,647,250,,124,685,,583,10.56,425,,769,803,1360,1040,2420,1800,,1629,457,10.05,1412,,11.5,,935,628,1260,,,450,374,,218,1192,806,,1368,,1038,,149,307,191,290,,337,12594,12444,191,177,,556,,985,631,304,,,217,470,295,,1055,570,,1980,,,10.99,167,,390,334,296,849,1000,1820,,,,1107,,239,,951,255,1370,,,550,,,1450,,,400,,,,1174,131,,,317,,204,,,223,935,,,,772,,272,,,1070,232
2017-03-09,445,222,,,1255,,405,,224,,,,,,,415,,501,990,215,,303,,155,733,,3150,,371,,191,,915,235,1730,,635,,1387,775,,,330,,414,,,,,,,9.6,655,,202,420,,,402,,842,494,1088,,191,,236,,644,253,,,,,,,1739,280,305,,324,,495,215,,,1718,,1620,500,274,,,,710,,,,,1220,2140,965,10.3,363,,460,,,,154,,368,,785,248,,,1550,686,,,,,668,1436,983,649,,,16.6,1010,,365,378,312,,,10.09,635,251,,126,687,,571,10.75,432,,781,805,1420,1055,2415,1810,,1597,461,10.1,,,11.6,,1028,624,1289,,,466,378,,217,1250,810,,1440,,1070,,147,308,,285,,331,12600,12500,192,187,,560,,965,694,297,,,213,473,300,,1050,574,,2000,,,11,164,,,340,300,850,1030,1825,,,19.7,1111,,233,,970,251,,,,571,,,1422,,,400,,,,1170,138,,,320,,200,,,223,958,,,,775,,272,,,1080,225
2017-03-13,440,228,,249,1296,,435,156,223,,,,230,,,417,,496,999,215,,300,,,729,,3150,,377,,192,,912,239,1740,,639,,1360,776,,,330,,414,,,,,,,9.6,659,,198,,,,395,,860,520,1090,,192,,,,635,255,,,,,,215,1671,270,309,,322,,487,221,,,1690,,1635,,273,,,,705,,,,,1230,2101,980,,357,,,,,,153,,404,,800,240,,,,681,,,,,,1455,980,657,1845,,16.8,1010,,365,372,314,,,10.11,654,252,,129,691,,571,,435,,781,814,887,1050,2030,1825,,,456,,1428,,11.6,,1130,620,1310,,,475,374,,225,1240,806,,1448,,1065,,149,307,,285,,325,,12300,195,184,,568,,984,763,300,,,211,470,300,,1072,570,,2000,,,,159,,392,350,300,850,1055,1863,,,,1125,,226,,963,265,1417,,514,590,,,1450,,,416,,,,1150,137,,,324,,,,,231,940,,,30200,768,,267,,,,229
2017-03-14,441,222,,249,1300,,412,154,220,,,,224,,,409,,491,1010,212,,296,,,732,,3140,,372,,192,,915,239,1716,,639,,1353,775,,,328,,405,,,,225,,,,650,,199,411,,,402,,855,540,1075,,189,,233,,630,248,,,,174,,,,270,307,,322,,,227,,,1690,,1671,,,,,,721,,,,,1215,2135,970,,350,,456,,,797,152,,412,,824,228,,608,,689,,,,,668,1449,983,656,1865,,16.65,1000,,365,365,310,,,10.1,643,255,,127,690,,574,10.75,435,,775,805,908,1055,2059,1810,,,455,10.1,1450,,11.4,612,1100,620,1295,,,448,372,,221,1235,800,,1421,,1053,,,307,,290,,326,12349,12000,198,182,,560,,1015,,300,,,207,472,305,,1056,569,,1925,,,11,166,368,392,343,298,840,1010,1841,,,,1122,,234,,961,260,1391,,,569,,,1480,,,409,,,,1170,133,,,325,,196,,,227,928,,,,,,,,,1059,219
2017-03-15,448,230,,,1299,,436,,224,,,,220,,3510,409,,520,1000,212,,300,,,750,,3200,,371,,192,,921,239,1723,,639,,1395,779,,,335,,415,,,,,,,,670,,196,400,,,,,860,550,1100,,192,,,,642,246,,,,172,,,,261,307,,323,,,238,,,1720,,1734,,268,,,,730,,,,,1235,2196,965,,350,,,,,,159,,411,,803,,,,,686,,,,,,1440,990,651,1950,,16.43,1025,,363,,316,,,10.15,645,250,,139,690,,577,10.75,439,,795,800,901,1055,2045,1806,,,460,10.2,1452,,11.76,,1189,625,1300,,,448,376,,224,1231,810,,1435,,1045,,,310,,290,,343,12350,12050,203,179,,565,,1050,,292,,,202,477,305,,1070,570,,1969,,,10.86,160,361,,345,300,884,1050,1869,,,19.7,1140,,,,964,255,1446,,,575,,,1550,,,408,,,,1165,132,,,330,,206,,,226,958,,,,760,,,,,1060,
2017-03-16,445,227,,258,1100,,417,155,228,,,,218,,,411,405,520,995,213,135,297,,,748,,3199,,374,,190,,916,246,1715,,640,,1391,770,,,331,,412,,,,226,,,,660,,196,410,,,396,,851,,1100,,194,,233,,640,256,,,,172,,,1738,270,307,,324,,,243,,,1715,,,,263,,,,736,,,,,1243,2215,950,10.3,355,,444,,,,155,,,,790,,,,1607,679,,,,,690,1440,991,660,2000,,16.93,1015,,365,,328,,,10.1,641,265,,143,696,,578,10.75,440,,798,800,883,1053,2056,1845,,,458,10.2,1481,,11.7,,1224,625,1300,,,455,370,,,1238,818,,1461,,1050,,,310,,290,,342,12202,12250,199,176,,554,,1050,,296,,,206,477,311,,1071,575,,1970,,,10.75,166,368,399,340,298,851,1055,1859,1294,,19.35,1140,,237,,975,251,,,,572,,,1520,,,406,,,,1155,134,,,325,,202,175,,226,941,,,,780,,250,,,,
2017-03-19,451,229,,,1149,,428,158,228,,,,,,,415,,523,1028,217,135,305,,,789,,3251,,378,,191,,928,246,1723,,650,,1530,783,,,333,,416,,,,228,,,,690,,213,405,,,,,857,561,1179,,195,,236,,655,254,,,,175,,217,1772,270,307,,325,,,235,,,1818,,1734,,260,,,,754,,,,,1312,2350,984,10.5,358,285,450,,,,157,,405,,805,,,619,1575,692,,,,,690,1440,1030,679,2040,,,1075,,371,,343,,,10.14,665,260,,146,696,,588,10.6,449,,856,844,885,1130,2186,1930,,,463,10.05,1510,,,,,635,1349,,,483,376,,220,1300,865,,1607,,806,,147,320,,295,,327,12446,12400,199,,,575,,1092,,302,,,202,480,316,,1080,583,,1992,,,10.56,163,379,430,345,308,884,1122,1953,,,19.3,1224,,229,,1000,260,1474,,,595,,,1550,,,408,,,,1205,136,,,325,,201,173,,,1000,,,,768,,255,,,1060,
2017-03-20,461,232,,,1260,,433,173,234,,,,,,,434,,540,1120,230,,317,,,800,,3371,,385,,200,,960,250,1758,,515,,1683,861,,,340,,371,,,,234,,,,754,,219,410,,,406,,881,539,1290,,198,,252,,,271,,,,181,,238,1916,285,323,,330,,487,233,,,1791,,1839,,265,,,,745,,,,,1440,2525,1040,10.71,366,,479,,,812,160,,403,,870,,,568,1670,710,,,,,734,1460,1037,705,2163,,17.84,1182,,379,,343,,,10.32,698,271,,149,708,,603,11.1,424,,941,928,901,1243,2370,2090,,,473,10.25,1610,,12.15,624,1297,635,1400,,,500,387,,231,1430,951,,1723,,886,,160,335,,310,,331,12975,12650,202,182,,632,,1180,,314,,,202,490,325,,1095,592,,2032,,,11.13,179,392,430,359,322,945,1234,2125,,,,1346,,244,,1084,266,1503,,,654,,,1705,,,430,,,,1296,138,,,353,,210,,,230,1100,,,,844,,265,,,1166,
2017-03-21,484,240,,,1258,,428,175,233,,,,,,,445,,566,1232,230,,327,,,800,,3447,,405,,209,,1056,245,1800,,545,,1689,947,,,365,,385,,,,239,,,9.6,763,,217,420,,,423,,905,539,1321,,205,,260,,694,284,,,,197,,246,2065,295,335,,337,,490,230,,,1970,,1989,490,275,,,,770,,,171,,1472,2543,1144,10.92,391,,513,,,844,173,,,,887,,,579,1768,780,,,,,807,1475,1100,711,2338,,18.75,1219,,393,372,359,,,10.2,765,280,,146,720,,612,11.35,432,,970,994,991,1290,2350,2156,,,491,10.2,1706,,12.38,648,1371,635,1520,,,510,396,,239,1450,965,,1710,,965,,172,341,,319,,354,13224,13400,203,191,,695,,1298,689,324,,,214,512,349,,1200,615,350,2050,,,11.35,196,,446,375,329,969,1271,2165,,,19.69,1446,,253,,1192,286,1653,,524,689,,,1872,,,446,,,,1425,146,,,360,,212,176,,,1151,,,,928,,280,,,1282,
2017-03-22,492,242,,,1220,,436,178,238,,,,226,,,440,,560,1269,230,,328,,,818,,3502,,413,,214,,1135,241,1835,,576,,1636,1040,,,367,,380,,,,251,,,,740,,232,427,,,432,,957,,1291,,210,,260,,763,281,,,,215,,255,2150,315,332,,345,,538,236,,,1870,,2080,490,265,,,,770,,,171,,1448,2525,1256,11.14,392,,485,,,877,170,,403,,960,,,578,1874,809,,,,,863,1481,1099,725,2430,,19.67,1200,,400,400,353,,,10.34,744,281,,142,725,,616,11.81,436,,916,941,1090,1290,2350,2111,,,505,10.3,1876,,12.88,,1425,635,1515,,,538,406,,235,1448,965,,1698,,911,,177,344,,313,,329,13255,13211,210,188,,745,,1399,702,341,,,218,545,340,,1295,626,,2080,,,11.6,215,390,445,406,325,992,1246,2133,,,20.4,1430,,267,,1245,313,1782,,534,684,,,1960,,,439,,,,1430,146,,,353,,220,,,238,1115,,,,964,,291,,,1350,
2017-03-23,511,263,,,1220,,479,,254,,,,248,,,450,,575,1270,226,,342,,,828,,3515,,410,,215,,1180,234,1850,,575,,1679,1105,,,390,,385,,,,276,,,9.79,750,,224,442,,,460,,950,549,1293,,208,,261,,839,283,,,,236,,245,2200,312,339,,348,,566,234,,,1860,,2089,485,265,,,,764,,,163,,1459,2535,1220,11.01,398,,514,,,,167,,,,1056,,,550,1874,826,,,,,894,1470,1070,728,2345,,20,1208,,401,,350,,,10.3,743,276,,155,718,,612,11.45,432,,933,945,1123,1320,2340,2112,,,511,10.25,1794,,12.21,,1453,630,1500,,,530,405,,225,1402,965,,1700,,930,,174,345,,313,,352,,13200,231,193,,718,,1301,,344,,,212,546,347,,1300,629,,2075,,,11.83,236,384,453,405,323,1000,1223,2160,,,21.65,1429,,248,,1216,305,1820,1000,,698,,,1964,,,468,,118,,1430,144,,,358,,220,,,250,1125,,,,1050,,296,,,1442,
2017-03-26,562,278,,,1280,,526,178,279,,,,272,,,465,,630,1323,233,,369,,,910,,3700,,420,,224,,1274,238,1876,,600,,1823,1213,,,407,,395,,,,303,,,,790,,224,450,,,506,,970,,1325,,215,,261,,915,289,,,,250,,253,2420,333,345,,355,,566,245,,,1900,,2120,486,280,,,,780,,,,,1515,2555,1342,11.23,412,,530,,,894,168,,427,,1160,,,600,2061,866,,,,,983,1500,1135,735,2486,,20.2,1328,,425,,376,,,10.39,817,286,,155,738,,625,11.6,450,,969,998,1190,1368,2372,2152,,,539,10.3,1842,,13,,1538,633,1581,,,548,418,,245,1490,1000,,1780,,975,551,177,370,,337,,352,13850,13733,246,212,,779,,1384,,352,,,224,555,374,,1365,644,,2138,,,12.24,259,391,444,415,341,1080,1250,2224,,,22.6,1488,,268,,1305,294,1856,,,747,,,2083,,,479,,,,1534,153,,,380,,232,,,265,1173,,,,1132,,312,,,1500,
2017-03-28,595,288,,,1348,,578,178,300,,,,297,,3510,490,,693,1446,256,,405,,,955,,4003,,431,,237,,1400,249,1989,1568,625,,1915,1304,,,436,,407,,,,333,,,,869,,231,480,,,556,,1020,549,1457,,231,,270,,991,310,,,,246,,269,2494,358,365,,379,,588,250,,,2090,,2119,495,280,,,,800,,,169,,1645,2640,1476,12.35,433,,558,,,,184,,443,,1254,,,660,2180,938,,,,,1070,1575,1179,747,2486,,20.58,1460,,460,,392,,,10.45,898,300,,155,785,,668,11.83,477,,1045,1097,1290,1465,2550,2300,,,576,10.31,1806,,13.38,,,634,1730,,,582,442,,269,1600,1100,,1850,,1040,,184,398,,369,,365,14600,14790,255,233,,856,,1460,,360,,,,565,401,,1435,700,,2248,,,12.48,284,398,461,439,350,1095,1375,2327,,,23.43,1590,,293,,1429,304,2007,1000,,821,,,2209,,,505,,,,1620,160,,,401,,252,,,285,1270,,,,1221,,324,,,1590,
2017-03-29,565,271,,,1300,,555,178,317,,,,314,,3450,474,,682,1410,257,,397,,,915,,3870,,429,,228,,1409,247,1960,1598,636,,1860,1340,,,434,,410,,,,318,,,,858,,222,494,,,525,,985,559,1451,,227,,268,,921,306,,,,242,,265,2490,358,359,,376,,595,240,,,2000,,2101,540,275,,,,777,,,178,,1585,2620,1421,12.3,426,,537,,,,190,,,256,1250,,,690,2267,890,,,,,1112,1570,1160,730,2437,,20.17,1500,200,480,425,384,,,10.3,840,295,,154,790,,652,12,471,,992,1106,1225,1425,2500,2258,,,578,10.12,1825,,13.65,,,635,1670,,,583,435,,265,1549,1108,,1795,,1040,,181,388,191,377,,,13400,14790,238,237,,830,,,737,361,,,236,560,395,,1386,685,,2250,,,12.3,290,400,465,423,340,1051,1440,2261,,,23.27,1520,,321,,1392,295,1980,,,830,,,2208,,,500,,,251,1595,148,,,409,,250,,,292,1230,,,,1200,,340,,,1551,
2017-03-30,574,270,,,1325,,553,175,313,,,,302,,,470,,675,1390,273,,398,,,902,,3960,,427,,225,,1414,242,1945,,613,,1876,1380,,,435,,399,,,,312,,,10.19,841,,224,502,,,550,,980,,1475,,223,,275,,913,330,,,,248,,260,2505,360,350,,367,,,230,,,2099,,2185,530,265,,,,798,,,181,,1606,2600,1430,,423,,541,,,,182,,,,1265,,,689,2200,896,,,,,1066,1550,1165,479,2449,,19.9,1442,,478,455,389,,,10.3,860,290,,154,780,,662,12,460,,1020,1130,1230,1435,2523,2325,,,568,10.1,1800,,13.52,,,640,1675,,,574,435,,260,1559,1111,,1801,,1032,,180,386,191,,,,13450,,239,233,,829,,1361,,370,,,228,574,381,,1380,680,,2225,,,12.1,270,440,501,405,338,1060,1450,2290,,,23,1565,,305,,1445,290,2019,,,838,,,2180,1400,,499,,,,1605,148,,,409,,246,,,287,1234,,,29988,1196,,335,,,1510,
2017-04-02,,275,,,1457,,580,,,,,,310,,,510,,705,1525,298,,,,,938,,4060,,450,,242,,1555,240,2014,,644,,2063,1492,,,465,,425,,,,324,,,9.99,925,,232,510,,,605,,1040,,1622,,235,,295,,1002,358,,,,250,,270,2658,366,363,,395,,584,230,,,2304,,2228,540,261,,,,,,,,,1766,2860,1573,,460,,561,,,,191,,444,,1367,,,716,2244,980,,,,,1150,1579,1230,500,2548,,20,1586,,510,464,427,,,10.21,946,295,,159,816,,720,12.65,491,,1122,1243,1351,1578,2729,2557,,,620,10.2,1947,,13.7,,1568,641,1790,,,596,460,,275,1714,1222,,1981,,1135,,183,424,,391,,,14795,16269,235,235,,905,,1443,,381,,,,,402,,1430,738,,2290,,,12.83,260,465,500,,355,1080,1570,2500,,,,1721,,317,,1589,295,2184,,,921,,,2267,,,548,,,,1765,152,,,433,,245,,,292,1357,,,30587,1250,,353,,,1632,
2017-04-03,504,275,,,1580,,570,172,,,,,299,,,505,,686,1508,280,,387,,,933,,3925,,435,,228,,1500,240,2000,,643,,2269,1520,,,465,,415,,,,325,,,10,1017,,252,475,,,609,,1030,,1688,,227,,281,,1025,366,,,,255,,270,2553,392,392,,385,,606,238,,,2200,,2230,541,256,,,,485,,,,,1801,2960,1501,12.5,450,,570,,,,181,,455,,1448,,,720,2280,962,,,,,1060,1577,1222,496,2401,,20,1610,,510,510,410,,,10.15,928,285,,158,808,10.1,700,12.5,490,,1201,1315,1300,1660,2576,2515,,,596,10.24,1910,,13.5,,1590,640,1703,,,608,456,,270,1741,1344,,2060,,1190,,180,408,,395,,,16274,15620,231,239,,885,,1470,,374,,,228,506,387,,1400,725,,2310,,,12.7,255,490,490,421,344,1046,1605,2400,,,23.91,1815,,319,,1584,294,2156,,,1000,,,2221,,,522,,,261,1630,152,,,441,,255,,,306,1480,,,,1240,,350,,,1664,
2017-04-04,495,276,,,1590,,555,172,298,,,,304,,,500,,670,1500,276,135,380,,,910,,3935,,437,,232,,1475,235,1994,,643,,2274,1490,,,496,,419,,,,335,,,10,1049,,243,466,139,,580,,1009,,1724,,224,,280,,1000,375,,,,265,,270,2358,378,385,,379,,,227,,,2250,,2186,550,257,,,,485,,,,,1824,2910,1540,12.1,441,,569,,,,185,,,,1475,,,719,2200,960,,,,,1025,1580,1230,492,2450,,19.9,1620,,525,540,415,,,10.15,920,291,,155,801,10.1,691,,485,,1240,1300,1284,1660,2555,2480,,,594,10.2,1900,,13.2,,1470,635,1725,,,608,460,,280,1710,1330,,2197,,1208,,,404,190,385,,,17740,16661,226,235,,844,,1362,751,386,,,216,500,385,,1395,725,,2300,,,12.26,245,528,495,415,362,1067,1650,2315,,,23.45,1825,,307,,1560,285,2095,,544,1030,,,2177,,,559,,,,1648,150,,,468,,248,,,282,1464,,,,1235,,343,,,1610,
2017-04-06,482,273,,,1595,,547,,,,,,300,,3450,500,,656,1472,277,,385,,,906,,3935,,431,,232,,1440,230,2000,1536,619,,2225,1479,,,505,,410,,,,330,,,,1110,,247,512,152,,570,,1000,,1700,,218,,275,,1002,379,,,,245,,260,2342,388,384,,379,,583,230,,,2107,,2143,530,272,,,,485,,,173,,1815,2890,1520,12.1,430,,565,,,975,179,,,,1446,,,680,2201,975,,,,,1030,1570,1215,488,2395,,20.1,1630,,519,,443,,,10.3,828,301,,156,794,10.1,685,12.35,484,,1364,1290,1261,1657,2500,2505,,1597,592,10.25,1826,,13.4,,1441,639,1715,,,601,460,,275,1758,1336,,2205,,1200,,,412,,373,,,18995,18327,205,,,830,,1428,,405,,,219,493,390,,1380,724,,2300,,,12.6,237,528,495,408,350,1050,1635,2271,,,23.51,1844,,335,,1535,276,2080,,544,1133,,,2177,,,567,,,,1670,152,,,464,,257,,,289,1490,,,,1233,,318,,,1599,
2017-04-09,472,290,,,1590,,560,,298,,,,300,,3382,516,,665,1510,275,,387,,,900,,3970,,427,,230,,1410,235,2045,,615,,2180,1415,,,495,,403,,,,330,,,9.9,1095,,,563,167,,581,,1005,548,1692,,222,,277,,974,386,,,,,,256,,392,379,,371,,,228,,,2250,,2101,515,269,,,,480,,,175,,1781,2870,1496,11.85,420,,565,,,994,177,,,,1418,,,654,2249,966,,,,,1025,1568,1234,479,2445,,19.9,1740,,502,550,437,,,10.25,854,317,,153,789,10.01,684,12.2,480,,1356,1299,1255,1650,2474,2470,,,620,10.04,1890,,13.16,660,1401,639,1750,,,617,450,,,1732,1414,,2298,,1195,,179,415,,366,,,18750,17791,215,226,,870,,1480,,415,,,,480,385,,1425,724,,2298,,,12.75,233,580,490,413,344,1040,1665,2255,,,23.75,1815,,355,,1550,280,2180,,,1112,,,2110,,,573,,,,1770,152,,,465,,252,,,287,1548,,,29976,1225,,,,,1571,
2017-04-10,471,300,,,1611,,560,,318,,,,307,,3449,530,,699,1600,277,,383,,,914,,4000,,427,,237,,1510,239,2075,1566,610,275,2232,1452,,,494,,408,,,,330,,,10,1188,,241,619,183,,614,,1020,,1700,,225,,295,,1071,384,,,,249,,253,2555,391,378,,372,,583,238,,,2475,,2311,515,280,,,,480,,,178,,1808,2900,1620,12.2,423,,594,,,,180,,,,1472,,,589,2473,999,,,,,1127,1575,1245,480,2679,,19.69,1914,,502,,437,,,10.16,882,329,,153,816,10.2,700,12.75,482,,1450,1295,1380,1683,2550,2475,,,667,10.1,2079,,13.42,,1541,635,1889,,,617,469,,270,1801,1515,,2360,,1230,,176,417,,390,,,18000,17900,219,218,,894,,1628,751,432,,,,482,385,265,1415,740,,2305,,,12.99,,592,481,418,356,1060,1734,2274,,,24.2,1914,,383,,1672,265,2302,,,1164,,,2321,,,576,,,,1920,149,,,461,,262,,,290,1640,,,,1347,,,,,1700,
2017-04-11,489,301,,,1680,,616,175,315,,,,,,3793,547,,677,1688,291,,385,,,914,,4039,,438,,240,,1555,239,2100,,623,,2219,1450,,,500,,426,,,,333,,,10.1,1299,,235,680,201,,601,,1040,540,1740,,224,,324,,1178,405,,,,249,,270,2626,395,400,,385,,628,229,,,2700,,2540,540,290,,,,487,,,175,,1820,2935,1782,13.05,454,,600,,,1033,190,,,,1469,,,626,2571,1065,,,,,1195,1600,1278,493,2740,,20.48,1944,,437,,452,,,10.05,870,336,,153,820,10,712,12.85,515,,1564,1289,1450,1725,2545,2475,,,660,10,2215,,13.55,680,1648,636,1980,,,613,479,,276,1805,1526,,2325,,1257,,170,430,,406,,,17800,17543,220,239,,886,,1790,,456,,,,492,413,,1469,775,,2354,,,12.65,225,615,472,456,359,1090,1789,2300,,,24.1,1929,,372,,1730,291,2448,,,1280,,,2500,,,581,,,,1998,160,,,507,,260,,,300,1680,,,,1420,,,,,1800,
2017-04-12,480,295,,,1620,,635,190,306,,,,311,,4088,530,,679,1650,282,135,388,,,913,,4022,,440,,254,,1591,240,2082,,623,,2166,1100,,,360,,435,,,,350,,,10.2,1250,,258,748,221,,590,,1020,555,1708,,219,,315,,1270,414,,,,268,,292,2814,400,409,,384,,678,240,,,2600,,2794,576,299,,,,480,,,190,,1775,2936,1860,12.75,450,,618,,,1053,189,,,,1575,,,688,2772,1035,,,,,1314,1615,1265,485,2905,,22.05,1848,,425,,464,,,10.3,855,321,,152,816,10.2,700,12.6,508,,1540,1261,1480,1720,2490,2460,,,650,10.12,2400,,14.2,,1706,649,1980,,,655,479,,282,1800,1510,,2300,,1250,,187,430,,426,,,18052,17900,222,254,,877,,1930,,481,,,,480,419,,1455,760,,2348,,,13,237,622,480,460,356,1060,1790,2215,,,26.51,1850,,409,,1655,320,2601,,,1284,,,2500,,,580,,,,2004,160,,,505,,281,,,300,1585,,,,1509,,,,,1872,
2017-04-13,472,287,,,1620,,615,205,294,,,,299,,4010,529,,678,1675,280,,383,,,898,,3969,,440,,270,,1590,,2080,,620,,2185,1135,,,351,,428,,,,337,,,10.3,1306,,263,725,243,,595,,1018,566,1700,,218,,324,,1325,404,,,,255,,277,2749,385,402,,382,,665,236,,,2638,800,2730,587,300,,,,480,,,184,,1810,2944,1801,12.58,447,,630,,,1074,190,,,,1544,,,686,2710,1048,,,,,1360,1590,1257,482,2892,,21.89,1765,,415,,454,,,10.3,860,323,,152,801,,698,12.65,504,,1501,1248,1490,1720,2490,2470,,,643,10.12,2340,,13.99,693,1650,645,2015,,,639,479,,277,1789,1520,,2329,,1255,,184,429,,409,,,18950,18870,220,240,,872,,1953,766,475,,,,476,436,,1450,775,,2350,,,13,260,,490,443,358,1069,1780,2255,,,,1888,,410,,1680,316,2485,,,1335,,,2540,,,570,,,,2005,157,,,515,,273,,,306,1645,,,,1472,,,,,1870,
2017-04-16,460,280,326,,1566,,584,196,290,,,,296,,,513,,703,1580,269,,381,,,875,,3900,,426,,265,,1505,237,2049,,610,,2222,1072,,,334,,411,,,,331,,,,1240,,250,653,267,,624,,1000,570,1650,,217,,312,,1239,400,,,,250,,262,2800,380,385,,368,,,231,,,2599,,2623,,305,,,,465,,,,,1760,2880,1720,12.15,425,,589,,,,186,,,,,,,660,2656,1014,500,,,,1230,1556,1206,469,2780,,,1685,,401,,438,,,10.3,820,318,,148,781,,688,12.5,482,,1440,1148,1430,1653,2393,2379,,,620,10.32,2352,,13.5,,1711,640,1945,,,623,460,,273,1700,1425,,2316,,1166,,184,415,,401,,,19900,19450,212,238,,845,,1883,,460,,,,474,405,,1405,748,,2261,,,12.75,270,,490,428,346,1025,1640,2166,,,,1787,,415,,1585,297,2388,,,1216,,,2463,,,550,,,,1930,158,,,505,,,,,300,1560,,,28812,1455,,,,,1890,
2017-04-18,450,279,358,,1510,,567,184,275,,,,,,3930,505,,660,1525,270,135,365,,,842,,3855,,413,,259,,1460,244,1845,1535,600,,2160,1000,,,320,,405,,,,333,,,,1190,,253,629,282,,625,,990,590,1570,,208,,320,,1177,401,,,,250,,260,2600,380,368,,350,,620,231,,,1599,,2471,579,294,,,,495,,,190,,1757,2795,1700,11.8,412,,570,,,,186,,,,,,,636,2550,999,,,,,1141,1515,1176,453,2800,,,1670,,387,,424,,,10.2,821,318,,140,770,10,660,,469,,1400,1096,1350,1600,2390,2300,,,605,10.11,2315,,13.21,,1710,639,1890,,,622,438,,,1640,1399,,2298,,1130,,,409,,393,,,20100,19460,206,238,,805,,1963,796,445,,,,458,420,,1360,734,,2192,,,12.5,270,587,475,420,338,1005,1590,2000,,,,1751,,395,,1548,306,2250,,571,1219,,,2355,,,540,,,,1841,155,,,480,,254,,,314,1544,,,29000,1310,,,,,1720,
2017-04-19,463,284,393,,1610,,568,185,275,,,,291,,4000,525,,689,1630,273,135,381,,,861,,3950,,433,,278,,1560,244,1925,,610,,2215,1100,,,350,,419,,,,345,,,10,1262,,278,681,287,,630,,980,610,1635,,212,,342,,1294,408,,,,265,,275,2750,393,385,,360,,682,230,,,1751,,2500,568,291,,,,494,,,187,,1801,2849,1870,12,429,,621,,,,183,,,,1530,,,645,2805,1038,,,,,1255,1540,1225,475,2750,,,1819,,404,,436,,,10.12,840,320,,144,818,10.05,698,12.25,502,,1458,1185,1450,1645,2390,2395,,,631,10.21,2455,,13.1,,1815,635,1989,,,645,459,,285,1723,1500,,2390,,1190,,187,426,,392,,,20900,19700,218,236,,840,,2110,,477,,,,472,432,,1417,750,,2260,,,12.45,270,579,,436,354,1071,1650,2150,,,,1860,,408,,1625,318,2395,,,1314,,,2540,,,560,,,,2024,169,,,405,,260,,,332,1624,,,,1405,,,,,1800,
2017-04-20,465,291,,,1630,,568,177,280,,,,,,3920,522,,685,1630,271,,387,,,863,,3900,,427,,276,,1535,240,1871,,615,,2250,1130,,,343,,410,,,,329,,,10.06,1284,,278,720,285,,629,,1005,,1618,,212,,335,,1360,411,,,,270,,274,2695,384,380,,355,,750,230,,,1740,,2556,572,292,,,,495,,,,,1810,2806,1850,12.1,422,,608,,,1160,180,,,,1525,,,640,3085,1030,,,,,1255,1551,1201,475,2950,,22.3,1745,,400,,432,,,10.1,839,322,,144,798,10.01,688,12.3,495,,1470,1216,1420,1650,2380,2485,,,627,10.03,2410,,13.1,,1825,639,1938,,,634,454,,281,1720,1499,,2369,,1215,,187,430,190,396,,,21600,19420,212,232,,812,,2250,,461,,,,477,421,,1430,750,,2250,340,,12.75,269,,466,430,357,1059,1630,2130,,,26.6,1880,,406,,1602,318,2401,,,1300,,,2540,,,557,,,,1962,167,,,385,,262,,,332,1600,,,29000,1400,,,,,1805,
2017-04-23,472,290,411,,1660,,570,186,280,,,,300,,3998,530,,686,1670,276,,400,,,879,,3995,,435,,296,,1590,,1910,1533,627,,2255,1143,,,345,,422,,,,340,,,10.01,1300,,289,720,287,,627,,1011,,1680,,218,,340,,1345,409,,,,279,,279,2710,371,384,,368,,738,223,,,1775,,2658,583,321,,,,499,,,190,,1850,2870,1850,13,436,,621,,,,190,,,,1555,,,600,3100,1045,,,,,1300,1599,1240,481,2980,,21.18,1730,,408,,442,,,10.09,864,315,,142,820,10.05,690,12.55,509,,1506,1269,1470,1715,2445,2579,,,647,10.11,2409,,13.14,,1861,647,2001,,,645,466,,281,1799,1516,,2480,,1255,,190,442,,405,,,11089,9969,212,238,,844,,2279,,461,,,,489,432,,1446,750,,2310,,,12.84,270,600,,446,356,1080,1662,2230,,,,1961,,399,,1686,326,2401,,,1340,,,2489,,,562,,,,2050,161,,,392,,262,,,350,1663,,,29580,1338,,,,,1877,
2017-04-24,469,287,402,,1632,,570,190,280,,,,294,,,516,,675,1620,274,,390,,,870,,4001,,424,,298,,1540,223,1890,,640,,2285,1123,,,343,,414,,,,341,,,,1277,,274,707,297,,303,,1000,611,1637,,215,,323,,1345,405,,,,285,,275,2744,367,373,,360,,716,221,,,1750,,2605,583,326,,,,490,,,,,1827,2834,1822,12.75,428,,631,,,1183,187,,,,1524,,,649,3049,1039,,,,,1251,1599,1230,480,2950,,20.8,1730,,400,,439,,,10.06,845,309,,143,810,10.25,686,12.6,495,,1500,1220,1436,1680,2390,2500,,,636,10,2400,,13.5,,1907,639,1990,,,650,460,,275,1737,1480,,2435,,1233,,184,435,190,395,,,12197,10965,215,227,,826,,2250,811,456,,,,485,420,,1440,740,,2280,,,12.75,255,605,,428,350,1069,1655,2175,,,,1940,,388,,1630,335,2400,,,1311,,,2570,,,549,,,,1975,160,,,388,,,,,327,1639,,,,1360,,,,,1770,
2017-04-25,469,283,408,,1625,,563,195,290,,,,285,,4000,511,,688,1616,275,,392,,,856,,3980,,420,,288,,1540,230,1880,,640,,2309,1124,,,334,,410,,,,329,,,10,1284,,289,699,299,,320,,985,612,1675,,212,,330,,1311,397,170,,,296,,275,2844,366,375,,356,,700,226,,,1722,,2670,641,311,,,,484,,,209,,1825,2815,1875,12.75,425,,621,,,,193,,,,1421,,,660,3036,1029,,,,,1240,1590,1225,472,2866,,20.66,1751,,400,,433,,,10.15,850,311,,144,798,10.06,683,,492,,1500,1221,,1680,2350,2480,1375,1566,627,10,2450,,,,1908,639,1990,,,660,456,,256,1740,1490,,2518,,1214,,177,431,,411,,,13416,12061,218,242,,839,,2381,859,448,,,,484,421,,1474,729,,2275,,,12.85,255,605,457,430,355,1054,1660,2140,,339,,1935,,400,,1627,334,2640,,582,1315,,,2652,,,550,,,276,1960,159,,,390,,251,,,339,1635,,,,1431,,,,,1750,
2017-04-26,467,292,441,,1621,,561,214,290,,,,294,,,510,,670,1630,269,135,387,,,858,,4000,,415,,284,,1545,234,1869,,640,,2282,1114,,,330,,421,,,,351,,,10.05,1281,,294,691,292,,317,,990,,1666,,211,,338,,1397,394,167,,,285,,,2958,370,374,,360,,617,225,,,1801,,2902,681,,,,,480,,,229,,1805,2800,1900,12.75,430,,616,,,1206,188,,,,1450,,,685,3140,1025,,,,,1364,1574,1220,458,3100,,20.5,1770,,396,,425,,,10.1,844,310,,142,795,10.15,690,12.5,489,,1485,1214,1464,1647,2280,2499,,,620,,2695,,13.55,,2098,643,2001,,,669,465,,272,1730,1457,,2515,,1196,,183,430,,430,,,14757,13266,215,246,,860,,2619,893,455,,,,481,453,,1464,722,,2260,,,12.78,252,565,450,425,349,1063,1630,2130,,372,26.2,1921,,400,,1659,367,2725,,,1283,,,2770,,,542,,,,1995,157,,,390,,260,,,325,1620,,,29000,1535,,,,,1853,
2017-04-27,466,290,461,,1601,,560,220,280,,,,306,,4000,508,,696,1630,275,135,385,,,855,,4044,,412,,283,,1530,230,1885,,646,,2270,1107,,,334,,420,,,,355,,,,1295,,281,689,289,,314,,976,,1667,,210,,338,,1362,259,,,,294,,280,3044,,363,,356,,641,229,,,1766,,2944,660,,,,,477,,,251,,1806,2839,1880,12.7,426,,615,,,1326,188,,,,1450,,,701,3185,1021,,,,,1343,1580,1206,459,3349,,20.5,1947,,390,,422,,,10.3,846,311,,143,790,10.2,677,12.5,483,,1480,1200,1435,1631,2281,2479,,,607,10.1,2772,,13.8,,2224,638,2035,,,675,458,,275,1700,1460,,2510,,1200,,201,433,,429,,,15500,13000,214,246,,850,,2627,910,462,,,,477,468,,1450,715,,2264,,,12.74,,570,455,433,364,1055,1630,2149,,377,,1960,,395,,1640,403,2700,,611,1304,,,2739,,,550,,,,2001,170,,,383,,255,,,325,1605,,,,1520,,,,,1895,
2017-04-30,459,290,445,,1585,,557,209,275,,,,312,,,510,,683,1600,267,,380,,,858,,3975,,405,,276,,1505,231,1851,,646,,2255,1061,,,323,,414,,,,345,,,10.05,1282,,275,675,288,,303,,974,,1640,,215,,331,,1360,252,,,,280,,275,3070,,355,,352,,,217,,,1730,,2960,628,,,,,470,,,245,,1784,2799,1910,12.53,420,,600,458,260,1379,193,,,,1400,,,700,3180,1011,,,,,1273,1545,1213,445,3314,,20.1,1897,,384,,415,,,10.15,840,304,,140,777,10.19,674,12.25,470,,1480,1180,1401,1583,2245,2432,,,607,10,2922,,13.3,,2446,639,1976,,,688,449,,269,1678,1434,,2488,,1177,,221,425,,425,,,14800,12700,210,246,,835,,2580,910,455,,,,474,,,1435,701,,2234,,,12.55,252,,450,469,350,1060,1600,2110,,366,25.68,1669,,390,,1618,390,2650,,,1299,,,2700,,,550,,,,1975,168,,,375,,255,,,,1585,,,29580,1470,,,,,1890,
2017-05-02,461,275,444,,1594,,560,216,270,,,,300,,3920,510,,690,1614,271,135,377,,,857,,3950,,405,,278,,1530,224,1860,,640,,2276,1085,,,328,,412,,,,345,,,,1280,,285,640,290,,300,,990,,1660,,211,,334,,1407,255,,,,275,,275,3200,367,377,,352,,645,222,,,1800,,3121,620,,,,,475,,,241,,1790,2810,1900,12.6,421,,585,,,,192,,,,1433,,,673,3250,1020,,,,,1350,1535,1205,449,3485,,20.1,1860,,378,,414,,,10.15,840,304,,140,775,10.3,680,12.3,470,,1483,1185,1438,1619,2295,2450,,,620,10.15,3182,,13.57,706,2690,639,1995,,,691,454,,,1685,1450,,2498,,1171,,233,427,,409,,,15000,12750,207,240,,840,,2650,983,452,,,,466,387,,1465,700,,2280,,,12.6,,,455,469,343,1075,1602,2115,,359,25.17,1651,,383,,1615,,2760,,623,1285,,,2750,,,549,,,,2010,167,,,365,,255,,,320,1583,,,29580,1520,,,,,2079,
2017-05-03,461,282,438,,1575,,572,218,275,,,,330,,3890,508,,679,1605,266,,378,,,848,,4000,,408,,277,,1530,227,1801,,628,,2231,1071,,,322,,410,,,,343,,,10.05,1278,,290,695,227,,295,,990,,1650,,212,,326,,1405,254,,,,270,,275,3032,385,368,,348,,639,223,,,1790,,3200,618,311,,,,504,,,229,,1792,2802,1905,12.45,424,,586,,,,187,,,,1525,,,711,3200,1020,,,,,1300,1569,1213,445,3400,,20.9,1885,,378,,415,,,10.15,835,332,,138,780,10.12,680,12.61,475,,1450,1175,1415,1640,2340,2450,,,620,10.19,3020,,13.77,,2690,644,2025,,,719,455,,261,1699,1450,,2504,,1180,,229,425,,426,,,14720,12810,211,236,,833,,2645,,455,,,,470,390,,1460,710,,2304,,,12.5,247,580,500,475,349,1123,1605,2130,,366,24.9,1642,,387,,1616,429,2729,,,1295,,,2820,,,550,,,,1993,166,,,384,,,,,,1576,,,,1536,,,,,2150,
2017-05-04,460,277,447,,1567,,557,215,280,,,,363,,3891,503,,657,1601,260,,376,,,845,,3989,,402,,275,,1490,221,1843,,616,,2240,1060,,,321,,408,,,,340,,,,1251,,290,676,225,,300,,975,,1640,,210,,325,,1400,252,,,,261,,279,3035,392,364,,345,,591,223,,,1766,,3150,610,301,,,,500,,,225,,1790,2792,1880,12.37,424,,585,,,1434,183,,,,1500,,,700,3199,1016,,,,,1284,1560,1200,440,3350,,20.95,1861,,383,,412,,,10.12,811,320,,140,780,10.13,676,12.41,471,,1425,1150,1405,1605,2330,2436,,,616,10.02,3000,,13.6,,2584,641,2029,,,725,450,,257,1690,1450,,2488,,1155,,214,424,190,420,,,14300,12990,219,240,,818,,2519,1002,484,,,,464,370,,1450,700,,2300,,,12.5,231,570,550,463,345,1133,1600,2113,,357,,1605,,394,,1595,449,2571,,,1265,,,2850,,,541,,,,1965,164,,,,,257,,,302,1570,,,,1520,,,,,2120,
2017-05-07,454,270,439,,1564,,544,205,278,,,,366,,3968,498,,650,1597,259,,368,,,831,,3905,,400,,265,,1480,216,1820,,620,,2229,1035,,,315,,403,,,,330,,,9.9,1229,,280,646,220,,294,,952,,1601,,209,,323,,1375,246,,,,,,273,2985,386,355,,328,,580,221,,,1700,,2900,580,285,,,,487,,,217,,1762,2761,1900,12.4,418,,576,,,1550,184,,,,1414,,,686,3170,1000,,,,,1240,1535,1195,433,3220,,20.21,1841,,379,,400,,,10.15,800,316,,133,760,10.05,667,12.35,463,,1405,1140,1392,1582,2294,2410,,,599,10,2870,,13.5,,2333,642,1972,,,720,445,,257,1650,1415,,2432,,1120,,202,416,,419,,,14550,12800,210,236,,810,,2440,,461,,,,460,367,,1400,685,,2260,,,12.26,,566,605,451,340,1125,1537,2075,,,24.4,1550,,370,,1550,440,2560,,,1225,,,2739,,,528,,,,1900,162,,,382,,259,,,,1536,,,,1475,,,,,2020,
2017-05-08,460,275,444,,1563,,545,209,276,,,,363,,,493,,638,1595,259,,371,,,840,,3980,,402,,265,,1499,220,1812,1503,620,,2212,1050,,,317,,401,,,,330,,,9.9,1230,,277,633,217,,299,,988,,1630,,209,,325,,1395,249,,,,,,269,2980,385,355,,334,,569,216,,,1671,,3060,562,285,,,,487,,,215,,1765,2790,1865,12.5,421,,590,,,1705,182,,,,1415,,,648,3195,992,,,,,1300,1540,1185,430,3219,,20.22,1895,,383,,415,,,10.15,805,311,,138,762,10.05,675,12.45,465,,1382,1149,1381,1585,2290,2433,,,607,10.1,2930,,13.4,,2390,641,2000,,,710,445,,260,1650,1421,,2432,,1135,,201,420,,415,,,14535,12600,208,232,,822,,2450,1022,480,,,,460,368,,1400,670,,2280,,,12.6,,577,625,450,356,1145,1598,2097,,339,,1550,,375,,1580,415,2605,,,1235,,,2770,,,535,,,,1985,165,,,375,,254,,,,1536,,,,1470,,,,,2039,
2017-05-09,457,285,467,,1584,,593,210,276,,,,365,,,497,,692,1635,261,,370,,,875,,3980,,402,,269,,1499,226,1820,,649,,2230,1057,,,321,,405,,,,342,,,10,1250,,287,650,218,,295,,975,,1642,,210,,326,,1368,249,,,,,,281,3060,397,367,,344,,570,228,,,1740,,3120,575,290,,,,485,,,,,1784,2810,1901,,420,,599,,,1844,180,,446,,1487,,,660,3121,1003,,,,,1282,1560,1204,432,3340,,20.22,1901,,380,,420,,,10.01,805,319,,143,770,10.02,678,12.45,466,,1466,1161,1400,1625,2300,2445,,,607,10.1,2880,,13.6,,2568,642,1990,,,740,444,,265,1660,1411,,2550,,1165,,213,421,,429,229,,14400,12895,220,231,,830,,2500,1042,491,,,,462,371,,1059,675,,2287,,,12.4,227,605,625,464,357,1239,1610,2080,,340,,1600,,389,,1595,420,2561,,,1246,,,2771,,,530,,,,1945,159,,,380,,,,,312,1540,,,,1515,,,,,2070,
2017-05-11,464,308,485,,1570,,600,218,295,,,,358,,4127,502,,666,1650,258,,379,,,896,,4030,,403,,271,,1485,248,1803,,641,,2255,1063,,,324,,407,,,,334,,,9.9,1240,,280,637,220,,300,,961,600,1639,,215,,323,,1350,246,,,,,,295,3180,385,360,,348,,560,245,,,1790,,,585,295,,,,482,,,215,,1790,2870,1880,12.26,423,,584,,,1880.88,180,,,,1450,,,673,3219,1004,,,,,1294,1560,1202,430,3245,,20.22,1885,,393,,419,,,10.05,820,333,,146,769,10.1,674,12.35,470,,1440,1170,1396,1650,2283,2416,,,604,10.05,2975,,13.5,,2671,660,2007,,,747,447,,268,1660,1430,,2578,,1160,,213,425,,421,,,15000,13000,241,231,,845,,2475,1094,518,,,,465,385,,1062,685,,2308,,,12.4,223,,580,455,357,1195,1635,2075,,348,24.8,1600,,395,,1604,416,2600,,635,1237,,,2840,1372,,529,,,286,1930,165,,,380,,258,,,,1565,,,,1495,,,,,2100,
2017-05-15,465,302,477,,1565,817,598,218,297,,,,,,4539,503,,683,1679,253,,388,,,896,,4090,,403,,268,,1488,268,1790,,640,,2255,1068,,,325,,413,,,,336,,,9.9,1238,,271,639,218,,302,,970,588,1640,,210,,329,,1380,250,,,,,,290,3248,371,360,,340,,550,250,,,1800,,3075,580,295,,,,491,,,,,1800,2860,1870,,420,,592,,,1918,175,,430,,,,,,3239,995,,,,,1285,1560,1205,435,3400,,,1920,,392,,413,,,10.1,812,326,,141,765,10.1,670,12.34,472,,1446,1189,1385,1650,2285,2440,,1446,604,10.04,2845,,13.55,,2517,650,2020,,,734,452,,263,1650,1502,,2570,,1150,,234,427,,416,,,14750,12900,217,223,,839,,2490,,500,,,,461,383,,1065,678,,2340,,,12.5,,571,570,455,360,1189,1611,2125,,,,1585,,400,,1600,432,2559,,,1255,,,2840,,,432,,,,1955,176,,,380,,275,,,306,1570,,,,1504,,,,,2068,
2017-05-16,456,306,480,,1561,,588,210,293,,,,355,,4992,498,,669,1665,258,,383,,,885,,4030,,402,,262,,1480,250,1770,,628,,2218,1055,,,325,,409,,,,320,,,,1239,,280,656,215,,294,,951,,1622,,209,,323,,1364,249,,,,280,,285,3240,385,358,,338,,,242,,,1764,,3000,562,290,,,,490,,,,,1799,2830,1852,12.22,419,,587,,,,174,,,,1440,,,,3190,987,,,,,1260,1558,1192,431,3300,,,1877,,388,,412,,,10.05,810,320,,145,767,10.08,661,12.51,465,,1425,1179,1394,1650,2276,2425,,,605,10.1,2892,,13.52,,2567,650,2000,,,734,443,,259,1640,1500,,2522,,1150,,257,423,,416,,,14850,12880,222,220,,827,,2462,1094,490,,,,461,385,,1060,675,350,2325,,,12.57,229,571,,448,356,1185,1618,2100,,354,,1573,,392,,1585,410,2560,,,1234,,,2810,,,423,,,,1930,176,,,380,,275,,,306,1540,,,,1483,,,,,2043,
2017-05-17,455,303,481,,1553,,587,207,285,,,,342,,5491,493,,666,1653,261,,385,,,865,,4020,,400,,261,,1476,250,1760,,628,,2249,1060,,,322,,404,,,,321,,,9.7,1230,,278,640,213,,300,,960,582,1638,,216,,316,,1365,245,,,,275,,276,3225,,356,,335,,549,238,,,1760,,2940,573,295,,,,485,,,,,1800,2845,1850,12.6,412,,585,,,2109,,,,,1390,,,,3250,993,,,,,1285,1560,1198,422,3235,,20.05,1900,,387,,400,,,10.1,800,317,,146,765,10.05,670,12.49,464,,1450,1170,1375,1632,2270,2434,,,595,10,2896,,13.5,,2516,650,1995,,,708,442,,261,1650,1525,,2515,,1138,,267,419,,417,,,14500,12700,221,226,,821,,2470,,492,,,,461,378,,1050,680,,2302,,,12.57,233,,542,441,360,1190,1605,2115,,342,,1565,,378,,1585,388,2610,,,1225,,,2830,,265,422,,,,1934,173,,,,,280,,,309,1532,,,,1481,,,,,2045,
2017-05-18,451,299,490,,1555,,584,204,294,,,,340,,6040,492,,679,1660,260,,380,,,878,,4100,,400,,275,,1480,233,1750,,642,,2240,1030,,,320,,404,,,,320,,,,1228,,280,633,212,,297,,960,572,1718,,213,,318,,1357,244,,319,,270,,276,3200,378,357,,335,,540,235,,,1770,,3040,595,293,,,,478,,,216,,1801,2850,1898,12.5,415,,578,,,2319,,,,,1399,,,,3213,995,500,,,,1285,1554,1199,420,3230,,20.45,1100,,383,,394,,,10.1,810,312,,144,765,10.05,679,12.5,465,,1460,1170,1389,1645,2264,2430,,,590,10,2920,,13.5,741,2500,650,1980,,,720,440,,260,1650,1510,,2510,,1140,,254,419,,420,,,14636,12900,216,216,,830,,2560,,414,,,,465,372,,1035,674,,2300,,,12.31,230,580,530,460,366,1204,1600,2099,,336,24.69,1563,,380,,1585,405,2620,,,1232,,,2890,,291,419,,,,1954,167,,,,,284,,,,1568,,,29580,1488,,,,,2060,
2017-05-21,450,289,484,,1526,,585,204,310,,,,324,,6644,480,,654,1637,258,,379,,,870,,4050,,397,,269,,1485,232,1715,,617,,2365,1027,,1051,310,,400,,,,324,,,9.8,1214,,270,645,214,,289,,960,629,1675,,210,,316,,1335,240,,299,,270,,268,3152,371,359,,332,200,,233,,105,,,2941,589,280,,,,472,,,,,1794,2250,1861,12.5,408,,571,,,2550,172,,,,1430,,,,3220,1003,,,,,1265,1550,1185,420,3350,,20.2,1210,,376,,383,,,10.15,779,307,,143,759,10,677,12.47,460,,1520,1140,1380,1616,2211,2400,,,576,10,2915,,13.4,,2400,653,1990,,,705,431,,251,1630,1486,,2530,,1110,,260,415,,417,,,14505,12642,215,216,,816,,2550,1159,411,,,,456,372,,1007,668,,2290,,,12.25,222,,525,460,358,1190,1585,2065,,340,24.99,1540,,385,,1562,397,2650,,,1215,,,2900,,320,408,,,,1878,173,,,,,274,,,297,1560,,,,1480,,,,,2051,
2017-05-22,448,286,472,,1510,,580,206,310,,,,318,,6776,498,,667,1620,255,,372,,,856,,4065,,390,,274,,1462,225,1677,1503,612,,2320,1030,,,310,,400,,,,325,,,10,1189,,275,644,210,,289,,940,679,1690,,210,,318,,1347,238,,301,,,,263,3205,385,356,,330,,,228,,105,1740,,2905,589,280,,,,470,,,,,1787,2240,1850,,410,,567,,,2805,173,,,,,,,,3180,991,,,,,1230,1535,1175,423,3300,,19.8,1200,,375,,390,,,10,762,296,,141,759,10.1,668,12.35,453,,1520,1121,1369,1571,2196,2409,,,590,10,2861,,13.4,815,2421,653,1954,,,705,424,,260,1625,1489,,2510,,1112,,254,410,,418,,,14400,12500,225,212,,810,,2570,1205,406,,,,452,385,265,977,673,,2201,,,12.2,218,,505,454,360,1187,1539,2042,,334,24.5,1530,,392,,1553,409,2640,,,1186,,,2940,,352,401,,,,1855,171,,,,,281,,,287,1536,,,,1470,,,,,2060,
2017-05-23,450,287,468,,1515,,575,210,308,,,,315,,7354,492,,680,1623,256,,381,,,861,,4170,,399,,270,,1442,229,1690,1473,624,,2359,1030,,,317,,404,,,,324,,,10.05,1203,,272,644,208,,286,,960,746,1744,,208,,315,,1346,238,,300,,280,,265,3250,385,360,,330,,550,231,,,1743,,2916,600,276,,,,464,,,,,1807,2185,1880,12.5,418,,570,,,2750,171,,425,,,,,,3135,999,,,,,1246,1550,1182,418,3234,,19.75,1180,,379,,392,,,10,790,300,,140,765,10,668,12.15,462,,1500,1140,1380,1595,2201,2405,,,590,10,2930,,13.3,,2376,655,1990,,,700,428,,269,1625,1480,,2515,,1134,,252,414,,410,221,,14570,12560,217,216,,800,,2589,1278,420,,,,459,380,,1006,689,,2158,,,12.2,220,590,498,449,361,1179,1551,2040,,360,,1545,,388,,1580,404,2620,,,1200,,,3025,,338,403,,,,1861,170,,,,,280,,,290,1552,,,,1456,,,,,2051,
2017-05-24,455,285,470,,1534,,586,198,290,,,,311,,7205,490,,675,1644,255,,383,,,860,,4200,,396,,275,,1450,225,1698,,620,,2400,1028,,,316,,395,,,,321,,,10.15,1225,,277,650,210,,285,,950,820,1769,,211,,320,,1343,238,,295,,275,,270,3217,,355,,335,,549,230,,,1750,,2940,604,271,,,,473,,,,,1808,2170,1875,12.25,416,,579,,,2723,170,,417,,1420,,,,3229,1000,,,,,1260,1557,1179,418,3190,,19.9,1155,,378,,400,,,10,795,310,,139,760,10,660,12.25,461,,1530,1150,1389,1626,2190,2400,,,585,10,2988,,13.25,863,2488,656,1998,,,705,431,,265,1617,1505,,2525,,1130,,247,417,,413,,,14540,12670,221,215,,810,,2550,1405,426,,,,458,376,,1010,686,,2196,,,12.25,220,580,500,458,357,1200,1575,2090,,342,24.41,1551,,391,,1567,390,2630,,,1215,,,3045,,329,408,,,,1885,179,,,,,279,,,285,1571,,,,1475,,,,,2050,
2017-05-28,450,282,467,,1505,,579,200,285,,,,301,,6800,480,,667,1600,252,,378,,,850,,4131,,390,,272,,1450,229,1679,,627,,2420,1025,,,310,,389,,,,321,,,9.81,1194,,272,621,205,,280,,938,780,1741,,209,,315,,1305,231,,293,,,,265,3181,380,349,,326,,539,227,,,1743,,2980,607,257,,,,471,,,,,1795,2150,1850,12.15,414,,569,,,2618,170,,,,1375,,,,3173,990,,,,,1235,1538,1150,417,3254,,19.9,1135,,375,,388,,,10.01,791,301,,142,754,10.1,650,,455,,1500,1150,1345,1595,2140,2400,,,576,10.05,2985,,13.5,,2382,687,1981,,,705,422,,261,1648,1482,,2500,,1114,,241,413,190,400,221,,14201,12400,216,217,,801,,2525,1519,410,,,,451,371,265,995,670,,2200,,,12.3,,590,481,445,360,1170,1515,2055,,354,24.2,1520,,385,,1541,396,2590,,,1193,,,2940,,318,400,,,,1850,187,,,373,,,,,275,1560,,,29580,1445,,,,,2030,
2017-05-30,444,280,460,,1475,,557,196,280,,,,290,,6927,471,,693,1585,250,,377,,,843,,4190,,386,,269,,1390,222,1665,1473,625,,2389,1005,,,308,,389,,,,315,,,10.01,1180,,270,620,200,,275,,925,765,1720,,206,,311,,1299,225,,287,,280,,260,3100,380,350,,324,,535,220,,,1700,,2850,609,282,,,,460,,,,,1780,2120,1836,12.25,372,,567,,,2585,167,,,,1296,,,,3185,980,,,,,1206,1499,1120,414,3319,,20,1120,,373,,384,,,9.98,781,300,,140,745,10.01,642,12.3,451,,1470,1121,1300,1578,2139,2380,,,565,10,2880,,12.8,914,2415,658,1990,,,695,410,,,1635,1450,,2472,,1100,,240,414,,325,,,13790,11900,208,215,,785,,2500,1579,400,,,,444,365,,985,516,,2190,,,12.2,,580,472,435,360,1169,1486,1986,,,24.5,1499,,375,,1540,385,2580,,,1160,,,2885,,299,395,,,,1820,180,,,359,,270,,,271,1544,,329,,1427,,,,,2020,
2017-05-31,450,290,460,,1501,,570,202,280,,,,312,,6600,470,,,1590,253,,387,,,840,,4150,1350,392,,270,,1430,224,1690,,620,,2375,1035,,,311,,388,,,,318,,,9.95,1199,615,263,682,205,,285,,926,841,1736,,207,,329,,,232,,291,,280,,257,3173,,351,,332,,,222,,,1723,,2914,610,310,,,,475,,,219,,1794,2150,1895,12.5,376,,571,,,2598,176,,,,1352,,,,2372,990,,,,,1219,1500,1130,418,3329,,19.95,1163,,375,,,,,10.07,799,303,,140,752,9.9,646,12.2,455,,1470,1144,1377,1570,2154,2385,,,560,9.9,2910,,13,,2440,667,1980,,,688,413,,267,1695,1500,,2482,,1125,,244,410,,337,,,14450,12001,212,212,,817,,2622,1707,419,,,,450,379,,989,516,,2190,,,12.05,,591,470,447,365,1180,1495,1955,,354,,1530,,382,,1540,400,1820,,,1185,,,3010,,310,402,,,,1840,183,,,359,,274,,,275,1551,,361,,1457,,,,,2065,
2017-06-01,446,280,460,,1489,800,572,204,280,,,,305,,6724,470,,669,1585,250,,380,,,857,,4130,1300,392,,264,,1425,222,1681,,,,2390,1025,,,310,,385,,,,315,,,9.75,1210,,268,710,200,,280,,926,887,1748,,205,,320,,,232,,287,,284,,264,3150,370,355,,328,,,225,,,1725,,2831,602,337,,,,470,,,215,,1799,2140,1850,12.6,379,,571,,,2512,170,,,,1310,,,,2343,986,,,,,1187,1500,1121,417,3410,,19.4,1135,,372,,,,,10,775,300,,142,756,10.1,640,12.24,450,,1472,1140,1330,1560,2168,2390,,1418,558,10,2855,,13,,2420,658,1970,,,675,420,,265,1652,1481,,2485,,1110,,242,415,190,320,,,14450,12300,208,229,,815,,2645,1775,415,,,,452,378,,996,519,,2190,,,12.15,,569,490,440,361,1167,1490,1961,,336,24.9,1514,,374,,1550,404,1780,,,1170,,,3000,,298,395,,,,1815,174,,,347,,,,,285,1535,,397,,1435,,,,,2040,
2017-06-04,445,276,450,,1475,,565,205,276,,,,300,,6590,465,,648,1595,248,,375,,,835,,4150,1300,390,,262,,1412,222,1682,,624,,2366,1030,,,302,,382,,,,310,,,9.8,1200,615,264,726,198,,278,,925,870,1730,,205,,314,,,231,,284,,275,,262,3170,372,360,,322,,,221,,,1700,,2800,600,320,,,,478,,,,,1782,2121,1850,,370,,560,,,2440,164,,409,,1300,,,,2340,977,,,,,1166,1480,1115,423,3342,,19.4,1118,,372,,,,,10,780,300,,140,750,10,643,12.24,447,,1463,1112,1331,1541,2141,2386,,,554,10,2815,,,,2360,659,1965,,,671,414,,,1670,1442,,2460,,1094,,234,410,190,316,,,14200,12050,210,221,,804,,2600,1952,410,,,,451,,,975,517,,2193,,,12.15,,585,475,430,358,1159,1475,1936,,,,1500,,368,,1520,393,1700,,,1150,,,2950,,297,385,,,,1794,181,,,340,,,,,279,1531,,423,,1420,,,,,2011,
2017-06-05,443,280,450,,1491,800,568,209,276,,,,305,,6459,472,,654,1591,250,,377,,,840,,4145,1314,395,,272,,1429,225,1689,,624,,2375,1023,,1103,307,,388,,,,300,,,,1205,,264,733,199,,,,925,870,1735,,207,,309,,,227,,286,,270,,265,3200,375,360,,330,,536,225,,,1700,,2940,607,310,,,,483,,,,,1792,2130,1860,12.35,371,,561,,,2476,169,,401,,1300,,,,2330,985,,,,,1177,1500,1130,429,3400,,19.79,1133,,373,,,,,10,767,299,,138,752,10,637,12.25,455,,1479,1128,1300,1565,2122,2389,,,558,10,2852,,13.05,,2385,663,1982,,,683,417,,269,1708,1477,,2450,,1100,,239,413,190,315,,,14200,12000,214,229,,804,,2640,2147,426,,,,455,375,,984,517,,2195,,,12.2,,,466,437,358,1161,1480,1931,,338,24.85,1495,,382,,1560,400,1666,,,1160,,,2975,,291,391,,,,1800,175,,,340,,272,,,270,1545,,419,30170,1435,,,,,2065,
2017-06-06,454,282,457,,1518,,573,207,285,,,,319,,6270,490,,677,1625,253,,385,,,863,,4190,1364,400,,277,,1472,225,1760,,625,,2400,1052,,1125,316,,405,,,,315,,,9.95,1230,,274,735,202,,278,,948,865,1762,,210,,310,,,233,,295,,265,,265,3220,377,370,,346,,560,230,,,1785,,3000,614,327,,,,492,,,,,1818,2158,1900,,387,,577,,,2538,168,,,,1430,,,,2496,1010,,,,,1275,1519,1145,436,3399,,19.89,1157,,379,,,,,10,781,306,,139,764,10.05,665,12.3,465,,1499,1130,1340,1590,2165,2436,,,594,10.05,2900,,13.35,932,2435,679,2040,,,703,428,,269,1736,1505,,2480,,1125,,251,420,,328,,,14495,12450,211,239,,840,,2650,2361,436,,,,464,378,,992,530,,2263,,,12.55,,,506,445,369,1160,1530,2030,,338,24.35,1524,,378,,1574,395,1750,,647,1195,,,3050,,292,408,,,,1899,174,,,345,,276,,,275,1565,,417,,1540,,,103,,2080,
2017-06-07,453,278,447,,1506,,567,204,296,,,,318,,6395,477,,675,1601,251,,384,,,856,,4190,1323,398,,267,,1450,225,1740,,625,,2465,1033,,1169,311,,393,,,,312,,,9.85,1220,,265,725,200,,278,,940,870,1755,580,208,,309,,,227,,292,,270,,266,3219,375,363,,340,,565,226,,,1750,,2950,605,316,,,,492,,,,,1799,2156,1870,12.26,380,,549,,,2525,165,,386,,1530,,,,2448,1005,,,,,1240,1515,1135,434,3400,,19.2,1155,,372,,,,,10,769,298,,138,758,10.19,650,12.2,453,,1470,1120,1314,1566,2172,2364,,,583,10,2903,,13.15,,2420,680,1991,,,677,420,,259,1716,1459,,2480,,1112,,246,415,,321,,,14000,12250,208,235,,825,,2655,2597,422,,,,458,374,,990,520,,2299,,,,,578,490,440,364,1160,1442,1980,,360,24.2,1524,,371,,1555,395,1736,,,1163,,,3000,,280,396,,,,1850,174,,,334,,271,,,270,1542,,408,,1450,,,113,,2040,
2017-06-08,449,275,448,,1514,,565,198,290,,,,313,,6300,473,,685,1604,249,,375,,,853,,4150,1350,398,,270,,1444,223,1739,,625,,2509,1035,,,310,,393,,,,312,,,,1209,,261,726,200,,268,,928,860,1730,,204,,303,,,227,,287,,270,,,3190,370,353,,339,,,223,,,1730,,2902,600,319,,,,488,,,204,,1796,2120,1864,12.01,370,,555,,,2510,165,,,,1440,,,,2399,999,,,,,1211,1512,1121,430,3334,,19.48,1144,,373,,,,,10.05,775,296,,135,754,10,647,12.01,450,,1460,1107,1355,1539,2155,2375,,1390,576,10,3029,292,12.9,932,2346,675,1973,,,680,411,,252,1710,1475,,2450,,1109,,230,414,,321,,,14000,12200,213,226,,820,,2611,2856,428,,,,453,371,,990,523,,2298,,,12.4,,570,460,436,355,1151,1460,1985,,350,24.2,1506,,371,,1560,390,1720,,,1151,,,2950,,282,398,,,,1857,170,,,336,,266,,,265,1540,,404,30000,1454,,,124,,2041,
2017-06-11,444,274,430,,1490,,570,200,295,,,,301,,6477,463,,666,1572,247,,370,,,830,,4099,1309,388,,267,,1401,222,1690,,,,2461,1016,,1215,305,,384,,,,310,,,,1187,,266,720,193,,,,910,890,1707,,201,,300,,,224,,288,,267,,262,3119,356,348,,334,,570,223,,,1667,,2822,585,310,,,,480,,,196,,1766,2078,1830,11.85,362,,540,,,2431,165,,,,1390,,,,2320,977,,,,,1188,1472,1104,420,3300,,19.35,1100,,367,,,,,9.98,775,288,,139,750,10,646,11.91,438,,1412,1089,1300,1481,2121,2330,,,567,9.95,2921,267,12.9,,2300,662,1961,,,680,411,,247,1710,1423,,2445,,1075,,232,407,,310,,,,11761,207,220,,820,,2607,3141,420,,,,443,364,,970,509,,2287,,,12,,560,,423,362,1126,1449,1950,,349,24.2,1486,,378,,1535,380,1680,,,1109,,,2890,,272,385,,,,1821,165,,,324,,266,,,260,1497,,391,30000,1430,,,136,,2021,
2017-06-12,445,264,422,,1474,,556,196,285,,,,302,,6370,460,,660,1556,247,,367,,,825,,4080,1300,387,,261,,1390,218,1684,1361,610,,2435,1002,,,307,,383,,,,300,,,,1063,,,695,195,,,,910,,1695,,201,,296,,,222,,280,,265,,257,3150,344,343,,326,,,220,,,1670,,2890,563,309,,,,470,,,,,1752,2070,1880,,364,,540,,,2449,169,,,,1375,,,,2275,974,,,,,1187,1460,1097,419,3254,,19.2,1080,,358,,,,,10.06,760,285,,139,742,10,641,12,435,,1419,1070,1285,1461,2099,2334,,,566,,2862,,12.9,997,2210,660,1980,,,675,408,,251,1700,1420,,2420,,1070,,225,406,,298,,,13750,11661,206,218,,805,,2620,3070,410,,,,442,,,975,506,,2267,,,12,,,,425,358,1110,1441,1924,,340,24.2,1473,,372,,1536,368,,,,1096,,,2860,,270,387,,,,1815,168,,,318,,251,,,260,1482,,386,,1406,,,149,,1990,
2017-06-13,435,270,422,,1476,,560,199,275,,,,308,,6497,469,,654,1540,248,135,370,,,840,,4106,1290,388,,264,,1400,221,1720,,615,,2439,1015,,,304,,379,,,,300,,,,1035,,265,708,190,,260,,906,820,1713,,200,,298,,,222,,280,,265,,,3110,360,345,,326,,,218,,,1710,,2870,587,305,,,,484,265,,190,,1761,2050,1875,,363,,550,,,2397,163,,,,1430,,,,2310,970,,,,,1219,1460,1095,414,3250,,19.6,1085,,358,,,,,10,765,279,,138,745,,641,12,440,,1430,1061,1310,1490,2102,2330,,,568,9.95,2860,,12.9,1036,2250,670,1952,,,675,409,,252,1700,1426,,2401,,1065,,233,408,,303,,,14025,12000,209,217,,800,,2600,3000,414,,,,441,,,965,505,,2286,,,12,,539,,424,360,1119,1463,1900,,344,,1499,,365,,1529,389,1670,,,1084,,,2900,,261,389,,,,1815,171,,,333,,267,,,263,1490,,391,,1429,,,163,,1975,
2017-06-14,435,284,430,,1490,,564,200,272,,,,302,,6450,470,,651,1566,251,135,372,,,840,,4081,1300,383,,265,,1400,220,1740,1334,,,2579,1005,,1288,303,,380,,,,294,,,9.65,1045,,270,720,190,,260,,907,820,1738,,199,,294,,,218,,282,,,,,3056,350,340,,327,,,216,,,1701,,2800,555,311,,,,485,,,189,,1768,2035,1860,,360,,543,,,2419,164,,380,,1410,,,,2231,970,,,,,1195,1452,1090,415,3300,,19.6,1070,,357,,,,,9.99,765,281,,135,743,10,636,11.85,440,,1455,1062,1300,1508,2100,2340,,,565,9.9,2772,,,1056,2215,664,1953,,,685,415,,,1680,1455,,2440,,1069,,229,406,190,301,,,14000,11700,209,229,,800,,2599,2893,407,,,,443,360,,966,510,,2290,,,11.95,,529,,431,352,1127,1475,1925,,344,24.68,1460,,352,,1545,377,1652,,,1085,,,2900,1360,275,386,,,,1820,167,,,324,,267,,,260,1500,,388,29400,1400,,,175,,1990,
2017-06-15,440,280,434,,1488,,565,194,279,,,,308,,6570,463,,670,1550,248,135,372,,190,835,,4101,1320,390,,273,,1400,222,1724,1282,627,,2645,1015,,1365,300,,384,,,,299,,,,1060,,275,675,195,,265,,920,820,1728,,200,,300,,,219,,281,,255,,,3056,309,340,,329,,,218,,,1706,,2760,570,307,,,,490,,,188,,1765,2050,1900,,368,,545,,,2400,161,,,,1410,,,,2366,970,,,,,1205,1480,1094,418,3300,,19.6,1075,,360,,,,,10,774,287,,137,745,9.95,640,12.09,445,,1430,1075,1315,1515,2109,2350,,,563,10,2770,,13,1119,2303,660,1980,,,679,414,,250,1700,1470,,2465,,1085,,232,404,190,310,,,13750,12000,202,225,,803,,2610,2901,418,,,,444,353,,969,505,350,2287,,,11.95,,509,,422,358,1120,1450,1916,,354,24.7,1485,,363,,1525,394,1705,,,1090,,,2960,,266,385,,,,1834,164,,,,,262,,,260,1485,,382,,1420,,,187,,2030,
2017-06-18,431,270,418,,1500,,554,193,274,,,,304,,6442,464,,650,1545,242,,371,,190,832,,4120,1320,380,,262,,1390,217,1695,1154,627,,2909,1009,,1419,295,,384,,,,217,,,,1067,615,270,675,195,,,,910,,1712,,197,,290,,,213,,277,,260,,262,3060,300,336,,323,,570,210,,,1710,,,555,307,,,,408,,,186,,1790,2051,1885,,360,,541,458,260,2340,162,,,,1405,,,,2319,970,500,,,,1230,1459,1080,408,,,19.4,1050,,353,,,,,,760,271,,138,735,10,635,12.1,438,250,1490,1060,1282,1480,2090,2330,,,551,9.8,2700,,12.9,,2260,660,1939,,,675,406,,,1670,1455,,2644,,1070,,,402,,300,,,13700,11550,204,,,791,,2710,2861,419,,,,440,350,,962,500,,2284,,,,,,,430,355,1106,1422,1890,,350,,1468,,363,,1530,397,1671,,659,1107,,,2910,,260,380,,,,1820,161,,,320,,257,,,260,1490,,378,,1395,,,178,,1980,
2017-06-19,427,270,405,,1487,,556,196,270,,,,304,,6101,456,,,1515,237,,366,,184,823,,4038,1315,373,,259,,1352,218,1665,1045,,,2930,980,,1447,293,,380,,,,213,,,,1046,,260,675,195,,260,,895,,1666,,193,,295,,,213,,276,,,,,2960,306,326,,318,,,211,,,1700,,,,295,,,,400,,,180,,1765,2030,1861,,353,,540,,,2280,159,,380,,1322,,,,,953,500,,,,1190,1450,1070,403,3170,,,1020,,340,,,,,9.8,759,272,,135,736,9.9,632,,436,,1450,1025,1252,1455,2072,2295,,,543,9.9,2661,,12.62,,2230,660,1922,,,669,400,,,1665,1430,,2549,,1065,,,394,,300,,,13205,11150,201,217,,770,,2700,2839,410,,,,433,350,,928,494,,2260,,,11.7,,499,,409,351,1106,1400,1850,,344,24.01,1450,,345,,1515,393,1595,,,1104,,,2800,,255,369,,,,1782,162,,,303,,265,,,255,1457,,363,,1375,,,,,1960,
2017-06-20,423,267,412,,1480,,558,202,270,,,,298,,6111,454,,,1510,236,,364,,176,819,,4060,1298,375,,255,,1325,220,1665,941,610,,,995,,,296,,380,,,,205,,,,1034,,265,675,190,,,,878,,1682,,192,,282,,,212,,274,,260,,,3001,289,328,,324,,,212,,,1671,,2825,549,300,,,,393,,,178,,1777,2000,1835,,353,,530,,,2295,157,,370,,1350,,,,,956,,,,,1200,1442,1070,399,3233,,19.1,1040,,344,,359,,,10,750,271,,,733,10,630,,436,,1448,1030,1258,1450,2047,2300,,,545,9.89,2667,,12.6,1186,2220,666,1890,,,686,405,,240,1649,1421,,2518,,1040,,235,398,,295,,,13400,11300,204,219,,780,,2650,2840,405,,,,431,,,929,485,,2269,,,11.66,,463,,400,346,1111,1385,1860,,349,23.5,1449,,350,190,1490,385,1658,,,1089,,,2898,,260,372,,,,1800,165,,,299,,270,,,255,1446,,374,,1407,,,175,,1998,
2017-06-21,421,265,416,,1465,,553,204,271,,,,293,,6200,453,,652,1510,240,135,365,,167,815,,4075,1252,375,,258,,1300,220,1318,907,610,,,1000,,1534,295,,378,,,,198,,,9.79,1030,,260,657,190,,251,,870,758,1686,,196,,285,,,211,,271,,260,,,2967,299,325,,325,,548,211,,,1660,,2825,562,312,,,,390,,,177,,1765,2025,1867,12.24,356,,550,,,2272,157,,365,,1360,,,,2250,954,490,,,,1220,1460,1067,400,3325,,19.1,1060,,343,,359,,,10,735,281,,,733,9.99,627,12,431,,1445,1029,1270,1475,2051,2285,,,543,9.56,2720,,12.75,1233,2300,662,1929,,,670,405,,244,1645,1425,,2560,,1035,,,398,190,302,,,13668,11300,205,210,,777,,2740,2856,398,,,,425,355,,930,491,,2274,,,11.7,,454,,401,351,1113,1401,1855,,352,23.1,1435,,,,1505,385,1660,,,1080,,,2955,,265,376,,120,,1795,161,,,302,,260,,,250,1455,,369,,1392,,,172,,2000,
2017-06-22,421,265,418,,1466,,555,197,273,,,,292,,,453,,641,1530,241,,366,,170,829,,4095,1302,380,,261,,1300,224,1380,867,620,,,1007,,,293,,376,,,,207,,,,1054,,264,630,192,,,,886,773,1695,,195,,280,,,213,,268,,255,,265,3026,295,327,,322,,,208,,,1680,,2805,566,306,,,,384,,,,,1760,2000,1870,12.48,358,,545,,,2290,156,,,,1340,,,,2260,948,,,,,1220,1452,1076,405,3300,,19.6,1039,,342,,359,,,9.81,760,275,,,738,,633,,432,,1440,1021,1297,1495,2045,2260,,,543,9.8,2700,,12.65,,2285,663,1965,,,672,403,,244,1649,1420,,2566,,1020,,,400,190,297,,,13485,11201,208,210,,775,,2699,2890,405,,,,425,,,925,485,,2275,,,11.68,,445,,412,355,1132,1405,1870,,359,23.05,1439,,336,,1540,360,1632,,,1075,,,2975,,267,377,,,,1809,161,,,308,,262,,,265,1453,,367,,1390,,,,,2040,
2017-06-25,423,267,438,,1466,,554,200,263,,,,303,,6324,457,,640,1543,247,,367,,175,819,,4100,1295,381,,274,,1300,220,1415,901,611,,,1011,,1626,300,,381,,,,215,,,,1050,,259,640,189,,,,883,,1666,,198,,284,,,217,,270,,256,,256,3095,313,329,,322,,548,209,98,,1700,,2810,549,300,,,,388,,,,,1759,2010,1888,12.5,362,,534,,,2285,158,,358,,1308,,,,2260,952,,,,,1225,1489,1085,398,3300,,19.21,1020,,342,,377,,,9.8,759,280,,,743,9.9,630,12,439,,1450,997,1285,1460,2070,2260,,,547,9.81,2739,,12.6,,2340,662,1950,,,685,405,,244,1655,1420,,2570,,1030,,235,400,190,304,,,13216,,205,228,,780,,2730,2960,400,,,,427,360,,932,485,,2285,,,11.85,,453,,406,356,1150,1397,1856,,380,23.05,1450,,358,190,1540,367,1698,,,1082,,,2960,,258,377,,,,1801,157,,,310,,260,,,260,1458,,369,,1425,,,155,,2015,
2017-06-27,422,268,429,,1487,,552,193,261,,,,303,,6199,455,,630,1541,240,,366,,175,815,,4070,1308,382,,275,,1285,215,1400,900,630,,,1020,,1724,296,,377,,,,,,,,1025,,260,635,186,,243,,886,788,1680,,197,,278,,,210,,261,,257,,258,3130,303,325,,324,,545,208,,,1700,,2840,554,300,,,,392,,,175,,983,2020,1867,12.7,360,,524,,,2277,154,,,,1300,,,,2249,940,490,,,,1220,1491,1089,395,3235,,,1000,,339,,365,,,9.94,750,285,,,745,9.7,630,11.95,442,,1449,980,1270,1455,2075,2246,,1390,544,9.8,2730,,,1294,2300,663,1975,,,672,408,,240,1641,1420,,2550,,1030,,231,400,187,299,,,13200,11883,202,218,,781,,2705,2900,388,,,,424,360,,930,482,350,2295,,,11.81,,450,,412,357,1170,1400,1870,,374,,1460,,365,,1530,350,1700,,,1060,549,,2965,,255,377,,,,1790,158,,,305,,260,,,250,1465,,360,,1409,,,140,,1991,
2017-06-28,428,268,421,,1486,,547,,261,,,,,,,456,,640,1522,240,,370,,169,805,,4100,1318,380,,272,,1294,214,1365,990,640,,,1007,,1864,297,,381,,,,,,,10,1028,569,253,638,188,,234,,890,,1675,,195,,281,,,213,,265,,252,,253,3110,,322,,322,,549,207,,,1700,,2806,555,300,,,,393,,,172,,970,2001,1866,12.6,357,,516,,,2250,160,,,,1326,,,,2218,946,490,,,,1205,1499,1072,394,,,19.5,1004,,335,,372,,,9.81,759,276,,,744,9.6,624,11.75,436,,1448,984,1270,1489,2045,2260,,1390,540,9.81,2700,,12.9,,2260,662,1951,,,685,408,,,1642,1410,,2560,,1020,,,399,,306,,,13700,11800,203,212,,781,,2715,2926,400,,,,424,353,,925,475,,2295,,,,,,,408,361,1180,1400,1885,,374,23.5,1459,,350,,1529,209,1700,,,1040,,,2990,,253,375,,,,1800,,,,317,,265,,,248,1465,,359,,1448,,,154,,1985,
2017-07-02,428,263,410,,1450,,549,190,265,,,,297,,6200,448,,621,1503,237,,363,,166,800,,4030,1292,373,,260,,1269,215,1323,900,616,,2282,995,,1901,293,,373,,,,210,,,,1000,527,258,626,186,,220,,870,,719,,195,,276,,,201,,262,,247,,249,3054,,322,,321,,529,204,,,1690,,2750,511,290,,,,379,,,,,940,1990,1863,,345,,501,,,2218,159,,,,1300,,,,2142,928,490,,,,1170,1479,1057,395,3299,,19.25,951,,334,,362,,,9.8,735,265,,,731,9.52,622,11.49,427,,1422,955,1250,1451,2005,2225,,1390,530,9.8,2653,,12.9,,2280,665,1915,,,661,399,,264,1660,1380,,2548,,1005,,,393,190,295,,,13430,11333,200,210,,755,,1837,2930,395,,,,420,346,,908,465,350,2277,,,,,441,,400,365,1175,1382,1880,,377,22.76,1450,,,,1500,194,1640,,,1013,,,2941,,246,375,,,,1785,155,,,320,,260,,,248,1430,,346,29000,1399,,,148,,1984,
2017-07-03,423,270,406,,1452,,550,191,262,,,,292,,,455,,615,1505,237,,360,,169,804,,4008,1300,372,,260,,1275,210,1348,890,621,,2291,1000,,2091,292,,378,,,,204,,,,1019,,254,,182,,224,,885,759,733,,193,,276,,,205,,261,,247,,245,3075,287,321,,322,,530,205,,,1691,,2750,231,290,,,,380,,,171,,931,,1855,,350,,515,,,2240,165,,,,1330,,,,2120,926,,,,,1190,1475,1050,397,3250,,19.25,970,,329,,364,,,9.82,735,271,,,740,9.6,630,11.45,430,,1415,962,1248,1448,2025,2245,,,531,9.78,2670,265,12.65,1345,,662,1920,,,655,401,,249,1641,1375,,2526,,1005,,,395,,285,,,13000,11328,200,208,,765,,1887,2915,385,,,,415,340,,921,465,,2279,,,11.81,,441,,416,358,1140,1400,1870,,373,22.55,1435,,,,1490,198,1660,,,1001,,,2975,,241,369,,,,1775,155,,,309,,255,,,244,1440,,345,,1450,,,144,,1954,
2017-07-04,420,263,409,,1446,,547,191,260,,,,292,,,450,,611,1515,235,,365,,169,799,,4015,,374,,258,,1280,215,1355,925,607,,2290,998,,2261,294,,375,,,,208,,,9.8,1010,,264,620,179,,223,,881,745,738,,193,,271,,,202,,260,,247,,244,3017,,320,,310,,530,206,99,,1705,,2696,231,290,,,,390,,,174,,938,1971,1842,,341,,515,,,2210,,,,,1326,,,,2130,920,,,,,1160,1476,1065,393,3186,,,975,,338,,371,,,9.61,763,266,,,740,9.45,631,11.5,431,,1425,960,1240,1440,2000,2245,,,526,9.6,2714,,12.65,1371,2265,662,1925,,,653,402,,252,1658,1367,,2520,,1005,,,390,,290,,,,11000,199,205,,770,,1870,2910,382,,,,415,340,,915,457,,2281,,,,,417,,408,361,1124,1380,1860,,379,23,1462,,,,1481,202,1658,,,998,,,2931,,238,368,,,,1776,159,,,309,,261,,,242,1405,,341,,1420,,,141,,1992,
2017-07-05,425,270,417,,1455,,550,,255,,,,287,,,450,,615,1530,240,,365,,172,810,,4040,1340,383,,265,,1277,211,1350,910,,,2275,998,,2306,294,,382,,,,208,,,9.6,989,,264,611,182,,227,,888,731,735,,193,,275,,,203,,264,,251,,,3060,,320,,310,,530,205,,,1725,,2730,231,290,,,,387,,,175,,925,2000,1900,12.7,346,,513,,,2280,160,,,,1352,,,,2150,925,,,,,1206,1475,1102,397,3200,,19.25,975,,341,,385,,,9.7,770,263,,,747,9.6,642,,435,250,1392,962,1263,1465,2049,2225,,,532,9.49,2700,,12.65,1425,2295,663,1930,,,650,410,,245,1659,1385,,2530,,995,,,400,,298,,,13000,,201,206,,821,,1833,3019,379,,,,416,,,914,462,,2281,,,,,,,408,361,1140,1407,1880,,375,,1459,,,,1520,200,1690,,,989,,,2985,,242,380,,,,1800,160,,,310,,253,,,,1400,,340,,1435,,,135,,2005,
2017-07-06,437,290,425,,1484,,555,,265,,,,295,,6300,463,,630,1560,246,,373,,172,810,,4065,1349,390,,264,,1310,206,1355,,631,,2349,1020,,,300,,388,,,,200,,,9.5,1025,517,265,630,185,,237,,900,750,745,,199,,284,,,213,,272,,243,,252,3119,292,330,,326,,540,205,,,1735,,2839,,290,,,,390,,,,,952,2100,1910,12.65,355,,519,,,2325,163,,,,1360,,,,2255,954,,,,,1254,1500,1119,411,3264,,19.6,1013,,349,,401,,295,10,782,263,,,757,9.55,649,11.63,441,,1420,994,1300,1519,2170,2329,,,543,9.61,2740,,12.84,1453,2300,664,2045,,,673,424,,253,1690,1445,,2575,,1033,,212,402,,309,,,13265,11536,199,214,,813,,1940,3025,394,,,,427,352,,924,470,,2309,,,11.7,,425,,430,370,1150,1479,1945,,389,22.8,1495,,364,,1544,197,1750,,,1044,,,3000,,255,390,,,,1859,161,,,316,,263,,,245,1470,,342,,1440,,,128,,2050,
2017-07-09,441,287,425,,1473,,555,188,260,,,,,,6071,458,,625,1560,247,,378,,189,800,,4080,1304,400,,261,,1326,204,1362,941,625,,2424,1015,,2536,303,,384,,,,200,,,,1000,,260,626,186,,235,,900,765,775,,197,,279,,,210,,272,,,,256,3055,282,328,,328,,,205,,,1720,,2790,230,285,,,,391,,,178,,925,2100,1880,12.2,362,,530,,,2205,160,,,,1380,,,,2279,948,,,,,1200,1500,1119,407,3300,,19.5,1020,,360,,390,,285,9.85,768,257,,,767,9.69,660,11.93,445,,1420,1000,1310,1519,2178,2350,,1363,555,10,2740,,12.73,,2280,664,2000,,,660,424,,248,1680,1405,,2560,,1035,,,410,,309,,,13000,11577,200,216,,780,,1958,2935,389,,,,436,345,,910,480,,2320,,,11.93,,441,,417,366,1169,1432,1955,,392,23,1500,,364,,1551,204,1730,,,1035,,,3000,,260,399,,,,1835,155,,,315,,258,,,250,1430,,337,29000,1369,,,132,,1941,
2017-07-10,433,280,415,,1452,,560,197,260,,,,287,,6075,461,,625,1540,240,,373,,197,792,,4041,1284,398,,265,,1300,207,1355,,610,,2450,1006,,2586,296,,385,,,,200,,,,1000,,265,612,186,,,,893,,772,,196,,281,,,205,164,273,,,,251,3055,277,325,,323,,535,211,104,,1677,,2800,234,285,,,,385,,,177,,932,2162,1870,12.24,360,,537,,,2210,159,,,,1391,,,,2239,960,,,,,1180,1493,1105,407,3290,,19.25,985,,356,,395,,295,9.76,753,258,,,762,9.65,655,12.16,445,,1405,990,1285,1476,2141,2298,,,536,10,2759,,12.6,1511,2275,660,1973,,,662,419,,245,1680,1418,,2545,,1010,,200,401,,308,,,12994,11599,205,215,,799,,1912,2950,390,,,,431,351,,920,486,,2295,,,11.71,,,,420,361,1154,1428,1930,,381,22.35,1483,,364,,1510,200,1731,,672,1034,,,3000,,250,397,,,,1805,156,,,324,,268,,,,1442,,331,30069,1385,,,143,,1980,
2017-07-11,435,281,417,,1470,,568,194,255,,,,292,,6085,462,,629,1536,241,,293,,190,797,,4099,1305,400,,268,,1299,208,1356,925,622,,2493,1031,,2844,297,,385,,,,205,,,9.31,1043,,268,625,186,,235,,900,,765,,197,,286,,,204,,275,,,,261,3121,282,330,,328,,545,208,114,,1715,,2829,231,288,,,,390,,,181,,935,2120,1880,12.24,360,,524,,,2213,159,,,,,,,,2282,967,,,,,1199,1506,1124,408,3150,,19.45,990,,360,,398,199,305,9.8,,265,,,766,9.83,670,11.92,446,,1410,987,1310,1475,2160,2300,1250,1340,552,10,2800,,12.55,,2349,662,1995,,,677,418,,246,1700,1404,,2565,,1015,,198,407,190,306,,,13260,11613,200,219,,778,,1900,2980,394,,,,435,354,,920,490,,2300,,,11.93,,,,418,367,1172,1428,1967,,388,23.25,1500,,,,1520,,1722,,,1095,,,3074,,250,400,,,,1800,162,,,324,,268,,,,1449,,339,,1385,,,146,,1990,
2017-07-12,432,278,410,,1460,,557,213,252,,,,,,,462,,626,1536,244,,293,,190,793,,3927,1315,404,,262,,1300,207,1358,,620,,2500,1015,,3128,298,,389,,,,206,,,,1042,,265,640,184,,231,,904,,756,,193,,295,,,210,,284,,259,,266,3085,277,332,,327,,530,208,125,,1740,,2773,236,316,,,,388,,,178,,940,2140,1880,12.25,359,,530,,,2224,160,,,,1364,,,,2201,971,481,,,,1176,1519,1114,412,3150,,19.49,990,,363,,388,,307,9.95,768,263,,130,771,10.13,670,11.85,450,,1400,990,1288,1470,2164,2295,,,550,9.95,2810,265,12.6,1571,2395,664,1985,,,670,425,,251,1700,1420,,2557,,1016,,196,410,190,312,,,13490,12000,207,220,,782,,1900,2975,400,,,,432,360,,920,485,,2304,,,11.81,,433,,422,366,1179,1455,1955,,391,22.74,1491,,366,,1519,200,1740,,,1122,,,3100,,250,397,,,,1820,154,,,334,,266,,,245,1448,,352,,1381,,,148,,1963,
2017-07-13,435,276,409,,1458,,545,202,253,,,,,,,462,,620,1525,246,,290,,191,798,,3880,1302,403,,259,,1285,226,1353,,624,,2450,1020,,3221,296,,388,,,,201,,,10.19,1020,,267,627,181,,234,140,886,810,745,,197,,288,,,207,,284,,267,,269,3060,271,327,,327,,530,208,137,,1740,,2740,234,317,,,,390,,,,,930,2151,1861,12.25,360,,520,,,2204,157,,317,,1291,,,,2210,971,,,,,1160,1523,1130,402,3150,,19.7,1005,,364,,383,,307,10,746,263,,132,770,10,673,11.85,445,,1430,981,1285,1485,2148,2300,,,545,9.94,2846,,12.5,1714,,675,1963,,,654,421,,239,1690,1410,,2555,,1000,,199,406,,,,,13300,11805,217,212,120,775,,1900,2950,390,,,,431,363,,925,485,,2295,,,11.86,,435,,425,361,1168,1410,1941,,383,23.15,1500,,,,1502,198,1755,,,1070,,,3001,,243,396,,,,1809,155,,,329,,261,,,,1430,,341,29204,1373,,,143,,1979,
2017-07-16,433,276,415,,1460,,552,214,252,,,,297,,,462,,620,1558,248,,282,,190,795,,3980,1271,402,,266,,1295,210,1368,923,615,,2470,1015,,3298,295,,385,,,,210,,,9.9,1025,,267,622,182,,222,,890,810,740,,195,,284,,,208,,294,,265,,272,3065,276,325,,332,,,206,150,,1739,,2700,230,311,,,,390,,,,,926,2149,1875,,357,,512,,,2188,,,,,1310,,,,2200,957,,,,,1164,1530,1148,403,3140,,19.75,1000,,368,,383,,307,10,740,263,,130,775,10,676,12.01,442,,1422,984,1285,1460,2150,2315,,,545,,2905,,12.61,1782,2302,670,1995,,,670,422,,251,1670,1425,,2699,,1014,,197,406,,306,,,13034,11806,201,215,,774,,1948,2920,390,,,,429,363,,924,488,,2298,,,12,,,,423,358,1150,1420,1920,,382,23.6,1494,,369,,1506,200,1700,,,1081,549,,3030,,241,391,,,,1800,158,,,330,,257,,,247,1435,,336,29200,1389,,,141,,1942,
2017-07-17,448,284,412,,1480,,554,219,251,,,,303,,6205,470,,632,1567,260,,285,,191,793,,4000,1291,406,,275,,1315,205,1363,885,614,,2455,1020,,3542,300,,395,,,,209,,,10.1,1050,,274,620,185,,223,140,905,891,740,,197,,292,,,213,,306,,,,271,3100,278,333,,335,,510,210,141,100,1745,,2870,,305,,,,390,,,180,,930,2135,1925,13,363,,531,,,2250,163,,311,,1362,,,,2283,971,472,,,,1180,1597,1180,409,3240,,20.1,1037,,379,,385,,320,10,770,261,,135,780,,685,12.25,455,,1510,999,1319,1510,2168,2375,,,551,9.9,2960,,13.01,1927,2310,670,2075,,,690,427,,255,1665,1440,,2675,,1029,,196,410,,308,,,12990,12000,203,212,,800,,2090,2941,404,,,,436,363,,941,489,,2306,,,12.15,,445,,428,360,1145,1440,1990,,391,,1501,,,,1521,201,1730,,,1135,,,3045,,257,393,,,,1850,160,,,340,,267,,,248,1470,,340,29200,1417,,,147,,1968,
2017-07-18,472,284,434,,1554,,562,217,260,,,,305,,6205,476,,626,1599,270,,281,,200,824,,3980,1305,409,,276,,1355,205,1375,920,611,,2475,1040,,3795,302,,405,,,,214,,,,1101,,270,630,192,,227,,924,980,778,,201,,298,,,217,,302,,260,,289,3130,288,343,,338,,,210,155,100,1785,,2890,235,307,,,,390,,,189,,957,2265,1964,13.58,368,,559,,,2305,172,,306,,1384,,,,2349,1000,,,,,1199,1638,1238,418,3338,,20.38,1140,,387,,390,,326,9.95,789,264,,142,800,9.65,704,12.45,474,,1555,1059,1378,1590,2273,2440,,,578,9.98,2980,,13.27,,2365,668,2110,439,,712,444,,265,1700,1465,,2683,,1070,,214,413,190,319,,,14200,12790,204,231,,820,,2050,3000,408,,,,445,367,,946,495,,2340,,,12.25,,462,,434,370,1135,1550,2069,,392,24.07,1554,,362,,1609,206,1797,,,1190,,,3150,,272,402,,,,1914,163,,,344,,275,,,245,1540,,345,,1370,,,141,,1999,
2017-07-19,460,280,417,,1530,,618,216,260,,,,310,,6400,470,,640,1580,264,,280,,196,813,,3920,1320,412,,275,,1328,210,1393,884,623,,2504,1045,,3710,300,,404,,,,215,,,10.05,1090,,275,635,189,,243,,912,1023,792,,200,,297,,,217,,301,,270,,279,3111,,345,,330,,516,206,160,,1804,,2955,231,310,156,,,385,,,,,1000,2287,1920,13.4,372,,560,,,2260,169,,300,,1380,,,,2340,997,,,,,1166,1658,1265,418,3290,,20.35,1181,,384,,387,,338,9.9,765,262,,136,802,9.65,700,12.35,470,,1560,1150,1350,1576,2272,2490,,,565,9.65,2912,,13.25,1965,2400,668,2110,428,,700,444,,253,1734,1504,,2667,,1100,,210,411,190,316,,,14000,12950,208,0,,814,,2025,3000,415,,,,440,370,,949,486,,2361,,,12.16,,473,,438,374,1115,1550,2048,,390,24.25,1600,,372,,1590,206,1800,,,1176,,,3143,,,400,,,,1885,155,,,343,,275,,,,1533,,344,28700,1393,,,139,,1985,
2017-07-20,461,272,417,,1542,,613,220,256,,,,304,,6400,472,,630,1591,260,,279,,197,820,,3950,1300,408,,267,,1333,207,1395,857,625,,2540,1031,,3760,298,,404,,,,205,,,,1132,,275,620,186,,263,,907,1014,815,,198,,287,,,213,,296,,270,,277,3160,283,340,,330,,526,201,165,,1825,,2905,230,310,,,,375,,,,,1002,2378,1909,13.25,365,,550,,,2260,165,,,,1353,,,,2330,992,,,,,1171,1658,1261,413,3212,,20.76,1168,,384,,390,199,326,10.01,750,263,,134,800,9.55,675,12.35,472,250,1564,1146,1365,1601,2272,2490,,,559,9.82,2901,,13.22,2004,2375,670,2099,429,,699,436,,250,1755,1521,,2671,,1134,,207,404,,312,,,14000,12700,210,0,,805,,2005,3140,409,,,,435,,,950,488,,2367,,,12.31,,483,,422,370,1099,1585,2060,,398,24.1,1606,,365,,1593,206,1810,,,1190,,,3179,,254,397,,,,1895,162,,,341,,278,,,249,1550,,340,29000,1370,,,144,,1970,
2017-07-23,459,270,416,,1574,,607,220,251,,,,295,,6525,464,,630,1581,264,135,270,209,196,821,,3906,1330,393,,265,,1320,207,1386,861,630,,2580,1033,,3819,295,,400,,,,205,,,10,1189,,274,625,192,,289,,913,1050,894,,195,,281,,,208,,288,,268,,267,3160,,338,,330,,516,203,181,,1880,,2963,230,306,,,,374,,,,,1073,2469,1905,,360,,533,,,2253,,,300,,1330,,,,2350,990,,,,,1193,1635,1240,409,3300,,21.17,1203,,375,,385,,326,10.1,770,269,,140,786,9.66,683,12.35,466,,1585,1170,1373,1659,2302,2082,,,552,9.85,2944,,13.17,,2400,671,2081,423,,710,427,,256,1785,1570,,2700,,1161,,,404,190,311,,,14500,12700,201,220,,800,,2020,3110,405,,,,430,,,948,485,,2360,,,12.3,,490,,427,370,1100,1660,2095,,395,24.54,1650,,,,1585,199,1850,,,1249,,,3350,,246,392,,,,1900,159,,,335,,274,,,245,1583,,336,,1440,,,140,,1967,
2017-07-24,455,266,412,,1585,,597,176,250,,,,301,,6750,461,,635,1580,258,,267,,193,813,,3960,1280,388,325,266,,1302,204,1380,892,630,,2596,1020,,3822,294,,391,,,,205,,,9.95,1161,,273,620,180,,282,,910,1155,940,,194,,280,,,205,,288,,263,,267,3165,,337,,323,,526,206,184,,1884,,3000,228,298,,,,368,,,,,1061,2440,1880,13.3,353,,546,,,2227,159,,,,1325,,,,2310,981,,,,,1170,1610,1236,403,3260,,20.75,1230,,371,,380,,320,10,780,260,,154,774,,680,12.34,460,,1575,1150,1360,1660,2311,2060,,,550,10,2929,266,13.22,,2420,671,2100,418,,702,425,,255,1770,1550,,2725,,1164,,202,399,,310,,,15950,13970,196,212,,800,,2021,3042,420,,,,425,,,940,478,,2342,,,12.2,,499,,415,365,1105,1662,2089,,394,24.5,1658,,,,1585,196,1778,,,1230,,,3249,,250,390,370,,,1879,157,,,329,,274,,,262,1586,,337,29000,1433,,,136,,1935,
2017-07-25,458,276,411,,1634,,612,190,270,,,,299,,7300,459,,635,1580,259,,270,,197,811,,3995,1273,384,,264,,1312,204,1377,,630,,2602,1011,,3836,294,165,390,,,,201,,,9.8,1170,,278,630,183,,272,,900,1270,924,,193,,290,,,205,,290,,260,,272,3233,,338,,323,,519,206,178,,1900,,3051,234,303,,,184,365,,,192,,1060,2455,1914,13.03,352,,536,,,2230,159,,,,1308,,,,2370,993,,,,,1190,1612,1230,403,3300,,20.65,1259,,373,,380,199,319,9.91,771,286,,151,779,9.93,685,12.2,463,,1679,1155,1350,1640,2310,2029,,,543,9.9,2900,,13.18,2084,2425,668,2100,418,,716,425,,255,1806,1585,855,2740,,1170,,,399,,312,,,17545,15367,202,224,,785,,2050,3081,422,,,,426,377,,943,476,,2345,,,12.41,,504,,429,365,626,1670,2105,,405,,1669,,,,1567,199,1743,,,1269,,,3300,,240,390,,,246,1900,160,,,339,,274,,,256,1615,,337,29300,1410,,,140,,1940,
2017-07-26,450,272,415,,1695,,628,198,263,,,,300,,7386,458,,635,1590,255,,268,209,198,811,,4000,1362,384,,262,,1318,201,1365,877,637,,2795,1038,,3810,293,,398,,,,204,,,9.75,1249,,283,625,194,,267,,903,1397,927,,193,,285,,,204,,289,,264,,,3300,,334,,325,,550,202,187,,1931,,3045,228,299,,,202,361,,,,,1085,2483,1948,13.84,352,,534,,,2196,160,,,,1360,,,,2545,980,463,,,,1195,1620,1230,400,3370,,21.2,1384,,372,,376,202,330,9.85,809,272,,150,773,9.85,686,12.6,459,,1715,1195,1397,1740,2330,2090,,1314,541,9.72,2931,,13.55,2167,2435,669,2112,419,,720,424,,246,1880,1660,,2825,,1255,,222,399,190,306,,,18700,15700,200,229,,790,,2255,3091,410,,,,425,366,,930,475,,2334,,,12.5,,,,431,370,615,1735,2149,,430,24.9,1719,,,,1619,202,1805,,,1300,,411,3315,,240,387,,,,1905,155,,,345,,276,,,,1666,,345,,1450,,,142,,1941,
2017-07-27,460,270,412,,1667,,620,185,265,,,,302,,7260,484,,634,1645,253,,266,,200,800,,4000,1345,380,,261,,1380,200,1371,860,630,,2821,1085,,3800,286,,400,,,,208,,,9.71,1230,,,617,194,,262,,913,1536,896,,194,,284,,,205,,289,,269,,,3300,288,330,,325,,605,202,178,,2124,,3045,228,304,,,222,359,,,189,,1064,2490,2015,13.83,352,,546,,,2375,160,,,,1386,,,,2510,982,,,,,1260,1627,1244,401,3390,,21.3,1392,,371,,392,,,9.95,828,282,,148,775,,686,12.35,458,,1656,1159,1467,1680,2312,2070,,,553,9.95,2950,,13.68,2299,2441,669,2130,415,,775,429,,255,1855,1647,,2895,,1219,,224,400,,315,,,17650,15250,197,217,,819,,2357,3090,411,,,,425,383,,929,466,,2335,,,12.46,,,,432,364,600,1760,2140,,424,,1686,,,,1642,200,1870,,,1250,,411,3355,,240,384,,,,1920,,,,339,,276,,,255,1622,,344,29886,1465,,,140,,1950,
2017-07-30,451,267,407,,1680,,606,191,260,,,,297,,7200,494,,650,1650,250,,268,,194,800,,4001,1321,378,,260,,1400,204,1375,840,630,,2800,1118,,3820,286,,402,,,,205,,,9.8,1245,,283,635,193,,267,,910,1689,880,,192,,289,,,207,,285,,264,,272,3291,,330,,326,,608,201,195,,2167,,3030,229,300,,,220,360,,,,,1044,2430,2079,13.95,352,,536,,,2380,158,,,,1359,,,,2499,970,,,,,1235,1620,1244,402,3400,,21.11,1370,,369,,380,,336,10,884,278,,142,776,,687,12.21,458,,1655,1155,1454,1646,2300,2040,,,552,10,2960,,13.7,2528,2532,670,2197,418,,809,428,,248,1850,1618,,2724,,1275,,220,399,,310,,,17500,15700,195,214,,825,,2352,3090,412,,,,421,381,,914,465,,2337,,,12.89,,,,431,367,595,1770,2170,,424,24.4,1684,,350,,1663,196,1869,,0,1250,,,3414,,243,377,,,,1915,156,,,329,,301,,,,1628,,337,,1441,,,142,,2080,
2017-07-31,453,277,418,,1631,,629,195,250,,,,300,,7215,487,,650,1632,257,,263,,205,820,,4070,1350,382,,263,,1427,200,1385,846,622,,2770,1186,,3804,290,,410,,,,207,,,9.9,1215,,279,620,191,,275,,914,1857,880,,195,,290,,,204,,287,,251,,,3468,,332,,325,,570,209,211,,2280,,3160,227,306,,,217,360,,,183,,1045,2401,2090,13.88,352,,540,,,2355,158,,,,1370,,,,2570,955,,,,,1235,1622,1257,403,3399,,21.1,1350,,370,,379,,348,10,930,272,,141,777,10,688,12.45,461,,1646,1167,1443,1650,2297,2037,,,554,9.83,3000,,13.9,2780,2630,674,2185,415,,889,435,,257,1850,1624,,2704,,1244,,,398,,320,,,17800,16400,211,230,,827,,2270,3100,413,,,,423,373,,936,470,,2329,,,12.89,,,,447,389,600,1855,2175,,466,24.68,1690,,355,,1674,192,1850,,,1240,,,3400,,234,381,362,,,1950,156,,,326,,331,,,254,1615,,338,30000,1441,,,146,,2050,
2017-08-01,454,272,420,,1635,,658,183,255,,,,296,,7222,484,,655,1668,256,,265,,213,811,,4125,1401,379,,263,,1505,202,1396,820,658,,2750,1170,,3844,291,,407,,,,206,,,10,1217,,266,631,197,,272,,909,2042,867,,195,,294,,,209,,290,,267,,299,3800,283,333,,325,,561,205,232,,2425,,3289,225,306,,,220,355,,,177,,1038,2410,2217,14.12,348,,539,,,2469,160,,300,,1456,,,,2827,943,,,,,1310,1635,1252,402,3468,,21.3,1340,,370,,382,,318,10,992,296,,146,771,10,687,13,462,,1639,1165,1485,1621,2275,2029,,,554,9.9,3203,,14.15,3058,2710,685,2171,420,,930,439,,263,1860,1621,,2700,,1235,,222,401,,315,,,18000,16475,207,237,,879,,2270,3214,419,,,,425,375,,930,472,,2336,,,13.15,,494,,448,385,607,1800,2145,,470,24.75,1655,,351,,1695,195,1926,,,1220,,,3470,,237,391,,,,2001,155,,,340,,313,,,255,1612,,360,30000,1465,,,138,,2099,
2017-08-02,454,275,411,,1631,,669,183,270,,,,299,,7077,485,,668,1700,255,,266,,205,811,,4490,1400,383,,261,,1495,201,1401,827,667,,2792,1170,,3980,291,,404,,517,,203,422,,10.05,1205,,269,622,196,,267,,905,2070,870,,194,,290,,,206,,289,,259,,307,3815,275,332,,326,,585,204,255,,2370,,3251,228,305,,,220,360,,,174,,1031,2410,2209,14.15,351,,550,,,2429,161,,305,,1455,,,,3105,937,,,,,1271,1638,1255,398,3490,,21.3,1280,,370,,379,,311,10.01,1049,284,,145,775,,680,12.75,463,,1638,1170,1480,1650,2275,2020,,,555,10,3140,,14.15,3363,2800,685,2230,430,,960,441,,263,1858,1612,,2715,,1230,,223,401,,315,,,17500,16100,208,,,898,,2250,3172,419,,,,425,377,,930,470,,2335,,,13.28,,490,,450,385,600,1812,2135,,462,24.6,1669,,350,,1668,195,2080,,,1200,,,3505,,245,393,,,,1980,157,,,340,,306,,,250,1620,,341,,1455,,,151,,2084,
2017-08-03,453,274,410,,1611,,655,190,,,,,299,,7010,485,,666,1689,253,,265,,213,805,323,4650,1365,386,,262,,1464,200,1405,817,676,,2770,1160,,4021,295,,402,,466,,200,380,,10,1194,,269,626,191,,263,,905,2015,860,,192,,285,,,205,,290,,249,,293,3750,280,326,,325,,580,204,280,,2303,,3230,232,310,,,215,358,,10,187,,1020,2400,2179,14.22,348,,555,,,2540,163,,305,,1391,,,,3056,945,463,,,,1260,1667,1260,394,3525,,21.05,1285,,364,,379,202,331,10,983,285,,144,776,10,688,13,469,,1640,1153,1460,1632,2265,2014,,,556,9.95,3038,,14.05,3699,2745,688,2190,430,,966,439,,258,1870,1600,,2700,,1232,,225,397,,310,,,17500,15632,205,229,,868,,2220,3174,415,,,,419,384,,940,467,,2329,,,13.4,,481,,441,382,595,1811,2106,1220,472,,1655,,350,,1660,193,1980,,711,1195,,,3600,,245,391,,,,1950,161,,,346,,305,,,250,1610,,349,,1431,,,166,,2010,
2017-08-06,454,272,407,,1587,,652,185,265,,,,295,,7150,486,,652,1679,253,,265,,205,800,316,4581,1390,391,,269,,1434,196,1420,806,704,,2779,1145,,3970,286,,400,,420,,200,345,,,1177,,275,617,193,,257,,911,2050,839,,193,,281,,,205,,285,,247,,290,3750,272,336,,322,,,198,280,,2295,,3265,229,306,,,214,359,,10,205,,1010,2400,2126,14.42,357,,552,,,2455,160,,299,,,,,,3116,698,,,,,1230,1728,1267,392,3522,,21.1,1290,,367,,376,,330,10.1,943,286,,155,772,9.8,688,12.74,468,,1630,1143,1464,1610,2231,2009,,,552,10,3010,,14.49,3855,2809,694,2199,431,,950,458,,254,1835,1585,,2700,,1212,,225,400,,310,,,17850,15700,197,216,,869,,2192,3151,417,,,,425,377,,943,470,,2344,,,13.5,,472,,437,376,595,1795,2084,,499,25,1638,,,,1640,196,2000,,725,1176,,,3774,,229,390,,,,1970,159,,,323,,308,,,255,1611,,341,,1442,,,181,,2000,
2017-08-07,453,270,406,,1600,,640,187,250,,,,285,,,488,,654,1673,253,,262,,201,801,285,4740,1370,392,,266,,1432,195,1415,806,742,,2730,1130,,3940,285,,398,,415,,200,339,,,1169,,270,622,197,,,,915,2035,820,,190,,290,,,205,,284,,245,,288,3700,275,334,186,321,,,195,252,,2328,,3300,229,300,,,227,351,,10,206,,1010,2416,2128,14.4,352,,565,,,2438,158,,,,1380,,,,2970,680,,127,,,1225,1768,1282,387,3481,,21.65,1260,,365,,375,,320,10,920,279,,154,770,,683,12.99,468,,1635,1134,1480,1625,2236,2040,,,552,10,2990,,14.65,3795,2794,712,2166,431,,962,455,,248,1850,1565,,2695,,1200,,227,400,,314,,,17800,15500,196,215,,833,,2120,3150,417,,,,424,375,,940,470,,2340,,,13.4,,470,,450,380,593,1770,2105,,498,24.91,1616,,346,,1660,194,1960,,,1165,,,3710,,224,388,,,,1943,155,,,318,,299,,,260,1600,,334,30001,1430,,,178,,1966,
2017-08-09,450,268,400,,1628,,643,181,249,,,,289,,,480,,650,1670,250,,263,,204,797,260,4700,1353,387,,269,,1440,194,1405,800,720,,2710,1124,,3895,282,,399,,415,,200,309,,9.81,1195,,270,626,201,,,,914,1927,835,,189,,285,,,203,,281,,248,130,285,3710,276,333,,321,,,200,235,,2290,,3300,225,309,,,228,353,,10,210,,1016,2420,2110,12.96,345,,554,,,2516,160,,304,,1382,,,,2920,662,,,,,1212,1780,1274,382,3521,,21.9,1281,,361,,370,,325,10,879,274,,155,773,9.7,679,13,465,,1635,1146,1505,1603,2225,2030,,1263,548,10.03,2980,,14.5,3761,2760,711,2160,435,,935,449,,251,1848,1572,,2700,,1205,,236,400,,315,,,17700,15800,193,222,,828,,2236,3156,415,,,,424,,,935,464,,2330,,,13.45,,462,,437,384,589,1760,2125,,495,25.75,1622,,362,,1670,194,1990,,,1184,,,3615,,214,382,,,,1950,154,,,336,,299,,,263,1615,,333,,1430,,,176,,1960,
2017-08-10,450,267,393,,1624,,644,184,247,,,,286,,7150,476,,653,1666,249,,262,,203,800,260,4730,1384,381,,265,,1440,194,1401,832,705,,2655,1130,,3850,280,,398,,415,,201,190,,9.75,1190,,270,667,197,,,,915,1980,830,,190,,281,,,202,,277,,251,130,290,3661,280,328,,318,,445,197,212,,2280,,3281,225,309,,,226,345,,10,200,,1018,2400,2098,11.72,346,,565,,,2476,157,,,,1387,,,,3060,670,,0,,,1254,1758,1269,378,3499,,22.2,1291,,357,,370,,330,10,871,282,,154,770,10,676,13.1,462,,1596,1150,1472,1610,2215,2025,,,544,10,2972,,14.32,3725,2743,706,2130,428,,924,448,,252,1820,1575,,2704,,1211,,259,397,,310,,,17800,15676,194,219,,847,,2210,3151,410,,,,421,379,,928,456,,2322,,,13.26,,466,,437,385,583,1771,2132,,476,26.49,1635,,355,,1679,194,1985,,,1166,,,3600,,212,375,,,,1890,163,,,328,,295,,,,1598,,331,,1419,,,164,,1961,
2017-08-13,445,262,381,,1601,,648,195,243,,,,281,,7150,481,,645,1645,248,133,258,,200,790,243,3978,1344,377,,267,,1406,191,1398,,714,,2610,1110,,3780,279,,393,,406,,193,189,,9.79,1190,,270,601,205,,232,,906,2050,822,,193,,281,,,201,,275,,243,,282,3575,,323,,315,,445,195,217,,2240,,3150,217,305,,,222,336,,10,180,,1015,2380,2040,,342,,564,,,2382,157,,298,,1380,240,,,2997,664,,129,,,1200,1750,1270,366,3460,,22.65,1270,,354,,370,202,315,10,856,273,,163,769,10,670,,467,,1570,1142,1451,1600,2179,2007,,,538,10,2960,,14.33,3580,2722,703,2135,425,,907,451,,248,1789,1560,,2685,,1204,,246,397,,308,,,17500,15351,188,222,,839,,2136,3100,407,,,,418,,,920,448,,2320,,,13.21,,,,428,375,578,1760,2122,,480,26.6,1625,,,,1640,191,1910,,761,1170,,,3600,,207,369,,,,1832,153,,,311,178,294,,,,1575,,325,30001,1384,,,155,,1935,
2017-08-15,441,268,367,,1580,,664,186,240,,,,279,,7400,475,,642,1600,247,,255,,201,780,221,3950,1318,375,,263,,1405,183,1376,816,705,,2600,1100,,3790,277,,387,,402,,190,,,9.99,1160,,274,587,203,,225,,906,1855,809,,189,,278,,,199,,275,,247,,280,3650,270,318,,317,,,190,230,,2157,,3130,219,303,,,219,334,,,182,,1000,2382,2015,,339,,563,,,2380,156,,303,,1349,264,,,3225,655,463,,,,1172,1720,1242,364,3450,,22.1,1261,,370,,365,,311,9.8,851,271,,165,764,,670,12.84,463,,1579,1133,1432,1595,2150,2000,,1150,533,9.9,2908,,14.28,3630,2650,699,2115,420,,923,451,,250,1780,1530,855,2685,,1200,,240,392,,314,,,17201,15405,187,215,,825,,2121,3025,405,,,,412,372,,909,446,,2290,,,13,,470,,423,372,563,1768,2085,,479,26.54,1611,,,,1630,188,1880,,,1160,,411,3606,,199,372,,,,1820,152,,,315,,306,,,262,1560,,312,,1360,,,170,,1910,
2017-08-16,444,265,375,,1593,,660,183,245,,,,286,,7252,477,,640,1600,252,,257,,200,784,217,3921,1319,380,,266,,1400,189,1367,810,701,,2600,1120,,3859,276,,388,,400,,196,,,10.05,1180,,269,581,204,,237,,915,1670,810,,188,,280,,,201,,276,,251,,278,3670,262,316,,317,,,192,218,,2268,,3069,224,303,,,215,333,,,,,1010,2345,2000,11.07,342,,559,,,2411,159,,303,,1350,253,,,3230,659,,,,,1170,1718,1242,365,3455,1865,22.85,1290,,365,,366,202,323,10,836,267,,158,770,10,671,13.35,462,,1578,1126,1440,1581,2159,2060,,,531,10.05,2875,,14.2,3660,2785,702,2193,420,,924,451,,250,1780,1564,855,2699,,1208,,,395,,315,,,17600,15800,185,218,,821,,2160,3012,403,,,,418,370,,914,450,,2285,,,13.2,,451,,420,375,544,1770,2105,,471,,1612,,,,1648,187,1916,,,1165,,,3641,,203,368,,,,1805,155,,,325,,295,,,266,1567,,309,,1365,,,172,,1950,
2017-08-17,443,268,368,,1590,,644,177,241,,,,280,,6965,478,,636,1630,250,,255,,196,785,211,3905,1319,380,,263,,1410,182,1374,810,706,,2619,1102,,3840,273,,387,,396,,202,,,9.95,1166,300,265,594,201,,235,,925,1512,813,,185,,,,,198,,275,,246,,281,3690,267,313,,312,,421,186,226,,2299,,3078,219,300,,,222,335,,,174,,1001,2324,2025,11.33,340,,548,,,2380,155,,297,,1330,255,,,3200,655,,,,,1140,1737,1250,362,3455,,23.71,1294,,355,,366,202,324,10.16,790,266,,153,770,10.2,680,13.25,462,,1596,1122,1436,1585,2150,2016,1195,,531,10.1,2805,,14.6,3643,2700,699,2184,419,,908,454,,259,1780,1559,,2682,,1200,,243,395,190,314,,,17750,15650,184,218,,820,,2162,3020,400,,,,414,356,,915,447,,2286,,338,13.49,,496,,415,376,576,1760,2100,,473,27,1600,,347,,1639,187,1915,,,1156,,,3655,,193,367,,,,1800,152,,,313,,290,,,265,1556,,307,29950,1400,,,164,,1900,
2017-08-20,440,261,362,,1585,,635,178,240,,,,280,,7100,465,,632,1605,244,131,253,,195,786,210,3867,1321,375,,262,,1382,175,1340,,701,,2650,1081,,3800,265,,385,,388,,194,183,,,1181,,261,561,198,,235,,902,1362,805,,183,,276,,,196,,268,,242,,283,3680,,314,,312,,417,183,234,,2281,,3100,217,294,,,218,355,,,,,999,2300,1999,11.31,337,,560,,,2430,156,,290,,1304,249,,,3240,652,,,,,1183,1735,1250,355,3400,,23.79,1300,,351,,364,,318,10.1,793,265,,149,766,,676,13.3,456,,1560,1120,1410,1592,2143,2005,,,525,10.03,2800,,14.9,3601,2780,697,2160,415,,928,450,,253,1779,1537,,2774,,1190,,240,392,,319,,,17422,15500,171,215,,815,,2125,3015,383,,,,414,363,,909,448,,2275,,,13.92,,532,,412,375,570,1755,2096,,471,27,1590,,341,,1621,195,2106,,,1176,,419,3648,,193,360,,,,1813,150,,,316,,284,,,260,1535,,300,,1351,,,149,,1927,
2017-08-21,438,268,366,,1581,,634,175,240,,,,,,,462,,623,1590,243,,252,,192,786,201,3875,1300,375,,261,,1376,172,1339,,701,,2644,1077,,3775,268,,383,,390,,,,,10,1152,,270,591,196,,231,,910,1283,804,,184,363,281,,,191,,269,,238,,275,3670,263,313,,313,,409,180,233,,2250,,3119,211,292,,,217,367,,,171,,999,2290,1967,,336,,560,,,2353,156,,277,,1306,246,,,3176,653,,,,,1150,1720,1246,357,3390,,23.7,1290,,353,,365,202,312,10.1,789,262,,147,768,10.15,673,13.15,457,,1538,1100,1400,1580,2130,1972,,,523,10.05,2800,,14.71,3571,,697,2117,415,,919,441,,251,1780,1535,,2720,,1192,,237,385,,,,,17200,15400,173,219,,820,,2050,2962,395,,,,410,360,,907,439,,2240,,,13.98,,520,,416,376,555,1740,2110,,464,27,1575,,340,,1600,195,2080,,,1157,,,3625,,193,358,,,,1815,,,,311,,280,,,250,1521,,294,,1360,,,163,,1894,
2017-08-22,441,262,360,,1600,,630,180,246,,,,281,,,467,,635,1610,241,,252,,198,788,200,3851,1325,380,,261,,1375,175,1315,794,698,,2655,1097,,3775,266,,385,,385,,196,,,10.05,1173,0,,590,192,,230,,901,1233,775,,185,390,275,,,199,,267,,248,,280,3739,258,314,,312,,401,180,226,,2275,,3101,215,300,,,216,364,,,171,,1010,2290,1981,11.4,338,,555,,,2355,159,,297,,1300,248,,,3269,650,,129,,,1141,1729,1245,357,3447,1865,23.68,1319,,350,,374,,318,10.15,791,257,,147,768,10.05,671,13,457,,1562,1122,1400,1602,2127,1992,,,526,10.03,2798,,14.85,3570,,705,2130,420,,,446,,249,1780,1560,,2670,,1180,,244,386,,309,,,16951,15350,177,219,,814,,2020,3005,380,,,,412,,,904,444,,2241,,,13.85,,520,,424,376,560,1765,2123,,466,26.89,1580,,334,,1606,195,2066,,776,1160,,,3650,,195,365,,,,1804,147,,,310,,285,,,260,1540,,291,29950,1380,,,169,,1901,
2017-08-23,441,260,357,,1601,,624,178,245,,,,280,,7100,460,,626,1597,241,,248,,201,781,187,3835,1288,378,,260,,1371,171,1315,800,700,,2755,1085,,3740,269,,386,,388,,197,,,,1160,,275,601,191,,228,,904,1201,795,,183,380,275,,,199,,270,,245,,276,3739,258,312,,312,,400,179,225,,2129,,3162,214,290,,,217,358,,10,,,999,2241,1955,,338,,557,,,2355,150,,292,,1290,245,,,3248,649,,,,,1140,1730,1252,358,3446,,23.64,1293,,357,,372,,314,10.12,760,261,,145,768,9.85,672,12.98,455,,1557,1115,1393,1620,2128,1990,,,521,10,2760,,14.71,3565,2724,708,2120,419,,873,444,,246,1780,1550,,2665,,1170,,232,390,190,310,,,17299,15400,173,216,,814,,2028,3060,393,,,,412,355,,897,444,,2242,,,13.8,,510,,422,376,551,1780,2100,,470,26.87,1585,,334,,1599,195,2090,,,1168,,,3694,,198,358,,,,1777,152,,,307,,280,,,275,1535,,288,,1361,,,164,,1905,
2017-08-24,443,268,372,,1613,,631,175,242,,,,,,7250,462,,636,1632,242,,248,,196,783,195,3850,1310,377,325,259,,1390,172,1325,816,,,2824,1080,,3750,271,,387,,400,,199,165,,,1155,,275,592,194,,232,,898,1279,803,,188,390,275,,,200,,269,,246,,272,3750,,313,,312,,,185,213,,2181,,3200,222,,,,217,360,,,174,,1010,2270,1956,11.3,338,,558,,,2360,159,,,,1281,248,,,3260,650,,131,,,1170,1729,1259,360,3499,,23.67,1300,,360,,370,,310,10.2,796,277,,145,772,10.1,685,13,458,,1580,1130,1405,1633,2135,1990,,,522,10.22,2800,,14.75,3580,2621,709,2122,420,,851,447,,248,1766,1565,,2695,,1195,,228,390,190,310,,,17290,15525,176,227,,810,,2000,3145,400,,,,413,355,,895,441,,2255,,,14,,520,,430,377,560,1785,2104,,486,26.82,1610,,319,,1607,195,2120,,814,1175,549,,3710,,190,357,,,,1820,155,,,311,,290,,,270,1540,,290,,1360,,,155,,1900,
2017-08-27,446,240,378,,1600,,633,181,239,,,,275,,,458,275,635,1665,240,,248,,195,785,200,3825,1307,375,,269,,1391,173,1318,,710,,2840,1075,,3769,267,,385,,394,,200,149,,,1157,,272,590,191,,225,,905,1406,799,,183,429,278,,,193,,267,,238,130,280,3849,,311,,310,,399,181,227,,2220,,2700,224,282,,,216,365,,10.15,180,,1000,2260,2069,11.53,340,,553,,,2385,155,110,,,1300,245,,,3260,647,,,,,1150,1767,1262,359,3568,,21.3,1292,,364,,376,,313,10.35,789,285,,143,778,10.2,672,13,470,,1571,1130,1406,1635,2127,1999,,,523,10.2,2890,,14.72,3582,2726,705,2140,416,,890,449,,,1770,1558,,2674,,1182,,225,391,,316,,,17200,15500,173,218,,815,,2045,3200,392,,,,411,358,,895,435,,2272,,,13.9,,572,,423,374,550,1785,2100,,496,26.9,1593,,206,,1623,194,2332,,830,1050,,,2095,,199,364,,,,1840,154,,,313,,283,,,270,1525,1568,300,30000,1375,,,155,,2008,
2017-08-28,446,235,368,,1600,,627,180,245,,,,280,,7106,453,,617,1715,240,,240,,192,785,201,3778,1319,314,,265,,1420,169,1307,,699,,2832,1073,,3766,270,,384,,387,,200,135,,,1151,,267,595,195,,221,,900,1546,790,,184,471,279,,,190,,260,,238,,278,3921,,308,,310,,,181,,,2228,,2763,224,284,,,216,353,,,183,,994,2270,2100,11.53,334,,560,,,2337,152,,,,1365,238,,,3335,648,,,,,1161,1762,1251,351,3832,,19.2,1275,,360,,369,,325,10.21,775,289,,142,770,10.3,679,13.09,465,,1553,1112,1440,1644,2119,1975,,,517,10.17,2975,,14,3635,2843,702,2186,413,,870,443,,244,1765,1542,,2684,,1185,,225,383,190,316,,,17000,15300,182,215,,802,,2190,3180,387,,,,408,360,,888,431,,2280,,344,,,565,,415,373,540,1775,2086,,490,24.21,1586,,202,,1650,193,2565,,,1059,,427,2165,,190,355,,,,1875,154,,,311,,280,,,270,1530,,304,30100,1389,,,153,,2031,
2017-08-30,438,229,360,,1596,,620,183,238,,,,,,,445,,640,1730,238,,233,,189,770,197,3741,1292,302,,262,,1415,171,1304,,708,,2775,1031,,3810,267,,380,,383,,,134,,10.05,1117,300,263,599,,,217,,892,1465,782,,183,445,272,,,191,,262,,166,,267,4085,263,314,,305,,,182,,,2210,,2745,217,284,,,212,345,,,185,,970,2230,2060,,326,,560,,,2346,151,,,,1350,234,,,3417,640,,,,,1180,1737,1240,342,3822,,18.12,1270,,358,,366,,315,10.25,766,278,,142,773,,670,,451,,1516,1115,1411,1623,2090,1960,,,506,10.03,2972,,14.2,3650,3000,705,2223,401,,854,439,275,244,1760,1513,,2092,,1160,,218,380,0,318,,,17000,15200,174,215,,810,,2133,3150,378,,,,404,356,,874,427,,2266,,,12.51,,572,,417,370,540,1747,2075,,484,,1580,,196,,1620,190,2579,,,1030,,,2200,,187,346,,,,1855,149,,,305,,280,,,265,1470,,290,30702,1370,,,160,,2070,
2017-08-31,437,224,354,,1555,,610,181,236,,,,263,,7000,435,,640,1700,237,131,229,,178,773,195,3680,1289,300,,259,,1380,164,1299,,690,,2730,1035,,3775,267,,378,,376,,198,140,,10,1090,,,581,,,215,,885,1490,772,,180,423,270,,,190,,261,,,,267,3981,255,308,,300,,,176,,,2160,,2676,213,281,,,211,339,,10.15,179,,957,2244,2021,11.07,325,,543,,,2325,149,,278,,1297,230,,,3400,626,,,,1658,1127,1700,1220,338,3850,1865,17.8,1230,,352,,365,202,310,10.15,755,272,,141,764,,670,,441,,1495,1095,1400,1600,2060,1936,,1150,500,10.03,2870,,14.05,3619,2907,705,2320,405,,872,432,,236,1715,1513,,2037,,1154,,216,375,190,301,,,16510,14900,171,215,,804,,2096,3121,375,,,,397,350,,865,426,,2241,,,,,560,,413,365,535,1732,2027,,478,21.79,1540,,187,,1600,190,2529,,,1004,,,2170,,178,337,,,,1820,146,,,300,,280,,,265,1460,,282,,1317,,,152,,2070,
2017-09-04,430,213,362,,1508,,601,174,226,,,,260,,6900,424,,625,1660,230,131,227,,178,766,186,3683,1282,294,,255,,1337,161,1266,,656,,2670,1049,600,3731,260,,371,,376,,,140,,,1080,,262,565,191,,200,,864,1440,765,,179,420,269,,,186,,254,,,,263,3900,250,303,,293,,,165,,,2101,,2660,210,282,,,208,336,,10.2,,,951,2191,2022,,323,,527,,,2300,148,,,,1300,230,,,3305,610,,,,,1090,1665,1222,332,3815,,17.79,1259,,351,,358,,322,10.14,732,290,,137,757,10.2,664,,346,,1400,1070,1350,1580,2040,1911,,,478,9.95,2830,,13.8,3612,2790,700,2273,396,,873,422,,234,1686,1480,,1979,,1125,,202,372,,294,,,16250,14520,163,207,,786,,2100,1217,367,,,,396,,,846,422,,2201,,,,,559,,410,363,535,1705,1995,,461,,1540,,186,,1583,178,2485,,,990,,,2100,,168,337,,,,1800,144,,,297,,271,,,260,1367,,278,,1325,,,143,,2031,
2017-09-06,438,223,350,,1535,,615,176,226,,,,257,,6762,435,270,630,1690,232,,229,,184,770,190,3682,1345,295,,254,,1352,160,1270,800,455,,2654,1065,,3759,259,,376,,372,,193,138,,,1095,300,266,569,185,,200,,880,1411,766,,183,420,270,,,185,,255,,163,,259,3960,,300,186,300,162,399,167,,,2165,,2701,208,,,,210,339,,10,180,,980,2170,2061,11.05,327,,530,,,2337,149,,275,,1398,233,,,3330,618,,,,,1199,1694,1224,330,3851,,17.6,1300,,350,,364,,305,10.1,734,266,,139,762,10,671,12.83,349,,1443,1100,1381,1594,2050,1914,,,488,10,2895,,13.85,3630,2889,708,2333,391,,906,426,,237,1700,1470,,1975,,1159,,205,370,190,298,,,16200,14500,165,210,,787,,2150,1338,368,,,,397,345,,846,420,,2227,,,11.41,,570,,400,363,533,1740,2020,,475,20.1,1561,,186,,1609,183,2501,,,1010,,,2115,,167,335,,,,1820,145,,,306,,275,,,,1370,,274,30088,1400,,,151,,2094,
2017-09-07,428,211,348,,1550,,584,173,216,,,,256,,6630,428,,634,1690,230,,224,209,188,764,183,3640,1330,297,,255,,1360,160,1272,784,430,,2656,1075,,3760,255,,374,,370,,189,136,,,1070,,,561,187,,193,,875,1346,760,,179,409,268,,,183,,251,,160,,268,3960,,299,,295,,392,161,,,2107,,2630,205,278,,,209,338,,,,,950,2160,2080,11.01,324,,565,,,2387,149,,270,,1360,227,,,3300,609,,133,,,1138,1675,1220,332,3864,,17.9,1274,,347,,355,,305,10.05,735,230,,135,762,9.8,672,,345,,1437,1090,1397,1570,2032,1900,,,485,10,2786,,13.8,3644,2805,706,2388,380,,890,422,,240,1694,1440,,1920,,1149,,207,361,,290,,,15820,14200,160,212,,794,,2065,1410,368,,,,396,,,841,422,,2215,,,11.36,,558,,388,362,537,1735,1980,,470,19.83,1501,,200,,1587,181,2490,,,985,,,2080,,165,332,,,,1849,143,,,294,,280,,,260,1352,,260,,1370,,,146,,2055,
2017-09-10,425,215,332,,1520,,565,162,214,,,,261,,6517,420,,616,1521,225,,221,,182,760,177,3579,1253,293,,245,,1315,160,1225,769,429,,2600,1039,,3735,248,,371,,356,,186,125,,,1031,,261,559,180,,178,,850,1275,748,,180,394,268,,,181,,245,,151,,263,3810,,289,186,285,156,392,160,,,2040,,2580,195,259,,,204,327,,10.05,,,926,2076,2007,11,317,,548,,,2374,147,,265,,,220,,,3205,583,,,,,1105,1634,1196,321,3787,,17.3,1230,,347,,345,202,290,10.1,697,224,,133,748,9.9,655,,340,,1390,1045,1345,1535,1985,1853,,,470,10,2785,,,3587,2700,702,2495,371,,855,420,,,1645,1386,,1861,,1100,,207,353,,286,,,14800,13671,159,206,,775,,2100,1333,360,,,,386,333,,810,418,,2200,,,11.15,,,,389,357,515,1660,1916,,464,20.1,1465,,190,,1570,178,2460,,,945,,448,1982,,156,318,,,,1800,141,,,282,,265,,,250,1286,,251,,1296,,,150,,2040,
2017-09-11,424,213,335,,1514,,570,173,215,,,,265,,6778,420,,616,1490,223,,220,,183,755,166,3570,1319,295,,249,,1316,159,1225,,471,,2625,1044,,3745,248,,372,,365,,182,119,,,1045,,257,540,187,,190,,853,1350,752,,175,396,270,,,178,,246,,146,,272,3845,,280,,286,150,,157,,,2005,,2512,202,262,,,203,327,,10,180,,920,2060,2040,11.12,316,,545,,,2355,147,,265,,,223,,,3250,590,,,,,1135,1630,1180,311,3880,,17.21,1237,,345,,352,,307,10.01,713,233,,133,748,10,652,,346,,1400,1060,1350,1535,2005,1860,,,470,10.05,2810,,13.8,3660,2755,704,2475,385,239,883,421,,236,1670,1405,,1880,,1140,,199,360,,298,,,15100,14000,156,203,,799,,2135,1285,360,,,,394,346,,806,420,,2148,,350,11.4,,566,,389,360,534,1708,1945,,472,19.7,1508,,193,,1610,172,2405,,896,947,,,2035,,158,322,,,,1805,139,,,290,,275,,,248,1300,,246,30000,1325,,,,,1944,
2017-09-12,421,214,330,,1470,,560,165,210,,,,263,,,420,,607,1446,224,,217,,180,755,164,3440,1295,292,,247,,1305,154,1210,,469,,2650,876,,3713,247,,369,,363,,181,115,,,1040,,255,540,183,,196,,835,,728,,172,397,266,,,178,,244,,146,,263,3799,245,290,,289,,385,155,,,1941,,2409,206,259,,224,201,321,,9.87,,,900,2030,1990,11,312,,543,,,2305,145,,,,,219,,,3136,586,,,,,1124,1191,875,312,3900,,,1220,,345,,345,,296,10.19,699,222,,129,740,10,647,,342,,1363,1045,1307,1520,1970,1850,,,472,10,2760,,13.52,3650,2750,709,2400,375,239,858,417,,,1600,1380,,1800,,1102,,218,355,190,288,,,14500,13600,154,204,,785,,2100,1294,354,,,,389,335,,798,410,,2120,,,11.39,,,,387,355,524,1650,1900,,463,,1460,,191,,1575,172,2365,,,946,,,1986,,165,326,,,,1780,136,,,284,,265,,,272,1270,,244,30000,1295,,,,,1930,
2017-09-13,420,214,330,,1461,800,567,170,218,,,,256,,6627,419,,618,1427,221,,215,,175,770,163,3549,1265,291,,243,,1281,155,1190,814,471,,2650,850,,3673,244,,362,,355,,180,118,,9.8,1002,,257,515,186,,189,,820,1297,715,,172,387,268,,,179,,241,,140,,268,3780,241,285,,285,,,158,,,1910,,2500,202,258,,203,200,319,,10.07,,,891,2015,1791,11,313,,530,,,2315,144,,260,,1387,218,,,3197,587,,,,,1100,1185,860,314,3805,,,1205,,347,,345,,291,10.1,712,220,,132,740,10,645,,340,,1370,1038,1287,1494,1969,1865,,,464,10,2672,266,13.5,3582,2754,702,2390,377,,866,417,,,1600,1376,,1830,,1090,,213,350,,280,,,14710,13673,158,205,,785,,2100,1305,350,,,,389,320,,779,413,,2068,,,11.35,,526,,380,357,510,1641,1930,,455,20,1490,,,,1548,172,2366,,,950,,,2005,,168,328,,,,1747,,,,275,,260,,,268,1270,1568,248,30000,1291,,,148,,1860,
2017-09-14,447,213,342,,1503,,589,170,213,,,,264,,6600,433,,619,1460,230,131,220,,187,758,163,3729,1270,299,,251,,1301,155,1240,,477,,2650,870,,3575,255,,377,,356,,180,123,,9.99,1040,,260,522,188,,185,,855,1340,736,,175,391,270,,,186,,252,,142,,268,3759,244,300,,292,,,154,,,2050,,2500,,275,,212,208,343,,10.05,177,,935,2079,1730,11.01,321,,536,,,2298,148,,270,,,220,,,3230,591,,133,,,1110,1205,865,326,3800,,17.55,1234,,356,,355,,294,10.23,710,237,,134,751,9.75,652,,346,,1419,938,1312,1540,1989,1850,,,477,10,2713,,13.95,3224,2760,712,2405,378,,898,427,,,1660,1429,,1880,,1130,,215,364,,281,,,16180,14650,158,214,,780,,2065,1335,357,,,,398,332,,796,419,,2100,,,11.44,,535,,395,360,529,1685,1975,,470,20.86,1500,,195,,1578,181,2394,,,985,,,2085,,169,342,,,,1800,140,,,281,,280,,,283,1310,,257,30500,1305,,,144,,1901,
2017-09-17,447,215,340,,1508,,584,164,206,2456,,,263,,6866,440,,625,1480,230,,224,,188,760,159,3700,1275,302,,259,,1305,155,1272,798,481,,2685,879,,3585,261,,387,,360,,183,126,,9.96,1049,,264,555,194,,196,,890,,745,,180,389,273,,,186,,257,,146,,270,3740,,296,,297,,,151,,,1981,,2452,209,280,,214,208,339,,9.86,177,,935,2100,1655,11.18,327,,545,,,2325,147,,,,1305,225,,,,597,,,,,1096,1245,894,335,3820,,17.7,1260,,357,,355,,297,10.29,725,237,,130,770,10.3,662,,353,,1419,935,1318,1523,2006,1849,,1100,480,10.05,2730,,14.48,3260,2750,708,2397,315,,889,433,,233,1640,1435,,1925,,1140,,236,376,,296,,,16200,14600,155,218,,788,,2060,1320,365,,,,400,338,,817,425,,2124,,,11.7,,525,,390,358,535,1695,1960,,463,20.7,1525,,193,,1580,180,2460,,,987,,,2151,,166,350,,,,1767,143,,,283,,279,,,276,1336,,266,,1286,,,142,,1871,
2017-09-18,443,211,336,,1498,,585,167,197,2701,,,265,,6866,443,,619,1470,227,,225,,187,780,163,3659,1279,301,,252,,1300,149,1232,798,481,,2690,873,,3739,255,,383,,364,,181,130,,9.81,1040,,255,570,197,,209,,883,1350,738,,180,392,270,,,186,,255,,144,,265,3750,243,296,,298,,,151,,,1965,,2465,209,278,,211,209,333,,9.75,174,,940,2090,1665,11.3,328,,545,,,1788,146,,270,,1300,228,,,,590,,,,,1110,1264,896,336,3800,,17.81,1240,,355,,351,,308,10.18,724,230,,133,761,10,674,,353,,1400,936,1320,1541,1992,1825,,1100,487,10.05,2720,,14.25,3350,2745,706,2385,307,,873,432,,233,1626,1425,,1916,,1137,,245,372,,296,,,15680,14250,156,,,783,,2070,1325,370,,,,403,335,,841,425,,2138,,,11.85,,525,,395,356,545,1699,1965,,472,20.8,1530,,186,,1590,178,2500,,,981,,,2140,,160,338,,,,1723,141,,,280,,276,,,270,1300,,263,,1298,,,142,,1871,
2017-09-20,439,220,333,,1489,,570,172,203,2971,,,270,,,438,,620,1450,226,,227,209,184,780,161,3670,1275,294,,250,,1295,149,1207,,475,,2652,867,,3650,256,,383,,371,,,134,101,,1040,,250,548,199,,205,,890,,730,,185,386,275,,,185,,250,,143,,261,3721,234,296,,296,,,151,207,,1960,,2420,212,,,214,212,333,,9.6,,,926,2060,1650,,326,,536,,,1756,145,,261,,1300,224,,,3155,600,,,,,1100,1254,884,335,3850,,17.8,1240,,353,,352,,314,10.12,711,228,,132,768,9.8,666,12.5,348,,1414,930,1301,1529,1990,1825,,1100,482,10.05,2701,,14.3,3301,2725,710,2393,305,,856,430,,237,1669,1423,,1900,,1147,,253,370,,313,,,15700,14300,157,216,,785,,2147,1280,368,,,,395,330,,845,429,,2140,,357,11.7,,,,415,357,544,1668,1990,,457,,1519,,185,,1563,175,2380,,,965,,456,2115,,168,337,,,,1724,,,,275,,273,,,275,1310,,260,,1286,,,140,,1927,
2017-09-24,441,218,335,,1491,,580,169,223,2790,,,271,,,435,,612,1465,229,,224,,181,780,163,3710,1298,300,,252,,1266,148,1205,800,449,,2650,843,,3611,257,,376,,365,,183,137,,10,1038,,255,538,,,205,,890,,730,,182,395,270,,,183,,247,,140,,274,3793,,290,,296,,,159,193,,1960,,2390,215,270,,213,207,332,,9.61,,,910,2100,1650,11.5,317,,540,,,1720,145,,276,,,222,,,2990,602,,,,,1118,1254,880,327,3800,,,1240,,349,,349,202,304,10.2,719,224,,132,760,10,666,,350,,,922,1310,1499,2000,1798,,1100,480,10.19,2794,,14.55,3320,2727,710,2395,300,,900,429,,,1636,1431,,1899,,1132,,244,370,,312,,,16000,14270,163,,,780,,2234,1320,365,,,,335,,,841,423,,2167,,,,,,,416,,541,1670,1994,,460,,1485,,,,1550,181,2350,,,940,,,2100,,167,331,,,,1749,141,,,271,,293,,,276,1320,,256,,1290,,,138,,1905,
2017-09-25,448,219,340,,1492,,574,167,214,2511,,,271,,7000,439,,624,1465,230,,229,,190,798,169,3745,1276,302,,252,,1240,147,1220,,441,,2670,850,,3650,261,,379,,367,,177,135,,,1048,,260,561,194,,204,,896,,739,,180,386,266,,,185,,254,,,,269,3780,235,295,,295,,,162,193,,1984,,2391,215,,,216,212,335,,9.89,,,915,2100,1670,,324,,547,,,1700,145,,270,,1280,223,,,2999,608,,135,,,1112,1260,872,331,3820,,,,,350,,352,,308,10.16,705,228,,132,757,,663,,356,,1400,921,1310,1531,1996,1810,,,488,10.25,2764,,11.95,3350,2749,712,2400,300,,890,435,,237,1640,1445,,1880,,1140,,236,379,,306,,,15998,14499,164,213,,788,0,2380,1340,369,,,,341,322,,840,427,,2187,,,11.93,,545,,412,358,545,1660,2005,,465,20.81,1482,,185,,1560,186,2350,,,950,,,,,167,322,,,,1739,155,,,276,,281,,,,1295,,261,,1345,,,140,,1920,
2017-09-26,448,220,340,,1505,,570,170,222,2265,,,272,,6723,434,,620,1472,230,,227,,187,800,175,3750,1297,306,,263,,1248,147,1225,,460,,2680,870,,3700,261,,381,,370,,180,138,,,1041,,262,,191,,200,,891,,735,,180,388,270,,,185,,252,,,,271,3761,,294,,297,,385,164,,,1995,,2386,227,274,,218,212,339,,9.92,,,935,2088,1694,11.27,324,,541,,,1719,151,,,,1261,224,,,3050,614,,,,,1094,1264,868,331,3865,,,,,354,,353,,316,10.2,706,237,,132,764,10.01,674,12,357,,1384,931,1310,1505,2000,1825,,,494,10.04,2757,,12.29,3350,2735,715,2420,300,,856,434,,230,1665,1443,,1880,,1144,,226,385,,310,,,15850,14200,163,210,,790,,2067,1349,371,,,,342,320,,854,428,,2194,,,11.74,,566,,419,358,525,1657,1999,,474,20.5,1486,,190,,1565,193,2380,,,970,,,2070,,162,320,,,,1750,151,,,280,,276,,,,1295,,270,,1300,,,138,,1928,
2017-10-03,453,,,,1495,,581,,219,2310,,,275,,,434,,635,1485,233,,224,,,865,172,3770,,305,,258,,1245,149,1240,,,,2680,865,,3675,261,,375,,372,,,138,,,,,270,,,,196,,898,,725,,178,386,,,,187,,258,,,,275,,,295,,301,,,165,190,,2003,,,,,,217,213,340,,,,,,2090,1680,11.25,325,,550,,,1719,,,,,,226,,,3049,612,,137,,,1083,1265,885,333,3800,,18.16,1217,,353,,357,,312,10.2,704,237,,134,764,10.01,667,11.55,365,,,932,,,2002,1859,,,494,10.01,2715,,,3350,,718,2425,300,,899,451,,230,1645,1448,,1880,,,,223,383,,309,,,,14484,160,,,808,,,1330,378,,,,344,326,,850,425,,2205,,,11.93,,,,,358,535,,2010,,,20.3,1465,,,,1575,,2340,,,977,,,2029,,160,320,,,,1725,150,,,285,,281,,,,1299,,265,,1300,,,,,,
2017-10-04,440,218,332,,1500,,570,,213,2264,,,275,,6857,434,,640,1438,227,,223,,,833,172,3750,,303,,255,,1235,158,1228,790,446,,2680,850,,3642,255,,373,,364,,177,134,,,1028,,270,565,192,,197,,895,,730,,180,385,267,,,183,,253,,138,,270,3700,,286,,300,,,168,181,,2004,,,,,,215,208,335,,10,,,930,2069,1663,11.11,325,,,,,1690,,,272,,1250,222,,,3050,605,,,,,,1245,885,330,,,,1225,,352,,351,,199,10.09,705,237,,132,645,,570,11.4,350,,1382,920,1225,1504,1990,1823,,,481,,2710,,12.04,3345,2701,724,2415,303,,893,444,,230,1645,1474,,1888,,1129,,226,377,,305,,,15850,14400,163,206,,806,,2066,1301,372,,,,340,320,,840,414,,2205,,,11.8,,577,,411,365,540,1660,2000,,,20.8,1450,,184,,1582,,2300,,,999,,,2029,,169,317,,,,1707,150,,,284,,283,,,,1300,,255,,1300,,,140,,1928,
2017-10-08,432,214,317,,1441,,560,167,214,2151,,,270,,6586,426,,615,1400,227,,222,,188,825,173,3650,1265,300,,250,,1186,158,1204,775,440,,2620,818,,3590,248,,375,,355,,180,133,,,1021,,260,,,,197,,855,1350,707,,180,372,263,,,182,,249,,,,265,3600,227,279,,290,,,164,,,1975,,2340,223,270,,211,204,325,,9.9,,,885,2060,1598,11,324,,540,,,1634,148,,277,,,220,,,2878,582,,,,1724,1036,1218,870,318,3610,,17.8,1224,,345,,342,,194,10.1,695,235,,129,629,,558,11.26,348,,1357,900,1151,1440,1943,1830,,,470,,2710,,,3255,2675,718,2360,293,,865,436,,222,1590,1401,,1825,,1095,,220,367,,296,,,15300,14000,158,202,,726,,1965,1265,363,,,,329,315,,806,414,,2140,,,11.6,,,,404,355,530,1664,1931,,,20.11,1418,,,,1550,196,2135,,,961,,,1999,,166,318,,,,1577,147,,,274,,273,,,271,1285,,250,,1257,,,,,1918,
2017-10-09,431,218,318,,1468,,560,164,,2115,,,265,,,425,,628,1390,226,,221,,182,811,168,3611,1245,296,,247,,1185,156,1196,,439,,2640,824,,3564,247,,375,,355,,175,127,,10,1011,,255,554,192,,195,,855,,704,,178,375,266,,,181,,249,,,,265,3600,224,280,,294,,,165,,,1940,,2433,223,275,,206,205,319,,10,,,895,2060,1551,11.44,318,,525,,,1585,148,,,,,219,,,2830,587,,,,,1040,1205,866,321,3553,,18,1200,,344,,345,,193,10.15,668,227,,129,623,9.8,551,,350,,1317,895,1122,1435,1950,1796,,,465,10,2615,,,3255,2625,725,2356,296,,855,430,,222,1570,1410,,1825,,1109,,216,363,,293,,,15000,13900,156,206,,688,,1941,1269,371,,,,331,304,,805,403,215,2100,,,,,555,,406,356,529,1660,1901,,456,20.11,1392,,181,,1520,185,1849,,,960,,,1960,,163,315,,,,1580,141,,,272,,,,,271,1266,,250,,1259,,,136,,1850,
2017-10-10,427,211,323,,1465,,551,161,210,2075,,,258,,,425,,611,1390,223,,221,,180,820,168,3665,1203,295,,249,,1201,159,1199,790,441,,2645,828,,3540,254,,375,,353,,,,,,1015,,251,540,191,,195,,860,1300,705,,178,380,271,,,181,,253,,,,275,3650,224,278,,295,,,165,182,,1895,,2352,,265,,207,209,325,,10.1,,,885,2035,1550,11.35,315,,535,,,1571,145,,275,,,220,,,2885,590,,,,,1054,1205,840,321,3600,,17.8,1200,,341,,343,,187,10.15,671,227,,129,620,10,560,11.16,346,,1325,892,1130,1431,1970,1780,,,470,10.1,2625,,12,3220,2650,735,2350,292,,860,430,,221,1557,1395,,1801,,1101,,,365,,298,,,15000,13900,160,203,,681,,1920,1260,370,,,,330,,,800,406,211,2091,,,11.48,,535,,405,353,522,1635,1930,,460,20.1,1401,,184,,1535,184,1840,,,955,,,1970,,162,320,,,,1582,141,,,262,,280,,,266,1248,,248,,1265,,,132,,1821,
2017-10-11,428,210,325,,1460,,539,159,203,2100,,,,,6550,424,,610,1395,227,,220,,179,848,168,3679,1200,293,,250,,1191,155,1198,,452,,2640,820,,3538,250,,375,,355,,175,122,,10,1002,,250,530,181,,192,,857,1249,707,,177,369,234,,,186,,253,,140,,278,3700,224,292,,295,,364,156,176,,1879,,2345,214,259,,207,208,316,,10,,,880,2055,1560,11.3,314,285,532,,,1571,146,,270,,1226,218,,,2880,587,,,,,1033,1200,858,322,3600,1865,17.6,1190,,343,,345,,176,10.3,673,223,,127,620,10,551,11.35,351,,1350,917,1160,1450,1972,1780,,,467,10.15,2602,,12.24,3222,,746,2327,295,,848,429,,223,1565,1445,,1818,,1111,,212,365,,300,,,15300,14050,171,199,,658,,1940,1253,372,,,,330,322,,806,405,,2100,,,11.8,,577,,407,357,522,1680,1932,,448,20.4,1409,,180,,1552,181,1840,,931,970,,,1925,,162,317,,,,1576,145,,,262,,272,,,,1250,,257,,1271,,,134,,1880,
2017-10-12,429,210,320,,1470,,548,,,2103,,,260,,,424,,,1390,225,,220,,181,838,173,3679,1196,293,,250,,1194,155,1210,,452,,2590,818,,3535,249,,375,,352,,172,127,,9.93,1000,,248,,181,,191,,855,,702,,178,375,230,,,183,,253,,138,,275,3627,225,286,,290,,,156,171,,1867,,2430,214,255,,209,208,313,,10.1,,,870,2041,,11.33,315,,526,,,1560,144,,268,,1202,217,,,2825,587,,,,,1035,1200,866,320,3720,,17.5,1150,,341,,354,200,181,10.3,666,229,,127,625,10.15,555,11.5,354,,1404,896,1137,1447,1988,1800,,,470,10.02,2630,,,3200,2619,780,2345,289,,853,430,265,226,1552,1430,,1820,,1111,,208,363,,298,,,15100,14000,163,210,,675,,1940,1240,366,,,,336,316,,801,400,,2114,,,11.82,,549,,410,355,518,1656,1926,,435,,1410,,185,,1530,181,1807,,,941,,,1950,,162,316,,,,1577,,,,260,,275,,,258,1239,,260,,1270,,,133,,1830,
2017-10-15,433,210,325,,1475,,546,153,199,2144,139,,260,,,432,,615,1390,230,,223,,181,842,176,3700,1181,289,,255,,1195,155,1210,,465,,2650,820,,3549,253,,379,,348,,,,,,1000,,195,550,186,,194,,865,,715,,181,370,230,,,181,,255,,136,,270,3620,,290,,295,,,156,170,,1904,,2500,,251,,208,212,314,,10.1,,,850,2070,1591,11.35,313,,528,,,1560,145,,,,1202,220,,,2920,592,,,,,1020,1219,875,320,3755,,17.85,1100,,349,,352,,186,10.3,670,230,,129,623,10.2,555,11.65,355,,1400,895,1178,1485,1968,1791,,,476,10.02,2652,,12.48,3200,2774,780,2352,290,240,868,435,255,225,1583,1420,,1830,,1102,,228,365,,304,,,15600,14308,163,205,,699,,1925,1255,369,,,,342,318,,800,402,,2116,,,12.06,,539,,405,360,517,1640,1910,,440,20.81,1410,,177,,1545,180,1802,,,949,,,2020,,162,324,,,,1594,,,,263,,275,,,256,1249,,262,,1233,,,,,1940,
2017-10-16,442,216,326,,1514,800,562,164,200,2094,152,,270,,,445,,646,1455,239,131,229,,190,865,185,3720,1248,303,,258,152,1246,158,1240,,490,,2684,845,,3680,266,,395,,363,,181,,,10.23,1044,,198,550,183,,199,,880,,748,,183,371,242,,,190,,264,,,,275,3763,229,290,,315,,,158,179,,1980,,2540,218,276,,217,217,328,,10.1,,,895,2100,1645,11.49,324,,540,,,1610,152,,293,,,227,,,2975,608,,,,,1102,1285,897,337,3810,,18.21,1200,,355,,365,,183,10.25,708,234,,129,660,10.2,585,11.88,372,,1473,930,1215,1560,2023,1820,1172,,494,10.15,2800,,12.98,3220,2815,779,2390,300,,902,445,250,232,1630,1475,,1900,,1172,,236,376,,315,,,15940,14460,159,208,,723,,1891,1295,390,,,,350,330,,830,416,,2180,,,12.29,,545,,417,372,540,1695,1981,,440,21.65,1465,,186,,1587,182,1885,,949,1020,,,2065,,168,348,,,,1635,,,,275,,284,,,261,1315,,266,,1288,,,143,,1969,
2017-10-17,449,216,328,,1519,,550,167,199,2125,167,,270,,,443,,642,1440,232,,226,,186,885,196,3701,1295,307,,255,,1230,155,1243,,490,,2650,841,,3640,270,,386,,358,,185,,,10.1,1025,,200,544,183,,197,,893,1177,750,,182,370,238,,,191,,257,,138,,271,3850,230,290,189,308,,371,158,,,2007,,2500,215,275,,213,215,331,,,,,880,2093,1620,11.59,329,,535,,,1640,149,,300,,1205,224,,,2955,616,,139,,,1059,1273,886,335,3823,1865,17.92,1175,,350,,363,,,10.26,710,230,,133,650,10.05,585,11.7,375,,1494,932,1185,1550,2004,1831,,,485,10.25,2798,,13.1,3166,2710,780,2400,296,,895,444,250,229,1620,1450,,1890,,1180,,240,378,,310,,,15750,14300,159,213,,695,,1895,1280,387,,,,347,335,,830,417,,2185,,,12.15,,540,,411,370,535,1700,1970,,440,21.46,1466,,193,,1569,182,1855,,,1039,,,2085,,162,331,,,,1634,,,,278,,284,,,,1299,,259,,1245,,,138,,1925,
2017-10-18,444,217,329,,1549,,555,165,209,2200,152,,279,,,450,,642,1450,240,,230,,191,901,196,3769,,308,,262,,1250,,1241,,487,,2650,840,,3645,272,,387,,363,,186,,,10.25,1070,,,535,,,,,886,,760,,183,375,236,,,196,,261,,,,274,3850,,292,,310,,,159,,,2028,,2489,,280,,217,218,331,,10.11,,,886,2104,1650,11.67,323,,528,,,1665,151,,306,,,227,,,2970,619,,,,,,1277,894,334,3800,,18.4,1179,,353,,367,,,10.21,714,242,,130,650,10.15,585,,378,,1510,948,1185,1560,2017,1836,1175,,490,10.4,2794,,13.1,,2656,790,2400,295,,879,447,,232,1660,1498,,1880,,1185,,236,385,,316,,,16200,14600,153,208,,710,,1888,1330,386,,,,355,327,,822,418,,2179,,,12.29,,537,,426,372,525,1690,1978,,448,21.9,1480,,199,,1569,185,1892,,,1079,,,,,162,344,,,,1647,,,,273,,292,,,,1295,,260,,1250,,,140,,2008,
2017-10-22,450,217,351,,1535,,561,163,220,2198,,,279,,,447,,644,1445,242,,228,,192,906,199,3800,,315,,259,,1250,158,1245,,490,,2678,860,,3625,269,,392,,365,,186,,,10.15,1055,,204,530,186,,197,,890,,751,,183,370,239,,,193,,261,,146,,,3820,227,298,,315,,,160,,,2005,,2500,,280,,218,216,333,,10.2,,,876,2120,,11.83,324,,535,,,1665,147,,300,,1205,227,,,,635,,141,,,,1272,896,337,3800,,,1170,,352,,370,,,10.2,713,242,,129,646,10.05,591,11.93,369,,1531,949,1152,1555,2015,1835,,,492,10.19,2794,,13.34,3205,2640,802,2400,300,,879,448,,234,,1485,,1863,,1162,,,388,,310,,,16100,14745,,208,,708,,1880,1325,393,,,,358,333,,815,425,,2175,,,12.22,,,,423,361,527,1720,1965,,460,21.88,1524,,193,,1560,185,1900,,967,1084,,,2080,,159,354,,,,1630,,,,278,,295,,,,1310,,258,,1260,,,142,,2020,
2017-10-23,449,219,342,,1530,,557,162,220,2100,149,,282,,,449,,645,1234,243,,228,,198,786,195,3740,1270,311,,259,,1216,156,1241,775,483,,2665,853,,3595,264,,391,,362,,186,,,10.15,1041,,206,545,,,196,,890,,745,,180,369,238,,,193,,261,,152,,278,3617,,290,,313,,,163,,,1966,,2450,218,275,,216,214,332,,10.07,,,875,2114,1680,11.67,326,,535,,,1670,147,,294,,1234,226,,,2920,625,,154,,,,1265,895,334,3780,1865,18.35,1163,,354,,365,,180,10.35,710,,,128,647,10,600,,366,,1529,943,1149,1560,1990,1856,,,488,10.05,2790,,13.39,3245,2611,820,2375,295,,862,450,,237,1640,1480,,1855,,1160,,229,389,,311,,,15900,14700,158,213,,701,,1955,1300,389,,,,363,325,,820,423,,2160,,,12.46,,540,,427,361,527,1698,1956,,468,21.8,1535,,190,,1538,188,1870,,,1070,,,2120,,165,350,,,,1640,,,,283,,290,,,,1290,,258,29400,1240,,,138,,2024,
2017-10-24,448,215,344,,1510,,550,160,232,2061,148,,276,,6681,449,,640,1187,240,,226,,195,766,205,3716,1320,310,,255,,1218,158,1238,,484,,2641,850,,3580,262,,389,,358,,185,,,10.01,1045,,210,540,185,,199,,871,,732,,185,371,234,,,190,,258,150,150,,270,3600,231,288,,310,,357,172,,,1925,,2470,,275,,217,214,330,,10.05,,,865,2134,1680,11.7,324,,535,,,1651,148,110,304,,1210,224,,,2890,612,,169,,,,1257,896,336,3798,,18.2,1146,,350,,365,,178,10.35,724,244,,131,647,10.15,590,12,362,,1515,948,1150,1566,1990,1840,,,487,10.29,2725,,13.58,3184,2663,865,2397,294,,845,454,,233,1630,1475,,1855,,960,,243,382,,307,,,16500,15350,156,212,,690,,2009,1278,391,,,,359,321,,815,417,,2131,,,12.45,,,,430,360,527,1675,1973,,470,21.65,1527,,186,,1538,183,1900,,,1045,,,2100,,163,347,,,,1620,,,,278,,,,,276,1284,,256,,1241,,,138,,2020,
2017-10-25,449,216,338,,1520,,541,157,218,2200,145,,280,,,444,,633,1180,237,,226,209,197,755,201,3707,,305,,255,,1216,158,1221,,489,,2630,841,,3541,253,,345,,358,,185,,,,1036,,202,545,179,,198,,867,1180,734,,183,368,234,,,185,,255,150,143,,,3580,235,289,,312,150,,172,,,1905,,2470,218,275,,213,212,326,,,,,860,2095,1645,11.6,319,,520,,,1683,149,108,,,,223,,,2949,605,,185,,,,1235,893,332,3788,,18.07,1130,,346,,363,,169,10.4,738,,,127,644,10.1,582,12.45,363,,1515,947,1146,1581,1972,1825,,,485,10.5,2690,,13.6,3149,2670,842,2360,293,240,890,448,,228,1662,1485,,1846,,950,,244,380,,309,,,16600,15599,160,209,,711,,2030,1280,380,,,,357,328,,810,414,203,2125,,,13,,528,,420,361,510,1680,1950,,456,21.59,1510,,185,,1521,186,1888,,,1041,,,2100,,161,342,,,,1600,,,,273,,290,,,271,1284,,256,28812,1248,,,134,,1980,
2017-10-29,442,214,335,,1492,,540,158,210,2170,139,,280,,,440,,621,1146,232,,222,209,192,748,199,3690,,300,,254,,1210,,1206,755,492,,2649,837,,3535,252,,340,,355,,185,,,9.95,1030,300,,540,,,195,,865,1200,718,,181,366,231,,,186,120,254,,,,265,3610,232,283,,310,150,,167,,,1873,,2515,218,270,,211,213,318,,,,,857,2096,1600,11.53,317,,517,,,1625,146,,300,,1200,224,,,2850,608,,203,,1758,,1230,890,331,3800,,17.85,1139,,343,,355,,175,10.56,714,244,,128,636,10.01,,12.26,358,,1534,950,1140,1567,1958,1824,,,485,10.3,2641,,13.48,3115,2650,840,2345,293,,714,444,,228,1617,1465,,1820,,935,,240,374,,301,,,16550,15094,157,210,,695,,1951,1255,378,,,,345,325,,800,410,200,2130,,,12.7,,535,,407,359,510,1660,1933,1220,,21.3,1481,,,,1513,185,1870,,,1021,,,2060,,159,336,362,,,1580,,,,,,287,,,266,1270,,254,28000,,,,138,,1990,
2017-10-30,437,212,332,,1490,800,540,158,211,2100,139,,275,163,6549,440,,628,1140,235,,224,,189,757,196,3661,1200,300,,254,,1218,159,1208,,490,,2635,834,,3500,251,,336,,353,,,,,,1025,,206,531,181,,195,,860,1200,720,,182,365,234,,,184,120,254,,,,266,3505,236,284,,308,,,167,,,1890,,2500,212,260,,211,208,320,,9.95,171,,854,2060,1551,,316,,511,,,1593,149,,300,,1200,223,,,2861,609,,223,,,,1225,885,293,3790,,18,1132,,349,,363,,172,11,704,236,,126,636,,575,12.1,363,,1518,950,1130,1570,1955,1820,,,484,10.12,2610,,13.55,3041,2610,836,2305,291,,742,441,,222,1586,1462,,1811,,916,,240,372,,301,,,16700,15390,154,210,,698,,1969,1255,375,,,,347,324,,797,412,,2115,,,12.5,,,,409,354,511,1635,1929,,,21.3,1460,,,,1515,182,1850,,,1006,,,2020,,162,292,,,,1561,,,,275,,287,,,263,1262,,251,,1224,,,138,,1925,
2017-10-31,437,212,334,,1480,,530,,207,2100,141,,266,,6600,438,,615,1126,233,,222,,188,760,195,3661,1210,298,,253,,1209,156,1200,,489,,2635,823,,3480,250,,330,,356,,185,,,9.95,986,,200,512,189,,198,,857,,722,,186,363,230,,,184,120,253,,143,,,3500,,280,,305,,,161,,,1880,,2360,212,260,,210,212,316,,10.15,167,,847,2070,1502,11.5,317,,511,,,1581,149,,294,,1200,222,,,2840,598,463,245,,,1020,1219,882,293,3715,1830,18,1112,,342,,360,,175,10.66,703,243,,126,635,10.02,569,12.1,363,,1510,940,1135,1571,1960,1794,,,480,10.27,2620,,13.57,3110,2600,840,2318,295,,,451,,224,1580,1450,,1811,,906,,235,370,,298,,,17248,16000,154,210,,690,,1930,1305,370,,,,344,327,,799,409,,2114,,,12.6,,545,,410,350,513,1630,1900,,447,,1440,,,,1524,176,1835,,,1000,,,2000,,161,291,362,,,1535,,,,268,,288,,,264,1242,,248,,1191,,,138,,1895,
2017-11-01,434,211,329,,1456,,519,152,207,,137,,178,,,435,,613,1120,235,,222,,187,766,194,3660,1200,296,,250,,1201,159,1195,,484,,2605,825,,3485,255,,329,,353,,182,,,9.95,1014,,195,502,182,,198,,884,1176,720,,196,361,230,,,180,,246,,141,,255,3438,,279,,306,,340,165,186,,1868,,2320,200,261,,208,206,316,,,,,831,2045,1490,11.4,317,,525,,,1560,147,,294,,1170,221,,,2795,600,463,269,,,1001,1220,873,289,3650,,17.9,1115,,343,,359,,176,10.55,680,233,,124,626,,562,12.05,357,,1500,940,1142,1548,1942,1762,,,478,10.26,2600,,13.6,3020,2578,834,2309,291,,720,441,,223,1550,1395,,1795,,906,,231,364,,300,,,17640,16510,154,204,,689,,1892,1299,365,,,,345,306,,780,407,,2085,,,12.4,,540,,405,352,506,1630,1870,,440,21.3,1160,,182,,1496,176,1810,,1015,995,,,,,159,294,,,,1516,,,,263,,283,,,,1230,,243,28560,1170,,,134,,1860,
2017-11-02,440,210,327,,1450,,518,153,206,2178,,,185,,,435,,617,1123,233,,224,,189,775,190,3675,1155,295,,246,,1170,156,1190,755,480,,2600,830,,3436,251,,330,,352,,,,,,1020,,,505,180,,195,,868,1150,706,,193,365,231,,,180,,245,,140,,251,3421,233,280,,304,,,160,187,,1860,,2360,204,252,,208,210,314,,,170,,823,2049,1460,11.2,315,,513,,,1530,146,,,,1152,223,,,2785,591,,249,,,1030,1215,871,286,3720,,17.63,1105,,341,,355,,176,10.5,673,230,,124,628,10.22,560,,353,,1475,940,1115,1545,1932,1809,,,485,10.06,2575,,13.42,2960,2535,827,2305,290,,739,440,,224,1560,1428,,1800,,900,,230,365,,299,,,17750,16800,154,204,,685,,1890,1275,363,,,,344,290,,775,406,,2090,,,12.31,,540,,410,350,515,1640,1850,1220,429,,1150,,179,,1490,175,1781,,,980,,,1950,,160,290,,,,1530,,,,262,,273,,,,1240,,247,,1145,,,,,1540,
2017-11-05,430,208,325,,1426,,515,155,205,2210,131,,191,,6371,415,,605,1105,227,,222,,188,762,196,3660,1150,295,,243,,1150,153,1157,,470,,2575,821,,3408,248,,325,,340,,,,,9.85,1010,,,481,170,,193,,845,1127,706,,188,360,224,,,180,,240,,140,,242,3366,229,266,,297,,328,157,186,,1778,,,202,262,,205,205,304,,,176,,806,2020,1412,11.3,306,,510,,,1490,143,,289,,,219,,,2726,576,,253,,1828,,1203,849,275,3650,,17.32,1066,,338,,348,,173,10.4,658,242,,123,626,10.2,560,11.96,360,,1489,925,1072,1520,1910,1770,,1080,473,10,2520,,13.02,2910,2480,817,2270,285,,,430,,221,1520,1123,,1760,,884,,,355,190,299,,,17095,16280,154,200,,674,,1853,1332,367,,,,341,285,,766,388,200,2055,,,12.45,,,,401,348,504,1639,1843,,,,1130,,176,,1460,174,1800,,,968,,501,1930,,160,275,,,,1437,,,,257,,272,,,254,1202,,250,27990,1110,,,131,,1510,
2017-11-06,429,211,326,,1424,,515,150,208,2165,130,,184,,6498,414,,605,1070,230,,219,,190,769,194,3750,1070,295,,241,,1142,153,1165,800,484,,2530,817,,3350,246,,324,,331,,182,,,9.87,993,,198,470,172,,,,850,,700,,185,355,217,,,179,,240,150,140,,234,3304,233,266,,292,150,,163,,,1760,,2310,198,247,,202,201,305,,10.14,180,,800,2006,1430,11.3,306,,519,,,1500,142,,,,,218,,,2710,583,,258,,1977,1010,1190,847,278,3590,,17.27,1080,,338,,349,200,171,10.4,657,236,,124,630,10.1,570,,354,,1488,926,1080,1526,1908,1716,,,474,9.96,2450,,,2900,2345,820,2290,280,,739,432,,218,1486,1100,,1765,,875,,228,356,,295,,,16999,16200,154,201,,671,,1838,1345,355,,,,341,282,,770,390,196,2016,,,12.22,,,,395,349,502,1632,1840,,428,,1125,,182,,1440,173,1820,,,988,,,1890,,157,273,,,255,1450,,,,250,,275,,,260,1197,,240,,1100,,,130,,1480,
2017-11-07,422,205,330,,1425,,495,,205,2172,132,,184,,,414,,605,1075,230,,219,,191,773,188,3670,1039,293,,240,,1140,150,1151,,481,,2500,813,,3275,243,,321,,328,,,,,10.04,978,,195,457,173,,189,,850,,702,,182,353,221,,,180,,239,150,140,,231,3468,232,268,186,293,,304,160,,,1666,,2300,198,246,,202,201,303,,,183,,800,1999,1415,11.32,308,,502,,,1473,140,,,,,220,,,2695,575,,268,,,979,1179,851,280,3649,,17.62,1075,,337,,344,,170,10.6,645,232,,122,631,10.07,565,12.2,347,,1462,926,1062,1533,1898,1700,,,471,10.05,2371,,13.09,2855,2270,817,2280,278,,699,433,,219,1489,1108,,1732,,880,,228,351,190,295,,,16994,16225,152,213,,658,,1800,1341,360,,,,341,280,,760,387,,2005,,,12.25,,540,,397,345,501,1575,1820,,430,,1085,,179,,1425,171,1799,,1097,977,540,,1825,,159,270,,,,1440,,,,,,273,,,260,1199,,245,,1090,,,128,,1480,
2017-11-08,416,204,322,,1397,,490,,203,2129,128,,178,,5849,410,,605,1042,228,,219,,191,757,182,3630,1010,290,,237,,1130,148,1135,,478,,2450,796,,3349,240,,316,,325,,177,,,10.1,967,,192,448,166,100,,,840,1078,695,,180,346,220,,,179,,234,,142,,230,3412,227,267,,291,,305,160,,,1635,,2209,201,242,,200,197,301,,10.05,178,,784,1956,1350,11.23,305,,486,,,1415,137,,,,,216,,,2642,568,,269,,2056,962,1165,850,278,3599,,,1050,,336,,342,200,164,10.41,633,240,,120,625,10.2,560,11.96,340,,1425,910,1024,1515,1855,1670,,,464,10.05,2335,,12.96,2890,2255,815,2299,278,,688,425,,216,1430,1090,,1720,,872,,,345,,293,,,16994,16000,150,209,,660,,1750,1325,349,,,,339,275,,749,380,,1985,,,12.45,,522,,383,330,487,1527,1784,,425,,1075,,176,,1400,168,1780,,1118,960,,,1753,,159,269,,,,1432,,,,,,268,,,261,1152,,244,29001,1069,,,127,,1460,
2017-11-09,415,206,326,,1399,,482,,197,2107,,,169,,5805,404,,610,1078,229,,218,,192,765,185,3575,1000,290,,233,,1115,144,1105,,477,,2450,814,,3350,239,,314,,322,200,180,,,,955,,189,449,168,,178,,836,,685,,179,337,219,,,178,,233,150,,,226,3350,,265,186,292,,,158,,,1665,,2253,188,242,,200,198,301,,,178,,782,1975,1323,11.18,307,,475,,,1430,139,,,,1130,209,,,2650,570,,255,,,934,1130,867,278,3466,,17.6,1040,,336,,342,,155,10.54,638,235,,119,629,10.15,554,12,340,,1432,915,1045,1500,1860,1665,,,468,9.95,2345,,13.05,2889,2324,814,2262,273,,670,430,,217,1455,1074,,1720,,870,,224,346,,290,,,16620,15819,153,198,,665,,1617,1348,346,,,,339,275,,740,382,,1985,,,12.44,,,,390,330,490,1530,1790,,415,,1076,,179,,1385,173,1815,,,956,,551,1740,,154,269,,,,1440,,,,,,274,,,,1149,,244,,1065,,,131,,1430,
2017-11-12,423,208,327,,1407,,500,153,204,2070,136,,171,,,408,270,625,1071,231,131,217,,195,790,181,3590,,294,,197,,1114,145,1118,,492,,,816,,3371,248,,317,,333,,180,,,10.15,990,,185,450,165,,175,,848,,714,,179,340,218,,,175,,232,,,,226,3350,227,274,,295,150,299,156,,,1600,,2285,189,242,,205,201,309,,,186,,804,2000,1224,11.18,312,,483,,,1441,139,,,,1080,217,,,2600,561,,256,,,,1150,855,285,3460,,,1097,,340,,345,200,155,10.46,656,230,,118,636,10.01,552,12,351,,1460,915,1050,1505,1873,1680,,,471,10.15,1834,,13.05,2900,2360,820,2275,275,,650,435,,213,1475,1095,,1735,,883,,228,348,190,295,,,17050,16000,150,194,,683,,1524,1244,357,,,,343,295,,745,390,,2005,,,12.25,,529,,400,334,486,1586,1779,,431,,1090,,174,,1400,176,1804,,,979,,,1710,,154,270,,,,1470,,,,254,,276,,,265,1171,,243,29001,1020,,,133,,1450,
2017-11-13,428,214,342,,1437,,495,153,204,,136,,177,,5921,414,,620,1077,236,,219,,192,854,180,3661,1020,297,,193,,1130,149,1123,,500,,2463,825,,3350,246,,319,,330,,186,,,10,982,300,191,442,167,,,,849,1099,725,,181,348,222,,,179,,236,,,,,3355,231,273,,295,,,165,,,1573,,2210,195,248,,203,200,313,,,189,,825,1990,1315,11.4,318,,490,,,1445,141,,282,164,1085,220,,,2600,565,,261,,,930,1161,861,282,3415,,17.3,1071,,347,,345,,163,,652,242,,120,646,10.15,575,12.06,353,,1470,912,1020,1505,1895,1683,,,474,10.1,1829,,13.1,2890,2400,840,2280,273,,629,440,,218,1475,1138,,1820,,895,,220,351,178,291,,,16500,15530,150,198,,685,,1560,1256,353,,,,349,290,,745,391,,2020,,,12.5,,,,390,334,495,1590,1783,,423,,1122,,177,,1440,174,1780,,,985,,562,1725,,165,277,,,,1490,,,,245,,281,,,262,1144,,250,,1027,,,133,,1464,
2017-11-14,432,211,346,,1440,,513,156,202,2080,,,189,,,419,,633,1127,240,131,223,,193,885,180,3642,1092,299,,196,,1168,152,1140,,503,,2500,837,,3420,247,,326,,332,,183,,,10.1,1010,,197,445,172,100,190,,870,1120,730,,184,355,224,,,183,,246,150,,,236,3430,242,280,,303,,,166,189,,1610,,2379,192,272,,205,200,315,,9.85,,,838,2041,1405,11.63,322,,500,,,1489,145,,285,,1134,220,,,2700,584,,276,,,1001,1200,875,293,3489,,17.31,1112,,353,,345,,165,10.45,685,234,,121,656,10.15,589,12.2,356,,1479,916,1060,1525,1900,1715,,,479,10.3,1864,,13.39,2980,2538,846,2330,282,,645,442,,220,1505,1170,,1840,,924,,232,355,172,292,,,17000,15990,153,200,,705,,1581,1263,355,,,,355,286,,760,390,,2050,,,12.5,,541,,395,334,520,1495,1777,,431,21.3,1160,,186,,1500,181,1800,,,1000,,,1810,,164,281,,,,1280,,,,247,,280,,,270,1180,,260,30000,1128,,,136,,1555,
2017-11-15,428,206,337,,1435,,495,155,203,2041,136,,183,,,413,,630,1135,239,,219,,192,856,178,3570,1045,290,,196,,1151,153,1128,,499,,2481,820,,3365,244,,322,,328,,,,,,985,,198,445,166,,184,,860,1232,720,,182,351,219,,,181,,238,,,,238,3450,237,287,186,302,,,160,,,1600,,2250,190,261,,202,201,309,,,189,,810,1995,1355,11.86,319,,485,,,1485,143,,,,1208,216,,,2675,576,,280,,,970,1200,877,291,3499,,17.65,1090,,351,,344,,164,10.45,670,233,322,117,659,10.15,578,12.39,359,,1470,907,1037,1506,1881,1700,,,483,10.13,1828,,,2975,2494,853,2288,270,,685,440,,217,1482,1185,,1830,,906,,236,350,,297,,,16800,15600,149,194,,705,,1521,1250,351,,,,353,282,,739,390,,2050,,,12.52,,531,,401,331,510,1465,1776,,445,21.7,1128,,188,,1478,172,1795,,1118,980,,573,1779,,160,280,,,0,1316,,,,250,,280,,,265,1142,,258,,1088,,,135,,1529,
2017-11-16,420,207,332,,1420,,499,150,200,2022,,,177,,5900,404,,619,1112,234,,216,,192,839,178,3552,1025,293,,191,,1144,150,1116,800,495,,2499,810,,3400,240,,320,,323,,180,,,9.95,967,,195,446,163,,185,,850,1355,708,,180,342,219,,,175,,236,150,,,245,3440,,275,,294,,,160,192,,1560,,2240,184,255,,199,197,301,,9.85,183,,787,1970,1320,11.65,314,,483,,,1465,138,,,,1184,211,,,2650,567,,267,,,954,1182,868,288,3520,1800,17.3,1076,,350,,350,,,10.35,658,241,306,118,651,10.1,576,12.01,351,,1450,887,1013,1505,1893,1680,,,480,10.15,1780,,,2942,2450,850,2275,270,,671,435,,219,1456,1190,,1840,,886,,,346,172,292,,,16600,15540,154,187,,692,,1491,1252,350,,,,350,,,740,383,,2022,,,12.5,,,,395,322,510,1435,1750,,444,21.1,1100,,185,,1490,171,,,,975,,,1800,,155,273,,,,1319,,,,246,,275,,,260,1121,,251,29000,1090,,,135,,1500,
2017-11-19,420,204,335,,1393,,487,151,201,,135,,175,,,402,,615,1110,227,,216,,189,835,175,3535,1045,291,,188,,1122,145,1148,,490,,2490,810,,3311,238,,315,,320,200,170,,,9.95,950,,192,462,159,,185,,847,1387,705,,177,347,216,,,175,120,232,150,,,245,3438,233,244,,293,,,,188,,1580,,2193,183,250,,195,197,300,,,179,,770,1945,1280,,278,,,,,1425,139,,,,1116,210,,,2546,550,,275,,1398,,1168,852,283,3551,,17.06,1043,,344,,341,,161,10.2,643,230,278,117,650,10.1,571,12,350,,1423,879,1020,1475,1876,1680,,1059,470,10.05,1754,,,2941,2400,843,2255,273,,635,434,,215,1431,1150,,1790,,875,,232,343,,290,,,16020,15000,157,184,,685,,1462,1236,348,,,,347,275,,730,380,,2035,,,12.4,,,,390,309,510,1377,1725,,,,1086,,183,,1485,,1732,,1140,965,,,1706,,154,267,,,,1268,,,,245,,270,,,,1119,,244,28988,980,,,133,,1445,
2017-11-20,421,200,336,,1410,,481,162,195,1885,131,,175,,,404,,615,1094,227,131,215,,,827,176,3520,1065,292,,190,,1119,144,1145,,495,,2480,798,,3330,239,,316,,326,,173,,,9.95,935,,190,508,157,100,182,,836,,660,,179,347,215,,,173,,232,,,,242,3450,230,241,,290,,,155,191,,1531,,2100,189,249,,195,194,299,,,177,,760,1950,1326,11.6,281,,465,,260,1412,141,,280,,1144,205,121,,2517,558,,287,,,932,1140,865,276,3580,,17.2,1063,,345,,340,,161,10.25,639,237,253,116,650,10.05,582,,345,,1425,870,1000,1465,1889,1649,,,465,10.02,1720,,,2870,2430,845,2224,265,,630,430,,214,1440,1150,,1770,,865,,,343,170,286,,,16000,14760,156,189,,678,,1492,1240,350,,,,347,275,,731,377,,2020,,,12.45,,491,,385,265,507,1325,1739,,426,21.09,1065,,177,,1480,170,1699,,,970,,,1720,,147,269,,,,1260,,,,238,,275,,,255,1116,,244,,990,,,131,,1440,
2017-11-21,423,206,351,,1400,,485,,202,2070,133,,178,,,403,,615,1094,189,,217,,186,830,175,3515,1036,292,,184,,1105,145,1155,800,391,,2490,810,,3330,242,,318,,324,,171,,,9.85,945,,187,558,155,,182,,837,,682,,177,350,218,,,178,,232,150,136,,,3416,,238,,294,,,151,191,,1540,,2160,184,248,,192,201,300,,9.9,175,,762,1958,1320,11.55,279,,482,,,1415,139,,270,,1116,204,121,,2580,553,,296,,,960,1145,855,283,3600,1800,17.21,1050,,350,,340,,161,10.51,643,239,251,117,647,10.05,579,11.91,350,,1420,880,995,1470,1890,1647,,,466,10.09,1725,,13.48,2837,2500,840,2249,265,,642,433,,215,1452,1180,,1805,,872,,218,344,,286,,,15710,14500,155,185,118,681,,1500,1240,345,,,,350,270,,732,377,,2041,,,12.63,,,,392,265,494,1354,1753,,,,1086,,,,1470,170,1720,,,970,,,,,153,268,,,,1266,,,,241,,276,,,,1140,,247,28700,985,,,132,,1468,
2017-11-22,425,206,343,,1405,,500,156,204,2070,133,,175,,,406,,628,1091,192,,216,,188,851,171,3521,1016,293,,185,,1110,151,1165,,383,,2500,819,,3317,238,,319,,329,,167,,,9.85,961,,,613,154,,190,,840,,645,,177,348,221,,,180,,231,,135,,238,3440,227,238,,291,,300,150,188,,1550,,2150,184,256,,195,198,301,,10.1,172,,770,1984,1300,11.51,282,,470,,,1415,141,,270,,1152,207,,,2615,560,463,290,,,973,1166,878,286,3593,1800,17.25,1071,,352,,344,,161,10.35,653,243,254,117,647,9.91,580,11.93,351,,,874,994,1498,1910,1677,,,466,10.04,1715,,,2853,2580,839,2250,269,,621,435,,220,1425,1170,,1813,,890,,230,344,170,290,,,,14610,152,186,,691,,1442,1236,342,205,,,350,270,,738,385,,2048,,,12.55,,464,,391,274,485,1390,1757,,430,,1119,,180,,1495,174,,,,970,,,,,150,270,,,,1300,,,,240,,285,,,,1150,,247,,980,,,132,,1475,
2017-11-23,425,206,353,,1402,,512,155,198,2030,132,102,178,,,408,,650,1100,196,,215,,184,866,170,3590,1036,295,,196,,1135,148,1179,816,390,,2509,816,,3357,246,,320,,333,,171,,,,962,,190,600,161,100,190,,850,,620,,178,371,218,,,183,,234,,,,,3425,236,242,,297,150,,150,188,,1601,,2107,181,256,,194,198,302,,10.1,,,775,1999,1300,,285,,488,,,1435,,,265,,1245,206,,,2765,570,463,295,,,954,1166,878,290,3635,1800,,1090,,355,,344,200,166,10.35,664,240,252,118,654,10,579,12.1,360,,1410,905,995,1480,1910,1670,,,472,10,1765,,13.28,2910,2751,844,2289,265,,657,439,,217,1475,1147,,1800,,893,,237,346,170,290,,,16000,14950,154,182,116,700,,1450,1215,348,,,,353,275,,745,389,,2060,,,12.5,,465,,407,273,505,1383,1767,,454,21.1,1120,,,,1515,168,1788,,,970,,,1730,,163,274,,,,1341,,,,252,,289,,,253,1143,,247,29000,995,,,132,,1528,
2017-11-26,432,209,354,,1437,,507,161,197,1935,,,179,,6020,411,,679,1120,198,,219,,187,918,180,3610,1025,302,,198,,1139,150,1195,784,399,,2575,812,,3408,251,,327,,330,200,170,,,,962,,190,588,162,,193,,863,,640,,179,385,222,,,188,,240,,,,231,3660,233,245,,300,,,151,191,,1620,,2188,176,281,,199,199,304,,10.1,,,788,2015,1378,11.51,290,,506,,,1430,141,,255,,1200,212,,,2830,575,,295,,,963,1175,884,292,3795,,17.55,1107,,367,,349,,,,685,245,265,119,665,,590,,365,,1453,895,1015,1535,1910,1692,,,480,10,1790,,13.45,2950,3026,859,2280,265,,640,441,,217,1500,1170,,1829,,901,,,352,,,,,16000,15000,159,152,,714,,1471,1250,343,,,,360,285,,750,391,,2115,,,12.55,,481,,431,275,504,1450,1800,,445,21.15,1120,,177,,1229,168,1794,,,968,,,1750,,172,276,,,265,1407,,,,249,,295,,,,1195,,254,,1030,,,134,,1510,
2017-11-27,430,206,351,,1421,,500,164,200,1898,132,,174,,,409,,681,1120,197,,218,,187,939,183,3640,1007,304,,194,,1140,151,1195,744,400,,2610,823,,3406,244,,325,,326,,172,,,,985,,196,580,159,,,,866,,662,,181,375,221,,,185,,240,,135,,235,3695,231,246,,299,,,153,186,,1768,,2230,179,290,,192,201,282,,9.85,169,,792,2015,1340,11.51,288,,502,,,1447,145,,256,,1186,214,121,,2840,578,,300,,,990,1165,886,287,3751,,17.33,1103,,365,,357,,163,10.26,677,252,265,118,667,,592,,362,,1499,898,1020,1500,1914,1696,,,479,10.05,1855,,13.45,2930,3000,863,2253,270,,640,440,,213,1507,1175,,1821,,900,,224,354,,305,,,15502,14055,159,154,,724,,1442,1260,350,,,,360,283,,750,398,,2109,,,12.8,,478,,410,267,523,1430,1790,,449,21.15,1110,,,,1208,179,1785,,,964,,487,1750,,166,276,,,,1382,,,,250,,304,,,250,1194,,256,,1029,,,,,1517,
2017-11-28,431,209,348,,1425,,514,170,201,1898,134,,175,,,409,,704,1095,197,,219,,185,960,186,3635,1030,304,,193,,1130,151,1200,774,405,,2600,829,,3474,243,,327,,325,,172,,,9.92,980,,193,595,157,,188,,870,,651,,185,371,219,,,186,,243,,139,,239,3622,231,245,,297,,306,157,180,,1850,,2315,180,304,,195,196,286,,10.15,,,781,2011,1346,11.55,291,,500,,,1435,141,,276,,1215,212,121,,2870,582,,300,,,975,1180,880,290,3804,1800,17.55,1085,,367,,359,,169,10.12,706,247,265,121,666,10.05,590,,360,,1470,890,1010,1500,1900,1700,,,485,10.06,1850,,13.45,3020,2982,900,2273,263,,652,440,,217,1520,1160,,1825,,900,,234,355,,308,,,15560,14320,161,154,,735,,1470,1270,355,,,,360,,,756,394,,2114,,325,12.9,,480,,417,272,527,1420,1796,,448,,1110,,180,,1223,177,,,,999,,,1820,,164,276,,,,1409,,,,255,,298,,,262,1184,,252,28700,1020,,,135,,1547,
2017-11-29,436,212,354,,1440,,510,173,204,1932,136,,180,,,416,,718,1112,198,,219,,194,940,183,3650,1070,304,,195,,1150,151,1210,758,400,,2620,865,,3569,248,,328,,325,200,177,,,10.2,1007,,192,591,163,,187,,883,1249,674,,186,388,226,,,185,,241,150,140,,247,3750,240,246,,299,,,160,183,,1790,,2350,175,303,,193,199,289,,,,,809,2055,1350,11.6,295,,510,,,1474,143,,280,,1266,215,,,3000,601,,309,,,1000,1180,887,290,2845,,17.85,1100,,372,,365,,166,10.25,714,250,260,125,674,10.05,590,12.25,367,,1470,916,1033,1505,1920,1715,,,487,10.12,1920,,13.46,3078,3000,903,2330,265,,655,443,,215,1590,1174,,1850,,910,,230,356,,298,,,15560,14505,164,153,,750,,1600,1337,356,,,,365,286,,750,395,,2118,,,12.65,,480,,410,281,548,1487,1770,,441,,1120,,183,,1220,174,1850,,,1010,,,1890,,172,282,,,,1415,,,,262,,305,,,266,1225,,262,,1064,,,137,,1590,
2017-11-30,437,210,365,,1460,,490,167,208,,136,,178,,,412,,729,1130,195,,216,209,188,951,188,3625,1049,302,,195,,1168,150,1207,740,400,,2600,872,,3584,248,,324,,320,200,175,,,10.1,1020,,195,586,166,,185,,880,1215,670,,186,402,223,,,186,,244,,140,,235,3775,237,243,,303,,,160,,,1836,,2370,175,290,,193,198,285,,10.1,,,800,2065,1365,11.6,294,,501,,,1469,147,,280,,1232,213,,,2961,599,,303,,,980,1179,880,292,2880,,17.52,1115,,379,,366,,164,10.17,730,249,261,125,680,10.05,590,12.4,370,,1470,950,1032,1509,1902,1713,,,490,10.3,1999,,13.64,3145,2985,904,2328,267,,678,441,,216,1578,1185,,1875,,915,,226,354,167,298,,,15555,14670,160,161,,734,,1595,1319,353,,,,363,292,,747,397,,2120,,,12.51,,459,,410,282,555,1460,1783,,449,,1147,,184,,1216,171,1801,,,1014,,,1917,,168,283,,,,1415,,,,252,,313,,,262,1347,,272,28701,1042,,,139,,1600,
2017-12-04,435,210,358,,1440,,485,167,200,1915,134,,173,,,410,,725,1100,194,,216,,184,948,181,3615,1030,299,,199,,1150,149,1200,740,405,,2605,880,,3545,243,,328,,269,,172,,,10.03,1020,,193,581,164,,186,,878,1238,657,,181,428,,,,185,,243,,140,,236,3760,,240,,307,,300,157,180,,1800,,2330,170,295,,196,198,285,,,,,798,2035,1350,,290,,500,,,1452,144,,,,1260,211,,,3000,587,,300,,,980,1166,873,291,2820,,17.35,1106,,376,,365,,161,10.15,712,255,255,125,674,9.86,586,12.12,361,,1431,941,1013,1497,1890,1695,,,490,,2015,,13.38,2600,3020,899,2290,264,,704,438,,214,1557,945,,1862,,898,,225,353,,295,,,15198,14315,163,158,,736,,1565,1295,352,,,,356,287,,736,396,,2114,,,12.65,,466,,408,282,554,1437,1770,,441,20.73,1115,,185,,1215,,1800,,1162,1015,,,1920,,173,280,,,,1400,,,,245,,314,,,,1276,,275,,1030,,,136,,1600,
2017-12-05,431,211,356,,1485,,486,163,201,1916,133,,169,,5900,409,,740,1130,196,,217,,184,935,186,3601,1032,298,,196,,1146,152,1190,,397,,2600,884,,3532,244,,331,,266,,180,,,10,1019,,190,576,164,,185,,871,1287,648,,185,425,224,,,184,,242,150,134,,236,3775,,244,,305,,,157,179,,1836,,2350,171,286,,194,199,284,,10.05,172,,795,2070,1319,11.8,288,,500,,,1430,146,,,,1315,208,,,3089,596,463,300,,,970,1170,873,291,2801,,,1120,,377,,363,,163,10.13,725,255,253,125,675,10.05,587,11.96,363,,1445,935,1024,1490,1890,1679,,,484,10.2,2050,,13.39,2600,3060,893,2300,258,,691,438,,212,1545,935,,1874,,895,,229,353,,,,,15480,14400,161,151,,737,,1580,1300,355,,,,350,286,,735,393,,2115,,331,12.84,,474,,406,280,538,1455,1750,,449,20.72,1110,,177,,1210,170,1800,,1185,1005,,,1885,,182,279,,,,1395,,,,248,,317,,,,1271,,271,,1020,,,,,1626,
2017-12-06,435,212,372,,1512,,493,162,201,1887,135,,172,,,418,,739,1130,196,,220,205,191,950,200,3650,1035,305,,197,,1159,160,1195,735,404,,2620,909,,3570,247,,333,,280,,180,,,10,1034,,194,590,167,,187,,873,,671,,185,415,225,,,183,,249,150,,,240,3800,,241,,306,,312,163,184,,1830,,2350,175,282,,199,198,284,,9.95,,,798,2085,1370,11.79,290,,514,,,1487,146,,,,1360,208,,,3088,610,,294,,1453,985,1168,877,291,2810,,17.65,1122,,381,,367,,161,10.25,723,259,255,126,677,9.98,593,12.22,362,,1465,924,1044,1500,1898,1689,,1050,491,10.25,2103,,13.4,2705,3100,895,2329,263,,718,440,,214,1560,935,,1895,950,910,,226,357,,300,,,15549,14450,166,160,,745,,1641,1296,362,,,,358,297,,746,395,,2120,,,12.8,,465,,412,280,550,1451,1778,1196,440,20.7,1135,,177,,1215,170,1800,,,1038,,,1914,,194,279,,,,1434,,,,236,,333,,,265,1305,,281,,1015,,,137,,1658,
2017-12-10,430,214,367,,1499,,485,,202,1887,133,,172,,6490,413,,746,1100,196,,215,,182,947,199,3610,1060,298,,197,,1121,155,1187,763,400,,2605,919,,3570,246,,330,,268,,177,,,,1030,,193,590,167,,184,,862,,670,,181,409,220,1125,,188,,245,,,,240,3776,,244,,307,,312,157,184,,1811,,2306,172,277,,194,198,278,,,,,798,2076,1306,11.85,288,,511,,,1515,141,,270,,1335,210,,,3050,605,,299,,1511,971,1164,871,292,2761,,17.55,,,379,,363,,161,10.12,715,255,250,123,671,9.86,595,12.25,357,,1440,925,1036,1496,1896,1674,,,491,10.1,2050,,13.42,2810,3100,900,2300,265,,690,442,,213,1555,925,,1865,,890,,226,358,170,298,,,15190,13970,163,157,,739,,1606,1278,360,,,,354,298,,753,391,,2197,,,12.8,,456,,420,282,540,1435,1360,,434,20.5,1120,,,,1205,169,1800,,,1031,,,,,194,274,,,,1400,,,,235,,324,,,260,1261,,276,,1016,,,,,1630,
2017-12-11,431,216,370,,1482,,485,,209,1860,,,175,,6488,410,,745,1120,195,,217,,184,945,191,3610,1039,300,,197,,1120,155,1186,820,395,,2565,910,,3535,244,,333,,266,150,158,,,9.9,1023,,,585,161,,,,862,1290,670,,181,402,217,1120,,186,,244,150,134,,,3800,,246,,306,,324,155,187,,1788,,2352,175,269,,193,197,277,,9.84,175,,781,2051,1350,11.85,292,,513,,,,145,,,,1334,214,,,3001,600,,,,1571,976,1167,866,290,2760,,17.6,,,376,,368,,,10.13,720,248,245,123,667,10.05,594,,357,,1440,925,1005,1485,1887,1660,,,489,10.02,2000,,13.39,2647,3100,901,2300,259,,695,438,,214,1533,,,1865,950,903,,,360,,293,,,15250,14210,163,155,,740,,1595,1275,347,,,,353,295,,738,392,,2192,,,13,,448,,418,280,548,1440,1365,,442,20.3,1125,,,,1205,170,1782,,,1034,,,1882,,187,276,,,,1390,,,,239,,323,,,260,1280,,269,,1001,,,135,,1600,
2017-12-12,427,214,362,,1437,,476,,202,1821,,,174,,6735,407,,735,1100,193,,216,,185,946,189,3590,1020,294,,195,,1110,153,1175,803,392,,2501,890,,3499,242,,332,,267,,160,,,9.9,1000,,,575,164,,183,,850,,645,,180,391,218,1085,,181,,239,150,,,244,3750,,238,,300,,352,163,,,1772,,2305,170,264,,194,194,272,,9.78,178,,782,2010,1338,11.65,283,,515,,,1457,144,,262,,1290,212,,,2970,589,,,,1634,952,1160,866,286,2680,,17.45,,,370,,357,,158,10.15,711,252,253,121,662,9.99,587,12.2,358,,1440,920,1022,1479,1878,1655,,,481,10.1,1960,,,2614,2992,893,2280,258,,663,435,,210,1510,881,,1840,950,885,,,351,,290,,,14400,13380,159,152,,743,,1570,1266,334,,,,350,290,,730,387,,2180,,,12.55,,,,407,276,550,1418,1331,,,,1100,,174,,1190,170,1763,,1244,1005,,,1840,,188,275,,,,1385,,,,236,,314,,,,1240,,274,28500,1010,,,136,,1580,
2017-12-13,428,215,364,,1462,,489,,205,1850,132,,173,,7140,412,,742,1101,195,,217,,184,954,185,3599,1030,298,,193,,1115,153,1188,790,,,2530,890,,3550,245,,334,,272,,163,,,9.9,1019,,,571,162,,183,,844,,637,,180,398,218,1114,,182,,244,150,,,,3780,237,240,,306,,365,157,205,,1780,,2300,174,272,,192,196,273,,9.9,195,,779,2020,1340,11.75,288,,508,,,1450,142,,258,,1311,211,,,3000,590,,294,,1732,960,1156,872,291,2750,,17.8,,,375,,360,,155,10.08,717,255,246,121,669,10,590,12.2,359,,1470,927,1028,1482,1873,1680,,,480,10.1,2038,,,2629,3111,905,2300,262,,686,439,,214,1501,898,,1858,,890,,217,355,,295,,,14400,13400,159,159,,733,,1580,1290,227,,,,354,293,,742,386,196,2180,,343,12.61,,455,,410,280,540,1425,1350,,434,,1142,,,,1200,169,1758,,1293,1020,,,1876,,188,277,,,270,1390,,,,240,,317,,,,1265,,272,28600,1030,,,137,,1599,
2017-12-14,425,217,360,,1449,,480,162,201,1887,139,,176,,7200,409,,735,1101,194,,216,,184,948,184,3623,1025,298,,191,,1115,155,1184,,,,2600,895,,3530,241,,330,,281,,163,,,,1015,,190,569,165,,187,,840,,599,,181,397,,1091,,181,,242,150,135,,,3788,,242,,301,,372,156,225,,1958,,,173,267,,193,195,271,,,214,,770,,1340,,288,,505,,,1455,144,,263,,1314,207,120,,3025,590,,,,1801,956,1160,870,289,2697,,17.95,,,373,,358,,160,10.02,772,254,240,122,672,10.1,584,12.4,365,,1455,932,1007,1473,1880,1678,,,480,10.1,2020,,13.66,2628,3060,920,2264,260,,692,441,,210,1500,890,,1856,,883,,221,352,,289,,,14450,13500,161,159,,740,,1601,1300,223,,,,354,,,745,384,,2179,,,12.73,,455,,413,273,516,1402,1336,,439,20,1120,,,,1187,166,1750,,,1015,,,,,192,276,,,,1390,,,,240,,323,,,258,1331,,270,,1030,,,,,1601,
2017-12-17,423,210,360,,1440,,478,165,202,1776,140,,173,,7800,413,,721,1095,190,,215,,179,945,184,3600,1010,295,,192,,1115,155,1166,,390,,2605,885,,3460,238,162,326,,268,,160,,,10,1004,,183,565,164,,,,835,1265,586,,181,394,216,1084,,178,,238,,133,,236,3750,,239,,298,,364,157,210,,1780,,2305,170,265,,195,193,266,,9.81,200,,664,1987,1339,11.72,286,,503,,,1435,140,,255,,1300,210,,,3000,580,,284,,1910,901,1155,866,285,2680,,,,,366,,358,,,10.11,758,256,240,120,664,10.1,591,,355,,1456,905,1011,1456,1859,1661,,,477,10.08,2009,,13.5,2674,3050,930,2260,253,,692,435,,210,1480,870,,1845,,880,,217,349,167,294,,,14485,13475,161,,,749,,1570,1285,220,,,,355,252,,627,384,,2170,,,,,455,,410,276,512,1381,1310,,439,19.7,1101,,,,1200,163,1750,,,997,,,1810,,182,272,,,,1370,,,,236,,318,,,,1288,,264,,1010,,,,,1590,
2017-12-18,426,213,360,,1441,,470,165,202,1847,142,,173,,8115,418,,725,1080,195,,215,,172,955,183,3650,1011,294,,190,,1114,153,1155,,388,,2600,875,,3500,238,159,327,,264,,161,,,9.85,1002,,,560,158,,,,840,,576,,181,397,215,1090,,179,,238,,132,,228,3701,,239,,299,,350,155,199,,1750,,2427,173,277,,191,192,267,,,184,,650,1999,1325,11.75,281,,490,,,1435,140,,250,,1280,210,,,2980,575,,287,,2005,882,1160,864,284,2800,,17.45,,,366,,352,,158,10.25,745,259,235,122,663,10,590,12.2,360,,1460,901,1005,1470,1855,1640,,,469,10.03,1973,,13.55,,3089,940,2300,250,,708,427,,210,1470,860,,1849,,875,,232,347,173,285,,,14500,13700,156,151,,752,,1585,1264,214,,,,351,267,,620,380,,2155,,,12.7,,470,,404,274,518,1390,1275,,435,20.09,1100,,168,,1196,166,1730,,,1000,,511,1815,,184,274,,,,1350,,,,237,,320,,,258,1269,,265,,1000,,,138,,1592,
2017-12-19,424,209,358,,1449,,465,181,200,1836,,,173,,7960,414,,719,1070,190,,215,,145,959,183,3621,1019,293,,187,,1095,151,1140,,393,,2555,858,,3461,235,156,326,,264,,161,,,,986,,186,555,160,,184,,838,1192,557,,178,390,213,1105,,178,,236,150,129,,228,3750,,245,,294,,345,150,205,,1741,,2385,169,278,,190,191,270,,9.8,182,,635,1981,1300,,281,,359,,,1420,140,,246,,1278,206,,,2985,567,,290,,,875,1155,861,284,2700,,17.35,,,366,,355,,155,10.15,727,,232,117,661,10.1,586,12.06,360,,1450,885,1005,1470,1846,1632,,,474,10.19,1963,,,2675,3060,900,2297,250,240,690,420,,208,1450,860,,1840,,868,,236,347,170,282,,,14400,13765,154,152,,737,350,1600,1245,214,,,,350,,,616,380,,2105,,,12.65,,461,,412,271,506,1383,1250,,425,,1082,,164,107,1185,166,1700,,,990,,536,1780,,173,273,,,,1316,,,,233,,311,,,253,1260,,262,28800,990,,,136,,1580,
2017-12-20,422,210,356,,1433,,464,189,201,,,,170,,7742,421,,706,1075,191,,213,,147,937,181,3625,1000,291,,189,,1098,150,1135,,,,2555,856,,3426,239,156,322,,260,,158,,,10,971,,184,536,158,,176,,839,1102,543,,180,385,210,1092,,180,,236,,128,,228,3750,,237,,293,,,153,209,,1800,,2340,165,275,,190,193,271,,9.99,,,625,1987,1300,11.75,279,,345,,,1422,139,,250,,1245,209,,,2980,560,,291,,2085,876,1155,860,282,2680,,17.35,,,360,,351,,,10.2,715,250,229,117,651,10.07,580,12.3,352,,1450,890,999,1460,1844,1617,,,470,10.19,1949,,,2560,3050,886,2261,252,,689,320,,207,1535,,,1815,,840,,227,347,170,277,,,14166,13400,154,152,,731,,1568,1243,212,,,,349,,,610,380,,2113,,,12.41,,467,,404,272,507,1375,1250,,410,,1074,,175,,1180,164,1662,,,981,,,1799,,178,272,,,,1342,,,,237,,303,,,,1250,,264,,984,,,,,1561,
2017-12-21,420,208,350,,1425,,456,183,197,1813,138,,,,7886,418,,702,1060,191,,213,,145,922,184,3610,989,291,,183,,1080,,1128,,386,,2500,845,,3406,238,,321,,255,,,,,,970,,187,536,156,,172,,844,1124,541,,179,386,210,1071,,177,120,236,,,,226,3725,,238,,292,,,153,201,,1770,,2340,162,270,,190,188,270,,9.99,192,,625,1975,1293,,278,,348,,,1402,142,,255,,1245,206,,,2990,546,,,,2211,866,1149,860,282,2675,,,,,356,,349,,,10.11,690,259,226,117,650,10.05,580,12.1,349,,1441,886,982,1439,1820,1614,,,469,10.2,1957,266,,2540,3065,860,2231,244,,678,315,,205,1470,845,,1790,,843,,239,352,,281,,,13935,13225,152,153,,718,,1541,1238,212,,,,346,,,609,373,,2086,,,12.41,,448,,400,272,506,1381,1236,,405,20.09,1062,,182,,1167,159,1660,,1318,987,,,1795,,170,269,,,,1315,,,,,,297,,,,1225,,257,,928,,,,,1555,
2017-12-24,421,207,348,,1425,,455,181,206,1781,134,,,,8000,415,,700,1060,187,,210,,145,923,172,3610,959,291,,187,,1060,152,1129,803,,,2530,834,,3372,238,,321,,250,,156,,,,972,,190,589,155,,175,,839,1168,542,,180,386,212,1080,,176,,233,150,,,,3745,,238,,293,,,152,205,,1750,,2360,170,268,,185,190,269,,,189,,635,1991,1271,11.3,280,,346,,,1405,140,,,,1269,204,,,2960,445,,287,,2414,867,1150,854,281,2622,,17.09,,,359,,353,,152,10.05,679,257,221,120,655,10.4,577,12.65,349,,1450,875,852,1420,1805,1602,,,468,10.04,1999,,13.44,2505,3051,850,2220,244,,670,312,,200,1442,,,1785,,840,,238,344,170,284,,,13900,13237,154,147,,685,,1599,1239,211,,,,347,243,,605,370,,2077,,,12.65,,338,,391,270,500,1381,1232,,421,,1060,,164,,1184,152,1630,,,970,,,1795,,171,269,,,,1320,,,,240,,311,,,265,1215,,255,28200,931,,,129,101,1550,
2017-12-26,420,207,341,,1394,,455,171,202,1725,130,,161,,7705,410,,685,1035,185,,209,,145,901,174,3511,946,288,,185,,1029,149,1107,787,375,,2470,824,,3320,234,,316,,239,,156,,,9.8,955,,190,595,151,,175,,649,1123,525,,177,380,210,1058,,171,120,199,,,,220,3685,,238,,291,,339,147,,,1727,,1980,167,269,,185,182,262,,,183,,610,1958,1246,11.3,274,,340,,,1390,140,,255,,1206,201,,,2910,429,,,160,2655,878,1145,850,274,2575,,17.17,,,350,,343,,,10.05,674,248,215,119,655,,573,12.4,343,,1430,848,826,1412,1786,1585,,,465,10.06,1905,,,2455,3065,860,2155,240,,644,313,,195,1401,829,,1760,,817,,222,336,,280,,,13530,13000,153,143,,666,,1542,1230,199,,,,342,245,,600,370,,2010,,,12.4,,,,301,270,495,1350,1219,,402,,1025,,160,,1175,149,1601,,,954,,,1795,,171,266,,,,1280,,,,236,,302,,,256,1172,,250,,901,,,131,,1545,
2017-12-27,415,203,346,,1380,,457,169,199,,,,162,,7845,405,,672,1020,183,,205,,,893,172,3495,908,286,,180,,1015,147,1085,790,370,,2405,830,,3300,229,,317,,236,,155,,,9.85,942,,,589,146,,171,,630,1110,510,,173,374,208,1045,,174,,195,,,,214,3600,231,231,,288,,333,145,201,,1676,,,162,258,,177,179,262,,9.8,192,,597,1917,1211,11.15,271,,336,,,1364,140,,255,,1200,194,,,2900,425,,278,,2920,845,1134,840,270,2511,,17.1,,,348,,340,,,10.07,670,243,207,118,650,,571,12.16,339,,1420,828,810,1390,1752,1560,,1100,456,10.01,1907,,,2445,2555,839,2086,237,,644,309,,193,1390,798,,1750,,799,,213,321,,277,,,13330,12800,151,142,,656,,1542,1212,196,,,,342,237,,591,363,,1955,,,12.39,,,,298,269,478,1305,1183,,396,,1016,,151,,1150,150,1589,,,932,,,1746,,165,261,,,,1270,,,,,,301,,,255,1131,,250,,904,,,129,,1500,
2017-12-28,410,204,341,,1384,,455,173,199,1782,,,165,163,7700,402,,671,1000,182,,203,,138,887,171,3485,944,282,,179,,1034,146,798,787,360,,2420,821,,3291,227,,320,,231,,149,,,,954,,192,565,146,,168,,608,1150,505,,169,370,210,1045,,178,120,190,,130,,217,3565,,234,,290,,330,144,,,1665,,1921,168,250,,174,177,254,,9.8,,,599,1920,1220,11.17,270,,330,,,1364,139,,250,,1210,198,,,2786,417,,273,,3212,829,1090,840,271,2485,,16.8,,,347,,340,,,10.05,680,239,206,116,649,,569,12.01,339,,1402,830,801,1371,1751,1547,,,460,10.01,1890,,13.15,2387,2425,843,2104,229,,650,306,,188,1386,800,,1750,,804,,218,325,170,270,,,13230,12560,152,143,,650,,1540,1185,190,,,,339,240,,590,358,,1900,,,12.7,,,,299,269,486,1340,1190,,392,,1010,,159,,1164,148,1596,,,940,,,1685,,165,258,,,,1270,,,,232,,306,,,273,1160,,249,28200,885,,,125,,1519,
2017-12-31,402,202,335,,1372,,450,170,186,1730,128,,,,7252,401,,675,980,178,,200,,136,885,169,3489,926,280,,178,,833,146,798,,365,,2375,825,,3260,189,,313,,229,,148,,,9.76,935,,189,565,140,,167,,590,1180,490,,170,367,,1021,,,,190,,132,,217,3550,,229,,283,,336,146,,,1632,,1881,166,239,,177,173,250,,9.62,189,,605,1917,1218,11.05,269,,320,,,1315,140,,,,,190,,,2760,408,,268,,3150,816,1020,834,266,2480,,16.51,,,347,,336,200,155,10.02,672,231,211,116,643,,570,11.9,337,,1390,824,802,1371,1721,1530,,,453,10.01,1840,,12.9,2294,2405,778,1187,233,,645,303,,186,1400,794,,1721,,798,,211,321,160,,,,13065,12300,150,140,,651,,1481,1168,188,,,,334,246,,587,355,195,967,,,12.25,,,,295,270,474,1340,1152,,365,,1015,,162,,1155,146,1593,,,926,,,1355,,165,258,,,,1275,,,,,,312,,,221,1147,,248,28500,890,,,120,,1465,
