date,ADBL,AHPC,AKJCL,AKPL,ALICL,ALICLP,AMFI,API,ARUN,BARUN,BBC,BFC,BFCPO,BHBL,BNT,BOKL,BOKLPO,BPCL,CBBL,CBBLPO,CBL,CBLPO,CCBL,CCBLPO,CEFL,CEFLPO,CFCL,CFCLPO,CHCL,CHL,CIT,CLBSL,CMB,CMF1,CORBL,CZBIL,CZBILP,DBBL,DBBLPO,DDBL,DHPL,EBL,EBLCP,EDBL,EIC,FMDBL,FMDBLP,FOWAD,GBBL,GBBLPO,GBIME,GBIMEP,GBLBS,GDBL,GDBLPO,GFCL,GILB,GIMES1,GLICL,GLICLP,GMFIL,GRDBL,GUFL,GUFLPO,HAMRO,HAMROP,HATH,HBL,HDL,HGI,HGIPO,HIDCL,HPPL,ICFC,ICFCPO,IGI,IGIPO,JBBL,JBBLPO,JBNL,JBNLPO,JEFL,JFL,JSLBB,KADBL,KADBLP,KBBL,KBBLPO,KBL,KBLPO,KEBL,KKHC,KMBSL,KMCDB,KMCDBP,KMFL,KNBL,KPCL,KRBL,KSBBL,KSBBLP,LBBL,LBBLPO,LBL,LBLPO,LEMF,LFC,LGIL,LICN,LLBS,LVF1,MBL,MBLPO,MDB,MEGA,MEGAPO,MERO,MFIL,MFILPO,MIDBL,MIDBLP,MLBBL,MLBL,MLBLPO,MMFDB,MMFDBP,MNBBL,MNBBLP,MPFL,MPFLPO,MSLB,MSMBS,NABIL,NABILP,NADEP,NBB,NBBL,NBBLPO,NBF1,NBL,NCCB,NCCBPO,NCDB,NCDBPO,NEF,NFSPO,NGBBL,NGPL,NHDL,NHPC,NIB,NIBLPF,NIBPO,NIBSF1,NICA,NICAP,NICGF,NICL,NIL,NLBBL,NLG,NLIC,NLICL,NLICLP,NLICP,NMB,NMBHF1,NMBMF,NMBPO,NMBSF1,NMFBS,NNLB,NSEWA,NTC,NUBL,ODBL,ODBLPO,OHL,PCBL,PCBLP,PFL,PFLPO,PIC,PICL,PICLPO,PLIC,PLICPO,PMHPL,PRIN,PROFL,PROFLP,PRVU,PRVUPO,PURBL,RADHI,RBCL,RBCLPO,RHPC,RLFL,RLFLPO,RMDC,RMFL,RRHP,RSDC,SADBL,SADBLP,SAEF,SANIMA,SBBLJ,SBBLJP,SBI,SBL,SBLPO,SCB,SDESI,SEF,SEOS,SFFIL,SFFILP,SHINE,SHL,SHPC,SIC,SICL,SICLPO,SIFC,SIFCPO,SIL,SILPO,SINDU,SINDUP,SKBBL,SKDBL,SLBBL,SLBBLP,SLBS,SLICL,SLICLP,SMATA,SMB,SMFDB,SMFDBP,SPDL,SRBL,SRBLPO,SRS,STC,SWBBL,SWBBLP,TNBL,TRH,UFL,UIC,UMB,UMHL,UNL,VLBS,WDBL,WMBF,WOMI
2018-01-01,414,206,,341,1403,,,459,170,194,1764,,,164,7544,409,,691,1035,,182,,204,,,,144,,915,175,3554,962,,,,287,,186,,876,148,835,,377,2465,860,,3350,196,,321,,,239,,153,,9.57,972,,192,195,145,100,175,,,636,1203,509,,173,375,215,,1075,,167,,197,,136,222,3700,,,235,,291,,,153,,1750,,1848,167,,249,182,,180,,258,,,190,628,1970,1274,11.06,279,,332,,,1379,141,,216,,1136,190,,2900,,421,,268,160,3150,861,1065,858,,275,2550,,16.97,356,340,,,106,10.05,,690,243,217,120,655,10.19,582,11.91,344,,,1419,870,850,1388,1759,1575,,,464,10,1970,,13.15,2397,2475,,775,1234,245,,688,314,,184,,1412,829,,1789,,,840,216,,325,,220,,14175,13350,154,150,,674,1540,,1165,197,,,342,243,,613,357,,1033,,,12.11,,,309,285,500,1380,1184,,372,,1050,,170,,1198,153,1670,,,970,,562,,1405,,164,267,,,,1350,,236,322,225,1188,,252,28501,948,,130,1492
2018-01-02,425,206,,343,1381,,,452,168,195,1765,128,,164,7400,407,,685,1000,,182,,203,,,,142,,895,180,3530,943,,,,290,,181,,869,152,861,735,389,2430,836,,3290,195,,316,,,235,,150,,9.76,950,,195,,145,,174,,,650,1220,516,,170,376,216,,1045,,164,,193,,140,220,3080,235,,229,,289,,342,159,195,1760,,1870,166,,241,179,,180,,253,,9.62,181,611,1965,1250,11.25,276,,338,,,1380,141,,232,,1170,192,,2920,,428,,,,3100,900,1080,854,,278,2563,1300,,352,336,,153,106,10,,685,240,218,118,660,10.1,586,11.9,342,,,1400,865,825,1381,1740,1580,,,465,10,1940,,12.95,2353,2505,,782,1260,242,,680,312,,183,,1450,826,,1779,,,822,220,,321,,224,,13950,13150,157,146,,669,1540,,1213,200,,,342,250,,610,360,,1080,,,12.35,338,,297,277,485,1370,1182,,399,,1040,,163,,1199,149,1675,,1130,959,,,,1424,,164,266,,,,1330,,236,312,221,1179,,250,,923,,129,1535
2018-01-03,422,205,,337,1366,,,446,171,198,1749,127,,161,7151,402,,677,995,,180,,200,,,,140,,885,178,3505,940,,,,286,,177,,845,152,856,728,383,2385,840,,3270,191,,313,,,234,,155,,,940,,166,,,,169,,,648,1198,498,,168,371,207,,1050,,159,,191,,138,180,2959,239,,229,,284,,353,150,190,1825,,1870,163,,230,177,,176,,253,,9.81,180,600,1936,1234,11.39,273,,332,,,1355,144,,,,,188,,,,421,,283,,3020,846,1055,843,,273,2500,,16.65,347,335,,,106,10.01,,671,244,216,116,657,,572,11.9,336,,,1372,848,824,1380,1720,1540,,,458,9.95,1900,,,2271,2456,,761,1230,238,,667,307,,177,,1440,805,,1745,,,798,214,,318,,220,,13510,13000,150,144,,661,1530,,1200,200,,,338,,,600,353,,1051,,,12.28,,,302,273,475,1351,1166,,,,1030,,160,,1178,147,1630,,,925,,,,1396,,161,263,,,,1300,,236,312,,1150,,245,28900,900,,127,1535
2018-01-04,421,205,,342,1361,720,,470,169,195,1715,131,,162,7291,405,,680,1035,,181,,199,,,,138,,882,181,3520,904,,,,285,,175,,846,153,872,754,380,2380,832,425,3275,190,,316,,,231,,150,,,938,,,192,144,,172,,,644,1205,509,,170,369,208,,1030,,157,,190,,138,177,3049,236,,230,,283,,354,153,193,1855,,,160,,137,175,,174,,252,,,187,604,1935,1249,11.45,274,,329,,,1373,140,,,,,192,,,,418,,311,,2982,837,1080,850,,272,2460,,,350,336,,,,10,,683,239,217,118,659,10,576,11.72,338,,,1372,843,820,1347,1730,1540,,,456,10,1900,,12.82,2251,2331,,778,1245,238,,660,303,,182,,1449,795,,1742,,,800,,,317,160,224,,13600,12860,151,144,,656,1559,,1190,198,,,340,234,,599,355,,1064,,,12.2,,,299,273,470,1349,1175,,398,,1050,,165,,1170,147,1650,,1152,940,,,,1360,,162,264,,,,1310,,240,309,,1165,,246,,905,,125,1522
2018-01-07,423,203,,339,1375,,,430,166,193,1715,131,,165,7250,405,,680,1040,,180,,201,,,,136,,885,183,3565,928,,,,288,,177,,876,,875,,385,2399,837,401,3330,195,,317,,,235,,,,9.85,954,,160,190,148,,179,,,652,1260,506,,170,372,212,,1035,,160,,189,,138,175,3000,210,,232,,288,,361,153,,1793,,,163,,140,174,,167,,252,,,,610,2014,1285,,273,,336,,,1393,140,,,,1190,191,,2862,,420,,342,,2985,855,1081,856,,273,2530,1300,16.5,350,332,,151,,10,,683,240,220,116,656,,573,,345,,,1400,854,830,1373,1822,1551,,,452,10,1925,,13.05,2305,2424,,775,1270,238,,677,303,,179,,1450,810,,1769,,,808,,,254,,221,,13720,12930,150,144,100,661,1550,,1176,200,,,340,233,,599,366,195,1057,,,,332,,295,,478,1402,1193,,397,,1051,,165,,1200,140,1660,,,944,,,,1379,,169,260,,,,1320,,238,313,217,1184,,242,,901,,123,1525
2018-01-08,425,204,,341,1450,,,428,172,194,1730,,,166,7250,405,,668,1030,,183,,200,,,,142,,894,183,3590,900,,,,290,,180,,882,151,892,760,378,2433,868,380,3330,195,,316,,,234,,145,,10,959,,163,187,149,,176,,,651,1272,513,,172,382,212,,1046,,160,,187,,,178,3000,212,,230,,289,,355,151,,1776,,1889,162,,138,179,,169,,253,,,,608,2029,1280,,273,,340,,,1365,141,,,,1147,191,,2965,,423,,373,,3005,850,1089,862,,275,2550,,16.2,354,331,,153,,10,,682,237,229,119,663,9.45,575,,348,,,1410,858,830,1400,1875,1590,,,458,10,1929,,13,2270,2381,,790,1274,240,,677,305,,181,,1484,825,,1761,,,816,216,,254,,225,,13850,12951,150,146,,660,1549,,1180,199,,,343,245,,602,375,,1068,,,,332,,302,270,472,1399,1200,,378,,1060,,167,,1200,141,1690,,1198,960,,,,1427,,166,263,,,,1330,,,309,218,1190,,241,,905,,,1500
2018-01-09,425,203,,340,1420,720,,425,172,195,1745,139,,168,7225,409,,670,1060,,185,,201,,,,142,,898,181,3580,901,,,,290,,180,,898,160,934,725,385,2190,864,360,3333,200,,319,,,238,,151,,,960,,165,193,144,,181,,,660,1266,511,,168,380,211,,1075,,161,,192,,136,181,,,,232,,293,,,152,196,1775,,1899,160,,138,178,,167,,262,,10,184,605,2032,1300,,273,,339,,,1380,,,244,,1111,193,,3000,,431,,367,,2990,833,1090,867,,278,2560,,17,356,334,,,,10,,688,241,229,120,667,,587,11.95,350,,,1410,862,820,1400,1879,1615,,,464,10,1928,,13,2360,2410,,800,1283,239,,679,310,,177,,1400,840,,1798,,,820,216,,258,,225,,14150,13300,151,144,,660,1530,,1185,200,,,344,,,600,382,195,1067,,,,326,,307,281,473,1408,1216,,392,,1060,,170,,1220,141,1729,,,964,,,,1440,,172,268,,,,1360,,240,315,219,1192,,242,,920,,128,1531
2018-01-10,425,204,,342,1400,,,423,172,191,1735,,,,,414,,677,1031,,185,,199,,,,143,,892,179,3575,901,,,,290,,177,,871,152,922,741,,1971,850,360,3505,196,,316,,,238,,150,,10,955,,168,189,141,,178,,,663,1275,508,,168,373,210,,1054,,160,,189,,134,,3000,,,232,,290,,348,152,202,1747,,1865,162,,138,179,,167,,256,,9.8,183,600,1989,1295,11.45,271,,336,,,1365,140,,248,,1100,190,,2940,,423,,368,,2951,820,1070,855,,277,2499,,16.9,353,335,,,,10,,675,239,229,119,658,,585,12.14,346,,,1380,860,806,1390,1821,1594,,,460,10,1865,,13.05,2350,2400,,790,1265,238,,663,307,,175,,1399,817,,1760,,,805,213,,256,,,,13601,13070,149,146,,653,1530,,1180,197,,,342,,,599,378,,1053,,,12.5,335,,304,280,469,1390,1198,,385,,1060,,,,1190,139,1695,,,939,,,,1370,,169,264,,,,1333,,244,308,216,1166,,242,28322,904,,128,1501
2018-01-14,420,201,,341,1383,,,425,170,190,,,,,7081,410,,711,1020,,180,,199,205,,,134,,954,178,3515,881,,,,285,,177,,856,151,907,,373,1910,840,,3381,194,,315,,,232,,147,,9.8,941,,,186,,,175,,,660,1235,502,,168,368,206,,1034,,157,,189,,134,172,,209,,230,,285,,347,148,206,1722,,1828,166,,133,175,,167,,262,,,176,599,1950,1270,,273,,326,,,1340,142,,,,1080,182,,2860,,420,,369,,2920,807,1065,867,,277,2490,,,352,331,200,151,,10.05,,666,232,222,116,657,,585,,345,,,1370,846,805,1365,1786,1575,,,457,9.95,1870,,13,2251,2425,,798,1243,235,,654,304,,177,,1381,,,1730,,,798,210,,250,,220,,13550,13000,148,142,,648,1560,,1161,196,,,340,,,595,375,,1038,,,12.5,336,,300,277,451,1396,1167,,240,,,,164,,1168,137,1665,,,935,,,,1370,,164,263,,,,1300,,,300,217,1155,,238,27756,919,,124,1500
2018-01-16,417,200,,337,1365,,,420,167,188,1701,,,165,6950,406,,660,1015,,179,,197,,,,134,,883,169,3516,870,,,,283,,172,,850,149,893,,360,1835,829,,3355,192,,314,,,232,,147,,,940,520,165,183,143,,174,,,659,1259,496,,170,370,207,,1025,,159,,189,,132,,2980,,,230,,286,,330,146,200,1723,,1820,152,,133,175,,161,,265,,,173,591,1945,1270,11.35,271,,326,,,1325,144,,,,1070,176,,2850,,418,,369,,3000,807,1030,854,,272,,,16.7,349,326,196,,,10,,660,230,215,116,657,9.83,585,,347,,,1350,822,793,1350,1799,1522,,,454,,1800,,12.81,2230,2352,,784,1224,232,,660,301,,170,,1379,775,,1715,,,790,207,,246,,213,,13205,12825,148,142,,640,1501,,1138,199,,,340,237,,594,370,,1013,,,12.5,,,292,275,430,1393,1170,,233,,1001,,151,,1154,136,,,1221,918,,,,1325,,161,262,,,,1290,,,301,,1150,,240,,917,,,1475
2018-01-17,413,200,,335,1339,,,405,169,190,,,,,7000,407,,665,1000,,178,,197,,,,136,,878,171,3500,862,,,,280,,173,,841,149,883,727,356,1793,817,,3370,195,,311,,,228,,145,,9.97,934,,162,182,143,,174,,,653,1234,492,,167,365,,,1020,,155,,186,,128,171,2980,,,226,,280,145,330,145,200,1692,,1791,153,,131,161,,163,,268,,,167,591,1985,1260,11.58,270,,320,,,1340,141,,,,1070,179,,2860,,418,,,,2942,810,1039,852,,270,2510,,,347,322,,,,10,,660,227,216,115,652,10,575,11.85,343,,,1345,815,793,1350,1790,1520,,,450,,1825,,12.61,2220,2366,,772,1238,232,,664,303,,170,,1399,800,,1694,,,805,207,,242,,209,,13205,12899,150,142,,641,1502,,1198,193,,,337,232,,591,370,,1000,,10.15,12.5,334,,294,273,418,1400,1165,,229,,1000,,157,,1168,135,1650,,,909,,,,1350,,161,262,,,,1295,,244,300,220,1165,,237,27756,900,,122,1500
2018-01-21,419,199,,332,1316,700,,395,166,188,1725,,,159,6950,403,,651,1000,,179,,195,,,,137,,882,173,3522,850,,,,280,150,174,,845,144,883,699,352,1701,786,,3327,195,,312,179,,230,,145,,,922,,,177,146,,171,,,651,1258,486,,166,367,209,,1025,,155,,188,,,174,2980,,,226,,275,,336,144,204,1685,,1756,145,,133,158,,161,,264,,10,,587,1931,1280,11.5,265,,315,,,1330,141,,,,1050,181,,2850,,414,,362,,2905,794,1039,855,,270,2441,,16.82,348,326,,151,,10,,661,231,215,115,653,9.8,577,,343,,,1335,770,793,1350,1777,1510,,1100,443,10.1,1800,,12.58,2270,2330,,774,1200,234,,665,303,,170,,1380,805,,1695,,,781,211,,236,,209,,13086,12750,144,143,,640,1500,,1132,189,,,336,236,,592,366,,1000,,10.14,12.45,,,296,278,421,1397,1160,,226,,1005,550,160,,1199,135,1680,,1245,916,,,,1326,,158,260,,,,1300,,237,299,224,1143,,230,28311,890,,120,1499
2018-01-22,420,200,,334,891,,,397,161,188,1846,133,,156,7000,405,,654,997,,175,,193,,,,134,,897,170,3510,848,,,,279,,170,,842,146,876,712,360,1647,783,,3306,192,,313,176,,229,,,,9.57,919,,161,172,145,,171,,,656,,479,,164,365,210,,1010,,153,,185,,128,176,2980,205,,227,,278,,330,145,196,1690,,1750,149,,135,170,,162,,263,,9.81,,581,1944,1261,,269,,313,,,1320,145,,,,1050,182,,2830,,416,,,,2890,799,1039,849,,270,2448,,16.77,348,326,195,148,,9.9,,655,236,216,115,652,9.9,575,11.7,345,,,1320,761,800,1349,1772,1510,,,450,9.82,1770,,12.83,2220,2350,,770,1173,231,,665,300,,165,,1370,790,,1681,,,777,207,,234,,207,,13200,12750,151,143,,640,1470,,1137,186,,,338,232,,594,366,,1003,,,12.4,340,,300,,431,1391,1165,,230,,999,,155,,1190,134,1643,,1269,908,,,,1300,,159,262,365,,,1290,,229,300,221,1142,,234,,887,,118,1470
2018-01-23,416,204,,330,878,,,384,162,190,1840,129,,154,,402,,640,1001,,177,,191,,,,136,,881,168,3500,850,,,,272,,165,,835,148,872,698,363,1561,585,,3300,194,,313,179,,228,,147,,9.8,912,,,170,138,,169,,,658,,466,,167,365,210,,987,,155,,183,,,179,2925,,,228,,275,,325,144,,1600,,1741,151,,131,164,,165,,263,,,,559,1901,1245,,265,,314,,,1305,144,,,,1030,182,120,2829,,418,,,,2851,784,1031,845,,268,2407,,16.8,347,321,,146,,10.05,,655,228,213,115,652,9.8,579,11.55,341,,,1271,525,793,1360,1784,1466,,,446,,1770,,12.65,2210,2390,,768,1145,230,,655,300,,166,,1345,775,,1655,,,767,204,,232,,208,,13100,12650,147,139,,,1489,,1130,186,,,333,,,589,360,,1005,,10.1,12.15,,,292,272,423,1384,1155,,228,,960,,152,,1178,137,1642,,,900,,,,1280,,156,262,,,,1288,,221,300,214,1144,,237,28311,870,,124,1460
2018-01-24,419,198,,335,879,,,391,165,190,1890,127,,155,6865,402,,635,1000,,179,,193,,,,136,,881,175,3500,834,,,,270,,172,,835,150,867,,366,1649,568,,3300,196,,317,,,229,,145,,9.9,915,,156,167,142,,167,,,658,1185,473,,167,367,206,,986,,160,,184,,128,178,2950,,,230,,276,,,147,,1565,,1770,148,,128,161,,170,,264,,10,,565,1924,1254,11.27,268,,316,,,1305,144,,245,,1020,187,,,,414,,,,2836,784,1015,850,,268,2410,,16.7,350,317,,,,10.1,,665,229,220,116,650,10,582,,344,,,1321,530,795,1360,1770,1489,,,447,10,1764,,12.75,2230,2343,,775,1141,228,,660,300,,164,,1341,775,,1655,,,770,208,,232,,205,,13021,12800,142,138,,648,1459,,1119,190,,,337,225,,587,370,,1003,,10,12.17,,,290,273,425,,1155,,232,,970,,159,,1175,135,,,,901,,,,1236,,163,261,,,,1300,,221,311,218,1140,,234,,876,,120,1451
2018-01-25,420,199,,340,905,,,387,165,188,1988,129,,156,7151,401,,636,1020,,176,,194,,,,136,,887,172,3500,850,,,,275,,174,,846,147,867,701,361,1620,580,,3314,194,,314,,,228,,147,,9.8,923,,151,165,140,,170,,,656,1232,485,,164,373,208,,999,,157,,183,,126,180,2950,,,230,,278,,331,147,195,1610,,1750,150,,130,164,,170,,269,,,,579,1924,1236,11.3,273,,316,,,1335,142,,,,1020,184,,2830,,415,,,,2885,771,1037,851,,268,2449,,16.9,361,325,186,144,,10.05,,662,228,216,115,654,,578,11.6,351,,,1301,550,800,1361,1787,1495,,,447,9.95,1810,,12.75,2245,2343,,775,1163,229,,667,303,,165,,1349,777,,1710,,,785,,,235,,203,,13275,12785,146,140,,665,1460,,1140,187,,,342,227,,592,372,,1002,,10,12.18,,,290,277,424,1410,1164,,240,,989,,,,1200,137,1674,,,922,,,,1274,,159,262,,,,1300,,221,315,220,1154,,234,,892,,119,1470
2018-01-28,415,197,,334,887,,,382,160,189,1865,129,,159,7250,401,,628,1012,,177,,194,,,,137,,879,173,3483,826,,,,280,,176,,840,147,873,688,361,1620,580,,3315,195,,320,176,,230,,145,,,930,,153,166,138,,166,,,657,,480,,165,367,208,,990,,158,,183,,,178,2902,202,,235,,279,,325,148,198,1580,,1747,149,,130,162,,171,,278,,,170,585,1910,1235,,270,,310,,,1328,142,,,,1000,187,,2740,,419,,342,,2843,788,1048,851,,264,2420,,16.61,360,327,,142,,10,,661,230,215,114,661,9.7,581,11.51,346,,,1285,565,791,1388,1783,1520,,,463,9.92,1785,,12.61,2226,2347,,771,1192,227,,663,306,,165,,1335,764,,1700,,,780,204,,237,,202,,13120,,142,137,,655,1461,,1122,187,,,343,,,595,378,,995,,10,12.1,,,291,272,425,1410,1184,,,,970,,149,,1199,138,1680,,,925,,,,1247,,160,261,,,,1285,,214,315,,1138,,229,28000,900,,123,1497
2018-01-29,340,201,,332,883,,,392,157,185,1940,,,,,397,,633,1020,,179,,196,,,,137,,876,170,3480,835,,,,274,,174,,845,146,865,675,360,1618,578,,3315,197,,318,,,230,150,147,,9.9,930,,150,170,136,,163,,,661,,471,,162,367,206,,990,,155,,183,,,175,2900,202,,236,186,275,,328,143,195,1575,,1760,147,,130,165,,169,,270,,9.85,,584,1928,1250,11.31,265,,306,,,1319,141,,242,,983,187,,2800,,416,,308,,2849,770,1052,852,,260,2351,,16.62,356,325,,141,,9.92,,658,234,215,115,663,9.76,588,,348,,,1276,569,790,1374,1790,1517,,,464,9.92,1757,,12.72,2226,2355,,769,1176,224,,655,305,,162,,1315,753,,1693,,,773,201,,232,,201,,13200,12785,145,138,,656,1475,,1120,183,,,344,220,,595,379,,998,,10.05,12.06,,,291,270,424,1401,1175,,248,,978,,155,,1190,139,1630,,,915,,,,1242,,156,260,,,,1298,,218,305,,1130,,229,,882,,121,1517
2018-01-31,344,198,,335,880,,,391,156,186,1990,,,156,7200,394,,617,1025,,179,,198,,,,138,,878,172,3480,837,,,,275,,175,,850,146,862,700,355,1650,575,,3320,196,,318,176,,230,,149,,,940,,153,173,144,100,163,,,660,,478,,164,370,206,,988,,157,,183,,,182,2960,210,,247,,270,,,146,,1570,,1760,153,,130,166,,164,,267,,,168,590,1925,1236,,264,,310,,,1301,143,,238,,970,188,,2856,,419,,326,,2870,792,1070,852,,257,2407,,16.62,359,325,,140,,9.96,,653,227,210,113,666,9.96,591,11.51,344,,,1377,569,795,1355,1800,1530,,,474,10,1813,,13,2240,2340,,760,1189,225,,667,308,,165,,1315,775,,1700,,,778,,,233,,205,,13200,12800,145,138,,653,1479,,1115,188,,,346,221,,594,378,,990,,10.09,,,,291,275,420,1401,1174,,243,,977,,154,,1188,139,1659,,,921,,,,1250,,157,262,,,,1317,,,309,,1130,,225,,914,,120,1520
2018-02-01,344,199,,335,877,,,392,153,183,2010,,,156,,393,,611,1027,,179,,199,,,,136,,875,172,3499,830,,,,273,,175,,855,147,863,,365,1640,590,,3350,198,,321,176,,234,,151,,,935,,156,179,142,,166,,,660,1255,483,,168,375,206,,990,,157,,183,,127,185,2920,214,,245,,270,,326,148,,1601,,1763,153,,128,167,,165,,279,,,,590,1969,1260,11.25,266,,305,,,1325,142,,,,1002,188,,,,418,,332,,2848,794,1090,853,,257,2380,,16.95,365,327,,143,,9.95,,657,237,207,114,669,,591,11.97,347,,,1350,577,800,,1795,1525,,,472,10,1815,,13,2294,2325,,770,1188,230,,670,307,,162,,1299,770,,1705,,,780,220,,235,,206,,13261,12990,145,141,,654,1560,,1102,191,,,353,225,,594,370,,995,355,9.96,12.2,,,291,276,419,1405,1179,,243,,980,,156,,1210,139,1655,,,924,,,,1260,,157,260,,,,1325,,218,306,215,1132,,229,,927,,120,1580
2018-02-04,350,200,,334,872,,,383,155,184,1970,129,,155,7100,390,,580,1020,,179,,196,,,,133,,878,168,3510,825,,,,273,,181,,866,145,861,,358,1632,580,,3340,195,,325,,,236,,152,,,940,,,185,139,,161,,,664,1215,477,,167,371,207,,995,,158,,182,,124,173,2910,,,243,,275,,330,146,189,1630,,1735,,,132,166,,167,,275,,,172,594,1955,1245,11.2,266,,305,,,1313,143,,234,,1013,192,,2870,,418,,,,2900,780,1086,855,,258,2415,,,365,322,195,141,,10,,655,235,207,114,673,9.9,601,11.97,348,,,1297,585,787,1051,1786,1510,,,476,10,1795,,12.81,2300,2320,,771,1190,231,,656,306,,163,,1280,770,,1700,,,772,224,,235,,206,,13310,12731,144,140,,647,1590,,1124,193,,,354,229,,595,370,195,1002,,9.9,12.05,,,295,271,415,1387,1180,,240,,962,,153,,1171,137,1660,,,925,,590,,1247,,157,260,,122,280,1351,,218,310,206,1128,,236,,,,118,1595
2018-02-05,342,200,,327,865,,,382,158,181,1969,,,153,,389,,558,1005,,177,,195,,,,133,,869,,3500,806,,,,272,,180,,852,145,854,,,1550,572,,3340,194,,321,,,235,,148,,,955,,147,185,135,,162,,,656,1210,470,,165,366,203,,980,,155,,183,,124,173,2890,210,,243,,270,,324,145,,1599,,1650,150,,130,164,,164,,269,,9.7,169,584,1911,1234,11.53,270,,304,,,1293,142,,,,1005,190,,2880,,414,,338,,2860,765,1077,857,,257,2375,,16.95,363,322,,,,9.92,,653,231,204,113,673,9.78,600,11.97,348,,,1272,580,766,1030,1760,1495,,,474,9.85,1750,,,2255,2399,,768,1180,227,,655,305,,164,,,761,,1680,,,765,220,,234,,206,,13200,12560,140,139,,646,1574,,1105,190,,,350,229,,591,,,1000,,9.81,12.25,,,292,270,399,1385,1165,,232,,965,,153,,1177,135,1634,,,914,,,,1246,,157,260,,,,1337,,206,306,207,1122,,238,,910,,118,1580
2018-02-06,347,198,,319,865,,,381,158,181,1900,125,,150,,385,,557,997,,175,,193,,,,137,,858,168,3472,838,,,,273,,179,,855,,845,,,1560,568,,3313,193,,321,,,235,,146,,,935,,146,,134,,156,,,652,,465,,165,364,202,,980,,154,,184,,124,172,2890,218,,241,,270,,330,141,187,1555,,1609,149,,124,162,,165,,268,,9.7,170,572,1900,1245,,270,,305,,,1293,141,,,,1000,190,,2993,,414,,338,,2856,770,1072,850,,255,2375,,16.7,360,320,,139,,9.88,,652,228,204,110,668,9.8,598,,346,,,1255,572,750,1030,1770,1490,,,466,,1750,,12.8,2226,2325,,769,1176,227,,654,304,,164,,1275,757,,1675,,,770,216,,232,,205,,13000,12330,140,,,642,1513,,1097,188,,,349,225,,591,343,,996,,9.9,,,,292,269,391,1380,1170,,,,945,,160,,1180,136,,,,901,,,,1230,,151,258,,,,1335,,207,304,211,1132,,232,,876,,121,1557
2018-02-07,342,197,,329,840,,,381,155,182,1938,,,153,6861,379,,558,995,,174,129,193,,,,135,,853,171,3430,828,,,,270,,179,,831,143,840,,350,1595,555,,3282,193,,320,,,232,,147,,,915,,155,188,141,,155,,,,,465,,163,364,205,,961,,154,,180,,,171,2947,222,,240,,269,,324,144,190,1490,,1609,,,127,161,,166,,269,,,167,560,1885,1226,11.5,261,,296,,,1285,141,,,,991,190,,2885,,410,,,,2830,766,1066,847,,248,2333,,16.65,346,315,,,,9.74,,643,228,207,108,663,9.65,590,11.9,341,,,,560,755,999,1760,1478,,,463,9.95,1715,,,2190,2300,,760,1183,226,,641,302,,167,,1240,740,,1660,,,757,,,231,,201,,12850,12205,141,141,,634,,,1092,186,,,348,,,589,343,,988,,9.8,12.05,330,,295,267,388,1360,1162,,232,,914,,157,,1170,135,1607,,1345,898,,,,1180,,150,255,,,,1320,,201,306,,1113,,235,,860,,,1560
2018-02-08,342,197,,321,855,,,380,158,181,1937,,,151,,380,,549,1015,,174,,191,,,,135,,872,172,3450,820,,,,275,,179,,831,142,840,,357,1581,566,,3320,195,,324,,,234,,,1500,,930,,158,190,136,,157,,,656,1210,473,,163,365,203,,970,,156,,180,,,170,3005,,,240,,269,,315,145,,1555,887,1600,149,,131,162,,164,,270,,,,565,1930,1245,,263,,301,,,1296,143,,,,1010,190,,3000,,413,,,,2841,768,1065,852,,250,2394,,16.56,349,320,,141,,10,,650,232,207,110,669,,594,11.4,342,,,1280,570,752,1000,1772,1482,,,468,10,1749,,12.99,2200,,,770,1180,227,,664,306,,165,,1230,765,,1707,,,760,220,,229,,202,,13011,12340,145,140,,645,,,983,187,,,350,,,590,345,,997,,9.7,12.24,,,300,267,397,1355,1164,,,,921,,157,,1167,134,1611,,1479,900,,,,1191,,153,260,,,,1321,,203,301,215,1120,,234,28000,870,,118,1570
2018-02-11,342,191,,325,867,,,375,154,187,1900,123,,154,,376,,551,995,,174,,191,,,,135,,850,169,3450,825,,,,273,,180,,820,146,842,,353,1549,571,,3280,187,,322,,,236,,146,1483,,920,,,192,136,,151,,,656,1186,470,,163,364,203,,934,,156,,181,,122,170,3003,226,,238,,268,,316,148,187,1663,,1560,147,,131,162,106,163,,260,,,,576,1918,1225,,260,,295,449,260,1295,,,,,1010,191,,2971,,413,,320,,2817,752,1070,850,,246,2469,,,346,319,,,,9.9,,650,230,211,106,673,,592,11.63,347,,,1241,570,757,1010,1775,1481,,1100,468,9.95,1720,,13.1,2161,2250,,759,1178,224,240,656,303,,165,,1210,750,,1700,,,750,209,,229,,200,,12800,12586,142,140,,654,,,885,187,,,352,,,593,343,,991,,9.66,12.24,325,,294,267,397,1360,1150,,,,900,,150,,1169,135,1602,,929,891,,,,1180,,154,257,,,,1320,,199,305,219,1110,,230,,855,,122,1540
2018-02-12,340,184,,322,855,,,375,154,190,1937,121,,,,375,,563,995,,172,,191,,,,137,,851,166,3460,815,,,,273,,176,,827,138,840,,353,1555,570,,3300,195,,322,176,,234,,147,1454,9.99,910,,,190,138,,150,,,658,1248,461,,166,360,202,,945,,155,,179,,124,171,2965,230,,240,,268,,317,144,,1587,,1530,,,134,165,,165,,262,,,164,555,1900,1210,,259,,296,,,1286,140,,226,,,190,,2885,,412,,314,,2821,752,1062,847,,245,2425,,16.6,345,314,,143,,9.9,,640,234,208,108,669,9.55,597,,349,,,1217,570,750,990,1780,1446,,,460,9.85,1691,,,2173,2265,,762,1183,226,,650,303,,,,1190,740,,1690,,,743,203,,225,,204,,12550,12203,140,,,645,,,840,189,,,350,221,,587,346,195,994,,9.75,,,,299,266,391,1345,1135,,228,,895,,150,,1170,137,1625,,,874,,,,1198,,151,256,,,308,1317,,202,305,215,1113,,228,27440,855,,122,1550
2018-02-14,340,189,,329,860,,,378,154,187,1940,,,157,,376,,559,1014,,175,,192,,,,135,,860,168,3451,800,,,,275,,181,,840,138,841,,359,1586,575,,3310,193,,324,,,236,,145,1427,,930,,155,190,136,,150,,,653,1225,470,,165,367,207,,960,,158,,180,,124,175,2975,218,,236,,271,,,143,,1617,,1500,148,,133,165,,164,,264,,9.6,,575,1898,1250,11.28,260,,301,,,1315,142,,,,1007,188,,2942,,418,,306,,2850,782,1068,854,,249,2438,,16.7,350,318,,142,,9.85,,650,224,215,110,672,9.55,597,11.62,348,,,,570,760,990,1780,1499,,1100,466,9.7,1691,,,2180,2240,,761,1183,226,,663,307,,162,,1280,763,410,1690,,,771,199,,228,,204,,13150,12500,140,,,657,,,924,189,,,354,225,,590,349,,990,,,,320,,296,266,400,1346,1160,,224,,915,,156,,1185,136,1625,,,890,,,,1157,,158,257,,,,1334,,200,307,,1127,,230,,870,,124,1590
2018-02-15,350,200,,329,902,,,400,169,196,2011,123,,157,7137,391,,568,1044,,179,,199,205,,,143,,891,174,3501,844,,,,288,,185,,865,140,860,700,377,1633,592,,3395,200,,331,,,242,,151,1540,,950,,161,194,143,,160,,,667,1240,501,,169,372,211,,985,,166,,184,,121,173,3094,215,,246,,280,,329,143,,1640,,1596,152,,135,170,,174,,270,,9.55,170,602,1933,1311,11.5,269,,316,449,,1428,146,,,,993,195,,3040,,448,,312,,2954,810,1104,865,,258,2485,,16.9,360,328,,,,9.98,,675,234,218,115,683,9.5,601,11.88,357,,,1315,609,790,1021,1824,1520,,,481,9.9,1792,,12.6,2358,2380,,766,1213,229,,663,313,,165,,1350,790,,1709,,,779,212,,238,,213,,13510,12896,145,145,,683,,,927,193,,,370,229,,600,364,,995,,9.8,,309,,310,270,405,1396,1225,,246,,950,,152,,1254,139,1690,,,916,,,,1240,,156,267,,,,1371,,211,312,219,1165,,234,27988,910,,124,1649
2018-02-18,350,190,,335,890,,,387,166,199,,121,,162,7424,387,,557,1020,,175,,202,,,,141,,877,180,3500,817,,,,285,,183,,854,138,860,700,370,1610,580,,3360,202,,331,,,240,,151,1500,9.99,925,,161,,139,,164,,,665,1200,500,,165,359,208,,990,,160,,180,,123,,3033,219,,240,,278,,,141,188,1330,,1570,151,,133,167,,169,,270,,,,607,1900,1295,,263,,309,,,1359,142,,,,1020,190,,3060,,440,,300,,2895,788,1112,856,,258,2450,,16.9,354,324,,144,,9.91,,656,229,211,109,687,9.5,596,12,360,,,1270,600,780,1006,1791,1490,,,475,10,1757,,12.99,2320,2380,,755,1213,229,,663,314,,162,,1305,790,,1690,,,770,196,,234,,202,,13410,12800,144,,,670,,,884,195,,,369,217,,594,365,,999,,9.6,12.3,303,,300,263,395,1412,1190,,245,,927,,149,,1218,138,1658,,,903,,,,1232,,153,264,,,,1355,,206,306,215,1135,,226,27977,885,,122,1590
2018-02-20,340,199,,318,872,,,389,163,193,1975,121,,165,7027,378,211,540,1009,,171,,200,,,,139,100,865,174,3470,801,,,,283,,183,,835,140,851,,363,,570,,3311,198,,324,,,242,,,1441,9.85,920,,161,194,135,,162,,,663,1225,486,,168,357,208,,971,,158,,179,,123,170,2973,,,239,,273,,,140,186,1301,,1510,151,,129,164,,166,,265,,9.74,,580,1900,1240,11.5,258,,300,,,1325,142,,218,,1000,190,,2940,,430,,,,2847,773,1100,856,,250,2401,,16.65,352,318,,146,,10,,653,225,212,110,682,9.52,595,11.76,354,,,1245,590,760,995,1775,1470,,1100,465,9.84,1726,,12.74,2210,,,755,1190,228,240,,308,,162,,1276,781,,1636,,,757,206,,229,,202,,13151,12583,140,143,,661,,,870,190,,,364,215,,591,356,,999,,9.6,,297,,291,264,393,1375,1165,,246,,902,,147,,1180,137,1610,,,888,,,,1160,,150,259,,,,1315,,,303,,1109,,223,27418,868,,120,1570
2018-02-21,340,195,,319,854,,,375,157,190,,,,162,6891,370,,545,1001,,173,,200,,,,,,854,171,3430,800,,,,277,,180,,840,140,841,,362,1600,571,,3301,195,,321,,,238,,148,1385,,906,,,188,136,,160,,,665,,480,,165,355,205,,956,,156,,180,,,170,2915,,,240,,271,,323,138,,1310,,1490,148,,127,163,,163,,265,,9.6,,565,1876,1240,,254,,,,,1330,,,,,,190,,2940,,426,,289,,2800,,1095,855,,248,,,,350,315,,142,,9.95,,642,223,214,108,675,9.42,591,11.61,347,,,1254,583,758,995,1772,1453,,,465,9.8,1726,,,2176,2333,,750,1190,229,,650,306,,160,,1251,766,,1619,,,756,,,228,,200,,13350,12775,141,139,,651,,,867,187,,,364,208,,587,358,,977,362,9.6,12.07,293,,290,262,390,1356,1160,,241,,890,,146,,1202,139,1595,,965,900,,,,1165,,150,260,,,,1313,,,302,,1095,,211,,860,,,1539
2018-02-22,340,196,,318,845,,,380,160,187,,,,,7165,375,,545,1000,,173,,203,201,,,,,850,171,3455,816,,,,277,,181,,828,136,835,,361,1600,570,,3290,195,,321,176,,239,,148,1400,,907,,,185,136,,160,,,656,1201,476,,163,351,205,,950,,155,,178,,125,170,2915,222,,242,,275,,320,136,,1336,,1490,146,,127,164,,164,,264,,9.51,,570,1870,1217,11.5,254,,300,,,1356,142,,,,1020,190,120,2950,,426,,284,,2850,775,1090,853,,250,2309,,16.6,350,316,,,,9.8,,643,219,213,110,673,9.5,590,11.65,348,,,1230,578,746,984,1762,1445,,1100,462,9.8,1704,,12.6,2170,,,757,1177,231,,647,307,,165,,1245,760,,1600,,,752,202,,230,,203,,13421,12959,140,136,,650,,,858,189,,,366,204,,588,364,,980,,9.6,12.07,,,291,260,392,1355,1141,,,,880,,147,,1205,136,1610,,,886,,,,1157,,150,257,,,,1315,,203,306,212,1100,,211,27966,861,,,1550
2018-02-25,338,192,,315,840,,,373,157,182,,,,164,7081,373,,542,986,,173,,187,,,,,,842,170,3405,806,,,,275,,177,,826,136,825,,,1571,565,,3260,192,,319,,,237,,147,1372,,885,,,181,133,,161,,,653,,479,,163,349,208,,940,,153,,178,,125,,2870,222,,238,,270,,326,133,,1310,,1475,,,127,162,,162,,261,,9.59,167,566,1835,1220,,251,,300,,,1310,,,,,,188,,2910,,423,,,,2785,760,1070,849,,248,2305,,16.77,343,313,,,,9.75,,638,222,210,107,671,9.51,585,11.5,347,,,1200,585,736,984,1763,1426,,,460,9.9,1700,,12.5,2150,,,754,1200,232,,659,303,,162,,1225,750,,1570,,,740,,,228,,201,,13400,12930,142,135,,644,,,845,190,,,364,203,,570,359,,961,369,9.46,,288,,289,260,388,1354,1160,,,,881,,149,,1185,138,1585,,,850,,,,1130,,153,258,,,,1304,,200,294,,1090,,210,,850,,118,1535
2018-02-26,335,184,,306,820,,,380,155,179,1950,123,,164,,370,,534,976,,171,,187,,,,,,830,171,3337,790,,,,271,,173,,806,132,817,,364,1512,558,,3190,195,,320,,,230,,,1350,,851,,,178,128,,161,,,640,1179,469,,163,345,200,,930,,152,,175,,,168,2860,,,233,,270,,320,132,,1260,,1450,148,,129,161,,163,,256,,,,565,1810,1190,,249,,294,,,1320,,,,,1000,186,,2833,,416,,,,2737,742,1059,835,,248,2264,,16.43,343,313,195,144,,9.8,,620,215,206,108,668,9.4,578,,343,191,,1200,573,716,946,1784,1400,,,453,9.8,1640,,,2120,,,745,1182,197,,639,303,,162,,1185,735,,1530,,,735,199,,228,,204,,12650,11813,141,132,,642,,,833,189,165,,361,,,570,354,,949,,9.48,,288,,285,252,375,1340,1150,,233,,854,,,,1185,136,1466,,984,832,,,,1078,,145,256,,,,1256,,202,288,,1045,,202,27440,817,,123,1481
2018-02-27,338,184,,304,820,,,380,156,179,,123,,,6940,370,,530,985,,171,,188,,,,135,,830,170,3365,790,,,,270,,171,,803,132,820,,353,,556,,3175,194,,322,,,234,,147,1352,,869,,163,175,135,,152,,,646,1160,474,,166,351,201,,940,,158,,177,,,171,2875,202,,233,,269,,310,133,,1310,,1440,151,,128,160,,164,,259,,9.59,,566,1810,1233,,250,,290,,,1273,,,,,991,187,,2831,,420,,,,2770,756,1068,836,,247,2270,,16.51,346,312,,144,,9.8,,625,210,206,106,675,9.4,,,345,,,1190,579,711,945,1790,1404,,1100,460,9.75,1669,,12.43,2150,2250,,758,1144,193,,650,303,,163,,1185,735,,1500,895,,743,202,,230,,202,,12415,12050,139,134,,650,,,840,187,,,361,207,,570,356,,948,,,12,,,290,257,375,1331,1164,,,,860,,147,,1189,134,1493,,1003,833,,,,1069,,144,258,,,,1276,,203,285,,1048,,207,,836,,121,1500
2018-02-28,334,185,,290,805,,,369,153,179,1874,121,,165,6666,366,,518,980,,161,,184,197,,,131,,825,165,3325,785,,,,270,,169,,811,134,803,,353,1467,556,,3080,189,,319,,,231,,145,1325,,850,,,180,130,,150,,,637,1140,467,,163,334,199,,922,,154,,170,147,,168,2780,199,,233,,268,,,131,,1240,,,146,,129,158,,160,,257,145,,164,556,1780,1200,,246,,280,,,1270,,,,,953,185,,2706,,419,,,,2705,722,1060,835,,243,,,16.35,342,306,,142,,9.7,,610,214,203,105,668,9.4,580,11.3,342,,,1130,564,709,920,1775,1367,,1100,455,9.8,1630,,12.55,2096,2150,,748,1140,190,,640,302,,157,,1151,712,,1483,,,729,193,,227,,202,,12007,11900,138,130,,637,,,820,180,,,360,203,,563,352,,940,376,9.47,11.85,,,287,252,365,1306,1113,,229,,840,,146,,1184,131,1485,,1043,800,,,,1014,,140,254,,,,1244,,199,280,208,1000,,201,27800,814,,,1446
2018-03-04,328,172,,273,759,,,367,146,178,1687,121,,,6275,360,,507,940,,155,,179,,,,,,792,,3200,770,,,,264,,141,,787,132,770,,342,1400,535,,1980,178,,311,,,220,,,1299,,780,,,,124,,143,,,610,1026,450,,157,317,192,,897,,147,,165,,123,162,2620,,,231,,260,,305,129,,1192,,1330,143,,125,157,,152,,241,,,161,530,1700,1175,,236,,270,,,1200,,,,,916,179,,2620,,416,,,,2510,,1034,826,,242,2133,,15.93,336,297,,139,,9.6,,578,,196,102,652,9.15,580,11.07,334,,,1057,546,665,855,1719,1300,,,440,9.6,1539,,12.25,2000,2108,,739,1106,187,,650,295,,153,,1110,700,,620,,,685,181,,217,,198,,11275,11030,130,126,,612,,,765,168,,10,350,191,,548,300,,900,383,9.26,11.55,278,,279,245,346,1261,1090,,221,,808,,,,1160,131,1365,,1084,765,,,,931,,135,247,,,,1244,,193,279,,930,,194,,756,,116,1393
2018-03-05,324,169,,255,731,,,339,146,,1768,119,,,5935,355,,497,889,,150,,173,,,,129,,773,160,3152,741,,,,263,,138,,765,130,770,699,352,1302,520,,1920,182,,309,,,220,,142,1205,,742,,,177,124,,143,,,583,926,444,,156,303,190,,863,,144,,164,,,,2569,190,,226,,258,,304,127,,1160,,1298,138,,123,153,,153,105,245,,,,520,1700,1100,,234,,271,,,1160,131,,,,,176,,2536,,409,,,,2387,705,1035,820,,232,2120,,15.83,333,288,,,,9.49,,551,214,,100,652,9.15,579,,334,,,1004,538,650,830,1722,1250,715,,435,9.56,1480,,,1941,2067,,728,1092,188,,625,295,,153,,1041,670,,610,,,660,177,,217,,204,,10978,10600,126,121,,593,,,752,169,,9.79,348,191,,553,296,,888,390,9.2,11.6,273,,270,249,343,1285,1068,,224,,800,,144,,1140,126,1340,,1192,735,,,,948,,130,243,,,,1190,,,279,,900,,185,,757,,118,1345
2018-03-06,327,175,,261,758,,,345,144,172,1803,117,,,6100,358,,494,900,,155,,175,,,,128,,790,160,3065,740,,,,266,,142,,780,128,765,698,343,1299,535,,1900,185,,312,,,225,,139,1135,,735,,,177,126,,,,,593,926,451,,156,304,196,,856,,147,,165,,119,160,2620,190,,230,,261,,293,127,,1184,,1248,140,,125,155,,157,,249,,,170,525,1724,1115,,235,,276,,,1175,133,,220,,948,184,,2647,,413,,280,,2485,691,1050,822,,236,2250,1300,15.75,335,290,195,137,,9.37,,546,201,190,103,665,9,575,11.1,339,,,1040,526,686,835,1737,1230,,,432,9.31,1395,,12.21,1969,1985,,725,1112,185,,563,298,,157,,1069,685,,628,,,642,178,,220,,200,,10920,10700,127,125,,602,,,769,174,,10,355,188,,557,297,,888,412,9.35,11.75,272,,280,245,349,1300,1070,,225,,814,,142,,1138,124,1397,,1311,729,,,,967,,137,245,,,,1215,,202,269,,920,,185,,750,,110,1345
2018-03-07,330,178,,269,761,,,354,153,177,1839,121,,158,6174,370,,500,910,,157,,180,,,,128,,802,160,3050,740,,,,268,,146,,793,127,780,,345,1350,540,,1945,192,,315,,,228,,141,1225,9.85,775,,,175,126,,,,,600,1018,462,,156,316,202,,860,,150,,169,,119,159,2660,193,,229,,266,,306,133,,1206,,1318,148,,125,157,,160,,251,,,170,539,1734,1125,,238,,280,,,1171,135,,,,966,182,,2583,,418,,,,2500,701,1060,830,,243,2200,,15.75,337,290,,,,9.4,,570,209,196,103,674,,580,,340,,,1060,548,700,865,1780,1293,,,441,9.45,1470,,12.21,2025,2019,,730,1138,188,,570,298,,159,,1076,699,,650,,,656,175,,221,,204,,11380,10761,138,129,,616,,,775,180,,10,359,191,,569,304,,900,,9.4,,273,,290,248,355,1296,1085,,224,,815,550,144,,1140,129,1390,,1442,760,,,,988,,146,249,,,,1219,,198,277,,915,,188,27244,765,,116,1476
2018-03-11,326,174,,252,707,,,337,147,171,,123,,,5823,357,,485,900,,150,,177,194,,,126,,766,158,3000,726,,,,263,,142,,780,121,760,685,345,1300,518,,1855,185,,305,,,228,,133,1110,9.9,737,,160,175,124,,145,,,590,,443,,154,316,199,,850,,148,,162,,,155,2461,,,227,,263,,300,136,,1150,,1280,142,,121,153,,154,,248,,9.6,,515,1700,1039,,231,,270,,,1149,133,,,,947,182,,2450,,409,,,,2431,691,1044,822,,236,2150,,15.75,324,280,,134,,9.4,,538,206,194,98,662,9,574,,327,,,961,540,675,846,1720,1226,,1078,433,9.22,1400,,,1946,2030,,719,1122,187,,530,296,,152,,1037,660,,643,,,625,172,101,215,,203,,10800,10000,130,126,,600,,,735,171,,9.8,355,,,555,301,,894,,9.68,,268,,282,241,336,1280,1055,,228,,795,,140,,1121,125,1365,,1334,711,420,,,940,,140,244,,,,1190,,195,,,862,,185,26700,753,,114,1413
2018-03-12,328,174,,250,700,,,335,145,165,,124,,157,6054,358,,481,900,,149,,172,,,,123,,759,154,2950,713,,,,265,,142,,757,121,741,,345,1300,511,,1835,189,,310,,,229,,133,1093,,724,,157,172,124,,145,,,588,,449,,150,302,199,,820,,144,,163,,,158,2462,193,,225,,263,,284,135,,1196,,1255,138,,122,153,,155,,242,,,,521,1699,1025,,232,,265,,,1115,127,,,,912,177,,2529,,410,,281,,2352,656,1043,822,,237,2070,,16.06,325,277,,134,,9.59,,531,196,198,100,653,8.83,575,,327,,,942,543,666,830,1725,1226,,,436,9.3,1408,,,1950,,,718,1100,187,,508,292,,155,,1065,665,,637,,,630,172,,216,,203,,10775,10050,131,124,,600,,,726,183,,9.82,353,193,,549,297,,878,,,,268,,270,237,337,1280,1042,,224,,790,,144,,1100,124,1392,,1276,723,,,,910,,135,242,,,,1175,,192,277,,865,,188,26800,738,,111,1395
2018-03-13,333,172,,252,705,,,333,138,171,,124,,,6100,362,,490,895,,153,,176,191,,,123,,760,151,3000,721,,,,265,,142,,770,121,735,685,345,1240,512,,1815,188,,312,,,232,,135,1109,,753,,,169,122,,146,,,592,998,449,,152,302,198,,836,,147,,162,,,160,2479,,,228,,263,,275,137,,1198,,,,,122,152,,157,,250,,,171,525,1699,1036,11.1,229,,265,,,1136,127,,,,,177,,2479,,406,,291,,,660,1030,825,,238,2029,,15.8,322,277,,132,,9.7,,538,204,199,100,658,9.1,580,,326,,,958,539,675,820,1720,1239,,,439,9.4,1418,,12.21,1921,2020,,724,1070,189,,508,295,,155,,1028,655,,620,,,630,169,,216,,,,10675,9940,133,124,,600,,,730,179,,,355,187,,555,306,,890,428,9.75,11.85,270,,275,250,345,1275,1045,,240,,790,,146,,1082,125,1392,,1264,734,,,,900,,135,247,,,,1170,,189,270,208,872,,186,26200,752,,110,1456
2018-03-14,335,174,,254,710,,,346,142,177,,,,,6000,362,,489,899,,153,,176,,,,123,,766,149,2960,,,,,270,,144,,760,120,745,,350,1280,540,,1821,188,,312,,,232,,136,1110,,760,,154,,124,,153,,,596,,443,,153,309,195,,830,,148,,164,,,,2528,196,,229,,268,,0,137,,,,1280,140,,123,152,,157,,248,,9.41,173,525,1700,1040,11.1,230,,263,,,1158,127,,,,920,178,,2550,,409,,296,,2408,652,1030,825,,235,2069,,16,323,277,,132,,9.87,,542,210,199,99,660,9.15,582,,325,,,963,539,676,835,1725,1268,,,439,9.5,1400,,12.35,1900,1942,,728,1065,187,,510,298,,,,1036,655,,562,,,628,172,,218,,200,,10630,9901,131,,,593,,,740,175,,9.9,356,199,,562,300,,893,444,9.7,11.9,268,,275,244,339,1285,1041,,231,,795,,148,,1109,126,1380,,1250,742,,,,925,,137,245,,,,1175,,194,275,210,880,,187,26200,767,,118,1445
2018-03-15,335,171,,258,702,,,340,142,184,,122,,,6019,363,,490,901,,154,,177,,,,,,775,150,2930,695,,,,268,,144,,750,121,731,,354,1262,531,,1801,189,,315,,,233,,135,1132,,779,,,169,122,,149,,,612,,441,,153,311,195,,830,,148,,164,,116,,2527,,,228,,265,,,135,,1188,,1260,144,,122,154,,156,,250,,,,519,1700,1048,11.1,232,,268,,,1175,127,,,,938,179,,2601,,407,,,,2449,666,1023,826,,235,2124,,16.25,325,280,,132,,9.87,,537,215,195,101,661,,581,,326,,,950,550,675,820,1725,1254,,,440,9.37,1400,,12.31,1938,1920,,735,1065,186,,530,293,,158,,1030,660,,578,,,634,170,,218,,,,10700,9920,133,125,,603,,,743,178,,9.71,356,197,,562,300,,894,,9.75,11.9,272,,275,256,348,1300,1056,,234,,788,,150,,1110,130,1389,,1215,741,,,,939,,137,244,,,,1183,,191,277,,866,,185,25676,775,,114,1445
2018-03-18,334,170,,258,702,,,306,143,,,126,,154,,361,,483,901,,153,,176,,,,123,,760,156,2900,708,,,,263,,140,,737,122,737,,358,1299,525,,1828,187,,313,,,229,,134,1150,,751,,151,170,123,,146,,,603,1000,439,,151,302,196,,815,,146,,159,,118,,2500,,,223,,267,,265,135,,1125,,,146,,124,153,,154,,250,,9.22,,508,1700,1000,11,226,,273,,,1129,128,,,,,175,,2609,,407,,,,2405,653,1025,820,,233,,,16.13,324,273,,132,,9.75,,522,218,189,97,656,,579,,324,,,933,540,662,815,1724,1206,,,436,,1360,,12.32,1918,1900,,736,1070,185,,517,292,,154,,1029,660,,575,,,630,,,216,,199,,10601,9900,130,121,,603,,,740,178,,,353,196,,554,300,,893,461,9.6,,272,,272,244,344,1297,1050,,230,,795,,152,,1108,130,1380,,1186,710,420,0,,921,,135,242,,,,1185,,188,275,,895,506,178,25163,757,,,1417
2018-03-19,325,172,,245,689,,,276,138,189,1855,125,,,6100,355,,483,900,,150,,172,,,,121,,750,151,2998,695,,,,260,,140,,740,122,726,,356,1288,516,,1799,184,,311,,,226,,132,1127,9.7,738,,,,123,,146,,,596,984,432,,151,307,195,,814,,145,,161,,,163,2500,202,,222,,263,,250,134,,1094,,,144,,122,151,,154,,246,,,,507,1698,990,,221,,277,,,1122,127,,,,920,176,,2571,,404,,,,2400,650,1015,818,,234,2082,,16.14,315,271,,,,9.8,,530,216,186,98,655,9.4,571,11.1,319,,,945,532,660,803,1715,1190,,,433,9.35,1360,,12.35,1905,1862,,736,1065,183,,511,291,,155,,1000,655,,571,,,620,168,,215,,196,,10500,9800,129,,,598,,,739,172,,10.2,350,198,,558,300,,893,488,9.7,,275,,275,240,341,1293,1050,,226,,780,,,,1100,128,1353,,1145,720,,,,,,136,246,,,,1167,,188,261,,849,516,175,,735,,,1400
2018-03-20,323,163,,240,663,,,280,137,190,,123,,,5939,355,,484,870,,148,,171,,,,122,,740,148,2861,,,,,260,,140,,720,120,710,,350,1241,511,,1754,183,,310,,,221,,125,1124,,710,,,170,123,100,144,,,598,947,424,,148,295,193,,786,,146,,160,,113,160,2450,204,,221,,255,,250,133,,1101,,1260,138,,120,150,106,153,,239,,,,510,1655,1000,10.78,222,,265,,,1100,125,,,,884,175,,2540,,400,,,,2361,611,1015,812,,230,2050,,,314,264,195,130,,,,520,215,180,96,654,9.39,570,10.89,316,,,943,530,670,790,1680,1160,,,424,9.54,1316,,12.2,1920,,,735,1063,182,,510,289,,150,,978,633,,570,320,,605,165,,213,,187,,10000,9450,126,119,,590,,,726,167,,,349,193,,550,297,195,880,512,9.85,12.1,270,,271,243,335,1260,1011,,215,,769,,143,,1079,127,1315,,1089,719,,,,912,,130,242,,,,1160,,185,267,,830,,173,24701,750,,,1375
2018-03-21,316,162,,238,640,,,280,136,186,,119,,,5709,344,,482,841,,144,,170,,,,121,,725,150,2755,669,,,,255,,140,,709,122,693,,335,1192,502,,1710,180,,304,,,219,,129,1102,,690,,,168,119,,143,,,593,929,413,,146,291,187,,765,,140,,155,,115,162,2411,,,222,,250,,241,131,,1058,,1216,136,,120,147,,152,,234,,,,486,1614,945,11,222,,261,,,1060,121,,,,,174,,2440,,398,,,,2300,570,985,800,,222,1941,,15.9,306,254,,,,9.5,,513,204,180,93,649,9.3,560,10.7,309,,,906,517,655,805,1618,1140,,,420,9.45,1267,,12.13,1860,1828,,728,995,179,,481,282,,147,,915,603,,564,314,,590,150,,210,,184,,9620,9006,124,114,,577,,,714,167,,,340,190,,530,292,,875,,,,,,270,243,331,1180,970,,212,,770,,139,,1050,124,1236,,1040,691,,,,885,,128,231,,,,1114,,185,262,,815,,168,26211,717,,,1315
2018-03-22,316,160,,235,633,,,271,,187,,,,151,5668,340,,464,825,,143,,169,,,,119,,711,150,2770,660,,,,257,,141,,698,,685,,336,1275,500,,1673,180,,305,,,219,,126,1100,,675,,154,165,120,,143,,142,600,918,402,,146,285,187,,731,,141,,156,,114,159,2335,,,219,,243,,241,131,,1050,,1215,130,,120,148,,150,,234,,,,472,1600,950,10.78,218,,260,,,1040,126,,,,880,168,,2437,,392,,,,2209,600,975,790,,220,2099,,16,307,253,,130,,9.5,,486,208,180,93,645,,551,10.8,304,,,926,510,669,810,1600,1101,,,412,9.4,1250,,12.37,1766,1800,,720,975,180,,465,279,,146,,781,605,,549,,,577,142,,208,,181,,9125,8823,126,116,,566,,,696,164,,9.8,344,193,,545,290,,867,522,9.57,12,266,,265,234,332,1150,957,,208,,759,,137,,1058,124,1210,,1000,660,,,,867,,130,231,,,,1090,,181,257,,801,,163,25677,690,,111,1300
2018-03-26,300,150,,227,570,,,254,,187,,,,140,5555,310,,436,790,,140,,163,,,100,114,,680,148,2617,623,,,,248,,135,,650,120,665,,326,1190,480,,1600,172,,294,,,212,,122,1078,,621,,,165,115,,137,,141,572,918,374,,142,261,,,673,,137,,149,145,114,156,2244,,,201,,233,,,125,,950,,1135,129,,118,144,,143,,219,,9.03,,444,1480,895,,212,,250,,,945,,,,,830,160,,2230,,375,,,,1989,580,925,772,,211,1959,,15.5,294,230,,128,,9.31,,438,208,180,87,635,9.3,542,10.39,298,,,834,481,643,729,1545,1010,,,395,9.1,1170,,12.01,1633,1749,,700,919,172,,445,275,,140,,710,579,,512,,,535,156,,200,,177,,8225,8475,118,,,545,,,650,157,,9.6,335,187,,516,281,,830,532,9.23,11.76,,,259,222,313,1080,890,,208,,728,,135,,1020,124,1096,,981,617,,,,817,,124,225,,,,1020,,179,245,,724,,161,24651,677,,110,1178
2018-03-27,316,161,,231,581,,,262,,184,1818,,,142,5710,316,,468,815,,145,127,174,191,,100,116,,710,145,2651,625,,,,250,,139,,705,120,715,,335,1300,500,360,1697,180,,302,,,223,,122,1092,,665,,,162,117,,136,,143,580,936,399,225,146,285,191,,715,,144,,150,,115,150,2217,,,210,,240,,237,123,,1008,,1159,129,,118,147,,142,,230,,9,170,467,1622,954,10.6,217,,255,,,1004,125,,,,846,166,,2356,,393,,,,1965,614,939,793,,229,2049,,16,300,232,,,,9.38,,465,204,180,93,636,9.15,552,10.21,308,,,885,510,681,742,1585,1069,,,410,9.28,1287,,11.95,1731,1830,,701,938,182,,489,285,,140,,712,585,,561,,,545,153,,207,,174,170,9020,8836,115,124,,577,,,705,167,,9.5,345,190,,530,294,,872,542,9.2,11.55,261,,259,240,325,1143,935,,208,,763,,134,,1110,129,1175,,985,665,,,,875,,124,233,,,,1079,,176,253,,762,,170,,652,,110,1270
2018-03-28,311,154,,223,560,,,260,,191,1764,,,,5550,310,,457,800,,144,,168,188,,,117,,700,147,2650,649,,,,251,,139,,690,,727,685,341,1296,492,,1625,179,,300,,,221,,120,1000,,655,,152,162,118,,140,,139,570,,400,,143,275,186,,730,,141,,150,,113,,2267,,,217,,233,,236,123,,970,,1140,131,,117,145,,145,,233,,8.9,,470,1503,935,10.55,216,,260,,,977,125,,,,896,167,,2230,,395,,,,2000,605,968,781,,227,1999,1300,16,299,228,,122,,9.25,,460,212,180,90,645,9.2,546,10.26,307,,,852,505,658,730,1100,1079,,,420,9.47,1240,,11.9,1664,1725,,707,939,176,,455,285,,140,,749,570,,543,,,540,,,212,,172,187,9000,8350,120,121,,554,,,687,165,,9.51,345,193,,535,297,,864,563,9.59,11.55,245,,265,240,319,1140,925,,205,,750,,133,,1074,126,1130,,1003,642,,,,856,,132,230,,,,1046,,179,262,,745,,164,25145,662,,114,1245
2018-03-29,318,157,,235,584,,,279,,194,1728,,,142,5700,317,212,470,823,,146,,170,185,,,119,,717,149,2710,649,,,147,256,,138,,705,121,740,,340,1326,500,,1690,184,,304,,,224,,123,1018,,682,,161,165,121,,140,,136,595,,410,,143,285,190,,740,,145,,155,,,,2355,,,217,,239,,223,125,,1035,,1159,131,,119,153,,146,,235,,8.8,,476,1503,941,10.5,222,,269,,225,970,124,,,121,,170,,2270,,401,217,,,2091,600,970,781,,229,1990,,16.05,308,231,200,125,,9.25,,455,220,183,92,649,,555,10.3,315,,,863,520,659,760,1100,1090,,,421,9.5,1245,,11.9,1697,1724,,704,940,177,,468,290,,142,,765,590,,550,,,560,,,212,,180,205,9000,8588,128,125,,565,,,682,169,,9.45,348,193,,541,305,,865,596,9.65,11.36,241,,270,240,321,1150,950,,209,,749,,137,,1077,127,1152,,1060,670,,590,,869,,136,236,,,,1086,,,260,206,777,,173,,670,,113,1222
2018-04-01,313,158,,232,580,,,268,,191,,118,,,5475,311,,459,802,,145,,167,,,,119,,700,148,2680,,,,141,250,,137,,680,124,727,,329,1251,482,,1622,174,,299,,,219,,122,972,9.33,662,,,165,118,,144,,132,585,936,391,,135,272,182,,754,,141,,150,,,,2300,,,207,,238,,223,127,,976,,1160,132,,114,149,,145,,234,,8.75,,462,1489,910,10.3,220,,254,,,965,122,,216,121,,164,,2295,,388,,,,2047,581,945,770,,223,1940,,15.91,303,226,,120,,9.01,,455,209,189,90,640,,550,10.3,308,,,840,500,660,726,1056,1057,,,414,8.85,1245,,11.67,1667,1723,,703,940,169,,469,279,,137,,758,570,,545,,,546,,,209,,181,196,8800,8364,127,121,,543,,,660,163,,,342,192,,534,300,,825,619,9.5,,,,268,235,307,1120,922,,203,,738,,139,,1055,125,1150,,1050,645,,,,845,,129,233,,124,,1057,,186,255,,765,,172,25145,677,,113,1215
2018-04-02,314,155,,227,589,,,267,,194,,,,136,5366,313,,451,800,,145,,168,,,,117,,702,148,2650,,,,139,255,,138,,680,128,725,,330,1294,475,,,171,,300,,,218,,126,960,8.8,668,,,162,120,,144,,134,585,,390,,139,270,184,,740,,140,,154,,,147,,,,210,,235,,221,130,,976,,1150,134,,114,147,,145,,230,,,,450,1480,900,10.2,217,,254,,,965,124,,,121,,168,,2243,,388,217,,,2025,592,945,780,,221,1950,,16.05,302,230,,118,,8.85,,457,204,189,88,640,9.03,550,10,308,,,835,495,650,730,1050,1054,,,413,8.76,1230,,11.61,1670,1671,,701,940,172,,463,278,,142,,784,570,,545,,,537,156,,208,,184,188,8700,8250,131,119,,541,,,660,156,,,344,,,524,299,,820,674,9.31,11.1,233,,260,232,309,1120,918,,211,,721,,141,,1035,125,1160,,1030,640,,,,846,,129,231,,,,1041,,185,260,,764,,165,24643,690,,113,1213
2018-04-03,315,147,,225,600,,,276,,183,1760,,,135,5473,316,,469,804,,145,,170,,,,,,708,,2650,648,,,137,253,,138,,675,130,725,711,327,1310,475,,1630,174,,300,,,220,,,951,,675,,157,162,120,,143,,132,584,954,390,,142,268,181,,754,,142,,154,,,149,2300,,,213,,237,,225,130,,990,,,136,,114,149,,148,,231,,8.9,164,452,1495,935,10.4,219,,259,,,958,123,,,121,,167,,2225,,390,,,,2005,576,950,775,,221,1911,,16.19,303,234,,126,,9.03,,462,204,192,91,645,8.85,565,10.05,308,,,830,497,637,716,1040,1055,,,416,8.75,1210,,11.7,1651,1721,,707,920,168,,460,280,,145,,809,575,,545,,,546,153,,210,,189,188,8810,8360,129,121,,555,,,658,162,,9.45,348,195,,521,300,,820,,9.23,,233,,265,235,309,1120,929,,210,,735,,143,,1055,121,1190,,1015,667,,619,,834,,132,231,,,,1056,,188,260,,760,,166,25637,703,,113,1240
2018-04-04,325,158,,236,620,,,274,,182,1760,,,138,5500,321,,471,830,,149,,173,,,,119,,727,152,2749,660,,,137,255,,141,,700,129,740,,335,1315,499,,1709,183,,306,,,225,,132,1028,8.8,719,,154,165,120,,146,110,135,590,970,409,,145,278,188,,788,,142,,157,,,,2392,,,225,,244,,226,128,,1089,,1219,140,,116,155,,156,,235,,,167,481,1591,1010,10.6,226,,270,,,992,125,,212,,913,175,,2320,,398,,,,2085,626,965,785,,224,2069,,16.4,309,240,195,130,,9.39,,492,201,195,92,656,8.75,566,,310,,,850,510,660,749,1075,1080,,,425,9.1,1326,,11.9,1750,1813,,715,945,170,,482,290,,149,,857,601,,565,,,572,153,,213,,195,194,9130,8650,131,122,114,575,,,695,171,,9.51,355,198,,521,308,,837,700,,,,,270,241,324,1140,955,,220,,752,,145,,1139,129,1244,,1025,699,,,,880,,132,236,,,,1100,,,260,,792,,175,26000,741,,,1306
2018-04-05,331,159,,238,650,,,276,,182,1760,116,,142,5720,325,,488,850,,152,,174,,,,121,,747,160,2340,690,,,133,258,,141,,711,131,763,,335,1325,509,,1764,187,,308,,,232,,133,1028,8.98,739,,146,171,124,,146,,139,597,1007,418,,146,290,186,,814,,145,,161,,117,154,2478,205,,234,,250,,234,134,,1155,,1292,140,,116,156,,159,,244,,,170,510,1545,1030,10.82,231,,280,,,1040,128,,,,994,179,,2365,,403,,,,2120,635,970,792,,231,2040,,16.6,316,243,,136,,9.58,,510,210,191,91,665,8.96,574,10.25,318,,,905,543,689,790,1120,1114,,,441,9.2,1350,,12.38,1790,1935,,720,975,185,,494,294,,144,,910,614,,585,,,605,165,,219,,197,204,9250,8887,131,125,,595,,,700,173,,9.51,358,195,,527,310,,848,742,10,11.5,,,280,240,333,1208,980,,235,,783,,146,,1135,129,1270,,1070,736,,,313,923,,133,248,,,,1135,,205,280,,839,516,172,26500,775,,,1307
2018-04-08,340,174,,261,680,,260,285,,183,1850,116,,144,6167,339,,500,915,,158,,177,,,,123,,794,159,2450,730,,,,268,,145,,736,131,807,697,341,1445,533,,1900,188,,316,,,242,,133,1098,9,811,,155,173,126,,160,108,142,610,1100,446,,154,297,191,,877,,144,,166,,119,166,2451,209,,235,,259,145,248,,,1255,,1300,140,,124,158,,160,,251,,9,175,548,1630,1122,11.3,237,,300,,,1109,133,108,216,,1093,183,121,2548,,410,,291,,2332,685,999,800,,237,2100,,16.5,324,259,,136,,9.7,,545,210,193,94,673,8.8,573,10.71,330,,,553,565,730,830,1172,1184,,,453,9.57,1430,,12.88,1865,2037,,730,1072,187,,515,303,,150,,970,650,,642,,,659,162,,224,,201,197,9779,9017,137,125,,614,,,753,176,,9.7,363,197,,547,315,,880,756,10,11.86,241,,285,254,343,1320,1044,,238,,845,,152,,1165,137,1390,,1177,768,,,325,942,,139,254,,,,1185,,204,275,202,922,536,185,,790,,113,1431
2018-04-09,335,167,,250,700,,270,277,,184,1850,120,,,5932,335,212,470,940,,155,,176,,,,125,,789,159,2500,702,,,120,264,,143,,722,,814,683,343,1366,517,,1890,187,,311,,,240,,130,1081,9,796,,149,,120,,160,,140,610,1078,448,,148,290,189,,861,,144,,167,,116,170,2499,201,,227,,254,,272,135,,1187,,1300,138,,125,152,,153,,250,,9,175,544,1568,1090,11.08,235,,291,,,1101,130,,,,1135,180,,2420,,404,,,,2389,651,994,808,,236,2100,,16.6,327,253,,140,,9.6,,540,208,189,94,664,9.1,578,11.36,328,,,598,550,695,820,1176,1157,,,448,9.56,1350,,12.75,1980,2005,,735,1090,182,,501,300,,153,,956,655,,645,,,651,162,,220,,202,200,9990,9201,137,125,,601,,,735,172,,9.9,360,208,,552,310,,888,801,9.88,11.86,265,,290,248,340,1253,1035,,242,,825,,152,,1160,135,1321,,1294,770,,,337,912,,136,250,,,,1185,,206,281,200,900,,182,,805,,110,1381
2018-04-10,334,168,,245,680,,280,280,,179,,118,,,5929,329,,461,898,,152,,173,,,,123,,760,,2450,689,,,117,259,,141,,728,129,800,676,347,1375,520,,1826,185,,309,,,233,,129,1081,,790,,147,,122,,148,,144,608,,450,,149,282,,,846,,144,,165,,113,168,2450,,,225,,249,,277,131,,1200,,1299,136,,121,156,,154,,244,,,,531,1562,1100,,229,,290,,,1080,130,,,,1100,175,,2410,,399,,286,,2300,642,986,797,,233,2100,,16.5,323,253,,135,,9.45,,528,201,190,93,661,9.11,575,11,322,,,594,543,675,807,1165,1145,,,446,9.41,1354,,12.72,1885,1927,,733,1065,177,,496,296,,149,,940,642,,635,,,645,153,,217,,,208,9620,8950,130,123,,591,,,720,170,,10.05,357,204,,546,306,,861,865,9.75,11.76,275,,275,250,330,1250,991,,239,,810,,155,,1144,137,1312,,1256,777,,,349,921,,136,241,,,,1150,,,262,,870,567,177,25163,791,,109,1351
2018-04-11,335,167,,245,693,,290,285,,175,,118,,,,334,,462,888,,152,,171,,,,122,,769,156,2480,710,,,119,260,,141,,730,130,800,663,347,1399,519,,1866,178,,310,,,229,,129,1060,,832,,145,170,116,,,,142,612,1020,457,,150,286,186,,850,,143,,163,,117,,2450,197,,221,,253,,272,129,,1200,,1274,,,121,154,106,154,,244,,,,532,1575,1091,,230,,294,,,1079,129,,212,,,173,,2450,,400,,,,2346,632,988,790,,237,2140,,16.55,323,254,,135,,9.5,,539,200,202,94,669,9,578,,323,,,598,540,697,820,1156,1163,,,435,9.3,1339,,,1890,,,728,1045,180,,505,297,,150,,950,663,,640,,,648,152,,218,,201,199,9700,9129,130,125,,605,,,735,173,,10,361,208,,549,307,,860,916,9.94,11.71,,,267,245,332,1269,990,,234,,820,,152,,1150,135,1320,,1260,794,,,362,922,,133,241,,,,1150,,210,265,,878,589,175,25666,796,,,1353
2018-04-12,337,168,,249,700,,300,286,,171,,120,,,6046,334,,456,900,,151,,172,,,,118,,772,154,2500,724,,,118,260,,143,,732,,797,650,342,1380,520,,1875,181,,311,,,235,,132,1040,,879,,143,166,116,,148,,140,610,1040,455,,149,287,183,,855,,143,,164,,115,171,2450,,,229,,250,,262,128,,1205,,1290,134,,,153,,155,,245,,9.18,172,540,1590,1120,11.14,226,,289,,,1070,129,,208,,,176,,,,396,,,,2401,656,989,804,,234,2120,,16.65,321,255,,137,,9.25,,558,198,195,91,667,9.1,575,10.78,323,,,605,547,690,838,1155,1210,,971,445,9.36,1343,,,1900,1895,,733,1056,183,,501,295,,145,,1014,680,,639,,,663,149,,220,,196,196,9710,9200,132,123,,604,,,730,174,,,358,212,,550,305,,855,961,9.85,11.7,275,,280,249,332,1266,1013,,227,,834,,155,,1135,133,1350,,1300,840,,,376,927,,136,244,,,,1175,,210,269,,887,612,175,26169,800,,109,1360
2018-04-15,340,168,,250,718,,,290,,177,,120,,,5924,331,,455,910,,155,,175,,,,120,,762,157,2549,740,,,126,262,,140,,733,129,798,,339,1385,525,,1870,183,,309,,,236,,130,1021,,883,,141,168,115,,149,,140,601,1060,470,,148,285,189,,860,,145,,163,,111,172,2440,204,,227,,253,,257,128,,1221,,1290,,,120,152,,150,,242,,9,,557,1590,1120,,227,,284,,,1086,,,,,,173,,2496,,406,,281,,2385,640,990,805,,248,2078,,,322,259,,135,,9.25,,580,200,190,93,661,9,577,,318,,,612,557,685,873,1156,1223,,874,440,9.35,1372,,12.97,1938,1862,,738,1089,182,,520,292,,145,,1065,700,,645,,,674,,,216,,199,205,9760,9100,134,121,,594,,,728,179,,9.8,354,218,,549,306,,850,,9.65,11.93,272,,272,250,329,1313,1035,,224,,875,,158,,1140,131,1372,,1300,860,,,390,945,,133,240,,,,1170,,206,276,196,936,636,175,,800,,,1371
2018-04-16,338,174,,265,789,,315,299,,178,,121,,144,6000,335,,460,957,,154,,176,182,,,121,,761,157,2571,800,,,125,262,,143,,775,129,800,663,340,1479,548,,1982,184,,309,,,239,,134,1123,,920,,149,167,124,,154,,140,605,1086,490,,148,286,191,,912,,147,,164,,119,175,2587,208,,227,,254,,260,127,,1295,,1387,136,,120,154,,152,,247,,8.9,175,584,1653,1185,10.93,230,,,,,1143,131,,205,,1080,186,,2672,,405,,286,,2500,700,996,805,,240,2205,,,325,261,,134,,9.25,,608,206,189,92,664,8.9,570,11.1,324,,,673,599,711,927,1180,1280,,787,444,9.65,1454,,12.8,2060,1865,,735,1124,184,,555,293,,151,,1148,770,,694,,,725,,,216,,202,198,10000,9361,132,127,,620,,,765,182,,9.65,356,218,,556,308,,845,999,9.85,11.7,272,,274,255,333,1370,1073,,236,,926,,158,,1175,135,1470,,1345,918,,,,966,,133,239,,,,1247,,214,280,,1029,,178,,850,,,1405
2018-04-17,337,178,,274,867,,,306,,,1784,125,,146,6190,336,,469,1028,,155,,176,,,,122,,787,,2670,816,,,126,261,,144,105,852,,804,676,343,1494,602,,2144,193,,314,,,242,,137,1235,8.82,955,,151,170,125,,151,,145,610,1150,526,,162,290,194,,985,,152,,165,,117,187,2743,,,232,,259,,262,126,,1355,,1513,140,,122,157,,157,,248,,,178,642,1717,1290,11.1,237,,300,,,1231,136,,201,,1151,192,,2800,,413,217,,,2650,770,1002,808,,241,2300,,,335,270,,138,,9.63,,655,210,195,93,667,9.15,580,11.32,330,,,740,637,779,975,1209,1356,,,456,9.64,1549,,12.65,2214,2051,,750,1219,197,,603,299,,160,,1214,847,,751,,,770,,,218,160,209,199,10761,10297,136,128,,678,,,841,186,,,357,208,,563,317,,852,1038,10,12,277,,284,264,340,1443,1118,,232,,970,,157,,1240,136,1600,,1421,950,,,,1061,,136,246,,,,1326,,226,292,,1131,667,184,26692,907,,119,1528
2018-04-18,345,186,,291,830,,,320,,187,1836,127,,149,6435,350,,476,1045,,158,,183,,,,128,,856,160,2760,895,,,130,265,,153,,876,133,819,663,356,1475,618,,2130,196,,319,,,250,,143,1334,9,975,,157,173,129,,163,,159,652,1200,528,,170,319,200,,1010,,160,,171,,115,190,2800,208,,248,,268,,267,130,,1370,,1513,147,,134,165,,169,,263,,8.98,180,629,1775,1255,11.09,255,,310,,,1196,142,,200,,1173,195,,2751,,434,,,,2576,786,1040,840,,250,2391,,,346,279,195,,,9.8,,652,231,204,98,662,,587,11.78,338,,,726,628,783,941,1200,1350,,,457,9.83,1568,,12.9,2156,2256,,750,1230,204,,600,300,,163,,1180,815,,745,,,750,151,,223,,217,218,11700,11322,142,130,,671,,,875,196,,9.35,369,222,,574,328,,888,,10.01,,292,,312,271,361,1430,1135,,232,,950,,160,,1230,144,1570,,1421,777,,,,1058,,149,255,,,,1290,,226,300,,1190,,199,,891,,117,1503
2018-04-19,351,192,,300,860,,321,339,,193,1810,125,,148,6552,356,,485,1040,,165,,189,,187,,122,,865,168,2741,880,,,,275,,154,,880,131,832,,363,1499,645,,2299,207,,328,,,256,,141,1297,9,961,,156,176,128,,159,,157,652,1200,523,,170,338,200,,1000,,165,,179,,119,187,3030,205,,247,,270,,,141,,1344,,1454,156,,137,170,,172,,260,,,177,629,1780,1250,11.2,255,,319,,,1225,141,,201,,1106,196,,2830,,442,217,,,2700,800,1055,843,,255,2399,,,358,280,,145,,9.79,,662,224,214,100,684,9.15,586,11.76,346,,,729,622,790,941,1200,1349,,,479,9.7,1550,,12.9,2217,2346,,792,1226,201,,608,317,,166,,1189,814,,740,,,745,166,,234,,214,210,12650,12245,149,127,,670,,,867,199,,9.53,371,206,,585,340,,890,1100,9.9,,306,,306,274,386,1422,1110,,236,,943,,157,,1210,140,1580,,1393,736,,,,1069,,157,267,,,,1290,,220,301,204,1172,680,213,,895,,124,1537
2018-04-22,369,196,,330,914,,,372,,196,,129,,156,6813,365,,515,1099,,170,,198,,187,,134,,906,165,2807,950,,,128,294,,160,,918,138,857,660,379,1544,665,,2514,219,,338,,,268,,144,1326,9.25,1030,,154,178,134,,170,,159,673,1297,525,,178,370,215,,1050,,167,,185,,127,199,,210,,257,,287,,293,142,,1468,,1509,165,,137,180,,179,,268,,,,645,1825,1343,11.25,264,,350,,,1326,143,,209,,1168,199,,2950,,449,,301,,2840,832,1065,854,,266,2499,,,368,297,,159,,9.7,,679,217,210,102,693,9,597,12.1,356,,,749,658,845,1018,1230,1435,,,486,9.89,1705,,13.24,2438,2392,,800,1300,217,,640,345,,179,,1264,880,,746,,,800,182,,247,,219,224,13915,13469,144,139,,690,,,887,207,,9.89,381,226,,615,365,,900,1166,9.95,12.25,301,,320,281,407,1470,1170,,247,,1037,,163,,1255,149,1723,,1479,773,,,,1169,,154,279,,,,1410,,227,314,204,1185,,224,,940,,128,1690
2018-04-23,360,186,,343,870,,,361,,187,1739,127,,168,6547,358,,495,1069,,166,,193,,190,,128,,877,165,2750,930,,,128,285,,159,,900,135,860,623,380,1520,650,,2518,215,,326,,,265,,144,1299,9.44,1016,,152,175,132,,168,,150,653,1250,517,,171,350,211,,1029,,161,,181,,123,197,3029,210,,250,,261,,,140,,1412,,1487,160,,137,170,,175,,258,,9.33,182,630,1762,1275,11.25,258,,343,,,1291,138,,229,,1196,193,,2810,,435,,,,2890,835,1050,840,,255,2420,,,363,285,,157,,9.53,,653,208,210,99,680,8.83,580,11.9,350,,,740,642,811,1001,1215,1468,,,478,9.8,1635,,13,2360,2390,,785,1275,210,,630,334,,171,,1258,870,,745,,,784,180,,235,160,223,209,14000,13100,146,136,,692,,,877,205,,,373,219,,615,356,,875,1282,9.9,12.1,306,,315,269,391,1460,1148,,244,,1001,,163,,1240,140,1723,,1480,740,,,412,1156,,147,270,,,,1375,,220,294,201,1170,,216,,915,,136,1739
2018-04-24,359,189,,333,882,,,360,,185,1773,127,,165,6470,353,,487,1059,,169,,198,,193,,125,,872,168,2710,891,,10,129,281,,154,105,890,137,840,612,371,1611,640,,2501,208,,324,,,265,,142,1299,,1012,,152,175,134,100,162,,150,633,1230,514,,168,345,207,,1000,,157,,180,,117,190,,210,,255,,251,,288,135,,1420,,1489,152,,,165,,169,,257,,9.15,184,625,1769,1250,11.48,254,,339,,,1250,138,,221,,1173,190,,2820,,430,,,,2840,802,1032,840,,256,2440,,,366,287,,151,,9.45,,650,206,205,98,675,,578,11.9,343,,10,757,631,815,990,1200,1450,,,479,9.7,1631,,13,2514,2400,,780,1265,205,,618,332,,165,,1260,878,,739,,,787,171,100,230,,219,213,13566,12650,146,130,,677,,,869,194,,10,367,215,,597,356,,857,1307,9.86,12.2,294,,310,268,389,1420,1101,,242,,1010,,162,,1231,136,1673,,1450,749,,,,1140,,140,259,,,,1410,,,297,198,1158,,223,,900,,134,1720
2018-04-25,352,186,,334,874,,,363,,181,1771,,,162,,349,,485,1051,,168,,199,,195,,121,,858,168,2710,873,,,127,282,,151,,875,133,825,605,374,1579,640,,2439,207,,321,,,265,,,1298,9.3,1005,,154,170,,,160,,142,635,1182,509,,162,338,209,,990,,156,,178,,118,192,,206,,255,,252,,,135,,1419,,1455,150,,133,167,,164,,255,,9.18,181,615,1750,1251,11.25,250,,334,,,1235,136,,220,,,186,,2890,,422,,,,2700,785,1040,823,,250,2352,,,361,282,,152,,9.35,,667,210,201,96,681,8.75,583,,340,,,736,622,805,990,1189,1450,,,472,,1647,,,2416,2310,,785,1224,204,,609,330,,171,,1260,870,,728,,,781,171,,227,,212,208,13500,12590,140,122,,680,,,855,190,,10.01,365,211,,592,353,,862,1386,9.7,12.05,289,,310,264,384,1400,1106,,236,,1016,,,,1235,131,1666,,1397,740,,,,1130,,136,256,,,,1402,,212,293,192,1113,680,210,,885,,128,1715
2018-04-26,348,185,,316,831,,333,350,,180,,,,156,6000,342,,480,1025,,163,,196,,198,,120,,830,166,2650,820,,,123,270,,150,,858,,798,612,361,1515,618,,2398,201,,319,,,255,,,1200,,970,,152,171,128,,156,,140,616,1159,500,,164,329,201,,942,,154,,179,,116,182,2969,206,,242,,250,,,131,,1400,,1513,147,,131,162,,159,,250,,,181,605,1690,1203,,246,,322,,,1199,132,,216,,,184,,3037,,415,,,,2609,755,1030,815,,245,2266,,,354,277,,149,,9.21,,646,202,196,94,670,8.75,572,,336,,,725,610,785,958,1165,1402,,787,473,9.6,1600,,12.8,2287,2135,,770,1179,199,,578,322,,162,,1234,830,,701,,,752,,,225,,212,203,12756,12050,138,126,,666,,,838,184,,,359,207,,565,356,195,844,1469,9.6,11.81,,,307,259,375,1360,1095,,225,,990,,,,1220,135,1592,,1317,710,,,,1108,,136,253,,,,1370,,208,293,189,1080,706,210,,846,,,1699
2018-04-29,344,183,,325,831,,,342,,166,1780,,,,6120,335,,491,1001,,165,,195,182,195,,118,,828,161,2606,804,,9.8,119,269,,150,,856,131,795,605,361,1500,613,,2350,204,,317,,635,255,,,1222,9.11,970,,150,172,123,,158,,142,610,,496,,165,329,195,111,956,,156,,174,,,170,2910,202,,239,,246,,283,133,,1419,,1446,144,,,164,,162,,245,,,,603,1748,1220,,239,,320,,,1190,,,212,,,185,,2919,,415,,,,2684,740,1013,810,,235,2346,,,352,278,,149,,9.15,,,203,195,93,664,8.8,567,11.75,334,,9.8,718,613,790,950,1166,1400,,,466,9.5,1599,,,2288,2251,,760,1184,197,,589,326,,162,,1219,810,,705,,,756,169,,214,,,203,12605,12100,138,127,,665,,,823,191,,9.9,360,215,,568,346,,843,1615,9.35,11.6,290,,307,265,373,1353,1092,,236,,980,,159,,1216,134,1600,,1349,706,,,,1091,,138,250,,,,1379,,202,288,180,1099,741,200,,835,,122,1698
2018-05-02,341,182,,321,858,,339,358,,171,,,,,6121,340,,510,1040,,166,,195,,,,124,,840,158,2675,770,,9.79,119,270,,149,,880,129,789,,360,1560,624,,2430,200,,320,,653,259,,138,1200,9.11,1005,,154,170,121,,160,,142,621,1182,510,,171,333,198,,988,,155,,177,,114,165,2852,,,241,,245,,278,130,,1438,,,142,,129,166,,165,,256,,,,620,1749,1279,11.03,232,,352,,,1234,,,,,,187,,3034,,418,,,,2735,760,1009,810,,237,2351,,,353,278,,147,,9.15,,,203,187,95,666,,574,11.75,338,,9.5,728,626,795,1000,1165,1420,,,469,9.49,1690,,,2328,2230,,774,1220,200,,600,327,,158,,1255,855,,714,,,770,,,220,,204,210,12848,12250,134,125,,674,,,846,197,,9.57,359,215,,575,343,,835,1776,9.45,11.8,,,302,268,385,1361,1092,,225,,1020,,148,,1260,134,1700,,1397,720,,655,,1119,,136,247,,,,1390,,205,289,,1125,755,197,26200,836,,,1744
2018-05-03,346,183,,324,852,,,355,,167,,,,156,6350,339,,504,1026,,166,,195,182,,,124,,857,160,2646,821,,9.85,115,273,,147,,893,125,794,593,364,1569,625,,2410,203,,320,176,653,260,,138,1259,9.11,1017,,154,170,125,,153,,152,620,1205,507,,166,331,196,111,993,,155,,174,,114,170,2900,200,,244,,250,,280,131,,1463,,1500,144,,125,170,,166,,260,,9.2,,630,1750,1280,11.03,236,,334,,,1236,131,,210,,1150,187,,3040,,418,,,,2745,820,1009,815,,236,2362,,,358,280,,143,,9.3,,,207,190,95,667,8.9,579,11.75,341,,9.5,740,625,796,1001,1180,1439,,,470,9.52,1740,,,2380,2260,,775,1232,200,,598,325,,160,,1262,847,,720,,,778,169,,222,,209,207,13251,12500,136,126,,683,,,870,192,,9.76,358,220,,569,345,,836,1849,9.32,11.7,,,309,266,388,1400,1094,,231,,1021,,143,,1248,135,1749,,1530,730,,694,,1149,,140,251,,,,1415,,213,294,,1124,,204,26000,860,,,1745
2018-05-06,343,180,,314,853,,,348,,169,,,,159,6223,335,,492,1030,,167,,191,,192,,130,,852,156,2600,805,,9.51,119,268,,146,,871,120,785,639,351,1545,622,,2415,198,,315,,641,261,,136,1279,,999,,,170,123,,149,108,,605,,500,,170,324,194,,1000,,156,,170,,116,170,2840,,,252,,248,,,129,,1410,,1426,141,,125,171,,162,,262,,,175,612,1730,1260,10.85,232,,332,,,1216,131,,,,,184,,3009,,415,,,,2850,792,1005,810,,233,2398,,,353,277,,144,,9.04,,,201,188,94,660,,575,,337,,9.5,730,610,799,993,1164,1420,,,466,9.36,1699,,12.75,2394,2235,,766,1232,197,,600,320,,157,,1239,841,,711,,,781,,,219,,207,215,13400,12300,136,,,698,,,858,180,,9.65,356,211,,559,345,,835,1868,9.53,11.73,,,306,260,384,1395,1063,,240,,1008,,142,,1240,135,1730,675,1455,717,,721,432,1138,,141,251,,,,1405,,212,290,177,1100,785,204,,860,,,1760
2018-05-07,343,176,,312,854,,,349,,170,,,,153,,332,,504,1015,,165,,190,,189,,,,844,153,2630,785,,,,265,,145,105,867,122,776,,345,1540,610,,2379,198,,314,,639,260,,136,1280,,980,,150,167,123,,145,,151,603,1158,503,,165,325,194,,991,,152,,167,,114,167,2896,,,246,,245,,275,127,,1390,,1421,135,,119,167,,162,,261,,,172,609,1704,1215,,233,,321,,,1200,130,,,,,184,,3080,,416,,,,2764,771,999,804,,232,2313,,,354,279,,146,,9.06,,,205,185,91,659,8.75,570,11.52,337,,,715,602,783,980,1160,1410,,,463,9.35,1650,,12.6,2323,2149,,768,1225,195,,572,320,,155,,1236,838,,700,,,772,,,218,160,205,212,12870,12151,132,123,,692,,,849,180,,9.46,354,206,,561,345,,826,1811,9.6,,,,302,257,382,1422,1040,,237,,1009,,136,,1231,130,1700,,1440,715,,749,,1090,,141,250,,,,1395,,213,281,177,1099,848,202,,855,,118,1760
2018-05-08,343,174,,322,878,,,350,,169,,,,153,6300,335,,504,1018,,168,,194,,,,123,,854,153,2670,816,,9.51,,274,,147,,883,122,789,639,357,1549,621,,2448,200,,317,,669,263,,138,1290,,1000,,143,167,123,,146,,,615,1125,508,,166,333,194,,994,,153,,171,,116,173,2850,200,,247,,248,,,127,,1409,,1450,139,,119,171,106,168,,264,,9.05,169,630,1752,1275,10.9,236,,334,,,1249,130,,,,,186,,3239,,421,,,,2790,800,1010,810,,237,2400,,,359,281,,142,,9.12,,,211,186,94,660,8.9,580,,339,,9.5,729,622,800,1010,1178,1414,,,469,9.35,1695,,12.9,2416,2029,,765,1238,198,,600,323,,159,,1285,870,,715,,,782,172,,222,,198,209,13400,12500,136,124,,699,,,875,180,,9.8,357,210,,563,344,,830,1821,9.69,,290,,309,261,390,1425,1070,,239,,1016,,146,,1250,132,1737,,1518,724,,793,,1125,,142,250,,,,1430,,208,288,180,1110,864,203,26000,878,,118,1758
2018-05-09,344,171,,320,875,,345,348,,163,,,,150,,334,,502,1011,,169,,193,,,,120,,854,151,2650,808,,9.3,117,269,,149,,875,121,782,,,1549,621,,2485,200,,317,,652,261,,138,1299,,1000,,147,165,121,,144,,146,620,1106,503,,165,327,194,,995,,153,,170,,116,176,2890,194,,247,,246,,275,127,,1433,,1485,141,,117,170,,163,,260,,,,620,1735,1300,,236,,335,,,1215,130,,,,1139,185,,3300,,416,,,,2749,790,1003,806,,236,2350,,,356,280,,143,,9.14,,,211,185,93,660,,572,,342,,,735,620,800,1008,1170,1434,,,463,9.38,1660,,,2400,1986,,767,1230,200,,587,321,,158,,1269,869,,714,,,779,172,,217,,205,209,13389,12360,132,124,,700,,,859,179,,9.8,357,214,,560,340,,828,1803,9.6,11.51,285,,303,261,390,1401,1057,,237,,1020,,136,,1249,133,1733,,1519,740,,824,448,1147,,144,248,,,,1415,,202,283,176,1107,881,199,,878,,,1784
2018-05-10,343,176,,323,870,,,338,,167,1711,,,153,,335,,485,1020,,166,,192,,,,120,,840,151,2635,795,,9.32,118,267,,144,,878,120,773,628,350,1545,611,,2450,203,,315,176,640,260,,133,1310,8.99,996,,151,162,122,,140,,,,,498,,165,326,191,,970,,153,,170,,114,173,2990,191,,251,,246,,275,128,,1450,,1560,140,,115,167,,163,,259,,,,615,1735,1270,10.78,235,,335,,,1215,131,,,,1095,184,,3280,,415,,,,2730,773,1003,807,,235,2370,,,355,281,,147,,9.18,,,205,186,92,660,,572,,338,,9.35,715,615,766,990,1166,1415,,,463,9.39,1655,,,2399,2010,,759,1210,197,,580,320,,156,,1265,861,,710,,,775,,,217,,203,207,12980,12320,136,123,,692,,,850,178,,10,357,208,,560,340,,825,1790,9.6,,290,,301,256,381,1405,1055,,234,,1011,,140,,1230,132,1710,,1486,733,,873,474,1125,,139,247,,,,1406,,204,280,175,1112,,200,,865,,116,1763
2018-05-14,341,169,,314,858,,351,338,,165,1680,,,145,6300,331,,481,1012,,168,,188,,,,119,,834,148,2635,784,,,,263,,142,,841,118,764,,345,1540,600,,2472,195,,315,,626,256,,128,1290,,983,,147,154,117,,142,,141,600,1216,484,,168,331,190,,940,,148,113,168,,114,167,2950,188,,244,,241,,,126,,1413,,1470,140,,118,165,,162,,264,,,,604,1745,1215,,230,,321,,,1158,131,,,,1074,181,,3216,,414,,,,2705,760,1000,803,,232,2346,,,352,279,,133,,9,,,210,182,92,655,,572,11.29,339,,,710,605,747,975,1160,1395,,,460,9.5,1600,,12.61,2366,2069,,762,1196,190,,578,319,,154,,1243,834,,702,,,776,166,,215,,196,208,12950,12160,135,119,,690,,,860,174,,9.6,356,203,,550,335,,824,1772,9.55,11.41,292,,298,258,375,1400,1037,,232,,981,,140,,1231,128,1709,,1500,718,,890,483,1090,,135,243,,,,1394,,200,280,,1081,925,195,,852,,116,1736
2018-05-15,339,172,,311,840,,,335,,165,1745,,,147,,334,,479,1006,,164,,188,,,,117,,825,146,2645,790,,,116,262,,139,,845,116,756,,,1540,604,,2426,194,,313,,627,256,,,1290,8.81,971,,,157,115,,140,,,596,1337,490,,166,331,189,,990,,147,,167,,113,168,2805,,,238,,240,,,,,,,,138,,116,162,,160,,263,,,,616,1745,1210,,229,,317,,,1187,130,,,,,181,,3294,,410,,,,2690,750,1002,801,,228,2306,,,354,276,,131,,9.18,,,210,180,92,651,,570,11.2,340,,,720,610,750,994,1155,1372,,,461,,1576,,,2355,2109,,762,1190,188,,567,315,,153,,1246,847,,691,,,775,,,215,,,213,13000,12185,131,,,681,,,855,175,,9.41,355,207,,550,334,,822,1785,,11.6,,,,253,371,1385,1040,,236,,740,,135,,1244,128,1687,,1480,711,420,,,,,135,241,,,,1370,,195,280,174,1066,980,192,,838,,,1751
2018-05-16,341,170,,314,850,,362,340,,164,1814,,,146,6298,328,,483,1003,,167,,188,,,,121,,838,,2640,805,,9.35,,266,,143,,857,,750,,344,1550,604,,2454,193,,312,,630,259,,127,1300,8.64,990,,,157,117,,,,,600,1424,490,,164,320,,,971,,147,,166,,111,166,3000,185,,241,,242,,,124,,1430,,1500,134,,116,166,,161,,266,,,172,610,1720,1232,10.65,234,,325,,,1230,131,,,,1032,182,,2769,,412,,,,2770,780,1000,800,,231,2433,,,355,276,,127,,9.15,,,210,180,93,655,,560,11.01,340,,9.4,717,606,745,995,1150,1393,,,460,9.5,1618,,,2400,2146,,770,1201,190,,584,318,,156,,1257,832,,690,,,766,,,214,,193,221,13100,12265,134,118,,681,,,850,176,,9.4,351,204,,550,335,,817,1795,9.6,,282,,300,260,370,1385,1036,,227,,744,,137,,1245,128,1745,,1499,715,,907,,1133,,136,243,,,,1394,,203,278,170,1063,,191,25480,854,,111,1860
2018-05-17,339,172,,311,853,,,337,,165,1755,126,,142,6180,331,,479,1010,,166,,187,,189,,120,,841,150,2639,,,,,268,,144,,860,114,746,,344,1520,600,,2440,195,,311,,629,260,,126,1280,,989,,,154,,,144,,140,620,1390,486,,165,327,189,,970,,146,,166,,,,3010,182,,239,,243,,,127,,1430,,1560,142,,,167,,161,,266,,,170,610,1750,1230,,230,,321,,,1205,130,,200,,1032,183,,2820,,410,,,,2700,760,1002,805,,231,2405,,,353,278,,129,,9.1,,,,183,92,656,9,573,11.23,340,,,715,605,744,977,1155,1386,,,465,9.42,1592,,12.61,2405,2104,,766,1210,192,,573,319,,,,1251,840,,692,,,786,170,,214,,191,229,13300,12300,128,,,689,,,850,176,,9.59,352,210,,548,335,,817,1780,9.6,,,,307,261,376,1390,1035,,226,,745,,135,,1230,131,1732,,1486,712,,952,,1115,,135,244,,,,1382,,204,288,173,1065,,192,,851,,110,1830
2018-05-20,340,169,,311,804,,369,336,,163,,,,140,,333,,474,1003,,163,,186,,,,128,,848,148,2626,805,,,114,266,,142,,859,117,742,640,350,1549,601,,2449,196,,311,,635,258,,124,1255,8.75,986,,,152,115,,,,142,610,1340,490,,164,326,190,,970,,149,113,168,,115,166,3070,191,,239,137,240,,,125,,1444,,1529,140,,118,168,,163,,274,,8.9,173,609,1730,1244,,229,,,,,1214,129,,196,,1040,182,,3102,,415,,,,2784,760,1000,805,,231,2440,,,352,279,,128,,,,,206,184,91,654,,573,11.21,340,,,715,614,740,990,1159,1420,,,465,9.6,1610,,,2390,2050,,767,1203,192,,573,320,,153,,1260,842,,684,,,790,,,215,,190,234,13345,12389,128,120,,695,,,846,174,,9.5,353,206,,546,335,,816,1767,9.6,,277,,302,256,376,1395,1035,,220,,748,,,,1250,127,1730,,1511,719,,990,521,1101,,134,244,,,,1386,,204,298,,1065,,186,,870,,110,1470
2018-05-21,340,169,,311,790,,,335,,162,,,,,6303,330,,479,1010,,165,,187,182,,,,,841,148,2725,815,,,112,264,,141,,870,116,733,,345,1548,611,,2499,200,,309,,645,256,,125,1330,,981,,147,,114,,140,,144,602,1340,491,,168,325,188,,961,,148,113,168,,111,167,3170,188,,240,,240,,270,124,,1499,,1605,137,,115,165,,160,,283,,8.8,173,611,1705,1275,10.65,231,,320,,,1230,131,,191,,1061,181,,3110,,414,,,,2815,800,999,800,,232,2605,,,352,274,,127,,9.05,,,203,182,90,654,,573,11.43,340,,9.23,706,611,757,985,1156,1419,,,460,9.46,1674,,12.62,2499,2249,,765,1210,190,,574,320,200,156,,1255,860,,685,,,785,162,,211,,,234,12571,11962,126,119,,704,,,861,174,,9.45,352,209,,539,333,,815,1822,9.5,,,,300,260,372,1390,1040,,220,,746,,143,,1294,128,1870,,1535,724,,1009,531,1123,,134,245,,,,1393,,201,281,,1072,1038,187,,885,,,1470
2018-05-22,337,169,,309,777,,376,332,,160,,,,,6300,326,,480,1003,,165,,185,,,,120,,837,147,2730,815,,9.35,,263,,141,,850,116,728,,345,1518,605,,2489,197,,310,,633,210,,123,1409,,985,,145,153,115,,149,,142,600,1366,490,,164,325,188,,970,,147,113,167,,112,,3240,189,,242,,240,,,120,,1550,,1740,136,,,166,,158,,291,,,176,601,1712,1290,10.45,231,,320,,,1224,,,,,1070,181,,3040,,410,,307,,2900,780,995,801,,229,2750,,,350,272,,,,9.1,,,200,181,90,650,9,570,11.28,338,,9.23,707,607,759,976,1153,1410,,,458,9.65,1697,,12.65,2520,2126,,760,1220,192,,575,318,,156,,1247,844,,681,,,771,171,,214,,,232,12590,11850,129,118,,692,,,859,172,,9.8,353,201,,533,331,,812,1893,9.65,11.83,,,295,261,375,1410,1030,,226,,741,,141,,1270,130,1920,,1688,715,,,,1119,,134,244,,,,1414,,200,276,170,1084,1089,189,,902,,107,1520
2018-05-23,334,167,,305,769,,,324,,157,,,,139,6175,325,,475,1000,,164,,185,,,,122,,841,146,2700,814,,,114,263,,142,,840,115,728,,351,1500,598,,2478,193,,308,,641,205,,125,1407,8.45,973,,,153,114,,145,,137,606,1340,486,,164,324,184,,970,,147,,165,,110,164,3375,188,120,248,,238,,,117,,1605,,1880,135,,115,166,,159,,283,,8.63,,597,1746,1280,10.66,229,,314,,,1229,,,188,,1177,180,,3090,,407,,,,2940,809,987,795,,226,2831,,,347,270,,127,,9,,,198,175,90,648,9.1,571,11.05,336,,,700,604,759,965,1146,1404,,,455,9.46,1698,,12.65,2595,2225,,765,1205,189,,575,316,,159,,1235,828,,676,,,774,168,,210,,196,227,12600,11530,128,116,,687,,,850,172,,9.8,348,205,,534,328,,810,1939,,,270,,290,260,376,1399,1025,,225,,740,,,,1278,130,1940,,1748,704,,1029,,1125,,135,242,,,,1401,,196,276,,1040,1110,192,,899,,,1592
2018-05-24,335,164,,308,760,,,325,,163,1790,128,,141,,325,,471,995,,167,,182,,,,124,,836,147,2696,815,,,118,260,,143,,830,114,725,,348,1490,599,,2450,190,,303,,623,205,,125,1381,,970,,142,,116,100,141,,142,600,1389,481,,162,323,183,,955,,145,,165,,116,172,3220,,,245,,237,,261,115,,1560,,1773,137,,115,162,,157,,275,,8.46,179,596,1740,1220,,225,,308,,,1172,129,,190,,1127,179,,2940,,401,,,,2852,794,990,792,,226,2740,,,336,261,,127,,9,,,195,176,89,648,9,575,,334,,,686,600,750,970,1146,1383,,,450,,1635,,12.58,2510,2125,,760,1185,185,,572,313,,156,,1234,832,,656,,,765,174,,208,,196,233,12365,11591,124,114,,689,,,830,167,,9.6,348,202,,531,326,,806,1851,9.75,11.61,262,,292,260,365,1390,1005,,221,,726,,,,1245,129,1890,,1692,705,,,557,1106,,135,239,,,,1397,,193,271,168,1031,1132,187,,871,,,1577
2018-05-27,332,161,,300,755,,,310,,158,,,,141,,325,,467,982,,163,,181,100,,,120,,820,146,2683,794,,,,258,,140,,810,114,708,,343,1478,583,,2385,189,,302,,617,202,,125,,,941,,140,152,114,,136,,138,596,1387,472,,162,312,183,,,,144,,163,,113,175,3100,191,,245,,234,,261,112,,1485,,1740,133,,115,160,,155,,267,,8.63,,585,1720,1210,10.63,225,,299,,,1154,124,,186,,1075,177,,2935,,395,,,,2763,772,989,790,,226,2758,,,325,254,,125,,9,,,192,177,90,645,8.86,575,11.06,329,,9.07,665,588,739,952,1126,1356,,,437,9.5,1603,,12.51,2440,2042,,743,1175,187,,564,307,,153,,1192,816,,645,,,742,164,,208,,191,230,12090,11360,128,122,,677,,,850,167,,,344,205,,520,320,195,800,1845,,11.6,258,,290,253,360,1363,995,,219,,712,,138,,1234,125,1848,,1660,696,,1049,,1100,,129,235,,,250,1367,,188,270,,1001,,186,,841,,,1500
2018-05-28,340,170,,315,790,,,328,,163,1820,128,,142,6422,330,,470,1010,,168,,186,,192,,122,,841,149,2735,848,,,116,265,150,145,,846,112,731,,343,1538,611,,2454,193,,311,176,646,215,,129,1400,8.6,985,,142,150,116,,140,,142,607,1405,500,,168,330,189,,980,,149,,169,,111,181,3392,,,247,,241,,,113,,1540,,1900,138,,123,165,,160,,278,,,182,612,1773,1275,,234,,315,281,,1220,131,,186,,1125,181,,3100,,418,,,,2860,818,1012,802,,235,2785,,,338,268,,,,9.28,,,198,175,92,656,9.04,585,,333,,9.15,701,621,762,1008,1150,1385,,,444,9.5,1662,,12.75,2600,2165,,760,1200,192,,589,319,,155,126,1258,852,,682,,,561,161,,219,,197,233,12600,12200,130,124,,699,,,873,175,,,354,207,,533,329,,817,1874,9.56,,268,,302,268,374,1471,1091,,224,,745,,143,,1264,131,1898,,1710,723,,1111,,1128,,135,246,,,,1400,,189,284,,1049,1154,191,25989,890,,110,1511
2018-05-29,337,168,,305,775,,,321,,,,,,142,6294,325,,465,1000,,168,,185,,,,120,,839,149,2735,815,,9.6,114,264,,142,,840,115,736,,349,1558,606,,2450,195,,306,,634,213,,127,1345,,1000,,,149,116,,142,,144,603,1354,509,,165,320,187,,999,,145,,167,,113,178,3260,194,,243,,238,,242,112,,1542,,1800,135,,118,163,,157,,280,,8.65,179,614,1755,1258,10.9,233,,310,253,,1185,130,,189,,1130,184,,3100,,410,,,,2853,810,999,800,,233,2739,,,333,269,,125,,9.3,,,197,174,91,652,9,578,11.25,338,,9.52,724,625,755,1000,1143,1391,,,419,9.31,1615,,12.61,2540,2090,,760,1200,190,,588,316,,156,,1277,882,,690,,,565,167,,215,,190,233,12660,12000,132,119,,700,,,871,171,,9.6,355,213,,530,330,,821,1870,9.5,11.6,263,,300,262,372,1450,1060,,224,,749,,140,,1260,130,1870,,1612,730,,1189,,1120,,135,245,,,,1390,,193,280,,1070,1259,190,,870,,111,1528
2018-05-30,340,168,,304,780,,,323,,165,1764,126,,140,6169,328,,468,990,,167,,183,,193,,120,,833,148,2728,831,,,115,262,,141,,847,117,732,,339,1572,605,,2404,194,,308,176,632,209,,127,1348,8.44,985,,,,115,,143,,142,603,1353,506,,167,308,190,,990,,146,,167,,111,181,3344,197,,240,,237,,245,114,,1522,,1781,134,,120,164,,158,,276,,,173,614,1771,1251,,231,,310,228,,1180,132,,195,,1130,183,,3105,,410,,,,2833,784,1000,789,,230,2738,,,333,265,,127,,,,,200,175,89,650,8.82,590,,338,,,730,624,760,1010,1145,1390,,,414,9.5,1620,,12.6,2511,2173,,758,1224,190,,577,313,,154,,1285,874,,685,,,566,167,,210,,187,235,12702,12000,129,121,,701,,,867,170,,9.5,353,203,,530,331,,815,1880,,11.65,264,,297,262,373,1465,1056,,228,,760,,140,,1308,124,1889,,1648,725,,,,1076,,133,241,,,,1390,,192,285,,1075,1309,190,,861,,111,1512
2018-05-31,339,165,,300,771,,,312,,160,1799,126,,,6169,321,,465,990,,166,,183,179,190,,119,,826,148,2700,811,,9.6,117,261,,140,,830,115,726,640,336,1541,595,,2410,192,,303,,620,206,,,1322,,975,,,148,117,,140,,138,600,1360,493,,163,312,190,,975,,146,,168,,112,184,3320,,,235,,230,,241,111,,1503,,1751,135,,,162,,158,,272,,,170,606,1750,1250,,229,,311,206,,1200,132,,198,,1130,178,,3090,,406,,,,2850,774,1000,790,,229,2697,1300,,321,265,,124,,9.11,,,198,175,90,646,8.9,578,,337,,9.52,715,611,752,990,1131,1376,,,405,9.65,1647,,,2498,2081,,756,1201,189,,570,314,,152,,1265,854,,665,,,560,170,,209,,190,230,12400,11770,130,120,,692,,,851,170,,,347,203,,525,329,,805,1840,9.38,11.6,268,,296,259,364,1431,1044,,226,,750,,138,,1280,125,1870,,1682,709,,,,1060,,134,239,,,,1370,,190,281,,1030,,187,25472,848,,110,1520
2018-06-03,330,160,,288,760,,,303,,157,,,,138,6046,311,,453,965,,163,,177,,,,117,,806,148,2620,780,,,,256,,139,,802,112,708,,331,1477,580,,2330,186,,300,,593,203,,125,1273,8.29,935,,,,114,,138,,136,585,1321,478,,162,308,,,918,,140,,165,,110,170,3195,187,,232,,222,,,111,,1421,,1691,131,,118,157,,153,,268,,,173,587,1690,1192,,220,,300,186,,1165,126,,195,,1065,177,,1812,,398,,,,2780,756,980,770,,221,2603,,,317,259,,122,,9,,,,165,90,640,,565,11.05,328,,,696,596,727,952,1098,1311,,,397,9.5,1571,,,2381,2000,,737,1177,184,,548,306,,154,,1224,824,,643,,,544,167,,207,,190,225,11300,10780,128,116,,670,,,821,163,,,338,199,,513,319,,789,1782,,,258,,293,250,364,1353,1000,,222,,710,,136,,1232,123,1800,,1600,686,,,,1001,,132,234,,,,1330,,188,280,,990,1335,188,26500,830,,108,1482
2018-06-04,329,160,,284,727,,,297,,157,1765,,,,5808,316,,452,932,,159,,173,,,,117,,795,146,2630,766,,9.48,116,250,,138,,788,113,701,,327,1455,568,,2324,187,,300,,586,203,,,1183,8.63,921,,140,,,,136,,,584,1312,481,,160,302,181,,899,,140,,162,,110,171,3080,,,230,,222,,,119,,1418,,1710,,,122,156,,150,,265,,,170,571,1683,1195,10.55,224,,,180,,1122,126,,,,1051,175,,1780,,392,,,,2700,735,979,786,,222,2550,,,310,259,,120,,8.82,,,187,164,89,638,,570,11,326,,9,690,583,720,936,1075,1303,,757,395,9.7,1540,,,2365,1950,,771,1137,186,,540,305,,149,,1213,835,,638,,,533,,,207,,188,224,11470,10562,125,,,675,,,810,166,,9.31,332,202,,513,316,,792,1775,9.5,11.37,254,,290,246,345,1350,984,,218,,709,,,,1222,122,1730,,1572,676,,1212,,970,615,126,228,,,,1304,,188,275,168,970,1361,184,,820,,106,1441
2018-06-06,336,163,,294,731,,,306,,157,,,,,6042,315,,459,960,,163,,179,,,,115,,805,144,2601,796,,,,256,,138,,793,,710,,339,1507,582,,2370,191,,300,,603,204,,123,1206,,957,,,148,,,,,,588,1338,482,,162,308,,,917,,143,,166,,105,,3229,,,238,,224,,,125,,1372,,1755,,,124,157,,150,,270,,,,587,1710,1201,10.5,224,,305,179,,1145,,,,,1072,178,,1835,,400,,,,2760,765,990,797,,225,2805,,,314,263,,121,,,,,189,163,88,642,8.8,568,,334,,,700,594,735,954,1096,1325,,,395,,,,,2412,2015,,759,1160,188,,550,310,,154,126,1235,835,,652,,,535,170,,207,,,228,11900,11000,125,,,676,,,571,162,,,334,,,515,321,,800,1810,9.36,,249,,,250,355,1396,1015,,222,,735,,,,1240,126,1775,,1605,700,,,,1000,615,128,230,,,,1330,,,280,,1000,,180,,820,,108,1476
2018-06-07,327,168,,289,717,,,300,,155,,,,136,5922,312,,450,935,,156,,172,,,,116,,784,140,2595,766,,,114,250,,140,,785,115,697,640,327,1450,566,,2317,181,,300,176,585,204,,121,1200,8.5,932,,139,148,112,,134,,138,578,1301,469,,159,302,176,,900,,141,,162,145,107,166,3102,185,,,,217,,,120,,1380,,1692,,,,156,,149,,262,,8.31,,582,1678,1198,10.4,220,,292,177,,1120,129,,,,1031,175,,1767,,384,,,,2705,722,975,780,,218,2590,1300,,311,258,,122,,8.82,,,185,161,88,630,,563,10.78,327,,9.18,686,580,700,930,1065,1290,,,380,9.52,1510,,,2330,1985,,741,1150,183,,541,301,,147,,1215,818,,640,,,530,164,,201,,185,228,11470,10591,128,117,,671,,,569,161,150,9.3,335,198,,512,315,,780,1750,9.32,11.25,,,290,244,340,1330,983,,,,719,,132,,1210,122,1764,,1551,671,,1260,,971,,131,228,,,,1299,,183,275,160,974,1388,174,26500,815,,106,1448
2018-06-10,317,168,,290,679,,,287,,152,,,,,5700,304,,446,917,,151,,169,,,,115,,767,138,2508,744,,9.32,,250,,133,,770,,685,,321,1393,550,,2256,178,,292,,570,199,,119,1153,8.5,888,,137,150,110,100,134,,130,566,1250,461,,157,301,173,,882,,140,,156,,107,166,2980,,,229,,212,,,112,,1349,,1600,127,,,156,,150,,254,,8.25,,560,1632,1130,,215,,284,175,,1060,126,,192,,972,172,,1625,,383,,301,,2625,724,956,763,,212,2501,,,308,252,,118,,8.42,,,177,168,84,625,8.62,558,,321,,9,656,558,675,882,1031,1270,,,370,9.52,1461,,12.35,2350,1910,,735,1130,180,,521,295,,132,,1186,790,,608,,,514,152,,195,,182,224,10915,10300,128,,,662,,,549,160,,9.49,331,195,,501,314,,770,1700,9.13,,253,,281,237,333,1310,960,,225,,698,,,,1167,121,1674,,1535,648,,1336,601,971,615,132,227,,,,1270,,180,266,,938,1526,172,,760,,102,1375
2018-06-11,323,,,286,695,,382,294,,150,1730,,,,5814,310,,443,930,,151,,170,,,,116,,773,139,2560,754,,9.5,112,250,150,130,,779,113,686,581,327,1385,560,,2270,180,,300,,575,201,,119,1175,8.67,913,,135,147,106,,134,,126,560,1248,470,,155,302,172,,882,,138,,159,,,170,3001,178,,228,,216,,245,114,,1355,,1649,127,,,154,,150,,267,,8.17,,572,1655,1150,10.4,216,,290,175,,1050,126,,189,,1036,170,,1650,,386,217,,,2698,725,955,758,,214,2577,,,310,243,,117,,8.64,,,171,184,84,628,8.11,559,10.56,322,,8.82,661,564,682,929,1035,1258,,,371,9.45,1489,,11.9,2304,1948,,738,1150,178,,530,294,,136,,1199,810,,620,,,525,150,,205,,180,225,11320,10401,125,116,,671,,,550,162,,9.3,333,195,,505,313,,775,1700,9.2,11.23,249,,276,247,334,1330,990,,217,,734,,,,1173,121,1688,,1588,655,,1416,613,990,,129,225,,,,1300,,180,273,157,958,1678,175,,785,,,1435
2018-06-12,320,158,,290,703,,,291,,148,,,103,138,,310,,443,921,,154,,170,,,,,,770,140,2560,745,,9.6,114,245,,131,,765,111,682,559,327,1390,554,,2262,176,,300,,576,201,,121,1198,,900,,133,149,108,,136,,127,560,1270,470,,161,300,175,,897,,138,113,155,,108,173,3000,,,230,,214,,230,112,,1382,,1650,125,,,155,,150,,263,,8.17,,567,,1160,,215,,293,172,,1091,,,,,1017,170,,1615,,385,,,,2750,745,955,760,,213,2575,,,309,246,,117,,8.67,,,178,179,86,629,8,552,10.6,325,,,661,570,688,935,1031,1287,,,367,9.36,1488,,12,2290,1986,,734,1120,177,,545,294,,133,,1185,825,,620,,,521,149,,202,,182,241,11350,10400,124,118,,680,,,552,162,,9.31,338,195,,501,312,,774,1734,9.1,,,,277,242,337,1312,978,,219,,708,,,,1195,119,1700,,1600,660,,1444,376,989,,130,226,,,,1281,,180,273,,931,1845,170,,775,,,1450
2018-06-13,318,166,,283,697,,,296,,150,1734,,,136,,314,,441,919,,153,,169,,,,117,,775,141,2565,760,,,,244,,136,,770,109,687,,333,1400,559,,2270,178,,295,,624,201,,125,1209,,896,,131,147,108,,,,126,558,1320,465,,160,301,181,,934,,137,113,156,,,176,3020,,,227,,213,,230,113,,1365,,1635,126,,115,155,,150,,267,,8.3,,562,1665,1167,,216,,285,179,,1096,,,186,,1025,169,,1630,,387,,,,2733,717,955,755,,218,2608,,,311,253,,120,,8.55,,,170,196,85,630,8.1,552,10.6,324,,8.82,663,572,688,912,1029,1298,,,368,9.21,1460,,12,2300,2025,,730,1123,182,,543,294,,134,,1190,809,,625,,,524,151,,200,,180,264,11390,10300,123,117,,685,,,540,163,,9.28,334,195,,509,312,,775,1720,,11.15,241,,285,245,340,1330,985,,217,,715,,138,,1186,123,1699,,1578,675,,1501,613,996,,128,224,,,,1280,,183,280,160,931,1881,173,,777,,,1435
2018-06-14,321,163,,292,700,,,319,,149,,,,,5812,315,,450,930,,154,,171,176,,,116,,775,147,2585,736,,,112,243,,135,,775,117,686,558,331,1400,567,,2280,180,,297,,643,200,,123,1176,,894,,,145,112,,138,,132,560,1292,469,,160,308,178,,917,,138,,156,,104,173,3002,180,,228,,215,,234,117,,1380,,1780,130,,115,156,,150,,266,,,,561,1689,1141,,217,,290,181,,1085,130,,183,,1045,168,,1667,,383,217,,,2730,726,958,755,,219,2580,,,314,255,195,122,,8.51,,,185,215,88,625,8,556,,327,,,680,570,680,920,1025,1295,,,372,,1479,,,2315,2079,,734,1131,186,,542,296,,135,,1196,810,,633,,,528,153,,198,160,183,290,11221,10440,127,125,,690,,,549,163,,9.1,334,198,,515,315,,770,1749,9.03,,242,,295,249,347,1325,980,,218,,705,,136,,1193,123,1715,,1606,674,,1623,,986,,131,225,,,,1286,,182,280,,935,2069,185,27570,790,,104,1435
2018-06-17,320,164,,287,700,,383,308,,155,,,,132,6040,312,,441,899,,151,,170,,,,115,,760,151,2570,745,,9.42,114,242,,133,,787,113,679,569,319,1380,553,,2235,180,,294,,649,195,,121,1160,,890,,,141,113,,136,,131,558,1317,461,,156,299,175,,895,,138,,158,,100,167,3000,178,,232,,213,,226,114,,1332,,1700,129,,112,155,,148,,264,,,,556,,1135,,212,,285,181,,1070,,,,,,165,,1634,,381,,,,2718,,942,740,,214,2505,,,300,245,176,,,8.51,,,180,219,88,625,8.16,554,10.5,320,,9,673,561,675,890,1017,1275,695,,355,9.21,1453,,,2295,,,725,1110,180,,526,291,,132,,1185,795,,590,,,522,,,199,,180,319,11200,10146,126,120,,675,,,543,163,,9.1,332,,,502,310,,773,1720,8.9,,,,295,258,338,,985,,212,120,691,,140,,1182,121,1690,,1580,661,,1785,649,968,,128,222,,,,1265,,178,271,,922,2250,182,27019,780,,,1410
2018-06-18,320,163,,291,690,,,307,,153,,,,,5920,317,,442,910,,152,,170,,,,116,,768,,2585,773,,9.42,,245,,135,,777,113,676,580,323,1365,565,,2279,186,,296,,637,194,,122,1188,8.65,900,,,,111,,,,129,553,,465,,158,306,176,,914,,138,,158,,100,168,2961,,,228,,213,,,110,,1361,,1700,127,,111,156,,148,,263,,,,570,1642,1150,,212,,285,180,,1080,,,183,,1030,167,,1631,,382,,,,2750,740,943,749,,214,2545,,,298,250,,122,,8.47,,,177,240,85,625,,560,10.52,318,,8.82,661,584,664,915,1014,1273,,757,351,9.21,1425,,11.79,2300,,,730,1110,180,,529,293,,133,,1200,790,,597,,,529,156,,194,,180,288,11350,10300,124,120,,675,,,550,155,,9.1,331,193,,505,312,,770,1730,,,245,,285,,343,1350,997,,163,,703,,144,,1180,120,1709,,1611,665,,1963,,965,,132,223,,,,1287,,179,275,160,925,2203,180,,764,,,1419
2018-06-19,316,162,,286,680,,390,307,,156,,124,,130,5800,310,,443,900,,151,,167,173,,,114,,770,147,2517,758,,9.36,110,240,,132,,751,110,672,601,317,1385,555,,2250,180,,290,176,628,193,,120,1181,,900,,,140,109,,134,,134,566,1270,452,,157,306,173,,895,,137,,153,,,,2945,183,,222,,211,,222,116,,,,1656,125,,112,154,,146,,260,,8.14,,557,1610,1108,10.35,213,,280,181,,1070,,,,,990,167,,1645,,382,,,,2720,726,941,741,,212,,1300,,303,244,,122,,,,,174,244,86,622,8,559,10.6,318,,,655,579,664,890,1007,1250,,757,350,9.1,1425,,,2270,1998,,730,1116,180,,520,291,,134,,1171,782,,580,,,520,150,,192,,176,250,11170,10075,124,122,,670,,,550,153,,9.47,335,,,500,307,,760,1725,8.8,,235,,280,,338,1326,981,,163,,700,,,,1170,,,,1581,653,,2159,,,,128,221,,,,1270,,176,272,,920,2172,183,,772,,,1411
2018-06-20,312,160,,282,670,,,298,,155,,122,,,5750,311,,443,896,,152,,170,,,,113,,761,147,2480,743,,,110,240,,131,105,750,112,670,625,327,1371,550,,2266,178,,291,,623,192,,,1165,,882,,,138,109,,,,133,556,1269,450,,156,297,172,113,910,,135,,153,,102,162,3020,183,,220,,210,,223,,,1314,,1625,126,,114,153,,147,,255,,,170,555,1610,1100,10.35,209,,285,174,,1050,,,,,999,168,,1630,,381,,,,2715,703,940,740,,211,2485,,,299,240,,122,,8.5,,,172,243,88,621,,550,10.7,318,,,661,570,,876,1005,1240,,,351,,1430,,11.73,2254,,312,722,1115,177,,512,290,,134,,1173,780,,570,,,513,148,,191,,176,240,11005,10100,122,122,,668,,,548,152,,9.3,327,,,501,304,,755,1720,,11.15,231,,270,,331,1311,980,,,,690,,,,1160,120,1679,,1556,659,,2216,661,,,128,218,,,255,1251,,177,270,,906,2085,175,,762,,105,1383
2018-06-21,310,160,,292,670,,410,295,,155,1700,,,128,,310,,444,895,,153,,167,173,193,,114,,764,145,2491,730,,9.36,108,240,,127,,742,110,675,635,333,1390,550,,2260,183,,290,,609,193,,124,1150,8.48,871,,,138,108,,133,,133,553,1268,441,,158,298,174,,900,,136,,153,,,163,2960,186,,221,,212,,,113,,1315,,1613,,,113,154,,146,,252,,8.14,,558,1608,1105,10.4,210,,282,178,,1050,122,,,,1000,167,,1617,,381,,,,2680,700,942,731,,210,2530,,,298,240,,,,8.5,,,173,219,85,625,7.86,542,,315,,,665,560,660,885,1007,1239,,,349,9.12,1424,,,2260,1959,,730,1115,176,,523,289,,132,,1170,772,,567,,,512,150,100,190,,176,232,11150,10075,127,122,,661,,,544,149,,,325,190,,503,303,,754,1700,,,,,271,243,331,1312,985,,160,,707,,134,,1160,118,1632,,1580,652,,2170,,966,,126,224,,,,1241,,178,275,160,915,2037,167,,785,,107,1417
2018-06-24,314,158,,282,690,,438,298,,153,,,,130,5800,270,,449,891,,152,,166,,,,116,,760,,2487,744,,,108,244,,132,,744,110,675,623,330,1370,551,,2235,180,,289,,607,191,,128,1143,8.5,885,,129,138,106,,134,,133,558,1305,454,,159,294,174,,911,,136,,156,,108,167,3064,189,,224,,211,,227,110,,1311,,1669,122,,117,152,105,148,,256,,8.3,,557,1609,1100,10.4,208,,284,178,,1046,124,,183,,,170,,1600,,380,,,,2680,714,942,730,,212,2575,,,298,238,,,,8.85,,,176,198,86,622,8.02,552,10.91,316,,,660,561,665,890,1014,1235,690,,349,,1430,,11.6,2250,1930,,726,1101,174,,520,290,,132,,1180,786,,567,,,515,150,,191,,,228,11100,10151,124,123,,661,,256,544,152,,,330,193,,500,309,,751,1700,8.98,11.1,,,268,243,333,1317,970,,,,693,,130,,1146,120,1650,,1599,679,,2125,661,985,,125,225,,,,1250,,175,275,,915,2023,168,27500,781,,109,1428
2018-06-25,313,158,,274,666,,,297,,147,,,,127,5916,261,,440,910,,151,,164,,,,118,,750,145,2488,735,,,104,242,,130,,745,110,670,623,,1356,541,,2200,179,,290,,600,188,,126,1145,8.4,869,,130,,109,,134,,139,549,1279,448,,154,292,172,,901,,136,,152,,100,165,2945,188,,224,,210,,223,116,,,,1636,122,,117,150,,145,,254,,,,552,1600,1080,,210,,283,176,110,1050,127,,,,,169,,1580,,378,,,,2645,700,932,729,,212,2450,,,293,239,,113,,8.7,,,170,197,84,620,,542,10.6,313,,,650,550,653,890,1003,1200,,,348,9.12,1410,,11.5,2259,,327,725,1095,177,,,289,,132,,1160,783,,556,,,507,150,,187,,175,226,11040,10000,122,123,,653,,,545,146,,,330,,,500,304,,747,1700,9.05,,227,,269,243,330,1306,965,,158,,686,,126,,1145,122,1609,,1580,665,,2052,,947,,129,221,,,,1224,,172,279,160,905,1990,172,,758,,110,1380
2018-06-26,311,155,,270,652,,459,285,,145,,,,,5580,256,,439,875,,150,,163,,,,115,,750,143,2455,700,,,102,233,,128,,725,108,660,,326,1310,537,,2146,175,,286,,592,185,,124,1121,,845,,125,138,,,130,,137,540,,444,,152,287,170,,885,,135,,151,,100,164,2842,183,,224,,206,,223,118,,1270,,1572,122,,115,152,,144,,252,,,,539,1568,1078,,208,,278,173,110,1030,122,,,,980,166,,1550,,370,,,,2620,675,928,720,,211,2410,,,291,233,,,,8.55,,,167,189,84,615,7.86,540,10.4,310,175,,640,543,645,890,1000,1176,700,,346,,1387,,11.6,2147,1871,,721,1080,175,,509,281,,132,,1142,765,,550,,,505,147,,185,,174,224,10990,9800,120,125,,655,,,530,150,,,325,188,,498,298,,731,1690,,11,,,266,235,325,1300,945,,152,,666,,122,,1132,113,1600,,1540,648,,1363,,930,,124,220,,,,1202,,169,272,163,900,1855,172,26479,736,,,1338
2018-06-27,311,157,,272,642,,,285,,148,,,,127,5691,260,212,439,876,,150,,163,,190,,113,,745,141,2440,700,,9.36,,235,,131,,729,112,669,,335,1321,541,,2184,178,,288,173,600,189,,,1143,8.45,850,,125,,110,,,,141,540,,450,,156,290,167,,869,,136,,153,,104,,2898,186,,224,,208,,,,,1320,,1580,125,,,152,,144,,252,,,,536,1555,1060,,208,,278,176,110,1012,,,,,980,169,,1520,,369,,,,2585,685,930,725,,212,2452,,,292,235,,119,,8.7,,,167,189,83,624,,544,,312,,8.9,648,546,659,870,1000,1170,,,346,9.15,1420,,11.51,2186,1856,343,725,1060,175,,520,280,,133,,1138,770,,548,,,514,,,185,,173,223,11000,9986,124,,,656,,231,530,150,,9.2,327,191,,496,296,,740,1698,9.2,,,,270,237,326,1300,950,,151,,680,,127,,1130,117,1604,,1560,650,,1368,661,917,,127,223,,,,1218,,175,277,,900,1850,172,25950,749,,,1333
2018-06-28,312,154,,265,643,,,285,,150,1700,,,,5578,256,,440,875,,150,,164,,,,117,,750,140,2441,695,,,100,237,,132,,732,112,665,611,327,1316,544,,2150,178,,289,,592,188,,123,1163,,833,,126,,108,,131,,143,542,1254,445,,153,288,176,,895,,135,,154,,102,167,2908,186,,221,,209,,,116,,1280,,,124,,112,153,105,143,,252,,8.3,,535,1541,1046,,210,,278,174,,1041,126,,183,,962,169,,1462,,365,,,,2566,697,931,716,,212,2476,1300,,293,235,,120,,9,,,173,185,82,624,8.02,541,10.41,314,,9,641,537,645,885,997,1200,,,346,,1380,,11.6,2113,1968,,723,1081,177,,515,281,,135,,1137,769,,545,,,509,,,184,,172,225,10800,9900,123,120,,658,,,525,150,,9.38,327,,,497,300,,736,1700,9.2,11.01,230,,275,237,327,1300,945,,151,,683,,125,,1145,118,1576,,1560,650,,1380,674,920,615,125,223,,,,1220,,,270,,900,1835,172,25900,742,,,1342
2018-07-01,305,152,,264,646,,486,282,,148,,,,125,,259,,441,871,,147,,163,,,,117,,745,136,2445,665,,9.17,102,231,,130,,727,110,656,,325,1290,520,,2110,172,,280,,578,184,,123,1140,,818,,122,,104,,129,,135,545,1224,430,,150,278,,,880,,135,,150,,102,,2861,185,,218,,202,,,113,,1250,,1552,125,,114,151,,142,,248,,,,520,1525,1031,,208,,275,153,,1018,,,,,943,166,,1442,,358,,,,2545,690,928,700,,207,2480,,,292,231,,,,9,,,170,179,78,615,8.1,534,,311,,9.1,620,520,634,870,992,1194,,,342,8.99,1382,,11.5,2088,2019,,720,1059,172,,510,278,,133,,1120,745,,531,,,498,,,182,,172,225,10700,10069,124,118,,650,,219,517,149,,9.05,321,189,,497,295,,729,1668,8.92,,226,,270,234,321,1290,902,,147,,660,,128,,1111,118,1613,,1510,570,,1326,,919,,129,218,,,,1191,,165,270,161,870,1781,166,,731,,108,1325
2018-07-02,305,153,,263,631,,,280,,149,,,,125,5500,251,,436,870,,144,,161,,,,115,,735,139,,,,9.17,100,234,,132,,730,111,655,622,330,1290,510,,2105,173,,284,,577,185,,120,1140,,864,,128,,,,,,131,536,,425,,149,281,170,,860,,134,,151,,102,166,2856,182,,220,,200,,223,112,,1270,,1511,123,,108,144,,142,,248,,,,515,1545,1040,10.25,208,,280,155,,1054,120,,180,,934,167,,1460,,360,,,,2561,700,920,700,,208,2435,,,284,231,,120,,9.02,,,167,175,79,615,8,535,10.5,306,,,610,514,637,873,991,1182,,,340,,1360,,11.5,2089,2019,,719,1020,169,,514,279,,135,,1115,762,,517,,,492,,,177,,169,218,10600,9800,120,120,,640,,203,505,151,,9,320,186,,487,295,,728,1671,,11,222,,270,235,326,1299,906,,147,,655,,128,,1125,119,1613,,1470,560,,1300,,933,,123,220,,,,1192,,168,260,,870,1888,162,26000,748,,,1350
2018-07-03,305,146,,255,618,,,278,,147,,,,127,,257,,435,868,,147,,164,,,,115,,727,139,2450,678,,,102,232,,129,,725,108,650,633,322,1246,509,,2125,175,,282,,580,186,,122,1130,,831,,,,105,,130,108,123,540,1190,426,,153,272,173,,865,,136,,151,,105,167,2906,,,220,,200,,215,111,,1261,,1511,124,,107,138,,145,,260,,,,525,1491,1025,,208,,280,156,,1010,122,,,,,170,,1450,,360,217,,,2541,676,920,700,,210,2390,,,285,233,,121,,8.85,,,169,171,79,615,,545,10.4,311,175,,622,515,644,875,994,1173,,,339,8.81,1360,,11.4,2150,2000,,717,986,170,,505,278,,135,,1111,760,,511,,,500,,,176,,172,217,10601,9850,125,118,,640,,183,500,150,,9.12,323,,,490,298,195,725,1690,9.02,10.95,,,272,237,326,1281,911,,,,660,,128,,1108,114,1610,,1461,558,,1323,687,915,,124,220,,,,1214,,163,265,162,865,1801,162,26450,752,,106,1310
2018-07-04,309,153,,261,620,,495,285,,148,,,,126,5610,254,,435,865,,147,,165,,189,,116,,740,137,2461,703,,9.07,100,235,,129,,729,111,649,633,325,1270,517,,2125,177,,284,,595,188,,124,1150,8.29,840,,,,107,,135,,123,544,1213,430,,153,278,173,,,,136,,155,,106,,3000,176,,222,,200,,219,114,,1275,,1602,124,,108,140,,147,,264,,8.14,,535,1525,1030,10.45,210,,277,157,,1025,121,,177,,,169,,1477,,371,,,,2600,684,917,698,,210,2350,1300,,285,235,,117,,8.87,,,167,177,81,618,7.95,555,10.2,315,,8.95,625,517,656,870,1008,1163,,,344,8.85,1387,,11.1,2110,2030,,722,986,170,,525,279,,132,,1125,774,,540,,,513,149,,180,,173,217,10600,9895,123,122,,654,,165,515,155,,9.1,322,,,495,298,,726,1667,9.1,10.9,,,275,238,330,1306,919,,145,,671,,126,111,1120,120,1600,,1490,551,,1326,,949,,125,222,183,,,1212,,170,268,,860,1840,165,,750,,105,1355
2018-07-05,318,156,,274,667,,,295,,148,1700,,,134,5610,261,,450,891,,153,,173,,,,118,,770,137,2500,750,,,102,243,,134,,770,113,672,,335,1380,550,,2280,180,,290,,625,196,,126,1208,,912,,132,140,111,,137,,129,555,1286,461,,158,287,179,,905,,142,,159,,103,167,3099,179,,230,,205,,215,113,,1377,,1705,128,,110,144,,151,,266,,8,,568,1615,1120,10.4,216,,276,164,,1100,120,,,,1027,175,,1579,,381,,,,2680,724,924,700,,222,1312,,,286,254,,122,,8.92,,,170,180,83,629,7.95,558,,320,,,657,555,680,906,1042,1215,,,352,9.03,1450,,,2250,2130,,728,1030,177,,539,293,,137,,1170,815,,570,,,539,151,,192,,173,231,11299,10390,126,128,,687,,153,540,155,,9,335,192,,507,304,,746,1728,9.2,11,226,,280,247,340,1342,979,,149,,720,,132,,1185,121,1693,,1590,593,,1418,700,1005,,125,226,,,,1289,,172,274,162,946,1959,180,25403,795,,99,1468
2018-07-08,316,155,,268,658,,544,303,,148,1667,,,138,5499,266,,447,869,,151,,170,,,,114,,760,136,2531,770,,9.07,106,242,,133,,760,112,678,,336,1340,541,,2250,180,115,289,,614,195,,122,1232,,902,,130,,,,137,,131,563,1363,460,,155,282,176,,902,,144,,156,,104,,3000,,,229,,204,,212,112,,1415,,1700,,,111,143,,147,,266,,7.9,,555,1585,1120,10.25,215,,284,164,110,1095,118,,,,1025,178,,1615,,378,,,,2650,711,940,705,,215,1298,,,285,250,,126,,9,,,168,180,82,628,7.96,540,,319,,9,657,550,681,905,1044,830,,,349,9.08,1392,,,2210,2088,,730,1037,177,,539,288,,135,,1162,809,,561,,,526,154,,186,,172,231,11100,10200,124,123,,662,,146,555,150,,,337,192,,514,302,,768,1713,8.91,10.9,230,,285,255,336,1321,967,,148,,711,,128,,1155,122,1636,,1544,610,,1365,714,980,,128,224,,,,1275,,180,277,164,959,1890,168,25800,765,,98,1444
2018-07-09,310,154,,262,633,,,293,,148,1670,120,,,5608,260,,439,873,,148,,166,,,,113,,750,137,2477,725,,,108,241,,130,,745,110,668,,331,1270,538,,2215,179,115,290,,609,193,,120,1184,,900,,131,141,109,,133,,127,549,,450,,152,279,173,,900,,140,,154,143,104,,2950,179,,231,,199,,216,108,,1390,,1667,134,,110,144,,145,110,262,,8.06,,541,1540,1127,10.16,209,,287,163,,1099,,,,,1010,170,,1585,,376,217,,,2595,695,918,693,,215,1277,,,285,252,,124,,9,,,168,170,82,620,8.32,546,10.1,316,,,632,539,644,912,1031,800,,,343,8.95,1435,,11.36,2229,2047,,728,1020,174,,513,285,,135,,1127,787,,541,,,523,148,,183,,172,230,10900,9920,121,118,,650,,152,542,148,,,328,194,,501,302,,751,1674,8.91,10.6,,,266,,331,1321,945,,150,,720,,130,,1140,117,1591,,1495,581,,1327,,980,,123,220,,,,1250,,175,270,161,926,1855,165,,751,251,98,1400
2018-07-10,313,151,,258,653,,,296,,159,,,,,5500,264,,444,883,,149,,169,,,,113,,748,135,2520,745,,9.07,,241,,128,,749,110,665,654,335,1295,533,,2220,181,115,295,,609,190,,120,1161,8.29,900,,,140,,,129,,134,544,1270,441,,150,277,173,,885,,139,,151,143,102,162,3000,182,,228,137,200,,224,108,,1341,,1610,129,,110,142,,145,,258,,,,550,1531,1088,,209,,295,163,,1084,116,,,,,171,,1560,,378,,,,2590,699,917,690,,214,1300,,,282,248,,125,,9,,,168,168,81,620,8.21,550,,320,,,650,538,650,899,1025,800,,,345,9,1400,,,2195,2087,,724,1005,176,,511,284,,134,126,1122,790,,543,,,524,145,,185,,178,225,11015,10175,122,118,,641,,154,538,149,,,329,,,501,300,,760,1695,,,,,275,255,330,1321,945,,,,706,,,,1150,117,1620,,1499,590,,1377,727,981,,125,224,,,,1280,,170,270,167,941,1865,163,25000,770,231,,1400
2018-07-11,312,151,,261,650,,,291,,151,,,,,,262,,441,884,,149,,170,,,,114,,752,139,2485,770,,9.07,107,238,,132,,748,113,667,617,338,1320,549,308,2240,180,,288,,615,191,,122,1229,8.46,890,,,140,107,,132,,128,550,1268,453,,153,278,179,,890,,139,,152,143,,160,3100,188,,230,,196,,220,109,,1373,,1656,125,,110,141,,146,,257,,8.2,,543,1542,1121,10.3,208,,295,160,,1095,116,,,,1025,171,,1590,,380,,295,,2700,698,918,690,,215,1372,750,,282,254,,124,,9,,,173,169,78,621,8,547,10,311,,9,631,544,656,934,1025,803,,,354,9,1540,,11.55,2239,2125,,725,1017,173,,521,285,,133,,1120,790,,543,300,,525,140,,183,,173,232,10900,10150,122,116,,662,,152,540,147,,8.97,324,192,,503,300,,758,1705,8.91,10.4,234,,280,237,330,1316,945,,150,,701,,134,,1174,117,1631,,1541,590,,1430,,990,,126,221,,,,1300,,170,265,,934,1881,163,,804,,98,1420
2018-07-12,310,149,,250,640,,571,285,,150,1660,,,,5500,255,,438,855,,148,,167,,,,112,,740,134,2490,750,,9.07,,232,,126,,728,110,660,,332,1290,534,,2135,178,,284,,600,190,,122,1201,8.46,861,,,,105,,135,,128,547,1280,440,,153,270,172,,870,,136,,154,139,,,2980,204,,225,,190,112,,107,,1350,,1559,126,,106,140,,145,,257,,8.1,,536,1536,1090,10.3,206,,285,158,,1075,,,,,1015,169,,1510,,373,,,,2600,686,912,678,,212,1280,,,280,241,,124,,9,,,170,180,80,618,8,542,,315,,9,615,532,631,885,1000,800,,,354,,1636,,,2122,2107,,724,1018,171,,520,284,,135,,1109,770,440,537,,,515,138,,181,157,172,219,10749,9830,118,119,,650,,148,542,145,,9.01,324,190,,495,298,,740,1668,8.82,,,,275,230,328,1296,937,,146,,690,,131,,1164,115,870,,1500,571,,1454,763,966,,125,218,,,,1260,,165,262,164,892,1820,166,,760,,,1348
2018-07-15,311,151,,257,636,,582,285,,150,1662,120,,136,5600,263,,438,865,,149,,168,173,186,,113,,754,131,2456,763,,9.1,105,231,,129,,754,108,661,629,326,1300,542,,2170,180,115,289,173,605,192,,120,1200,8.6,866,,,142,106,,133,,126,550,1291,445,,157,272,172,,887,,136,,153,139,100,,2921,,,224,,198,,228,106,,1324,,1559,128,,106,141,,143,,257,,,,540,1530,1065,,212,,288,159,,1073,,,,,,170,,1526,,382,,,,2595,685,920,690,,210,1300,,,281,251,195,,,9.47,,,172,168,81,623,8.49,536,10,317,,,628,543,643,915,1025,790,,,351,9.17,1636,,11.55,2164,2129,,726,1010,170,,511,285,,136,,1104,785,,533,,,520,,,185,,171,220,10800,10290,122,117,,641,,147,550,149,,9.37,320,190,,499,296,,755,1700,9.2,10.55,,,270,239,322,1329,925,,147,,667,,133,,1165,115,860,,1515,581,,1435,817,960,,123,220,,,,1236,,166,265,161,924,1850,160,,765,,99,1375
2018-07-16,314,153,,260,683,,,284,,,1660,,,134,5872,264,,457,877,,153,,169,170,,,114,,790,,2500,737,,9.28,,236,150,129,,750,,663,,,1320,540,,2220,182,,290,,613,205,,122,1248,8.77,885,,129,142,,,,,,551,1351,450,,155,284,172,,890,,141,113,157,,100,,2921,,,229,,199,,236,107,,1354,,1611,134,,,144,105,146,,258,,8.1,,550,1622,1098,10.25,209,,288,163,,1080,117,,,,1015,171,,,,378,,,,2610,710,921,687,,214,1280,,,281,250,,,,9.86,,,163,168,86,621,9,545,10.15,316,,9.19,658,558,637,930,1050,799,,,358,9.69,1620,,,2214,2157,,721,1024,180,,521,287,,135,,1125,780,,530,290,,535,,,187,155,171,220,10805,9953,123,119,,653,,148,555,157,,9.56,324,,,499,300,,755,1670,9.56,,,,271,243,328,1340,985,,149,,690,,131,,1160,118,865,,1550,600,,1380,,997,,124,230,,,260,1240,,169,274,167,955,1840,172,,765,,,1385
2018-07-17,315,150,,260,661,,593,289,,147,1693,,,,5530,261,,442,871,,150,,167,,183,,114,,752,127,2475,755,,9.4,,233,,128,,,107,667,,326,1300,540,,2150,180,,290,,603,194,,126,1270,,873,,,142,109,,,,,551,1298,450,,154,280,172,,876,,140,,160,,102,,2921,,,227,,198,,232,109,,1330,,1615,140,,,142,,148,,258,,,,560,1600,1100,,208,,288,162,,1076,117,,,,966,174,,1512,,382,,,,2585,708,900,685,,210,1304,,,283,242,193,122,,9.75,,,168,175,85,623,8.64,555,,316,,,620,542,631,910,1036,794,,,355,9.68,1644,,,2152,2100,,730,1012,177,,510,290,,,,1110,786,,530,,,521,139,,185,155,172,220,10710,9900,123,122,,653,,158,548,154,,,327,,,494,300,,753,1699,9.56,10.84,,,270,234,327,1359,938,,151,,688,,133,,1137,118,850,,1500,597,,1384,,965,,125,223,,,,1240,,,,,934,1843,169,,766,,100,
2018-07-18,317,147,,260,641,,,288,,148,1660,,,,5500,258,,440,865,,150,,167,,,,116,,742,127,2460,755,,9.4,,227,,129,,726,108,665,,326,1290,525,,2131,179,,290,,601,191,,,1221,,862,,,140,,,,,,542,,450,,157,276,,,,,139,,156,,,,2921,,,224,,200,,,108,,1330,,1600,,,106,139,,144,,256,,,,536,1600,1062,,204,,290,161,,1070,115,,,,970,173,,1500,,380,,,,2600,695,900,691,,208,1270,,,282,249,,,,9.56,,,163,169,89,621,,549,,317,,9.18,604,530,635,895,1022,781,,,358,,1588,,,2150,1960,,727,1000,175,,,289,,135,,1095,775,,530,,,516,139,,185,155,170,223,10700,,122,123,,648,,151,538,153,,9.37,323,,,500,300,,754,1698,9.56,10.63,238,,272,234,323,1332,935,,151,,680,,,,1140,117,836,,1520,595,,1397,,,,127,224,,,,1235,,,,,,1830,165,,781,,,1370
2018-07-19,315,145,,255,632,,,283,,144,,,,127,,258,,442,860,,148,,166,,,,115,,743,128,2460,740,,9.4,103,224,,128,,720,107,672,605,,1295,516,,2152,177,,290,,590,191,,123,1197,,860,,128,,,,,,126,542,1300,440,,155,277,169,,859,,142,,154,139,100,,2905,,,221,,197,,226,108,,1353,,1569,,,109,139,,147,,257,,8.1,,534,1591,1060,10.25,208,,280,160,,1056,117,,,,951,173,,1490,,375,,,,2599,686,900,700,,208,1245,,,280,242,,125,,,,,163,168,84,620,8.52,553,10.35,312,,9.55,569,529,620,880,1020,770,,,358,9.49,1558,,11.6,2155,1888,,727,999,174,,503,286,,138,,1084,766,,527,285,,509,139,,185,,171,223,10500,,122,122,,643,,146,535,149,,9.56,320,190,,498,300,,748,1661,9.75,10.84,242,,269,239,320,1325,932,600,150,,680,,132,,1101,117,830,,1491,581,,1350,,938,,120,221,,,,1225,,170,264,170,920,1826,164,,765,,,1343
2018-07-22,314,138,,252,630,,,275,,142,,,,126,5450,258,,435,840,,148,,166,,,,117,,738,127,2406,730,,9.37,101,224,,125,,710,105,667,616,320,1285,510,,2085,170,,285,,583,189,,123,1174,8.6,835,,130,140,110,,,,126,526,,430,,158,274,168,,843,,139,,154,,101,169,2867,200,,221,,195,,0,109,,1334,,,136,,109,138,,148,,253,,7.94,,524,1572,1041,10.4,205,,275,158,,1035,117,,170,,,173,,1490,,372,,,,2550,666,900,697,,207,1201,,,281,235,,,,9.35,,,163,170,85,622,,553,,310,,9.55,551,515,608,863,1015,759,,,354,9.4,1500,,,2118,1886,,719,982,172,,500,283,,138,,1059,750,,516,,,502,141,,182,,165,232,10400,9700,121,119,,631,,146,521,147,,,315,192,,496,294,,747,1625,9.4,11.19,250,,270,232,316,1302,916,,152,,657,,,,1070,114,796,,1470,562,,1304,833,900,,120,218,,,,1197,,181,269,168,881,1795,162,,741,,100,1319
2018-07-23,313,142,,257,633,,,277,,144,,120,,125,5610,258,,437,865,,149,,167,,,,116,,750,129,2427,730,,,103,228,,128,,724,103,666,616,323,1336,520,,2135,176,,287,,589,191,,,1177,,860,,,141,106,,,,124,559,,437,,170,274,168,,859,,140,,155,,100,170,2870,,,224,,195,,,109,,1350,,1600,135,,106,140,,148,,257,,8,,540,1581,1070,10.42,207,,280,163,,1060,,,,,970,175,,1499,,380,,,,2601,679,900,699,,206,1225,,,290,235,,,,9.17,,,167,,85,617,8.69,550,10.45,311,,,551,525,627,870,1016,768,,,354,9.36,1554,,11.65,2205,671,,723,993,174,,500,284,,140,,1080,750,,530,,,515,142,,186,,166,232,10699,9850,120,125,,655,,151,530,147,,9.37,316,187,,496,300,,748,1660,9,11.4,260,,276,,321,1328,941,,,,682,,,,1124,116,800,,1524,581,,1315,849,920,,121,222,,,,1210,,173,269,168,900,1835,166,,765,,102,1345
2018-07-24,313,142,,258,637,,,278,,144,1665,108,,137,5498,264,,440,856,,149,,170,,,,112,,752,133,2440,740,,,102,228,,127,,721,103,670,,328,1311,521,,2115,181,,287,,586,194,,124,1200,8.75,876,,132,139,114,,,,130,563,1248,437,,169,273,170,,875,,140,,156,,100,173,2873,,,219,,196,,,111,,1324,,1610,,,106,141,,147,,251,,,,547,1550,1070,10.1,210,,281,165,,1055,121,,,,980,175,,1500,,380,,,,2600,679,899,698,,208,1180,,,287,235,170,,,9.01,,,163,173,81,620,8.68,550,,314,,,563,538,630,868,1025,776,,,355,9.55,1561,,,2219,738,,726,986,173,,501,287,,139,,1082,766,,530,,,510,128,,187,,172,228,10610,9900,120,123,,647,,151,540,149,,9.27,318,185,,505,300,,757,1641,9.48,,275,,272,241,324,1348,950,,153,,676,,,,1125,117,785,,1500,586,,1358,,974,,121,222,,,,1230,,,275,162,910,1851,166,,767,,104,1365
2018-07-25,314,141,,256,646,,,278,,141,,104,,137,5500,261,,440,880,,148,,166,170,186,,114,,759,129,2455,726,,9.55,100,226,,127,,715,104,670,,,1286,513,,2120,181,,285,,587,190,,123,1176,8.75,860,,130,137,111,,,,132,558,1260,440,,166,273,168,,870,,138,,154,,102,170,2850,,,223,,198,,,108,,1349,,1585,132,,105,140,,144,,252,,8.05,,534,1555,1050,10.3,207,,279,162,,1065,119,,167,,,175,,1500,,380,,,,2595,675,897,698,,208,1160,,,287,230,195,123,,8.95,,,164,170,83,620,8.17,546,10.35,314,,9.55,558,530,622,859,1018,770,,,354,9.74,1569,,12.12,2158,765,360,727,989,170,,500,287,,137,,1071,764,,525,,,509,130,,187,,168,228,10400,9705,119,126,,637,,158,542,150,,,312,182,,502,300,,758,1625,9.29,11.3,262,,278,237,321,1322,940,,150,,665,,130,,1083,118,786,,1514,580,,1331,916,955,,120,219,,,,1210,,177,,,896,1865,164,,745,,,1370
2018-07-26,315,143,,252,640,,622,270,,143,,100,,135,5500,260,,437,868,,150,,166,,,,113,,747,127,2420,725,,9.45,,226,,130,,710,104,662,604,322,1300,511,,2090,181,,287,,580,190,,123,1145,8.7,850,,,137,111,,,,134,555,,433,,168,278,167,,860,,140,,152,,101,179,2866,,,220,,196,,225,107,,,,,126,,,140,,144,,251,,7.89,,530,1555,1050,10.32,206,,275,162,,1045,115,,,,974,180,,1480,,377,,,,2550,666,905,699,,208,1150,,,284,235,,,,8.91,,,161,176,80,622,7.97,544,10.42,311,,9.4,554,523,610,860,1010,760,,,354,9.36,1555,,12.34,2160,740,,727,981,171,,510,286,,137,,1062,744,,520,,,507,125,,188,,166,230,10500,9600,119,125,,634,,158,522,148,,9.08,312,182,,500,300,,752,1680,9,11.22,257,,275,245,321,1306,930,,148,,657,,130,,1090,117,755,,1485,571,,1329,934,920,,119,219,,,,1195,,174,270,,889,1829,163,,735,,,1346
2018-07-29,318,141,,254,,,,274,,,,101,,133,5400,258,,435,858,,149,,166,,168,,112,,740,129,2416,715,,9.27,100,227,,129,,710,,672,,,1310,509,,2081,182,,288,,580,193,,122,1144,,860,,,,107,,,,136,557,,434,,177,277,164,,865,,143,,154,,99,181,2850,,,224,,198,,225,106,,,,1590,126,,,141,105,145,,248,,,,529,1590,1050,10.35,206,,,162,,1065,119,,,,975,179,,,,379,,,,2600,660,910,700,,207,1116,,,289,229,,123,,9.2,,,161,167,86,623,7.82,545,,310,,9.21,551,522,629,865,1015,765,,,361,,1530,,12.1,2145,740,,730,975,172,,510,283,,136,,1070,743,,523,,,504,120,,187,,169,234,10500,9400,117,125,,640,,160,530,148,,9.01,315,,,504,298,,752,1651,9,,267,,275,241,319,1325,930,,148,,658,,128,,1100,116,756,,1485,578,,1310,,902,,118,218,,,,1192,,172,,164,890,1830,168,25000,730,,,1372
2018-07-30,319,140,,255,622,,,274,,141,,100,,131,5400,260,,436,864,,149,,166,,152,,112,,740,128,2420,725,,9.08,,229,,129,,705,,665,,328,1300,508,,2090,181,,285,,588,193,,124,1122,,845,,132,,106,,,,134,567,1280,433,,172,274,166,,860,,140,,155,139,104,190,,,,219,,198,,221,106,,1326,,1600,126,,107,140,,143,,250,,8,,527,1590,1031,,205,,287,162,,1050,120,,170,,960,183,,1480,,379,,,,2590,661,909,710,,205,1138,,,291,231,192,123,,9.05,,,160,165,86,620,8,549,10.5,312,,9.2,552,520,634,879,1009,777,,,364,9.2,1515,180,12,2165,730,381,730,983,172,,503,285,,135,,1074,755,,520,,,500,118,,186,,169,232,10350,9500,122,123,,631,,155,523,146,,9.15,315,185,,504,296,,752,1650,9.18,11,267,,279,240,319,1316,945,,150,,655,,130,,1092,119,769,,1478,571,,1355,,910,,118,219,,,,1200,,181,270,170,891,1830,166,25000,730,,97,1325
2018-07-31,321,140,,251,632,,,271,,141,,98,,128,,258,,438,864,,148,,167,170,137,,110,,743,127,2419,718,,9.1,,228,,128,,710,106,667,,325,1305,509,,2083,183,,285,,580,193,,127,1130,,846,,130,133,109,,,,134,555,1257,428,,167,276,162,,845,,141,,153,,102,193,2890,,,219,,198,,217,106,,,,1549,128,,108,141,,148,,250,,8,,525,1575,1035,10.4,205,,280,164,,1035,,,,,955,182,,1481,,379,,,,2590,666,905,705,,205,1131,,,289,185,,122,,9,,,162,165,84,621,7.9,545,10.45,313,,9.07,560,521,611,850,1005,775,,,364,9.26,1516,,12.01,2155,739,,730,970,171,,504,286,,139,,1073,741,,519,,,500,116,,185,,167,233,10350,9402,,125,,630,,159,525,149,,9.12,313,192,,502,295,,749,1658,9.2,11.44,277,,280,236,319,1320,940,,150,,655,,,,1100,120,765,,1441,552,,1337,,905,,117,222,,,,1191,,178,274,,882,1820,170,,726,,96,1326
2018-08-01,322,142,,251,632,,,272,,140,,,,126,,258,,437,865,,148,,168,,124,,116,,746,127,2444,717,,8.94,102,230,,129,,708,106,669,,319,1300,505,,2118,183,,286,,574,195,,123,1152,,852,,129,132,109,,,,130,562,1265,435,,167,273,163,,830,,140,,154,,102,190,2893,,,222,,201,,209,105,,1311,,1570,127,,106,141,,155,,250,,,,530,1606,1030,,205,,280,162,,1046,119,,,,,186,,,,378,,,,2595,670,908,708,,207,1120,,,289,182,,,,9,,,161,166,83,624,,545,,316,,8.89,547,524,624,865,1012,768,,,365,9.26,1516,,12,2156,736,,722,989,172,,497,285,,137,,1074,741,,518,,,508,110,,186,,169,230,10450,9570,119,122,,626,,159,523,147,,9.2,314,195,,505,296,,746,1661,9.1,,,,275,240,319,1330,927,,,,678,,,,1100,117,765,,1462,552,,,,923,,115,220,,,,1210,,173,267,167,,1818,165,,739,,,1345
2018-08-02,327,139,,255,632,,634,271,,138,,102,,125,5400,258,,440,868,,149,120,167,,112,,116,,743,,2421,720,,,100,233,,129,,703,105,665,604,323,1280,500,,2080,181,,293,,574,193,,125,1152,,835,,,128,105,,,,129,557,1270,431,,163,270,163,,848,,138,,154,,100,191,2920,,,220,,200,,213,108,,1301,,1569,128,,108,142,,155,,246,,8.16,,520,1590,1030,10.4,207,,276,164,,1032,119,,,,925,186,,1452,,376,,,,2595,650,906,704,,207,1123,,,289,182,,120,,9,,,165,165,81,624,8.06,550,10.5,317,,9.07,550,521,628,843,1011,761,,,318,,1520,,,2161,721,388,720,971,169,,497,286,,139,,1061,731,,516,,,499,114,,186,,172,224,10356,,119,121,,621,,160,524,144,,,316,196,,502,298,,747,1640,9.1,,274,,273,240,319,1320,925,,147,,659,,,,1091,116,761,,1469,559,,1304,,925,,116,217,,,,1200,,171,263,,871,1820,167,,726,,,1319
2018-08-05,328,141,,250,630,,646,271,,137,,,,127,5401,260,,440,865,,148,,168,,123,,114,,742,126,2431,725,,8.97,,231,,128,,701,107,663,,325,1255,500,,2119,183,,295,,569,194,,123,1144,8.6,836,,,,105,,,,127,551,1295,426,,162,270,163,,803,,139,,153,,102,192,2850,,,220,,200,,217,111,,1276,,1550,127,,,143,,155,,249,,8.2,,516,1600,1029,10.03,207,,276,164,,1032,121,,,,907,193,,1481,,380,,,,2499,665,905,707,,205,1115,,,285,178,,120,,8.84,,,160,165,80,625,7.95,549,,316,,9.01,543,520,620,842,1012,762,,,317,9.1,1500,,12.35,2133,725,,729,970,173,,503,290,,137,,1048,733,,514,,,497,108,,183,,170,224,10356,,115,120,,647,,154,520,145,,9.11,315,196,,503,300,,726,1630,9.01,11.44,270,,275,240,314,1325,917,,,,660,,,,1100,116,740,,1464,552,,1286,,,,115,217,,,,1202,,172,,168,,1815,170,24500,730,,96,1308
2018-08-06,326,141,,256,630,,658,270,,136,,103,,125,5400,263,,441,899,,148,,168,,105,,116,,740,125,2417,730,,8.98,,232,,127,,700,106,665,,324,1280,494,,2109,186,,295,,573,192,,122,,,,,,,107,,,,124,555,,426,,161,272,165,,819,,138,,154,,102,188,2794,,,219,,198,,,111,,1257,,,126,,106,144,,154,,246,,8.1,,514,1600,1020,10.1,207,,276,165,,1020,,,170,,,190,,1500,,378,,275,,2472,,903,713,,207,1115,,,282,178,,120,,8.7,,,161,165,80,619,,553,,315,,,540,522,628,845,1005,761,,,315,9.16,1500,,12.35,2175,700,,724,965,172,,500,289,,137,,1037,,,516,,,497,117,101,186,,169,230,,9460,120,121,,647,,152,520,145,,,317,198,,505,305,,735,1630,9.1,,,,274,239,314,,915,,149,,,,,,1109,115,768,,1424,550,,1290,1027,,,116,217,,,270,1205,,,265,,868,1809,166,,,,,1311
2018-08-07,326,141,,253,625,,684,263,,140,,102,,136,,262,,441,900,,149,,168,,,,114,,740,125,2450,710,,9,,232,,127,,702,106,666,,,1280,447,,2090,185,,294,,571,192,,120,1122,,835,,,,107,100,,,,554,,425,,163,270,166,,825,,138,113,155,,100,183,2793,,,218,,199,,213,113,,1259,,1600,,,106,143,,154,,245,,,,513,1600,1011,,208,,274,164,,1021,119,,,,,190,,1512,,380,,,,2452,645,904,719,,206,1120,,,284,178,,122,,8.7,,,161,166,79,620,8,556,,315,,9,541,522,609,849,1002,743,,,316,9.2,1496,,12.4,2141,695,,724,956,174,,503,288,,135,,1037,727,,513,,,489,128,101,187,,168,224,10366,,120,120,,645,,152,510,142,,,312,196,,498,305,,735,1596,9,,275,,270,245,312,1349,910,,143,,667,,,,1114,115,745,,1421,547,,1300,1129,910,,112,218,,,,1224,,173,265,166,900,1790,167,24010,718,,,1300
2018-08-08,325,140,,251,610,,697,265,,140,,,,,5350,263,,443,905,,148,,170,,103,,115,,745,126,2440,698,,9.15,,233,,127,,700,104,664,,324,1275,438,,2076,183,,295,,561,193,120,122,1101,,832,,,128,105,,,,,559,1270,433,,162,260,161,,840,,136,,152,,,185,2770,196,,219,,198,,211,113,,1250,,1551,124,,103,143,,153,,241,,,,515,1610,1005,10.15,207,,270,162,,1017,119,,,,889,189,,1466,,378,,,,2430,650,904,720,,204,1099,,,286,180,,125,,8.7,,,161,166,80,621,7.91,559,,312,,8.9,537,519,622,848,1000,738,,,316,9.25,1501,,12.4,2130,658,,727,975,180,,495,283,,138,,1027,730,,506,,,490,103,,185,,161,222,10400,9300,118,120,,645,,152,502,145,150,9.19,313,199,,500,309,,729,1601,,,285,,268,253,310,1328,909,,145,,664,,,,1115,116,746,,1380,546,,1280,1241,902,,113,215,,,,1248,,,270,163,870,1785,170,23530,680,,,1300
2018-08-09,325,142,,251,607,,724,261,,,,100,,,,262,,440,890,,149,,167,,103,,113,,738,126,2425,685,,9,,231,147,127,,686,103,662,,319,1250,429,,2095,184,,290,,558,192,120,122,1080,,817,,,130,107,,,,,560,,430,,164,254,158,,824,,137,113,152,,,182,2752,,,220,,197,,,106,,1232,,,122,,103,143,,153,,239,,8.05,,505,1600,1000,10.15,205,,270,163,,1010,121,,,,857,186,,1465,,379,,250,,2395,638,909,720,,204,1078,,,284,178,,128,,8.7,,,157,168,78,620,,554,10.45,309,,8.72,525,510,615,838,967,730,,,313,9.55,1505,,12,2120,664,,726,961,178,,494,283,,139,,1020,730,,505,,,481,,,183,,155,220,10250,9580,117,119,,641,,154,495,147,,9.16,313,198,,496,305,,729,1561,9,11.21,,,269,248,300,1315,907,,149,,653,,128,,1115,115,733,,1385,543,,1253,1143,890,,110,216,,,280,1223,,172,260,161,875,1765,168,,676,,95,1285
2018-08-12,320,138,,249,600,,752,258,,,,100,,,5243,250,,438,888,,148,,165,,102,,114,,720,126,2400,672,,,,229,,126,,670,103,650,,315,1236,425,,2050,182,,286,,548,191,,118,1070,,800,,,130,105,,,,123,555,1240,416,,164,256,160,,,,136,,152,,,185,2755,,,219,,193,,211,104,,1192,,1493,118,,103,140,,150,,235,,,,500,1570,1001,10.01,202,,260,160,,1000,119,,,,,185,,1445,,374,,225,,2300,620,900,710,,200,1057,,,280,174,192,128,,8.53,,,154,165,77,619,,555,10.25,304,,,508,500,554,816,910,710,,,307,9.17,1460,,11.71,2083,630,,721,935,178,114,479,279,,138,,993,704,,507,,,476,101,,184,,155,220,10100,9250,117,118,,635,,149,485,145,150,9.25,305,194,,493,301,,730,1537,9.18,,280,,266,252,299,1295,893,,147,,640,,,,1084,114,707,,1330,532,,1201,1029,873,,111,215,,,290,1206,,171,255,,850,1737,165,23060,660,,,1255
2018-08-13,317,137,,245,607,,820,261,,138,,106,,,5310,261,,437,894,,148,,165,,,,114,,725,124,2410,670,,,,232,,128,,685,105,650,592,,1260,435,,2060,183,,291,,558,193,,122,1070,8.6,815,,,138,109,100,,,,555,,422,,164,254,159,,809,,139,,153,,100,,,,,223,,194,,,106,,1210,,1520,120,,105,141,,154,,240,,8.05,,510,1580,1000,10.01,206,,,161,,1000,,,173,,870,188,,,,378,,205,,2335,656,907,710,,205,1091,,,281,173,,123,,8.5,,,156,162,80,621,7.9,555,10.67,309,,8.89,511,507,574,806,947,720,,,311,9.1,1442,,,2100,650,,730,940,185,,496,281,,138,,1012,710,,501,,,477,,,187,,152,221,10400,9400,117,120,,635,,149,489,144,,9.3,309,196,,496,305,,726,1540,9.36,11.43,,,270,248,300,1310,890,,146,,658,,,,1115,113,721,,1356,535,,1225,927,880,,110,220,,,,1200,,166,265,,842,1745,164,,680,,,1270
2018-08-14,324,137,,244,618,,902,264,,135,1725,106,,,5410,262,,438,900,,149,,166,,108,,115,,728,124,2410,670,,,,233,,128,,672,105,650,,320,1265,436,,2092,185,,295,,574,194,,127,1080,8.44,801,,,138,115,,,,127,555,1343,432,,163,249,164,,812,,138,,154,,100,188,2810,,,226,,196,,215,108,,1250,,1545,120,,108,143,,155,,241,,8.1,167,515,1566,1005,10,206,,260,160,,1000,123,,,,853,192,,1465,,378,,194,,2365,652,907,707,,205,1084,,,285,178,,122,,,,,163,162,80,625,7.75,559,,312,,8.89,515,517,565,825,946,730,,,320,9.28,1498,,,2109,655,,726,969,193,,498,289,,146,,1015,720,,510,,,494,,,188,,158,222,10400,9450,116,122,,640,,153,493,146,,,315,,,499,307,,725,1522,9.35,11.5,,,275,248,304,1310,903,,150,,662,,,,1120,,735,,1400,535,,,910,900,,112,219,,,,1228,,175,260,,838,1735,166,22594,670,,,1270
2018-08-15,339,139,,258,636,,883,275,,137,,106,,136,5620,271,,449,915,,151,,170,,114,,120,,740,126,2450,696,,,100,240,,131,,690,105,662,,330,1275,435,,2115,191,,300,,584,196,,127,1111,,846,,135,138,117,,,,129,576,1450,454,,169,265,170,,828,,145,,159,,105,194,2886,200,,236,,203,,211,106,,1305,,1575,125,,108,144,,161,,244,,7.95,,533,1610,1030,10.1,211,,270,168,,1040,123,,,,887,198,,1494,,385,,190,,2445,663,935,725,,205,1128,,,293,180,,,,8.45,,,168,165,84,632,7.9,572,,318,,,534,539,555,850,960,750,,,323,9.3,1585,,,2162,681,,740,986,202,,510,298,200,145,,1055,750,,518,,,508,,,188,,164,226,10820,9800,119,122,,652,,152,520,148,,9.3,321,200,,504,317,,755,1555,9.36,11.7,,,285,250,313,1355,925,,150,,684,,,,1145,119,806,,1471,546,,1268,903,954,,112,224,,,,1265,,178,279,167,873,1768,170,,696,,,1143
2018-08-16,340,138,,252,620,,895,266,,137,1681,,,132,6075,273,,446,919,,151,,171,,112,,121,,731,128,2445,723,,,106,239,,130,,670,105,663,,330,1275,426,,2132,192,,300,,571,197,,127,1110,,829,,134,,113,,,,127,575,1341,436,,167,270,169,,831,,148,,157,,105,191,2850,200,,233,,206,,,105,,1320,,1576,125,,110,144,,158,,240,,,151,531,1609,1005,,206,,275,170,,1030,121,,175,,870,193,,1480,,389,,190,,2409,650,957,729,,205,1098,,,292,180,,125,,8.62,,,162,163,80,639,7.9,571,,322,,8.9,535,527,555,835,956,745,,,332,9.5,1530,,,2163,680,,738,980,196,,500,300,,146,,1057,740,,517,,,501,102,,187,,161,223,10930,10298,117,120,,643,,152,510,149,,,320,206,,505,322,,744,1524,9.45,11.9,285,,285,247,309,1365,920,,151,,676,,130,,1150,121,780,,1450,552,,,896,936,,116,225,,,,1247,,172,270,,861,1775,168,23975,677,,95,1150
2018-08-19,338,136,,248,615,,870,266,,135,,102,,,6140,274,,439,904,,148,,168,,,,117,,728,126,2425,709,,9.01,108,236,,128,,660,,667,,320,1286,420,,2080,190,,295,,583,195,,129,1088,,813,,,136,110,,,,,551,1350,430,,160,,160,,821,,145,,156,,102,188,,200,,226,,205,,,111,,1290,,1580,123,,108,144,,151,,241,,,,518,1600,985,10.1,205,,280,167,,1010,122,108,,,861,190,,1465,,386,,,,2328,637,959,732,,201,1039,,,286,179,192,125,,8.6,,,162,162,79,631,,570,,316,,,515,515,549,834,955,722,,,328,9.5,1500,,11.94,2122,680,,736,961,197,114,507,294,,144,,1044,726,,507,,,486,100,,185,,159,220,10712,10500,116,118,,649,,151,500,147,,,315,202,,509,316,,727,1500,,12,288,,272,242,303,1338,905,,,,671,,128,,1114,119,805,,1421,540,,1230,864,,,116,220,,,,1234,,170,265,170,856,1746,165,23496,667,,95,1117
2018-08-20,335,135,,244,616,,841,270,,133,,100,,,6049,273,,436,904,,149,,167,167,,,117,,713,119,2390,695,,8.95,104,232,,127,,666,104,665,,314,1243,415,,2086,186,,300,,570,193,,126,1046,,796,,,135,110,,,,125,550,1320,427,,161,250,158,,805,,145,,154,,,195,,200,,227,,203,,211,104,,1245,,1590,125,,106,141,,150,,237,,,,513,1584,967,,206,,275,164,,1000,122,,,,850,190,,,,379,,188,,2386,637,948,725,,200,1031,,,288,178,,125,,,,,160,162,78,629,7.8,570,,317,,8.58,513,509,535,834,939,711,,,325,,1500,,12.18,2100,,,731,946,,,510,292,200,144,,1043,705,,500,,,481,100,,183,,157,221,10560,9711,114,117,,645,,150,500,145,,,314,200,,500,313,,730,1470,9.35,,283,,272,241,301,1331,899,,146,,670,,116,,1111,117,790,,1445,538,,1210,823,918,,112,217,,,,1221,,169,261,,855,1716,164,23965,671,,100,1095
2018-08-21,333,132,,242,610,,839,261,,134,,100,,128,6050,274,,433,906,,148,,167,,110,,115,,715,119,2400,682,,,102,233,,127,,643,104,654,591,312,1232,406,,2072,187,,294,,570,193,,124,1055,,814,,136,129,105,,,,125,549,1325,418,,160,251,157,,821,,144,,153,,,190,2793,,,229,,202,,,104,,1225,,1570,123,,106,142,,147,,232,,,,520,1590,966,10.1,205,,270,163,,985,122,,,,850,193,,1480,,377,,,,2367,625,940,725,,201,1028,,,286,178,,124,,8.45,,,163,162,78,635,7.9,563,,314,,,514,507,535,837,935,710,,,323,9.4,1475,,12.25,2082,,,733,940,,,500,290,,145,,1053,708,,502,,,485,100,,183,,153,221,10500,,116,117,,634,,147,493,144,,9,314,192,,495,312,,725,1440,9.11,11.76,,,270,241,306,1333,903,,145,,668,,121,,1116,,790,,1460,542,,1185,812,900,,110,216,,,304,1230,,,258,,868,1700,168,23501,667,,102,1080
2018-08-22,344,133,,242,602,,839,265,,131,,98,,126,6171,275,,434,900,,147,,167,,,,117,,728,119,2390,672,,,,233,,127,,650,,658,580,312,1212,403,,2061,187,,294,,564,191,,123,1034,,803,,,127,109,,,,125,540,1299,422,,161,250,158,,,,144,,153,,102,191,,,,229,137,203,,207,103,,1245,,,,,106,141,,149,,231,,,,505,1579,955,,203,,,163,,981,120,,176,,855,189,,1500,,378,,,,2370,625,945,727,,201,,,,285,178,,126,,8.55,,,167,160,78,627,7.9,565,,314,,,513,506,545,828,920,710,,,318,9.1,1484,,,2081,692,,730,940,,,497,289,,146,,1049,709,,500,,,475,,,183,,152,220,10590,9700,115,118,,650,,148,498,144,,9,314,198,,495,310,,728,1455,,,278,,275,241,300,1320,908,,147,,664,,123,,1101,119,790,,1461,535,,,804,900,,109,217,,,,1219,,167,260,170,865,1728,167,,680,,98,1075
2018-08-23,335,131,,245,594,,836,260,,131,,98,,124,6055,279,,434,900,,148,,167,167,,,,,715,117,2484,661,,8.95,,235,,129,,648,,658,,312,1229,408,,2060,186,,294,,550,192,,122,1034,,800,,,127,110,,,,123,532,1305,419,,160,255,157,,821,,144,,152,,,190,2800,,,230,,205,,206,103,,1240,,,119,,106,142,,150,,228,,,,510,1561,937,10.55,201,,270,164,110,1010,120,,,,840,187,,,,377,,,,2400,617,945,731,,199,,,,285,178,,125,,8.42,,,167,159,77,626,7.9,562,11.32,313,,8.6,515,508,536,828,915,704,,,310,9,1490,,12.25,2122,679,402,732,927,,,500,289,,145,,1042,723,,501,,,478,100,,181,,150,224,10400,9696,114,118,,636,,148,500,145,,,314,198,,495,311,,725,1460,,,288,,275,240,294,1315,901,,145,,665,,125,,1095,115,800,,1489,533,,1175,792,888,,108,216,,,,1225,,,261,,859,1695,165,22573,673,,,1065
2018-08-26,333,132,,242,599,,836,260,,126,,100,,122,6174,290,,431,901,,147,,168,,,,,,713,121,2400,650,,,,232,,127,,641,,655,,312,,407,,2019,185,,294,,547,187,,,1015,,797,,,125,108,,,,121,533,1331,412,,159,250,155,,775,,141,,153,,,192,2750,,,229,,202,,204,102,,,,,119,,100,139,,150,,225,,,,512,1564,,,201,,265,164,,994,119,,,,840,190,,1455,,375,217,,,2390,628,945,725,,199,990,,,285,181,,123,,8.42,,,174,156,78,627,8.16,562,11.3,313,,,516,508,537,803,915,705,,,308,,1411,,12.3,2041,,,734,940,,,496,288,,144,,1038,707,,494,,,484,,,183,155,150,225,10400,9615,114,117,,631,,145,500,143,,,312,198,,497,307,,719,1431,8.9,,,,270,241,299,1300,905,,,,651,,123,,1078,,786,,1530,531,,1175,790,881,,108,216,,,,1211,,,257,,847,1665,165,,652,,,1068
2018-08-28,333,129,,239,595,,817,258,,130,,100,,124,6323,290,,433,895,,148,,168,167,108,,118,,714,122,2415,,,,100,230,,128,,646,,660,,312,,407,,2030,191,,295,,553,193,,,1055,,797,,,127,110,,,,119,533,1340,411,,162,248,157,,775,,141,,153,139,,193,2711,,,230,,205,,200,103,,,,,120,,101,140,,149,,226,,7.95,,514,1568,932,10.25,202,,,163,,1000,119,,,,836,190,,,,378,215,,,2330,616,949,725,,198,975,,,285,179,,120,,8.2,,,169,160,77,628,8.16,570,11.3,325,,8.6,515,506,526,814,901,702,,,312,8.82,1425,,,2070,666,,730,952,,,503,288,,142,,1042,710,,500,,,476,,,182,,150,220,10450,9600,111,117,,630,,143,485,143,,9,313,,,495,306,,713,1443,,,293,,270,242,299,1319,892,,146,,649,,123,,1100,115,789,,1518,530,,,788,851,,108,215,,,,1220,,165,261,,850,1670,162,,655,,,1075
2018-08-29,331,130,,238,591,,820,252,,130,,,,123,6090,289,,432,890,,148,,168,,,,114,,710,123,2395,645,,,100,233,145,127,,642,102,654,,304,1217,400,,2027,186,,293,,547,190,,122,1030,,784,,135,127,110,,,,116,530,1335,410,,159,246,155,,760,,140,,152,,,,2711,,,232,,207,,196,106,,1176,,1509,120,,101,140,,147,,226,,,,508,1548,930,10.21,202,,262,160,,1000,120,,173,,832,191,,1450,,376,,188,,2350,614,947,728,,197,975,,,282,180,,119,,8.25,,,176,155,76,628,8,569,11.25,325,,8.57,500,503,525,804,902,690,,,311,,1482,,12.5,2043,640,,727,942,,,503,287,,144,,1026,703,,497,,,471,100,,178,,150,220,10400,9690,115,119,,634,,142,480,143,,8.88,314,,,497,308,,711,1422,8.87,,,,270,242,293,1345,898,,144,,650,,120,,1094,117,789,,1539,529,,1130,800,846,,107,215,,,,1203,,162,257,167,844,1650,163,,642,,98,1055
2018-08-30,334,130,,242,595,,861,253,,132,,98,,120,6211,289,,434,890,,148,,169,164,110,,117,,711,120,2400,652,,8.95,,235,,127,,644,102,658,580,307,1230,406,,2060,187,,296,,540,190,,122,1010,8.44,795,,133,128,112,,,,118,533,,411,,161,245,159,,774,,140,,153,,,,2800,,,229,,204,,199,105,,1215,,1520,118,,102,140,,149,,233,,7.95,,510,1555,942,10.1,204,,267,161,110,1010,121,,172,,,191,,,,379,,,,2350,613,947,730,650,199,990,,,286,180,,,,8.5,,,179,160,78,631,7.9,570,11.45,340,,8.74,514,507,535,817,906,696,,,316,9.15,1490,,12.5,2060,668,422,734,942,,,510,295,,142,,1030,725,,496,,,474,,,180,,158,217,10500,9556,115,120,,648,,146,485,147,,8.95,320,199,,493,314,,715,1504,8.95,,,,281,240,294,1364,904,,143,,662,,120,,1100,113,794,,1539,527,,1135,806,867,,107,220,,,,1223,,165,262,165,840,1658,165,,657,,97,1075
2018-09-02,340,130,,240,595,,840,256,,132,,99,,126,6200,297,,437,890,,150,,170,,112,,117,,713,120,2401,655,,,100,236,,127,,640,106,658,569,307,1250,405,,2070,191,,300,,545,198,120,,1050,8.4,790,,,128,111,,,,116,536,,415,,160,243,162,,785,,142,,159,,100,195,2765,,,233,,208,,197,104,,1190,,1550,120,,101,143,,148,,231,,,,512,1580,945,10,207,,267,163,,1015,121,,,,829,191,,1430,,382,,,,2365,625,950,736,,202,1012,,,290,181,,120,,8.67,,,176,160,79,637,7.92,589,11.35,359,,,510,510,543,846,895,702,,,324,,1462,,12.5,2070,660,,732,961,,,519,299,200,144,,1040,726,,496,,,484,,,180,,158,224,10490,9556,113,119,,637,,143,493,146,,,326,205,,495,318,,708,1500,8.95,11.52,,,280,245,301,1362,910,,144,,658,,118,,1129,116,795,,1488,527,,1113,802,870,,106,228,,,,1264,,174,263,165,840,1625,162,,668,,96,1111
2018-09-03,342,134,,251,600,,850,260,,134,,102,,127,6300,302,,442,910,,150,,173,,114,,121,,722,121,2405,659,,9.5,,239,,129,,659,105,663,,311,1254,410,,2085,193,,305,,,197,,,1139,8.07,811,,135,132,115,,,,124,544,1388,417,,162,246,163,,816,,143,,162,,,193,2820,,,230,,209,,216,110,,1190,,1586,,,101,146,,149,,254,,8,,525,1590,980,10.25,209,,272,171,110,1020,121,,,,840,190,,1520,,390,213,194,,2362,630,964,749,663,206,1015,,,296,186,,122,,8.8,,,162,160,79,644,8.16,584,11.55,366,,9.27,524,515,549,846,900,720,,,325,,1475,,12.55,2090,673,430,730,975,,,515,306,,146,,1070,748,,510,,,483,,,183,,164,221,10700,9582,114,118,,645,,143,496,148,,9.3,330,208,,498,324,,709,1531,9.02,11.06,293,,289,245,304,1365,928,,145,,664,,118,,1130,118,819,,1530,538,,1130,820,880,,109,230,,,,1265,,171,264,,859,1631,174,24000,680,,95,1114
2018-09-04,344,133,,243,605,,835,260,,134,,100,,128,6350,302,,440,910,490,155,,177,,,,118,,719,123,2388,659,,9.5,100,242,,133,105,651,103,657,626,308,1250,408,,2087,193,,305,,547,196,,,1117,,823,,133,132,112,,,,121,544,1370,423,,161,247,166,,800,,142,113,166,,,196,,,,231,,216,,236,109,,1225,,1560,123,,101,146,,157,,265,,,,526,1600,965,10.46,214,,275,171,110,1035,122,,175,,840,193,,1549,,390,,193,,,620,966,747,689,203,1035,,,293,184,,120,,8.8,,,165,158,79,646,8.2,582,11.5,383,,9.31,533,519,545,830,900,710,,,325,9.06,1475,,12.55,2065,695,,733,962,,,514,306,,148,,1061,,,508,,,484,,,186,155,166,220,10700,9583,115,118,100,655,,142,504,146,,9.58,330,208,130,499,326,,710,1509,,11.06,295,,285,248,297,1362,940,,147,,661,,120,,1130,118,800,,1540,540,300,1130,810,900,,111,230,,,,1263,,176,267,,865,1652,171,,693,,95,1100
2018-09-05,356,135,,256,613,,880,263,,135,1648,106,,132,6500,310,,450,920,,159,,188,,114,,124,,739,126,2435,697,,9.35,105,245,,134,,670,102,665,,311,1316,420,,2120,196,,309,,554,203,,124,1184,7.92,820,,129,137,110,,,,123,565,1380,433,,163,271,175,,807,,146,,170,,102,200,2970,,,240,,234,,259,108,,1314,,1590,131,,106,150,,156,,263,,,,540,1619,1015,,218,,284,177,,1072,125,,175,,890,197,,1590,,399,,194,,2490,656,970,750,,212,1090,,,297,196,,122,,8.66,,,165,160,83,655,8.2,582,11.6,383,,9.3,540,536,557,862,917,720,,,333,,1600,,12.85,2125,695,,738,981,,,522,316,,149,,1090,776,,526,,,500,,,192,,171,227,10900,9910,117,126,,664,,153,507,150,,,341,217,,510,330,,717,1550,,,295,,289,250,303,1395,958,,154,,700,,125,,1166,120,844,,1570,554,,1180,814,925,,112,239,,,,1310,,177,273,,932,1723,172,23050,720,,96,1100
2018-09-06,352,138,,246,612,350,873,260,,135,1655,102,,133,6470,310,,443,913,,157,,183,,,,,,736,128,2402,692,,9.65,102,250,,131,,658,103,660,,312,1304,413,,2093,193,,308,176,557,197,,124,1175,8.01,820,,130,139,111,,,,125,565,1328,420,,162,,168,,822,,145,,169,,100,198,2911,,,233,,232,,284,106,,1308,,1566,126,,105,147,,156,,262,,8.21,154,534,1599,982,10.45,218,,288,177,,1100,124,,178,,880,193,,1570,,398,,176,,2495,656,965,750,,210,1074,,,297,196,,124,,8.54,,,156,160,80,644,8.04,575,11.6,378,,9.55,559,530,554,855,915,712,,,336,9.42,1541,,12.76,2148,670,,760,962,,,519,322,,147,,1075,763,,530,,,499,104,,193,,168,228,10700,9705,115,128,,650,,147,510,150,,9.39,336,212,,507,328,,717,1500,9.36,,288,,285,250,299,1386,934,,148,,683,,119,,1145,120,811,,1598,533,,,822,939,,109,235,,,319,1300,,177,268,168,886,1730,165,23716,762,,99,1081
2018-09-09,346,135,,240,591,,891,253,,131,1650,101,,126,6360,303,,453,906,,157,120,178,161,112,,,,730,126,2400,679,,9.55,101,245,,129,,648,102,673,,313,1280,410,,2071,192,,306,176,542,195,,123,1130,8.33,803,,130,126,107,,,,124,552,,417,,159,252,168,,806,,144,,168,,,217,2879,197,,229,,227,,298,105,,1235,,1580,126,,102,145,,153,,255,,,152,518,1600,963,,215,,275,174,110,1105,121,,,,,191,,1570,,392,,,,2435,631,970,745,702,209,1032,,,294,193,,122,,8.67,,,149,158,81,648,8.1,579,10.15,382,,9.55,545,520,540,838,906,704,,,334,9.41,1521,,,2125,,,751,950,,,517,314,,147,,1066,745,,515,,,484,,,195,,,223,10600,9550,113,122,,642,,144,492,148,,9.58,331,215,,500,321,,722,1503,9.17,,293,,285,250,295,1375,913,,,,696,,,,1115,122,798,,1673,527,,1156,810,903,,108,229,,128,,1255,,0,263,,854,1665,165,,719,,99,1086
2018-09-10,342,131,,246,599,,963,254,,126,,101,,126,6450,301,,452,912,,154,,175,,110,,122,,721,121,2399,653,,9.55,100,241,,129,,653,101,660,,311,1255,410,,2189,191,,305,,543,198,,,1130,8.4,800,,131,114,106,,,,120,543,1302,414,,156,249,165,,790,,138,,165,,100,219,2822,,,231,,223,,294,102,,1259,,1600,125,,102,143,,154,,254,,,,513,,979,,212,,275,179,110,1192,121,,,,,190,,1539,,388,209,173,,2375,619,964,736,,201,1052,,,289,195,,120,,,,,146,159,81,644,8.06,575,,384,,9.5,538,513,558,830,900,700,,,331,9.41,1515,,13.09,2090,683,,748,935,,,509,311,,148,,1052,725,,510,,,482,,,194,,163,223,10570,,113,122,,647,,144,495,146,,,326,206,,496,319,,715,834,9.17,11,275,145,280,242,291,1375,915,,148,,661,,121,,1130,116,790,,1680,526,,1111,888,,,108,230,,,,1256,,,,,845,1655,165,24190,710,,,1107
2018-09-11,345,134,,244,593,,923,253,,128,1660,99,,128,6425,306,,453,913,,156,,179,,108,,118,,721,123,2390,653,,,,245,,131,,660,103,662,,319,1206,410,,2130,194,,308,,547,200,,,1152,8.3,800,,127,114,110,,,,122,545,1310,421,,157,250,173,,805,,141,,170,,,217,2897,195,,227,,230,,295,103,,1255,,1760,126,,102,147,,153,,255,,,,525,1614,985,10.45,213,,280,177,,1169,124,,179,,925,193,,1569,,402,,171,,2420,630,966,735,,206,1065,,,291,196,,122,,8.75,,,145,151,83,642,8.01,575,10.01,390,,,537,516,568,840,905,695,,,334,9.46,1570,,13,2170,696,,753,950,,,518,315,,148,,1063,733,,517,,,485,102,,193,,163,219,9802,8800,114,121,,650,,143,493,146,,9.57,331,213,,498,321,,715,834,9.35,11,270,,279,250,294,1407,915,,148,,688,,119,,1123,,803,,1786,529,,1140,899,903,,108,232,,,,1285,,174,268,,880,1740,169,24663,715,,100,1100
2018-09-12,352,135,,242,590,,922,250,,130,,100,,132,6297,311,,450,934,,158,,178,,104,,121,,722,121,2405,,,9.5,,249,,133,,664,105,660,,319,1220,415,,2155,197,,316,176,555,200,,,1152,,807,,127,112,106,,,,120,550,1336,421,,160,260,163,,,,141,,173,,100,216,,194,,230,,233,,299,104,,1300,,1740,129,,103,149,,155,,258,,,149,520,1610,1019,10.06,219,,275,178,,1159,125,,176,,910,195,,1611,,410,211,180,,2435,642,965,740,,207,1044,,,298,200,,,,8.65,,,147,155,85,650,8.17,580,,408,,9.5,540,517,557,868,905,700,,,338,9.61,1569,,12.75,2169,680,,760,965,,,520,325,,151,,1096,761,,516,,,485,101,,202,,168,216,10220,9130,120,125,,650,,142,490,150,,9.4,336,216,,501,328,,717,803,9.4,,,,285,250,298,1400,945,,148,,688,,118,,1135,116,825,,1740,530,,1132,905,921,,110,235,,,,1343,,174,263,,870,1750,170,,729,,100,1122
2018-09-13,359,133,,244,599,,920,254,,130,,100,,126,6450,320,,464,935,,160,120,190,,102,,119,,725,120,2400,685,,9.69,,251,,136,,661,107,653,,315,1220,415,,2142,198,,318,,546,206,,127,1175,8.25,801,,125,112,107,,,,122,563,1300,417,,163,252,166,,820,,140,,180,,100,216,,,,237,,235,,304,106,,1317,,1739,135,,103,145,,155,,258,,,149,530,1615,985,,229,,286,190,110,1174,127,,176,,928,194,,1568,,414,211,,,2482,647,968,752,716,215,1034,,,301,210,,124,,8.84,,,145,155,83,651,8.11,585,9.85,413,,9.7,535,521,551,851,900,695,,,352,9.61,1585,,12.95,2188,679,472,789,970,,,518,331,200,149,,1085,765,,515,,,488,100,,212,,176,215,10000,8970,117,126,,651,,143,494,149,,9.6,342,218,,502,331,,715,795,,11,270,,286,256,297,1390,945,,153,,678,,120,,1117,120,841,,1760,531,,1130,890,950,,107,240,,,,1339,,186,269,,870,1731,165,,716,,98,1109
2018-09-16,367,135,,247,598,,924,255,,128,,100,,138,6750,330,,462,965,,166,,189,,,,120,,723,122,2440,686,,9.69,,256,,136,,670,105,660,,303,1235,412,,2148,205,,325,,553,210,,129,1175,8.08,803,,129,115,109,,,,124,567,1326,425,,165,254,165,,804,,145,,188,,102,218,,191,,240,,241,,305,104,,1342,,1740,137,,104,149,,156,,264,,,,537,1605,1001,10.1,230,,305,196,,1175,126,,175,,,196,,1550,,415,,,,2470,660,969,758,730,218,1012,,,307,210,,,,9,,,147,156,82,652,8.27,587,,408,,9.7,545,534,588,870,914,709,,,360,9.7,1560,,13,2200,675,481,786,975,,,525,336,,149,,1090,774,,515,,,505,103,,217,,177,220,9850,8860,122,124,,653,,142,493,153,,9.89,346,222,,510,334,,720,800,9.5,,273,,293,257,305,1390,950,,152,,674,,120,,1123,125,842,,1762,538,,1150,900,920,,109,246,,,,1299,,192,259,,887,1781,174,,731,,97,1130
2018-09-17,360,135,,244,610,,910,250,,126,,102,,151,7055,325,,457,947,,167,,186,,101,,121,,722,121,2400,691,,9.8,,257,145,136,,677,,660,,290,1284,418,,2149,203,,319,179,555,210,,,1160,,825,,,114,107,100,,,,566,1339,435,,162,252,,,821,,145,,185,,100,216,2954,,,236,,239,,310,103,,,,1760,133,,108,150,,157,,259,,,,555,1630,1015,10.2,227,,300,198,,1190,125,,178,,920,195,,1500,,409,,183,,2426,670,968,753,,213,1053,,,306,206,,122,,9.18,,,145,153,80,651,8.11,580,10.1,411,,9.7,573,550,608,883,931,727,,,357,9.78,1580,,12.99,2215,675,,787,988,,,530,333,,148,,1153,800,,530,,,519,101,,215,,181,219,10299,9025,119,124,,655,,141,493,152,,9.8,341,229,,506,333,,716,780,9.5,11.22,270,,292,252,301,1430,965,,,,705,,124,,1139,122,846,,1760,555,,1130,882,945,,113,244,,132,334,1300,,201,264,,908,1785,168,,735,,96,1120
2018-09-18,359,139,,268,612,,911,267,,128,1660,,,165,7000,322,,464,954,,167,,185,,103,,119,,734,120,2400,710,,9.8,103,256,,136,,680,,660,,289,1265,412,,2177,198,,317,,560,211,,127,1140,8.2,825,,126,114,,,,,118,564,1390,443,,164,270,166,,839,,144,113,182,,,214,2895,,,237,137,241,,315,104,,1368,,1743,129,,106,152,,161,,258,,,,569,1620,1000,,225,,297,192,,1211,128,,184,,,195,,1530,,407,,,,2406,,968,746,766,215,1034,,,307,207,,124,106,9.36,,,147,152,84,650,8,578,10.3,407,,9.7,580,572,600,895,932,733,,,358,9.76,1560,,13.07,2225,688,,789,1003,,,525,332,200,150,,1158,815,,542,,,527,101,,217,155,183,224,10355,9300,122,124,,660,,144,496,152,,10,341,232,,507,330,,720,795,,11.44,,,291,248,320,1458,965,,148,,717,,126,,1161,124,826,,1750,561,,1160,875,970,,119,244,,,,1307,,200,260,,903,1790,163,,712,,95,1128
2018-09-20,359,133,,266,615,350,905,268,,129,1660,100,,161,,319,,475,955,,170,,186,,104,,123,,730,124,2381,696,,,100,252,,141,,683,,651,,289,1246,410,,2137,197,,316,,552,207,,125,1130,9.02,812,,124,115,110,,,,120,560,1336,436,,162,257,,,818,,146,,186,,100,217,2900,188,,239,,243,,312,106,,1386,,1709,133,,105,153,,162,,257,,,,551,1589,1025,10.35,225,,303,193,,1244,127,,,,912,198,,1530,,406,,,,2430,645,962,743,,213,1040,,,311,209,,126,,9.36,,,148,150,83,650,7.84,575,,423,,9.7,566,560,597,871,927,714,,,361,9.66,1530,,13.02,2220,675,,794,1005,,,524,328,,150,,1151,800,,529,,,514,103,,217,,180,220,10200,9001,121,125,,651,,142,494,154,,9.6,339,227,,501,329,,712,780,9.69,,268,,293,252,314,1440,945,,150,,709,,127,,1147,124,835,,1706,550,,1137,865,959,,112,244,,,,1310,,,262,158,900,1772,165,24799,720,,,1129
2018-09-23,361,132,,271,607,,920,267,,129,1700,100,,163,,325,,488,948,,169,,188,,108,,123,,733,120,2380,709,0,,,256,,141,,679,107,651,,290,1222,410,,2093,201,,322,,552,209,,,1152,9.38,810,,,115,,,,,,560,1326,428,,160,257,163,,815,,145,,186,,,227,2850,182,,236,,248,,328,104,,1283,,1706,133,,107,154,,166,,256,,,,542,1606,1035,10.15,230,,293,194,110,1300,134,,181,,880,198,,1545,,405,,,,2400,660,961,740,,215,1040,,,319,214,,130,106,9.45,,,150,151,80,648,8.16,574,10.25,440,,10,563,551,590,887,919,715,,,368,9.6,1560,,13,2200,663,,783,990,,,529,334,,151,,1137,784,,520,,,512,101,,231,,180,222,10000,9000,113,125,,650,,142,485,153,,9.65,337,230,,500,330,,709,775,9.6,,268,,290,253,310,1440,940,,,,711,,127,,1145,124,722,,1719,543,,1169,872,946,,114,245,,,364,1290,,199,260,,882,1750,164,,724,,94,1143
2018-09-25,371,134,,264,610,,911,259,,131,1733,99,,179,,339,,491,942,,179,,200,,,,128,,740,120,2380,685,22,9.52,97,266,,147,,698,104,654,,296,1250,420,,2100,206,,326,,555,212,,127,1173,,810,,130,115,105,,,,125,565,1373,435,,159,267,166,,831,,152,,197,,102,224,2820,182,,242,,260,,328,104,,1260,,1734,142,,111,161,,168,,265,,8.37,,560,1590,1035,10.22,242,,303,206,110,1362,134,,184,,935,205,,1495,,411,,,,2401,660,965,747,796,229,1020,,,334,226,,138,,9.28,,,151,152,82,660,8.02,581,10.25,447,,10.1,580,557,598,886,922,739,,,377,9.6,1570,,13,2264,676,,782,1000,,,540,346,,153,,1149,798,,531,,,522,104,,248,,183,218,10090,8960,116,127,,661,,138,494,159,,9.65,351,234,,511,344,,707,770,9.79,,267,,308,255,314,1449,955,,150,,720,,127,,1143,127,713,,1710,550,,1209,889,960,,110,268,,,,1283,,202,265,160,881,1759,167,,735,,93,1150
2018-09-26,365,134,,269,613,,915,260,,129,,100,,189,6750,337,,483,945,,183,,199,,110,,124,,740,120,2390,681,22,9.5,99,268,,143,,697,104,650,626,299,1220,415,,2085,205,,324,,552,211,120,129,1195,,812,,130,124,109,,,,124,565,1370,435,,161,271,161,,815,,150,,196,,,225,2907,,,234,,260,,332,103,,1250,,1729,139,,108,160,,167,,263,,,,560,1600,1030,10.21,239,,299,207,,1390,130,,181,,920,204,,1515,,411,,,,2385,666,966,743,,228,995,,,327,227,,130,,9.57,101,,143,150,81,664,,574,10,441,,,579,558,599,890,937,727,,,373,9.75,1551,,13,2290,670,,780,1000,,,536,342,200,153,,1147,796,,526,,,520,102,,240,,183,216,10000,8900,112,126,,652,,136,494,165,,,350,230,130,507,345,,708,747,9.99,,265,,301,254,312,1450,940,,149,,710,,127,,1142,125,710,,1700,550,,1329,861,950,,111,262,,,,1289,,204,265,158,880,1737,167,,730,,96,1150
2018-09-27,365,134,,255,602,,906,254,,128,,99,,188,7022,332,,480,938,,179,,194,161,112,,127,,727,120,2370,707,,,101,262,,145,,689,103,644,,295,1206,412,,2070,206,,322,179,554,209,,126,1203,,811,,,124,111,100,,,128,558,1404,430,,165,255,164,,806,,148,,192,,100,224,2849,182,,238,,259,,323,104,,1245,,,139,,109,157,,166,,257,,,,555,1577,1010,,231,,296,203,,1365,131,,180,,910,207,121,1500,,408,,185,,2410,654,961,745,827,223,1000,,,324,223,,125,,,,,148,149,89,655,,573,10,438,,9.9,574,548,587,875,948,714,,,370,9.7,1541,,12.8,2245,660,,775,1000,,,545,340,,153,,1140,792,,516,,,510,,,239,,181,215,9906,8870,113,125,,650,,136,488,164,,,349,,,500,340,,710,741,9.94,11.21,262,,300,256,309,1426,937,,148,,687,,123,,1135,128,700,,1685,544,350,1303,860,950,,112,255,,,,1277,,200,259,152,897,1770,164,,725,,94,1145
2018-09-30,361,133,,251,596,,895,259,,128,1720,102,,,6885,332,,478,930,,177,,192,,110,,122,,730,120,2365,693,,9.69,101,256,,141,,682,103,640,,291,1225,406,,2065,182,,320,,545,206,,126,1175,9.19,800,,,118,113,,,,,559,1403,425,,161,255,159,,,,149,113,189,,,219,2862,179,,234,,255,,312,102,,1230,,1695,137,,106,154,105,163,110,258,,,,540,1567,996,10.25,231,,301,205,,1332,129,,,,880,180,,1476,,405,,182,,2365,654,950,742,843,220,980,,,318,221,,126,,9.21,,,148,148,86,645,7.91,573,,442,,9.8,566,539,578,863,948,713,,,364,9.6,1550,,12.76,2157,635,,771,1023,,,530,336,,151,,1123,775,,520,,,509,,,240,,180,212,9827,8801,114,125,,641,,135,476,163,,,344,226,,498,337,,700,708,9.62,,,,297,251,308,1412,930,,149,,685,,125,,1120,127,699,,1675,532,,1260,842,941,,109,254,,,378,1263,,200,260,,,1702,163,24304,714,,95,1101
2018-10-01,352,132,,248,599,,886,250,,127,1720,100,,171,7022,321,,475,917,,173,,185,,,,120,,725,118,2346,686,,9.52,100,249,,139,,669,102,635,,292,1201,412,,2031,179,,316,,540,201,120,126,1155,9,790,,,118,111,,,,126,545,1478,418,,160,254,158,,791,,140,,187,,100,220,2800,170,,234,,248,,310,103,,1196,,,130,,103,152,,161,,253,,,,530,1567,985,,225,,295,200,110,1300,129,,174,,866,177,,1420,,400,211,,,2353,634,945,727,927,213,970,,,313,216,,125,,,,,,149,84,638,,570,,435,,,545,537,572,870,932,700,,,356,9.65,1501,,12.76,2121,635,,764,1010,,,520,328,,152,,1107,746,,503,,,492,100,,234,,170,214,9840,8812,113,125,,644,,134,470,153,,9.45,336,223,,490,332,,695,701,9.6,,265,,290,249,310,1392,910,,148,,679,,124,,1101,122,687,,1665,520,,1262,827,918,,112,246,,,,1238,,,258,,882,1686,162,,720,,97,1055
2018-10-02,353,134,,246,592,,888,250,,128,1740,99,,155,6850,323,,475,910,,172,,187,161,,,124,,725,115,2341,676,,9.65,103,251,,144,,670,100,638,,292,1201,410,,2055,180,,316,,537,203,,126,1140,8.8,790,,,117,108,100,,,124,540,1504,419,,160,253,157,,779,,139,,187,,97,173,2800,176,,233,,250,,306,101,,1190,,1700,132,,105,154,,160,,254,,8.16,,531,1555,980,10.25,227,,294,202,,1313,133,,173,,853,177,,1469,,399,,,,2460,623,945,733,1019,214,984,,,313,219,192,127,,9.11,,,146,147,83,641,8,572,9.85,430,,9.7,554,531,582,870,939,701,,,357,9.5,1579,,12.9,2140,,,775,1000,,,518,329,,153,,1102,745,,512,,,495,,,235,,171,213,10000,8831,111,126,110,640,,134,471,155,,9.4,337,,,491,330,,691,691,9.79,11.02,,,235,249,307,1365,924,,147,,672,,126,,1102,124,690,,1660,523,,1281,817,905,,110,248,,,,1229,,193,260,,850,1685,164,,720,,,1044
2018-10-03,347,134,,242,590,,885,247,,127,1790,,,157,,317,,467,908,,173,,182,,110,,120,,719,113,2340,674,,9.61,102,249,,141,,660,100,635,,,1200,403,,2032,174,,314,,532,200,,125,1161,8.88,789,,,117,112,,,,122,535,1476,414,,160,252,155,,770,,138,,183,,99,168,,,,234,,245,,305,101,,1200,,1699,132,,105,152,,159,,252,,8.04,,526,1545,965,10.2,225,251,304,198,,1084,131,,172,,836,173,,1440,,395,,,,2365,624,942,720,1120,212,975,,,310,215,192,129,,9,,,150,139,81,640,8.05,568,9.65,422,,9.57,541,526,565,879,935,690,,,350,9.66,1548,,12.81,2098,,490,763,999,,,514,325,,150,,1092,735,,509,,,487,100,,234,,,211,9880,8900,110,125,,633,,130,468,153,,,330,,,491,326,,691,695,9.9,,262,,237,251,302,1365,909,,146,,680,,120,,1100,124,668,,1655,520,,1375,816,905,,109,246,,,,1234,,196,257,,840,1646,164,,733,,,1040
2018-10-04,348,132,,242,590,,867,243,,125,1810,100,,157,6847,315,,470,903,,172,120,181,,,,124,,720,112,2350,680,,9.61,103,242,,139,,665,100,631,,288,1181,395,240,2032,174,,314,,535,200,,124,1141,,785,,,115,108,,,,120,540,1450,408,,159,252,154,,755,,138,,182,,100,170,2755,176,,231,,243,,314,104,,1179,,1695,129,,104,152,,161,,248,,,,525,1551,976,10.3,222,,294,199,110,1040,135,,,,840,177,,1440,,393,,165,,2365,608,944,724,1232,214,965,,,309,213,,123,,,,,150,141,80,640,,560,9.8,425,,9.51,536,523,555,875,933,696,,,350,9.59,1500,,12.84,2069,,,762,990,,,519,322,,147,,1090,730,,505,,,483,104,,229,,,207,10000,9100,111,126,,623,,129,451,152,,,330,218,,492,326,,690,700,9.85,,262,,236,245,300,1380,901,,147,,658,,119,,1085,124,668,,1630,516,,1430,821,891,,110,241,,,,1212,,,257,,835,1650,162,,730,,,1025
2018-10-07,344,131,,244,582,,858,238,,123,,100,,140,6711,314,,472,900,,165,120,182,,,,118,,721,110,2310,675,,,101,239,,135,,650,101,623,,283,1170,392,,2000,171,,310,,530,196,,122,1119,,770,,,114,106,,,,118,530,1501,404,,157,251,150,,730,,138,,181,,,,2657,,,228,,240,,302,102,,1139,,1685,130,,105,148,,155,,243,,,,520,1529,879,10.4,216,,289,192,110,1050,133,,166,,,175,,,,392,,165,,2310,599,927,723,1355,211,946,,,304,210,,0,,9,,,,137,83,634,7.65,559,9.8,422,,9.4,543,520,540,892,932,684,,,345,,1473,,12.7,2024,,,767,971,,,430,323,,146,,1075,718,,499,285,,482,106,,226,,171,203,9600,8700,112,124,,627,,130,431,150,,9.45,326,210,,490,319,,690,689,9.7,,,,230,241,295,1330,890,,142,,658,,117,,1071,120,669,,1600,508,,1416,837,880,,110,237,,,,1193,,193,,,840,1640,157,,708,,,1008
2018-10-08,349,131,,244,583,,870,235,,122,,,,141,6845,317,,479,908,,169,,184,,,,124,,723,112,2325,670,,9.65,,242,,137,,645,,625,,282,1170,393,,2020,173,,315,,522,198,,124,1150,9.1,770,,,116,105,,,,116,527,1520,406,,158,249,153,,735,,139,,184,,98,170,2723,172,,234,,246,,297,100,,1135,,1695,129,,107,148,,161,,246,,8,,517,1550,895,,217,,289,194,,1060,129,,,,,173,,1415,,397,,164,,2361,600,929,728,1490,213,950,,,309,213,,124,,9.02,,,146,136,81,634,7.95,565,,427,230,9.46,550,521,560,894,930,672,,,350,9.6,1488,,12.65,2026,,499,760,,,,440,324,,147,,1085,734,,499,,,484,,,231,,168,201,9650,8655,111,124,,622,,130,432,152,,9.27,329,211,,485,321,,690,,9.53,,258,,232,249,293,1345,893,,148,,658,,117,,1079,122,655,,1605,510,,1434,820,892,,108,242,,,,1209,,193,257,151,840,1640,159,,700,,98,1010
2018-10-09,347,131,,244,581,,861,230,,122,,,,145,6709,317,,474,900,,168,,186,158,,,122,,715,114,2310,693,,9.75,101,241,,138,,646,100,621,,287,1150,390,,2000,174,,316,,516,197,,126,1219,9.1,760,,,115,106,,,,116,526,1509,406,,158,247,153,,725,,140,,182,,,167,2681,,,230,,246,,298,98,,1115,,1662,129,,104,148,,163,,241,,,,519,1519,900,,217,,286,193,,1039,128,,,,855,175,,1416,,391,,,,2333,575,930,722,1542,213,,,,306,213,,126,,9,,,150,135,80,631,8.27,563,9.6,428,,9.5,527,519,550,895,930,677,,,348,9.57,1487,,12.8,2001,,533,777,969,,,435,320,,153,,1085,725,,495,,,488,102,,227,,165,199,9510,8485,108,122,,625,,129,425,153,,,325,210,,485,323,,688,,9.53,,253,145,232,246,290,1345,890,,,,660,,117,,1070,120,647,,1595,517,,1412,802,882,,107,240,,,,1190,,,253,,837,1640,160,,696,,,1013
2018-10-10,347,127,,235,578,,855,234,,120,,100,,140,6830,316,,475,899,,169,,185,,104,,120,,716,112,2310,691,,,100,241,,138,,650,102,624,,,1141,383,,2010,173,,312,,512,198,,128,1196,9.2,753,,,113,106,,,,116,528,1500,404,,158,242,,,740,,139,,183,,,165,,169,,230,,245,,299,98,,1081,,1650,127,,105,148,,163,,242,,7.85,,518,1505,867,,216,,281,199,,1036,129,,166,,,174,,1419,,391,,,,2360,586,930,726,1493,209,913,,,307,215,,126,,,,,147,138,81,635,8.4,560,9.5,427,230,9.4,532,525,555,894,938,675,,,348,9.41,1500,,12.63,1985,,543,775,963,,,435,320,,151,,1075,716,,490,,,489,102,,234,,163,198,9500,8490,108,,,625,,129,434,152,,,327,210,,485,324,,692,677,,,254,,231,245,286,1328,891,,144,,655,,116,,1070,121,641,,1591,520,,1450,801,859,,106,237,,,,1182,,192,250,,849,1640,157,,696,,98,1020
2018-10-11,350,131,,235,582,,870,234,,123,,100,,142,6750,326,,473,895,,171,,188,,104,,122,,723,113,2310,691,,9.65,100,248,,140,,650,100,631,,291,1150,393,,2001,175,,316,179,525,201,,,1189,9.28,752,,128,112,106,,,,,528,1470,411,,157,244,151,,,,138,,188,,99,171,,172,,232,,250,,308,99,,1100,,1659,128,121,106,151,105,164,,245,,8.01,,521,1525,883,,218,,,200,,1068,129,,,,,177,,,,398,,,,2407,580,931,727,1483,214,903,,,308,214,,127,106,9.01,,,146,136,80,640,8.61,559,,431,,9.4,539,520,565,895,930,675,,,356,9.36,1500,,12.7,1965,,564,783,970,,,430,328,,150,,1080,730,,500,,136,485,102,101,237,,,198,9600,8500,106,,,630,,127,434,150,,,333,206,,485,330,,700,690,9.53,,264,,,238,255,1354,905,,148,,665,,122,,1067,121,644,,1615,521,,1450,810,876,500,107,241,,,,1208,,189,257,163,854,1637,159,,700,,,1035
2018-10-14,357,132,,240,593,,891,234,,125,,98,,144,,329,,480,902,,175,,197,,,,124,,720,113,2330,678,,,100,253,,143,,650,98,634,,,1150,390,,2011,179,,317,,519,201,,,,9.5,764,,,118,106,,,,120,540,1454,413,,158,240,150,,745,,142,,194,,,173,2734,172,,234,,256,,313,100,,1149,,1685,128,121,107,152,,168,,248,,8.17,,518,1544,885,10.4,224,,296,210,,1076,131,,,,872,181,,1440,,400,,165,,2420,569,938,740,1550,216,900,,,313,217,,,,9.15,,,143,136,82,648,8.94,565,,436,,9.55,550,550,575,914,937,677,,,362,9.74,1548,,13.46,2030,,597,787,967,,,443,335,,150,,1095,720,,510,,127,503,,,240,,160,195,9790,,108,124,,632,,130,445,152,,9.32,341,218,,490,335,,708,680,9.55,,276,,235,247,252,1381,912,,,,,,124,,1098,,636,,1622,530,,1491,807,860,,111,247,,,,1210,,,256,,850,1646,159,22531,695,,98,
2018-10-15,354,134,,238,588,,890,231,,123,,,,,,327,,477,892,,174,,191,,,101,126,,720,115,,691,,,98,248,,141,,662,,639,,,1175,394,,2015,180,,318,,518,202,,,,9.64,,,,118,105,,,,,550,1454,411,,158,244,153,,774,,141,,192,,102,179,,178,,233,,254,,308,100,,1127,,1695,,119,106,151,,163,,250,,8.5,,520,1569,,,221,,296,207,,1080,,,,,872,179,,1439,,396,,166,,,613,953,740,1555,216,915,,,311,216,,124,,9.12,,,141,136,79,646,9.39,565,10.19,441,,9.42,539,544,572,918,931,680,,,360,9.85,1520,,13.45,2030,623,608,780,961,,,440,332,,154,,1080,730,,508,285,127,494,,,241,,,196,9965,8410,,122,,639,,128,443,155,,9.51,335,218,,492,337,,707,680,9.54,,278,,,248,252,1360,902,,,,660,,124,,1080,122,645,,1645,530,,1488,803,,,110,245,,,,1200,,189,261,,860,1689,159,23000,700,,,1037
2018-10-21,355,130,,234,592,,880,230,,,,,,153,,328,,480,,,177,,194,,,,126,,715,,2350,,,9.65,,249,,141,,656,99,641,,,,400,,,183,,318,,514,202,,,1150,9.65,764,,,124,108,,,,,552,1510,415,,158,241,156,,780,,140,,196,,,178,,,,233,,255,,314,100,,,,1700,127,120,104,150,,163,,248,,8.57,,524,1581,875,,224,,,207,,1055,,,,,,178,,1370,,402,,,,,616,953,742,1532,216,933,,,311,219,,,,9.13,,,138,134,,644,9.4,,10.15,450,,9.46,539,534,561,900,936,693,,,363,9.95,,,13.4,,620,,786,960,,,,337,,157,,1068,720,,507,,125,,,,249,,165,190,10050,8550,,122,,,,,,155,,9.51,343,214,,490,340,,710,680,,,,,232,245,252,,902,,,,,,126,,1089,121,,,1630,522,,,,,,110,249,,,,,,,261,,,,162,22540,,,,1021
2018-10-22,355,130,,232,583,,885,230,,,1790,99,,155,,333,,475,900,,176,,193,,,,125,,720,112,2334,,,9.65,,248,,140,,650,100,637,,295,1206,401,,2015,183,,318,,510,207,,,1128,9.4,770,,,120,107,,,,,550,1442,412,,161,242,157,,777,,140,,195,,102,170,,,,234,,257,,306,100,,1149,,1666,128,116,106,151,,166,,250,,8.56,,520,1590,,10.2,223,,,206,,1060,,,,,,183,,1357,,401,,,,,610,951,750,1535,212,941,,,310,220,,126,,9.06,,,136,132,81,646,9.4,,10,448,,9.46,538,529,572,884,932,690,,,362,9.75,,,13.34,,,632,785,,,,436,337,,160,,1071,740,,500,,121,500,,,250,,166,189,9900,8390,,126,,642,,,,154,,,341,218,,487,340,,710,677,,,,,232,250,257,,899,,,,648,,122,,1080,122,641,,1630,520,,,,860,,108,248,,,,1224,,,,,877,1628,159,21649,714,,,
2018-10-23,358,129,,244,576,,870,229,,125,,98,,152,6885,329,,468,898,,175,,193,,106,,124,,719,114,2300,,,9.61,,247,,138,,646,101,636,,291,1183,389,,2000,181,,317,,510,201,,126,1170,9.25,761,,,120,106,,,,118,550,,408,,159,238,159,,785,,140,,193,,102,172,,,,235,,257,,307,101,,1106,,,,114,103,151,,167,,250,,8.56,,520,1574,865,10.15,223,,,206,,1069,129,,,,,180,,1380,,401,,,,2372,,960,748,1496,214,940,,,309,219,,126,,9.06,,,138,132,81,644,9.4,,,447,,9.47,550,525,556,873,931,691,,,362,9.6,1480,,13.35,2005,617,,781,960,,,436,335,,160,,1067,715,,490,,120,492,,,253,,170,188,9610,8550,,128,,637,,,,153,,9.75,342,215,,485,343,,709,690,9.55,11,,,233,250,255,1362,892,,150,,648,,122,,1075,121,640,,0,515,,1426,,877,,108,247,,,,1200,,188,,179,865,1616,157,22081,715,,,1015
2018-10-24,358,132,,,580,,880,225,,125,,98,,151,6750,330,,468,896,,175,,191,150,106,,126,,727,112,2345,,,9.6,,247,,138,,650,100,637,,292,1210,389,,2006,184,,320,,518,203,,127,1232,9.06,757,,126,118,108,,,,118,566,1470,409,,159,240,,,,,138,,195,,102,172,,,,238,,260,,307,102,,1110,,1670,126,110,105,151,,168,,250,,,,533,1588,851,,222,130,292,206,,1060,129,,,,,181,,1330,,402,,,,,620,962,755,1487,216,,,,310,219,,125,,9,,,136,,81,650,,578,,445,,,554,530,560,885,935,695,,,360,9.6,1472,,13.35,1971,608,656,790,958,,,461,338,,159,,1079,,,490,,127,490,,,253,,167,185,9751,8872,,,,634,,,450,153,,,346,219,,494,349,,708,703,9.5,,,,235,260,253,1380,895,,147,,673,,,,1070,121,640,,1603,516,,1500,,894,,106,247,,,,1200,,188,261,185,860,1630,166,22522,,,96,1050
2018-10-25,357,130,,235,575,,860,224,,117,,97,,148,6884,328,,470,885,,173,,192,,,,124,,719,119,2310,,,9.52,,245,,139,,645,100,637,,291,1185,390,,2010,183,,319,,520,203,,128,1270,,751,,,117,,100,,,119,551,1441,408,,158,249,156,,,,140,,192,,,172,,179,,241,,255,,306,100,,1127,,1675,132,114,106,150,,164,,247,,,,523,1576,852,10.15,221,,285,203,,1054,129,,164,,,179,,1312,,400,,,,2372,610,956,752,1485,211,,,,309,217,,127,,9.18,,,136,128,79,643,9.21,574,10,445,,9.45,546,520,548,876,934,700,400,,355,,1480,,13.27,2009,591,,780,955,,,450,335,,158,,1085,728,,490,,125,481,,,249,,165,185,9751,8530,106,,,630,,121,445,153,,9.4,344,,,497,346,,700,714,9.42,,273,,232,255,250,1360,890,,147,,654,,,,1064,121,629,,1603,510,,1441,,,,106,244,,,,1186,,,256,184,851,1602,,23431,705,,,1035
2018-10-28,353,127,,234,568,,839,215,,120,,99,,148,6884,320,,473,872,,170,,188,,105,101,125,,715,115,2300,,,,,241,,138,,637,97,633,,295,,382,,1975,182,,314,,509,203,,129,1256,,740,,120,117,,,,,,545,1425,400,,159,241,152,,745,,138,,185,,,173,2633,176,,238,,251,145,302,97,,1129,,1640,,113,103,148,,163,,245,,,,516,1588,851,,218,,288,201,110,1055,127,,,,,176,,1274,,400,,,,2330,591,942,740,1460,210,904,,,307,215,,125,,8.9,,,135,125,79,637,,570,9.8,430,,9.45,532,521,547,866,922,695,,,352,9.45,1461,,13.25,1971,600,695,778,955,,,435,331,,157,,1065,706,,485,,125,467,,,247,,165,183,9600,8527,102,123,,621,,127,440,150,,9.45,335,215,117,486,338,,694,701,9.3,,,,229,258,248,1365,886,,145,,654,,118,,1060,120,629,,1570,505,,1428,,,,105,240,,,,1188,,,251,175,840,1660,,,681,,94,1015
2018-10-29,350,127,,231,566,,840,211,,117,,,,146,6800,317,,468,876,,168,,185,,,,126,,708,115,,,,,,240,,138,,643,97,625,,285,1160,380,,1928,180,,311,,506,201,,128,1216,,744,,,115,106,100,,,,542,1402,405,,156,245,154,,732,,139,,185,,,170,2586,,,236,,247,,302,99,,1089,,1625,131,114,104,147,,159,,242,,,,506,1570,862,,219,,280,197,110,1042,,,,,,177,,1251,,397,,,,2330,586,940,736,1450,208,904,,,303,212,,124,,8.64,,,131,119,79,636,8.68,568,9.6,424,,9.26,524,515,539,860,924,695,,,349,9.42,1445,,,1965,578,708,770,950,,,437,327,,140,,1050,710,,482,,123,460,102,,242,,162,178,9400,8639,110,124,,622,,117,432,150,,9.23,332,211,,484,334,,688,687,9.23,,273,,221,248,246,1340,880,,143,,646,,,,1080,120,619,,1581,503,,1405,763,860,,102,238,,,,1165,,185,251,177,824,1595,157,,670,,93,1030
2018-10-30,352,127,,232,570,,840,201,,117,,,,146,,320,,465,885,,171,,186,,105,,128,,707,115,2301,675,,,,245,,137,,645,98,627,,290,1150,377,,1950,181,,313,,506,200,,127,1206,9.24,740,,,114,108,,,,115,542,1458,406,,162,237,157,,736,,137,,188,,100,171,2600,,,235,,252,,301,96,,1095,,1100,132,118,104,148,,164,,244,,,,511,1575,879,10.25,220,,290,201,110,1055,129,,174,,855,180,,,,401,,,,2300,600,940,745,1445,210,922,,,306,215,,124,,8.7,,,130,129,78,640,,564,9.66,430,,,524,520,546,870,933,686,,,353,9.46,1407,,13.25,1950,570,778,773,938,,,,333,,139,,1058,724,,489,,126,464,,,248,,165,179,9400,8700,106,123,,620,,118,430,151,,9.3,337,,,482,341,,690,675,9.25,11.22,,,229,244,246,1330,885,,144,,652,,119,,1062,118,625,,1580,510,,1440,755,847,,103,240,,,,1169,,183,264,174,816,1580,155,,673,,,1030
2018-10-31,352,128,,229,566,,854,197,,124,,100,,142,,317,,463,889,,170,,185,,105,,118,,706,110,2320,,,9.45,,243,,135,,638,95,620,,289,1172,376,,1931,180,,313,,500,201,,,1240,8.9,725,,,115,106,,,,113,536,1485,402,,156,230,,,740,,138,,186,121,,169,2600,173,,239,,249,,301,95,,1060,,,129,117,103,149,,162,,241,,,,505,1570,865,10.25,218,,285,199,,1040,127,,172,,855,178,,1231,,397,220,,,2257,603,952,745,1436,207,,,,303,212,,124,,8.72,,,134,126,79,636,,569,9.65,419,,9.22,522,520,558,887,934,695,,,353,9.65,1405,,13.2,1930,,855,780,932,,,442,332,,139,,1057,716,,487,,124,461,103,,247,,164,180,9588,8500,104,122,,619,,115,427,150,,,334,,,484,338,,691,675,9.22,,273,,229,244,244,1340,884,,143,,652,,119,,1055,117,615,,1563,506,,1440,729,833,,103,240,,,,1167,,182,255,,815,1553,152,23899,662,,92,1010
2018-11-01,352,127,,225,566,,877,180,,125,,,,144,6700,317,,470,885,,170,,185,,107,,116,,702,112,2315,662,,9.64,,241,,135,,630,96,625,,,1170,374,,1926,181,,312,,500,201,,,1270,,740,,,117,105,,,,114,549,1456,402,,159,229,152,,726,,139,,186,,100,170,2558,,,237,,248,,300,98,,1060,,1100,128,116,103,150,,164,,240,,,,506,1580,850,,220,,287,198,108,1041,132,,172,,,179,,1241,,398,,,,,593,946,748,1420,207,906,,,304,212,,127,,8.5,,,134,124,78,637,8.6,570,,420,,,534,521,563,889,932,700,,,351,9.55,1400,,13.15,1950,,790,775,939,,,442,330,,139,,1060,720,,487,,128,464,101,,247,,162,180,9589,8596,102,122,,624,,115,425,150,,9.3,326,210,,484,334,,691,690,9.25,,,,229,246,245,1350,885,,147,,653,,119,,1060,116,610,,1553,505,,1473,755,830,,,241,,,,1190,,179,256,,800,1591,150,,665,,94,1010
2018-11-04,348,123,,220,557,,900,176,,123,,,,,6702,314,,470,875,,169,,181,,,,115,,697,,2290,660,,,,235,,129,,628,96,591,,290,1140,366,,1926,184,,311,,505,198,,126,1104,,726,,,116,104,,,,112,532,1390,396,,158,230,155,,,,136,,181,,100,167,2609,,,240,,246,,295,96,,1039,,1120,126,115,103,148,,163,,239,,,,500,1491,850,,217,130,278,201,,1041,128,,,,,176,,1235,,398,,,,2212,582,940,741,1409,206,890,,,300,210,,125,,8.34,,,130,122,80,626,,570,9.5,413,,,520,510,541,855,937,692,,,347,9.5,1380,,13.05,1925,,756,783,927,,,442,325,,138,,1050,720,,475,,124,460,101,,249,,,180,9510,,100,122,,616,,113,428,147,,9.15,321,208,,478,328,,676,691,,,268,,236,245,245,1330,882,,143,,645,,115,,1056,116,605,,1552,497,,1579,735,830,,100,235,,,,1178,,,256,,,1610,147,,670,,,994
2018-11-05,349,128,,216,570,,905,176,,124,,,,,6702,317,,469,884,,171,,185,150,,,117,,703,112,2301,,,,,240,,132,,633,95,595,,285,1120,376,,1946,181,,318,,507,201,,,1167,,735,,,118,107,,,,110,535,1393,403,,160,227,,,740,,136,,180,,102,,2650,173,,242,,253,,,98,,1041,,1137,130,113,105,147,,168,,243,,8.5,,510,1525,901,,221,,274,201,,1050,,,172,,,180,,1245,,406,,,,2319,593,938,748,1480,210,918,,,300,214,,126,,8.34,,,131,122,79,636,8.7,570,9.5,419,,9.2,537,515,543,878,935,700,,,351,,1415,,12.96,1900,,756,785,926,,,438,330,,139,,1052,713,,475,,124,465,,,253,,,185,9700,8596,104,123,,624,,113,425,150,,9.25,324,216,,482,334,,685,681,9.25,,263,,239,253,252,1356,885,,145,,665,,119,,1075,,605,,1552,511,,1600,751,845,,101,237,,,,1205,,176,257,,830,1620,146,,682,,,1015
2018-11-06,354,125,,222,,,890,181,,125,,,,,,320,,470,890,,171,,192,,,,,,700,,2325,,,,,244,,134,,640,,597,,,,,,2043,186,,315,,508,199,,,,,740,,,,106,,,,,542,1390,399,,161,226,,,,,,,185,,,,,,,244,,253,,,,,,,1142,,,,144,,169,,243,,,,507,1490,867,,221,,,199,,,128,,,,,178,,,,405,,,,,,946,749,1460,213,900,,,301,214,,127,,,,,,,79,635,,580,,423,,,528,520,550,872,936,,,,354,,,,,,,756,782,945,,,,335,,,,1083,721,,,,124,460,,,255,,,,9700,8767,,,,620,,111,,,,,327,,,484,334,,690,,,,270,,,,,,890,,145,,657,,117,,1098,,611,,1581,511,,,730,,,,239,,,,1201,,,265,,784,1620,,24376,,,,1005
2018-11-11,352,125,,221,569,,853,163,,,,,,,,317,,468,873,,169,,186,,,,,,691,,,665,,,,239,,135,,639,,585,,280,1105,372,,2123,183,,311,,500,197,,,1144,9,734,,,117,108,,,,,532,,395,,158,223,157,,,,138,,184,,,170,,,,242,,251,,,,,1080,,1098,130,113,,144,,168,,,,,,500,,884,,221,,281,196,,1045,,,,,,175,,1220,,401,,,,2392,,911,740,1434,207,895,,,295,210,,126,,,,,,,78,628,,570,,416,,,519,510,540,870,925,690,,,349,,1387,,,1915,,721,785,,,,419,326,,139,,1050,715,,473,,123,460,,,249,,,,9700,8700,104,125,,621,,108,419,150,,9,322,208,,471,327,,632,705,,,,,236,248,249,1340,880,,,,645,,117,,1088,,613,,1579,502,,,744,,,,237,,,,1156,,177,265,171,782,1601,145,,670,,,
2018-11-12,348,126,,,560,,780,147,,,,,,,,312,,462,880,,167,,182,,,,116,,680,,,630,,,,236,,132,,628,96,585,,280,1050,364,,2012,179,,315,,487,200,,,1144,,727,,118,114,,,,,,524,,387,,154,,159,,726,,136,,182,,,,,,,241,,246,,,,,1038,,1115,130,112,103,143,,166,,235,,,149,502,1485,,,217,,275,195,,1037,126,,,,855,176,,1152,,400,,,,2320,,904,735,1400,202,912,,,295,209,,,,8,,,,,78,622,,565,,419,,,506,508,540,853,908,665,,,346,,,,12,1849,,691,777,950,,,427,322,,,,1035,701,,465,,122,448,,,250,,,183,9517,8365,,,,620,,110,407,148,,9,320,,,476,325,,613,678,9,,275,,234,244,245,1335,870,,147,,635,,,,1068,113,589,,1551,495,,1537,743,830,,100,235,,,,1136,,177,,,740,1575,141,,672,,,975
2018-11-13,349,122,,212,561,,819,146,,,,,,146,,316,,461,894,,169,,186,147,,,114,,691,110,2309,621,,9,,241,,131,,644,97,593,626,285,,371,,1990,182,,315,,491,200,,,1168,,730,,116,114,106,,,,,528,,395,,155,210,161,,,,140,,183,,,170,2640,,,241,,252,,299,97,,1041,,1115,128,111,103,145,,168,,239,,,,510,1489,,10,220,,,197,,1030,130,,,,855,178,,1199,,404,,,,2283,,919,739,1407,209,928,,,299,212,,127,,,,,129,,79,630,,565,9,425,,9,517,514,552,865,930,683,,,349,,1270,,,1889,570,701,785,965,,,441,332,,140,,1035,729,,470,,124,457,,,251,,,180,9700,8564,103,125,,622,,109,414,150,,8,328,,,478,329,195,625,678,9,,,,239,249,244,1340,870,,144,,650,,120,,1075,118,,,1581,505,,,743,834,,100,238,,,,1163,,176,,172,762,1732,139,,678,,,980
2018-11-14,350,126,,212,565,,813,150,,121,,,,146,,320,,460,893,,170,,186,,,,114,,688,108,2298,,,9,,240,,133,,,,593,,,574,367,,2000,183,,317,,489,204,120,124,1170,9,730,,,116,104,,,,,530,,405,,156,205,158,,730,,138,,184,,100,,,,,243,,254,,299,,,,,,124,113,104,143,,168,,238,,,,515,1490,885,10,221,,277,200,,1030,128,,,,872,181,,1200,,403,,,,1490,,919,741,1405,210,915,,,304,213,,,,8,,,,120,77,633,8,560,9,424,,9,516,513,551,859,927,675,,532,349,9,,,12,,,714,783,950,,,456,332,,140,,1050,728,,475,,123,459,,,256,,,180,9700,8589,105,123,,623,,111,411,145,,8,328,211,,472,327,,625,680,9,,272,,245,245,245,,884,,144,,660,,120,,1075,,580,,1580,505,,1597,757,840,,100,237,,,,1174,,,,,792,1750,143,,,,,1005
2018-11-15,349,125,,219,560,,820,153,,,,,,144,,315,,458,881,,169,,184,,,,116,,683,109,2300,618,,8,,239,,132,,642,97,580,,285,631,368,,1971,180,,314,,485,201,,122,1160,,720,,120,,106,,,,,535,,403,,155,207,158,,739,,138,,184,,,167,2542,,,243,,254,,300,96,,1040,,,126,111,103,144,,167,,238,,,,514,1491,868,10,220,,285,198,,990,126,,,,875,180,,1165,,404,,,,1451,605,926,748,1402,206,900,,,300,215,,125,,8,,,130,121,77,635,7,568,9,419,,8,516,506,543,875,930,682,,,345,9,1256,,,1852,559,701,782,950,,,451,335,,138,,1037,714,,465,,123,458,100,,258,,,181,9700,8550,103,122,,618,,110,410,143,,8,327,210,,470,327,,629,680,9,,270,,246,247,243,1321,870,,,,647,,122,,1076,118,566,,1620,500,,1615,742,825,,100,234,,,415,1160,,182,255,,770,1735,141,,685,,,986
2018-11-18,345,119,,212,549,,786,150,,,1800,,,,,315,,455,875,,166,,182,,,,116,,677,105,2265,606,,,,237,,131,,646,,575,,285,643,363,,1999,180,,315,,474,198,,120,1159,9,723,,,112,106,,,,,531,,395,,153,205,151,,741,,138,,184,121,98,,,,,243,,250,,294,95,,,,1105,,110,102,141,,166,,234,,,,510,1490,,,221,,282,197,108,998,124,,,,,180,,1165,,402,,,,1385,,916,738,1392,204,908,,,295,210,,127,,,,,128,123,77,635,,570,,422,,,525,510,540,864,920,671,,532,343,,1262,,,1850,,696,775,950,,,450,330,,136,,1031,692,,463,,126,450,99,,252,,,171,9590,8380,104,121,,606,,109,400,140,,,328,206,,453,324,,615,675,,,271,,244,249,241,1327,880,,146,,648,,,,1080,,550,,1595,497,350,1475,699,815,,100,232,,,,1153,,180,247,,759,1702,135,,672,,,980
2018-11-19,346,122,,199,543,,774,147,,,,,,142,,312,,452,874,,165,,180,,,,115,,663,106,2234,599,,,,238,,130,,640,97,571,,283,945,360,,1981,181,,316,,456,199,,,1140,,695,,124,112,104,,,,,525,,389,,152,202,152,,740,,137,,182,,99,165,2600,,,241,,250,,,96,,1020,,1120,,108,101,140,,164,,232,,,,497,1472,860,,220,,281,196,108,1035,124,,174,,,177,,1124,,404,,,,1365,,917,745,1373,204,890,,,295,210,,125,,8,,,128,123,76,632,7,577,9,413,,,519,506,540,855,925,662,,,344,9,1240,,,,,671,781,968,,,441,328,,135,,1020,685,,457,,124,450,100,,249,,159,169,9700,8310,101,121,,603,,111,399,140,,,327,,,448,322,,609,677,,,,,242,246,235,1327,869,,148,,641,,121,,1065,115,545,,1561,499,,1384,691,788,,101,230,,,,1138,,178,244,,745,1684,137,,,,,
2018-11-20,347,118,,198,550,,760,147,,,,,,140,6900,310,,444,861,,164,,179,,,,113,,665,106,,593,,,,235,,130,,636,,556,,281,851,360,,1971,179,,313,,475,199,,,1140,,699,,,113,102,,,,,522,1363,395,,154,199,149,,716,,136,,182,,98,165,2548,,,237,,248,,294,96,,1000,,1185,126,107,102,139,,165,,230,,,,497,,850,,217,,,194,,1015,124,,,,,173,,1105,,407,,,,1374,,902,745,1355,203,,,,293,210,,125,,8,,,128,125,75,629,,578,9,411,,,511,501,533,850,921,650,,,342,9,1216,,,1835,,660,771,960,,,440,326,,132,,1017,672,,454,,124,447,102,,248,,,168,9500,8250,98,120,,610,,114,405,140,,8,325,,,443,323,,606,664,9,,,,238,246,230,,865,,142,,641,,119,,1052,114,545,,1577,497,,1340,690,776,,101,227,,,,1135,,177,244,175,745,1680,,,,,,980
2018-11-21,343,119,,193,550,,775,147,,,,,,138,6763,312,,450,878,,168,120,180,,,,111,,654,104,2225,582,,,,239,,130,,640,96,551,,277,788,359,,1955,180,,313,,455,198,,120,1144,,714,,123,114,104,,,,,520,,395,,152,190,151,,700,,137,,184,,99,163,2580,,,242,,252,,299,94,,982,,1194,,108,103,139,,165,,230,,,,505,1486,,,218,,276,197,,1000,124,,,,,176,,1120,,406,,,,1348,,906,735,1352,202,890,,,294,210,,124,,8.16,,,124,124,75,629,7.14,580,9.3,415,,,,503,540,845,925,660,,,344,9.18,1210,,,1870,522,651,777,964,,,440,325,,134,,1024,675,,458,,126,440,,,250,155,156,168,,8300,100,119,,601,,111,409,146,,,324,,,438,326,,599,665,9.1,,266,,247,241,230,,868,,146,,635,,,,1065,112,550,,1584,492,,1331,686,785,,101,228,,,,1126,,172,248,,750,1632,134,,647,,,964
2018-11-22,344,121,,192,548,,793,143,,119,,,,137,,310,,469,880,,167,,179,,,,112,,652,106,2207,577,,,,234,,129,,628,,545,,279,826,356,,1920,182,,311,,452,199,,,1136,,,,123,,106,,,,,513,1390,384,,152,188,158,,682,,138,,182,,97,165,,,,238,,251,,,,,,,1190,,107,101,138,,165,,227,,,,496,1485,820,,215,,,196,108,1010,122,,,,,173,,1125,,409,,,,1350,,900,747,1355,200,873,,,296,210,,,,8,,,128,127,75,632,7.06,580,,411,,8.89,519,498,550,830,914,655,,,356,8.83,1166,,,1883,520,640,783,975,,,438,325,,133,,1013,675,,448,,123,436,,,250,,156,165,9690,,103,120,,610,,114,404,142,,,326,,,440,322,,597,670,9,,,,244,245,231,1325,869,,143,,633,,120,,1062,113,545,,1511,492,,1311,677,,,103,227,,,,1104,,175,,,740,1625,134,,625,,,926
2018-11-25,341,116,,191,530,,747,138,,120,,,,,,307,,447,870,,161,,176,,,,112,,640,100,2150,568,,8.16,,231,,128,,622,96,535,,,858,348,,1909,180,,310,,446,196,,118,1115,,667,,119,112,104,,,,108,510,,377,,153,181,150,,409,,137,,180,,96,165,,,,236,,248,,298,94,,930,,1144,,104,101,137,,161,,227,,,,496,1485,803,,210,,276,192,,990,122,,171,,,176,,,,414,,,,,,898,739,730,199,860,,,294,212,,120,,8.05,,,136,134,74,626,7.05,570,,408,,9,510,486,531,867,916,650,,,356,9.01,1082,,12.74,1848,520,619,775,959,,,430,321,,133,,992,652,,444,,123,412,101,,247,,,167,9360,8200,100,120,,595,,106,399,140,,8.16,323,206,,425,316,,585,650,9.1,,265,,240,241,232,1315,,,143,,630,,,,1055,113,549,,1480,475,,1281,650,771,,99,218,,,,1083,,170,,,730,1596,130,23402,626,,,885
2018-11-26,339,118,,189,516,,740,142,,120,,,,133,6800,306,,444,872,,163,,178,,107,,110,,640,102,2224,551,,,,230,,128,,620,,538,,,825,339,,1895,177,,314,,432,196,,,1093,,656,,116,112,103,,,,106,505,1363,378,,151,176,154,,,,134,,178,121,,165,2600,,,233,,244,,296,94,,921,,,122,104,100,138,,163,,222,,,,483,1480,799,,207,,276,190,,972,122,,,,,171,,1076,,416,,163,,1275,,888,730,758,197,840,,,294,210,,121,,8.21,,,133,140,71,626,,570,9.18,410,,,501,472,528,,918,629,,,357,,1021,,13.19,1789,,584,775,950,,,435,322,,134,,993,639,,429,,124,418,105,,246,,155,165,9175,8060,102,122,,602,,106,384,144,,8.32,320,199,,419,313,,580,635,9,,265,,238,238,229,1304,835,,142,,612,,120,,1045,112,530,,1450,457,,1320,637,758,,98,217,,,,1071,,168,244,,721,1571,130,,615,,,875
2018-11-27,340,116,,190,517,,745,147,,118,1800,,,,6775,308,,441,860,,162,,178,145,,,112,,642,100,2215,560,,8.32,,231,,129,,621,,539,633,270,800,334,,1857,178,,311,,434,197,,118,1100,9,637,,114,111,103,,,,,505,,385,,153,178,151,,,,137,,178,,,166,,,,,,247,,291,94,,974,,1145,119,104,99,137,,166,,222,,,,484,1485,760,,209,,275,193,,1004,120,,,,,175,,1062,,417,,,,1255,,889,730,755,199,825,,,296,209,,123,,8.06,,,132,149,73,627,,569,,411,,8.89,510,480,538,833,917,632,,,358,9.06,1045,,13.02,1793,520,565,774,765,,,435,323,,133,,980,642,,422,,123,421,109,,247,,,165,9100,8070,100,118,,614,,109,388,144,,,323,205,,419,315,,573,630,9.16,,265,,232,240,232,1278,834,,144,,601,,,,1050,113,510,,1540,456,,1280,631,795,,97,223,,,,1070,,163,,,735,1575,130,,625,,,885
2018-11-28,340,116,,188,515,,733,149,,118,1800,,,131,,307,,437,856,,163,,177,,,,110,,636,103,2200,554,,8.65,,230,,129,,621,95,534,,270,800,335,,1890,179,,308,,449,198,,,1075,,621,,,110,,,,,104,510,,375,,152,180,154,,393,,136,,179,,,165,,,,234,,247,,292,92,,970,,1160,,106,102,138,,163,,219,,,,480,1483,743,,209,,,192,,984,120,,,,,174,121,1029,,415,,,,1256,,889,730,727,198,805,,,296,209,,,,8.07,,,136,150,72,629,7.24,573,,407,,8.93,508,480,521,824,920,639,,,360,9.01,1036,,12.9,1770,,540,778,726,,,431,322,,132,,980,630,,415,,123,410,108,,246,152,,166,9140,8061,102,120,,590,,109,398,146,,8.52,322,201,,417,313,,576,630,9.19,10.8,,,230,240,232,1294,825,,144,,608,,,,1050,115,510,,1500,455,,1135,633,780,,98,222,,,,1063,,166,244,,727,1575,131,,625,,,870
2018-11-29,338,115,,188,496,,705,143,,116,1759,,,132,6790,304,,437,851,,160,,174,,109,,110,,639,107,2189,556,,8.5,,228,,128,,590,,530,,,775,330,,1836,179,,307,,430,196,,116,1044,8.97,598,,116,107,102,,,,,500,,370,,150,176,157,,370,,134,,175,,96,165,2600,,,232,,246,,286,91,,941,,1170,121,103,100,136,,161,,218,,9,,468,1475,717,,206,,270,189,,965,120,,,,858,173,,975,,410,,,,1255,,882,725,716,197,821,,,295,204,,122,,8.32,,,134,153,70,628,7.3,,,405,,9,507,455,505,795,916,627,,,360,9.18,1030,,12.72,1785,,541,777,716,,,422,317,,133,,951,618,,409,,123,406,106,,245,,152,167,9170,8176,100,117,,584,,107,382,142,,8.52,318,200,,412,306,,570,621,9.19,,,,234,240,230,1250,795,,143,,596,,118,,1030,113,519,,1480,450,,1094,630,770,,98,220,,,,1050,,165,240,,706,1532,131,,601,,,835
2018-12-02,333,112,,190,474,,657,142,,109,1794,,,,6750,302,,442,839,,157,,170,,,,109,,621,109,1760,547,,,,228,,126,,570,,526,,272,765,318,,1770,177,,302,,415,191,,115,1000,,575,,,107,101,,,,,490,,355,,148,170,152,,370,,136,,173,,95,165,,,,231,,243,,271,91,,923,,1127,119,105,100,134,,160,,216,,,,433,1455,691,,206,,269,188,,915,118,,,,850,171,,927,,405,220,,,1250,,865,711,715,193,775,,,292,201,,,,8.32,,,130,153,71,617,7.16,556,9.05,400,,9,479,432,484,794,913,595,,,357,9,988,,12.5,1420,501,530,770,705,,,419,315,,132,,920,606,,391,,120,392,,,242,,,164,9030,7735,100,117,,584,,109,372,139,,8.55,301,197,,401,305,,560,600,9.15,,261,,234,235,230,1247,770,,140,,559,,120,,1030,109,520,,1446,436,,1060,630,735,,96,215,,,,1014,,170,230,172,653,1500,125,,652,,,800
2018-12-03,330,110,,187,470,,637,145,,110,1780,,,,6615,302,,434,840,,160,,171,,,,109,,622,109,1700,538,,8.67,,229,,128,,565,94,520,,268,765,317,,1760,177,,307,,400,194,120,,982,,572,,,109,,,,,,486,1363,360,,151,170,152,,384,,136,,174,121,,166,,,,233,,246,,273,92,,900,,1106,119,104,101,134,,160,,215,,,,434,1470,692,,206,,274,188,,910,120,,,,,172,,915,,408,220,160,,1260,,863,718,,195,770,,,292,203,,120,,8.1,,,132,,73,617,7.4,558,,403,,8.91,476,436,479,803,910,600,,,358,9.01,1000,,,1395,485,540,773,701,,,422,315,,131,,905,605,,395,,120,401,,,242,,149,168,9392,8046,97,117,,580,,103,379,139,,8.56,304,196,,398,305,,550,605,,,252,,231,234,228,1270,780,,136,,566,,120,,1010,115,525,,1430,441,,1040,626,709,,96,217,,,,1000,,167,231,,659,1550,131,,695,,,788
2018-12-04,334,113,,188,477,,608,147,,108,1774,,,131,6615,308,,434,841,,162,,174,145,,,109,,625,109,1710,540,,8.7,,228,,127,,570,93,530,,266,760,322,,1761,179,,316,,404,194,,,940,,570,,,111,103,,,,,483,,371,,148,175,155,,390,,135,,178,,96,169,,,,234,,246,,271,93,,870,,1125,121,103,101,136,,158,,216,,,,441,1450,761,,208,,271,190,108,915,,,,,,172,121,936,,,,154,,,545,860,708,685,193,760,,,295,205,,120,,8.1,,,132,150,73,619,7.4,559,,409,,,476,440,493,795,915,606,,,359,8.95,1010,,,1395,490,530,800,700,,,418,318,,132,,894,617,,406,,121,404,,,244,152,150,174,9300,8116,99,,,585,,109,382,139,,8.73,305,198,,390,310,,560,632,9.1,,,,235,234,228,1280,795,,137,,557,,120,,1020,,530,,1446,441,,1038,596,714,,99,225,,,,1039,,170,230,,665,1500,133,,700,,93,790
2018-12-05,329,112,,187,454,,601,141,,106,,,,129,6419,301,,426,827,,157,,170,,111,101,110,,613,,1651,541,,,,223,,121,,565,96,523,,260,750,315,,1730,172,,312,,393,189,,117,928,,544,,,109,102,,,,110,479,1285,358,,146,172,,,370,,132,,172,,97,166,2498,,,230,,239,,271,93,,821,,1122,117,105,98,131,,157,,216,,,,420,1430,732,,206,,272,187,,886,,,,,,166,,895,510,326,,151,,1203,,851,699,665,192,745,,,290,201,,117,,8.01,,,130,149,69,617,7.26,560,,358,,,465,421,467,775,905,594,,,351,8.85,1009,,,1381,482,526,767,690,,,411,312,,128,,860,588,,390,,118,386,,,238,,149,162,8938,7771,100,115,,565,,107,378,140,,,300,196,,389,305,,554,608,,,247,,235,233,224,1245,770,,135,,555,,118,,1000,111,,,1430,433,,,562,701,,98,217,,,,990,,174,230,169,630,1471,,,665,,,775
2018-12-06,327,110,,190,458,,580,149,,106,,,,127,6500,305,,429,827,,158,,170,145,109,101,108,,600,,1631,538,,8.67,,222,,122,,570,97,524,,260,735,319,,1700,172,,314,,399,191,,119,914,,563,,,109,,,,,112,477,1250,361,,147,172,154,,397,,134,,174,,,165,,,,230,,240,145,259,,,760,,1100,119,104,99,132,,159,,215,,,,428,1458,,,204,130,272,186,,890,122,,171,,833,166,,900,,328,,,,1199,514,850,695,685,189,750,,,292,199,,119,,8.1,,,129,149,70,619,7.26,560,,357,,8.85,476,433,478,766,904,592,,,356,8.76,1005,225,,1350,491,535,769,690,,,418,315,,133,,855,606,,402,,120,395,104,,240,,147,157,8900,7860,98,117,,575,,103,375,139,,,299,195,,394,305,,565,613,,,,,232,232,223,1240,770,,133,,558,,118,,995,111,520,,1420,450,,1030,551,701,,99,216,,,,1000,,175,230,,640,1462,127,,688,,,791
2018-12-09,335,111,,187,455,,580,148,,112,1800,,,127,6370,308,,437,832,,160,,171,,,,109,,610,,1622,525,,,,226,,126,,575,,534,,,748,321,,1680,175,,317,,398,190,,118,,,568,,116,108,102,,,,112,480,1245,366,,149,174,153,,405,,135,,177,,,170,2544,176,,234,,249,,271,93,,744,,1100,116,103,100,134,,160,,217,,8.33,,433,1430,700,9.9,210,,270,190,,901,121,,,,801,164,,951,,334,,,,1180,,852,692,700,192,750,,,295,203,,118,,7.98,,,126,,69,619,7.13,560,9,375,,,487,440,487,760,907,600,,,359,8.77,1001,,,1300,500,530,774,690,,,,313,,132,,865,618,,410,,118,402,,,246,,150,156,8875,7850,102,118,,580,,103,377,140,,8.56,303,,,394,305,,583,590,9,,,,236,234,226,1265,775,,133,,555,,120,,1010,112,520,,1429,452,,1048,573,700,,98,220,,,,1030,,176,228,,663,1480,124,,710,,,
2018-12-10,335,110,,188,464,350,590,148,,116,,,,129,6497,309,,438,840,,161,,174,,,,,,608,,1606,526,,,,226,,126,,580,97,533,,256,755,336,,1705,175,,317,,412,197,,121,,,590,,118,110,101,,,,118,499,1197,371,,145,180,153,,410,,135,,179,121,,179,2529,,,236,,247,,272,94,,780,,1120,120,104,98,137,,161,,224,,7.99,,442,1435,710,,211,,280,190,108,920,124,,,,791,166,121,985,500,340,,,,1216,480,853,698,726,198,725,,,297,206,,122,,8.16,,,131,148,70,648,7.2,577,9.08,382,,9.02,500,450,490,775,925,620,,,363,8.8,1040,,,1326,534,561,774,705,,,426,317,,135,,910,625,,414,,122,400,,,246,,,158,9050,8007,101,120,,580,,111,372,142,,8.64,302,198,,402,307,,598,581,,,242,,237,237,228,1255,771,,133,,560,,120,,1012,116,530,,998,469,,1047,575,744,,96,221,,,,1047,,155,232,,673,1520,128,,715,,,820
2018-12-11,336,109,,192,471,,614,148,,116,,100,,125,6621,308,,436,829,,158,,173,,109,,112,,608,107,1613,536,,,,224,,126,,577,98,541,,256,750,333,,1690,175,,315,,397,194,,,921,,573,,128,110,100,,,,118,504,1220,365,,147,178,152,,418,,133,,175,,97,176,,176,,235,,244,,270,95,,755,,1121,120,103,100,137,,160,,221,,7.7,,436,1432,700,,208,,273,190,110,945,115,,174,,,170,,1000,,344,,,,1211,480,855,693,718,195,711,,,295,204,,118,,8,,,126,146,70,650,,580,,375,,9.19,490,440,494,773,922,615,,,363,8.76,1041,,,1336,530,530,773,700,,,430,318,,133,,890,606,,406,,117,395,110,,247,,150,162,9100,8100,100,117,,555,,107,378,140,,8.65,301,197,,398,303,,599,586,8.99,,245,,235,234,225,1255,775,,133,,550,,120,,1005,114,538,,980,466,,1027,585,740,,96,220,,,,1020,,,227,167,656,1505,,,721,,,820
2018-12-12,337,110,,195,477,,605,147,,114,,,,124,6575,306,,431,830,,158,,173,,,,114,,649,,1607,516,,8.8,,215,,125,,576,,528,,261,735,330,,1685,174,,317,,404,197,,123,930,,579,,,,100,,,,,511,1240,365,,146,184,153,,418,250,134,,175,,99,,2479,175,,236,,247,,269,96,,740,,1132,,103,100,137,,160,,220,,,,435,1445,679,,210,,273,188,108,930,,,,,,167,,965,,335,,,,1249,475,851,693,720,196,686,,,297,205,130,120,,7.92,,,126,144,71,649,7.11,580,9,373,,8.95,490,440,493,774,926,618,,,363,8.94,1001,,,1362,525,525,775,690,,,,317,,132,,900,594,,405,,120,395,114,,245,,150,160,9050,8100,100,117,,552,,107,379,138,,8.7,300,200,,396,302,,612,578,8.69,,249,,245,206,225,1231,778,,135,,562,,,,1001,115,530,,980,460,,1000,580,726,,97,218,,,,1005,,152,,,652,1505,127,,710,,,825
2018-12-13,338,109,,199,490,,622,149,,113,,,,126,6572,309,,438,822,,164,,175,,,,110,,651,105,1577,525,,,,217,,127,,585,,526,,266,740,337,,1672,175,,318,,414,198,,124,925,,590,,126,,,,,,116,506,1264,370,,147,189,155,,425,,135,,179,,98,173,2450,174,,236,,249,,280,,,754,,1150,120,105,100,137,,161,,222,,7.85,,440,1450,714,,213,130,271,188,108,935,,,174,,,170,,990,,340,,,,1245,461,847,698,726,196,722,,,302,209,,122,,8.08,,,126,,70,652,,584,,378,,8.85,503,448,505,775,930,618,,,370,8.8,1011,,,1379,540,530,773,700,,,429,320,,134,,919,605,,408,,116,404,,,249,,147,165,9050,8300,100,120,,559,,112,392,140,,,306,204,,404,308,,619,589,8.8,,,,242,205,230,1261,795,,,,570,,120,,1011,113,535,,945,465,,1020,590,740,,,222,,,,1010,,,235,,677,1545,124,,695,,,809
2018-12-16,344,109,,191,516,,684,152,,114,,,,132,6445,325,,438,830,,166,,177,,,,114,,659,,1600,520,,,,218,,125,,605,,536,,272,755,344,,1750,177,,320,,418,198,,125,,,610,,127,112,,,,,,528,1265,385,,147,194,155,,450,250,137,,181,,,170,2590,175,,239,,251,,277,97,,829,,982,124,107,99,139,,162,,227,,,,458,1530,741,,216,130,277,191,108,990,,,,,821,170,,1089,,345,,148,,1315,463,853,703,749,200,764,,,310,216,,124,,,,,130,138,71,668,7.28,590,,383,,9,519,464,524,790,937,630,,,374,9,1051,,,1430,538,560,776,712,,,445,325,,137,,944,625,,419,,120,419,,,249,,155,165,9350,8983,99,122,,575,,107,405,142,,8.8,308,204,,408,317,,629,600,8.8,,245,,237,206,226,1274,830,,140,,588,,,,1030,114,555,,965,485,,1060,612,732,500,95,223,,,,1045,,152,256,,690,1556,123,,663,,,850
2018-12-17,355,111,,187,550,,747,160,,114,1764,,,138,6700,331,,440,830,,169,,181,,,,116,,660,103,1618,530,,8.74,,219,,132,,622,,540,,277,790,357,,1770,175,,320,180,441,199,,,961,8.65,633,,128,110,,,,,115,527,1290,412,,148,194,160,,465,,138,,181,,,170,2590,176,,242,,250,,273,,,910,,995,124,107,102,135,,163,,227,,,,490,1610,770,,218,74,288,193,,1020,,,170,,870,175,,1197,,346,220,,,1393,481,862,705,749,205,822,,,312,221,,124,,8.24,,,129,,72,671,7.15,591,,388,,9.1,540,496,550,828,937,646,,,375,9.18,1120,,,1475,,603,776,700,,,452,329,,134,,952,640,,422,,120,440,,,253,,168,167,9600,8700,100,,,588,,110,430,143,,8.68,307,,,405,320,195,629,580,9,,,,233,205,228,1315,865,,,,620,,,,1061,118,585,,1003,524,,1100,660,790,,94,226,,,,1090,,151,257,164,725,1615,123,,702,,,915
2018-12-18,344,107,,186,550,,759,152,,110,,,,134,,328,,432,829,,163,,177,,107,,116,,659,100,1610,582,,8.99,98,215,,126,,610,,536,,275,784,362,,1725,176,,316,,421,195,,,965,,610,,,110,100,,,,118,526,1330,395,,148,188,,,445,,135,,177,,97,167,2589,176,,237,,249,,272,96,,864,,970,126,103,100,135,,161,,223,,,150,474,1580,754,9.72,214,,288,190,,999,,,,,880,168,,1197,,340,220,,,1340,518,858,703,770,200,827,,,306,212,,122,,8.1,,,123,,70,665,,584,9.18,380,,9.27,525,500,523,790,953,648,,,378,8.83,1122,,12.25,1445,557,581,784,700,,,,324,,135,,942,610,,436,,118,426,,,248,,165,168,9220,8501,98,,,590,,104,414,137,,8.85,303,202,,404,315,,614,612,9,,245,,,204,220,1242,850,,,,598,,116,,1033,118,550,,990,505,,1060,670,869,,97,220,,,,1057,,150,257,,682,1642,125,,653,,,885
2018-12-19,343,108,,186,552,,751,154,,110,,,,137,,326,,438,815,,164,,175,,,,115,,654,101,1610,603,,,98,214,,127,,608,99,536,625,275,790,350,,1710,187,,316,180,414,199,120,,979,8.6,620,,,109,104,,,,116,490,1340,391,,146,187,160,,449,,133,,177,121,,170,2570,176,,239,,247,,299,94,,870,,914,124,102,101,138,,163,115,220,,,150,468,1551,752,,212,,279,184,,1000,,,,,846,167,,1140,,341,,144,,1315,,850,700,755,198,819,,,304,210,,,,,,,114,134,69,664,,588,9.36,380,,,520,495,535,795,955,626,,,380,8.9,1059,,10.21,1397,568,615,785,705,,,,324,,133,,946,607,,435,,116,426,,,249,,162,169,9300,8490,98,,,560,,108,404,142,,,303,198,,403,313,,606,603,,,249,,236,203,222,1280,850,,,,593,,120,,1039,122,531,,1029,515,,1045,661,861,,97,220,,,,1060,,,,,690,1613,125,,675,,,875
2018-12-20,349,109,102,188,557,,752,156,,110,1760,,,136,,328,,439,820,,163,,174,,109,,111,,663,100,1605,585,,9.05,99,214,,128,,601,,531,,,786,350,,1710,190,,318,,421,200,,123,1000,,623,,,110,102,,,,118,495,,389,,146,187,151,,450,,134,,178,,,169,2600,,,240,,248,,315,93,,870,,950,122,102,101,140,,163,,222,,,140,480,1578,737,,216,,275,183,,1020,,,173,,862,168,,1158,,343,,142,,1325,495,851,707,752,198,822,,,304,210,,123,,8.05,,,119,132,71,666,7.15,590,9.93,380,,,530,505,462,802,960,613,,,381,9.08,1099,,10.39,1405,579,600,784,708,,,,331,,134,,959,618,,437,,115,429,111,,247,,164,168,9250,8750,97,119,,539,,109,407,153,,8.75,303,,,402,314,,613,614,9.18,,245,,237,199,226,1265,860,,,,610,,116,,1034,124,534,,1000,517,,1030,648,867,,98,220,,,,1060,,152,245,,685,1647,123,,680,,91,886
2018-12-23,357,111,104,196,600,,755,160,,108,,,,142,6700,336,,394,827,,169,,179,,,,110,,671,100,1725,643,,,,220,,133,,638,,544,,277,835,377,,1769,203,,323,,445,207,120,123,1100,,685,,,109,102,,,,120,503,1314,415,,152,186,159,,495,,138,,184,,,176,2650,176,,225,,252,,318,93,,957,,1007,120,101,101,142,,179,,227,,,,528,1608,810,,214,,295,184,,1065,,,,,897,175,,1235,500,346,,,,1405,544,870,720,775,205,904,,,310,216,,,,8.01,,,123,133,71,677,7.2,598,10.13,392,,9.1,559,545,498,845,995,645,,,392,9,1208,,10.72,1470,601,618,795,734,,,459,340,,138,,1002,679,,472,,115,455,,,254,,166,168,9650,8835,99,118,,565,,106,433,153,,,315,209,,416,325,,625,660,9.19,,251,,245,209,231,1325,901,,138,,648,,123,,1065,118,570,,1020,555,,1081,680,914,,97,232,165,,,1106,,152,250,,747,1680,117,,714,,92,974
2018-12-24,357,111,102,187,605,,740,157,,106,1625,,,138,,332,,389,831,,164,,176,,111,,112,,673,102,1714,707,,9,98,218,,129,,630,,540,,280,820,366,,1782,190,,320,,440,206,,123,1210,,707,,,109,106,,,,132,506,1326,405,,167,188,157,,482,,139,,182,121,,173,,176,,223,,247,,313,90,,927,,980,117,101,100,140,,176,,224,,,,535,1585,799,,211,,292,182,108,1045,,,170,,900,173,,1202,,347,,132,,1430,555,868,715,762,200,887,,,306,213,,126,,,,,120,135,71,676,,597,,386,,9,565,553,489,856,1007,673,,,387,9,1285,,11,1500,,594,790,732,,,438,338,190,135,,992,680,,475,,113,447,117,,250,,165,166,9630,8952,100,122,,547,,105,430,145,,8.64,310,206,,412,299,,619,645,,10.8,266,,248,207,231,1301,900,,,,649,,120,,1061,116,560,,997,564,,1060,678,920,,96,230,,,,1108,728,154,242,162,733,1635,124,,700,,93,958
2018-12-25,353,111,101,190,600,,740,154,,104,,,,136,6566,331,,378,833,,166,,175,145,,,110,,671,105,1751,740,,9,98,220,,128,,625,100,540,,,817,360,,1765,188,,321,,430,207,,121,1215,,690,,,109,,,,,132,502,,406,,169,184,153,,482,,136,,178,,,,2699,172,120,218,,246,,313,,,920,,,118,100,100,140,,175,,224,,,138,528,1565,780,,210,,286,181,,1035,,,173,,,169,,988,,347,,145,,1425,540,862,710,760,201,838,,,305,214,,125,,8,,,120,133,70,681,7.2,600,10.32,381,,9.1,560,543,488,834,1005,664,,,336,9.1,1250,204,10.98,1499,,600,785,719,,,432,338,202,136,,985,675,,489,,110,447,118,,251,,165,169,9630,8850,100,,,540,,108,425,147,,8.83,308,201,,410,297,,621,651,9.1,,264,,247,204,227,1300,900,,135,,648,,,,1040,115,550,,970,559,,1060,,915,,95,227,,,,880,,152,242,163,740,1629,122,,674,,,942
2018-12-26,362,107,101,197,634,,748,157,,104,1787,,,140,6670,335,,382,855,,170,,180,,111,,110,,680,103,1926,770,,,99,225,,130,,660,102,548,,290,875,388,,1825,193,,328,,457,195,,121,1220,,745,,130,111,106,,,,132,516,1378,420,,172,195,156,,500,,140,,183,,99,179,2698,180,,222,,253,,318,90,,980,,990,118,99,102,142,,176,,229,,,136,564,1640,800,,215,,300,187,108,1040,,,174,,935,176,,1053,,355,,159,,1450,564,864,725,790,207,856,,,309,217,,125,,8.16,,,120,133,70,567,7.3,506,,395,,9.27,584,570,499,882,1100,725,,,343,9.15,1290,,,1575,651,625,792,739,,,456,344,,140,,1030,742,,518,,114,478,123,,255,152,168,173,9880,9300,104,120,,559,,106,435,151,,,316,205,,429,306,,623,690,9.27,,267,,250,211,234,1350,931,,139,,673,,120,,1090,117,569,,1026,599,,1095,665,944,,96,237,,,,908,,155,255,169,793,1749,124,,712,,92,988
2018-12-27,359,109,99,192,648,,731,157,,109,1752,,,137,6668,334,,375,859,,168,,177,,,,110,,680,107,2100,755,,,,221,,129,,660,99,550,,290,874,400,,1859,190,,324,,437,195,,123,1192,8.52,754,,132,111,104,,,,130,520,1461,424,,169,194,156,,490,,139,,180,,100,176,2593,174,,219,,250,,325,89,,969,,970,120,103,102,138,,174,,223,,7.7,132,565,1670,835,9.61,212,,294,185,108,1045,,,,,900,174,,1032,,360,,159,,1450,610,865,725,772,207,825,,,310,216,,125,106,8.32,,,122,135,69,571,,502,10.35,389,,,580,575,495,872,1155,730,,,337,9.16,1336,,11.15,1544,652,596,797,753,,,446,341,206,138,,1050,730,,527,,112,476,,,252,,170,178,9610,9300,102,117,,554,,110,438,145,,8.94,316,205,,427,302,,623,679,,10.08,267,,256,202,236,1325,945,,135,,666,,120,,1092,115,554,,1020,593,,1150,665,937,,94,224,,,,878,,159,245,170,795,1730,121,,693,,92,981
2018-12-30,351,107,99,187,632,,730,,,112,1717,,,135,6801,334,,377,858,,165,,174,,,,109,,680,105,2199,726,,,,221,,125,,660,99,548,,290,892,390,,1495,194,,281,,446,194,,121,1155,8.35,758,,,109,103,,,,132,514,1432,422,,170,187,156,,496,,138,,184,,102,174,2650,,,219,,248,,218,92,,933,,970,,100,101,140,,175,,225,,7.4,,559,1664,830,,209,,302,182,110,1050,,,158,,882,173,,1000,,352,,174,,1540,582,866,720,792,198,,,,310,214,130,127,105,8.44,,,126,133,70,568,,492,,387,,,578,563,487,862,1141,734,,,335,9.01,1173,,10.93,1514,650,586,743,756,,,445,340,206,136,,1049,719,,520,,112,477,,,251,,167,175,9802,9125,,115,,550,,104,410,143,,8.9,312,209,,425,300,,623,675,9.27,10,228,,256,206,234,1350,950,,135,,675,,121,111,1072,115,550,,1036,583,,1105,655,912,500,94,217,,,,870,,,244,,795,1730,123,,696,,91,947
2018-12-31,349,106,99,193,607,,720,151,,114,,,,135,6810,330,,380,848,,163,,172,,,,111,,685,105,2126,698,,9.18,100,219,,127,,644,98,540,,285,850,378,,1490,189,,277,,449,193,,,1132,,736,,,110,106,,,,133,479,1460,409,,169,184,154,,488,,135,,173,,106,172,,,,217,,248,,217,91,,918,,,122,101,100,137,,172,,225,,7.41,134,540,1650,799,9.91,206,,291,176,108,1044,,,,,,169,,980,,352,,171,,1260,544,860,715,785,194,809,,,307,212,,123,105,,,,122,131,69,560,7.44,491,,380,,9.15,575,547,480,845,1110,710,,,329,9.1,1116,,10.9,1484,635,567,734,741,,,437,339,,136,,1040,710,,490,,113,460,,,249,,155,168,9700,8800,100,,,542,,105,405,147,100,9.1,309,202,,421,295,,616,664,9.1,10.1,226,,252,204,229,1315,925,,134,,662,,117,,1064,116,546,,1006,572,,1083,660,905,,,215,,,,858,,153,241,,765,1740,122,,681,,90,930
